Age,Gender,Annual Income,Spending Score,Potensial
30,0,151,89,0
58,1,185,95,0
62,1,71,76,1
23,0,55,57,0
24,0,154,76,0
42,0,158,40,0
27,1,164,37,0
24,0,70,17,1
83,0,48,34,0
62,1,63,3,0
37,0,171,75,0
63,1,89,80,0
25,0,88,17,0
32,1,160,96,0
51,1,135,87,0
64,1,33,81,1
19,0,199,82,0
89,0,39,97,0
65,0,87,3,0
26,0,46,12,0
21,0,200,49,0
70,0,164,36,0
24,0,109,6,0
39,1,48,36,0
61,0,142,45,0
19,1,192,57,0
79,0,110,7,0
61,1,38,15,1
73,1,171,55,0
58,0,81,23,0
90,1,123,25,0
39,1,136,95,0
35,1,71,52,0
79,0,164,96,0
57,1,106,7,0
76,0,189,87,0
40,0,64,62,0
82,1,85,66,0
84,1,36,5,0
56,1,43,52,0
21,1,118,43,1
55,0,77,86,0
24,0,120,80,1
45,0,82,39,0
28,0,150,15,0
67,1,129,80,1
69,1,73,77,1
26,1,81,29,0
45,0,147,1,0
39,1,45,12,0
27,1,199,25,0
58,1,85,16,0
46,0,88,3,0
45,1,137,68,0
63,1,57,2,0
36,0,64,23,0
25,1,198,29,0
62,0,23,39,0
36,0,126,35,0
48,1,171,54,0
50,1,101,32,0
48,1,46,95,0
49,1,190,2,0
80,1,31,49,0
33,1,135,90,0
21,0,56,34,0
38,1,37,91,0
83,1,174,53,0
54,1,29,61,0
81,1,189,45,0
44,0,101,55,0
23,0,169,31,0
39,1,146,81,0
75,1,118,35,0
19,1,96,93,0
24,0,154,79,0
44,1,113,14,1
55,1,127,31,0
60,0,99,27,0
33,0,68,27,0
52,1,61,9,0
72,1,66,53,1
72,0,153,59,0
72,1,36,72,0
68,0,168,24,0
65,0,23,32,0
81,1,111,34,0
64,1,120,20,1
76,0,86,48,0
30,1,99,4,0
68,1,194,35,0
70,0,187,14,0
57,0,165,9,0
90,1,34,98,0
65,0,97,67,0
36,1,143,40,0
72,1,62,59,0
61,0,167,93,0
46,0,43,54,1
68,0,114,42,1
31,1,76,65,0
51,0,196,31,0
37,1,133,22,0
25,0,142,63,0
30,0,195,27,0
21,1,175,33,0
65,0,81,10,0
21,0,172,80,0
22,1,106,74,0
70,1,198,13,0
71,0,149,13,0
27,1,40,77,1
21,1,116,55,1
53,0,150,32,0
51,1,88,84,0
49,1,194,43,0
56,1,55,18,0
55,0,135,96,0
84,0,188,44,0
38,0,130,71,0
46,1,48,62,0
27,0,179,97,0
53,1,156,35,0
65,0,156,49,0
22,0,158,83,0
23,1,115,25,1
18,1,96,64,0
44,1,172,76,0
38,1,182,68,0
54,0,47,42,0
88,1,168,51,0
24,1,185,95,0
70,0,160,34,0
42,1,118,82,1
74,0,191,65,0
22,1,138,20,0
78,0,95,75,0
44,1,84,1,0
70,0,83,56,0
58,1,123,91,0
38,0,70,24,1
88,0,189,50,0
33,1,178,29,0
59,1,97,97,0
72,1,83,32,0
27,0,39,29,0
35,1,139,33,0
37,1,144,45,0
44,1,187,6,0
29,0,48,53,0
58,1,139,35,0
39,1,119,3,0
33,0,182,1,0
65,1,151,44,0
52,1,76,31,0
45,1,58,64,0
82,0,122,46,0
59,1,46,78,0
34,1,61,72,0
52,0,30,3,0
59,0,194,47,0
45,1,96,43,0
29,0,146,82,0
83,0,148,71,0
26,0,111,96,0
79,0,27,48,0
49,0,198,33,0
19,1,55,32,0
48,1,93,70,0
22,0,41,40,0
54,0,88,40,0
83,0,166,52,0
60,0,167,34,0
78,1,91,77,0
33,1,36,73,0
27,1,41,50,1
33,1,120,51,0
55,0,74,13,0
46,1,181,64,0
87,1,47,76,0
79,0,83,73,0
19,1,166,44,0
22,1,100,51,0
31,0,84,8,0
84,0,155,80,0
27,0,56,100,0
20,0,112,39,0
36,0,191,99,0
77,1,95,92,0
67,1,63,26,1
26,0,83,4,0
34,1,135,27,0
40,0,44,70,0
41,0,33,95,0
57,0,100,18,0
35,1,29,18,0
85,1,142,11,0
63,1,112,91,0
35,0,33,15,0
77,0,157,57,0
25,0,72,39,0
28,0,194,19,0
31,0,86,28,0
85,1,130,37,0
90,0,42,94,0
28,0,160,71,0
70,0,46,54,0
46,0,74,48,1
71,0,190,75,0
81,1,125,24,0
35,0,84,53,0
37,0,135,6,0
71,0,186,6,0
50,0,141,83,0
65,0,177,100,0
83,0,151,88,0
39,1,33,2,0
32,1,163,64,0
26,0,40,23,1
24,0,184,21,0
65,1,45,36,0
36,1,120,52,1
41,1,114,54,1
83,1,194,55,0
61,1,60,36,0
84,1,144,1,0
33,1,110,49,0
89,1,88,50,0
35,1,183,68,0
89,1,91,59,0
40,0,181,23,0
69,1,58,35,0
88,1,173,69,0
34,1,39,84,0
88,0,80,9,0
61,1,24,59,0
60,1,190,98,0
78,1,23,91,0
35,1,77,29,0
53,0,170,28,0
33,0,99,64,0
86,0,175,71,0
90,1,118,85,0
84,0,74,54,0
54,1,103,49,0
20,0,189,21,0
86,1,28,37,0
73,1,145,54,0
35,1,120,94,0
88,1,37,4,0
54,1,113,65,0
19,0,150,61,0
84,0,22,48,0
60,1,43,32,0
39,1,81,66,0
85,1,60,38,0
60,1,92,89,0
85,0,31,51,0
82,1,160,44,0
44,0,200,4,0
48,0,125,1,0
21,1,43,48,0
87,0,55,94,0
41,0,68,37,0
52,1,141,30,0
76,1,75,27,0
72,1,70,4,0
67,0,23,19,1
32,1,84,77,0
71,1,97,33,0
38,0,55,53,0
57,1,27,59,0
80,0,152,50,0
60,0,151,51,0
53,0,178,26,0
84,1,139,90,0
26,0,52,75,0
34,1,139,63,0
67,1,194,23,0
31,1,154,38,0
81,1,117,89,0
67,0,123,41,1
32,1,176,2,0
32,1,119,21,0
81,0,68,93,0
77,0,106,7,0
27,1,125,17,1
59,1,147,49,0
37,1,111,1,0
47,0,71,66,0
28,0,83,10,0
63,0,42,88,0
18,0,179,90,0
55,0,130,39,0
46,1,135,1,0
72,1,107,38,0
78,1,125,95,0
62,0,186,61,0
60,1,127,31,0
76,1,75,37,0
32,0,95,5,0
77,1,127,52,0
56,0,166,89,0
64,0,159,2,0
67,1,121,87,1
52,0,57,35,0
58,1,29,83,0
50,0,191,46,0
54,1,184,13,0
23,0,142,37,0
59,0,194,47,0
22,1,129,92,0
77,0,65,75,0
53,0,30,26,0
46,1,39,73,1
57,0,135,39,0
76,1,189,39,0
34,0,151,35,0
89,0,66,86,0
34,1,174,15,0
64,0,77,16,1
24,0,143,25,0
55,1,112,18,0
84,0,142,39,0
72,1,148,95,0
53,1,101,61,0
85,0,162,26,0
85,1,173,84,0
45,0,197,19,0
43,1,21,32,0
86,1,109,29,0
19,1,130,21,1
45,1,164,51,0
36,1,28,36,0
51,1,145,71,0
38,0,26,39,0
27,0,56,32,0
19,0,82,10,0
81,0,54,17,0
72,0,55,2,0
78,0,186,97,0
53,0,161,6,0
83,1,178,29,0
77,1,170,55,0
54,1,166,98,0
42,0,193,89,0
70,0,78,3,0
29,1,119,34,0
88,0,116,39,0
37,0,122,4,0
22,1,144,41,0
21,1,102,83,0
36,1,26,57,0
50,0,158,17,0
53,0,75,55,0
70,0,130,31,0
38,1,137,59,0
58,0,38,60,0
48,1,91,69,0
51,1,46,15,0
27,0,52,41,0
33,1,120,56,0
76,1,170,6,0
79,0,117,26,0
52,1,174,55,0
85,1,101,96,0
18,0,98,58,0
41,1,145,78,0
82,1,24,23,0
54,0,107,20,0
22,0,195,76,0
75,0,86,96,0
71,0,64,75,1
41,1,87,25,0
90,1,140,10,0
21,1,91,56,0
69,0,175,43,0
75,1,71,91,0
70,0,56,7,0
40,0,88,95,0
23,1,134,44,0
41,1,183,79,0
34,0,183,22,0
78,1,137,33,0
40,0,21,51,1
20,1,41,30,0
73,0,36,21,1
47,1,66,57,1
56,0,98,74,0
71,1,198,15,0
57,1,54,10,0
60,1,124,98,0
73,0,81,70,0
82,1,39,26,0
48,0,101,26,0
77,1,110,74,0
59,0,195,40,0
60,0,178,54,0
23,1,107,22,1
45,0,199,19,0
63,0,93,25,0
18,0,159,56,0
71,0,93,16,0
24,1,42,74,0
71,1,123,66,0
87,1,135,78,0
44,0,184,2,0
70,0,21,68,0
58,1,174,56,0
88,1,94,83,0
26,1,22,59,0
69,1,180,53,0
73,0,38,86,0
88,1,82,73,0
64,0,102,75,0
85,0,45,13,0
64,0,173,84,0
63,1,127,77,1
64,0,171,72,0
21,0,130,7,0
79,0,80,83,0
83,0,160,8,0
76,0,89,16,0
67,0,154,59,0
85,1,199,89,0
59,0,79,19,0
55,0,85,91,0
39,0,194,85,0
77,1,102,100,0
34,1,89,56,0
86,0,83,60,0
40,1,104,52,0
68,1,91,1,0
79,0,123,66,0
29,0,137,66,0
83,0,171,63,0
41,1,141,40,0
82,1,128,14,0
75,1,185,47,0
78,1,107,94,0
53,0,58,10,0
78,0,150,44,0
75,0,50,78,0
66,1,135,59,0
86,1,75,6,0
29,0,149,82,0
19,1,162,9,0
68,0,39,98,0
84,0,23,75,0
67,1,188,10,0
46,1,96,81,0
55,1,153,38,0
84,0,76,50,0
67,0,130,38,0
69,1,198,25,0
65,0,119,93,0
78,0,38,48,0
40,0,98,52,0
72,1,164,46,0
54,0,91,28,0
19,1,122,46,1
62,1,55,76,0
55,0,159,50,0
26,1,155,83,0
51,0,154,71,0
51,0,192,41,0
34,0,67,91,0
79,1,70,29,0
53,1,86,13,0
49,1,190,53,0
48,0,26,52,1
23,1,175,85,0
80,1,157,67,0
19,1,169,95,0
79,1,96,76,0
75,1,124,27,0
44,1,121,77,1
52,0,152,91,0
69,0,165,27,0
66,1,160,32,0
38,1,176,31,0
64,1,137,60,0
45,1,194,4,0
73,1,59,35,0
63,1,96,99,0
73,0,48,82,0
83,1,113,70,0
74,0,54,23,0
39,1,172,6,0
86,1,72,54,0
41,0,50,43,0
57,1,120,39,0
69,0,167,54,0
66,0,90,46,0
40,0,55,16,0
60,1,109,80,1
46,1,181,98,0
88,0,169,100,0
57,1,164,55,0
51,1,37,43,0
70,0,56,22,0
64,1,177,68,0
81,0,197,74,0
20,1,184,40,0
58,0,105,47,0
77,1,140,22,0
41,1,175,52,0
86,0,52,62,0
40,0,80,79,1
43,1,127,7,0
56,0,49,47,0
74,1,41,75,0
82,0,135,63,0
25,1,136,44,0
52,0,23,1,0
36,0,186,31,0
58,0,125,30,0
83,1,26,74,0
49,1,123,79,1
79,1,123,7,0
36,1,134,93,0
56,0,50,52,0
74,0,109,75,0
29,1,80,38,0
48,0,71,79,1
61,0,174,57,0
42,0,124,64,0
20,0,190,69,0
34,0,100,59,0
33,0,55,96,0
38,0,156,41,0
51,0,60,59,0
22,0,145,53,0
67,0,65,99,0
84,1,89,51,0
26,1,155,57,0
69,0,160,40,0
19,0,45,53,0
56,1,160,12,0
41,0,144,21,0
22,1,132,14,0
69,0,20,39,0
57,1,78,5,0
24,0,199,65,0
31,0,93,2,0
25,0,171,70,0
55,0,84,34,0
54,0,172,23,0
39,0,60,27,0
31,0,145,81,0
72,0,196,11,0
87,1,27,33,0
71,0,169,99,0
69,1,94,12,0
37,1,55,27,0
47,1,114,15,1
52,0,188,59,0
49,1,100,63,0
74,0,185,29,0
34,0,161,50,0
72,0,74,65,0
36,1,139,65,0
28,0,145,88,0
90,1,115,2,0
47,0,87,24,0
86,0,61,7,0
73,1,125,15,0
55,1,84,85,0
67,0,61,59,0
78,0,20,44,0
64,0,109,63,0
43,1,133,36,0
83,1,104,1,0
34,0,125,85,0
77,1,32,63,0
59,0,111,52,0
72,1,39,31,0
57,0,64,57,0
71,0,194,63,0
31,0,31,48,0
81,1,73,24,0
82,0,117,58,0
41,0,114,14,1
58,1,127,34,0
72,1,161,97,0
80,0,96,47,0
23,1,74,98,0
83,1,164,18,0
35,1,196,71,0
67,0,122,19,1
29,1,98,38,0
66,1,140,44,0
33,1,183,84,0
87,0,140,44,0
72,1,39,87,0
61,0,195,66,0
63,0,171,73,0
69,1,78,41,0
31,0,153,58,0
27,1,131,99,0
22,0,76,13,1
38,1,184,71,0
83,1,31,58,0
50,0,91,27,0
38,1,66,61,0
75,0,129,21,0
70,1,91,11,0
85,1,153,31,0
87,1,153,70,0
57,0,32,43,0
36,1,97,80,0
54,0,175,37,0
43,1,57,81,1
87,1,25,70,0
39,1,47,26,0
74,0,134,26,0
45,1,72,21,1
26,1,159,77,0
44,0,163,79,0
21,0,145,36,0
31,1,144,81,0
82,0,110,16,0
22,0,100,28,0
53,0,72,100,0
69,0,193,71,0
30,1,196,9,0
64,1,184,18,0
82,1,195,74,0
57,1,167,32,0
22,1,140,51,0
56,0,98,53,0
90,1,199,11,0
34,1,58,62,0
41,0,95,78,0
21,1,146,85,0
21,0,64,88,0
47,0,40,10,0
87,0,143,72,0
86,0,183,24,0
71,1,74,26,1
20,0,150,99,0
33,0,140,8,0
64,0,196,83,0
84,0,197,86,0
66,0,153,46,0
21,1,66,71,0
71,1,69,7,0
48,0,34,72,1
69,1,140,31,0
42,1,50,98,0
62,0,181,48,0
50,1,76,44,1
82,0,168,92,0
84,0,90,96,0
34,1,68,9,0
54,1,39,91,0
37,1,63,78,1
90,0,133,62,0
39,0,190,50,0
87,1,132,6,0
39,0,119,38,0
80,1,49,31,0
68,1,141,51,0
66,1,113,73,1
85,0,129,61,0
37,0,196,55,0
53,1,127,8,0
57,0,104,14,0
89,0,62,22,0
63,0,89,26,0
37,1,180,88,0
58,0,167,29,0
62,1,151,36,0
81,1,103,6,0
89,1,134,2,0
19,0,144,36,0
39,0,195,46,0
42,1,192,89,0
58,0,100,11,0
72,0,97,89,0
24,0,180,17,0
90,1,39,64,0
25,1,143,45,0
84,0,95,78,0
52,1,25,41,0
66,1,67,81,1
55,0,181,58,0
30,1,98,99,0
79,0,152,95,0
75,0,87,9,0
28,1,71,59,1
88,0,39,67,0
42,1,40,53,1
48,0,71,1,0
64,0,146,16,0
44,1,34,57,1
39,0,34,11,0
32,1,46,4,0
80,1,137,85,0
34,1,47,2,0
70,0,180,41,0
83,0,181,80,0
31,1,197,72,0
18,0,132,87,0
86,0,68,32,0
82,0,100,77,0
86,0,97,35,0
34,1,52,82,0
46,1,129,22,1
54,1,113,97,0
85,1,49,15,0
49,0,88,96,0
73,1,190,63,0
60,1,174,20,0
62,0,154,17,0
21,0,33,93,0
65,0,163,64,0
83,0,75,82,0
42,1,28,7,0
90,0,163,4,0
78,1,46,72,0
61,1,159,70,0
64,1,166,55,0
18,0,154,30,0
35,1,77,71,0
18,1,33,2,0
83,1,119,21,0
58,0,31,37,0
20,1,46,88,0
78,0,160,80,0
71,0,129,61,0
54,0,112,44,0
29,1,86,9,0
48,1,162,67,0
36,1,130,72,0
54,1,185,38,0
67,0,114,5,0
19,0,121,56,1
35,0,182,42,0
27,0,60,34,0
18,0,123,85,1
63,0,114,99,0
71,1,148,83,0
29,0,30,79,1
47,1,131,49,1
89,0,176,34,0
66,0,49,54,0
46,1,187,81,0
89,0,66,49,0
34,1,30,78,0
43,1,86,81,0
64,1,82,73,0
71,0,154,32,0
42,1,90,47,0
33,1,170,3,0
24,0,150,24,0
85,0,75,14,0
26,1,58,78,1
65,1,183,82,0
86,1,197,62,0
69,1,65,84,1
23,0,95,66,0
35,0,94,74,0
45,1,195,22,0
70,1,161,45,0
62,1,151,74,0
57,1,87,99,0
52,1,197,64,0
50,0,165,73,0
35,1,87,74,0
67,1,143,12,0
20,1,57,66,0
23,1,36,26,1
68,1,130,70,0
31,0,166,39,0
40,1,97,51,0
74,0,161,5,0
34,1,56,9,0
41,1,159,18,0
66,1,181,79,0
32,1,24,19,0
85,0,103,34,0
42,1,50,13,0
90,0,154,36,0
71,1,95,36,0
84,1,33,68,0
87,0,144,83,0
76,1,99,84,0
52,1,49,100,0
23,1,84,17,0
80,1,81,8,0
84,1,72,89,0
55,1,135,12,0
79,0,94,33,0
70,0,198,85,0
53,1,146,68,0
31,0,178,20,0
64,0,171,24,0
58,0,166,39,0
48,0,55,99,0
65,1,112,58,1
62,0,75,94,0
20,0,57,4,0
33,1,99,82,0
46,0,115,75,1
41,1,199,9,0
68,0,140,60,0
49,1,65,3,0
86,1,155,87,0
70,1,135,60,0
55,0,169,82,0
64,1,49,70,0
88,0,60,53,0
39,1,111,85,0
58,1,116,38,0
49,0,195,99,0
20,1,188,13,0
31,1,41,100,0
46,1,172,78,0
88,0,122,65,0
25,1,127,83,1
87,1,179,27,0
78,0,133,19,0
50,1,57,72,0
55,1,190,97,0
85,1,134,1,0
41,0,93,8,0
31,0,153,44,0
43,0,145,17,0
83,0,133,7,0
69,1,169,10,0
45,1,72,45,1
36,0,135,100,0
80,0,191,21,0
59,1,169,89,0
34,0,179,93,0
23,0,188,53,0
19,1,106,47,0
61,0,119,78,1
86,0,100,41,0
21,1,179,16,0
80,1,102,81,0
83,1,39,21,0
32,0,63,17,0
36,1,66,37,0
67,0,111,22,1
76,0,93,65,0
47,0,185,68,0
37,1,69,48,1
69,1,132,34,0
64,1,144,85,0
24,1,131,92,0
66,1,34,7,0
42,0,171,75,0
72,0,188,3,0
51,0,157,29,0
47,0,106,82,0
20,1,72,32,0
42,1,99,51,0
46,0,68,72,1
82,0,139,41,0
27,1,167,65,0
28,1,31,4,0
73,1,118,23,1
67,0,27,71,1
44,1,162,35,0
55,0,125,58,0
59,1,188,33,0
36,1,154,63,0
51,0,178,34,0
72,1,90,43,0
49,1,82,85,0
60,1,68,12,1
77,0,56,76,0
74,0,22,98,0
65,1,180,67,0
37,0,115,67,0
40,1,179,65,0
62,1,122,41,1
57,1,41,23,0
20,1,168,19,0
32,0,122,40,0
60,1,36,58,0
87,0,105,94,0
26,1,38,31,0
44,0,174,91,0
26,0,187,42,0
80,1,74,40,0
63,1,150,13,0
71,0,115,77,1
63,1,78,34,0
28,0,80,38,0
55,0,53,29,0
87,0,56,84,0
36,1,40,49,0
19,0,154,6,0
52,0,117,29,0
38,0,77,80,1
24,1,159,79,0
72,1,120,81,1
63,0,102,19,0
37,1,175,73,0
38,0,191,38,0
71,0,84,27,0
39,0,163,89,0
80,0,33,63,0
80,0,81,75,0
51,1,184,18,0
33,1,164,37,0
87,0,75,83,0
50,0,68,79,1
83,0,72,10,0
71,0,109,31,0
19,0,59,23,0
85,1,126,72,0
62,1,32,1,0
89,0,178,62,0
90,0,85,83,0
90,0,140,79,0
57,1,38,4,0
40,1,20,23,1
47,0,162,86,0
36,1,200,38,0
79,1,109,26,0
71,0,153,11,0
26,0,142,84,0
28,0,76,96,0
90,1,141,45,0
36,0,162,9,0
55,1,191,22,0
40,1,44,17,0
67,0,48,34,0
45,1,95,7,0
83,1,126,12,0
66,0,55,98,0
59,1,63,79,0
67,0,170,51,0
41,0,80,57,0
81,1,162,50,0
80,0,80,35,0
39,0,169,91,0
75,1,97,78,0
71,0,47,27,0
90,1,48,87,0
83,0,123,97,0
44,1,56,98,0
78,0,120,34,0
66,0,46,1,0
41,0,162,7,0
64,1,190,84,0
46,0,108,5,0
44,1,40,47,1
27,0,42,53,1
53,1,137,21,0
46,0,63,15,1
59,0,135,49,0
29,1,35,26,1
69,1,162,45,0
83,0,152,78,0
32,0,36,27,0
75,0,65,50,0
36,0,141,9,0
69,1,44,31,0
28,1,136,63,0
31,0,161,11,0
35,0,131,27,0
41,0,59,74,0
66,0,121,27,1
89,1,163,75,0
47,1,77,63,0
43,0,59,57,0
49,0,93,73,0
25,0,113,1,0
24,1,52,31,0
37,0,157,7,0
75,1,111,73,0
58,0,50,81,0
74,1,78,81,0
51,1,33,58,0
68,0,46,20,0
58,1,148,51,0
76,0,103,27,0
39,0,166,34,0
86,0,120,94,0
86,1,193,27,0
82,1,48,25,0
74,0,28,51,1
33,0,65,45,0
43,0,76,71,0
30,0,28,79,0
36,1,145,65,0
63,1,117,17,1
22,0,53,82,0
44,1,100,13,0
60,1,176,7,0
41,0,188,18,0
88,0,127,84,0
73,1,178,75,0
84,0,37,35,0
76,1,125,9,0
28,1,127,34,0
54,0,172,85,0
45,0,49,79,0
56,1,86,91,0
64,0,131,65,0
18,1,88,82,0
45,0,169,37,0
69,1,112,59,0
77,0,57,78,0
32,0,147,21,0
41,1,119,25,1
79,0,102,50,0
83,1,62,1,0
53,1,79,4,0
69,1,30,11,0
61,0,136,89,0
79,0,105,48,0
78,0,136,86,0
85,1,63,7,0
65,1,188,28,0
39,0,197,78,0
33,0,139,7,0
55,1,130,76,0
59,1,25,76,0
41,0,192,68,0
79,1,100,18,0
63,0,135,66,0
46,0,134,94,0
78,1,186,60,0
69,1,157,88,0
82,1,137,41,0
31,0,124,60,0
90,0,192,59,0
48,1,45,84,0
83,1,151,71,0
57,1,74,51,0
43,0,177,14,0
65,0,130,37,0
36,0,46,2,0
36,0,109,70,0
20,1,148,90,0
21,1,83,96,0
56,0,180,2,0
38,1,100,99,0
70,0,142,82,0
49,0,136,98,0
82,0,94,88,0
21,0,121,37,0
20,0,149,1,0
41,0,160,90,0
77,0,59,78,0
30,1,77,97,0
27,0,56,32,0
60,0,130,98,0
80,0,94,45,0
44,1,157,77,0
47,0,161,77,0
37,0,143,3,0
39,0,83,77,0
69,0,82,69,0
41,1,74,74,1
61,0,32,51,1
21,1,44,41,0
77,1,129,13,0
21,1,142,59,0
45,1,98,33,0
90,0,30,81,0
81,1,110,38,0
64,0,189,31,0
66,1,119,14,1
75,0,130,64,0
77,0,96,61,0
77,0,192,22,0
30,1,33,57,0
69,1,83,95,0
29,1,192,88,0
59,0,143,51,0
72,0,46,74,0
27,0,122,24,1
80,1,24,1,0
50,0,110,78,1
25,1,200,37,0
33,0,82,53,0
20,1,61,16,1
19,0,37,59,0
79,0,190,81,0
41,0,40,87,0
78,1,99,19,0
61,0,193,39,0
31,0,170,86,0
48,0,86,29,0
48,0,31,47,1
38,1,85,61,0
43,1,92,25,0
61,0,171,29,0
28,0,123,98,0
64,0,32,29,1
70,1,154,31,0
76,0,58,28,0
52,0,26,90,0
44,0,182,32,0
83,1,186,72,0
51,1,182,45,0
87,1,48,46,0
75,1,31,95,0
46,0,98,84,0
22,1,81,81,1
24,0,155,64,0
47,0,88,17,0
59,0,72,51,0
46,0,84,64,0
44,1,28,95,0
81,1,118,39,0
58,0,57,13,0
66,1,26,74,1
66,0,37,59,0
59,1,73,59,0
28,1,89,64,0
50,0,49,28,0
81,0,95,41,0
27,1,178,46,0
63,0,80,97,0
56,1,172,59,0
30,1,187,23,0
38,0,150,77,0
61,1,62,90,0
42,0,51,76,0
23,1,191,89,0
18,1,170,50,0
23,0,42,56,0
90,1,154,94,0
41,1,161,23,0
64,0,181,82,0
46,1,31,97,0
60,1,101,54,0
74,0,199,31,0
35,0,112,99,0
79,0,168,52,0
84,1,142,10,0
89,1,141,12,0
86,0,119,28,0
72,1,47,56,0
85,1,109,2,0
81,1,122,56,0
38,1,194,66,0
33,1,167,88,0
73,1,55,27,0
37,0,186,5,0
18,1,97,48,0
48,1,98,35,0
58,0,154,32,0
32,1,111,32,0
51,1,34,3,0
86,0,115,51,0
60,1,184,34,0
62,1,24,7,0
90,1,153,81,0
45,1,48,54,0
29,1,187,16,0
51,0,188,4,0
71,0,144,38,0
70,1,125,46,1
89,0,60,13,0
77,0,198,6,0
56,1,159,6,0
78,0,83,22,0
88,1,78,18,0
64,0,49,56,0
41,1,87,71,0
28,1,21,20,1
19,0,113,97,0
50,1,173,59,0
22,1,92,49,0
26,0,58,80,1
63,1,142,28,0
77,1,156,47,0
60,0,138,99,0
65,0,119,97,0
79,1,62,55,0
40,0,41,7,0
47,0,128,87,1
45,0,91,59,0
21,0,125,19,1
55,0,194,56,0
56,1,73,89,0
39,0,56,44,0
50,0,49,74,0
36,1,131,4,0
87,1,182,14,0
70,0,52,94,0
38,0,93,96,0
85,0,50,56,0
85,1,101,65,0
55,0,184,47,0
75,1,143,45,0
45,1,21,8,0
52,0,44,4,0
32,0,115,87,0
65,0,164,78,0
63,1,121,9,0
22,0,187,6,0
65,1,40,52,1
62,1,97,5,0
79,0,83,13,0
23,0,37,97,0
34,1,149,11,0
29,1,170,5,0
22,0,67,13,1
84,0,87,34,0
20,0,74,96,0
51,1,29,9,0
40,0,173,68,0
88,0,118,46,0
51,0,69,21,1
54,1,21,7,0
46,0,69,20,1
26,1,59,94,0
54,1,24,53,0
55,0,172,98,0
84,0,165,76,0
18,0,34,13,0
41,0,119,36,0
56,0,124,54,0
78,1,46,59,0
70,1,68,3,0
82,0,63,19,0
89,1,35,13,0
42,0,90,57,0
23,0,159,70,0
33,0,140,75,0
60,0,173,79,0
80,0,131,52,0
20,0,44,86,0
44,0,130,5,0
45,1,104,47,0
50,0,75,29,0
20,0,196,98,0
22,1,53,85,0
54,0,180,41,0
64,0,123,28,1
51,0,71,76,1
59,0,152,21,0
72,0,190,59,0
79,1,141,59,0
84,1,80,25,0
69,1,184,37,0
39,1,168,17,0
63,1,39,54,1
70,1,90,25,0
43,0,36,39,0
49,1,103,32,0
74,0,137,14,0
83,0,198,38,0
37,0,184,28,0
64,0,87,27,0
45,0,61,29,0
31,0,198,34,0
20,1,149,82,0
72,1,174,13,0
30,0,46,91,0
29,0,41,20,1
57,0,151,72,0
62,1,47,46,0
39,1,144,78,0
69,0,69,65,0
89,0,96,54,0
65,1,107,59,0
47,1,149,10,0
37,1,144,96,0
82,1,193,39,0
44,1,32,51,1
76,0,24,38,0
42,1,32,33,0
19,0,85,83,0
57,0,112,71,0
56,0,137,59,0
60,1,56,28,0
90,0,40,35,0
76,1,100,30,0
30,0,50,15,0
71,1,154,91,0
25,0,121,50,1
74,1,129,63,0
41,1,173,73,0
87,0,148,71,0
19,1,175,66,0
35,1,74,55,0
78,1,56,26,0
70,0,30,65,0
37,0,109,11,0
82,1,29,91,0
80,1,80,57,0
80,1,41,17,0
73,0,65,2,0
39,0,58,85,0
35,1,149,2,0
72,0,80,35,0
51,0,65,89,0
79,1,20,82,0
78,1,60,74,0
70,1,26,20,1
62,1,124,41,0
72,0,21,51,1
33,1,57,39,0
77,0,165,73,0
69,0,153,11,0
21,0,29,23,1
27,0,182,9,0
31,1,98,41,0
39,1,117,74,1
28,1,124,60,0
88,1,122,14,0
33,0,119,57,0
82,0,157,49,0
80,1,188,20,0
89,0,68,18,0
65,0,94,27,0
82,0,69,54,0
18,1,145,33,0
81,1,36,89,0
53,0,39,42,0
23,1,92,38,0
52,0,69,16,1
90,0,180,65,0
71,0,153,1,0
57,1,71,42,0
67,1,185,68,0
78,1,120,93,0
29,0,45,65,0
78,1,147,6,0
21,0,87,87,0
20,0,46,67,0
45,1,65,95,0
57,0,80,54,0
89,0,113,80,0
32,0,90,71,0
81,1,23,10,0
63,0,78,9,0
60,0,32,98,0
88,0,94,40,0
54,0,46,39,0
87,0,56,20,0
32,0,58,85,0
24,1,64,5,0
47,0,50,52,0
56,1,88,83,0
55,1,88,50,0
88,1,70,93,0
75,0,147,24,0
54,1,86,94,0
67,1,104,53,0
80,0,198,28,0
34,1,104,65,0
85,0,134,46,0
34,0,82,48,0
45,1,195,23,0
90,1,147,33,0
20,1,124,27,1
41,1,84,98,0
39,1,102,11,0
76,0,182,22,0
21,0,37,9,0
49,0,198,84,0
71,0,134,70,0
56,1,166,76,0
44,0,23,44,1
50,0,193,63,0
27,1,105,81,0
50,0,155,93,0
41,0,154,92,0
40,0,50,77,0
63,0,66,14,1
23,0,198,70,0
76,0,147,98,0
79,0,85,20,0
50,0,181,59,0
37,0,121,82,1
27,1,165,32,0
53,1,66,5,0
27,0,63,51,1
82,0,71,38,0
57,1,173,64,0
44,0,129,16,1
50,1,80,47,1
86,1,51,67,0
89,1,131,23,0
25,0,86,84,0
31,0,31,64,0
70,0,109,5,0
62,1,97,27,0
80,0,37,31,0
43,0,190,58,0
56,1,171,37,0
40,0,137,78,0
70,0,122,87,1
65,0,176,60,0
75,0,23,90,0
81,0,196,59,0
47,0,38,99,0
86,0,109,60,0
52,1,38,77,1
26,1,45,9,0
39,1,98,43,0
36,1,32,73,0
70,1,121,3,0
51,0,110,74,0
65,0,32,69,0
23,1,185,68,0
55,1,42,50,0
84,1,115,54,0
70,1,28,46,1
78,1,57,69,0
42,0,181,46,0
62,1,43,79,1
48,1,26,53,1
80,1,104,37,0
20,1,82,29,0
37,1,171,84,0
45,1,134,32,0
83,0,101,91,0
66,1,99,54,0
88,1,35,25,0
80,1,100,7,0
52,0,25,48,1
38,1,31,51,1
68,0,97,46,0
88,1,167,53,0
62,0,154,15,0
43,1,70,2,0
31,0,59,8,0
63,0,74,10,0
48,1,182,39,0
32,1,140,97,0
67,1,185,41,0
25,0,179,93,0
75,0,82,1,0
62,0,124,53,1
90,0,175,36,0
31,1,192,38,0
66,0,89,53,0
45,1,24,66,0
46,0,195,98,0
32,0,101,41,0
48,1,183,59,0
62,0,100,60,0
19,0,94,91,0
85,0,188,38,0
47,1,60,18,1
29,1,199,49,0
75,1,152,78,0
70,0,36,23,1
85,1,66,48,0
34,1,183,73,0
73,0,175,44,0
71,1,69,43,1
62,1,155,55,0
64,0,94,8,0
44,0,123,89,1
35,0,59,48,0
46,1,166,57,0
89,0,125,36,0
86,0,41,35,0
87,0,69,17,0
55,0,114,52,0
65,1,54,98,0
57,0,74,41,0
49,1,97,49,0
80,0,103,63,0
81,0,175,47,0
76,1,178,51,0
56,1,145,51,0
78,0,102,38,0
50,0,24,57,1
82,0,39,11,0
74,1,29,67,0
43,0,187,76,0
68,1,90,14,0
26,0,162,61,0
61,0,41,77,1
18,1,169,70,0
21,1,21,37,0
87,0,109,53,0
65,0,46,15,0
76,1,200,59,0
88,1,89,33,0
27,0,169,64,0
34,1,46,9,0
59,0,137,23,0
33,0,159,82,0
40,1,27,49,1
48,1,30,55,1
61,1,174,98,0
64,0,55,5,0
86,0,100,35,0
76,1,174,27,0
55,1,50,89,0
32,1,138,21,0
54,1,42,57,0
29,1,28,61,0
36,1,69,50,1
88,0,85,30,0
75,0,135,35,0
61,0,35,77,1
44,0,53,89,0
86,0,145,25,0
32,0,36,6,0
31,1,105,84,0
89,1,96,94,0
26,0,194,42,0
76,1,76,25,0
90,0,190,1,0
74,1,36,59,0
65,0,187,51,0
84,1,85,71,0
81,0,146,90,0
55,1,155,46,0
43,1,73,15,1
26,1,32,52,1
69,1,152,75,0
53,1,31,49,1
83,0,151,50,0
77,0,136,64,0
37,0,162,92,0
82,1,110,83,0
31,0,119,79,0
53,0,182,22,0
58,0,122,41,0
24,0,172,23,0
75,0,128,93,0
85,0,116,70,0
40,0,123,73,1
61,1,29,82,1
83,0,25,24,0
49,1,104,69,0
49,1,74,47,1
39,1,87,39,0
42,0,149,40,0
60,0,108,8,0
26,1,111,91,0
61,0,36,12,0
20,0,37,99,0
28,0,52,68,0
66,1,64,65,0
41,1,42,66,0
24,0,199,100,0
57,1,97,64,0
21,0,62,81,1
69,1,84,91,0
58,1,99,34,0
66,0,54,11,0
83,0,148,39,0
38,1,148,87,0
74,0,180,5,0
23,0,24,89,0
51,0,184,78,0
20,0,156,55,0
73,0,176,68,0
63,0,178,70,0
66,0,122,79,1
71,1,78,84,1
25,1,24,67,0
59,1,72,12,0
53,1,55,20,0
53,0,68,87,0
41,0,21,74,1
28,0,121,76,1
37,1,139,94,0
48,0,65,30,0
84,0,79,89,0
49,1,174,92,0
74,0,88,49,0
67,0,63,25,1
84,0,192,29,0
68,0,116,31,0
33,0,200,89,0
59,0,136,91,0
22,0,28,21,1
31,1,98,26,0
62,1,75,55,1
70,1,30,29,0
33,0,186,41,0
60,0,140,35,0
28,0,164,96,0
53,1,110,60,0
66,0,143,76,0
28,1,75,53,1
52,0,155,13,0
58,1,155,96,0
36,0,35,78,0
55,0,197,30,0
29,0,120,1,0
26,1,190,89,0
38,0,102,37,0
76,1,23,81,0
52,1,58,52,0
86,1,163,62,0
35,0,39,96,0
18,0,167,51,0
65,1,140,41,0
69,1,184,34,0
83,1,63,29,0
55,0,91,70,0
30,0,34,78,0
44,0,121,55,1
76,0,126,93,0
56,0,108,97,0
70,0,162,36,0
32,1,25,58,0
63,1,72,36,0
76,1,53,71,0
19,0,51,21,0
68,1,125,7,0
87,1,101,50,0
81,0,90,36,0
79,0,170,8,0
89,1,145,56,0
76,1,48,98,0
27,0,160,44,0
50,1,108,1,0
29,0,75,15,1
61,1,124,6,0
34,0,82,85,0
37,1,133,91,0
36,0,84,29,0
48,1,156,43,0
44,0,71,65,0
26,0,196,6,0
76,0,110,86,0
68,0,194,87,0
75,0,30,43,0
50,1,176,26,0
32,0,42,4,0
69,1,176,22,0
25,0,104,49,0
33,1,37,15,0
32,0,176,22,0
79,0,79,92,0
75,0,36,39,0
57,1,23,24,0
27,1,89,87,0
52,1,187,47,0
27,1,60,38,0
75,1,142,88,0
79,1,63,43,0
64,1,31,44,1
24,1,98,19,0
81,1,149,23,0
28,1,106,28,0
31,0,21,17,0
46,0,41,16,1
46,1,78,88,1
49,1,56,73,0
77,1,23,28,0
72,1,106,7,0
48,1,99,29,0
33,0,57,80,0
72,1,145,10,0
84,0,38,10,0
32,0,91,6,0
30,0,188,67,0
68,1,21,77,1
71,1,197,15,0
72,0,100,78,0
83,1,80,77,0
30,1,72,16,0
38,0,193,71,0
40,1,68,21,1
28,1,182,13,0
28,1,71,33,0
51,0,164,63,0
40,1,125,63,0
53,1,174,37,0
79,1,121,23,0
85,0,59,28,0
89,1,91,13,0
89,0,174,34,0
29,0,66,18,1
85,1,108,50,0
34,0,135,47,0
75,1,161,52,0
56,1,30,72,0
56,0,135,73,0
38,0,137,49,0
87,1,126,11,0
37,0,193,74,0
52,1,62,8,0
21,1,117,22,1
64,1,87,73,0
34,1,49,30,0
42,0,27,80,1
41,0,46,96,0
59,1,124,54,0
37,1,47,84,0
73,1,129,10,0
34,1,198,73,0
24,0,43,90,0
55,0,112,53,0
69,0,189,51,0
34,0,50,34,0
43,0,187,8,0
45,0,71,12,1
26,0,169,77,0
50,1,101,58,0
62,0,22,17,1
39,0,43,21,0
25,0,136,18,0
81,1,43,8,0
34,0,48,93,0
60,0,143,93,0
75,0,108,67,0
66,0,39,35,0
89,1,22,87,0
20,1,196,64,0
35,1,77,89,0
70,1,69,77,1
37,0,160,76,0
65,0,186,4,0
57,1,138,51,0
86,0,152,42,0
65,1,127,4,0
31,1,167,21,0
84,0,170,47,0
74,1,135,13,0
41,0,178,18,0
84,1,139,19,0
82,1,135,74,0
60,0,21,100,0
72,0,151,8,0
65,1,57,75,0
30,1,54,9,0
87,0,190,23,0
25,0,81,2,0
80,0,64,38,0
88,0,29,84,0
76,1,179,4,0
73,1,99,19,0
79,0,40,15,0
71,0,180,57,0
54,1,188,70,0
61,0,23,55,1
83,1,123,79,0
43,0,123,22,1
82,0,166,81,0
37,0,169,52,0
28,1,159,40,0
35,1,153,61,0
65,0,104,35,0
58,1,24,45,0
85,1,98,11,0
27,0,156,3,0
77,1,138,64,0
67,1,112,15,1
90,0,100,56,0
36,1,159,92,0
64,0,69,88,1
53,1,88,3,0
68,1,110,43,0
53,0,196,26,0
58,1,38,11,0
72,0,21,82,1
32,0,89,88,0
38,0,87,97,0
81,1,197,87,0
43,0,173,76,0
86,0,39,25,0
52,0,102,40,0
51,0,78,43,0
27,1,72,66,0
69,0,146,95,0
31,0,175,79,0
34,0,88,13,0
48,0,172,8,0
52,1,29,41,0
42,0,142,33,0
84,0,36,66,0
24,0,98,40,0
36,1,153,19,0
40,0,67,16,1
34,1,55,20,0
29,0,44,1,0
36,0,27,34,0
64,1,72,97,0
61,1,106,60,0
88,1,131,84,0
48,0,33,29,1
73,0,163,70,0
32,0,64,81,0
76,0,99,73,0
42,0,35,66,0
40,0,53,42,0
80,0,166,49,0
18,0,113,21,1
63,1,138,5,0
78,0,141,67,0
90,1,182,52,0
33,1,22,5,0
81,0,181,46,0
26,0,178,27,0
29,1,90,4,0
19,0,41,23,0
36,1,169,94,0
46,0,42,10,0
76,1,91,4,0
63,0,122,73,1
28,1,90,94,0
23,1,171,19,0
56,1,157,20,0
84,0,135,17,0
50,1,92,47,0
36,0,198,37,0
19,0,88,85,0
89,0,99,67,0
57,0,41,80,0
40,1,35,40,0
90,1,109,92,0
29,1,50,9,0
20,1,51,7,0
59,0,145,19,0
79,1,154,86,0
67,0,159,14,0
22,0,20,34,0
68,1,99,89,0
54,1,126,89,0
31,1,35,46,0
23,0,154,20,0
30,1,45,10,0
22,1,144,100,0
67,1,68,53,1
83,0,106,43,0
59,1,89,28,0
35,1,173,41,0
62,1,112,38,0
64,0,74,91,0
64,1,168,46,0
40,1,193,39,0
33,0,114,89,0
63,1,127,20,1
41,0,23,9,0
18,1,22,55,0
51,1,191,97,0
74,1,153,39,0
50,1,187,72,0
56,0,152,8,0
66,0,151,42,0
19,1,191,95,0
88,0,171,83,0
59,1,82,14,0
78,0,52,84,0
52,1,131,21,0
33,1,127,83,0
66,1,86,88,0
76,1,95,45,0
63,0,26,58,1
28,0,107,66,0
61,0,199,3,0
83,0,53,4,0
53,1,50,46,0
75,1,32,23,0
48,1,107,15,0
73,1,146,59,0
79,0,133,71,0
44,0,150,87,0
78,1,105,70,0
29,1,31,69,0
26,1,140,35,0
30,1,94,48,0
76,1,93,48,0
76,1,114,66,0
59,0,56,96,0
62,1,80,74,1
52,1,165,15,0
63,1,120,28,1
42,1,117,19,1
80,1,119,66,0
77,1,189,1,0
84,1,50,84,0
31,0,153,43,0
59,1,196,82,0
47,1,27,12,1
37,0,40,3,0
87,1,33,2,0
30,0,140,7,0
22,0,32,99,0
66,0,98,26,0
39,0,80,47,1
86,0,136,90,0
60,1,174,64,0
72,0,176,60,0
87,1,155,17,0
27,0,137,51,0
71,0,36,49,1
28,1,68,4,0
42,0,24,95,0
24,0,150,90,0
89,1,169,76,0
58,1,73,73,0
67,1,152,43,0
86,1,187,1,0
78,0,135,61,0
34,0,151,18,0
43,1,123,43,1
45,0,163,21,0
90,1,99,97,0
60,1,117,92,0
67,1,82,60,0
52,1,47,76,0
54,1,29,37,0
46,0,148,90,0
70,1,117,46,1
72,0,126,11,0
56,1,166,2,0
71,0,70,90,0
40,1,189,8,0
48,1,99,37,0
80,0,125,42,0
61,1,114,53,1
51,0,71,1,0
38,1,43,3,0
83,0,173,52,0
79,0,195,63,0
46,0,97,15,0
47,0,172,86,0
27,1,108,45,1
28,0,138,62,0
56,1,167,87,0
88,1,188,95,0
29,1,67,3,0
77,1,86,13,0
90,0,119,42,0
79,1,180,93,0
79,0,60,42,0
51,0,179,18,0
28,1,77,59,0
53,0,118,28,0
87,1,63,73,0
56,1,120,86,0
80,1,43,20,0
34,0,28,7,0
37,1,191,45,0
76,1,120,21,0
48,1,72,72,1
79,0,163,75,0
72,1,23,20,1
86,0,68,58,0
42,1,192,69,0
28,0,155,58,0
34,0,162,81,0
18,0,118,20,1
32,0,66,84,0
77,0,196,71,0
70,0,159,43,0
37,0,99,86,0
28,1,43,88,0
44,1,44,81,1
24,0,56,62,0
32,1,178,76,0
37,1,54,37,0
19,0,74,43,1
53,0,66,80,1
22,1,193,73,0
45,1,190,57,0
18,0,150,57,0
56,1,142,16,0
65,1,25,18,1
53,0,44,64,0
83,0,101,78,0
64,1,58,48,1
84,0,168,69,0
51,0,33,31,0
64,0,26,57,1
40,1,59,34,0
49,0,77,80,1
72,0,172,53,0
45,1,51,68,0
53,1,68,76,1
87,1,85,60,0
71,0,58,29,0
66,1,90,79,0
83,0,200,5,0
30,0,137,27,0
56,1,130,39,0
37,0,151,63,0
41,1,96,11,0
70,0,148,65,0
89,1,71,95,0
88,0,55,91,0
26,0,71,11,1
55,1,169,21,0
71,0,53,32,0
86,1,81,11,0
54,1,74,89,0
52,0,160,95,0
28,0,41,72,0
43,1,103,7,0
89,1,147,85,0
87,1,98,4,0
35,0,189,38,0
73,1,165,70,0
19,1,180,33,0
84,0,77,49,0
74,1,29,18,1
27,0,112,11,0
61,1,62,74,1
41,0,138,79,0
27,1,190,92,0
84,0,28,86,0
64,1,107,60,0
88,1,43,28,0
81,1,157,64,0
28,0,46,45,0
45,0,28,98,0
86,0,74,95,0
41,0,110,66,0
34,0,103,53,0
46,1,197,37,0
85,0,54,84,0
50,1,58,74,0
18,0,93,47,0
74,0,84,17,0
84,1,28,61,0
25,0,110,4,0
36,1,73,3,0
41,0,33,98,0
42,0,177,46,0
81,0,101,23,0
25,1,122,95,0
26,0,95,40,0
24,0,191,97,0
22,1,173,90,0
42,0,80,33,0
71,1,152,93,0
63,0,141,23,0
54,0,162,1,0
45,1,184,18,0
89,0,127,93,0
53,1,161,12,0
75,0,59,76,0
57,0,162,28,0
86,0,99,55,0
39,0,81,3,0
56,0,178,90,0
67,1,56,42,0
35,1,47,49,0
39,1,59,8,0
75,0,125,25,0
66,1,65,100,0
52,1,85,58,0
57,0,194,33,0
22,0,48,92,0
59,1,137,37,0
41,1,35,79,1
69,1,155,67,0
59,1,128,49,0
77,0,43,43,0
83,0,138,11,0
37,0,152,100,0
73,1,103,44,0
80,1,196,67,0
22,1,49,84,0
36,1,139,87,0
70,0,32,24,1
57,1,50,12,0
72,1,40,56,0
73,1,144,73,0
35,1,135,20,0
57,1,83,10,0
38,0,146,76,0
58,0,103,93,0
53,0,149,6,0
77,0,43,27,0
82,1,105,30,0
24,1,178,7,0
79,0,105,76,0
30,0,179,74,0
42,0,124,57,1
53,1,189,62,0
31,1,103,51,0
26,0,49,89,0
87,1,171,35,0
49,0,112,34,0
78,0,28,3,0
25,1,194,56,0
32,0,83,70,0
43,0,102,33,0
50,0,27,22,1
43,0,140,19,0
51,0,32,59,0
71,1,165,44,0
86,0,25,27,0
42,1,132,2,0
66,1,188,6,0
37,1,39,46,0
52,0,199,48,0
43,0,99,20,0
56,0,187,47,0
42,1,104,39,0
29,1,191,73,0
89,0,170,30,0
20,0,61,99,0
51,1,24,14,1
77,0,151,61,0
22,0,156,37,0
52,0,116,92,0
50,1,127,25,1
86,1,100,56,0
37,0,66,69,0
50,1,46,33,0
46,1,43,63,0
20,1,160,10,0
60,1,155,81,0
66,0,98,34,0
58,1,130,40,0
77,1,114,56,0
25,0,193,61,0
36,1,26,27,0
83,0,53,29,0
72,1,91,85,0
37,0,59,29,0
22,1,87,18,0
48,0,180,78,0
69,0,34,1,0
51,1,42,86,0
62,1,178,83,0
58,1,53,76,0
84,0,42,92,0
34,0,44,39,0
62,1,68,71,1
74,1,188,34,0
78,0,185,73,0
69,1,112,66,0
69,0,41,23,1
29,1,29,47,1
74,1,178,25,0
31,0,25,63,0
79,0,78,32,0
34,1,114,63,0
80,0,130,44,0
61,0,108,71,0
89,0,130,54,0
50,1,114,31,0
51,1,119,31,0
19,0,76,60,0
20,0,94,25,0
22,0,39,69,0
39,1,90,86,0
72,1,167,4,0
53,0,86,13,0
34,1,174,2,0
39,1,164,98,0
72,0,41,20,0
77,0,78,82,0
52,1,121,80,1
82,1,73,51,0
63,0,94,30,0
83,1,66,3,0
35,1,167,95,0
65,1,112,93,0
47,1,162,18,0
43,1,151,87,0
51,1,77,87,0
81,0,141,1,0
41,0,175,32,0
24,1,108,20,1
61,1,149,92,0
39,0,55,21,0
32,1,172,17,0
90,0,70,55,0
66,1,180,57,0
41,0,57,16,0
43,1,121,81,1
86,0,158,92,0
26,1,119,57,1
19,0,177,36,0
74,0,58,2,0
68,1,190,25,0
84,0,148,44,0
19,0,139,44,0
83,0,88,80,0
38,0,141,26,0
39,0,39,57,0
61,0,113,93,0
84,0,190,1,0
42,0,36,18,1
81,1,117,65,0
24,1,98,82,0
49,1,160,49,0
46,1,144,29,0
32,0,78,83,0
68,0,134,22,0
30,0,137,91,0
48,0,138,85,0
22,0,150,94,0
89,1,152,20,0
52,1,187,12,0
20,0,149,20,0
90,1,141,93,0
42,1,179,63,0
31,1,122,18,0
52,1,134,11,0
85,0,199,49,0
84,0,178,48,0
89,0,140,58,0
79,1,123,13,0
85,1,147,24,0
39,1,27,80,1
64,1,159,38,0
19,1,135,69,0
78,1,159,72,0
63,1,195,30,0
65,0,47,14,0
74,0,187,14,0
70,1,189,59,0
53,0,113,11,0
51,1,76,53,1
58,0,141,84,0
31,0,41,12,0
69,1,41,14,0
25,1,67,28,1
49,1,150,16,0
87,1,69,79,0
28,0,106,88,0
32,1,197,74,0
43,0,49,94,0
84,1,169,3,0
21,1,38,11,0
88,1,198,91,0
38,0,163,61,0
23,1,84,38,0
45,1,21,23,1
52,0,109,7,0
81,1,110,40,0
35,0,106,93,0
63,0,143,31,0
58,0,81,37,0
29,0,179,50,0
44,1,31,17,1
20,1,58,56,0
49,1,71,92,0
78,0,49,65,0
55,1,52,62,0
49,1,95,4,0
29,1,153,21,0
24,0,58,86,0
54,1,191,57,0
29,1,37,54,1
27,1,178,90,0
20,0,165,56,0
78,1,70,68,0
59,1,144,28,0
71,1,198,67,0
21,0,30,34,0
29,0,145,43,0
89,1,196,12,0
80,1,122,88,0
77,0,166,86,0
67,1,168,61,0
22,0,94,38,0
42,0,113,42,0
54,0,148,27,0
84,0,154,63,0
37,0,34,27,0
82,1,102,100,0
25,1,31,51,1
80,1,151,26,0
34,1,171,73,0
74,0,25,34,0
43,1,196,39,0
64,1,190,82,0
54,1,93,93,0
72,1,46,13,0
55,0,145,64,0
40,1,22,29,0
71,1,73,47,1
45,1,141,43,0
34,0,185,83,0
83,1,101,66,0
65,1,129,59,0
27,0,109,14,1
77,0,81,39,0
69,1,130,70,0
54,1,26,71,0
19,0,27,95,0
70,0,108,46,0
78,0,157,75,0
71,0,144,28,0
22,0,192,40,0
76,0,99,88,0
26,1,28,7,0
71,0,72,12,0
77,0,145,60,0
46,1,84,52,1
81,0,109,56,0
57,1,125,99,0
51,1,168,39,0
25,0,43,47,1
52,1,97,28,0
72,1,72,41,0
39,0,80,20,1
48,1,44,62,0
77,0,125,8,0
52,0,70,81,1
56,1,59,47,0
90,1,148,85,0
52,0,25,90,0
65,1,51,29,0
90,0,196,23,0
45,1,143,2,0
57,0,149,14,0
79,1,37,74,0
87,0,51,67,0
33,0,61,89,0
71,0,148,90,0
19,0,128,78,1
41,1,67,50,1
24,0,153,54,0
57,0,171,45,0
32,0,169,39,0
31,1,181,92,0
60,1,128,51,1
89,1,164,51,0
66,0,25,11,1
49,0,76,100,0
80,0,157,97,0
74,1,174,77,0
27,1,163,64,0
87,0,181,69,0
79,0,110,39,0
23,0,93,56,0
38,1,122,46,1
48,1,34,43,1
54,1,194,12,0
44,0,136,95,0
85,1,77,1,0
18,0,58,52,0
28,0,100,60,0
70,1,62,37,0
39,0,149,71,0
59,0,43,70,0
26,0,77,46,1
18,1,75,95,0
36,1,146,44,0
62,1,108,97,0
60,1,26,72,0
90,1,158,77,0
64,1,119,62,0
52,1,173,28,0
32,0,174,70,0
29,0,128,24,1
30,0,129,43,0
90,0,24,73,0
21,0,137,24,0
31,1,173,13,0
73,1,48,21,0
66,0,63,40,0
19,1,179,29,0
50,1,92,49,0
39,0,56,48,0
81,0,122,8,0
90,0,185,55,0
50,0,42,77,0
77,0,32,76,0
36,1,102,22,0
47,1,22,20,1
71,0,113,65,0
52,1,93,46,0
28,0,196,2,0
76,0,81,13,0
31,1,47,52,0
44,1,57,87,0
86,0,130,68,0
72,1,172,52,0
52,1,55,27,0
86,0,132,57,0
34,0,69,49,0
69,1,151,44,0
46,0,122,80,1
84,0,171,10,0
31,0,131,6,0
57,0,135,46,0
38,0,69,22,1
36,0,180,92,0
53,1,22,14,0
62,0,126,74,1
71,0,69,84,1
32,1,133,54,0
20,0,24,42,0
89,1,149,16,0
55,0,78,57,0
59,1,174,3,0
24,0,77,89,0
66,1,159,51,0
53,0,24,20,1
71,0,33,33,0
49,1,34,77,1
23,1,52,44,0
18,0,187,55,0
47,1,132,11,0
24,0,115,30,0
21,0,84,6,0
68,0,39,98,0
45,1,149,88,0
66,1,124,91,0
51,0,175,45,0
45,1,135,100,0
67,0,56,95,0
20,1,37,16,1
27,1,119,20,1
40,1,85,93,0
24,1,140,68,0
26,1,193,5,0
57,0,74,48,0
90,0,146,10,0
77,0,76,94,0
26,0,198,47,0
82,0,59,51,0
36,0,185,43,0
23,1,74,97,0
22,0,28,27,1
47,0,159,23,0
54,0,149,6,0
37,1,143,94,0
77,0,25,89,0
36,0,40,48,0
46,0,174,56,0
60,1,190,66,0
86,0,133,64,0
63,0,31,75,1
63,0,58,55,1
89,0,164,60,0
27,0,198,70,0
49,0,115,55,1
27,1,111,76,1
48,1,74,83,1
22,0,108,65,0
56,0,186,9,0
80,0,29,41,0
24,0,78,99,0
78,0,93,6,0
72,0,179,39,0
74,0,97,8,0
86,0,95,52,0
19,0,195,89,0
57,0,166,30,0
67,1,172,100,0
30,1,148,58,0
80,1,199,40,0
81,0,162,72,0
86,1,172,45,0
71,0,106,18,0
39,0,110,82,1
85,0,62,26,0
38,0,192,15,0
59,0,100,61,0
87,0,49,81,0
75,1,95,4,0
62,1,82,94,0
87,1,126,89,0
49,0,20,83,1
73,0,200,42,0
58,0,180,74,0
75,1,127,96,0
21,0,173,9,0
70,1,198,43,0
33,0,193,74,0
36,0,37,39,0
38,0,105,46,0
63,0,71,48,1
56,1,107,48,0
73,1,72,89,0
78,0,21,58,0
68,1,27,62,0
69,0,92,66,0
65,1,22,62,0
59,1,68,99,0
85,1,118,79,0
49,0,60,74,0
65,0,129,69,0
88,1,49,31,0
38,1,119,19,1
83,0,140,54,0
37,0,70,41,0
25,1,59,37,0
20,1,160,13,0
18,1,31,28,0
55,1,47,71,0
28,0,87,47,0
73,1,165,33,0
44,1,155,3,0
31,0,66,95,0
90,1,143,84,0
18,0,186,2,0
51,0,57,51,0
47,1,82,93,0
45,0,99,11,0
86,0,112,19,0
30,1,62,25,0
33,0,149,32,0
74,1,64,5,0
28,1,135,46,0
59,1,46,1,0
66,0,166,29,0
65,0,63,1,0
55,1,158,29,0
65,1,50,80,0
77,0,129,28,0
80,0,198,96,0
64,1,59,84,1
75,1,53,77,0
74,1,21,64,0
88,0,105,26,0
21,0,189,48,0
58,1,179,93,0
38,0,179,23,0
89,1,43,12,0
18,1,150,93,0
20,1,70,34,0
89,1,195,7,0
66,0,140,43,0
85,0,82,5,0
71,1,97,58,0
71,0,22,39,0
28,1,82,26,0
81,0,45,3,0
83,1,150,93,0
39,0,66,14,1
65,0,60,19,1
50,1,187,76,0
78,0,32,24,0
47,0,21,70,0
63,1,57,21,1
88,0,189,56,0
87,0,82,9,0
77,0,118,81,0
38,1,175,68,0
60,1,199,45,0
85,0,136,97,0
76,1,102,43,0
31,0,149,44,0
76,0,129,1,0
58,1,194,53,0
81,0,190,44,0
24,0,81,35,0
22,0,169,10,0
21,1,178,85,0
50,1,148,73,0
22,0,132,6,0
30,1,42,46,0
89,1,110,61,0
33,0,87,88,0
60,1,99,21,0
34,0,123,8,0
55,1,120,80,0
85,0,142,97,0
65,1,67,29,1
51,1,163,16,0
86,1,83,96,0
55,1,175,63,0
57,0,51,47,0
18,0,94,26,0
44,0,75,92,0
67,0,95,3,0
64,1,98,72,0
62,1,61,82,1
87,1,159,9,0
71,0,150,38,0
31,1,122,43,0
67,0,118,78,1
73,1,189,21,0
57,1,38,2,0
22,1,63,42,0
68,0,108,63,0
88,1,140,88,0
23,0,153,17,0
26,1,90,94,0
46,1,81,46,1
35,0,74,6,0
74,0,83,41,0
48,1,48,39,0
69,1,162,94,0
90,1,122,29,0
29,1,25,8,0
79,1,182,59,0
38,0,164,10,0
60,1,46,91,0
26,0,59,50,1
60,1,50,1,0
38,1,33,6,0
81,0,147,30,0
50,0,142,44,0
46,1,166,56,0
74,1,50,60,0
84,0,134,38,0
20,0,43,65,0
23,1,37,11,0
49,0,151,16,0
41,1,72,5,0
39,0,64,23,1
69,1,79,50,1
85,0,129,63,0
86,0,48,44,0
20,0,137,78,0
60,0,167,99,0
67,1,66,90,0
87,1,49,62,0
75,1,148,36,0
29,1,51,97,0
49,0,138,77,0
78,1,129,45,0
75,0,31,62,0
45,0,45,48,0
71,0,152,42,0
54,1,117,24,0
49,0,143,51,0
33,1,120,71,0
47,0,91,83,0
59,0,87,78,0
65,0,169,49,0
48,1,103,18,0
61,1,22,57,1
43,1,160,71,0
39,1,34,65,0
45,0,54,36,0
31,1,45,89,0
21,0,152,18,0
46,0,74,77,1
45,0,129,15,1
53,0,47,25,0
42,0,153,41,0
43,1,117,10,0
79,0,160,34,0
84,0,36,30,0
56,1,121,64,0
19,0,54,55,0
36,0,121,16,0
88,1,184,1,0
28,0,157,80,0
58,0,54,29,0
59,1,134,56,0
65,0,47,7,0
73,1,187,28,0
25,0,37,68,0
77,0,77,80,0
81,0,173,18,0
26,0,147,50,0
50,1,34,76,1
26,1,118,51,1
81,1,57,46,0
77,1,152,36,0
35,1,99,41,0
62,0,39,100,0
45,0,92,38,0
55,0,130,24,0
50,0,28,64,0
50,1,95,68,0
41,1,84,21,0
53,0,151,9,0
69,1,95,14,0
60,0,178,86,0
86,1,161,5,0
57,0,57,57,0
89,0,42,42,0
33,0,79,3,0
71,0,79,45,0
50,1,109,4,0
50,0,129,89,0
66,1,118,80,1
19,1,50,70,0
55,0,141,7,0
77,0,194,59,0
41,0,176,44,0
85,1,184,56,0
70,0,166,36,0
35,0,97,77,0
40,1,107,85,0
67,0,109,64,0
63,1,175,35,0
48,0,49,69,0
41,0,172,22,0
67,1,92,7,0
44,1,196,89,0
89,1,189,60,0
86,1,61,87,0
59,1,158,66,0
65,0,50,53,0
37,0,118,32,0
64,1,73,82,1
84,0,174,23,0
83,0,144,44,0
46,1,55,22,0
40,0,138,11,0
32,0,88,48,0
38,0,168,93,0
60,1,190,94,0
58,1,94,42,0
22,1,124,48,1
49,1,91,39,0
62,1,50,28,0
83,0,44,80,0
75,0,73,43,0
83,1,67,76,0
48,1,182,85,0
31,0,49,64,0
30,1,135,29,0
77,0,183,70,0
54,1,57,99,0
79,0,121,11,0
74,0,46,62,0
89,1,172,57,0
72,0,64,95,0
26,1,109,36,0
44,0,89,16,0
56,0,151,19,0
70,1,69,13,1
36,0,170,44,0
75,0,84,71,0
82,0,41,94,0
51,1,107,97,0
54,1,146,81,0
25,1,38,26,1
36,1,130,59,0
64,0,142,8,0
57,1,105,89,0
25,1,21,73,1
59,0,162,8,0
68,0,113,90,0
68,0,86,52,0
33,0,175,12,0
64,1,114,22,1
21,1,183,66,0
57,0,91,41,0
85,1,72,93,0
25,1,44,45,0
56,1,150,58,0
47,1,169,34,0
25,1,117,27,1
20,1,147,46,0
24,0,152,62,0
34,0,36,7,0
53,0,135,57,0
78,1,156,92,0
46,0,158,33,0
43,1,50,7,0
32,0,71,77,0
79,0,193,54,0
68,0,189,37,0
87,1,180,89,0
42,1,41,39,0
85,1,104,34,0
56,0,87,70,0
72,0,140,19,0
48,1,145,89,0
63,0,168,16,0
32,0,111,23,0
41,0,107,59,0
22,0,87,100,0
22,1,100,55,0
54,0,101,21,0
45,0,77,32,0
41,1,139,65,0
62,1,110,25,1
22,0,192,93,0
77,0,59,93,0
66,0,142,96,0
26,0,178,65,0
78,0,134,68,0
73,0,138,72,0
68,1,51,65,0
54,1,66,37,0
18,0,80,51,1
26,1,117,48,1
45,0,91,76,0
61,0,64,79,1
64,1,29,9,0
83,0,41,28,0
84,0,163,57,0
76,0,157,14,0
83,0,132,72,0
45,1,72,84,1
88,1,129,10,0
62,1,29,77,1
84,1,103,49,0
44,1,40,98,0
40,0,169,20,0
58,0,65,20,0
71,1,36,11,0
50,0,110,69,0
45,0,117,33,0
81,0,40,40,0
50,0,156,82,0
74,1,112,42,0
26,0,179,1,0
51,1,177,83,0
60,0,79,64,0
25,0,163,3,0
43,1,124,27,1
22,1,166,67,0
82,0,42,60,0
42,1,91,79,0
53,1,27,100,0
39,1,189,23,0
56,0,29,57,0
42,1,31,82,1
27,0,95,7,0
38,1,192,99,0
70,0,34,14,1
75,1,131,37,0
73,0,58,38,0
86,0,170,37,0
37,1,170,37,0
30,1,193,14,0
31,1,58,97,0
41,1,76,30,0
38,1,168,89,0
81,1,136,69,0
60,1,124,67,0
45,1,138,74,0
73,1,150,44,0
79,1,158,86,0
71,0,192,5,0
76,0,38,5,0
82,0,59,85,0
42,1,58,36,0
50,0,60,22,1
72,0,182,36,0
23,0,56,89,0
85,0,23,48,0
70,1,96,60,0
60,1,35,98,0
42,1,168,29,0
87,1,127,8,0
83,0,170,84,0
41,1,30,43,1
60,0,48,61,0
25,0,181,88,0
88,0,121,1,0
66,1,72,3,0
81,0,71,54,0
22,1,125,7,0
61,0,116,85,1
31,1,168,61,0
77,0,39,40,0
46,0,92,61,0
77,1,27,85,0
84,1,158,13,0
36,1,172,80,0
30,0,72,36,0
44,1,149,98,0
89,1,86,53,0
47,1,142,73,0
63,0,173,54,0
83,1,156,83,0
81,1,168,81,0
51,1,89,60,0
21,1,102,89,0
46,1,22,84,1
43,0,190,76,0
78,0,119,92,0
82,0,38,56,0
84,0,155,69,0
65,1,117,20,1
24,0,44,23,0
40,1,57,93,0
32,1,148,2,0
29,1,139,91,0
82,1,58,8,0
47,0,150,50,0
33,0,187,99,0
27,0,170,53,0
90,1,139,15,0
31,0,71,2,0
37,0,118,76,1
27,1,142,49,0
79,0,69,59,0
42,1,72,86,1
60,1,21,84,1
20,0,121,76,1
45,1,104,25,0
85,0,156,56,0
53,0,145,62,0
25,0,75,60,0
67,0,31,78,1
69,1,80,82,1
75,0,86,45,0
71,1,150,99,0
22,0,173,70,0
55,1,155,27,0
69,1,178,2,0
58,0,158,46,0
43,0,199,5,0
75,0,50,38,0
32,1,74,69,0
34,0,169,65,0
81,0,78,5,0
31,0,177,71,0
24,1,47,37,0
88,1,86,36,0
56,0,60,80,0
80,0,154,10,0
33,0,187,95,0
39,1,135,53,0
59,0,40,59,0
48,0,72,88,1
87,0,172,45,0
78,1,57,46,0
61,0,105,88,0
25,1,164,49,0
74,0,131,3,0
64,1,21,69,0
88,1,102,57,0
59,0,150,45,0
54,0,55,8,0
76,0,68,46,0
41,1,83,11,0
39,0,85,40,0
29,0,192,91,0
49,1,200,13,0
81,0,178,82,0
70,1,184,65,0
18,0,73,15,1
30,1,176,93,0
90,1,103,15,0
81,1,45,41,0
74,1,29,33,0
31,0,172,36,0
44,0,90,95,0
32,1,20,58,0
47,1,150,31,0
80,0,78,63,0
85,1,133,93,0
30,1,126,16,0
39,0,126,41,0
26,0,48,37,0
54,0,148,15,0
38,1,34,75,1
20,0,59,94,0
69,1,50,89,0
56,0,127,60,0
32,1,111,67,0
43,0,33,51,1
34,0,128,94,0
58,0,32,79,0
38,0,187,1,0
19,1,33,76,1
76,0,69,60,0
48,0,125,25,1
63,0,189,21,0
64,0,150,80,0
39,0,147,83,0
43,1,156,38,0
88,0,47,14,0
44,0,104,71,0
77,1,151,36,0
87,0,23,58,0
31,1,151,91,0
40,0,50,77,0
89,0,193,10,0
18,1,170,52,0
40,0,27,54,1
56,0,117,55,0
26,1,38,72,1
26,1,126,17,1
39,0,167,24,0
26,0,50,71,0
40,0,177,60,0
30,0,116,18,0
75,1,144,60,0
69,0,157,97,0
70,0,160,63,0
53,0,37,17,0
86,1,120,45,0
39,1,186,27,0
84,1,132,82,0
21,1,63,95,0
85,1,37,26,0
39,0,41,100,0
36,0,40,68,0
30,1,179,67,0
44,0,183,76,0
90,0,146,61,0
22,0,29,9,0
39,0,48,30,0
29,1,164,53,0
65,1,136,97,0
21,0,97,94,0
69,0,125,76,1
86,0,125,94,0
62,0,110,36,0
52,0,168,93,0
54,1,68,17,1
61,0,179,56,0
49,1,94,66,0
59,1,34,24,0
86,1,171,33,0
76,1,112,52,0
53,0,113,56,0
39,0,38,79,1
38,1,24,2,0
49,1,25,61,0
79,1,179,13,0
29,0,94,35,0
77,0,71,47,0
40,1,52,39,0
60,0,49,50,0
75,0,31,6,0
48,1,38,97,0
19,0,147,8,0
34,1,25,8,0
61,1,152,73,0
27,1,52,13,0
73,1,20,48,0
37,1,194,88,0
26,0,171,2,0
19,1,132,17,0
52,1,141,53,0
31,0,188,18,0
88,0,179,91,0
59,1,135,20,0
60,0,63,100,0
32,0,49,54,0
86,0,82,25,0
72,0,186,89,0
58,0,175,77,0
29,1,99,7,0
49,1,37,68,0
57,0,48,53,0
41,0,184,56,0
61,0,33,79,1
65,0,174,76,0
48,0,192,38,0
27,0,177,57,0
77,0,81,63,0
53,1,181,29,0
78,1,174,61,0
85,0,174,73,0
65,1,178,45,0
18,1,124,98,0
78,1,112,52,0
83,1,41,23,0
76,1,124,89,0
35,0,47,34,0
20,0,136,68,0
47,1,91,29,0
90,0,73,79,0
29,0,72,69,0
68,1,97,62,0
70,0,73,53,1
53,1,182,57,0
25,0,142,2,0
49,1,93,20,0
18,1,38,57,0
26,1,50,92,0
22,1,173,48,0
49,1,106,88,0
51,1,94,85,0
44,1,165,18,0
77,1,187,54,0
21,0,109,56,0
32,0,146,11,0
36,1,51,28,0
44,0,133,4,0
37,0,108,79,0
27,0,144,85,0
34,0,180,75,0
46,1,49,2,0
87,0,170,40,0
85,0,44,45,0
56,1,81,96,0
51,1,55,15,0
56,0,177,42,0
26,0,112,99,0
42,1,78,70,0
69,0,60,95,0
29,0,179,72,0
62,1,99,98,0
54,1,167,3,0
70,0,30,91,0
33,1,114,90,0
24,1,177,29,0
81,0,164,42,0
83,1,133,20,0
18,0,198,26,0
46,0,151,48,0
49,1,147,58,0
27,0,92,38,0
65,0,32,52,1
33,1,110,71,0
25,0,169,21,0
35,1,190,48,0
33,0,58,42,0
79,0,80,28,0
71,0,181,29,0
29,1,70,54,1
87,1,138,34,0
35,0,93,92,0
86,1,199,32,0
72,0,167,74,0
22,1,115,35,0
20,1,100,45,0
69,0,45,100,0
34,0,151,15,0
41,1,162,25,0
85,1,113,19,0
51,0,69,87,1
67,0,41,31,0
83,0,149,31,0
34,1,147,17,0
39,1,176,73,0
18,0,144,60,0
49,1,104,4,0
80,0,188,38,0
74,1,62,87,0
21,0,76,47,1
25,1,88,58,0
49,0,81,53,1
75,0,81,28,0
32,1,99,95,0
22,1,95,27,0
83,0,25,30,0
50,0,75,2,0
25,1,157,37,0
68,0,89,76,0
72,0,157,32,0
52,1,197,97,0
33,0,163,60,0
50,1,46,88,0
71,1,72,69,0
59,1,70,72,0
50,0,54,1,0
35,1,168,12,0
65,0,186,26,0
42,0,196,40,0
31,0,37,8,0
47,0,188,15,0
80,0,128,82,0
86,0,181,81,0
54,1,193,81,0
53,0,194,65,0
48,1,169,10,0
41,0,146,50,0
26,0,177,75,0
58,0,78,48,0
86,1,90,30,0
25,1,69,49,1
71,0,126,55,1
85,1,143,65,0
67,0,87,24,0
77,0,147,12,0
45,0,61,26,1
89,1,176,32,0
84,0,181,65,0
64,1,74,4,0
56,1,190,87,0
46,1,75,16,1
80,1,52,59,0
26,1,61,42,0
84,0,196,92,0
29,1,79,24,1
33,1,156,17,0
70,0,97,45,0
56,1,34,84,0
87,0,22,30,0
50,0,40,44,0
62,1,106,45,0
90,0,160,88,0
31,0,135,91,0
23,1,148,54,0
62,0,122,55,1
30,1,85,68,0
79,1,82,87,0
89,1,190,55,0
64,1,185,94,0
39,1,175,16,0
89,0,130,74,0
37,0,24,51,1
57,0,151,60,0
18,1,193,13,0
25,1,43,56,0
64,0,110,55,1
27,0,200,74,0
60,1,73,12,1
24,0,31,66,0
29,1,182,65,0
76,0,102,100,0
33,1,171,40,0
42,0,37,65,0
50,0,33,60,0
28,1,93,18,0
24,0,187,60,0
56,1,28,67,0
68,0,93,83,0
62,0,73,51,1
41,0,132,27,0
22,0,140,35,0
29,0,95,69,0
30,0,78,33,0
72,0,114,52,1
21,0,97,95,0
30,0,168,27,0
19,1,49,9,0
59,1,175,98,0
75,0,107,46,0
40,1,183,87,0
48,0,28,27,1
27,1,127,24,1
71,1,181,63,0
75,1,57,15,0
82,1,39,52,0
76,1,132,17,0
82,1,164,13,0
20,0,52,80,0
39,0,157,91,0
65,1,78,26,1
77,0,192,76,0
85,0,152,90,0
41,0,84,12,0
72,0,24,90,0
36,1,186,79,0
85,0,32,25,0
48,1,157,3,0
20,0,86,90,0
67,0,71,84,1
64,0,110,49,1
59,0,84,55,0
55,1,94,62,0
54,0,46,53,0
85,0,52,15,0
53,0,119,41,0
84,1,51,30,0
38,1,148,85,0
59,1,78,45,0
40,1,22,3,0
32,1,50,45,0
66,1,32,7,0
68,0,76,87,1
40,0,116,68,0
38,1,130,25,0
44,1,44,57,0
44,1,28,100,0
36,1,104,40,0
74,1,152,97,0
59,1,172,92,0
87,1,49,65,0
21,1,90,12,0
61,0,75,20,1
32,1,184,96,0
56,1,187,76,0
32,1,63,76,0
76,0,26,44,0
37,1,151,78,0
51,0,28,55,1
21,0,115,55,1
63,1,172,6,0
73,0,40,100,0
76,0,143,82,0
49,0,188,32,0
65,1,78,38,0
49,0,128,13,1
58,1,170,3,0
45,1,32,87,1
36,0,180,25,0
48,0,36,7,0
76,1,142,20,0
71,1,158,24,0
57,1,39,50,0
22,1,72,35,0
48,1,87,34,0
88,1,79,41,0
75,0,61,64,0
47,1,199,29,0
38,0,160,71,0
82,1,84,66,0
19,1,148,93,0
19,0,90,49,0
37,1,177,47,0
38,1,56,46,0
69,0,171,33,0
29,1,25,25,1
54,1,120,33,0
72,0,26,55,1
22,1,182,87,0
86,0,136,63,0
22,1,111,61,0
50,1,94,100,0
69,0,124,47,1
29,1,151,59,0
35,1,131,25,0
74,1,95,31,0
67,1,136,16,0
44,1,90,3,0
42,0,78,34,0
76,1,72,36,0
39,0,124,19,1
56,1,54,66,0
56,1,148,74,0
49,1,46,84,0
18,0,149,53,0
54,1,84,5,0
26,1,115,91,0
20,1,135,15,0
58,1,76,50,0
50,0,161,94,0
21,1,83,58,0
32,1,119,65,0
84,1,38,20,0
53,0,169,61,0
23,1,155,60,0
53,1,179,68,0
49,1,42,76,0
62,0,64,62,0
22,1,153,96,0
19,0,188,15,0
74,1,132,9,0
28,1,151,57,0
69,1,27,59,0
70,1,85,74,0
72,1,87,12,0
54,0,174,11,0
33,1,24,62,0
50,1,90,78,0
39,0,37,89,0
23,1,164,24,0
72,0,107,59,0
42,0,137,66,0
61,1,98,21,0
21,0,127,47,1
89,0,49,32,0
53,1,161,66,0
53,0,67,60,0
66,0,180,25,0
90,1,165,5,0
19,0,183,2,0
74,1,51,25,0
82,0,162,51,0
46,0,137,70,0
88,1,67,5,0
35,0,78,5,0
80,0,170,27,0
53,1,40,19,0
84,1,157,17,0
59,1,155,71,0
58,1,51,21,0
62,0,35,31,0
64,0,134,83,0
25,0,105,10,0
58,0,166,38,0
45,0,28,25,1
44,0,114,41,0
44,1,160,1,0
45,0,38,97,0
72,1,68,17,1
80,1,78,45,0
26,1,61,100,0
80,1,46,15,0
22,0,93,97,0
43,0,109,97,0
24,0,185,88,0
28,1,24,64,0
32,0,104,55,0
19,0,90,18,0
83,1,160,79,0
31,0,89,33,0
80,0,140,30,0
73,1,46,22,0
26,0,177,90,0
24,0,144,85,0
21,1,66,39,0
71,1,141,26,0
46,1,194,51,0
29,0,161,27,0
76,1,189,40,0
76,1,75,14,0
88,0,92,72,0
47,0,121,41,1
84,1,186,45,0
37,0,114,2,0
59,1,40,70,0
69,0,151,27,0
86,0,176,98,0
83,1,112,81,0
85,0,32,46,0
83,1,82,38,0
44,0,81,100,0
42,1,64,40,0
41,0,137,65,0
22,0,162,22,0
86,0,67,73,0
32,0,101,82,0
25,0,118,66,0
53,1,172,43,0
34,1,27,62,0
57,0,184,27,0
53,1,22,86,0
36,0,163,91,0
81,1,83,31,0
25,0,21,2,0
80,0,167,47,0
86,0,106,37,0
59,1,169,58,0
47,0,163,9,0
81,0,134,75,0
29,0,41,91,0
58,0,83,95,0
41,0,52,19,0
56,1,45,1,0
36,0,184,51,0
40,0,74,52,1
26,1,111,15,1
85,0,45,13,0
30,1,72,73,0
32,0,126,70,0
90,1,26,76,0
39,0,149,4,0
75,1,110,87,0
56,1,35,47,0
67,0,20,94,0
64,1,141,1,0
59,1,87,3,0
33,1,108,47,0
25,1,111,16,1
23,1,49,92,0
25,0,92,49,0
83,0,95,23,0
29,1,55,78,0
42,0,32,75,1
34,1,79,48,0
46,0,186,98,0
44,0,63,90,0
53,0,111,27,0
78,1,59,68,0
22,1,83,97,0
31,0,76,19,0
58,0,131,12,0
19,0,60,72,0
60,0,109,85,0
21,1,64,98,0
33,1,166,51,0
64,0,119,58,1
24,1,23,60,0
61,1,151,76,0
35,1,147,36,0
89,0,193,20,0
43,1,39,12,0
59,1,125,44,0
83,0,45,54,0
31,1,67,96,0
77,0,104,1,0
79,0,168,48,0
77,1,157,100,0
36,0,148,82,0
62,1,146,5,0
83,0,60,55,0
26,1,111,55,1
56,0,68,89,0
32,0,171,86,0
44,1,89,96,0
28,0,74,56,1
73,0,127,98,0
25,0,181,1,0
70,1,49,35,0
31,0,61,66,0
68,0,117,33,0
82,0,166,28,0
49,0,147,34,0
48,1,75,66,0
29,1,35,82,1
69,0,119,96,0
81,1,25,70,0
37,0,90,61,0
83,0,140,73,0
23,1,130,65,0
85,0,40,90,0
39,0,140,84,0
73,1,85,66,0
29,0,197,75,0
53,0,65,30,0
67,1,163,55,0
30,0,191,23,0
42,1,111,86,1
35,1,164,93,0
77,0,97,99,0
46,1,119,43,1
66,0,187,43,0
58,0,174,55,0
18,0,31,9,0
44,1,173,28,0
79,1,58,38,0
58,1,105,15,0
49,1,33,87,1
60,0,123,96,0
45,0,144,65,0
24,1,198,15,0
26,1,102,87,0
27,1,107,41,0
79,0,181,59,0
80,0,168,25,0
21,1,26,52,1
18,0,174,55,0
40,0,160,66,0
21,1,72,92,0
79,1,100,7,0
63,0,69,35,0
41,1,58,40,0
42,0,77,39,0
41,0,49,40,0
85,0,122,73,0
69,0,176,36,0
39,1,67,24,1
20,0,197,91,0
52,1,133,57,0
86,0,69,37,0
90,0,116,50,0
54,0,90,28,0
47,1,95,66,0
18,0,54,65,0
23,1,87,66,0
27,0,179,36,0
82,1,177,56,0
83,1,102,32,0
40,1,167,33,0
22,1,189,50,0
46,1,193,12,0
54,1,77,9,0
21,1,146,77,0
58,0,93,29,0
80,0,34,23,0
36,1,34,52,1
53,1,37,19,1
20,0,140,91,0
66,1,156,80,0
23,0,150,9,0
64,0,140,88,0
32,1,101,59,0
55,0,90,38,0
22,0,197,76,0
51,0,114,37,0
43,1,41,5,0
35,1,71,15,0
42,0,101,61,0
36,1,24,13,0
51,1,163,64,0
37,1,176,53,0
71,1,175,1,0
53,0,182,70,0
48,1,36,22,1
55,0,106,72,0
76,0,65,81,0
60,0,178,95,0
25,0,178,4,0
77,0,119,61,0
62,1,120,60,0
79,1,26,15,0
77,1,57,1,0
62,1,93,91,0
65,1,38,62,0
25,1,33,1,0
53,0,97,57,0
85,1,92,26,0
88,0,109,55,0
73,1,153,1,0
36,0,170,100,0
60,0,117,68,0
30,0,39,72,0
90,0,63,29,0
85,1,49,97,0
75,0,35,57,0
28,1,151,10,0
37,1,104,98,0
74,1,182,42,0
29,0,32,76,1
58,1,121,49,0
29,0,58,100,0
64,0,195,97,0
69,1,195,78,0
68,1,184,65,0
59,1,127,30,0
47,0,58,36,0
27,1,49,41,0
84,0,197,62,0
37,1,135,16,0
41,1,78,10,0
69,0,193,74,0
35,1,37,72,0
85,1,82,17,0
56,0,135,7,0
57,1,187,56,0
60,1,190,46,0
50,0,149,61,0
90,1,192,65,0
20,0,162,73,0
87,1,90,34,0
34,0,97,28,0
90,0,82,41,0
90,0,86,7,0
28,0,98,99,0
27,0,145,69,0
41,0,82,48,1
64,0,29,6,0
29,0,173,56,0
65,1,35,20,1
57,1,165,71,0
77,1,111,8,0
25,0,184,69,0
73,0,104,9,0
25,0,24,19,1
81,1,37,5,0
33,0,125,88,0
34,0,112,100,0
82,0,27,19,0
43,0,198,38,0
79,1,187,54,0
83,1,148,9,0
83,0,82,7,0
54,1,56,94,0
39,1,103,26,0
79,0,116,14,0
35,0,75,42,0
47,0,98,33,0
24,0,69,65,0
74,0,68,68,0
64,1,129,6,0
44,1,141,1,0
18,0,185,96,0
71,1,57,58,0
63,0,60,46,1
82,1,110,94,0
57,0,63,36,0
72,0,119,38,0
27,0,73,95,0
38,0,21,13,0
50,0,174,58,0
86,1,161,16,0
50,0,85,59,0
24,1,58,48,1
55,1,183,68,0
31,1,150,48,0
37,0,126,65,0
81,1,152,11,0
53,0,116,22,1
73,0,139,76,0
80,0,133,13,0
25,1,197,18,0
47,0,168,16,0
64,1,41,81,1
43,1,148,1,0
49,0,112,17,1
90,1,138,28,0
36,0,147,100,0
28,1,103,5,0
75,0,57,94,0
48,1,194,64,0
52,0,61,63,0
76,0,181,25,0
56,1,71,81,0
38,0,169,58,0
66,0,50,29,0
26,1,138,24,0
39,0,143,67,0
86,0,173,84,0
77,1,128,78,0
79,0,177,13,0
30,0,50,87,0
36,0,174,40,0
56,1,100,23,0
70,1,155,59,0
71,1,44,56,0
30,0,155,61,0
72,0,97,28,0
67,1,199,50,0
86,1,172,50,0
68,1,53,51,0
76,0,169,100,0
47,0,135,29,0
42,1,82,8,0
20,1,127,77,1
57,0,184,21,0
30,0,149,41,0
82,0,136,32,0
87,1,153,22,0
55,1,154,62,0
65,0,173,6,0
46,1,190,15,0
33,1,93,49,0
27,0,148,48,0
21,0,28,42,1
66,1,105,18,0
81,1,22,69,0
80,0,110,56,0
74,0,44,76,0
44,0,129,34,0
80,0,41,83,0
31,0,84,14,0
60,0,75,32,0
84,0,60,71,0
73,1,144,91,0
66,0,96,2,0
57,0,115,47,0
72,1,30,78,1
60,0,29,49,1
27,0,175,27,0
77,0,134,78,0
83,0,192,31,0
58,1,137,1,0
73,0,158,85,0
67,0,79,65,0
42,1,33,36,0
20,1,179,33,0
48,0,181,83,0
55,0,117,6,0
79,0,70,6,0
23,1,149,68,0
31,0,92,2,0
76,1,52,72,0
46,1,38,88,1
77,1,114,54,0
29,1,106,74,0
56,0,170,2,0
28,0,127,21,1
79,0,77,67,0
54,1,120,56,0
65,1,24,35,0
65,1,94,7,0
87,0,106,82,0
31,1,101,46,0
30,0,51,8,0
79,0,112,38,0
63,1,145,93,0
41,0,122,68,0
42,0,138,55,0
52,1,29,76,1
58,1,21,42,0
84,1,162,10,0
50,1,73,21,1
37,0,92,32,0
40,1,146,59,0
51,0,77,62,0
20,0,148,99,0
40,0,121,92,0
25,0,45,72,0
38,1,43,52,0
35,1,150,33,0
34,1,119,57,0
89,0,158,13,0
40,0,64,46,1
75,1,31,77,0
35,0,189,59,0
71,0,21,35,0
22,1,185,73,0
31,1,128,47,0
54,0,21,13,0
39,0,77,22,1
42,1,135,65,0
42,1,54,26,0
71,1,65,70,0
19,0,62,47,1
60,1,58,64,0
68,1,94,91,0
77,1,116,83,0
64,0,175,71,0
19,0,180,62,0
79,0,180,48,0
20,0,65,16,1
73,1,95,40,0
36,0,70,89,0
71,0,49,23,0
80,0,178,44,0
65,1,54,22,0
35,1,182,87,0
29,0,180,23,0
87,1,170,59,0
79,0,79,60,0
46,1,44,52,1
42,1,176,15,0
56,1,62,91,0
64,0,67,72,1
51,0,43,87,0
80,0,85,27,0
84,1,97,63,0
26,0,24,12,1
59,0,168,43,0
80,0,109,89,0
89,0,118,8,0
22,0,98,72,0
35,1,56,13,0
49,1,134,74,0
60,1,65,62,0
55,1,38,66,0
45,1,89,62,0
24,0,127,82,1
83,0,32,95,0
54,1,42,86,0
40,1,27,18,1
81,0,139,3,0
89,0,185,61,0
75,0,50,86,0
37,0,155,53,0
28,0,159,1,0
26,0,189,78,0
30,1,162,11,0
30,0,39,55,0
74,1,63,19,0
53,0,193,91,0
43,1,93,54,0
46,1,133,49,1
60,0,27,76,1
90,0,160,49,0
84,1,44,31,0
52,1,45,16,0
61,1,190,1,0
62,0,25,86,1
30,1,174,68,0
39,0,192,82,0
73,1,91,54,0
62,1,104,24,0
27,1,57,11,0
22,0,148,16,0
32,1,74,17,0
35,0,181,100,0
89,1,101,8,0
39,0,91,84,0
86,0,68,51,0
63,1,113,69,0
27,0,112,46,1
73,0,86,63,0
44,0,77,78,1
90,0,146,22,0
74,1,70,56,0
41,1,138,81,0
39,1,104,100,0
30,0,147,46,0
50,0,92,17,0
34,1,46,42,0
60,1,77,82,1
34,1,33,54,0
20,1,174,39,0
65,1,32,90,0
54,0,93,66,0
75,1,161,17,0
54,1,40,32,0
65,1,64,33,0
50,0,143,70,0
85,1,150,53,0
71,0,88,13,0
75,1,109,20,0
70,1,105,48,0
48,0,48,14,0
19,0,49,43,0
89,1,162,15,0
83,0,75,53,0
75,0,193,5,0
88,1,68,52,0
26,0,72,32,0
45,0,103,64,0
21,0,134,75,0
20,0,147,15,0
49,0,96,30,0
65,1,170,80,0
87,0,109,40,0
37,0,66,66,0
75,0,124,70,0
79,1,162,26,0
21,0,47,57,0
50,1,130,19,1
89,0,40,26,0
90,0,90,91,0
28,0,176,73,0
75,0,76,95,0
27,0,55,66,0
76,1,77,8,0
76,1,121,75,0
48,1,61,69,0
61,0,113,37,0
67,1,109,37,0
73,1,199,73,0
33,0,39,34,0
86,1,134,38,0
61,1,67,5,0
50,0,162,21,0
67,0,153,81,0
24,1,123,33,0
52,0,173,13,0
25,1,25,15,1
52,0,182,29,0
19,0,107,7,0
27,0,99,50,0
81,1,103,69,0
31,0,196,31,0
85,0,86,24,0
19,0,60,98,0
35,0,59,40,0
21,1,146,4,0
39,1,140,38,0
82,1,104,92,0
82,0,58,63,0
69,1,110,57,0
45,1,131,99,0
27,1,78,38,0
46,0,176,8,0
90,0,104,9,0
74,1,181,56,0
57,1,126,4,0
32,0,166,12,0
37,1,79,25,0
81,1,61,72,0
26,0,176,8,0
19,1,24,91,0
27,0,199,48,0
58,0,33,40,0
66,1,26,67,0
47,1,72,78,1
73,0,67,21,1
24,0,178,59,0
81,1,57,13,0
64,1,163,11,0
77,0,48,68,0
77,0,185,70,0
86,0,162,5,0
35,1,192,75,0
70,0,104,32,0
41,0,146,42,0
48,0,52,64,0
47,1,173,85,0
64,0,62,81,1
66,0,192,5,0
43,1,110,59,0
52,1,125,79,1
68,1,108,7,0
43,0,86,54,0
28,1,173,63,0
20,1,113,26,1
26,0,174,86,0
32,0,114,19,0
26,1,92,100,0
37,1,82,95,0
37,1,119,51,1
64,1,54,32,0
28,0,44,36,0
19,0,66,53,1
39,1,177,24,0
83,1,92,3,0
50,1,79,81,1
48,1,68,85,1
47,0,198,28,0
41,0,35,86,1
18,1,193,6,0
32,0,135,24,0
57,0,195,61,0
44,0,164,97,0
27,0,128,90,0
40,1,101,90,0
49,0,185,97,0
20,1,132,64,0
56,1,196,88,0
20,1,98,16,0
20,1,154,59,0
90,1,110,83,0
52,0,91,89,0
89,0,189,22,0
54,0,96,5,0
20,1,59,19,1
38,1,174,55,0
37,0,62,31,0
75,1,87,8,0
19,1,59,49,1
86,0,141,51,0
52,1,121,5,0
23,1,99,81,0
22,0,41,94,0
46,1,42,59,0
48,1,50,18,0
76,1,25,60,0
42,1,158,54,0
65,0,170,83,0
88,1,177,86,0
74,1,41,33,0
65,0,171,100,0
30,1,96,27,0
42,1,118,36,0
87,1,171,14,0
24,1,145,99,0
34,0,55,98,0
63,1,180,28,0
32,1,111,35,0
83,1,37,51,0
46,1,106,34,0
67,1,63,55,1
70,0,39,96,0
67,1,106,64,0
68,0,86,27,0
30,1,35,67,0
34,1,189,49,0
78,1,101,41,0
90,1,187,67,0
31,1,174,14,0
53,0,187,15,0
36,0,190,72,0
87,0,174,41,0
38,0,47,46,0
21,1,88,81,0
45,1,59,59,0
62,1,71,89,1
60,1,37,46,1
37,0,152,77,0
47,0,50,95,0
42,0,120,19,1
85,1,139,90,0
80,1,150,70,0
74,1,119,81,1
55,1,50,97,0
35,0,117,33,0
72,1,185,22,0
90,0,22,51,0
75,0,153,92,0
63,0,80,35,0
36,0,64,46,0
43,1,30,1,0
65,1,62,30,0
66,1,165,50,0
53,0,166,97,0
76,1,104,34,0
61,1,88,41,0
79,0,176,92,0
26,0,188,83,0
37,1,182,68,0
88,0,193,47,0
44,0,136,3,0
81,1,73,3,0
43,0,151,27,0
42,1,24,63,0
51,1,195,56,0
33,1,27,50,0
33,1,129,63,0
22,0,36,55,1
55,1,154,8,0
47,0,48,70,0
58,1,182,50,0
88,1,133,16,0
30,1,139,82,0
30,1,118,1,0
82,1,113,52,0
70,0,74,93,0
54,1,161,43,0
31,0,111,77,0
62,0,32,8,0
54,0,86,31,0
54,0,168,97,0
43,1,98,62,0
78,1,164,1,0
89,1,185,63,0
72,0,111,3,0
51,1,154,58,0
86,0,116,22,0
68,0,188,75,0
71,0,96,23,0
47,0,26,27,1
35,1,152,84,0
18,0,52,28,0
41,1,24,62,0
45,0,135,71,0
59,0,185,98,0
72,1,95,1,0
59,1,194,34,0
58,1,136,89,0
88,0,80,41,0
47,1,167,21,0
90,0,197,56,0
26,1,156,96,0
86,1,148,58,0
21,1,48,74,0
70,1,39,63,0
87,0,41,26,0
19,1,41,35,0
42,1,175,60,0
37,0,149,100,0
71,1,162,52,0
41,1,26,79,1
33,0,111,83,0
21,1,110,17,1
49,0,156,100,0
67,1,109,42,0
67,0,187,76,0
90,0,170,58,0
18,1,183,74,0
47,0,132,84,1
81,1,145,19,0
37,1,50,64,0
28,0,90,19,0
49,1,147,5,0
80,1,172,57,0
50,0,84,67,0
82,0,176,73,0
81,1,180,11,0
81,1,59,97,0
58,0,189,54,0
85,1,150,78,0
18,1,98,73,0
62,0,42,69,0
65,1,196,46,0
29,1,158,56,0
24,1,145,17,0
36,1,57,99,0
66,1,196,68,0
63,0,177,15,0
56,0,97,96,0
48,1,32,55,1
18,1,150,70,0
38,1,137,45,0
69,1,176,20,0
22,1,70,60,0
55,1,125,11,0
64,1,149,2,0
50,1,45,29,0
71,0,124,42,0
27,0,77,4,0
54,0,92,12,0
68,1,179,61,0
89,1,98,66,0
71,0,45,78,0
77,1,160,59,0
47,0,132,36,0
46,0,198,14,0
74,1,112,21,0
55,0,67,94,0
23,0,102,40,0
28,1,117,79,1
25,1,79,29,0
62,1,193,58,0
50,0,161,61,0
83,1,96,17,0
29,0,35,99,0
30,1,130,62,0
59,0,191,91,0
58,0,55,34,0
52,1,147,79,0
79,1,93,49,0
90,0,112,92,0
30,1,61,76,0
57,1,25,35,0
83,1,160,69,0
44,1,93,49,0
89,1,43,59,0
83,1,57,22,0
53,1,88,76,0
29,0,146,5,0
27,1,156,56,0
36,1,44,78,0
71,0,114,80,1
48,1,75,100,0
69,1,146,63,0
50,1,21,3,0
79,0,142,66,0
37,0,150,19,0
61,0,30,56,1
38,0,194,18,0
27,1,125,81,1
74,1,173,77,0
23,1,116,76,1
88,1,27,27,0
71,0,76,8,0
89,1,69,5,0
51,0,97,93,0
39,1,40,4,0
87,0,26,75,0
43,0,93,77,0
23,0,48,42,0
50,0,44,48,0
33,0,190,79,0
55,1,177,91,0
26,1,108,99,0
45,0,65,47,1
54,0,46,14,0
28,0,121,57,1
18,0,152,13,0
69,1,134,53,0
23,0,87,69,0
45,1,154,31,0
75,0,118,81,0
19,0,110,64,0
71,0,125,35,0
86,1,23,80,0
85,1,81,44,0
36,0,22,10,0
50,1,39,34,0
81,1,53,32,0
25,1,113,13,1
25,0,33,30,0
85,1,126,79,0
21,1,150,44,0
48,1,168,27,0
48,1,112,61,0
54,0,165,17,0
46,1,93,20,0
59,1,43,40,0
68,0,183,12,0
39,1,169,82,0
31,1,185,19,0
76,0,22,14,0
69,0,188,22,0
79,1,24,43,0
82,1,29,86,0
65,0,35,76,1
48,0,198,42,0
23,1,71,71,1
29,1,99,64,0
85,1,137,20,0
37,1,160,93,0
89,1,98,33,0
44,1,113,28,1
75,0,187,42,0
74,0,29,71,0
89,1,25,25,0
52,0,172,3,0
70,0,71,64,0
73,1,129,39,0
74,0,117,92,0
54,1,134,57,0
22,1,175,55,0
23,0,99,65,0
60,0,142,93,0
69,0,67,96,0
28,0,113,78,1
69,1,96,38,0
48,1,123,41,1
89,1,98,12,0
31,1,28,60,0
87,1,199,3,0
45,0,113,57,1
88,1,37,94,0
74,0,39,9,0
82,0,66,28,0
80,1,80,81,0
39,0,92,34,0
28,0,21,45,1
37,1,145,26,0
56,1,97,83,0
43,1,140,77,0
18,0,33,4,0
86,0,137,10,0
57,1,155,73,0
65,0,94,63,0
58,1,135,88,0
60,0,38,22,1
78,1,72,19,0
29,1,173,33,0
82,1,25,85,0
44,1,186,23,0
90,1,109,65,0
63,0,75,30,0
73,0,192,100,0
45,0,60,64,0
25,0,104,55,0
44,1,58,14,0
21,1,60,39,0
79,1,29,51,0
88,0,64,82,0
23,1,45,88,0
44,1,180,88,0
30,1,57,23,0
39,0,54,31,0
51,0,200,64,0
43,0,28,56,1
53,1,34,91,0
82,0,196,48,0
55,0,67,31,0
86,0,197,5,0
70,1,123,11,0
73,1,29,44,0
19,0,183,29,0
62,1,171,90,0
55,0,89,47,0
51,1,171,94,0
66,0,25,39,0
23,1,195,15,0
87,0,83,90,0
38,1,123,54,1
51,0,195,34,0
83,0,183,44,0
71,1,108,58,0
81,0,75,5,0
50,0,98,52,0
71,0,38,21,1
25,1,184,42,0
79,1,177,2,0
36,1,77,51,0
39,0,57,75,0
86,1,31,100,0
88,0,60,78,0
57,1,179,70,0
46,0,174,24,0
78,1,126,21,0
19,0,63,50,1
35,1,105,92,0
23,1,195,96,0
20,1,91,75,0
25,1,96,87,0
72,1,130,1,0
37,1,144,12,0
40,1,179,58,0
34,1,82,53,0
43,1,159,93,0
59,0,63,23,0
76,1,131,65,0
45,1,84,49,1
41,1,141,75,0
89,1,109,86,0
64,0,171,32,0
21,0,89,17,0
41,1,165,75,0
38,1,67,85,1
58,0,189,9,0
29,0,111,29,0
44,1,113,58,1
46,0,62,3,0
72,0,146,49,0
63,0,175,68,0
27,0,137,73,0
18,1,169,48,0
50,0,157,100,0
58,0,147,3,0
82,1,24,90,0
56,1,38,55,0
56,0,193,81,0
86,0,119,75,0
90,0,197,35,0
70,1,98,30,0
89,1,144,64,0
48,1,170,52,0
47,0,119,53,1
44,0,134,44,0
73,0,168,44,0
27,1,114,24,1
77,1,110,1,0
55,0,89,38,0
43,1,77,81,1
84,0,88,51,0
26,1,100,11,0
77,0,170,42,0
58,1,156,64,0
45,1,139,85,0
45,0,177,9,0
50,1,44,26,0
33,0,196,56,0
78,0,170,47,0
65,1,78,74,1
79,0,53,17,0
48,0,158,14,0
88,0,67,26,0
61,0,120,54,1
44,1,189,77,0
34,1,76,21,0
38,1,190,40,0
75,0,95,22,0
18,1,40,52,0
36,0,149,83,0
21,0,73,93,0
60,1,148,20,0
86,0,20,41,0
40,1,132,91,0
83,1,53,80,0
76,0,196,19,0
19,0,182,88,0
24,0,188,52,0
41,0,145,26,0
67,0,145,62,0
68,1,178,23,0
59,0,116,100,0
79,1,135,66,0
75,1,27,52,0
65,0,84,98,0
42,1,172,20,0
78,1,49,71,0
53,1,106,43,0
72,1,83,29,0
33,0,110,90,0
63,1,164,48,0
22,0,173,95,0
56,1,68,9,0
68,0,28,78,1
53,0,54,17,0
53,1,113,4,0
56,0,37,90,0
24,1,29,87,1
86,1,160,25,0
82,0,96,36,0
55,0,119,35,0
23,1,138,70,0
30,0,90,9,0
64,0,162,45,0
75,0,37,96,0
83,1,58,57,0
84,0,189,52,0
34,1,103,94,0
20,1,164,15,0
49,1,191,7,0
77,0,95,48,0
52,1,93,6,0
18,0,96,76,0
62,1,155,81,0
64,1,165,93,0
21,0,180,8,0
31,1,93,82,0
64,1,156,59,0
31,1,102,59,0
30,1,127,77,0
80,1,105,80,0
55,1,165,92,0
25,1,157,14,0
32,1,77,81,0
87,0,28,91,0
89,1,69,3,0
25,1,189,44,0
63,0,151,18,0
19,0,154,68,0
69,1,84,74,0
90,1,24,82,0
90,1,187,46,0
38,0,176,88,0
52,1,62,87,0
59,0,179,57,0
51,1,28,16,1
25,0,178,44,0
85,1,45,4,0
67,0,157,79,0
31,0,53,96,0
60,0,142,81,0
21,0,64,78,1
85,0,62,9,0
20,0,188,43,0
78,1,155,73,0
67,0,66,73,1
24,1,66,48,1
83,0,78,84,0
84,1,73,82,0
60,0,180,36,0
35,1,78,65,0
87,1,117,60,0
34,1,186,24,0
32,0,133,84,0
66,0,125,49,1
66,0,134,25,0
89,0,167,41,0
38,0,92,59,0
50,0,121,64,0
42,1,39,72,0
29,0,145,90,0
79,1,120,84,0
22,1,148,26,0
90,1,118,1,0
21,1,153,55,0
35,0,114,100,0
50,1,195,46,0
33,1,142,17,0
24,0,53,9,0
38,1,121,8,0
32,1,38,87,0
67,1,112,49,1
88,1,183,81,0
43,0,165,38,0
18,1,37,57,0
57,0,53,92,0
73,0,46,77,0
75,0,51,14,0
44,0,32,2,0
26,1,94,58,0
62,1,49,91,0
69,0,109,91,0
62,1,155,37,0
79,1,192,66,0
21,0,85,95,0
30,0,89,6,0
52,1,75,65,0
41,0,120,17,1
72,0,93,72,0
78,1,137,33,0
60,1,130,25,1
58,1,144,41,0
46,1,39,39,0
34,1,115,91,0
79,0,73,63,0
44,0,155,71,0
79,0,26,93,0
84,1,119,12,0
31,0,136,55,0
68,1,184,46,0
30,1,22,26,0
82,0,115,14,0
32,1,32,96,0
73,0,131,81,0
71,0,22,100,0
90,0,149,61,0
38,0,86,59,0
87,0,193,88,0
72,0,191,12,0
49,0,152,88,0
24,1,139,52,0
79,1,132,14,0
45,1,89,70,0
89,1,198,77,0
51,1,120,3,0
42,1,140,9,0
33,0,57,32,0
42,1,106,40,0
61,1,67,66,0
21,0,175,54,0
21,0,182,11,0
50,0,147,25,0
63,1,119,85,1
70,0,164,95,0
83,1,87,67,0
51,0,96,22,0
20,0,92,10,0
59,1,42,26,0
40,0,128,12,0
74,0,195,81,0
40,0,153,65,0
72,0,195,23,0
44,0,28,15,1
83,0,128,74,0
44,0,167,59,0
22,0,172,92,0
39,0,144,90,0
62,0,154,74,0
78,0,117,47,0
52,1,142,33,0
24,0,20,60,0
32,1,144,56,0
18,0,63,68,0
20,1,161,79,0
34,1,77,27,0
86,0,198,16,0
54,0,128,36,0
67,0,71,15,1
54,1,76,79,0
77,1,188,82,0
79,1,129,17,0
24,0,78,37,0
89,1,104,38,0
77,1,61,16,0
85,1,39,95,0
37,1,126,67,0
26,1,91,67,0
51,0,129,20,1
22,0,88,3,0
32,1,91,91,0
31,1,140,88,0
42,0,150,69,0
18,0,172,95,0
77,1,185,98,0
83,1,72,20,0
67,0,151,69,0
47,1,61,79,1
46,0,116,92,0
61,1,155,82,0
78,0,89,33,0
78,1,38,21,0
67,1,112,23,1
18,1,133,8,0
61,0,175,36,0
47,0,111,31,0
64,1,49,97,0
49,0,90,10,0
85,1,59,46,0
82,0,132,12,0
46,0,156,86,0
23,0,168,13,0
72,0,183,80,0
78,1,33,44,0
42,0,40,33,0
71,1,98,93,0
19,0,50,4,0
60,1,158,92,0
30,0,124,43,0
65,0,67,65,0
83,1,154,16,0
33,0,27,95,0
37,0,122,49,1
63,1,147,59,0
82,0,66,21,0
19,0,34,74,1
78,1,89,60,0
88,0,134,24,0
62,1,34,3,0
42,0,139,35,0
69,1,123,35,0
59,0,60,20,0
62,1,163,22,0
29,1,88,1,0
49,0,192,81,0
74,0,170,40,0
57,0,184,14,0
69,1,167,24,0
47,1,133,74,0
24,0,114,29,0
22,0,165,57,0
25,0,67,14,1
86,1,185,67,0
62,0,91,75,0
43,1,147,61,0
68,1,35,3,0
51,1,47,34,0
40,1,139,51,0
28,1,182,33,0
87,0,150,28,0
51,0,190,53,0
45,0,92,54,0
47,1,157,39,0
65,1,54,38,0
79,1,140,21,0
39,1,35,53,1
86,0,89,24,0
85,0,186,25,0
79,1,78,11,0
45,1,21,73,1
83,0,79,96,0
62,1,36,49,1
70,0,21,50,1
48,0,77,94,0
65,0,109,1,0
40,0,93,87,0
87,1,66,40,0
63,0,78,67,0
37,1,179,43,0
36,0,109,3,0
78,1,21,17,0
85,0,93,22,0
42,0,154,6,0
65,1,89,29,0
43,0,171,28,0
57,0,30,3,0
32,0,153,90,0
90,1,66,87,0
26,0,156,59,0
70,1,61,15,1
90,1,55,8,0
50,1,65,24,1
28,1,196,26,0
64,0,129,19,1
38,0,102,77,0
84,1,118,65,0
84,1,70,3,0
72,0,128,33,0
36,1,134,19,0
62,0,42,62,0
57,1,39,63,0
50,1,127,33,0
65,1,53,63,0
82,1,36,42,0
47,0,119,58,1
20,1,127,100,0
24,1,154,69,0
36,1,184,94,0
69,0,60,53,1
29,0,172,54,0
23,1,169,9,0
77,0,111,73,0
47,1,64,54,1
45,1,150,64,0
22,1,76,4,0
70,1,199,52,0
26,0,77,63,0
87,1,134,43,0
81,1,157,80,0
42,0,190,90,0
55,1,24,32,0
50,0,35,45,1
80,0,58,60,0
46,0,151,42,0
37,0,179,56,0
19,1,134,91,0
54,1,174,35,0
85,1,116,71,0
19,1,43,7,0
89,0,185,59,0
86,1,162,100,0
58,0,70,27,0
84,1,198,88,0
73,1,149,22,0
35,1,50,71,0
40,0,72,25,1
58,0,123,48,0
80,0,191,1,0
64,0,186,41,0
78,0,145,75,0
39,0,118,56,1
77,1,46,61,0
20,1,122,88,1
80,1,131,5,0
37,1,38,2,0
48,0,54,73,0
71,0,60,27,0
43,0,124,42,1
84,0,179,36,0
76,1,53,24,0
43,1,158,82,0
50,1,184,98,0
21,0,42,70,0
28,0,107,51,1
51,0,45,20,0
64,0,74,34,0
41,0,136,52,0
21,1,62,29,0
61,1,121,5,0
38,1,40,52,0
23,0,53,7,0
45,1,190,15,0
34,0,35,93,0
18,0,48,17,0
66,1,78,64,0
29,1,114,55,1
54,1,181,21,0
87,0,48,72,0
47,0,118,22,1
69,1,121,56,1
31,1,166,48,0
45,1,25,54,1
48,1,169,64,0
49,0,157,69,0
58,1,34,34,0
46,1,32,28,1
89,1,26,26,0
51,1,91,21,0
19,0,56,93,0
39,0,136,24,0
72,1,74,33,0
80,1,73,60,0
69,1,44,29,0
36,1,49,66,0
24,1,148,100,0
69,1,182,65,0
82,1,33,55,0
66,0,189,61,0
56,1,26,25,0
85,0,199,13,0
68,1,176,25,0
53,0,171,87,0
61,0,52,84,0
82,1,44,11,0
43,0,188,27,0
53,1,132,58,0
62,1,37,45,1
31,0,147,51,0
69,0,134,11,0
35,1,113,72,0
67,0,28,100,0
29,0,65,22,1
57,1,25,57,0
83,0,196,15,0
21,0,41,46,1
79,0,143,39,0
30,0,191,13,0
69,0,127,89,0
63,0,181,39,0
70,1,185,69,0
24,1,167,22,0
44,0,129,79,1
79,0,114,11,0
60,1,35,89,0
90,0,155,61,0
41,0,179,92,0
73,0,36,65,0
83,0,62,7,0
65,1,122,42,1
78,0,189,18,0
52,0,168,27,0
64,0,58,8,0
42,0,69,59,1
63,1,180,14,0
38,1,87,66,0
84,0,169,96,0
89,0,120,85,0
31,1,28,14,0
44,1,54,79,0
47,1,96,89,0
56,0,117,39,0
40,1,182,55,0
53,1,146,37,0
23,0,71,21,1
36,1,145,34,0
18,1,151,45,0
47,0,147,90,0
60,1,21,29,0
64,1,81,8,0
80,0,87,56,0
21,0,166,18,0
85,1,128,99,0
32,1,79,18,0
79,0,63,39,0
36,1,86,79,0
54,1,131,77,0
53,0,181,93,0
66,0,68,75,1
40,1,45,80,0
53,0,142,87,0
68,0,123,82,1
56,1,101,13,0
64,1,88,24,0
35,1,169,83,0
64,1,166,40,0
54,0,62,69,0
52,0,55,47,0
73,1,117,7,0
64,0,111,98,0
23,1,161,6,0
81,0,97,16,0
88,1,62,56,0
21,1,38,46,1
70,0,27,68,0
44,0,33,3,0
74,0,84,12,0
28,1,71,15,1
46,0,89,54,0
61,1,60,55,1
90,1,125,18,0
81,1,176,35,0
25,0,169,6,0
36,0,101,66,0
18,1,63,90,0
64,0,101,20,0
74,0,149,100,0
39,0,70,75,1
48,1,58,32,0
57,0,195,59,0
86,0,42,77,0
60,0,85,16,0
68,1,157,58,0
70,1,192,100,0
74,0,189,61,0
73,0,36,24,0
26,0,175,11,0
85,1,47,5,0
90,0,99,54,0
63,1,163,98,0
37,1,37,64,0
23,0,51,23,0
31,0,46,54,0
85,0,190,31,0
67,1,126,41,0
51,1,83,83,0
39,0,22,30,0
21,0,35,78,1
26,1,168,14,0
90,1,87,47,0
53,1,36,96,0
23,1,159,50,0
64,1,21,26,1
69,1,79,75,1
19,0,48,80,0
25,1,28,81,1
85,1,186,51,0
55,0,28,93,0
64,0,100,32,0
22,1,98,57,0
63,1,40,51,1
61,0,186,62,0
78,0,26,56,0
20,0,118,43,1
51,0,135,91,0
43,1,164,71,0
80,0,91,70,0
52,0,82,71,0
38,0,188,51,0
74,1,108,78,0
76,1,173,56,0
40,0,64,2,0
86,0,33,17,0
22,0,40,51,1
41,1,170,37,0
35,0,45,52,0
26,1,160,52,0
84,0,129,94,0
73,1,36,22,1
36,1,156,6,0
42,0,22,88,0
40,1,161,47,0
72,0,135,30,0
43,1,77,81,1
49,0,191,58,0
82,0,131,23,0
60,0,187,91,0
34,1,171,4,0
33,1,200,67,0
72,0,114,48,1
51,1,27,65,0
34,0,38,81,0
70,0,160,52,0
46,1,46,44,0
37,0,100,5,0
52,1,181,74,0
23,0,190,24,0
87,0,32,19,0
55,1,79,69,0
44,1,150,15,0
58,0,69,17,0
64,1,72,16,1
67,0,179,39,0
34,0,124,56,0
57,0,83,12,0
71,1,98,96,0
87,0,81,69,0
69,1,106,30,0
35,0,149,60,0
42,0,189,32,0
46,1,91,76,0
80,0,171,98,0
22,1,49,8,0
84,1,83,78,0
23,1,45,77,0
48,0,63,39,0
82,1,86,16,0
31,1,104,54,0
58,0,20,82,0
26,1,38,43,1
65,0,82,97,0
22,0,188,78,0
86,0,53,84,0
24,1,116,13,1
33,0,154,37,0
28,1,147,95,0
54,0,135,52,0
66,1,159,91,0
20,1,135,23,0
65,0,72,6,0
35,0,48,38,0
26,0,144,52,0
41,0,69,57,1
52,0,75,56,0
46,0,100,30,0
28,0,119,87,1
43,0,106,42,0
20,1,44,11,0
70,1,162,70,0
70,0,128,96,0
38,0,135,2,0
60,0,102,33,0
60,1,57,48,0
33,0,107,72,0
49,1,34,2,0
65,0,114,63,0
41,1,187,57,0
23,0,45,90,0
74,0,176,62,0
78,0,130,65,0
23,0,80,84,1
25,0,49,98,0
47,0,135,30,0
45,0,177,14,0
33,1,114,55,0
29,1,197,9,0
61,0,28,90,0
70,0,94,17,0
31,1,145,85,0
85,1,44,91,0
61,0,27,29,0
87,1,82,98,0
49,0,148,22,0
47,0,126,15,1
73,0,189,54,0
77,1,52,40,0
38,0,67,100,0
89,1,180,98,0
83,1,105,24,0
24,0,96,65,0
58,1,141,8,0
23,0,136,67,0
36,0,183,71,0
47,0,113,35,0
51,1,41,9,0
78,1,167,19,0
66,0,105,22,0
44,1,90,93,0
62,0,92,1,0
49,1,54,85,0
24,1,106,71,0
90,0,134,88,0
32,0,132,76,0
56,1,85,50,0
55,1,31,68,0
79,1,162,16,0
33,1,125,71,0
59,0,190,21,0
50,0,100,73,0
42,0,59,54,1
63,0,127,84,1
52,0,82,19,0
72,0,78,14,0
74,1,97,89,0
52,0,80,61,0
72,1,54,65,0
55,1,94,16,0
38,0,118,93,0
81,0,188,37,0
80,0,95,7,0
76,1,58,92,0
25,0,200,25,0
39,1,87,4,0
59,1,42,20,0
20,1,92,8,0
41,1,61,38,0
89,1,57,59,0
74,0,43,90,0
71,1,176,91,0
32,0,87,23,0
44,0,171,99,0
62,0,180,53,0
82,1,159,46,0
55,0,98,76,0
42,0,191,23,0
71,0,180,4,0
33,0,108,75,0
68,1,125,21,1
89,0,182,82,0
66,1,64,28,1
81,0,153,93,0
54,1,79,81,0
51,0,60,30,0
26,1,70,70,0
35,1,101,11,0
19,1,93,59,0
61,0,178,3,0
48,1,28,37,0
26,0,110,100,0
75,0,149,75,0
35,0,91,54,0
74,0,159,14,0
22,0,33,67,0
74,1,31,97,0
74,1,163,5,0
34,0,148,43,0
21,1,178,9,0
57,1,60,31,0
29,0,102,27,0
54,0,82,14,0
72,1,62,13,0
20,0,116,85,1
28,0,69,9,0
70,0,179,4,0
79,1,89,16,0
64,0,145,77,0
51,1,103,59,0
64,0,60,7,0
50,0,87,45,0
25,0,35,77,1
20,0,83,86,0
59,1,177,44,0
48,0,153,41,0
50,1,174,85,0
45,1,95,99,0
69,0,45,47,0
40,0,29,90,0
48,1,42,90,0
74,1,171,69,0
22,1,30,48,1
71,1,148,48,0
48,1,39,29,0
88,1,152,1,0
89,1,45,77,0
42,1,171,63,0
86,1,134,6,0
38,0,70,63,0
79,1,42,94,0
81,0,129,54,0
28,0,31,74,1
81,1,182,70,0
78,0,93,6,0
43,1,126,96,0
67,1,172,40,0
74,0,196,18,0
40,1,184,16,0
20,0,145,63,0
34,1,90,49,0
55,1,166,23,0
78,0,100,20,0
55,1,59,86,0
24,0,79,89,0
83,1,149,97,0
54,1,124,52,1
44,0,154,95,0
68,0,198,17,0
80,1,171,80,0
54,0,176,23,0
70,0,168,62,0
24,0,39,8,0
76,1,128,55,0
81,1,26,51,0
32,1,119,59,0
19,1,105,90,0
69,0,132,13,0
67,0,163,22,0
55,0,118,72,0
75,1,44,90,0
69,1,85,99,0
86,0,83,23,0
70,1,27,99,0
78,1,105,98,0
73,0,172,29,0
59,0,26,56,0
58,0,54,96,0
59,1,117,84,0
63,0,169,46,0
30,0,103,6,0
54,0,200,20,0
69,0,180,93,0
68,0,154,81,0
59,1,98,84,0
23,1,28,18,1
70,0,70,99,0
53,1,78,28,0
83,0,174,4,0
75,0,147,67,0
27,0,182,60,0
87,0,82,29,0
70,0,67,76,1
53,0,50,79,0
44,0,141,10,0
83,0,182,69,0
56,0,57,99,0
54,0,85,84,0
47,0,91,47,0
28,0,179,45,0
28,1,161,58,0
78,0,181,58,0
64,0,145,72,0
88,1,157,30,0
36,1,120,20,1
78,1,151,35,0
53,0,94,4,0
76,0,24,47,0
46,0,66,60,0
79,0,161,2,0
52,1,107,11,0
46,0,118,35,0
52,0,21,90,0
47,1,42,69,0
38,1,120,48,1
54,1,156,14,0
62,0,105,83,0
69,0,25,28,1
70,1,57,7,0
43,0,51,95,0
66,0,169,5,0
22,0,136,70,0
84,0,32,32,0
74,0,72,76,0
67,1,194,26,0
34,1,185,13,0
68,0,39,12,0
38,1,28,38,0
53,0,154,90,0
50,0,29,50,1
52,0,93,99,0
85,0,195,11,0
53,0,39,13,0
64,0,70,10,0
76,1,55,34,0
30,1,181,70,0
26,0,200,84,0
65,1,181,38,0
20,1,33,100,0
75,0,182,62,0
80,0,195,86,0
35,1,168,87,0
31,1,27,14,0
47,0,155,18,0
28,1,28,59,1
35,1,37,91,0
59,0,187,7,0
83,0,131,11,0
27,0,181,24,0
30,0,23,62,0
72,0,70,100,0
19,0,160,6,0
80,1,198,65,0
24,1,143,30,0
34,0,155,72,0
26,1,34,22,1
56,0,123,57,0
38,0,185,33,0
52,0,116,65,0
20,0,143,67,0
46,0,86,81,0
80,0,183,86,0
89,1,29,59,0
81,0,93,88,0
58,1,81,55,0
66,1,95,7,0
90,0,186,80,0
29,1,73,44,1
45,1,155,1,0
67,1,65,61,0
63,1,148,30,0
58,0,25,6,0
89,0,106,73,0
76,1,109,87,0
73,0,86,55,0
65,0,26,39,0
33,1,178,44,0
41,0,65,83,1
53,1,165,39,0
31,0,144,95,0
73,1,27,86,0
55,0,61,49,0
30,0,21,28,0
32,1,88,59,0
47,0,99,41,0
41,1,25,98,0
83,0,78,44,0
88,0,62,52,0
55,1,108,10,0
50,1,55,55,0
58,0,171,23,0
54,0,132,34,0
64,0,97,17,0
29,1,23,12,0
26,1,121,37,0
36,1,38,92,0
18,0,46,12,0
36,1,196,34,0
38,0,59,46,0
65,0,50,88,0
69,1,178,87,0
78,0,116,13,0
37,1,166,62,0
34,1,119,33,0
72,1,59,11,0
77,0,121,81,0
63,1,99,50,0
38,0,55,94,0
86,0,161,46,0
49,1,73,64,0
62,0,87,5,0
56,0,87,16,0
90,0,114,58,0
46,0,45,55,0
24,0,83,51,1
49,1,90,13,0
63,0,74,26,1
47,0,151,59,0
28,1,56,5,0
59,0,183,66,0
76,1,170,12,0
80,0,165,4,0
32,0,174,10,0
51,0,38,6,0
55,0,159,26,0
21,1,66,61,0
19,0,38,28,0
59,1,50,8,0
84,0,181,1,0
81,0,50,12,0
56,1,104,68,0
25,1,161,14,0
63,0,32,80,1
48,1,191,100,0
58,0,187,80,0
82,1,195,22,0
65,1,169,40,0
87,0,61,15,0
30,1,162,65,0
71,0,122,40,0
28,1,119,33,0
83,1,98,84,0
48,1,192,46,0
57,0,119,67,0
55,0,83,73,0
88,1,98,8,0
76,1,29,7,0
58,0,52,11,0
67,1,199,59,0
25,1,76,45,1
88,0,151,87,0
83,1,59,67,0
24,0,50,19,0
85,1,26,35,0
36,0,106,37,0
64,1,69,12,1
58,0,122,17,0
60,0,52,97,0
83,1,41,86,0
46,0,101,83,0
35,0,96,19,0
82,0,51,26,0
87,1,77,46,0
29,0,56,11,0
62,1,98,63,0
83,0,31,18,0
63,0,22,93,0
79,0,114,81,0
69,0,143,73,0
23,0,155,68,0
50,1,106,34,0
63,1,70,1,0
87,0,113,58,0
75,0,79,11,0
26,0,191,18,0
47,1,110,9,0
57,0,74,59,0
46,1,128,19,1
47,0,152,98,0
29,1,157,3,0
55,0,175,8,0
31,1,91,55,0
58,1,162,58,0
74,0,23,61,0
35,0,44,10,0
88,1,179,71,0
53,0,76,22,1
84,1,147,84,0
28,0,196,79,0
37,1,84,76,0
84,1,191,85,0
43,1,83,36,0
82,0,159,86,0
44,0,142,72,0
86,0,149,86,0
22,0,42,94,0
79,0,145,98,0
19,1,78,37,0
40,0,174,9,0
76,1,153,24,0
84,0,71,93,0
23,0,160,68,0
20,1,75,90,0
62,0,99,26,0
35,1,150,76,0
53,1,53,95,0
64,1,86,80,0
85,0,99,38,0
61,1,185,46,0
32,0,96,10,0
61,0,62,80,1
70,1,105,71,0
59,1,126,26,0
62,1,20,13,0
84,1,78,5,0
71,1,71,32,0
35,1,137,19,0
75,1,186,68,0
20,0,169,81,0
56,1,144,85,0
51,1,131,10,0
57,1,92,3,0
32,0,199,94,0
21,1,28,52,1
90,1,197,41,0
74,1,197,41,0
89,1,23,36,0
83,1,187,61,0
42,0,77,84,1
76,1,66,11,0
19,1,115,43,0
85,1,146,16,0
20,1,49,56,0
37,0,34,86,0
78,0,64,95,0
40,0,129,8,0
44,0,179,97,0
40,1,171,11,0
47,1,90,84,0
27,0,99,97,0
64,1,42,78,1
45,1,170,10,0
27,1,56,9,0
78,0,31,8,0
50,0,52,59,0
66,0,26,40,0
40,1,129,69,0
84,0,39,80,0
67,0,143,5,0
49,1,115,75,1
34,0,20,45,0
32,0,132,63,0
30,0,135,56,0
45,0,81,66,0
80,0,52,30,0
23,1,180,14,0
86,1,81,12,0
83,1,147,11,0
19,0,34,37,0
73,1,169,91,0
68,1,189,64,0
78,1,142,77,0
73,1,146,46,0
33,0,84,6,0
88,0,51,80,0
55,0,168,53,0
89,0,112,3,0
51,1,48,35,0
73,0,156,20,0
39,1,55,30,0
52,0,34,71,0
49,1,26,26,1
26,1,107,45,0
81,1,166,48,0
54,0,23,77,0
26,1,82,26,0
47,0,178,39,0
21,1,190,64,0
21,1,109,35,0
60,1,41,65,0
76,1,88,46,0
86,1,153,66,0
85,1,135,32,0
22,1,161,2,0
24,0,22,98,0
48,0,72,14,1
44,1,168,82,0
18,1,163,2,0
52,1,40,79,1
28,0,90,30,0
60,1,159,99,0
43,1,155,5,0
51,0,33,24,1
87,0,144,52,0
72,0,88,47,0
75,0,103,6,0
45,0,33,24,1
27,0,45,84,0
71,0,34,20,1
26,1,160,100,0
76,1,111,81,0
43,1,100,54,0
30,1,65,3,0
51,1,190,33,0
76,1,56,37,0
25,1,145,90,0
51,0,56,7,0
72,0,50,100,0
70,0,102,21,0
68,0,150,36,0
90,1,131,97,0
64,1,41,53,1
18,1,151,45,0
31,0,110,8,0
37,0,73,39,0
34,1,173,60,0
37,0,146,83,0
88,1,114,55,0
58,0,42,48,0
24,0,82,82,1
43,1,82,83,1
62,1,75,64,0
84,1,200,42,0
24,0,111,40,0
78,0,29,46,0
55,0,153,93,0
64,1,57,50,1
85,1,185,37,0
35,0,200,55,0
50,0,144,49,0
27,0,180,85,0
27,1,139,84,0
24,0,32,78,1
90,1,22,88,0
53,1,84,84,0
26,0,161,64,0
69,1,178,21,0
72,1,46,31,0
25,1,126,46,1
87,1,22,57,0
27,0,161,91,0
71,0,168,22,0
44,1,185,79,0
63,0,145,59,0
29,0,69,56,1
72,0,40,72,0
47,0,65,52,1
70,0,33,57,1
18,0,50,12,0
63,1,177,51,0
43,0,170,68,0
37,0,41,34,0
55,1,164,77,0
22,0,194,9,0
50,1,67,20,1
85,0,116,89,0
24,0,128,97,0
74,1,98,55,0
87,0,50,78,0
85,1,177,53,0
33,1,89,58,0
57,1,45,74,0
30,1,103,9,0
44,1,115,84,1
88,0,128,18,0
86,0,118,28,0
52,1,182,35,0
64,0,29,50,1
79,0,170,5,0
61,0,157,5,0
66,0,29,7,0
41,0,101,12,0
20,0,41,47,1
58,1,99,93,0
79,0,44,55,0
26,1,198,31,0
24,1,82,19,1
86,1,99,41,0
90,1,65,68,0
21,0,114,59,0
49,1,64,69,0
38,1,98,21,0
30,1,147,93,0
65,0,110,49,1
75,1,126,5,0
76,0,89,73,0
55,0,144,5,0
81,0,177,99,0
41,0,107,20,1
49,0,175,68,0
52,0,33,61,0
19,1,119,79,1
35,0,40,13,0
36,0,75,72,0
78,0,134,10,0
42,1,29,40,0
54,0,105,67,0
64,1,80,92,0
86,1,130,2,0
83,0,193,7,0
63,0,192,13,0
54,0,79,13,0
25,0,78,72,1
64,1,85,13,0
88,1,160,37,0
78,0,152,82,0
36,0,64,17,0
35,1,162,70,0
66,0,67,100,0
21,0,51,5,0
21,1,110,95,0
74,0,56,23,0
84,1,99,76,0
51,1,140,73,0
67,0,160,37,0
32,0,56,34,0
24,1,192,36,0
21,1,143,41,0
78,1,71,54,0
64,0,148,92,0
82,0,24,32,0
19,1,30,13,1
79,1,157,84,0
40,0,151,49,0
53,1,121,64,0
53,1,117,44,0
59,0,65,5,0
55,1,196,49,0
72,0,62,15,0
32,0,116,16,0
64,1,181,75,0
34,0,40,11,0
86,0,102,100,0
87,0,58,19,0
71,1,23,98,0
82,1,170,1,0
28,0,131,61,0
76,0,153,2,0
19,1,163,92,0
88,1,66,87,0
28,1,29,81,1
80,1,92,75,0
54,1,44,24,0
30,1,152,69,0
51,1,149,50,0
69,1,141,55,0
21,0,22,52,1
77,0,94,91,0
43,1,67,28,1
48,0,41,36,0
26,0,60,66,0
22,0,199,30,0
37,0,132,52,0
49,0,37,89,0
19,0,51,94,0
70,1,150,73,0
88,1,166,77,0
18,1,40,49,1
79,1,116,54,0
63,1,192,45,0
53,0,107,77,0
20,0,183,38,0
68,0,140,2,0
26,1,136,84,0
32,1,118,38,0
34,1,50,57,0
79,0,189,13,0
69,0,95,25,0
30,0,112,21,0
30,1,32,70,0
89,1,135,67,0
41,0,23,93,0
52,1,78,65,0
44,0,26,82,1
46,1,134,53,0
37,0,147,60,0
67,1,35,62,0
37,0,102,15,0
18,1,164,15,0
35,0,186,85,0
62,0,21,61,0
84,0,147,7,0
90,0,91,67,0
85,1,33,93,0
19,1,151,9,0
40,1,85,93,0
22,1,83,25,0
53,0,141,45,0
66,1,151,98,0
29,0,60,94,0
75,1,36,52,0
89,0,103,84,0
36,0,25,76,0
48,0,96,32,0
68,1,172,56,0
27,1,91,40,0
59,0,117,63,0
41,1,196,28,0
29,1,23,87,1
52,0,54,43,0
63,1,44,83,0
23,0,159,53,0
69,0,158,79,0
56,1,83,53,0
64,0,185,54,0
62,0,148,88,0
27,0,159,72,0
30,1,133,82,0
77,0,133,67,0
61,0,95,25,0
35,0,132,97,0
40,0,25,23,1
18,1,99,24,0
25,1,63,46,1
72,0,173,34,0
67,0,44,56,0
67,0,192,22,0
63,1,63,68,0
78,1,138,1,0
51,1,61,86,0
76,0,59,76,0
21,1,158,74,0
66,1,141,38,0
29,1,133,62,0
74,1,178,55,0
90,1,144,91,0
89,0,80,84,0
60,0,102,85,0
21,1,96,96,0
38,1,70,7,0
68,1,138,14,0
30,0,200,51,0
32,1,38,52,0
52,1,190,3,0
18,1,114,72,0
33,0,169,3,0
81,0,169,15,0
38,0,75,46,1
90,0,162,11,0
72,0,53,20,0
18,1,143,77,0
74,1,158,86,0
47,1,136,7,0
44,1,83,48,1
30,0,53,87,0
68,0,185,23,0
59,0,149,39,0
69,0,102,89,0
65,1,70,72,1
61,0,76,70,0
88,0,150,74,0
81,1,196,90,0
22,1,70,26,1
44,0,105,23,0
88,0,95,60,0
67,0,129,72,0
73,1,119,60,0
59,0,125,99,0
30,0,93,13,0
32,0,179,100,0
31,1,80,73,0
42,0,178,94,0
47,0,101,37,0
85,0,61,63,0
22,1,169,42,0
42,0,34,76,1
61,0,196,55,0
74,1,37,40,0
44,1,43,4,0
27,1,101,13,0
42,0,150,84,0
51,0,125,54,1
25,1,198,90,0
34,0,65,22,0
66,0,23,49,1
83,1,92,91,0
72,0,154,38,0
34,1,38,48,0
33,0,38,36,0
59,1,125,14,0
87,1,103,33,0
57,0,157,79,0
25,1,120,5,0
42,0,175,63,0
25,0,35,80,1
73,1,167,62,0
19,0,116,59,0
43,0,86,29,0
21,0,115,14,1
78,1,190,67,0
63,0,122,87,1
21,1,78,89,0
85,0,37,86,0
79,0,133,80,0
62,0,63,48,1
40,1,125,46,1
56,0,151,1,0
50,0,60,81,1
42,1,85,21,0
27,1,192,10,0
19,1,196,95,0
59,1,124,46,0
44,0,57,50,1
85,0,127,33,0
40,0,192,50,0
83,0,28,38,0
36,0,93,92,0
69,0,143,5,0
86,0,166,36,0
48,0,187,72,0
71,0,109,33,0
57,1,190,34,0
70,1,89,37,0
28,0,142,27,0
83,1,36,22,0
84,1,157,91,0
34,0,72,21,0
58,0,30,75,0
64,1,124,73,1
55,1,157,36,0
68,1,40,39,0
40,0,149,70,0
52,1,130,98,0
83,0,34,45,0
68,0,71,36,0
66,1,172,53,0
76,1,86,34,0
74,1,108,55,0
69,0,136,80,0
38,0,89,60,0
89,0,139,95,0
57,0,76,93,0
47,0,56,98,0
89,1,187,89,0
18,0,101,45,0
33,0,76,35,0
70,1,62,16,1
27,0,146,15,0
41,1,115,2,0
60,1,51,36,0
50,0,159,3,0
65,1,120,90,0
42,0,181,5,0
87,0,109,6,0
68,1,77,67,0
27,1,110,58,0
30,1,48,87,0
23,0,50,50,0
44,0,78,12,1
24,1,96,58,0
22,0,160,71,0
90,1,29,8,0
57,1,180,27,0
21,1,71,46,1
90,1,100,54,0
45,0,125,69,0
71,0,100,47,0
44,1,59,53,1
84,0,184,69,0
46,1,184,11,0
80,1,83,82,0
26,0,22,96,0
71,0,166,77,0
75,0,129,70,0
39,0,30,65,0
52,1,94,40,0
73,1,182,49,0
78,0,86,17,0
84,0,35,8,0
26,1,43,43,0
69,1,121,70,0
78,0,126,99,0
62,1,154,71,0
84,1,117,58,0
18,0,71,7,0
82,0,182,47,0
80,1,72,26,0
72,0,197,54,0
74,1,24,35,0
57,0,45,58,0
39,0,57,66,0
70,0,104,28,0
19,0,122,36,0
25,0,198,3,0
56,1,87,58,0
36,0,43,36,0
31,0,130,17,0
81,1,85,100,0
23,1,32,68,0
69,0,151,76,0
51,1,60,63,0
88,0,39,48,0
29,1,41,58,0
75,1,137,83,0
68,0,116,97,0
87,1,130,22,0
90,1,49,83,0
58,1,86,9,0
34,1,33,64,0
79,0,171,91,0
81,1,87,27,0
86,1,196,66,0
27,0,22,77,1
79,0,181,81,0
44,1,79,45,1
47,0,44,73,0
25,0,146,79,0
37,0,149,69,0
86,1,198,18,0
38,1,147,96,0
85,0,197,3,0
21,0,45,55,0
66,0,27,10,0
18,0,179,86,0
46,1,178,21,0
39,0,109,78,1
60,0,128,65,0
74,0,139,60,0
69,1,65,98,0
25,1,133,22,1
21,0,47,1,0
34,0,87,93,0
31,1,168,27,0
47,1,188,49,0
35,1,120,71,0
30,1,172,98,0
49,0,64,24,1
44,0,173,81,0
55,0,123,99,0
49,0,163,28,0
20,1,79,17,1
43,1,66,15,1
19,0,28,23,1
24,1,67,81,1
86,0,56,56,0
75,1,76,53,0
78,1,120,68,0
84,0,106,47,0
54,1,138,82,0
40,0,184,99,0
22,1,173,29,0
18,0,174,4,0
70,0,132,82,1
86,0,103,21,0
20,0,23,81,1
72,0,90,12,0
54,1,174,91,0
61,1,109,37,0
74,0,146,77,0
57,0,149,53,0
33,0,90,71,0
75,0,64,69,0
86,0,190,46,0
59,0,84,8,0
25,0,46,64,0
22,0,151,71,0
90,1,86,29,0
69,1,167,90,0
47,1,66,60,0
21,1,142,5,0
51,1,47,64,0
46,0,180,62,0
73,1,33,48,1
66,1,103,63,0
62,0,58,66,0
53,0,175,54,0
36,1,110,87,0
40,0,156,48,0
81,1,146,62,0
49,0,28,23,1
50,1,163,16,0
67,1,101,19,0
66,1,89,26,0
29,0,43,51,1
88,1,34,35,0
85,0,61,78,0
80,0,88,39,0
35,0,71,79,0
65,0,106,13,0
83,0,180,32,0
50,1,196,92,0
87,0,99,11,0
30,1,27,25,0
39,0,157,42,0
44,0,160,19,0
75,1,135,54,0
31,0,165,70,0
79,1,71,11,0
88,1,176,8,0
65,1,48,38,0
47,0,164,20,0
48,1,50,62,0
41,1,94,26,0
30,0,110,68,0
38,1,138,83,0
56,0,117,92,0
67,0,148,92,0
63,1,184,37,0
90,0,73,82,0
32,0,39,9,0
48,1,108,45,0
84,1,64,42,0
75,1,168,87,0
27,0,62,5,0
66,0,43,28,0
46,0,179,73,0
36,1,154,93,0
50,0,182,91,0
49,0,78,18,1
66,1,74,57,1
55,0,61,50,0
38,1,65,90,0
45,1,113,2,0
23,1,199,59,0
29,1,29,39,0
84,0,162,39,0
34,0,31,30,0
56,0,119,1,0
29,0,163,21,0
89,1,120,47,0
27,1,109,46,1
20,0,79,51,1
41,0,183,15,0
87,0,155,8,0
73,0,81,92,0
67,0,197,47,0
20,1,120,30,0
42,0,92,76,0
23,1,155,85,0
28,1,155,17,0
90,1,33,32,0
76,0,95,53,0
28,1,80,95,0
59,1,155,72,0
58,1,33,64,0
27,0,110,51,1
73,0,83,93,0
59,0,185,14,0
81,0,66,41,0
90,0,43,24,0
84,0,151,98,0
37,1,149,9,0
78,0,129,15,0
81,0,186,23,0
50,1,95,45,0
26,1,39,49,1
81,1,170,97,0
81,1,135,95,0
32,1,148,83,0
60,0,199,78,0
86,0,131,93,0
52,1,184,93,0
45,1,187,91,0
74,0,187,80,0
43,1,173,1,0
88,1,124,19,0
49,0,68,46,1
81,0,154,39,0
59,0,72,18,0
62,1,53,52,0
53,0,42,19,0
58,0,30,82,0
86,1,96,74,0
61,1,76,93,0
51,0,194,88,0
82,0,48,63,0
27,0,152,72,0
52,1,172,23,0
86,1,177,32,0
75,0,100,41,0
29,1,195,27,0
79,0,171,70,0
29,0,109,63,0
41,0,127,23,1
18,0,102,50,0
54,0,79,75,0
85,0,38,43,0
71,0,20,26,0
60,0,132,21,1
53,0,160,72,0
60,0,79,15,1
59,1,164,42,0
48,1,115,54,1
32,1,113,27,0
59,1,46,86,0
81,1,124,62,0
79,0,78,39,0
66,0,188,48,0
30,0,177,70,0
39,0,102,77,0
35,0,182,99,0
77,0,40,42,0
82,0,22,81,0
68,0,155,75,0
65,1,199,78,0
52,1,192,3,0
67,1,127,68,0
73,0,183,55,0
22,1,79,78,1
85,1,127,98,0
31,0,183,1,0
61,1,154,43,0
39,0,129,78,1
70,0,68,46,1
35,0,109,46,0
72,0,129,37,0
21,0,29,28,1
69,0,116,71,0
58,0,83,17,0
53,1,33,6,0
76,0,188,34,0
70,1,180,47,0
75,0,69,70,0
82,0,23,74,0
21,0,119,25,1
24,1,78,32,0
65,1,71,80,1
26,1,170,65,0
74,1,197,16,0
84,0,147,37,0
79,1,99,33,0
34,0,31,17,0
71,0,154,97,0
19,0,164,76,0
73,1,189,55,0
69,0,176,47,0
72,0,199,52,0
51,1,148,45,0
68,1,24,85,1
26,0,149,89,0
36,1,21,65,0
46,0,33,15,1
45,1,38,84,1
78,0,172,39,0
23,0,188,33,0
73,0,20,93,0
43,1,186,39,0
39,0,57,71,0
42,0,101,8,0
55,0,95,47,0
44,1,37,17,1
39,1,176,57,0
61,0,97,66,0
71,0,98,27,0
31,1,76,33,0
38,0,104,52,0
76,0,59,39,0
41,1,173,20,0
77,0,108,61,0
48,1,112,55,1
48,1,110,47,1
86,1,42,57,0
74,0,41,77,0
27,0,47,23,0
28,1,152,85,0
56,1,174,40,0
32,0,24,12,0
43,1,94,13,0
32,0,75,29,0
26,1,131,71,0
54,1,180,16,0
45,0,102,52,0
67,1,38,81,1
43,0,56,73,0
79,1,110,84,0
78,0,99,25,0
33,0,47,31,0
33,1,117,1,0
56,0,188,47,0
36,1,156,50,0
68,1,113,93,0
28,1,137,27,0
69,1,135,75,0
69,1,79,45,1
81,1,189,32,0
36,1,197,64,0
55,1,143,92,0
19,0,121,40,0
75,0,65,43,0
32,1,84,45,0
78,0,192,94,0
67,1,144,20,0
67,0,168,44,0
48,1,72,52,1
36,1,188,50,0
64,0,163,8,0
63,0,197,86,0
37,0,128,66,0
89,1,113,15,0
76,1,137,88,0
31,1,28,48,0
29,0,97,39,0
31,0,140,57,0
71,1,130,96,0
83,1,86,3,0
75,1,133,22,0
48,1,143,30,0
81,0,137,67,0
28,1,96,55,0
26,1,128,40,0
38,1,47,71,0
84,0,199,79,0
83,1,39,68,0
53,0,31,49,1
41,1,137,72,0
48,0,198,72,0
35,1,191,9,0
83,0,106,25,0
51,1,27,8,0
25,0,24,82,1
80,0,56,72,0
83,1,108,46,0
47,1,132,55,1
26,1,86,59,0
34,1,135,87,0
80,1,68,79,0
29,1,81,43,0
38,0,198,22,0
81,0,179,67,0
27,1,90,23,0
28,1,175,51,0
41,1,84,41,0
57,0,62,57,0
28,0,61,47,1
46,1,67,99,0
90,0,153,95,0
79,1,102,62,0
86,1,176,81,0
20,0,104,45,0
79,1,27,24,0
79,1,101,40,0
28,1,164,16,0
30,0,178,18,0
49,1,39,72,0
20,0,104,73,0
70,0,171,42,0
74,1,109,24,0
49,0,42,8,0
58,0,174,51,0
86,0,44,81,0
23,1,173,63,0
86,0,118,10,0
46,0,195,90,0
63,0,68,34,0
35,0,145,25,0
32,0,127,9,0
86,0,58,80,0
82,1,136,71,0
56,1,168,65,0
26,0,25,54,1
58,0,124,66,0
71,0,34,61,0
28,1,68,63,0
56,0,90,56,0
21,1,137,19,0
59,0,96,39,0
73,1,23,89,0
30,0,69,40,0
18,1,39,94,0
72,1,104,68,0
77,0,169,80,0
83,0,171,77,0
58,1,67,16,0
43,0,108,16,1
78,0,136,14,0
88,0,155,61,0
83,1,73,53,0
72,1,63,30,0
71,1,74,81,1
35,1,123,86,0
86,1,79,43,0
90,1,142,94,0
45,1,49,19,0
63,0,124,31,0
56,0,178,18,0
27,0,185,16,0
83,1,35,25,0
27,0,66,43,1
81,1,168,54,0
79,0,194,4,0
85,0,100,92,0
37,0,75,89,0
47,0,184,65,0
19,1,120,40,0
79,1,46,67,0
81,0,130,96,0
80,1,175,27,0
71,0,34,91,0
90,1,85,79,0
51,0,148,76,0
46,1,72,28,1
43,1,120,50,1
70,0,141,17,0
56,1,90,82,0
51,1,108,29,0
49,1,171,25,0
72,0,77,15,0
88,1,31,39,0
47,1,58,98,0
84,1,24,100,0
29,0,91,65,0
75,0,171,99,0
49,1,70,95,0
88,1,198,66,0
67,0,93,22,0
35,0,105,69,0
53,0,123,77,1
71,1,54,24,0
35,0,105,9,0
77,1,72,41,0
74,0,145,73,0
46,0,87,70,0
31,1,140,49,0
20,0,191,96,0
55,0,74,94,0
84,0,37,88,0
21,0,88,28,0
53,1,79,23,0
74,0,103,40,0
82,0,27,48,0
54,0,114,94,0
81,0,142,34,0
78,0,101,50,0
50,0,53,33,0
49,1,79,36,0
82,1,191,71,0
37,1,100,83,0
25,1,197,26,0
59,1,27,79,0
62,1,53,73,0
30,1,108,69,0
32,0,176,14,0
48,1,25,31,0
78,0,60,48,0
26,1,178,66,0
42,1,109,37,0
78,0,72,19,0
40,1,25,21,1
30,1,81,22,0
27,0,125,15,1
20,1,195,3,0
79,0,101,93,0
44,1,87,25,0
78,1,184,98,0
48,0,162,23,0
79,1,51,43,0
55,0,188,29,0
19,0,45,59,0
67,1,152,18,0
26,1,117,3,0
89,1,37,20,0
30,1,198,11,0
29,1,160,82,0
50,1,156,80,0
81,1,171,15,0
65,1,107,94,0
72,1,59,92,0
29,0,61,96,0
70,0,194,70,0
24,0,170,37,0
81,0,74,81,0
87,1,123,74,0
35,1,45,6,0
90,1,192,70,0
45,1,199,26,0
26,1,199,36,0
49,0,187,94,0
50,1,183,80,0
61,0,151,38,0
61,1,156,83,0
18,1,162,63,0
41,0,181,53,0
77,0,34,54,0
60,0,55,75,0
89,0,149,7,0
85,0,129,53,0
56,1,164,30,0
54,1,114,17,0
75,0,108,37,0
66,1,104,80,0
36,0,182,76,0
81,1,57,92,0
37,1,75,78,1
36,0,50,27,0
76,1,91,47,0
68,1,155,75,0
56,1,177,26,0
87,1,153,22,0
80,1,184,88,0
26,1,44,35,0
40,0,109,72,0
89,1,53,87,0
67,1,130,46,1
24,1,83,97,0
51,1,153,81,0
47,1,179,51,0
19,1,180,40,0
30,1,76,89,0
19,1,61,91,0
83,0,184,76,0
79,1,134,33,0
56,0,104,89,0
83,1,28,90,0
68,1,170,91,0
26,0,200,37,0
36,0,44,19,0
73,0,82,44,0
64,0,196,44,0
49,1,177,92,0
85,1,26,96,0
68,1,145,87,0
39,0,62,88,0
45,1,139,21,0
59,0,131,69,0
83,0,130,14,0
37,1,70,12,0
31,0,94,70,0
73,0,50,24,0
79,0,99,6,0
26,0,124,37,0
29,1,103,90,0
39,0,103,66,0
61,1,187,89,0
46,0,190,65,0
80,1,57,79,0
54,0,89,73,0
48,1,165,70,0
45,0,195,67,0
57,0,113,3,0
31,0,45,9,0
69,1,190,61,0
70,1,96,5,0
43,1,197,89,0
24,1,192,72,0
18,1,171,41,0
58,1,124,59,0
57,1,111,11,0
60,1,52,92,0
18,0,126,62,0
52,1,84,21,0
73,1,96,25,0
70,0,51,2,0
39,0,27,95,0
86,0,53,60,0
49,1,85,70,0
55,1,174,91,0
22,0,51,65,0
62,1,37,62,0
55,0,27,40,0
47,1,174,72,0
83,1,200,94,0
22,1,187,99,0
61,0,197,93,0
54,0,166,58,0
74,0,81,81,0
81,0,99,80,0
22,0,107,12,0
89,0,63,74,0
87,1,20,91,0
85,1,161,13,0
19,1,27,36,0
19,0,108,32,0
89,0,115,78,0
29,0,38,90,0
22,0,59,99,0
47,0,165,69,0
65,0,148,90,0
65,0,68,78,1
81,1,151,19,0
57,0,81,87,0
55,0,186,8,0
83,0,135,75,0
52,1,144,46,0
49,1,65,92,0
67,0,24,92,0
62,1,129,98,0
25,0,114,41,0
45,1,147,54,0
37,1,59,65,0
22,1,45,20,0
67,0,104,50,0
46,1,91,82,0
73,1,145,1,0
29,0,145,82,0
50,0,119,82,1
79,0,150,54,0
28,0,89,3,0
19,1,97,87,0
70,1,152,77,0
84,0,96,20,0
63,0,102,4,0
90,0,100,88,0
82,0,61,43,0
74,1,171,15,0
50,1,123,49,1
50,1,82,11,0
39,1,35,59,0
67,0,152,56,0
88,1,54,85,0
64,1,174,92,0
64,0,44,44,0
86,1,93,37,0
55,0,48,94,0
59,1,113,67,0
77,1,126,64,0
88,1,78,72,0
42,1,23,82,1
69,0,33,75,1
83,0,185,76,0
88,0,198,37,0
60,0,182,38,0
43,1,91,81,0
72,0,156,9,0
70,1,58,82,1
62,1,174,35,0
84,1,48,38,0
78,1,142,5,0
22,1,52,38,0
87,0,69,34,0
26,0,35,19,1
69,1,113,21,1
65,0,62,94,0
89,0,25,5,0
81,1,54,62,0
62,1,152,91,0
37,1,121,95,0
30,1,154,24,0
27,0,81,40,0
69,0,106,12,0
39,0,193,54,0
26,1,74,25,1
42,0,181,11,0
90,0,119,30,0
75,1,131,42,0
32,0,27,36,0
21,1,195,9,0
28,1,31,74,1
21,0,26,60,0
55,1,103,67,0
78,1,84,82,0
42,0,100,39,0
28,0,37,48,1
39,1,152,32,0
77,1,102,7,0
61,0,169,18,0
26,0,165,1,0
21,0,55,84,0
82,0,132,55,0
67,1,53,40,0
71,0,122,7,0
32,0,58,33,0
67,1,89,87,0
69,1,188,50,0
65,0,107,55,0
21,1,169,56,0
32,0,116,91,0
34,0,133,2,0
20,1,133,26,0
68,1,180,10,0
75,0,175,82,0
45,0,170,31,0
85,1,133,4,0
41,0,187,60,0
76,1,68,60,0
23,0,74,96,0
67,1,133,16,0
31,1,57,17,0
89,1,105,27,0
57,0,78,95,0
18,0,123,44,1
60,0,47,39,0
86,1,172,97,0
60,0,75,61,0
41,1,96,29,0
77,0,111,66,0
37,1,29,57,0
61,1,88,21,0
71,1,98,70,0
36,1,63,31,0
44,0,145,12,0
67,0,131,68,0
44,1,137,9,0
34,1,65,90,0
80,0,84,7,0
74,1,192,32,0
85,0,198,73,0
81,1,84,1,0
70,1,37,21,1
34,0,169,68,0
53,0,28,52,1
25,1,57,70,0
38,1,49,43,0
55,0,51,77,0
72,0,67,75,1
19,0,117,95,0
62,1,108,18,1
61,1,155,81,0
61,1,187,76,0
22,1,141,74,0
46,1,35,24,1
76,1,34,40,0
70,1,46,39,0
37,0,70,52,1
32,1,177,14,0
83,0,84,39,0
21,1,23,93,0
76,1,73,13,0
61,1,146,92,0
29,0,192,73,0
49,1,130,84,1
38,0,106,85,0
70,0,61,53,1
76,1,184,79,0
33,1,142,65,0
75,0,47,72,0
47,0,125,82,1
90,0,127,11,0
58,0,145,29,0
58,0,97,21,0
36,0,135,71,0
47,1,191,58,0
23,1,162,3,0
20,0,143,29,0
37,1,21,77,0
29,1,109,70,0
65,0,145,49,0
34,1,110,18,0
21,0,136,1,0
77,0,100,9,0
34,0,59,41,0
66,1,145,53,0
47,1,154,35,0
55,1,29,15,0
65,0,119,63,0
61,1,155,79,0
57,0,140,60,0
87,1,22,59,0
76,1,68,60,0
44,0,192,15,0
50,0,168,48,0
59,0,148,94,0
70,1,186,12,0
51,0,54,83,0
70,1,161,96,0
37,1,78,79,1
64,0,124,12,1
72,0,27,93,0
73,0,141,28,0
72,0,120,18,1
83,1,196,59,0
51,1,187,2,0
38,0,39,93,0
69,1,159,44,0
54,0,97,45,0
80,0,84,50,0
60,0,99,31,0
52,1,176,52,0
52,1,26,65,0
27,1,73,65,0
55,1,92,96,0
37,0,134,11,0
63,0,129,45,1
42,1,138,66,0
80,0,105,14,0
73,1,117,75,1
86,1,125,20,0
48,0,176,17,0
58,1,164,97,0
59,1,196,44,0
25,1,58,55,1
41,0,157,81,0
71,1,148,41,0
50,1,43,58,0
41,1,124,79,1
21,1,155,99,0
62,1,113,91,0
45,0,80,87,1
85,0,28,34,0
64,1,110,58,0
69,1,62,24,1
67,1,94,28,0
83,1,64,70,0
64,0,62,10,0
84,0,82,86,0
68,1,125,96,0
39,1,197,88,0
54,0,40,38,0
38,0,131,71,0
55,1,128,91,0
54,1,133,58,0
65,1,194,19,0
68,0,110,63,0
80,0,157,92,0
36,1,184,18,0
81,1,89,83,0
44,0,80,79,1
43,1,180,85,0
66,0,80,87,1
68,1,144,16,0
74,1,126,59,0
47,1,133,58,0
56,0,153,47,0
57,1,26,65,0
39,1,82,32,0
37,1,199,27,0
74,0,133,20,0
61,1,176,3,0
45,1,52,9,0
45,0,71,10,0
73,0,120,49,1
22,1,111,28,0
87,0,52,24,0
87,0,58,56,0
55,0,146,88,0
68,0,112,100,0
43,0,51,54,0
19,1,125,72,0
21,0,38,71,0
40,1,26,32,0
24,1,113,19,1
66,1,190,3,0
27,1,32,94,0
19,0,125,87,0
72,0,177,85,0
32,1,64,9,0
47,0,50,53,0
61,1,162,85,0
84,1,121,53,0
71,1,199,48,0
57,0,52,39,0
76,1,119,3,0
68,1,61,65,0
75,1,154,3,0
42,0,103,6,0
53,1,26,32,0
67,0,122,90,0
61,0,155,52,0
54,1,99,39,0
33,1,102,59,0
56,0,190,97,0
67,1,193,81,0
61,1,67,21,1
84,1,181,63,0
47,0,150,64,0
20,1,129,67,0
44,1,155,12,0
69,0,197,44,0
58,1,56,41,0
80,0,49,66,0
90,0,200,8,0
51,1,74,92,0
45,1,115,82,1
83,0,140,28,0
23,0,141,76,0
52,1,146,96,0
37,0,100,1,0
78,1,130,24,0
71,1,157,53,0
43,1,23,32,0
61,0,148,79,0
38,1,125,52,1
65,0,62,87,1
72,1,180,75,0
57,0,192,100,0
21,1,56,48,0
38,1,168,72,0
39,1,96,100,0
63,1,172,36,0
90,1,58,29,0
79,1,176,93,0
37,0,155,42,0
39,0,76,11,0
32,1,108,89,0
67,1,57,28,0
29,0,104,8,0
51,0,130,4,0
43,0,180,11,0
71,0,86,93,0
52,0,25,22,1
77,1,93,97,0
34,0,176,95,0
52,0,175,54,0
79,1,20,74,0
49,1,177,61,0
33,0,151,43,0
85,1,121,34,0
35,0,74,83,0
52,0,115,82,1
25,0,43,6,0
25,0,168,57,0
44,1,177,39,0
38,0,128,96,0
77,1,79,90,0
20,0,170,2,0
68,1,172,58,0
38,1,93,20,0
53,0,136,46,0
84,0,125,32,0
30,1,56,54,0
58,1,76,76,0
41,1,196,47,0
41,1,48,4,0
26,1,120,9,0
41,1,105,73,0
30,1,198,64,0
42,0,151,49,0
42,0,149,58,0
74,0,152,18,0
90,0,89,100,0
20,0,36,12,0
36,0,135,64,0
27,1,61,19,1
70,1,110,75,1
28,1,79,51,1
88,1,81,46,0
64,1,42,15,1
32,0,166,38,0
68,0,23,36,0
42,0,165,60,0
42,0,72,63,0
74,1,183,83,0
87,0,171,90,0
38,1,122,42,0
65,1,174,7,0
30,1,181,44,0
20,0,102,6,0
88,0,69,25,0
34,1,166,1,0
65,0,58,97,0
62,0,178,27,0
38,0,107,4,0
36,1,46,75,0
88,1,170,99,0
79,0,59,85,0
42,1,116,56,1
24,1,84,51,1
18,1,176,5,0
60,0,108,34,0
81,0,40,87,0
56,0,65,83,0
24,0,73,65,0
26,0,146,5,0
34,0,21,62,0
22,1,82,64,0
54,0,103,63,0
37,0,129,47,0
28,1,77,74,1
63,0,182,83,0
50,0,33,36,0
49,0,73,60,0
22,0,183,98,0
62,0,167,37,0
22,1,152,79,0
29,1,104,70,0
72,0,122,37,0
25,0,92,6,0
59,1,132,36,0
26,0,190,11,0
63,1,122,98,0
69,0,28,77,1
89,1,196,84,0
77,0,142,11,0
83,1,136,21,0
81,1,87,43,0
29,0,57,61,0
79,0,82,16,0
39,0,139,26,0
56,0,51,38,0
43,1,147,39,0
60,1,35,21,1
56,0,32,39,0
88,0,159,3,0
90,1,186,100,0
60,0,199,33,0
73,1,63,87,0
56,0,153,39,0
57,0,60,64,0
87,0,50,38,0
55,0,123,55,0
70,1,158,31,0
51,1,149,65,0
63,0,105,40,0
60,0,27,87,1
81,0,86,28,0
43,1,55,38,0
87,1,69,38,0
22,0,58,33,0
63,1,31,50,1
46,0,106,11,0
67,0,126,51,1
21,0,36,79,1
74,1,20,69,0
58,0,74,76,0
31,0,93,99,0
83,0,60,10,0
74,0,119,6,0
20,1,121,51,1
79,0,111,65,0
51,1,21,44,0
73,1,193,62,0
54,0,117,57,0
50,0,146,34,0
84,0,110,23,0
27,0,85,49,0
48,0,105,23,0
80,0,32,9,0
52,1,60,89,0
69,0,158,39,0
30,1,66,65,0
51,1,139,71,0
61,1,24,60,0
50,1,112,48,1
36,1,150,76,0
52,0,169,34,0
84,0,182,39,0
60,1,171,56,0
36,1,80,91,0
61,1,101,20,0
79,1,168,32,0
41,0,184,36,0
32,0,164,44,0
25,1,124,88,1
74,0,74,67,0
87,0,174,26,0
46,1,119,5,0
82,0,102,79,0
20,1,174,83,0
26,0,108,90,0
58,1,22,35,0
85,1,52,63,0
47,1,60,57,0
78,1,21,15,0
86,0,155,43,0
61,0,45,2,0
80,1,173,59,0
75,0,195,49,0
37,0,105,20,0
52,1,141,59,0
61,1,69,31,0
88,0,37,68,0
80,0,38,85,0
31,0,51,29,0
51,0,95,71,0
49,0,186,22,0
81,0,95,23,0
74,0,69,40,0
23,1,24,91,0
63,1,49,3,0
23,0,194,91,0
90,0,190,63,0
77,0,158,36,0
33,0,116,45,0
85,0,197,9,0
52,0,128,61,0
45,1,141,99,0
40,0,105,45,0
51,1,116,64,0
89,1,40,98,0
79,0,44,76,0
87,0,91,12,0
26,0,195,37,0
72,0,51,63,0
85,0,70,21,0
52,0,123,95,0
77,1,44,90,0
73,0,141,6,0
43,0,175,76,0
77,1,95,45,0
56,1,183,11,0
62,0,124,73,1
76,1,95,87,0
48,0,86,54,0
36,0,26,15,0
31,0,180,50,0
68,1,168,30,0
57,1,137,75,0
33,1,161,29,0
67,0,171,28,0
26,1,55,4,0
63,0,129,1,0
82,1,135,61,0
48,1,33,15,1
74,1,145,32,0
69,0,146,94,0
77,0,142,95,0
83,0,149,83,0
34,1,25,43,0
42,0,166,63,0
51,1,143,46,0
72,1,142,94,0
60,0,115,49,1
48,1,175,90,0
55,1,83,46,0
62,1,95,43,0
84,1,180,23,0
48,0,67,58,1
83,1,20,19,0
66,0,160,48,0
61,0,84,72,0
30,0,30,10,0
30,1,147,36,0
43,0,32,73,1
85,1,32,9,0
71,1,140,51,0
24,0,125,55,1
39,0,132,32,0
72,0,47,28,0
22,1,54,78,0
49,1,47,27,0
88,1,77,97,0
70,1,178,41,0
41,0,95,64,0
87,0,28,91,0
69,1,50,52,0
33,0,173,58,0
89,0,79,22,0
43,0,41,71,0
46,1,102,51,0
58,1,123,65,0
89,1,50,97,0
59,1,172,42,0
88,1,51,24,0
40,0,159,45,0
57,1,103,20,0
77,0,182,53,0
62,0,193,69,0
77,1,149,22,0
35,1,181,79,0
75,0,196,26,0
42,0,158,37,0
48,0,107,45,0
44,0,60,86,1
63,1,175,75,0
62,0,193,93,0
74,0,120,47,1
65,0,36,25,1
24,0,65,45,1
52,1,36,63,0
80,0,116,21,0
29,1,185,38,0
43,0,148,33,0
53,0,187,14,0
41,0,98,48,0
80,1,113,91,0
43,0,65,99,0
74,0,128,76,0
19,1,104,75,0
21,0,176,47,0
66,0,162,67,0
69,1,35,93,0
57,0,47,92,0
30,1,37,32,0
44,0,131,35,0
20,1,152,49,0
83,0,118,23,0
32,1,138,99,0
27,0,121,45,1
20,1,108,4,0
67,0,128,95,0
60,0,164,20,0
29,1,69,40,0
19,0,182,76,0
51,1,79,21,1
87,1,64,10,0
63,0,110,96,0
72,1,166,13,0
53,0,120,88,0
41,0,59,14,0
29,0,194,65,0
47,1,124,1,0
63,0,119,78,1
21,1,121,32,0
85,0,106,8,0
59,1,107,93,0
45,0,37,96,0
29,1,30,11,0
42,1,78,46,1
81,1,52,21,0
67,0,51,26,0
50,0,181,34,0
18,1,163,78,0
89,0,78,38,0
27,1,178,88,0
86,0,190,14,0
51,0,27,7,0
85,1,167,45,0
63,1,76,45,1
67,1,176,45,0
26,0,109,25,1
59,1,36,58,0
53,0,45,35,0
49,1,142,96,0
47,1,89,44,0
82,0,191,91,0
38,0,68,26,1
80,0,149,74,0
53,1,155,67,0
56,0,39,51,0
72,0,174,66,0
33,0,20,35,0
43,1,118,28,1
41,0,25,87,1
51,1,111,48,1
25,1,95,95,0
63,1,176,84,0
60,1,197,63,0
59,0,145,98,0
57,0,30,38,0
61,0,131,20,1
51,1,198,92,0
74,0,35,70,0
54,0,181,6,0
42,0,127,78,1
67,0,85,70,0
44,0,177,25,0
37,1,167,56,0
40,1,30,78,1
33,0,141,95,0
70,1,155,97,0
67,0,144,53,0
50,0,187,41,0
72,1,70,1,0
27,0,60,46,1
62,0,111,2,0
89,1,99,58,0
78,0,102,70,0
77,1,109,33,0
77,0,192,78,0
42,1,184,76,0
90,0,111,89,0
61,0,64,34,0
80,1,189,46,0
59,0,78,87,0
42,0,46,17,0
32,1,193,34,0
33,1,71,6,0
88,1,124,98,0
89,0,144,14,0
40,1,181,86,0
76,0,90,57,0
51,0,189,1,0
29,0,88,30,0
60,1,142,94,0
39,0,49,93,0
65,0,197,80,0
55,0,96,30,0
30,1,131,36,0
87,1,55,27,0
34,1,136,36,0
73,0,59,23,0
90,0,140,17,0
19,1,105,47,0
81,1,118,96,0
27,0,84,51,1
45,1,132,53,1
28,1,51,64,0
74,1,185,35,0
21,1,184,40,0
88,1,166,38,0
34,1,53,88,0
55,0,122,6,0
25,1,163,97,0
19,0,99,81,0
40,0,146,89,0
41,0,152,59,0
76,1,72,15,0
66,1,160,59,0
18,1,119,47,1
46,0,95,91,0
37,1,38,33,0
41,0,69,61,0
77,0,158,12,0
19,1,173,89,0
36,0,55,22,0
22,1,62,75,1
28,1,86,87,0
58,1,43,2,0
69,0,34,4,0
62,1,82,50,1
30,1,126,18,0
51,0,87,13,0
27,1,129,59,0
74,0,30,14,0
77,0,151,26,0
70,0,199,72,0
33,0,193,30,0
63,1,155,13,0
65,0,29,62,0
48,0,43,9,0
41,0,63,18,1
29,1,196,28,0
18,0,67,27,0
58,0,157,88,0
67,0,22,14,1
68,0,181,29,0
46,1,37,71,0
81,0,194,36,0
47,1,150,39,0
62,0,28,62,0
78,1,136,52,0
42,1,102,32,0
26,0,175,72,0
71,0,125,12,0
75,1,148,60,0
40,0,182,8,0
44,1,160,56,0
52,1,129,70,0
42,1,142,55,0
84,0,52,100,0
67,1,118,88,1
39,1,153,5,0
77,0,28,94,0
29,1,105,66,0
44,0,48,62,0
78,1,40,58,0
65,0,102,1,0
60,1,61,46,1
18,1,149,13,0
64,0,127,31,0
47,1,47,86,0
59,0,87,84,0
60,0,81,59,0
36,1,186,7,0
34,1,75,98,0
38,1,172,52,0
88,1,66,25,0
24,1,43,77,1
73,0,113,67,0
74,1,39,73,0
82,0,182,1,0
79,1,116,79,0
81,0,136,89,0
22,0,77,29,0
74,0,150,45,0
35,0,30,3,0
59,0,75,57,0
52,1,184,54,0
19,0,134,57,0
85,1,192,21,0
52,1,80,28,0
46,1,124,27,1
34,1,55,86,0
78,1,136,70,0
64,0,59,72,0
82,0,48,97,0
72,0,50,16,0
46,1,47,47,0
67,0,82,80,1
32,1,86,28,0
67,1,173,42,0
80,0,108,6,0
48,0,58,23,1
79,0,99,36,0
83,0,56,40,0
80,0,92,93,0
83,0,108,71,0
87,0,98,79,0
82,1,65,71,0
54,1,180,55,0
50,1,32,9,0
86,0,172,49,0
25,0,104,87,0
44,1,105,69,0
69,0,178,53,0
47,0,173,85,0
43,0,185,99,0
18,0,158,64,0
33,1,129,34,0
47,0,88,43,0
47,1,38,12,0
57,0,180,75,0
30,1,65,50,0
70,0,124,73,1
28,0,132,70,0
56,1,188,50,0
35,1,93,93,0
55,1,21,8,0
29,0,133,23,0
57,0,71,24,0
53,0,178,82,0
61,1,79,14,1
76,0,133,25,0
50,0,23,75,1
39,0,134,42,0
33,0,44,15,0
27,0,31,29,1
51,1,51,80,0
90,1,135,63,0
20,1,128,77,1
44,1,144,45,0
84,0,85,81,0
75,1,154,44,0
52,1,165,26,0
66,0,115,98,0
70,1,90,85,0
52,1,127,19,1
74,0,119,40,0
77,1,107,34,0
45,0,154,35,0
31,1,56,46,0
30,0,51,3,0
86,1,187,91,0
60,0,60,23,1
54,0,29,66,0
84,1,40,93,0
67,0,36,41,0
45,0,39,74,1
32,0,49,33,0
63,1,58,53,1
37,1,28,54,1
53,0,121,50,1
29,1,180,76,0
42,0,199,79,0
72,1,108,49,0
44,0,163,12,0
62,0,98,57,0
64,0,20,76,1
64,1,179,12,0
53,1,105,47,0
41,0,191,8,0
27,0,59,18,1
45,1,94,95,0
52,0,147,68,0
80,0,186,93,0
70,0,29,46,1
63,1,38,40,0
20,1,191,28,0
54,1,84,91,0
87,1,62,53,0
57,0,110,47,0
46,0,138,93,0
23,0,85,63,0
59,1,131,60,0
48,0,52,82,0
55,0,197,48,0
77,1,46,48,0
84,0,22,9,0
54,0,142,79,0
78,0,112,54,0
69,1,180,96,0
20,1,98,83,0
36,0,134,77,0
60,0,46,76,0
39,0,190,97,0
29,0,179,93,0
87,1,87,99,0
61,0,143,21,0
44,0,130,72,0
28,0,53,11,0
90,1,82,5,0
40,1,193,99,0
60,0,29,43,1
20,1,192,84,0
33,1,178,87,0
65,1,66,80,1
79,1,132,12,0
51,1,130,19,1
20,0,36,18,1
36,0,41,94,0
26,0,76,68,0
61,0,130,17,1
63,0,30,23,1
43,1,45,26,0
67,1,174,67,0
69,0,112,80,1
73,1,167,60,0
66,1,108,59,0
19,1,193,93,0
20,1,180,61,0
60,1,26,89,0
19,1,86,60,0
34,1,151,71,0
65,0,153,43,0
43,0,156,93,0
40,1,100,39,0
76,0,37,76,0
20,0,111,72,0
59,0,153,22,0
20,0,122,50,1
84,0,93,45,0
81,1,39,11,0
73,1,56,45,0
53,1,84,51,0
67,1,151,53,0
48,1,30,86,1
73,1,94,12,0
59,1,178,71,0
53,0,145,14,0
74,0,175,33,0
41,0,189,86,0
23,0,106,32,0
74,0,66,76,0
60,1,93,99,0
80,0,28,17,0
68,0,58,2,0
71,0,104,28,0
40,0,159,87,0
46,1,25,99,0
41,0,141,36,0
65,0,144,34,0
52,1,189,25,0
86,1,195,41,0
52,0,152,43,0
29,1,73,53,1
62,0,108,70,0
71,0,132,71,0
88,0,105,31,0
39,0,71,82,1
28,1,45,76,0
21,0,87,78,0
44,0,26,47,1
41,1,145,27,0
21,1,33,98,0
62,1,137,91,0
45,0,86,45,0
75,1,67,6,0
63,1,40,69,0
35,0,121,87,0
77,0,67,5,0
82,1,100,86,0
49,0,52,13,0
27,0,98,71,0
78,1,187,1,0
69,1,77,7,0
86,0,71,54,0
38,1,142,31,0
69,1,40,89,0
84,1,195,23,0
71,0,195,77,0
31,1,45,37,0
65,1,82,36,0
56,0,171,76,0
84,0,146,68,0
22,0,89,59,0
56,1,144,61,0
28,0,99,32,0
26,0,36,65,0
28,1,143,94,0
28,0,175,7,0
90,0,52,49,0
69,1,146,25,0
56,0,152,8,0
30,1,119,32,0
86,1,41,45,0
89,0,107,97,0
38,0,80,73,0
80,1,51,47,0
66,1,27,40,0
22,0,150,96,0
60,0,109,31,0
90,0,58,38,0
30,0,137,96,0
89,1,158,54,0
87,1,75,3,0
28,1,78,64,0
75,1,25,91,0
90,1,160,52,0
22,1,198,63,0
32,0,93,72,0
65,0,151,96,0
54,0,81,79,0
79,0,149,83,0
48,1,67,62,0
47,1,75,100,0
43,0,91,95,0
81,1,130,41,0
68,0,48,95,0
74,1,172,70,0
62,0,78,66,0
88,0,171,68,0
44,0,37,9,0
55,0,71,23,0
78,1,120,31,0
77,1,84,94,0
77,0,93,18,0
80,0,167,28,0
54,1,135,35,0
27,1,95,85,0
19,0,51,73,0
58,1,97,29,0
52,0,143,7,0
27,1,100,59,0
67,1,109,13,0
78,0,95,4,0
66,1,39,64,0
49,1,176,6,0
75,1,128,42,0
40,0,44,16,0
49,0,190,30,0
50,1,52,19,0
78,0,108,63,0
60,1,148,43,0
18,0,88,4,0
74,0,73,67,0
18,0,53,65,0
39,0,159,22,0
35,1,138,46,0
30,1,37,3,0
28,0,79,49,1
52,0,102,24,0
42,0,31,97,0
80,1,87,64,0
40,1,151,68,0
22,0,154,72,0
78,1,60,18,0
19,0,25,39,0
90,0,63,5,0
58,1,24,44,0
53,1,50,5,0
61,0,182,25,0
65,1,34,85,1
70,0,148,6,0
64,1,38,32,0
84,1,136,58,0
39,1,158,88,0
71,1,58,50,0
39,0,123,56,1
40,1,51,53,0
80,0,133,78,0
79,0,121,94,0
25,0,26,78,1
66,0,72,75,1
73,0,105,31,0
33,0,60,14,0
36,1,36,19,0
22,1,155,73,0
49,1,121,36,0
64,1,186,93,0
19,1,178,20,0
22,1,177,83,0
87,1,98,48,0
47,0,137,85,0
25,0,35,88,1
42,0,33,7,0
38,1,72,7,0
48,0,62,88,0
26,0,95,99,0
85,1,155,35,0
41,1,110,93,0
37,1,115,59,0
71,1,39,65,0
63,0,42,39,0
43,1,107,13,0
86,1,33,87,0
41,1,93,65,0
61,1,67,62,0
50,0,109,2,0
63,0,72,79,1
58,1,91,9,0
24,1,186,93,0
30,0,116,55,0
60,0,92,88,0
20,1,94,24,0
47,0,125,17,1
55,1,123,17,0
33,0,105,8,0
67,1,102,87,0
33,1,191,98,0
54,0,192,19,0
78,0,139,67,0
44,1,180,19,0
65,1,109,20,1
20,0,126,70,0
52,0,120,16,1
53,1,98,35,0
71,1,109,93,0
36,1,37,54,0
23,0,104,31,0
31,0,41,69,0
33,0,153,96,0
35,1,178,8,0
51,0,108,45,0
38,0,75,58,0
90,1,113,29,0
54,1,168,39,0
22,1,158,30,0
74,1,145,10,0
52,1,95,12,0
89,1,139,57,0
88,0,77,5,0
81,1,25,48,0
39,0,126,83,1
42,1,149,6,0
54,1,117,92,0
21,0,35,98,0
34,0,140,77,0
36,0,98,25,0
48,0,176,45,0
53,0,117,27,0
80,1,36,38,0
45,0,135,22,0
80,1,70,81,0
66,1,105,28,0
86,1,91,98,0
20,1,25,100,0
25,1,36,25,1
71,1,54,12,0
31,1,93,11,0
84,0,198,48,0
68,0,29,62,0
74,1,32,35,0
80,0,99,89,0
25,1,124,16,1
82,0,109,80,0
23,0,45,39,0
39,0,111,100,0
63,0,83,60,0
79,1,99,80,0
69,0,125,63,0
48,0,66,23,1
71,1,164,63,0
89,1,145,55,0
89,0,55,30,0
40,1,85,93,0
70,0,51,92,0
21,0,27,66,0
40,1,58,55,0
71,1,153,45,0
58,1,106,87,0
66,1,184,67,0
63,0,92,26,0
84,0,86,59,0
60,1,31,36,0
58,1,140,32,0
84,1,94,76,0
73,1,83,50,0
45,0,81,70,0
64,1,88,77,0
64,0,193,89,0
23,1,120,89,1
86,1,107,15,0
75,1,167,34,0
26,1,85,35,0
21,0,173,7,0
75,1,137,81,0
78,0,102,6,0
78,0,185,12,0
74,0,72,35,0
82,1,115,7,0
63,1,136,82,0
20,1,60,2,0
62,1,151,27,0
19,0,185,3,0
32,1,60,26,0
69,0,83,86,0
78,0,47,31,0
65,0,169,38,0
66,1,107,40,0
21,0,48,99,0
90,0,180,76,0
19,1,188,33,0
21,0,87,88,0
75,0,142,58,0
74,1,132,10,0
25,1,35,45,1
63,0,165,92,0
25,1,199,12,0
46,1,174,78,0
53,1,177,64,0
87,0,67,38,0
66,0,131,38,0
35,1,32,8,0
80,0,72,3,0
50,0,60,1,0
55,0,185,50,0
51,0,74,21,1
35,0,178,41,0
44,0,27,46,1
67,1,171,55,0
84,1,42,58,0
35,1,119,40,0
74,1,103,85,0
75,0,152,18,0
31,1,193,27,0
85,1,70,83,0
84,0,61,70,0
82,1,158,23,0
62,0,37,67,0
83,1,91,57,0
49,0,120,64,0
24,0,80,8,0
76,0,161,38,0
35,1,148,76,0
39,0,195,50,0
50,1,73,23,1
33,1,187,83,0
37,0,87,50,0
52,1,187,95,0
78,1,92,73,0
49,0,170,79,0
31,0,193,71,0
22,1,144,19,0
82,1,82,77,0
82,0,128,28,0
44,0,181,57,0
54,0,162,44,0
64,1,126,91,0
33,1,149,76,0
87,0,128,25,0
48,1,102,46,0
31,0,74,78,0
18,0,137,43,0
73,0,60,99,0
19,1,151,44,0
67,1,34,42,1
33,1,167,59,0
79,1,30,92,0
32,0,138,38,0
90,0,60,3,0
49,1,121,75,1
34,0,70,20,0
27,1,131,3,0
89,1,165,57,0
72,0,57,77,0
89,0,113,18,0
55,0,96,85,0
23,0,66,15,1
77,0,177,31,0
57,1,66,54,0
53,1,38,4,0
84,0,195,95,0
71,0,168,78,0
65,0,191,43,0
43,0,91,28,0
51,0,165,14,0
30,0,70,91,0
39,0,24,24,1
31,0,93,100,0
45,1,140,40,0
60,0,160,30,0
39,1,54,91,0
76,1,26,12,0
19,1,189,48,0
76,1,160,69,0
62,0,59,32,0
29,1,168,8,0
89,0,155,19,0
32,0,93,89,0
90,1,43,78,0
87,0,198,99,0
84,1,85,28,0
84,0,80,92,0
40,1,159,70,0
19,1,188,65,0
80,0,77,70,0
72,0,150,12,0
59,1,135,8,0
67,1,148,67,0
18,0,52,70,0
69,1,173,77,0
26,0,37,92,0
64,1,70,60,0
22,0,41,67,0
82,1,59,96,0
32,0,100,73,0
25,0,165,14,0
36,0,66,49,1
18,0,186,81,0
88,1,150,11,0
70,0,42,53,0
64,1,120,38,0
58,0,125,69,0
30,0,38,14,0
29,1,183,93,0
49,1,183,7,0
21,1,72,84,1
66,0,32,2,0
75,1,50,35,0
86,1,160,49,0
73,1,35,42,0
50,0,107,25,0
63,0,99,51,0
41,0,113,55,1
63,1,168,77,0
46,1,21,11,0
51,1,92,60,0
23,0,174,76,0
89,0,176,79,0
76,0,56,85,0
59,1,161,53,0
41,0,75,90,0
62,0,145,55,0
85,1,41,5,0
35,1,35,94,0
38,0,23,85,0
49,0,27,43,1
64,1,50,69,0
42,1,50,39,0
65,1,61,59,0
81,0,182,9,0
77,1,76,21,0
27,0,31,52,1
48,0,81,98,0
40,1,114,13,1
90,0,150,37,0
63,0,73,7,0
49,1,95,16,0
53,0,112,66,0
45,0,59,73,0
44,0,61,5,0
52,0,144,87,0
40,0,112,15,1
41,1,123,87,1
84,0,115,4,0
33,0,176,21,0
82,1,164,92,0
90,1,82,5,0
46,0,160,4,0
43,1,116,2,0
81,1,39,62,0
29,0,140,69,0
40,1,109,93,0
37,0,151,37,0
75,1,189,57,0
34,0,146,95,0
55,0,154,26,0
78,0,95,6,0
86,0,111,80,0
74,1,55,7,0
46,1,31,13,1
83,0,31,10,0
38,0,56,52,0
68,1,166,94,0
79,1,101,31,0
48,0,112,13,1
34,0,114,15,0
63,1,148,1,0
46,0,135,61,0
50,0,168,66,0
71,0,57,17,0
85,1,90,98,0
75,0,65,13,0
30,0,27,44,0
75,1,33,96,0
65,0,48,72,0
18,0,155,97,0
49,0,78,95,0
78,0,103,29,0
25,1,69,18,1
43,1,162,85,0
74,0,87,22,0
43,0,29,16,1
76,1,128,38,0
44,0,53,60,0
25,0,123,51,1
36,1,143,61,0
66,0,32,57,1
59,0,126,54,0
88,1,183,88,0
60,0,70,51,1
30,0,188,2,0
61,0,95,73,0
45,1,41,40,0
41,0,180,11,0
20,1,190,96,0
52,1,28,12,0
86,0,69,51,0
21,0,66,36,0
81,0,174,92,0
31,0,191,14,0
81,1,48,66,0
56,1,145,17,0
23,1,196,80,0
64,1,109,29,0
90,0,147,78,0
44,0,38,38,0
18,1,151,62,0
77,0,71,14,0
29,1,63,93,0
59,1,158,41,0
60,0,168,17,0
46,0,180,49,0
34,0,195,23,0
76,0,54,52,0
28,1,116,22,1
71,0,176,11,0
53,1,195,8,0
85,0,110,4,0
34,0,58,91,0
29,1,52,37,0
21,0,89,6,0
42,0,142,56,0
67,0,44,18,0
66,0,99,81,0
89,0,127,63,0
35,1,21,39,0
50,1,61,68,0
36,0,169,72,0
53,0,53,47,0
30,1,172,5,0
52,1,89,77,0
19,1,129,5,0
59,0,88,14,0
84,1,25,70,0
77,1,185,10,0
75,1,198,1,0
37,1,169,67,0
30,1,114,60,0
79,1,190,80,0
79,0,140,49,0
30,1,102,50,0
41,0,141,100,0
52,1,38,78,1
72,1,42,96,0
31,1,146,12,0
52,1,43,89,0
57,0,88,6,0
28,1,94,74,0
57,0,137,3,0
71,1,123,57,1
26,0,109,88,0
27,0,110,91,0
30,0,84,30,0
47,0,132,63,0
89,0,38,3,0
51,1,154,67,0
24,0,36,44,1
43,1,43,29,0
67,1,139,85,0
36,0,196,20,0
41,0,141,70,0
54,1,139,53,0
77,0,116,1,0
70,0,62,86,1
73,0,71,87,0
72,1,118,63,0
28,1,112,89,0
59,0,27,3,0
83,0,57,15,0
58,0,168,7,0
32,0,20,54,0
51,0,31,11,0
89,1,165,21,0
51,0,173,32,0
65,0,120,3,0
74,0,169,37,0
22,1,200,59,0
53,0,26,91,0
84,1,48,3,0
78,1,73,78,0
78,0,106,2,0
60,0,193,77,0
63,0,76,60,0
26,1,60,64,0
66,1,92,95,0
42,1,104,43,0
38,1,192,42,0
76,0,135,19,0
27,1,62,6,0
19,1,83,84,0
47,1,26,44,1
86,1,141,59,0
23,0,36,91,0
78,1,25,61,0
76,0,143,84,0
18,1,65,27,0
49,1,59,97,0
68,0,156,25,0
86,0,167,51,0
68,1,71,30,0
21,1,70,41,0
32,0,24,68,0
32,1,80,85,0
79,0,189,28,0
45,0,199,63,0
75,1,193,18,0
58,0,74,60,0
61,0,74,14,1
70,0,95,15,0
20,0,190,58,0
50,1,113,96,0
38,1,142,33,0
33,1,91,67,0
86,0,166,64,0
39,1,26,60,0
41,0,102,51,0
86,0,176,29,0
34,0,172,32,0
45,1,155,68,0
31,1,148,25,0
70,1,168,55,0
75,0,60,67,0
25,1,87,30,0
48,1,121,90,0
56,1,200,91,0
51,0,131,71,0
35,1,131,85,0
62,0,103,98,0
63,1,147,55,0
72,1,152,25,0
63,0,141,57,0
47,0,62,82,1
21,1,150,3,0
39,0,131,26,0
90,0,176,76,0
63,1,146,92,0
77,1,75,92,0
74,0,76,4,0
44,0,94,16,0
35,0,108,56,0
50,1,74,53,1
54,1,98,63,0
76,0,171,13,0
19,1,191,8,0
38,1,65,81,1
82,0,191,76,0
46,1,44,34,0
50,1,77,9,0
75,0,194,63,0
78,0,27,79,0
89,0,99,85,0
18,0,78,1,0
74,1,33,92,0
63,0,172,82,0
74,0,136,66,0
65,1,126,16,1
22,0,81,90,0
74,0,189,78,0
50,0,87,65,0
66,1,28,51,1
69,1,182,97,0
34,0,192,1,0
44,0,182,18,0
55,0,175,8,0
84,1,101,41,0
80,1,72,57,0
75,0,35,30,0
53,0,170,96,0
62,0,41,45,1
86,0,122,74,0
24,1,144,5,0
70,1,64,78,1
70,1,126,15,1
73,0,54,85,0
89,0,103,57,0
34,1,144,32,0
86,0,110,61,0
72,1,190,49,0
34,0,91,8,0
75,0,49,42,0
27,0,186,18,0
58,0,35,12,0
71,0,141,71,0
47,0,128,41,0
24,0,184,47,0
24,1,139,7,0
57,0,134,34,0
69,0,49,31,0
85,1,37,20,0
66,0,175,51,0
70,0,85,50,0
56,0,59,66,0
81,0,66,74,0
77,0,31,98,0
33,0,30,63,0
35,0,110,24,0
33,1,158,77,0
22,1,160,56,0
88,1,120,24,0
61,0,57,85,0
78,1,55,72,0
83,0,174,45,0
49,0,26,56,1
64,1,138,83,0
26,1,37,27,1
43,1,47,64,0
47,0,30,73,1
34,1,181,12,0
62,0,150,76,0
83,1,142,55,0
23,1,145,18,0
26,0,70,30,0
22,1,159,93,0
86,1,162,16,0
75,1,93,66,0
77,0,111,43,0
41,0,181,45,0
90,1,89,65,0
54,0,181,35,0
56,1,158,43,0
73,0,40,39,0
26,1,140,1,0
58,1,114,90,0
74,1,121,84,0
30,0,163,55,0
33,1,156,66,0
81,0,107,54,0
37,1,136,42,0
60,0,48,24,0
31,0,132,26,0
58,0,58,38,0
35,1,34,43,0
25,0,95,19,0
21,0,24,43,1
76,1,46,22,0
53,0,160,52,0
31,1,64,63,0
56,0,111,11,0
52,1,86,99,0
32,1,107,36,0
46,1,75,17,1
37,0,59,61,0
78,1,103,49,0
34,0,199,91,0
42,1,33,91,0
25,1,161,100,0
21,0,120,78,1
71,1,82,78,0
53,1,69,22,1
68,1,118,7,0
35,1,170,9,0
18,1,143,2,0
31,1,114,6,0
68,0,123,12,1
69,1,150,43,0
58,1,189,33,0
72,1,162,85,0
51,1,194,59,0
20,1,130,87,0
83,1,134,78,0
47,0,123,99,0
60,1,91,26,0
31,1,196,77,0
40,0,48,12,0
21,0,93,41,0
86,1,76,97,0
43,1,80,71,0
25,1,184,60,0
30,0,136,79,0
50,0,58,88,0
50,1,166,44,0
45,0,98,18,0
77,1,43,100,0
61,0,84,19,0
80,0,144,14,0
78,1,54,14,0
26,0,59,72,0
72,0,162,97,0
21,1,129,61,0
49,0,165,74,0
29,0,163,22,0
83,1,138,19,0
76,0,60,84,0
51,0,142,27,0
46,1,119,28,1
34,0,79,13,0
32,1,118,9,0
62,0,51,5,0
50,0,180,50,0
68,0,53,100,0
84,0,187,57,0
20,1,191,10,0
86,1,73,70,0
29,0,122,65,0
29,1,168,50,0
40,0,175,69,0
89,0,154,78,0
77,1,151,73,0
83,1,196,74,0
86,0,49,17,0
35,0,50,23,0
27,0,49,18,0
71,0,59,40,0
50,0,86,35,0
71,0,190,51,0
87,1,125,75,0
89,0,164,83,0
75,0,80,6,0
56,1,49,44,0
39,0,21,81,1
78,1,95,19,0
72,1,44,25,0
86,0,135,14,0
87,1,34,48,0
57,1,92,39,0
31,1,69,14,0
85,1,51,67,0
18,0,98,60,0
77,0,139,36,0
21,1,142,38,0
80,1,24,96,0
53,0,123,19,1
79,1,66,21,0
58,1,80,44,0
63,1,68,52,1
90,1,39,6,0
76,1,58,9,0
27,1,63,45,1
45,0,120,7,0
48,1,177,24,0
33,0,158,22,0
47,0,121,52,1
74,1,182,42,0
81,1,74,28,0
55,0,97,92,0
71,0,189,83,0
67,0,198,65,0
24,1,85,8,0
54,1,34,71,0
21,1,42,52,1
38,0,89,77,0
42,1,141,8,0
46,0,151,72,0
83,1,153,48,0
86,0,134,30,0
79,0,165,38,0
27,0,170,42,0
57,1,72,83,0
51,1,195,38,0
19,1,180,71,0
42,0,25,17,1
20,0,132,69,0
38,0,126,95,0
83,1,172,10,0
39,0,191,7,0
23,1,104,60,0
59,1,182,33,0
72,1,127,89,0
36,0,148,46,0
35,0,117,80,0
36,0,157,72,0
55,0,92,7,0
86,1,157,42,0
75,0,190,8,0
21,0,184,80,0
73,0,21,82,0
69,0,103,9,0
56,0,127,56,0
49,0,119,1,0
39,0,164,31,0
42,0,180,39,0
21,0,171,28,0
28,0,189,24,0
84,1,87,21,0
33,0,122,14,0
36,1,25,1,0
85,0,104,45,0
31,1,53,14,0
78,1,125,34,0
87,0,31,19,0
32,1,116,63,0
40,0,182,73,0
33,1,182,46,0
65,1,135,24,0
50,0,106,29,0
23,1,152,29,0
22,1,60,65,0
30,1,31,57,0
46,1,154,43,0
51,0,22,33,0
26,0,147,52,0
33,0,196,65,0
56,1,134,30,0
31,1,96,89,0
20,0,63,56,1
57,0,94,39,0
60,1,128,33,0
18,0,126,36,0
39,0,116,23,1
54,0,104,12,0
86,0,31,49,0
42,1,26,43,1
87,0,109,31,0
53,1,119,64,0
31,1,194,27,0
86,1,163,74,0
59,0,56,99,0
62,1,54,35,0
44,0,198,50,0
41,1,66,66,0
80,0,125,16,0
77,0,131,46,0
40,1,65,39,0
48,1,73,96,0
63,1,36,95,0
45,0,60,38,0
46,1,163,75,0
78,0,175,59,0
85,1,86,67,0
89,0,113,65,0
36,0,20,32,0
51,1,158,72,0
22,1,119,22,1
19,0,68,47,1
22,1,194,24,0
51,0,65,56,1
33,0,59,42,0
29,0,70,95,0
63,1,158,99,0
60,0,94,87,0
44,0,104,66,0
67,1,153,4,0
65,1,123,48,1
32,1,158,81,0
79,1,166,67,0
53,1,76,65,0
89,0,81,12,0
72,0,134,82,0
49,1,96,74,0
55,0,72,71,0
50,1,153,64,0
45,0,111,7,0
89,1,169,17,0
26,1,130,26,1
67,0,67,22,1
41,0,117,3,0
40,0,84,35,0
61,0,185,15,0
84,0,119,69,0
59,1,67,45,0
81,0,193,59,0
80,0,148,4,0
36,0,167,77,0
78,1,140,14,0
75,1,164,66,0
80,1,174,55,0
88,0,34,22,0
86,0,175,34,0
67,0,144,96,0
59,0,97,54,0
89,1,150,84,0
75,0,80,5,0
77,1,126,7,0
26,1,20,38,0
52,1,95,29,0
64,0,157,36,0
47,1,193,63,0
85,1,92,26,0
67,0,50,92,0
25,0,29,97,0
49,1,21,65,0
88,1,142,94,0
43,0,75,38,0
19,1,159,98,0
49,1,96,85,0
32,0,37,53,0
33,0,64,26,0
26,0,32,75,1
76,0,105,53,0
47,1,192,17,0
72,1,94,42,0
53,0,165,84,0
21,1,77,45,1
89,0,188,21,0
36,0,150,69,0
64,1,140,27,0
65,1,52,67,0
50,0,181,59,0
70,0,110,22,1
54,0,74,49,1
62,0,185,65,0
75,1,160,67,0
40,0,200,45,0
52,1,71,11,0
28,1,66,32,0
22,0,101,66,0
35,0,137,68,0
25,1,40,38,0
87,0,80,32,0
29,1,58,47,1
55,0,113,59,0
54,0,134,21,0
37,1,100,5,0
43,1,124,74,1
38,0,59,42,0
25,0,98,9,0
19,1,176,6,0
86,1,42,96,0
34,0,42,50,0
70,1,83,96,0
45,0,67,18,1
30,0,75,91,0
70,0,155,88,0
37,0,169,27,0
61,0,37,72,0
41,1,39,18,1
53,0,112,2,0
84,0,85,83,0
35,1,47,34,0
49,0,20,61,0
30,1,74,74,0
49,0,141,15,0
87,0,87,32,0
73,1,101,96,0
62,0,145,15,0
67,0,166,19,0
49,0,61,26,1
68,1,117,37,0
45,0,36,92,0
57,1,48,34,0
57,1,172,70,0
45,1,78,77,1
26,1,136,91,0
47,0,182,5,0
26,0,177,1,0
80,0,187,74,0
88,1,71,69,0
74,0,176,77,0
81,0,171,71,0
88,0,139,58,0
31,0,193,41,0
42,1,43,92,0
72,0,97,9,0
35,1,133,15,0
18,0,159,12,0
75,1,51,32,0
80,0,154,95,0
56,1,182,99,0
57,1,94,59,0
35,0,105,96,0
43,0,63,84,1
76,0,39,35,0
65,1,162,13,0
52,0,95,84,0
69,1,78,37,0
85,0,88,88,0
70,0,131,92,0
59,1,96,8,0
24,0,176,85,0
50,1,107,10,0
38,0,25,68,0
26,1,167,43,0
38,1,30,71,0
69,0,178,58,0
23,0,190,99,0
34,1,198,96,0
57,1,46,77,0
79,0,124,97,0
88,0,105,22,0
54,0,34,32,0
42,0,21,39,0
89,0,33,62,0
32,1,88,44,0
68,0,128,36,0
47,1,40,40,0
42,1,181,90,0
23,1,94,71,0
85,0,144,61,0
40,1,109,42,0
66,0,100,39,0
82,0,150,82,0
57,0,126,40,0
55,1,180,23,0
46,1,33,84,1
31,1,52,23,0
33,0,104,77,0
48,1,171,88,0
70,0,173,3,0
59,0,126,13,0
88,1,169,23,0
24,1,46,76,0
49,0,95,5,0
54,1,126,67,0
90,1,30,100,0
34,0,100,62,0
45,0,155,61,0
85,0,115,18,0
26,0,111,57,1
73,0,23,57,0
65,1,93,69,0
54,0,66,92,0
57,0,59,76,0
52,0,160,58,0
90,1,59,14,0
85,1,193,24,0
40,0,35,11,0
23,1,152,47,0
46,1,67,43,1
67,1,85,20,0
61,1,58,74,0
41,1,94,6,0
22,0,136,91,0
51,0,168,72,0
64,0,78,71,0
41,0,158,21,0
76,1,143,71,0
72,1,65,39,0
82,1,152,7,0
30,0,78,33,0
74,1,132,53,0
72,0,152,75,0
32,0,80,81,0
69,1,159,33,0
51,0,173,13,0
23,0,178,47,0
45,0,155,76,0
28,0,154,87,0
64,1,154,30,0
73,1,85,5,0
37,1,96,25,0
73,0,186,21,0
60,0,122,55,1
30,0,173,56,0
42,0,175,86,0
31,1,91,49,0
21,0,27,89,0
66,1,180,93,0
89,0,77,68,0
22,1,30,78,1
78,1,187,8,0
31,0,177,24,0
60,1,48,22,0
47,0,25,17,1
43,0,156,79,0
25,0,103,20,0
26,0,149,85,0
59,1,118,11,0
33,1,101,31,0
25,0,93,78,0
75,0,161,72,0
62,0,52,59,0
51,1,54,78,0
38,0,165,32,0
57,0,199,66,0
21,0,44,11,0
58,0,81,40,0
64,1,67,91,0
86,1,88,64,0
24,1,38,4,0
61,1,107,17,0
80,1,78,23,0
22,1,150,86,0
35,0,106,57,0
38,1,28,90,0
58,0,91,96,0
20,1,119,16,1
74,1,200,25,0
85,0,22,78,0
25,1,100,14,0
22,1,76,87,1
56,1,121,80,0
60,0,54,26,0
71,1,43,46,0
56,0,55,31,0
30,1,30,87,0
42,0,128,72,0
27,1,68,50,1
64,1,137,72,0
61,1,46,67,0
39,1,178,85,0
58,0,129,71,0
29,1,116,98,0
26,1,75,98,0
34,1,184,29,0
36,1,58,94,0
90,1,185,10,0
38,1,76,42,0
59,0,79,81,0
79,1,79,86,0
63,0,128,90,0
18,0,137,25,0
21,1,128,6,0
70,0,111,64,0
44,0,199,50,0
62,0,82,39,0
58,1,102,24,0
21,0,192,29,0
69,0,20,15,1
77,0,21,13,0
58,0,21,21,0
28,1,160,41,0
69,0,167,98,0
88,1,137,39,0
75,1,195,81,0
37,0,81,59,0
19,0,96,66,0
60,1,185,35,0
39,0,122,92,0
56,0,67,50,0
77,0,78,74,0
88,0,174,71,0
43,1,117,84,1
50,0,83,28,0
23,1,187,67,0
46,0,90,88,0
66,1,92,95,0
55,1,57,79,0
50,1,167,19,0
82,1,198,80,0
56,1,176,53,0
56,0,22,71,0
46,1,59,70,0
44,1,143,75,0
58,1,124,84,0
73,0,25,78,1
51,1,195,94,0
25,0,111,30,0
51,1,111,95,0
37,1,117,33,0
60,1,80,92,0
41,1,69,49,1
60,1,107,15,0
64,1,105,44,0
60,0,148,99,0
85,0,160,17,0
62,0,181,67,0
43,0,156,23,0
57,1,157,17,0
90,1,48,54,0
47,1,33,80,1
77,1,173,75,0
64,1,40,11,0
34,0,71,62,0
85,1,105,62,0
66,0,86,20,0
30,0,186,61,0
29,0,43,22,0
75,1,40,91,0
85,0,182,1,0
55,1,71,43,0
55,0,130,67,0
28,0,47,18,0
23,1,62,66,0
41,1,197,17,0
76,1,154,10,0
89,1,135,24,0
44,1,42,87,0
75,0,191,97,0
82,0,160,44,0
89,0,95,58,0
52,1,51,5,0
38,1,30,8,0
60,0,24,70,0
36,1,25,32,0
42,0,37,98,0
46,0,136,2,0
66,1,28,68,0
39,0,164,83,0
52,1,138,64,0
55,1,161,10,0
70,1,164,36,0
33,0,74,71,0
53,0,164,8,0
22,0,75,95,0
69,0,125,54,1
57,0,118,34,0
56,0,91,93,0
77,0,136,47,0
29,0,172,5,0
88,0,66,2,0
56,0,116,14,0
51,0,105,57,0
18,1,149,89,0
30,1,165,3,0
33,1,132,51,0
71,1,34,36,0
31,1,153,9,0
37,0,46,63,0
69,1,185,1,0
29,1,129,12,0
55,1,134,63,0
90,0,63,35,0
33,1,128,36,0
49,1,60,78,1
42,1,44,12,0
23,1,80,19,1
59,1,133,56,0
78,1,141,36,0
29,1,46,16,0
30,1,82,71,0
32,1,138,96,0
74,1,195,92,0
35,0,168,42,0
78,1,48,28,0
76,0,188,92,0
56,1,41,40,0
72,0,72,88,0
88,1,100,40,0
61,1,47,62,0
86,1,178,28,0
85,0,91,33,0
49,1,34,12,1
42,0,141,72,0
59,0,176,95,0
63,1,176,71,0
60,1,51,81,0
25,1,103,90,0
35,1,48,15,0
49,0,101,39,0
73,0,86,57,0
19,0,84,87,0
86,1,32,9,0
27,1,174,66,0
53,1,146,100,0
22,1,99,99,0
28,0,83,19,1
58,0,34,78,0
56,0,134,53,0
68,1,29,64,0
82,1,101,61,0
61,0,54,99,0
70,1,139,45,0
32,1,38,100,0
30,1,160,100,0
72,0,187,84,0
31,1,32,28,0
71,1,122,81,1
32,1,164,26,0
47,1,190,33,0
79,1,127,38,0
86,1,168,3,0
88,0,89,41,0
51,0,46,89,0
74,1,112,9,0
26,1,96,79,0
42,0,138,59,0
56,1,79,26,0
21,0,125,62,0
19,1,119,59,0
89,1,41,94,0
45,1,51,100,0
36,1,98,17,0
51,1,184,43,0
52,0,69,58,0
27,0,169,71,0
20,0,37,96,0
34,1,101,72,0
25,0,87,97,0
54,0,149,24,0
69,1,129,50,1
24,0,145,8,0
27,0,176,2,0
35,1,93,25,0
69,0,106,91,0
47,0,96,94,0
34,0,95,93,0
54,0,180,34,0
76,1,108,64,0
44,0,133,73,0
20,1,199,81,0
76,0,170,75,0
42,0,41,29,0
81,0,97,91,0
53,1,51,1,0
44,1,141,46,0
85,0,84,84,0
18,0,183,84,0
72,1,200,33,0
63,1,66,100,0
49,1,118,6,0
56,0,189,25,0
48,1,196,69,0
78,1,104,40,0
27,1,38,10,0
30,0,123,24,0
67,1,192,95,0
74,1,181,58,0
32,0,66,45,0
34,0,135,21,0
38,1,23,36,0
58,1,117,40,0
67,1,32,39,0
18,0,57,30,0
29,0,39,34,0
48,1,96,61,0
80,1,104,86,0
37,0,45,15,0
49,0,33,61,0
75,0,45,47,0
28,1,35,62,0
48,1,94,8,0
77,0,199,12,0
48,0,53,65,0
40,1,104,18,0
51,0,132,92,0
33,0,121,34,0
47,0,183,67,0
83,1,193,19,0
32,1,171,24,0
66,1,90,68,0
87,0,56,52,0
67,0,142,63,0
47,0,54,33,0
36,0,138,13,0
83,1,148,84,0
76,1,195,81,0
85,0,99,63,0
59,1,74,28,0
78,0,54,99,0
73,1,159,76,0
67,1,106,76,0
50,0,32,79,1
78,0,22,84,0
27,1,189,27,0
19,0,87,82,0
58,1,92,44,0
30,0,69,69,0
18,1,145,98,0
72,1,119,40,0
87,1,146,74,0
51,0,146,56,0
23,1,131,92,0
65,0,51,7,0
51,1,67,37,0
65,0,149,43,0
32,1,87,78,0
36,0,90,20,0
32,0,61,30,0
79,0,98,6,0
34,1,105,64,0
45,0,65,49,1
69,1,64,37,0
28,1,21,70,0
54,0,35,65,0
56,1,109,28,0
51,1,20,57,0
37,0,38,43,0
58,0,159,59,0
38,0,57,62,0
58,1,36,33,0
84,1,180,87,0
21,1,186,12,0
52,1,23,93,0
72,0,146,81,0
82,0,165,56,0
63,0,39,14,1
42,0,22,98,0
78,0,144,69,0
82,1,51,22,0
37,1,173,60,0
89,1,33,95,0
56,1,36,3,0
24,1,98,17,0
85,0,175,30,0
79,1,90,76,0
58,1,63,99,0
21,0,134,21,0
28,1,94,42,0
55,0,71,32,0
83,0,186,89,0
62,1,144,17,0
18,0,84,39,0
57,0,39,92,0
19,1,117,13,1
87,0,159,82,0
56,0,144,80,0
90,0,150,28,0
28,0,180,49,0
75,1,26,40,0
27,1,61,36,0
58,1,158,56,0
60,1,155,77,0
40,1,45,100,0
54,1,196,30,0
69,0,108,31,0
48,0,40,10,0
71,1,179,45,0
52,0,138,38,0
32,0,50,36,0
65,1,91,36,0
23,1,73,44,1
88,1,161,20,0
66,0,129,45,1
46,1,171,47,0
22,1,63,61,0
86,1,200,73,0
48,0,24,52,1
63,1,75,74,1
48,1,53,75,0
18,1,135,87,0
85,0,31,27,0
85,1,73,29,0
22,0,100,50,0
23,0,57,78,1
69,0,21,33,0
79,0,122,53,0
58,1,67,75,0
62,1,169,5,0
82,0,102,84,0
42,1,52,36,0
18,1,104,65,0
19,0,32,8,0
44,1,82,64,0
22,0,58,36,0
68,0,91,14,0
21,1,183,62,0
61,1,65,60,0
21,0,129,68,0
57,0,106,62,0
20,1,77,6,0
65,0,147,93,0
66,0,118,61,0
25,0,168,20,0
60,1,128,66,0
41,0,131,25,0
32,1,125,38,0
31,1,55,14,0
75,1,22,89,0
41,1,161,19,0
69,0,35,54,1
22,1,111,15,1
39,0,131,87,0
67,0,41,73,0
19,0,41,7,0
53,0,49,63,0
36,0,152,24,0
52,0,84,66,0
72,1,162,30,0
40,0,65,19,1
41,0,196,81,0
47,0,176,57,0
50,0,143,32,0
41,0,140,60,0
70,0,174,58,0
87,1,168,32,0
28,1,30,16,1
18,1,198,24,0
32,0,41,21,0
29,0,154,93,0
32,0,121,3,0
26,1,41,20,1
75,0,78,47,0
62,0,29,16,1
58,0,74,97,0
89,0,193,77,0
38,1,58,37,0
29,1,162,49,0
89,1,178,68,0
46,1,187,89,0
73,0,76,36,0
33,0,96,79,0
69,0,185,13,0
45,0,92,42,0
73,1,175,98,0
73,1,100,59,0
61,1,85,57,0
80,0,60,50,0
53,0,43,92,0
51,1,68,42,0
69,1,42,31,0
52,1,143,71,0
24,1,188,90,0
58,1,135,31,0
20,1,82,7,0
36,0,52,78,0
22,0,105,76,0
19,1,70,76,1
34,0,199,50,0
41,0,179,89,0
64,1,138,41,0
55,1,133,79,0
31,1,86,80,0
58,1,109,75,0
64,1,142,90,0
57,0,180,78,0
73,1,187,15,0
37,1,31,36,0
40,1,195,10,0
80,1,193,95,0
51,0,191,28,0
22,1,93,85,0
63,0,181,76,0
53,0,151,55,0
27,1,178,39,0
22,0,151,92,0
75,0,195,27,0
51,1,190,48,0
43,0,151,7,0
74,0,39,7,0
25,1,143,44,0
40,0,142,30,0
25,0,113,58,1
24,0,177,38,0
53,0,173,21,0
63,1,43,65,0
80,0,132,62,0
89,0,52,97,0
84,1,64,51,0
28,1,100,21,0
24,1,56,54,0
62,0,40,7,0
69,0,138,71,0
41,0,148,96,0
51,0,46,91,0
50,0,107,71,0
30,0,30,62,0
33,1,138,78,0
18,0,165,73,0
84,0,151,7,0
20,0,39,44,0
83,0,182,21,0
46,1,145,68,0
20,1,78,33,0
77,0,123,4,0
63,1,191,65,0
75,0,54,20,0
29,1,102,51,0
18,1,134,73,0
33,1,24,14,0
55,0,154,30,0
42,0,64,65,0
27,0,33,44,1
63,1,30,81,1
67,1,143,38,0
73,1,171,68,0
71,1,99,35,0
41,1,24,3,0
67,1,193,98,0
71,1,124,17,1
72,1,22,61,0
78,0,142,20,0
72,1,166,10,0
82,1,144,27,0
18,1,190,96,0
60,0,53,70,0
46,0,147,36,0
68,0,173,46,0
48,1,36,77,1
88,1,188,60,0
56,0,63,48,0
25,0,164,14,0
28,1,175,14,0
28,1,193,70,0
76,0,95,1,0
82,0,159,65,0
34,0,64,36,0
47,1,175,99,0
36,1,157,63,0
57,1,115,45,0
45,1,67,8,0
53,0,174,21,0
64,1,160,11,0
32,1,188,78,0
46,1,105,86,0
38,1,82,25,0
38,0,99,87,0
56,1,173,93,0
76,0,165,23,0
39,1,42,4,0
71,1,30,33,0
26,0,133,58,0
22,0,50,76,0
72,0,127,20,1
64,0,191,56,0
46,1,43,95,0
51,1,185,80,0
64,0,122,49,1
72,1,131,36,0
28,1,198,23,0
80,1,142,56,0
51,0,124,58,0
71,0,45,51,0
74,1,50,69,0
69,1,146,1,0
64,0,99,28,0
32,0,116,84,0
53,0,164,91,0
38,0,163,2,0
67,1,64,17,1
19,1,128,83,1
19,1,170,88,0
47,1,150,9,0
38,0,65,24,1
90,0,59,73,0
28,0,134,73,0
85,0,109,76,0
33,1,159,76,0
68,0,102,90,0
79,0,42,20,0
55,0,140,98,0
30,1,150,5,0
78,1,139,61,0
85,1,68,23,0
80,1,89,81,0
79,1,163,63,0
77,1,20,62,0
87,1,178,68,0
85,0,97,88,0
45,0,89,75,0
30,0,67,73,0
59,1,158,28,0
64,1,85,19,0
22,1,169,37,0
52,0,138,66,0
65,0,200,50,0
87,1,154,88,0
52,1,186,13,0
18,1,187,61,0
78,1,115,93,0
59,0,41,81,0
78,1,67,17,0
39,0,173,80,0
56,0,190,100,0
64,1,46,99,0
54,0,67,91,0
70,1,147,83,0
57,0,23,92,0
44,1,121,76,1
43,1,108,51,1
52,0,135,91,0
38,0,98,85,0
39,1,23,75,1
79,1,128,64,0
27,0,26,22,1
53,1,24,84,0
81,0,76,30,0
42,1,48,4,0
31,0,74,56,0
88,0,47,18,0
30,1,161,11,0
20,1,146,23,0
69,0,54,52,0
75,1,168,44,0
38,0,148,76,0
48,0,154,80,0
22,1,127,41,0
71,1,70,94,0
56,0,116,67,0
54,0,108,64,0
56,0,147,60,0
46,0,117,51,1
52,1,100,53,0
62,0,198,50,0
82,1,167,39,0
52,0,150,33,0
22,1,59,49,1
76,1,185,79,0
65,0,92,75,0
27,0,45,41,0
90,1,147,8,0
30,0,156,96,0
34,0,190,8,0
59,0,57,4,0
23,1,138,11,0
40,0,50,45,0
89,1,77,71,0
57,0,81,72,0
28,0,159,77,0
79,1,152,99,0
61,0,184,53,0
50,0,141,19,0
58,1,75,80,0
72,1,135,100,0
20,1,117,74,1
86,1,155,62,0
82,0,163,85,0
43,0,43,12,0
27,1,87,85,0
60,1,157,85,0
35,0,123,60,0
18,1,54,85,0
47,1,72,41,1
26,1,59,26,1
79,1,38,69,0
89,1,24,91,0
28,1,46,74,0
46,0,95,59,0
58,1,128,5,0
44,0,123,59,1
18,1,35,89,0
27,0,141,26,0
89,0,92,20,0
70,1,123,31,0
51,1,189,11,0
58,1,36,4,0
81,0,80,2,0
90,1,142,80,0
86,0,173,98,0
51,0,22,62,0
39,0,131,96,0
36,1,88,56,0
54,1,42,52,0
18,0,60,12,0
55,1,188,7,0
80,0,39,50,0
60,0,64,43,1
66,1,119,24,1
86,1,51,94,0
28,0,186,22,0
44,1,50,58,0
27,0,122,19,1
83,0,100,26,0
52,0,180,73,0
67,0,97,8,0
30,0,167,10,0
27,0,37,93,0
75,0,124,54,0
42,0,184,15,0
76,0,135,75,0
61,1,129,23,1
73,0,27,47,1
42,0,117,9,0
44,1,53,5,0
83,1,175,41,0
79,0,154,9,0
65,0,80,12,0
29,0,173,51,0
76,1,177,36,0
83,0,27,54,0
63,1,45,61,0
35,0,144,50,0
89,1,105,76,0
62,1,29,72,1
62,1,138,41,0
68,0,58,46,1
78,0,118,76,0
76,0,125,100,0
56,1,83,67,0
65,1,107,77,1
78,1,36,2,0
68,1,72,72,1
73,1,192,70,0
35,0,100,95,0
87,1,98,76,0
71,0,195,73,0
19,0,135,82,0
77,0,64,2,0
66,1,164,3,0
31,0,42,23,0
74,1,137,26,0
29,0,26,22,1
76,1,143,37,0
88,1,187,6,0
68,1,29,96,0
70,0,160,4,0
63,0,87,88,0
50,1,172,47,0
80,1,63,84,0
85,1,93,85,0
24,1,122,16,1
45,1,143,46,0
83,1,107,70,0
88,0,88,62,0
69,0,82,1,0
60,1,85,29,0
78,0,148,30,0
19,1,166,90,0
47,0,86,87,0
62,1,166,72,0
71,0,89,19,0
58,0,39,96,0
59,1,85,58,0
45,0,114,3,0
18,1,175,16,0
43,0,89,50,0
31,1,198,73,0
64,1,192,76,0
79,1,192,74,0
19,0,51,84,0
25,1,41,23,1
57,0,157,36,0
33,0,36,7,0
79,1,40,45,0
86,1,169,27,0
50,0,77,83,1
73,1,189,42,0
32,1,191,95,0
38,1,199,30,0
51,1,194,49,0
59,1,42,30,0
72,1,80,78,0
23,0,183,81,0
69,0,153,23,0
27,1,151,29,0
85,0,111,84,0
22,1,87,50,0
41,0,114,54,1
52,1,26,73,0
79,1,142,68,0
86,1,37,5,0
54,1,72,76,0
76,0,157,73,0
54,1,184,35,0
52,1,116,50,1
58,0,101,70,0
88,1,113,54,0
81,1,46,73,0
18,1,22,75,0
50,1,85,32,0
46,0,92,80,0
34,0,58,31,0
54,0,197,55,0
82,0,60,57,0
60,1,101,91,0
26,0,81,59,0
86,0,70,71,0
81,0,184,21,0
70,1,133,79,0
53,0,180,16,0
43,0,108,43,0
49,1,172,10,0
88,1,137,55,0
24,0,106,65,0
81,0,50,38,0
89,1,122,38,0
34,1,55,38,0
38,0,158,31,0
51,0,161,17,0
57,0,191,93,0
46,0,170,22,0
68,0,133,90,0
23,0,76,1,0
23,0,86,25,0
28,1,138,53,0
19,0,148,76,0
67,0,126,75,1
28,1,152,27,0
24,0,44,98,0
32,1,127,93,0
65,0,108,3,0
53,1,52,46,0
72,0,186,81,0
32,0,136,70,0
73,0,110,82,0
87,1,71,77,0
25,1,154,82,0
67,1,23,24,1
18,0,171,20,0
30,1,46,55,0
59,0,191,13,0
68,1,106,47,0
62,1,34,13,1
57,0,200,83,0
89,0,149,10,0
69,1,43,79,1
84,0,112,32,0
42,0,143,72,0
22,0,74,61,0
26,0,48,64,0
81,1,50,57,0
32,0,56,1,0
74,1,51,12,0
46,0,169,62,0
66,1,21,87,1
87,0,182,97,0
75,1,131,38,0
24,1,93,78,0
41,0,88,34,0
61,0,160,49,0
24,0,172,13,0
69,1,58,27,0
62,1,68,57,1
58,0,114,33,0
80,0,178,19,0
75,0,83,7,0
24,1,78,18,1
64,1,45,6,0
76,1,25,98,0
27,1,187,56,0
87,1,189,97,0
51,1,55,15,0
47,0,170,85,0
69,1,166,16,0
35,0,132,57,0
87,1,125,82,0
24,1,45,56,0
61,1,77,25,1
53,1,188,85,0
85,0,180,37,0
53,1,83,28,0
66,0,118,49,1
43,0,160,98,0
56,0,83,55,0
71,1,111,45,0
29,0,73,86,1
56,0,60,59,0
45,0,59,42,0
18,1,94,67,0
74,0,149,31,0
19,1,94,91,0
47,1,23,33,0
70,0,91,97,0
18,0,116,36,0
44,0,89,93,0
66,0,84,49,1
25,1,131,22,1
32,0,191,16,0
35,0,30,30,0
82,1,116,77,0
72,0,45,79,0
19,1,80,97,0
73,0,30,29,0
49,0,38,80,1
29,0,197,82,0
25,1,74,63,0
64,0,122,84,1
86,1,53,31,0
40,1,35,71,0
35,0,36,5,0
34,1,136,11,0
68,1,118,50,1
21,1,166,98,0
41,0,107,50,1
56,1,109,88,0
73,0,51,68,0
38,1,51,31,0
51,1,79,68,0
80,1,33,80,0
47,1,26,18,1
67,1,178,58,0
90,1,162,8,0
84,0,138,66,0
30,1,42,28,0
89,0,23,57,0
66,1,191,50,0
81,0,73,47,0
78,0,108,95,0
47,0,197,19,0
60,1,101,39,0
29,0,180,65,0
90,0,191,97,0
85,1,155,19,0
61,0,191,40,0
61,0,98,64,0
30,0,20,16,0
63,0,107,62,0
72,0,136,54,0
56,1,179,78,0
20,0,103,43,0
34,0,184,56,0
39,1,114,32,0
69,1,93,53,0
51,1,132,59,0
55,0,56,29,0
41,0,44,40,0
20,0,52,54,0
78,0,186,8,0
31,0,86,21,0
36,1,116,42,0
32,1,160,60,0
34,0,200,50,0
33,0,34,57,0
56,1,74,93,0
24,0,81,69,0
34,0,21,82,0
79,1,165,61,0
85,0,44,8,0
56,1,21,30,0
78,1,144,69,0
34,1,114,82,0
44,1,177,22,0
20,1,60,75,1
23,0,80,79,1
65,0,123,28,1
43,0,86,48,0
35,1,74,65,0
35,0,178,4,0
39,1,71,98,0
39,0,82,61,0
75,0,186,49,0
55,1,161,37,0
79,0,180,50,0
81,0,65,44,0
90,0,121,74,0
51,1,123,55,1
75,0,29,24,0
84,0,112,81,0
86,0,131,31,0
64,1,189,51,0
30,1,39,94,0
66,1,167,60,0
33,1,33,30,0
37,1,22,43,0
75,1,155,24,0
41,0,40,14,0
26,0,90,76,0
81,0,178,19,0
57,0,79,48,0
80,1,165,53,0
19,1,134,60,0
26,1,55,33,0
28,0,67,81,1
64,0,143,67,0
29,0,117,8,0
36,0,103,16,0
19,0,73,70,0
63,1,52,100,0
37,1,50,65,0
77,0,131,58,0
57,0,21,32,0
77,1,87,41,0
55,1,192,86,0
38,1,187,71,0
84,0,196,75,0
55,1,108,94,0
20,1,200,99,0
46,0,71,78,1
47,0,72,53,1
70,1,139,33,0
88,1,23,83,0
55,0,160,47,0
65,0,182,91,0
90,1,96,8,0
58,1,62,54,0
90,0,138,23,0
79,0,174,85,0
62,0,134,80,0
34,0,85,95,0
68,0,143,95,0
86,0,29,79,0
53,1,167,94,0
55,1,183,87,0
78,0,74,100,0
75,1,60,8,0
58,1,65,50,0
25,0,187,28,0
28,0,78,52,1
50,0,43,26,0
80,0,193,66,0
86,1,89,52,0
38,0,40,31,0
37,1,75,37,0
50,0,192,80,0
39,1,122,87,1
53,1,179,18,0
52,1,169,2,0
61,1,104,25,0
25,0,154,61,0
47,1,142,4,0
43,0,44,26,0
47,0,56,73,0
62,0,125,6,0
24,0,138,27,0
54,0,185,44,0
65,1,121,15,1
54,1,158,68,0
87,0,185,43,0
62,1,28,68,0
90,1,146,87,0
36,1,43,55,0
51,1,100,74,0
76,0,191,58,0
86,0,62,22,0
55,0,161,64,0
25,1,31,4,0
39,0,124,7,0
45,0,104,39,0
21,1,111,4,0
66,0,73,8,0
68,1,71,53,1
81,0,94,25,0
64,1,33,6,0
69,1,87,44,0
90,0,53,88,0
72,1,155,96,0
60,1,127,97,0
68,1,170,36,0
54,1,189,22,0
38,1,30,38,0
68,1,187,70,0
26,1,162,27,0
83,1,182,94,0
29,0,167,67,0
49,0,38,81,1
22,1,127,27,1
66,1,46,100,0
60,1,170,22,0
74,0,49,32,0
36,1,145,95,0
83,0,108,20,0
69,0,35,74,1
36,1,171,37,0
81,0,105,73,0
46,0,76,84,1
34,1,80,13,0
65,1,43,90,0
43,0,198,8,0
23,0,39,3,0
75,0,123,86,0
85,0,122,90,0
47,1,69,57,1
27,1,37,94,0
46,0,28,62,0
22,0,26,10,0
86,0,183,66,0
73,0,78,62,0
47,1,55,58,0
65,1,168,17,0
40,0,83,77,0
56,0,98,1,0
58,1,130,63,0
32,1,69,10,0
63,0,169,20,0
79,0,63,53,0
89,0,69,5,0
42,1,32,12,1
44,0,175,94,0
82,1,142,6,0
71,0,35,20,1
82,0,173,92,0
21,0,143,14,0
64,0,38,78,1
18,1,98,21,0
69,0,157,42,0
59,0,96,77,0
76,0,114,54,0
70,1,197,21,0
59,0,193,54,0
21,1,187,84,0
39,0,151,23,0
70,0,72,29,0
29,1,197,54,0
55,1,46,35,0
34,1,43,37,0
20,1,134,78,0
53,0,150,4,0
49,1,65,42,1
76,0,20,52,0
32,0,191,29,0
29,0,50,94,0
77,0,186,28,0
34,0,58,23,0
40,1,172,13,0
82,1,75,47,0
58,0,97,81,0
78,1,64,36,0
58,1,69,3,0
25,1,53,19,0
18,0,103,48,0
44,1,54,7,0
70,0,134,55,0
86,1,154,4,0
21,1,130,50,1
53,0,177,22,0
30,1,53,55,0
21,0,165,91,0
78,0,144,90,0
77,1,146,62,0
35,1,199,33,0
34,0,81,37,0
69,1,196,57,0
55,0,44,20,0
45,1,129,33,0
35,1,39,82,0
23,0,180,38,0
39,0,30,44,1
71,1,188,13,0
85,0,134,17,0
22,0,21,22,1
30,0,63,6,0
34,1,82,12,0
47,1,26,38,0
62,0,141,41,0
62,1,77,53,1
54,0,43,16,0
54,1,177,53,0
29,1,153,50,0
75,1,80,1,0
50,1,104,25,0
19,1,180,11,0
57,1,53,24,0
43,1,168,50,0
59,1,46,44,0
82,0,76,70,0
79,0,191,8,0
23,1,141,43,0
20,0,159,63,0
37,0,92,95,0
31,1,185,39,0
32,1,36,33,0
22,0,97,56,0
89,0,69,43,0
48,1,184,19,0
50,1,153,16,0
88,0,175,74,0
61,0,116,43,1
41,1,122,76,1
75,0,38,22,0
89,1,195,11,0
38,0,69,60,0
23,1,36,47,1
57,0,129,57,0
52,1,187,10,0
51,0,177,58,0
19,1,117,6,0
29,0,70,62,0
43,1,136,44,0
75,0,83,94,0
83,1,87,61,0
72,0,42,20,0
88,0,166,75,0
71,0,140,78,0
63,1,157,37,0
50,0,89,44,0
31,1,147,60,0
65,0,58,79,1
88,0,136,41,0
71,1,38,41,0
43,0,93,60,0
72,1,88,36,0
68,0,80,78,1
81,1,33,32,0
78,0,100,28,0
22,0,123,57,1
52,0,104,87,0
20,0,167,25,0
37,0,61,12,0
33,1,31,50,0
83,0,199,45,0
20,0,83,44,0
54,1,21,63,0
76,1,30,6,0
63,0,53,73,0
73,1,79,51,0
24,0,143,95,0
69,0,68,56,1
80,1,145,1,0
77,0,60,3,0
64,1,112,61,0
80,1,45,38,0
35,0,22,35,0
26,1,147,17,0
69,0,132,45,0
68,0,183,39,0
62,0,179,21,0
18,0,186,100,0
63,0,141,88,0
29,1,56,85,0
37,0,113,35,0
77,1,88,18,0
68,0,22,13,1
73,1,175,9,0
51,1,52,99,0
59,0,99,14,0
79,1,169,88,0
29,1,117,90,0
45,1,172,49,0
46,0,67,43,1
89,1,145,35,0
48,0,88,96,0
65,1,127,74,1
23,1,179,16,0
69,0,122,76,1
41,0,164,88,0
84,1,148,20,0
61,0,74,21,1
77,1,21,64,0
19,1,96,87,0
80,0,151,14,0
47,1,117,46,1
24,0,156,65,0
31,0,159,95,0
85,0,56,23,0
26,1,67,62,0
76,0,68,48,0
28,1,179,21,0
50,1,31,19,1
58,0,80,64,0
53,0,92,64,0
76,0,87,92,0
43,1,47,57,0
55,1,48,23,0
90,0,88,82,0
57,1,54,21,0
78,1,168,68,0
22,1,179,50,0
58,1,139,54,0
74,0,106,70,0
73,1,154,28,0
55,1,159,34,0
26,1,43,62,0
69,1,46,21,0
32,1,46,73,0
64,1,195,30,0
48,0,95,42,0
66,0,73,29,1
87,0,187,11,0
47,1,110,22,1
54,1,93,65,0
32,0,162,82,0
75,0,194,74,0
89,1,27,83,0
86,0,108,60,0
62,1,113,61,0
23,1,180,52,0
89,0,63,46,0
43,0,103,12,0
44,0,146,47,0
45,0,115,72,1
52,1,51,34,0
31,0,33,9,0
68,1,192,62,0
63,1,142,72,0
71,1,28,42,0
71,0,132,77,0
88,1,84,59,0
80,0,37,77,0
73,1,76,52,1
49,1,104,27,0
45,0,45,52,0
47,1,189,14,0
32,1,100,55,0
87,1,47,13,0
40,1,196,30,0
83,0,123,53,0
79,0,167,13,0
88,1,130,33,0
44,1,42,85,1
87,1,156,42,0
60,0,81,32,0
65,1,172,68,0
55,0,112,58,0
30,0,28,59,0
54,0,88,48,0
47,0,170,31,0
37,1,39,33,0
40,0,158,11,0
56,1,73,24,0
75,0,125,76,0
48,1,143,97,0
80,1,125,32,0
88,1,35,6,0
67,1,130,17,1
68,0,88,75,0
38,0,129,87,0
61,0,193,38,0
56,0,123,98,0
32,0,143,30,0
48,1,102,38,0
69,1,120,54,1
34,1,36,27,0
85,1,176,64,0
79,1,76,42,0
37,0,57,68,0
74,0,57,45,0
65,1,173,32,0
65,0,90,12,0
79,1,127,5,0
42,0,128,36,0
28,0,165,3,0
44,1,156,65,0
51,0,78,80,1
73,0,98,68,0
35,1,130,42,0
34,0,41,74,0
23,0,161,82,0
36,1,43,96,0
39,0,170,55,0
55,0,168,36,0
87,1,27,24,0
86,0,194,13,0
66,1,107,29,0
38,1,105,7,0
42,0,183,59,0
55,1,110,69,0
27,0,153,93,0
84,1,149,78,0
29,0,200,98,0
23,1,40,81,1
83,0,191,49,0
82,1,171,49,0
63,0,197,82,0
49,1,140,24,0
42,1,94,76,0
48,1,164,45,0
84,1,185,32,0
69,0,184,26,0
51,0,134,30,0
61,0,92,4,0
74,1,100,51,0
32,1,129,88,0
49,1,161,70,0
51,0,85,47,0
29,1,94,47,0
76,1,24,44,0
35,1,180,98,0
86,1,189,64,0
84,1,176,94,0
79,0,113,35,0
30,0,125,72,0
30,1,137,13,0
43,1,190,72,0
89,0,48,50,0
42,0,83,26,0
19,1,30,60,0
71,0,183,83,0
58,1,50,60,0
78,0,182,11,0
49,0,74,62,0
65,0,172,49,0
23,0,147,6,0
37,0,66,93,0
33,0,124,20,0
90,1,100,10,0
45,1,82,99,0
57,1,192,59,0
54,0,172,57,0
19,1,21,29,0
59,0,82,29,0
31,0,174,100,0
70,1,38,84,1
56,1,29,44,0
39,1,74,66,0
72,0,74,59,0
29,1,91,75,0
62,1,67,41,1
54,1,100,56,0
65,1,113,91,0
35,0,63,28,0
21,1,51,18,0
70,0,138,54,0
76,0,72,79,0
71,0,146,8,0
40,1,57,41,0
88,0,95,22,0
50,1,179,10,0
25,0,140,31,0
42,1,191,95,0
23,1,80,25,1
83,0,54,94,0
18,0,34,57,0
34,1,143,69,0
64,1,108,47,1
79,1,45,94,0
18,0,197,39,0
88,0,158,10,0
34,0,46,77,0
19,0,177,21,0
41,0,81,80,1
66,0,187,20,0
74,1,149,84,0
26,1,120,46,1
52,0,101,97,0
78,0,45,28,0
39,1,158,24,0
28,0,118,11,1
68,1,69,93,0
28,0,46,78,0
40,0,65,75,1
85,1,36,95,0
67,1,68,82,1
56,0,192,42,0
73,1,32,84,1
60,0,24,81,1
24,1,101,31,0
62,0,56,76,0
67,0,147,40,0
30,0,51,77,0
90,1,134,92,0
80,1,137,15,0
50,0,67,47,1
69,0,107,17,0
70,0,186,49,0
20,0,86,95,0
37,1,191,88,0
48,0,83,70,0
18,0,91,75,0
37,0,48,8,0
38,0,92,25,0
33,1,176,30,0
31,1,102,57,0
63,1,148,88,0
18,0,195,2,0
52,1,58,67,0
65,0,66,17,1
27,0,74,65,0
63,0,150,23,0
50,1,63,61,0
59,0,176,64,0
52,1,130,64,0
25,0,78,51,1
76,0,146,37,0
29,0,111,45,1
43,0,81,89,0
60,1,74,11,0
49,0,56,41,0
21,1,39,84,1
32,0,158,20,0
71,0,98,29,0
80,0,198,63,0
67,0,168,33,0
58,0,182,84,0
38,1,58,42,0
61,0,116,39,0
50,0,38,17,1
80,0,194,86,0
42,0,63,50,1
69,0,21,31,0
31,0,20,27,0
37,1,194,13,0
85,0,166,8,0
53,1,137,15,0
32,0,194,67,0
90,0,185,93,0
29,1,114,68,0
47,0,102,27,0
43,1,34,87,1
81,1,139,25,0
25,0,106,18,1
88,0,60,20,0
71,0,193,62,0
84,1,97,28,0
22,1,65,100,0
24,1,131,31,0
32,1,53,47,0
63,0,25,95,0
42,1,129,84,1
40,0,76,89,0
84,1,56,16,0
78,0,89,31,0
37,1,98,60,0
59,0,175,71,0
71,1,132,36,0
83,1,55,42,0
90,0,64,32,0
84,1,134,40,0
88,1,44,7,0
32,0,52,12,0
24,1,165,58,0
42,0,122,51,1
55,0,32,59,0
68,1,47,51,0
87,1,90,42,0
34,1,92,7,0
22,0,163,13,0
23,0,109,99,0
46,0,68,39,0
83,0,57,63,0
55,1,136,96,0
74,1,176,100,0
59,0,103,25,0
19,1,196,20,0
77,0,125,36,0
39,0,104,1,0
32,1,37,36,0
88,0,49,10,0
73,1,185,25,0
82,0,21,39,0
49,1,80,11,0
36,0,148,2,0
22,0,180,98,0
43,1,23,77,1
74,1,108,11,0
73,0,99,10,0
58,1,100,90,0
52,0,107,42,0
47,1,155,67,0
29,1,100,60,0
37,1,107,12,0
68,0,150,56,0
22,1,118,87,1
51,0,70,55,1
78,0,110,36,0
73,1,116,43,0
55,1,169,57,0
72,0,171,87,0
63,1,167,27,0
54,1,148,80,0
33,0,54,97,0
69,1,106,6,0
33,1,136,95,0
27,1,69,72,1
55,1,135,84,0
70,1,99,88,0
84,0,160,83,0
77,1,158,41,0
32,1,119,22,0
49,0,166,19,0
41,1,42,32,0
46,0,187,79,0
38,0,141,63,0
57,1,185,37,0
29,0,65,9,0
43,1,150,81,0
89,0,109,26,0
23,1,199,71,0
27,0,190,40,0
51,1,182,6,0
29,0,82,63,0
28,0,177,42,0
30,0,54,13,0
42,0,176,8,0
81,0,178,89,0
59,0,30,19,0
39,0,160,56,0
79,1,167,24,0
74,1,91,60,0
82,1,194,94,0
26,0,165,40,0
70,0,148,64,0
43,1,156,69,0
32,0,134,15,0
35,0,198,48,0
86,0,143,36,0
55,0,142,7,0
58,1,63,44,0
65,1,138,34,0
72,1,54,58,0
58,0,35,86,0
32,1,192,90,0
73,0,178,41,0
27,1,125,53,1
55,1,186,18,0
84,1,142,61,0
79,1,33,26,0
58,1,85,46,0
55,1,26,95,0
50,0,181,41,0
88,0,167,77,0
34,1,178,85,0
21,0,52,95,0
68,1,131,42,0
89,1,31,81,0
56,1,117,66,0
33,1,127,57,0
65,0,79,66,0
38,1,46,45,0
76,1,113,18,0
57,0,157,71,0
85,1,145,99,0
60,1,43,40,0
25,0,166,26,0
51,1,190,65,0
70,1,61,60,0
64,0,50,33,0
21,0,127,72,0
72,1,113,2,0
41,0,163,90,0
86,1,99,68,0
76,1,183,60,0
50,1,167,24,0
49,1,143,60,0
73,0,150,54,0
90,1,35,24,0
55,1,105,44,0
21,1,189,38,0
55,1,134,76,0
63,1,148,71,0
71,1,193,57,0
49,1,143,28,0
53,0,55,95,0
73,0,77,100,0
56,0,186,61,0
46,1,46,8,0
51,1,183,3,0
89,0,47,64,0
27,1,133,60,0
50,0,172,85,0
62,1,68,69,0
43,1,137,38,0
45,0,140,53,0
64,1,36,5,0
47,0,162,85,0
87,0,156,17,0
83,1,48,10,0
26,1,128,70,0
82,0,146,18,0
49,0,32,74,1
28,1,66,89,0
67,1,98,92,0
35,0,24,74,0
26,1,83,11,0
32,0,62,78,0
22,1,113,24,1
48,0,118,28,1
22,1,105,87,0
53,1,55,99,0
26,0,136,95,0
75,1,159,68,0
70,1,61,11,0
47,1,99,70,0
81,0,114,39,0
65,1,148,13,0
19,1,181,52,0
29,1,160,7,0
78,0,22,57,0
32,1,58,74,0
29,0,196,46,0
55,0,26,73,0
51,1,85,73,0
52,0,146,88,0
32,1,140,9,0
38,1,122,11,0
70,1,95,28,0
30,1,141,82,0
57,1,100,41,0
28,0,182,4,0
50,1,100,24,0
45,1,55,63,0
80,0,176,62,0
22,0,141,10,0
54,1,122,7,0
75,0,49,46,0
26,0,165,62,0
50,1,159,76,0
43,0,175,62,0
72,1,23,78,1
72,1,29,61,0
39,1,108,11,0
62,0,73,81,1
31,0,150,44,0
84,0,90,43,0
28,1,115,5,0
82,1,56,52,0
47,1,47,12,0
54,0,45,85,0
79,1,161,69,0
54,1,105,96,0
65,1,99,45,0
84,1,86,38,0
32,0,33,99,0
77,0,194,12,0
76,1,105,10,0
66,0,42,1,0
88,1,70,50,0
59,0,197,47,0
42,1,30,26,1
45,0,162,64,0
69,0,186,7,0
79,1,80,40,0
79,1,166,77,0
83,1,129,5,0
57,0,140,82,0
34,0,139,62,0
82,0,57,61,0
62,1,101,79,0
58,0,127,68,0
20,0,84,72,0
62,1,167,98,0
19,0,56,95,0
37,0,189,56,0
77,0,120,24,0
89,1,121,69,0
27,1,117,69,0
83,1,114,99,0
55,0,61,23,0
48,0,176,51,0
28,1,60,5,0
82,1,79,65,0
53,1,46,93,0
20,0,59,27,0
43,1,143,69,0
33,1,65,73,0
58,1,100,90,0
38,1,73,76,1
61,0,111,19,1
21,1,174,65,0
26,1,120,53,1
81,0,120,92,0
43,1,199,69,0
64,0,102,24,0
81,0,176,69,0
87,1,82,58,0
41,0,107,82,0
66,1,191,71,0
51,1,142,98,0
68,0,159,17,0
33,0,105,73,0
84,1,146,31,0
60,0,94,51,0
82,0,156,16,0
78,0,31,68,0
55,0,34,46,0
19,0,170,41,0
58,0,152,79,0
20,0,184,5,0
38,1,34,60,0
51,1,193,92,0
22,1,55,31,0
66,1,180,94,0
40,1,196,62,0
59,1,167,86,0
62,0,57,67,0
63,1,161,70,0
84,1,54,57,0
86,0,43,68,0
31,0,88,44,0
50,1,193,53,0
28,0,75,63,0
83,0,164,49,0
90,0,156,63,0
19,1,68,45,1
39,1,102,90,0
39,0,81,16,0
76,1,132,90,0
81,0,62,31,0
61,1,192,5,0
50,0,171,33,0
25,0,156,99,0
31,0,111,39,0
35,0,151,20,0
43,0,184,96,0
83,1,20,11,0
45,1,186,81,0
22,0,134,89,0
62,1,102,95,0
47,1,74,69,0
25,1,57,19,1
90,1,169,90,0
24,0,73,57,1
60,0,155,80,0
79,1,33,84,0
66,1,62,99,0
74,0,133,49,0
90,1,76,80,0
73,0,134,67,0
31,0,72,16,0
24,0,144,28,0
55,1,110,97,0
50,0,28,93,0
23,1,47,6,0
80,1,110,29,0
62,0,184,53,0
55,0,111,45,0
72,0,58,24,0
67,1,63,79,1
40,1,147,23,0
32,0,90,6,0
27,1,115,41,0
48,0,71,79,1
29,0,148,10,0
82,1,150,38,0
63,0,133,30,0
56,1,164,34,0
90,0,123,83,0
65,1,122,98,0
75,0,200,7,0
55,0,32,35,0
72,0,133,40,0
63,0,78,59,0
86,0,96,3,0
30,0,131,25,0
37,0,118,41,0
51,1,165,16,0
51,1,183,100,0
45,1,71,82,1
77,1,113,23,0
59,0,117,10,0
80,0,93,15,0
85,1,93,92,0
49,0,126,69,0
69,1,177,52,0
42,0,195,19,0
53,0,156,79,0
62,1,56,96,0
42,1,102,14,0
84,0,122,13,0
74,0,94,63,0
54,1,73,18,1
64,0,86,65,0
74,1,50,55,0
86,1,37,100,0
82,0,73,56,0
65,1,90,18,0
25,1,174,40,0
40,1,70,51,1
33,0,119,77,0
37,0,59,67,0
35,1,44,88,0
83,0,109,3,0
63,0,104,11,0
55,1,67,75,0
51,0,177,36,0
88,0,131,16,0
45,0,33,44,1
63,1,103,90,0
56,0,169,88,0
76,0,156,2,0
59,0,195,43,0
53,1,92,53,0
54,1,198,74,0
19,0,94,54,0
23,0,109,41,0
78,1,157,90,0
48,0,34,100,0
67,1,182,68,0
75,1,39,28,0
37,1,188,29,0
59,1,126,30,0
60,1,167,100,0
51,1,151,15,0
83,1,36,85,0
84,1,193,2,0
64,0,32,18,1
20,0,147,48,0
46,1,77,31,0
65,0,75,26,1
33,0,136,34,0
34,0,170,3,0
83,1,84,79,0
55,1,197,29,0
27,1,189,25,0
39,0,115,68,0
48,0,94,58,0
87,0,97,62,0
75,0,47,23,0
57,0,171,86,0
34,0,37,70,0
23,0,95,81,0
77,0,165,5,0
63,0,142,82,0
43,0,191,27,0
87,0,63,38,0
88,0,191,43,0
36,0,177,68,0
26,0,89,83,0
83,1,136,100,0
86,0,138,32,0
86,1,109,68,0
87,1,157,95,0
50,1,56,76,0
32,0,191,67,0
24,1,82,47,1
50,0,171,91,0
68,1,31,76,1
53,1,199,14,0
42,0,51,88,0
24,0,142,18,0
77,1,51,54,0
76,0,94,55,0
26,1,163,47,0
72,1,136,53,0
51,1,156,42,0
51,0,115,69,0
73,0,100,32,0
78,1,56,98,0
46,0,51,77,0
31,1,86,83,0
78,1,48,66,0
89,0,52,95,0
44,1,104,49,0
50,0,28,34,0
30,0,158,79,0
26,1,186,19,0
69,1,171,66,0
56,1,150,86,0
39,1,111,81,1
62,1,26,87,1
26,0,130,63,0
21,0,84,95,0
86,0,42,67,0
82,0,136,73,0
21,1,58,19,1
56,1,153,21,0
67,0,164,40,0
30,0,127,45,0
51,1,147,78,0
44,0,168,13,0
88,0,176,48,0
37,0,86,74,0
66,1,188,47,0
59,1,24,11,0
69,0,72,91,0
18,1,58,75,0
44,1,188,76,0
24,0,191,92,0
18,0,82,94,0
83,1,132,4,0
89,1,158,83,0
58,1,86,5,0
87,0,72,7,0
18,1,175,81,0
75,0,143,66,0
33,1,81,5,0
25,0,104,82,0
18,0,99,81,0
39,1,116,33,0
90,1,161,21,0
30,1,155,22,0
32,1,50,55,0
67,0,22,77,1
69,1,175,45,0
43,0,31,70,0
84,0,141,60,0
73,1,111,45,0
63,1,47,30,0
79,0,40,19,0
52,1,57,69,0
23,1,96,66,0
48,0,90,51,0
46,0,54,81,0
44,1,77,81,1
29,0,195,42,0
27,0,72,42,1
81,0,102,87,0
89,0,83,17,0
32,1,50,92,0
74,0,78,73,0
81,1,108,52,0
75,1,117,39,0
68,1,172,2,0
73,0,119,44,0
51,0,115,9,0
32,0,168,57,0
55,0,34,63,0
66,1,176,21,0
27,1,181,25,0
34,1,126,29,0
61,1,190,19,0
30,0,99,31,0
33,1,195,22,0
82,0,36,92,0
38,1,143,71,0
70,1,127,68,0
44,1,35,4,0
45,0,82,3,0
75,1,52,23,0
88,0,147,88,0
89,0,166,76,0
69,1,125,20,1
79,1,134,60,0
78,1,122,16,0
68,1,140,21,0
40,0,117,25,1
66,1,170,28,0
25,0,52,74,0
88,1,55,39,0
75,1,78,52,0
49,0,151,82,0
27,1,169,95,0
27,1,133,10,0
37,1,144,92,0
45,1,85,56,0
69,0,190,34,0
18,0,183,40,0
61,1,38,18,1
88,1,136,46,0
51,1,193,1,0
57,0,175,38,0
23,0,99,1,0
81,1,123,71,0
31,1,157,11,0
20,1,103,40,0
66,1,141,82,0
54,1,133,50,0
87,1,180,84,0
77,0,129,46,0
49,0,169,7,0
69,1,37,42,0
40,0,76,23,1
65,1,29,60,0
71,0,123,63,0
19,1,28,68,0
22,1,176,41,0
32,0,136,32,0
35,0,35,19,0
39,0,111,32,0
41,0,126,61,0
80,0,57,40,0
62,1,111,36,0
64,1,49,35,0
40,1,185,100,0
30,0,48,7,0
26,0,175,38,0
45,1,193,93,0
63,1,81,100,0
48,0,139,48,0
52,0,82,7,0
33,1,95,77,0
41,0,142,24,0
72,0,145,42,0
33,0,33,64,0
89,0,44,79,0
64,1,179,5,0
86,1,171,23,0
64,0,184,43,0
63,0,147,80,0
87,0,28,15,0
88,0,90,58,0
36,0,131,28,0
79,0,101,68,0
47,0,173,6,0
38,1,63,8,0
53,1,152,70,0
89,0,58,73,0
79,1,66,90,0
52,1,176,41,0
74,0,127,67,0
40,1,194,3,0
81,0,37,26,0
36,0,158,100,0
90,1,50,44,0
85,1,42,38,0
51,1,93,100,0
26,1,34,13,1
51,1,167,50,0
75,1,64,23,0
21,1,131,73,0
57,1,80,72,0
40,1,167,67,0
61,1,116,24,1
72,1,68,62,0
86,0,110,50,0
89,0,151,32,0
36,0,30,38,0
78,0,178,8,0
65,1,67,43,1
45,0,61,8,0
28,1,65,26,1
87,1,22,52,0
34,1,88,62,0
49,1,91,90,0
86,1,190,76,0
75,0,141,65,0
89,0,177,29,0
86,1,161,68,0
52,0,33,24,1
70,1,184,36,0
67,1,171,92,0
23,1,37,91,0
35,1,106,44,0
32,1,64,21,0
79,1,100,72,0
55,0,115,99,0
67,1,81,91,0
40,1,129,22,1
36,1,154,62,0
54,0,181,33,0
24,0,53,75,0
88,0,159,7,0
90,1,198,73,0
39,1,193,35,0
40,1,195,46,0
39,1,105,62,0
18,1,24,56,0
53,0,150,91,0
86,1,181,60,0
46,1,92,35,0
83,0,176,19,0
80,1,130,76,0
55,0,156,70,0
73,0,96,34,0
88,0,108,80,0
46,1,96,71,0
25,1,76,73,1
53,0,54,48,0
54,0,45,55,0
21,1,166,28,0
71,0,149,5,0
25,1,25,73,1
63,0,83,72,0
86,0,53,73,0
35,0,51,20,0
25,0,140,92,0
35,0,52,99,0
19,0,99,55,0
86,1,132,9,0
29,1,46,9,0
20,1,183,4,0
78,0,78,13,0
86,0,100,64,0
46,0,147,20,0
47,0,84,61,0
74,1,31,46,0
36,0,90,73,0
82,0,140,94,0
25,0,129,92,0
54,1,93,14,0
25,0,137,34,0
81,0,182,91,0
78,1,63,7,0
77,1,132,34,0
42,1,152,24,0
35,1,82,78,0
40,0,122,68,0
75,0,102,62,0
74,0,32,72,0
90,0,172,36,0
75,0,72,87,0
61,1,146,12,0
67,1,199,60,0
52,0,111,81,1
32,1,115,94,0
32,1,164,38,0
79,0,24,16,0
64,0,71,21,1
35,0,123,100,0
87,0,89,35,0
24,1,150,59,0
42,1,40,90,0
68,0,32,7,0
75,1,156,93,0
37,0,97,96,0
81,0,93,41,0
31,1,140,89,0
47,1,125,12,1
41,1,42,95,0
66,1,78,21,1
73,0,136,71,0
68,0,93,54,0
84,0,188,17,0
42,1,34,77,1
19,1,171,18,0
20,0,189,76,0
88,1,177,69,0
33,1,29,93,0
27,0,114,99,0
57,0,96,51,0
82,1,199,47,0
18,0,102,32,0
47,1,36,42,1
49,1,117,44,1
27,0,44,42,0
21,1,110,27,0
72,1,186,31,0
49,0,149,13,0
28,0,114,97,0
44,1,183,19,0
56,1,126,82,0
41,1,133,79,1
89,1,176,35,0
23,0,74,77,1
83,1,177,63,0
67,1,86,10,0
81,1,54,64,0
76,1,133,7,0
41,1,190,8,0
18,0,60,35,0
29,1,138,21,0
83,1,159,28,0
18,0,168,74,0
62,1,70,23,1
88,0,32,20,0
22,1,152,35,0
67,1,127,67,0
86,1,196,27,0
70,1,165,32,0
78,1,98,9,0
47,1,72,82,1
38,1,67,25,1
29,1,167,80,0
47,0,34,43,1
84,1,131,37,0
23,1,95,8,0
79,0,78,31,0
56,1,111,64,0
52,1,154,13,0
67,0,63,60,0
67,0,76,7,0
82,1,61,17,0
60,1,62,85,1
86,1,137,38,0
24,1,48,90,0
85,1,69,72,0
38,1,70,45,1
88,0,139,49,0
50,0,163,46,0
58,1,25,25,0
51,0,150,45,0
89,0,184,39,0
25,0,139,96,0
84,1,113,87,0
75,1,104,32,0
70,1,68,1,0
52,0,56,44,0
87,0,179,96,0
19,1,65,97,0
74,0,189,12,0
86,0,56,39,0
64,1,117,66,0
84,0,119,21,0
34,0,123,27,0
65,1,63,16,1
46,0,30,89,1
44,0,51,29,0
63,1,116,40,0
18,0,137,10,0
28,1,147,24,0
45,0,166,72,0
69,1,198,77,0
48,1,108,28,0
60,0,194,42,0
58,1,32,91,0
86,0,128,34,0
66,0,39,4,0
36,1,105,77,0
39,0,86,59,0
36,1,105,25,0
51,1,164,59,0
36,1,65,6,0
50,1,168,19,0
67,0,92,36,0
38,1,145,4,0
47,0,152,47,0
89,1,104,43,0
75,1,120,47,0
41,0,128,75,1
56,0,52,69,0
43,0,181,90,0
47,1,133,64,0
87,1,149,76,0
26,0,45,28,0
67,0,75,80,1
84,0,64,96,0
88,1,87,100,0
46,1,195,92,0
62,1,111,23,1
68,1,129,68,0
90,1,142,10,0
57,0,138,21,0
28,0,40,24,1
56,1,37,2,0
58,1,120,68,0
45,0,95,72,0
25,1,175,17,0
68,1,116,42,1
90,1,24,34,0
65,0,179,66,0
71,0,197,81,0
38,0,39,99,0
77,0,23,11,0
79,1,134,83,0
78,1,130,59,0
80,1,124,49,0
83,1,145,38,0
88,0,169,31,0
88,0,134,78,0
46,1,135,60,0
71,0,160,92,0
53,0,42,8,0
55,1,53,69,0
62,0,138,8,0
84,0,155,85,0
83,1,142,100,0
73,0,110,46,0
64,0,62,73,1
28,0,184,92,0
21,0,70,28,1
69,1,125,16,1
57,0,181,9,0
36,0,118,14,0
33,0,44,52,0
37,0,198,35,0
64,0,188,1,0
84,1,141,49,0
62,0,192,52,0
89,0,114,64,0
59,0,192,72,0
22,1,25,12,1
82,1,193,86,0
76,1,125,50,0
47,1,154,91,0
73,1,151,51,0
18,0,99,37,0
82,1,48,87,0
83,0,25,26,0
42,1,30,39,0
23,0,144,97,0
35,1,113,45,0
28,0,51,62,0
67,0,185,59,0
61,1,52,71,0
46,1,64,28,1
68,1,190,58,0
36,0,126,98,0
69,1,31,93,0
50,0,146,92,0
29,1,56,57,0
38,0,115,64,0
88,1,92,5,0
21,0,83,98,0
88,1,93,56,0
57,0,112,61,0
72,0,108,96,0
29,1,178,99,0
30,1,79,34,0
64,1,145,64,0
65,1,105,88,0
88,0,25,80,0
35,0,104,91,0
54,1,75,89,0
70,1,93,4,0
22,0,79,31,0
54,0,101,73,0
87,1,152,98,0
66,1,79,9,0
77,0,67,3,0
72,1,71,36,0
64,1,130,3,0
47,1,64,82,1
46,1,116,34,0
58,0,70,85,0
76,0,39,67,0
43,0,170,27,0
31,0,185,47,0
71,0,151,25,0
44,1,30,77,1
82,1,48,61,0
24,0,79,61,0
18,1,38,22,1
70,1,157,60,0
51,0,54,59,0
44,1,137,72,0
42,1,58,96,0
29,1,120,38,0
24,0,51,34,0
67,1,55,51,0
61,0,192,33,0
59,1,173,25,0
85,1,168,98,0
28,1,66,46,1
65,0,150,91,0
40,0,142,53,0
63,0,121,85,1
55,1,121,66,0
29,0,35,97,0
23,0,42,1,0
67,1,100,38,0
62,1,34,40,0
85,0,119,52,0
35,1,127,3,0
78,1,183,14,0
37,0,127,3,0
61,1,127,94,0
36,0,148,84,0
68,0,187,42,0
67,1,47,97,0
36,1,61,14,0
84,1,94,96,0
39,1,107,74,0
64,0,139,46,0
69,0,171,2,0
25,1,32,56,1
24,0,125,91,0
46,0,113,41,0
45,0,183,9,0
72,1,197,28,0
25,1,117,75,1
90,0,72,31,0
60,1,195,6,0
65,0,110,99,0
39,1,100,46,0
20,1,121,51,1
40,0,87,58,0
22,0,105,79,0
63,1,54,93,0
83,1,76,76,0
46,1,189,54,0
72,1,184,66,0
55,1,152,89,0
23,0,51,13,0
90,0,95,40,0
49,1,105,1,0
66,0,34,2,0
43,1,88,52,0
35,0,155,51,0
54,1,44,85,0
52,1,108,68,0
77,0,29,20,0
28,1,166,54,0
19,1,46,53,0
77,1,59,41,0
63,0,84,20,1
23,1,118,32,0
28,0,89,97,0
40,0,166,49,0
55,0,79,38,0
24,0,95,76,0
71,0,48,53,0
59,1,118,27,0
75,0,76,18,0
76,0,159,96,0
73,1,169,1,0
89,0,33,43,0
55,1,154,10,0
49,0,135,46,0
86,1,179,24,0
82,0,53,98,0
68,0,131,78,1
83,0,184,32,0
49,1,81,12,0
64,0,111,75,1
31,1,105,57,0
27,1,33,8,0
68,0,98,3,0
65,0,188,77,0
82,0,137,49,0
69,1,45,60,0
39,0,106,51,0
27,1,131,32,0
80,1,184,13,0
75,1,108,26,0
28,1,119,89,1
77,1,120,68,0
29,0,123,28,1
43,0,123,94,0
75,0,196,81,0
66,0,67,99,0
39,0,79,79,1
69,1,62,71,0
79,1,101,23,0
76,0,157,79,0
19,1,140,82,0
85,0,134,70,0
60,0,24,29,0
60,0,26,87,1
69,0,31,98,0
54,0,28,61,0
37,1,44,73,0
60,0,109,65,0
76,1,78,63,0
26,1,62,60,0
84,1,28,47,0
44,1,82,28,0
78,1,43,79,0
43,0,64,69,0
21,0,101,33,0
65,1,154,33,0
60,1,54,23,0
69,1,187,41,0
81,0,111,33,0
60,1,57,3,0
25,1,164,57,0
56,1,169,68,0
89,1,41,39,0
73,1,147,21,0
37,0,82,65,0
37,1,169,1,0
90,1,45,91,0
69,0,132,29,0
53,1,94,59,0
22,1,68,42,1
46,0,176,26,0
64,1,194,48,0
27,1,170,2,0
83,0,172,1,0
59,1,193,41,0
38,0,27,84,1
39,0,79,30,0
85,1,179,22,0
54,1,98,7,0
30,0,62,55,0
54,0,181,81,0
83,1,42,3,0
77,1,56,11,0
78,1,72,87,0
86,1,83,34,0
23,1,22,36,0
90,0,169,93,0
89,1,113,38,0
21,1,91,98,0
54,1,124,15,0
54,1,34,4,0
66,1,178,99,0
33,1,166,99,0
23,1,163,72,0
60,0,43,19,0
80,1,44,78,0
34,0,114,34,0
45,0,191,77,0
49,1,109,58,0
86,1,87,31,0
24,1,26,55,1
32,0,138,31,0
60,1,127,73,0
85,1,22,28,0
38,0,169,26,0
67,0,194,64,0
37,1,88,94,0
38,0,118,1,0
45,0,133,95,0
83,1,59,8,0
56,1,126,68,0
51,1,141,39,0
50,1,62,91,0
56,1,158,32,0
83,1,192,80,0
53,0,118,32,0
89,0,90,14,0
76,0,110,60,0
86,0,70,22,0
53,1,43,61,0
67,1,193,56,0
41,0,73,4,0
70,1,30,84,1
90,1,135,15,0
56,1,136,41,0
42,1,187,66,0
27,0,31,39,0
85,1,167,86,0
54,0,158,51,0
88,1,163,15,0
27,1,88,67,0
65,1,57,63,0
76,0,78,23,0
52,0,34,62,0
84,1,84,57,0
66,0,90,72,0
20,0,160,90,0
45,1,131,36,0
31,1,116,90,0
63,1,103,82,0
18,0,138,20,0
46,0,31,3,0
22,0,167,94,0
47,1,34,35,0
83,0,134,9,0
36,0,82,17,0
47,1,133,38,0
79,0,116,76,0
66,0,139,18,0
72,1,72,89,0
71,0,117,70,0
18,1,42,41,0
22,0,199,8,0
86,1,78,56,0
49,0,47,37,0
75,0,109,36,0
24,1,97,77,0
62,1,63,77,1
22,0,172,67,0
89,1,140,49,0
86,0,24,39,0
85,0,193,56,0
53,1,51,88,0
60,1,113,75,1
28,0,185,56,0
75,0,199,31,0
53,1,50,65,0
89,0,126,38,0
19,0,126,90,0
85,0,20,54,0
51,1,65,13,0
82,1,120,35,0
68,0,175,44,0
20,1,195,46,0
89,1,21,98,0
32,0,28,90,0
45,1,95,60,0
31,0,176,65,0
36,1,55,54,0
71,1,182,11,0
18,1,186,39,0
90,1,151,76,0
36,1,34,15,0
28,0,111,97,0
60,0,41,43,0
45,0,161,52,0
89,0,29,38,0
35,0,20,94,0
56,0,62,59,0
81,0,92,98,0
87,0,195,32,0
75,1,85,41,0
34,1,148,90,0
37,0,48,46,0
49,1,101,73,0
44,1,155,32,0
21,0,132,26,0
46,1,183,75,0
63,0,109,46,1
71,0,29,99,0
28,0,24,96,0
66,1,91,81,0
46,1,197,16,0
41,1,162,32,0
54,1,88,95,0
77,1,97,86,0
24,1,64,56,1
19,1,116,28,0
33,0,74,72,0
61,0,108,10,0
57,0,67,4,0
73,0,75,32,0
69,1,86,37,0
83,0,44,65,0
22,1,140,27,0
68,1,155,81,0
73,0,52,63,0
35,0,175,3,0
27,1,24,61,0
45,0,51,4,0
64,1,165,75,0
83,1,191,61,0
61,1,138,73,0
29,0,179,69,0
55,0,28,85,0
62,1,96,1,0
65,1,154,30,0
90,1,98,66,0
63,0,79,25,1
43,0,149,79,0
28,1,90,49,0
43,1,69,91,0
40,0,163,88,0
90,0,125,6,0
25,1,106,29,0
84,0,47,29,0
24,1,56,29,0
63,0,33,17,1
22,0,159,34,0
58,1,181,55,0
36,0,46,92,0
65,1,134,29,0
19,1,28,65,0
19,1,54,43,0
90,0,90,68,0
48,0,23,7,0
51,1,104,99,0
37,1,56,14,0
79,1,20,37,0
24,0,112,81,1
45,1,56,11,0
41,1,189,34,0
80,0,36,2,0
30,0,115,70,0
28,1,141,62,0
66,1,196,13,0
72,0,76,42,0
29,1,167,53,0
36,1,55,59,0
62,0,48,90,0
88,1,144,1,0
60,1,142,26,0
63,1,126,63,0
21,0,169,47,0
32,0,27,31,0
44,1,89,88,0
67,0,195,41,0
40,0,31,45,1
45,0,84,26,0
86,0,147,51,0
71,1,191,68,0
19,0,145,18,0
45,0,115,77,1
57,0,163,28,0
64,1,166,47,0
87,1,122,18,0
29,1,116,85,1
18,1,120,70,0
42,0,92,84,0
87,1,27,12,0
75,0,33,11,0
76,1,92,5,0
20,0,37,8,0
37,1,44,51,0
89,0,172,83,0
25,1,122,4,0
48,0,112,12,0
64,0,48,51,0
21,0,75,47,1
50,1,53,13,0
63,0,145,8,0
43,1,47,55,0
64,1,69,38,0
90,0,181,66,0
20,0,95,28,0
34,0,158,94,0
57,0,195,95,0
56,1,53,16,0
72,1,42,27,0
45,1,99,54,0
70,1,94,69,0
86,1,75,91,0
38,1,29,41,0
31,1,109,90,0
88,1,20,85,0
60,1,78,26,1
71,1,150,2,0
21,0,93,67,0
28,0,137,61,0
44,0,31,33,0
47,0,42,97,0
74,1,146,40,0
87,1,23,38,0
39,0,29,89,0
42,1,175,83,0
47,0,185,21,0
66,1,194,3,0
89,1,105,19,0
23,0,168,36,0
57,1,31,49,0
81,1,86,61,0
60,0,181,23,0
55,0,144,90,0
49,0,161,70,0
83,0,29,74,0
50,1,173,8,0
63,0,117,37,0
22,0,98,51,0
19,0,151,16,0
82,1,64,25,0
36,1,32,70,0
36,1,182,96,0
54,1,72,57,0
33,0,28,16,0
53,1,81,82,0
41,0,76,38,0
39,1,95,93,0
88,1,127,70,0
28,0,116,55,1
31,1,154,14,0
76,1,76,15,0
58,1,153,58,0
46,0,106,71,0
31,0,167,68,0
82,0,150,95,0
36,1,53,47,0
40,1,100,46,0
86,1,133,47,0
36,0,170,67,0
88,0,121,40,0
76,1,170,8,0
62,1,30,22,1
82,1,22,70,0
90,1,199,88,0
66,1,176,30,0
45,0,144,63,0
76,1,131,28,0
58,0,99,94,0
65,1,61,98,0
31,1,85,87,0
58,1,59,43,0
83,0,86,14,0
90,0,107,77,0
84,0,199,8,0
61,0,97,14,0
48,0,99,98,0
61,1,174,15,0
32,1,113,38,0
80,1,49,39,0
23,1,125,50,1
67,1,127,28,1
41,1,62,62,0
73,1,74,86,0
76,1,175,99,0
59,1,162,39,0
66,1,107,39,0
23,1,155,90,0
47,0,177,33,0
72,0,77,61,0
20,0,64,44,1
25,1,91,100,0
83,0,37,29,0
82,1,48,75,0
53,1,198,63,0
84,0,177,20,0
85,1,36,65,0
74,0,39,51,0
53,0,60,6,0
64,1,38,31,0
27,0,107,82,1
46,0,158,43,0
38,0,156,19,0
89,0,55,6,0
54,1,36,60,0
23,1,172,1,0
42,1,146,23,0
47,0,73,74,1
23,0,168,47,0
36,0,199,55,0
73,0,155,38,0
25,0,77,87,1
32,1,188,75,0
84,0,146,73,0
81,0,92,57,0
78,1,129,95,0
62,0,66,93,0
39,0,123,76,1
31,1,123,88,0
60,1,146,2,0
74,1,188,93,0
87,0,174,61,0
51,1,103,6,0
85,0,111,37,0
41,1,81,81,1
27,1,140,13,0
71,0,85,6,0
90,0,90,75,0
45,1,48,26,0
66,0,178,73,0
48,1,138,26,0
68,1,94,9,0
42,1,101,21,0
81,0,124,25,0
54,1,157,88,0
32,0,80,21,0
39,0,101,21,0
61,1,157,83,0
50,0,158,51,0
41,0,133,33,0
84,0,51,12,0
65,0,49,64,0
64,0,85,61,0
56,1,140,88,0
54,0,47,3,0
18,1,155,55,0
55,1,70,46,0
30,0,115,47,0
33,0,47,52,0
34,0,118,40,0
33,1,102,62,0
57,0,140,27,0
65,1,184,77,0
74,1,147,8,0
30,0,165,72,0
34,0,49,73,0
55,1,27,84,0
45,1,122,62,0
61,1,90,93,0
65,0,185,52,0
45,1,76,12,1
50,1,175,72,0
84,0,147,18,0
59,0,127,21,0
36,1,127,86,0
37,1,108,4,0
70,1,133,60,0
50,0,79,85,1
23,0,51,39,0
80,0,39,30,0
59,1,90,85,0
71,1,70,85,1
87,1,72,69,0
30,1,73,100,0
39,0,151,24,0
71,0,128,67,0
31,0,106,13,0
81,1,142,73,0
31,0,33,73,0
57,1,62,86,0
32,1,37,45,0
37,0,76,82,1
73,0,134,13,0
28,0,30,3,0
27,1,91,93,0
32,0,53,54,0
21,0,174,22,0
39,1,125,87,0
52,1,178,63,0
46,1,99,96,0
65,1,117,97,0
38,1,163,12,0
34,1,132,11,0
71,0,124,1,0
50,1,37,39,0
80,1,114,69,0
74,1,80,100,0
27,1,130,9,0
89,0,188,35,0
71,1,57,92,0
77,1,74,36,0
26,0,67,35,0
33,1,121,73,0
30,0,114,32,0
86,1,142,57,0
80,0,171,85,0
86,1,107,94,0
25,0,141,90,0
29,1,98,92,0
27,1,170,5,0
37,1,157,98,0
71,1,117,85,1
64,1,137,3,0
90,0,156,44,0
35,1,86,53,0
19,0,158,46,0
67,0,27,81,1
87,0,24,84,0
75,0,30,61,0
19,0,147,89,0
56,1,131,69,0
50,0,191,44,0
35,1,120,96,0
49,1,51,11,0
31,0,42,12,0
31,0,49,46,0
73,0,28,19,1
40,0,80,91,0
63,1,27,91,0
82,1,57,21,0
59,0,91,94,0
57,1,183,57,0
28,0,37,23,1
44,1,56,94,0
53,1,51,56,0
45,0,26,16,1
77,0,99,87,0
47,1,110,10,0
76,0,46,89,0
90,0,64,45,0
69,0,71,44,1
63,0,124,40,0
69,1,80,96,0
35,1,70,6,0
66,0,90,90,0
34,1,198,76,0
24,0,84,66,0
27,0,134,96,0
44,0,34,97,0
21,0,50,71,0
20,1,132,50,1
50,1,81,90,0
44,0,67,30,0
83,0,28,27,0
80,0,28,88,0
30,1,110,15,0
58,0,118,99,0
60,0,59,13,0
59,0,154,80,0
41,0,70,15,1
83,1,175,40,0
72,0,129,12,0
46,1,111,82,1
37,1,101,73,0
76,1,145,12,0
55,0,106,42,0
53,0,51,47,0
45,1,165,42,0
73,0,73,28,0
76,0,67,80,0
20,0,162,87,0
27,0,177,70,0
87,1,192,57,0
58,1,119,63,0
67,1,117,77,1
60,0,35,18,1
61,0,150,55,0
69,1,180,76,0
36,1,190,62,0
81,1,89,88,0
77,1,46,7,0
55,1,101,23,0
58,0,168,11,0
47,1,169,79,0
45,1,170,67,0
67,0,156,74,0
41,0,38,1,0
90,1,48,41,0
71,1,147,14,0
71,1,128,80,1
87,1,130,34,0
89,1,156,58,0
56,0,118,98,0
69,0,128,55,1
84,1,57,46,0
82,0,55,94,0
43,0,54,66,0
90,1,55,95,0
28,0,47,33,0
76,1,125,86,0
40,1,149,48,0
40,0,66,79,1
87,1,110,58,0
37,1,112,26,0
39,1,22,56,0
64,1,141,6,0
78,0,100,4,0
57,0,195,15,0
77,0,58,67,0
83,0,111,73,0
39,1,188,94,0
85,0,132,69,0
22,1,85,44,0
52,1,26,89,0
59,1,131,53,0
54,0,159,47,0
47,1,136,88,0
59,0,39,26,0
89,0,196,43,0
80,0,78,62,0
31,1,65,98,0
49,0,86,49,0
48,0,154,21,0
39,1,134,8,0
83,0,111,18,0
33,1,85,22,0
66,0,142,45,0
60,0,44,24,0
62,0,154,42,0
85,0,146,72,0
75,0,94,66,0
52,0,25,86,0
36,1,97,9,0
23,0,79,97,0
28,1,191,80,0
24,1,100,67,0
66,0,184,43,0
78,0,173,30,0
46,0,22,7,0
88,0,100,20,0
83,0,146,65,0
19,1,196,46,0
77,1,165,53,0
40,0,95,48,0
27,1,156,100,0
68,1,102,85,0
27,1,194,20,0
37,1,183,92,0
49,0,92,65,0
69,0,69,34,0
78,1,21,18,0
80,0,138,37,0
64,0,101,46,0
25,1,32,99,0
52,0,200,77,0
48,0,73,40,0
86,1,175,64,0
65,0,20,22,1
44,1,181,6,0
82,1,40,98,0
26,0,35,30,0
20,1,146,98,0
28,1,29,94,0
56,0,76,2,0
66,1,53,22,0
61,0,151,78,0
49,0,91,28,0
38,0,52,78,0
82,0,126,70,0
85,0,82,68,0
47,0,90,50,0
74,0,25,64,0
51,0,107,56,0
88,0,24,85,0
23,1,56,80,1
59,0,26,81,0
38,0,35,47,1
51,0,78,15,1
51,0,109,95,0
24,0,160,75,0
84,1,59,50,0
29,0,185,13,0
83,0,78,72,0
58,1,105,85,0
22,0,159,100,0
46,0,67,86,1
71,0,134,44,0
24,0,169,54,0
81,1,176,43,0
24,1,154,92,0
60,0,49,53,0
33,1,41,18,0
41,0,198,26,0
57,0,87,58,0
72,0,68,77,1
35,1,46,49,0
24,0,185,56,0
79,1,164,59,0
28,0,63,47,1
57,0,118,53,0
26,0,39,34,0
60,0,155,16,0
83,0,56,63,0
44,0,65,46,1
71,0,136,81,0
50,0,102,6,0
45,1,27,50,1
55,0,28,27,0
76,0,24,95,0
57,0,54,34,0
80,0,132,74,0
20,1,76,58,0
48,1,189,77,0
43,1,141,16,0
47,1,199,67,0
20,1,43,64,0
90,0,139,19,0
39,1,32,50,1
28,0,101,91,0
18,0,85,24,0
33,0,180,20,0
26,1,122,90,0
77,0,43,15,0
20,1,194,93,0
31,0,127,63,0
85,1,86,38,0
86,1,194,34,0
52,0,129,29,0
68,0,159,51,0
61,0,160,82,0
68,1,75,97,0
78,1,31,20,0
63,1,109,20,1
75,0,36,45,0
45,0,47,75,0
40,1,92,37,0
27,0,156,29,0
75,0,149,95,0
89,0,172,72,0
56,1,78,87,0
37,1,57,27,0
19,1,30,80,1
48,0,125,23,1
82,0,116,34,0
66,0,43,27,0
37,0,175,24,0
59,0,117,74,0
59,1,193,52,0
24,0,144,21,0
80,0,193,94,0
57,0,156,89,0
70,0,147,89,0
31,0,60,66,0
89,0,168,73,0
81,0,163,68,0
87,0,34,83,0
60,1,32,21,1
87,1,119,96,0
79,1,41,81,0
49,1,179,31,0
25,0,35,78,1
45,0,78,49,1
90,0,188,88,0
21,0,149,64,0
24,1,138,57,0
37,1,195,3,0
45,0,97,95,0
66,0,57,50,1
58,1,72,26,0
28,1,23,52,1
86,1,114,42,0
58,1,138,33,0
42,0,166,78,0
49,1,169,26,0
50,0,76,50,1
37,1,36,1,0
50,1,41,26,0
31,0,142,4,0
20,0,92,95,0
37,1,41,76,0
88,1,156,99,0
77,1,151,63,0
74,0,70,90,0
42,1,38,19,1
89,0,91,3,0
82,0,29,41,0
73,1,64,34,0
40,0,180,34,0
72,1,167,5,0
74,0,107,98,0
21,0,106,45,0
75,1,189,53,0
61,0,35,56,1
22,1,35,91,0
87,1,112,39,0
41,0,178,48,0
69,1,112,68,0
62,1,146,58,0
88,0,39,56,0
44,1,154,38,0
48,1,49,51,0
78,0,136,61,0
78,0,57,24,0
27,1,134,23,0
80,0,100,14,0
51,1,67,15,1
70,0,171,91,0
82,1,65,56,0
31,0,97,72,0
44,1,164,1,0
79,0,159,73,0
80,0,101,93,0
74,0,52,73,0
70,0,31,83,1
77,1,132,11,0
76,0,176,42,0
88,0,187,83,0
78,0,102,19,0
51,0,97,75,0
23,0,171,65,0
72,0,60,14,0
72,0,110,37,0
55,0,56,43,0
84,0,60,85,0
75,1,187,60,0
26,0,127,11,0
72,0,187,90,0
81,1,87,26,0
48,0,188,58,0
59,0,33,50,0
55,0,23,55,0
85,1,43,86,0
65,1,77,64,0
67,0,23,82,1
73,0,71,16,1
78,0,69,95,0
86,1,83,80,0
61,1,190,72,0
44,0,95,7,0
79,0,156,27,0
24,1,51,17,0
88,0,158,51,0
49,0,105,61,0
57,1,127,41,0
78,0,103,16,0
65,1,40,68,0
76,1,117,11,0
68,0,125,45,1
76,0,190,58,0
49,0,124,89,0
22,1,74,43,1
81,1,54,4,0
36,1,112,78,0
35,0,39,39,0
70,0,38,26,1
69,1,54,69,0
23,1,101,25,0
48,0,102,17,0
58,0,67,49,0
57,1,189,57,0
56,0,170,92,0
47,1,172,98,0
63,0,22,9,0
59,0,135,86,0
35,0,156,65,0
38,1,112,10,0
41,0,136,91,0
19,1,102,82,0
62,1,68,61,0
60,0,148,83,0
19,1,161,38,0
18,1,54,44,0
54,0,84,1,0
36,0,159,73,0
79,0,48,67,0
80,0,71,89,0
57,1,107,57,0
48,1,42,53,1
28,1,56,53,0
42,1,85,33,0
20,0,135,48,0
55,0,92,18,0
64,1,139,17,0
24,1,56,58,0
56,0,85,65,0
57,0,183,47,0
40,0,58,35,0
62,0,164,56,0
53,1,26,97,0
86,0,102,81,0
53,1,161,64,0
52,0,141,9,0
64,0,134,95,0
56,0,155,84,0
23,1,141,14,0
36,0,173,88,0
65,0,135,24,0
69,1,32,66,0
80,1,36,34,0
23,1,94,17,0
74,1,112,37,0
49,0,51,87,0
20,1,23,75,1
32,0,142,78,0
46,0,164,90,0
35,1,175,24,0
65,1,174,73,0
84,0,102,27,0
46,1,53,79,0
80,0,120,86,0
65,1,136,59,0
20,1,192,8,0
44,1,93,25,0
28,0,50,58,0
36,1,161,59,0
39,1,195,72,0
52,0,194,23,0
20,0,165,23,0
32,0,182,44,0
47,0,32,59,1
55,0,144,58,0
82,1,155,50,0
28,1,82,22,1
58,1,110,34,0
19,1,148,16,0
90,0,89,10,0
82,1,103,67,0
77,0,38,31,0
60,1,111,65,0
66,1,33,47,1
53,0,139,7,0
65,1,103,20,0
39,1,111,59,0
31,0,144,81,0
45,1,103,96,0
86,0,87,9,0
55,0,45,70,0
89,1,76,7,0
33,1,191,77,0
69,0,166,53,0
74,0,58,74,0
47,0,45,20,0
68,0,96,91,0
21,0,184,38,0
78,1,107,27,0
54,0,191,50,0
72,1,59,90,0
66,0,143,66,0
41,1,196,100,0
87,0,42,73,0
47,0,51,78,0
42,0,57,32,0
47,0,57,99,0
45,0,100,80,0
42,0,129,40,0
41,0,60,72,0
42,1,33,89,1
70,0,193,8,0
46,1,121,41,1
46,0,117,36,0
64,1,26,12,1
18,1,58,37,0
31,0,37,68,0
75,1,104,59,0
30,1,159,95,0
35,1,164,79,0
76,0,137,4,0
31,0,21,100,0
77,0,117,74,0
35,1,27,44,0
81,0,155,72,0
48,1,162,54,0
45,0,42,66,0
56,0,160,26,0
59,0,61,96,0
70,1,146,84,0
40,0,82,42,0
69,1,116,41,0
33,1,98,43,0
24,1,104,60,0
53,0,130,87,0
40,1,125,96,0
80,0,180,72,0
39,0,23,18,1
75,0,121,42,0
30,1,110,22,0
23,1,57,2,0
35,0,68,52,0
51,0,82,65,0
49,0,187,76,0
81,1,197,55,0
62,1,49,98,0
39,1,91,97,0
38,1,59,21,0
89,1,177,81,0
33,0,169,13,0
37,0,25,67,0
72,1,89,67,0
36,0,104,24,0
21,1,74,54,1
55,1,171,92,0
65,0,179,33,0
39,0,78,46,1
83,1,87,74,0
60,0,97,100,0
30,1,169,84,0
24,1,176,90,0
85,0,148,25,0
72,1,196,30,0
78,1,41,44,0
20,0,82,30,0
27,0,155,32,0
25,1,31,34,0
84,1,191,63,0
61,1,174,29,0
66,1,109,51,1
69,0,83,13,0
67,0,146,95,0
22,1,169,43,0
34,0,169,8,0
60,0,87,63,0
61,1,47,89,0
87,0,109,7,0
60,1,176,100,0
46,0,141,85,0
46,1,39,98,0
84,0,184,13,0
85,0,98,45,0
84,0,104,10,0
44,1,21,14,1
28,0,51,82,0
66,1,123,84,1
64,1,89,91,0
79,1,169,77,0
65,1,155,16,0
69,1,29,2,0
68,0,115,95,0
89,0,170,90,0
65,0,106,29,0
50,1,195,21,0
88,0,97,85,0
45,1,68,53,1
88,0,88,23,0
78,1,110,55,0
70,0,88,88,0
77,1,46,37,0
26,0,179,45,0
19,1,61,10,0
65,0,147,21,0
29,1,50,54,0
82,0,169,72,0
54,0,125,100,0
61,1,33,16,1
44,1,166,4,0
79,1,121,90,0
70,0,85,43,0
61,0,179,36,0
47,0,177,97,0
27,1,60,31,0
78,0,31,36,0
19,1,190,8,0
89,0,51,85,0
33,1,147,7,0
80,1,32,26,0
67,0,75,61,0
50,0,163,13,0
90,1,59,73,0
85,0,108,63,0
33,0,52,46,0
51,1,81,75,0
23,1,143,37,0
39,0,40,43,0
33,0,165,65,0
32,0,35,58,0
55,0,136,20,0
37,1,135,42,0
45,1,162,47,0
88,1,128,10,0
26,1,154,91,0
80,0,123,99,0
44,0,56,55,0
32,1,48,35,0
33,1,22,43,0
86,0,117,19,0
54,1,101,17,0
63,0,75,95,0
88,1,185,32,0
18,1,116,92,0
37,1,91,2,0
32,1,104,71,0
56,1,87,32,0
35,1,52,36,0
21,0,126,65,0
70,1,185,50,0
30,0,25,67,0
65,1,136,5,0
82,0,105,36,0
21,1,192,73,0
52,0,122,1,0
61,1,142,46,0
29,0,117,32,0
53,1,105,76,0
42,1,73,56,1
55,0,99,62,0
53,1,125,82,1
83,1,113,79,0
57,1,34,20,0
53,1,173,10,0
65,1,118,52,1
88,1,144,66,0
27,1,180,35,0
73,0,90,31,0
67,1,72,13,1
42,1,34,33,0
67,1,64,93,0
67,1,27,62,0
26,0,82,2,0
71,0,80,10,0
33,1,180,36,0
49,0,71,50,1
50,1,172,37,0
71,1,166,94,0
30,0,177,11,0
76,1,22,12,0
79,0,29,78,0
24,1,34,67,0
90,0,182,65,0
58,0,101,10,0
56,1,197,78,0
27,0,177,53,0
37,1,41,71,0
49,1,38,33,0
67,0,120,79,1
74,0,139,20,0
24,0,90,63,0
21,1,42,44,0
35,0,109,51,0
78,1,181,1,0
30,0,104,49,0
55,1,130,39,0
68,1,55,30,0
81,1,161,64,0
63,1,23,25,1
32,1,197,83,0
61,0,173,5,0
61,0,137,27,0
63,1,104,27,0
90,0,144,96,0
30,1,58,63,0
47,1,23,65,0
21,0,49,75,0
18,0,191,91,0
80,0,96,21,0
22,1,73,52,1
32,0,149,4,0
64,0,170,44,0
72,0,138,53,0
88,0,23,68,0
41,1,190,61,0
27,0,188,21,0
29,0,129,11,0
48,1,188,14,0
33,0,127,60,0
28,0,74,2,0
37,0,105,66,0
55,0,46,33,0
74,1,148,7,0
36,1,162,37,0
87,1,71,51,0
29,0,23,35,0
42,0,112,21,1
64,0,54,51,0
59,0,59,59,0
62,1,194,37,0
59,1,143,90,0
56,0,198,37,0
57,0,193,34,0
22,1,54,86,0
78,0,60,40,0
58,0,166,100,0
20,0,52,31,0
60,0,118,12,1
36,0,27,40,0
74,0,105,90,0
42,1,97,97,0
65,1,142,52,0
57,0,35,68,0
50,1,154,47,0
40,1,151,18,0
55,1,60,61,0
45,0,35,85,1
25,1,194,29,0
68,0,144,26,0
81,0,65,5,0
47,0,142,87,0
61,0,102,53,0
44,0,23,72,1
41,0,150,69,0
80,0,179,58,0
55,1,200,55,0
28,1,159,19,0
35,0,21,3,0
45,1,94,100,0
63,0,192,9,0
63,0,74,40,0
22,0,73,24,1
70,1,200,41,0
72,0,84,79,0
80,1,79,53,0
51,0,48,100,0
35,1,197,76,0
68,0,111,68,0
50,0,22,45,1
31,1,118,50,0
70,1,195,34,0
65,1,49,83,0
65,0,39,55,1
20,0,110,48,1
22,0,118,36,0
51,0,187,45,0
30,1,189,86,0
51,1,194,39,0
51,1,41,57,0
50,1,55,92,0
38,1,170,40,0
30,1,159,91,0
37,0,105,44,0
64,1,169,37,0
18,1,158,84,0
22,0,183,65,0
26,0,136,78,0
82,0,37,45,0
60,1,46,54,0
39,0,158,48,0
70,1,174,5,0
57,1,196,48,0
61,1,95,3,0
39,1,36,27,0
44,1,166,27,0
71,0,119,31,0
51,0,121,75,1
84,1,117,82,0
70,0,183,79,0
41,0,81,95,0
62,1,195,92,0
28,0,78,14,1
35,0,98,100,0
22,1,84,8,0
26,0,46,50,0
30,1,134,60,0
28,0,31,52,1
84,1,176,50,0
51,1,192,70,0
75,1,187,61,0
68,1,189,53,0
22,0,105,66,0
29,0,29,35,0
36,1,127,57,0
18,1,168,52,0
64,0,94,18,0
18,0,187,41,0
68,0,155,28,0
75,1,29,71,0
78,0,46,2,0
56,0,136,15,0
60,1,47,83,0
89,1,183,85,0
29,0,152,42,0
18,0,156,65,0
42,0,46,39,0
43,1,36,1,0
46,1,75,52,1
87,1,168,55,0
86,1,67,25,0
41,1,46,79,0
28,1,47,10,0
68,1,79,36,0
82,1,140,20,0
50,0,84,53,0
47,0,170,72,0
33,1,104,23,0
30,0,191,15,0
80,0,53,62,0
43,0,80,18,1
66,1,99,30,0
50,0,56,31,0
42,1,196,46,0
30,0,39,93,0
48,1,117,47,1
23,0,74,42,1
38,0,117,77,1
53,1,89,35,0
74,0,51,10,0
55,1,188,64,0
72,1,156,78,0
88,1,193,11,0
64,0,131,82,1
35,0,86,86,0
22,0,95,32,0
48,0,180,98,0
83,1,128,77,0
90,0,47,77,0
35,0,42,8,0
48,0,137,95,0
42,0,23,31,0
80,1,170,26,0
68,1,44,18,0
31,1,38,99,0
20,1,61,15,1
89,1,156,17,0
19,1,76,70,0
29,0,83,8,0
84,1,177,97,0
29,0,36,9,0
63,1,173,99,0
88,0,181,69,0
42,1,122,17,1
39,1,164,66,0
58,1,47,85,0
21,1,91,35,0
63,0,187,95,0
65,1,148,38,0
32,0,24,27,0
85,0,58,25,0
56,1,86,30,0
50,1,46,36,0
76,1,41,74,0
30,1,195,28,0
54,1,88,65,0
32,1,121,1,0
85,1,70,27,0
29,1,138,67,0
75,0,179,22,0
57,0,67,86,0
37,1,28,96,0
69,0,58,9,0
56,0,147,48,0
62,0,75,85,1
88,1,87,91,0
66,0,105,36,0
41,0,65,32,0
49,1,134,84,0
39,0,83,46,0
46,1,98,17,0
68,1,28,48,1
60,0,55,68,0
35,0,128,69,0
56,0,21,49,0
23,0,191,96,0
63,0,72,52,1
62,0,108,54,1
62,0,109,81,1
21,1,169,68,0
60,0,161,65,0
87,1,174,73,0
49,1,140,21,0
24,0,97,57,0
62,1,60,23,1
31,1,97,39,0
32,0,171,34,0
66,0,80,29,0
52,0,62,92,0
41,0,42,55,0
75,1,148,95,0
88,0,122,68,0
54,0,177,72,0
71,1,136,5,0
70,0,116,58,0
78,1,66,75,0
78,0,28,72,0
62,1,46,20,0
43,0,79,5,0
70,0,56,99,0
59,0,40,29,0
31,0,78,33,0
69,0,172,99,0
18,1,62,96,0
85,1,144,3,0
52,1,129,63,0
61,1,35,25,1
31,0,75,90,0
61,0,31,23,1
42,0,103,70,0
42,0,31,48,1
65,1,91,7,0
62,0,50,6,0
79,0,67,77,0
39,1,164,87,0
37,0,159,58,0
54,1,163,27,0
74,0,150,94,0
79,1,60,72,0
46,0,84,56,0
34,1,187,65,0
78,0,186,27,0
87,1,60,3,0
47,1,184,70,0
71,0,166,59,0
74,1,82,56,0
61,0,46,89,0
34,1,42,57,0
37,1,115,13,0
88,1,184,55,0
54,1,38,98,0
72,1,34,95,0
75,0,164,79,0
81,1,133,82,0
36,1,71,36,0
24,0,21,39,0
30,1,177,67,0
45,0,25,26,1
50,1,120,90,0
74,1,94,49,0
71,1,176,81,0
46,1,70,63,0
64,0,179,28,0
54,0,40,6,0
32,1,23,3,0
68,0,152,90,0
69,0,61,18,1
51,0,158,38,0
46,1,110,20,1
63,0,159,57,0
79,1,58,64,0
61,0,37,89,0
20,1,87,4,0
79,0,158,71,0
66,0,69,68,0
52,0,156,16,0
38,0,111,68,0
49,0,54,6,0
39,0,190,93,0
57,1,49,17,0
81,1,33,83,0
45,0,98,36,0
41,1,96,6,0
34,0,69,51,0
64,0,191,17,0
67,0,79,5,0
71,0,104,23,0
27,0,85,51,0
47,0,118,17,1
63,0,190,63,0
27,0,100,80,0
31,1,184,1,0
90,0,139,73,0
89,1,121,81,0
73,1,50,25,0
58,1,99,59,0
74,0,168,84,0
54,1,140,42,0
84,0,187,82,0
81,1,56,29,0
57,0,33,90,0
19,1,112,26,0
90,1,62,15,0
26,0,77,56,1
76,0,94,9,0
32,1,66,48,0
45,0,50,26,0
24,1,96,9,0
75,0,151,87,0
53,0,189,55,0
57,0,197,14,0
38,1,190,59,0
45,0,166,84,0
31,0,137,84,0
73,1,183,56,0
63,0,116,30,0
54,0,98,53,0
62,1,47,16,0
34,0,101,41,0
72,1,154,70,0
23,1,151,23,0
86,1,88,94,0
39,0,168,9,0
62,1,192,6,0
23,1,42,67,0
36,1,122,5,0
32,0,73,24,0
60,0,74,80,1
73,1,145,25,0
20,1,157,100,0
44,0,176,93,0
68,1,145,38,0
64,0,116,82,1
34,1,98,8,0
62,1,44,15,0
67,0,119,51,1
81,1,135,27,0
26,0,151,70,0
46,1,172,79,0
86,0,23,89,0
19,0,23,72,0
39,0,30,40,0
48,0,159,80,0
68,1,98,32,0
41,1,178,32,0
48,1,60,32,0
82,0,77,94,0
42,0,139,73,0
65,1,162,31,0
77,1,58,87,0
32,0,127,30,0
83,0,81,26,0
46,1,105,39,0
71,0,63,98,0
36,1,167,63,0
42,1,154,47,0
19,1,47,39,0
29,0,190,83,0
32,0,84,68,0
45,0,115,68,0
84,0,64,53,0
67,1,159,30,0
83,1,178,54,0
30,1,183,33,0
70,1,149,68,0
40,0,40,15,1
21,1,24,42,0
74,0,139,39,0
46,0,58,44,0
40,1,174,69,0
75,0,99,73,0
28,1,38,53,1
43,1,150,37,0
61,1,87,75,0
35,1,130,30,0
43,1,113,11,0
83,1,101,51,0
85,1,64,46,0
18,1,187,69,0
77,1,193,11,0
76,0,71,3,0
56,0,116,70,0
87,1,97,25,0
80,1,169,31,0
54,1,159,66,0
80,1,173,21,0
33,1,191,62,0
71,0,34,42,0
63,1,104,75,0
39,1,120,48,1
63,0,94,29,0
31,1,74,65,0
19,0,159,36,0
74,0,54,34,0
64,1,96,68,0
33,1,197,34,0
84,0,124,91,0
60,1,92,11,0
36,1,75,22,0
19,1,48,45,0
75,1,21,13,0
45,1,131,17,1
27,1,99,4,0
80,1,103,40,0
59,0,196,65,0
54,0,168,21,0
89,1,26,90,0
49,1,137,81,0
90,0,99,57,0
90,1,38,83,0
64,1,123,11,1
77,1,153,75,0
51,1,165,51,0
66,1,118,40,0
45,1,118,48,1
26,0,158,74,0
39,1,163,96,0
82,1,27,78,0
40,0,97,4,0
84,1,76,14,0
29,1,58,16,0
32,0,28,13,0
43,1,119,7,0
64,0,124,24,1
83,1,162,6,0
68,0,89,80,0
89,0,189,29,0
32,0,66,80,0
62,1,188,29,0
27,1,29,77,1
32,1,28,62,0
89,0,163,57,0
31,1,28,94,0
64,0,69,10,0
47,0,107,36,0
21,1,154,41,0
77,0,64,56,0
29,0,88,60,0
24,1,33,2,0
22,1,184,31,0
80,1,22,23,0
51,0,125,60,0
55,0,28,47,0
77,0,182,5,0
56,0,36,44,0
76,1,192,2,0
48,1,164,3,0
62,1,74,85,1
52,0,140,11,0
50,0,60,21,1
57,1,197,63,0
36,0,85,41,0
86,0,139,47,0
40,0,87,74,0
33,1,118,60,0
21,0,87,100,0
90,1,38,44,0
44,1,155,20,0
86,1,81,55,0
29,0,113,81,1
82,0,179,69,0
21,1,23,52,1
29,0,163,92,0
64,1,76,86,1
43,0,161,17,0
46,1,21,24,1
61,1,140,80,0
57,0,106,23,0
89,1,182,45,0
22,0,86,85,0
19,1,21,93,0
88,0,115,37,0
64,0,158,89,0
51,1,110,83,1
34,1,48,66,0
43,0,191,14,0
67,1,156,30,0
80,1,148,56,0
69,1,155,35,0
90,0,131,77,0
41,0,178,35,0
85,1,107,97,0
18,1,80,94,0
64,0,193,17,0
39,1,79,40,0
77,1,35,15,0
74,1,115,64,0
35,0,186,61,0
55,0,98,57,0
89,1,132,81,0
69,1,78,28,0
37,1,64,38,0
87,1,199,37,0
51,0,97,49,0
49,1,53,28,0
31,0,200,20,0
86,1,77,46,0
51,1,150,84,0
68,1,197,18,0
30,1,150,5,0
43,0,132,27,0
39,1,78,76,1
31,1,106,95,0
57,1,21,14,0
44,0,136,7,0
23,1,139,52,0
37,0,96,45,0
67,0,36,41,0
65,1,175,2,0
53,1,143,50,0
74,1,188,54,0
67,1,26,68,0
69,0,126,93,0
34,1,178,54,0
23,0,23,43,1
67,0,184,100,0
80,1,168,97,0
71,0,134,90,0
59,1,30,97,0
68,0,170,68,0
38,0,50,26,0
79,0,166,67,0
23,0,59,30,0
35,0,160,44,0
68,1,172,10,0
79,0,94,57,0
85,1,48,18,0
19,1,146,53,0
22,0,34,82,1
90,0,153,41,0
25,0,148,85,0
51,1,137,35,0
84,1,142,76,0
85,0,152,53,0
29,0,155,82,0
47,0,69,19,1
66,0,173,95,0
68,1,126,42,1
53,0,186,88,0
85,0,183,12,0
63,1,145,65,0
20,1,164,20,0
31,0,30,33,0
55,1,156,10,0
55,0,48,6,0
38,1,22,8,0
21,0,93,52,0
53,1,85,27,0
68,0,60,35,0
56,0,74,33,0
39,1,86,48,0
77,0,113,47,0
33,0,66,55,0
21,1,112,69,0
75,0,134,35,0
18,1,105,9,0
63,0,77,63,0
75,1,80,48,0
28,0,47,82,0
67,0,57,72,0
29,1,106,13,0
28,1,176,37,0
59,0,165,93,0
56,0,64,100,0
44,1,106,42,0
80,0,158,53,0
73,0,40,60,0
61,0,173,48,0
67,1,67,30,0
55,1,153,12,0
35,0,56,9,0
48,0,190,67,0
32,1,168,80,0
27,0,79,27,1
61,1,78,18,1
38,1,138,78,0
38,0,48,9,0
45,0,185,25,0
86,0,105,79,0
43,0,163,27,0
58,1,56,98,0
90,0,184,45,0
81,0,143,59,0
74,0,180,2,0
76,0,104,46,0
39,0,45,52,0
48,0,109,80,1
70,1,149,95,0
31,0,46,39,0
30,1,187,34,0
43,1,63,63,0
58,0,103,26,0
80,0,150,39,0
58,0,28,27,0
81,1,194,32,0
40,0,86,30,0
88,1,57,24,0
46,0,191,8,0
74,0,196,74,0
24,0,65,56,1
56,0,32,2,0
44,1,176,55,0
85,1,196,45,0
59,0,148,19,0
38,1,94,39,0
54,0,199,90,0
70,1,55,11,0
29,1,93,29,0
21,0,121,49,1
52,0,116,98,0
30,1,197,74,0
82,1,29,5,0
34,1,35,65,0
62,1,58,73,0
41,1,102,67,0
72,1,110,18,0
44,0,141,66,0
42,0,52,38,0
90,0,128,31,0
50,1,60,13,0
73,0,42,34,0
55,1,90,92,0
44,0,127,58,1
21,1,160,29,0
43,0,189,39,0
59,1,28,63,0
67,0,165,6,0
50,0,57,94,0
32,1,133,22,0
89,0,128,40,0
74,0,23,87,0
82,1,135,11,0
78,0,48,47,0
21,0,82,90,0
21,1,39,27,0
87,1,24,41,0
54,0,88,75,0
77,1,92,72,0
61,1,137,50,0
60,1,49,15,0
49,1,105,50,0
21,1,130,51,1
18,0,59,38,0
82,1,41,89,0
88,0,196,70,0
47,0,89,45,0
63,0,171,25,0
53,0,148,64,0
38,1,86,88,0
47,1,109,61,0
35,1,65,29,0
55,0,100,79,0
19,0,199,84,0
48,0,46,94,0
22,1,198,15,0
72,1,32,92,0
88,1,198,53,0
84,0,49,39,0
41,1,114,37,0
29,0,196,100,0
29,0,148,75,0
70,0,119,90,0
53,0,163,93,0
38,0,138,89,0
39,1,112,53,1
65,0,109,68,0
74,0,155,85,0
56,0,170,31,0
54,1,146,6,0
36,0,169,55,0
67,0,79,88,0
84,1,156,79,0
65,1,55,34,0
65,0,106,41,0
48,1,195,45,0
45,1,81,99,0
27,1,71,54,1
80,1,61,37,0
79,0,91,31,0
55,0,115,84,0
65,0,146,25,0
52,1,188,91,0
64,1,172,23,0
25,0,100,92,0
86,0,55,39,0
22,0,34,15,1
53,0,168,39,0
76,0,176,64,0
58,0,73,7,0
41,0,96,28,0
26,1,166,91,0
42,0,68,8,0
40,0,81,89,0
71,0,25,23,1
20,0,60,35,0
43,1,107,87,0
65,0,20,74,1
79,1,92,3,0
82,1,146,51,0
30,0,154,7,0
71,0,94,78,0
84,1,108,62,0
69,1,191,66,0
87,0,86,73,0
82,0,185,51,0
85,1,94,88,0
34,0,28,71,0
60,0,173,37,0
33,1,149,40,0
52,0,36,66,0
80,0,85,100,0
20,0,100,17,0
46,1,57,100,0
47,1,58,2,0
68,0,38,67,0
31,1,195,68,0
70,0,71,28,1
57,0,175,19,0
58,0,194,46,0
43,0,29,32,0
65,1,89,94,0
30,0,184,20,0
57,1,128,39,0
48,0,40,62,0
66,0,100,95,0
40,1,39,14,0
59,0,39,49,0
47,1,75,73,1
39,1,36,31,0
55,0,132,41,0
67,1,165,85,0
20,1,98,92,0
85,0,161,9,0
85,0,120,93,0
51,1,159,19,0
59,1,200,8,0
60,1,47,96,0
79,1,181,81,0
38,1,88,94,0
42,0,155,100,0
70,0,81,61,0
31,1,146,46,0
54,1,191,97,0
34,1,147,28,0
53,0,105,97,0
45,1,79,21,1
58,0,59,93,0
61,0,196,100,0
64,0,67,82,1
53,1,86,72,0
32,1,173,58,0
25,0,133,82,1
57,1,141,93,0
77,0,78,62,0
90,0,187,41,0
67,1,166,32,0
27,0,85,48,0
49,1,133,36,0
63,0,32,68,0
88,0,187,18,0
77,1,46,50,0
90,1,188,74,0
46,0,110,11,0
77,0,105,6,0
52,0,23,12,0
74,0,33,19,1
65,1,36,16,1
82,0,49,20,0
38,1,129,4,0
45,0,197,52,0
53,1,130,75,0
63,0,171,40,0
23,0,159,43,0
88,0,47,80,0
38,1,96,95,0
19,1,154,87,0
44,1,178,9,0
35,1,179,67,0
42,0,62,47,1
24,0,65,14,1
44,1,180,73,0
63,0,78,7,0
40,1,116,44,1
88,1,34,20,0
47,1,119,15,1
52,0,84,88,0
68,1,190,22,0
58,0,24,92,0
20,0,155,63,0
67,1,142,5,0
59,0,48,89,0
72,0,168,42,0
26,0,117,79,1
48,1,101,46,0
87,1,66,47,0
54,1,98,47,0
26,0,176,96,0
67,0,181,17,0
66,1,68,12,1
57,1,134,32,0
35,0,73,10,0
78,1,159,87,0
60,1,199,77,0
55,0,22,79,0
86,1,189,51,0
48,1,187,10,0
58,1,36,93,0
77,0,72,64,0
53,0,94,63,0
87,1,20,83,0
25,0,93,13,0
56,0,108,30,0
36,0,141,20,0
83,0,100,97,0
22,0,68,44,1
90,0,155,74,0
33,0,136,98,0
50,0,122,39,0
47,1,101,46,0
87,0,77,47,0
63,0,64,7,0
29,0,21,24,1
37,1,25,9,0
64,1,49,56,0
27,1,173,54,0
56,0,47,49,0
72,0,42,61,0
88,1,111,16,0
20,0,194,17,0
63,0,79,43,1
35,1,195,37,0
90,1,48,72,0
31,1,34,50,0
22,0,63,85,1
42,0,148,41,0
57,0,190,73,0
84,0,167,28,0
56,0,102,20,0
57,1,56,40,0
88,1,44,93,0
19,1,31,61,0
81,1,174,95,0
79,1,30,41,0
57,1,154,3,0
20,0,73,77,1
88,0,173,14,0
44,0,195,40,0
34,0,176,2,0
47,1,35,77,1
71,0,90,100,0
79,0,105,37,0
47,0,25,25,1
27,1,106,6,0
82,1,154,30,0
36,0,136,69,0
43,1,195,51,0
73,0,89,94,0
35,0,45,60,0
29,1,147,4,0
45,1,84,22,1
87,0,151,38,0
63,1,62,88,0
58,1,66,53,0
72,1,76,22,1
51,1,88,32,0
61,0,125,80,1
47,1,172,91,0
54,1,154,3,0
72,1,46,71,0
24,0,156,68,0
21,1,43,97,0
41,1,99,14,0
90,0,114,47,0
54,1,34,44,0
87,0,161,73,0
85,0,151,49,0
61,1,31,13,1
21,1,187,73,0
30,0,42,1,0
71,0,95,54,0
29,0,181,63,0
84,1,87,28,0
30,1,113,60,0
80,0,155,96,0
25,0,52,90,0
45,0,170,42,0
59,1,44,40,0
78,0,159,76,0
71,0,69,39,0
76,0,25,68,0
75,1,140,82,0
58,1,21,50,0
77,1,22,74,0
37,0,85,49,0
27,0,180,93,0
24,1,193,22,0
75,1,129,57,0
30,0,87,31,0
58,0,86,67,0
57,1,73,33,0
56,1,115,84,0
80,1,51,52,0
46,1,33,64,0
40,1,149,26,0
60,0,84,31,0
55,0,130,61,0
25,1,95,75,0
34,0,67,79,0
87,1,177,15,0
61,1,159,43,0
20,1,188,58,0
48,0,111,28,0
36,0,78,8,0
68,0,99,67,0
55,0,73,34,0
69,0,130,79,1
59,0,170,7,0
72,0,25,62,0
40,0,56,71,0
65,1,69,6,0
84,0,57,17,0
57,0,95,6,0
73,1,106,82,0
35,1,43,90,0
18,1,47,8,0
26,0,25,72,1
30,0,57,77,0
65,1,150,6,0
55,0,181,98,0
42,1,24,42,1
82,1,199,67,0
88,1,113,52,0
65,0,152,52,0
55,0,138,84,0
90,0,27,31,0
21,1,102,90,0
56,0,31,29,0
36,0,68,79,1
45,0,30,99,0
40,1,45,30,0
77,1,101,35,0
26,1,72,65,0
20,0,115,35,0
31,1,124,77,0
22,1,136,37,0
64,0,143,86,0
32,1,188,68,0
76,0,113,22,0
78,1,45,75,0
65,1,158,24,0
73,0,71,61,0
80,0,114,19,0
20,1,101,46,0
63,0,141,71,0
55,0,122,42,0
32,1,93,88,0
73,1,49,18,0
39,0,108,41,0
49,0,23,37,0
34,1,132,26,0
43,0,172,61,0
37,1,192,30,0
59,1,79,54,0
51,0,188,76,0
62,0,99,48,0
19,1,138,38,0
73,1,120,88,0
56,1,162,91,0
38,0,88,72,0
50,0,186,38,0
55,0,108,47,0
46,1,185,40,0
30,1,91,2,0
37,1,166,24,0
73,0,74,80,1
90,1,196,69,0
51,1,172,59,0
76,0,162,34,0
51,0,67,98,0
63,1,73,94,0
40,1,133,50,0
59,0,61,96,0
27,1,157,43,0
39,0,170,32,0
88,1,128,43,0
34,0,198,2,0
27,0,182,76,0
30,0,166,44,0
69,0,22,28,0
41,0,33,41,0
74,1,128,29,0
68,0,189,67,0
62,0,42,62,0
66,1,122,57,1
59,0,108,5,0
25,0,123,90,0
72,1,84,85,0
45,0,124,59,1
38,0,135,61,0
18,1,170,32,0
67,1,171,67,0
45,0,75,56,1
26,1,187,51,0
69,1,40,5,0
81,1,102,100,0
52,0,194,5,0
42,1,84,13,0
19,0,87,72,0
30,1,80,91,0
54,0,111,46,0
72,1,117,89,0
76,0,105,52,0
37,1,109,86,0
77,0,45,89,0
79,1,114,15,0
42,0,121,91,0
21,1,198,62,0
31,1,130,64,0
58,1,169,98,0
40,0,196,7,0
76,1,139,67,0
88,0,89,48,0
66,0,116,13,1
61,0,26,47,1
85,1,85,74,0
31,0,194,80,0
41,0,68,27,1
28,0,91,80,0
86,0,98,41,0
87,0,104,27,0
24,0,167,53,0
79,0,138,57,0
75,1,132,6,0
27,0,136,100,0
47,1,63,40,0
83,0,94,6,0
40,1,160,61,0
65,1,79,26,1
48,1,30,95,0
49,1,183,5,0
35,1,142,19,0
67,0,52,56,0
75,1,69,87,0
88,1,149,97,0
84,1,183,64,0
72,0,100,57,0
87,0,82,60,0
80,0,102,56,0
75,0,97,79,0
24,1,52,100,0
34,0,38,54,0
35,0,147,40,0
60,1,43,48,0
33,0,137,5,0
72,0,66,96,0
46,0,181,25,0
27,0,150,42,0
90,1,141,2,0
63,0,80,8,0
35,1,169,31,0
34,1,101,59,0
36,0,64,85,0
55,1,44,31,0
20,0,61,78,1
47,1,42,83,1
48,1,79,2,0
29,0,86,18,0
55,1,171,29,0
38,0,112,41,0
22,1,28,24,1
48,1,125,100,0
67,1,134,99,0
20,0,190,69,0
58,0,171,81,0
66,1,124,63,0
34,1,142,26,0
43,1,158,92,0
88,0,36,40,0
50,0,47,80,0
90,1,117,5,0
81,1,150,53,0
70,1,40,88,0
79,0,134,96,0
18,0,167,8,0
36,0,189,76,0
77,0,103,62,0
24,1,53,34,0
42,1,126,76,1
45,0,128,67,0
58,0,196,2,0
75,0,137,72,0
80,0,59,72,0
65,1,168,87,0
53,1,123,27,0
85,0,76,72,0
84,0,69,59,0
37,0,73,6,0
83,1,166,34,0
62,0,177,26,0
35,0,53,48,0
19,1,26,27,1
26,0,70,63,0
18,1,185,58,0
60,0,28,54,1
29,1,28,66,0
68,1,73,94,0
57,1,119,77,0
27,1,177,42,0
61,1,103,99,0
37,1,96,41,0
71,0,182,29,0
66,1,175,17,0
76,1,36,90,0
25,1,144,73,0
25,0,45,66,0
57,1,175,97,0
64,1,67,55,1
43,0,54,28,0
86,1,22,100,0
65,1,24,42,1
75,1,23,89,0
22,0,115,95,0
53,0,74,73,0
40,0,41,85,0
40,0,116,70,0
40,1,122,86,1
37,0,79,48,0
47,0,52,84,0
39,0,112,91,0
89,0,107,82,0
65,1,141,5,0
61,0,76,100,0
77,1,195,84,0
82,1,112,18,0
58,0,115,30,0
75,0,25,90,0
87,0,155,69,0
44,1,193,82,0
36,1,77,58,0
38,0,22,98,0
18,0,78,62,0
44,1,50,58,0
88,0,25,52,0
27,0,147,97,0
73,0,47,40,0
36,1,147,3,0
23,1,94,31,0
68,1,53,86,0
43,1,115,97,0
34,0,98,72,0
25,1,77,79,1
26,1,195,56,0
31,0,56,57,0
86,0,182,34,0
83,0,68,67,0
30,0,170,32,0
52,0,77,69,0
36,1,168,54,0
27,1,112,95,0
66,0,67,43,1
74,0,146,96,0
57,1,91,9,0
81,0,149,2,0
19,1,21,84,1
60,0,145,73,0
37,1,123,82,1
36,0,156,93,0
29,0,141,72,0
88,1,170,13,0
52,1,103,48,0
62,1,115,39,0
54,1,28,93,0
33,1,88,57,0
49,0,24,28,0
22,1,147,97,0
78,0,83,33,0
84,1,109,65,0
24,0,123,95,0
34,1,71,45,0
25,0,31,86,1
25,0,178,23,0
38,1,71,28,0
58,0,97,99,0
69,0,32,76,1
58,1,85,33,0
80,1,36,13,0
70,0,155,89,0
63,1,44,88,0
57,1,61,49,0
82,0,29,22,0
63,0,147,11,0
71,1,77,31,0
49,1,163,69,0
78,0,99,69,0
70,0,33,2,0
64,0,130,81,1
70,0,39,88,0
56,1,193,89,0
76,0,127,90,0
31,1,113,37,0
18,0,192,98,0
37,0,66,27,0
70,0,177,78,0
53,0,41,80,0
62,0,99,39,0
39,0,66,24,1
24,1,54,86,0
68,0,158,42,0
56,0,153,34,0
37,1,98,34,0
23,1,49,42,0
67,0,105,65,0
26,0,103,29,0
27,1,87,86,0
84,0,47,2,0
22,1,164,62,0
76,1,164,69,0
72,1,88,28,0
80,1,142,40,0
66,0,53,60,0
50,1,59,86,0
56,1,44,53,0
63,0,86,6,0
61,0,97,84,0
38,0,94,13,0
74,0,195,68,0
73,0,151,22,0
70,1,21,90,0
46,0,54,4,0
62,0,154,63,0
34,1,25,29,0
89,1,47,70,0
51,0,49,46,0
41,0,147,80,0
22,1,29,14,1
26,1,181,99,0
59,1,145,53,0
51,1,128,92,0
81,0,67,22,0
65,1,145,42,0
89,0,113,54,0
73,1,116,68,0
84,0,143,16,0
38,0,81,34,0
69,1,66,16,1
71,1,95,52,0
33,1,61,44,0
87,1,180,91,0
35,1,107,46,0
77,0,81,37,0
61,1,109,22,1
83,1,198,72,0
31,0,141,12,0
80,0,122,67,0
18,0,104,78,0
59,0,40,39,0
56,1,195,9,0
51,0,40,98,0
29,1,78,55,1
82,0,43,26,0
82,0,196,55,0
52,1,44,28,0
59,0,97,22,0
63,1,198,61,0
20,0,199,51,0
44,0,141,85,0
39,0,155,31,0
18,0,103,8,0
66,0,29,25,1
46,0,52,36,0
77,1,36,27,0
28,0,172,45,0
31,1,44,55,0
54,1,62,53,0
30,1,158,65,0
35,1,180,1,0
33,0,165,27,0
42,1,56,14,0
57,0,153,25,0
21,1,48,85,0
78,0,160,98,0
44,1,44,43,0
20,1,197,13,0
39,1,193,9,0
80,1,36,32,0
44,1,71,68,0
38,1,192,6,0
30,0,129,45,0
22,0,79,70,0
43,1,81,2,0
83,0,120,45,0
28,0,127,91,0
23,0,191,25,0
18,1,141,95,0
35,0,45,32,0
50,1,99,56,0
35,1,174,52,0
25,0,151,48,0
77,1,135,16,0
81,0,55,97,0
40,0,103,95,0
78,0,143,89,0
30,1,84,39,0
87,1,67,42,0
51,1,177,67,0
44,0,187,83,0
87,1,159,45,0
54,1,42,13,0
50,1,92,93,0
69,1,65,52,1
78,1,137,42,0
72,1,63,12,0
66,0,147,80,0
30,1,48,47,0
71,1,81,17,0
33,1,58,3,0
28,0,87,32,0
50,0,143,75,0
33,0,166,35,0
56,1,54,70,0
65,0,64,46,1
38,1,163,85,0
43,0,197,28,0
26,0,163,37,0
68,0,33,72,1
32,1,114,8,0
50,0,86,49,0
86,1,119,89,0
45,1,193,66,0
74,0,133,44,0
34,1,188,5,0
80,0,35,19,0
88,0,68,16,0
72,1,45,10,0
26,1,43,3,0
41,1,195,84,0
23,0,199,75,0
80,0,69,19,0
50,0,96,79,0
80,0,58,25,0
72,1,62,23,1
49,0,176,99,0
81,0,88,55,0
46,0,88,3,0
49,1,168,74,0
25,1,115,56,1
58,1,92,42,0
19,0,50,61,0
57,1,39,10,0
43,0,53,11,0
72,1,69,19,1
58,1,21,93,0
71,1,128,42,0
40,0,81,49,1
41,0,25,70,0
77,0,21,1,0
67,1,40,5,0
76,1,131,98,0
46,0,169,49,0
55,0,55,99,0
65,0,198,21,0
58,1,172,73,0
49,0,134,76,0
39,0,142,72,0
63,0,89,31,0
49,0,64,7,0
20,0,34,15,1
49,0,198,8,0
45,0,166,15,0
76,1,120,92,0
80,0,187,17,0
51,0,140,76,0
87,1,125,61,0
36,1,37,23,0
67,0,137,81,0
85,1,82,73,0
74,0,185,41,0
34,1,62,62,0
55,0,169,77,0
90,1,112,31,0
33,0,93,69,0
47,0,126,50,1
51,1,48,88,0
38,1,177,1,0
55,0,102,64,0
51,1,79,37,0
59,0,185,44,0
78,0,172,69,0
33,0,85,37,0
82,0,142,39,0
81,0,142,57,0
86,1,179,64,0
81,0,143,5,0
57,1,172,52,0
22,1,149,88,0
21,1,49,1,0
27,1,50,34,0
57,0,74,43,0
24,1,38,11,0
51,1,79,52,1
54,0,38,88,0
53,0,88,21,0
61,1,110,19,1
19,0,22,7,0
83,1,103,19,0
58,1,160,2,0
25,0,131,90,0
62,0,93,57,0
85,1,187,38,0
84,1,176,66,0
77,0,99,42,0
30,0,113,49,0
70,1,83,2,0
90,0,155,28,0
20,1,180,92,0
61,0,90,18,0
44,1,27,38,0
36,1,198,12,0
62,1,60,5,0
48,1,124,62,0
77,0,40,42,0
73,1,94,25,0
33,1,69,95,0
74,1,98,89,0
24,1,26,70,0
62,1,106,78,0
54,0,59,4,0
41,0,107,89,0
69,0,124,58,1
23,0,116,50,1
39,0,160,25,0
25,1,128,23,1
26,0,132,50,1
88,1,25,36,0
63,0,37,38,0
83,1,74,61,0
88,1,193,5,0
71,0,130,89,0
25,1,130,52,1
71,0,68,80,1
85,1,190,2,0
45,1,162,49,0
42,1,143,83,0
36,0,198,27,0
43,1,172,11,0
24,1,103,90,0
87,1,159,6,0
51,1,86,33,0
40,0,36,57,1
24,0,186,96,0
66,1,62,16,1
87,1,119,31,0
78,0,44,65,0
76,0,172,78,0
21,1,110,56,0
82,1,27,70,0
26,0,182,23,0
35,0,90,6,0
26,1,72,58,1
32,1,56,12,0
42,0,81,9,0
46,1,168,60,0
65,1,116,76,1
33,1,43,83,0
52,1,86,28,0
36,0,119,16,0
65,0,166,34,0
66,1,40,32,0
21,0,138,16,0
25,0,158,50,0
39,0,122,3,0
24,1,192,78,0
37,1,69,17,1
50,0,109,8,0
49,0,21,43,0
46,1,197,66,0
69,0,147,13,0
20,0,142,54,0
52,0,187,77,0
69,0,167,14,0
76,0,48,95,0
46,1,112,71,0
52,0,120,69,0
82,1,74,54,0
39,1,193,72,0
85,0,77,58,0
87,0,45,52,0
25,0,108,33,0
38,1,81,30,0
43,0,66,39,0
42,1,193,27,0
72,0,40,29,0
83,0,184,23,0
22,0,142,87,0
78,1,176,47,0
67,0,37,90,0
19,0,97,96,0
88,0,83,4,0
78,1,127,26,0
70,1,138,52,0
31,1,170,64,0
47,1,61,50,1
46,0,58,13,0
29,0,96,48,0
86,0,28,38,0
33,0,135,87,0
90,0,117,95,0
31,1,152,48,0
64,0,71,10,0
49,1,134,81,0
55,1,65,86,0
70,0,40,80,1
40,1,56,45,0
59,1,92,19,0
34,1,70,72,0
50,1,191,100,0
71,1,62,30,0
29,0,144,20,0
80,0,64,84,0
22,0,54,50,0
74,0,140,43,0
45,0,34,15,1
72,1,33,84,1
90,1,160,36,0
74,1,126,22,0
76,0,188,78,0
39,1,164,46,0
53,0,53,70,0
78,0,167,33,0
66,1,52,50,0
43,1,134,9,0
47,1,195,47,0
36,0,199,73,0
19,0,61,58,0
18,1,139,99,0
76,1,172,57,0
63,1,193,65,0
22,1,49,94,0
55,1,125,1,0
29,1,171,77,0
20,1,100,67,0
42,1,65,51,1
31,0,92,31,0
60,0,133,5,0
77,0,23,54,0
78,0,108,78,0
22,0,87,99,0
67,0,21,10,0
89,1,94,77,0
82,1,109,35,0
35,1,119,8,0
23,1,59,58,0
80,1,165,32,0
18,0,49,98,0
71,0,85,24,0
19,1,80,31,0
55,0,105,100,0
46,0,85,14,0
65,0,30,66,0
56,0,38,66,0
56,1,153,56,0
27,1,124,94,0
20,1,155,67,0
25,1,88,69,0
68,1,31,8,0
36,1,50,43,0
66,0,114,24,1
51,1,155,32,0
24,0,155,51,0
80,0,42,9,0
43,1,118,70,0
28,0,198,55,0
89,1,163,58,0
67,1,66,21,1
30,1,174,78,0
43,1,122,94,0
22,0,93,56,0
39,1,161,52,0
47,1,77,30,0
48,1,97,62,0
42,0,188,78,0
55,0,68,65,0
19,1,24,20,1
51,0,75,53,1
31,0,132,88,0
50,1,32,40,0
40,1,95,46,0
49,0,95,97,0
87,1,38,11,0
57,1,161,70,0
90,0,181,15,0
29,0,88,11,0
28,1,55,77,0
31,0,106,88,0
35,0,128,90,0
38,0,100,7,0
55,0,97,78,0
76,1,129,49,0
40,1,131,70,0
43,0,119,54,1
41,1,61,55,1
45,0,94,48,0
38,0,136,74,0
75,0,84,78,0
20,1,168,65,0
48,1,60,67,0
85,0,134,85,0
76,1,77,83,0
67,1,130,94,0
20,1,94,34,0
81,0,46,32,0
38,1,114,35,0
44,1,134,23,0
76,1,77,20,0
38,1,168,33,0
90,1,166,31,0
43,1,162,91,0
82,1,124,83,0
69,1,178,21,0
31,0,21,90,0
88,1,58,40,0
90,0,189,95,0
60,1,65,17,1
34,0,51,34,0
56,0,163,50,0
82,0,159,44,0
20,1,103,80,0
24,0,65,88,1
89,1,24,74,0
43,0,37,79,1
82,1,39,92,0
65,1,198,67,0
86,1,47,40,0
28,0,34,43,1
18,1,89,66,0
74,1,151,51,0
80,1,158,78,0
56,1,43,42,0
78,0,179,88,0
86,0,21,58,0
43,0,119,73,1
77,1,94,7,0
88,0,23,24,0
43,1,154,25,0
90,1,106,91,0
26,0,160,36,0
41,1,70,66,0
82,1,99,26,0
85,0,66,15,0
55,1,116,80,0
20,1,132,25,0
44,1,149,49,0
30,1,102,96,0
57,0,111,65,0
63,0,192,31,0
49,0,149,85,0
50,1,43,31,0
48,0,145,15,0
42,1,31,79,1
32,1,197,94,0
52,1,69,68,0
62,1,132,55,0
88,1,149,11,0
47,0,194,57,0
26,1,119,8,0
20,1,139,4,0
65,1,85,15,0
86,1,105,68,0
62,0,59,83,1
26,0,41,90,0
52,1,96,8,0
20,0,153,71,0
63,1,94,39,0
55,0,166,63,0
56,1,73,73,0
64,0,153,12,0
54,0,109,70,0
88,1,61,26,0
77,1,144,97,0
57,1,124,97,0
71,1,44,96,0
78,1,120,79,0
79,1,83,59,0
55,0,168,92,0
78,0,29,62,0
19,0,75,16,1
31,0,52,76,0
62,0,32,13,1
46,1,162,38,0
72,1,92,46,0
48,1,103,81,0
74,1,178,65,0
37,1,120,4,0
25,0,178,22,0
70,1,47,19,0
22,0,47,69,0
46,0,89,96,0
39,1,96,95,0
48,1,33,43,1
51,0,40,45,0
69,0,108,86,0
44,0,153,22,0
30,1,90,76,0
37,0,69,79,1
30,1,63,59,0
67,1,24,9,0
89,0,132,33,0
82,0,47,7,0
18,1,150,49,0
21,1,95,24,0
86,0,180,13,0
34,0,142,5,0
59,0,137,72,0
54,1,57,58,0
22,0,93,26,0
90,0,94,98,0
41,1,105,25,0
33,1,150,28,0
53,0,136,71,0
26,0,86,93,0
25,1,194,1,0
72,0,190,65,0
66,0,154,53,0
74,1,111,95,0
18,0,39,18,1
27,0,177,85,0
41,0,22,16,1
35,1,53,2,0
22,0,52,57,0
25,1,103,39,0
26,1,166,44,0
82,0,50,11,0
33,1,186,22,0
32,1,66,97,0
49,1,199,35,0
25,1,110,61,0
90,0,144,5,0
18,1,49,18,0
66,0,49,75,0
19,1,179,34,0
51,1,95,11,0
86,1,20,99,0
63,1,24,8,0
46,0,141,33,0
30,1,110,39,0
56,1,124,25,0
55,0,52,55,0
72,1,59,3,0
69,0,134,89,0
31,0,53,41,0
41,0,141,82,0
44,1,100,69,0
34,0,50,74,0
19,1,58,59,0
76,1,69,4,0
58,0,41,26,0
77,0,32,27,0
23,0,173,48,0
54,1,177,18,0
32,1,176,65,0
71,0,56,35,0
72,0,27,83,1
67,0,83,77,1
39,0,147,51,0
37,1,132,44,0
18,1,75,21,1
24,1,97,38,0
33,1,150,52,0
40,1,41,74,0
31,1,75,18,0
90,1,21,69,0
83,1,83,57,0
72,1,82,28,0
47,1,51,56,0
25,0,23,89,0
61,0,104,16,0
83,1,162,34,0
56,1,27,44,0
81,1,32,9,0
20,1,158,72,0
58,1,74,87,0
56,0,25,15,0
55,0,27,23,0
74,0,162,3,0
25,0,129,34,0
78,0,195,66,0
87,1,122,27,0
54,1,153,87,0
61,1,21,93,0
90,0,66,56,0
34,0,58,1,0
18,0,195,78,0
49,0,132,23,1
43,1,137,68,0
85,0,114,73,0
48,1,166,60,0
54,0,124,72,0
38,1,172,100,0
38,1,159,60,0
58,1,74,88,0
88,0,96,30,0
45,1,139,15,0
68,0,89,46,0
77,1,160,43,0
59,0,81,67,0
87,1,193,25,0
90,1,29,52,0
44,0,60,66,0
71,0,149,57,0
58,0,110,100,0
53,1,166,13,0
48,0,22,78,1
85,1,25,54,0
66,1,169,82,0
34,0,88,44,0
40,0,60,18,1
79,0,137,59,0
37,0,116,81,1
45,1,134,52,1
58,1,162,48,0
83,1,128,47,0
59,0,40,32,0
69,0,56,92,0
89,0,191,35,0
42,1,157,70,0
46,0,31,53,1
33,1,176,49,0
78,0,118,98,0
18,1,51,12,0
71,1,36,38,0
40,0,25,5,0
86,1,41,43,0
71,0,95,21,0
67,0,86,19,0
60,1,33,24,1
24,0,72,39,0
29,1,27,9,0
63,1,106,6,0
32,1,88,8,0
57,1,43,72,0
74,0,180,66,0
66,1,144,42,0
42,0,176,93,0
20,1,150,89,0
86,1,25,74,0
18,0,119,43,0
74,0,176,55,0
73,1,161,75,0
73,1,140,97,0
52,0,167,84,0
50,0,172,4,0
43,1,78,36,0
74,1,185,15,0
57,0,37,22,0
23,0,50,18,0
30,1,91,64,0
49,0,89,56,0
85,1,150,36,0
70,0,21,96,0
81,1,186,68,0
18,1,157,97,0
75,1,168,46,0
34,0,87,2,0
20,1,43,46,0
51,1,49,60,0
53,1,55,59,0
34,1,24,35,0
42,0,79,26,1
83,1,142,48,0
86,1,56,89,0
60,0,53,83,0
18,0,195,50,0
86,0,190,24,0
31,1,83,87,0
31,1,128,84,0
55,0,162,69,0
27,1,130,90,0
48,1,67,10,0
77,0,187,63,0
54,1,151,44,0
32,1,196,92,0
33,0,183,81,0
63,0,73,18,1
64,0,117,52,1
82,0,114,25,0
65,0,153,82,0
23,0,20,7,0
57,1,145,64,0
22,1,164,67,0
79,1,118,80,0
21,1,44,4,0
23,1,93,25,0
42,1,106,46,0
64,1,54,51,0
47,0,157,41,0
57,1,22,44,0
36,0,81,43,0
18,1,32,13,0
33,1,185,22,0
51,0,134,72,0
46,0,134,92,0
56,1,56,78,0
46,1,137,99,0
60,1,104,48,0
70,1,150,28,0
87,1,122,19,0
79,1,71,18,0
31,0,33,13,0
49,0,59,64,0
45,1,182,37,0
82,1,87,24,0
51,1,22,94,0
87,0,177,34,0
34,0,40,18,0
31,0,161,57,0
59,1,152,48,0
29,1,133,22,0
63,1,138,95,0
41,0,95,14,0
18,0,178,55,0
37,1,113,57,0
33,1,70,73,0
53,0,146,7,0
21,0,25,97,0
38,1,162,3,0
30,0,25,64,0
26,1,22,20,1
78,1,180,68,0
86,1,65,51,0
71,1,97,43,0
89,0,53,26,0
79,0,119,67,0
50,1,189,21,0
56,0,161,70,0
40,0,103,98,0
52,0,61,44,0
89,1,83,77,0
63,0,117,49,1
51,1,108,78,0
85,0,163,27,0
81,1,46,30,0
54,0,196,89,0
67,1,155,23,0
40,0,105,42,0
89,1,189,44,0
45,1,72,4,0
35,0,163,6,0
71,1,54,99,0
20,1,188,35,0
50,0,82,98,0
53,1,145,30,0
35,1,128,71,0
27,0,135,48,0
52,0,125,87,0
49,1,132,74,0
39,1,193,93,0
34,1,179,42,0
44,1,110,38,0
41,1,97,76,0
74,0,69,76,0
27,1,191,32,0
38,0,66,79,1
79,1,187,28,0
72,1,148,17,0
44,0,88,92,0
76,0,93,24,0
66,1,85,100,0
40,1,123,23,1
44,1,153,59,0
60,1,126,42,0
20,0,69,24,1
69,0,105,67,0
89,1,110,95,0
56,1,80,3,0
32,0,148,55,0
52,1,52,31,0
75,1,73,78,0
55,1,178,59,0
68,1,162,13,0
29,1,189,32,0
62,0,132,19,1
48,1,78,42,0
73,0,127,54,0
81,0,126,68,0
33,0,85,32,0
41,1,191,22,0
39,1,52,44,0
19,0,188,61,0
87,1,55,3,0
25,1,189,2,0
37,0,52,94,0
19,0,171,83,0
33,1,188,2,0
76,1,185,61,0
69,1,102,57,0
78,0,71,70,0
65,1,28,90,0
22,1,40,27,0
30,1,174,84,0
30,1,146,100,0
61,0,57,10,0
39,0,44,37,0
46,0,152,77,0
40,0,119,52,1
20,1,64,95,0
20,0,186,81,0
30,0,144,28,0
54,0,55,42,0
83,0,172,12,0
77,0,74,70,0
81,1,146,67,0
69,0,26,20,1
74,0,162,68,0
80,0,59,80,0
24,1,108,75,1
44,1,30,85,1
61,0,102,18,0
78,0,21,70,0
41,0,73,20,1
78,0,51,37,0
57,1,188,39,0
65,1,95,33,0
23,0,126,41,0
21,0,118,41,0
23,1,190,22,0
80,0,122,4,0
82,0,95,42,0
33,1,82,81,0
51,1,145,76,0
64,1,116,67,0
28,0,130,31,0
78,1,24,61,0
45,0,39,95,0
62,0,193,48,0
31,0,104,75,0
88,1,75,90,0
79,1,149,45,0
33,1,152,37,0
31,1,131,27,0
44,0,83,57,0
72,1,163,50,0
71,0,137,99,0
38,0,70,90,0
82,0,65,100,0
64,1,92,27,0
59,0,66,67,0
76,1,38,78,0
67,1,150,79,0
64,0,110,70,0
19,0,26,64,0
26,0,136,64,0
26,1,58,3,0
19,0,97,69,0
40,1,84,20,0
64,1,185,1,0
50,1,80,74,0
18,0,101,22,0
45,0,64,69,0
24,0,145,57,0
83,1,154,64,0
73,1,180,26,0
26,0,84,43,0
45,1,24,47,1
58,1,28,16,0
50,1,131,72,0
25,1,143,42,0
68,0,35,100,0
32,0,130,14,0
55,0,26,57,0
88,1,110,72,0
29,1,60,92,0
75,1,109,89,0
80,0,149,60,0
19,1,196,26,0
30,0,186,49,0
64,1,176,51,0
68,1,126,34,0
38,1,117,8,0
47,0,21,33,0
52,1,57,13,0
52,1,93,67,0
34,1,41,7,0
80,1,131,59,0
81,0,63,58,0
27,1,88,44,0
48,1,54,90,0
80,0,155,55,0
45,0,173,63,0
72,0,73,28,0
77,0,130,72,0
21,0,156,16,0
54,0,115,65,0
63,0,63,2,0
29,1,144,44,0
78,1,74,49,0
64,1,101,72,0
89,0,83,56,0
71,0,138,69,0
81,1,52,6,0
70,1,94,75,0
27,1,167,19,0
31,0,170,82,0
59,1,31,24,0
65,0,158,63,0
33,1,105,90,0
78,0,45,11,0
65,0,150,40,0
31,0,153,82,0
25,0,149,14,0
51,1,89,76,0
19,0,56,23,0
32,0,27,46,0
68,0,41,44,0
90,0,65,73,0
34,1,200,5,0
37,1,78,18,0
88,1,198,86,0
35,0,105,37,0
48,1,49,27,0
71,0,128,13,0
76,1,93,25,0
67,1,193,82,0
26,0,192,44,0
36,1,138,15,0
79,1,44,59,0
32,0,46,77,0
75,1,66,8,0
88,0,40,40,0
67,1,22,56,1
67,1,93,60,0
32,1,58,64,0
78,1,100,8,0
22,0,116,32,0
48,0,135,98,0
58,0,166,64,0
56,0,152,2,0
21,1,106,30,0
45,1,64,46,1
55,1,156,39,0
65,1,93,99,0
88,0,63,14,0
85,1,152,58,0
51,0,93,10,0
85,1,87,56,0
39,0,32,80,1
89,1,74,95,0
20,0,125,5,0
83,1,98,53,0
24,1,62,24,1
22,0,49,30,0
31,0,123,66,0
18,0,177,54,0
64,1,46,58,0
88,1,124,19,0
28,1,194,46,0
58,1,71,23,0
48,1,109,10,0
43,1,61,33,0
58,1,78,90,0
53,1,66,50,1
24,1,125,81,1
37,1,21,44,0
24,1,192,99,0
33,1,104,11,0
71,1,50,25,0
42,0,119,14,1
66,0,130,79,1
50,0,79,23,1
77,1,81,82,0
76,0,77,50,0
21,1,169,13,0
45,0,156,54,0
63,0,164,90,0
68,1,84,31,0
40,0,119,83,1
89,1,136,62,0
77,0,79,93,0
56,1,24,20,0
53,0,196,9,0
69,0,100,24,0
47,1,166,100,0
90,1,197,77,0
22,0,187,72,0
89,0,56,98,0
31,0,177,83,0
72,1,89,37,0
76,0,30,71,0
87,1,113,26,0
26,1,124,86,1
67,0,68,7,0
71,0,194,23,0
75,1,105,75,0
67,1,86,29,0
29,1,96,9,0
41,1,57,71,0
56,1,33,43,0
35,1,175,64,0
73,1,98,55,0
57,1,57,3,0
43,1,179,59,0
55,1,53,27,0
89,0,153,23,0
69,0,145,2,0
28,0,48,36,0
54,0,30,1,0
36,1,92,79,0
25,0,75,42,1
36,0,57,47,0
41,1,179,33,0
59,1,156,34,0
54,1,114,57,0
79,0,43,11,0
42,1,52,64,0
65,0,172,51,0
43,0,196,68,0
57,0,69,18,0
84,0,137,51,0
75,0,140,92,0
74,1,89,61,0
67,1,162,3,0
20,1,90,37,0
73,0,170,60,0
51,0,59,55,0
29,1,35,87,1
66,1,193,29,0
47,1,28,86,1
39,1,162,46,0
25,1,109,50,1
19,0,174,36,0
57,1,172,90,0
67,1,143,63,0
26,0,88,54,0
66,1,171,93,0
47,0,199,57,0
83,0,63,69,0
32,1,28,73,0
37,0,52,80,0
85,0,151,55,0
76,1,139,63,0
83,1,132,31,0
77,0,44,55,0
70,0,59,39,0
80,0,92,87,0
67,1,39,55,1
82,0,71,38,0
70,0,172,71,0
33,1,66,18,0
33,0,94,15,0
33,1,45,31,0
56,0,129,19,0
24,0,101,70,0
33,0,150,48,0
20,0,94,32,0
63,1,180,58,0
18,0,42,77,0
18,0,36,86,0
39,1,65,20,1
35,0,168,67,0
52,0,25,80,1
46,1,181,34,0
37,1,64,51,1
52,1,169,92,0
86,1,72,59,0
68,0,161,26,0
50,1,108,55,0
44,0,177,89,0
86,1,135,66,0
35,1,89,59,0
75,1,49,26,0
61,0,72,58,1
42,0,175,11,0
82,1,183,38,0
80,0,167,89,0
51,0,73,100,0
55,1,190,98,0
80,1,61,70,0
85,0,21,2,0
42,0,195,89,0
48,0,151,5,0
18,1,153,38,0
20,1,63,59,0
88,0,115,44,0
80,0,55,57,0
34,1,160,12,0
80,0,55,68,0
49,0,58,57,0
35,1,80,78,0
47,0,89,14,0
79,0,131,7,0
66,0,186,14,0
26,1,184,82,0
41,0,127,49,1
90,0,108,15,0
63,1,70,18,1
38,0,41,92,0
33,0,180,24,0
23,1,102,42,0
37,0,116,89,0
46,0,51,45,0
28,0,174,26,0
48,1,176,80,0
53,1,31,29,0
29,0,133,63,0
63,0,32,25,1
31,0,67,40,0
66,1,118,62,0
21,1,109,100,0
39,1,25,24,1
32,1,133,9,0
55,1,40,46,0
85,1,163,35,0
53,1,173,52,0
41,0,112,6,0
39,1,44,46,0
33,0,121,64,0
39,0,24,40,0
46,1,130,23,1
31,0,84,36,0
56,1,129,47,0
80,1,46,35,0
18,0,77,53,1
27,0,106,49,1
69,1,77,60,0
55,0,60,40,0
25,0,70,31,0
62,0,178,3,0
42,0,177,43,0
31,0,75,91,0
86,1,79,91,0
34,0,101,30,0
52,1,166,79,0
29,0,99,78,0
34,1,106,95,0
64,0,69,50,1
61,1,74,27,1
44,1,31,98,0
72,0,80,42,0
51,1,84,32,0
65,1,35,54,1
57,0,37,59,0
41,1,200,49,0
60,1,184,47,0
37,0,85,66,0
84,0,125,66,0
31,1,160,83,0
40,1,177,93,0
33,0,98,42,0
85,1,20,94,0
29,1,194,21,0
61,0,34,49,1
30,0,80,83,0
20,1,75,22,1
38,0,25,64,0
29,1,95,6,0
86,1,118,98,0
86,0,162,16,0
84,0,144,78,0
46,0,156,63,0
28,1,133,38,0
83,0,185,35,0
57,0,186,4,0
46,1,58,86,0
26,1,167,73,0
28,1,96,41,0
32,0,32,100,0
79,0,67,93,0
81,1,105,66,0
77,0,63,81,0
37,0,68,44,0
57,1,66,63,0
81,0,187,60,0
55,0,141,9,0
60,1,101,94,0
74,1,171,94,0
89,0,111,66,0
37,1,179,32,0
29,1,58,30,0
40,1,111,81,1
19,1,158,77,0
84,1,68,59,0
70,0,135,4,0
83,0,139,86,0
63,0,83,37,0
44,1,48,40,0
54,1,90,4,0
60,1,150,30,0
77,1,47,69,0
33,1,64,33,0
68,1,22,2,0
67,1,175,77,0
72,0,185,96,0
65,1,54,16,0
33,1,60,98,0
42,0,84,70,0
78,1,125,91,0
70,0,28,57,1
51,1,132,37,0
67,0,183,17,0
62,0,98,7,0
33,0,180,96,0
77,0,152,56,0
51,1,129,82,1
64,0,198,95,0
59,0,102,49,0
44,1,90,60,0
54,1,156,71,0
64,1,176,97,0
30,1,79,95,0
78,1,192,99,0
25,0,66,71,1
31,1,170,37,0
41,0,184,38,0
49,0,60,8,0
58,0,60,2,0
84,1,162,85,0
34,0,50,39,0
21,0,41,64,0
89,0,69,25,0
77,0,131,74,0
34,0,177,13,0
43,0,168,70,0
45,1,179,87,0
55,0,140,45,0
38,0,59,45,0
79,1,64,40,0
25,1,163,75,0
67,0,39,43,1
62,1,159,98,0
41,0,86,85,0
67,0,41,4,0
41,1,164,80,0
24,1,195,90,0
48,0,45,71,0
66,1,51,29,0
30,0,23,32,0
24,0,102,50,0
70,1,176,8,0
67,1,187,45,0
60,1,21,91,0
60,0,51,91,0
32,1,141,17,0
22,0,146,80,0
87,1,50,48,0
30,0,136,84,0
75,0,152,65,0
65,0,112,15,1
63,0,80,18,1
20,0,183,4,0
57,1,105,75,0
40,1,77,100,0
19,0,159,61,0
67,1,165,12,0
54,0,144,100,0
39,0,128,52,1
77,1,193,57,0
46,0,104,37,0
20,1,129,19,1
26,1,73,12,1
25,1,136,39,0
18,0,129,27,0
80,0,46,48,0
64,0,149,52,0
82,0,52,69,0
50,1,39,3,0
86,1,128,66,0
68,1,197,13,0
28,1,31,46,1
39,1,157,80,0
90,0,48,30,0
34,0,103,14,0
74,1,166,100,0
79,1,175,64,0
31,0,83,91,0
86,1,60,43,0
79,1,156,1,0
49,1,132,23,1
37,1,68,34,0
61,0,93,94,0
28,1,124,72,1
23,0,30,81,1
30,1,94,60,0
35,0,130,2,0
21,0,58,16,0
74,0,181,58,0
76,1,197,48,0
75,1,158,77,0
57,0,119,52,0
87,1,183,80,0
74,0,153,69,0
50,1,86,16,0
67,0,140,2,0
41,1,199,61,0
86,0,139,44,0
55,0,61,50,0
90,1,45,28,0
27,0,194,98,0
74,1,123,96,0
51,1,95,33,0
65,1,26,5,0
31,1,199,24,0
33,0,90,36,0
69,1,110,22,1
50,0,43,31,0
64,0,160,39,0
20,0,117,10,0
84,0,28,25,0
24,1,182,31,0
49,0,147,53,0
35,0,140,42,0
64,1,156,51,0
81,1,122,46,0
49,1,173,23,0
46,1,112,55,1
56,1,129,7,0
18,0,32,95,0
72,0,114,72,0
40,1,112,92,0
62,1,177,40,0
18,1,62,44,0
36,0,153,86,0
22,1,152,52,0
23,1,128,86,1
32,0,24,76,0
86,1,128,57,0
89,1,26,69,0
82,0,110,59,0
73,0,69,2,0
79,1,133,76,0
61,1,173,30,0
50,0,32,61,0
37,1,79,7,0
58,1,162,57,0
67,0,196,62,0
66,1,94,99,0
19,1,188,18,0
86,1,30,20,0
64,1,154,3,0
58,1,132,72,0
37,0,48,83,0
27,0,20,48,1
33,0,102,52,0
63,1,173,5,0
34,0,28,91,0
52,1,71,93,0
81,0,168,83,0
65,1,80,38,0
86,1,123,52,0
32,0,122,81,0
22,0,98,67,0
58,0,114,24,0
67,1,155,34,0
49,1,120,100,0
32,0,134,54,0
45,0,83,45,0
45,1,59,23,1
85,1,153,9,0
27,0,54,46,0
34,1,31,82,0
29,1,200,11,0
71,0,82,17,0
41,1,46,49,0
59,0,168,14,0
75,0,139,41,0
59,1,127,86,0
83,1,191,35,0
57,0,135,34,0
27,1,75,88,1
39,0,24,90,0
40,0,115,38,0
87,0,193,43,0
83,0,182,65,0
27,0,102,88,0
39,1,70,5,0
52,1,186,58,0
62,0,192,58,0
80,1,175,64,0
26,1,46,18,0
33,1,39,46,0
24,0,194,100,0
31,0,167,86,0
34,1,96,99,0
36,1,159,32,0
53,1,140,97,0
55,1,129,11,0
19,0,93,100,0
39,0,143,1,0
63,0,163,37,0
83,1,88,98,0
64,1,141,10,0
20,0,137,17,0
54,0,60,71,0
50,1,115,89,0
24,1,149,97,0
56,0,193,51,0
51,0,145,87,0
53,0,102,66,0
74,0,196,34,0
29,1,47,37,0
83,1,40,3,0
63,0,96,54,0
66,0,158,28,0
65,1,132,86,0
34,1,114,74,0
86,1,94,81,0
18,0,193,40,0
20,0,26,31,0
81,1,32,83,0
33,1,31,69,0
66,1,172,41,0
78,1,183,84,0
70,1,95,70,0
45,0,139,28,0
79,1,66,95,0
73,1,197,37,0
42,0,30,56,1
60,0,142,89,0
28,1,125,99,0
32,1,178,49,0
79,0,198,47,0
72,0,114,9,0
63,0,150,48,0
89,0,193,7,0
65,1,26,15,1
39,1,80,47,1
22,0,45,57,0
35,1,58,3,0
26,0,99,10,0
21,0,69,44,1
83,1,22,31,0
48,1,25,23,1
32,0,117,73,0
52,0,26,65,0
71,0,166,82,0
65,0,158,44,0
81,1,126,96,0
36,1,49,43,0
61,1,114,57,1
57,1,149,10,0
74,1,29,83,1
79,0,134,73,0
67,1,97,36,0
89,1,162,55,0
37,0,81,63,0
42,1,26,54,1
71,0,30,89,0
44,1,191,12,0
42,0,36,16,1
47,1,70,95,0
26,1,114,49,1
28,0,32,71,1
81,1,144,7,0
29,1,23,53,1
42,1,137,81,0
29,0,197,16,0
35,1,124,30,0
32,1,121,25,0
78,1,63,69,0
90,1,124,37,0
31,0,147,28,0
63,1,76,98,0
78,0,136,67,0
57,1,80,52,0
62,0,166,99,0
77,0,43,57,0
20,1,36,51,1
60,0,150,9,0
65,0,79,8,0
41,1,171,92,0
45,0,92,96,0
51,1,120,90,0
40,0,169,4,0
79,1,150,23,0
43,0,88,89,0
80,0,114,25,0
43,1,81,85,1
58,1,137,93,0
26,1,115,16,1
77,0,159,84,0
88,1,37,15,0
23,1,44,52,0
37,1,188,3,0
50,1,168,93,0
24,0,110,41,0
61,1,52,36,0
56,0,164,90,0
39,0,131,73,0
49,1,190,31,0
89,1,173,7,0
31,1,22,8,0
43,0,159,43,0
45,1,82,73,0
42,1,33,38,0
52,1,60,83,0
84,1,75,95,0
30,1,116,43,0
80,1,60,8,0
48,0,104,41,0
41,1,124,73,1
20,1,62,81,1
49,1,41,75,0
71,0,180,81,0
86,0,22,14,0
26,0,66,4,0
75,1,192,15,0
51,1,171,36,0
50,1,124,45,1
81,1,29,83,0
90,0,42,85,0
69,1,23,60,0
34,1,53,22,0
63,0,137,27,0
32,1,190,51,0
90,1,38,72,0
78,1,197,80,0
72,0,96,9,0
90,0,125,47,0
53,0,21,21,0
45,0,162,32,0
23,1,176,87,0
77,1,199,91,0
68,0,184,49,0
68,0,38,76,1
76,0,25,10,0
71,1,168,13,0
84,1,166,3,0
50,0,146,36,0
73,0,94,38,0
86,1,64,22,0
61,0,22,81,1
86,0,98,68,0
86,0,197,96,0
20,0,47,16,0
46,0,56,36,0
29,1,157,4,0
36,1,77,6,0
26,0,152,91,0
90,0,165,50,0
65,0,67,49,1
74,1,195,99,0
53,0,95,32,0
18,0,32,94,0
85,1,59,38,0
31,1,185,41,0
69,1,169,24,0
86,0,144,83,0
47,0,126,63,0
78,0,134,42,0
56,1,171,96,0
78,0,58,25,0
77,1,21,64,0
42,1,27,98,0
64,1,45,73,0
53,0,93,63,0
84,1,190,43,0
22,0,154,41,0
79,1,129,37,0
75,0,147,73,0
36,0,55,70,0
48,0,96,66,0
62,0,134,19,0
21,1,132,36,0
53,1,91,16,0
44,0,118,9,0
54,1,171,43,0
82,0,191,74,0
49,1,179,77,0
65,0,94,35,0
88,0,79,48,0
54,1,152,100,0
24,0,145,57,0
61,1,88,63,0
81,1,123,89,0
30,1,121,19,0
89,1,83,34,0
26,0,170,96,0
65,1,199,77,0
49,1,165,90,0
57,1,170,52,0
70,0,105,69,0
19,0,30,100,0
30,1,44,19,0
77,0,89,38,0
51,1,115,79,1
38,1,33,40,0
56,1,130,6,0
19,1,118,89,0
22,0,178,80,0
34,0,46,43,0
90,1,198,60,0
68,0,87,76,0
47,1,154,90,0
67,0,70,19,1
40,1,102,92,0
27,1,63,24,1
72,1,88,88,0
81,1,188,12,0
60,1,121,100,0
18,1,145,33,0
35,1,114,80,0
86,0,42,9,0
54,1,176,42,0
40,0,109,60,0
83,1,179,65,0
86,0,188,32,0
58,1,111,70,0
79,0,30,23,0
50,1,92,95,0
47,1,113,82,1
67,1,99,91,0
61,1,179,19,0
36,1,96,56,0
56,1,175,7,0
20,1,119,51,1
63,0,84,9,0
24,0,127,8,0
87,0,88,83,0
29,1,132,70,0
18,1,130,18,0
22,0,50,46,0
89,1,89,91,0
20,0,80,31,0
48,1,60,40,0
86,0,195,87,0
34,0,146,15,0
24,0,182,43,0
62,1,141,84,0
49,0,31,53,1
75,0,99,22,0
40,1,87,17,0
86,1,25,47,0
37,0,52,88,0
85,0,45,91,0
51,1,106,2,0
83,0,73,18,0
62,1,171,40,0
55,1,82,79,0
51,1,133,52,0
81,1,106,28,0
50,1,53,8,0
66,0,182,3,0
39,1,84,49,0
35,0,140,58,0
76,1,197,46,0
81,1,177,59,0
90,0,103,17,0
81,1,35,35,0
55,0,133,78,0
63,0,147,96,0
32,0,191,87,0
34,1,148,51,0
59,1,125,39,0
37,1,79,80,0
81,1,180,86,0
29,0,160,47,0
30,0,59,27,0
54,0,115,74,0
41,1,191,72,0
24,0,42,72,0
72,1,190,13,0
68,1,106,100,0
32,0,141,52,0
48,1,175,30,0
58,0,128,52,0
64,1,194,29,0
58,1,158,80,0
84,0,147,74,0
18,0,145,4,0
67,1,176,81,0
71,1,50,25,0
84,1,92,48,0
60,1,125,41,0
40,0,114,90,0
23,0,118,1,0
49,1,35,62,0
43,1,55,29,0
36,0,146,36,0
64,0,33,70,0
55,1,194,15,0
57,1,50,93,0
73,0,77,52,1
86,0,130,16,0
28,0,92,89,0
33,0,40,83,0
28,0,88,84,0
76,1,123,17,0
69,0,65,10,0
79,1,180,48,0
78,0,199,71,0
88,0,167,66,0
46,0,79,2,0
57,1,24,83,0
60,0,82,31,0
65,1,165,51,0
58,0,138,54,0
61,1,113,18,1
19,1,183,10,0
75,0,44,77,0
42,1,101,97,0
52,1,173,52,0
79,1,29,26,0
67,0,146,50,0
30,1,146,85,0
32,1,50,26,0
74,1,91,89,0
89,0,69,99,0
81,1,64,27,0
75,1,113,67,0
27,0,183,79,0
57,1,152,3,0
81,1,179,16,0
22,0,61,91,0
59,0,67,22,0
31,1,55,26,0
50,0,34,66,0
19,1,93,69,0
57,0,140,69,0
71,1,38,1,0
84,0,108,71,0
21,0,96,10,0
76,0,69,88,0
30,1,50,58,0
48,0,38,55,1
34,1,135,89,0
62,0,43,61,0
23,0,193,61,0
78,0,146,44,0
75,0,161,42,0
34,1,30,54,0
46,1,128,22,1
52,0,48,33,0
61,0,179,49,0
21,0,120,42,1
75,0,51,49,0
23,1,32,30,0
47,0,96,79,0
85,1,76,44,0
21,1,87,54,0
35,1,175,90,0
22,0,50,73,0
77,0,73,26,0
41,0,53,40,0
83,1,59,9,0
74,0,164,16,0
21,1,117,50,1
69,1,117,42,1
66,1,63,90,0
89,1,147,25,0
78,1,88,98,0
68,1,173,21,0
63,1,37,85,1
26,1,92,10,0
80,1,39,22,0
25,1,20,80,1
86,1,56,64,0
24,0,53,74,0
49,0,84,37,0
80,1,55,1,0
69,0,60,55,1
30,1,152,33,0
27,1,69,14,1
72,0,189,76,0
68,1,107,87,0
47,1,86,56,0
68,0,132,18,1
69,0,154,63,0
38,0,187,93,0
46,1,189,48,0
86,1,77,54,0
58,0,138,9,0
78,1,94,100,0
30,1,65,78,0
23,0,118,7,0
53,1,166,17,0
42,0,177,95,0
84,0,79,99,0
23,0,45,16,0
79,1,150,66,0
32,0,116,15,0
33,1,168,33,0
65,1,102,52,0
61,0,50,89,0
37,0,120,27,0
33,1,117,21,0
33,0,73,23,0
38,0,47,48,0
31,0,89,55,0
77,0,42,47,0
23,0,149,90,0
56,1,184,46,0
40,0,42,45,0
76,1,123,79,0
68,0,94,72,0
71,1,159,71,0
32,1,44,62,0
60,1,143,18,0
80,0,181,89,0
25,1,163,17,0
25,1,99,30,0
51,1,49,16,0
26,1,44,31,0
89,0,104,57,0
82,1,109,49,0
42,1,45,9,0
74,0,164,96,0
66,0,100,66,0
89,1,169,42,0
36,0,98,4,0
18,0,69,13,0
64,0,182,17,0
18,0,129,83,1
30,1,76,39,0
50,1,156,2,0
53,0,154,68,0
72,0,85,23,0
65,1,44,67,0
86,1,160,53,0
75,1,139,20,0
84,1,50,65,0
42,0,33,55,1
30,1,90,66,0
23,0,59,13,0
76,1,101,79,0
36,0,111,67,0
58,1,190,37,0
30,0,142,93,0
65,0,163,40,0
28,0,159,5,0
59,0,182,71,0
85,1,160,47,0
29,1,126,15,1
36,0,123,16,0
83,0,142,24,0
56,1,98,81,0
59,0,70,69,0
42,1,22,70,0
90,0,56,79,0
55,0,158,2,0
36,1,46,39,0
42,0,132,66,0
74,0,150,99,0
26,0,144,36,0
81,0,81,7,0
75,1,106,56,0
34,1,36,76,0
67,0,112,27,1
34,1,162,20,0
88,0,28,94,0
48,0,35,23,1
42,0,133,57,0
65,0,141,37,0
45,0,172,49,0
70,0,140,90,0
76,0,101,74,0
53,1,68,3,0
35,1,193,34,0
50,1,191,7,0
76,1,49,81,0
69,1,84,97,0
57,0,182,86,0
41,0,114,61,0
88,1,24,74,0
33,0,32,96,0
59,0,58,76,0
40,1,102,49,0
50,0,162,43,0
41,0,96,65,0
27,1,80,18,1
26,1,179,55,0
79,1,126,23,0
81,0,71,35,0
24,1,167,74,0
55,0,151,91,0
35,1,54,7,0
72,1,173,2,0
69,1,32,39,0
32,0,59,26,0
71,1,66,60,0
55,0,71,85,0
45,1,68,79,1
40,1,28,88,1
35,1,105,49,0
70,1,109,6,0
29,1,98,30,0
22,0,73,74,1
18,1,112,48,1
26,1,94,5,0
19,0,78,2,0
