PC1,PC2
-0.35780775700766093,2.0823691842198735
-1.2107101952564072,0.9377720493239412
2.4221599613449394,-0.06530972495398928
0.9156792030285872,1.0197074117687897
-0.2811786497228418,1.848164747488693
-0.599807125466135,0.5486399694789401
-0.3935386593232026,-0.14349269329472217
3.1003879580062073,-0.07256735485185288
0.00973662255566008,-0.734297264964637
0.23491621593039952,-2.049773070185213
-0.6985481897212501,1.6382389398153527
-0.1533261784864831,0.11800457061749085
0.5283196506039006,0.0016641900542902481
-0.4809189346456068,1.3602353909232092
-0.49849742587169654,0.6823391186727021
2.831012205428694,-0.09191104482160689
-0.7313263043985826,2.2531623583242446
-0.03908053843091127,0.8435199458039764
-0.11988597875909857,-1.119137027431099
1.009537806488791,-0.2925327962809369
-0.7484811880425061,1.319765367451252
-1.1372708407319057,-0.0555050972675628
0.30764480525316257,-0.2101954587493153
0.7694124421439659,-0.7766218902768747
-0.7351503076874256,0.2824157384760346
-0.6054056922639796,0.6420268343906415
-0.6288607572429802,-1.191180070542074
2.879021686317921,-1.8199982405878394
-1.2639219947233487,-0.47542345804323044
0.05114638476569098,-0.46489890204358275
-0.9595770750843955,-1.7655857740934937
-0.3155117438977132,1.1245322847996384
0.5525498995366084,-0.1903555865172655
-1.3397211937505804,1.4152056152752075
-0.19001090531005105,-1.7059573711087572
-1.5755319971835775,1.3079529807542993
0.520036998121907,0.8732744521933972
-0.4135043599938666,-0.6265195074872034
0.1810560138843279,-2.4895091636782323
0.5289525186023427,-0.6695610405075795
2.5865560219600905,-0.055106206929901536
0.09473304730922508,1.2950501972283848
2.458766666729325,1.8114993787878833
0.2440944981683243,0.21385204846261532
-0.2492258558848866,0.09780259479509824
1.6529147480801791,0.14438716683479566
2.2802072120087558,-0.16014448220133964
0.6058272164822994,-0.6188481732735319
-0.4875636534288727,-0.6066166489992078
0.8251868625497598,-1.441079198908538
-0.7947384633986694,-0.35453155782825996
0.03237285625524503,-1.5486390976378202
0.18752204208128914,-0.7663633812947248
-0.4049857613328375,0.281190287730302
0.2895074294129934,-2.115357650179416
0.6205532494533141,-0.11671323459929019
-0.7528042946436556,-0.2119845092789615
0.6521195693029356,-0.29471258794296873
-0.11856038167673344,0.4163916466159599
-0.8431151294440254,-0.042887069494879894
-0.03500664093202251,-0.9120455391763559
0.5913281644533023,0.6601775981731343
-1.0388417677493567,-1.4162700151417926
0.2694312853634105,-1.2326311152312424
-0.1986950670296615,1.095212276546278
0.9571721234594011,0.4325864297534894
0.868529237244531,0.7051352640747491
-1.4654614672087072,-0.7039268592221323
0.7194399087557212,-0.4338240403983857
-1.6013667389322035,-0.8355037712574287
0.02386090114178594,0.7316604302236083
-0.4022670677638978,0.6891801087504409
-0.4211074164994687,0.7759453396030939
-0.6573711688021281,-1.233595992767408
0.49239144246912553,1.3050258419101766
-0.28374202404467874,1.9299768104876958
2.2837581355247307,-1.2855800004371734
-0.42379368812867174,-0.9449506685420754
-0.1974721952237787,-0.33283588963757693
0.6205064714433792,0.06082743806466326
0.42128204737627556,-1.7088666501277605
2.3326105779953688,-0.8930597128316192
-1.0612056750590582,0.49841320261560196
0.32538447613921756,-0.44166569345078704
-1.1404443853122588,-0.33268771031354527
0.6077064871932432,-0.5407842507530708
-0.6750146281435768,-1.3944622562177613
1.8603788008708586,-1.4665596579184206
-0.33135984413198605,-0.09759146419373126
0.34839172903015664,-1.3144196692883952
-1.4332259491817811,-0.8525096272230679
-1.3888563604101891,-0.5790940570230056
-0.9075810287162762,-0.5493937164137387
0.024314449406824347,-0.07032944542709567
-0.2921293837286146,0.6593896653464303
-0.3004129194092869,-0.29693681021049
0.03084140766432495,-0.7098576595695808
-1.07005951209597,1.6744154517904182
3.0166217222053713,0.4421706199768274
1.8226546898453249,-0.0539688159499458
0.5498552862376781,0.2543338264054973
-1.190020596276473,0.2638434251467591
-0.1842726836614857,-0.8394041533852296
-0.14579908729070332,1.4354103062191979
-0.8220869332124737,0.537678350288544
-0.4186461438868235,-0.10569879532318611
-0.05533233384785465,-0.94816382304604
-0.44580674827790284,2.072189175137636
0.34067377154311945,0.7649086092361984
-1.4950472978368718,-1.4759682491267425
-0.9580792713958789,-0.7509272198400414
3.3736689401998725,0.5027625548032842
2.599814141893475,0.26550150863968275
-0.6837040508806737,0.10159720890809627
0.05658895313734839,0.44447444965266325
-1.1208977845892594,-0.2848907479692332
0.41693439092543444,-1.5569212026043828
-0.5956484331648001,1.7603326302581124
-1.6614192602552695,-0.015145121499987335
-0.22994030055400475,1.3746329093596734
0.62960985734654,-0.1963299922922952
-0.643411774095499,2.4486790446662887
-0.7345337776846418,-0.7027955735963711
-0.9703418458091945,0.3644131119320115
-0.3005868983414956,2.089125200103062
2.603607501148447,-0.5927239556607338
0.5339688238670975,0.5325681826350699
-0.8064766312670021,0.6339574595720373
-0.8164104747911408,0.5593483386650228
0.5018015586273658,0.013924176561857994
-1.477208180766361,-0.8703512590770187
-0.6395749215024269,1.5631096729759124
-1.088538690075883,-0.12332754545308544
2.2004721337516933,0.6222126680368003
-1.5466493434704087,0.7514229546185471
0.010628633804468358,-0.6014599419230197
-0.4938286830955772,0.6318149506190415
0.2921188844911407,-1.7035277181658244
-0.20213950543782883,0.22096693078882676
-0.47843222898459137,0.622832669439365
2.8592334032389095,-0.13916450386773638
-1.7454942026568365,0.07823014051688242
-0.6520728927313871,-0.4255281379319313
-0.1947060500456277,0.6817375388452315
-0.19296020425683122,-1.3764405940831224
1.0605045826507296,0.12943473350566376
-0.23061038192998767,-0.4827204136790967
-0.3332391148429296,-0.17565538671419242
-0.9230016929129654,-1.2251866538731593
0.9005991180089752,0.7770290853194336
-0.6186755127428265,-0.851201548463938
-0.03705285165182281,-1.4408155401277452
-0.6974397993491059,-0.26969986495368553
-0.8850220130409033,-0.6946681222484788
0.2261468398606461,-1.0591074982702033
0.5271409513152024,-0.09019365177890398
-0.8536486156118993,-0.14295688214223698
0.42107489312134544,-0.005739205689009894
0.6698169197815717,0.3402477677258721
0.7685703637612338,-1.069292635952634
-1.3145650790672587,0.5463956269929816
0.09836384437414822,-0.5367079006698096
-0.2762494109179956,1.8932653125380534
-1.197459188450275,0.6067450000110844
0.17363576580355844,2.214022401550022
0.3118385750189702,-0.34866413791909173
-1.1816449371379998,0.3618099030030296
1.0265015400381545,-0.49461710247796936
0.06016661244806879,0.13446301253581316
1.1115844076843373,0.5280142495047049
0.02152232181691264,0.09551379797094424
-1.3928290393985647,0.14836676218857664
-1.0028483874796283,0.08383716252528317
-0.426245865688605,-0.2330512016838958
0.9796557732203279,0.3029040331104555
3.384983500486039,-0.23022574397452777
0.010965928309710667,-0.018148565638961955
0.19237591497168904,-0.7056708070536579
-0.9356216040467131,0.29980705539777297
-0.05931869530715236,-0.5719442381689119
-0.36784815984350744,0.519038073679223
-0.28864671299983347,0.201180921184744
0.4308611596727329,0.11776118363122874
0.48224443028958536,-0.3674067700870968
-1.3042380679752306,0.8570307834520002
0.7999893106576976,2.1220981174400273
0.3113726470293849,0.7732671710737061
-0.9373732602163866,2.3775330911202333
-0.4692878754523725,0.2076824692125599
2.4749388541574087,-1.5473676692193485
0.5814085527634761,-0.3878483737227106
-0.16166230255796754,-0.6412333294813689
0.7483175054709976,1.0250345892598007
0.8394718512161687,1.6518865475242215
-0.1511435920079887,-0.5197749612756096
1.075345436819471,-1.2570102321275993
-1.0869845437450372,-1.99232889012818
-0.43310881570497284,0.49434830385107914
1.0086170775197778,-0.4194147674909966
-1.1905104747203736,0.3651914848928506
0.697614510009621,0.548495027302228
-0.7698992671701121,0.35297714684183085
0.44164365092327346,0.18464751966601586
-0.9681307512098973,-1.323134229362051
-0.08858268622705442,0.7532764043960268
-0.41463359599617083,1.6581637862419534
0.23453432936027585,0.04357563156725753
2.6573184039276954,0.3814748085884412
-1.493043827072187,1.0759864122144385
-0.8310513676159128,-1.6206853778961148
0.37660143031450416,0.7862050427035963
-0.21638147034581987,-0.3629681648373996
-1.3870629832284727,-0.8189721096154807
-0.5710848479979612,1.5176967151179848
-1.2607911900981112,1.8249438153925437
-1.247252402105116,1.0803074949784077
0.9748011469469431,-1.7536292941304432
-0.48884370104377783,0.49753419024015283
3.4143392750997537,-0.04533584134742786
-0.5868577121334818,0.44788497223671375
0.36792936451613817,-1.2647820541797876
2.303382837470621,-0.07891372723527677
2.288218291483851,-0.13625537642482632
-1.7022865556305875,-0.582980119625193
0.2587846205081733,-1.141408898787235
-1.085153483606098,-2.240002947316508
0.13023293062792995,-0.10589262310376582
-0.5526871301166738,-1.181635686849023
-0.7777719945408617,0.6178454560239985
-0.595644678913283,-0.9262386932123738
-0.8220687431070499,0.19818901415234333
0.14876592554113038,-1.3224583872686955
-1.5513674697492135,-0.3628775400169343
0.9181912119222786,0.5944501190311859
-0.42907828172849033,-1.401777289043098
0.6623411940139373,-0.6337127381372336
-1.3056488052038384,0.9994008872918368
0.36118670631438593,-0.07703981285373611
0.5016675843418281,-0.7976597935636726
-0.9154023906588804,0.05891982250702983
0.224461454552707,1.172771196328651
-1.565260309790806,0.6412153926220877
-0.9520655184693037,-0.14594585517950476
-0.3298016597463207,-0.1209488211429871
-0.1402364311240245,-0.5153724446165957
-0.5784443700377853,0.5380554454971312
0.21416363076056616,-1.6801938701584185
-0.9574165127465506,-0.5890211192531164
-0.05937196287704904,1.1177064379162371
0.10296227823371382,-2.5870287153257028
-0.2714658469441495,-0.04583875982311201
-0.1373480622377837,1.5177847748837616
0.2866271366363918,-0.4572268942280964
0.4788492956003953,-1.288543926028615
0.3558370147835142,0.15106759074920018
-0.14607860659154728,-1.5282823166206638
-0.14588943842244698,0.428578413399902
0.16146338853437797,-0.3639247003587591
-1.2763919274111886,-0.9774545201555428
-1.0963867878132327,-0.3304380876513005
-0.27933015286146323,-0.7348393988356676
1.1203037210723208,-0.13491388447235808
-0.19101390930116868,0.8516167403135648
0.47757712007553516,0.18639605033930687
-0.5371262617058732,-0.8705607520776579
-0.16183382998503443,-1.6129253103148515
-0.016209865318260124,-2.183183335512258
2.928883906142941,-0.964946756629478
0.42875722378051956,0.5897519410586296
-0.34159788662235424,-1.284293868383211
0.6671255911544764,0.6347404153746418
0.6942661533303661,-0.5501828013032435
-1.1761445137782356,0.10251848101668079
-0.8292812375375129,0.49431456144154934
-1.0077399433272514,0.030940592880069572
-1.1024212121020966,0.17048691392117507
0.8851720940680186,1.445442135977404
-0.23944602886147537,0.35379249935951906
-1.4061743556075517,-1.1613655961704918
-0.34402741647434737,-0.2229938199548728
-0.7925446757061175,0.1253471747099051
1.7345049667461905,-0.03296480664877094
-0.5886928103272407,-1.1500849583007964
0.0651535764253279,-0.8211971807936163
-0.2421963854073588,0.9778632377105309
-0.5482413302277522,-1.1676765772977535
2.4256926947554907,-0.8512559070536223
-0.741482491414543,-0.46124205847813743
0.09229872601942771,-1.4851344950689473
0.31674183141205575,0.8768530990111172
0.5426856115460388,-0.26100881382187957
0.37009266216242737,1.0862439207098806
-0.48624770076261015,2.4233147784392357
-0.4881652779980676,0.18930209221099084
-0.34102354721129535,-1.570978605389109
-0.4802263595492922,-1.133130030967992
-0.8413236043720751,0.3707102955593813
-1.2828753125468806,0.846446259470191
-0.5077841695630806,-1.0369120837850125
-0.17037841105782423,-1.3402184336515086
0.3386958136105131,-0.4310881657893382
-0.8112954266929294,-0.7768964546179781
-0.970895389622079,1.6539738481548045
-0.948651644311299,-0.8889561206974714
1.7409800102121553,0.30871983479342735
0.42382087184842104,-0.10698338887317188
0.6334494452480565,0.09256195606661885
-1.1272603285469454,0.6746946821242933
-1.0616964367016375,-1.2281754753343337
-0.08998698392768628,0.7631569929916813
-1.3145650790672587,0.5463956269929816
0.05490992757367689,1.3321471561341265
-0.12435632849771168,0.5505991872712229
0.7321197310069354,-0.4604591026755331
3.069678751788601,0.0409061580015732
-0.5805405136236618,0.16911886717988375
-1.5122495088541208,-0.9071664820124975
-0.37885940436212306,0.5361829180434733
-0.3470883317307279,0.6331896232310648
-0.6098853410748988,-0.8389911211620527
2.3470279043656523,-0.812287486969188
-0.10828739153758646,0.420836726160296
-0.23634860357855306,-1.3492736314026241
-1.1163797736420327,-0.3042308976394812
-1.0109186246892052,0.5574301627548169
-0.11018021490375826,-0.17637244599842408
-1.3571860867416101,-0.6107367560861434
-1.513790052497753,0.10135962412384204
-1.0907343298782006,0.05026913965548583
1.0230447219054402,-1.0489210148933268
-0.7312212018208584,-1.6294176462187966
2.4978805895695984,-0.5784335509335182
-0.7078668059889803,-0.09276416084061528
1.0549229032119338,-0.7878504053953832
-0.6023841822588941,0.27921079814348887
1.020006454357,0.15666300986276935
0.8580924619526684,0.26769135612929656
0.7056242867383409,-0.09879853459780652
-0.012676248709030495,-1.1411927799158639
0.1395676808717241,-1.381402279260378
-1.5824053449990325,1.5339144866808267
-0.7908020348054476,-0.570917720071246
-1.4919777070754758,-1.3451422903613008
-1.3193585712605098,-0.5523128584507934
-0.9227208208337607,1.0300681484662364
-1.0531288740856195,2.0011130525917933
-0.09807418270021229,-1.2409808565929576
0.10443990989134652,-0.4115013919855086
-0.8779211349200404,-0.46412700337738244
-0.06184704219650224,-0.46067302694184414
-0.07784983811058702,-0.00885389165071869
0.3968049793059549,1.01545600842894
1.0604909001798073,-0.22180650082879036
-0.7145393592937728,-0.2257241112354475
0.17832905842936936,0.47980290924276986
-0.7333010574430624,-0.3047476548484943
-0.2797089643591542,0.16450008007340533
0.5250312050421122,0.4013450084426037
0.08453268777608,0.10055178844305176
0.6092905241749753,-1.5766542642793704
0.8974255734286223,0.49984647227345086
0.006693637773315782,0.11820487269270945
-1.260692027716958,-1.8701842710525858
-0.7273861215538437,-0.649795127389228
-0.94642939852993,-0.07922470938325457
-0.6776253298387395,0.18954856476847906
0.49331545610997357,1.2817110478462426
-0.4403844261410293,0.6540284422937028
0.3403416638514633,-2.0016954381456027
-0.18474887963446424,-0.38681485930468434
-0.7295706101740894,2.0210803103276227
-0.35557573699449535,1.2297938268389015
2.3318537139627797,0.6247736172326468
0.2867387529459921,-0.9838935603883988
-1.146608949851435,-2.118201529463878
0.5491892429165146,0.24262449109256568
-1.2557678459100043,0.19030494979071344
-0.1526978181225429,0.13750991052627567
0.15713577429872666,-1.2049440066183184
0.20970047393291352,1.8528935822995531
0.020346777384355565,0.02136320616756141
-0.8879596114422211,0.8074693220621513
-0.7439373244992125,0.2879125612039606
-0.9294169050451717,-1.2802291211947816
3.378601463676554,0.3976663545786512
1.1759936805109563,-0.6140345158442145
2.6735609002723324,-0.9775955928165578
2.7491451527382975,-0.3241698859515974
-0.15868353250799758,1.0191352946612702
-1.5135543103383116,-1.4398191568426615
0.4187277681071507,-1.7967992551968577
-0.5297654369196739,0.7802631852197437
-0.24098459057964766,0.5409391725453175
0.16144116037413453,-1.8700793519483971
-0.0185521988946507,-0.1327586442944354
-0.6302447586768428,-0.23338588558325402
-1.320339680926672,0.35882108154185505
-1.1492514443392352,0.6657738661973176
2.700217344353213,-0.7010981643654449
-1.114245947098933,0.056909676081912976
-0.1756227162076693,-0.46247572339528886
-0.22207995290780227,1.4297060335195995
-0.30231736353721267,-0.8550501767809964
1.059449330032788,0.5156268774933577
-0.67544602803208,-0.2980342018506282
-1.0955387692339296,-0.22521926007345264
-0.9065849338328168,-0.4381037543953854
0.5164671311175233,0.3423585535655991
-1.0480724343584997,-0.16230772000844465
-0.634621003032195,-0.24338910153212337
1.2737861812755316,0.0033766321368979783
-1.300822970854559,-0.42651328726262766
0.25084384994963216,0.834498642038484
-0.48500671863501166,-0.5559391967540283
-0.34094599535179526,0.9125487907917597
0.02935147606585351,-1.3537270766944722
-1.1832985296533012,1.3937240229269288
1.7461821247702756,0.12950369960371538
-1.1495334151452212,1.0598352345044904
0.11031265518884012,-0.058022289459735074
-0.3411253150851989,0.7817841457029252
-1.284698031016093,-1.0714651044094128
-0.33928461053015707,-0.9602926648767874
-0.9889710022350156,0.5936948860717526
-1.8237133669036671,0.32404003599906517
0.06127773812865748,-0.5990144721839342
-0.0035857121100988307,1.4579657812657645
-1.0110725614062244,1.9505274192854318
-0.5584142005831673,0.4490898480357288
0.3543256084077839,-0.0031157249654974483
-0.4743268784570531,0.03577315267676561
0.08061773396011726,-0.17274815072415595
-0.1933260866665848,-2.1217006338394273
-0.8320992975071998,0.4609539885434243
-0.15677580370823674,1.4270518959577831
-1.461007121630464,0.4649456675843213
-0.36089178362296354,-0.39553876187985404
-0.8745723086611031,-1.9018237329684042
-1.4552638429840064,-0.6838897704860899
-0.6288645912782057,0.28367478005520336
0.4166284196331476,-0.8038225953669025
-1.1139099553400658,-0.030961615310577114
0.08301361890970685,0.6193917931691976
-0.7265440431711118,-0.35712438171346866
-0.31187117260099345,-2.369532581793745
-0.31151683674909403,1.903226117177694
-0.21171744480360455,-0.7665742199898098
0.3128250254863271,1.2570285774906458
0.2518009591294933,0.2824019409761427
-1.3245315485507283,-1.5358061451121185
0.049096340010665186,0.4811859476023055
-0.735425918749144,-0.6677288813341836
-0.349895444537937,-0.22339103538189717
-0.6888879753333699,-0.058675992038392126
-1.4885026988373378,-1.130327714082144
-0.572973083945923,1.4414734453618192
0.19932277659182457,-0.2937489045251555
0.1288840864422484,0.7134566947793144
-1.1571431151983933,-0.7257092414841463
-0.0034916067268380355,-0.22177364938542657
2.5705656057705526,0.07677149501913029
0.26658724298196296,-0.08557501624851888
-0.8384827668787541,0.5855674347238604
-0.31024335847785883,1.0994688084863202
-0.7304549589322549,1.215219666845162
-1.1515419429077984,0.523269228957248
0.5607788649010087,1.7844388974482561
-0.15515799200840702,-1.6301621251940126
0.1071709034011247,-1.5351694771806723
-1.0824191312205846,-0.025464944158744493
3.18458319222239,0.2944001189223541
-0.4966741580390939,1.2755923972290215
-1.2271808454737434,-0.32340494237232037
-0.36749150230215977,1.6019467968074328
-0.5009685469200384,-0.26211283133274976
-0.7210703556060929,-1.431839884818801
2.135880805883226,0.4590354682475945
-0.740830600143984,1.7356006006968332
-1.124538430089879,-0.27922873500277035
-0.9973688895337325,-1.010426243374156
-0.7142606731596218,-0.4695887142686268
-0.7173139259253594,-0.2864285915235325
-1.020381533257852,-1.2748784347619206
0.06981773178323705,-1.3927072512498315
-0.2518515427973467,0.6593895137703369
0.13670359627508677,0.7586185735052824
-0.7628829298001158,-0.44286152990047506
0.09978367665546808,-0.8488226725777464
-0.6626740823230646,-1.1830292618284253
-0.31761773591928616,-1.0705003784493403
0.6840549264184516,0.290255348499469
-0.3819348852881042,-0.7868116108010705
-1.1711204162071438,0.4637203684146822
-0.20869319949007484,0.04507106381232828
0.6651443485500351,-0.4110595943769015
2.005617594295674,0.2067277839106367
-0.9646731796941984,1.2270104360531384
-1.5531009358134629,1.3753591595693255
-0.9128617938606776,-0.20438880675832685
0.6911679746644591,-0.8429574235409323
0.14431890268954195,-0.795883691623304
-1.1943819351982363,0.0645476383356829
-1.7424609921062886,0.8880347715547251
-0.5136315318441896,0.1334707153086631
-0.2515000164577916,0.26928403906556464
-0.9384871954093197,-1.5518535978362307
-0.7708427736627597,0.04459860936541741
-0.1116057277502611,-0.012613786600185308
2.6610839286611405,1.3571414338156094
-0.2017095381113949,-1.3787397759510496
0.4404214582964751,0.12013358522278166
0.23044586619178636,-0.3800368554828913
-1.0209999153704017,0.3638082949572216
-0.0367610324101403,-0.00878082350318623
0.8525699402483546,-1.1470758887777974
-0.8204910658695852,0.5065249887434348
-0.4720904008413715,-0.1279122869978474
0.2564545868726213,-0.6226421137847149
2.0266697910135267,0.42825596476375316
-0.7594177699976744,-2.05414303855305
-0.2398969216017777,1.118527222186305
0.42439335914971416,0.2598072917676666
-0.5912176184931759,0.7518678377983804
0.5594986132665096,-0.4319091016354993
2.632501435859382,1.1801207555079885
-1.1215896805064896,0.7159125732948789
-0.22061662728838222,1.0902473542217026
-0.6312141677975425,1.8503687216943898
0.20017984019185392,1.0213457431616058
0.7143743739758892,1.8993414002699527
-0.5099575812051547,0.642839252913197
0.3848445477295089,0.5758662028070789
-0.12212764318836664,1.2278410833412576
0.023117639796410495,1.3890185217491193
-0.48130691539991005,-1.0590833157265385
-0.28802744768860533,0.390430929161629
-1.0768673424326751,0.05868886359350762
1.1038475067088915,0.9509911111656667
-0.8122987645193351,-1.3719171662149676
-0.40219300459582685,0.002405431882186919
0.08629023411033901,-0.7850056772003065
0.5698003211258617,-0.43341937392272106
0.14086065199475845,-1.8534662564114044
-0.8007909980092488,1.6975992527536248
0.38156890143996397,-0.5011484821661806
-0.49269874374227385,1.72259289806673
0.056874208615169265,-0.0997836839285029
-0.9514398136300996,-0.08918536244680188
0.6137643626050175,-0.07608840593256941
-0.29723533677411407,1.825889790561331
-1.525691456155411,-0.6678082722002615
0.21253917551316648,-1.8109891720855564
-1.2666788408291938,1.660757283728977
-0.25479064796463374,-1.8301545479186967
0.7284080974106774,-0.9620316356842136
2.2207535799464404,-1.3101658937033878
-1.136697050684237,0.9824682510498235
-0.032940937360422994,-0.05158220668461948
-1.4453539999461686,-0.2502434106487682
-0.5092343620749691,0.9784459151706227
-0.13762354348380812,0.39973613976973865
-0.27475113764979686,0.3715493085950128
-0.2528222546644216,2.071961453371433
-0.8458780697340499,-2.4193737361248906
0.16453613415191481,-0.21539149156350604
-0.1704128093432124,-1.482619194329649
-0.6889764743553477,-1.718983302504424
0.035565344324006855,0.3848949322717937
0.10431919852903429,0.28490994224289407
0.4143451640075308,-0.46259648302833617
-0.4129831583370104,0.608542416288243
-0.2970236748846821,-0.567968224348074
-0.5981230429045711,-2.3544213927964623
-0.11593128585655278,1.8133903278166352
0.2961073521117839,-0.7923443705435864
-0.343105254943265,0.4071668036279298
0.32514983270655734,-1.549803083130852
0.23874165178131174,0.42425220203574004
-1.5298135642263038,0.7620192330712814
1.0711239623478308,0.5474465212659573
-0.21974931987687418,-1.7933393249832184
-0.8051230698474166,0.16769002878770667
2.3001281165949443,-0.320956428295446
-0.47675135131115404,-0.9183154546888347
-1.165453052838523,0.6551350248592613
-0.5152558572758955,-0.1652286019222798
0.6795545562132582,1.2947642473568006
-1.3179973473502815,-1.6916036096759675
-0.9331608807974582,0.7428210057947773
1.7650588537166942,-0.6362402035213385
0.3478940582799193,-0.3721442737976557
-0.7725062146137577,-0.7495833556424152
-0.7578471316835618,1.0909610247825217
-1.1475347358183405,-0.22969484487999897
0.2773001786989345,-0.022644573816132336
-1.376151784289689,1.0310743947693715
-1.1335897769656182,1.105498205219412
-0.09147699530986614,-1.092428897006419
-0.3716292691896265,1.2252261199413506
-0.058573377832417194,1.4377210909819564
3.06686713134689,-0.12494393014073396
-0.8424854663337101,0.6478009380904528
0.21134687353725434,-1.0423717753799961
0.06455523652796799,-0.17547520485741122
0.5532445307622829,-0.01669758773208683
-0.7969911491943155,-0.6727362149679873
-0.23546686031313813,-1.885778323273259
-1.2333876006046445,-1.4103921864561455
-1.300307659362288,-0.3836199335662834
0.6268899408149334,-0.06378600811577285
0.20617595237639574,0.6411583586350588
-0.9986696529631037,0.3025650695215186
2.901632820804424,0.374013336315853
0.20443584276457633,-0.8086142648576151
0.7897128318271218,-1.052649035153431
-0.8432443864956591,-0.501389152521661
2.742966985511907,-1.2492084665631753
-0.3521398442756494,0.9491257553411688
-0.7255062272756094,1.5920135634348698
-0.0908037590777423,0.7826316760621622
-0.2632110289836823,0.9164430675653659
-0.6869451690691364,-1.0009207306908277
0.42824519696008373,0.39666182208829187
0.1751458694329136,1.6970230495881717
-1.491297227900406,1.0136490322859169
-0.7961939967117526,-0.856000214275011
-1.2339496901068503,-1.2757448674885363
-1.7134789719923724,-0.04312450270304093
-0.9284766832243594,-0.8216538184443746
-0.039371184741912334,0.25057191215977
-0.140739912255139,0.4464508536682503
-1.8410561159703156,-1.8950350172179453
0.71362892668546,0.05758008642288875
0.1251375051972115,1.3941414864157777
-0.12215951576471272,1.216089185143004
0.8169849167834071,1.9317657094412486
0.7290215523410285,-0.7532337249132217
-1.2067269886532503,0.5438452144170015
-1.6191472476316229,-0.6139447819899152
2.278432574295854,-1.5844138510683492
-0.18661556660126674,2.535678623155877
-0.20967704446468136,-0.21825631624431377
-1.452827669584443,1.4428195041645056
-1.8031087782542818,1.160106174404974
-0.949309141943141,0.2542479612447808
0.830267586566483,0.5686781007572417
0.00978066525715083,-2.086299257677881
3.073447561193881,0.8663760179547481
-0.8117925480797763,-1.159279144450523
0.6425301334112915,0.8656244323165156
-1.2129883141004234,0.4753259787417776
2.5923007331686176,-0.7006629926275697
-1.4337208846235745,1.2642270883169622
-0.5537818380178959,1.077544352254469
0.6413571202675846,-1.3545636777606926
0.5762480794336904,0.41749927172377793
2.934449921185355,0.4224765808876558
-1.1310186103374447,0.18275880647576115
-0.9341432932099957,0.9827722781108781
-0.9987503596787446,-2.1986695766891615
-0.08922738458665277,0.419784982976706
0.07320697630784176,-1.6637386653874158
-0.8238394225488402,-0.5921528398620365
1.8637869888838718,-0.08123965519237338
-0.9991504363542925,0.23416846119950976
-0.9753542428348237,1.1758318918190056
-0.37054495908749163,-1.5353919187705891
-0.19474899402033727,-0.6155766390880926
-0.24537977842340863,-1.1254154602671833
-0.12945393987348378,-0.44848610858180865
-0.7931899234291064,1.1165138386138687
-0.96497990436947,-0.015731709709213407
-0.8277920593220262,-0.857656774433391
-0.5570433322568363,-2.1846036565808293
-1.0524403370441247,-2.337896357025246
-0.045451757893612464,0.8160959739461234
-0.9895045038327103,0.8902908685116087
-1.0191045662951879,1.0916663295958282
-0.1619604815439176,-0.7290620579885368
-0.42851413609692457,1.1305988126656725
-0.5364166452629013,0.3255211487185225
-0.005413017997520912,-0.9809314850163936
-0.11990615078998215,0.04173174165564275
-0.5971806351387049,0.6032733153265198
0.8171484979165287,-0.9557343004807505
2.3977185201024818,-0.015806491669521697
-1.1039462211650408,0.8767788367452324
0.2789740174490197,1.2729753908001478
-1.1977970323189078,1.3480917090503108
-0.29299369027159017,-1.1394357319189672
3.0078210229226623,0.09642620837029929
0.003351301074340042,0.04379159886253548
3.1422044904713413,-0.4276181949175493
0.3554835120983077,-0.9141338823491982
-0.8077885458784451,-0.5503299801405674
3.1757253171306585,-0.37524161962866825
0.9330867161910004,-0.5987463821374696
0.9378533928057979,-1.527178450685887
-1.0074449191974424,0.10106207135742608
0.894210307836226,-1.6151841239025169
-1.3296360690341587,0.1339726324755251
-1.593090995557868,0.9617500400441394
-0.8785787623675764,0.8469810938686746
0.06883867824643478,2.1854501094191967
-0.27406492229774976,-0.7776101251787971
-0.621509027509493,0.629388534823428
-0.6175467463202045,-0.5995102839966019
0.7670746162020772,0.5830722304702932
2.055233340326877,-1.0510747737922572
-0.29880850637707684,0.826823245499585
0.0028878245898966218,-2.192031083291701
0.057663149243698565,1.7146337225286008
-1.4941180231785371,-0.1941728606614991
-1.0509081350702199,-1.1808370420936536
-0.8690932802948895,-0.4597125806713503
1.1771426931683622,1.9651908331633006
-1.0654493776909422,0.7967153044195205
-0.34868419907361636,0.6643429847761737
0.9789136106017335,-1.6890540460106018
-1.4341342984262475,-1.2993330317752212
0.10703781231426565,-0.5188167096101761
-0.9340920075655587,0.11450103497627011
-1.0539600850895823,-0.3264942516720115
-0.14108499906671812,0.7040668131288407
0.46578034383611105,0.34770908842236703
1.3275611689714604,-1.3673913501101078
-0.7915493342056427,-1.7592036162715734
0.6269744017820916,-0.24912268537557938
1.0676560672369448,0.9842667098692413
-1.2622285333057703,0.9839858228095922
-0.7639770883379475,0.4916604238797332
-0.2640349172609904,0.2842829857534061
0.5137430467154033,-1.2028374346799122
-0.7484208073453571,0.2817494562485439
-0.17493006690745458,0.532561708340431
-1.0948136979939782,-0.5430880154627632
-0.4725979200273055,-1.0117329764388399
2.5515083341280635,1.2522845582520108
-0.7660687743213077,0.8116137632688452
0.8093603112966459,0.33551380431481925
2.5200155280831225,2.068167320050719
-0.48572459696400255,1.625280796390932
-0.9838670311149759,0.24857419380739285
3.4336534183351466,1.3934431366893942
1.9918532579227308,-0.3265179534233921
-1.595795457292495,-0.41965663196482933
0.2664592886767046,0.12710556840124776
-1.0206822435326524,0.7833303550047369
-0.3154733817614056,-0.37582582042330365
1.0291202380592477,0.4009435791142583
0.2170487149749718,0.5031601146159324
-0.08185240774984914,-0.11452440358793112
-1.03309301848601,-0.2161828131136226
0.21587515246787442,-0.39236991013799155
-0.5358105130592046,-1.1611281629623307
-0.1897235937028703,0.41680791598645645
-0.32417724035240936,-1.226848342631732
3.178008023392885,0.6081903533560495
-1.2936772966492207,0.4478665918950566
-1.793929477073284,-0.4373013504669749
2.3682724741407317,0.00418818575729211
0.43775673564843126,1.3979543292943393
0.24109972395798424,1.3920921658287513
-1.0475175877992398,-0.7806857885546898
-1.0874250386862525,-0.7261561676929462
-0.8602614673986274,0.17862935688731157
-0.04526068758276083,0.7398607981429396
-1.2245031195338618,0.24257764851766514
-0.8446796735739586,1.3246762755717667
0.34565888341061274,0.4627238335535051
-0.7972290772988105,-1.630676839374059
0.9571402508830551,0.4208345315552359
3.5314619232600926,-0.8277544568382684
-0.7107602318731134,-0.11053272454703413
-0.5082200770860856,0.7502465410527756
0.16376285233995913,-0.22326071588298493
-1.1427075987226858,-0.9844263517579155
0.7824268235919782,-1.394406896319255
-0.5536982602494162,-0.9357290627013646
-1.2844004013935333,0.34102170942103927
1.183664310624668,-1.1911640363815705
-0.6704290435882405,-0.5884670793350675
0.7151590725300049,-1.4523840193218982
-1.3556746803658797,-0.45655344037144596
-0.32064964372345894,-1.2091223418106354
0.1624925789568505,-0.7814166453388134
-1.2278818364436854,0.8471430469598921
-0.4926773487487234,0.02119032378332721
0.4845960629382819,0.7329227089500966
0.6312075767991944,-0.8809587714841406
-0.28332636275645773,-2.1847158988902713
-0.31392757710028707,-0.07924174403046588
-0.5016054529733002,-1.4365315884967185
-0.4629837302663757,-0.5352664826287992
-1.578836780741024,1.393647717632077
-0.6451728091211868,0.1639344372605247
-0.6330550763721785,0.2719466939509863
-1.10851942599583,-0.24915777347955506
-0.9617686768318936,0.25365489874091585
0.4598395553508256,1.7052692175401445
1.9051577653903045,-0.4752279553520137
-0.0061776743364468575,1.37782918079252
0.9878481543542863,-0.36382164897473795
0.23134970780175096,0.7575171195399166
2.1522598820061516,1.2539143723212216
-1.0162404816985504,-1.048354523169832
-0.8420422360840506,0.55608953570451
0.4297798504391303,-1.8040328541271498
-1.3215469681198813,0.10501457623641391
-0.7945908864259178,-0.40342282624148396
-0.9833835124153427,1.4914321221786926
0.30865265071407005,-0.3059053176229805
-0.2315582662414429,-0.2682723959886603
-0.013071947565770202,0.7688187028059575
-0.3508552890262425,-0.8457556543688465
-1.202771746387314,2.1517144843414515
-0.5375843973891217,-0.5895567788295081
0.931402553845728,1.0925985072647233
-0.8417817400553237,0.6517142688075312
-0.9706718973714906,0.26483248522659
2.379383035028109,0.9920345814480419
-1.5692169846188113,-1.4699325296751056
-0.8926997562818672,-0.769173366593564
0.4480706136329278,0.03269016609561975
-1.2208038656621505,1.0640916148684394
-0.9843934937893185,-2.291597912497231
0.20846118992747242,-0.5214471866540489
-0.35966685568772083,0.8434364926126708
-0.4441271733508407,-0.1401416166671116
-0.9664367404289284,-1.1883830338325125
-1.1347673775275353,-1.6356758072603503
2.722459990937212,-0.5947119625711527
-0.2799024361431623,2.21886875884661
-1.6098417644714242,-0.5588410009916854
-1.034288605133757,0.7026313488659315
-0.7575806156745555,2.21085031266084
-0.6444255097209919,1.352220333460852
0.41413842930029726,0.08377689139093496
1.8507018289396235,1.0731232624442677
-0.6579409207949767,-0.4259253533589557
-0.4511435905045453,-0.5560194127980146
-0.592573785405512,-0.1242300667703847
0.14891535462364763,-2.024825073328656
0.7046281918548813,-0.21008849661615986
0.6073477179107418,-0.6344095256269346
1.8918093741088846,-0.5909510908676845
-0.4281762922282916,0.38925210362644613
-1.0251292663842408,1.3099050506501282
2.8895488127415274,-0.3757224398230914
-0.7203094535186841,-1.1040292271572285
-0.8209660388798968,0.4185804776273192
-0.002197882220818896,1.3020031264633787
0.505224448054374,-2.110547229897418
-0.7825386711556591,1.5462775245724159
-1.42480932241425,-0.912535919236644
-0.7298351442576361,0.07981158949876292
-0.10838279966722247,1.4293934891349391
0.8098546973750487,-0.4565648259019266
0.10665504254546335,-0.25340474555373266
2.7073462610151964,1.0160497033011826
-1.0492250714517286,-0.22286576084927837
-0.45273091215811245,0.6300473660022783
1.181382907108817,-1.5034133416897404
1.7301441771878179,-1.5569186787831313
2.8374288501229694,0.46641007487275843
-0.6538857627649026,-0.5173434168798033
-0.44562093898453753,0.6908438168052746
-1.2097993147230905,-0.761442064397731
-0.4493793505907308,0.3668119564605472
-0.9809794156117198,0.28589066030791854
-0.2846499037094629,-1.0532211522609505
0.1598655392660297,0.48860809413689105
2.545708898615656,-1.7838099741418492
-0.019408509111695497,0.5479874610186353
0.4118851941412606,1.0902303195744916
-1.2455929992089376,0.028845472260401864
-0.03338724268251513,1.2341384185447208
-0.8121758672119691,0.43079090492920447
1.8525197559710311,-0.8504501144017989
0.5604453246472835,-1.4854438023062881
-0.307594973825473,-0.4923380170957732
-0.008617052624136694,0.6130331442891269
0.5389240450837045,-0.6027479241964182
-0.7788043398194752,1.0176301509742414
1.109618070513485,-0.7070783311090453
-0.8650736192769848,1.95578476577623
-0.6736649507912024,0.9937456517721994
-0.22837836191682223,-1.335295771060069
-0.8131818105311251,-1.5065951420208803
1.7305985586195491,0.8486486714392054
0.015292789162377342,-1.1729700123792348
0.5540282103733257,0.4926096361958396
0.4255765660729141,-0.33906543686979385
-0.19422513683874504,0.5822301318634356
0.9027452444929134,-0.3934882471744752
-0.13737610077890428,0.031178026088230424
-0.2764008961298728,-0.07139142207836564
2.7290930889587237,1.411235882939478
-0.32025256791644374,1.040451696771012
1.6738720860317864,0.049814025339271095
-0.27629824505729056,-0.5962174354743726
-0.7215940087680911,0.6908521825527869
-0.9188475082461323,0.6772365773766678
-0.2059141252239863,-0.584955026370241
-0.6500603269139904,1.9566818553411496
0.21168875546070687,0.06192550330661624
-0.362843555124215,0.5485466295368772
-1.0155744383773873,-1.0366451878569003
-0.4943272370444932,-0.2538463915862465
-0.41673104232842245,0.6180445402481584
2.6341726691167167,1.133375384771173
-0.25189578951843145,-1.309107331839535
-0.5032271729122555,-0.3928655703745658
0.9648999293821352,0.1793542361606277
-0.9510135505231971,-0.3819412338932054
0.6010551990663073,-2.207242760127501
-1.6432319015170387,0.3505631591189574
-0.5846834172927291,0.5960703732345315
-1.22783505843375,0.6696023742959386
0.6119474545166825,-2.01354767260628
3.436550598470797,-1.2753596230746735
-0.7701259142768416,1.724411259740234
-0.9687850939855983,-0.1622228973899873
-0.6110711534908491,-1.5824837278776878
-1.0033935896227855,-0.7921875223198559
-0.18054080383044377,1.9897024641636303
0.5514928745926093,2.0610284479903735
-1.1882707922165654,-1.1604071929289648
-0.5195535808606605,-0.17311657703304412
-1.168475316226593,-0.9778896918934179
0.8158722843368493,-1.3264383118386676
0.2785061631457684,-0.44002073618723875
0.1408801448465577,-1.5217729248710574
-0.8661498715126947,-1.9813979277760874
0.15832828029423268,1.3469374349992371
0.22037168863784234,0.07797604160195434
-1.1702282751426416,0.4286536761524947
0.3194182546055621,0.7716530222245549
-1.2882321969887132,-0.7887975746825227
-0.3169094222226897,-0.5456011453297076
-0.7223040947907451,2.0311448399530994
-0.4472408865974355,-0.13068205559251814
0.2290507933595604,-0.7078049502591417
-0.1308678319582326,-0.32382325477178353
-0.9257798839803753,1.2327761740054373
0.5383990891753312,0.8487614754986219
-0.7526911159562922,-0.40327653837032584
0.34701299419358894,-1.3282016825541096
-0.6018351460805114,-0.3196193676086496
-1.36087877684946,0.5440421277688074
-0.049303046340591454,-0.6454166416977857
3.113735046541252,-0.6280268870127297
3.34839581837377,0.7610330420204402
-0.4992110005857796,-1.1476702969761081
2.814829416181929,-0.5549808347459388
-0.6226812872702151,0.4050411777460517
3.442429154149168,-0.9414284233430064
-1.0823827510097368,-0.7044436164311453
-1.2504636296426923,0.8109208865282785
1.013490443261977,-0.027028861709582432
-0.0693986832419736,-0.09438343828995943
-0.2726816000429719,-0.24284220951052832
0.3167650785153721,-1.478024892919022
-0.10339002530908634,0.4541853930114028
-0.4255162070304435,-0.029934054670652032
-0.1537056635834504,0.2332197693999409
0.551764447599508,1.1655290800747533
1.7867770937557104,-0.40300268735529043
-1.455734228576108,-0.25084837919965125
0.2710388532517615,-0.09116380949135593
0.5326940428494872,0.6651428236498959
0.01853664265928443,1.10400924726898
0.24809576506121117,-0.35166010727672
0.978632942542123,-0.6238100100268811
-0.47586371788115367,-0.26265157648036774
-0.6075499166061664,-0.22055173893920008
0.3660178814648602,1.0138726679941858
-0.20964580103543423,-0.09356280559598502
0.7253743374967389,-0.4471781813987723
0.29718209758152475,-0.8468431829909331
-0.7381491199525854,-0.38498813188366793
-0.5132649702553517,-0.6138313455621209
-0.6383325568447449,0.46675483833240483
-0.9383433726880853,1.0858264572210317
-1.7170002088770553,-1.4050564916415287
0.05649334098811829,-1.8674676256958096
2.7251755296500106,-0.20442939158082535
0.6403936513434558,0.5417390114190398
0.3208828829713573,1.1033770106032057
1.0967012831401626,1.4012693173312665
-0.34528598931199367,0.391470917874294
1.9150076973106755,-1.5399402425084767
0.9346274638542267,1.7132263500493068
0.09377244943793486,-1.3231551747583965
-1.0633117968963255,-1.5287154453295722
-0.9168852091300996,0.06668517026457925
-1.0456856444616218,0.7995768919530091
-1.3633018171414915,0.09323217277594993
0.1213979628755267,-0.761941810692239
-0.7342440145723192,-1.937784277648192
0.027191537295299308,-0.366546963231213
-1.0044162162813963,1.6015972728659233
0.5978578580192473,1.1951107040799398
-0.009871117827281055,0.5367673116476391
-0.6733198639796232,0.7361296923116092
0.6126350468190049,0.9968784149233787
-0.7769519347189708,0.448174007679524
-0.5065547339933361,-0.48866739976314205
-0.03287323393661961,0.6058491045645175
-0.28627756384498926,0.17789678395911393
2.2542185335431104,-0.9105039776824527
-0.5715559869730474,-0.0451026465954083
-0.10437908126919368,-2.4938726577514303
0.19715168663919852,-1.8038475436701757
0.4984355612060775,-2.069922401230697
-0.702211612745504,1.4624043865154617
-0.6051144965895878,-0.08968321728843626
-0.9852158753006574,1.067923511690473
-0.15485783109699724,-2.363712829637386
-1.3063156019079865,-1.0081492010209268
-1.04035878048637,1.7695934102607325
-0.19706677774703624,-0.24884727212386168
-0.4975117287873242,0.2921910810826076
0.669655790153592,-0.1300062134991627
-1.006631348935513,1.4435006264341474
-0.4984332111393221,-1.8305316431272838
-0.7043994602414849,0.795073735879385
-0.43100084175794,1.8680015341495166
-1.5285218958496445,-0.38122741175629304
-1.0603454065709024,0.45159461215516083
-1.0034449550509306,-1.135632752058457
-0.032419735703566786,1.1834797170908269
-1.8220479440272093,0.29684256805635667
0.6124830122437372,0.3568797656302436
-1.2104581151013076,-0.2894206501320265
0.14857881350138985,-0.6122956966128816
-0.8177496745607198,-0.11570509684328142
-0.6544373246523274,-0.0491621136075516
0.850101424692763,-0.7491625034301534
0.05138233094472642,1.3144211553130296
-0.133145327234958,1.3774754429496898
0.6090573875082845,1.3068898520402286
-1.0611388548339336,-0.6720922238312881
0.1210776299332332,1.1324776628378759
-0.9179481242386839,1.1259006346931164
-0.5083245802684335,1.928547972095519
-0.560373215027365,0.9094444898738239
0.19048118946376585,0.7302159266113717
-0.09112286347756057,-0.14016903635809588
-0.6492435517639346,1.9372071722706685
-0.056384851157351805,0.6124896409909445
0.5275549144812663,1.1487083829899951
0.8580924619526684,0.26769135612929656
-0.6225687877619362,1.7063112492817762
-0.4900353238406053,-0.2264105136813754
-0.6309939602187892,0.6114241240401687
-0.7506799827009646,1.475654802530012
-0.30786456490691194,-0.4182180821306941
0.3006578592026476,1.3638121462880557
-0.18469355593520773,0.5905578852865463
2.7413614737529164,0.27634764837331793
2.896527546938009,0.04795136090366492
1.1145291192129074,-0.32248842992348453
-0.8014831777297814,-1.833812737178588
-0.052920370533994725,0.4937702329654586
0.08339680822620579,-0.8027742409067252
0.06359497249196591,0.35891424617511863
-0.6666766519623266,-1.2886997737656376
-1.3261051877333734,0.0015018680226284132
1.843665165551135,-1.6702886182268146
-0.8454886564176777,0.5032236228976
-0.4768239819171559,0.2717378745521623
-1.5720577423284239,-0.47307319596637554
1.0789888176285352,-0.08821092504477132
-0.19639677615476164,0.39678957804169956
-0.7998748564584458,1.3034953215611302
-0.7184366723677021,0.4861446987844285
0.1838489746409327,0.5522048187967684
2.4327104146555705,0.2358045567538285
0.39273593478536445,-2.5648660007077826
2.141283165588618,1.2455559620598071
-0.7831515767226197,0.012821528478139811
0.43370924010899986,0.8163490723743441
3.2965055779343744,-0.9622777790255107
1.1927672269481466,1.088053091457964
-1.6325553460109152,1.092472273823745
0.7640168558018378,1.456962923686042
-0.4707337643493532,-1.7881889406255758
-1.3295697981724244,0.288125291351919
-0.5954028425696621,2.0452499342233406
0.15522155593900433,-0.1007506044936355
3.1300764397069543,0.17464802165675042
0.32988416716532637,0.046387508318970275
0.19436351732039797,-1.004076785419506
-1.0623974276715797,-0.057627486002121496
-0.002739046309156605,2.2716224293440783
2.8649313364375013,-0.6071806169014513
-0.9931719649117838,-1.131187672514121
0.014891959103845144,-0.7359727274903957
0.741255742869427,1.289976118165594
-0.9087070598304539,0.3733763391682157
-1.622765874571401,-0.14594057500321872
-1.0151331900531875,-0.30697715729230174
-0.04544076069914906,-1.3867445999457269
0.3141166938629863,0.1137819326630715
0.0007528492880303839,1.4757650018104869
2.9722534361801545,0.8399377174533131
-0.2826809610458602,1.5242367637058953
0.15876153229250162,-0.40296603701463246
0.11622573896829294,0.2504056556462678
0.18242333197873584,0.883867493498812
0.8701251045874197,0.6739819025296402
-0.7615775789525346,-1.234866940393595
0.34183037248726794,-0.8172922158240501
2.885687879878446,-0.3428323020756164
0.4032567014647033,0.22361578817435676
0.1199027646797606,-0.4342350295925959
0.4482785212708427,0.3254034746567011
0.5574447400560664,-0.2876557821460453
-0.5151713963087373,-0.3505652791820864
-0.5658101028338393,0.14842725068727575
-0.08431818799699625,1.4578503018090032
-0.9935279988858406,-0.05035162733869412
-0.7023541327203632,-0.5040930008652529
-0.47018322140500113,1.6046623996219496
0.18913226549437612,0.3378487716212432
0.6273039039809972,1.1751160266531262
-0.688184928234068,1.4377994393057751
-0.3239985997980901,0.3964784030841912
1.0693591730706258,0.9492732373306795
-1.382964751407995,0.2190199894931908
-0.5814821680065434,-0.792735087943266
-1.2756360823216724,1.3657447932999685
0.7995525699679997,0.7016995164047746
-0.22178568216097783,-0.4960132410028759
-1.6116442367058523,-0.14921828033111023
0.008133716289419453,2.133624185324952
-1.34914827147177,0.22857643080935333
-1.0693319893508766,-2.0012072947459267
-1.1432755783894772,-2.0419476028694086
-0.8701933289973064,-0.7173591969702441
0.20974191114165386,-0.8414737457667866
-0.6913527366374442,-2.3473339301612346
-0.8231266012177418,-0.7579841772130582
-0.9557712619009764,0.5446501818909166
-0.5731720263468197,1.1469194840364423
0.12367663108293339,-1.6241538254333598
-0.8150732513672133,-0.2209051736298437
0.535884344973195,0.09955744818693489
0.03129360315100247,-0.8034097147198189
-0.8147177667565471,0.022916866518013463
0.1498010061281882,-0.5477817621696476
0.7606137247867166,-1.9437457348339442
-0.8428226310232584,-0.10341445349740988
-1.1804286346757868,-0.7658447326328383
0.6899749193055624,-2.0701807798352037
-1.3601009874030023,-0.1388192183823684
0.6532436184916536,-0.3961032105743821
-0.6795748296825285,-0.6765955314810054
-1.0729037584970116,-0.4990272875499746
-0.9206616810260229,-0.08576136924775223
1.6785952693084838,-0.8512741358191861
-0.21417803823716558,-1.3774921856906188
-1.628921264274157,-0.8894825893484427
-0.795416207265295,-1.5388615604261868
-0.3074727000853977,-0.8533747142552377
-0.39098828829320326,-2.069108091255268
0.2983465650359101,0.2184315098310911
0.247433680011159,0.27055807226297796
3.628935319624849,-1.1331440212774142
0.2668563644837198,2.376679606982895
-0.9044952297749161,0.0633223391660438
0.5266165447702198,0.03665766259285192
3.1540306079982616,1.5688581834714694
-0.7319522132573809,-1.1240969727315746
-1.1479415858571522,-0.8169621147664571
-0.7174697147521444,1.7601440826538188
-0.5763909163750388,1.550556196027156
-0.08332743391473152,-0.9476863915750294
0.8374157920606717,-0.7029795383588995
1.9723827764971624,1.6059338280404214
0.12120305852944954,0.7891482157082227
2.5025038570821576,0.21976562135332203
-1.2550628168852425,0.8654009481843397
0.14466331032203655,0.4390624495431946
0.6462618092227393,0.3742322115422592
0.5181396671212333,0.9667958505053317
-0.12858272422285005,-1.3185247847570865
-1.593376455055283,-1.8144906646978107
0.1298211534069199,1.1543247474999099
0.1836631653475675,1.9335501771291297
-0.0661692655989734,-0.16448616597603058
-0.651137128513091,-0.6558427528878835
-1.1298146078160705,0.5867620770551959
-0.959810965134071,-0.8778824107737268
1.009955523906372,-1.7402020849825242
0.603134585108829,-0.9955381933013103
0.03351407660631409,1.8715135871143433
-1.089167599803214,1.1818251999614138
-0.4688455284013916,-1.71196567086941
-0.5757120737816318,0.0855700279785148
2.7567027339803394,-0.8779113927013935
-0.1664901930366068,-1.8823425756032843
-0.31658067340676865,-1.1172031863008336
1.0931054337240182,2.050770090584317
-0.3125722933866297,-1.031080577157728
-0.4703270441262355,-1.0330176554353125
3.1726694088401852,-0.15482634405965573
-0.46553800953550073,-0.6231990876978967
0.7093892621083958,2.2015261759526457
0.8142660191948734,-1.796722949902006
-0.7664728890516749,1.3988078134316775
-0.9074139588917255,-0.26659165328661544
2.6551773344416496,-0.4633965147115889
0.8596271154317152,-1.9330033200861452
2.740022273983337,-0.3987057871349863
0.8089152289372206,1.0807006243474984
0.7850546166657835,-0.6685908827951275
-1.0323222679629047,1.9377239294796818
-1.4183783216497758,0.7811507149187984
1.2841378220009598,-0.1579670627844659
-0.12111466094585839,0.32845904154686273
-0.44724539423193727,0.5600485148781366
0.11814576770889237,-0.8733356492725217
0.041752402583514626,-2.1803099935078447
-0.1369855387037653,-1.0751612737128609
0.10198567620205332,-2.3666253458037083
0.18506207221501902,0.7864634213081028
-0.3180328478441168,1.7195342456053424
-0.26692573765237304,1.6088797574000828
-1.111833853969379,1.3309397167896069
-0.930981449175105,0.08733422387186518
1.0706081014921696,1.829211252892897
-0.2743346431948827,-0.5355861749099132
0.0008995430621032763,-0.4010630042987643
0.2509392580792682,-0.1740581209361592
-0.7265283045708296,2.6611402732973652
0.9543325887124554,0.8889119582655584
-1.0608665284440502,0.4282491612529233
1.7960072110014627,-0.3323068971653544
2.5846705213205734,1.0431318433632233
-0.7986052066426279,-0.302093517286678
-1.496170593642605,0.6212631265045027
-1.0154541465627716,-0.5763024520658235
-0.35328872711736137,-1.7980036089701514
-1.33417487557956,-0.8495632170711218
-0.6250498870616689,-0.8963327703516022
2.800345818949911,-0.7899057194847637
-0.23567346520467772,-1.5073089641577926
0.8184578868189298,0.09790427675196764
-0.04172016186587298,-0.8870127197013415
-0.8682583150394096,-0.8186765998780318
-1.757052501428375,-0.1271742823172703
-0.8112141706138978,0.3996801062694176
-0.12359487704691229,-0.44624824039048877
0.4995110600588028,-0.1285804606782116
-0.8801336620814069,0.7201416855439372
-0.1380654709870923,1.1626302098322292
-1.2465040837618482,-1.5924392523410422
0.8748432308662244,1.7882823971651216
3.3547525519505794,-0.17900448527897939
-0.7968305689297263,1.1221758515803315
0.3862674550832614,-0.9302577919442554
-0.39503242495689955,0.687492740177664
-0.028450211571332117,0.4383116478494332
-0.6724199306087845,-0.1398643356952263
-0.38058330579397837,-0.4316996086348602
-0.5300930870088137,-1.2974509444556983
-0.37681647831415765,1.2151496842688558
-1.660061321016876,-1.0042391074511676
3.204363682995065,-0.5455062820531008
0.40604487078350365,-0.5761549700763129
0.9096744653710154,-0.9667350938330561
0.6079814190758769,1.901922469684236
-0.3374995750181682,0.9654147035986695
-0.6043431967030918,0.7395654399815837
0.32944161609475137,-1.354463189922176
-0.014658040676862293,-0.8623347043441227
-0.45829241956602457,-1.4481065419855104
0.8927588125779624,-0.2710087926234296
-1.0612375476354043,0.4866613044173483
2.4558465050504465,0.9783067339624812
-0.7938117942330851,-0.4151015047161119
-0.765274776694886,0.6106425139320103
-1.2646515735978021,0.5331758678167349
-0.4132470688532662,0.83101846376302
0.514719099383673,-0.09858271887862205
0.028784799145437447,-1.7400656601294175
0.4132282279460651,0.29042890448551806
0.08499726298730456,-0.31294170004928007
0.2234594695046621,-0.13068733576880445
-0.3134390014027616,-0.8517724714531051
0.17921585869267653,-2.072090438421804
0.0052114984811810275,-1.36659188017683
0.5877174096035689,1.4989709422883917
-0.3216802667080006,-1.294909049203324
-0.18252465192763542,-0.39846288094100857
0.3004317614593089,1.4105881738631747
0.38734615882411344,-0.35082908953897246
-0.05925242444541814,-0.41779157929251814
2.8646362325239836,-1.889018568252017
-0.5146575173785356,-0.8109505778584849
2.841062382496337,-0.19088670297614527
0.7618353680501244,-0.5545737150674256
-1.2982282733197665,0.8280846332599073
-0.9697973970490219,-0.755402956222681
3.62764365124819,0.010102623550160119
-0.6034868864860471,0.058819334668513024
0.3117344913843188,-0.32711677689582774
2.269457896080936,0.4559037476386746
0.04024305233714418,0.3325301114538376
-0.904826034720197,-2.03209904053921
-0.004673510903662713,1.0482817469285817
-1.267665291296551,0.05506456831923943
-1.551451381352981,-1.502198948080412
-0.3124967976564895,-1.2145766016532393
-0.22268363360635698,-0.4413986459465815
-0.23742642412072643,-0.10076559611187991
-0.015577596715194313,-0.15012999257382978
0.1596758217335389,-0.14359455056039092
0.6126461237971766,0.005754313904737164
0.5192174876634068,-0.2817121847854126
2.6426515286911627,-0.6181422360918476
-1.6861049893464897,0.4206234754957999
-0.9948490085499957,-1.064894398983199
0.19153636229799909,-0.8676926902495308
-1.338822692941811,0.03593293489562893
-0.7808356451056865,0.29956757916064514
0.9256130465527259,1.0943165326758042
-1.0239046222523005,-1.9833350060536719
0.5474557768522651,1.9808611906788256
1.0633311883097378,1.3177087236589728
0.41836208971699124,0.7784395433699536
0.053212088337290554,0.3955644304481537
-0.8944845877742621,0.6256181032540951
0.34108062158193103,1.3521758791226566
0.3800035241433379,-2.3411423629725747
0.014385742664286223,-0.9486107492548401
0.5295004560539441,1.3809249643868502
-0.6201478035992646,-0.5099022164017457
0.5161207415595689,-0.07120815465035837
-0.13953981797289028,-1.1630938787819582
0.7053040836117414,1.6277169236285034
0.8597791500069829,-1.2930046707930098
0.57557622573165,0.4253378392049531
-0.026547070189781495,0.32524234674339186
0.018448143637306604,-0.5562980631970518
-0.3610261774561977,-0.05036866198590518
-1.0111590785027424,-0.5311593241311411
0.021161700424645526,0.6553639407438169
-0.3737853238929697,-0.6420691053696811
-1.6981136314949399,-0.34470430983485095
0.17029835628678114,0.29212448722971396
-1.0451126077969382,-0.15829051272943678
0.42118343435851296,0.6616033509940852
-1.0483720459065187,-0.7534151008883555
-1.2485521465914144,-1.4677338356456948
2.5464905963012394,-0.45312331726338123
0.25963073694572497,0.996905834614363
0.15596022986616953,-1.279094598421701
-1.4377015599378808,-0.4878835950499235
1.201893939738332,-0.3122658579559248
-1.2252223006092278,1.752614973986078
-0.8304462543552888,0.7536979539428095
-0.9375189350473866,0.39332845370970737
3.2938786680592473,0.13984294514638881
-1.1652977335914203,1.144936908878403
0.26245789196812375,0.8605217394443877
-0.7442107496158769,1.8368873467663172
-0.5804176163162957,1.9718269383240559
0.671801447057848,1.2358510122034216
2.4948488115811194,-0.8849595295986181
-0.7765093836483958,1.8490247059206701
-1.0911870747282688,1.468479280129008
-0.3460734973784538,-0.9196678362100666
-1.0208101978379107,0.9960109396545035
2.226926690174938,1.6302613427021293
-0.40102217739717383,-0.2765258634131801
0.3491227404666792,-1.8197403427756171
3.1032327537706395,0.7762172991652558
-0.24726671162499497,-0.5304560623468012
-1.0263541943194836,0.07092979615760348
2.071687782364249,-0.2717878789103367
2.542714124405316,-0.6055698567757127
-0.08185371049622431,-0.7857070712644789
-1.0351165314658848,-1.7751727206718668
0.4945825746369413,1.8221597272722598
1.0574526326313671,0.9837775239273058
-0.46421316583612016,-1.0835111666506696
-0.1852882713967444,-1.2823874469439303
0.19200818045216977,-0.7974554291632265
-1.0081713432157546,1.1273686472472026
-0.9629741119153371,-0.6536270242112616
-0.3518083601512841,1.5519850344193333
1.6565614135610782,1.1629897086436303
-1.2148570571965858,0.7307960405259594
0.3901669541022446,0.8569928034084435
-1.7178883118867379,0.47565418834649725
0.6764863980139315,1.6672169409641018
-0.7799779023265725,0.12210012622031743
2.9772281502485605,0.036314942162172376
1.0461254886010598,-1.2837915822759047
0.17564080487470662,-0.4197136659518583
0.976284718801147,0.23444611111183924
-0.5813054537658902,-2.0043357782075275
-0.21576275439798223,1.1509399284627695
0.4702892597306257,0.4981136068202192
-0.5997064563190125,0.8451933890334743
0.5592153397141484,-0.7090304010048742
-0.7895213135912663,-0.8909442791839837
2.818908704513998,-1.1733401525008986
-0.019712708077924877,-0.5641058222638299
-0.8753174721482299,0.788630264380857
2.748759228113354,-0.0764651719249654
3.2059972332951765,-0.5844556481940629
-0.5784892459059691,-1.3174997876626657
0.6948599855932241,-0.505174206768794
-0.6839698135066954,0.9775486740296099
-0.3389578436396958,-0.7105152728973725
-0.6620253459086466,0.996106147316734
-0.2990626426615362,-0.6130074757208271
0.10853027520158745,-2.02098481075911
-0.5058322682461351,-2.1489014905055486
3.132564448114345,0.1084279678494539
3.316908069326722,-0.43847285197479013
-0.3245800523364013,0.0315283752076482
-1.467161288370553,-0.8191301519575637
-0.8673843640803316,-0.5142539560040188
0.47264384321586933,-1.704348502435892
0.7761396455487384,-0.4504134754174351
0.060554518998471786,-0.9346211344413599
-0.9596121525488682,-0.4154244341445452
-0.24665722054556327,1.3211007143252729
-1.3157523240452784,-0.7003756320953964
-0.6063977490926195,2.3763808600981267
-0.22737898236152773,-1.3742025743157091
1.7964861422828855,0.38956512880339084
-1.6025466611835686,-0.3868278078939618
-0.7907481436682603,-0.09682362785275857
-0.20291859763066158,0.2326456092634547
0.9251295278530929,-0.1485413956954954
-1.1515229994193896,2.1796206458208793
0.23740047008627302,0.570578199477977
-0.988457123304814,0.1333095873953539
-0.27102131394811474,0.5336325054674931
0.49534347672435003,2.149970384933832
-1.6730906078984773,-0.19716153054658034
2.853003870584374,-1.4076483142179155
-0.8488416505471285,0.263180380066588
-1.0938103601675726,0.05193269613422611
2.72224627291842,-0.8678773683381272
-0.22515803932653383,-1.2356538306780398
-0.7652461887903749,0.7725911774042573
-1.3238146891648104,0.1440065052626981
2.322685829523942,-1.1374135018067342
-0.8910499978017913,-0.32623263592018564
-0.18965083328117455,-0.9411494285583453
2.0798471921950803,1.6990507114527844
0.6747689361100522,0.5668448990415865
-0.7533032681402683,0.05910821853523009
-0.9979581343783805,-0.5344489355060508
0.04077853586029865,-0.7854453039365595
-0.289801955585813,-1.2017424550091853
-0.31118029562683625,0.49069674046191997
0.2091506843715462,0.45588299505185964
0.1348548953941141,0.021123881506526873
0.014288901972581099,-0.44333263865294004
-0.6112178472649221,0.29434427823156334
-1.4607628337817016,0.0786803038730018
-1.393189111427441,-0.6164411803618349
-0.6692855015477235,-0.3581643704261337
-0.5445043933988178,-0.3539586155428323
3.1702263263329638,0.3873284547304236
0.1519895328032536,-1.3730132121606597
0.3783512343744117,-0.6380455753721279
-0.9882841633156778,1.6082802206015792
-0.1926782334508454,-1.7705019623902951
-0.39600443957034975,1.4288820121022123
2.7685093586554603,0.786871654147278
-0.32933195333330356,0.9385718881976634
1.3883305496804443,-0.5079373494927327
-0.7907947918625015,-0.08718697049260993
0.35184867697856487,-0.9280197721768423
-1.6586525657137279,-0.3252297783404631
-0.5331190546164153,-1.6235248259149049
-0.49765657045163125,1.5155436695451225
0.8999849096956394,-1.4276095784513905
-0.6239769937016939,-0.2973561651522124
-0.49626730800028235,1.8628596671154798
3.3320440274089806,-0.5430798662574875
3.1572650826391544,-0.5166332000085404
-1.134353963724862,0.927884312831833
0.27138907684494146,-1.152451951872676
-0.6528141721513029,-0.5895494793569612
-1.3256588824112812,-1.2842187572067119
0.43184500464733927,0.3810885636878707
-0.15820678717162848,-0.7581120847425592
0.5700322292500773,-0.499743304291947
1.1511481245381319,0.022662767603085575
2.9046379928138513,-0.30278878144183546
-0.5058009450331795,-0.8124915069840103
-0.8794884143584178,-0.2710249783600265
2.8390442103176574,0.7669500448679968
0.5590881387918748,1.499490936644724
-1.1732809785449887,-0.7128442864256951
1.0314340635148356,-0.5997133027026023
0.19270213249875973,0.8687646702490411
-0.684329755719878,0.044836716175393296
-0.7559556110637653,1.0169875292646942
-0.17188072238084262,-1.6641464174343066
-1.748977756584296,-1.2914978530174586
0.30289623896008083,-0.8329691992103074
-1.3364808289451025,0.5218828018742997
-0.4513728431040251,-0.5269506352527069
-1.1565860826940797,1.1550320953421833
-0.765773200828108,-0.4429228435770824
2.7699341181189787,-1.3727277582507929
3.5058749580516575,-0.18717449951219356
-0.990458408124445,0.08047433142674772
3.066645541238053,-0.7688984730362695
-1.2147829940285146,0.04402136365770509
-0.949619700653638,0.48636066607970635
-0.6072717000516976,2.0719582162241137
-0.7219253630767625,-0.07991111182918256
0.01012460330996321,1.6850214416851106
-1.0513453453396,-0.06486108493241348
-0.4462220141903418,0.16210447269218903
-0.4474969250236462,0.4625831290108198
-0.8467563243080358,1.287433028794867
-0.8540150473850435,0.4364411634247423
2.1607109070590713,1.3362888409857854
2.9275752706235245,-0.022744580862364423
0.28866480166687086,-1.083370310531891
-0.08509092044556138,0.1253229921662403
2.6300470723543943,-0.6070991830064066
0.3083725320178499,-0.565319366962544
-0.4940048479728399,0.5187575555600183
-0.28703976867877323,-0.8210965413790063
0.200176555520019,1.171542508435599
0.5391625225515903,-0.9694653851136309
1.1417908063701057,2.160488315062748
0.8575571082452078,1.217762756215889
0.10299161952120942,-0.4292392988536238
0.7807173580140296,-0.015207435663302299
-0.8306970317640131,2.6520733210753247
-0.13291273993165778,-0.1814105880466249
3.1901433968839266,1.7013713592335946
-0.20473475233601188,0.2910270955895759
-0.14758871022090242,-1.0112829646588137
0.24442194423787011,-1.0289326601850586
-1.1701165290173476,-0.26591700531161255
-0.43294768607699313,0.9646022850761141
-1.3660679623196426,-0.9213412557068584
1.2527666105170099,1.789441102481867
-1.0891104239941918,1.505722526905908
-0.21955426154318838,1.35568997511645
-1.356077492349872,0.8018232774679344
-1.2133170629163441,1.0469280197129038
1.7305894635668373,1.0183933395073055
2.1818507696322085,0.010567106431893217
1.2602369954834496,0.24657495294258672
0.17181810433223882,-1.7192776181235205
0.46561976357152185,-1.447202978125952
0.23327705926900488,1.329223037072972
3.3421508309222556,1.0064998878557523
2.3832363054005476,1.63216776414141
-0.31632851904776904,1.1440069678701195
0.40123907864941405,-0.14320554930478535
-0.41848673655291563,0.8501265882447803
-0.9276500596386069,0.9849675834168758
-0.3221297268862337,-0.02689567400379514
2.453524813084622,-0.6685119021029312
-1.6956256230875493,-0.4109243636421474
-0.5351235443241731,-0.314446843736309
-0.9842366677762465,2.1898854775215746
-0.6703243363862984,1.553730327945305
3.6243102797862323,-0.06615130304430923
0.32455136299350346,-0.7361770918908418
2.3930803471563333,-0.6247130930941549
0.466257218988174,-1.5974423062852674
-0.7786413580817295,0.8344087145525398
-0.6862960131070218,0.021460608434852025
-0.4830182831196098,2.3532120507531644
-0.21512803428977442,-0.17376071974583662
-0.857384799057849,1.0391659091026737
2.965924537124872,-0.05391684477485226
-0.7094502936073219,-0.38155223263759985
-0.8588903950527024,0.8654346905938695
0.914476503253588,1.2868868088659027
-1.2681143319270873,0.166323873499289
0.09861271964112109,-0.4019873619785748
-0.7268234084843472,1.3793023219467995
0.12827391618373218,0.35446201873432914
0.40332747996093926,-0.31296212341990415
0.41980777459437785,-0.5461878851150269
-1.3942319843208357,-0.5501904697162348
0.8688711191679837,1.8094325427613613
-0.3118541312543365,1.3199147408936363
-0.753144744005039,-0.8130031355928306
-1.331611501257723,-0.9313752800701247
-0.14005971688337127,-1.726973134880857
-0.05617694351943699,0.9052029495520258
1.0270208895852446,1.3939202389442136
2.132410385063298,0.765206794370992
-0.8400428033741854,1.2624002093198525
-0.2958941550790754,1.6795637931190939
-1.1137592235111733,-0.06214563369398989
1.1385846358304217,-0.1242869491813201
0.08411872461001621,-1.1383502463258475
0.05919780272274525,-0.4860609536868408
1.060655314479622,0.09825071512225095
-0.5981503280627071,-1.8451873885921615
-0.6719164494776698,-1.1016876339800725
-0.4521200627205117,-0.5035200585798253
-1.335063731972227,-0.9646932900829278
-1.227894969551217,-0.828756272697846
0.09490647687804335,0.23364627223811704
-0.3747651308127566,0.9402475022995153
-0.09080909987893701,-1.734194979340224
2.959327349734526,-0.20246880436139075
-0.46795338733688946,-1.7470323631315974
0.38956848438919073,1.6706187946484534
-0.24323029306373534,1.0422732955918355
0.3803103286023178,0.11331625566298602
-0.6573789611084648,-0.39266865702275994
0.36799057837998,0.9047592604905451
-0.7487067364224542,0.041883309703087096
-0.6459686588573744,1.018381104244096
-1.499926269940354,1.4716925862090662
0.3480358248717938,-0.401487639416773
-0.9115655380658083,-0.8266495491833467
0.9626081280671968,-0.6343330687559896
-1.2273115350874462,-1.2851856777718444
0.3128840534051153,0.9274504867884038
1.0174585348321425,-1.2754755833237192
-0.628050471652886,0.30145524980864047
-0.33705962944034357,1.0239000664867202
0.2809188056387129,-0.4906487808028289
0.7711954215265948,-1.5179379424777975
0.445424081090308,0.9710215740309771
-1.0924192456064576,-0.25422672394215295
0.8282109780475957,-0.4615298998025952
-0.9847968551367011,0.29143689066543343
-0.08482974523774992,-1.2716143753578275
2.8861387726187484,-1.107567024902402
0.44811924375262896,-0.7983259242150699
-1.112336316157421,-1.5682696284453241
0.27919026675666186,-0.5998967217067028
1.2151702497771406,-0.33114747852254073
3.072602747502705,-0.6007560477703021
2.5983853443751372,0.5794569333119152
0.4757700604228969,0.07503286859732786
0.4318156633598434,-1.7767008527842083
-0.44198234961327765,-1.981841616837568
0.02466454318431025,-0.963713572504611
0.7045340864716205,1.4696509340350312
-0.9030222597393938,-1.7705390935232375
0.1310036069471351,-1.4403887341373824
0.3848645899446986,-0.41709855097585813
-0.7739745972310702,1.6052639794494203
2.908307356034676,-0.31440614623985597
-1.5017985017279454,-1.4431394250558751
-0.45438252274795415,0.8405820529756362
-0.38092245240898653,-0.3615355672721816
0.6555450642226943,-1.076818659049149
-0.9705562430070709,1.583809806792126
2.8739807013877807,-1.1705281241730925
-0.6014343160219792,-0.7566166524974884
0.6863712775830814,-0.5797526708375049
-0.8411773801776844,1.0302568476466232
-0.17565328603764024,0.19695504608300532
-0.9478472488857902,-0.5884893704258589
-0.7495774824934057,-1.6244525723181282
-0.14804671608845701,-0.8981830067144686
-0.5563396059784499,-2.1806903258637504
-1.572283840071763,-0.4262971683912564
3.062566252905984,-0.15053915528130973
-0.7206109171764692,-1.041661190390403
-0.2010199638836128,0.8103068786280682
-1.1773967268716141,-0.6272227692715433
0.6646888683915226,-0.16731077395266997
-0.5927939929842654,1.1147145308838364
-0.29343288246643,0.7979196581928142
-0.9324877985529427,-2.0822377476367713
-0.9563215210420261,1.6840141528397161
0.4103806968731885,-1.732817069580881
2.6162554508233153,-0.6311109161361348
-0.14063145080167974,-0.09792306252186342
0.8467738636116824,-0.8449643328187298
3.2496911343295034,1.1716533400844518
0.68579188117413,1.7223207219623315
-0.475371183912517,-0.40125478905037726
0.7737504541787044,0.565835415591132
-0.7317274182604173,-1.8420556679832412
-0.9415833179458667,0.8223952006024603
1.0117536925258925,1.861404603150671
-0.28852313651338296,0.5113268917018273
-1.4271848313133617,0.45495420610637705
0.8093317233921347,0.17356514084257224
-0.9301810120207071,-0.24612654070915177
2.7401444179077186,-0.591838468990646
-0.4919664295593763,1.8884548922560556
-0.05722255172127599,-0.20300765985166475
3.026339112402274,-0.9308469849324232
0.8187398576249156,-0.2961570915552051
-0.03681362080095248,0.18830775195487387
0.14659626815057342,-2.329278374040973
0.7824303122834073,1.7758951767298676
-0.771122009160301,1.6131212977218807
-0.5894242413114598,0.5119897852059052
0.4002520788186665,-0.4242401793912389
0.19158128819816844,-0.3917579452667478
-0.6752082297432787,0.8278104378592482
0.45040009790508945,0.8385814664163841
2.3104323501633384,-0.19181783810278114
-0.5700887531145017,1.6289866771363382
-1.2845654892926242,-0.763159786656625
-0.6037929375620423,-0.3997985309672158
-1.2700974266412943,-0.22600071860551774
-0.568704282100957,-1.8651820660189748
-0.48232714058536447,-0.6434320235107794
-1.4523780795905161,0.006902113661171903
-0.8216237405313328,-1.7587142787535446
-0.7993271230264383,0.03348248813244396
-1.041754686485289,-1.7657319103885587
-1.008130455370405,-0.24234059549585274
0.6571054345534136,1.3989433893741698
-0.994116694367098,-0.8990324047938733
0.19353579500786433,-0.16138201663418822
0.8731308259602375,-1.3274783005513326
-1.7173815460837882,-0.6363658752123421
0.6234271824856481,-0.4306380024332186
-0.1313798587786686,-0.5169133737421212
0.10638359935425865,0.47419060705808297
-1.3647853889956951,-1.8948432324663327
-0.3867432829149443,-1.6962275253826387
0.1872101806244169,-1.205433344136347
-1.360105495037504,0.5519113520882862
-1.1574237832580039,0.3395347944995742
2.998911992002188,0.12715169765008028
-0.8881311388692881,-0.16422265877133127
2.1538939816696536,-0.10969307914302481
-1.4008102282227735,0.9576089875608581
-0.6553840360331012,1.0043725870632374
-0.3541210868800907,-0.09667425441037435
-0.4191165294789249,0.32734259596325255
-0.3470773845682501,-0.190030462483772
0.7246978963764883,-0.9603255163201513
-0.5697289648889277,-2.138420691509575
-0.2927091139728539,-0.19113176487304429
-0.9508628186943047,-0.41312525227661806
1.9083032714295372,-1.6846520911015626
-0.7379501775516886,-0.09043417055829103
-0.5329376787536519,1.1742632398503088
2.379553389524495,1.1246398793011716
0.09220386725318228,-1.8012358174175882
-0.4525736907692584,-0.9132466558023301
-1.2193444983138417,0.09070542071791311
0.5891681514788479,-1.8410451419905274
2.8145741811706886,0.6545046146802175
0.3383106423685544,1.8124573012371257
0.2533435589024853,1.9408992555161828
-1.7313004483208498,0.33642725643431914
-0.8237028427705521,1.5617964656165897
0.07283473415382077,-1.0647927170263296
-0.10946280615444964,0.17878211905310842
0.18691132245938225,0.19930002798357388
0.6632164477193907,0.341892573413327
-0.9592812177878933,1.5120929302569035
-0.64820067887054,1.8709564616250682
0.38055461645108063,-0.2729491080483334
-0.8378343642996241,-0.38789197915029167
0.7701252634750642,-0.9424532276278964
-0.4057329809493241,0.3046208644031836
0.10666557016024444,0.08012923875091005
0.4079071243197047,0.6804849715607013
-0.4000273852600896,-0.8364185690713745
2.867740301354476,-0.4040753759352261
0.7847835930222755,-1.0977496002027916
0.992054174028947,-0.6543277461828032
1.0461191288567921,0.06041440584148616
0.01519868377911663,0.5067694182719563
-0.30248957014336414,-0.33418005698738984
-1.0704403797230206,-0.09326848997688829
3.1219450684172436,-0.3095838199108396
-1.20496089662967,0.8132011660288271
0.6381870643786605,1.5385557822424474
-0.5055468087487203,0.6273392142364017
0.8239414228196451,0.8492848585783671
0.6664400549815139,0.29133774852136257
-1.3398713762160825,0.12173154833533596
2.6922589330526385,0.2896406272731904
-0.6652764423484998,-1.764603861910117
-1.0277602143141873,0.5663817870961897
-1.6762401519925296,-0.83338138252287
1.2023402450604241,-1.5979864831852648
-1.5304432273366193,0.07133122548594872
-0.5550458016887225,0.5548029228582636
0.4709921028103336,-1.3259098001587295
1.1765044843687256,0.11958940832278418
-0.6522046810718711,1.2620072973151129
0.7223080314071779,-0.7282009054382073
-0.33027423128347594,-2.1870268352291236
1.7861105010711564,0.9099460626550621
0.4108889694421071,1.146844372859943
-0.3932566885172166,-0.5375540616018948
-0.7838670035464687,-1.163712469523934
-1.0152910350093323,-0.92742790379133
0.05797876495208796,-0.5328676381002635
-0.9666875178376527,0.7099923333000029
0.5710050770302206,1.9664246496565454
-0.7187953118345095,0.22461540860675996
0.48947271335231596,0.9751118494575173
0.9020220253627278,-0.7290949094319009
-0.8522444477269613,0.015066544565913333
0.9369521566885837,-1.3223670903555993
1.0780881308747117,-1.2080576500377678
-0.714605630155507,-0.3798767701118413
-1.1913500273940636,0.20316960169697784
-1.0092994304592922,-0.6168847178472223
1.3635831371457,0.294664491029215
-0.36256486899006407,0.3046820265036976
-0.4447983534536047,0.6518212309406867
1.0480781433009898,-0.3999402359966088
-0.21653089942833711,0.3393985212225608
0.9780786453462538,-1.33009002680392
-0.12826286644004686,1.6001166806630036
2.3930894422090456,-0.7944577611622552
-0.6797903998110861,-0.2962855196012438
-0.041701971760449034,-1.2265020558375421
-0.6371435395406678,-0.1516657930991624
-0.3710244397323051,-0.9326058594160501
-0.025454683978007396,1.255912283483129
-1.0697815793448036,-0.5652899042425928
-0.9545412769678415,-0.23176321941049724
0.02676287271524056,1.904342411185211
1.7948862368851775,-1.4249254973773386
1.0305133345458224,-0.7265952739126618
1.411588783999702,0.04143214586026
-1.1653672891249895,1.1409810152760025
-1.0554442063071767,-0.9899115715910097
-1.0801845057146686,0.46432503381337875
-0.7371029623873557,-0.6014356078032614
-0.9223796922932928,0.13852467415301656
-0.6261192917302147,1.6749926974981306
-1.5620867652104524,0.9183980056680701
0.05255110201401956,-1.6315335606587167
0.003980964184655496,0.7344796064478681
-0.41187805263670113,-1.1491996232068018
-0.09866739139577962,0.8777553171762297
-0.1752887063742619,0.27103241816276236
-0.41233024812337865,-1.0556475680565638
2.927484999275489,0.1821399991915489
0.21269655088962885,1.3458361326099646
-1.3693441579725778,-0.6736978553568337
-0.023408677277801097,-1.535816553888598
0.5021828958340989,-0.7547664398673283
0.36388186897670666,-1.846387311099783
-0.05741951219671306,-1.3189410541275828
-0.9734446118933116,-0.4493474127082316
-0.9539296741472559,0.6305101090072311
-0.5795163801990817,1.7670155779937682
-0.584845979482778,-0.3774622603632463
1.1090450338488014,0.25078907357340036
-0.09289224017297587,-0.2593282226959281
0.36957461536171216,-0.13111075303575442
-0.39138200522448335,-0.980476041483988
-0.6536342319731937,-0.41987803101248694
0.2658680619065969,1.4244623092198938
2.318066600066202,-0.08996868636773603
-0.8064487967454756,-1.1999346299555476
1.8703412322995083,-1.2300018735391591
2.266058803120635,-1.0991609231554729
-0.7796056601725515,-0.4768458221407688
-1.4965781970644012,-1.9618448963817876
-0.05102749713583745,-0.28864108305283476
-0.3588123975804418,0.8161658049463366
-1.3457142308626897,0.601383776958357
3.2460723033701306,-1.6808412912519677
0.9029837219607992,-0.7602057080916877
0.168492525176618,-2.636458880462638
-0.15842829749675713,-0.190350154764886
1.1669736568481728,2.1071024078995055
-0.2856505062274243,-0.47378054380864904
2.70522468438095,0.5028717115415
-1.1230184780248273,1.029867997967111
-1.088504291790495,0.019073215225054722
-1.3324437312047583,0.6020500591858475
-1.2785329968972343,-1.8223258434555731
-0.1103627395252885,1.054776147059944
2.683232265842285,-0.17723177206202342
0.7464179885252702,-1.38056341780084
0.928476032422582,1.6036118505567123
-0.24611782878328303,2.216673301964519
-1.5271235383455835,-0.2036560822540358
0.12473844746473664,-0.034053119215328595
-0.929519556117754,-0.7554031077987744
-1.6242494464256048,-2.134015980245501
-0.9520986140083166,0.3828360518189026
-0.36433361653838037,0.07258122771579038
2.1582188605968606,-0.44313509293275644
-0.6927457533403104,-0.008078604261105599
-0.7389586521596949,0.11821730076544935
-0.44234802800343714,0.5933971817292432
-0.12113874121586778,-0.5242201923960389
0.5286146747337097,0.07178566853164675
0.7399469033304167,-1.0883205443904083
-0.59216432987395,1.8054025384691692
1.7726417381914128,-0.8778362815248943
-0.7027848534297818,-0.9002270471252086
-0.8742890351087421,-1.6247024335990292
-0.09516366543743629,1.0866145416238289
-0.8810298412007285,-1.090435609919714
0.017828878326078414,-0.7455480711739367
-0.8519020164401184,-0.20529426207075877
1.9531108238534942,-0.5313717250629083
0.30508922323766235,-0.9693107314949605
0.8731866990228847,-1.6747636412833862
-1.4751196996711278,0.17160863968107135
-1.675954143131724,0.6182012368957958
0.07146626730064617,-0.4092327153797919
-0.8876840003805029,1.7576139418723693
2.601616614127903,-0.14412121202089256
-0.14831568360260516,1.3396816965542468
-0.9586737828378216,0.6966262862525981
-1.7499205096939587,0.39596436250596
0.7422301589560335,-1.429546656728975
-0.2959834074840379,-1.9765842703467698
-0.9493481276467393,-0.4091387018359139
-1.5029822580145358,0.48039138890486965
-0.07097636047943817,-0.40271941288105084
-0.9790638945056221,-0.1471200741402165
0.5936205151316312,0.1492068177664674
-0.30410034291984167,-0.11373412458007379
-0.24484825875117341,-0.6006320097564982
-0.4052963200433345,0.5133029925652278
0.15314086715010744,-1.983637838996374
1.091029881716722,-0.635789326839151
-0.8857621195301377,-0.01960278069315646
-0.6857184688078364,-1.627137366718248
2.648995333180034,0.08641975527411062
-1.3100217648873558,0.8392009060689742
2.866307465781319,-1.9357639389888326
-0.29628083308700326,-0.06857224585410593
-1.0020154041496083,0.5462525762691429
-0.34474659754971343,1.2870435055135399
-0.5474783720109836,1.8271575010401988
2.6343343481080868,0.2789712806729237
0.6121120728360914,1.6270083816678773
-1.6609494240265585,0.8764715725368583
-1.0844730044310278,0.1187883753307095
0.1384709910450423,1.6991571927936555
0.9685387227729891,0.8271676408409014
3.037660236452302,0.31245756649548967
0.8828530075949443,1.140988835265087
-0.6754343274866175,0.8745864654343672
0.7316193249482537,-0.6926450272340844
3.115139294209898,0.7417130125686294
2.6064355393695244,1.098828686865318
-0.6812271194514548,1.0265012561194413
-1.0186445785021734,0.1571869387009422
-0.11713213352178613,1.427094307267012
-0.6041120419618607,-1.322599243387474
2.962091438783317,-1.854918796554962
0.5350690023852084,0.622310783630159
-0.6509173905140199,0.6415872076543885
2.565314107709747,-0.9088370324802997
-1.4476645407299216,0.600216705894099
0.7261762072132056,-0.27736029360704645
2.9115413610958867,0.13647702847662727
0.6250093673576146,-0.8130325983127817
2.544314029803024,1.2089207694050166
-1.2794392900123408,0.3978741726686533
0.6060137791586494,-0.004352778606061589
2.608610253757974,0.09026001784365663
-0.4923680927846015,-0.8821050487281462
0.09802798243097507,-0.6167406245811243
-0.21462181785021556,0.038877302018607916
-1.752367001108901,-1.0204664388798743
-0.14025003381123832,0.3451027939221591
-0.4826948751048837,-0.7352166456203478
-0.4531785202265798,1.2445853235550708
0.19289888895460272,-1.335800773798157
-0.973957188077138,0.6822205536447149
-0.3912889985680037,-0.010899301488610584
-0.2052486312662135,0.7514123942659747
3.060162705465751,-0.26965577873381974
-0.9089930686912593,-1.07820628025045
0.15424365116096878,-0.5515299026481891
-0.3866783147995852,-2.2132575341827927
0.16650369428543393,0.47916728385358287
-0.838294901456029,1.8712454970678787
0.9834531705301193,1.2903225565358774
0.08042986853739217,-1.4584262130681742
-1.2761858718830397,-0.031265793947724996
-0.5973439507117383,-2.36610007127109
-0.8449416021647546,0.7257728900960028
-1.2062040146703368,-0.08628475232749745
-0.44382899436489043,-0.05231288815994364
-0.3607967950410242,-0.24734145483501788
2.763885337759916,-2.0071682711393946
0.21771080002502396,-0.11905806492376547
2.5464692513396745,-0.13134123115699214
-0.38121672315581095,1.5641837072502938
-0.7461848790930659,1.442722101897215
0.18362287689759388,0.5989808463718874
-0.36463966761437555,-0.3860366379199385
0.011920431996821503,-1.9126106020543987
-1.2414155674387881,-0.4236092884199106
0.9477444963748212,0.5706153306109196
0.8284951347986353,1.643528137262807
-0.39843063471852236,0.9603648070795437
-0.04094612667093266,1.1166972576179692
0.17003916300442945,0.8676824218032408
-1.1006441729160386,-0.383377220181836
-0.13711732704424928,0.6123741615341834
0.4346058888080038,0.09055180964150188
0.5614935383418729,0.965132142450498
-0.24776383301184185,-0.9128387521793461
0.22725282875963398,-0.988912800069221
0.28079981657047265,-0.27980884891735774
0.5541086332856643,-1.5383710287898056
0.8369084768943318,1.7336986105232244
-0.8282942377067652,0.775349191528003
-0.5703260020399125,-0.8215160478968221
0.08424292466375746,1.3355404924948726
0.4095783575770395,0.633739600823886
-0.7340871885592473,2.5436991123706134
-0.4606367350678748,1.4236975821828535
0.32312715289337585,0.09876423518394477
-1.03943484662923,0.53456214332359
-0.7381926132906856,-0.35764422449370786
-0.8150836491663006,-0.7223431732382913
-0.9147858606560967,-0.9262914895653759
-1.0701738637140146,1.0266207979014301
-0.773660284269056,-1.313420048855992
-0.021079742369030284,0.5947328317554507
-0.8885483069234784,-0.04121145539302799
-0.6581475256865164,-0.047455994243489265
0.38739937636202443,-0.6608592774471078
-1.1128195510537515,1.7210877543797012
0.1998925285846732,-1.1014195439336079
0.8372526805072322,-0.3518540866333931
0.6640233744337499,-1.5036781945888857
-0.7533857471819668,-0.5769345371555045
0.06132977715607899,0.5285550376812895
0.09727419347081848,-0.29291651736025603
-1.2690064729915895,0.20139056576147643
0.9848619258332676,1.969331885646582
-0.613670908023534,-0.8216929926062839
3.1955657190208004,0.28321062638966155
-1.0188901690973116,-0.12773036526428597
-0.5181221278175866,-0.5243271545291944
0.1616141203632706,-0.3951087187421719
-1.0286336159098748,-1.0626989421011077
-0.4965492788062682,2.2569210354226525
-0.45512797003838334,-1.0011792608714276
-1.6856573812780222,-0.1939144820569926
1.0022102812611988,0.8483601977463701
-0.29354921600993444,0.9715044372543671
2.7684150492526056,-0.8538877535246471
0.46404208633405714,-1.7555389527170435
0.2920325714142166,-0.8647156232592813
-0.961895408174485,-0.07419832180597871
-0.17247919209389642,-0.8505204261942964
0.07780931840653296,-1.7005114770136653
-0.42230552885625766,1.5641106391027613
-0.26729347217189237,1.5170951352905144
-0.6497323314810541,-0.6107609386298084
0.17528545007973428,-0.8314397214035202
-0.6178600403391459,-1.541858899210967
-0.4820919477893135,-0.8599527191539988
-0.6290393235933992,0.6738960373689236
-0.6741535264887278,1.7662763791948384
2.1290302355914053,0.8664935404404759
-1.1455458307232564,0.1430818444307009
0.24441086725969835,-0.037808559166417254
0.9084771063972112,1.817270958666443
-1.482006180594114,-1.2783291740501397
-0.1714998547537917,0.10353752433300034
0.35533147752304,-1.5541325316423333
-0.7288514290987234,0.51104298485921
0.424225739961773,1.3016633139638274
0.04770126717843918,0.15341785282605505
3.16486493425663,-0.5571848089516355
-0.387057046513568,-0.10220158240051071
0.7140071888197604,0.4828986928370999
-1.1503919113073198,-0.7585380655550139
0.23570713848438857,-1.0567350966786504
-0.2394181943399488,-1.4800995901680656
-1.3043156198347305,-1.6264966127288683
0.9002663311382346,-0.4970128614352789
-1.256611906218196,0.7190136370654953
0.09407664840416427,-0.21106189147593127
-1.1818801299340504,0.578330598646249
0.058129496780980484,-0.5640516564836762
-0.775302176238895,0.8911147383529026
-1.5218427732011823,-0.5486609919094476
0.8596513997213187,2.2401747521798727
3.212438427839144,-1.7098298527532894
-1.1233934554872929,0.4543526262789065
-0.2377702081859303,0.8280330310252582
-0.3184759482780824,1.6433416326874803
2.0089891980782455,-1.049472379414031
-0.6484892932240958,-0.9229914931466928
0.5409384630108671,1.1259866514299262
0.6107083745308355,-1.0673896032367658
0.6875344422910916,-0.1856606456920286
-0.2058583819770331,-0.7643363517984898
-0.8796697160172812,0.41958980950168023
-0.2924861710856561,-0.2556150424779748
-0.5171455257859262,-0.7447305240511884
-0.6618877471872856,-0.7109771907244169
-0.743636410204818,1.5502026097604191
1.0861246433981766,-1.0399271308188187
-0.044770129959775605,-0.8540493622302407
-0.3322929528255462,0.09546799793830275
0.6574074475745892,0.011917267284060439
0.6118837891476987,-0.8253349961295784
-0.9916929006920818,1.547618303198816
0.4376884086573371,-1.4232217502584341
0.5956472329996322,0.3462834871775092
-1.1853584228440237,0.5137127876410854
0.35729124535022233,-0.018646420480596455
0.013914807708794115,0.8090887273548825
0.8755942845179367,0.2899969698949624
2.4616996777124327,-0.21162396792530128
-1.4626252171335963,-1.0100556224602077
-1.5501425418139707,0.8760977144755906
-0.512535940744289,-0.29777258609880214
2.6802653261534712,-0.8328837442234721
3.495020385558506,-0.3886655916292678
-1.337377008064424,-1.2886944935893514
1.128841942400843,0.9365852269816902
-0.27403633439323866,-0.61566146170655
0.05444918639767785,0.2707857940291808
-0.9123899757065069,-0.13415154567202256
-0.3576687257242308,0.8785644985514659
-1.0721174233612327,-0.026975216445966232
-0.18697769475950318,-0.8961527400709143
-0.26255483409821556,-0.8979436820534341
0.7334362330365887,1.244814239439626
0.5349396155178809,0.33171271590718254
1.1103167397939793,1.3122236554019717
0.23294557514463954,0.7263637579948076
-1.1565233005237745,-1.8611173188305454
0.08490240422105907,-0.6290430223979208
-0.5987773856802721,-1.1935100608243983
-0.6472377593098018,1.2993118577686202
0.2887687554858282,-0.9370136562513504
-0.2831630471834242,0.7846574877073387
1.9989326612663347,0.39370926685789825
-0.2596177850602884,-1.0754230410407801
-0.19165081535443038,-0.3228020168504039
-0.15311123192521614,-2.426050209565908
-0.6127494256715361,1.3010297316036075
-0.4684139244932944,0.5121051130865731
-0.6897542638018052,-1.0361219563532484
-0.5522055933425004,0.8826016744728178
0.1833394735295389,0.48976356230631723
-1.02176026809442,-1.2886604480276351
-0.7760221106972457,0.40531131082148336
2.673372355670523,-0.7707115545334873
-0.835331999822035,0.681253481503489
0.677670154300522,-0.25631387299664266
-0.5544864474949609,-0.7543057161586364
-0.3844214611334257,-0.21731290462103123
-1.2538465144230295,-0.2622536874515284
0.6248346350424211,-0.42281134099906176
2.1492610697409917,0.5865105019615191
-1.38335518366744,1.1574552739904773
2.47884731841341,0.23804227336905504
-0.4333934420356946,0.9256648249821701
0.0707040624668622,-1.4082260407179121
-1.377658133667527,-1.1384975767392649
-1.1911869158406243,-0.14795585002852857
0.006491620299986352,1.01766013421073
-0.4998007947938181,0.6529650962152811
-0.3208035804404781,0.18397491471997973
0.8350026002043367,0.6723065915799749
-0.435245847136199,1.4951209682768876
-1.6481891788630054,-1.1811441547259343
3.1968652594875047,-0.48924688130935184
-0.772037681131422,-0.5291493292821174
0.39428838299405317,0.9197273987639897
-0.7263270404804849,-0.23415574122048755
-0.47075065170840197,-0.7775169368128273
0.4718968276189767,1.6395809125601055
-0.7390379763452525,-0.5001182048954738
-0.19493535267709308,2.090426804567553
-0.5039301458076573,1.5990618519081876
-0.2159394686386354,2.3625406187270306
-1.2794251379617365,-1.7872591511933855
-1.0625132118516933,-1.2087007922638526
-0.1073575675158612,0.3779740293022554
-1.2292847813659564,0.14858581505508073
-0.8440631435711746,0.3394649634993612
0.04924762120294827,-0.8746561561043913
-0.4386008973950097,-1.411945695230504
-1.8118035417925737,0.1393389841284456
-1.547279006580724,0.060734947033214456
-1.19309334189401,0.11531021635150618
-0.7645445186413482,-1.890518912555044
-1.1568715421914946,-1.6212086093997666
3.322353922370214,0.32070373444746236
-0.9571436369932766,-0.8133378194921889
0.05442190123954203,0.7800197982334816
-1.2213685606571067,-0.14362640151704703
-1.3567189858213438,-0.8935813820985886
0.3409473264754778,-0.951970191629963
-1.4560487455577162,-0.6526631892173552
-1.4285500932784099,-0.2513990303942876
-0.2307955120442684,-0.593937155973824
2.5678125139162247,-0.4736190866791488
-0.7063240764002945,1.39782913839562
0.9843263681062129,-0.4010955525899416
0.36655829217021313,-1.9515873878863454
3.1317267475504207,-0.7070693329931552
-0.5805718368366173,-1.167291116341654
-0.3205098590570441,-0.4170862744792116
0.2056542811398574,1.9424709930561053
-0.8970857748690161,0.8831301861527558
0.618637178983826,1.6409555851721287
-1.380757615079809,-2.1024548666535012
1.2106977140934736,-1.1605306691927941
-1.8640607633685042,0.3200842939727581
-0.6093374036232971,1.2114948837323771
0.6132639565463358,-0.30827433049112085
3.340804308426022,-1.364000770104397
-0.16355634888680617,-0.697908696443428
-0.6683855681768845,-1.2341583984329692
0.08379531659529008,1.950078450047665
-0.7685398953696496,-0.13283818673660663
0.03918397126378529,-0.08310927471490283
-0.6368484356271504,1.1301721582514033
3.2451710672529166,-1.47602993092168
0.9539290233454787,0.15144792310510666
0.2831982272291043,0.6429799574558821
0.05548309405405442,0.20637573614787608
0.4314037563231396,-0.34857946687672775
0.0762511340208675,-1.6771541200644098
-0.2841496274664751,-0.6531312123985941
0.8388343957995166,1.8021258756835368
-1.1815832536944757,-0.00502334052313078
3.394992709924624,-0.1712086322592195
-0.6034062595541143,1.348337508005984
-0.3262109971437625,1.412843076701706
-0.17168376190540546,-0.5482130231583884
-0.688271445330586,-1.0438873041107979
-1.5579861319168185,-0.02174339819327896
1.2628231473289204,0.3462594562099376
-0.23116973612374928,0.8263882253378033
-1.7898450519596143,-1.8593328511426643
-0.8336711643637874,0.1330701111582259
-1.3210920373247594,1.1859238411354664
-1.1329927398146338,-0.21140643839334097
0.4902354675494907,0.6494470894723535
-0.07250465421421726,0.4537692752169998
-0.6727182394104284,-0.05978904889858953
-1.2779564715411218,0.3901088249111039
0.9530115790483003,-0.12563081337894635
-0.6424046820175762,0.35712843279279183
3.535283321056185,-0.19937317234315396
-1.1216132114131083,-1.461424745971307
-0.6241764854659813,0.7327479588456949
0.4313030871760169,-0.6451328864312617
-1.040202991659585,-0.27697926391661887
-1.3591698606349019,0.4895007524361388
-0.060274501740638385,0.6513351305699773
0.2582394183650161,-2.017433583632374
-0.685863859835534,0.9208733070675509
1.0642465764775564,-1.072235960533354
2.2722447626533615,-1.015049678288543
-0.43064754309232756,-0.38729583107520077
-0.8195708862639626,1.9580650452767785
-0.6183953940466065,-0.5917874991243743
-0.6392110952220332,-0.35865370794416246
2.59408050766312,-0.08006580668129022
-0.2816887744015264,-0.3780212773053948
-0.7275583281599952,-0.12892500759562142
0.7461627535140296,-0.17107796837468353
1.2795648211897648,2.0365951653138628
-0.48749013962419224,0.031266759455822246
-1.2226888169382772,0.8376715798382803
-0.9121170999532331,-0.35846824591109505
-0.6635426924809479,1.029374749699948
-0.518363680357905,1.0363995292314157
1.247683151191842,-1.3947775172332035
-0.052027550290408085,-1.0338585599238177
-1.052004145717817,0.40716032933329105
2.5586109845749836,-0.3823662133968378
-0.6925695884630477,0.10497879079791726
-0.4919814147766737,0.8660309902450538
-0.8454251208643878,-0.5170850382752967
3.3753629509808416,0.6375137503328229
-0.018161766635205627,-1.071193928791722
-0.07133643250831467,-1.1675273554314627
2.7282950532774826,-0.23343685544952564
0.643036899214241,-0.2463956312423241
-0.7724561519319877,-1.0773207935803621
2.5753559431076627,1.1577727304330938
0.34513187137287954,-0.7527901874278343
-1.3047397767802875,-0.0463378087830989
0.7530115514797932,1.2866558499523806
0.3033757196048941,-1.4357552585648463
-1.8383106866066303,-0.6716211150788232
-0.41912637791462154,-1.498753488968479
-0.7237603814868131,-0.46616456949348384
0.1943330773061211,-0.5125500312450164
-0.12092030596317177,0.10202710046968518
0.6498207290646453,1.7283681958848938
-1.0121167370459943,1.3455954622544843
2.450419595495363,1.8754815644038596
2.844159128600175,-0.4013907331111995
-0.2506247627523382,1.2448893506161254
-1.0088763722405163,0.45227264885357654
-0.5602855992040657,0.7418150626438286
-0.7075749867472979,1.3392705557839435
1.8070365158098083,-0.5210370623620002
-1.4469830426117785,-0.9020246149784603
2.929006050067322,-1.1580794384851378
0.19531502013897617,1.7838732546353755
-1.2750830878721784,1.4008421424004593
-1.3347855952014664,0.11610019220717684
-0.40485321960936893,0.5894956054830899
-1.6508843415253263,0.5882033435201128
-0.6562034166759076,-0.3185180652193771
0.4698129339419533,1.1186069162045695
2.251401776319799,-0.27268188290403017
3.120495345485037,-0.8306003791516975
-1.1784000646980197,-1.2222434808685327
-0.4217707245121878,1.938697324339453
-0.3143124029984492,-2.4808532006504023
0.9686745491682924,0.9852761933196957
0.3001139598058657,1.1589701291194643
0.08323567859822609,-1.2730282221317601
-0.470098760437843,1.4193257223621432
0.44090948463061014,0.6722609431234268
2.9597218200487903,0.7047398988671613
0.7543526033591379,1.3082338678139482
-0.3390981776695012,-0.1778932549055123
-0.3744142336203004,0.6630836400448181
0.64451971768546,-0.2541609789998737
-1.4154621980257167,-0.23130062798163784
-0.507418287153327,-0.29165204402870754
-0.9116032210230314,-0.8188535445874936
-0.6455528435815449,1.6038077213662587
2.32857937041961,0.21894159993593498
-0.05987489464477307,0.7548716508777994
0.14096548901239447,0.12082713556516336
0.013496207092534553,0.4288212783604424
-0.5460263273893293,-0.8416759155621725
0.2110940399991702,-1.8110198289238602
0.1138403816334845,-0.20820030394244274
-0.42865535332540833,-0.16471590703849426
0.05626984873753003,-0.47832626276759505
0.6428439767936234,0.4833149622075963
-0.8043811112484164,-1.1608507304143523
-1.7363394513255304,0.16451793989852487
0.5978669530719591,1.0253660360118397
0.2627308975370916,0.46830102390151046
0.19695547954674603,-0.9239401849462617
3.2980156815637294,-1.4792771309873611
-0.5793019830012053,0.5476188831336539
0.013481221875237238,-0.593602623650559
-0.7788850965671018,-0.10398400705942477
-0.24267476732539112,-1.0686668735814986
0.9018816913329224,-0.1964728914400407
0.5360423197450338,0.5521041793821584
-1.033685548002493,0.40999126002847575
-1.2563163327249964,-0.5355229697804323
0.4764366531074508,-1.2379158814130247
-1.0477981260431564,0.11665423212522581
0.5731544881859937,0.6457105518886437
-0.9522143981884303,-0.7682372544428284
2.0656969311971936,1.4135096881453877
-1.43251893823156,-0.9987930617799826
-0.06856965818306476,-0.26589553939872945
-0.5865217203746147,0.3600136808442237
2.8726981280638335,-0.1970261474136184
-0.8020781587514062,2.1501153271105444
0.8586881963572777,-1.7203959551600043
1.7550309048092947,0.9688901062228379
2.2653845479454384,0.886811147295723
-0.12762486166000422,0.1252192671804042
1.3433204304197672,0.5628956313099183
-1.2407398797015223,-1.906302706498363
0.1077565238099494,0.5075205231179043
-1.0195842509595954,-1.626046449372749
0.6129106578807233,1.9470230347335968
-1.001847784961667,-0.49560344592701816
3.151446987441641,-0.6768638380697067
0.38850536526101226,-0.5906645792461255
3.07464567355067,0.07821071845508046
0.9843230834343781,-0.25089878731594817
-0.5503881358907748,1.495402855823244
-0.33109879873986847,-1.3266248164139942
0.21660295901627025,0.4642226545219885
0.6519343093729609,-0.23802531493389165
0.3128250254863271,1.2570285774906458
-0.5631446268028107,0.8664472596155501
-0.6245728078900117,0.4790146732638793
-0.9551110289606902,0.5759074199979551
-0.40881680354503264,1.1472117566265718
0.13233774971882162,1.2500533571648604
3.5786449845831614,-1.0419642161426355
2.4936641720958503,-0.7893654533339006
0.26894531515863546,0.8822649475444925
-0.08749316513941857,0.677389036390278
-0.6903163533040113,-0.901474637385639
0.12887368864316123,0.21201869517086686
-1.2394123006936972,-1.1921534654018453
-0.2699049272500397,1.1052652032769228
-0.8072511360416247,1.1666220404492196
-0.1173049636952282,-0.21578034124301806
-0.8189887545465668,0.8304529725262327
0.6804090143205372,1.2674935596904662
3.6191835311425584,0.0974728229536964
-0.6810276276871674,-0.003602867878465995
-0.6665304277679359,-0.6291532216783958
-0.36335175348923354,1.1572880407229735
0.3339136024150277,0.7995780860713615
0.8813312034201268,0.48536751994194194
-0.868763778095984,0.9645261313573555
-1.278306145770911,0.1267388819691398
-1.0655351414044756,0.3108693140027793
2.854180168399916,0.6623430305852994
2.55386249806561,0.20657651901537907
-1.476941664757355,0.2495380288012995
-0.843701768795923,1.7754555737263205
2.1189547552910857,0.6533237698487739
2.5398609869711564,0.7112309102751107
2.616084676779233,0.3930378560302147
0.3025837781078324,1.4322394114483683
-1.137654913247083,-0.46127580088766723
0.277510068262309,-0.551310698205592
0.5926102681975672,2.223050179610153
-0.4113594564725953,-1.256503034784451
-1.349767536782998,0.039326422832468205
-0.3928992219810907,-1.1151114544045788
-0.6085609169232149,-0.14254913009534623
-0.6902842767080709,2.43077609913573
-0.937280457579501,0.026610992792494688
-1.2133398404399784,0.8654314534465499
-0.27378363067084854,0.320890607141119
-1.6978544382125882,-0.9202622444083775
-1.3292987745289162,0.7172840087595829
-1.485508473990388,-0.9839097461249957
-0.4568517916865303,-0.757345314676552
2.3226443923152016,1.5569538262596057
-0.18160522570499743,-0.9427635774074965
-0.9109507803890818,0.05333102926419265
-0.2214814831947484,0.6160800422795896
-0.10937110224434521,0.4771761913719379
-0.36049936943805866,-2.155353479327682
-0.0661998354289442,0.4949446035022634
-0.9991355309207032,0.04487589033730246
3.2118317462720567,1.101477544250848
-1.6160009882094055,0.17247183526036786
-1.1562560311317835,1.254612722047605
-0.815295390839441,0.4597983687979048
-0.3968960312714614,0.13929061904111556
-1.5206810410552414,-0.6578476191367142
-0.8891291358944989,1.7575832850340656
0.924288752216736,0.22997052630529283
0.08531636738712292,0.6098590123709783
2.4070181928818033,0.058845192122815
-0.2200014000319736,-0.5661466255272506
-0.1291485179445875,0.12307336950399542
0.390626941895259,-0.07748658748644277
0.5069237198528297,-0.670685851838702
-0.299688267717032,0.5419485044196788
0.6160970517653055,-0.6321103437590073
0.144503483440432,0.6399911359947076
-0.862948288391221,-0.2176085659345736
0.4056238686940877,1.0217110838992678
-0.6700241754748887,0.8201796235019319
-0.061177793987212285,-1.8108769297761147
2.3097395710474298,-1.0189512545346964
-1.0888869317436032,0.11658116397769337
0.5178400555732141,0.37568846962542063
0.8744174373390043,-0.45533628958496813
-0.20842175629887003,-0.682524288799487
1.328856875402939,-0.6649940072118437
0.4824926764094593,-0.11974461894578674
0.464047427135252,0.761287702685343
-1.1745890647010144,-1.0953001959818658
-0.5442524430594123,-1.4132472996949952
0.6195111299429044,1.9453782290461419
-1.245106275621178,-0.0902098375155007
-0.49334604759462275,0.04673614129431381
0.42694763841883915,0.34773989683676393
0.18662606698156148,0.7435581615647402
0.06817057879591162,-0.4932826465701145
-0.7802125457592327,-0.9860372634597473
0.7654130273608448,-0.8645851521842758
-0.335986316532672,0.4661226016666306
0.019874335662894073,-2.2126188232223796
-0.07710842887497751,-0.012736565529493425
0.486868167381827,-2.1055821559967494
-1.0876088660541579,-0.16619024231112606
0.16396234410424648,-1.2533648398808923
-0.7865148388354638,-0.8965637292651244
0.2715541647440322,-0.048270455795011616
-0.8365685485190318,-0.5186259674008223
-1.7562167827899104,1.5097024514758801
2.5227978072373376,0.07622799172094788
0.07086915036595312,-0.30404454464024777
0.47496107757917777,-0.7464197840768388
-0.7374992848113863,-0.8551688933850767
-0.6183128352211996,1.255971729439569
-1.1384664273796525,0.8633090647119914
-0.764960933312554,0.22833304382309114
0.008793665426403315,-2.3673338877643344
-0.1256241262037637,1.5027126084722946
0.8316573983812228,-0.40866398699568507
-1.7738169528128531,-1.9990065576875495
-0.7939202556865443,0.12927241147400198
-0.3987777776594615,-1.4490426541362458
-0.3629593393043287,-0.602526676724854
0.5126925113313657,-0.46356340359346876
0.5630385896200067,-0.734124534156496
0.1050884422861704,-1.5528648211634655
-1.217500384851079,0.307214210314114
2.898003122466282,-0.4435447364325208
2.527515180133158,-0.8053122666434026
-1.0836023381437845,0.573407784478716
0.29036462282871683,-0.9681670177964593
0.9011144295012461,0.8199224390157778
2.616938381503527,-1.6300735846359513
-1.7506209513005104,0.2418542665148881
-0.43579180266234085,-1.3767444695680835
-0.7525409334907903,0.8901975285695456
-0.734119814518578,0.536106461172528
-1.3661648030113476,-0.4160631451049583
-1.1122015884888985,1.2391550946800385
-0.4929119921813836,-1.0869470658967377
-0.31264362124625633,0.8301554197598168
-0.7967000833356176,-1.2365422513432605
-1.2806252322439853,-0.1777144187431769
-1.6345365886153564,0.04667226407220193
0.6120281612323236,0.4876869736043998
-0.3675253512241574,0.13488795080600846
-0.49834539129642874,1.322337767965837
-0.6225624280176687,0.36210526116438535
0.07085739978850517,-0.09704472374822921
0.9825855793153087,-0.3583060754555266
-0.8207139587247975,-0.8086122218286483
0.345024163302405,1.7874244817621114
-0.1700769474000392,-1.402586470418334
-0.02662639437533903,-0.29309315891753124
-0.38337147511277886,0.3680711496158094
-1.1827364401510951,1.2590767039593196
2.4589484379678708,-1.4154899672703167
-0.7669935413451405,-1.160912195667053
-0.4828188711390307,0.1113914538820481
-1.0154151608591733,0.08708421101487097
0.4001117447888611,0.10838183860062138
0.5676813499843654,0.3957679696706915
0.29789697504198304,1.6543489003344245
-0.24752864021579113,-1.1293594478225655
-0.2690908874084282,-0.08867079984284892
2.534591298804927,0.06511171891188115
-1.318720566480467,-2.0272102719333933
-0.9911965326882195,-0.06583975996847106
0.027886168520973732,-0.1928889644460344
1.7616690598286988,0.9594492959395299
-1.4464749740624538,-1.3428620108607523
0.6136563707312405,-2.0680890479389484
0.8735162012217905,-0.25052492925468045
-0.4684197348741714,0.5316530158806798
-1.1796604896454317,0.045696674607370515
-0.20221171649613412,0.2542661900103444
0.4444851620158707,1.1836289389571177
2.599005159049756,-0.555951144034484
0.5343190474602774,-0.5287199597462502
-0.25651501897617124,-0.26166251640053706
0.6156662012401929,-0.8603403747151583
-1.1242511982664067,0.6318200792192343
-0.9512390989031453,-1.6598232916413702
1.2317018300550158,-1.4326444833522718
-1.497442299587783,-0.4401714553240688
-0.5775158487624353,-0.17598991903745742
0.39316884143983694,0.33038745092474825
3.1679085426062645,0.7540578216946547
0.4230468366534806,-2.110693366192483
0.9881814108047089,-1.6261542604165187
-1.117074404867707,-0.4778888964246598
-0.5495167904244471,0.45746016434416154
-0.7524488100329894,0.03183753086889581
0.13746046030767595,-0.7592147565589836
-1.0214788466518245,-0.3580637310115237
1.1003075303553942,1.2532065436866637
1.1888573301300762,-1.2006355035031824
-0.614596144627049,-0.2578443933456889
0.4801650442470637,-1.5791113369132874
2.9138246167215036,-0.20474908386193924
2.2327427292430917,-0.8765314399130839
-1.0008593525688503,0.2887098365321783
-0.049202247377775,-0.5167672374470563
-0.01584643441364849,1.919830695391081
-1.058388164452762,1.8564318608370112
0.04132045333162091,0.2407761461825729
-0.07086789902597893,-0.9470933290711647
-1.0108998852203908,-1.1067172587046679
0.8500040346376674,1.0807736924950306
-0.5138925772363072,1.362504067528926
-0.8456239334495906,-0.9795430149044784
0.3200453122231271,0.11997569445679185
0.6713692937863601,0.3364383135707231
-1.0181259823380677,0.04988352712329314
-0.2834562989871758,-1.1506558812899632
-0.5504557094988843,0.6700675292703027
-0.006123233835868928,0.5272651876877237
0.06709987138099047,1.4068601536030705
-0.08318175908373143,1.0365182458354962
-1.123167357743954,0.4075765987037874
-0.012959652077085458,-1.2504100639814342
3.031227383578062,-0.7277536500132161
-0.6443365411193319,0.47615308573039095
0.9092144775780011,-0.032255702938170074
0.5758205135804129,0.03907247549363358
0.8937783585843326,0.8059020157879005
-0.15771417341928348,0.3150011755606398
2.632539118816605,1.1723247509121353
2.0557441441846462,-0.3174508496252584
0.5331254427379902,-0.43128523071723734
-0.5418825405215834,0.5593093160792069
-0.08671482632957056,-1.3301303950841818
-1.2397215566578192,-0.28885809289037195
0.1374260620222878,-0.9016155172371239
-0.3982540502935631,-0.08333186788091279
0.9963363130010385,1.035414900417257
-0.04354663458660215,-0.11835276011045885
-1.62257821316827,-2.1807613509823165
-0.3870562931305833,1.8936391705993212
0.3634264686019026,-0.3909220178023425
-0.5946381862307362,-0.31351073158557335
0.34692853322643064,-1.1428650052943032
-1.4289445635926745,-1.1586077336228395
1.084288526261345,1.2231355821634482
-0.2696983223585001,0.7267958441614566
-1.4124719314498788,-0.7188101748771193
-0.21026827123478906,1.0791004245743325
3.058702035371067,0.03254774774015874
2.49572987566745,0.07109787915783583
-0.05045446047115373,-1.2465084877352806
-1.0915193122356188,-1.1302207519489884
0.2327862976264256,-0.39736564087696374
0.4119046869930599,1.4219236511148388
0.12739087017194206,0.2197840429284163
-0.47534840638888287,-0.21975822278402338
0.773556229011712,0.6243633413645047
0.004767718868130939,0.049777607532396795
0.3254240112062064,-1.1029371156933765
-0.6758073230236233,-0.5223083392043785
-0.2682553727895578,-1.7722929043728146
-1.1765941037721626,1.5384358715200144
-1.3220162549852017,-2.1112602031237158
0.32103231205387456,0.4010103245432453
-0.027352768361665773,-0.6464070712047683
0.5116995713040473,-0.5571461155820104
-0.16251532810317731,-0.1106839894422918
-0.10512828281114009,-1.6490626481280075
-0.4351418933172416,1.6414776225574281
1.7990267390810883,0.12625649953803428
1.052811175013384,0.5250676877766657
-0.5901365132791676,-0.6468369627663572
-1.6271843095184786,0.5425827841144198
-0.7980314165949596,0.7358798310307083
-1.6191791202079688,-0.6256966801881688
-1.1607824579526378,-0.04886456084113577
0.2032689238050489,1.4838650334673946
0.017153190588812463,0.7371453469045159
-0.46423190530493474,0.5806362548088151
-1.125875104150416,-0.823633308031188
0.5560081502313917,0.8672269782708351
-0.7322101037933574,0.12264362951849996
-0.19341054763374302,-1.9363639565796207
-1.0997239933104157,1.0681628363515077
-1.7485683808364425,-0.5735817206511136
-0.21650095874546516,-0.20709063580565795
-0.8853221739523132,0.0388825821948942
0.2723560344604991,0.12154743199671438
-0.0387486347588492,0.28962515486266166
2.3599254029067698,0.06817037137326874
-1.478894319457285,-0.6343133174779965
-1.127365585112278,-0.14284463983279527
0.5814975213651362,-1.2639156214531717
-0.3063154755739585,-0.2718307710118499
0.3842447752700798,0.7183095263705411
-0.6954591061080553,2.1007582301211416
-1.3022309727747226,0.8903181366264996
-0.09564533202730366,-0.809718804394207
2.4949507834746174,0.08277655763246375
0.09336833470756764,-0.7359611245955638
0.36638027518318456,-1.411169365298632
0.01745478406229154,0.5068732948338857
-0.15746394537394973,-0.25871610624859115
-0.22724248236694786,-0.4319697417102918
-0.9989172254837013,0.8390271985068317
0.8458480776447768,1.0435423517651492
-0.09617883362499846,-0.5131228219543509
-1.50726945398452,0.8060373980987481
0.35780785958886824,0.6954296008922958
-0.7615924843861236,-1.0455743695313882
0.1605062793545169,0.18817200070358217
-1.5461562601383814,-0.7118383432747465
-0.045699200598516225,1.1846540876276317
0.27068336864109516,-0.3349858496392133
0.19825447065005974,-0.371739607321991
-0.7347461929570585,-0.304778311686798
2.365117669029193,-1.9371418487481749
-0.6435060834983538,0.807919636994364
-0.31070266709178856,0.5413860987541176
0.0575578926783659,0.8970944005715125
-0.17787936585423478,0.8620784853660659
-0.6730788608026954,0.500061093874283
3.4743541134655964,-0.8578984865090161
-0.16382211151282783,0.17804276867808538
-0.7539296465787486,-0.7817765543240958
-0.24832066149656132,0.5269187493174403
3.6340433287997085,0.3673792741840648
-0.9050553373516623,-0.6234097748168883
-0.5502691468225345,1.284562923937773
-0.20039290626604775,0.158629550860305
-0.6245481782566118,0.0070358218834968116
1.9292047363184974,-1.4319398918650332
-0.5408897303099589,0.8207960433715534
-0.06499385098211008,0.07756844113115689
-0.33414350581628477,0.011448723586283903
1.0439189016362647,-0.28697481145249687
-0.7340457513505069,-0.15066821569572608
-0.7857162537908318,-0.576549076199405
2.5447907751393934,-0.5683266099988129
-0.08379336190431674,0.17424491741776815
-0.24570461900020388,1.459734583733586
0.9969834128337931,-0.6092271811334428
-0.5287283744071563,0.7335603773682504
-1.203190296971588,0.3918265471699978
-0.6610183038627092,0.2841760236202505
0.7034877248867968,-1.6344004283684914
0.5593142365352135,1.452714909069605
-1.644752402945481,0.36612451147236014
-1.3984243215245744,0.09155686182628457
-1.6339491958804742,0.2241703738508332
0.7987454392340465,-0.7732285539161287
-0.659916353018541,-1.4912732659046055
-0.025951805364854273,0.8735295936505844
-0.8742018388331394,-0.635577790809545
-0.5673701393292705,0.8252600252832681
-1.049618239019618,-0.4588917964012824
0.13522262991363337,0.11290850361609538
0.00030250591111861253,0.9158416393139888
0.5195497251707567,2.316987847292584
0.42744332724361694,0.22684393429656585
-0.11506848607954645,-0.3794657809176311
0.30885474797110785,0.006355893732207758
-0.3587416190842057,0.27958789335207584
2.0072607890118883,-1.3266243356217098
-0.7088289721667339,2.4747211960156648
-0.06920172276653652,1.0215499559859587
-0.8627181525930625,1.581259394216146
-0.5875152097653238,1.591089054178966
-0.9463240121489034,0.5704105972700291
-0.912774597585075,0.7847358360311573
0.2222209388822055,-0.5091873517225745
0.30498198474686994,-0.9654706205015077
3.054566873976351,0.9981924062271722
2.5100490585996527,-0.014034452054380538
0.1066772707057069,1.2527499060359053
2.4964168444024817,0.9177791983838577
0.5958907674654104,-2.035822629533642
0.0971540314718968,-0.9211632684551374
-1.378632000390743,0.25636711283201996
-1.1369706798204957,-0.7890558017109359
-1.010220708791696,0.5808913962660022
2.6891361247533316,0.4688448564158842
-0.983698862563644,-2.117939913712052
2.9150494648730376,-0.17749030224262324
-0.6441793197304778,-1.0671409360742177
0.7264920269411892,0.7956371840872054
-0.6784356654608192,0.07653373259477811
0.241802696853386,-0.599835256454002
0.3943045169701172,-2.0867853580485907
-0.19469236757470554,1.0329787731796856
-0.16223205455081627,0.1664373099270832
0.13225253536867876,-0.5604507185751648
-0.7465675190461742,1.5402300506498536
-0.5760194276040024,-1.0442305053337617
-0.5445856995098352,-0.15091468825321444
-0.988823555077958,0.7127076329623332
0.00602902701422154,0.6097741897525208
-0.3414035816716532,-0.13110532128337493
2.1601343817029584,-0.8761458273808912
-0.35869353832789536,0.7732298883646703
0.0748536597154851,-0.02678871187063958
0.17677668442458094,0.48361236339791885
0.726425756079455,0.6414845252108115
-0.8770486165230315,-0.6629830118761123
0.6669930494310079,0.3264350976218538
3.223227482853546,0.333349333487223
0.42097737883036396,-0.2845853752137327
-0.9604567622204506,1.4379423384535206
2.7534480131046633,-1.1199540937615629
-0.8119055969514457,-1.1358911306629635
0.056741666891700716,-0.40808900168129075
-1.4774296910914897,-0.3025893290993456
-0.6320544738542171,-0.30749391450131486
-0.7651988614170493,-0.7296075805829803
0.7341171817913411,1.0672310038903505
0.41178035712362465,-0.8840630724020762
-0.6697727744988737,1.085549024673053
-0.9988158771574944,-0.35698148256572326
-0.5032772355940255,-0.06512813243661901
-0.4218683185868775,0.4481346819415213
-1.0076509747255913,-0.8451266548503916
-1.238373261835528,0.2164506745498319
-1.4567433767833906,-0.8263211880025337
0.2696606677785843,-1.4296039080803546
-0.1463565393427135,0.7114230394123475
0.6014600671796593,-0.7985960572905015
2.7769232501145473,-0.447615957915589
-1.3824715882922594,-0.03252483552689405
0.8765807349852937,1.8956896853047
0.2580732317391439,-0.4722989090634702
-0.3361143506216388,-0.5329132865568116
0.5165015294029115,0.48475931424373936
-0.685697673209662,-0.624261367501353
-0.941680232841472,-2.1607295424225605
-1.4671949332729566,1.0343098403641278
3.2851052539346743,-0.7151354706644399
0.3730224682574084,0.42503381214389846
-0.6256370757769569,2.2466679581928823
-0.9042307698952697,-1.4838117936320174
0.06192155328957725,-2.093459788460641
-0.24413994505457692,-0.07573277663686548
0.17456210113385479,-0.9991423683571413
1.879988048019769,1.254057271468967
-0.5282612734868899,0.45071575135580505
0.211200729126572,-0.4902018545940288
0.09094023741764365,0.8286175762055173
0.3360883168034771,-0.20899058295030004
-1.2599883014385715,-1.8662709403355073
-0.6755096934010638,0.8901784746260736
0.6161874028970491,0.37472154906028804
-0.5548911115887187,1.1575464193274803
-0.5317388872177784,-1.1064641602764473
-0.5016332874948266,0.39736050103086634
-1.14086669014805,0.5939956759854879
-1.2794906554404861,0.05442894293005236
-1.3852552499765585,0.07651535225312105
0.06534013910167782,-0.20670178612614598
0.3916782306622811,1.1790801344269457
3.2601284589847563,0.2844391627066203
-1.0235515891467761,1.6182410252412196
-0.790493877568107,1.1751030780638487
0.1252947265860656,-0.1491525353888308
-1.2948390287951619,0.5570532191223232
1.878848130415075,-1.4949127456066487
1.0572465771032182,0.037588797719487844
0.598107956248887,0.7892974375745136
-0.25953016923698913,-1.2430524682707753
-0.1793803744308779,1.2093331692598157
-0.04653895729180026,-2.297866633891357
-0.5982957190904047,0.7028232851936377
-0.8399557369142766,2.4194288674131417
-0.5000133398819286,1.2188863734286588
-1.1391254317774637,-1.9851683593454201
0.6401966908680188,-0.5741943828568782
2.2673208646497103,1.456676412064483
-0.14516436718249554,0.11070965801059147
-0.191304425796476,0.0907646913655537
2.737821497399419,0.578563080894315
3.0367109195787774,0.02362693181318324
2.517621075695602,1.7793060285301092
0.01969762142224083,-1.0010181329581185
-1.312284978297783,0.1874622646246037
-0.6505587510472125,0.9031164978320572
0.6444034639256642,1.1311402729348883
2.784424408930552,0.6705859613899526
2.193644261199798,-0.0005491663771735102
-0.3119983735232673,-0.16101124414414666
-1.0210499780521718,0.6915457328951684
-0.46581607210236087,1.7844102836389193
-0.7495384967898073,-0.9610659092374335
-1.2337339901625988,-1.8239588946721028
-0.8737034146999173,0.41798756669954756
-1.0686873410232638,-0.2880953851495922
0.1171919432008661,-0.47143571348417374
0.5531509747424125,0.33838375759581996
-0.6160977025670827,1.414068375871345
-0.2845621580704698,-1.3887545947947504
-0.6648766312330403,1.6594314967208212
1.0322852369502797,-0.4767872250949431
-0.5004150031071539,-1.5516735675555426
0.2829104460422414,1.0565892285571616
-1.1654778067078087,-0.9816684892102632
-0.8365379044851606,2.3103461167478043
-0.2678686947816299,-0.02415686539961477
0.48557594964177725,0.36232257415410907
2.613055504283505,1.4288772127182106
-1.5245750694573355,-0.0961755743908317
-6.017161050832928e-05,-1.1913316385895183
-0.3369270877168751,1.3322053842395079
-0.37019596403678673,0.220540124798464
-0.7883244241971442,-1.1385757734869901
0.6386697499116005,-0.4261435152592936
-0.7064515611258705,-0.9258648351511062
-0.7956005839965912,0.3457624502789176
0.4368066653919222,-0.8867170583877991
-0.11804637293083782,-0.21189766736424337
0.34572440088936246,-1.3789642605699328
0.3087611919512377,0.36143723906011443
-0.8247067299603484,2.2914338393428846
-1.1657988930330867,-1.0830897686799803
-1.525936293367564,1.043115176834342
-1.374897798870253,-0.10437624546234955
3.1676180261109574,-0.006794227253356622
-0.6328523055158645,1.3683321854327977
-0.715916321804283,-2.1046980150211074
0.09488753338963477,-1.4227051446255146
0.4074028100218971,-1.5652489560274934
-0.5761915544264454,0.6883560873330538
0.11899647156465412,1.7859649865316305
1.1973636788822524,-0.14088829024738775
-0.5597925158720385,-0.721446235249465
-0.3173226320057689,0.21133757290122512
-1.0512478310486186,0.21398508459230925
0.020731399262923424,-0.8975241755356183
-0.1740814191810526,0.5248389234682036
0.9646647365860843,0.39587493180384714
-0.6624647421230806,-0.387037300894601
3.2611336489209277,0.22598445665687328
0.8874353074784458,2.0971807774217743
0.1966716566309944,0.12359660100764727
-0.48763956870670955,0.7336334455157828
0.11989497237342386,0.4066923061520521
3.187137471491515,0.3823327239914514
-0.15888883465316198,2.0687873214532844
0.5793313526660083,0.8995664648236739
-0.8402093238353454,-0.34505993913055494
3.5911988288747687,0.5993882540331544
-0.14176459504310968,0.17321222817765006
2.0438285086926755,-0.11320189496053183
-1.3007625103737017,-0.25281272559212686
-0.9094970991857644,1.2082751033576804
-0.4568406405044585,1.7399334379317273
-0.5691161891376609,-0.4370606801114944
-0.04540888812280302,-1.374992701747473
-0.02507785440577611,1.1779522375245972
-1.0797635036252526,-1.1335410201622018
0.21593245809259065,-0.23637659849730225
-0.354046270329035,1.2123918217212033
0.671801447057848,1.2358510122034216
-1.7751372090940236,-1.017708576332222
-0.3257075160126481,0.45101977841685975
3.30550323769252,0.4994000268569352
-0.36580919206665335,0.5640773250519762
3.4182509442438813,0.3781608630937731
2.430734982432006,-0.8295433557918214
-0.6415437843823213,0.19736822988227562
0.9121015437178666,1.3297188488856397
-0.8066604586349075,1.1939233849538575
0.11431206997196111,0.02994097244766629
-0.9843836453536219,-0.4655018275654992
-1.0903040287164787,1.6031572559349208
-1.1133179751869735,0.6675223968706087
0.6575191936998834,-0.6826534141800468
-0.8742064262513496,-1.1565636932120995
-0.8451990231210489,-0.5638610658504158
-1.0132948869713019,-0.07092046490199391
0.8450280178228862,1.2132138001096238
0.1345584887342215,-1.9318967375205864
0.7747492843706083,1.8515866976587758
0.8642420412745471,1.0307812732686275
-0.6459038205577093,0.6692551107477471
-0.9580590251610952,1.5766068647001377
-1.2829896641649252,0.1986516055812028
1.2791423123343793,-0.35722028671022016
0.7522706916075741,-0.034119561492128914
-0.4408061816134298,0.2560537432694515
-0.7539711635711974,0.7008743008690349
0.423916483997651,2.2049586864753006
1.6474911231969305,0.8913652320021812
-0.997122415739916,1.1024277982870994
-0.36807240547708053,-0.08766131639239437
-0.9306324541244002,1.8432662674409181
2.6422251858005517,-1.5371028375186533
-1.179514265451041,0.7052432266946124
0.035030539979936805,0.010308247035102129
0.6082853342388038,-1.5181995582296235
-1.4634991680926743,-1.3144782663342207
-0.6181602012505557,-0.8083081947675937
-0.26924612687182253,0.6332437890112185
3.1716259865834,1.2360824519092284
1.09740152072712,-1.7651194250007776
0.8504536246315946,-0.35514369800830287
-1.4228698008218512,-1.704583892615086
0.3752121678631552,0.43888904513323884
-0.17096635315609693,-0.19305845810685587
0.7030277370937826,-0.699921037473605
0.37066569882711103,0.1283765160274349
0.36789496623074996,-1.4071828148579277
0.6836657171216735,0.6881568278000945
-0.05679435672089938,0.06247752392840429
1.147711348620607,-1.524605898595209
-0.8543647216148328,0.1730712204827782
0.9436188996124992,-1.1698592371666603
0.5171863121928892,-1.1676787719028137
-0.9577712439742322,1.1629975935988581
-0.45139368873418506,-0.1502061462925882
0.13412114864914743,-0.6480167650555415
-0.5567787981732898,-0.24333493575196966
-0.7489042462612818,0.25060800075045314
-1.6629688989516134,1.1631256527044525
-0.5756335029790591,-1.291935219360394
0.16336147291803632,1.5383946543291382
0.8375945624306849,0.7524431920532191
-0.43266503609192275,-0.9220211838581476
-1.4747811024195099,1.4261026836416768
-1.10004036240179,1.31982344398054
0.3626264509952016,-1.2142153232408048
0.7034027145562481,-0.12440566578540063
0.4302524219762856,0.2620451599589864
-0.9023313827652364,1.089690228732428
2.8608469113238315,0.8148508837742383
-1.2050167696923173,1.1604865067608805
-1.098584279725316,0.49663401510400734
-0.5857218325836074,1.3512110015864907
-0.3021957689762219,0.2764752266866279
-1.0233022443001212,-0.7834129942640384
-1.38830665063253,-0.3937999426485212
-1.538415321108116,0.7108287827901301
-1.2032833036280677,-0.5777501928253792
0.1757546071293607,1.552739073260414
-0.6517563938243192,-0.8450927608647685
0.12369482118835731,-1.9636431615695604
-0.7908448545442714,0.24055046744533673
0.8278010529363513,0.14521205315434427
0.004453955269507377,1.643803550514525
0.1355091083541211,-0.9718834351617319
-0.4401958815392196,0.447144404010632
0.6047883816437245,1.2930465250979066
-0.31598288287279935,-0.43826707691375494
2.261647611116504,0.0730931855408017
-1.0589828799142986,-0.016513471393465182
-0.09367714274668554,-0.2281016414271931
0.08609142152513602,-1.2474636538294883
1.2217869300192858,0.14909781260434507
0.9164264226450738,0.996276835095908
-0.4247494945621576,0.27832870019681366
-0.12483724170459429,0.6501065942530188
-0.014800356632127386,0.49166674659827864
-0.6746274007722584,-0.9709843025678455
-1.518352859529455,-0.5231389864924977
0.31531618874985873,1.2085157737131607
-0.2659771741618333,-0.09813036091744243
0.7913749700317445,-0.9296497378221461
-0.3087476109187021,-0.552896057936607
0.038649920302700015,1.5381447930482373
-0.22170497544533674,2.005221405207804
-0.7539561783539,1.7232982028800368
0.6691215351729125,-1.8292509840591384
-1.4967911617002085,-0.23916954914893016
0.01376462524329223,-0.48438533958498886
0.0446356346881546,0.6565194089132429
0.5034882466816802,-1.5467718503604486
-1.0600497532939943,0.4087744781824422
0.15931658287135536,2.2991547327622386
0.33729231932485143,0.19501268762913454
0.05171832270359359,1.2265498639205399
-0.655646513987288,1.7301272869107573
-0.26946641423428425,0.6604719137922307
-0.8533031092526236,-1.5573269116223065
0.39101231715681156,0.9994667838102094
0.04817691378802722,1.0254866440687938
-0.4891342175390849,-0.2633178587078583
-1.327176648531279,-0.09419608480401843
-0.9552761966434895,-1.7399905489529184
-0.6549227454937119,0.741075863844899
-0.591544515199331,0.6699944611227702
-0.5811916515112361,-0.031883038995254964
0.42975660333581406,0.5508451378029894
2.8284807036832027,0.0016529163756496212
0.11143485226779234,0.4940625055555883
-0.42731867926487155,0.37968866598992346
-0.842973492667845,0.09567358018980761
0.7252476859378557,0.4366850709275421
-0.294130119184855,-0.7181036759454601
-1.3479364766440587,-0.20834763435586007
3.0070510257825416,-0.061639781223173
-1.0932100383447527,-1.4151687127525203
0.23747528663732875,1.8796442756095546
-1.791807351075647,-1.248781444030576
-1.2386038672133688,0.9539572725956057
0.26819536023370455,-0.2687657958319168
0.4695841008901703,-0.009078376269602086
0.22378316132269072,1.3130992790540081
-0.36177024221654347,-0.009230835283212432
-0.5949468928314674,-0.7348734443973839
-0.7529017589026514,-1.870451166980698
2.5987830993612366,1.3364688712664734
0.3633601977401683,-0.5450746766787363
-1.1750366727694819,-0.48076223842907334
-0.2941874248095713,-0.8740969875861494
-0.7669460099522208,0.6573878846688257
-0.04916065618142631,1.4889847609867335
-0.029551143472427648,-1.6472717061454878
-1.5891001264640685,-0.10520011530364344
-0.026679611913250044,0.01693702899060428
3.054613651986286,0.8206517335632187
0.5155553673855281,0.21363592959124414
2.5203611642580923,0.4858932752668452
-0.23869354264769405,-0.641214275537897
0.23703984869400596,1.1304283422508496
0.510147197299259,-0.5533366614268614
0.28353805302319696,-0.9197461845338852
0.2740096269758006,-0.9103666879271846
-0.2776518064768761,-0.12995000469004203
-0.2561673266718417,0.8230868594919684
-1.0851585406039903,-0.22461429152256943
-1.252700237074068,1.1425103415066962
-0.5244924640816092,1.2761856113089798
0.5637131786304915,0.4324982184116194
-0.07846316322524435,-0.3855558177255154
0.14406223511623234,-0.08967689456989086
0.5217360659007683,-1.0073630080710032
-0.5535852113777469,-0.9591170764889241
-1.3033635676527617,-0.1632046579972709
-1.0465278526600479,0.6748101615810543
1.0347674349767932,-0.5234593761081328
-1.0151104125295531,-0.12548059102594797
-0.9213477665623759,0.8954940492222531
-1.6443397425257924,0.9338438785647115
-1.2256018654899035,0.656113699895319
-1.2291567472769895,1.147621703278523
-0.7820073555030181,-1.2494378632400152
-0.4504839069276495,0.799895910632308
-0.5843039822277474,1.8604756626290953
0.06505235791481487,0.20690748497513362
-0.508715296331181,-1.6652320546035195
3.09027151007683,-0.12774435557370833
1.6200827422656594,0.28521649312520003
-1.1448810901484683,-0.5163914879329151
-0.1714257915857207,-0.5832371525352538
-1.0345017737891584,-0.8951921422243272
2.8457400905094743,-0.24325152379410134
-1.5718180418978713,-1.3803244620802493
-1.5970722202355652,0.5342974420005379
0.07115167053532953,-2.0227639982707046
-1.2290573808762424,0.7729924551565094
2.695173753930322,-1.3939933833037936
0.014014723472932013,-0.8901986060904152
0.8298354332949953,-0.33073459787545706
-1.7964797182875896,1.3204100321897663
2.926882491507616,-0.8498779972942795
-0.3831916060159846,-0.8258222906186402
-0.35732178680288584,-0.03252687855586088
0.6074121366627103,0.17321855089619567
0.2516130937067683,-1.0032761213678756
0.6495756878328979,0.11879280659638142
-0.30647079482106115,-0.7616326550309913
-1.4706413536065837,0.9814439275572179
-0.18822183174324258,2.0653939850925385
-0.15277912423356005,0.3405538378158936
1.8182888432890598,0.43746596770963236
0.4582877307094277,0.38442058637200927
-0.3457862655549815,-0.008619021988062033
-1.7560518989104137,-0.7066148907695714
-1.310644314870419,0.8001476633660826
-0.7064860892269528,-0.9003615805254417
-1.0892065855068123,0.5184385368807194
3.3937283267061007,0.46280400836405405
-0.7865770716423784,0.7949275995843202
-0.5627672478671889,-0.5361708716662656
1.046275671066562,0.009682484663966677
1.9257623540396898,0.36083818305389526
-0.8706312184457712,1.8911788608180846
2.4869298555638255,-1.7672086330757815
1.1733303904249817,1.1670648806000858
-0.662664233887368,0.6430668231033065
-0.5638846034763512,1.3736085858670677
-0.5791812716388931,-0.14879245109474895
0.8012842637061919,0.8286547073384599
0.718195018388997,0.5318819317652352
0.4405603597642113,-0.9157670851418215
-0.6554490041484603,1.521402595863391
0.6924727761486498,-0.31030474871076835
-0.30917176786425904,1.0272627460091623
2.397741297626116,0.16569007459683227
-0.2662500499151072,0.12618633932163012
-0.04796835420551431,0.7203673642811731
0.3344047836053036,1.3694126940018179
0.5482159255566892,0.3128310953405664
1.7469177236250082,0.14516892851904742
0.42306202589037206,2.2322293741416352
-0.5046801007325884,0.4480311085317786
1.1166889281677677,-1.141764528082939
-1.1125135797614647,0.9679891471422213
-0.559724812448235,-0.06401492400032822
-0.8779971800135712,1.0440271064414128
3.1824330276836323,-0.38072653630957576
2.3961998707838053,-0.6537205569628552
-1.3547195531114784,-0.18727070848324615
0.07682231857578539,-1.981546107100119
0.13922524958488103,-1.161041472623706
-0.823370339703114,-1.696376898825023
-1.2969269605270046,-1.8095647649590514
0.9816883812529145,1.6921492726005996
-0.5812343914663516,1.991301621394537
2.33219791757568,-1.4607790799239706
-1.6181984801214888,0.9995439380156755
-1.294313319503804,1.101384572427115
0.3108456349916517,-0.4422468499076337
0.4288054343525238,0.9154899207674192
-0.8392365558389105,0.9093915419447287
0.17192349071326535,-1.069642311470237
-0.6349564454276717,-1.4801758954629176
0.5734463074276762,2.0777452685132025
2.309065315872233,0.9670208159164996
1.9308891026833637,0.19721405705588962
-0.028261796785216474,0.3993316248701673
-0.06234020531223793,-0.2091282019217593
0.5041583280576631,0.3105814726783215
-0.05464810042126735,-1.275943823869309
-0.3269641069248346,0.24410508329548541
-0.01664256795313864,-1.7579379488216724
-0.43123876986243515,0.9100609097434456
0.07308613512983567,-0.799423315855208
1.0864624872668098,-1.7812738398580452
0.8557973759658952,-0.39579918351332743
0.5287360652751063,-2.117187766323845
2.2309248022116837,1.0470419369329826
-0.09639179826080563,1.2095525252785062
-0.168366728439106,-0.7859451780744547
0.7145015748981629,-0.309179937379646
0.8658528140510247,0.8103353408613114
0.1580636163949921,-0.42642727052581775
-1.0932469679189913,0.5884680448431648
-1.0721194052866923,0.7944042165045748
-0.07343127334781585,-0.8652812660721619
0.598541208247156,-0.9606060344393561
2.417515978017914,-0.6546684235845158
-0.763058341294394,1.4399218280403339
-1.1843909158650752,0.4630540861871915
0.6764836627054872,0.49275562091481107
0.3774065049190975,-0.4058903076518802
-0.44372689265569887,0.7475191837673336
3.108113911819175,0.32767586920202174
2.5893014513237755,1.1683076952092206
-1.065828393208227,-1.6244440549945227
0.21536981922699416,1.222928805793591
-1.0304925105703406,1.0188672046148055
-1.0632323929270593,0.30133653320456005
-0.02172123584050214,-1.1006718278110723
2.0020164838620436,-0.4488816253654899
-0.9557629202312491,-1.6209352391770155
3.1568050948461397,0.4178461908863458
-0.7448294655637145,0.32297925346614786
0.7618100648174482,-0.8667191438136662
-0.9434918001286122,-1.5813621536938849
-1.0510120888891772,-1.3271936963741944
0.5608865729714833,-0.7557757717416895
0.7736951304794479,-0.41153732900009865
0.1614619559723089,-0.867203352731502
-0.4223966333709859,-1.438562006716366
-0.03433786230241483,0.2741251161858663
-1.1341182215654209,-0.6132944681346705
-0.5826145588649886,1.4742409557560794
-0.40174855138350046,-0.629839775700417
-0.11891060526991318,1.4776797889972801
0.5782539516715317,0.9913204300949385
-0.7228897151995698,-0.011545160345477373
0.6836194884751289,-0.4589605848592363
-1.2002000303957496,-0.09568299972548351
3.560841698360108,-1.001901793141476
-0.326413847783785,-0.8952588876533141
2.7788655070153903,-0.06520261124474049
-0.563875638239333,1.3717679331027723
-1.0999481091282948,0.2935594309760856
0.2930026838859156,0.42699101063992034
-0.010819131954430287,0.9191193446418803
1.684026216918387,0.09719502146527352
-0.29310741832234405,0.3765143824956813
-0.1297282481888268,-0.7274480607154791
-0.36677164204770935,-1.400652629288069
-0.7183562494553635,-1.5448359662012165
0.21987511661438602,-1.6290647335538746
0.3457843120068291,0.11939438642385203
-0.13425652711944688,-1.3774499259574835
2.2118939325286515,-0.11461574173446454
0.3876762103864096,-0.2512484628335509
-0.7242054638462384,0.27902225053919527
0.5839291073464893,0.3418077507948697
-0.10195849248230412,1.3146912883884612
0.12072008919320701,-1.778367797986361
0.15315332107855445,1.1848235812884533
0.08376454274572523,-0.7109896187971568
0.10912355810105481,-0.6513181309013764
-0.8156000593853527,1.8840796437119325
0.6415267955848858,0.27060372071952593
0.027557419705052745,0.37871307652509173
0.1447275250544109,-2.073808312256791
-0.9318436995887206,0.9555322472828476
-0.2401965331497968,0.5274198413063941
-1.033114493263269,0.2735032882965712
0.6377880066461856,0.11036117661134132
0.1504788798105079,0.4686442251244744
-0.2306473115042261,1.5209163439165885
-0.5447637164968635,0.3895033343344989
-0.7829384822711186,-1.8777578340585224
-0.27460040582090434,0.3403652902116001
0.4926889978877849,-0.7708901978862921
-0.21876286940951714,-0.18764660957348067
-0.22289427655271615,-1.9085732745569537
-0.964697933563484,-0.40979307801638626
1.1301245157247901,-0.03691674977778387
0.055002180847171823,0.30588314312967196
0.8311715579921417,1.5383280604762446
-0.3152383187810487,-0.4244425007627183
-0.5204384789822164,0.3456808648077795
-0.37515105543769983,1.1879522163261471
-0.17511923507655486,-1.4242990216801348
2.455067412857614,0.9899854124371089
-0.10109884756143886,-0.8958720703756163
-0.8198010220621209,0.15919708512605918
0.2681032367759035,0.5895942018687331
-1.2487723541701679,-0.22878923799147377
-1.4362318745741933,-2.171548262465211
-0.4748767180504061,0.018383053606085734
0.15561068545207407,-1.7103685566674698
-1.3281532505629394,0.12620728471797565
-0.4457612730143429,1.2234658347971348
-0.25056643818454905,-2.4601499812629624
0.48815027112609194,-0.5427095745597302
-1.3680965322974095,-0.46494250747116406
0.6428113508342926,-1.5242776889904892
-1.2516503252573212,-1.7605084578833838
-0.8543270386576096,0.165275215886925
0.4277980584712983,-1.5251747785554086
0.517885530836774,-0.47303487071508066
-0.7239675357417432,1.2369628749452666
0.3344521109786293,-0.1327860639854196
-0.9609142187246146,0.22638421107458157
3.2345362327588356,-0.3800910624964822
-0.11700219729106799,0.3930342896667041
-0.6013225698966851,-1.451187333961596
0.7117915068022531,1.649460131728608
2.33985945263668,-1.8681639323932264
-0.27967388689468164,-1.1856612598755436
0.7802768630728143,1.250965286771931
0.12214573185540392,-2.110030472688405
0.45157824783039696,2.255097393572862
-0.08927471195997846,1.9219837409639433
-0.6558622139315397,2.2783413140943236
1.212406080944641,0.10958604079782164
0.1901706307532689,0.9623286314462977
0.60474215299718,0.1459291124385757
-1.3230960574528348,-0.041372734882430574
0.40210393455578014,0.3309617626373278
-1.0179856483082623,-0.4827384908685672
0.23375119911262354,-1.790389677683953
-0.597120853836932,2.2695359776241095
-0.1713106865846914,2.060398254353566
0.8576102459994106,-0.3039839045654554
-0.8528722587275112,-1.3290968806661558
-1.0773391605868459,-0.011548397492796736
-0.40559134417314363,0.44318151408787126
-1.5131039669614,-0.8798957943461633
-0.15072587459040768,-1.9674442499771971
-0.6239788458114596,0.356119252494524
2.0939785097045585,0.3282403178965498
-1.6164936019617504,-0.9006414250428314
0.03390834290098469,-0.5417765479802207
0.49844540964177414,-0.24382631629896534
-0.9599571095447533,-0.32571248998775976
-1.6000864872977043,1.3808442278263267
-0.7605261603698186,-0.14620423378401157
0.15397987046040673,-0.49695787047721696
-0.37111020344583856,-1.4184518498327914
0.2205264585215544,1.89243601094438
0.5275073830883467,-0.6695916973458832
-0.3574985010435391,1.1790738117084003
-0.2954881882389423,0.438894325309525
-0.29734189608582184,0.3371678009276947
0.2023676876878348,1.6886763937976823
0.13377694503624676,1.4375359321010757
-0.9294623803087316,-0.4315057808542805
1.07805899360681,-0.04534822818673074
-1.1463216382442543,0.004563757631335518
0.7971672126331912,0.24309355681606382
-0.601374954267903,2.06640007981958
-0.34328861273148825,-1.569241829186743
1.3287756991076158,-0.6298540952260303
-1.3499182686118907,0.07051044121588092
-0.7250579400280576,-0.5150864947450114
-1.0078004038081085,-0.14275996879043124
-0.7160884486267262,-0.3721114223542919
-1.0026995077605017,0.706128561788607
0.950420370204937,1.7900733391476413
-0.033886216179127786,1.5052311463589123
0.6810503037724149,-0.35760061906612667
0.5490182648528383,-2.0537255750642007
-0.8140686107944326,1.0452982056436932
2.7546891492198697,0.6009112575453027
2.608781027802056,-0.9338887543226929
0.02935147606585351,-1.3537270766944722
0.6068409521077924,0.4776105379319048
-0.08127403028397065,1.4444348471320092
0.13715899664989095,-0.6968467197921582
-0.4128500672501513,-0.4078103512822537
-0.607756521497706,0.15791762017626637
0.6272712780216666,-0.8324766245449591
0.5564013177992811,1.103253013822839
-0.7139241320373642,-1.8821180909844009
0.0031710981422577514,-1.9149097839223261
0.15545346406322014,-0.16707453486286145
2.6247246659816588,-0.8882257836077712
0.9785765201160852,1.0481334160284566
0.45395375672950883,0.8876072682298414
-0.5333873429514792,-0.878222223273278
0.8192155042345035,0.5759116996875338
3.1951843818140673,1.0519012428188481
0.47871935936967697,-0.25448390842830704
-1.0457207219260944,2.149738231901958
0.4406755945809346,1.5599643064431936
-0.22095522453999983,-0.16424668973890275
-0.042369867191378106,-0.5847359735037372
0.591404833114124,1.3157682566579754
0.5668918599924455,-0.093991351463128
-0.5272450065725466,-0.5988630557125832
0.9112756735150989,1.5189382000242209
-0.3645888515496209,1.2820666771419464
0.830708834890683,1.29834613132184
-0.5298012677671312,0.1345837721688605
1.8173967022245578,0.4725326599718198
1.2947721071316503,0.0707521541136206
-0.8451722873263036,0.2515630152685675
-0.32722022513475363,-0.3743462049743856
-1.7836817901668134,-0.7450016996688792
0.8285293290644293,-1.5345699403821689
-0.47858241145009334,-0.6706413975005063
0.02791488624117886,-0.1988443162775921
0.6291693624053247,1.069842730142938
-0.5196029643633461,-1.3379412397221861
-1.3457304390426539,0.11949368014401622
-1.2049836741533042,0.6317045997624731
-0.4173477021469003,1.7711598676243687
-0.742524814944547,-1.7196494331558212
-0.14927670102159202,-0.12176960541305484
2.5746027035108967,0.15693875233067825
0.18117385419380155,1.3285875632598785
-0.6239567474669101,2.0301779193879663
0.15216632124780693,0.9037889512019999
2.9528484722333355,0.9307014047936886
-0.8056766136603011,1.4572507650104998
-0.5512992204436856,-0.12588186877819976
0.23777010674754367,-1.3707330842362047
0.7030694581058253,1.13792694565638
-0.5485882691490971,-0.2565852001904268
-1.3555239485369874,-0.4877374587548587
-0.5829531561166061,0.2197469117954739
0.27518899986377504,-0.03438456596736757
3.394579500141545,0.5857300859717133
-0.6427288434152869,1.4497163761664724
0.3052244204858669,-0.6982605665660908
0.2656347212203119,0.9875075872163769
-1.1051216357819038,0.6347242296380448
0.04942639157296145,0.5807665743077272
0.0223372448572026,0.7295145325471997
-0.3754044383391746,1.743962248105567
-0.2623214934119306,-0.46098896004991713
-0.8698144432957153,1.8717041777476038
0.31724859721500515,-0.23516696454772235
-1.0690869481191292,-0.3916319054574144
-0.7716458663418935,0.4153145267703527
2.27934496159514,0.7080535412096426
-0.5757730836258798,1.2365275516312983
-0.5210491986041232,1.3113442740860783
2.15484780617768,-0.5115930149313727
-1.3464432603737524,0.2853250174950379
-1.0694864754312863,0.7165480471079727
1.322823080261174,-0.27701061808944366
-0.7772184507279772,-0.6717152801987945
-0.02177841164952434,-1.4245691547555663
-0.20188885784479854,-1.5095044210398838
3.0778569010882464,0.3475973269052097
-0.5385692112748155,1.628527996456613
-0.5069815464636291,1.1287465570065456
-0.724043784854868,-0.575381853559054
0.3093966654424301,1.0325773438513404
0.27312459903855074,-0.22366523078255635
-1.5079549901574825,0.46263473124546917
-1.3428759988621193,-0.5261244192302595
3.6604002911482634,-0.11513469354853786
-0.39756262395601527,1.452239369051468
-0.6119384609023573,1.3011029513272332
0.7417891146514279,1.1612841510295424
-0.4890341719592533,-2.130509207456961
0.09797210936832787,-0.26945528384907086
0.6148403310374252,-0.671121023576577
0.35326783008080026,0.25242755654230986
0.6983741093506546,0.20512301728725263
-0.9271132733690772,0.5381748357030265
-1.2615424477694173,0.0027304043395870023
2.8999712319631916,-1.073644046338716
-0.7323029064302429,2.4735657278462386
-0.46615016171947665,-0.16081433079234078
-0.2900930214445108,-0.637936418633912
-0.9209163666738728,-0.20093400514488022
0.00826420188352809,-0.2250939175986401
0.05687092394333424,0.050413081345490426
1.0045898282151302,1.3265140601291872
0.5540717037114259,0.4652657288058796
-0.5912898295514811,0.785167097019898
-1.4864941710747606,-0.5937617085349014
-0.6010996270094873,-1.5156706115665266
-0.6437635044546482,-0.48171431895205474
-0.6145513485425736,0.38599436694089867
-1.0322594857925995,-1.0784254846930472
0.199592917036654,-1.6925269248135186
-0.11532385090648088,0.9979236838123298
-0.09505006720237638,-0.26143155748701474
0.23411127114149988,-1.0255817351335415
3.3143823779621076,-0.3644567935716405
3.0217444327942258,-1.5670974937470168
-0.06222181563937367,2.2843104396930674
-0.991359644241659,0.2852856917570352
-0.16010862580680382,0.02613988404002971
-0.798774677940335,1.3932379225562193
0.24428872333531698,0.15532412268924256
-0.01707847547614346,0.029220676016115343
-0.7530822273948218,2.0277208467540495
-0.23117103887012447,0.15520555766125535
0.81099891859465,-1.7188242176200816
0.5841648495059306,-1.1993710301716338
0.05233034507187565,0.9320691223187887
1.1215986741208148,-1.4283572945739256
-0.8080075304945317,0.14808081231699244
-0.7162606552328776,0.1487586974393148
-1.2312082987979849,-1.8979749530752525
-1.092359334488991,1.244131923051632
3.114927348517164,-1.3966442837182904
-0.23422298888948684,1.0095483480828973
-0.11268498085450378,0.7326155963178158
-1.1842842267376734,1.783872060517023
-0.518595168934424,-0.054030610418837624
-0.7472075799555769,0.3481040434560735
-0.4838689869753717,-0.3060885850509878
0.37406000034960823,-2.158043553904088
0.055188539503927526,-2.4001203005259737
-0.19295035582113462,0.4496554908486094
0.42800411399944754,-0.5789860523475908
1.2108289530705671,-1.523408019116554
-0.08200764721324347,0.6073901852661362
-0.5120109848359156,-1.7492819857938422
-0.8093018043639412,-0.05103787820852868
-1.0061767019436936,-2.007805419863125
-0.6913557375059768,2.3350781463090833
-0.44410953260880726,0.8450271325199721
0.9733685951770878,1.2468974540122755
-0.2799148900716093,-0.9495926614382171
-0.06717774020697978,0.044165305347709696
0.2772943683180575,-0.0030966710220254354
-0.23444087477879225,-0.9413570301061108
0.0917069498859295,1.1368803310729831
-1.3989260303296311,-0.8118117304088146
3.412705175436251,1.3182716101168184
-0.41903337125814194,-0.5291767489731016
0.742881500863202,2.0919540877692797
-1.4530342744759828,1.821288863279972
-1.4985215526920255,0.3050579275939323
-1.3413016062964895,-0.06759167936517488
-0.4901316151689198,-1.0457904884027593
0.49520108656518486,0.015568982249312871
0.9549614984397861,-0.4162407871489412
-1.7826017836795864,0.5056096704129515
-0.20265755223854406,-0.9963877429568082
0.40535790204847194,-1.4228362893023347
-1.4938606022222427,1.0954610952849195
0.9351582301434771,0.24216904756016
-0.38676277576674356,-2.027920856922986
-0.5363997579038526,-0.6851508550942258
-1.1840998500063775,-0.10075195018808134
-1.2612169836253315,-0.4186748713575458
-0.6463332385207528,0.944303732164339
-1.8049061934908175,-0.4456597607283891
-0.30546935913640677,1.866483962389748
-0.5289312250471786,-1.5745415869867698
0.2619354673486007,0.16599362086560251
-0.5135287509559135,-0.5592593133911486
-0.5315004097498927,-1.4731816211936601
0.29030171084271766,2.2158864116800743
-0.2197894543392392,1.572210670759669
2.647262416479175,0.49999836953708643
0.5761856426071817,-1.2115082377498936
-0.5714403326086276,1.2738746749701277
2.8428244364650976,-1.7671747390901582
-0.9382889321875074,0.2352624641162352
-0.5856063322067963,-2.029931003348103
-0.6446697975697547,1.7384856971721716
-0.4592462440740508,-1.0462066061971624
3.6226481415816094,-0.18915060037559403
0.21969449413460712,-2.4310120463192564
-0.10169656389150789,1.9135946738642255
0.024077354469022184,2.1792871560398734
0.2862235712694154,-1.194690929388548
-1.0851286499531039,0.6085170396262254
-1.5519490521032184,-0.5599235525896724
-1.1222142866189126,-1.9901640900843924
-0.3668905013002558,-1.3577167127064027
0.3738359587356293,0.5557558943474109
0.1313875496466187,-0.8667140152134731
-0.7053768156561299,-0.9803636475984528
0.491802746987868,0.4563450644549973
0.027532116472376612,0.06656764777885131
0.7274641213383478,1.265964385035866
-0.10324825871721185,0.4248420273922855
-0.5771267192493654,-1.7856078712112917
-0.3779622062997286,-1.514272430012653
-0.5619093010684809,2.6068605137165224
0.10727300511031632,-0.7353374052533953
2.5380410038103887,-0.032219133555202395
-0.7313244022568313,0.2200664525004945
0.2684410806445365,-0.15175250717049332
-0.6435645620537513,-0.18716035762667796
0.6044128548178686,2.0421892387329863
1.1010014081980841,-0.5689762105279894
-0.937665079458069,0.9454983744956745
-1.3314152941652704,-1.8112826387940386
0.10774742875723745,0.6772651911860046
3.237237959185018,-0.17314571053680403
-1.113733920278497,0.24999979505225056
-0.3055487631056727,0.03643198385561587
-0.16099222118198456,1.216119993557401
-1.1373502447011714,-1.8855570758016948
2.068203679073399,-0.3168577871213934
-0.927948238624557,0.8971388549097079
-0.9211692002119569,-0.9695820586887445
-0.7316494468532205,-0.5152823418218521
-0.7808486984295098,-0.16461526762388418
2.736965736545765,-0.06534889911589864
-0.4434547702854097,-1.472638269471571
2.1866915891987855,-0.39292316611156936
-1.1384775785617243,-1.6339696878962882
-0.42097213946755585,2.2587119774051723
0.3341102290551769,-1.2370833426720318
-0.012948371079319697,1.0789646733230405
-1.1220433085552362,0.3061859760723741
0.35287281040314505,0.6698769386370421
-1.4285091256493516,-0.40939180026413424
0.17501059240100064,0.21425641178609325
-0.6773088809636569,1.1496044300126556
0.27606493274831284,-0.5513413550438956
-0.05998158377217482,-0.5659463234520321
-0.39614607634653026,1.290321362417525
-1.5528566479647004,0.9890937958580063
-0.845267146092549,-0.06453830708007337
-1.4216266827811845,-0.8050979742587616
0.8312378288538758,1.6924807193526386
-0.6871114855107026,0.7121179591818809
-0.1163492870774362,-1.2711556946781024
-1.0288526005259613,-0.36428814964354767
0.26180743325963407,-0.8330422673578398
-0.380906164445314,1.3320710024153681
-0.37639219155290676,-0.5329131349807184
-1.488023767555915,-0.40845568811339866
-1.489780764526783,-0.8475563077933244
0.21067173516337911,-0.8843364426248272
-1.3515237803708817,1.5960665561523741
-0.4040149696820542,0.08033482100241489
0.3432454875346837,-1.4824888748307365
2.468500265106192,0.9203718706929733
-1.1411948896005804,-0.15906036836667012
-0.29328215063753765,0.7667356398094014
-1.0062675226551194,-0.4782627544859275
-1.259293670212897,-1.6926129415503288
-0.7676887219342056,-0.009912109128947468
-1.1334488935724225,-0.7517818980957323
-0.9995554342833382,-1.006574226333685
0.3300816770041541,-0.16233718272839587
-0.23711325991747897,1.0094870344062898
3.6231647558202553,0.5249254209972978
-0.3388370024616897,-1.57483062242958
0.34134630442424424,-0.7354920588720658
-0.6875273007865321,0.12669134205971816
0.1720554830733435,0.5633210916058351
-0.28735811969560704,0.25194349920056724
0.10055312443219819,0.63390140233901
0.47711768164591145,-0.20378264408909116
0.08039492088861341,-0.27616888842303033
-0.17974612702493756,0.2961691141997062
-0.9772756541055068,0.41667405618803827
-0.24163189443199648,-1.1349175842270987
-0.35226000627457105,0.3208790042462873
2.7344582352865747,-0.3308221768489496
2.950301985270547,0.0018414639799431156
-0.5365764721445059,0.5264498351700355
-0.9380704969348115,0.8615097569819593
-1.6805364430152254,-0.3379907052608915
-0.5661123198746089,-1.7850454655457306
-1.1589987251870242,1.2056601399577735
-0.11241210510122987,0.5082988960787433
0.8953552824388125,-0.8816027626208398
-0.44887128204140603,-0.07402543942174446
-1.0077209998388428,1.687292009743701
-0.3071426485231015,-0.7537940875498161
-0.1577739547210561,-1.3512614867369497
-0.17649734634583192,0.7256637333577871
0.39332471005033015,-0.5044687503793941
0.0700991532258324,-0.4621105342337202
3.0686176887897822,0.4466462047833738
-0.6601788309727277,-0.7655185660570855
0.223087097534947,0.6361626278960867
-0.9435807687302722,-0.7052949059634235
2.359696649638695,0.15220155177230604
-0.29218655953763684,0.33549233840193615
-0.34606638425120156,-0.2680330713276258
0.6156558034411057,-1.361778374323606
-0.18332597228071174,-1.8929388540560186
-0.7803066511424935,0.6937021671914436
0.2721947750168256,-0.1808025339245157
0.886984210718549,-0.4585833380745559
-0.6788605757893609,-0.33914821645928434
-0.8227594160616131,0.6584585302197944
-0.18372474620988413,1.2110818515092001
-0.37750782486799717,0.8912949202096838
3.0838848858491343,-0.02083815942308369
0.7625286965294237,-1.0520983839587947
-1.304448161558199,-1.934801930481656
2.6472206954671322,-1.3378496135928988
0.26690238911067016,0.2032981813191098
-0.41910743442621295,0.1575979278951523
0.18243242703144774,0.7141228254307117
-0.16310394938053452,2.52903808672945
-0.17567783588733177,1.8806503703365967
0.9868242249493002,1.3587804785344937
0.8313182517662145,-0.3384999456330066
-0.35992427664401505,-0.4461974633337478
0.0007968919895210769,0.12376300909724278
-1.366247282053046,-1.0521059007956928
2.877373983967205,0.4040844494151617
0.3294969397940079,-0.3770904453309456
-0.8628852224176131,1.2984573310890226
0.5278661523708479,-0.5759664224720193
-0.5871806505685258,0.9999391104137331
-0.04606651557033894,-0.06388460450141609
0.8322318676079756,-0.8632527393053877
2.761853562894023,-0.18885628475649757
-0.328516480929623,0.24791453745063438
0.6570278826939135,-1.0845840068066985
0.002973038940039509,-0.38152700755167585
3.252791165105176,0.8109525446754042
0.2751695070119759,-0.36607789750771497
-0.30549474215279143,0.3426220607702986
-0.7084697333045504,0.03197191269303553
-1.1957021914794066,1.0458456196910102
-0.4908767786560465,1.6446635089465018
-1.4868001423670474,0.15933689870257858
3.227213844312844,-0.04287025138990511
-0.3576636687263384,-1.1368241572424729
0.4936241627107049,1.7030737606580533
0.20895700856794402,-0.8102471644980518
-1.476668789004081,0.025221328562226922
0.27408950052474873,-1.6166892675895457
-0.7822508899687961,1.1326682534711363
-0.6255338753409841,0.3971838594735913
-1.4907573665584435,-0.6271529382713303
-0.3097169700074162,0.15123806116402327
3.028843328989629,-0.515176941925379
-0.7677817285906853,-0.9794888491243247
0.27226828882150594,0.4570808745305143
2.4167363364616907,0.6816683402133963
0.5607684671019216,1.2830008978398086
-0.3688528004162885,-0.747165305594314
-0.5856068815701868,-0.7052729180248187
3.6118312520456803,-0.39843769708852156
-1.0054962227686235,0.35098590278409253
-0.7039686097163723,1.0233037668355358
-0.8917426471020061,-1.3212700676559055
0.4141606574605408,1.5899315429805732
0.7622108948759806,-1.3037164287025051
-0.44203746929294013,0.3612844768943176
0.1945877629539709,-0.3973773953478888
0.5925672444391493,-0.28598047119638
0.1644198006084105,-0.041806712501953065
2.3747670902422042,1.8892826316130464
0.1457076157775003,0.8760903912703376
0.5452529441389868,0.291106638031747
3.358532228734629,-1.3884711839138504
-0.9999575670882457,-1.2407596091213935
-1.7246681036823226,0.3465343489451179
0.07617795405147501,0.8375572944998717
-0.49165717359525446,0.9851595197445823
-0.34306571987627604,-0.2541046186146599
-0.7279370598739779,1.9821309441866604
-0.39820542017386223,-0.9143479581916025
0.9878943830008307,0.783295763684593
0.01966773077135451,-1.8341494641069132
-1.239616849455877,1.8533393143900005
0.1578284235989414,-0.20990657488259837
1.9851397369888804,-0.3014851339483776
2.950743233594747,0.7315094945445416
-1.4373174874227035,-0.08211289142981912
0.06479363421214537,-1.753909138647833
0.6033937783911808,-1.571096127874837
-1.239564465084659,-1.6642480993911757
2.932114077168926,0.9607912686842826
-0.5879792356131577,0.6799244573480137
-0.9849975698636553,1.862074819860002
-0.3226028477867796,-0.7683156027666471
-0.26501555734747034,-1.3409576324504384
0.8865487727752264,-1.2077992714332613
-0.1257801190501427,0.22878644432653011
0.5975827963209195,-1.0796920010535624
-0.8038715359331223,2.3899933797030197
-0.6696254015457163,-2.283841082063287
0.20063018356876572,1.5812691056581039
-0.2902996263360504,-0.2594670595184459
-0.4260665459552014,-0.10228655659506145
2.531470422399094,0.8025570032810474
-0.2937824268805254,0.3666456999470451
2.630013427451991,1.246340809315285
-1.249665797981045,-0.8649052134058339
-0.09423787947053067,-0.8018921429600501
-0.36065714019030326,0.7125986278002108
0.056401841097607965,1.1546371403084768
-0.2740428239532003,0.8964485417146457
0.06134400899039175,-0.4448618133075405
0.8717877921554331,-0.5276768854623591
2.380094553612832,0.1550205764204724
1.014359806802845,-0.24359212023812374
-0.3952189876332493,0.07299734551019357
0.4746141386578328,0.1646715930304877
-0.059472632024171544,0.8211530183617032
-1.1474906931168498,-1.5816968375932432
0.6149052991527841,-1.188151032376731
0.14713237524101863,-1.2835090211277331
-0.5834885098240667,1.1698183118820664
-1.2169182531336835,-0.8203978624364318
-0.2409749461635451,-0.9534635808460667
-0.5387520196996481,-1.672538721681344
-0.4316631308275862,-0.8302791246339012
0.6147591547421019,-0.6359811115907638
1.0653688533402166,0.6915653073551781
-1.3927109335290029,-1.8904099073929217
-0.32390491396252596,-0.12650695754752045
-1.535691570541284,-0.8965700519836698
-0.3024817778370273,-1.1751073927320377
0.6867976204736922,0.3392079305893005
-0.024138935331338894,0.9653448725984566
0.005186269452404947,1.8096655447038503
-0.07957365975873404,0.23498005454415696
0.020010915441182255,-0.058669517743753286
-1.139142868499903,0.3501617297906121
-0.7796868364678746,-0.4417059101549556
0.5435018373327041,1.0441745884309235
-0.7800805533991547,0.6469261396163246
-1.2341290098402538,-1.4065095125773706
1.0433218644852797,1.029929832160256
1.978848520890821,-1.2031357007723962
0.009830178575530181,-1.0893786102925438
-0.6502981252027915,0.8308372156312734
-0.6044354499765869,1.7658294529860383
-0.2371631927835551,1.169320457040432
0.8407966949155492,1.1915744685714484
-0.16911074316746608,-2.1244278395487757
-0.7436150152112675,-0.15119996452298362
0.43720694608706384,0.0009437420466458471
-0.3873961931285761,-0.032037541037832046
-0.4188930372283366,-1.061798766964962
-1.608464881744622,0.10841642992076553
0.9554437143930439,0.15543447354581086
-1.0328065400455224,-1.30097475189145
0.2029821615612588,-1.9635583389511029
-0.7649804261643532,-0.10336028771725611
-0.9960132719847871,1.190329746517893
0.14226161499156997,-0.33352959155605183
-0.9210548485939123,-0.3217874047997563
3.636578664580425,-1.2010395376104692
-1.0405284558036711,0.1444260117805139
0.4142924458010247,-0.09760389226647123
0.3372124457759033,0.9013352672914955
-0.6108741930154121,-0.4665503336017698
-0.8540586705388375,0.6316890861185073
-0.46203571613922656,-0.9176185156230403
0.8890597627258454,2.2279760793489123
0.6816046009682841,0.3486793977109122
-0.0529484090751153,-0.9928365158300726
-0.31383086622427586,-0.41661583932856133
-0.6590806343800766,0.14560346788854467
-0.11580265237220982,0.10814764253977975
-0.4813342005580459,-0.5498493115222376
-0.36093911099628917,1.1066599961073835
0.6166064230610053,-0.4017650719647516
-0.8512614061673252,-0.33782634020026275
-0.744813880951041,-1.3588754180231482
-1.399132635221171,-0.4333423712933483
-0.42256370319553666,-1.7213640698434893
-0.5019478044764349,-0.004454308986837536
0.44797760697644834,-0.9368865738997575
-0.11969360570187174,-0.5241895355577353
-0.5152994804296896,0.03001932077148513
1.3405185786300446,1.0114251552261335
-0.8366594990461516,1.17882071328018
0.6008994102395225,-0.1606700859501495
0.5480034305005642,-0.5008681156230693
2.6606666808232418,0.26843616432070366
2.3091308333509826,-0.8746672782069385
-0.5487922685478862,1.464249494278135
-0.02225734293094738,-2.146441180724312
-0.9810965025382087,-1.5363653136303603
0.08147362462946536,0.3032598139822527
-1.530781071205252,0.8126779345251752
-1.3560405627756333,-1.2018134801277507
-0.8895554787851098,0.8386226836072603
-0.428504491680822,-0.3638039407257118
-0.44364824206941766,0.5817304093016338
0.5250130149366883,0.7408343445788043
-0.8763168517035244,0.8275370676364973
2.4678252565480103,0.9105031881443371
-1.3727528953489818,-0.7343597727595969
-0.046292613313677726,-0.01710857692629695
1.9527638849321494,0.3797196520444181
-0.39830158168648283,-1.9016319482167916
0.21785058469143864,0.6729780024076585
-0.538354943892633,0.5770353169003036
2.6766589491225456,-0.5169169552750643
-0.5584355955767178,2.1504924223191315
0.10337303651165095,0.013786557590398804
0.41584679615146464,1.3538936013815503
0.3528981136358213,0.9820223673832827
2.299195007901384,-0.12789696616341192
0.28234301573884074,-1.3255901078776153
0.9789462365610644,0.31853860518748384
3.2006411820200373,0.987857743526264
-0.7368333713059168,-0.6755555427683405
-0.45876225579473545,-2.3397232360223557
2.525418357368197,0.3183132556664389
2.6849106122268718,0.42765762208360214
-1.1437764540278412,0.26224103076853295
3.167316013089782,1.380231894836753
-0.556786041116236,-0.7270656853306057
-0.14777123484243268,0.21986562839955434
-1.304687108605767,0.9682900886320498
-0.7526422818169973,2.0862062096421004
-0.037884328215873585,2.088450552128059
0.08341575171461438,0.8535771759569062
-1.0835047440690948,2.0639704268766477
0.07716352132015356,0.6153132722135822
-1.3004466906457182,0.8201847521021248
0.517875003221993,-0.8065688550197231
-0.17719197757150634,0.5520057345726086
-0.8563101333718167,-0.2270493762178817
-0.022017358697092308,1.4785228643581392
-1.738367471939907,-0.7037413971890647
-0.04261811331125214,-0.8323981246450471
3.31745382083327,-0.887106252452935
-0.7112560505135851,0.17826725329696888
0.6204311055289329,0.07641944725636962
-0.2698707329842456,-2.072832874368053
3.308618173901782,-0.050593339414319344
-1.1484736548927776,-0.017087479953858068
-0.28064863681657615,-1.6187333080002857
0.4001851287778478,0.9141692623594562
1.0654436698912724,2.0006313834867555
0.7027080833305737,-0.29806366457057926
0.6100982042723192,-1.4263842792817512
0.39775948299306557,-0.8790060279864967
-0.5895010397879751,0.024303142024868565
-1.1639747420018056,1.3381002475723665
-1.6129164920144206,0.11400522316360262
0.2663331066975035,-1.525405737468931
-1.1902563384359144,1.8050222061132626
0.3640066183938386,-0.6971546576023471
-0.10388844944230838,-0.5993799644976896
-1.4640625603412556,-1.8510136150431595
-0.17276040951689758,1.5393816951127082
0.6958673614744494,1.9354904925540337
-1.1786729404512937,-0.9979267806294602
0.14723763180635124,-0.46596969917064485
0.14679322862601052,-1.2133449797650546
-0.028302215050884004,-0.7673336905832701
2.4501595690463183,-0.7565177268956542
0.2809377491271215,1.1657026360608025
-0.40669598029377074,-0.3354510046135772
-0.17903145358407324,-0.5231376407980518
1.0469326193350132,0.19113648804499853
-0.815274045877876,0.1380162826915157
-0.513043459930223,-1.1815932755397947
-1.7478360666535446,-0.40771972646178817
-0.5586365941069745,-0.8110849596826247
-1.1041431816404776,-0.2391545575306858
-0.902547082709488,1.6379042559159944
-1.544668854248952,-0.19861778862974178
0.7671532667883583,0.41728345600459343
0.5630952160656386,0.914430878111282
0.5196574332412313,-0.22322682189736184
2.411052005950313,0.28920921470835625
2.8810873898895206,-0.959534908096103
-0.47689674233885165,1.6296952190969642
0.5388345271186539,1.597977408857327
2.208522878109471,-0.18307366373308073
-1.1192193083889783,0.15209463087258765
-1.1474535595230173,-0.2648347568658123
1.652031702068389,0.009709191028882841
0.42500933978910743,0.5992540650185451
0.005748908318001518,0.35036014041295704
-1.3835081014413866,-1.310480112998685
0.18327518459326436,-0.48576852952061794
-1.1397970814599099,1.3431690464588708
-0.031341785345699445,-0.23293233350372197
0.6009007129858976,0.5105125817263982
0.9437306457377934,-1.8644299186307676
0.17320736678358784,-1.371961620553163
-1.0715281785165847,-0.5029525243140711
-0.9273367656196655,1.9273161986312408
-0.508733486436605,-1.3257427184673192
-0.07465031111847317,-0.9120879504855846
-1.477373064645858,1.3459660831684326
-0.7204535418000066,2.1151641143051183
-0.799612378504259,0.5777406217136102
-1.789954062776464,0.009699150370733704
-0.34316057864252153,-0.5702059409633006
-0.20180569962401557,-2.366023765976238
-0.5232066060858273,0.15248686927551244
0.9780871910355751,-0.17517660954873607
-1.1773577411680158,0.0361638938091512
1.1051105871810396,-0.3542041971341547
-0.10508984647093228,0.33898210027597114
3.501212235255818,0.8876142233167645
-0.7215479841411406,-1.4825292431109984
0.5837075970213608,0.9095696807725432
-1.1369921545977548,-0.2993697003007421
-1.0358488456487822,-1.9410347148611922
-0.1884883477522489,0.94550469721422
0.12759473975503716,-1.3331466362363409
-0.7307045875822125,-0.9153416248459045
-0.127952177913856,1.2000999605242733
-0.8169465818815861,-0.48642101424821665
0.10587998840745019,1.6039179206467338
0.5728054931352888,-1.1102214916804096
0.05272406200315564,-0.1565629274524914
-0.9676464791272795,1.9155644520090804
0.09221371568887884,0.024860267514143494
-1.2194810780921297,-2.063243884760713
-1.704108520716815,-0.5050507305049649
-0.519612059416058,-1.1681965716540859
-0.6970785043575626,-0.04542572759993502
-0.8297991545225342,-0.8909441276078903
-1.4191379209908095,1.1245227249337737
-0.34356599611926397,-0.6541945584770158
3.222742741191246,-0.3689747896874155
-0.42701325733597534,0.9512481440757276
1.059716395405185,0.3108580800483917
0.9957397454297359,-0.184055014166483
-0.4063060176140078,1.2624882690856294
-1.2523401650451917,1.907318284057108
-0.30754170625557636,-2.1819886931809225
-1.2811886244925663,-0.7142497674521155
-0.6295488247047931,0.6114547808784724
-0.4564209411614177,-0.529115283720401
-0.7510966811754729,-0.9377085522881776
-1.878263612757203,0.2316318461234215
-0.3331071224828517,1.4573080163618795
-1.2144770227362278,-0.7090772435797749
1.0393087672312367,0.5907253359184009
0.33140336584739355,-0.6403565117109801
0.03167056253892773,-1.0492737759821555
1.1885194862614434,-0.45928879446395593
-0.7944765348078733,0.24437182764750429
-0.4612818529751698,2.246960230783012
-1.1219601503344532,-0.5503333688639802
3.3013679965140956,0.25332821247073983
0.06715704719001284,1.7307574805475647
2.702818401632273,-0.790706231960301
-0.7451496686903141,2.049494711692458
-0.42316532776473154,-0.9254453286332907
-1.3914384742008405,1.1668654274354817
-1.5625656964918753,0.19652597969932467
-0.49733110630754535,1.0941383938479898
1.9279229163775349,1.5374028378942726
-1.0618952492868405,-1.6906334519635153
0.7555721904931857,0.030382466904086962
0.45270482830796516,0.007669252667623624
-0.5359053718254502,-1.4772294853109718
-1.3949733935564455,-0.5463077958374601
0.11266757250937173,0.8921104243034653
-1.5115326494682029,0.7726461683623193
-1.4665128857914231,-1.7925895658317161
-0.11754344116311394,0.15093711967419457
-1.2449691464794992,0.7390813826398414
-1.238279705815658,-0.13863067077807492
0.5027670836808545,0.7846449080585054
0.4031254624876098,0.5864931380981168
-1.4157423167219372,-0.4907146773212015
-0.37283470427307,0.3179441969891732
-0.10269484472002122,-0.6968146935267024
0.6601735927527401,1.0264906957668687
-1.4513384913689564,0.09084816828956516
-1.1545660584056343,-0.4562800701486951
-0.165725802257769,1.6157701551074108
3.133753465418422,-0.5099926635821133
-0.10597158973634718,0.8754867921466063
-0.26774655085724847,-0.21728954725527458
-1.2256026188728881,-1.339727053104513
0.7758452950182058,0.2635893262318313
-0.38319290876235984,-1.497004958295188
-0.8088250590275722,-1.8282852576123583
0.6258820155703175,-1.1797926221153165
-0.6889633412478162,-0.04308398284668574
0.6351453081387912,-0.4261622660505791
-0.0015760856207404572,-0.6547843838335614
-1.2791047308155428,-0.1932757710965796
-0.6839165459367987,-0.7121020020555391
0.20898504710906468,0.6763595842974794
-1.2052183175859643,-0.4764327899175917
-0.3747287506019087,0.26126883002711415
-1.1150159442390537,-0.10115631351155949
-0.5580758073511437,-1.6169149463267816
0.20545546855465457,1.4800130164269236
0.377681986165122,0.7121583274621429
2.449964664700241,0.7945722995048073
0.6461369299899137,-0.6070964266513716
-1.340334099317541,-0.11825038081906858
-0.7874029418451464,0.9841469507229015
-0.5177479037381058,-1.9446525358408218
1.014119557008902,1.9883172311990343
-0.06559690811337418,0.37020852996861253
-1.3168938099564356,1.7363450796720492
0.3473983694551415,-0.2512483112574575
-0.64952956062474,0.4856245528520027
-0.4426307521924076,-1.008382202963416
-0.9097803727381254,0.9311538039883054
0.7335914724999829,0.5228996505855589
0.7382847651257938,-1.2113198417216933
-1.314551476380045,-0.31407961154577335
0.14530261784845455,-0.3646522962628572
-0.031365865615708775,-1.0856115674466233
-0.0635436584702217,-1.9377895578244781
0.02982842542181672,0.1895243822248141
-0.2104561366575141,-0.2065776377696859
-0.3157268944785742,0.34808822665992084
0.8309427249403585,0.41064276800207294
1.7397909929080784,0.9271404662249947
0.2461374242162897,0.892818814687998
-0.9096700591749004,-0.2666955298485449
0.9302373330083582,-1.9685169385571326
-1.0554596611041562,0.5240390845944815
-0.4038265548959385,0.04135479802314899
2.9157668736223465,0.17766426280890926
-0.937025771931651,0.14178362868962252
2.371007375889636,0.8940681035917715
-1.3230297865911005,0.11277992399396332
2.548274329066853,0.8014013835355279
0.20086782786995855,-1.9930055811321494
-0.09563295230275667,-1.1296602377363008
-0.29087615169216324,-2.4719017278851227
-0.0791719465015232,1.6259195073513448
0.8908015704598222,-1.67584604130528
0.16613924443774958,0.23718589647002114
0.11590738795145919,1.3234456962258414
1.0107867349103348,0.5874052192812808
0.5991346209623174,0.24115663011457267
-0.8581340005997954,1.8839759187260965
-1.062851605083717,0.8573040020986579
0.22860831649288543,1.3797472051266328
2.780773235815151,0.34271399005177255
0.5374821942415434,-0.7529753463087153
2.3994710094388485,1.1140246984810587
-0.10304759402224326,0.23382458637473083
-0.7600557747777171,-0.57924562507045
0.5292398302095233,1.4532042465876338
-0.5732195577397394,-0.6713805962994361
-0.7189447409170268,0.9269820946667203
0.3303209078550244,1.4667861093542232
-0.6947379431072295,-0.23065852829781217
0.23620097519940053,-0.5241556415721123
-0.39807733605290985,-1.294932558145174
1.1254051664833185,-0.6106834392166041
0.6921445766961194,-1.0633607930629263
0.008531187472216574,-1.6415791879168147
2.603776423082764,-0.9633973101803469
1.1637811687794108,0.17356837798989166
-0.95699475727415,-0.19104642022886545
-0.13414996780773902,0.11127206367615267
-0.7847773347163947,-0.7891564411255458
-0.15550362818337676,-0.04788808041013824
-0.8640224047138627,-0.27605136593730234
0.1364857103857814,-1.192286804683726
0.48881172702904524,-1.0519861416493532
-1.306528017180403,-0.6101319391113535
-0.6923454726451687,0.8795821961733394
-0.6922227793573968,-0.6382085710056045
0.4500634825789314,-1.2372920104947627
-1.3906497375919051,-0.3392160044305305
0.3736467905665291,-1.401104835673155
0.227731760041057,-0.26704077410047594
2.772706283277409,0.6661102250073129
-1.1725369638166288,0.6256383750486256
3.0815580070697237,0.5156358756092476
0.3139223388802997,0.3402138737402491
-1.0358956236587173,-1.763494042197239
-0.5623460417581788,1.1864619126812694
-0.6557194283965924,-1.6120346950445703
2.271795722022825,-0.9037903731084933
-1.4967716688484092,0.09252378239141713
0.35266490276523027,0.37716363007596065
0.20929026501836678,-2.0725797759398326
-0.9007544589107563,-0.5978145496763125
-0.06790546697166716,0.39928921356093855
-0.7565067033715078,-1.051205725659547
-0.6997898751998477,1.2420316738317712
-0.5115021629036063,-0.19427862867630205
-0.4542423185338427,0.47586405028758066
0.3915879593142458,1.3839647144808591
-0.759366200549935,1.6098010295086673
-0.031426795676248225,1.2770624290793688
2.475573858068919,1.6601469937683704
-0.3005181759746195,-1.1144761321675785
2.07593729537701,-0.5896378835083619
-0.6377758081437338,-2.1847191360375904
1.1184063900716472,-0.041392486160423576
-1.7838261622514382,-2.0580236694028575
2.2079498414447873,0.7747937409493649
0.026061048578605563,-0.13266682535561758
0.2880832193128658,-1.2804163231046293
-0.1799430875003745,-0.8197642800762117
-0.33394599597745717,-0.19727596746108253
0.23159728032234866,0.22105499055460354
3.585305367762809,0.4547496251636943
-0.32876021941499517,-0.6904781841613301
-0.13234934768307663,0.35512476066231363
-0.4143471175556832,0.5733718474641261
1.3035837535768369,-0.4067235199946881
-1.066417638052875,-1.1484667471264176
-0.822439762298404,0.25660115731676836
-0.2534441254684003,0.5403461100414526
-0.616938557987148,0.5808638249989246
2.8675700766737844,-0.7045846890921605
-0.15332693186946772,-1.877836182382341
-0.5295192969611454,-0.2594775961383122
0.27560945258980035,-0.3075925346196642
-0.9257716721263419,-0.76490523175869
-0.8291740788304288,-0.721242022425112
0.031709548242526066,-0.385887112901461
-1.5715130895486573,1.7276095742020476
0.48136083491440457,0.8225733394302747
0.3077573047614414,1.0910746127864093
0.5866619529660333,-1.4353357520470307
0.9281450976616075,-0.32390551384473654
0.3080320826564667,-1.1663379932764133
-0.30336078579399783,0.535858619187888
1.0290175869866658,0.9257695925102655
-0.9107765974372789,0.9877678572737569
0.8259009866272333,-0.9357278685830119
0.6808813818380983,0.013072735453486525
-1.265240948258144,1.1770571909886445
3.2416442240069507,0.5020848212570553
0.6518252187724027,0.41929021370629765
-1.7252873689935506,0.15728434096823288
0.2592863293132303,-0.23804030655213587
-1.767493864138448,-1.085604092665277
-0.6116527358448542,-1.779529740450426
0.4148018671287101,-1.246879108649229
-0.49794708694693857,0.7546916205971113
-1.1090489693224135,0.6813657238129307
-0.013012789831288195,0.2713365967999103
-0.9276877425958301,0.9927635880127291
0.5614155669346762,-0.3616411837108912
-0.6719782627368878,-0.5669503751501073
-0.5167587179623043,0.8355014996182066
2.2328103028512007,-0.0511961133601424
-1.180828161987944,0.34233521993254856
-1.585842120916557,-0.013354179517467557
-0.49227323401835615,-0.5660037263795052
-0.24929473223937137,-1.398715399434391
-0.03909687642656936,0.5295338642934405
2.683645475625364,-0.9341704902929561
-0.5993309294931566,0.0960506753983947
-1.3899591444210504,-2.0112019933711904
0.4660714096948088,-0.216096947952906
0.6080177992867247,1.2229437974118353
0.12506534417089193,0.047820257460281554
-0.2529197189234174,0.41349479566969666
-1.1020157946253542,0.25447553143489027
-0.8414211186630566,0.09186412603465852
-0.7898495130437967,-1.6440003235361418
3.238471982172973,0.8960848758876205
0.1186740824930008,1.0133610393853656
-0.7411893694264852,1.6419753258229692
0.5497526351650959,0.7791598398015046
0.39672961339150875,1.0310480176206465
-0.7189950076183909,-2.065779305718449
-0.3050419973027233,-1.0755880797032238
-0.8061946604610163,0.23989609126486455
0.43917964300218365,-0.108169665456995
-0.6513788108691033,1.0727879461765315
0.24595284346539958,-0.5430560129300136
-0.8526285202421389,-0.3907041590541912
2.5779724551837027,-0.4457859933472533
-0.39079781737772784,0.5589353064418459
-0.8303196027964058,-0.13016529838350488
-1.115355090854062,-0.030992272148880822
0.5837562271410615,0.07855359046185312
-0.6729372240265149,0.6386217435589706
2.8646473837060555,0.6082601843562625
-1.2065185316519451,-0.4880995623452013
0.18049017013060487,0.33170947875986323
2.2461619788044556,-0.08566974311846495
0.4931730659508084,-0.8526903548382767
-0.9703704337137056,0.20246444845976444
-1.176340720870688,0.9824258397405947
-0.12916081788542605,1.654731275719298
-0.310533874973166,0.33861675953830905
-0.773703573587562,2.034422696857084
-0.7076478213728938,-0.7911749532981751
0.28309297066377165,-0.17455936450120615
0.5851681873323363,-0.6043503185746443
-1.2814665572437327,1.5254555885808956
-0.9103528600394185,0.5643631233474671
-1.8603199925043443,-0.34105259486959844
-0.33399222462400163,-1.344393380120413
-1.2229748257990827,-0.6139110395803853
-0.8296504046191013,-0.100748713040762
2.107236629637943,0.6488480334661343
-0.35468174382022744,0.5412517169299776
-1.2415240288922473,0.12076462777020341
2.549025382718565,-0.6968840437346312
-0.5678693168454773,-2.2241460852256565
-0.005322666865777363,0.025900407802901825
2.6665166485971015,0.4404187005801236
-0.4918196059696095,-0.1562771291570005
0.3978470988163649,-1.046635455216492
-1.3305191150459486,-0.0007053433303876803
-0.8433035442301412,-0.003907046515614026
-0.4430231663773124,0.751432514484412
-0.8470735765980884,-0.2888431012721276
0.6402011985025207,-1.264924953327533
-0.9090163157945756,1.2766717116796893
-1.3515895018692254,0.11725581195269634
2.291183928426289,-0.15178607193992522
0.032675752475099275,-1.1077284820319027
-0.6783797923981721,-0.2707516081372755
-0.2907785576174733,-0.981339085487191
1.859453014903953,0.4219470266654584
-1.0071798357505053,0.7176727068630017
0.5370571540973078,-1.0007532800589731
-0.8865321166702584,-0.1776687702866288
-0.39814811454914595,-0.7583546465509132
1.2025476033349483,0.019384910699100727
-0.42995796886454546,1.8017508235039166
0.706910348753717,2.098001561691842
-0.7452571112007006,-1.2671640156372055
0.2825237680343136,-0.691546810416038
-0.28186877331401455,0.9837761782328599
-0.066078994250938,-0.36937074602994413
-1.5997195061611698,-0.5232119030639368
-0.5366043066660323,2.3603419246976203
-0.6603691479005946,1.3065573627459304
-0.4182211037425879,0.14207913842707176
-0.8857320990635574,0.6456245351518336
-1.2348795141285753,-1.2328821706304958
-0.4428982871444867,1.7327611526780429
-0.9509005016515277,-0.4053292476807648
0.39788162691744705,-1.0721387098421566
-0.16579207311950328,1.4616174962310169
-0.7250307846856157,-0.8564164836455074
0.07262484459044619,-0.5361265926368697
-0.15357901202456722,-0.6506434829263734
-0.1903968299349943,-1.458252657082125
0.07293164904942609,1.9183320259986911
-1.0076691648310154,-0.5056373187141912
-0.48717752478433535,2.4661774752972763
0.2717990019561856,-1.7591939048296152
2.8028937384747685,0.6422328737017247
0.4576704473236593,-0.6262088545554167
-0.2025458061132499,-1.6909584244209157
0.5447494630078725,1.2529299363165933
3.5448325427017555,0.7941233302670405
-1.327349608520415,-1.5691667180102438
-0.5394530106695903,-0.5019907323491315
-0.35543355085492423,0.04369639120030487
-0.048892367846362465,0.7436821583451069
0.42765321680699125,-0.30182219009289396
-1.0206607687553935,0.29364425359454305
0.22045888491344495,1.0671006843914386
-0.1052055008353521,-0.9799952212895647
-1.6800107337238674,0.2063406480439004
0.15727487978605686,1.0796541613401944
-0.2571539069548925,-0.6147018406139645
-1.0548698668961178,-1.2765963085969079
-0.453960217912163,-0.08610133332339684
0.04765954616639643,-1.6844301303039302
0.5014468273996842,1.7659428894138325
-0.9132659085910447,0.3828052434045055
-1.0746736845558174,0.7064716114354777
-0.47833223343674525,0.1352618088672761
0.33548075203771127,0.7743800763578101
-0.9398198314150368,-0.25061418313880973
0.24933101101183264,0.17703667395104347
-0.04314635389146048,0.7693080403239863
-0.6269867531293314,-0.14153994979707835
-0.9226363598666024,0.8447314712064298
-0.25799927000945955,-0.7571758210157303
0.5076300516239665,0.675592814231472
0.12895629750055376,0.6801574355577966
-0.28916723547760526,-2.526443103217791
-0.6598188887595451,0.16719339179713089
-0.8514784088579519,-0.4607949806932441
-0.19035250343020108,1.7219606614009557
-0.1902089645122692,-0.17257459473810677
0.15554386522694935,-0.5398631302205794
-1.7298924464006862,-0.980404167454808
-0.7852332844545894,1.9909669374951786
0.34287850639814904,0.42156725605952683
-1.1467725309845564,0.7692984804581213
3.1637062771831213,-1.6420074045677666
-0.5527734932255833,1.0367968962345335
0.05931009821143,-2.505289720474232
-1.0413275902116936,1.1490694440380786
0.7714821837703851,1.9294854299407003
-0.7491127032625872,1.282552777512656
3.1691951539850316,1.626199832661019
-0.16707943788125476,-1.4063652677351794
-0.5854866397875568,1.1346903059432716
-1.1751997843229212,-0.1296367867035669
2.3772433981041323,0.6504419105207547
3.143191490302089,-0.1465835648310958
-0.3856605411192728,0.7288451647484829
-0.3197021789597004,-0.26681628948159214
-1.1573828156289458,0.18154202462972766
0.4591512838694188,0.18740523063757483
-0.8685539683163176,-0.7758564659053132
-0.758645167364803,-0.5537117136064817
-0.17552710405843927,1.849466351953184
1.7209557809541083,0.21023351415691782
-0.7080051580933259,-0.38152157579929624
-1.4959743865501527,-0.25864423221941124
0.2270339239272559,0.9212144652615479
-0.31973397175233803,0.9331482851933631
0.7940599389145724,0.12006360264647536
-0.27132926716586137,2.1081105456555145
-0.7899436184270574,0.035739107115049365
-0.11205620094286683,-0.40463313379287874
-0.8802910374578693,-2.436683619151584
-0.17881643281890622,0.4212104326454703
-0.016232359038591763,2.167535409417713
-1.1520150638083442,-0.21815069980560414
-0.21861028547085878,-0.8723060456036297
0.9634067131118287,-0.31431841569027036
-0.04803866312206819,-1.2794292823210593
0.9609798387845714,0.70972647991415
1.8792516957820518,-0.7574487104461969
-1.6791790531402226,-0.00242660588878759
-0.6971869658110218,0.4989481885901788
1.233542738629652,0.14577754439113152
0.33814951274057486,1.3422033200120909
0.16448750403221396,0.6156245987471839
0.12594312916519546,-1.122611949262983
0.8802979749428346,-0.9427845228038421
0.4282224194364495,0.2151652558219379
0.32430522303497494,0.30356368946721407
-0.5208984667752307,1.2801602557026657
-0.8756697518707697,-0.8171050139142025
-1.620981592442397,-0.21607395952759345
0.5641317292147655,2.1923861555830726
0.4419723997391944,-0.3869545213051103
0.20885107282352694,-0.13522438582805138
2.2270298906109107,-0.21922275601716193
-0.36696511383171737,0.6537160494851357
-0.9294169050451717,-1.2802291211947816
1.8057408093783294,-1.2234344052602644
-0.6825813044383311,-0.6709760813998648
0.7550646713072516,-0.8534382225369053
0.01876855078350024,1.037685316899754
-0.24174549266705642,0.21312851488374496
-0.6246240935344486,1.3472859163984874
0.2851437688017821,0.8751965388527374
-0.8006573075270137,-2.0230320883171693
-0.16921714849156544,1.086969497317718
-1.325066902258189,-0.585734745025526
1.234790913668211,-0.9701251930464827
-0.7440152959064091,-1.0388607649574286
1.0238245674812576,0.9352410596318773
-0.8381740602780229,1.006930147535671
0.46057056678734803,1.199948544052922
-1.3182570899960238,0.2086124102208434
0.29756877558945277,0.9012928559822668
-1.8081887488880206,1.1461896277390264
-1.4677668712108591,-0.6571389255999949
-0.6878729369615019,1.7089653868435926
-0.06206602681258871,0.237737765515716
-0.8712012542419223,-1.833365810969788
0.15758413575017866,0.1763587888287212
-1.8688964461534803,-0.08009761640450917
-0.25038581570477025,-1.6582026684975804
-0.3394458699738307,-1.2626426307980176
0.7455480756210117,0.1606579260509858
0.03376342145296921,-0.5301404323909149
0.150860217017241,-0.30004639130471195
-0.4588582633197478,1.3731121004525852
-0.5044072249793145,0.22371440829270595
-0.5920611294379772,-0.04408156025012207
1.8333929287949726,0.3211070552286813
-1.1876838690613654,1.5534654750461596
-0.45466853160875964,-0.6110005664430296
-0.006749612274349469,-0.3136195851716024
0.5712681043477978,-0.08398813551425854
0.5125299491413168,-1.4370960371912467
-0.1896118475775762,-0.27776276547765094
-1.607343907628337,1.2010350301327495
-0.5287933425225154,1.2505903861684042
-1.5241891448323923,-0.34388028841746376
3.2598789101185073,-0.6344056561112377
-0.9649063905647893,0.6221516987458167
-0.7554402995714944,1.0598808829610384
-0.47285834185213227,2.3810451440850597
-0.42755442142431294,1.9208674469564269
-0.9177973924097914,1.0947166163097035
-0.7285316455198206,-0.058718403347620816
-0.5514454446380762,-0.7854284208654416
1.307771033782683,0.9669178042567315
-0.25864767258858956,0.21628359285842158
0.8962241763999981,1.4382085370471118
-0.27657179998964887,1.1206613653917887
0.5201745968432678,-0.8338088858477537
-1.7886487119288828,-0.7823062601223865
-0.4452921901686166,0.11924177583414837
2.3680229252744827,-0.9146566330605658
0.15153665813749156,0.21310094361666718
-1.5540334951436325,0.24376053637807557
-0.8384972027326609,-1.7615145526104257
0.645586670848864,0.532267544297428
-0.730526570595184,-1.4557596474336179
-0.004651566546721685,-1.9777789126781051
0.052089262111239466,-0.04357875211709413
-0.1404326382164769,0.36453491410731814
0.45579972230203697,0.45064064017930583
1.9506832759269608,-0.2914511095851114
0.5906763529664517,-0.3249485881286275
0.3345041500060509,0.9947834458798043
-0.22216900129317066,1.0940568083768516
-0.5305399416942964,1.3129277660969259
-0.4082293310264422,2.536426339278412
-1.532437399028998,0.6701307343997835
-0.23817187141115562,-1.942526909958944
-0.962248157476707,0.8564409580954547
2.78912611742999,0.25918390164168903
-0.21768737055679177,1.7536953309790047
-0.897322270411442,0.4284682141194273
-0.3874065909276633,-0.5334755406462794
0.24466164466842266,-1.9361839262989324
1.9014676065713052,-1.4664865897708883
0.14685355929117377,-0.871740402790749
-1.115401868863997,0.14654840051507265
-0.12358447924782509,0.05518975921795865
0.2855822818175376,0.43040324936804497
0.10763492924895865,-0.6240048803497199
-0.141158462839413,-1.313437083503203
-0.9421551260680754,-1.0369575806654672
-0.682792966327763,1.7228819335095402
-0.37513101322251013,0.19498746254321045
-1.4318235536229007,1.1707056900050277
0.2837881512528367,-1.3255594510393118
0.7933594973080207,-0.034046493344596494
-0.4046211816694592,0.35526765981005914
1.086936910913731,-0.3686712434186455
-0.9243361810284484,0.729528178470998
-0.0010958515929424195,0.7382703098117317
0.0622537907969272,0.5052402436173558
-1.198730345032062,-1.7793476671407713
1.0443914731734198,1.7791032026336395
2.243367999104778,0.7336489179263117
-0.8172194576348599,-0.2621043140091442
-0.17396188074942165,-1.0106590937405517
3.558883437298895,1.4542936016964507
-0.3882084606441301,-0.7032934284380055
-1.0767088182974458,-0.813422490534553
0.5758346656310172,-2.1460608483684056
-0.3721744713327837,0.34920143509621154
-0.615361634132668,-1.106640953409816
0.2837836436183349,-0.634828880568657
-0.9568993491445139,-1.1996031832035086
0.4970670943529029,-1.4143623995841594
-1.152124074625194,1.650881301707794
-1.2784159099707455,-6.986951729408808e-05
-1.1352136828496275,-0.34995518203101017
-1.1232181738087088,-1.2605267163580975
-0.39668546810881045,0.39474877477827885
0.2292132257339154,0.4336316986424408
-0.3606616478248051,1.4033291982708653
3.1214206618722606,-0.18273250553908366
-1.6571320642852854,-0.34079113069386574
-0.17803590806400432,0.9128104065435856
-0.4829664481117824,0.16028272229527227
0.46329027929936045,-2.2530942784467163
0.5813000115263086,-1.0551909304058056
-0.32998110929541824,-0.08380945092801662
-0.6185234781675588,-0.21120289917080307
-1.2514214922055382,-0.632823165409212
-1.1382838229744139,0.8438769445268323
0.1137195404554783,0.6561150455897649
-0.6489188410028333,-0.4800388564262961
0.26041817080828505,-1.1803582649281972
-0.9712289298758042,-1.6159088515997395
3.2513778223838177,-0.38904268683785487
-0.5141012382572067,-0.9260499940319872
-1.6384710352831182,-0.558321006635353
-0.23382421496031447,-2.094472357482321
3.298081403062073,-0.00046638678768303474
-0.4076698470169866,1.0594136849577076
2.8566836316042865,-0.9178276794074883
2.8755130331773793,-0.18137282454530476
0.20548405645916573,1.6419616798991707
-0.3768048519725954,-1.1006325020730698
0.15775709573931473,1.6513294220349464
-0.25191856704206544,-1.490603898105889
-0.03517282755789463,0.6330891353925481
-0.7429834999911861,-0.11398737458438743
0.10863102413241812,-0.5127149183313668
0.44792822347376277,-2.1017112365889
-0.5426174601972314,-0.9489180134632141
-0.5237323153771851,-0.3918444840292795
-0.14334500758901866,-1.309585066462732
-0.7591772364004288,0.24616292120611724
0.684579882326825,-1.1612540511955711
-0.4157700249094357,2.07949584221546
-0.34247238694482285,-0.26405842693393977
-0.32376067169359507,1.3544190274902628
2.4574552216975643,-1.9091626191212148
-0.14565630175575603,-2.4549657029196967
2.7387037900282243,-1.2825996962996042
-0.7771235919617318,-0.3556139578501536
1.7331624823047767,-0.5578214768830815
0.09409559189257291,1.4452895253877003
-0.8341877786024334,-0.581005910214666
-0.2169325626535625,-2.431161419761641
-0.7450945490106516,-0.29363138203942757
-0.17666702166313314,-0.8995036651224315
0.4091066692385627,0.39559832443377674
0.5497786175768565,-0.401256832079344
-0.3415121229088208,-0.7984478779664698
0.25081252673667664,-0.5019113414830537
0.18303725648876923,-1.4437091539266893
2.102964339101548,0.7852014717978056
0.10518207250994085,1.5804566871355485
-0.2529289437918233,0.7511434790416017
-0.8285418102273632,1.3118113205133157
2.431271219338145,0.04832198181761321
-0.5579756077837035,1.2160130314242457
-0.36120049022369455,-0.8169014746916647
-0.6634146083599956,0.6487901497463767
2.7752201442808664,-0.4126224853770273
-0.5543934408384812,0.21527102383674088
0.7531600973636319,-1.2436475738036072
-1.5401269726311182,-0.40909116192649225
0.6015303760962131,1.2012005893117308
-1.053876926868799,-1.1830135966083661
-1.2550868971552518,0.012721714241437912
-1.0187159063618,2.018422935618487
0.7862001406317605,-1.259667606836735
3.051165928906284,0.0966031530797611
-0.07964308547660937,0.06312014563795162
-0.5864177665556572,0.5063703351247645
-0.7763599545658786,1.1466580198607097
0.047379631489770625,1.376654658679622
-0.9629364289581139,-0.6614230288071149
-0.8326010063122569,-0.4424146036916748
1.1889326960445228,-1.2162275126948887
-1.7229591874677648,0.29199297361244936
-1.4149455837870708,0.4827753933912541
0.17704244705060257,-0.3923391017235945
-1.7943050038991404,0.31184136316810473
-0.9770970877550877,-1.4484020517229594
0.7831871763159963,0.25806184666560167
2.8012711353371347,-0.14203784587214988
-0.46395902955166085,0.35631955456974246
-1.5927526023258445,-1.1042547543183712
-1.2993823429750646,0.2642479400463306
-1.0816191136138837,0.797828361279718
2.250813834221526,0.8744780926406227
0.13323494778121614,-0.8004019908912657
2.5178802689779536,1.2037480939565826
-0.8685534189529271,-2.1005145512285974
0.949618296468876,-1.7002433869672007
0.49381127475044534,0.9929110700022398
0.0762252814248007,-0.6646414634873657
2.125049010913708,0.43904094239687425
-1.5487813179037424,-0.2631930367495834
0.09935733376485731,-1.767783274004552
-0.6302239630786683,0.7694901136336411
-1.0671329906728237,1.1634021084984296
1.0909929521424835,1.3678474307565338
2.569179078627648,0.9039168174980637
0.594505543068881,-0.537494639378161
0.02324942813689449,-0.29851691349792475
-0.33463473703854624,0.8212346038328413
0.9131780615136649,-0.5899718540816522
-0.4318315033985121,-1.784263855437572
0.8665856775973129,-0.34846075027264717
0.9819137256132686,-0.35046750797435156
-0.9827573379964564,-0.9881819432850975
0.935255824218167,1.7327316899580916
1.116138669026718,-0.002400557134139392
-0.06073524291663739,-0.4100262315349686
2.488940988819153,0.11172270782455666
-1.0332646757287711,-1.0199707786433
-0.08992517066846825,0.2284197341617159
2.1454806395739574,-0.19986355240344195
1.7338720189640402,-0.5734560489601099
-0.49364170087153075,0.0895562752670324
3.267292872658909,-0.5053283795951801
-0.8281480932960831,0.22317927074203583
-0.7304172759750318,1.2074236622493089
0.6165388494528957,-1.2271003985176931
3.190420026888718,-1.209516664475964
0.19667999830072164,-2.041988820060285
0.0751523880648258,-1.2636180686867557
0.9403552877037049,2.0783415681643866
-0.27711371746097124,0.09443991527265613
-0.08801238487081511,-1.3790523203357097
-0.2337117154520357,-0.7932022859465967
0.31847399472993004,-1.5325662682516905
0.7824171791758756,0.09999585707212932
-0.20888229345527493,1.576613187418683
-1.334588085362639,-0.09262449884018922
0.20719672692524083,-1.0991510189039841
-1.3853351235255063,0.7828379319154821
0.7518716338750991,-1.4623141671232351
-1.7810430499305303,-0.8424057718595883
-1.2130768131224012,-1.1849813317242541
-0.9775712275987063,1.6712106630339658
0.28954860106164576,1.0471484182738537
0.11547898893148864,-2.2625383258773435
-0.9581715246693739,0.275336793164413
-0.4720469075032713,-0.15525619438780752
2.848345655423036,-1.0235901618596122
-0.2951132107764769,1.0144096969977296
-0.7464370334520655,-0.8184880522737382
0.04171677575565145,0.49450943176438833
0.4572281002726784,1.2934392855265529
3.070904229087234,-0.04477667282918604
0.7194866867656562,-0.6113647130623391
-1.7138883477402262,-0.7610406350693857
3.4669214114563798,0.6771716584344109
-1.0441451008179898,-0.20894921418333057
-0.7631012852691036,0.14260765010700996
-0.7307941055472631,1.2853837082078408
-1.2220962874217942,0.21149750669618186
-1.3900714399097351,0.008026773416201085
-0.3655949246844709,-0.4874153545043335
2.017856921605673,1.4462654440687228
-0.6793018241135607,-1.068816247023883
0.5241916523684224,0.23932312524673074
-1.3887919416582204,0.22853401950012459
-0.8743128315754489,2.054833643654394
0.292299087423223,0.25517366461903707
-0.13177432909293318,-1.4241220769706733
1.8012710090031068,-0.8783562758812268
-1.5501705803550914,-0.6105090343199406
-0.8742382190439875,0.043400881462855895
0.23355827669200607,-1.0606790842340326
2.7738907929469843,0.7384201640464003
-1.166710526949388,-1.3797164079581403
0.30210025940819923,0.18938148307706873
-1.4824907182368199,1.339845541098338
-0.9810475385832199,0.7852134190782611
1.1577114630064802,-1.2958441188118004
0.5781454104343641,0.32397787341184336
0.025462578865551568,0.6809591658843924
-0.3521378623501897,0.12774632239062758
-0.8388987119702778,0.16804483290550234
-0.6186846077955385,-0.6814568803958377
3.102012413253607,0.058227947075285266
-0.3187977879863453,-0.4539203997820686
-0.09636594566473883,0.19703986870146273
-0.5972066175504656,1.7836899872073682
0.7400404593502868,-1.4434018897183152
-0.014556822166349258,-1.8904393701128728
-0.4171437027481112,0.05032517315580693
-0.3222954939644093,0.36148493054562925
-0.9975955366404619,0.3610078695242473
0.5379492951618099,-1.0358199723211607
-0.1036804119886996,-0.4745706712404131
0.33634430519770225,0.5773647206233756
-0.49332389921808756,0.3411743200107429
-1.1002560623460416,1.8680374711641068
2.3688209609557243,0.7300161053284379
0.7502856149679072,0.39493527935360545
-0.6366527778980886,1.5749228848507735
1.6826740880608706,1.0667411046223472
-0.11956051461501253,-1.5405423031282315
-0.11051881215537583,-1.4308664899590295
-0.6260075456049204,0.9804220160340232
-1.0411432134803975,-0.7355545666670256
0.3023940605753415,0.8000367667510865
0.4370789917818055,0.21362432669641243
-0.5880943406141869,-1.9637109495408067
-0.466400809312507,1.5696570210363696
-0.26459064701892865,-0.9252756833963758
-0.517321560847495,-1.0256919344140163
-0.2353647586039464,-1.0859462513459819
3.524457336467544,-0.23891560098798115
0.4459322794553266,0.3622801628448803
0.8676877082251895,-0.9121935669242943
-0.24349154247544694,-1.0491921905110175
3.0454171796429375,-1.103484048948409
0.13218886999969492,0.6277619579015369
2.5862155725987073,-0.6561248332437705
-0.9771074855541749,-1.9498400513314067
-1.4399966459246543,-1.1513741346925475
-0.41450180765568684,-0.029371649005090785
0.14884663225677136,1.1787762589419843
0.8996945972199262,1.1320372109237145
-0.2821949908410852,-0.5906592990698393
-1.0828114155897954,1.5664457579852784
2.7988579434807996,1.2332482840667245
0.5040893218874846,-1.018032506247363
-1.3029781923912092,0.9137487132993812
-0.006864513255784625,0.36324384626269357
-0.023491835498584156,-0.6792972089522433
-1.0179135670656512,-0.3481337347862802
-1.4988503015079464,0.8766599685650585
-1.5197198938205603,0.635699667526783
0.32733186982166124,-0.8629245297006682
-0.5061070461411604,0.10851111555727433
0.034944022883418725,-2.4713784963814707
-0.7244854527267645,-0.1482958141041731
-1.038636261584598,0.8545767963893093
0.9083977024279455,-0.012781019867688986
0.9917540131175371,0.07922295826057
0.8896600845486651,0.760874670462166
-1.6906210183682568,-0.3814158077844933
-0.6221596160336768,-0.8962714566749949
0.11622245429645803,0.40060242092026116
1.0579217154770932,-0.12044653503568074
3.510113603685649,1.5299120544778264
-0.40411126101036887,-0.739045153718969
-0.5551660434713523,-1.285160301109827
0.6240413110152757,0.5622841884643962
-0.2786751865184715,0.26799403749590534
3.019077104653431,-1.6316420850285545
2.211381276561117,-0.19476424825472696
1.0455097119812606,1.6972604827963327
3.544917003668914,0.6087866530072338
-1.638418446892306,-0.7554095820934131
0.6647864624662125,1.3232518684452617
-0.2806926795180668,-0.2667313152870416
0.44924602824979126,0.2747447732028073
2.7911533846613823,-0.868397514270553
-1.266931674367278,0.8921092301851128
0.3335568150579861,-0.1154266217530436
2.581085619066907,0.8694125309014377
-0.5241837574808781,1.6975483241207905
-0.6913597755607964,0.48943415858324507
-0.47612935069148143,0.44539587333734093
0.0991651647272245,0.9577680724452006
-0.8946880378096606,1.0217947123993727
-0.5597566850245811,-0.0757668221985819
-1.3386823589120056,-0.4966890830962314
0.5713044845586457,-0.7629668077866595
0.1502052506742494,-1.302879827636285
3.4576068332434695,0.7918125455042816
-0.6992468590017442,-0.38106304669566443
0.835932424226062,0.6294438947219342
-0.3425342002040411,0.27067883189602526
-1.010549457607617,1.1524934372371283
2.6949749413451194,-1.8564513599329753
-0.4241868556965612,-1.1809767040940795
0.9579688563942672,1.4060765004659452
-0.5851910662943571,-0.11984630090265606
-0.8248218349613776,-0.3522015675459357
2.6665166485971015,0.4404187005801236
-1.1207157295474113,1.020335217168892
-0.939798356637778,-0.7403002845490035
-1.2866686718018527,1.7046717237706075
-0.5652188760637316,-1.1489294901313705
-0.9431700902360434,0.6838038940794691
1.750335556054124,0.036086177853710294
0.7899279824079828,-0.2762049770137136
0.9102418956744163,1.4154442426017209
-1.1039189360069048,0.3675448325409315
0.6685017204982938,-0.6938429067127392
0.19592628912427357,-0.5064482399662074
-1.0449547628407934,0.4621602337695914
-0.6431578418306337,0.5680109275635852
0.1434540467831758,-1.2700510035654173
0.10801571709230115,-0.06803741145562234
-0.4957268972949294,-1.1026003887650515
0.19734283673375846,-0.6683662466001508
2.4280754465975485,-1.7350152828180072
-1.265777055348589,0.1312878380754052
-0.07939619213509622,1.0192201172797277
0.053831903011909356,-0.7398436468982453
-0.4071845559912961,0.43707972280906193
-0.4753034804887135,0.2561765221987596
-0.4112405972200489,-1.2994389513661173
-0.3935073361102471,1.1929172902268155
-0.9574015275292531,0.4334027827578853
0.11214767359889075,0.32823116820456644
-1.4405188665245832,1.4745965850517833
1.0671490974144013,-1.2242120648950352
-0.4338424326342457,-0.3426963580147941
1.0384166261667347,0.6257920281805884
0.41706057290463544,0.09559010326579606
-0.3825372632402837,-1.986733622590704
0.23009168432749527,0.04732377204579912
0.717837681668565,0.9415353092641143
3.4430302293549717,-0.412689079229921
-0.1414259977914921,1.4277062721382556
-0.6489888661160846,2.0523798081677964
-0.1421596147207648,0.5906616102723825
2.585307093538547,-0.9350442224921188
-0.39903765012089754,0.6190773810643698
-0.2600465794560411,1.3633703486794486
-0.5412541801576431,0.5788146559879916
-1.0360261092528262,0.595224060726353
0.07692887788749334,-0.49282411746648264
0.05388777607455645,-1.0871289876302992
0.8126274118968695,0.25761507203289485
-0.17670976161824867,1.1236809952673603
2.7923978054484238,0.7022710717623192
0.19427269660897217,0.5254658799576917
0.023381969860363096,0.009788404254862944
2.3973488834412113,1.9255047920446602
-0.007012090228536154,0.4121351146759176
1.1569609587181586,-1.1222167768649254
-1.120542299978593,-0.04106870782137585
-0.7653292171954639,1.4612065070368068
-0.22976173420358573,-0.490443198551324
-0.237866369698551,-0.15925095899993066
0.30059664533880565,-0.8057291683822768
0.12357932081154613,1.4174988433650335
0.7950643754677591,-1.9342318564031036
-0.48856029767572284,0.6067514743057232
-0.916184767523548,0.22079526625565116
1.005040171592042,1.8864374226256855
-1.36774883999308,0.6198068684213414
-0.8967374033856018,0.47531746141817205
2.942379275001736,1.8061636839732664
0.917585079718582,2.081099430712039
-0.40486942778933316,0.1076055086687492
-0.8513458671344832,-0.15248966294045616
0.07808294754279152,0.07101257574709398
-0.791151709035237,-0.8342876630132101
0.5665612590667588,1.1310861071547345
-0.29812953396797603,-0.8060669378528612
-0.27838467002316436,1.0288460864439166
-0.0032719485114751576,-0.13606016171636362
0.6304390122211427,-0.5357461087048699
-0.4895700750301044,0.1442202779529159
-0.5844554674396245,-0.10418107198732394
2.057415377441981,-0.3641962203620739
-1.4969405907827258,0.4631971369110303
0.08064371637187798,-1.3531648226050044
0.4858963567879709,1.956305954250915
-1.6752355114197486,0.4328219967506672
-0.6295313879823538,-1.7238753082575602
0.41005728885846243,1.3556116267926313
-0.6191167610670264,-1.5808695790285365
-0.04508587548385897,1.5613560137024285
-0.8194019643296461,1.5873916907571655
-0.15051392889767326,0.17091304630972282
0.6731963158704799,-1.7568797313434437
-1.27012874985425,-1.5624107021270555
-0.36452333407087123,-0.5596214169814914
0.14297388695927776,0.8252971564162106
-0.12656181673572586,-1.1019002125519377
0.4890281803562813,0.39564058416691217
0.30964095329119284,0.6463119801400209
-1.1649903297370643,0.895116954013666
-0.15693563058984125,1.627980582409296
0.0369174731815232,-0.5846511508852797
0.6731489884971542,-0.25468097335620615
-1.225584428767464,-1.6792163892407133
-0.06490227688769959,0.5438665287537914
-1.2453259338365408,-0.17592332518456374
-0.0805521139001602,1.1088588417128873
2.8957211695870404,0.5688640435825936
1.717932418839257,1.2265249680508068
0.14359698630573153,-0.46030768620418205
-0.1410694144540446,-0.9777878583604553
-0.4398418294906225,0.18768779178574627
0.13122136302074655,0.6784206593554307
0.1197611279035801,-0.5727956792772834
-0.02303513237740481,-1.4635798345731361
-0.1076686755897488,1.9347448194604653
-1.6050437646436713,-0.15086308601856507
-0.46932172437437014,-1.2593763767888646
-0.01752486058194396,0.10322482837224661
-0.7951665786153376,0.59169973126488
0.3382785657726142,-1.519793435284244
0.5176566977849907,-1.6007201631892523
0.5952455197424216,-1.0446559656296786
0.5812818214208847,-0.715701594269605
-0.19594718616083465,-1.0391278124616339
0.1718488781818039,0.9417904507213015
-1.3198653370634594,0.5597072051080461
0.4173620365624204,0.033222066498970616
-0.8366418583041182,2.1639894624672635
-1.2055047960264522,0.6083591488602357
-1.2663450350153806,-0.9262334130360877
-0.14359435243567376,1.092068953042526
-0.9732230217844747,0.194607130187304
-1.314819215351718,-0.8934350942274305
0.10926013787934305,1.5026311745772498
1.7335529145642217,-1.4962567613803683
-1.707344298104083,0.9092579852984973
2.4782722256193663,-1.471113742624879
-1.2414401172884797,1.260086035833681
0.11456031609183517,0.2776031235889763
0.4096238328405993,-0.21498373951661526
0.7001083287978889,0.46272707070082447
0.23490842362406278,-1.208845734440565
0.5567104439477092,0.3678616566151704
-1.122472177154889,-0.7434234878343179
0.8524912896620733,-0.9812871143120975
0.18197374198480865,2.3197848840021456
-1.0782480591947028,0.8662862832783342
0.2934563119346623,0.8367176078624252
-1.1268861044674645,-0.745630699187334
1.182560507670734,1.2377606707900222
0.32920587393531014,0.18671559104432736
-1.1439507167633525,-1.88391227011424
-0.3504276433892565,0.7443876147345069
-0.4334065751432263,-0.7502344946755681
0.33024929619209525,-1.204193204924557
0.28800136383845804,0.24728568950827298
0.11427308426836283,-0.6334456906330281
0.07014648059915804,-1.9643092922209575
2.568709995781922,2.00814087646105
0.7081213901984436,-0.3347632564732033
-1.2862653104544701,-0.8783630793920567
-0.36741040021073673,-1.921595968805301
-0.8481546818120967,1.1098616992926098
-0.09838672333616902,-0.18748871880749082
0.2109011175785528,-1.0813092354739398
0.09619822503841094,0.30211610028375163
3.4437756766454015,1.4290722346171427
0.6121315656878905,1.9587017132082247
-1.089884459189132,-0.49798745041340287
-0.642671118242874,0.4489556177876824
-0.9384669491745359,0.7756804867039486
0.06226999897689143,0.9871303404316965
0.2690694410084767,-0.13224716726170854
0.9075654724809099,1.5206443193882833
0.6426236894311617,0.5105430869886087
-1.2926825045121364,-0.11202611376313795
3.5999967928490335,-0.22932865440960815
-0.9539609973602116,-0.7058998745143068
0.7300130598062778,-1.162929665297423
-1.246392337636554,-2.2870099338051495
-0.0702577287674627,-0.5880986530261793
-0.7500166746882456,0.312902817793653
-1.005463880612595,-2.173636757214147
0.4822438809261948,0.9572513152361874
0.11846487210871073,0.049465063147736674
-0.9259768444558124,0.11684277972951933
3.4429679965480573,1.2788022496195237
-1.5404375313416152,-0.17697845709156657
-0.4113594564725953,-1.256503034784451
-0.26600050104885803,1.0450311581394878
-1.1620723540032396,-0.7708098065335067
-1.5652688554801273,-0.5136980246330964
-0.8290864630071297,-0.8888714496551073
-0.09707603168739287,1.5373325261017754
0.3485510065483706,-0.19069027041662387
-0.875434559074719,-1.033625709557422
-0.505612530247064,-0.8514715299632762
0.32860610147588104,0.3291589146077896
0.589399040659991,1.9536635711600239
-1.209162408669829,0.4129766927662375
1.9539938698652843,-0.39669374925699574
-0.633375279498778,1.9984621521772965
-1.4871374368722896,-0.42397447758147927
-1.4028701214134958,0.07759775227501468
-0.9984630480715642,-0.0759042895939477
-1.2065099859626236,0.6668138549099827
1.1288424917642335,-0.38807285834159394
-0.8088165133382507,-0.6733718403571743
0.30970331591380135,-1.2130833640132286
0.03268416834872665,0.21508895052708613
0.3891525392976673,1.2530961928300954
-0.7246343324458911,-0.7705872133674966
-1.0631583297589884,-0.38543814366369405
-0.3752926922138804,1.0493915666414597
0.1655634724646216,0.020591981103176137
-0.22332622580460987,0.5125128651334637
-0.44271192848773083,-0.9732422909776025
0.44171257730974384,0.30154502571849157
-0.6087708064865894,0.38611699429411356
-1.275730391724527,-0.27501461437195673
0.6527206445087398,0.23402675617011684
0.30617777541421093,1.4362140558420542
-0.4187142668583235,0.39362396344715644
-1.0870077908483535,0.3625491018019594
0.2773910791940685,-0.34047076632012085
-1.278039080398514,-0.07802991547582586
-1.3572697943257837,1.570440674173495
-1.0245671768820348,1.175257731682519
-0.1953539032613671,0.3305388673960994
3.6323440570012533,-1.0724821038746513
-0.08605569211606534,1.3504430136694248
0.18840050067486902,-1.1526713078913666
-1.4458615191321025,-1.1340641000897607
-1.0479007771157387,0.641480245521233
-0.6470642499572751,1.4496244056515613
-0.45288096480792045,-0.8313307162413979
2.312529926311284,0.680397392587209
0.4517172791138269,1.0512927079044543
-0.4079208284453051,-0.36270978623289307
-1.5954477649881653,0.6650927439276759
0.3019431678350391,1.5647714895778724
0.019193590927735794,1.2854632506500119
0.09786036324303374,0.4251153976150364
-0.6157780488038738,1.012211002968319
-0.3930129500318446,0.4008386600100697
-1.4903024357633214,0.45375632662772225
-0.8438823912757019,0.9735082609609386
-1.3299506657994753,-1.4795586504153877
2.3307254969035482,-0.9515757325579737
-1.0957071418048554,-1.1792039908771237
-0.0014539416963591167,-0.8479170656892212
0.3983547478179928,-0.33071878107930447
0.397445719394442,0.7150199149956313
-1.2241347058352579,-1.1581998299998553
-0.12119406491512424,-1.5015929369872694
-0.19249487566262213,0.20590667042437794
0.8000347859212575,1.2733747770995263
0.677365405970902,-0.0437490709558239
2.273204477325973,-0.22478104399778864
-0.733388253718665,-1.2938722976379784
-0.3494528934673619,1.177459662859249
2.864085973382934,-0.7496545973032173
0.16764846486842616,-2.107750193187856
0.5942711036558148,1.6748668092648902
-1.1023692973105605,-0.8107259416635081
-0.030851153518814144,1.6615603597500186
0.18274038024919426,-0.8603552147573095
-0.15710715801690817,0.6562886015758139
-1.4087377299293886,-1.079553533171489
-0.7374903195743683,-0.8570095461493723
0.3863084227123194,-1.088250561814102
1.0196177944236122,-0.7700935961598894
-0.7802858555443191,1.6965781664083386
3.117428490032086,0.21303498213215133
-0.054073556990614356,1.7578702774479091
-1.7323108992745078,-0.9102282200451111
0.6374254089082672,-0.7850956284189567
0.09077965715305461,-0.9662944903428015
0.06730113547133523,-1.488435860914782
-0.6719788121002785,0.757707710173177
-0.8623777032316793,2.1822780205300147
-1.2325695227082132,-0.7586842018500786
1.2102280818843567,1.2683514750934766
-1.4550817879421585,0.6213361946520352
-1.7124047758860224,1.2270347701728965
-0.6176695694236704,1.0861844984861468
1.1694672716168462,-1.299164387025014
-0.6297321027093079,-0.15323737906299167
3.513320793168406,-0.04634532479788255
0.9189235261051765,0.7603121132205114
-1.1980960945035366,-0.5676737571528844
-0.946342955637312,-1.0859408195936024
-0.6045479494848657,0.4645593814503138
1.1700061140157358,0.9210662859375164
-0.12050634279710788,1.3409291352385841
-0.20791095244110108,0.051099635367511526
-1.7074600822841968,-0.2418153209632342
-0.09029118289391566,-0.348936290290784
-0.45749758877290986,1.5584794345506956
3.507997084049295,-0.9986545930757947
-0.4380529599434081,0.6385403096639258
-0.8440403660475406,0.5209615297657152
-0.29540557938154993,0.9070330656964549
-0.07698224689577648,1.6397747403406855
0.1443859269342609,1.3541097202529218
-1.5713350725616289,1.187191551614334
0.133215454929417,-1.1320953224316128
-0.5318193101301171,0.9245165047091978
0.04607222451282925,-0.4983633515036373
-0.2118798771779596,-1.9080108688913926
-1.7694567126178709,0.8496053997700954
2.980328181024233,-0.3243858532468752
-0.5593416231317362,-1.486180958076251
0.07785554705307737,-0.5533940643543347
-0.8041959811341357,-1.0496339881196248
0.7239974547699368,-1.1144356123112233
-0.8062127207507463,0.41148141209726025
-0.6127988091742216,0.13620506891446532
-0.2869467620222936,0.1484801986163709
0.5664578546111918,-0.3399286324490903
-0.6648897643405719,-0.01646782293691709
2.817205129100635,1.3980278782341562
-0.8437538876070529,-0.5638304090121121
-0.2974419416656537,2.2043591496767974
0.4024262438437252,-0.10815076308961635
0.31444093504440546,0.2329104621626
1.2225693068839534,-0.012777631144276247
0.3971142352700768,0.11216063591746667
0.008940643003778649,0.288053417322739
0.9532234449573265,0.8010100100347647
-0.35148221682811354,-0.36198234190488837
-0.25421542535489616,-0.2889025472285675
-0.1824897042788567,-1.5807202055861522
0.4861080186774029,-0.43755206065849
-1.0068763901672604,-0.16607476285436498
-0.4906065083955231,0.07798147335433392
-0.23260838207778375,-0.6857524349216962
1.2517956148466323,-1.3302022691133617
0.12875920720942263,-0.2678719434143166
0.8895151631006495,0.7725107860514717
1.1439225767838452,-0.14539453189223786
-0.9183440271150178,-0.2845867209081785
0.6260835634639649,0.45712667456315575
0.2424500007057348,1.0760215003184141
-1.3063629292813121,0.4940495569663108
-0.6877242612619692,-0.9892420522161997
-0.6063926920947271,0.36099220430418794
0.02130388656421659,-0.5307334948947798
0.1071228226448144,-2.028811472193267
-0.7878083593218886,0.9001583332091861
-0.24525052137177497,-0.6669133772404021
0.6320928087560382,1.752838609694347
-1.3793175365637056,-0.08703555402125883
0.28361143701218344,-0.11395876077505057
-0.07120060611301121,-1.0094188029526683
0.02018893242821066,-0.5990875403314667
-0.9042404143113724,0.010590959759366943
0.6485899907485255,0.5089408441864758
2.918510870423962,0.8977995125752886
0.12734005410718735,-1.4483192721334688
2.3905488454108426,-0.5311491318968984
-0.6177416506662816,0.9515797424038598
0.8866332337423848,-1.393135948693068
-1.201485888391532,1.0280157423079839
-1.265818776360632,-1.7065601450545802
-1.289664952778162,-1.1087696648629202
-0.594285357144806,-0.03243353861379783
0.6887586168433496,-0.9425261441993356
-0.8179757723040586,-0.06892906926816232
0.838812167639273,0.29597122409389875
1.207499619663429,0.24598204201481497
0.43386372618940955,-1.9014062694795553
-1.5423869013697102,-1.211026568644856
0.03861927626882886,-1.2908272911003893
-0.20182313634645482,-0.030693676840205793
-0.30502250445092405,-0.7438947481628763
2.8381520692531548,0.8020167371301843
-1.117536374586181,1.2779699274207674
-1.2436734400480203,1.4414787255381054
-1.6690471504138655,-1.4612002613524235
-1.0932087355983775,-0.7439860450759724
-0.19404657048832602,-1.2828459760475621
-0.44434615796692717,0.5582691757904484
-0.6637428078125259,-0.10426589460578135
0.12209246428550727,-0.4203797966032556
-0.5985082141465298,-0.11087592576999804
-1.0831514454034823,-0.19132693834806994
-0.41637240286161514,0.8795738304258272
0.03530615104165511,0.9604528668453204
-0.617559879427736,-2.27540960365434
0.396022528237387,-2.3110714014493596
0.40231833175365656,-0.8884349322227865
-1.4957138905214258,-0.1630194991163901
3.011398682233383,-0.21358522874655073
-1.330388425432246,0.9610753920691367
-0.12550589051850802,-0.7039680764130085
0.9901295578701372,-0.051572343666568064
0.2561822604827379,-1.7229834988689268
0.11484687431603116,0.40452765768435794
2.4667607048577627,-1.854058838122985
-0.4257150196156463,-0.49239203129983367
0.2952387419539008,1.4200596409847865
0.06986396042978157,-0.24558983859050088
-0.033660118435789026,1.458455118783793
0.26458330263759594,-0.10115511939320689
-0.001897042130324732,-0.9241096786070832
-0.3863592103997668,-1.2904568217625343
0.8424398896317633,-0.341777650960898
-0.22780457186915382,-0.29732242274268267
0.22325669864834796,-1.2270728272506157
0.600936543833355,1.1561919947772814
-0.7391138916230893,0.8401318896195167
-0.9052157135966574,0.9021769969579089
-0.26930069718809435,1.6517117974198199
-0.09549460019841113,-0.8409028227776196
0.1375363755855128,-2.099464851073974
-0.8420903168403608,0.062447540691915576
-0.2006561376032191,-1.1114565022920069
-0.7001811906579714,0.35253022063303063
-0.07076209309725578,-1.4542120924373605
0.11947464946309241,0.511996259500544
2.0695525232590803,-1.1362071050044735
-0.6628213254605281,2.0184568296041103
-0.31579261597691793,-1.130722517539757
-0.990688464138895,-0.5066771558507628
0.382062738154976,0.031430972940357495
-0.908711647248664,-0.1476095632343385
0.4317443355002168,0.08453514413333671
0.8835754733421455,-0.5192452554773189
-1.6236112376259682,-0.28841455540498445
2.5384360234880443,-0.44966851564993465
-1.1913409323413517,0.033424933628877676
-0.8446783708275832,1.9958589432483145
0.3456212004533897,0.47051983814935827
-1.7094509693047404,0.20678742267660732
0.29076675563362436,-0.7339816350087507
-1.3227918584866052,1.0707205484000346
-0.4726530397069679,1.3313931172930455
-1.2724261575304712,0.96394873407355
1.0536878612809062,2.0039516516999694
-1.118069746368182,1.406661894556819
0.7518456514633386,-0.2818974952423867
-0.7278156693325812,-0.20684249066883137
-1.0762235272717555,-1.435756452683199
-0.3278581000991025,0.9326471932044093
-0.328079740239925,1.6683131384858874
0.7250287013217693,1.1350958633851023
-0.23021392969026327,-0.396891143401086
-0.3966659752570112,0.7264421063186262
0.4250470227463306,0.591458060422692
-0.13485684894226646,0.08965148292926299
-0.626823641575892,-0.49266540152258465
-1.2192360368603825,-0.45366849547220073
0.32266771446375203,-0.2914144592444532
2.519074003515935,0.938409349623765
-0.4513156672950027,-0.20305330830821283
-0.4749579741294378,-1.1581935072813099
0.7318714051033532,-1.919837726690052
-0.3126879477510495,-2.350057898723264
-0.03509240464555593,-1.3978915295930971
-0.19513635120734965,-0.8711505774342035
-1.4849632718472312,-0.1078850612798567
-0.3945956842672015,2.107891341212917
-0.6865812685848427,0.5657187420160183
-0.38568091716975056,-1.4307849044878915
-0.022011752335809313,-1.8615238767590836
-0.9599550534153936,2.3413109306886195
3.636888673927531,-0.10849415712211083
-1.8431782419679525,-1.0835549236543442
-1.5744087013778443,-0.7892783948769458
0.22340284305903024,-1.7792427480365827
-1.6251226440016984,-0.44259787111968224
2.6584828713820805,1.4467495014104654
-0.04236022277527559,-2.079138726895122
0.31175398423611816,0.004576554644519626
-1.1382800687228967,-1.8426943789436543
1.0597313008387739,0.1215655091861849
0.9025985507188405,1.4833397589347759
-0.14648777831980683,1.0743003893361074
-0.19794982375882644,-0.38352524792977444
-0.9289794109724892,2.1360102328403032
-0.6719886605359751,-1.0683883747585547
0.10026972106414325,0.52468411827344
0.2970529147337913,2.1830575876092064
2.7277733022572357,-0.14384069390168785
-0.7433688752527389,-1.1909407458810395
0.9000134976001506,-1.2656609149791433
0.3157917611555467,-1.4078182886710213
0.4956891128993198,0.5676963401499581
0.5488053002170311,-0.3310502278313434
-0.22780326912277862,0.37386024493386505
0.059435730827240275,0.4718796707192305
-0.8135163697279232,-0.9154451982556473
2.124134092325572,0.2926110683927079
1.1526069425230498,0.3739346587758433
-0.1458276751952145,1.2734616427469505
-0.14151770170159655,1.1293121998194262
0.23277993788215795,0.9468403472404274
0.01652550940395684,-0.7749220936313578
-0.49478667547411687,-0.6440250860146445
-0.38753277290686416,-2.1859868465164585
-1.1121673942231043,-1.9389429829649374
1.2468327311393825,0.4781371581589693
-1.27117086936466,0.49968076151837654
-1.399226191241041,-0.07826102596544149
-1.0257921048172776,-0.06371752281000574
-0.9623366564986848,-0.8038663523705771
0.45035715393037984,-0.4587327115169402
-0.1488263576446803,0.4381537570834434
-0.9468484186938863,0.6972619116417851
-0.8169355049034145,-1.477545115266858
0.5686897448086635,-1.0245999745262577
-1.0799473309931582,-0.5735750947803816
0.6922485305150768,-0.9170041387823855
0.6634439780247986,0.7983951982109511
3.2122695059048274,-1.339156498233676
0.28650486289631655,-0.09619019706863179
-1.3335465152156196,-0.8300578771623371
0.7540349315213885,0.8887118077664331
0.5966347821937703,-0.6973399680593213
-0.9180593210005875,0.49581323083393947
-0.6214714743679638,0.7894965455313796
0.3555283081827831,-0.2702951220626107
0.47416379528092106,-0.3952517694660107
-0.33089404595809474,-1.0516187578827243
-1.2800917306462904,-0.4743104011830331
-1.022637503725333,-1.4428863266276546
-0.24437471830293095,-1.0159661510131255
1.2517900084853495,2.009844472003861
2.676285404222149,-0.5891536745905259
-0.7645801454692116,0.7843005127171889
-0.20069395037613616,-0.9357564823923488
2.9520076168132703,0.09749685392126793
0.44330578912789637,0.3076468169973007
-0.9420731963897674,0.9237432603485516
-0.5291632629870885,-1.340313641313739
3.075823070092993,-0.5011141073882732
-1.201393635118037,0.001751729303529378
-0.2868246180979122,-0.04465248323928892
-0.4785232537156113,-1.1681235035065536
3.176611647814284,-0.39076040909674886
0.9429745350881888,1.6492441644333302
2.7315231681741072,-0.9747222508121445
-0.3835481893534321,1.5796718398800706
-0.63118367775128,-0.02077852065711335
0.07553776332637843,-0.18666469739010363
0.748943679889884,-1.4545794762039894
-1.0989261616487687,-0.6076632635826047
0.05298195253913216,-1.4033035297025658
-0.18186838283826856,1.2755532230671123
0.4762996037494804,-0.8554906286951578
0.11460982941021461,1.2745237709743136
-0.39559383528002096,-0.6704220414818157
-0.9390933276130163,-0.06520428615537747
-1.115144527691411,0.22446588358828237
2.760890563549576,-0.8289281537732582
-0.09636594566473883,0.19703986870146273
0.176593406420066,-0.2810797965435449
0.48428154595667366,0.3311078989323927
-0.6365801472920868,0.38486955560977626
-0.41148863932032875,1.7733977358156887
-0.8458123482357062,-0.9405629919252122
0.48826146788799546,0.0873778292994465
2.90377847770868,1.7398705620184376
2.6060286893307127,0.5115614169788599
0.04172456806198819,-0.3464179039802597
-1.7785115481850393,-0.9359697330568448
0.255081612384945,0.7236484583324773
0.3068339702996777,-0.37817269377674584
-0.8046896138295535,1.738285395096953
2.575361000105555,-0.8576159253608446
-1.6147002247800344,-1.1405194776353067
-0.9887812847025248,1.2258975307690343
-0.5773006981815743,0.6004541391022602
-0.6449140854185174,2.124751060883491
-0.13980297510616146,1.0552229216926508
3.494986740656102,1.464774400692424
0.17392873380400775,-0.382879540649001
0.07001599500504932,0.39440881070263434
-0.38681200528182064,1.5073738068880016
-1.2499686942008994,-1.3058158290117514
0.24285917243399446,-1.5265612056383573
2.4227537936077974,-0.02030113041953991
0.25081122399030154,-1.1730940091596016
-0.42668047046523483,2.22529009083044
-1.1891297579583462,-0.44240593479197593
-0.9618655175235987,0.758933009342816
-0.8159763395941934,0.6373816043471804
2.9948294189982843,0.8957077806790337
0.25609274251768743,0.4777418341848185
2.742904752704993,0.4422828622862691
2.728462123102033,0.04936520767759758
1.0968993423423807,-0.1321134590393838
-1.1630580510876118,-0.3806617689434125
-0.7815997520812218,1.3336701596462748
0.8647397120247846,0.08850587777788832
-0.8980636796470516,0.432350887998202
-0.6605661083760317,0.19062396847001234
2.718610005236608,-1.3850419105385143
-0.8702497514233442,0.9545842290850937
0.006528753893818885,2.334522214938161
-0.4225460624535033,-0.7361953206564055
-0.11856353653287444,0.3986843965861487
-1.534325085613569,-0.7307506206796663
0.3694147884801077,0.06981793341575851
0.46984472673459104,-0.0813576584703858
0.29709620405229725,-1.1647851581038695
2.2004344507944698,0.6300086726326535
-1.0010472179915753,-0.9969682258118399
-0.8584375203869403,-0.7206794651834576
-1.0233867052672794,-0.5980763170042318
2.882255142015741,-0.04445698054807212
-1.33250035765039,-1.0465053530819306
-0.8773091125517584,-0.7586077449791334
0.5417349919261392,-1.2210221161807342
0.11099688861542742,-0.38580229028300367
3.4828650496359828,0.7228346291493328
-0.19800173855036227,0.5976876076549089
0.10600862189179319,-0.10132476463012172
-0.7713113071450954,-0.17583541699488037
2.9798778376473214,-0.8843092157433733
-0.6239166130045449,-1.3353720763549208
-0.31448187429615615,-0.7855217608075047
0.2539737713761912,1.3069291777782313
0.38514142396908374,-0.007487736362301022
0.211236979521726,-1.001276511562625
-0.2919338558152467,1.2720444072496053
1.914091006396482,0.1788217740073022
-0.7257838944666876,-2.025154477051728
-0.38798872264505896,0.5941365321042664
-0.6236950228957081,-0.6914175334593851
-1.5287062725809406,1.5033965989488114
2.3772920282238332,-0.18057417978993506
-0.9411673728543432,1.2399178024208182
0.6837443677079544,0.5223680533343947
2.5776359140614447,0.9667433833685208
0.928035333461773,-0.4507142653311703
0.4493709074826168,1.2560734113964382
-0.8967654419267226,-1.0112892873773591
0.9389606844511611,-0.7858010848083568
-0.20139679345584405,0.8882669245865998
-0.07457549456741747,0.39697812564599305
-0.9550228137420147,-2.296000580732338
-1.671785257050896,-0.9891669410397006
-1.3291942713465683,-0.46101742228316056
0.15039496820674025,-0.6706771829390029
2.9425481969360523,1.4354903294536534
-0.06585234714420868,-1.7408048589283471
-1.3711992983815264,-1.278703032111407
-1.1698909806373994,1.0119650524365524
0.625679998096988,-0.2803373605972959
-0.5326089299377309,0.6026611988791829
0.015549660755281115,1.441322028890468
1.040730451622322,-0.3748648536362724
0.29250501313567806,1.3692664061306596
0.07627205943473578,-0.8421821361513192
-0.6202264541855458,-0.3441134419360462
-0.5453140554216215,0.3171508324100897
-1.0407077755370748,0.013661366691679534
0.7723930643037016,0.2302713162190282
-0.6714525534455299,-0.022619021845315324
-0.04929593321333919,0.006218123184655075
-0.1714771570138659,-0.9266823822738548
-0.8962389792523798,1.5288828189272645
0.310383041705887,-0.8501327943658429
3.680297115464443,-1.1286258735855457
-1.224908537010604,0.15858903100394997
-0.4916103955853194,0.8076188470806288
-0.34785976143291775,-0.028155018735150642
-0.28374736484587365,-0.5868498449146903
0.23782147217568894,-1.0272878544976036
-1.2503247281749563,-0.2249797838363248
0.04616906520453449,-1.0036414621055376
0.08242479361275554,-0.061384968982176984
-1.2473863763906539,0.2687235248528771
0.9465423459632125,-0.4868633576152515
-0.7318655663451689,1.1896857553811937
-0.1621969770863435,-1.1837240300218654
0.47279217357160547,0.24260098215071565
-1.3572083149018537,-2.1168914076757814
-0.06517056522276335,1.289169131395418
-1.0796939480916836,-1.1295851265598014
-0.29439327631812606,1.5002131245291486
-0.3088761943710593,-0.22727386083676487
3.4827669061979023,0.5569300720746851
-0.46988895065817676,-0.32105687490052565
0.5747177295695516,-1.3930354608545512
-0.33020590429238184,0.6341492443236503
-0.6314637964475002,-0.2801925699966769
-0.844055351264838,-0.5014623722452867
3.6851550264096624,0.7777106883813595
-0.4789461079147931,1.0832179681157637
2.829361014386549,-1.0381304278677284
0.6782517366545271,-0.059267860423904466
0.7988157481506002,1.2265680926861036
-0.7372887716807209,0.7799097505291
-0.22041911744955459,0.8815226631743367
0.663190595123324,1.3544052299903706
0.9982798726482565,2.089010914764653
-0.9820359709760365,0.0009001366190645374
-1.4759124743348824,-0.16795391617875474
3.5487766337856197,-0.095286152416789
-0.7172866407672235,-0.7956625957278332
-1.33426843159943,-0.4944818717432152
-0.21665489546248434,1.1860066207249569
-0.5224353061993312,0.9817355265455325
-0.7924836658618698,-1.0256103489428783
-0.08773745298818142,1.0636544001015975
0.06238359721195139,-0.36091575867914727
0.8119476861047839,-0.10533549761449088
-1.5626963861055783,-0.7652547557001992
-0.2999229111496922,-0.566188885260386
0.15877193009158874,0.09847196259381522
1.0796366708442744,0.26298774640436073
-1.1197359226276244,-0.5619813905003044
0.9587388535343881,1.5641424900594176
0.1735836469924285,-0.12526358118841083
3.2261418341515475,1.186089881106732
-0.3736995601794362,-0.15622311495294003
-0.40359191146327833,1.1494921877032138
0.4296753472567824,-0.6257314230844063
0.16387009083075155,-0.2271008268764376
-0.22355771438112906,-0.5779172745167898
-0.8498337073757682,1.9975344057740732
0.6568331081635304,0.2986020042899583
-1.147816157260936,-1.1602915618961105
-0.6415469392384622,0.1796609798524643
0.1243330299879942,-0.11804173672904383
-0.0824035500895772,-0.8030971703351587
0.26894531515863546,0.8822649475444925
0.6529258168382105,-0.6477212553180924
-0.5890097287820053,0.42623373465152015
-0.94796084712085,0.7595567286849848
0.7244966322861435,1.9349704981977012
0.29207934942415187,-1.0422562959232349
-0.7803443340997167,0.7014981717872969
1.0337435055718072,1.1991427514010988
0.03510009551350605,0.01426414063750266
-1.1925417800065852,-0.35287108692074576
0.4620719949116879,-0.30406020986030713
-0.42303914578553053,0.7270659772368882
-0.9972077599057527,-0.5401722621491211
3.5313769129295434,0.6822403057448224
0.45225263282128764,0.10122130781786175
0.3731218346581557,0.050404564021884715
-0.30350706002037414,1.2559325552776597
-1.0866795913958232,1.1156051461541172
0.05786571608041861,-0.5094796243127039
-1.2987344897593254,0.6154466114954629
-0.8592249542495004,1.4565846343591022
-0.3869341492062019,1.7005064887436614
-0.11795349609005218,0.9255830879349388
-0.9169156491443766,0.5582119244390688
-0.165538140854638,-0.41905062087168704
-0.22527353970334513,2.145488174256554
3.3555030562389008,-0.35263182722585446
0.5328797223271584,-0.5482985193786607
3.1633697360608637,-0.22947802785199234
-1.2749603945844064,-0.11694862477848433
0.30673131922709546,0.1466533196192612
-1.4040767794596063,-0.28915036548050166
0.162578342670384,-0.2955706549220723
-0.9138300542226105,-2.149570858304265
0.3722868694026758,0.40936858322856634
-0.037877838655912065,0.5763405487068632
-0.25383017990903745,0.9559548393718894
-0.77913527458045,-0.9098872134272074
-0.08406623765759075,0.39856161765684056
-1.3630107512827934,-0.47057386359932313
-1.262843290982497,0.10400524436205257
-0.5099607360612958,0.6251320028833857
-0.28229819127705796,1.2588247996494517
0.4562318755735249,1.3500533388120044
0.5523620341138833,-1.476033648861284
-0.7569570467484196,-1.6111290881560456
-0.901372970839,1.2087761953466343
0.9908858725393357,-0.24474758840754987
-1.090090514717281,-1.4441761766212207
0.3155286040222754,0.8104985118035877
-0.5463232036289041,-0.25832197639279275
-1.3628853226865771,-0.8139033107289763
2.7816562818269412,0.4773919658576853
-1.4283596965668344,-1.1117584863240946
0.14769905216143475,-0.8971704376927879
-0.029662136214737143,1.0431397283184514
-1.1543827804011193,0.30841208979276874
-0.3747042007522171,-1.4224264942264773
2.607380818188229,-0.45798466617821376
0.7959704030227774,1.7024415239922792
-1.339438673581204,-0.3035138383552495
-0.7787180267425512,0.17881805606769843
-0.43689889028810985,1.2023770028775023
2.386939313523776,-0.23288959297830206
0.019371607914764256,0.7450452280622986
-1.3075246614272529,0.6032361841935775
-1.7221080140323206,0.41491905122010847
3.148562526794526,-0.696473054540421
0.00418032613324882,-0.12772050224623457
-0.6489927743552103,0.03883180513815326
-0.7061837423704891,0.8652071204037599
-0.6568922375207051,-0.5117239667986625
-0.5478461065305029,1.7353728789306304
0.38896795854677707,-0.1827786347879162
-0.7299656298517448,2.438529692422355
0.4959963869379818,0.4857804005890256
-0.8810640354665226,2.0876624677252615
-0.011153141787837682,0.18561120308382897
-0.20146436706395363,0.06293159803365819
-0.37259951147701914,0.10142350134595386
3.1708183064860562,1.0858124669116094
-1.3785085537199862,0.7344170986529082
0.3073751343880153,-1.3477919966574452
0.7715436631943151,-1.7578466519085765
0.3675842777045591,-1.0071660947191974
-0.5433568133034812,1.7219880810919401
1.9686549347209399,0.6224711982174
-0.8049262391876734,1.4515274383674295
0.6432480915239907,-0.10387908795523614
2.920048259211453,-0.12843384359086235
-0.5339545692352857,0.06009727861506071
-1.0550178634165657,-0.07095097016420436
0.9607075123946882,-0.3906149051700618
0.9654906067888522,0.20665558066526588
-0.4529486682317239,-1.4887620274905349
-0.6809022788746594,-1.5586487878813282
-0.8733466273428758,1.3329922745239524
0.184655771539598,-1.1254619339016396
-0.8193084083097758,1.2323103454292585
3.4412123023235646,1.5108842976161456
-1.2228799670328372,-0.2978097172317446
0.26405834672922257,1.3503542803018331
0.23921203737341318,-0.00878918925069856
2.6243342337222137,0.05020950088951519
-1.5815263370420618,-0.17705152523909898
1.7741480875692508,1.291735689983742
0.673817637311068,1.0993936973098208
0.06102250311741695,0.6104709772422219
-0.9616197971127668,0.8759462980042396
2.5178627580516144,0.05067532946569411
2.1825381579149368,-0.29950564436156435
-0.7193659470260368,-0.795650689680815
2.7265102217850874,1.1613546143981333
0.29687010630895855,-1.1180091305287503
-0.6996309315169218,-0.7868337503157686
-0.6848983347820453,1.691594038564198
-0.46853551905428514,-0.6194202903810514
2.889054426663125,0.41635619039365446
-0.9517139921297487,-0.5360513298842771
-0.9744530067176098,0.9710205314887178
0.2414349623338668,-0.6916198785635705
0.22067719035044692,1.8612519925609672
-0.8471125623016867,-0.952229764352822
-1.4295519985427463,-0.343141089618534
-1.0688568123209707,1.4072360546933051
-0.5049360891268134,-0.3383241950418972
-1.2005691974773383,-0.6907462742077948
-0.23417115388165938,-1.1833809803749948
-0.16543288428930536,0.3984887010854015
0.1833283223474671,-2.0075151903019623
-1.314880225195966,0.2575224294253528
0.5618118893587066,-0.10790789812907561
0.6062608023158566,0.7838431777319098
1.768069286743608,-0.007932138749849734
-0.7807402369760506,-0.708989183813998
0.37375074438548644,-1.2547481813926145
-0.4860423986174458,1.3736627516472213
-0.4659155182868165,0.9473230588877242
0.16491890392071706,-0.4808034556199494
-0.01038444739409216,-0.3275054749992464
-1.1563822131109847,-0.39789858382257376
-0.29712893145001473,-1.3855075463051627
-0.5401041485571646,-0.7029926385242702
-0.8289062600750474,1.069829933129754
0.2614468916510753,0.9385243482882417
-1.2129524832529661,1.121005391792661
0.06691145659487482,1.4458401765823365
0.4657363011346202,1.699711081135611
-1.7498360487268005,0.2106276852461533
0.46915598567350186,0.9371529128235376
0.5196243377022184,0.3055550851010456
2.4448449549799194,-1.878571663241667
-0.18540452515654032,0.1029138049908316
-0.022771351676842903,-1.5181518667441083
0.3813849942883502,-1.1528990296575694
-0.7143327544022331,-0.6041934703509136
-0.5598970190543865,0.45685519579327843
-0.8402846897497916,-0.32946792993884844
-0.7506352608203893,-1.368909290810321
-0.08513900120187173,-0.36831900284635405
0.22333138538370972,0.249897264184767
0.8770179452546736,0.7797137281434602
0.9804394528313707,0.812211257038382
2.6746518539220374,-0.5502043084495638
0.43830699478948093,0.2585903583455398
-0.31384501827488015,1.7685174845334777
0.1599947221137633,-2.5412926764632484
-1.077029904622724,-0.91484377000427
3.1365156523254614,-0.12934674995193463
-0.713972762157065,-1.0511020006737108
-0.28703901529578857,1.1747442116208253
-0.411096225135424,0.013583018367860892
2.8852479343006214,-0.4013176649636671
-1.6357574784957796,0.6533409973055155
-0.9256027501920255,-1.1355785862783032
-0.3700678799158345,-0.16004447515510747
1.2199027321261438,1.9185185305740178
-1.212613336637958,1.0508413504299823
-0.8388595964509854,0.6635274806823922
0.9339692128393999,0.8605896789917273
0.006852161908544964,-0.7539064814353512
-1.3881091407937025,-0.6025246336958872
-0.33846783538010117,-0.9797673479472685
0.16797994899279145,-1.5048909141096916
1.0405855301743068,-0.3632287380469664
-0.6217560506667,-0.1588074215145432
-0.8787657445916227,1.3892397692206835
-0.8929655189078888,0.10677809852794935
-0.8164507632411145,-0.7752209920922195
0.854299652061087,-0.198741264893571
-1.559851590341146,0.08352989831690914
-0.1929043311941842,-1.7237259348151759
-1.5741889633787731,0.508151565665326
0.46447293685916985,-1.5273089217608924
0.46124755727098915,0.3884377936510172
0.6157079222522356,0.977507608414827
-0.4250866592517061,-0.47288669139104894
0.21317603153444237,0.7430500732554258
-0.7528568830344677,-0.014895933820901262
0.006570191102559138,-0.3598451131281786
0.8563172748763763,0.1680800725855712
-0.0662128887527674,0.03076175671773412
-0.4257578393544702,0.31907615621674923
1.1989322610670048,0.3371923524118039
-1.0018255568014234,1.0105512056626198
0.4036952144804586,-0.22117750131033556
0.01958600511264067,-0.47435146679781587
1.000885986925209,-0.015985808624141395
-0.9217455215484756,0.13848211126769447
-0.5915177794045857,1.4854185422417534
-0.988910072174476,-1.76897911045424
-0.13920580813948283,-0.4295857372239071
0.02659825439583178,-1.7362136430889465
1.0058152257300552,0.02911475642521904
-1.4177395634867485,1.3020940544360307
-0.3868940147438369,-1.665043506999226
-1.7855915008920338,-0.3315388680148513
3.563004996006397,1.349124181748192
-1.52675306851762,1.0625898599048231
2.656967426951531,-0.5530778020300706
0.6281674571409883,0.9781006709186918
-0.20649365144863152,1.8850223817334002
-0.43479365164952144,1.4015689131266493
-1.7680891289633751,-1.6338913395724697
-0.4288820004321378,1.2067182058599089
-1.7489868516370082,-1.1217531849493583
1.06854239792057,0.9687479204011604
0.5626832348250345,-1.145850589608158
-0.4828298683334942,2.3142320277738984
-0.8636124796026186,-0.8827933188942414
2.337818033354684,1.444550807381055
-0.5708600530009977,0.7997380198663181
-0.9310750051949751,0.442415569199772
0.01264440450999161,0.41883681320285887
2.36097012790993,-0.6515557569190678
1.0911715184929027,-0.4972286771544637
0.3239537764791282,1.9053856370451954
-0.4992096978394045,-0.47648762929956034
-1.0218934889969729,-0.1044036651533339
-0.03971942640963249,0.49048062159054884
-0.5901013616107949,1.491404550911615
2.744989195745407,-0.36140122668147895
-0.8447732295938287,1.6797576208996736
-0.4571421041622435,1.8023014746985528
-0.7659193452387904,0.10924707720888469
3.084046564840505,-0.8752422635213329
2.8522247783915415,-1.3959696357432876
3.67299565243232,0.04356692143412133
3.1032385641515163,0.7566693963711489
-0.1535022135480518,-0.16295683974533684
-0.17900745309777227,-0.8821748797283592
-0.759474192423712,-0.3821996124977119
-0.7000063285270839,-0.20559505198449407
-0.5798868500270453,0.5007696358349091
-0.9222749850913509,2.2807220814333893
-0.408514790523857,-0.23981436546353757
-0.35398526048478723,0.06143429806841981
1.5432756179938119,1.059838952444094
-0.6761191844804955,-0.9613783020460004
3.6654180289750875,1.5902731819668545
-0.28043020156388015,-0.9924860151345616
-1.010786082965737,0.8657354805076047
-0.31810445950704597,-0.9514450686734376
-1.0278914532912806,0.9292591370199496
-0.7570842476706934,0.5973922494935532
0.32428252529504925,1.3337835960740692
-0.07387757866990807,0.4204393591571783
-1.7202359862643233,0.009252224161933583
0.011897734256895616,-0.8823906954475437
0.981904081197166,1.143935245417033
-0.208042740781585,1.738635070614556
-0.5280299889299646,-1.7793529473170573
-1.1796124088891216,0.5393386696199649
0.4029161222876259,-0.20949882283570764
-0.0067796327409297905,-0.9788469010165923
0.5556662683079392,-0.23707030041577715
-0.9444253784018545,1.1480718666346423
2.708026456386964,-1.1573742852479245
-0.3537760000685115,-0.35429021387096454
0.21759589904358878,0.5578053665105305
-0.9963973444999645,0.7845590428977889
0.04736923369068328,0.8752166590711747
-0.5495349805298712,0.7969495004803621
-1.1103927565102027,-0.5146736140979278
3.1690527638258663,-0.5082015700235002
-0.7501954450582587,-1.1425199126184655
-0.30946632241438593,-1.5792332906646873
-0.1575797295540635,-1.4097894125103223
3.304752733404199,0.6730273688038104
0.11174150273916364,-1.7515982023089804
-0.21428123867313834,0.4719919130286723
-0.4143737235347346,-0.4099562489586623
0.5072110314600102,1.4520794352565114
-0.35179092342884477,-0.7833450547166989
-1.5403211977981108,-0.3505632361531196
-1.2030759453535433,1.039621201058986
-0.637349465253123,-1.265758534610785
1.1768663287236594,-0.9807945396467493
-0.5393659442096816,0.6550379257441573
-0.6389713150077723,-0.05418850118482745
-0.8734546192166528,-0.6590083674824265
-0.5229524698013679,1.5923175904959244
-0.1515335546877515,-2.117714234974816
-1.534512951036294,-2.0164286830236846
0.3309530224704818,-1.2002798742074783
-0.7372432964171611,-0.06881358981140132
0.5725020475520441,-0.2264740219630429
0.20359363456615026,-0.9333809952295697
0.14212401627020893,1.373553746485099
-0.3119717675442159,0.8223168522786416
-0.39742414203597565,1.5730927687063443
-0.9466332681130252,1.4737059697815023
-1.2333862978582693,-0.7392095187795975
-0.4427592558610566,0.5289564670096351
0.9936032633619003,-0.5079404350639588
-0.09480906402544861,-0.4975001559243408
-0.179721577175246,-1.3875262100538852
-1.2895934208989417,0.3504931765426511
0.8106279791870041,-0.4486956015824477
0.3592100511281549,-0.6018539202027247
-0.9420686089715572,1.4447291627511059
-0.47501309380910023,1.1849325864505755
-1.0599086658812045,1.8719932131904138
2.5855346238439547,-0.4785415976944953
2.3359348544046146,-0.6470611181690495
0.31358647693712643,0.26018114982893426
0.5402210542615585,0.7708320863783938
-0.06645211960363775,-1.598361535364885
-0.7565976538986274,0.6462409550214552
1.1581903942879033,-0.573972092843055
-1.3514959458493552,-0.23782553337521053
1.036109919418207,0.0013972941261780687
-0.34318007149432067,-0.901899272503648
-0.423976212750202,0.28619792451629267
-0.926309631326553,-1.1571991670251929
2.5890063474102583,-0.11353025614134477
3.032726490012954,0.9580875719167842
-0.8555427917564321,-0.03172823380049116
-1.2931113731117894,-1.16163557766983
-0.25978266893978524,1.1408943012046715
-1.4842172751934113,0.40921816724392296
0.24728480029203243,-0.35173332700034565
0.14531575095598614,1.311247023394881
-0.2615579858317713,1.209187032964751
-0.2874453159712096,-0.7371811435889168
0.09246449309760321,-1.8735150996183718
-0.4414344121616761,0.06864438805686192
0.5275925974384895,1.140912378394142
-0.8551814967648886,0.19254590355325923
0.6026609148448925,-0.4123000367408784
2.5507097490834316,0.9322699051862918
-0.28414874426779646,1.174805525297433
-1.1805656840337573,-0.3834194799149715
-0.17425294660811952,-0.4468530573652788
-0.04052642732789182,-1.1523514640341592
-1.2725950794647878,1.334622088593163
-0.36125766603271703,-1.1407988016361588
-0.8422586894112868,-0.8915371901117554
-1.569569733921033,-0.5392932497736719
0.024420255335547515,-0.5774482087932915
3.4261476721009316,-0.2457446850187017
-1.4224381969137543,0.5194868913408967
-1.0092759793363817,0.34873612854575453
-0.3287412759265866,0.9658732327023013
-1.4166304197316197,1.3899960026668243
-1.0668028092948336,1.0950787199000462
-1.0964568927101925,0.9902641040695834
-1.0124287283185605,1.074429514716667
-1.5124429806381288,1.1472021967607071
-0.737349985544563,-1.3896315641412327
-0.9326099424773241,-1.8891050657811113
2.679167882943805,0.25183497483072936
-1.2070551881057807,-0.20921082993515658
0.14442285650849934,-0.6495270373427634
0.31060585477739083,-0.7467120566669686
0.5970312344334948,-0.6115106977813105
0.6002795955649037,0.9747379913962497
-0.6168463047136529,-0.4454001880055302
0.021987570627413335,0.4661445896052354
-1.2152130911706427,1.8116320857013861
0.0017554337314514346,0.07494496040764444
-0.304643488933639,1.6772646112511667
-0.8955751218762703,-0.9585272511323785
-1.533179561647592,-1.3218273447212738
-0.4731618616392772,-0.22361023982449438
-0.7830203377455263,-0.3500558214456202
-1.3997959432338898,0.729409613443011
0.17495021170385178,1.2522723229888015
2.139612481694674,-0.03235675252666149
0.4531278865267409,1.0768266193684226
0.09741856555544345,1.020105452373722
0.0860083931200469,-0.5588483241969385
0.5473120839467248,-0.8247228796822413
1.7633785254066474,-0.41975016471642296
-0.8354404612754943,1.2256273976936027
2.3915631303997262,-0.7593485060147458
-0.9353500310398144,-0.5956923125178473
2.158875808865312,-0.2616810895517246
0.13056167944385083,-0.6774946640748919
0.4142392282631136,0.21242629564166426
-0.8517649670821479,-0.5877195147886255
-0.28001754114419153,-0.4247666480422101
-1.3624713595205133,0.42499872403992284
-0.6472240768388796,1.6505530921030742
0.07729749560569113,1.4268972423391129
-0.8147728864362096,2.366042960249899
0.1977360043016479,-0.43234021104814674
0.2920262116699492,0.47949036485810953
-1.031196236848727,1.014953873897727
-1.4783524019859628,0.391908132641136
-1.1136021319380132,-1.4375356401947934
-0.6569857935405753,-0.15664262147075586
-1.427260197227808,0.4705462152980834
2.9983284277227233,0.7514851180278833
-0.9849852699228168,0.33041691364469955
-0.6755994153857086,-0.22959503064329725
-0.8522425956171956,-0.638408873080823
2.102701861147361,1.5109561716453255
2.3264078609192875,-0.1344029691896059
0.08868742180630376,0.6783169343695945
-0.7602681900501338,-0.1812283631608769
3.6233713607117948,0.14645606188183147
-0.586099964902214,0.757988379868475
0.03276151618863269,-0.6218824916151613
0.7362099665014823,-1.9020385061453295
-1.5184899088874255,-0.14071373377463098
-1.3124943184977669,-0.6085296963092206
-0.13351107982901772,0.46431138788958026
0.2862516098105358,0.2919158194069832
2.5679119601006803,0.36346813807204625
0.6721274605653247,-0.510212348816995
2.3683478400551783,-0.011403823434414309
-0.47120024170232905,0.6584004536905063
-1.5530472486958697,-1.471045586535303
-1.1734499004793053,-0.34217093190608205
-0.4994942741381407,-1.4247915963454831
1.047217874812834,-0.3531216455361676
-1.0886327954591437,1.5564118851981055
-0.3147462543920942,1.9733288448637654
-1.475526549709939,-0.4156586302053869
-1.2709414869494862,0.302707968669264
-1.5959916643849474,0.4602507267590844
-0.615435697300739,-0.41986627654156183
2.866204265345346,-0.08627984026954114
-0.2671037546394016,2.1492977799877964
1.112434278373406,-0.020242340564183864
3.167503674492913,-0.6545888811423447
3.08883361750578,0.3559557371666241
-1.3682654542317256,-0.0942691529515508
-0.6273363475754122,0.8068065801341666
0.45646719818526965,0.9656286278649805
-0.9226449055559238,-0.31018194604875415
0.6114356317158407,1.1138610467464982
0.09761662475766161,-0.513277323996928
-0.08354764149348495,0.29125820607919145
3.1746362155907195,-1.456108321642399
-0.7532746802357572,0.22105688200747714
-0.22408254047380846,0.7056881098744456
-0.3704954457691121,-0.5384712713852516
0.5771979456706055,-0.6183281789171995
0.0919454273538152,0.7701628701557705
-0.006262888686589772,-0.4326748949475051
-0.7199884970091001,-0.8347039323837065
-0.6178936852415494,0.3115810931107247
2.1932887765891316,-0.2443712065250308
2.2236360586680957,-0.4691772442821322
0.03249314806986068,-1.0882963618467436
0.20646845079716275,0.5806309746325288
0.9715848624114745,-0.0076272467866336435
-0.3102810414350819,1.1072648130821734
-1.0008049120682723,-0.5618541565726183
1.1673770181955552,-0.47593239526315906
0.18110539738701342,-1.3246845009890902
0.55330499124314,0.15700297393841384
-0.017850454541724008,0.6925341193731843
-1.01723657658201,-1.159644485188185
-0.002129629433624984,0.6347763523892317
2.721838873516218,-0.13048655290130146
0.5542901389641218,1.0915130216716036
-0.6723855323233962,0.002536424982914083
-0.4981290121730927,-0.7184383598448184
0.8639606198319518,0.10018455625251621
0.08895625950475802,-1.3916437535953166
-1.1936359385444166,0.5816508668594627
-0.46178301241683634,0.018933553224628683
-0.5305640219643059,0.4602485321540243
-0.08438534205740911,-0.5242390947634176
-0.7906096617482208,0.024029771802117687
2.2370150197794865,-1.0128848782447555
-1.5902587835375768,-1.1900227109197745
-0.9557335789437534,0.5368541772950635
-0.6640085704385476,0.7716855705157321
0.22151400771569257,0.8488125557075493
-0.06341747649102075,-0.2852782519542994
0.4560998832134469,-0.2829100642640674
-1.6503768223393924,1.4720240329611052
-0.8158205507674086,-1.4091910698301713
-1.1407354511709566,0.23111832606172777
2.6660844953256135,-0.45899399805257496
-0.8379688879485525,0.1251821360474617
-1.0008016273964373,-0.7120509218466117
-1.4503487562297643,1.5463441184253093
-0.1853582965099958,1.2500312176501625
-0.8166763116210627,-2.053103049840385
-0.9428159083717522,0.2564432665507784
1.128659887358995,-0.36864073815643494
0.3365269096029408,0.5579326004382167
-0.2179492991475879,1.1547919455032405
-0.7833704315230122,0.543328305631895
-0.3882274041325387,-2.359644845301637
-0.8226003425629932,-1.5383109092315508
-0.4934454937790783,-0.7903510834568813
-1.031131268733368,0.4979238650975732
0.37367798396379065,0.10320916315218737
0.04390517261502278,-0.16281800292281903
0.7680603132864494,0.1929241928801989
-1.8206391887240612,0.9758518971670613
0.10875582358153554,-0.7431027530109449
3.044377042057987,0.13722798174648196
-0.34121120861442633,0.4638421705899887
-1.1981707070349983,1.443759005038654
-0.8214054350943308,-0.9645629705840156
-0.6644101538800645,-0.7871578975952607
0.8386320945228847,-1.8306341739947674
3.568817280823034,1.5289027226034655
-0.06638496554322493,0.3837278612075359
-0.6835968921735898,-1.1139593749585655
1.974970700668691,-0.15957355921217287
0.5214144302120995,0.21587379778256396
-0.21292978899470638,0.9950079304986877
-0.19116737643850565,-0.2916605613523133
0.5434705141197486,-0.29223539509061436
-0.9874668388022314,0.264147452207814
-1.5248752303687454,0.6373751300525415
0.48835359134579653,-0.7709821684012033
-0.5516130638260176,0.2564276013307192
0.30833484906062686,-0.5575233623666909
0.262253269002044,0.41761166560931295
3.113364107133606,0.6421017290249043
0.37463454378026123,0.8757705474131302
-1.3943319000849737,1.149096863729063
-0.5595409850803296,-0.6239808493821483
-1.563292200293896,0.011116082715892298
0.4002923672686401,0.9103291513660037
0.3546140687737314,-1.909287096693866
-0.5289870981098258,-1.227256246254716
-0.39239313535722575,-0.7345694173363293
-0.6145480638707388,0.23579760166690517
0.6764732649063999,-0.008682378693636472
0.3763675402648287,1.6739084060233633
-1.2246882496481424,0.13136090622293756
-0.5253717558418823,-1.5450636879674196
0.6736226587610906,-0.837919129916638
-1.0660686430021702,0.6074652964426356
-0.03379396290563271,0.4789671333544576
-0.4543644624582241,0.6689967321432405
-0.8430572744559187,-1.2115518431774746
-1.144687334561158,1.961455144490205
0.11058237608597307,-0.3000462397286186
-0.31657806791401827,0.22516214905226178
-0.04090789435031896,-0.2157568323011681
-0.19752082534347953,0.49818020067311286
-1.017322889658934,-0.32083239028164207
-0.9516315130880502,0.09999142580645745
3.5641882029295973,0.7502514531107318
-0.4910950840930486,0.8505122007769731
0.3528247296468347,0.17623494362444778
0.6960049601958104,0.22840715451288274
-0.04925681769404688,0.501700770961545
0.040036996808995175,-0.6136586147539801
-0.15566017039314634,0.0028438407673812877
0.44688610396335277,-0.039619772943467614
0.6480369962990316,0.4738434950859846
1.1784161714395973,1.1614335244719267
-0.47059267693656326,-0.3249702056176041
-1.3512327145121836,1.0322605197771013
-1.4729695351323697,0.8467352949130014
0.2439774112418353,-1.6084039254756637
2.33535785946882,-0.32312122833923346
-0.9236948915765707,-0.8955660002855949
-1.3551957490844568,0.2653185855972994
-0.2781247975617281,-1.039273948756699
0.04386488416504928,-1.4973873336800614
2.23143737839551,-0.08452602941996396
-0.08780372384991561,0.9095017412252037
-0.3905093570117803,-1.3472360652865227
-1.2418950480836015,0.17917677093462836
0.6713938436360517,-1.3472570106828683
-0.5451795317726932,-0.19592328278766374
-1.0512985673296649,-0.242401757596367
-0.6447355190680985,0.2596749529724937
0.19252075663599627,-1.9290233955161729
3.074800992797773,0.5680126024742221
-1.3621848810800259,-0.6597932147379043
-1.6137853061918979,-0.9940896036311402
-0.6847201879793231,0.98327200067268
0.41804702337199245,1.7012828186755335
-1.0108100834520377,1.2247727194379119
0.2555383155061244,-0.06063416728841555
0.09451200656377876,-0.6735624309904347
-0.9736198935718957,1.2655319299287726
-1.4046070761691745,-1.354467621187848
0.3271909864284653,0.9943555736144762
-0.5589970856835474,-0.41913883221355713
-0.664192397806453,1.3316514958975523
2.720187682474073,-1.076705935947423
2.187505079677006,-0.2622010839080571
-0.8506525386551841,-0.6500143318318252
-0.04920422930323475,0.3046121955034848
-0.13153202316963022,-0.9890080077314514
-0.8351339406198168,-0.8521292948671613
-0.13016806395095745,-0.9538374389073346
0.14359109614114618,-1.652476256283284
0.46449318309395365,0.8002251627792868
0.24095219701721826,0.06136294606496166
0.3848458504758841,1.2470488704836267
-1.357382843197453,1.5938286879610544
0.29239066151763354,0.7214717522416716
-1.8426993106865297,-0.36168289768559886
-0.2402517270333595,-0.6178569185886411
0.11605811978035172,1.2922616778424287
1.9389178229004922,1.2062719120194865
0.17159200658890011,-1.6725015905484015
0.16732560621709058,-0.34397958213762797
-0.15532691394272358,-1.2594887706743996
-1.0127178122517986,0.8168561181413989
0.1420291575039635,1.0574524241364582
-0.18884513510929044,0.03049998938981485
-0.6660403453044411,2.589997556898629
0.12316480828209161,1.5032548939194184
0.07611168318974074,0.6834046356234778
0.5861129965713588,0.37521088657831664
0.18091698260089784,-1.2857044780098243
-0.49077673307621483,-0.22252783980260069
0.26144428615832493,-0.40384098706485394
-0.33026943984567164,1.654457905496547
-1.0617131942449924,-0.38540748682539033
-0.5430020820757995,-0.030030631760034465
0.506149215078207,-0.13802127096151975
0.23700141235379818,-0.8576164061531292
-1.6638923632290712,-0.13821763855489783
0.15154705593657875,0.7145389432251148
-0.7384851117114525,-0.29711684049117787
0.6435807986110229,-0.04155361407373285
0.29266223452453227,-0.17402761567394884
0.18704967456372779,0.4880574429422548
-0.6212148067946541,0.08328974847796625
0.8928854641368456,-1.1548720449497438
-0.05930501283623026,-0.2207030038344578
-0.5661011686925371,0.7122332870625488
0.0010593699437078175,-0.601991690750277
-0.17559543104953335,-0.9717097275995894
3.3794804716335243,-1.3132996573412743
0.5446160380857252,-0.8833121191322215
2.405133111789983,0.0003291723964604968
-0.6113304765888946,-0.8390217780003563
-0.5965418769756774,1.1242166548437522
0.23634446408534682,-1.0390704095341612
-1.5374796867055136,0.6484181831379826
-0.7330931498051476,-0.012034346287412753
0.05623995808664354,-1.3114575939163897
-1.1614575963265132,0.10917077191403295
1.0987207580652176,1.1146152371636722
-0.9081581034357796,-1.4371702994571316
0.20483401729837247,-1.2083563969225362
0.0724928522303682,-2.1690899957129415
-0.8214145301470429,-0.7948183025159153
-0.4185622322830558,1.0336226127402914
-0.7225901036515506,0.5795622205344336
-1.3641284407272438,-1.7133892290853008
-0.41048933954874267,0.5227744596868397
0.03791171595521695,0.1801142287798096
0.7110319074612195,1.9928321417435835
-1.5189966746903747,0.9713063297842087
-0.4359477213048196,0.8377322199130728
-0.3024777397822078,0.6705365949938006
-0.9510512334804202,-0.3741452292973521
0.8975059963409608,-1.5311341927121942
-1.8091784840272123,-0.3093063223967177
-1.0979586546698203,-0.6583219650364985
-0.7873394062918564,-0.036161710449995436
-1.1044529869679902,1.9887989003040718
-1.039996936131436,0.669209462291199
-0.8349713784297679,0.12140333873061639
-0.9099325371290872,0.45905916999897506
-0.24106008630978784,0.7244351970408287
-0.864500582612301,0.9979173610937845
0.25801735867649683,-0.12501356833141655
0.27876939448293986,0.8300653169650732
-1.2553182559160772,-1.2456124407126203
-0.9923147714960606,0.016002959868835515
-0.8747022448918212,-0.8677637153680964
-0.24220766640512456,-1.351511499593944
-0.5637904980930903,-0.3061308447841232
-0.38005759650262033,0.11263174466993169
-0.8119184462556748,1.7204248608756232
-0.08975953340598683,0.007943144916096103
2.7933802178609612,0.46231979944621815
0.7817167375693239,-0.05411423891894254
-0.36701592989647214,-1.0143872655767494
-1.0089277376686616,0.10882741911497558
-1.024109924397465,-0.9336829792616576
-1.259293670212897,-1.6926129415503288
-1.5625312982064874,0.33892674037746484
1.0356653864221725,-0.578073971164427
-0.017518970417358636,1.2953933984513486
-0.17284877872318152,-0.2888296306571284
1.6702105151172983,-0.7794959456073562
0.5578086405403604,1.2789836905608007
-0.704975232214613,0.5784798205125399
-0.9178001277182357,-0.07974470373958711
-0.4498102011158433,0.1385819255043963
0.5461463879498643,0.9272226134461075
0.9055536600464977,1.1342750791150342
-1.6249405889598505,0.8626280940184429
-0.9109475755009552,-1.3085822088830095
-0.24203525577937904,1.4481172189355656
0.21927163993542542,-0.1796705746969395
-1.1989361965406171,0.594962444974527
-0.8222181721895673,0.9005557002123039
0.8590872540897527,-0.29220134952889804
-0.2305244884007603,-0.16477843856616028
-1.419503803400563,0.3792626851774688
-0.9629174854697052,0.9949283880565164
0.2040603159387201,-0.05947155122253576
-0.9016231488523481,0.4028729889788516
0.5381308008402674,1.5940640781402486
-0.38833784751145767,-0.9938914961609817
-0.5927472149743302,0.9371738582198832
-0.9371505213487827,-1.0074490248078132
0.5648878398643702,-1.321287927481025
0.31170994153462733,1.3565785473577638
0.16275054927653537,-0.8164407747156788
-0.49869240442167384,-1.2549737085537571
0.0712232821982586,0.6482153160080757
0.24468319364958174,1.0625328259177944
0.0749407261753938,1.1302399462226493
-1.279489352694111,0.7256116106066003
-1.0645468388273527,1.2630866117657804
-0.06185348172447829,-0.3281835116976621
-0.018430604333659888,0.998766759173189
-0.7862516074982924,0.37352232388718737
-1.1082367018068595,1.3526216112131042
-0.29115223233356363,-0.8856717894988478
0.9398665079865853,-0.46962654273609034
-1.425216721816452,-0.17514510379981804
-0.2891191547212949,-2.032801108205197
-1.0946817056339002,1.0898753876133085
-0.7022130453075731,0.9591257341427187
-0.3280642854429454,0.15436248230039623
-0.46284537816203014,-0.2465090676701184
-0.2522077807909976,-1.5802732793773522
0.3217795316703613,0.3775797478703636
0.16073498259060603,1.4837613084815584
0.14064495205050692,-1.3052522292278377
-0.35660260572751984,-1.5425642040242735
0.22018710788695212,-1.3578987860160572
0.9436028954521292,1.668749504342115
-0.1216526201460693,-0.06383489371964035
0.1374149850441161,0.08950858378151748
-1.0275841792526186,0.8473431974590173
0.9726648688987014,1.242984123295197
0.49015421147045907,-0.5271294714150423
0.7218285507623646,-0.12541484608366857
-0.8769647049192638,0.47633839618736507
-1.8061452734766648,0.5004983086411249
-0.6329081785785113,1.7156175261648512
-1.4227337704069536,1.7740234981868241
-0.9108109957226671,0.8453670965956167
-0.26718172604659823,0.822524453826407
-0.5955184969340821,0.7262726126578047
0.3596258664039845,-0.016427303080561857
-0.30156740861228176,0.2959805665954127
0.2452712655635485,-0.25253116493066313
-1.3120538235565518,-1.874702418744454
1.3522463486992904,-0.4785018617826111
0.3811751845086841,0.5874835676050992
-0.9162872887804364,0.5777172643478536
0.9865422541433142,1.7528418468416664
0.8495668243682875,2.1967496496562706
-0.7908675522841974,1.2707703740521918
-0.9113281593247037,1.4559491605460086
2.383055682920769,0.8302204513760281
-1.1324301009490372,-1.6707118426842342
0.013259162186718083,1.2988173916503984
-1.1200023588529222,-0.47015420550541404
-1.0480515089446312,0.6726642639046457
-0.5860650172534353,-0.42426894477666904
0.35373307889130107,0.623058348176601
0.5110869995723747,1.0619927113430245
-0.6221406725452681,0.7600799601886367
0.20216163215968586,0.7424876675898648
-0.5105814339345931,-0.06739665746624249
0.6489154548926116,0.08753556848934294
1.1039188345685182,-0.910244885751878
-0.3934904487511984,0.1822452864140674
0.10702092495521684,0.4918552942025722
-0.9121302330607647,-2.034367565568833
-0.2644936023076295,1.88994504432484
2.032063055666207,1.384521126644066
-1.1392526326997374,0.2233529783041783
0.4781319666347949,-0.4319820182069384
0.48576238250243325,1.1447219841253844
-1.0089654206258847,0.1166234237108288
-0.5593778735268902,-0.9751063011076548
-0.26348137344810585,-1.005277750469387
-0.7652928369846159,0.7822278347644059
-0.13398091605772863,-0.42730530614726525
-1.2465417667190715,-1.584643247745189
2.0355054379450146,-0.40825694827486253
0.2062973429177925,-1.547815076220433
0.9025854176113091,-0.19255956072296224
-0.9628960106924465,0.5052422866463226
-0.1660975748321078,-0.3216584547279959
-1.1796215039418334,0.7090833376880651
0.3673791053750886,-0.12541808323098794
-0.5499639289132322,-1.4643764362995388
0.42881583215161095,1.4169279203758667
-0.3571652445931163,-0.08325879973338039
-0.809793115369911,-0.4529684708351805
-0.4371290260862682,-0.5964909572732169
3.317273951736475,0.30678718778151476
2.729879973457893,0.5586298687202021
-1.6366963975702167,0.8659483622316565
-1.840188524755505,-0.2464063852265414
-1.182603349064236,0.24272393638882322
0.15826967192314118,0.519761455682
-1.0537501955262076,-0.8551603760614713
2.435473954340971,-0.09198735011645864
-1.097321199253168,-0.808561293195814
0.011789193019727952,-1.5497332521306388
-0.9642711210931909,-2.027207034786074
1.0062479283649337,-0.39613063026536643
-0.30432774340955565,-0.7381407646815024
3.4765361505807,-0.17101993307883265
1.8578245216017335,-1.554492262987518
0.09625354873766742,1.2794888448749822
0.2041109279838807,-1.7118670744837665
-0.028858364356519,-0.8201382897135727
-0.8865430638327363,0.6455513154282079
-0.10557842216845773,1.1115128276986104
-0.31526690668555996,-0.5863911642349652
0.5573615818352834,0.5688635627903091
-0.41812885046909287,-0.8841848745773828
-0.97282855147021,1.1018158334158559
3.0352013653128127,-0.7840318015482507
-0.8454114383934656,-0.16584380394084275
-0.9390946303593914,-0.7363869538319251
-0.8161778874878406,-0.9995376923312921
1.1116025977897614,0.18852491336850427
-0.6332553215194504,-0.6937899350509381
3.465236495728123,0.3726757948367722
1.2876304709811313,1.0420162626817746
-0.17241477334192792,-0.04289234967116617
-0.348227495952437,-0.11993964084471911
0.08288423204237935,0.328793725446221
3.394649055675114,0.5896859795741136
-0.4497738209049955,-0.5403967467680045
-0.47894959660622205,-2.0870841049333593
-1.0294867712707785,-0.3642455867582257
-0.38000437896470934,-0.19739844323820369
0.9262050267058182,1.7928005448569897
-0.9788968246810715,0.13568198898690684
0.23686887063032963,-1.165921723905917
-0.6355456902723196,-1.0041985875948127
0.7497359051902484,0.20964116497912091
-0.2264997703849631,0.23533025208748132
-1.392306065415651,-0.48176320455592225
-0.3994339725449281,0.3653440954825542
-0.36776382869204316,0.5016054117232212
0.01834043556683205,1.9839166059928939
-0.1390577318353264,-0.4235146027834016
0.09787712078638869,-0.4176525908939069
-1.247283175954681,-1.5807605738664143
-1.3898802898151752,1.143508070486226
-0.7835809946856631,0.28787014989473175
-0.9752010595007894,-2.2131061177114417
-0.9410166410254506,1.2087337840374055
-0.10774028725267792,-0.7362344948183149
0.6589949732477505,2.1463493268068836
-0.6830888236242652,-1.5547967708408572
0.8142296389840256,-1.1177442776296052
-0.7328833400254814,-1.7524169435500816
0.04169092315958454,1.507022088341432
2.5550483104815607,0.9500691257310142
0.4035763552279122,-0.1782415847286692
-1.5299402955688952,0.4341660125243866
0.055615635777522966,0.5146810539006639
0.17751864302358106,-0.8449283958041398
-0.6574334016090427,0.45789533608203664
1.0084253780618273,-0.23023797923773717
-0.05756114897289357,-1.4575017038122702
-0.38496864520204266,-0.2719581565156293
0.6477418923855142,-0.807994456264581
-0.4566529791013275,-0.2948873380473705
-0.7262775271621055,0.7627649061648498
-0.3377746367164959,-1.309388001534833
0.6074134394090855,0.8444012185727434
-0.3400078296603427,-1.2958993271342134
-1.5079395353605027,-1.0513159249400221
-1.820554727756903,0.7905152199072548
-0.329410678123485,-2.384042190963558
2.7344678797026774,-1.8252249302403338
-0.6186610768889197,1.495880438870348
3.077081093567249,0.2090792401058442
0.8697319370195302,0.437955866977636
0.7684735230695285,-0.5640145253507338
0.4080741941442552,0.9632870346878246
2.2797881918447995,0.6163421388236999
0.22154204625681312,2.3354193045030804
2.0367536129835737,-1.5241596857124768
-0.896467812304163,0.4011975264530929
-1.2683813972994842,0.3710926709442546
-0.07077952981969504,0.8811179966986721
3.1585704334867355,-1.3086386105016607
0.30904636764535004,-1.3945373673942607
0.26961970014952624,-1.271611138210508
2.85210667252198,0.6428070338382109
-0.6107021162249545,-0.8195164380915716
-0.4177447779539154,-0.47841417095727856
1.3169692784520892,1.025861696248414
-0.1263597992623965,-2.001355474069958
-0.8000645739909366,0.6712926768638483
-0.8093264840293267,1.8005614613488674
1.9401068402045691,0.5878512805879195
0.04023669259287658,1.6767360995712286
2.4027173144408973,0.03324996698223934
-1.4876487900934494,0.1670596835748059
-0.25962427462024984,0.4366869623804156
0.12340779338447919,0.4458068625315511
2.0119224928646555,1.4596195850691094
-1.0169063952040198,-1.2279678737865682
-0.706352114941415,-0.08877761039991107
-0.13523763678560902,-0.46631598596483476
-0.2551231510320719,1.428018816522916
-1.0648510377935823,0.1509933284833152
-0.27378308130745777,-1.0037674781821653
-0.04451283881917522,0.6034886090199829
1.0853826847991768,0.2886136283832401
0.19123750413296453,0.5370406818703902
-0.8410279510951671,0.3278901615866627
0.1399230356666965,-0.9696762238087159
0.04490455217031717,-0.20172480617845936
-0.4794153947801134,-1.1330568112443662
0.6975482391478868,0.39434236842583387
-0.8389753806310992,-0.48754582557933906
-0.6102335827426189,-0.5990824117312739
0.7419468854036725,-1.70666795609835
-0.5473393407275535,0.6233528153717909
-0.894758896089605,0.3466561511204244
-0.657263176928351,0.7584046492389713
0.24910230777574355,-1.118552633826933
-0.10774028725267792,-0.7362344948183149
-1.0117393581103724,-0.057022669027331656
-0.8585856467230826,0.6528698885530506
-0.813957414032529,1.67538560950287
-1.3531231364051992,-1.5430821553516394
0.4348724048170101,1.21044109751982
-1.1310024021574805,0.664648903290102
2.757258333922584,0.49955129175219304
1.7979227321075602,-0.7653176316134892
0.3909746341995885,1.0072627884060625
-0.9104458666958982,-0.40521361664791045
1.7054344476102967,-0.762112842857037
-1.7292160052804357,-0.46725683253342903
-1.037170534492022,-1.4630153858786081
0.8210402046291754,1.6724436306165962
-1.0462608670713593,-0.7416751087371202
-0.08855224621277749,0.2617496502215374
-0.3767495282733389,-0.12325975748183934
-0.20089002765289463,-0.22375313897223986
-0.9673776414288253,-0.15439623595583035
0.7848856947314671,-0.29791752827551443
0.6523150972163035,0.31794215396020625
-0.06788016373899095,0.7114346423071791
-0.20889795227184862,-0.22993499471894174
1.727744667802405,0.169608685490197
-0.36463836486800033,0.28514602975660924
-0.5928610172289843,-1.0352788809923892
1.697468164219677,-0.14216318834696243
-0.9116240166212057,-1.8217295438043888
-0.8925477217065996,-0.129174717300429
-0.9655471306532765,0.9225877921791255
-1.3132448227860885,-0.43490235436234576
3.2144586561471837,-0.0006431799210515192
-0.6062860029673254,1.6818101786340194
-0.9479797906092586,-0.8967946881786467
0.6246143476799594,-0.3955832162180496
2.149298752698215,0.5787144973656659
-0.2399242067599136,1.6277612263906056
-0.4280665280284572,0.5160608551128801
2.5702577823685,1.4833455199033467
0.2112566021892191,-0.8374871953260823
-0.398198177230916,-0.4306172086129664
2.4548073864085693,-1.6420138788624052
-0.2348657851073339,-1.3570389791601736
-0.18684830789217563,-0.6055546723479379
0.18482612603598364,-0.9928566360485097
-0.4511907880621771,0.778275329885418
-0.6741970996105363,0.5819038137115895
-1.0266348623790942,1.136173832141324
0.5875100513290447,-0.11840045159597383
-0.24169610916437087,1.377953177572887
-0.48681698317577665,0.6946108596511948
-0.5006008124005192,-0.17032820922318131
-1.3691603306046722,-1.2336637807386541
-0.49193135209490363,0.538293552307107
-1.2708107973357834,1.264488704068788
-0.7636029940741607,-0.7607609421280893
-0.45825528597219206,-0.13124446125807934
2.593891543513614,1.2835723016212597
-0.8914151268285602,0.9243480773233416
2.2174977603439827,1.0971075758830116
-0.8292008146251743,-1.5366661035440956
-0.7551265359728707,-0.5341450600210896
-0.3830141383923467,-0.04158222788306962
-0.7821826371816022,0.4654414793969888
0.7008952132970583,-0.3898789435184514
0.37313278182063353,-0.7728155216929518
-0.964428342482045,-0.4839130129814652
-0.8263618292416192,-0.6683335467328803
-1.0766920607540913,-1.6561904790434965
0.6446709988777432,-1.6100030827065706
0.3981876779934422,-0.6135208442064275
1.6621481499977664,0.06488619175073837
0.321199801426122,-0.4729416823491109
-0.09593441596054164,-1.0672922009694754
-0.1938119270556658,-0.17470858636749717
-0.7181266630205957,1.578690079272787
-0.5470579192849582,1.553949532387902
0.629303886054253,0.5567686149451849
0.1694166130213664,0.8286291791003491
1.137161728476669,1.3818370455700142
1.0146599677142547,-0.9771428246814968
2.6154477707259716,-0.7813809011337538
-1.325263862733626,-1.7016681393014441
1.1095239651302242,0.9726610995421456
0.134331242232116,2.1438159488781148
-1.3655609924970988,1.287137519057418
0.7219765472828127,-1.331060184516372
0.574721767624371,0.4526085268712874
-0.9821763050058419,0.533522154610925
-0.8592017071461842,-0.8982933575710367
-1.553507236488884,-0.5365661956404166
0.39519160103672696,-0.10646339451683934
-0.6585824142664486,-2.121330012925479
0.10466285277854423,-0.47598466959043917
-1.0532376193423811,-1.9867283424144178
0.07581392375148735,-0.5611781629031695
0.7962847159847917,-1.216242504313133
-0.6392733280289479,1.3328376209052821
-0.8939570263731382,0.5164740389121505
-0.08466861560977021,-0.8013603941327926
0.21573481843806913,0.1402521078538687
-1.2598704611290978,1.9518257866026034
-1.4439771172193667,0.4170140202636827
2.5329764879736296,-1.5600863364066413
-1.5730948048409417,-0.4263703881148822
-0.6102581325923104,1.0846129125223174
0.10986757282941498,0.6871645305729446
-0.5519425660249232,-1.1678111106979867
-1.515250093445338,0.2906215381477454
0.3519298532738882,-0.9631596841626554
0.021032443373011835,0.19686185771703554
-1.8725170494389105,-1.0674003572209834
0.21433460882424232,0.6161561959983479
2.185345270722146,0.5570750142513975
-1.0666710209543497,-0.5924567153469978
-0.11155504150120046,1.8233935437655047
-0.6522995398381166,0.9459059749664721
0.1993441215533895,-0.6155309906315446
-0.839436121807098,-1.5489071876842848
-1.0640355653899016,-0.5396640222637136
0.9995331046847078,-1.0422804784668998
-0.8347367349971078,1.2295407284106812
2.2110076018450266,-0.0990969522663839
2.4459004116174548,1.0557350310937552
-1.370015338075342,0.11826499225096428
-1.302743548958549,2.021886102979446
0.9674782091375611,-0.09175039770058215
-0.655246986675131,0.6219473343453705
0.150448309980537,1.1280749946027684
-1.0914621364265966,-0.8063234250044943
-0.19886734783971297,-1.8723204572870362
-1.4559590235730713,0.4671103160520156
-0.4822581344151857,0.6851819554149051
0.43934275455562327,-0.45929511718250143
0.13636431984438468,0.9966866301717656
0.20009913347621283,-1.4798889030490743
0.2807244506560263,-0.2642168397256513
-0.39106685909577615,-0.6916028439163593
-0.8504537260699813,-0.1875563552026437
-0.2858199775251313,1.2215508960342483
3.1547803589035985,-0.6006099114752372
-0.4500485487680352,0.33739537111780415
-0.7240221060580152,2.2554308833538683
-0.9795992482130828,0.8029513259463762
0.3941818236823453,-0.5689945908696465
-0.9364292841440569,0.14953707040015382
-0.36889697293347307,0.772740702422735
-0.8597650993947652,-1.4348287062799756
0.4685257731997959,1.5711229905614892
2.045490097533908,1.334455487694037
1.0667300772504453,-0.4477254438699958
-0.44632336251654886,1.3581131537647437
-0.8336407243495104,-0.3584566430162634
-0.227790136015247,2.0497595645916036
-0.2794860214719565,0.10001680246847497
-0.3388493024025282,-0.04317271621427731
-1.194250696221143,-0.2983297115880772
0.2708704806808357,-1.045148540295027
-0.5310851438374538,0.43690308125178684
-0.9105498205148557,-0.5515702709284511
0.8111685939119511,-0.09365681913986296
0.08690764731180137,0.05771974842331478
-1.0134424639440534,-0.022029196488769852
0.7631589090031297,-1.6860684616967465
0.1644398428236002,-1.03477146628489
0.034120208810010745,0.38486427543349006
-0.8667008098328289,0.6505281437998014
-0.5252065881590829,0.7708342809834541
-0.5093850939038616,1.0096299335540353
-1.0480132766240176,-0.6597898260144918
-0.6462324395579363,1.0729531364150682
1.227884470313743,-0.21538178012154788
-0.24914194428111902,1.237124002858576
3.176355529604365,-1.0092116973666199
1.8301531133528852,-0.1102282166936949
2.9206102188979655,-0.09517714725466668
-0.45018054112811307,-1.2955680319582674
2.7816041630158113,-1.8618940168807476
-0.5241637152656884,0.7045835703378538
0.5538943659034818,-0.48687834923349593
-0.6991869478842776,1.1172956002981203
0.39153987855793543,0.8903227194682649
-1.4457146213384355,0.30960673212410433
-1.5512698756745238,1.1276851023809973
-0.08884604737991966,-0.3489056334524804
-1.123790661110002,-1.627317396998936
-0.6497629013110251,0.04866983084848567
0.4571278506732526,-0.15986820404746035
-0.31343571673092663,-1.0019692367270983
-0.503876458690064,-1.2473428941964408
0.14071340885729505,1.3480198350211308
-1.1597772680164662,-0.1073192668908827
0.0976919906721079,-0.5288693331886344
0.8099944820414631,0.33547124142949725
-1.5417337871364842,0.44528228533345354
-0.09596225048206819,0.7665998885581097
2.2461996617616786,-0.09346574771431808
2.9290235609936617,-0.0050066739942494064
-0.3560828366327328,-0.8107809326215699
-0.30925567946802673,-0.11205866205431514
0.09209300432656667,0.7212716017425463
0.22156802866857384,1.155002632622232
0.6804408868968833,1.27924545788872
-0.1600618477968688,-0.15140078862392364
1.126325346088941,0.8408566173167398
0.6313577592646963,0.4125152954557308
-0.17446734380599585,0.7725436374948357
-0.18087940108206133,0.7352084202030248
2.924469299651281,0.5254081326445947
-1.2714482527524356,1.4147280322281035
0.7387020129636925,-0.12261457222678754
0.26476077026123374,0.6830849433423639
-0.6072989852098336,2.5811922204284143
-1.0390079543752289,0.1288646594271112
-0.2043657150701173,1.0539943853756921
0.25001654718479516,0.5204393408043225
-0.6779775297775708,-0.20447024065337163
0.49069545534250497,-0.2850323014225328
-0.5540374068644244,-0.865565021338686
-0.6824441752966524,0.15831513875547742
-0.556648108559587,0.7184457996475545
2.786950100295166,0.596569902986803
-1.851366035683701,0.10415666083340382
-0.9748682726300487,-0.9390641709567291
-0.9913980805818668,-1.7027590566469433
-0.4005653444603006,-1.2287125043378775
0.7879611756574483,1.0250770005690295
-0.3073882391182395,-1.0387113915150443
-0.31409005950662755,0.15894209524496528
0.4245999640412537,-0.11866206734779976
-0.4641683697516448,-0.4396724063640819
2.9259604597922273,-1.6479426361808869
0.6471058695309311,-0.15447647573252257
-1.3526604133037405,-1.3031002261972346
-1.764277375583385,0.4888926983140294
-1.3781798049040657,0.16281505768178187
-0.021637324236734416,0.03864958025240521
-0.7753469723233704,0.24727597806631466
0.2797836794718233,0.6018659428472259
-0.08438521224171522,-0.6921431100672224
-0.4195459474419684,0.6023912173798447
-1.0401951993532483,-1.117906599661267
-0.6442806680566848,0.12886774499833728
-0.32950929114124755,-0.013572189841712259
2.941344194414678,1.0314870588742187
-0.39826116342081536,-0.7349666327633537
0.6182204805093179,-0.772407769646061
-0.2854770766586059,-1.535184468798917
0.9177168680590659,0.3935639954649949
2.897810120261956,-0.9255506158558091
-0.030918177763533082,-0.4884330521262072
1.6906929598423024,0.24970287465421248
3.497503336968004,1.5605030103573743
0.48244459565314896,-0.6133866139583811
0.08815076535246794,0.9572056667796394
0.2986864650339029,2.1441082214682443
-0.11082608619403793,-1.3489505503980974
-0.6498180951945876,-1.0966069290465497
2.5612510275576423,0.19141238208900083
-0.6901751360755273,0.39384008231852763
0.8784064543230381,-0.8688110272860144
-1.5285309909023568,-0.21148274368819275
-0.3339219157074478,0.6554032664818195
-0.5879954437931219,0.19803436053367296
-0.726522568393853,-0.8468104831236625
0.502648224428308,0.8275808246401718
-0.06301205901427828,-0.20128963444058404
0.2695853018641379,-1.4140118988886485
0.36468120740432336,0.46946809496576825
-1.0525012671046639,0.02477763950074627
0.6842114686282211,0.2395234273219494
-0.5318493305966974,0.25928918886420765
0.6614867359066583,-0.6064420504708993
2.165673790766321,-0.4720505862865456
-0.41346407154389303,0.7080498232700387
-0.8919752344053063,0.23761596334040935
-1.5866121180566777,-0.1714201691109399
-1.0464012011011647,-0.2090530907452601
0.3966256595725512,0.8846913633401058
-0.20953220280037427,-1.4416089047068288
-1.3097906101461245,-1.2229637773000837
-0.8852422206196567,0.5442764754057423
-0.50577884668863,0.8615671599094324
2.4103781703228124,1.1184272151400727
-0.17292865227212964,0.4174929490052324
-1.5318519826397672,-0.6076781036247558
-0.1563484418745532,-1.5150201461351884
-0.6467295609447832,0.6905704465825236
-0.4328151443535245,1.2729076028289017
0.21402994027833072,2.0404374709123756
0.7567540946700104,-1.2396729294099214
-0.07339359039059273,-0.873077270668015
0.4760143482716596,-0.31123249511399165
0.4496371396883207,-2.1562526119215684
-1.3062193105796718,-0.18876922629954287
0.4419048261310849,-1.212289847858052
-1.4084381183813697,-0.4884461522915781
-1.5967993444822912,0.3099807417614653
0.1243303744632582,-0.08078658390512564
-0.5619055468169637,-0.07971080975396397
0.157254633551273,-1.2478799231999846
0.026008460187793382,0.06442175010244262
0.13411163404873866,0.678481973032038
0.8522424941788089,0.09570881986987649
-0.036862250920653365,1.0193238422655637
-1.0311761946335374,0.021989120114790275
-0.49979115037771565,-0.8414376571761033
-0.09107924032376652,-0.33541695905186075
1.2733261934825175,0.9378560230317842
0.3826994401886435,-2.11464910821879
-0.7474297694597899,2.408428074060836
-1.801954159235593,0.3992847822952667
-1.1843226630778811,-0.20417268788695572
0.04084741221478342,0.7110726902929299
-1.754113600280682,-0.9581290589513526
-0.43305745027682757,0.8377935335896801
-0.4784971970999505,1.139862678239519
0.05257463292063833,0.5458037586074692
-0.25548452580732356,-0.007971793704043498
-0.029422305968490735,-0.03201555309922715
0.08806500163893463,0.47135967636289805
-0.5441574544774729,-1.265049992650159
-0.7634391291377365,0.8839543591462362
0.13446897076917075,0.2688285955331589
-0.27137940405153155,-1.0525548700334597
-0.4033299828724823,1.748395573178978
0.13196727989085805,-0.016192584993998706
-0.8916477883357606,-1.0051687453072646
-0.8472144599912844,1.5684370020430167
-0.42912834441026043,-1.0740398511051512
-1.081827904450477,-1.3228216849773906
1.779396980137306,0.9349788821300765
-0.44821748862909583,0.08972131392947597
0.1338601032570298,0.5810165871647216
1.0741096415054587,-0.46104892803207875
-0.6822004368112802,1.096707860367442
-1.123302634775867,-1.0751900390982911
-0.6125441235263717,0.25137770481159344
-0.452224146355163,-0.4819726975565613
-1.1623315472855913,-0.19525187195998014
0.9328396930337934,-1.386942338475441
-0.5783248316061544,-0.9974425717116243
-0.9970224999757782,-0.5968595351581983
3.156175981099215,-1.597499902022271
-0.9554165306732948,-1.207368530961058
-0.9584267596806144,1.484822242590569
-1.046642753641483,1.3516735930153503
-1.219468494347989,0.9373135202203092
1.1178053148658427,-0.570131830273509
-0.7135061308164806,1.2024279315103368
-0.5575111123561874,-0.4091969299412952
-0.9395293149197297,0.5102378658092014
1.93930244477906,0.28738453031630673
-0.9208988557475334,0.9521387593460083
0.0806450191182532,-0.6819821549284566
-0.17544798389247582,-0.8526969807090087
-1.5271606719394162,-1.5205181629814668
2.697468290553705,0.5941552416621146
0.3739846344351621,-2.1424515447123818
-1.0333087184302618,0.33203121406994396
-0.07638377718272271,0.8261487491006754
1.13214727532168,-0.4737675952193714
-0.24322974370034484,-0.28238478973144865
3.1800952017417434,0.9789675844375921
0.2078633196097947,-2.4120997689143366
-0.8624779027991194,-0.6506499572210122
2.421349076359469,1.146333528195594
-0.23692614787773852,0.2993243437504762
0.21139823896539967,-0.6989265456413949
0.948557986853042,0.701337412814432
0.6208774108510251,-1.2093011779729708
-0.44673467015787655,0.08195596617192659
-1.2838559526333606,-0.7787943587336533
0.13709991869911725,1.0123518590870977
0.12895629750055376,0.6801574355577966
0.2282866066003167,-0.8854188426467209
-0.6403416339707126,1.2548469181084465
-0.4452285247996328,-1.0689709006425532
0.7323361843341717,0.9871676231407323
0.004195231566837827,-0.3170130731084416
-0.45621631819533787,-0.08620520988532629
-0.14612593396487303,-0.026083558633426134
-1.0293964999227434,-0.569130166812139
-0.07870820445699173,-1.9951312070140277
-0.5822390320391325,0.7250982421209999
-0.1658514348735794,-1.361399236086052
-1.4809878575504112,0.33911543955785173
-1.3720016376776756,1.08785363829336
-1.0442894729026149,-1.521971183917309
-0.7636594165001982,0.9111824839272485
-1.5889026166252407,-0.31392480635100956
-0.5972437511442981,0.4668279064799372
-0.10532175459514811,0.4053060306451971
2.823026508969983,1.4080617510213291
-1.1600534284415753,0.2671941986221832
-1.392508632252371,1.7423501422853827
1.6470589699254425,-0.008047466630517601
2.804527838138271,-0.7213745777625217
3.1352421740542264,0.6744105587394393
0.6690365248423639,-0.31925622147604765
-0.7281561186939646,-0.8078611169827002
-0.6748612908219339,-0.08328093924807843
-0.49306592889840267,0.3061501906338774
-1.1032887235331987,-0.26642524519702004
0.11550382258448252,0.58598166106539
-0.7304322611923292,0.18499976023830697
0.42627195068157314,1.8304333149152168
-0.8154324401974113,0.8422236215157717
0.41372521951721813,0.8407156096218679
-0.4646328651791611,1.1855375550014586
-1.0730550396892946,0.8568148161567225
0.3695909533573705,0.1828753284747815
0.4086843644027716,1.3222817107328098
1.0533270358690452,-0.7566970438502741
-0.31172419502361826,0.28585472329332845
-0.1451357792779843,0.2726583214828386
-0.8037709409899001,-0.8018560543693668
-0.22485451953938895,1.3690015532315143
2.426522603013078,0.8051687295336349
0.4105704144056794,-1.1006144248835994
-0.7140804702275396,1.4891126685162348
-0.9556185481466242,-0.3079132694430374
0.687103591765979,-0.4138906766481795
-0.5263508093786845,2.0330936727016087
2.559887747518054,-1.336320287362205
-0.2027732066029638,-2.3153650645223443
-0.4361379882007011,1.530187660539075
-1.1524576148789192,-1.6190013980467504
-0.37887944657731276,1.52914767182641
0.6030319340362469,-0.47071217990530334
-0.826002436391827,1.5890364964446202
-0.22850774878414967,-1.6258938387830453
1.81710563636586,1.0363386963470929
0.21702197918022642,-0.31226396650305116
-0.6834805586300855,-1.2875441540201182
-0.308846303720173,0.6058574703120297
0.7244017735198982,1.6188691758490603
1.1703594126813484,-1.3342310792872014
2.7014649700283813,-0.49234281647977507
0.02968603526265149,-1.9448770204597052
0.2500744021729019,-0.6482254328782723
-0.9994487451559364,0.3142437479961465
-0.2656327665293387,1.1368157802490564
-0.4471440459057304,-0.6359601661944182
-0.6016973433395564,1.2937961326733154
-1.692893326831396,-0.8634097811607633
0.8172180534500981,-0.9517784068783502
-1.4099313346516757,-0.9821188041424759
2.3730710233318755,-0.9124919845928716
-1.213367878981099,-0.6211752953489811
2.601479564769933,0.23830404069697425
0.5557221413705863,-0.5843556411478308
0.5480924788859328,-0.16521889048032162
-0.5548820165360068,0.9878017512593801
0.14620385396566865,-0.5694636565931448
-1.7032500245547164,1.3133225695545392
2.8810361042450836,-0.09126366496149493
-1.1613840825218327,0.747054180369063
-0.7501206285072031,0.16654616351311227
0.5545617119710206,0.19601365375598345
-1.3140588626276999,0.7590336487574262
1.1779496198827215,0.11962006516108792
2.2298147752578763,-0.8687967489938382
3.284019641086164,1.3742999003709522
2.1606315030898053,-0.4937631375483466
0.401649757143643,1.2458932507381073
-1.1794993600174521,0.5159506558324054
-1.358033431721637,0.06816869646263164
-0.7821078206305465,1.7745075555285668
0.6546738485720607,-0.2067799828738713
1.7591906958374108,-0.46873340364455823
-1.2433856588611576,1.0278694544368256
0.28298450921031254,0.36981455168890753
-1.042716303299652,-0.5229046388555628
2.075819189507448,1.4491387860731364
-0.18721924729982156,0.664573943689696
-0.8439468100276704,0.16588018443780822
-0.6130217520614194,0.20068834651939588
3.2719973164667917,0.25773088070584704
-0.2957707084083188,2.157613778939982
-1.0613220086025625,0.671997981677155
-0.8662861674876805,0.39686807794161144
-1.0759648035690859,0.5250601709397678
-0.01364649099642317,-2.2649953985112607
3.1427724701381328,0.6299030561939437
-0.3507766384399613,-1.0115444288345463
-0.6888366896889331,-0.9269472351729999
-0.5718470528317452,0.5187033897798647
-0.5834561676680384,-1.3548043481161731
-1.6199073963360469,1.054085313348344
-0.9139501420176321,0.7105852442277746
-0.8954611898059223,0.8460214727760891
0.19120180310120116,-0.2765427464842979
-1.585423100752601,-0.7898408005425072
0.01493039544405287,1.2520720209135832
0.7364959753622878,-0.4504558867266638
-0.8158842161363924,-0.2209783933534695
0.625451165045205,-1.4080226530714675
-1.0001121329523635,0.26527925985929685
-1.2025204196151993,-1.071318968114348
-0.85363110468556,1.0101158823486514
-0.3860732015389614,0.1611257976561314
-1.0820961927855408,-0.5775190823357639
0.45001931006174684,0.28261399752228633
-0.7379521594771483,0.7309452623922501
0.6866840222386321,1.6872540297001442
-1.478818200159854,1.3459354263301289
-0.08077766228010844,-0.16902321603527765
-0.055136805934486825,-0.33550908114286515
-0.11149671693341132,-1.8816457881135835
-0.18110823413384453,-0.3924768722711471
0.05780272989051919,-0.8138290484630912
-1.1748586557824534,-1.0211802610167866
0.42589423791066344,0.08045662317772144
-0.8102816910674365,0.31956225658745874
2.856360772952951,0.8459429316427399
2.0102758094570126,-0.17733036844766661
0.8949992484647555,0.199233282554587
-1.4282122494097769,-0.9927457394335139
-0.5304296281310715,0.1150784322600756
-1.4425886081510022,-1.2315107351657917
0.7501920589480371,0.7500166246815124
-0.3659216915749322,-0.7371927464837484
-0.3994541445758117,1.5262128645692958
0.44510901474530923,1.893864849336557
-0.467009676824648,1.881845012667932
-0.5287088815553571,1.0652537089085976
-0.11631290686658831,-1.9501343669505036
-1.0204392584302648,-0.2741176763831304
2.6217766697812537,0.11247366109441136
0.030039068368175915,1.6566990108351862
0.9231300951432275,-0.854852069310838
0.44531431689047346,0.8442128225445432
-1.1638156685031857,-0.8586691918789784
-0.4093879880999505,1.4516037436622813
0.7272099850538883,-0.17386633618454625
3.2007405484207845,0.6132284954042504
0.46389341063452466,0.9426684863427491
0.5380792313925281,-2.069879989921468
0.43512503433550015,-1.3414096872594314
2.3150619774201653,-0.7378246539333316
0.019022483048365492,-0.8429828002029498
0.10674278818445651,-0.5889381880875325
-0.0008834363205257256,0.3402530479021584
0.389613206269766,-1.1739452986918797
-1.0934874217325286,-0.5001214420427931
-1.5794846339567634,1.0424490461829448
-0.8515329791742238,0.5576730277153575
-0.8719608535829558,-1.4899938009548126
0.511537892312677,0.2972579885162387
0.6778104883303274,-0.7889358909885029
2.896256523294501,-0.38120735650399906
-0.7956306044631715,-0.31946486556607245
0.8842337243569718,0.3333914155802605
-0.8978348465952685,1.5600361804723737
2.944912005289702,-1.104620463174363
-1.2975421877834135,-0.15317078521009792
0.7512336290950566,0.01258324635936443
-1.674724158198589,-0.15821216440561817
-0.5666281807302703,-0.5032807339187908
0.5736879897836885,0.34911456944878727
-0.9338958004731063,-0.7654063237476437
0.0876223207526656,-0.7615870065744432
-0.5582289906851783,1.7720230632036653
-0.6750854066398129,-0.8578843446235005
-1.0314068797950864,-0.4522207547126451
-0.8210076801082312,-0.20755103262945732
-0.6483177657970289,0.04870048768678934
-0.43023488267263893,0.18042353601715072
-0.40226256012939604,-0.001550461720213643
-0.11047894325309891,1.060456910817692
1.7753929779359747,0.326029717820121
-0.43845926061882917,-1.2733850455458164
0.2943738860475345,0.9458923290426734
0.24167857100354495,0.4146768583521988
0.6409375507402378,0.7465810285876311
0.18953507747836812,-0.920527946218137
-0.2945141917000325,-1.1238743795655646
2.5989479832407336,-0.8798484709789781
-0.04551166901107922,-0.6822626730476611
-0.5972450538906734,-0.2043547611966105
0.6040605750953287,0.43645396043792645
-0.08830850772740531,1.200142371833502
-0.013210299670115826,0.4800612878472764
-0.777715572114824,-1.0540979700313395
0.4830196884471925,1.0957694020355528
-0.6851810589710159,0.08981465387153896
-0.2558997917197625,-1.9180564961494901
3.38879580322942,0.5679002085886871
-0.6146070917895268,0.5653756923691476
0.2556663996270766,-0.44121876724198694
-1.5205465174063129,-1.1709217343344678
-0.738648093449198,-0.11389540406947632
-1.0381735384831394,1.0945587255437137
0.6977743368912256,0.3475663408507149
-1.0475720282998178,0.06987820455010668
1.054138000638224,-0.7566238241266483
0.07583156449352071,0.42399058628391406
-1.0631330265263121,-0.07329271491745354
0.05416270795719028,1.355577732807008
-1.6833195553361335,-1.5536086028041602
0.18168697974101855,-1.1276384884163522
2.109740092842313,-0.9313226765266533
0.7283893579418628,0.7021157857752709
-0.9492760464041279,-0.27453394575362683
0.16711714921578524,0.687965194624575
-0.027296141916033904,1.0021483410630097
0.186384310421649,-1.0162139929977656
0.6541825375660908,-0.6087105755005228
2.1831692535873217,0.8944610155965113
0.44711405381645736,-0.739871218165323
-1.1755370788281638,-0.7129481629876245
-0.6212927782018508,-1.2434835776834228
2.8331766018017643,-0.39020124057850697
-0.5243261476400433,-0.43685307856372885
-0.08943659497094283,-0.544110993260923
-0.5075376957692641,1.0759419578762428
-0.7272268440356299,0.4739342714825431
-0.6836968079377275,0.5853279584867325
-0.18266047832293897,-0.5565714334198026
-1.0505604427658901,-0.0960876662011482
0.7957966896506568,-1.768369862213778
-1.5111948055995699,0.031299459323092825
0.28041464532851407,1.9637366181091063
-0.01285624762151865,0.22060467562239075
-1.2995798528138922,0.47297263109369675
-0.89858535088359,1.7336635224192485
-0.9844250825623623,2.2288655005008406
-0.217159809155668,1.64455126663706
-0.08031056135984185,-0.4518678420477229
0.13654562150324812,0.30607184231005874
0.7730927525272686,-1.611459340789732
-1.1403123929521808,1.3002756927625267
0.7087841488477719,-0.17285715588627829
1.6450122098422517,0.7878406177413774
-0.08461649679864028,1.53792558860564
-1.173930813686188,-0.24266352492428614
0.25888932771011536,1.0007885084931376
0.8419745610375542,-1.9241249154683981
-0.07301087065377612,0.24113125345255523
0.18464810904895518,-0.4524386134607965
-1.0555895973348743,1.5580991021947892
2.397887991400189,-1.7111379315124189
-0.8642303123517776,-0.5687646744983836
3.166601889012308,0.8748805645112272
-0.2689823461712606,0.5786717568402461
0.912899375379514,-0.34610725104847295
3.4982167076624933,0.07001358768306859
0.49497170415001096,0.21254177509842537
-1.1331161864853903,-0.6894564242142289
2.4567444564958256,0.9236921389061868
-0.45082578885110214,-0.30440136805430423
-0.48218592335688054,0.6518826961933872
-1.0882704017408193,-0.8686301480947123
-0.8158478359255444,-0.8999570656258703
-0.547020236327735,1.546153527792049
-0.28694095164141653,0.12893229582226406
1.9805197541481558,-1.2498810715092115
-0.678869670842073,-0.16940354839118418
-0.5607990085545852,-1.334174196876266
-0.598905889348921,0.3438286091486524
0.8012061624833011,-0.3302146035191246
0.891256501254944,-0.5949367764062272
-1.7011506760807131,0.32034590972458393
2.6080878291384506,-0.6042681007351285
0.6928991190392606,0.6086558527160372
0.058840466002313054,-0.07640757618796168
0.4135946597192092,-0.28896914108146127
3.063353890788138,0.9926955834992465
0.8555381826835433,0.17975875106019915
2.577839913460234,-0.7540913111000409
3.366410217122865,-0.3482293105668405
1.985499809017757,0.463322808602034
-0.6485516558467044,0.9364038510065565
-1.1151191446750266,1.7483277852077317
-0.5013812073397271,-0.8298321984251011
-0.6682575340879178,-0.23512251020952693
-0.24494632240554556,0.4451799060420631
2.965841508719783,0.6346984848576974
-1.1700438984113457,-1.4559703345526096
-0.14524103584331702,-0.5448810004742498
-0.9436080538884082,-0.19606090175912275
3.17845310575231,-0.13699646667662974
0.07744364001637347,0.8747273215531459
-0.6623990206247369,1.0917734433050772
-1.61258370514368,1.3880471699183148
2.7848843967235664,-0.26389342950493366
0.4803983849333487,-1.1421566149097704
-0.5856686948294048,-0.1705356591948535
0.04723669196721473,0.5669113413183868
-0.21600328799522767,-1.1493660312963976
-0.2934809632227404,0.30427766318021965
-0.47716961809212555,1.8540119193360367
0.5578781960739294,1.2829395841632012
-0.5627885928287538,-0.21438878555987684
0.5096327690056667,1.2317067225728213
-1.2834945778581088,0.6571962514933061
0.14434290317584292,-1.1549209305536114
0.31995100282027206,-1.5207837132151334
-0.6466152093267385,1.3383651004715116
-0.6757338092189428,0.1155750692506515
-1.337564669467555,0.7461262823897464
0.46062631003430127,1.0205672186246733
-0.24849409106537962,1.588322674307708
0.383717213868956,0.8274535907124856
-0.9743028242521077,2.264494598428589
-0.6735901342401466,2.302811727903777
-0.549203576189214,0.18809230668531757
-0.7263991217230962,-0.36876049730277455
-0.3315833363825744,1.2915498987344833
0.8945054117497435,-0.33334617255195137
-0.46049975991380454,-2.447130524161934
-1.0058087634045803,1.4044780405695594
2.955428733914221,-0.16178266201806255
-0.6452741574473938,1.3599431183330797
-0.701631462953568,1.1561717467154569
2.4271268831070087,-0.02800516450048201
-0.8694923380273644,-1.8879071863024566
1.9620504246039392,-1.2215279838209836
3.5664233777989036,-0.08461665424042912
0.8302703218749274,1.7431394208065323
0.6090138941701844,1.3342337594301885
1.773509878769614,-0.5538657348567745
2.9103677985887892,-0.7590529962772966
0.746032063900327,-1.1328587037742077
-1.2086543401205043,-0.02786070311605414
1.7968988027025743,0.9572844958957424
-1.2211710508182791,-0.3523510925644131
-0.40913721069122627,-0.4467716234702341
-0.647921992736389,1.627091858591889
-0.48455191765558364,0.692874083448829
0.6299939298617174,0.20944071132780898
0.6381466461129931,0.37189046678900994
-0.3873513970441007,0.6118012192487557
-0.9299476713344222,0.1908281812943653
-0.6383798842180706,1.9689535963196423
0.1387489237962085,-0.5405481632393556
0.22074995077214282,0.5032946480161655
0.2949313380995447,1.6698795958495238
-0.811215473360273,-0.27150256140713025
2.528081177874489,1.0735884174186316
-0.5454719003777663,-0.3032999140889385
0.19105612827020096,-2.2607473838948238
0.09654057654154566,-1.1299611792261293
0.09821311254525569,-0.5055238822863968
-0.9263083285801778,-0.48601649934864527
3.1307768813135057,0.3287581176478221
-0.3219830331121608,-1.9037236801130464
-1.1247106366960304,0.24164138479083624
-0.6095447618978215,-0.40587651015198833
-1.3312137462716234,-0.1743633421155664
-0.9867441690354364,1.9244121997885237
0.3374944165818892,0.5072738989843227
-0.08657230635471139,0.6363669922965327
-0.16618982810560293,0.7046055582764584
0.3097728714473707,-1.2091274704108284
0.17149264018815286,-1.2978723424263878
-0.44188475553858786,-0.4912789744396363
-0.6181262725448498,1.8704671241070396
0.8683785054156385,0.7363192824581619
-0.37974245037391324,0.40150494223756034
-0.8164552708756163,-0.084490421621565
-1.0971327844670524,-0.8475413161750799
-1.752474239599693,-1.0166263278864218
-0.699816610994593,0.42660759271278775
2.972638058058722,-0.07894966424986667
-0.37361236390383357,0.8329015278365441
-0.8077890952418356,0.7743281051827167
-0.7417715753477812,-0.7188154550534055
2.781120928119481,1.427463365944278
0.9552806028396046,0.5065599252713172
0.5551458998177758,1.7354250016818171
3.256047867906312,0.23161581278503224
-0.39680706266980126,-0.7367766286893453
1.1951389018120329,1.1954178167122207
-0.7102059346772442,0.5957472922300049
0.191944515083186,0.39075724731347516
-0.03304564456236505,-2.1937796139649923
0.4321074826015259,-0.34466613615964925
-0.08741506391652795,1.8362583472478624
-0.08805587820891528,-1.3517084129457497
-0.6069306512949382,-0.03130173096231515
0.5517922821210346,-0.6683630094528312
0.33102463413341093,1.4706994400713018
-1.4898646761305507,-1.986877715856802
-0.05066961105201464,-2.022952545874998
-0.3281304264889857,-0.16769419187980242
-0.3145631804071734,-0.5824778335178867
0.3142297427346557,0.09039391887551199
-1.703497801094908,-1.470714139783264
-1.5535317863385754,1.1471291286131746
0.9382101801628395,-0.6121737428614819
-0.06703555406740869,-1.141932130290887
-1.0185664772792828,1.3160562495585264
-1.1881822931945876,0.499900117537067
0.5310708903484627,1.2055301893993056
-0.6660742740101472,-0.08877776197600443
0.33579459542004325,0.39207060624889095
1.0818096129066663,1.1196109679026445
-0.21216888690729757,1.32281858816026
-0.536285406285808,-0.037356201205237735
-0.16769015750316146,-0.44070185845688054
-0.8772006510982991,-1.3029816611692475
-0.7371029623873557,-0.6014356078032614
0.08935072981902262,-0.48443505036676465
0.05450245396757456,-1.4188648820559684
-0.8384755239358079,1.0692981843024965
0.3561412137497438,1.2631608740316653
0.036024029370645784,-1.2207671262996402
0.5593179907867308,-1.2338564144008815
-0.21764838485319335,2.4170819940596995
-0.3184481137565559,-0.19055045684010452
-0.22882596998528948,-0.7207578135072763
-0.199207643213488,2.2267802428992245
-1.3790115652714185,-0.8401341612587387
-0.32610589456603833,-2.4697369278413355
0.57759241598487,0.2888805243113523
0.3880693779542989,-0.015222427281546812
-1.4176123625644748,-0.9064272832135676
-0.7314615814304954,0.7703957205221662
0.3049587376435536,1.3894073714286312
-0.9517223337994759,1.6295340911836549
0.07048911590559523,1.1358287394654862
-1.1522761092004619,1.0108826524146588
0.37265330117582,-0.17002946233841293
0.2629355205031715,0.9112110977365853
0.12403875924116978,1.8076775377934315
-0.9043561984914861,-1.1404823465023644
0.2095861223148689,1.2050989284105649
-1.3052927712297815,-0.08143515788359014
-0.017520273163733883,0.624210730774801
-1.5492698936012679,0.5093376906730559
0.8155377251400513,-0.7352883680734346
0.21909875972999765,-0.44292473502995594
-0.7278592424543897,-1.3912150561520802
-0.34168289695290305,0.2257008941998796
-0.40481485747306134,-0.9108624997398522
-1.33368356457359,-0.44763262444447044
-0.5044598931538349,-0.7909134891224426
0.3765981456426692,0.9364018079775897
1.0162234929011151,1.5163264737716333
-0.11980480246377526,-1.1542769394169121
-0.5632538416392545,-0.585019577194168
0.34003501338009207,0.24396526971896598
-0.3983860426536411,-1.7162952709569848
-0.43316215747876957,-1.3044038736906924
0.39774129288764165,-0.5395166918502962
-0.8776782796333469,-1.353671019461445
-0.7809104616567422,-1.0094984969709326
0.7944582432640626,-0.44758254472225034
-1.0850350939332338,0.2534356942983186
0.5521359363705446,-1.4292576212861647
-0.6364006977429891,0.3477301853948059
-0.7649096476681171,-0.6399381993115169
0.6570142800066997,-0.2241087682679438
-0.1611728436617635,0.4141726807920189
1.0163456368254964,1.3231937919159735
-0.5457883992848341,0.11626470884389885
-0.22996252871424827,-0.13152174222996457
1.0781063209801356,-1.5475469861739684
2.9000506359324576,0.7564079321954164
-0.09579147643798597,-0.2575488836082401
0.8444764559354612,1.6813951033818755
-0.4017108684262774,-0.6376357802962703
-0.48557660044355444,0.41963545795822843
-0.24416462471996234,1.7758665629205308
-0.011402770437795216,-1.9449500886072377
1.35092609241812,0.5027961195727162
-0.2594078954969138,-1.6040891654302398
0.7255523544837673,-0.9875962039864856
0.5372156782325371,-1.8728646341870336
-1.1882934899564912,-0.1301872863221098
2.79904046810233,0.002099691008356408
-0.9235441597476782,-0.9267500186690075
0.47043595350469875,-1.3787143992890318
-1.039811126838071,-0.7121358960411623
-0.5681583265748151,1.0066833718259962
0.10235286135818208,-0.950182638370856
2.1920347911696956,0.8910794337066903
0.7028211322022428,-0.3214516783581388
-0.9767089771850908,0.8030126396229836
-0.832512507290279,1.217892706774357
3.548723496031417,1.4264605083645554
2.3217977265142595,0.743297178181292
-0.4898001310445545,-0.4429312093245948
0.725660895720935,-0.3202536473033907
0.9754022221527474,-1.2248899500173578
-0.23450639225754177,0.9003310640173271
-0.2567425492815792,-0.7181651411981608
-1.3215456653735058,0.7761972439129617
-0.40920942174953134,-0.41347236424871636
-0.5016787627583863,1.2460838413713675
-0.6349401074320135,-1.1661898139523816
-0.4753762409104093,1.6141338667435614
3.4343766374653324,1.7290497989468199
0.8978660683698374,-0.7663262501617825
0.5288504168931509,-1.4693931124348567
0.38694793425833157,1.428533530702962
0.35916532924757955,2.2427101731376085
-1.2603170502544925,-1.2946688993643813
-0.041747996387399504,0.9468793698262434
-0.004283078644217668,0.10984646243129507
0.31289635334595384,-0.604207419426899
0.4119611094190974,-0.250019774940499
0.028279885452253774,-1.2815210142173143
0.11266168234478643,-0.30005814577563694
0.18202557699263616,0.12685555554425346
0.15427804944635692,-0.40912914197004907
-0.12568786577664773,-0.7974775686779245
2.368774182945789,0.9075567779923912
-0.0321807886559989,-1.7196123020228788
-0.6496218138982349,1.5118885658564574
0.08269712000263882,1.0389564161020346
-0.1673034794952336,1.3074341805163194
0.5580625728052256,-0.601684426541903
2.0674622698377894,-0.3129751132426188
-0.3648080401853015,-1.3400213687236096
0.2017762568981331,-0.33446570370678735
-0.37932528231972273,0.2784937388592572
-0.8638560140683965,1.4993127978169098
-1.183138153408306,-0.1318627488478683
-1.004248597093455,0.5597412506697625
-0.8518189880350292,-0.8939095917033082
1.972894599298004,-1.521474891312357
0.12030312515861072,1.665142243715058
2.04310528956249,-0.4488085572179576
-0.05269687828340638,-0.8953711299627559
-0.5339350763834866,0.39179061015540795
0.9337403797876169,-0.2670956134824444
0.3618604919099005,0.4733626748915613
0.935622255991311,1.1533336443911122
-0.4376948698399913,2.2247276851648787
-0.6677254650522921,-1.0349971450221258
-0.16747185206615953,0.35344944971264836
0.427737128410759,0.8374992179705837
-0.8454368214098501,-1.689705705560292
-0.8958194097250332,-0.5722618874210589
-0.23303211947564398,-0.2623477009954063
-0.9366184523131573,-1.807323659620412
0.019021180301990327,-1.5141654678794976
-1.1582145759962992,-0.821407194310793
-0.39039302346827603,-1.5208208443480755
0.32402249884600437,-1.298215695225445
2.133696996442065,1.6373488053373562
-0.4426847731452889,-1.3145722798780985
-0.34155945028214646,0.7037508800207677
1.149358785411235,2.108184807921399
-0.28543275015381286,1.6450288496841639
0.21914684048630795,0.05071725998263836
-0.9164725487104111,0.6344045373569309
-0.2914900762021966,-0.14432508045962153
0.2200512814916487,-1.5160073384948516
-0.36443757035733776,-0.07377542656475021
-0.21638790987379583,-0.2304786495932177
-0.34738158353447945,-1.3021237457662374
-0.5785742562365177,0.19249497492042508
1.3042745507672857,1.2417893293877682
3.498720188793608,-0.8918097106017775
0.18184550387624787,-1.999749842544413
0.3961472776545189,-1.1618387479519237
-1.7823951787880465,0.1271403112974851
0.4611436034520318,0.2420811393704765
0.37042646797624074,-1.5007467760551843
-0.5864105236127111,0.9901010847034005
2.4718991540468993,-0.8450622968359952
-0.729874679324625,0.7410830117413526
1.0486175350632703,0.4956323516426372
-0.04815731835502054,2.084005472583723
-0.08797066385877234,0.4587956627942756
-0.5396538051802529,-0.14306927602777203
-0.6850665775372773,0.5697052924567225
2.7391301329188353,-0.3636390948727987
-1.1548708067352542,-0.24371526810787617
-1.227040511443938,-0.8560269603641802
-0.1699247830090776,-0.9304918364290037
0.26894531515863546,0.8822649475444925
0.14328587823184386,1.0964631039540276
1.2707479137270914,1.2089606568929938
0.6188215557151222,-0.24366842553297555
-1.0101766660902052,-0.7711105964472419
-0.27516565017925126,0.45730535914939785
-1.3094143299372838,0.023734262064668568
-0.16472136570458215,-0.4385253039421681
-0.4751436536071091,0.05524783574724667
0.6165011664956727,-1.21930439392184
-0.6278679470313557,-0.9296933432497274
-0.5614474111337152,-0.3607147830021139
-0.22513854647473466,-0.9039604991376925
0.22936210545304203,1.0559230979057643
-0.15580509184116179,0.014479956356687211
-1.4226869923970187,1.5964828255228707
2.490143139230762,1.1692013960507275
-0.6957471710982204,-2.0178478099739037
-1.2325513326027895,-1.0981735379862791
0.5536772333971611,-0.44194297442267233
-0.3951871150569034,0.08474924370844697
-0.9200366053339175,0.08394073593502586
-0.5171617339658905,-1.2266206208655293
-1.498020597269953,-0.7874142331708004
-0.12207437561847,-0.4618095927438916
-0.7157655899753905,-2.13588203340452
-0.7075580993882491,0.3285985519711954
0.9765581439178115,-1.3145286744505174
-0.8201019363565153,-1.1030929634303994
-0.49924279337841737,0.05229427769884698
0.7544739939005345,-0.8807395670415433
-0.21097515236931647,1.0574798438274424
0.10804628692227206,-0.7274681809339164
-1.1137683185638851,0.10759903437411035
-0.3811466980425595,-0.9682349573437988
0.9956788153691964,2.178618982359509
-1.6955040285265583,0.7206010398254771
-0.5378754632478194,-0.025750742454235382
0.5466013187449861,2.00813187834516
-0.9814316110983973,0.37944271545815667
-0.7837929403783976,-1.8504871463921881
3.4933868352583946,-0.34971622548830555
-1.0792896293417222,1.603719661600482
-0.750034315430279,-0.6722659313934306
-0.8652933572760559,0.6583548052339583
-1.006185043613421,0.15778000120480706
-0.2842339586179393,-0.6356985504425924
-0.6838456876568543,-0.03696344077659119
1.0486225920611623,-1.5197563041513014
-0.1955202939068333,-1.4448252963581127
0.45120121423857146,-0.9874413987917219
-1.1441337907482734,0.6718944082674122
2.5963982913898187,-0.44679517364552124
-0.7181910817725641,0.7710620027496569
3.245146517403225,0.20766539333191145
-1.1631334170020582,-0.36506975975170614
0.06523488253634505,-1.0242411080832345
-0.0014754164736179786,-0.35823096427902734
-0.5069588487237033,0.09852665039969045
-1.0648113729108994,-0.6781821090630792
-0.7931049130985577,-0.3934809239692221
-0.30208730752276264,-0.267898689503486
-0.19064747752802472,0.2722186947465854
-1.2349366899375978,-1.5567794975749898
0.4636134217539984,0.5153504216993806
-0.49314718497743426,-0.8704263702535183
-0.2911800668550901,0.948220300028737
0.6468543387392223,-0.25194186159983917
-1.2045009088366558,-0.1212782248660592
-0.373154358036279,0.7198015698921991
-0.9929223362618262,0.9993736191769458
2.6455117792525744,-1.2833082382602303
-0.8040159080177474,1.0769714099690415
0.3103011862314791,0.6775692182470593
-1.1334332347558487,1.0547662840418925
-0.4345838418698552,-0.3388136841360194
-0.8917873689825813,1.5232940256844276
-0.8529695689988985,1.7125557881322377
-0.059051759750449455,-0.6088090203100727
-0.387635973342837,-0.33650274779716716
-0.9088032213430745,-0.6139076508569727
-0.9183127039020622,1.0518232626133592
-0.8518253477792967,0.45029639641408264
-0.6144882325369804,0.5224397757874812
-0.35131397407288156,0.7599064042025875
-0.9902303284556464,-0.7876811290989125
-0.025128670470530794,-0.49015107753728776
0.5399904488837178,1.5083386844241673
0.047655791914879266,1.002141193166556
-0.018891894873049424,1.2620634823915273
-0.1123095838443415,0.15137689798654103
2.8021859741415627,-1.2073244447411924
-0.5483927412357292,0.35606954171274824
0.26124349164766225,-0.04491953074349436
-0.19500107417543677,0.6116160603678749
-0.22243155345125745,-1.6685913454025492
2.053599240663375,0.3125326776719891
0.586177964686718,-0.14181912222183704
0.023454600466364918,-1.1802649249861341
-1.4638655998658185,-0.7350802207672412
0.05197170560506829,0.6705398321411201
-0.8415081851229653,-1.0651645320586305
-0.12777285818045234,1.3308646056131077
3.1659182049491115,-0.12199751998878824
-1.403410736138443,-0.27744103016757016
0.240061908062482,-0.5570457793195871
0.6791398396642097,-1.9399785404119305
-1.7872872839990603,1.3989018269755555
-1.2369794119659692,1.0847525745227438
-1.3766683985283352,0.31699837339647946
0.18128745242886152,-0.019458535850965276
-0.8110647415313805,-0.30268657979054303
0.5927038242174374,1.8679688342822462
3.3832025030288695,-0.3102891247241463
0.297832006926624,2.1713789091345785
-0.4163283601601245,-0.47242816228741713
-0.9171398947779494,-0.04848746563254869
0.6518823945814252,0.7431875406507918
0.4270176635320904,-2.1846787677573287
-0.5624481434673703,0.38662984075399226
-1.1969648023718724,-0.1853336302056616
0.23489166608070794,-0.3660777459316216
-0.4493788012273403,-0.9578461288627367
-1.3361066048656216,-0.8984425794373276
0.290432949819811,1.853009061756314
-0.06439866594089108,-0.5858607848348594
-1.8763668311199198,1.462768533134771
-0.41463114449102895,-1.699590204905081
-0.43280591948511865,0.9352589194569967
-0.5813319855410415,0.5007389789966054
-0.5652181226807469,0.8469112628684616
-0.3115480301463556,0.3989121183523515
-0.9857787181858478,-0.7932699223417496
-0.5653800056917113,-1.6191834713564053
-0.9030033162509852,-0.11418767665960598
1.0238291548994678,1.4562269620344315
-1.2390393051566915,0.20474133923690033
1.0469834353997678,1.8592398031068835
0.07032525096917122,-0.508886561808839
1.088514038787805,1.2643228164957303
-0.13348707934271667,0.10527414895927292
0.22181361926371174,1.4399199365874602
-0.37431423807245423,0.1755127794727294
2.9184913775721633,0.5661061810349413
-0.5608482380696622,2.2011204669347215
-1.2314253014886114,-2.0209435935682336
0.2824120219090192,0.003023871048069158
-0.4986671011889976,-0.9428282798075166
-0.5054142670252517,0.9356445319891895
1.0346829740096348,-0.33812269884832613
-0.6983448695015455,1.4099663459738798
-0.9608233980131888,-1.303158454302616
3.0922904356384944,0.9102596495819816
0.5107398566314356,-1.3474147498727647
0.14202381670276865,-1.4593742312659281
-1.3478566030951107,-0.9146702140182209
0.3459759316810714,-1.2814988747026161
-0.12182878502333204,-0.1768922887786633
-0.2683734786591196,0.26648376520868355
2.2768511428068723,0.793821497811046
-1.0794716843835703,0.298493696462357
0.9905940532976534,-1.6767823050321087
0.030072713270579456,-0.19674098148650537
-0.4994967256432826,1.932962394801551
-1.6342460721200491,0.8075243130202132
-0.010300535790324548,0.8118159330642312
-0.9094816443887849,-0.30567555282781084
0.3500001801171863,1.6549843741475183
-0.7957604108781957,0.5466911367304307
0.10547887454561541,-2.491300105660752
0.9398717690040719,0.8354836397930872
1.015968807253265,1.4011538378745054
3.163719410290653,0.03389191508997169
0.2977513002109829,-0.3298557370761013
0.6929431617407513,-0.7433461399972068
0.1601838902828635,-0.5844319464426825
-1.5105840859776631,-0.934363949955206
-0.18526098623860848,-1.791621451148231
3.4785641711950763,0.6972394040087571
0.1550429895885853,1.7643255034173622
2.340049170169171,-1.2359612876959443
-1.3095059040316943,-0.4425638255579658
0.07487370193067486,-1.0197534656535765
0.06599763673351969,-1.3499058680683982
-0.2660348993342462,0.9026303974613478
0.48542652055926,1.0646892602140694
0.53681615092038,-0.7646846816216468
-0.6433662988319391,1.599955704325788
2.339583371995279,-0.2819339940069515
2.1542188964503493,0.7935597304831268
-0.7690669074073829,-1.3483522077179464
-0.6439941098324887,0.25579227909371904
-1.364429151002044,0.3448195606813565
-0.46049975991380454,-2.447130524161934
-0.6597506359723511,-0.5000333822770163
-0.0681233528609726,-1.5516161646280695
0.14747876479897293,-0.8699423129117756
-0.1946066038611721,1.5188247635964267
-0.013194091490151626,0.9619513846616172
-0.4309626094373263,0.5355474442303797
-1.5108316584982606,-0.3979018209698932
-0.3713478477470312,2.155822836957462
-0.7591967292522279,-0.08553041033423002
-0.43487107369332756,-1.249862498358024
-0.8205786816928844,0.6741544159734302
0.12396769694163126,-2.187959861808633
3.214992707108269,-1.6218972476841917
0.2300923635065798,-1.4452383285812898
0.6562242406513893,0.610789995921521
-1.1544763364209896,0.6634934351206757
-0.5212969751443151,-1.4726924352517248
2.2069075179147832,-0.483613633728319
0.0731946763670033,-0.13208075917211312
-0.7794166960230453,-1.840483930443319
-0.4145595328280998,0.9713891093736993
-0.8739658926541042,1.1437422665470676
0.1200372883286889,-0.9473091447903492
-0.55002035133927,0.20756698975579888
-0.037783733272651325,-1.1033988819443277
1.138363125505293,0.44347498079635334
0.289750618534975,0.14769315675583297
0.27963294764293073,0.6330499612306386
-0.21008950086477596,2.534523154986451
0.17607569345463875,1.6541603527301312
-0.5485700790436732,-0.5960745363266272
3.1167597114024783,-0.973135673230071
-0.6798105718419698,0.864583249485498
-0.28730354937933517,-0.766524509208034
3.2640667396877436,-0.5854224171831023
-0.794290725514508,-1.1369735306848572
0.5838674239029652,0.7086409943210301
2.4314804297224355,1.0122179580552424
-0.31835653966214544,0.27574763078252984
2.8074103168599263,0.11961407165873365
-0.5211513003133149,0.5115122021588014
-1.6851602598911755,0.18846820777555243
2.466604916030978,0.19251383605436645
-0.7184348202579364,-0.16733071886230774
-0.20655213000402908,0.8899423871123584
0.7474966922661221,-0.8011347153955566
-0.8168575334962177,-0.15077178910546885
-0.6320160375140093,1.680550833902664
0.806660357196521,-1.7366234381648042
-0.30205543494641657,-0.2561467913052323
0.8379051211411819,0.5203304872182932
-1.4874576399988895,1.3025409806448307
-0.7807538396632643,0.15148605472475676
0.038258654876561805,-0.7309771483275167
-0.6402339259002381,-1.2853677510814991
-0.7392738483203877,1.2089645913748344
-0.3616630835094594,-1.224787419149874
-1.3092712605990342,0.6655735641220991
0.7790026314185947,0.05888184246347295
-0.11089173348848148,0.6606415590291456
-0.14276923561589058,-1.0929911510958872
0.7123521637423899,1.0115341603882562
-0.8639607212703386,-0.6428846094634627
-1.0000784082662517,-0.3764442595891861
-0.9333174230072278,0.7935529269722968
-0.885861485930885,0.3550264674288571
0.04140819897061413,-0.09475729635122715
2.510424585425509,-0.76317716568946
-1.2737771876612065,-0.7158213534159447
-1.1699399445923881,-1.309613680272069
-0.727085960642434,-1.3833458318326013
0.6665811423943039,1.7545564835293344
0.88951571246404,-0.5521472992718123
0.5931552663211302,-0.22142397386782395
-0.42538551741674063,0.9318466807288721
0.3392007273036967,-0.8896328117014414
-0.3444015107381343,1.0294275460529496
-1.0445401204956453,0.20850016791140172
1.1514482854495416,-0.7108879368402875
0.4044652116205793,-0.06311151171686319
-0.6556751018917991,1.5681786234385102
0.44379251271565606,0.18859150722139797
-0.5106367576338496,-1.044769402057473
0.03401625499105335,0.2385076211529494
0.17964207176759356,-0.9852258216911933
-0.04025224882824276,-0.7054854965966839
0.2548301316252215,-0.7534374157118529
-1.4572450855884476,-1.729689780237633
-1.5687842819839328,-1.895177916365691
-0.6459324084622203,0.5073064472755001
0.12420494586704187,0.26254286322452747
-1.6094323887235704,0.15907513137465928
-1.0174222560596813,0.0537968578403716
0.2738192302642252,-0.05000723199737764
-0.43442776923976795,2.146828952882954
2.9763736921412813,0.06358562982850668
0.23434262990232518,0.23275241982051678
-0.2277650368021649,-0.9585938449852722
0.5645299537805476,0.4130235353411382
0.0001796086037526358,-0.8868664318301833
0.38095489714622227,0.6147116923861117
-0.5732916389823507,-0.8059853523817231
1.6759097510622654,-0.5763293909645235
0.20398304788252253,1.9892163637929208
0.17286576866343778,2.05595641195655
0.48024444821632956,0.25094064162084473
-0.39779911949844116,0.9975773970181397
0.052994332263679035,-1.7232449630446594
-0.7047686273230733,0.20001046139707354
3.477015081862123,0.5508520928899125
0.7669803067992222,-1.0576871772016319
-0.8125812846887116,0.34680228741548924
-0.9286501127931777,0.239750106545893
-0.4087940260213986,1.3287083228929257
-0.566863373526321,-0.28676003827557156
-0.6606726676877397,-1.298098021163624
2.362764388290325,0.9365029281844841
-0.13795229229972902,0.971338180740865
-0.6309017069452941,-0.414839888964286
0.1565334705504473,1.0835368352189692
0.6862511155841599,-1.2079994219323864
-0.07983095089933448,-1.2225579167060667
-0.9579376346196985,-0.612366570155354
1.1785130121313026,0.6561554138700266
0.7667769865795175,-0.8294145833601589
-1.4331051080037753,-1.7168249767552752
-0.9204914563453311,0.21474794390918225
-0.5078276629011808,-1.0095681763950524
-1.2640967270385424,-0.08520220072951042
-0.7515553662221118,0.6679535062832561
0.7236031884752662,1.2988545227833408
0.04169522677449226,-2.5042073204523385
-0.21549576880929372,-0.26554534185540496
-0.560767135978239,-1.322422298678012
-1.3452411099621437,1.3428037057212088
-0.005680003586209452,0.43555378530178085
0.8227931635452239,0.2659002625706835
-0.2518047647874115,0.4818488411063835
0.054711664351864565,-0.4549689058183392
-0.9117526501055487,-0.11648685852753317
-0.882615180928836,-0.7257482640699622
0.8320420202597909,-1.327551368698865
0.652907077369396,1.016426166141392
3.230485452547569,-0.8114995541424842
-1.133040820570944,-0.7050484334059354
1.1099879909780583,1.883825696373098
0.363308832312023,-0.8885199064173371
-1.0322014267848987,1.0734085799474742
0.9300138407577696,-0.5793755756289178
0.41999564001710304,0.7394901772289912
-1.0002291400951442,-0.34526024120577337
-1.454124678762297,0.06923949358969375
0.017010800429647345,-1.3972560557800036
0.8088780953433881,-0.2361614563799327
1.1195273641879322,1.0512261140515606
0.4689447933637522,0.7946363695364498
-1.575513257714763,-0.35619444070518524
-1.1518421038192082,1.2568199334006211
-1.5245310267558452,-1.448177567104076
0.10182209506893161,0.5208746641182909
2.434398535271954,-0.821612817795735
-0.3081764263637842,-0.8572880449723163
-0.6218151286174737,1.5503911573647127
-0.23076166312227078,0.8731216900276003
-0.3162720966217314,-0.5279364581852182
0.3382130482938646,0.3218946588391941
-1.4534768255465578,0.4204381650388258
1.007533236997325,-0.1951712869755497
0.06591721382118107,0.681074796917247
-1.5411288778954546,-0.5008332211507385
-0.6231680108579748,0.5240964875219546
-0.6165903163194278,0.3409551155681456
-0.2623846094175239,-0.5974343688964995
-1.178260280031605,-0.43020741353710884
-0.025145428013885605,0.35261691097165565
0.5512360029997057,-0.5532635932793291
-0.28608519078776234,0.7728442758324777
-1.3500332994090198,0.9152778879539818
-0.460071360893834,1.1388534979412508
-0.18099573462556565,0.9087931992645777
-0.3387581478558144,1.579879441427836
-0.8138016252057441,-0.3711870646744813
-0.9981297916211412,-1.3382369010357285
-0.7672441889381709,0.5695591561616576
2.752538435317722,1.250442687636657
-0.09911718540930084,-1.0068261306435529
-0.22004359062369855,0.13237994953925702
-1.6484807940850938,0.707319966972623
-0.8336607665647001,0.6345081107666735
-0.23417170324504993,0.1412771049482892
-0.14260940873428607,-1.2939198375474001
0.13947542759822906,-0.3551382662559233
0.09189864934388012,0.9477035428197238
2.6081222274238387,-0.46186734005698843
-0.09341980157409963,-0.1501841583539835
-1.3006975422583427,-0.7698427343922807
-0.5517814363969434,-0.6975571294729517
2.891576833355904,0.49253689726449823
-1.6904331529455316,0.904262254559525
0.700557918791816,-0.973190319802509
0.2667853021841811,-1.6189577926191692
-1.597005949373831,0.6884501008769318
0.30214846998020367,0.5151194627858583
-0.7341755577655312,0.715487786600777
0.7771357404321979,-0.33912351339908203
0.3099665472509728,0.057002689139083185
-1.1530357085414953,1.354254662429634
-0.9009343280075506,0.5960788905581372
1.776463685350896,-1.574113082353064
0.5986291579057432,2.02435936134996
-1.534245681644303,1.0993013578544657
0.07910906289283129,0.8475298536104373
2.8818287991251306,-0.9634175819748776
-1.3619307447955664,0.7800375064825077
-0.8317959817396491,-0.25488946587013755
-0.8967446463285482,-0.008413288160464227
-0.990688464138895,-0.5066771558507628
-0.6138320376515137,-1.291946973831319
-0.2193925325198326,-0.8783346171588132
0.30036473721458995,-0.7394052380130508
-0.9735055419538511,1.9133265838177609
2.779053921801506,-0.10418263422400639
-0.9447658277632379,0.5470532403207733
-0.0806855388223073,-1.0273832137359273
2.36835693510789,-0.18114849150251455
1.693327662023766,-1.6933451852623354
0.06360537029105309,0.8603522457835664
-0.7572739652031842,-0.03481039520372873
-0.2717368705876576,-0.47499747723077596
-0.7925881690442177,0.15269108209986526
-1.4653575133897498,-0.5575702049415916
0.3495594811563771,-0.39934174174036424
0.12552991938211627,-0.3656732310320502
-0.6582002438930223,0.3175365965183755
0.6013126200226017,-0.9176088041810823
-0.9135913727351308,0.8042105191016385
-0.3319778066968391,0.38434119550593143
-0.6090736229227354,1.156922851561405
-0.023615411985034578,-0.9894431794693266
-0.5645124144769007,0.02944516063499886
0.23571753628347575,-0.5552970970702028
0.13968523737789534,-2.0955208635185922
-1.2122092219075906,0.4636473002671498
-0.22052437401488723,0.06398334121724815
0.30662866815451323,0.6714793330152683
-0.2024500641483259,0.4530796356237524
0.2556886277873202,1.064935884347651
1.0364667067752487,0.9164020019505832
0.09572969155607522,0.08168207392345392
-0.45797070967345566,0.8170595057878436
-0.27875964748562976,0.45333071475571196
-0.8898589985722545,-1.766032700302294
0.229915099902536,1.0910204470062554
0.0012355348209704476,-0.4889342956912544
-1.4808943015305407,-0.015965905770055074
3.164367263506392,0.38509058653910383
-0.7487222710031421,0.34411749301536937
3.468457367681802,-0.8523403501044827
0.6900510386029933,-0.089932036027078
3.1364144338149487,0.8987579158168154
-0.6896126270256248,-0.8975613066685608
-0.8724830741828848,1.135976918789518
-1.0909845078915488,-0.7556340667122967
-0.0867512065404184,-0.651151722811781
0.7120181539089824,0.27802601883020495
-0.29861878884458587,1.4590258901968667
-1.3431711027756363,-1.8079623705808252
-0.38996415486862324,-0.4712113804413837
-0.6377808651416261,-0.16933048024365174
-0.8576649177540692,0.7797518597631102
-0.5940579066231063,-0.7876473866893828
-1.0674955884107424,0.2679453034681311
-0.8152753486242512,-0.5331663849850319
0.26749176377101197,-0.4405831418528
-0.06384066452549053,-1.1865316033512936
-0.3717754933840172,0.565679567854109
-0.7177089456030147,0.13102079057119978
-0.46982588468456915,1.1950090221230707
-0.42506005327265467,0.5104414050317394
-0.6673490550277575,0.04379687903882163
-0.2366292716381637,-0.28402959541890355
0.40463741822673077,-0.5839816315104698
-0.09741462893901048,0.2828384821411697
0.30871311119492734,-0.13220475595247982
0.9952049410856658,-0.5586416994031745
0.4443200741167798,0.07944744287945359
3.669333532154441,0.538915035810778
0.1833569102519782,-1.8455665268297152
-0.8183512991299147,0.6802136443669173
0.6926339057766295,0.1599492325142664
-0.25767818368418144,-0.6557545415460133
0.05048560246201415,0.828501945172663
0.19340640814053678,-0.4519800843571647
2.694319295823043,-1.3667226956374594
0.6300647881416619,0.8845792726067574
-0.5433907420091871,-0.956787237782693
-0.9909878716673202,2.2227143015924424
0.8483600865384684,0.6182850590275455
-0.3785059016769164,1.6013843911418715
2.510869871804528,1.8121348526009766
-0.20371137229441647,-0.10691694659637153
2.6429951829406724,-1.3790368479251809
-0.5158596677901441,-1.8684292660846562
-0.574533454276642,-1.0342886030615
0.03442222183118635,-1.0021618466566196
0.1535475873732251,-1.228466553806111
1.7424861555703992,-0.8422070320210523
-0.9396041314707853,-0.7988282103223763
-1.2047570270465748,-0.73972951313593
-1.1669553641615413,0.3312070410764635
-1.1681653068794866,0.11465568859494052
0.08102260207346926,1.2358985521128436
-1.0165905754760365,-0.1549703960923167
-0.3227573338671893,1.949439739087252
-0.08030276905350511,-1.292795177792371
-0.8710952442936051,0.9800142639871324
0.7508528412517139,-0.5433842225347333
0.5162259981249014,0.7463311673067301
-0.40138266897374686,0.11542026405588758
0.2961281477099584,0.2105316286733085
-0.6147111754241782,0.5869230533924118
-0.17292604677937923,1.759858284358328
0.4003749761260325,1.3784678917529332
-0.8093876978931687,-0.3689798533214651
0.07394518065532488,-0.30570810111898816
0.13517850742843435,0.25319402345613057
-0.031097497496936737,-0.6191976972150414
-1.0513375530332634,-0.9057884206770614
0.0625499136535175,-2.073954448551856
0.8054448081172925,1.3868719504708957
-1.1994773606289546,1.5645817478552262
0.09819622518620694,0.5051481215263514
-0.8287360353943558,1.3703392462866886
-0.42483067085748094,0.3134686121826269
-1.013200781588041,-1.750659895553185
-0.056469312124510056,0.7978263182507511
-0.5517890988875862,-0.02453380903210858
2.1676646777868647,-0.9206533299263868
0.4863568939443758,-0.30283152196725516
0.08716288232304178,-1.1517657010028415
0.3520085038601694,-1.1289484586283554
-1.001364266262034,0.7472544824442815
0.14653478872664344,1.3580537078083037
-1.66077140703953,0.3360535499491447
-0.5702884488983831,-0.6614080371888703
-0.343044874246116,-0.6308491075747782
0.020415783554534085,1.349977185093246
-0.4852660417330575,0.18752275312330285
-0.7908389643796863,1.432719037524439
-1.3747638245847154,0.7072077246631813
-1.111378453594575,-0.12452557650783355
-1.7420328768896203,-0.05819651753841484
-0.03788768709160869,-1.2497555362248685
0.8019326662853219,-0.14480470653569225
0.9523455357271369,-0.1373401486918781
0.0768731346405401,-0.31344279203823383
0.11649861472156683,0.026088955407195292
-1.4725368324974915,0.4214899082224158
-0.9754173088084315,-0.34023400520459074
-1.4965942012247715,0.8767638451269879
-0.20813965567719034,-1.2444896724104648
0.46525333179837774,-0.8678049325589725
3.369765816745066,1.234179267617267
-0.42371052990788866,-1.8014700134784298
0.2714975382984007,-1.69682586806279
-1.0463238532612587,-1.0460245328875075
0.1174316436314187,-1.3786869795980476
-0.05277224419785261,-0.8797791207710495
0.6757233099814689,-1.1597131220700456
-0.06505561420934264,-0.7673147882158915
0.49160653989541564,1.3362524231789112
-0.9609622994809249,-0.26725778393801286
-0.034976750281136136,-0.07891420802756126
0.3115624145938613,0.025849327593974097
1.988476393122673,-0.37542797262790156
-0.10129909270871071,-1.861608699377541
0.06722707230326422,-0.8016611840465279
2.4611362854638514,-0.74815931663424
0.04414555222465997,-2.562631369663782
0.0533951623222114,-2.1602422479334984
3.130628001594379,-0.2935332816155015
-0.17528356959266114,-0.5326397647579674
-0.8880162378878528,-0.841086090205627
-0.4332440129531773,0.22329813892220965
2.0845794705244898,0.628217882226227
-1.3989260303296311,-0.8118117304088146
-0.23492296091635623,-1.6809363061046676
-0.1455098735417713,1.525079687490661
-1.4881236833200526,1.290831645331899
-1.5113533297347992,0.9034108134511536
0.6103437948674573,-1.141466975316523
0.6521162846311006,-0.14451582266897528
3.4723073533824054,-0.062010402137121355
0.24692110382733262,1.4021260386159242
-0.3503472204769179,-1.2865930502511382
-0.6120515097740266,1.3244909651147927
-1.2143171958546235,-0.9100059300312878
-1.0482393743673561,-0.6130137984393725
-1.3019184321387658,-0.16317400115896719
-0.49061430070185985,0.9189088090989819
0.1447477712891948,0.25372577228338805
-1.1619774952369941,-0.45470848418486587
-0.4762984024414917,0.9839732431607591
3.3270336123088113,-0.5530405193210348
0.05062273160369294,1.6577931653280051
-0.20342406068723576,2.015848340498842
-1.4052081513749786,-1.8832069653009333
-0.9091574032073657,-0.1865470233282824
0.3593497059788758,0.3580861624325039
-1.139264463060894,-0.7813636736770121
-0.7589198952278428,0.32408040427932694
-0.38658721028485704,0.7894151116363348
-0.03441062272411057,1.632082460730668
-0.5146053985674057,1.5283354048799478
-0.014101891371227297,-0.8095301052138202
-1.3066079705130593,-1.1155258323222017
-1.5029875190320225,-0.8247187936243077
-0.5868764516022965,2.112032393696198
0.45411042875497226,0.668971331748517
-0.38029805031615754,-0.9759577422160263
-0.48422173627759363,0.6245506948504457
-0.22559339748614826,-0.7731532911635361
-0.6122575653021757,0.37830223890697484
-0.8575804567869109,0.5944151825033036
-0.3896191180890297,0.6507931482750396
-0.7153925146546765,0.4727292441074345
-0.4321615549608084,-1.8838444821429938
-0.0031992381217649177,-0.11439701808415167
1.1200963627977965,-1.7522852783567235
-0.6915838913786755,-0.285169246792177
0.863816247747327,-1.2128374134814621
-0.7892016598280573,-1.2928016520870098
0.15520985539354193,-1.2733712717786307
0.0645337617507091,0.3142108965527826
-0.876547457081365,1.5650436656822706
-0.7136219149965944,0.051354625248605595
-0.6798399131294657,-1.293206166986581
-0.11349080884208183,-0.07112980632653972
-0.17844090599305004,-0.32793228098960925
0.8891310905854721,0.36674008243136735
1.1025004348492673,-0.09485146147119836
-0.6002711513139689,-0.36252462735201224
0.8537811857126751,-0.25934186861972663
-0.21197718744934702,1.133641799907001
-0.9167064387600864,1.5221079006766978
-0.5220279865808374,-0.9673717617645022
0.29423211945566,0.9752356946617906
3.2165471372424173,1.041316718837039
-0.09855236059865052,0.03298787043812898
-0.5212488943880047,-0.9790504402391302
0.18295089337985954,0.7747234291568673
2.302522568982465,-0.03209513677483567
-0.142645788945134,-0.614941165274999
0.1463742084620543,-0.4368583587400151
3.315330392089257,-0.7468088265658814
-0.7719967135023639,-0.687142099151964
-0.3243481442121855,-0.034795555161577736
-0.8048607217089238,-0.39016065575600856
-1.4044854816081833,-0.2229422177202235
0.26330468758475994,1.5062743722188967
0.31337583399076735,-1.2069934787814378
-1.1121802435273336,0.9173730085736493
0.4985779513652427,0.0644790014538224
-0.8296861056508649,-0.9143321413954499
-0.8754604116707857,-0.021113052980378272
0.5502022251590228,-0.6567575507018292
0.27306687386613787,0.7770955275962339
0.456914806253737,0.3510906703121879
0.5035767457036581,0.11353546010558337
-0.7334160882401914,0.5400197918896066
-1.420622042208404,0.4611054050147753
-0.476508915572157,-0.6511054007534178
-0.8816677161650773,0.21655778825908079
1.130118705343913,-0.017368846983677116
-0.7560641523009328,0.34964497258159893
2.5759457373157013,-0.6428626627582951
3.182256313442979,0.8308741539546853
-0.6511144808051507,-0.30644217131772494
2.6722945351283496,0.47779648075725667
0.7134918773274896,0.4400053391407556
0.6060840880752034,1.995443867996171
-0.9807116766400465,0.8652461429895759
-0.18996063860868692,1.2868040292764122
-0.020805563869381226,1.0415987991929259
-0.90795149854424,-1.815639658572598
1.784388451749067,-0.7114118816700076
-0.44459044581568985,0.9445345395017679
-1.3161850266801567,-0.27513024540481107
0.18029716792627903,-0.15029640066342528
-0.4601955609475753,-1.335037240879469
-0.8574978479295184,1.0625539228902332
0.004683257900972716,0.23511428479220348
0.1663289619702405,0.8693885411673031
-0.6736513481039885,0.13327041323344455
-0.06948129209936602,-0.5625221786768891
-1.4767105100161235,-1.8126266545677583
2.376021625025031,-0.5708260939419587
2.4090649529649943,-0.7370428922490798
-0.06940592618491975,-0.5781141878685955
0.30799119481111686,0.2033712494666421
-1.2150163347147998,-0.392933358345812
-0.8716299188219812,0.4375235634466359
0.20240002984386318,-0.8359462662005569
-1.6826208860556395,0.4656933837068567
-1.089816206401938,-1.1652142244875503
-0.636435775207462,1.6978915253437545
-0.9484496268379695,-1.7884113822154923
-1.2246265662046183,-0.23547233730322292
-1.4167760945626195,-0.5942086347437016
0.10058095895372474,-1.1999906871885748
-1.5336453598214836,-0.36780005103228075
-0.9030278661006766,1.5695076475939855
-0.18023285061269714,0.41522442397560894
-1.310598839606859,-0.048575676974418655
-0.20728519756991137,-1.271760360076799
-0.7610890032550092,-2.0073976678162344
1.3152414187491226,-0.5759483452825489
0.004495392478247658,-1.0505637775518148
-0.9541916027380521,0.03160672353146688
-1.0926349455507094,0.2939873032414137
-0.5120109848359156,-1.7492819857938422
0.20543597570285532,1.1483196848865764
1.1535557100331837,1.9874233787814342
0.894059026643943,-0.25934202019582
-1.208298855509838,0.2159613370318032
0.36083580912192975,0.200124049400961
-0.25249679052033547,1.6505561776743003
-0.004715781279096075,0.5350918491218806
0.9795187238623573,0.6853292858283224
0.6683841639921226,0.02027567754547489
3.4639539224041758,1.3461777715962464
-0.5589924982653374,0.10184707018899723
-1.04157406400551,-0.9637845976231766
-0.33081868004364845,-1.0672107670744306
-0.9044730016146726,1.5694769907556818
3.066835258770544,-0.13669582833898772
-1.7257572052222618,-0.7343323530686124
-0.4297513639730058,1.4232814643884502
-0.7243842342162514,-1.176400479872923
0.25915050291792685,-0.39614885903093017
-1.0208101978379107,0.9960109396545035
1.8531708938586056,-0.6494482082266602
2.522079175525362,0.2616072318660763
-1.2745373363656307,0.9522087419223146
-1.1784577898704327,-0.22148272248974268
-1.0642271850641438,0.8612292388627547
0.3020150450580564,-1.6211225926629567
0.7460047787421911,-0.623624699569907
0.3840199802731163,1.4362682216222078
-0.2592732976440853,1.3712395729989275
1.0969233428286818,-0.49115069796969096
-0.4319327219090251,-0.7561591896688221
3.1541019358578883,-0.2923778134460754
-0.305405693767423,0.6782712859130465
-0.5030101702216286,-0.26989692988158465
0.2181947883043392,-1.412574694748959
2.1199748506608462,0.40557649293681974
0.6295013958930807,0.34804392389781863
0.41759722935847127,-0.18329862914424871
-0.3737353910268935,-0.8019025280038231
-0.0008307181140195729,-0.02473954285970667
0.8897068625586,0.5833339977982125
-0.21404933054892242,0.40566798265944637
2.7820409037055094,-0.44149541584549457
0.5339247811656067,1.884570175348314
-1.0759003848171174,1.3326882474628978
-0.6340225833511268,0.32260539540488037
0.4761392275044853,0.6700961430796394
3.2006644291233535,-1.3670202484038754
-0.21134958046839145,-0.842693613184046
-0.48389483957143853,0.7064240715260558
0.850069552116417,-0.7609144016284072
0.8869641685033596,0.534381415708381
0.5824748767797812,0.5115217620246663
-0.4961836004161088,-0.3183177631441587
-0.514223382181588,-0.7329173121763274
-0.47604817439615804,0.41025596135152775
-0.7615820865870365,-0.5441363699229406
-1.09586238126825,-0.4572894020230563
2.778547705361947,-0.31682065598845094
-0.5297376023981474,-1.0536289043078413
0.7395754145593803,1.5064661569705096
0.4687556251946518,-1.1622243604841163
-1.019725134352791,0.2312336539423956
2.6245824798420876,0.29787165203082533
-0.09371865973913429,1.2545492137659373
-0.9360309797945667,-0.4181090769685719
-0.5210740822891028,-0.15755522467964148
-1.6081048097157455,0.8732243724711771
-0.3522749914918683,-0.7015448977647144
-1.3805657116022645,1.0288671834163554
-1.4342465939149325,0.7198957350121705
-1.1645394369967619,0.13038223118688008
-0.8273358257805291,0.8944351581422094
0.7299475423275283,0.678758428826015
-0.3601574875146061,-1.0510562006410697
-0.14469528433676926,-0.9935144009523948
-0.18448379618752714,0.22979577620089117
0.13283138241423942,-1.5378660260517174
-1.238106745826522,1.3363399624281505
-1.1452644092806612,1.0736785614468123
-0.09337302356416452,-0.32772483101793687
0.09298775088381925,2.028570244833454
2.806266095640325,1.3818734633768885
0.23227111594984867,-0.6081630098771128
-0.9878477064292823,-1.5035364895594927
-0.0647683026021619,1.355450498879322
-0.08805916288075022,-1.2015116476717562
-0.5402326522258136,0.8343460314487806
-0.7971788105974463,1.36208456101111
-0.10690346988743235,-1.7486739316717328
-0.5474965621164075,2.166646837176399
-0.08674341423408172,-1.492079058556429
1.0069829778562753,0.9441926839732498
-0.4171347375110932,0.0484845203915115
0.9679090596626736,0.13647963325556883
-1.303852143350287,0.6093260694253683
-0.7072421998765572,2.613312502538656
-0.9612358544132833,1.4496210169281485
0.455525543802388,0.003774672741830647
-0.8703433074432142,1.3096655744130004
-0.7340814523822703,-0.9642516440504139
0.6631716516349153,-0.30194618687326075
1.0115931122613036,0.06649253660235208
0.06136034698604979,-0.1308757317970045
0.40993110687926143,-0.29689967907754755
-0.6804655381849615,-0.13825018684607512
0.7256563083027248,-0.841239549705945
-0.8906451296884395,1.0824140669168139
0.46750875290246824,0.6248610446300458
-1.1754875655097843,0.2839724843977127
0.030383271981076355,-0.42885368632143106
-0.32027007884278325,-0.11262106771987634
-1.2135717485641941,0.931755383815776
-0.47559269423764555,0.16650714092729624
-1.0400158796198447,-0.9871419545724324
3.130814564270729,0.3209621130519691
0.8678819333921823,-0.970721492697667
0.1545744561062496,1.5438914770570642
-0.8721667050915108,0.8843163111604857
-1.2148760006849944,-0.9255553763376722
-0.48611851791487665,-0.6065859921609039
-1.4650391623729155,-1.630610245521165
1.0107171793767655,0.5834493256788803
0.05312817673352286,-0.7437569776153237
-0.4260002750934671,0.05186610228133249
0.06962876763373096,-0.029069142947281534
0.19761646587001697,1.1031578061606084
-0.6328776087485406,1.0561867566865573
-0.7978274171961705,-0.9849548634378537
2.550625288116273,1.1176065824460983
0.45196026421621455,-0.006155323483412999
-0.2245465663216424,-0.20547648695650686
0.23571828966646047,1.440543655929629
0.2812859907948418,0.9257939266300237
-0.8066799514867068,0.8622300534135103
-0.1978062848408944,-2.278060504068837
-1.6976387382683367,-1.4684762715919442
0.9045328112937525,-0.6138183969728435
-0.1938211519240717,0.16294009700440779
2.7661498539167186,-0.6842469620184762
-0.12222784275580692,-1.6050868944097696
0.24982682965230435,-0.11176330389295942
0.22068279671172986,-1.4787947485562554
-0.04879477377167273,2.2342448007430384
-0.8958907375846599,1.2889741094964857
-0.0553887562738923,0.7237796030092978
-0.5667743251409526,0.04888918686717627
-0.9988249722102063,-0.18723681449762303
0.01266314397880617,-1.2453106082566259
-1.1507305085589374,-2.0130321095156196
0.5482159255566892,0.3128310953405664
-0.8205346389913938,-0.677847576739814
-1.0631211961651559,0.931423937063737
0.4500941266128025,1.5916800736538639
-1.0368618278912907,-1.0416526730667972
-0.9042567523070305,-0.303395121751169
-0.5217406749736567,1.155393525330711
-0.6456944803577253,1.4652470716815713
-0.3577700740504377,2.0745731796240205
-0.8915289290832141,-1.048104661888931
-0.2101995488679128,-2.124500907696308
0.2481288606002241,-0.8804420142751275
-1.433476047411421,-0.4466963607176414
1.8518850358628234,0.47425053380680715
-0.5882384288955094,1.2554823919215403
-0.8389609447771924,1.8595361617549468
0.3871894867986499,-0.13219315305764817
1.251095377259675,1.8361864732186821
-1.2846070062850727,0.7194910685365058
-0.4610219805137337,0.1788401955823965
3.574363049630664,0.5887919755804203
-1.4958458828815038,-1.795982902192462
-0.6247171001909282,0.37770917640311
0.4286148336213544,-1.54464946162589
3.243043130874402,-0.6450019345639718
-0.6264174707161648,1.5871639689909625
0.3494191471265718,0.13328027625149605
-0.2636859222102857,2.040215029322459
-0.3680946336373241,-1.5938159679820323
0.2514154540522467,-0.6266474150167046
0.41741866300805214,1.6817774787667488
-1.2167543881972593,0.8243174388378938
0.2941119574567385,0.3469889435669092
0.46141319453347057,0.1679612044053975
-0.608069735732939,0.4272854778351101
-1.3559826335836265,1.1179245998165752
1.117894363251211,-0.23448260513076147
0.03662059694194834,-0.0012972117159000172
0.07910447547462116,0.3265439512078829
-0.514255254757934,-0.744669210374581
1.1662846319837814,-1.4066023320028962
-0.2775036801407341,-1.5034993584265504
-0.26087580853454406,-1.7856163885348977
-0.18683530460033787,1.238248662613605
0.1145558084573334,0.968333694059631
0.9751859728451051,0.6479821624894931
-0.12878714316933582,1.559063979730955
2.6146686785331386,-0.7697022226591259
-1.596004797492479,-1.2156485928986538
0.24419529713114063,0.34250145271334465
0.4120818207814098,-0.9464311091689016
3.025905730588311,0.9869605023852513
-0.41192538001002676,0.3529991347804356
0.332393650349976,-0.50951864689852
0.2821078229427901,-1.1090694122343963
0.38355793635074203,-0.29627580815928567
1.088622500241264,0.7199489003056165
-0.27447552658807856,1.3216939284052311
3.0675766680061534,-0.14057850221776244
-0.7275674232127071,0.04081966047247881
0.39687773972765067,-0.3425013361158617
-0.8007111244603008,0.9912766730912641
-0.5541464176812742,1.003466980174712
0.08502201685659014,1.3238618140202447
0.6174044587422467,1.242907666424252
-0.7394058406804659,-0.42399881170123754
0.6526900746787689,0.893457525648411
-1.6756203373179106,-1.968789459869269
0.4519211486969222,-0.5016379712603027
0.008301335477360679,1.0917681631287908
-0.3096643816166041,-0.04585051429403709
-0.6426157945436175,1.426328362378913
0.06303603784590092,0.5112688151725391
0.15694722969691705,-0.9980599683352475
-0.5381378113863122,0.53209994208948
-1.1239360521376998,0.920693276786863
-0.04147313870866589,-0.09881676336337036
-0.17431155497921097,-1.2740290366825158
-0.6373455570139974,0.7477894684188582
2.933972971829392,-1.1207748780316307
0.44587565300969484,-1.286275249422898
0.7582038176022166,-0.718656370169063
-0.3667313535977358,-0.06608329853082658
-1.208716572927419,1.6636306257333906
-1.1025246165576632,-1.3005278256826496
-1.601873504735153,0.2765162923014106
0.3731459149281651,0.9030837979647865
0.4931933121855923,1.4748437297019021
-1.193038901393432,-0.7352537767532904
-0.17063554821081608,1.9023629215983975
0.2262535289880479,0.261710476059628
-0.27632738232519233,0.5664919863766645
-1.5871006937542034,0.6011105583116995
2.1937209298606195,0.6550414921076679
0.1577472473036181,-0.17476666289678525
-0.6223636154324658,0.8245632377935671
0.09138148574184343,1.5582856067701158
-0.2518047647874115,0.4818488411063835
0.3580989254475662,0.1316235645170227
-0.7997820538215602,-1.0474267767666086
-1.7538731464671447,0.13046042793460527
-1.0354244846836314,-0.20069468048384562
0.7373212962016651,0.6849828474580392
0.49346029777428074,0.05835845938372784
-0.4647037234591054,0.5103989937225107
-0.4842068308440046,0.4352581239882386
2.754170682871458,0.5403106538191471
-1.209827149244617,1.0724500251298537
0.24682809717085302,0.43254929862054714
-0.22319368408114132,0.8208181828862516
-0.005578785075696417,-0.592550880466969
-0.007383109419890392,0.4705472578403425
2.8215019694867216,-0.4220208843511067
-0.25899666763929435,-1.5396484507106316
-0.3274567206771796,-0.8290081770077139
-0.8350278008558056,1.793346764785954
-1.3259843465553671,-0.8628134815095789
-1.229223018138724,0.993469044402129
-0.578567816708542,0.06000545967624291
-0.7981017255115135,-1.2639168155715241
-0.10267071441802625,-1.2237559477608146
3.117434300412963,0.19348707933804452
-1.371715159237188,0.003061699515532651
0.46486795653682506,-1.9447583038556246
0.5385349155706347,1.006870027977416
-0.6955969886327186,-0.7243737430340322
-0.13945405425935684,-0.677247888365217
-0.7453362313666639,1.4349993170249875
0.9858663623864545,-0.08496357340299686
0.2117322487988071,0.034581595916656056
-1.5709408062669583,-1.2260985834802298
0.22427809676448368,-0.8036374364860217
-0.512090105001879,0.9528813468683507
0.9590590566609876,-0.16237296816689256
0.8479669189705792,0.38225902347554125
-0.9995645293360501,-0.8368295582655846
-1.0760169223802158,-1.8142258117986652
-1.0829942240146282,-1.7346209601526785
0.7123794489005256,0.5023001561839554
-1.590790099190218,1.6056926768926565
-1.2986604265912542,-0.07132806537279136
-0.6640819544275343,-0.03410185324310272
0.5422579659090527,-1.8511520829252328
1.0217399204212494,-1.5815736897234907
0.6474717519406846,0.5907835640237823
1.093608161472148,-0.9068939607003609
0.7730871461659856,1.728587400327491
-0.3759023131090061,-0.6342611947268095
0.5236373551725532,-0.4669568915303081
-0.6566893868806827,1.7963779975563574
-0.5309104115222602,0.046681823938066795
-0.8055475606282616,-1.4047459902858352
-1.11500234155184,-0.9616315520503143
0.5123754630609072,1.2806593046626527
-0.827778376851104,-0.5064155400989369
0.6648917190315452,2.1407911904023504
1.666289201557068,0.291410103342827
-0.3764194767110427,-0.02367913077641764
-0.09262757627373533,1.5140364828291268
-0.9350939128298953,0.022758975752023645
-0.5161071605270334,-0.12025066422613402
-0.25851575443241165,-1.6391558576924272
-0.319020601057849,-0.5573411374809428
-0.1424579235224089,0.6707368970690192
-0.11045048516428173,1.3903095895937438
-0.42663718114672877,-1.1225526548826363
-0.13010377501468284,0.02169465291960042
0.3964546815088748,-1.4116587028166607
-0.3074923227528909,-1.0171640304917804
0.7811813838618635,0.8959571611676501
-1.3151701923278825,-1.8279877048459425
0.005679902147822803,-0.9782538385127274
-0.533427007834162,-0.0490467857268838
-0.2850416387152832,-0.7859685354402115
-0.07026366896403366,-0.4006467349282679
2.7681401915738717,0.19180837966496656
0.7865483822994808,-1.4995763162675138
3.0201875511549354,-0.872557469121213
-0.5828823776203701,-0.31683099979878687
-0.9790035138084733,-1.1851359853429246
0.9779941843790956,-1.1447533495441133
0.49099178221868917,0.4562718447313716
-0.222291145217552,1.2871894902325114
-1.59447444762834,0.5948861396796752
-0.601487453776182,0.7651300082838558
0.12112235181380845,-1.7120864305024575
-1.5680484791096063,1.440986150872757
0.5627176331104227,-1.003449828930018
-0.13376446273049236,1.020321419669
-0.6684141560813956,-1.396107061905216
0.3893942216536795,-0.47553450623431964
-1.5415175378288422,-1.4275898271733973
-0.528504882156568,-0.6555809855599641
3.130185450523804,-1.6943839798566478
-0.4273010385228383,1.364857415177007
-1.1439745132300594,1.7956238071391835
-1.1683914046228254,0.16143171617005964
0.34293437946079613,0.07428191532747301
0.31187557879710887,1.136101958112144
0.8545484475443514,-1.275737199075545
-0.0464582505761592,0.2033680123193228
-0.28865567823685157,0.20302157394903947
0.6163193952571272,2.00768495213636
0.19106522332291304,-2.4304920519629243
-0.5358760305379544,0.6805599311611074
-0.6725154685541143,1.0365964425832215
0.40160297913370785,1.4234339234020605
2.8786611447093624,-0.04843162494175801
0.556674193552555,0.8789363135837667
-0.5639490222283196,0.5659805093439376
0.48170318641753934,-0.6095039400796063
-0.5973250072233298,-0.7097486544074585
0.25322011223172863,1.4628492696952948
-0.8287972492581976,-0.7992020683836439
0.9498718833899447,1.0642454195764954
-0.4507405745009592,1.506102707685721
-1.4822646204934813,1.293069513523219
1.0987258150631098,-0.9007734186302663
1.667158565097936,0.07484684481428555
-0.46813010157754276,-0.5354316728673361
-1.0317337765012415,-0.5340941313882552
-0.8329292057647872,-1.1954706480438329
-1.4025979990432065,-2.1425597009638895
-0.5622232186547128,-0.4992328698014793
0.5237921250562653,1.3475030778121175
-0.547822310063796,-1.944163198322793
0.3867671819628587,0.7944902332413849
-0.3809256572971131,1.0003776708750207
0.1279593194184156,-1.2590692641565837
0.12209650234032679,1.4252641911225827
0.2510594200781899,0.4541886301587222
-0.03776028214974094,-0.1377780355513507
0.578671119725722,0.8683092267166354
0.2482510045246054,-1.0735746961307873
-1.0369358910593616,-0.35487799619854327
0.26309863205661094,0.560085646011079
-0.5036377772025842,1.7064384832094626
1.1443541806919426,2.078676252063745
0.1995845753669267,0.4730584962544133
0.47171881063194837,2.179998935147819
-0.6819106736989575,-0.1382808436843789
1.644952298724785,-0.7105180292524074
-0.11727322093457607,-0.03612442774095963
-0.5269708280728975,-0.1519970882751079
0.31699247900508604,-0.8536182528175933
-0.4856310409441323,1.270199451063025
-0.0010782108509089438,1.723439058998815
0.2299073075961992,1.9319477827509035
-1.0548853216930973,0.23735434758858343
-0.5813904640964389,-0.4943410156244367
-0.36770522032095176,1.328781391040458
-0.7250014433981198,1.3013729328265715
-1.3419181362992734,0.917619632707231
0.7850215211267706,-0.13980897579672008
-0.5814059188934185,1.0196096405610546
0.5288777020512868,-1.9786271166391574
-0.41641282112728273,-0.2870914850276105
-0.48979158535523315,0.7119822079305894
-0.5281441865604009,2.272971725294084
-1.5692442697769473,-0.9606985254708047
0.0999682574063582,0.5870521550402652
-0.1958413802321114,-1.5462465758278299
-1.1865936687946452,-0.014983993586678077
-1.1498272163123633,0.4491799508304725
-0.5474564276540425,-1.1989031585664882
1.110763594479462,-1.2981550551506527
0.026894661055724335,0.21680697593816675
-1.4441837221109062,0.7954833793791494
-1.4008415514357289,-0.37880099596067973
0.6454359390199715,0.5634515626808406
-0.1788040530943593,0.10126899930337688
1.080105753690001,-0.8412363125586255
-0.3643200138511666,-0.7878940108229644
0.4845953095552972,-1.2629180440497354
0.999228436138796,0.38200079644712803
1.022636099540571,0.22900360574016043
0.03258930958248122,-0.10101237182155473
-0.6203576931626391,0.018763907987713765
0.8339511816216207,-0.416356115029609
0.7341386565685998,0.5775449024801569
0.16828086328718594,-0.24260086555323293
1.0848011024451716,0.09156761581050188
0.10138720648899943,-1.5529993545636986
-1.6458038215281972,-0.7225381951372236
0.5124027482190432,0.7714253004583521
0.1096693096076026,-1.0999515313795216
-0.4897707897570587,1.714858207147484
-0.008532591656978415,0.4276964670293204
-1.0007631910562296,1.275993826557367
-1.659770255158178,-1.5680451438264407
-0.5487118456355476,-0.5667311707075099
-0.20522277867014677,-0.26110026231106914
-0.16688247740581766,-0.2904318734592614
-0.851319131339738,0.6629344181785273
0.5447876953284863,-0.07952415360254407
-0.2408320066409894,-0.14372026348483166
-1.186298644664836,0.055137484890678504
-1.6186716010220348,0.2581240092528232
-0.6481850942578665,0.18910179013577239
0.1346351573950429,-1.276306079035745
-0.03234752464526149,1.1501804578693091
-1.1407959116518138,0.05741776439122708
-0.4169494775811185,-0.008202752617565817
3.057381779089897,1.0138457290954859
0.35665522249563936,0.6348715600514622
-0.6788892935095661,-0.3331928646277267
0.5853242599624237,1.8812923184443289
-0.07384263102112931,-0.7618179654879655
0.623257711187941,1.2646934374096785
-0.07111737368832807,1.6224647057378982
-0.6230049790882437,-1.0387454370767608
-1.221434831518841,-0.297779060393441
-0.6235916184401412,0.7795972061444397
0.014600214066062885,1.320395409511966
0.299905298784966,-1.129583932441449
0.3436204649971491,-0.906973503142532
-0.8829244368929577,0.17754710844151117
0.3926353398421421,0.6269834333646045
0.3174655999056319,-0.11219832405474131
0.7170318536809869,0.13778990661975876
-0.4869365958113077,-1.2582939767669707
0.15939700578369403,0.26817406777659325
2.779064319600593,0.3972553653844411
0.07652215766437562,-1.2479954026567457
1.2425467581320655,0.26324936215618666
0.6232187254843429,0.601306774328984
-0.22642385510712623,-1.1049198424275093
0.8790543075387776,-0.5176123558368825
0.8923170148903721,0.3239812621352562
-0.8965671787049102,0.7758267745751067
0.6359238509682333,0.8868171407980773
0.5938816903394426,-1.2477305497576003
-1.581845990805271,0.22480584766392703
-0.5300164183479923,-0.6418602859708571
0.7962282935587541,0.4557009217422048
-0.9977130931466329,1.0751264537824612
-1.3676929669304327,0.2725215276892876
2.812255644061005,-0.9746067713553834
0.9494242753214774,1.678783377129288
-1.0647365563598437,0.6308839670684987
0.023789289478856813,-1.9393188840551718
-0.686974436152732,0.3296927064640141
0.055431728625909095,-0.13706949359072468
0.6531116261315756,-2.029066613650454
0.4498281599671869,-0.8528672995477384
-1.5134294311054861,-0.45849051864903045
-0.4304336952578417,-0.282034440612031
0.22008062277914447,0.6417820779772274
0.05132700724546988,0.33704841072179925
0.4082975565791496,-0.2579503129365853
0.21140863676448685,-0.19748854603294744
-1.6595601615752094,1.2237875701072154
-0.7292666950111627,-1.399041717586237
0.6741314806933999,0.717084227200902
0.5027308332857006,1.2957195650271014
2.65754176636259,-0.8397625390359684
-1.4033645074918983,0.8696763824917608
-0.7045774772285134,1.3354917584670982
-1.3018157810661835,-0.6880000145549742
-0.6309516898433558,1.1246140218468696
0.4198909328151608,-1.4027072300513814
0.8181640856517876,-0.5127510069220501
-0.8599794965926416,-0.21543201141986115
-0.8762518835881653,0.3105070588363432
0.7331964528223277,0.9403490326802911
-1.2172919278497738,-0.7247305664480885
-0.45787517172812575,-0.3594012724906046
0.7122234560541467,-0.771626007961809
-1.3158276899597243,-0.6847836229036901
-0.5309629999130723,0.24377039939612694
0.8412189997513404,0.2648910822724155
-0.1728378315607038,-1.1120497163719651
3.081116758745524,-0.21403215495535086
-1.3684293191681498,-1.7389844542258763
1.6773503789417596,0.11443183634443484
-0.8035377301193091,-0.19699731706204507
0.8572814971834899,0.26761813640567084
-1.8385959420844513,-0.1273629814976571
3.208094809443122,0.28775958249592704
2.3600475468311513,-0.12496231048239115
0.526126666326319,0.13800572233894332
0.05583975159540209,1.289284459276086
0.18197038310907349,-1.0184212043507817
-0.29121399556079614,-1.7305550188458962
0.40944711859994615,0.9966169507476461
3.2178896216838306,1.5661733890713496
0.5631712611591694,-0.5937232317075131
-0.8092355335022069,0.10311478066786517
0.1935643829123755,0.0005666468380587984
-1.012908412982968,-1.6432832642519102
-0.6510018514811781,0.8269238849141951
0.671994918841856,-0.8185176665697826
0.4390678968768897,0.5864010160071124
1.295123633471205,-0.3193533205911518
0.2617996409532972,0.007885068386808131
0.9151534937372292,0.4753760584639977
-0.22670254124127714,-0.8610552393943298
-0.5374718978808429,0.7117132927062163
0.1794985828816471,-0.4703110537291446
0.06994651925518844,1.6021693899734426
-0.2592746003904606,0.7000569053223799
0.7732915651124714,-1.14900136416055
-0.9021357250361745,1.534440955331798
-0.5506727121895112,0.5470988887773214
-0.41470841254722657,0.34909771011037544
-0.5494460119282111,-0.07911774725009912
-0.25278532509018314,0.06832469577574801
-0.01990706306061151,-0.3376738811866526
0.8403046305265947,-1.206196877055035
0.4250457199999554,-0.07972460725385608
-0.5780643355774274,-0.9018178386086031
2.7243119764900197,-0.007414035846390799
2.6759734129495834,-0.8603196221283433
-0.27216553516771635,1.7958918971856481
0.3274729572344512,0.6002942053073035
1.1901758140851892,-0.3167415943385644
0.4771444174406568,0.6116414370298924
-0.414812366366184,0.2027410558298348
0.07992583804288714,0.8280551705399563
-1.1199601682611973,-1.168680780571922
2.8886885442533714,-0.3289038493626503
-1.0647625387716042,1.8113006389493471
-0.909927949710877,0.9800450724015295
-0.5510191017474655,0.13353218056136382
-0.3884936363382426,1.0526811780163694
-1.2736270051957044,0.5776527135239267
-1.4441753804411788,-1.370102041688783
3.52655087456067,-1.2123443580238293
-0.6309453300990883,-0.21959196627052116
0.9598381488538201,-0.17405164664152037
-0.3796949189809934,2.2198050225734387
0.034753705955551696,-0.39930256757845495
3.42741533999129,-1.0299540909159688
-0.21966082085489633,-0.13303201451718635
2.94490291023699,-0.9348757951062627
0.07020714509960932,1.529890107772659
-1.8323859022817153,0.8094274973121748
0.6677979942199074,-0.6977562374298176
-0.41387673196358166,0.14033045617768736
-1.626090150980647,-0.3919391696657883
-1.027517908390884,1.001495856335411
-0.15315397188033167,-0.4028655491761157
0.24691200877462066,1.5718707066840245
-1.347692188795296,-0.5946129980671795
0.12397303774282606,0.3288667935937534
-1.3476869277778096,0.7104971844619978
-0.4326774158164697,-0.602079750516054
-0.05305421500383852,-0.4857177524638769
-0.09461012162455185,-0.2029461945989641
0.5228999839917632,1.3825697700743051
0.32759236585038815,-0.7672997965976471
0.34027669573610425,-1.484665429345449
-0.5956706613250436,0.2541779786684744
-0.6705700567971302,1.4367170392838815
-0.5682344458722461,-0.9735653719821293
0.7136580639533617,-1.1051293354281484
0.7146277568773638,1.3433313684905326
0.328452164758862,1.7222561711384048
3.1562339102912222,0.722238177922055
-0.955955089268882,1.104616107272737
-0.871749457253612,1.9730215806553912
-0.7128350304974249,-0.8012513889706702
-0.5353425289402596,0.38396394872125106
0.41948032852483214,0.6965968235326468
-0.3001795787230019,0.14001791179302708
-0.8017267121955595,0.5482933795325635
-1.1428757672740177,1.3820877557615294
-1.4178366081980478,-1.5131266732851851
1.0028573810939536,-0.7962818838043298
-0.9532736090774833,-1.0159726253077643
-1.6743147824507354,0.5597039679607267
-1.1286781789028055,0.16543002108168878
0.48410024429781034,1.0217226867940994
-1.2537112373911166,1.22051295035055
-0.7151123959584564,0.7321432934469985
-0.5598288960828863,-0.042467562977064194
-0.22598636103444358,2.3113195116075755
-1.5780012661221536,-0.2899743868978888
-1.1117430332579534,-0.19860294858759064
-0.5061174439402476,-0.39292688405117326
0.2897921355274237,-1.334957698437298
-0.11905169268270317,0.014461053989308475
-0.3695734140537237,0.25959336750135553
2.543057309075144,1.169910089587447
-0.5190928396846615,0.8882447850719017
-0.944688609739026,-0.12201418651766946
0.4002578891995436,-0.4437880821853458
-0.9512818388582608,0.36336136874842145
-0.19190605036567085,0.8866834325757523
-0.18741170014075684,-1.1420900210568767
0.35570632516981143,-0.8107131446503238
0.911957171633242,0.01669687915166146
0.4796134823596388,-1.1109300336410357
-0.8447277543302688,0.8310342805591726
-0.513300597083215,2.060988079710112
0.5220832088417072,1.4020444531447862
-0.16113385795816512,1.0775593438727136
1.0877154537431728,0.9443081634300111
-0.2237089955734121,0.7779248291899072
-0.30714059239374175,1.9132293331265633
-1.1948393917024005,-1.1470104890432564
1.1652743850497174,0.6672410298407898
-1.5544337758387743,-0.6439002640563694
-0.5158303265026484,0.28936015038742297
0.7384653876055728,-0.40937252895631115
-0.7455267022821396,-1.1930440806721263
-1.3396017851346436,0.04761161337025684
0.08554895469042326,-0.9490270186253366
0.2897628684438281,-0.004344261282455934
0.0795579737076739,0.9041745637341926
1.1711385048741811,-1.3459097577618293
-0.7626145616813438,0.023552340331107098
0.4838774312263065,0.9183019490952252
3.461888218832576,0.48571443910450973
2.883077727546674,-0.08347956641266013
-0.819444988088064,-0.9216389600493676
-1.2750299501179756,-0.12090451838088484
-0.3668184200576444,-1.2231119566241155
1.0461527737591958,-1.7930255864802054
-1.4585029050431093,0.8806157105913657
1.6983322667430585,-1.6638366294046811
0.4993648358644121,-0.7881270127654535
-0.9993564918824414,-0.712020265008308
-1.1498942405570824,-1.7008134610457533
-1.073773201821588,-1.4941805018946421
-0.5984198449402458,1.7173353999998386
0.3065533022400671,0.6870713422069747
-0.5342677834705188,0.32946513627390456
-1.218021506724227,0.28386875941187656
3.06793215261682,0.10324353793009493
-1.7200144759391944,-0.5585097058157397
0.27498567964407034,0.19388802787410536
-0.3625584294620881,0.17219251125951576
-0.5199981138566953,-0.7525878423236491
-0.7794523228509085,0.8343354948289142
-0.3970025905831691,-1.3494313705925207
-1.3048482382337467,0.4980361074070149
0.643041486632451,0.2745902711602302
-0.9117908824261625,1.2159672313916041
-0.48464677642182924,0.3767727611001878
-0.32828259087994743,-0.6397888258691325
0.4691883278295303,-1.587469747174702
-0.9564444183493921,-0.11869391830445594
-0.9458290767071104,-1.546326118270001
-0.7947013298048369,0.9623305228991712
-0.060978228019024854,0.6474217998528988
0.3959120848584681,-0.9453180523087042
0.12081843665088152,1.7080355974114025
-1.034335383143692,0.880172021529885
-1.2387072716689356,-0.5170574670082191
0.8672899532390901,-1.6692055048788528
0.44604129027217637,-1.5067518386685177
-0.052522615547895134,1.250782170920017
0.9750216383289989,1.5396414194116606
1.6214348711231756,-0.6843295900318735
-1.37097825763608,0.6899095961074126
0.6601917828581643,0.6870013596306684
-1.08030664963905,0.6574577156690387
1.7898193993589702,0.237057275614452
-0.7606568499835213,-1.1079849691835357
-0.798071834860627,-0.43078548442272935
-1.0414446771381827,-0.6731865299002003
-0.36667274522664434,0.7610926807864106
0.23205541600559715,-0.0599489826935462
0.1297703373421651,-0.5137785675619752
-0.8566936565236036,-1.9574781651612703
-0.26551903847858477,-0.3791343341655922
0.024321642317784865,1.7930217923285539
-0.8986983997552594,1.7570515362068082
-0.5589243752938373,-0.3974756885813452
2.4708731685125533,-1.7894835900031434
2.468415804139034,1.1057085479527797
-0.373266104161573,1.4143722513563064
-0.5409944375119009,-1.3214013639088193
2.91801244629074,-0.15576584493380408
-0.27048781235041996,0.23703652302763692
-0.11069148834120947,1.62637818803107
-0.7768511357561545,0.5768234119302533
-0.4688720601765428,0.7931090863347228
-0.4209552521085071,1.2480399735924241
0.15942627286728966,-1.0624393693782486
-0.6561363924311887,1.8314753466568487
-0.2520089682057948,-1.1178153027481708
-0.9768533492697156,-0.5100093301109947
-0.2273082038652916,-1.9107804859099697
-0.4397482734707523,-0.16739355354216065
-1.2774997684199423,-0.39417380070978875
0.43803151354345654,-0.8594582767684831
-1.5924939584068833,-0.35515460356861367
-0.6460349297191088,0.8642284453677024
0.13104334603371814,1.218838681943144
0.6433514959795574,1.3671356516485886
-0.8528527658757119,-0.9974035491258083
-0.07097909578788256,-1.5771807329303416
-0.3683272209406242,-0.03492993698571753
-0.5548878269168838,1.0073496540534868
-1.4884518827725832,0.5377756009797413
-1.3274437139036759,0.11057271264094719
-1.051611861348606,-1.1847503728107318
-0.5332463853543831,0.7529005270384984
-0.7220566020538558,0.28296623809457744
0.4550220626712735,0.9655979710266768
-0.09283897260307913,-1.9489788987810772
-0.7599282900521409,1.7444483484762763
-1.2624338354509348,2.033637849601606
0.319140791434078,0.47498382006107304
0.2248169391633733,1.4165932364765081
-0.9553131262177279,0.2636462086427667
0.6908237710515586,1.242595273615685
2.136735263990505,0.4317647805812602
2.3277203248941207,-0.27477361480028517
-0.5409818537677599,1.679156041072203
0.1342831614758056,1.6501739538655202
3.373649447348073,0.17106922326293703
-0.8669009251644069,-0.4831125005059281
3.5629769574652768,-0.13748256704733905
0.7753645116270169,0.19519271790982254
-0.28241199353171204,-0.7136279395628204
0.7463608127162479,-1.704460744745334
0.5587885272438554,0.9083835557648133
-0.04882672055191894,-1.265909951082136
-0.38644961156349616,-0.917668226404816
-0.052385016826534035,-0.4563011671211338
0.15899487297878662,0.03398868498888464
-1.2528517222859454,-0.8221463931097228
-0.44581714607698997,1.5707511755291883
-0.6877507930371204,1.5158327049879328
0.12199890826563717,-0.06529845127534871
-0.07631299868648658,0.2895708375064145
-0.364306880743635,0.8880053088347739
-0.2341008449651055,0.8164156662272376
-0.722755740914032,0.8000388097800535
2.149255259360115,0.606058404755626
-0.07479064514827852,-0.37946593249372446
-1.4145459766912056,0.5863119136990763
-1.3544102971473566,-1.0905660809947195
-0.6677604127010709,0.147260179623018
3.2582238850411365,-0.1057701885600815
-1.4994045987038156,0.17037995178801943
-0.24018600553501576,0.860953825611037
0.9797162337011851,0.4766045947809561
-1.2271906939094397,-2.149501027304052
-0.42256800681044443,2.2898653389502814
-0.8142655712698696,-0.07063518863222454
0.3327223991658969,-1.0811206878696462
0.0015206604830973814,-0.8652884139686156
0.6991441064907753,0.36318900688072486
-0.44131685565550494,-0.6454741962013519
0.02607603379590282,0.8897570766553843
-0.40800453602947856,1.8184676440267453
-1.1789463655679582,0.5510480049328965
-1.2357299341810348,0.6400325047616773
-0.5163995291321065,-0.2276272955274089
0.09524562349305152,0.1634822308754384
-0.8623654032908405,0.6506201143147123
2.58862172553169,0.8053571255618353
-1.3001855154379067,-0.576752615421943
-1.3689606348207908,1.0567309335865547
0.7592375954428994,-0.6151624127465631
0.4706446145255982,0.9098396622718814
-0.9065991656671295,0.5353130965934446
-0.08785631224072774,1.1065903166832638
1.0097691652496164,0.9658013586731214
2.6922816307925643,-0.7405792793336645
3.210684036361026,-0.8065651370801195
0.1868495592321498,-0.6455832013634745
0.16465183854832022,-0.2760346581749837
0.9452337104437964,0.45533881815186206
0.05738172780110327,0.7840370055124894
-0.46372787481042965,-1.7058451287993153
2.10548093541345,0.8809300814627561
1.229711696417457,1.0117990132874013
-0.13602452128477852,0.38629002825444103
-0.5963451205198346,-1.080348789203446
-0.6287418979904339,-1.2341159871237406
-1.068372274678265,-1.2109386604551726
0.618660975450533,-2.0385804920812944
-0.3055104009693651,-1.4639261213673262
-1.2299326345816957,-0.20261285639405152
-1.564819061466606,1.370883423186686
0.8290019006015847,0.5315080737039675
-0.27985565813322716,2.0413280861826566
0.3324852244443865,-0.04322055927588576
0.5743045197864722,-0.6360967426236183
0.9793412562387194,-0.09891077690724849
-1.12039101878631,-1.3969108115280728
0.15226185919313684,-0.27267182707644827
2.543975432551407,-0.04557327455558896
1.8351205844783451,-1.397581741563472
-0.10492407939275677,-0.049398504273453506
-0.6784161726090201,0.40822706413512533
0.643112265128687,-0.2619876404340305
2.4369827051919652,0.09945111842215716
-0.5947297603251467,-0.7798088192082075
-1.054612995303214,1.337695732672795
-0.27531254797291826,-0.9863654730644669
-0.4783985042984796,-0.018890850009117718
1.0293308810056072,1.8681182077246303
-0.766409223682691,0.21059513695497603
-0.88409669665368,-0.046800248635865065
-0.9304648349364589,0.8014102452447575
1.8024074379163717,-1.2996883318547339
2.757147266976374,-0.2984401274107886
-0.09133077111547541,-0.4328823449191774
0.6531311189833748,-1.6973732821101066
-1.4669637785317255,-1.0278548430049301
-1.1478252523136478,-0.9905468938280101
-0.04528544145204646,-0.8969427159265851
-0.5671680420722327,1.1375212366384564
-1.3686164312078901,-1.0288217635700627
0.23951944122776925,-0.2586091441154357
0.3801641044079272,-0.5462302964242558
-0.3261837119856266,0.9036090724974053
-0.7747517872821514,-0.416153247899702
2.919321755409433,-0.3138437405742947
-0.6792388379236614,-0.7644668228734954
2.4775621395967122,-0.13082108522456642
-0.7650667392412771,0.7354518071892868
-0.8342682015147721,1.449974754770979
0.04590330257851286,-0.12768999698402408
1.9477021044038345,0.026313769242269948
0.2844079659274556,-2.460967528385711
2.3130334074423984,-0.2814259056976373
-1.5236108471502223,0.0033624894292679677
0.15262125204292887,1.9846982161010525
-0.6588649344358248,-0.4026105592950219
-1.5501139539094595,1.0380463779478375
0.021045446664849622,2.0406651926785786
-0.05022507805597994,-1.443481280584393
-1.0196128388641066,-1.787995112844996
0.963171520315778,-0.09779772004705091
-0.8562433131466919,-1.397554802664772
3.529380764891513,-0.17426713314451375
-0.969773396562721,-1.1144401951529885
-1.6621179295357633,-2.0344471080110043
0.454360526984612,0.2631580652430905
-1.0629049468575138,-0.9414481754431138
-0.15891872530404832,1.2356559903044895
-0.8824859238772024,-0.26724618104318115
-0.1366606239230699,-0.17190846408670943
-0.5741798217757416,-0.13699114526690614
2.5122088675545133,-0.8333105502138348
-0.4567225346348967,-0.29884323164977084
-0.6923480781379191,-0.4627831391797563
-0.5684110302972053,0.07013130297832709
-0.12659040464023705,-1.2638488760241848
-0.01233129171314528,-1.2309047240726494
-1.0784359246174278,-0.41939177906568403
-0.32795178593466656,1.4556325538361208
0.12246108200370523,1.4993415632023401
-1.0348896803395613,0.17389200475284594
-0.2578575034175851,-0.7865191866348477
0.48251490456970286,1.3864100326438513
-0.020312480537353926,-0.42166249870036787
-0.10133088550134847,-0.6616441247025856
-0.3537260672024355,-0.5141236365051065
0.18600099128945619,0.5738560563819619
-0.8911890290852214,0.8775720497482224
-1.37755472921196,0.33251716286456007
-1.6278172573006287,0.0020915418030807834
1.0068244537210462,1.8163040381013105
3.4416500619563353,-0.9297497448683784
-0.8366049287298797,0.16035270487157857
1.013781509120675,-0.5908348980848553
0.18384493658611312,-1.2934391689290703
-1.434860802228268,-1.4847429287586533
2.5249525591943054,1.2723405493554318
-1.4644185943153123,-0.7701775698677324
-0.8444945434596779,1.4358930178664944
-0.9837898130907637,-0.4204932330310498
-1.1596207258066968,-0.1580511880684023
0.5091121167122009,-1.3280132865259096
-0.19699785136056597,-0.131949766071386
-0.6095712936729727,2.099198247052144
-0.9800508943363697,-0.42815470422666985
-0.2338774825302111,-0.40482168139717234
-0.8071984178351186,0.8016294496873547
0.5845411297147713,0.04732700919311855
2.2659497923037852,0.7698710783579252
0.7780500298732353,-0.07975202694484015
-1.0349000781386484,-0.3275459948556016
0.13570401270019838,-2.5229734615621937
0.20112326690079302,0.11800780776481029
-1.1873837081499556,0.8199147706027865
-1.080494515061775,-0.6282203466749796
2.083345447536535,-0.4410127041981977
-0.2241293184837436,0.8832287825383991
-0.833202081518061,-0.9711539478047602
0.05578906534634124,-0.5467228710896038
1.3944996218541221,0.5868458991869457
0.15308629683383557,-0.9651698305877724
0.07470553337934302,1.3467606418658686
0.7178486288310427,0.11831522354927759
-1.27267768832218,0.8664833482062334
-0.1341875209492682,-0.04883594703179887
-0.2534006321303001,0.5130022026514924
0.5579249740838645,1.1053989114992477
-0.33090040570236223,0.2925872302346668
-1.544349200485743,-0.6004751615327675
-0.7873139732434862,0.10807970299244016
-1.0227069794751937,-0.23512574735684616
-0.0313781655565474,0.4460463387686789
-0.8340728776209984,-1.257869341648962
-1.1161959462741269,-0.8641968230213011
0.29249920275480107,1.3888143089247664
0.01640336547957536,-0.581789411775698
-0.9421311255817744,-1.3959948195957743
0.7694033470912538,-0.6068772222087745
-0.5249246173530971,0.37677291267628105
-0.7666048814117529,-0.23415558964439426
-1.2850065335972298,1.8276710211018925
-0.792688968007034,0.024041677849135926
-0.7853853190298571,1.3509682882020435
0.7166568762185214,-0.43772546506844595
0.5785917955401646,0.2499737210557122
-0.11835706145702875,0.18811905277448712
-0.12665331662623616,1.9202045534523489
1.6701859652676068,0.9041993786462352
-0.26072247121290104,-0.47443507156521464
0.9931622190572946,2.0828903726945587
-0.0904138761816877,1.16885447688816
-0.3667579595767872,-1.0494113949536148
0.47867127861336684,-0.7481259034409012
-1.4679454375612782,1.2079371823110026
-0.19883211638763193,1.4776375292641446
-0.5921565375676131,0.9644752027245213
-0.34231256006321836,-0.46498711338545307
-0.2808349954733318,1.0872701356553598
2.9468801147866115,-1.7347197730805584
-0.33238916437015253,0.4878044960901276
0.9278722219083335,-0.09958881360566399
-1.250246077588675,-0.3907685583020245
-0.4089682887569098,-0.8174449779898472
2.910955740687062,-1.9062129718219494
-1.3822642300177352,1.5848465583574716
-1.257881630237914,-1.1638003777136174
2.6311725541051816,-0.2052111532650771
-0.757724308580096,-0.594733757700227
-0.4508126557435705,1.371497951603434
0.7056991032893966,1.2102675415337711
0.941594367689552,1.1321834987948727
0.022437160621340414,-0.9697728008980983
0.8005901818439081,-0.669661376770003
0.1667186408467008,-2.0648874963298156
-0.815111483687827,1.1115489162892935
2.93335896753565,-0.004914703479338244
-1.686564977139504,1.3551028663906861
-0.8127600550587246,-1.1086204429966293
0.4564852584749996,0.7940433070325849
0.2450243221900496,0.17098935160457474
-0.9501726951031318,0.4512633169792152
-0.43895234395085636,0.1898762523474771
0.15560159039936222,-1.5406238885993697
2.4736620912143383,-0.5934135952539812
-0.34533988044918096,-0.08262317434419343
-1.4553073363221065,-0.65654586309613
-0.24426153961556768,-1.20725818010449
3.027755530196065,-0.9248609762625618
0.41036120402138937,-2.0645104011212285
0.3652900749164643,0.1572801033342058
-0.6801569613999241,0.4510165412695403
-1.746587138232001,0.4722182891004292
0.5034882466816802,-1.5467718503604486
-0.8633179250524916,1.723702717779608
-1.104626700340111,-1.4820124859019854
-0.1910952154121859,1.0546606676031827
-0.9813985155593843,-0.1493391915402508
1.0395621501327112,0.03471530413898117
2.4120005694408526,-1.4178009036091688
-1.153442558580307,0.7669873925431758
-1.5781896809082694,-0.25099436391862284
0.12962145762303845,-1.136069966825299
1.803246441226671,0.1869916366644231
-0.68967540919593,2.118588107504168
0.03388830068579499,0.4511882058027159
-0.5164327044548278,-0.9105618614022102
2.9221724413384504,1.7271094835219158
0.3008540662951001,0.48390478756414185
0.5119147218849083,0.2192979425577069
0.5549170667659928,0.6077397092076456
-1.023853806187546,-0.31523169099178683
0.5176119759044157,1.2438439301510809
0.9314862614299018,-1.088578922994915
-0.33121875671919604,1.3656272708142403
0.3005089794835208,0.7415207470247321
0.13246119638957826,1.7281033429857484
2.2029439339791197,0.07410251741516302
2.3844817451306626,-0.6581962933454949
-0.799260852164704,0.18763514700883793
1.0310676317416914,-0.02031525713562287
-0.7873334660952854,-0.2236136285479071
0.19133249271490393,0.6852379889152262
0.6770665478058676,1.360984301164097
0.393594430947463,-0.746492700648278
3.0027905656073033,1.0794303090896888
-0.8757956500466682,2.0625989914119436
0.675864397394259,0.3035056129379261
1.7599133656042059,1.1915313439361517
-0.07460483585491318,-1.760811290826086
0.8755338240370794,0.1162964082244617
0.9818942327614693,-0.6821608395146986
-0.15974678145187,-1.0742440639295041
1.7910642897256943,-0.7286486965491689
-0.3683836433666621,1.6370134890696202
2.351658285005464,0.6375464502000934
-0.2776913415438651,0.5313214175525476
0.11339858394589405,0.3867897508162429
0.7552154031361441,-0.884622240920318
0.17606256034710732,-0.021738966927607125
0.2194314668170298,-0.38059926114845266
3.2527013633368225,-1.5205374334671755
-1.247987451596458,-0.26001581926020856
-1.4035278230649317,-2.099697004105849
-1.0924269080971005,0.4187965964986902
0.9979658252463304,-0.8491784534495436
0.183190723626106,-0.30043185226081126
-1.3771792023861043,-0.4166255507705195
-0.26167035552435636,-0.2599870538747784
-0.6637433571759165,1.2203921907175028
-1.1243305224519642,0.013484573558310994
-0.20896881055179312,-0.90507355599789
-0.6614211158467013,1.542552741459631
-1.8427615434934446,1.3298084311638456
-1.2466457205380288,-1.7309999020257296
-1.3069126390589711,0.30875544259182625
-0.23412943286961663,0.6544670027549906
1.2445786127816674,-0.34334615135350116
-0.3718189867221174,0.593023475244069
-0.8570846381464392,0.30561520465930053
-1.0920533631967042,0.4910333158141519
0.4137570920935642,0.8524675078201215
-0.784744708757064,1.2184362100725394
-0.003053093711082637,-0.6665669388701188
-0.2780676217527058,-0.7153766218122047
-0.4393051730367867,-0.09120094062429843
0.3903091402418157,-0.32910463223015324
0.7571531524024854,0.188521676221185
1.003904292042168,0.9831113932759085
-1.5063585734512033,-0.8931767156229239
0.4476248576742263,-0.006247293998323995
0.015284996856040602,-0.3320426766345868
-0.45015844278356354,0.37849063493517515
-0.9677108978792481,1.1079363754859504
0.9945702209774581,0.7660589488054316
0.12948966928255445,0.5514654684217455
0.5829765855848382,1.4148903542597653
1.1092361839433615,1.3862703706434252
-1.2993024694261166,-0.4420746396160303
0.04537957521261452,-1.4934007832393572
0.8063783863905349,-1.3425620698576315
-1.042468057179778,-0.27524248771425286
0.03821448235937722,0.7889288596895322
-0.8191149365257677,-0.8220583333439461
3.2578483582152806,0.6433725250749982
2.946651565538131,1.669810245641595
1.7792091147145808,-0.3506991802139418
0.22297733333511255,0.5093538764096528
0.5061745183108832,0.1741241577847207
-0.6865761318032418,-0.2379534409047116
0.4460524414542482,0.9905269139397619
0.32608499752947734,0.9241608754134938
-1.490997066988996,0.2800983278425435
-0.8286179295247941,-0.6684374232948096
-1.4885090585816054,0.21387827403524712
-0.16506051231959037,-0.3683612625794895
-1.0002024043003988,0.4701638399132101
2.013580593014459,-0.26302510532544426
0.3760263375204606,-0.9229509732903377
-0.799592755836766,0.7415299379501525
-1.013826406643537,-0.5957039154126789
-1.3209258506988872,-0.35921083343343746
0.976839015997016,0.9407261278888782
-1.1035843768101068,-0.22360511122430143
1.0516648976644223,-0.8796963411815589
1.1026784518362958,-0.6352694840589117
-1.082937048205606,-1.4107236332081845
0.8263922976332032,-0.5337972759563603
0.4375969087668267,1.5988830157458522
-1.4721054326089882,-0.6749381461447173
0.07009464559133058,0.2286200362369345
-1.3092649008547668,-0.6786324239952919
0.073867832815419,0.5312633410232596
0.9080604079227028,-0.5960923961517467
3.013777679823924,1.5892267189595506
-0.8160984835185747,0.8305142862028402
0.12789893872126662,-0.22105335295387543
0.16805792039998813,-0.1781175879483024
0.7601590777948972,1.5075603114633283
0.26454957795148404,0.5405684000552757
0.7547177323859068,0.057653154570421215
-0.8857139089581335,0.306135199015633
0.7656028747090295,-0.4002865227907988
-0.3316640430982155,-1.2096847474761965
-1.234916443702814,0.7707545869651894
-0.8777528921648085,0.6577617427300934
-1.781953930463847,0.8568083418620837
-0.25426418529029104,0.7100175583859271
-0.7521374979395076,1.795565579033802
2.6669520865404244,1.189634633938829
2.659759634325151,0.4927954274450982
-0.8185437519708498,-1.1264503203796554
0.20004140830380007,-0.47912814467028414
-0.8476752011672833,0.5070756399380711
-1.311880110184431,1.596108967461603
-0.6276444547807674,-2.318834706177942
0.27028704621706473,-0.5887191352210286
-1.156473787205395,-0.864196671445208
-1.4478802406741729,1.1484307330776657
-0.6878079688461427,1.1919353780434385
0.3457564774853025,1.9532864759514368
-0.9072156956699132,1.5205244086658503
0.14425208246441718,0.3746217348235862
-0.9142607007281291,0.9426979490627002
-1.1299686243167977,0.7681428607126021
-0.26831815495986305,1.2438565097999141
0.04753609949563984,-2.162480116124818
0.23843745281508222,-0.6878410812467252
-0.6449044410024147,0.6303483074921069
2.909243070220987,0.8348997269812056
0.6296885079328212,-0.36211876675799504
-1.6718039965197107,0.6749804804197841
-0.5157575660809524,-1.068597194157379
0.8622607986701059,-0.01501873648291552
0.484747344130565,-0.6229193947566002
-1.168067712804797,1.6052183309928723
2.1995708976344788,0.827024028367088
-0.9903915878993201,-1.0900310950201428
-0.8423640757923133,-1.5411724967650389
-0.24907191916786756,-1.2952946617355166
-0.28515987440053886,1.4207121494450914
-0.4426756780925769,-1.4843169479461988
0.7355193733306274,-0.23005251720466974
0.48709775381659476,1.0179438894772541
-0.518775791414203,-0.8559779231842196
-0.05121726470031376,0.4587767604268969
-1.1222089458177178,0.5266625653179939
1.8360971865100055,-1.617985111085466
-0.8030406087324622,0.1853853727704997
-1.6756916651775375,-0.10755346295172435
0.5908297403200803,-0.39338775933595854
-1.2829370757741132,0.0015630301231426764
0.8623510700181414,-0.21990331653682896
-0.07593616911425533,0.21161079154788281
-1.5742643292932192,0.5237435748570324
-0.19498548956276318,-1.070238611121421
-0.8739567976013921,0.9739975984789674
1.2317771959694623,-1.4482364925439783
-0.12151822631283501,-0.4090049936135891
-0.014533291259730484,0.286897949153313
0.35850489228769916,-1.1090459032925464
0.023624954962750556,-1.0476596271330043
2.3410239200910654,-0.802889239571202
-0.48974425798190746,-0.7902165500566483
0.5514309073457828,-2.1043536196797907
-0.1998426471249982,-0.9807344200884944
-0.21276983229740784,0.62617522874337
-1.0940637430690472,0.6079427279136459
-0.5641784046434933,0.76295330219305
-1.151941000640273,-0.9049253766738583
-1.128165602718979,-0.9661379452712575
0.9961061772028801,-0.7634530597334623
-1.3808413226639826,0.07872256360613715
-0.3446843647427988,-0.40444782333590457
-1.5945407184900744,0.4407334808032812
-0.5103045201264996,1.5539306300205236
3.001936107500024,1.106700996756023
2.4776269778963775,-0.47994707872091547
0.2846901407530355,0.46546994163023236
-1.0055938168433132,-1.1395767396138392
0.15087259674178788,-0.6199878246468055
-0.3709197325303631,1.2095915478643224
-0.6836494805644019,-0.9168707995005051
2.70722281434444,0.5379997174802948
-0.6270121861777015,-0.285781363239514
-0.6600721418453259,0.5552994082727459
2.6030462948449196,1.3698601010029023
0.4968695845140753,-1.205637708536793
0.3453002439438055,0.2011945433758365
-1.0594949067347346,-0.20960359036380297
1.1499128785875101,-0.5060340136246778
-0.7819960745052524,1.0799368740644593
-0.9416390611928199,1.001776526030709
2.713877726907199,-0.3142090813119568
1.0507449220783938,0.9892624406082133
0.8424575303737969,0.6433910982261857
1.3135552800581987,-0.33991040368352643
-1.65503448813734,0.5314240999961245
-0.19888149989031745,0.31281286657500257
0.5339389332162112,-0.300563148513725
-1.061800390520595,-1.3745321296148745
0.2838597629157658,1.3454198632394683
-0.09630809067663201,-0.9716249049811321
-0.5367980622533428,-0.11750470772550008
0.662343046123703,-1.28718815578397
-1.0647918800591,-0.34648877752273194
-0.11564282549060532,-0.09278104391173317
-0.3131446508722289,-1.5657752731023713
3.2712837417527085,-1.572278534942963
-0.8793928022091879,2.0409170969884465
-1.032317964347997,-2.0735054793140892
2.7197673595637415,-0.9714019825989311
-1.492499927675405,1.2808284293830299
-0.0484940634968724,0.17603601097638102
2.7525280375186343,0.7490046880282095
0.5471989052593614,-0.6334308505908769
-1.0433088328161348,0.10326943428653558
-0.1881295784697476,1.0391299720880838
-0.6656492338659116,0.1590001717742533
-1.4901271540847376,-1.261123016009282
-1.3087904772078456,0.733970172444108
-0.603293210682445,1.3249494942184246
-0.45259638850918416,0.1169732508045249
-0.049755241827268974,-0.5518645865475476
-0.8296023238627911,0.3928932819718323
0.5250089768818688,-1.1048096431470344
0.9113275085229264,-0.673991128433671
0.04168949059751557,1.0037434359686892
-0.6597792238768622,-0.6619820457492634
2.7401216403840847,-0.7733350352569998
0.4411056917230625,-0.20764641560048722
-0.8103688075593308,0.5421540866711836
0.8420547183898048,1.9017678160655658
-1.506649639309901,-0.3293706792476511
0.7246842936892746,-0.09985027778139656
-0.6854533853608992,-1.0105267312126727
-0.27971156985190465,-1.1778652552796902
-0.18650512322234786,1.1699252740152217
-0.07380625081028139,-1.4407966377603667
0.23157374941572983,-1.9562823287115823
0.9603325349322229,-0.9661302768582662
0.44308099413093266,1.0256055122489673
0.6396663941584506,-1.6395116385642248
-0.8008312864592224,0.36302992199638257
-1.2388711366053595,-2.1617727682825447
2.439505111884744,0.1756318252930008
-0.9925663022877693,-0.08146242599848107
0.8455815616357707,-0.07634693611316928
-0.37291512718540876,2.348924861974818
-1.082680176612702,1.2035684080615185
-1.0432003713626756,-0.44110448190357837
-0.9359588985519554,-0.2835043208862848
0.4423382821489478,0.3583055184511945
-1.4923337410495328,-0.26430624518587403
0.5390689665317201,-0.6143840397857241
-0.2810332586951442,-0.6998459262971057
0.903102031849955,0.52151646064993
-0.5375621692288781,0.9165978727601298
3.2955784892210933,0.25504623788182046
-1.3942873080200922,-1.5275632143074653
-1.0203333226858478,-0.9491404550531308
3.7057464819515165,-0.062122492870469635
0.7476234236087137,-0.4732814948486621
0.47421242540062186,-1.2262678597767005
0.8919465450624084,-0.942264680023603
-0.7367747629348255,0.1516204365488965
2.3712776461501592,-0.6726139320003963
0.5710407038580839,-0.7083947756156872
-1.0135841007202337,-0.16058984617345737
-0.3089289125775655,0.13771872992509987
-0.1815988659607298,-2.286969565524888
-0.06429286001216802,-1.0929795482010554
-0.42503091600475285,-0.6522680168192977
0.4185211632156111,-1.4183298960813915
-0.7204393897494024,-0.06996920955692064
0.45012646876883083,-0.9329425863443753
-0.333388414109753,0.3588072840419632
-1.5819357127899156,-0.8949676576054436
-0.06108942478092843,0.01733439599372184
-0.2616573522325186,1.5838162810867649
0.21307152835209436,1.9213515042981695
-0.7093119415029765,-0.092794817678919
1.0306321937983687,-0.769531190494328
0.43958779578737056,1.150280272106011
-0.3456140589488302,-0.5294891417816686
-0.9660346076240208,-0.9541976510448036
-0.6326373589545975,-1.1757225947506007
-1.6014198766864063,0.6862428895239158
1.9158752885254862,0.10868838948292732
2.175373744240784,0.490261897940236
0.27193297624172336,-0.9476099347040845
-1.7772347852419692,-1.8899238070222122
0.4965630638583978,0.8721189840239711
3.513518303007234,-0.25507001584524874
-0.5253859078924866,0.6400696358946196
-1.0608042956371355,-1.263242167596521
-0.9897306015760491,0.9370668960867278
0.31985731698470815,-0.9977983525834214
0.6342812056154098,1.0955111750071396
-0.33912676557401233,-0.33984191837775934
-0.318599394948839,1.1652916468665924
-0.44954178296508573,-0.7746246924410353
0.27701294687546213,-0.9336933880381367
-1.4964720573003902,0.6836311632713283
-0.9078167708757175,0.9917850645527649
-0.9159794653783837,-0.8288567605363628
0.07354106592495765,0.28148594904384444
-0.2805348345619221,0.3537194312119866
2.499759310917151,0.824288456910227
-1.1147462233419208,-0.3431802637804433
0.34515915653101553,-1.2620241916321353
0.13043317577520191,0.8598440058981588
-0.2551570797377778,-1.2507565023517175
2.19159169073573,0.8148868207888282
0.2436473596795391,-1.7079845521810852
-0.5124481951052958,-0.6333060286326021
2.476747969939407,1.2310189331990102
-0.17313395441729398,1.4671449757972466
-0.3232344130388464,0.5740922954717704
0.6484216181775996,-0.44504388661719524
1.0580873527395749,-0.34092312428130056
-1.7747895167896939,0.06704079956028322
0.6480188061936077,0.8133328312221851
0.8117774614240922,-0.40584481077142537
0.38512117773429994,-2.33502182090248
0.25359563905758475,0.7137065560602154
-0.17896977014054913,-0.8899708843242122
-0.16809945904711507,2.3297848628036957
2.334661376133379,0.15669619052232434
-1.0297169070689371,-2.1631135469089453
-0.004056301721794407,-1.429491665770913
-0.4242731687734852,-0.3421646091875365
0.1142490039983535,-1.4861249245759298
1.1208418100882256,0.08947603549034022
-0.15980265451451708,-0.7269587231974503
-0.7519769918788186,0.10207479195520014
-1.3295983860769354,0.12617662787967196
-1.1664063279831587,-0.26762312467567484
-0.5770829421079628,2.719263532595073
-0.7937323902638194,1.4149504738180203
0.8014784888731845,0.7701267815650872
0.017467033971144498,0.35483587679559675
-0.32376731524116503,-1.8335902955886714
2.928968367110099,-1.1502834338892847
-1.2716401562299804,-1.7165940178417531
0.4669811915013444,0.7340051089719902
-0.16956614354227018,-0.6689625462513351
-1.3693960727641135,0.3075150002278494
0.08010187310445585,1.1090165809027839
-0.8002043586573514,-0.1207433904675756
2.743881354736653,0.2218794927642751
-1.2099513492983582,-1.401440713690866
0.07446124553058034,1.7330260055771882
1.715149306518349,0.01090707050753781
-0.48473978307830873,-0.5928039788951893
1.6827585490280288,0.8814044273625405
-0.6945578699908411,1.8959468697908541
-1.1484114220858632,-1.7085788088033027
2.428417328521001,-0.630718004131395
0.42456678871853243,-0.8015966332226011
0.49751819111279943,1.1414017159121708
-1.1336282133058262,-0.8825465431845667
2.1589979527896936,-0.4548137714073843
-0.2952912277635053,1.554827719585443
-0.47377907082114556,2.2541631728750002
-0.10850699972096378,-1.0444972496857805
0.742211419487219,0.23460076473050967
-0.11975528914539578,-0.1573562920315748
-0.5730025550491126,-0.5484119558064549
3.142673573317068,-1.5318422538805356
0.027869410977619004,0.6498790240629092
-0.02920981091236568,0.7816836578644085
-0.38071180946262734,1.1056390613381903
0.6960322453539463,-0.28082684969141797
0.5117508569484841,-1.4254173587166186
-0.6190963850165485,0.5787604902078379
0.4093287289270819,-1.4968216908671805
-1.3237530057212863,-0.2228267382634624
-0.4969932624389123,0.3527916848087634
-0.6349102167811271,-0.33305848280358685
-0.5516779021256827,0.6055535948270684
-1.0410028794505921,-1.268176584658886
-0.8025429379822248,-0.7568900227202395
1.0243508261360061,0.15491432761338492
0.3017980423674295,-1.7440912331559375
0.8788957834035482,0.3544989982911782
-1.3735170821082254,-0.9119736651471759
0.03831132305108235,0.28365074908763194
2.3493469908387263,-0.5078341862568714
-1.6718606229653423,-0.9735749318479942
2.261795607636952,-1.1325521528919018
-0.036349674736826924,-0.11224412408738269
-0.5147366375444989,1.8912127548037077
-1.6064049885538996,0.9884276652066089
0.1362200775754538,-0.48423935486601727
-0.7682220937162064,0.11877985800710389
-0.40243278481008776,-0.30205977487714825
-0.5272560835507182,0.39226104530605804
-0.27764258160847033,-0.46759868806194704
0.053889078820931614,-0.41594631995375136
-0.49831482146645795,0.662906998487543
2.17162135261487,1.1904945923708061
0.5174786807979622,-1.0603021406015387
1.0809362113109788,-0.5094697612946526
-1.4327847008575816,-0.12284159665846944
-0.7695483699776561,0.07581328458713371
0.46186278452739776,-1.2679561860979363
-0.8129158438855095,0.9379522311807224
-0.49655592235383816,-0.9310882876562812
0.15270310751733668,0.4569962034881502
2.199108853712105,-0.9055200014144056
-0.049203679939844196,-1.0200458898197993
0.6679514613572443,0.44552106423606025
-1.0037432638525747,-1.05555746526182
0.259462364374799,0.04292110381069191
-0.005487834548576591,-2.2899975611479713
-0.982118579833429,-0.4672386037678652
-0.8881837272601002,0.03286591668672906
-1.3040685966775234,-0.8383006563908969
-1.0151072076414265,-1.48739382917315
3.0577540212439183,0.41489978073439987
-1.3116502581895748,-1.1372383835840025
0.009860069226416641,-0.2562472791437491
-1.1524009884332875,0.029554014221027828
-0.2927954270497779,0.6476803300334987
1.1137904452857421,0.8558555640045811
0.014686656958680745,0.3136792993016184
-0.8171771872594267,0.25108558379755697
0.9113742865328613,-0.8515318010976244
-0.5414316477812811,-0.20542540674757925
0.20020308729517028,-1.3335322487685335
-0.7969631106531948,0.8138705338275437
-0.5506941869667701,1.036784990187515
-0.8210889361872629,-1.384127593516853
0.12476497923988808,-2.539127876419461
1.6949898002283887,-1.5703458879310503
-0.24355705995419658,0.7924959036124206
-0.23185582166010232,1.8076436438078085
-1.3287153400651455,0.2608546036855847
-0.4730857423418463,1.7566385039836312
-0.2469444523690356,0.4100519001032683
-0.018293005612298956,-0.708316578867962
1.7473367437889642,-0.631317692505992
1.002162749868279,-0.9699398825895086
-1.5319683161832716,-0.434093324563203
-0.23680079906523058,-1.2557215762523857
0.6475951986114412,1.0688335498446702
0.04571817246423213,-0.2389067392787517
-1.1333963051816103,-0.9488704735537925
-0.16284352755570775,-0.8637400337944497
-0.8047320882245809,-2.095403341032864
-0.24371503472603526,0.3399491724171971
-0.4153094877530308,-0.17964163400270994
-0.6089846543210753,0.28085560383094366
2.4989620286188945,1.1754564715210551
-0.43912442074131386,0.5428423568372789
-0.13249822740220332,-0.26716663860101
0.8809556765942708,1.2345102335770215
-0.35179796235219685,2.053423034027781
0.8273182876197032,0.8981948777828765
-0.7032994115390679,1.0527203521782789
-0.9323226308701436,0.23366022131410222
0.22022929847867728,-2.056425361082565
-1.7390621031655813,-0.8773993959742433
-0.3717476588624907,-1.2682125216734759
0.14090873275106885,-1.3598242613988103
-0.9099370447635888,1.1497897404696298
-0.2564143498290488,0.03489090315399709
-0.33434291779686376,2.2532693204574
-1.2097258009184102,-0.12355865594270102
-0.9247344055942303,2.5088907987129327
3.4374434929182835,0.6854144376629708
-1.684160880335881,0.14956140451991207
-1.409978112661611,-0.8045781314785225
-1.4469309238006485,1.4372613677599724
-0.46984941559118787,-0.9823282971431151
0.14407263291531952,0.4117611050385566
-0.7531343462059518,-0.3115651359843831
-1.5936298379567577,-1.2584806329183906
-1.3470443355795565,-0.24341432661804752
-0.46030600432649416,0.03071610826118599
-0.11232709477068105,-1.0016958665043474
-0.4426398472451196,-0.8386375348953156
-0.10965320286602506,1.0391415749829154
-0.7560264693437097,0.3418489679857458
0.10120282975770342,0.3316246561414057
0.38722716975587296,-0.13998915765350128
0.42318662131989543,-1.3186572988610588
-0.7681383119281326,1.4260052813743862
-1.701591924404913,-0.40932212084001457
-1.5408039631147594,0.40241958847541276
-0.6880530100778901,-0.41764001124507366
-0.03763094531439897,1.532440520348639
-0.10601912112926701,-0.9428132881892722
-0.9978652575375948,0.6030318197931313
-0.10472328488209434,-0.40831996059481296
0.29384093381323023,-0.08216977384075462
1.2964719282934962,0.18595544684905221
-1.417588831657856,1.270910036052618
0.4062300008977843,-0.46493822778158544
-1.4618987133315757,-0.8246457254767752
0.2512960454363097,0.740946586888246
-1.1584347835750524,0.417537403343428
-0.12227782565386854,-0.06563298359861376
0.5204314684361716,1.780483155421949
-0.031837603986171074,0.05586764434028099
-0.6763766054367898,-2.251012257992419
0.21509551091165108,0.9439668536599206
-1.2454422673800452,-0.0023385461230108263
-0.9804913892775848,0.8380180182085636
1.4287624071124398,-0.6893182847262321
0.017465731224769222,-0.316346790880951
-0.6543884905130325,2.4403206344048747
2.6688812103337356,-0.10385133904806063
0.7003695040057003,-0.9342102968232432
0.43812767505607714,0.12782571325670544
-0.13249679484013424,0.23611201377173302
0.3985697685831599,0.613629292364218
2.4990892295411684,-1.0330648661285433
-0.11095021204387902,-0.3344384355918964
-0.4784608168891025,0.4608840059671179
0.6448348638141673,0.03471221856775504
1.0518909954077609,-0.9264723687566782
-0.8470000627934079,0.34904030718290235
-0.19326672491250868,0.701316098477642
-0.9185395550283856,-0.8972414628113534
0.642539777827394,-0.6287783210748689
-0.616523366278609,-0.9974543261825491
-0.933161634180443,-1.2530197472050546
-0.09494481063704374,0.5561077644700739
-1.0124755063284956,1.2519701873806206
3.0150608025112615,-0.7089333431232074
-0.1120657155432755,0.9218656042947009
1.2465416652806847,1.0419431945342423
-0.2915960119466138,0.5306976982103789
1.9783781352987195,-0.7700943094859574
0.08319744627761241,0.059425867787377115
-0.6542748922779725,1.0922745352940308
-1.3468858114443272,-1.1155256807461083
0.8196132592206031,1.332923637642092
-0.42057657042650987,0.516604509987156
2.631675565656614,1.3693401066465698
-1.3267907239063357,-0.3419007988306505
-1.0468715866932663,0.2239883005411786
2.4764905489831124,-0.05861502274740851
-0.14641110965898538,1.7298910478209486
0.1341212784648413,-0.8159207803593462
-0.5134730077089604,-0.7386406388193976
2.47404350820478,-0.15038773880995857
-0.013308443108196198,0.31415673077262896
0.9195473788346147,1.4705480235999506
2.8408388902457484,1.1982546599520694
0.08735668794233789,-0.05353955675673457
2.3683101570979552,-0.003607818838561211
-1.2363868824494861,0.4585785013806452
2.689021773135287,-0.17894979747310397
2.9817383688894505,0.8579021282365724
0.4025983206341827,-0.4611168675794181
0.2325629351915312,0.8238717067474461
-0.890445637924152,0.052309942918906456
0.8280266013162996,1.4230941109025093
-1.1461396629861145,0.0980732498962516
-0.9476328516879138,-1.8078860652859736
2.67327113716001,0.2573931112352626
-0.4341569496158539,-0.7445111680324978
-1.4070065855545872,0.37205974308548045
0.5691740168912813,2.214098706844874
-0.9225038181431339,1.1530367889592175
0.1554561993716645,1.0073867851864293
0.5610803285587936,1.7220708606814308
0.8046649625414752,-0.5972901240543081
0.25608549957474125,-0.005988915393817583
-0.6294157336179339,-0.40489798669202404
0.2510399272263906,0.1224952986183749
-0.8537545513563166,0.5320658965277635
-0.5991483250879179,0.07661855521323559
0.4069909029851931,-0.13712757012001278
2.458689244685519,-0.8399320326967901
0.6182907894258718,1.2273888769561714
-0.8439948907839807,-0.3277618105747861
0.38693480115079987,-0.24736578895477604
-1.1174863119044112,0.9502324894828208
-0.43686394263933115,0.020119678232358544
2.960491817188911,0.8628058884606337
-1.0273093215738849,-0.19835293573059645
2.5104844965429756,0.7351814813043249
0.24672359398850496,1.6108507296632903
0.1323628489319038,-1.7583000524120151
0.48084422067575855,0.10849731805738248
3.4802321197805766,0.8006907985459351
-0.41473700045173767,0.18714904663812834
-0.3722043619836701,-0.4839298960525832
-1.7280196652497042,0.6097697584868489
-1.131336411990888,-0.06885923826794928
-1.1883122294253057,1.5339601351373748
0.6635257036835125,-0.5614027990981463
-0.4243725351742324,0.032464638934477125
3.039823330078997,-0.657015296937958
-1.7006489672756562,1.2237145019596831
2.8521157675746918,0.4730623657701105
0.5648801773737273,-0.6482646070401817
1.2183814773147168,-0.061760870072411524
-0.8936868859283086,-0.8823039813762127
-1.3888290752520533,-1.0883280612273063
-0.4940842519421057,-1.311294422974114
-0.8781056414670304,1.5884010226315266
-1.7688088594021316,1.2008040712192274
0.1341673772956919,0.49910064760378914
-0.01436436932541401,-0.08377540536630015
3.166889670199171,0.46127129340994755
-0.9964871462683176,-1.5469309352447909
2.6595262936388657,0.055840705441581096
-0.20336114870123656,-1.1682050889776916
-1.5172032975086587,0.7314282771917335
-0.5557008478154225,-1.6597469863465186
0.8004460137788771,1.3378154918191347
0.04992406232319888,-0.3615088211830122
0.8188210339202389,-0.3312970035410183
0.5639602017876987,1.2206941747495905
2.0694493228231075,0.7132769937148178
0.35589692590098093,1.649426237742985
-0.0634591975030635,-2.1231262350842846
-0.3856976747131053,-0.5880169159789481
0.19471120962472754,0.0806725904729993
-1.1117117100449978,1.137807034933947
-0.7556145623070057,-1.0862724179217347
-0.05712120339506901,-1.3990163409242196
-0.2942340730038124,-0.8644603302260008
-1.000919263686317,-1.2096488104616065
0.018108243639313938,-2.4819747748342054
0.8382143771053037,-0.38296488529318023
-0.37284379932578193,0.48768886505727344
2.1576686014558115,0.6962288780160433
0.6468148036722333,0.4093295606427504
0.2812065868255759,-0.9042580519041084
-0.5357668899054105,-1.3563760856560956
0.3609266298333555,-1.3294186159762367
-0.29955387388379767,0.19677840452573017
0.24497829756309913,2.34437077726836
0.3918777224265683,0.1489760104290385
-0.12084494004872554,0.08643509127797878
-0.5851357425951006,0.8575264436885746
-1.3779497488896155,0.7499665449592924
-0.2259884171638035,-0.355703909068804
-0.6208139767361217,-0.3537075364108728
-0.7963809789357992,-0.31374153892300227
0.1187246945381614,-0.6390344838758653
1.0163130108661658,-0.6843988592821117
-0.06550267291441939,-1.477434915986383
-1.4028695720501052,-1.2470603330482692
0.3396692607860325,-0.6691987853411435
0.2466070564254066,-1.5360633295982726
-0.3489910535645819,-0.41049514568237344
-0.5720315593787352,2.571231415788774
3.304748145985988,0.152041466401256
-0.5025079918368894,-1.9029028958429786
-0.40132165912949913,-1.0355372595968957
-0.20719417283889144,0.5191958128691195
-0.16995076542083826,0.24992483545184463
-0.6493320507859124,0.2768998618046366
0.3055843626990495,0.2344513912881255
0.12992292128082344,-1.1984380035921243
-0.956182489758596,0.4802094671713081
2.5321617689529337,1.1264117673402194
2.6143699501837983,0.46712713415699003
-0.6368419460671889,-0.3819378451697926
-0.6070990238658641,-0.9852864617659859
-0.9397535605533025,-0.09646152426241592
-1.2967350570494602,1.3217572851108053
-1.024992970409255,-1.0683609550675703
-0.6957360199161488,0.4794309426343757
0.7252757244789764,1.9232918197230733
-0.39073360264535334,-1.95393545535814
-0.21472316617642254,1.234885983091163
3.03702278103565,0.4626968946548052
-0.5631264366973867,0.5269579234793497
-0.3953066034565486,0.24062677274018865
-1.365580485348898,0.9554441875170707
-1.1663264544342105,-0.9739457043380357
0.06429911831804894,-0.7939264931272821
-0.7934966481043779,-0.1262283071484832
0.809768933661515,-0.9424108163186677
-1.04124182649816,1.6349154344548198
-0.3524185304098003,1.192990358374348
-1.1443535287473448,-0.6255355522748596
0.7383465283530263,-0.3664366123746448
-0.5353230360884604,0.7156572802615984
-0.8013206155397327,-0.8602801035808101
-0.7668511511859752,0.9734892070174666
-0.7240215566946245,0.9307727980305841
-0.9818093238693072,-1.3705339762793387
0.4923570441837372,1.1626250812320362
-0.5897030572613046,0.9237584035428892
0.847444494351056,-0.31226909510324385
-0.784069021019798,-0.2642572080059132
-1.5319175001185168,1.234009990498682
0.6373123600365977,-0.7617076146313972
-0.5865957835426857,1.046788357712478
-1.2911991366775266,-1.4444495468439715
-0.3445276927173353,-0.6230837598172289
-1.718812325527586,0.49896898241043103
-0.41332824514858957,0.8661583757488333
-0.9731027299698591,0.6549498659783806
-0.5956043904633094,0.4083306375448682
-0.1283253032665557,-0.028890828810667835
-0.9592884607308396,1.0283621806782672
-1.1591684005043252,-0.41950725852244525
-0.6018923218895337,-0.6435166945531436
0.26707581867948843,-0.8581057436711579
-0.7236519200333538,-1.0105384856835977
0.125742334654533,-0.7636904929416233
0.5380827200839571,1.1004220831276543
-0.8519780615336491,1.3028598477480366
-1.3565187406740715,0.07215524690333584
2.394932202893447,0.1304888489344117
-1.1062784407456465,-1.103573783624823
-1.1129093528221046,-0.6104022237628784
0.2823703008969766,-1.834824112081916
0.006739113036875612,-0.7305184676477917
0.7088576626524523,0.46502625256875174
-1.0054299519068892,0.5051385616604865
-1.509936782125314,0.7414928068172103
-0.7167206430258919,1.083238088334201
0.9520734133568478,2.082817304547026
-0.6985912134796681,-0.8707917109911804
0.09090575934854708,-0.5254996573458317
-0.3529397320666565,-0.04207156540109837
-0.07645148060652612,0.16871743785153845
-0.0796703706347453,0.5723541498422524
0.802032032686069,-0.5194339546577058
-0.6008644342134365,-1.732191307209746
-0.866510962484644,1.1148267731932784
-1.197444283016686,0.4174524291488773
0.47201363074216346,-1.0703784246979406
-0.39632354397016817,0.5060812996819543
-1.126268821081696,0.264998741740092
0.07533895074117566,-0.6491226740192851
0.30624329289296054,-0.4054740382813838
0.09004030404680477,1.7046116042123527
-0.5200007193494457,-2.0949531776767447
-0.6845109775950329,1.9471679769103092
-0.6469869819010774,-0.5990635093638952
-1.4596582774447826,-0.35440365029875887
-0.8040543443579551,-0.9110733384349371
-0.5358773332843295,0.009377263484559473
-1.0384640549784467,0.3337066765957026
0.07578854073510286,-2.085040064522619
-0.17627385409524365,-0.6634776295704274
-0.5874997549683442,0.07713839799347467
-0.5445349632287887,0.30547215393546173
-0.8392287635325739,0.06846420620008072
-1.4906625077921982,-0.31105161592268943
-0.5085346738514022,-0.8632847418381374
0.3792669063455327,1.5042250516318705
-0.21959509935655258,1.3457787296824915
-1.1820867348255901,0.9567999577617153
0.6992622123603371,-1.6755876627007733
-0.9910017581578364,-1.449025771065128
-0.10492988977363396,-0.029850601479346543
-0.04876112886926919,0.38080480842134673
-0.9372238311338692,1.6751664050602728
0.11974293779815612,-0.23330634314108298
-0.34575582554070455,-0.5001457761625514
-0.4497048147348168,0.7882172321576801
0.5170179396219635,-2.1216635027064843
-0.7692714561695626,1.6971405720738997
-1.312557304687666,-0.912879120459608
0.05251211631042122,-2.2949202237394113
0.01827142939665336,0.6553026270672094
-1.111863195256875,-0.826849699682472
3.078452165913174,0.8958845738124022
0.6973006666272892,0.9308044974111469
-0.3365743384146532,0.4015661043380743
1.0640063266836133,1.1596733909038042
0.597695845192589,-1.103080014841122
0.6642620559212297,1.4501031828170177
2.64477167276334,-0.6082428967049077
2.123555794643402,-0.054631709454023646
0.3413216247588589,1.1161072806853305
0.3981175730964824,0.707181347514456
-0.11940499134831584,2.269758419214026
-1.1675564393673457,-0.197532303036622
0.11720739799784571,-1.985386369669665
0.006429857072753821,0.1727769048636817
-0.7368228436911358,-0.3420215584636978
-0.8232663858841566,-1.5500202445444822
-0.4718195070135572,0.4691504457136212
-0.35447787423713223,-1.0116789622347795
0.3797255913921718,-0.10143700693956345
0.7369716219718757,0.42161290451607486
-0.8332793495742586,1.0775339672106963
0.7053872418325243,0.7711975786921492
0.10125541814851555,0.13453608068334552
-0.6677323741599503,1.6338669284185492
-0.171464907105013,-1.0787198003121437
-0.06235784605427127,-1.194296951108843
-0.29701588257834527,-1.4088955600927222
-0.2119999649729812,0.9521452336406471
-0.1485276292953396,-0.7986755997326727
-0.616012692236534,-0.0959263867117458
-0.01641516746342455,-1.1335313087202437
0.5632628352535798,-0.1274251440848788
-1.4685374177143706,0.509453170129817
-0.03836271013390596,0.04192044083602975
-0.32770955421526377,-1.5976562305515785
0.12211208695300033,-0.25659048036671306
-0.43212632350872715,1.4661135044081872
-0.7544396970535331,0.480440274508737
-0.8352520464893787,1.186647374714337
2.8167488955591375,-0.35406405434144433
0.41707417559184917,-0.7648851352729588
0.08542537820397275,-1.25917298914242
2.3721075544077466,0.9838107045868606
-0.3243994298566224,0.8334756879730304
-0.5084955583321099,-0.3678020940612477
0.19304052573078323,-1.1972401241134694
-0.06062349679134318,-1.104596912999076
0.6672904750339733,-1.5815769268708102
0.488571477235102,1.179923209787805
-1.259114899842884,-0.23719021113821012
-0.20390757938686885,0.7729904121275425
-0.2745744234091436,-0.8400513816692482
-0.4349315341741849,-1.4235630600285245
0.9872368853689888,1.926499845626845
-1.5870247784763665,-0.7391395362032912
-0.4999823004722756,-1.9769189542461283
0.39403622863505333,-1.3414827554069637
-0.3242844788432015,-1.223008231638279
-1.349832504898357,0.5563564316326223
3.2828329454715353,-1.19712944404071
-0.7177316433429404,1.1612406971780547
-1.354321248761988,-0.7549168558519718
-0.2821151172921371,-1.2969818787322003
-1.3247296077529465,-0.0024233687414682973
-0.8954360905928402,-2.1623319368007867
-0.6760612552884886,1.3583597778983254
-0.26086006993426203,1.2326482664759362
-0.1023379275472858,0.05028599899389767
-0.27674332741671587,0.1489693845583063
-0.528071426138705,0.9150143807492822
0.6123381705794301,1.5802323540927583
-1.068861399739181,0.8862501522907509
0.9386463714891469,2.132882943497055
-0.8939180406695398,1.179860701992845
-0.7273484385966207,-0.6575911319850812
-0.9568635182970566,-0.5539237701526253
0.131641685931078,0.5731167060069389
-0.7994180235215725,0.35130868063643256
0.3366568458336589,-0.4761274171620912
-0.9215992973540849,0.7980286633549366
0.8396099993009201,-1.3798548758402136
-0.3421150502243908,-0.6737118044328191
0.5090465992334514,0.5136748075975287
0.9446840006661374,0.2700447037773776
-0.4427788785285497,0.3651671507730923
0.6387373235197101,0.39919181129364795
-0.20719417283889144,0.5191958128691195
2.8018026550093698,0.3827456046385351
1.9951613261520122,-0.562409455575163
-0.4342329947093847,0.7636429417862973
2.47050934223216,0.13227979091693146
-0.8526439750391185,1.1232464971313
-1.1011041607090528,0.5511021707130501
-0.2973686318805672,-0.47825628019128874
-1.4913167207522051,0.6819557007455695
-0.45539175073894517,-0.9466072287004552
-0.019350030556297936,1.543067455639677
-1.395122822638963,0.1560588902225004
-0.5901871253243282,1.0055585604948738
-1.0286609010680108,-0.5534649378968068
0.14623647992499939,1.4381289946049407
-1.1342988440451998,-1.4152417809000528
-0.15920014674664362,0.30505927328837806
-1.2277123651459783,-0.8481883928830052
0.26452427471880785,0.22842297130903533
0.6344111418461278,0.06145115740683185
-0.35537507229952664,1.0387763858213466
-0.8313656805779269,1.2979986504092975
-0.505993997269491,0.08512310176971498
0.9302848644012778,-0.15021685822125408
-1.184606615809327,1.0112681133707582
0.9769617092847882,-0.5770646392900657
-1.2854614643923519,0.74676175620284
-1.0094612392663562,0.40542340155483164
-1.0082136135911879,0.6141787494405015
0.22849724954667588,0.5817557859636512
-0.9911998173600545,0.08435700530552236
-0.07498036268076944,-1.0116685771910063
-0.010930198900639836,0.12112792547889856
0.40446070398607753,0.6276190587537914
-1.1344846533385649,-0.03389642256769126
0.5914458007431819,1.157775486788129
-1.3667540478559956,0.05991416276314671
-1.4022566664831446,0.28639566304600667
3.206233728837603,-0.12979367616073467
0.08845803939113003,0.8752897272187071
0.3762914209673977,-0.3063403377847623
-0.8857457815344796,0.29438330081737935
-0.11868513109386522,-0.7328410068814757
-1.2664939147345073,-1.5485248122994115
-0.881036200944996,0.2537703781976769
-0.3411408996978724,2.4636388171922214
0.13834939648405148,0.5676317893260313
-0.3828406290398201,0.10873031999987157
-0.9701058996301591,2.143733169288624
0.38082029929339395,-2.360617046043056
-0.9921283386354045,0.7984023698401107
-0.023574240336382467,2.1730628889839427
-0.30217046574354567,0.5886206554328686
0.30117953043918594,0.062499511867009104
3.256974956619593,-0.985708204122299
-1.555884048134371,0.15974126202605674
3.0309422078839496,1.0282209564411589
-0.9010837570900679,1.2984455766180976
0.2328117306747957,-0.2531242274345278
0.09745166109445638,0.4913235453753147
-0.8511411143527096,0.12251639559081377
-0.4540492662975313,-0.4217505584661446
-0.8614790726072156,0.6351013248466318
0.616478468755747,-0.1890844873149849
-0.12260657446978952,0.5059690573725123
-0.28033917683286025,0.7984701578113569
0.7487769439006214,1.4152132836881988
1.0755715345628099,-1.3037862597027183
-0.642188432709934,-1.5157436797140589
-1.2525280304679167,0.6216402217130899
-0.269931663044785,0.28984112215793945
0.08550217668048818,-0.7714863459613832
2.4296525744716226,-0.1020212229036317
-0.4001027511745358,-0.820826559879668
0.39662039855506476,-0.42041881918907165
0.17907813015562174,-0.1971030850768481
2.632501435859382,1.1801207555079885
-0.23824004441464128,-0.06358366301158724
-1.1537070926638533,-1.1742813282856839
-0.6501273511587093,-0.19331155653507615
-0.8781200773209372,-0.7586809647027593
-1.031404144486642,0.7222405653366457
-0.5902443011333506,0.6816612335503798
-1.6196911470284048,-0.8187867991585067
0.6673217982469288,-0.2451669433492723
-0.8098547988134351,-0.08613522730901994
-0.028337162699662792,0.41492363406187366
-0.5784482782769109,-1.4754925575325124
-0.06800626593448367,0.27063980931020926
-0.04643875772436001,0.5350613438596703
-0.7905051585658728,-1.154271659240626
-1.0738841945638975,1.196230932569297
2.7026008495782556,0.410983212870002
-0.6219348210367132,-1.6142301519266617
-0.37775286609974457,-0.7182804690788285
-0.45264577201186973,-1.0478514118846174
-0.5801610285266945,0.05390366839743371
-0.3659872090536818,1.1044953476396893
-1.2647010869161817,-0.4637447795686025
-1.016828423796823,0.09880545237482095
-0.7943984335849826,1.4032411385050885
0.23774227222601724,0.4631590052913802
0.10300256668368726,-1.2524593845684604
-0.8590476906454566,-1.079674141228443
-0.40462699205033625,0.37481556260416593
2.582591684641442,-1.4932308087862514
-0.14430847651314738,0.5867176227170003
0.14173275084407083,-0.895568194890655
0.05453049250869522,0.06774186673956267
-0.2861585747767489,-0.032943147926357226
-0.145701777019316,-1.6062423625791957
-0.48006392717493723,0.00830661793359084
2.8248353409486793,-0.34576695775663724
-0.021762673049242308,1.5936955002552673
0.624938039497988,1.048203398604763
0.8391962401544506,0.7017419277140032
-0.6808795013510253,-1.3771522216149743
-0.292974197419791,-0.8077424003786198
0.24395867177302089,0.055743495983820945
-0.9709325232159115,0.33711176742737353
-1.0346057276081158,-1.0415487965048678
3.1595224856687043,0.1546533442299368
-0.3264520801043987,0.43719520226582315
-1.0053083573458983,1.6366639651281107
-1.114961373922782,-1.119624321920161
-1.322903055248509,0.44063314454085784
0.0024577274477687386,-0.42442036124802013
-1.278399701790781,0.48182022729704665
0.5269584266936723,1.140954941279464
0.29453686778528004,0.762670892620972
-1.213237189367396,0.3406054400505429
0.7058570780612352,1.6628142727289945
-1.3035552671107125,0.025972130255988327
0.27731891816774895,-1.686791995275617
-0.8368233639825756,-0.46589458799414557
-0.4783758065585537,-1.0491107566159728
-1.0369741233799754,0.9775760937205941
-0.625069379913468,-1.2280261018919496
0.1294974615888913,-0.2894618673229028
-1.6620425636213174,-2.0500391172027106
2.87433037561757,-0.9071581812311285
-0.10777077729894038,1.1349127475331882
0.31517960897157066,-0.9454335317654654
2.345196844226713,-0.5646134297808597
-0.18486972081247036,0.4775004902275234
-0.574877108526152,-0.27339399122816677
-0.42965460306500897,-0.29371311908665904
-1.2449913746397427,-0.7670732689497968
-0.677180377295008,-0.3877342399603953
-0.0678378933635577,1.2246245401138802
0.0363958019449848,0.716661483535767
-0.6574152115036187,0.1184059999458362
0.1652762406411492,-0.8904568331188284
-1.0439091546389545,1.570370843173282
0.9313967434648511,1.1121464100588303
0.4249398640392466,1.8070146442893535
-1.240125122024796,-1.0263221280508237
-0.8003614502305115,1.2546466160332281
-0.9934389505004724,0.28529759780405367
-0.2372107241764748,-0.6489796232954465
-1.763024613126616,-0.10602413672103049
-0.7463037383456123,1.4856580184788812
0.44337151062624,1.7864575611969786
-1.0589002710569062,0.45162526899346445
-1.0969715250233787,-0.5451913502538499
-0.7645450680047386,-0.5658608272317598
-1.368692346485727,0.3114283309449277
0.45640858981417814,0.13845264854774336
-0.8428382156359321,1.5784402179918862
2.95595301064351,-0.12072996108601358
-0.9305947711671769,1.835470262845065
2.791603728038294,-0.308474151774055
-1.2220899276775266,-1.1327084814212092
0.6170504066936494,1.5023642786491376
-0.09055037617626743,0.2266216442827424
0.08043711148033825,-0.974695463489538
-0.431387519765868,0.11986549517631695
-0.37352933549874456,0.1442861982039945
-0.8339616808590947,-0.6277819377897851
-0.7069187918618312,-0.4751161938348564
-0.27026950691341795,1.0311878311971656
-0.43187554610000284,-0.4322618627243281
-0.03273618457864918,0.22342385184665056
0.5592570607261911,1.128817582125111
0.4169169542029952,0.7784088865316496
0.0886529437372072,-0.6758002991817547
-0.1901971341511129,0.8321420572430839
0.015988723134427098,-0.32812934591750836
0.7991899722300813,-0.19375728862552372
-0.431553836207434,1.8329041850490255
-0.619988106533354,-0.542926887549454
-1.2061286487558904,-0.10187676151920377
-0.7579705783543184,0.6129110389616338
2.3340115409921802,0.6268769520237334
2.941772309631346,0.08525576978107892
-0.021527480253191643,1.377174804612048
0.5758875378251317,2.189065887369859
0.001680067817005172,0.09053696959935083
-1.0413003050535576,0.639835439833778
3.312411533156754,-0.908818803714736
-0.7376982272122832,-1.1497228547104537
-1.090294384300376,0.10875450254353648
-0.038072193638598754,0.8027724897840409
-0.6318770062305793,0.4767461482342558
-0.7278910352470275,-0.19125048147712484
-1.5909597745075188,-0.019474721587562038
0.3015500002671498,1.3287454540258683
-1.3393484022331688,-0.5083984184091628
0.7369513757370919,-1.9059211800241043
-0.085933548191684,1.157310331813765
0.9712905118809416,0.7063755548626328
-0.9945695690328601,0.6870817509834538
-0.7298148980228524,2.4073456740389423
0.6506479020137882,2.21033151242286
-0.9298490583166596,-2.1796418198274803
-1.403790850382509,-0.049284218935044796
0.030016086824947698,-1.8452963937542834
-0.31652480034412156,-1.4644885270328876
-0.4092658441755692,1.2584710618066215
-1.0000230845669953,0.6009284850020445
0.5087475370488227,-1.4020906586056665
0.28468693586490895,1.827383179777435
0.4619071110321909,1.9122571323851445
-0.027419169039093853,-0.6326557147773574
-1.4028799698491925,-1.7484983326567167
-0.3253137990813681,-0.6376122713544202
0.8472527948931055,-0.12309230684998462
2.891081144531126,0.6134328598046965
-1.2352082629444965,-0.6612801296593693
0.8507487285451121,0.9266942533422627
-1.1225675852845252,0.26513327514032514
-0.5500288970285914,-0.9473464274993849
0.3831406885128433,-1.3849810776541913
0.183792348195301,-1.0963505934710098
0.4170377953810012,-0.08590646300055779
0.4482694262181309,0.49514814272480134
0.08940024313740222,0.5124855970185729
0.520571802465977,1.2478611374300885
2.64971855231022,0.4220264175315362
-0.8181057085347767,0.9651309483321455
3.005120599242855,0.560663524087169
-0.6367671295161332,0.9271282309617853
-0.48797946870470243,-1.1920432661213705
0.8156378449237831,0.8859231368043837
-0.22507863535726802,0.5943981478560924
-0.6551274482435001,-0.9135506828633848
-0.6490331926208779,-1.1278335103152843
-1.1464010422135202,-1.8254882209027967
-0.665489406984307,-0.04192851467725964
-0.21900202047667913,-0.6050534287828909
-0.5639100365247213,1.229367172424632
0.6198853540223851,0.5250528477345147
-1.1760627881195218,-1.2572795162924164
-0.583133908412079,-0.41429638566610355
-0.057568941279230366,-0.6165743680676222
-1.2549447110156806,-1.1733757213971585
0.3030528609535586,0.3280153524853819
-0.8459404323566585,-0.5599783919716411
0.11804585194475456,0.8259516841727761
-0.3604973133086988,0.5116699413486979
-0.7073800824012206,-0.211819470616518
0.8655901320772441,-1.7844087976142846
0.27485499003036756,-0.7678927075254186
0.1287656967693842,-1.7799819468355125
-1.2842196490980604,0.9750650068826168
-1.514124611694551,0.692509567889075
1.717609276384619,-1.54191973209529
-0.9340179443974876,-0.5722736418919839
-0.7385539880659372,-1.7936348347206672
-0.7864498707201047,-1.4135937380652783
2.2722597478706588,0.007374223722458948
-1.1115091432082778,-1.0863063119073577
0.9028246484621796,1.4365637313596569
-0.13854831050764085,-1.5727898191661593
-0.20166461221122559,-0.9028050309682664
-0.6709903797074618,1.5420209926323734
-0.5018762725972141,1.4548085324187336
-0.006038223505320177,-0.9827295748953669
-0.37339864588504174,1.1060669336035185
0.2165697836935489,-0.21871191135281284
-1.4244148520999853,-0.0053272160080921034
-0.4905480298401257,1.0730614679753756
2.876458311996084,-1.7381861775888365
-1.09675001469825,-1.1129532802315232
-1.1068509280469396,-1.4703644642656613
-1.049918399931028,0.27465890804209075
0.4462732781801005,-0.3613592961645347
-0.8476992814372927,-0.3456035940048306
-0.35622447340891333,-0.9493415823062576
0.43858896559546684,-0.1354710099616329
-0.8167314313007251,0.29002304389150085
-0.49376514754228734,-0.38849371055385556
-1.6296769053440794,0.08781693551916193
-0.8519487944500534,-0.027753589406805335
-0.8185105766481285,-0.44351575450485403
0.38965669960786614,-1.2012892060818396
2.755956817110228,-0.18329814835196434
0.5355153077073006,-0.6634098415991811
-0.6951511528903086,0.5262801899331206
1.3131478806559966,0.3974804117532993
-0.45403571364230316,0.09739469117211434
-0.16636270831103064,0.4413513979434421
0.9816876278699298,-0.3036914803992324
0.009945832939950112,0.2295987112729921
-0.22476677390039576,1.0334681106977144
-0.050798114720663694,-0.4856138759019475
-0.35755971490738103,-0.9904675029619322
0.33855868446883436,-1.2603793859446804
-0.9126167526289303,1.4051865825301855
0.9231060946569267,-0.49581483038053087
-0.5291774150376929,0.8448196825482999
-1.0846724961953151,1.148892499328617
-0.0763688717491337,0.6368561782384682
-0.4840710044487011,0.593366676467033
0.1538504835930793,-0.7875559382001934
0.28264523277961034,0.6078826083553911
-0.38124476169693156,0.0775769584547625
-0.9526334183523867,0.008249366582210989
1.0003448228368714,0.9536334942565581
-0.08247933555172021,0.36924890887602696
-1.1640626916603927,-1.6468651482169494
-1.4549545870198843,-1.5871851429975634
-1.2775796419688905,0.31214877895257215
-0.8574315770677842,1.2167065817666272
0.19389511365375628,-1.3924148270836088
-0.5885048150888217,-0.03231091126058297
-0.17135821797761122,0.2420981740176877
-0.5751804242937029,0.44244946318539513
-0.8310831604085506,-0.42072080322115946
0.6337982362791672,-1.4720048386874443
-0.7174165769979416,0.23839742187247448
-0.24193390745317214,0.2521085378630108
-0.16025670211096033,0.02006874959952428
-0.9579786022487565,-0.45437380028550745
-0.7959865086215345,0.5934671643055497
-0.9355365937161642,-1.2101877071853178
0.17948237470168293,-0.9522011505434853
-0.5502860341815833,2.295234927750521
-0.11763775056596874,-1.4898222879977303
0.06552594839504297,-1.5880471444585074
-0.015861419630945887,0.8974067933800793
3.515687207014806,-1.2440907820728033
-0.8430683514340904,-0.22042774215883332
-0.012304006555009343,-1.74013872827695
0.06443111067812693,0.8390369099487897
0.06010034158633457,-0.01968964634058074
-0.6728150801021335,0.4454890617033107
1.9543784917438525,-1.3155811309601755
-0.04225681831970878,-0.6081239872912968
-0.7831891298641489,-0.14728648222981183
-1.3001913258187838,-0.5572047126278361
1.007433870596578,0.1794579611464639
-1.4123121045682743,-0.9197388613286321
2.446986024465965,-1.033700339941637
0.5174546803116614,-0.7012649016712313
3.1065529921250654,-0.823428093898013
0.2550835145266964,-1.309447447491273
0.36095466837447626,0.1571881328192947
0.049790971236339666,0.6548439463874843
-1.723601230302627,-0.07875360063078968
-0.975657009238984,0.5670172609092832
-1.6032789753664662,-0.5526898020832872
-1.3758471157437775,-0.39320688014465627
3.0590249738061113,-0.5195063904368605
-1.3501185137591625,-0.8952261877860436
-1.1947483669713803,0.6439456839026622
1.1205006815477578,0.98101950980356
0.14793226303202578,-0.29231170038546617
0.7117230499954649,-1.0038119325203607
-0.5445739489323871,-0.35791450914523276
-0.3630956352793145,1.7757393289928445
-0.13587113393115,0.3178508570471101
2.156021918048168,-0.9407210755007328
-0.44852489248345184,0.3395412687942129
-1.0657866721961844,0.21340392813546263
0.9070124780314159,1.4855469702877921
-1.3560782457328564,-1.1940174755318975
-1.882276710011246,-0.2075726501184337
-0.9343253482518438,-0.322453687027247
-0.9840341009395265,-0.03422786931973028
0.07711544056384309,0.1216712772009878
1.3872227086716906,0.07534336995302135
-0.7341170792101335,1.7105677812218187
-1.604127623092868,-0.5449670172110598
0.1354246473869628,-0.7865467579019253
-1.4821900079620196,-0.7183632486683191
-0.9174641359593686,-0.1676159951320772
-0.8203045031932353,1.1210203834109054
-0.3865612278730963,-0.39100156024451366
-0.8189074484355496,0.6274090452366148
0.05764092108345501,0.20847907093896284
2.9874738552295717,0.5499940259108091
0.43118224599801086,0.2191824631009458
0.5142052204534714,0.3618025797977765
-0.3085715758571334,-0.27193464757377933
-0.9512436065376471,-0.9690927211707157
3.587020094358244,0.3806603470369189
-0.09822416114612012,0.786043914790287
-0.13276057554069604,0.29068404594270525
0.7927402319967927,-0.22329650132148163
-0.14706675518106155,2.2196197121164647
0.7134822329113871,1.9344080925321399
0.4673249255345627,1.1848269700118659
-0.9845156377136998,-2.098465230641571
0.9839753911300484,-1.3356481632084534
-0.4711152313717802,-0.8515943088925844
-0.24100353406805627,-1.1154122443183139
-0.6775934572623933,0.20130046296673276
-0.5205964537540552,-0.10686586638744391
0.16818861001369095,0.7836631474512218
0.3727832374065381,-1.2040894799387207
0.272179320219846,1.3331481222609753
-1.1062671597478808,1.225800953679652
-0.017752860467034108,2.183096761771116
0.0072276887344010846,-1.503049195070431
-0.06224075912778226,0.6279590228294362
-1.5806496507745396,1.3018324386842046
-0.0372711570888248,-2.234966848297274
-0.8546942238137385,-1.2511674915459277
-0.49333244490740896,-0.8137390972444409
0.40102009403332745,0.5552052431527748
-0.16692664992300235,1.2294741345577875
-0.5146170991128681,0.35571473759495253
0.3165430188268528,0.4143951223819355
-1.56727923535247,-0.39678861253360237
-0.18330429348385874,0.9378738828569038
-0.7317079254086182,-1.510362336442894
-1.4965683486287047,-0.13574881145005585
2.0933677900826515,1.2939037271748486
0.04980136903542685,1.1562819459959317
-0.4783835988648905,-0.20818342087132485
0.374448660282996,-1.2312869478814292
2.413290465491454,-0.6958556579167977
-0.12203463653188697,2.197417823336635
-0.5402983737241572,-0.6444647127508976
-0.19736112827756896,0.46515552952540473
0.7669238843731845,0.614256248853706
0.4728713735212772,-1.2478458776382684
-1.1536504662182216,0.47427408398209436
0.15343802719298472,1.9652235330305714
-0.49165977908800496,-0.35720581560851344
-0.22302345940044965,1.1213274960431858
2.09400305955425,-1.3554550063570416
0.7559380729029392,0.7756425066603919
2.3196721118251933,-1.6155248013042294
-0.8884085222570637,0.750824611938396
-0.28439248275316864,0.2364128036854683
-1.638348891358737,-0.7514536884910128
3.1922323475588428,0.20695669979519227
-0.32520984526241054,-0.4912556170738797
-0.6254395659381292,2.037943267145516
-1.598390704190678,-0.3495964671640801
1.0448572713473112,0.8250759089446466
0.11900686936374136,2.287402986140078
-0.13231747510673056,0.36687665886056736
-1.7374318375373046,-0.7661519968412122
0.4685081324577626,0.5859542413744055
3.114636282658466,-0.8328382473430175
2.127110676430488,-0.5461397128372276
0.9906175842042724,0.500555014234077
0.35060816443064874,-0.4851403551800713
-1.4029540330172634,-1.0617236557884628
-0.5885211530844799,-0.3462969927711189
0.10391768929141756,2.214469327758822
-0.8870864138661276,-0.8839487870636676
-0.4724133392764154,0.42414185117917186
2.0434964752049196,0.6085969112845877
-1.5743814162197083,-1.2985123990812466
3.0188953334148856,1.5953472610296453
-1.5092734741125953,-0.42125917791914896
-0.12543907029338322,-1.8744735028598987
-0.03056728057107696,-0.7655969143809042
-0.8265815672406903,-1.9657635072751525
-0.9095837460979764,-1.105507624755088
0.9596887197713029,0.52831503941844
-0.10781249831098316,-0.702935235596797
-1.2677628853712406,-1.4354980740786922
-0.34326247633211915,1.9504608254325382
2.4792020496410916,-1.5139764394829196
0.125801492389015,-1.2611725989476703
-0.16676955834984214,-0.14591587194301614
-0.6561313354332964,-0.18391330913709006
-1.7522676347081536,-1.395095687001888
-1.12334031773309,-1.067394034502438
-0.45043337466619726,-2.064216085502132
2.657248848394126,0.3775189149860408
2.9159148701427946,-1.0279810756237944
-0.4991439763410607,1.0023231149001175
3.1150249425918535,0.09391835867964121
-0.9630884635333817,-1.30142167810025
0.5095838050506778,-1.0898720101358004
-0.2731818762859597,-0.6429321493728842
-0.2806959641899018,-0.11653455001304813
-0.6754259858168902,-1.2909989556335648
0.07995312320102307,0.3188211663356554
-0.027586109047950606,-1.0833617932082855
-0.08949650608840953,-2.042469640254708
2.5538683084464875,0.18702861622127223
-1.0680739658766207,-1.2910139472518094
0.9752431486541275,0.9718794894339874
-0.2809324597323278,-0.5711965220463766
2.8635582821661165,-0.4726065176574681
-1.156849314031251,-0.11505395781012842
-0.7980976874566937,0.5817271721543144
0.7300312499117018,-1.5024190014336234
-0.6612158137015369,0.49290071466761665
-1.6941142167118188,-0.25674104792744973
-0.13872877899981131,2.325382194568588
-0.7942068139107404,0.0023478773786204596
-0.4902264739351653,-1.3618918107514002
0.043461318798072614,-2.234851368840513
0.42788655749327636,0.13513253191062313
-1.6504430932011265,1.3178713740847112
0.8534036769613593,1.311180277965894
-1.4778514465638903,-0.7005640281235967
-0.13897642572430913,-0.6265585300730194
-0.4873245023617107,-0.1892098297897975
-0.8306159296725901,-0.8714694445374093
-0.04286109841363966,0.22504990674282008
2.517079627803962,-1.7832899797855164
3.139541200385367,1.3534812015267512
0.6338672424493457,-0.14339085976175958
-0.43655468667520936,-0.8831756942791149
0.07585290945508563,0.10220850017752492
-0.19938005383923346,-0.5728484756302851
-0.7715905426426368,1.392687271361583
-1.5329345204158447,0.2877480445672386
-0.08028327620170594,-0.9611018462520236
-1.3270908848177454,0.39164990561272267
0.5913463545587262,0.3206882620369336
-0.9811223551342755,-0.5238526570533166
0.4267402801443148,-1.2696314970476015
0.11469285781530367,0.5859084413417642
0.280770679302571,0.8829005729336794
0.1591246793938107,-0.8321673173076183
-0.8154910485685027,0.0150476421985346
0.6455917278467563,-1.4831211114965108
-0.8115378624319264,-1.044106508553395
-0.2404583319248991,-0.23938755947317486
-0.32676023734173937,-1.3088255958692718
-0.6192439619893001,0.627651758621062
-0.7347988611315789,-1.3194062091019465
-0.691136283310208,-0.8997072043449694
2.083424851505801,1.3890392743359345
0.3863559541052392,0.7300495185217765
-0.9297117251553868,1.9701482386509779
-0.3881408870360206,0.12204189811493607
-1.2584111735644974,-0.23327688042113187
1.0076222853826935,0.14047793816719797
2.2654599138598845,0.8712191381040165
-0.24813081414837657,0.9912173787109174
-0.5668561305833748,0.1969707113030646
-1.12412775159565,1.109870065040122
1.9972138966160802,-1.3778454427411648
-0.6972955070481893,-0.16839436809291625
-1.170120567072167,-2.111560993037451
-0.6004276935237385,-0.3117927061744926
3.379888624418711,-0.05484971977826848
0.6422102756284884,-2.0530170331035746
-0.42351226668607644,-0.014353951525964076
0.06307186869335832,1.1569482282234225
-0.4721671993178868,-0.615598930178884
1.8214115718046584,-0.9534547343062703
0.19655785437634044,-1.848856138204625
-1.255251231671358,0.9043809711636056
-1.5804612359884238,1.2628524157049388
0.8159134559855015,1.836067756614602
0.4240729520035205,-1.3341760883291394
-0.9536704808649042,0.05495217443370433
-0.8693421555618623,-0.594433119362585
-0.8238589154006394,-0.9238461714023838
-1.1117261458989045,-1.209274952400339
-1.4941433264112132,-0.5063182894077395
-1.122849556090511,0.6591946434474981
-0.39143657554075517,0.03799196692461342
-1.1548953565849458,1.4399800561457152
0.6064302736135636,-0.9114882621109875
0.4136667409618205,-0.15436438499917424
-0.6733102195635207,-0.7582730610797752
-1.3085103585116256,0.9933842217836716
-1.1294351227191028,0.47154687827274555
-0.5613960457055699,-0.017269553263512857
2.4746609214062425,0.6923376868136628
-0.7147166228978166,2.310534664352098
3.1413832076867836,0.2825870586235862
1.721027108813735,-1.651002482760627
-1.0956739664821342,-0.49626942500232224
-0.006570292540945814,-0.182854940082768
0.8812844254101917,0.6629081926058955
-0.9817766979099763,0.6370586749187471
-1.2887156359046377,-0.8199390301806134
-1.0909000469243908,-0.9409707439721032
-1.3457200412435668,0.6209316797524638
-0.8925690666681646,0.19260736880596005
-1.3124149145285011,1.2215222822249114
3.689536327762907,-1.2276747514637099
-1.700220852058988,0.27748321286654326
-0.7692767969707575,-0.8196860833284865
-0.6580832367502417,0.9280760975834458
-1.0253879900869103,-0.650911572972838
0.49950326775246595,0.7123468750664363
0.0035169383368214915,-0.17668499038308433
0.2869558854523128,-1.0288289351992226
0.928059333948074,-0.8097515042614775
-0.16476608758515737,2.4060387893981647
0.06478714465218391,-0.24179913522663712
0.8744396654992477,1.0508183620046698
-1.3534010691563656,0.6966232006813721
0.32292505563633805,-0.21349697617124347
2.814234151357002,-1.103268081653131
-1.4058552512077334,-0.2385648837502336
-0.17239124243530918,2.1344449695950196
0.4166141877988349,0.16959425562192743
-0.6375540140153028,1.779734245181061
0.825403315876996,0.0065475269077273045
-0.04762196464755999,1.1339340724971305
-0.5444616534437022,-2.377143275932624
0.5850799721136609,2.2675576821556485
-0.5997948255252964,-0.9830179367363622
-0.32895499394537836,0.6927078269353267
-0.5638092375619048,1.3580165766753614
-0.6446925750933887,1.5569891309058177
0.5578741580191098,-0.5627044035626372
-0.8147782272374045,-0.15078369515248713
-0.38185097368433657,0.35250979726240683
0.15682466622483904,0.3518267835398916
0.10901585003058031,1.8888965382885694
0.15474788567506786,0.4824875520667964
-0.2529972707829175,-2.070032600511172
0.6725538034559354,0.40874825260981046
-0.15950030765805343,1.0386099777317512
-1.3124766777557333,0.376639052877863
-0.025495855626659535,-1.9065937849701404
-0.08634696199435729,-1.4062497882784182
-0.05530833336155363,-1.3072010619763474
-0.5863191535378945,-1.8640996659970812
2.751295317277055,0.35095676928033254
-0.14586030115454526,-0.7341310084511348
0.12748387682842172,1.1893607829237935
0.20492845651692132,0.2644989954455841
-0.7465669696827836,0.2155719653265695
-0.7384161055412739,1.0314971384345066
-0.991844385903959,-0.41703843141760316
3.2056593894265437,0.1568910608451633
0.025732849126074965,-0.8857228697077756
0.6133238676638024,1.190084316502664
3.5953586199028846,-0.8382352558342415
-1.0532186758539726,-0.33037692555078635
0.45537939939170574,0.5559445935277977
-0.3916054974750717,0.4086653214442265
0.5501925807429204,0.8376452026895552
0.08926626885186448,-0.299098373106958
0.9655568776505863,0.36080823954165964
0.20395821422952853,-0.8593036231498127
-1.3126872409183845,0.12118089714069984
-1.0266265207093668,-1.0294115889266082
-1.466973422947828,0.4665479103864543
3.0777080213691197,-0.274694072358114
-0.935694234652715,1.48986038463877
-0.38922595052114023,0.886819183827044
1.7876128123941748,1.23387404643786
-0.3831648702212393,-0.01039820949965687
1.01582847322346,1.9337758558663656
1.1163543689709698,-0.5506145843177059
-0.31394521784232043,-1.0644104932175495
0.5442197156616949,-1.137045404714037
-0.8739022272851202,-0.04447040992963408
-0.06390693538722472,-1.3406842622276873
-1.4539493970837132,-1.6456398490473105
-0.11977162714105394,-0.4713423735421106
-0.5784131266085382,0.6627489561454599
-0.4190566183614583,1.8257012429570374
-1.3791849948402368,0.22126976373152885
0.25869961017762444,0.3685858637958557
0.685779297429989,-1.2782366830186909
-0.5785365732792949,0.18469897032457175
0.04335032605576309,0.4555600656234262
-0.7511316288242516,0.2445487723569661
-1.1737118290701014,-0.941074317381846
3.5192552219094235,-0.05969946579826903
0.04692292836859117,2.160937284300515
-0.13884258125446539,0.35292945535631587
-0.9176084282602852,-0.2689214919928464
-1.529704553409454,-1.107012768442117
2.503776785990002,0.7406663979852325
-0.3874260837794624,-0.8651688721866269
-1.2858177023860027,-1.4929010369448492
-0.4722975550963016,1.575215157440903
0.14956581333213742,-0.33126106652642834
2.5612510275576423,0.19141238208900083
0.2530712325126019,0.8405578704319713
0.32588879043702507,1.8040682341374075
0.24701916748170466,0.35631412281736297
-0.333044759860243,-0.40208732779137
-1.0211234918568521,0.05366232444013845
-1.4093484495512956,-0.11389012389319009
-0.7672474736100058,0.719755921435651
1.0002985941903269,-0.19348391840277276
-0.6654998047833942,-0.543366514285707
-0.03874357776095685,-1.7257635009312773
0.4872282394107033,-1.3407742134463376
0.21831638286533,-0.2810492912813346
-0.45635206480693297,0.9674027105090884
0.5225957850255337,0.2704764867918399
-0.18165398564039226,0.05615652820699796
0.3458479773758129,-1.0688182900528498
-0.4483741606545593,0.30835725041080025
1.114360197278591,0.048184924596128755
-0.0025014020079638863,-1.3026522574461754
2.278117507950855,-0.6615705757627689
0.21869321243756135,-0.35900933723986644
0.3978129045505708,2.131462622428484
-0.6679475247408114,0.8574228702788317
0.11223541923788397,-0.0073022743292335155
0.4124140582887597,1.6522689229090948
0.19507907395994079,0.004553197278762967
-0.38176596335378776,-1.1574849653206838
-0.1713699185230736,-0.9305224932673075
-1.2305478618381045,1.4537811233549018
-1.1942696397095516,-1.9546811284517085
0.07759505102435041,-0.6490187974573557
-0.7232569003556986,-1.42798786777833
-0.4521369500795604,0.507151945232923
-1.5498555140100925,-1.533352309625521
-0.0869296430751435,1.0460203697954118
1.5920454516070575,0.9842204996627183
-1.5873444322395753,-0.33728216330026545
0.23399678970776144,-1.5054723737187248
1.896917383283744,0.9095722045937945
0.21577250139529225,0.1324561032580155
1.1712515537458503,-1.3692977715493888
-0.2995941623337713,-1.1377909262315122
-1.3704525483447219,1.2342409494122042
-1.0325491190892282,-0.011340795945031203
0.28022998479391553,-0.6838546823821143
0.05249017195348014,0.7311404358672758
-0.001324684644725509,-0.3894149826624401
-1.4984469401605638,-1.706374834597606
-0.5321229597329559,-1.512234863896552
2.4179084664067187,1.073919712594577
-0.7426760961368303,-0.3638073294491245
2.383940581042325,0.31142300953520435
-0.2512926581832673,1.88665543294993
-1.6358978125255847,1.1859630152973757
0.01640411886256008,1.4140513412241338
2.689637833558389,1.3722134486509832
0.07098219923762253,-0.3274325584278072
-0.5144613102860832,-1.6908579365823988
-1.1925104567936295,0.9835388966007921
-0.015465097206915378,1.1511400789618949
-1.0656196023716338,0.49620599126258585
0.6825045343391227,-0.5273146302959231
2.9531000030250443,1.0281667906610052
0.39007339808237446,1.2120741487363502
0.7089272181860217,0.46898214617115214
0.8184169191898718,0.25589704662181423
-0.34749968940404125,0.736652923815261
-0.22786174767817616,-0.6212197496871767
0.8026993787536076,0.16345804833177346
0.23921524226153973,-1.370702427397901
0.2925601328153405,-0.9738596876012259
0.13632403139441124,-0.3378827005854767
0.46366150251030874,1.0089924167119748
0.42901519410020433,0.554727811681764
-0.9108903996919329,-0.9846848819385153
0.3572255238518786,-1.4974571646802743
-1.3728601338397741,-0.7305196617661441
-0.6964286692163635,-0.515606489101344
0.33904726016635983,-2.0329101133673193
-0.37703162889501857,0.4387056261291382
-0.9659506960202531,0.18512375701867373
0.009234913750602987,-1.637665857199736
-0.9527310124270765,-1.4823132758157205
0.35626335767412504,1.0700281921760058
-0.5895381733818077,-1.2925589387025624
-0.09901823855625011,-0.22470130874608688
-0.7383056621623549,-0.33425621070614836
-0.026180638416637418,-0.2541556988235874
3.1584028142987943,-0.26678258830549967
-0.8666416520983469,0.15304603779375425
-1.3771415194288807,-0.42442155536637266
-0.43416747723063503,-1.0780451523371406
-1.4197865275895334,-1.2225166995151904
-1.2754140226331532,-0.526675222000989
3.313465687047914,1.3543052229441384
0.3878406246862242,0.06880875311749059
-1.5313485015086528,-1.569501401909602
-0.0455701475664767,-1.6773426676687033
0.7175107849624097,0.8596619325885042
-1.1068006613455754,1.522396936119508
0.12902817472357087,-2.505736646683032
0.05839976704150388,-2.1307336920758444
-0.2114300831644384,-0.02342942107161001
-0.42984246848773394,-1.5793911814306771
1.3438330066035937,-0.5686723350430283
-1.5807159216362734,1.1476797798078109
-0.8363288480884792,-1.425877233514696
0.5133020024107975,1.3879933730786054
-0.35805683629422785,-1.3728501927944772
0.7093649778187923,-1.971651896313372
-1.2662221377080145,0.8764746581080843
-0.5708152569165224,1.4435767801529058
-0.3444964993200736,0.8812302390081137
0.46768875181495634,-0.7369364109082088
0.09182648831756043,-0.39861768613577236
0.05695997232870268,0.38606230648823825
-1.069758048438185,1.6120474150235928
-0.13447092431732324,-0.15805323109736913
-0.47430232860736155,-1.647922171576826
3.6074426279657814,-0.08849947969529708
-0.1890198674244839,0.4207212467035348
-0.5436714100687978,0.1084567982010273
0.30918670167515533,-1.9271593853861209
-0.6499662215307296,0.27694242468995867
-1.4634756371860556,0.8628590529319652
0.28321772008090346,0.9746732889962295
-0.02905852972008257,-0.5741584458422884
-0.4033013949679711,1.910344236651225
-0.0750928621890482,-2.312938648726731
-0.46045092577450963,0.04235222385049192
-0.5280182883845023,-0.606732280032062
0.37305686654279663,0.5674345728220388
-0.8058763094441824,-0.833143949314709
-1.7001363910918297,0.09214653560673673
-0.3075181753489576,-0.004651373914736673
-0.5677067546554284,-1.2506134516278786
-0.6237527480681209,0.3093432249194048
-0.2890319584456922,-1.043676465415713
0.5716566844974772,-0.3689480023648089
-1.4226156645373922,-0.26475317139467414
0.44699519456391085,-0.6969353015836566
2.7629276792166646,-0.130413484753769
-1.0921021973359992,-1.9984494321982744
-0.5549386429816384,-0.6607536610083982
-0.9406729867759406,0.44783917220407227
1.1460064704608688,0.37557946446329826
-1.444964117050114,0.13597939017722938
-0.8107833200887851,0.6279101372255685
-1.3876686458524872,-1.8686973561311206
0.47426905184625373,0.4222875524910778
0.2037892922952121,-0.4886302686301996
-0.21595192256708257,-0.8059208015577963
0.6711341009903095,0.5529590092139425
-0.4276546209917533,-0.9120605307946003
-0.2309091102793283,0.7541089431370196
-0.2964835297394172,2.323445116291004
-0.3071082502377134,-0.6113933268716759
0.05826148914105842,1.0689117465923956
-0.31961641524616685,0.21902970093514892
0.05555251977192969,0.3782356450540812
0.8576031328721583,-0.9556186694478961
-0.41578821501485963,2.4189851783516607
0.8004634505013164,-0.9975145973168976
-0.9799014652538525,-1.1305213902866305
0.41407544311039785,-0.22057253275945238
-0.3659249762467671,-0.586995981209755
-0.7583532183074266,0.7104189877142725
-0.7608029943942037,-0.5558150483975685
-0.11235042165770574,0.14146565255258273
-0.6305975079790648,0.6972533943181795
1.188435025294285,-0.2739521172041493
-0.7184906933205834,0.17995462186974584
-0.38986150379604095,-0.9960373938373906
0.5900643305981695,-0.030467846526876365
-0.5746918485961775,-0.330081264237244
0.4103164821408141,0.7800536922191047
2.5153519721205893,-0.06460118299336322
-0.45149688917015773,1.699277952426703
-1.1631347197484334,-1.0362524274282539
0.23720944980740694,-0.7328071128958524
-1.7472498968813297,0.31031218851350434
0.45453984671801556,0.39392271033192483
1.9628666503906045,0.08365541843181953
-0.6957119396461394,1.3321101765772774
-1.6284423329927342,-0.1676105633796976
0.48594819179579835,-0.23662337420697707
-1.0114228592033045,-0.47658729196016886
0.1200120592999129,2.228948280090331
0.28821390892656856,-0.31863558770510514
0.387639076792577,-1.5681105435609817
-0.7984694600310327,-1.3557014376810927
-1.2398242077304014,0.2359679205056351
-0.6480721752018909,0.33361779165201766
0.19393805762846578,-0.09510064915028431
1.0537060513863301,1.6644623155637688
0.0955938651607717,-0.07642647855534046
-0.6479940739790004,1.4924871025096018
0.7221358248010267,-0.20733078564460086
-1.3220435401433377,-1.6020261989194151
-0.5026924983838794,0.14962513016593063
-1.332317079645875,-0.2818131931404668
1.0023316718025954,-1.340613237109122
0.13918511512251597,2.2045085231191814
0.47069337446099296,-0.08908044334261328
-0.6957223374452265,0.83067217696883
0.12889057600220993,-0.7986533086418812
1.093940398979498,1.6918060713776355
0.27734244907436784,0.4905453239905689
-0.5286080825925408,1.193903113159327
-1.7838507121011298,-0.37432834514926616
-0.2745562333037197,-1.179540717805449
-0.368318675251303,1.1199834802694664
0.772195554464874,0.4389960072663944
-0.053241327043578916,0.2244449381919368
-0.5690317281705027,-0.622397357371301
0.07056633392980724,0.46676131262704357
-0.9685322604475142,0.6064251561538773
1.9620063819024485,0.13047400889226066
0.3791343646220641,1.1959197338790826
1.162794922331648,1.88837450090327
-0.22808654267513967,0.09673894556448996
-1.0827005526631799,-0.9560616611748557
-0.6009280995824203,-0.543978630733044
-0.0032043749033657185,0.6892751648365782
-0.4876727440294309,0.05069887964098129
3.1598674426645896,0.06494140007315137
0.31281504723493664,-0.4011634921372811
0.5115210049536282,1.3079299923289869
-0.305546781180213,-0.7849474490949251
0.24876050563599933,-1.0111334396403362
-0.1379803308408496,-0.5152685680546663
-0.1821056317636792,-1.1749495019660479
0.03027165567147625,0.09781297983887141
-0.018864190167216792,-0.40392459183225266
-1.0140544863123353,0.2724515451129811
0.10591506587192293,0.25375658069778506
-0.6504542478648645,-0.2751849332106865
1.2317675515533597,0.046166260847406174
0.6384305988444384,-0.8435503344687039
-1.0592934386247956,0.2155992334414606
-1.672145878443163,-0.42931679826682806
-0.689783401069707,0.1265874654977888
-0.6530831396654511,1.6483152239117544
0.6716221273244444,1.1050863671145874
-0.15131655199712477,-1.994745594481835
-0.9083270253700959,-1.0664969449375183
-0.7007146422236804,-0.7304942851041265
2.332624260466291,-0.5418184784971651
-0.544126810443602,1.5639220914984677
0.4493395842696613,-0.08033657212509951
0.40835288027840616,0.7194224316546453
-0.6660039650935933,1.911018884626228
-0.9891224874468928,-1.3709618485446666
0.3287300975100282,-0.5174491848946062
0.008966625415539282,-0.8923632545581093
0.9333186243152165,-0.6650703125066955
2.8802271214013646,-0.9127163176356617
-0.27047425969519173,0.756181772665896
-1.1295086365237834,-0.1663365301822842
0.7732001950376548,1.7051993865399313
-0.6723563950554944,-1.1601729968681231
1.3157112549778336,0.3156683487542965
1.0288583094684518,-0.19795980636150579
-0.630645588735375,0.20361139930558497
0.9146355767522079,-0.909882630585442
-0.14432085623769433,0.9066590560590939
0.727760244194938,-1.3132303071333458
0.4257967736516675,-1.578010034524015
2.551958677504975,1.8122079207485091
0.5959388482217207,-1.5421806345210478
-0.9200438482768638,-0.39979001364361016
0.22854327417362635,-1.5916256397001343
0.08163605700382023,1.4446964628838352
-0.16131461025363797,0.4435160464111362
-1.4043432954686124,-1.40903965335882
-0.14148262423712377,-0.22084914012952267
-0.47607360744452826,0.2660145479090921
0.7178635342646318,-0.07097734731292946
0.31464699057255446,1.1790991883704178
-1.152345868753625,-2.3135720795108576
-0.6798490081821776,-1.1234614989184808
-0.5737653092462872,-0.22274719582129124
-0.38234220490659804,1.162295677508964
1.1158748883261562,0.05217147503683283
0.15900198610603877,0.6856234498713256
-1.4555789093290052,0.23895350481949024
3.2661701262165663,0.2672449107127809
0.23169083634221888,-0.13402635477330327
-1.2190085065549745,0.002834129325423107
-1.4765499297515348,-0.017714588019439478
-0.041827320572956954,0.3285438641653199
2.1673490620784754,1.3268480307024775
-0.9003041155338446,-0.037891187179814476
-1.0471244202313503,-0.5446597530026857
-0.8914457708624312,-1.9046240068252853
2.4397956283800513,0.9364838742410122
0.24670266857463663,0.7758787457502003
0.13848008609775425,1.5294125247255552
0.23048279576602504,-2.3836736130785763
0.3401110584736227,-1.2641888400998293
-0.34288449800112103,-2.1564358793495755
1.2195464941324927,-0.3211442625736714
0.8372149975500094,-0.3440580820375399
-1.5906406701077005,0.9033259908326962
0.16199861242614477,-1.1460920851415468
-0.13590368010677234,-0.4780253212777665
0.3143746641826712,0.07875780328620617
3.0663694605966523,0.8173314653500052
0.5455068764038523,-1.5895614790709567
-0.7723989761229654,-0.7534234666358678
0.6977411615685042,-0.33536822502408653
0.10087913793967487,-1.1121619586814067
-1.6987152560641348,0.4512144313753477
0.5206204325856778,0.416845047119399
-0.5115630929641458,2.16839536784969
-1.3337386842532524,1.8954934692874152
0.44215492436072473,-1.6181031143634783
0.2933002393045749,-1.6489250291565485
0.05369737936298106,-0.226769531700492
-0.32029285636641736,-0.29411763398623025
-0.3845001117197068,-0.051524130155331464
1.005298611491409,-0.684961264947673
0.14055214941362137,1.045669869099901
0.23359991792034052,-0.43454757397725596
2.416188399010089,-1.3688176646810337
-0.9381675416461107,-1.9537109707392566
0.49401008733564794,1.4553690466314213
-0.13570541688496005,1.3090907406746992
0.8655655822275523,-0.1007134733606931
0.6311720797870249,1.6259566384842874
-0.9740080041418927,-0.9858827614171702
0.255290119418236,-1.6879168066067394
0.9252180268750707,1.5117659147705362
-0.8141290712752899,0.8715976439731927
-0.984969735342129,0.028182730332417274
-1.3722870971750902,-1.68838706644859
-0.7260476751672496,-1.9705824448807558
-0.3947835496899267,0.8222132788688988
0.6557874999616913,-0.809608605113732
-0.4041897817809561,-0.741160394557074
-1.1580306688446853,-0.16965664681940443
-0.6963239620144214,1.6265909181790286
-0.7782949685237753,1.2479754227684974
0.19891866186145735,0.29344514563767693
-0.8609178663036882,-1.3274827318170044
-0.46801562014380416,-0.05554103428215271
0.4321042777133995,1.0172471019875533
-0.11065325602059574,0.2939240981119326
-0.13159959677773972,-1.814343334284393
0.9788480931229839,0.15263404811283643
-0.8067391092211889,1.3597121594195574
0.21735797093909365,-0.400135257895541
1.1001378550380931,-0.37196085479355506
0.10699233705070568,0.32990663073032506
0.38267619308532724,0.24022888371134937
0.16818532534185598,0.9338599127252153
-1.0114547317796505,-0.48833919015842236
2.459958968705237,1.0428819820823225
-0.32352042189965186,-0.8774903239468954
-0.1633361413080528,-1.9368532940976495
-0.802909369755369,-0.17749197715326026
-0.0821856642002719,1.1478082078538496
-0.5447551708075422,1.544416751589683
-1.2246797039588209,1.2862743234781215
0.7516286487727117,-0.4048661357353679
0.13276771704525564,-0.34965334957501576
-1.028740854400667,-1.058858831107655
-0.6631586199657704,1.4351454533200523
-0.9375546360791499,-0.4202549746449805
-1.262400943931516,-1.8156428957199173
2.9502888521630157,-1.6740578556777952
0.32369375003008355,-0.7266136542543189
-1.906849390230797,0.2048079330897941
-1.1837529110850324,-1.011843327295408
-0.5052726302490712,1.074205181673877
-0.8210135702728166,-1.3997196027085594
-0.22112469583770686,1.5310847501039946
0.12686002409898328,0.4791248725443544
0.4252549303842454,0.8841713689837734
0.31495351122823195,-0.8986575041903463
-0.4198949424926731,-1.1535408261892084
-0.8381844580771101,0.5054921479272236
-1.7599726631072536,-0.9603669271426724
-0.1796507188953015,-0.7123876487749369
-0.05656156539800505,1.8240903312552057
-1.0634339408207067,-1.3355827634739124
0.12116264026378207,-0.37751709974521497
0.06637131144960992,-1.4455731640567415
2.4646879623628113,0.1222459181297584
1.7208581868794184,-1.2803291282410139
0.5490190182358231,-0.05788482206436885
-0.15009676084348286,0.04790184293141963
-1.3989356747457338,0.6825910229825698
-0.9092750394972452,-0.6841449119432771
-0.3802922399352805,-0.9955056450101331
-0.26583027636816625,1.3455404712964223
-0.9011767637465474,0.32886883662272026
-0.16947313688579055,0.30061419374404214
3.215044825919399,0.7173887350542412
0.4444007010487126,1.3689656162169244
0.14332280780608248,-0.9071736536416573
0.013770435624169276,-0.5039332423790956
-1.2522025663238308,0.20023494601595698
-1.5115983709665464,-0.7061645758373588
0.11299043116070731,-0.8716601867467629
0.25219597880714856,-0.1350474411185896
0.39653463484153134,-0.9062648096058126
0.47129041161197766,-1.4059850869553663
2.5594889735888815,1.7677004182030136
-0.6695628849354991,0.5568829002835934
-0.491159502845017,0.04288412425384278
-0.14941778843438208,-1.5849883404210265
0.6380037065904373,-0.43785285057222534
-0.38963225119656114,-1.0251061713826985
-0.4219431351379332,-0.8609313941900564
2.630060205461926,1.0688001366513316
-0.4041825888699955,1.1221908431985759
-0.9938235723790404,1.2041849795072335
-1.0835717683138137,-0.08602298499957821
2.941487133937234,1.841230376235454
-0.7921379554829999,0.8805184599001683
-1.1924545837309823,0.6362535558687384
-0.4935753001941025,0.07580491883962151
-0.8883468388135396,0.38399136841223547
0.10047906126412723,1.320676079207264
2.174945629024116,1.4364931870333757
-0.022320254916946496,1.0376122487522217
-0.7063652480489465,-1.7646769300576495
-1.513038245463056,0.5989149498535149
-1.5617580163945315,0.3467959646969438
-0.05310044365038304,-1.6328351651232076
-0.7670388867930066,-0.4800928706303565
2.6530896067294005,0.4904843395301526
-0.09089225809972004,-0.8776756344038694
-0.19972631358149387,-1.1543191991500474
-0.6366267954863278,0.394506212969925
0.677168445495465,-1.159682465231742
-1.2662747260988265,1.0735632335661445
-0.43124861829813177,-0.9160351751882861
-0.23542917735591504,-1.8935743278691122
0.10877716854310052,-1.0648848391173338
-0.8424185162928913,-0.6906085036602423
-0.8083739622676758,0.7274788578839719
0.5013616130495412,-0.04456118632619264
0.1369029582236802,-0.10358153518882027
-0.9216883457394534,0.46237943821218863
-0.743590934941258,0.7014792694199181
-0.28313260716914723,0.29313073353284924
-0.023530821202182604,-1.3426838720329382
0.2747128038907964,0.4182047281131779
-0.12913483547366536,0.4743146038384496
-0.642121408465215,0.6342497321621671
0.535125424811246,-1.049632642425179
-0.1519337611789931,0.4830278182176596
0.2334705310530129,-0.7251456417002324
0.10128859347123678,0.817470646558147
0.8460169995790932,0.6728689972455362
0.004809989243564246,0.5629675053390981
0.21317144411623218,0.22206417085287153
-0.6290660593881446,-0.14152804375005992
-1.301160814723192,0.31483342177659873
-0.9584211533193314,-1.8552244985266537
-0.507863289729044,1.6652512488771805
0.7877636658186207,1.2338016916163954
0.7065008932221551,0.16836895645228825
-0.2235218835336717,0.06776213853409346
-0.14259374991771243,0.512628344590225
-1.3138236698316492,0.5425129531142069
2.703633874035954,-1.48136358270733
-0.9391148023902753,0.42448181525481643
-1.1572151964410047,-0.8603139975664333
-0.5047099913834746,-0.38510022261701626
-0.15162505457826195,0.9043905310294703
0.1250027775286892,-1.4132832367095851
-0.7710792692051855,-0.4100633626679111
2.499732025759015,1.3335224611145275
0.9780826834010734,0.5155539609219185
0.1693510213387165,-0.8180855804031337
-0.10216189248571705,0.33124740935672536
2.275042780407859,0.011275648392519178
-0.34723270381535265,-0.6798323465029136
0.5720147746008939,1.2172393731361437
-0.4534508466164631,0.14424393847085912
-0.7573480283712553,0.6519642816645255
0.2193443503251356,-0.15800743106472767
-1.072768561248807,-0.227977122621105
1.0262508924451241,1.2358542493507412
0.2597424830710192,0.30233515315025555
1.008622887900655,-0.43896267028510333
2.7559380776414137,1.4808492731075202
-0.8153383348141505,-0.8375158091354191
1.1717246746463965,-0.6278778427865366
0.41678571522590185,1.1412862364554097
0.7905713279892204,0.7657242649060731
-0.41975979527645424,0.4971298269166746
-0.17936218432545398,0.8698438331236156
-1.0002882978296261,0.15222186480027378
0.001012042570382128,0.9002070672369604
-0.530610799974241,0.6377892048179777
-0.5452004571865615,-1.030895266700754
-0.11272354701040548,-1.0875251367823582
-0.653930558849378,-1.1611821771663913
0.7113839033804568,-0.933647891157682
-0.7233899914425578,-0.41163510020783367
-0.24939212229446708,0.43122079649079326
0.030083660433057192,-1.0199610672013422
-1.7377196187241675,-0.3525427257399328
0.07822142946283098,0.19186597540196998
-0.17456624062706094,-1.3892016725796439
0.7430132892036858,0.4044186525222356
-0.019587958660793013,0.5851268312336058
0.1258612736907877,0.4050900633499192
-1.143087712966752,-0.7562695405253904
-1.4294109111299564,1.1200776453894377
-0.76324936157326,0.13653651566650438
-0.1571136475768697,2.1683986049970096
0.3017533204868544,1.1004728601843952
-0.436730851552472,-0.9962330893381378
-0.5313509064634753,1.3128545463733003
1.7225197757206507,0.16732825441355506
-0.6686098138104575,-1.8408577885045865
-1.386021962444844,-0.23174740261434462
0.3753583122738375,-0.11328087565272824
-0.218577659511528,1.1352866055944557
2.82888426905018,0.7391169515361012
0.18196073869297102,0.47598154904060264
0.3326555789407721,0.08938473857724405
-0.1260054634104968,2.271403224901481
-0.5200844269336193,0.08622425258289387
-1.1255514123323873,0.6201533067916247
-0.061080879091607,1.1722478132489058
0.5875255061260242,-1.632351107781465
0.9725705594958467,-0.3977752843767281
0.8612283235757983,0.5526699737711323
2.7693162853698197,-1.0586991138549349
0.3071647752449584,1.7172486859285077
0.566134916176148,0.21212550572792896
-0.045891104076060944,-1.946667962442225
-0.1438763232416596,1.4861303213496988
-1.137931073672192,-0.08676233537460118
3.4160105083570884,-0.09208121208424336
0.541816921604447,0.7396787248332848
0.4818825061509429,-0.47873929499077206
3.2657379729450784,-0.6321677879199176
-0.5343073185375078,0.9907365585164943
-0.07161655120453475,-1.426941404771026
0.10383971788422083,0.8876960015974329
-0.30534202839843916,-0.5099413905636552
2.309647447589629,-0.16059125683404643
-0.552869654738204,0.049512906209344794
-0.16198380843094226,0.41409946106839324
0.6036107810818077,-1.448127487381856
-0.24628935621034997,1.2449813211310365
-0.9441466922677036,0.9042072636014631
0.5502725340755769,1.343039095900403
-0.11354592852174424,2.271996287405346
0.7756128375305993,1.6545713419243413
0.9960920251522754,1.4216802641285764
2.432791590950894,0.2006646447680154
0.15055096105311921,0.6032489812067616
0.4449198465762088,-0.06299588068400884
0.25083400151393553,-0.9915974428932475
0.24910634583056307,0.7270913538989056
0.20967879513606053,-0.9779191546133691
-0.4487573499710582,1.730523284486723
0.28472256269277213,-0.8474362454947979
-0.87252985219282,1.3135175914534714
2.816529237343775,-0.4397775420105071
-1.4661093204244466,-1.0551255306712644
-0.7389067373681593,-0.8629955548192338
2.215570408876729,0.525401658349956
0.1483358283990024,0.4451523347749855
-0.9719235611014788,-1.7895668503849185
-0.20858924567111745,0.19142771809286896
0.4673041299363882,0.18195097079497094
-0.7119324916338357,-0.3348800816244103
-0.11105088119100148,-0.6309918551464304
-0.135342139967957,0.7119854450779086
-0.3174317726383125,2.248273589718428
-0.5968297879782342,1.7057299412488363
-1.7476762397719403,-0.6086484129133012
-0.4074841675393154,-0.15402765807084892
1.7965478257264096,0.02273188527723039
2.906255334933999,-0.8236282443971383
-0.8377413576431445,0.5816847608450857
-1.3204755073219754,0.20071252906306075
-0.8717340024566325,0.45907092446990005
-0.46252757650858695,0.005108977073592073
0.17937568557428113,-2.273019124873317
-0.11130699940092055,-1.2494431434163016
-0.9613554670488144,-0.5032838194900168
-0.8241668686183858,0.6506318687856374
-0.7920729873676408,0.3634884511000143
-1.0252994910649325,1.0093957374931937
0.8610118702485623,-0.894956752045133
-0.0915627590233995,-1.5782748874231605
-0.91315361310236,-1.6364235233828859
1.5974781715430182,0.06749776642723254
-0.9991635694618238,-1.4417308584582287
-1.3589177804798023,-0.7376919470198287
-0.4143066992900157,1.7400371629175635
1.6301673176186906,0.32864159564880185
-0.10084874933179908,-1.3016853368810426
-0.10702342786675983,0.9435781555565018
0.5837829629358069,0.8939776715808367
-0.21999415708902734,-0.0824158759486145
0.9462421850518028,0.24668734682812168
-0.8000372888328008,0.16205867265954743
-0.4449758210772426,-0.13241883179488415
2.8256652492062666,1.31065767883062
-0.7845543918291968,-0.8536397187304765
0.05918146472708711,-0.8000470351973766
1.0579743038679055,-0.317535110493741
-0.718196422573759,-1.7457646526527295
-0.4919412005306002,-1.287802532624625
-1.265382035670934,-0.28616154401932714
-0.03523000336691689,0.3091918084480538
-0.7642031860812862,0.5384364514548523
-0.9259593335294729,1.2699155442204078
-1.0412535270436225,0.46229476716982454
0.6131794955791775,-0.12293765323131417
0.7643787001567717,0.3565789757165082
-0.5568073860778009,-0.4052835992242168
-0.8191212962700354,0.522147654773445
-0.44391530744181457,0.7864992067465995
0.5255288757923496,-0.5409303870481356
-1.8386017524653284,-0.10781507870355027
-0.3164681738984899,0.18406688523489081
0.650972063411499,1.1177435690491797
0.12133429750654293,0.4262708657844626
-0.6373377647076606,-0.09313786732578952
-0.21766227134370963,-1.254658078597871
-0.7172079901809423,-0.9614513701935331
0.44719851478361555,-0.9252078954251295
-0.8191407891218345,0.19045432323309763
0.4516606526681954,-0.597262704363324
-0.8904547329768641,0.22205461098700668
-1.2083982219105853,0.5905905851538169
-0.423988462659055,0.4382353425545814
0.756429383908909,1.1775730992870432
0.26684247799320343,-1.2950604656746751
0.599361472088641,2.1902213555392853
-0.7644852867029661,1.1004018350658298
0.38359363738250557,0.5173076201954026
-1.311175834542654,0.2753642128553973
-1.3723311398765812,-0.33638507373534576
0.9599875779363376,-0.876418332701481
-0.6735934931158817,-1.0353943604491502
-1.1688208225858687,0.43648033758665156
-0.6430298875253753,0.3553303429138185
-1.2588706119941213,-0.6234555748495296
0.1675693447024627,0.5944131394743367
-0.3533230511988493,1.547998483978629
-0.3944144623920466,0.20556008047800123
-0.7316871298104438,-0.5074863372259989
-0.8318751816893207,1.2355573939188462
0.03712811612788245,0.8825234777250924
-0.0019620102456837304,-0.4070796698069294
0.44707376536648374,-2.0744405489225657
-1.000455237838483,-0.2984842136306543
-0.3044109016303387,0.11837858025485193
1.138847867167593,1.1457991039709918
-1.2931469999396525,1.5131838476024027
0.29864802869369517,0.15606347306426566
-1.5370106038597873,-0.4558058758250039
2.995184150225966,-0.8563109321729411
-0.8524668412507687,-1.2451082631524404
0.08816436803968178,0.09673042824088436
1.1234714552717968,0.16181663136773128
-0.11646937487245758,1.589000407853937
1.1279932946744409,0.9443080118539177
0.16146524064414386,-1.0174001180054955
0.26904721284823313,-1.6384018188513467
-0.8691497027209272,1.2122308453839876
0.0804988747075708,-0.12981223414248957
0.6810315643036003,1.306546802393358
-0.9211788446280593,0.5248206947026399
-0.4526086384180372,0.26901066884281366
0.10705279753156297,0.5036071924008259
0.4056693439576475,0.1729877435587666
-0.1651150826358622,0.650106745829112
0.16430818429881028,0.48485995365834955
3.2502050132597047,0.7112680414080531
0.6313591918267654,0.9157939478284738
3.2510341681343076,0.3718519249954783
2.5545018055920283,-0.5971382267906729
-0.2219505660404747,1.720304101242576
-0.35085904327775963,1.84081566910164
-0.1277781989816472,-1.1859620497892784
-0.6757683373200251,0.14107832387631605
-0.375407043831925,0.4015969127524714
-0.2617009253543272,0.39944371560351577
-0.3268684947756044,2.5560471586439584
2.707139656123657,1.394519062416649
-0.8082303435660354,0.044660074618118134
-0.43871770051819614,1.2980136420275419
-1.4468323107828862,-0.9332086333618731
-0.27258148025923984,1.37836929536729
0.3681023245052741,0.21018857902643776
0.9678719260688411,-1.1803824474718623
-1.0412789600919927,0.31805335372738885
-0.03249640436438824,0.5278890586059856
2.2663234670198755,0.674203782369582
0.8490084891175984,-0.35517435484660664
-0.6285195544986123,1.4056793087716268
-1.2858377446011926,-0.4999362831619124
3.0898524899128734,0.6487422654513313
-0.39265418074934333,0.4944639348839336
1.0730303884012162,0.2841804548859226
-0.8463984382242131,-0.4468784340272962
-0.10908913143835938,0.08311482306476527
2.7984257902093117,0.33383558543402564
-0.8633569107560899,1.0603160546989134
-0.046815037933200764,-0.7116366955050821
3.2471990878672927,-0.6077705938340902
0.7211806975466253,-0.4766135175328006
0.35734075866860177,0.9782742269047411
0.3759522743523895,-0.23617629642208365
-0.9615353361456086,0.690609620744433
0.7406155521443305,0.26575412627561873
-1.0743722208980324,0.6441035746686522
-0.3739809816220315,-1.0868198319690514
-1.1665876296420221,0.422991663186032
1.123430487642739,0.3198094012375779
-1.1648117633866453,-0.9699591538973314
3.2892086225367527,-0.48081555447649826
0.2618699498698511,2.0076817149890402
0.6751925436922185,0.3113441804191011
-0.6901628861666742,0.24180266428023875
0.07171711891327051,1.1807947711146136
0.1855389473670821,-1.1586879733995317
-0.6764758976336368,1.6120198437565152
-0.07025053585650212,1.2752525847294705
-0.4517296304610666,-1.441955343077112
-1.7347372242383743,-1.2108414097639753
-0.4174705994542663,-0.03154820351980333
-1.057712476715496,0.3737384427585585
-0.9783698126433382,1.3511960099682465
-0.08726112719950888,0.4431610907172471
0.32780676304826456,-1.9866964914577616
2.0064907918717676,-1.4846903252151822
0.275792056995039,-0.32702465480482323
0.6247873076690954,1.0793874169881759
0.2345043088936955,-0.6216516842777323
-0.3149250247621074,0.517906114451647
-1.0953372213402823,1.4117000366050199
-1.5812416309276318,0.6033484265030191
0.08759318348476383,0.40112241527659376
0.7048964801899451,-0.9553910992577865
3.623048422276751,0.6985102000588509
2.045537424907234,-0.16774327029320035
-0.7728602666623549,-0.49012674341752954
0.3600645092354339,-0.6291246078690589
-0.7019940606914867,0.2607149416851587
-0.4324381849655993,1.027043541566565
-1.284813061813222,-0.22669765767131209
-0.11662536771883666,0.3150742437081724
-1.6957288235235222,1.4385597350771437
-0.8701353998052994,1.6023788829740817
-0.9827083740414674,1.333396789423524
0.7148252667161914,1.1346066774431665
-1.5350728545934462,0.6173380413164994
-1.3376367507101665,0.6115215263074594
0.06525711069658871,0.48191354350640353
2.961227885623326,-1.6579034408205275
-0.9228260773990932,0.21252882650914776
0.1413286361137036,-0.30837414472782265
-0.9343071581464197,-0.6619430231634474
3.4429212185381224,1.4563429222834772
2.6262388076658336,0.44041885215621707
-1.7998039946968352,1.0744114375271965
-0.16175182052301823,1.559492003572376
-0.054582508738617495,0.3707709356341738
-0.896898113465885,-1.151690589826342
0.01990771500520947,1.790814580975538
2.519496308351726,0.011725963324731978
0.1766537871172149,-1.3190957077462533
3.5780810429711893,-0.25384147952829017
-0.8011082002673159,-1.2582973654903833
-0.6052107879179024,-0.9090631920098201
-0.7263230024256654,1.6114882465053508
-0.8124767815063636,-0.8314991436272541
2.564905485344878,0.36908758815318726
0.9739843717968875,-1.7341546110599622
0.6754686243336189,-1.2748857579671735
-0.19617463668253415,-0.28391396438604927
0.49863916522908464,2.234020316124155
0.8511209706991332,0.3277483049811764
-1.3771524665913586,0.3987985303484641
-1.1028338725217852,-0.39723245317117634
-0.1455579542980816,1.0314376924780668
3.1947676833395593,-1.3614621119993418
-0.5700635240857257,-1.5472707477443421
0.2439138756885455,-0.5880952643027667
0.011893146838685427,-1.403376597850098
-0.8197119736767525,0.4948463102688069
-1.1573777586310534,-1.833846631164211
-0.5873585377398602,1.3724531176976416
0.35998265376102584,0.8985774047438431
-1.5074138260691448,-0.5069845716352301
2.8569878305705156,0.1942656038749769
1.1608103950553719,0.9927712564257204
-0.7918313050116285,-1.3651422479644009
-0.8249608662448077,0.8516031181224725
-0.5142448569588469,-0.24323121076613358
-0.787811094630333,-0.27430298684010457
0.012750340254408833,-0.2561859654671416
-0.5624026682038105,-0.4620934995865089
0.593656895342479,-0.5297718545059333
-0.9638544226186828,0.3861563200321162
-0.003530592430436401,-0.885160312466121
-0.028901987510313025,-0.6248903670198079
-0.5340819741771536,-1.0518802220584569
2.706084199486121,-1.5397876319187733
-1.2665566969048123,1.4676246018733172
-0.16984360671375426,-0.9656317484148168
0.27473359948897086,1.421080727330073
-0.6483458043381496,-1.4379062611087419
-1.2612896142313332,0.7713784578834515
-0.6133399732625593,1.1058243717951646
0.08057238851225132,0.5080711743125405
2.729757829533512,0.7517625505758618
-0.8350416873463219,-1.878393307871616
-1.3842558704212637,0.037608548997480895
-1.7501797029763104,0.9715222970794866
-0.5282696893605172,-0.8721016812031834
-0.06379170057050154,1.1350471293573279
-0.4548302606321154,1.6230240258322333
0.0705351405325457,-1.037552686198299
-0.5369078264531773,-0.24431345921193398
0.37834672673991004,0.05268499509852668
-0.19170854052684327,0.6779587415283862
-1.4898834155993654,-0.3227302943973174
0.058171767156413735,-0.05086175867697519
-1.4873913691371552,1.4566936395212247
-0.3860395566365579,-1.6923141946655602
-1.068650207429431,1.0287666955778387
0.5755567328798509,0.09364450766460586
0.7560349135946444,0.2703643960584915
0.01275615063528588,-0.2757338682612485
-0.03218133801938949,-0.3949542166995947
2.875053045384365,0.7531065663495815
2.266379889445913,-0.9977396436857557
-0.20526682137163751,1.090901730402175
-0.46914754142256704,-0.3249395487793004
-1.3002309907014666,0.2719707249185581
0.1354097419533738,-0.5972541870397183
-1.1867171154654017,-0.493033979407566
1.0023511646543948,-1.0089199055687745
-1.3819185938427654,0.0025725135735972125
-0.11227956337776132,0.8166042138315311
-0.4659344617752251,-0.7090283579759074
-0.5374621236490464,-0.9505934759889727
0.3993657481350414,-0.40872138992315826
-0.6419064619039482,-1.9098050480212316
1.6907774208094606,0.0643661973944059
-1.562508520682853,0.5204233066438189
-0.35956475397852916,1.6432685645399479
3.0870135045293186,-0.2195902913598842
0.020700205865661882,-2.401838174360961
0.03154773943546183,0.6364210065005932
0.9175752312828855,0.25500334578030737
2.6961712813758507,-0.7794247689126973
0.16673758433510955,-0.4085360794661841
0.4245231655647384,-0.6063487105288363
-0.022617884539505993,-0.3748745650782303
0.19351179452156336,0.19765522229611904
-1.2084659253343886,-0.06684072609531999
-1.0204819983853803,1.7490669840066613
-0.8756689984877849,1.1787357390856292
0.6727110248447894,-1.134545769194798
-0.6542962372395374,1.41405662140042
-0.48007028691920484,1.3525126060509818
0.056054698156669004,-1.2547703209073124
-0.36795860322242646,1.884791422819878
0.43125562998699757,1.0249698868597805
0.12657860265638798,-0.4514718444717572
-0.821356471139342,1.3570157621246055
-0.2247409213043289,0.02095545412067069
1.0448019476480546,-0.15229683564658406
0.1018694224422573,-0.9813240938689467
-0.5389714738954169,1.562246628972709
0.04873189016298083,0.2392045602187438
-0.25724788252245945,0.8971335747334216
-0.2444896192843662,-0.3391027195788296
3.0179042955293185,-0.5313313567826464
0.8456192445929938,-0.08414294070902245
0.28661660902161085,-0.7907608785327389
0.03329892602545318,1.0950695289746257
-0.02350093055129609,-0.5095525408841431
-0.7040838445330955,-1.4524276247494794
0.9085393392041261,0.12577962981699856
0.0018321023922729174,0.7305356188924859
-1.1516549917794678,0.5466572427448076
0.6136422186806362,0.1170442759230903
-1.019975232582431,0.637046920447822
0.7407449390116579,0.5563521939985951
-0.7156308623068682,0.6715426897208425
-0.818092105847563,0.10465570979339062
-0.5414511406330803,-0.5371187382879264
-0.734221033029091,1.5642111269412782
-0.8373092043716567,1.4810974594777844
-0.036310139669837975,-0.7735155463299721
-0.7163696660497274,2.017790698952713
-0.7021084123095312,-0.38707971220382964
0.4279287480850012,-0.5633940431558845
0.22346911392076463,-1.6250900891601887
0.5136494906955331,-0.8477560893520053
-0.5717471370676074,-1.180583943665433
0.5003181907927561,1.3463476096426916
3.692813276798827,0.5205226011860976
-0.2762026329080605,1.7157246398741
-0.780257267639808,1.8585268298805857
-0.6461293689376575,-0.608626947000418
-1.1801848961904147,0.17254798897912635
-0.6358939319400398,-0.7642898781640336
0.5563050264709667,0.2838730391014551
-0.8307191301085629,0.9780146541818818
-0.7215017554945962,-0.3354118304516677
-0.5803353412941913,-0.7126291443083255
0.16580961242315007,-1.0191488002548799
0.8896133065387299,0.9384153431261193
-0.5282521784341778,0.2809710832877048
-0.9894519154418983,0.6932022930535484
-1.1764714104843907,0.020645104341070565
-0.2980138796035562,0.5129103837126749
-0.7173834016752203,0.921331987747276
3.124865230096122,0.5236088249145626
-0.668981302581494,0.7539289128563317
-1.2227396330030318,-0.8304317352236048
2.9101220781779573,-0.8760662849387201
-0.2769026049349298,-0.9747600143134646
-0.05311733100943166,-0.6221631613104592
-0.569331209902828,-1.3814087535550166
-0.6259633730877359,-0.5394839919830257
0.23064666070244894,-0.7389583118042509
-0.34874280744470787,-0.16283299454106345
2.8264675885024158,-1.0558989915741472
-0.5330287034846718,-0.6166929330956095
-0.30023620516863364,-1.5085375004747512
0.0091439632234833,0.05978082348126617
-0.28547952816374794,1.8225695223481173
-0.02921309558420062,0.9318804231384019
-0.47777274942728964,-1.3417508454534286
0.484590252557405,0.7524706117442035
-0.37487572817928405,-2.3941184750599596
-0.845912393815538,0.9266283568238901
-1.1585101494894987,0.4331294125351344
0.00918307874277561,0.555263471258156
0.6616979282164082,-0.46392550718381154
-0.3512748585535893,1.255389051979477
-0.5509892110965793,0.9666635117101585
-0.571615898090514,-1.5434612935891932
-1.1978705461235883,0.7102083005952808
0.03962063216977494,0.12557285344714117
-0.8488402179850593,0.7664590324393311
-1.0587287436298392,1.4233172498269469
-0.020244777113550487,0.23576881254876905
0.5416045063320304,1.137695986742858
0.5943652090390757,-0.004872621386300774
0.45312603441697513,1.730302037015159
-0.0025428392167041666,1.3917150706201642
-0.25888867576551733,0.4523521912957477
0.5417175552036998,1.1143079729552983
3.193734658881861,0.53088468357799
-1.454264463428712,-0.7227965737417301
2.133045105171506,-0.5594938538376141
-0.18159352515953497,0.22985708987749862
2.972260475103506,-1.9968303712911668
1.0037599199575429,-0.3299105764580699
0.9834999485400544,1.112781883871924
-0.5132968428316977,-0.6255832437603747
-0.4347124753541982,1.3664290011408362
-0.563810670123974,0.8547379243026184
-0.8933099265403834,-1.1281680426385494
1.144250226872985,1.9323195977832044
-0.7348039181294713,0.6959824466919922
1.07664114325095,-0.554612889229335
-1.2470081142563534,0.6940421312670882
-0.7373128519507303,-0.07276948341380168
0.6912564736864368,0.8173498869250997
-0.8465296772013066,-0.08400108410353622
0.20708901885476622,1.4410636502859615
-0.9444117757146407,0.2875966280958876
0.3255216052808962,0.387625526704555
-0.538197722503779,-0.9662587049043049
0.2764293825959974,-0.3093599676603339
0.342551609691994,0.3396938793839166
-0.49558307457369505,1.535079666292211
-0.2038504035778466,1.0968877390720364
-1.524105233228625,0.7954411196460138
3.4000850602829096,-0.4772335189353656
-0.7208883005642449,-0.12661391968067592
0.20369758838510765,-0.7870243409490291
0.9614312808882644,-1.37966632823592
0.5655488261876411,0.7058100636258454
0.12109000965778013,0.8125362294957822
-1.0890727410369685,1.4979265223100549
-1.7039577888879223,-0.5362347488883776
0.3183240162840221,0.4944585031315541
0.21179072735420462,1.029661590537698
0.6697135153260049,-1.1307669718779527
-1.6254422977649077,-0.040740498216656235
-0.554867784701694,0.014384900270550097
1.0246355322504364,0.935314279355503
-0.29340108967379236,-0.4020449164821413
0.14946644693139016,0.043368181595585274
3.0944125616361315,0.09877955601838019
-0.9931712115287992,0.8646530804857109
-1.2270541141311515,0.00444827817457431
2.729590759708961,0.4689604874487386
-0.4606497383597125,-0.4201057527786897
-0.23633601983441205,1.6512837735783983
-0.5428715222777907,1.0996541189432945
-0.5295003534727367,1.3968738207253193
-1.1917503080892056,-0.6844911987374671
-1.5196576610136459,-1.055791661322662
0.18974168236990768,-1.2989973053336035
0.6717370283058796,0.4282229356802917
-0.30573259047357815,0.5963979092374362
1.2061434527510928,-0.6301158625539497
-1.6906528909446028,-0.3931677059827468
-1.0753963543226124,-0.9537931361452322
1.929608301685474,-0.6944758567045816
-0.14859971053795087,-0.9332803558149597
-0.9256850252141299,1.5488774963540783
-0.3734539695842981,0.12869418901228813
-0.5673935904521809,-0.14036082110970874
-0.0871629837614285,0.6090656477918948
0.366323852757147,0.26077406075670584
-0.7514897189276684,-1.3416386031439869
-1.1427764008732706,1.0074585076395157
-0.5056013790649921,1.645807222645003
0.7046516429777918,0.7555323497768172
-1.5879078244881566,-0.873817512009204
-0.6210490397164787,-0.3050908560714582
-0.6448797613370294,-1.2212510320652894
3.3652925276784145,-1.591044676052818
0.8573505033536681,1.5962321153313555
1.7368298636001418,0.251940591269439
-0.17952331395343366,0.3995898518985806
-1.3599970335840446,0.007537435898172366
-0.9081204204785563,-1.4449663040529845
0.5178814927819543,-2.318678858440919
-0.5780530545796617,1.4275568986958715
-1.5731102596379212,1.087580268070609
-0.36546225314530845,-0.34701405205535063
-1.1306536111263696,-0.899917891463961
-0.6938658442579171,0.7272395332229374
2.7626475605204446,-0.38982753409333265
-0.5350871641133251,-0.9934255160087097
-0.6308081509254239,-0.7699212342921926
-0.28826120792258686,1.1102302771775914
0.1537419423559117,-1.4548984948832884
-0.5821818562301102,1.0489955690654937
0.9747647667360952,-1.0746506218580423
-0.8406147413120879,-0.42904855664427
0.8985015418610296,-0.0951861453705567
-1.428387531088361,0.7221336032034903
-0.464710083203373,1.8546049818399015
2.9369462712624728,-1.8093288939875727
-0.6744207958807187,-1.349453661683312
-0.8068261756810974,0.20268350132626853
-0.21454316726393435,-0.1269114724470918
-1.1624251033054616,0.15982947336792672
-0.9558620826124021,2.074192847268114
0.8341921847985485,-0.652424713466935
0.2918669341517352,-0.6442390340136614
-0.5400256277865773,-0.7008773976861652
-0.16989674446795708,0.5561149123665275
-0.2688447474498996,-1.128411581200905
0.2773280132204609,-1.856536663343717
-0.06197103823064944,0.38593507256055204
-0.7699005699164874,-0.31820552083471687
-0.24821931317035426,-0.6690899317551143
-0.7539873717511617,0.21898420405469415
0.7923647051709366,0.5258462123135981
0.14656973637542214,0.17579638316315999
-0.07947429335798673,-0.13964919357785674
0.8352092050958764,0.2938372324645084
-0.5522763718387365,1.4191795860670784
0.9987580505466949,0.8150421877335667
-0.5424654256219638,-0.3089193641700793
-0.22487346302779754,-0.28734986363211706
-0.6809373563391321,-0.20848744793237947
-0.9719430539532778,-2.1212601819252654
-0.3053232147257245,1.3143140416037808
-0.8770945113342881,1.342494398483868
0.5528722886082617,0.5822483606289994
0.8878535742594174,-0.6751465966030972
1.1698708369838229,-0.5617003518645621
-0.8389915888110633,-0.9694359223936796
-0.0893821544703649,-1.3946749863657197
-0.02383022873060766,1.386707585410267
-1.6608222231042846,-1.33204976511274
0.2749278246559636,1.3625528015567
0.3265604401194712,-1.5242691716668835
0.19876780021687085,0.4925331793248945
0.02878610189181261,-1.0688829924528698
0.7895815928500287,-0.689771685229671
0.10777731940812371,1.510396522334799
-1.3738367358714345,-0.5101162922441501
1.1422222062586087,1.0640602606956147
-0.6753610177015312,-1.8080289644337186
-0.6452552881628854,-0.47210831843020984
-0.6526732145542069,1.041573270954815
-0.311255112177892,-0.8183693356696579
-0.7137362666146391,-0.5964400286403825
0.10739194414657108,0.4334431510381472
-0.17002032095440747,0.24596894184944418
2.751699432007422,-0.2362372808824999
-0.14338774754413414,0.7135995939270598
1.9334024143234305,0.4431394319948336
-0.7705730527656267,-0.19742534090346656
0.6452993592416832,-1.5904977427977858
-0.9130210713788915,-1.328118205630098
1.8397496623717815,-0.618930472070738
-1.2078856457267588,-0.5409773811991293
-0.5799226808745027,-0.14490977721597426
-0.31346300188906256,-0.4927352325227977
2.38024453205874,-1.8720041949627722
0.886162848150283,-0.960094557406629
0.06226869623051621,0.3159476727551487
0.5237218161397114,-0.6522935687901146
0.5948732775884001,-0.4457100172685925
-0.14436510295877913,-1.061837789550778
-0.6815657167030723,-0.22799278784116425
2.64048262468359,0.370878530135707
-0.8739413428044126,-0.5399530577065238
-1.204870625281635,0.6083165859749136
-0.5968110485094197,0.04158251978935189
0.47404089797355503,-2.197959840610183
0.2626932145798685,0.4760970284973637
1.15947700566667,0.2981699181233094
-1.709616606567222,0.42726401192222696
-0.17286183204700475,-0.7530124774416576
-1.3036579181832946,0.5507981436519955
-0.5823040001544915,1.2421282509211535
0.855393261235528,0.1913948666495051
0.7215529397006464,-1.0755594658938867
1.7373029845006878,0.9933605200322911
-0.8968966809038159,-0.648411937453599
0.4823010567352171,1.2811486421806815
1.1354773621118026,-0.2473169033509087
0.08441513126990888,0.814670372701266
-1.4193298244683539,-2.0067993251360834
0.2288935719707063,0.8354890715454668
-0.4658967788180019,-0.7168243625717605
0.20510373819550543,-1.45038034719142
-1.2884388018802526,-0.4103282155670564
3.01321804182686,-1.6338799532198744
-0.9047758978345269,1.128566375149764
-1.0654020503176163,-0.705483453567717
-0.6609910187045733,-0.22505798058405005
-0.2843770279561891,-1.277537852500023
-1.2893840806989574,1.1464851374764755
0.7799668537257081,0.15841990628357264
0.9041436019969744,-0.21591691767221807
1.0044300013335257,1.5274427465807001
-0.6281718621942828,2.490428684664132
-0.493039946486642,-0.8742664812469708
3.091079190174174,0.02252562942391078
-0.29526339324197887,-0.27906436994214195
-1.1138527795310436,0.292935711633917
-0.8797417972598925,0.2849850534193933
0.1905897807329191,0.0179379951174532
-0.9548700257837625,0.3398388215606289
-0.6842752354355917,0.4059891959438058
-0.015734138924963857,-0.09939807139631018
-1.0087855515290904,-1.077270016523621
-0.10128335410842867,1.1566559556332927
0.6553235538975657,-0.5090567290714755
0.0850253015284251,1.1736650487462512
0.504449393916361,-0.25322456369695145
-0.9693225038224187,-1.8791749179797745
-0.5212099086844063,-0.31566377715843574
-0.32009664927396486,-1.1740249927101443
1.20987457919915,0.20315000199507816
2.300860430777842,-0.1550944341061204
0.24383981252047443,0.09867941256548735
0.26221558604482087,0.4254076702051661
-1.3341462876750487,-0.6876145535988748
-0.7294920393715167,0.643575062988714
-1.3026494435752882,0.342146672328255
-1.2581051224885025,0.22534098521459722
0.9417223219948103,0.9195029141451061
-0.052469347977998425,-0.43886850516513204
-1.0138906213759113,1.9171668463873068
1.0235568285095844,0.3558855769502199
1.9356499689172841,-0.7116701086984208
1.0409923802131182,0.2240385318394918
-0.5570112556608962,1.1476470799405403
0.0908615868313625,0.9944063506712172
-0.78605540040584,-0.5063850348367265
0.5702610623018607,0.6279419881822248
-0.670881368890612,-0.3270110088810247
-0.4428536950796054,-0.9438989253584854
0.3382117455474894,-0.3492880088373537
3.1009780860495337,1.2793920749760692
-0.7057810602021909,-0.22526558213181563
-0.8600138948780298,-0.3578327720980014
-0.13173664613571015,-1.4319180815665262
-0.5358642001767979,1.6852765831422978
-0.27175362813101234,0.3677705112781675
3.2699538410554356,0.9034221998037486
-0.5137418454074147,1.3313200491455133
-1.5003870111163529,0.4103312241041203
-1.3024747112600945,-0.04807458498546497
-0.3361774666272321,-0.6693586954033941
1.1599402781315191,-0.7865062380455701
0.07317134947997858,1.011080759884817
-1.3257764389174524,-0.5701001729484977
0.034920775780102366,-0.11650050445133171
3.0927355179979195,0.16507282954930247
-1.5424837420614155,-0.7057484580429557
-0.26714404308937506,0.8147284492305539
-0.29826536036327955,-0.9641754903316555
0.4908814686554643,1.6541211785682217
-0.9491889799442192,0.8824947123396621
-0.5079594512416646,0.6779672588519918
3.203991440841044,0.05343966630798523
0.06892819621148535,-0.015275223634548552
-1.477723492258632,-0.9132446127733632
0.28074659903256144,0.03022133899077769
2.743626669088803,0.10670685686714716
2.6708597974134407,0.9792038235274007
0.20980497711526153,0.6745921512568097
-1.0961807322850836,0.6157506385565175
-0.7796966106996713,1.2206008585402335
-1.151076144733907,-0.43075806473174505
0.6321823267210889,-0.44788672335939833
0.45449306870808065,0.5714633829958783
-0.6514159444629358,-0.24407413455089944
-0.4312946429250823,1.257346250475499
0.10382337988856269,0.5737099200868971
-1.0738472649896589,-0.8074058250263878
-0.2119804721211819,1.2838385651809943
-0.5791018676696272,1.6812595274393831
-0.10487920352457317,1.8061567288863432
0.14644957437650058,-0.45245036793172144
0.4247837914091593,-0.6786279927296199
-0.5562485014637215,0.8219823199553765
-1.2060722263298527,-1.7738201875745416
-1.2830664626414408,-0.28903503759983384
-0.12447156331443485,-1.9251322043137926
0.9181722684338702,-1.0619012978324456
-0.6940733323481353,-0.7222278453576234
-0.6207852590159167,-0.35966288824243053
1.997734548909546,1.1818745663575658
-0.83695775781581,-0.1207244881001969
-1.3973729029418582,1.1802195684358683
0.2751930379185947,1.811259421758471
-1.3928972921857585,0.8155935362627239
2.941712478297588,-0.201386404339497
0.17186057872726623,2.1144111180062968
0.655695796051587,-1.1080026774325618
0.9770683984121897,0.7437533350397658
-0.11091122634028071,0.3289482274887981
3.4617660749081947,0.6788471209601696
-1.5032078063944843,-0.7974906688432953
-1.1540527288388231,0.4079927164981905
-1.4907378737066443,-0.2954596067309831
-1.3898271520609724,-0.3782385902951186
0.3369967458316518,1.4495492944750619
1.1393397275369535,0.22307161127435937
-0.12684576946717152,0.11354058870577624
-0.3021958987919159,0.4443792419904327
-0.19819541435396434,-0.6684425518950026
-0.5384257223888691,1.113613228494564
-0.9910367058066151,-0.26676844641998404
0.35813530565841406,-0.5473551077553782
0.14458138064372866,-1.521638391470824
-0.5549912313724505,-0.46366508555033814
0.3882486976877026,0.11554221780728754
-1.6993949818562204,0.0882638617279622
-0.31260593828903316,0.8223594151639637
-0.19450265004221473,1.6651814178769673
0.7176978970021503,0.14949924193269035
0.8731957940755968,-1.8445083093514865
2.6644132620682788,-0.4122486273157596
-1.4638279169085953,-0.7428762253630944
-0.23405940775636508,-1.8779516618391021
0.7225861681779384,0.3525925768518973
0.988163220699285,-1.286664924280318
-0.08216241709695557,-1.2070697840762896
-1.0207687606291704,-1.6983563884118362
0.12462998601127748,0.5103207969747854
-0.8522099696578649,1.3691837781172624
0.22298369307938015,-0.8348521117077381
-0.7648102014836616,0.1971490254396784
-0.022572958639336692,0.10106017990455252
2.6628115843445133,-0.3615473629765439
-0.2785556480868407,-1.26750397971285
0.47259070546166654,-0.18260184165454774
-1.029386102123656,-0.06769216720369148
0.9554249749242294,1.8195818950052953
2.141345398395533,-0.44593536678963747
3.04880136716965,0.6408731927079456
2.2614241188659157,1.4622345484690162
0.05310539920988875,-0.9252535438816777
0.14615905788119316,-1.2133024168797326
-1.1690951309012119,0.15751838545298114
-1.0904393057483917,0.12039061813284234
-1.7369250717343552,-1.8781720604000518
1.6558200043254687,1.166872382522405
0.32489269555356554,1.6927782721190543
0.48360640758279844,0.4891432316875613
-1.0087820628376614,2.0930320565255016
-0.9452012657065607,-0.20216269303793208
-0.13283594145514235,0.30627605513441164
0.9087960067774354,-0.5804271672364146
-0.500718918270081,1.8684484603583171
0.9949171598988029,-0.1450324283018951
-1.3449735750100646,-1.3983396499202498
0.3446711301968806,-1.8141515495327805
0.9675244377841057,1.0553670149587486
3.297360036041653,-0.989548466691845
-1.323884998081364,-1.8557901413395341
0.7471601511438646,0.6113946613202176
0.527596431473715,-0.3339424722031355
-1.5551231460469623,0.4875519196876291
1.079264978053644,-0.46272439055783726
-1.1570488057955386,0.9150501661877789
-1.6676824378122082,0.5698110604715255
2.2089886762833624,-1.1371009574220738
-0.6198950998768744,0.42664985244592324
0.4201359740469082,0.20686815923713098
0.5671328631693733,-0.33005994990045423
-1.340480793091614,1.7585776252901826
-0.8446278385661311,-0.8682530528861252
1.1545601465863704,-0.06687208026814476
-0.13372753315625394,-0.9833153379266849
0.04225082671673678,-1.1267446359987519
0.6081450002089985,-0.985577540237763
0.19770413172530177,-0.44409210924640047
-0.8006728921396872,-0.3411774168278734
0.022429368315003674,-0.12884546515345027
0.058731121350175254,-1.359970397693875
-0.25423765351513977,-1.7950571988182056
-0.14711757124581623,0.5515163970545798
-1.3856360378199006,-0.4794521166409767
0.1786949408391229,1.2250629489990745
0.9868573204883133,0.8299985715360862
0.14871333715031826,-1.1253698118106352
-0.7125022436266844,0.472790557784042
2.3451781047578986,1.0995339916786249
-0.559166007617864,-0.048465477693943874
-0.376485747572777,-0.17783178965281152
0.5171168364430284,0.040081807367994896
-0.4505820503657299,0.6339913535576606
0.32714606052829603,0.5184208286316931
0.08027004165578769,-1.2574975266166613
2.8507959808732037,-1.0820142110710553
0.2847506012338928,0.6391705033007332
-0.15432547825806917,1.36862784674634
0.7678751831721686,0.08170745058547134
-0.7164346341650865,2.534820707752867
2.3918445518423215,0.17124821100136564
1.9837246219414646,0.36371152505830867
1.948898444434566,1.1033403602625476
-0.378017325979391,0.8288536637192324
-0.9588017371430799,0.9093068709023646
-1.5497430145018136,-0.23208223808979642
-0.4672860412693509,-1.064140360142118
0.4051371451063281,1.1407663936751704
2.596760135744753,-1.547179121615055
0.3251992162092429,-0.38497842044170977
-0.5795249258884031,0.6121021607385843
-0.07660932556267089,-0.4517333086474898
0.3163377166816886,1.4640471491739495
0.7678478980140329,0.5909414547897722
-1.0613129135498507,0.5022533136090548
-0.9732352716933276,0.34664454822559276
-1.0520873039386,1.2636796742696454
-0.7761495954228218,-1.9183826627252432
-0.5917901057944691,0.3850771571575418
-0.13064173421489383,-0.3705992823469025
0.2963738681207903,0.32754491733473184
0.420239174482881,-1.6426159394821602
0.3420096922206716,-0.6865275707352159
0.07852562842906038,1.3039592586844353
0.5112096928601465,-0.4557980558359193
0.5314178292698075,0.294438812291979
-1.2683500740865286,1.7075026544657923
0.9063236571866187,1.2923410687085066
-1.1036604961075378,-2.203853855032427
-0.42425367592168606,-0.010471277647189229
2.90574453107623,-1.5572521685641372
0.5179811429860041,1.8389072046333923
2.9322081825521864,-0.7189481619669084
0.021128604885632597,1.1841458477422242
3.230010559320966,0.31227240761460895
-0.14805854644961333,-1.9028996586956592
0.36290985436325657,-1.1049980391752345
-0.18317305450676535,0.5749965329331437
-0.637838720129733,0.9993342934389432
-0.5429526985731139,1.1347940309291076
-0.8267868693858547,-0.9161114804831378
-1.0894404755564877,1.4061419002004862
-0.07434160451774197,-0.4907252376737739
0.18925899683696767,0.6657019921681377
-0.8054337583736074,0.5677067489264371
-1.522593277489504,-0.3750336499625727
-0.14976876541054643,-2.5195409510395383
-0.992813874808367,0.45499970298683184
-1.1972330907069362,0.5599689724359653
-0.23530758279492425,-0.7620489244014877
0.3558111621874475,1.1635802473262438
0.9059941549877129,-0.13189764332019913
0.035021994290615456,-1.1446051702200817
-1.668718950961335,-0.7081442170002651
0.5820226812931037,0.6050738171749045
0.3292435568925332,0.17891958644847444
-1.2580030207793107,1.0251730571418742
-0.9746564067210227,-0.012423347543018238
0.5494231329661902,-0.6450788722272013
1.3139588454251756,0.39755363147692513
-0.622392203336977,0.66261457432132
3.268949200482655,-0.3627811794697885
-0.3079255747511598,0.7327394415220894
-0.37039607936836494,-0.9131005195072652
-1.3113207559906697,0.28700032844470313
0.37012760981120624,-0.09601340393526324
-1.205983727307875,-0.11351287710850969
0.614852710761972,-0.9910624569186707
1.209091448951498,-1.6308153072561324
-1.0087456826268135,1.4140533842531007
2.4494214444825437,-0.902831818290873
-0.749281075833513,0.32856804670898493
2.2803026201383916,-1.1687012451759828
-0.9788487439247612,0.6293239839995012
-0.04399432243877784,-0.715531275430875
0.4616134396807427,1.133697833407322
0.657442395223368,-1.1703400573610836
-1.2478248894064092,0.7135168143375694
0.019380702967476272,0.5753005599941983
-0.7237694765395251,-0.2964199014253835
-0.004016562635211406,1.2297357503096136
0.5342618716512552,-0.8526172866907442
-0.9708849918229918,2.155411847763252
0.47152560440802843,-1.6225057825985856
0.20006999620831112,-0.317179481198037
0.05856493472430322,0.18516427687502898
0.1971711794909976,-1.4721542121298283
0.5714455719714358,0.7002519272213122
-1.3376543914521997,-0.3736472228796243
-0.06114461866449105,-1.1279423639013133
-0.437612465002193,-0.6276324127713075
0.5009393082137501,0.8821221999728404
2.149752930110352,-0.3362169907351134
-1.348405559489785,0.8958764246071264
0.2998228939471678,1.7227761654947373
-0.6650867248160091,-1.1324012172128353
-1.2109525011797102,0.5026579800847195
-0.9671170155844043,-0.2266755181566141
0.18416459034932203,-1.695296541832096
-0.16895016290287693,-0.3295157730004567
-1.2925004494702885,1.193199851374987
-0.5692201429566185,-0.583417334392035
-1.6821328597215046,1.0178207416075018
-0.024172864037044904,-1.713430446276177
0.5749746011624552,1.2212565804151518
0.36154719789095907,-0.4689859403228037
-0.23392816877927175,-2.2408290117628624
2.9511772389760003,0.9774467755305042
-0.3920824468310349,-1.1345861374750599
0.6651410638782002,-0.26086282910290814
0.631388329094667,-0.24691547402256322
0.480175442046151,-1.07767333730484
-1.1120131737027827,1.2001750717007726
-1.1618331231523693,0.8583134855491126
-1.2880391947843872,-0.30679169525923433
-0.9027668207085591,0.3404742953737225
-0.7818440399299845,1.7199355233575944
-0.20575224221302194,1.8811397078546255
-1.4058461561550215,-0.4083095518183337
-0.45027860478248516,-0.24975611615970614
-0.10714371968137545,0.4832354197654251
0.4119011983016308,-1.7483784219342837
0.20380427751250946,0.5337936333808023
-1.0600920236694276,-0.10441541962425895
-0.16155834873901,-0.4948766752008284
-0.5398889979763034,0.0734514196154472
-0.6404827213835027,-0.20837181689952505
-1.284146469128668,-1.5396464076816647
1.0822286330706228,0.34312434687760496
-0.023634904836833885,-1.3211365110096738
0.5810888990002673,0.014008999180315366
2.394802396478423,0.9966448512309146
-0.9326372276354602,-1.3798710615768106
-0.24749218580104299,1.6800647335319545
-0.890294152712275,2.0169666775353257
-0.859754701595678,-0.933390706671528
1.8321571334809605,1.1170683593242021
0.28953732006387983,-1.2822263190306211
0.44802308224000814,-1.7856099142402588
1.7729836201148652,0.22646099716171775
-0.951172828041411,-1.5056706327649765
-0.2743806678218332,1.637795250753872
-0.8426361981626026,0.6789849564738655
0.20624235305382405,0.6274070022076479
1.3462405920986455,1.3960882761353202
0.9553306655213745,0.17882248733337025
-0.7465298360889511,1.5324340460540005
-0.30210494826479606,-1.2530674386905698
-0.7890210373482783,-0.49085433932162764
0.48057770466675237,-1.011391969820936
-0.36565121729481465,1.0166240562471993
-0.40464387940938495,1.3854875664169142
-1.003227952360304,-1.0126641115654758
-0.030050666332430885,-0.05152089300801206
-0.05885151460317755,0.3569276086918518
-0.3713693967281903,-0.8428939152592647
-0.020818696976912764,-0.6343005204648122
-0.019708670023105272,1.2815381654620084
-0.6022048625254905,0.40997544323232316
-0.5364965985955578,-0.17987274449232551
1.1145668021701307,-0.3302844345193376
-0.7943594478813844,2.066627801585783
0.41417884756596474,1.2504422068443724
-0.16862647108484832,1.114270841822356
-0.21138911553538042,-0.1814221909414567
-1.0007022609956902,-1.0866801699686255
-1.5133391597574504,-0.6633750987029439
-0.6638754793516886,-0.24466719705476433
-0.9660078718292755,-0.1387735699258204
3.1860015919416407,-0.5209933053583257
1.348790833312951,-0.3616231065214208
-0.9131313849421165,-0.1302688717932478
0.5051635179938347,0.25212676662857453
-0.7568146565892545,0.523272314528474
-0.48874871246183843,0.6457314972849891
3.4008894557084184,-0.1767667686637529
-0.4977268793681852,-0.48425297705710985
-0.09194607815559241,0.011795161956567329
-0.12224473011485558,-0.5944148905970211
-0.040546049995385046,-1.3161407802707017
-0.6055785224374217,-1.0008478141193886
-0.19993750589124365,-1.2968357424371355
-0.5400820502126149,0.9710660283691726
-1.552146012578656,-1.6758569468655906
-0.11657210014894004,-1.3745764323769767
-0.36687025506547194,0.9698173718337768
-0.6035317623542308,-1.7967358984912836
-1.3374900569360935,-1.2653064798017921
-0.8130875011282703,0.13416426565104472
-1.3759687103047684,-1.5247322836122805
-0.8330955222063532,0.517568041828876
0.36905943368513533,-0.34190812203590354
-0.3253910171055801,0.0314551554840225
2.2564063810390915,-0.243173327046376
-0.19079635724715138,-0.3500727045167382
0.5733669034584102,0.24769328997907022
-0.22178888704910435,0.8658999971443265
0.09038463747539935,-0.5488451082480692
-0.24216143775858,-0.20439408693461308
-0.8797055468647386,-0.22608960354920277
-0.9492070402339494,1.0540800331720577
-0.07924170605468653,-1.6985352245741716
0.5143623120266314,-1.0135874267030272
1.0976842449160906,-0.16334004030811838
0.501740344763524,-2.1556171381084743
2.0527921099294217,-1.1623953926489143
0.3987860178908021,-1.259242820142633
-0.56929681161744,-1.2390079928768765
-1.3534569422190128,1.0439085414134257
-0.9027076629740771,-0.15700781063232447
0.14199467943486688,-0.2966648094148909
-0.4832861018749913,0.5621400951982982
-0.7270488270486014,-0.06648375110517027
-0.009891913425455416,-0.4661086875692559
1.832801498005271,-1.7020350422757886
-1.1365989870298654,-0.06334366474873791
-0.8204111923206371,-0.19979759091892613
-0.510460592756587,-0.9317120069984499
2.179129420538533,-0.3601675617643275
-0.360089160523512,1.7701198789117039
-0.6337730344848777,1.2414502142227382
0.2580790421200211,-0.4918468118575771
0.18165388420200562,-0.5988565814179445
-0.2968664534958281,-2.1112622461526827
0.8369244810547021,-1.1049101309855511
1.1194993256468118,-0.4353806347439706
-0.10766306922846589,-1.4053019216567577
1.7876692348202126,-0.438069379617478
-1.2842322328422013,-2.0254923980984056
-0.25958515910095764,0.9321696101573055
-1.7443486786908597,-0.5128465835247248
0.6155299052652072,1.5179256310025402
-1.25677577115462,-0.9257016642088303
3.5029828349139,0.46623960445793533
1.0998993775702073,-0.005243393876342375
-1.4626224818251519,0.16440569758908313
1.0893548144241618,0.885810894494942
0.10253546576342068,-0.969614758556015
-0.0808335353427555,0.1782621246967759
-0.17860982792736657,0.04274107353000393
-0.09636581584904488,0.02913585339765792
0.4243855668433774,1.1007346275123147
1.2267725912501697,-1.4777450484016321
-0.5395376014524425,-0.14875003978552026
0.3974494736459591,-1.9715514084748553
-0.3801374700515684,0.8189543243322926
0.7040915354010456,0.0688002357938849
-1.4399738684010202,-0.9698775684261934
0.5958103445530718,-0.004841964547997092
-1.515901984715897,-1.9062211210272253
-0.7172471057002345,-1.4569340179704229
2.37920241254833,0.19008726868265982
-0.5314042482372721,-0.48589763116847146
2.7777777082218265,-0.47488664558192323
-1.3076391428609917,0.12334554560839393
0.3583010227046039,0.4438847758722108
-1.1215442052429296,-0.13281076704562225
0.2393999027961382,1.2768888730933197
0.026787422564932085,0.2206470869316195
0.5363478214576384,2.335380130341171
0.023431952758424836,-1.5296655065562927
-0.558778230883155,-0.9496456093673122
-0.4242744715198603,-1.0133472768640843
2.4562123874602,1.7235667737187859
-1.543382242870185,0.6735242223366227
3.695667716979362,-0.12509549818817844
-0.48464273836700955,2.2224167488260265
2.3212401446465556,0.18721392667824635
-0.6322201111166987,-0.08701732525569511
3.323151754031861,-1.35512236548665
-0.7192762250413921,0.3241228155885557
-0.22595073420658035,-0.3634999136646571
-1.653460848954695,-1.0058839131386226
0.5441224053903075,1.9046072640843563
1.3740770882465851,1.0560057259191615
-0.8644564100951163,-0.5219886469232644
-1.0112336910342041,1.480273438060397
2.142481277945407,0.4573906625601396
0.8277691803600054,0.1334601549560906
-0.9823309951058457,-0.06922134185829196
-0.9654348351645918,-1.0966409746082662
-1.1119795288003793,-0.6532649206209191
-0.9915475096643841,-1.000392370586983
-1.120323864725897,0.5851785850443484
-0.8138529108501809,0.4970841784601267
-0.7490146396082151,0.2367408617140946
0.6964280184145861,1.2975645212136817
-1.361166008672932,-0.3670066864531973
0.4015645427935001,-0.5646108250019181
0.3018539154300767,-2.0913765738879917
-0.6300849317952383,-0.43431457203476714
-0.8293267128010727,1.3430379017820504
-0.12735964839737313,0.573925887382175
-1.0964309102984318,-0.19015256781126508
-0.08036903991523942,-1.4469478366687647
0.6132067807373134,-0.6321716574356148
-1.8128777378989236,-1.130820288747492
-0.04157578978124806,0.4260092500326366
0.5494881010815493,-1.1621088810273552
-0.8916828658002334,0.34499259464168414
-0.369561114112885,-1.2720645387139469
-0.6722711807053515,0.6503310788719022
-1.453967587189137,-1.3061505129111102
-0.2520089682057948,-1.1178153027481708
-0.29984624248887076,0.08940177322445528
2.726225515670657,0.38095466265601535
0.1715472847083248,1.1720625027919316
0.8032516198201167,-1.7972853555675672
-0.34657841107163745,-0.46112319029796367
-0.04526793052570693,0.25613004856430327
0.20877119927457888,0.5710981938343097
0.4135946597192092,-0.28896914108146127
-1.1312741791839733,-1.7603505671173938
-0.5945251373590669,-0.3368987453731329
-1.4797143792791758,-0.4646418691335221
0.5303508761064035,-0.49198971100532257
-0.7224561293660129,1.3911461906599643
-0.6902324417002436,0.23784677067783827
3.6474931481910433,0.4988102015003898
-1.3766780429444379,1.8114011267878638
-1.3821284834061403,0.5312386379630569
-0.8475354165008685,1.2991117072694949
0.5929331268489029,0.4592795685599248
-1.201552159253266,0.8738630834315901
0.7489750031028395,-0.11816949268245157
-1.3384535258602221,0.6309962093779405
0.891726337483655,0.2966799176306182
-0.5091499011078108,0.7931092379108161
-1.153236707071752,-1.6073227195721225
-0.48349072484107125,0.11923002136322342
0.01208025887842585,-2.113539288505912
-0.061220663758021675,0.38021174591748186
3.5016534835800175,1.617282253881363
-1.3481911622919087,-0.3235202702529881
-0.23513201731303768,2.055287044157833
-0.4775772215139218,-0.7290961035502533
-1.1257262244312893,-0.20134190876786434
-1.2626983695344816,0.09236912877274674
-0.3820516884112907,1.9231477264569754
2.7240786358037345,-0.4443687578499079
-1.2262937614071334,1.656917021159431
1.703853485700997,-0.920252052174135
-1.1547628148614772,1.7482853738985031
-1.5920956540573934,-0.9228007509373392
-0.7988345890578016,-0.10512072443756557
-0.2614261974912874,-0.47834840228229314
1.0956966425673815,0.1350659380577295
-0.7467685175764309,-1.421347331351903
0.5040081455921612,-0.9828925942615497
1.1157863893041784,-1.608135835429199
0.5068269589448327,1.046308731636407
0.10696429850958508,-1.1567001180652061
0.11978390542721415,-0.39129911301092957
0.15848865653922767,-0.17864933677555997
0.31243821766270524,-0.32320344617874924
-0.6647103147914744,-0.053607193151887576
0.6200932616603,0.8177661562955961
0.29120930670419926,0.6668690632323955
-0.8677326057480517,-0.27434524657324005
0.47516174227414637,-0.9374372250943936
-0.019999186518412558,0.5206861165139973
-0.2217583970028419,-1.0052472452071766
0.9043737377951329,1.5829510424785014
0.1402344775758721,0.6261478090523857
0.27520904207896485,-1.0273493197503043
-0.5514064589344779,-0.12204175778474713
-1.012951702301474,1.704559481461166
0.21879804945519726,1.6152840547367013
-0.0015416873353523086,-0.5123836231554212
-1.2492427397622694,0.2042521532949648
0.2495481435181534,0.13210129914021984
-1.1021437489306125,0.4671561160846568
0.08083213115799362,-1.3921448455842704
-0.7132100079598905,-1.376766760658875
0.7433602281250308,-0.5066727245850909
-1.0998519476156743,1.2808434210012742
-0.5612940738120723,0.9504665339675691
2.935646810579477,0.1748450865846496
2.406225967581439,-1.6053754490602954
-0.30769947700782097,0.6859634139469702
0.7870124081473144,-0.5884117194365613
-0.9547913751974813,0.17405004709492916
-0.7491893719234086,0.6269621190278146
-0.6642763094102208,0.19233008783407476
0.3032257411589863,0.5912695128183985
-1.7160390616423744,-0.11150920497803146
-1.094830455537333,0.2996799730461801
-1.3635045879978056,-1.0031533187058614
-0.5412554829040185,-0.09236801168855624
0.7687400390785348,0.5558747625275846
2.1849262505581897,1.333561635276437
-0.989078240725808,0.5975349970652053
0.9024769561578498,0.3518143554671517
-0.711753171900432,-0.20411543653557593
0.5028125589444143,-0.06407843228199582
-0.2100447789842007,-0.31004093835388224
-1.1432338573774345,-0.20409961973942334
0.6707864086859799,-0.5317903666785627
-1.6490378265894075,-1.1734213698537068
0.2887518681267795,0.0736583475613979
-0.14924305611918842,-1.9752095977347464
-1.027598535322817,-0.28802231700205977
-1.61311850948775,1.013460484681623
3.1258431348741578,0.9743881230691164
0.6787208195002533,-1.163491919386891
-0.8355562454556081,0.07455409143187158
-1.7508497843522934,-0.8858310259592835
-0.7498730559866054,-0.36991596547220074
0.24287996803216882,-0.523685206421462
-1.3260953392976769,1.8275979529543602
0.1877422496600425,-2.005307978948946
0.41436322429726075,-0.6341818038607318
2.523893348305253,1.024605178490496
-0.3236026969217563,1.8069657586854861
-0.8634895822952525,0.9199147522499306
0.29694286673065445,-2.475966475073552
0.981449150402044,0.06302598051798033
0.23388319147270153,-0.15742627460788114
0.07451438328478302,0.21127934479584384
-0.49840462323481094,-1.6685829796550369
-0.455770482452928,1.1644487230818263
0.6480175034472325,0.14215016354563725
-1.0457513659599655,-0.6792338522466691
0.46321621613128944,-1.566319601578462
0.2482524370866746,-0.5702960437580442
-0.04095071408914277,0.5957113552154149
2.0593121590792642,0.866940466649276
-0.23889118230221562,-0.26458556918672627
-0.9801808305670878,0.605905313373638
0.6454963197171204,-0.47456434852186774
-1.072998617263257,-0.8151286098986154
0.4070040360927247,1.5387717495377253
-0.10028220222707684,-0.7474427381422927
-1.0366433926385947,-0.4154053802010732
0.40952842471096335,0.793573023458028
-0.9542995946118291,-1.9603939184749124
0.0826191485954422,-0.28781691005935445
0.6036714455822588,2.046071912611761
1.1852705757666437,-0.7208793983182319
0.2409709364860329,-1.602784475394523
-0.008383711937851694,1.049987866292644
-0.4169312874756945,-0.3476920887537663
-0.6583750559919243,-0.503958619041113
0.422840231761941,-1.7322240070770165
-0.0806120250176269,-0.3894998052808975
2.438650653777465,0.2029025129593351
0.9688811540598321,0.6068068342042293
0.0840986823948264,-0.14538549254291064
-1.8448740250749789,0.6468857713360627
0.12308089667832398,0.3639334858559409
-1.0925757878162272,-0.2034948027646334
-0.6875350930928689,0.9676186778043663
0.29505798965842783,0.7860163435232094
-0.1034381060653966,-0.039456602001191485
0.6427372876662216,-0.837503012122235
-0.16966934397824293,1.180521552467956
-0.7330352206131406,2.307703733656913
0.5699141233805156,1.5390333652895514
-0.6904475922811044,-0.5385972874618792
0.3553185484351024,0.0904669870230444
-1.831591355291903,-0.7162018373479443
-0.023089572877982793,-0.6130158414683394
-0.04092157682124108,-0.566998066635622
-0.8794200873673236,2.550151101192747
-0.29377982138777503,1.7090110353001409
-0.6544001910584948,1.2676999671198794
-0.8886515073594512,1.8082726433262633
-0.3393670153679554,1.8920674330593987
2.3461805593856258,-0.13338203442041288
-0.4340535451602871,0.726503571571327
-1.1405293956428075,1.1773070522695455
-0.9683600538413626,0.0855550363602704
-0.6089945027567718,-1.5452404811007878
-0.6411493140680565,1.1045769331108275
-0.1320646415686464,1.1355247124044316
-1.2928709192982522,-0.07304609078387206
0.2520801946270348,-1.2861207473803207
-0.3757157504326562,-0.01976580005933927
-1.1175644131273017,-0.20863682137476364
0.22685131952201726,0.9406465854467071
3.028891409745939,-0.021534946912784732
-0.07298947566022562,-1.4602713208308475
-0.4260073882207193,-0.5997686626011084
-0.3502787636701298,1.3666790139978304
-0.8322767651308377,-0.3232860741921465
-1.141771210937099,0.9490038015897689
-1.0971522773188516,-1.1792346477154272
0.3231655892335837,2.0868089835879235
-0.12722061711394297,-0.6298787982862329
3.558902176767709,-0.2098538197630338
-0.901289812618217,0.3522568504102799
-1.4030539487814013,0.6375636776568351
0.1588641833650838,-0.9277920504106395
0.1561046019507944,0.033927371312277264
-0.4463929180501181,1.3541572601623433
0.4855583088997439,-0.6228461750329746
0.29711788284915036,1.6660275788090526
2.8347620713455655,-0.9227926017320633
0.9260925271975395,0.49153047332126526
-0.03495001448639078,0.7365098730914224
2.950752328647459,0.5617648264764414
-0.39156987064720833,-2.2661541038280064
-1.1177918136170155,-0.8330434614761922
-0.3230096180418829,-0.14386639977989654
-0.3670495747988756,0.8390527267449425
-0.7140663181769352,-0.6960206553458042
-1.4412448209632132,-0.03547139725493316
-0.5375003559696601,0.38186061393016435
-1.5985368486013602,0.20257345362188686
-0.5884990047079447,-0.051858814054689915
1.0363445628508672,1.1095346838062428
-1.075946613463662,0.1855708348035672
-0.3205534822108383,-0.2218383517854466
0.6442046513404613,0.6686822963057066
-0.43122824224765405,1.243594894048088
0.4712404287139161,0.13346882385578968
0.4913381717766436,0.8698385529473291
0.5465211613927357,-1.817760853188804
0.35106903542234164,0.4083169916210697
-0.851649312717728,0.7312578067769104
2.3065206810192107,-0.6153145425439823
-1.0336836958927273,-0.24348415761826048
-1.296912524673098,0.5375172223752347
0.9067297538424455,-0.11623241440486708
-0.1988847845621524,0.46300963184899596
-0.6867918317474936,0.31026058627885506
-0.4759813541710332,-0.7602494650953623
0.6677916344756398,0.6464497506875734
-0.36811973285040617,1.4145374415948433
0.8772147017105167,-1.4248517159037382
0.5058763393249331,0.08629542927755275
2.6296715455285384,0.14204353062867286
0.9147544360047544,-0.9528185471671085
-0.5133858114333578,0.2504840039700865
-1.1182323085582309,0.43312926095904103
0.4529361870687905,1.2660034076216817
-1.3309044903075016,-1.0776587146270398
-0.9206908182939246,1.0769480526032849
-0.722533681225513,-1.0923812055209041
-1.3295075653655097,-1.4033660374975256
0.37714074229307587,0.4700611574696332
-1.5044845693375544,0.1564634051220717
0.2664196237940217,0.9562810059476421
-0.6158071860717755,2.1749204248193563
-0.18290017875349152,0.35067983269407105
-0.2568166124496502,-0.03139046432990679
-1.2157615779856348,1.0858041661302402
-0.30358646398964007,-0.5741194232564724
-0.2102324403873317,1.7247798376252155
2.6606763252393444,-1.2259665890706806
0.2499621066842172,1.371003333909119
-1.4169591685475404,1.9615980436379505
2.4081917553889007,0.9543752168767391
0.05675787507166489,0.07380109513304994
-0.6012750385037653,0.3671127463742825
2.2874341422931255,1.8908119578437403
-0.6749476038988579,0.7555311556584646
-0.26607388503784457,0.23924373438065302
-1.7478886550443569,-0.21063115100372803
-1.084701837482811,-1.0088969171434623
0.5035026825355869,0.8003101369738375
-0.39781225260597275,-0.6783219226395985
0.5047399104116682,0.5076274852510598
-1.6946399260031768,-0.8010724012322415
0.14263398696128493,-1.1003795552209428
-1.7655730820148636,-0.21350464458423468
-0.07794141220499759,-0.475151979273353
-0.5356310635101071,-1.1982675331773012
0.8431709010682857,-0.8470983244481203
2.693739146031107,-1.0604900558374546
2.8344864602838475,-1.8729372215422817
0.026741323734081425,-1.094374341031516
-0.1386672995758813,-1.3619498872806883
-1.118931447418407,0.9502018326445171
-0.46306107810628166,0.3017049595134482
-1.105392659425412,0.20556551223038078
-0.2949624789475843,0.9832256786143171
-0.10180312320321575,0.42487268423058927
0.17151869680381365,1.0101138393196847
-0.18431870828843602,1.3339772722785557
-0.8197627897415072,-1.1732570047930782
-0.7298943019921181,0.5772936955048101
2.866434950506895,0.38793003455789415
3.1617303753798747,-0.17098075891692338
-0.8979597258280941,0.5787075422787428
0.016094658878844183,-1.0031521245875088
2.29004935162279,-0.38392943361315474
0.12455837434834835,-2.1606585173039945
2.16197453689461,-1.29356455263732
0.06112775968274956,1.4280102991993102
-1.3750947593456901,-1.2203096397382676
0.6622698661543106,1.227523258780311
-0.2146341177910541,1.5705352082339108
-0.7794920619374914,-1.8248919212516124
0.3658957375404788,1.2070053498498456
-1.2230170163908076,0.08461553548612223
2.4612923580939388,1.7374833203847335
-0.013372861860164668,-0.4934713457505013
-0.2578997737930183,-1.2997090844415489
-0.07974847185763595,-0.5865151610153319
-0.59049179387024,2.4298398354089015
-1.2704905942091838,-0.46202675415752187
2.4449203208943655,-1.8941636724333735
-0.5405349990822771,-0.9312226694804211
0.5426570236415276,-0.4229574772941266
-1.2341854322662915,0.2654339134779672
-1.393507462444275,0.4565988602177386
0.747283727630315,0.9215406318373007
-1.6904839690102862,-0.76384106050236
-0.9936119104896084,-1.1896730354021716
0.5426142039027038,0.3885107102224563
-0.19724794959020575,0.27386350043404034
-0.05186697002581896,0.7610535066245013
0.25210693042178034,-0.4706966662613374
0.472958439981186,-0.09081721954497919
-0.23864546189138372,-0.1475722805253027
-0.28208063922304066,0.05713535481914875
-0.6553962859419543,1.156410005101526
3.134425398904171,0.6938852418099204
-1.3998998970528471,0.5830529591624702
-0.2395550396783251,2.222824500872917
-0.3101283276807297,0.25470136174821956
0.00342523442671714,-0.4750790627019139
-0.40948216768711143,-0.3570596793134486
0.18067597942397007,-1.0496358795724983
3.5864508917287856,-0.13632709887791283
1.0964626016526828,-1.5525120600746367
0.3206150642159757,-0.6876949449516603
-0.5138667246402404,0.3499914109518823
0.46222415930264954,0.16803442412902314
0.24198016447702386,0.1844048062815686
-0.7772210562207275,-2.0140806155518898
-0.6338055806605,0.44557403589786143
2.3172440145352695,-0.050946100503148156
-0.8923534965396068,-0.1877026430738018
-0.11805096034904791,-0.7328835697667977
1.0564161194822401,-0.29417775354448517
3.158171659557563,1.7953820950635582
-0.48310349746975273,0.5427079750131392
-1.256161562841284,1.2789369995619932
-1.4008759497211172,-0.5212017566388198
-0.15956602915639712,-0.4402007664679268
0.369582407668049,-0.9720380887804023
-0.055375153586678376,-0.13669563552945707
1.2838616615758511,0.21654640272860004
-1.4677525151406607,0.47822658886108216
0.3048208551188903,-1.4357246017265426
-0.7508718861785093,-1.6556672475398446
3.081045430885897,1.647203841962194
-1.5266407730289353,-0.956638906882568
-1.0683682366234453,0.634705327270666
-0.64455750208107,-0.28074306961521966
3.096486057514068,0.11831555276546872
-0.33882441871754865,1.4257267825514421
-0.595715457409519,-0.38966078161811335
3.2362074660161704,-0.4268364332332977
0.3147864414036812,-1.1814595673174697
-1.193894662247086,-1.379165756763504
-0.2651700434278801,1.3767977094034607
-1.0387006803365666,0.04694871986617895
-0.35553805403727223,1.2219978222430483
0.8290967593678302,0.8476093960526084
-0.19908898798053562,-1.1366545120055582
2.601042824080235,-1.1820945603382789
-1.271721881888694,-0.35679602053265586
0.1572449891351705,0.24652283019139978
0.22411826988287925,-0.6027087500345087
2.241540693217356,-1.7052483483558467
0.10102077471585538,-0.9736013089967193
1.7784580610628686,1.1475862470562173
-0.8696877917368321,0.9878409254212894
-0.700477597317864,-1.6004903983940826
0.20868084814283527,-0.435733698984986
-0.29785460208534226,1.6366397825844459
1.0784352738156506,1.2013498111780214
0.1550680888016674,-1.2440279061595136
-0.8948413751313036,-0.2893866045703101
0.6751866535276331,-0.8808243896600008
-1.4191860017471196,0.6308807299211794
-1.2475247284949995,-0.02003389010580392
2.963021262805042,-1.8977814934130026
-0.5938941715023762,1.0249719298887474
0.9987676949627973,-0.6793605656578177
-0.3582983888345462,0.1878764909661332
-0.6714680082425095,1.491331634340176
-0.43814276171176125,-1.692949668478654
0.13596075447740802,0.25922259501131395
-1.2507170125441671,1.366930918307698
0.8891533187457157,1.8728947340210054
-0.7929800338657319,0.587847714224409
0.47705591841867906,-1.0486658734361396
-1.2470548922662885,0.8715828039310416
-0.03983049335584218,-0.30751079757243277
0.36865531895476805,0.2452859281269289
-0.956158489272295,0.1211722282410008
0.7556930316711918,-0.8339328826281205
0.4042663990353765,-0.5255694883460447
0.3346672615594904,0.6436579941542979
-0.6517497502767492,2.342916562214165
-0.6712459485539902,-0.4010883809607817
-0.805483141876293,-0.597117913762705
0.4441225642779521,0.28817213392681956
-0.04522881500641473,0.7516126963411932
0.1757148680427777,-1.1064883428201122
-0.34480836077694593,0.4421602761664916
0.0317517388342509,-1.0844136879679689
0.8042380702874738,-0.19159264015782962
-0.42617774271710507,-0.7323739604542382
-0.024552898497402713,-0.27355716217044285
-0.5069633563582052,0.789257220870345
0.4187389192892225,0.7004794974114217
0.5710323621883565,1.4571906454522447
-1.5354518701107311,-1.803821318097544
-0.9110216386690262,-0.6218075320147554
-0.5760350122166757,0.6376241661555343
-0.13781920121286992,-0.045014586829631484
0.4687888005173732,-0.4792897946093149
-0.36603528980999217,0.6108533526270952
0.18618810332919666,-0.13630663427385176
1.5861487058232628,0.9897786360672517
-0.9982473481273124,-0.6241183167775144
0.4409744527459691,0.1552309343232728
0.6063933440393251,1.0921484954846974
0.11142370108572039,-2.003216247052691
-0.09833796340077425,-1.1864088244219855
-0.0821110516688103,-0.8636245543376886
-0.522864803946083,0.0450676750889156
0.8492431325502587,0.7529630348334583
1.1578530997826606,-1.1572834691271128
3.5488079569985755,1.2411238311047488
0.7574917496541028,1.4430157201817904
-0.8407967963539359,-1.7342745217823952
-1.1381245454562,1.9676063433986035
3.3396964674172684,-0.7807200506586428
-1.754520999682884,-0.22073824351452667
-0.831493165303503,-1.0256953231374288
-0.9258819856895669,0.4329441020781602
-0.6206623617085507,1.4430451829017417
0.1415853036870134,-1.014580941781236
0.39082377255500206,1.20635082209328
0.667406259214087,-0.43050362060907893
2.8693460171330614,1.3908673474513964
0.8041290594706243,1.6774393613555683
0.7930085203318562,-0.9685991039631083
-0.4911186149996674,-1.3268251184892128
0.6808690021135514,0.33301416879558016
0.27952305362740254,0.6741452250480097
-0.02467702434724383,0.7409549526357583
0.01961446320145791,-0.14449878802176402
-0.8323331875568754,1.3486573518631912
-0.786156748732047,0.6896236462358283
-0.626550765822618,-0.7169821017616571
0.11623024660279482,-0.4403249148243867
-0.9502235111678865,-1.2168399980826698
-0.11573638151047555,0.2623003014161736
-0.7029355852586743,-0.869043028741796
0.4569738341725252,0.021512579609945737
-0.7792066024400767,0.9513487834903376
-0.3966821834369755,0.24455200950428546
0.3135559071071556,0.9196119193072284
0.20190160571064103,-1.8895116237096494
0.03752313580553771,0.4650740956303599
0.8722037372469567,-0.11015428364400111
-0.12554041861959017,-0.6784648217873439
-0.7991301625510012,1.149415882408362
-0.8847010565313191,-0.4253428274749571
0.053640203553958744,-0.550666858644986
-1.134424742221098,1.4644622244260934
-0.24901200805040086,0.20306398525826813
0.04564267673409209,-0.05541071478324055
-0.6925728731348827,0.25517555607191067
-0.9033125722151069,0.7891076958518676
0.26294920297409374,1.2624523320710395
-1.0616456206368827,0.4399278397275513
-0.2363731534282446,0.3344216928509674
-0.962137843913482,-0.34140837574139554
0.44414711412764357,-1.3955231903267717
-0.5739232840181259,-0.6752939270165145
2.17642714474896,0.7575451715992786
-1.8553472603613979,-0.3232959372101979
-0.9095375174514317,0.04160978790424282
-1.2128388850179062,-0.22704070731818277
0.2692300212730658,1.6626648992866104
0.022804345777469183,0.4466699065347542
-0.2585917995259425,-0.13100174787363209
0.20708901885476622,1.4410636502859615
-0.3163747476943136,-0.00311044478921123
-0.6836468750716513,0.4254945358525904
-1.000140171493484,-1.2213274889362344
-0.9031852915091249,-0.20769716892452203
-0.6607355796737387,1.8859554083129098
-0.49569427133559874,0.9049922624330343
0.5556877430851981,-0.726756401825971
0.8856125890092337,0.1792694135421704
-0.7530044099752337,-1.3456251535846908
-1.4240580647429437,0.909677491816313
0.4091066692385627,0.39559832443377674
1.7716560411070406,-0.4876882439348001
-0.2676782980700545,-0.8845163213294217
0.0544909074097206,2.108633777159166
-0.25000229255298334,0.07222612044580802
2.076927030516202,0.8658580666273823
-0.2801747625330456,1.1185273737623984
-0.30861835386706843,-0.0943939749098258
-1.173386914289406,-0.037821507755694754
2.655525026745979,0.6213528611809165
-0.6590865745766475,0.33305538598645634
0.38600422374609006,-2.200343845096567
-0.6256065857306944,0.37552071584137925
-1.161091164553369,-0.4702272736529465
0.31546157977755657,-1.3394949000726382
0.5938688410352134,1.6085854417809862
0.49741423729384177,0.9950450616316302
-0.25398802486518224,0.3355040928728611
-0.6413618091241815,0.29087772214719154
-0.5581380401580585,0.07457638252266295
0.043181404121446644,0.8262334201430395
0.09879743020770518,0.8659834503356321
-0.660451157362611,-1.8658599511412972
-0.2084195703538163,1.8165951165730876
-0.7138090270363349,0.7615173159044193
-0.08410392061481387,0.4063576222526937
-1.025180631812386,0.9664598209115275
-0.9847345425460781,-0.18833796531080224
-0.9483839053396259,-0.30960063801581433
-0.5682044254056657,-0.30833805613713927
1.8575185503094467,-0.8013936557500378
2.9704802310293217,-0.08105299904095338
-0.47073431371274377,-0.4635308553022916
-0.8724155005747753,1.9613122453424596
2.8297873572771595,-0.11916982644092279
0.3888270751535811,1.6745014685272281
-0.6344293035742444,-0.43256588978538274
-0.7097998380214173,-0.8128261908833687
-0.414351625190185,1.2641024179347804
-1.0007463036971809,0.26532182274461874
-0.7971732042361634,-1.9779621801061127
-0.14047537817159245,2.38771957449711
0.455272710264304,-0.7648733808020337
-0.5071057465173704,-1.3451441818141745
-0.5853976711858968,0.2586230582128103
2.320442108965314,-1.4574588117107572
0.7794211022191604,0.6070533067617178
-0.9591144817986308,-1.3576998296352845
-0.2539153942591803,-0.8545492363681358
0.21268485034416645,0.17321546532496945
-0.12576836847269474,0.02178662343451159
-1.293152890104238,0.3210152775233007
-1.5974608801689527,-0.39245916402212083
-0.43643890249509554,0.26789761198261625
-0.47936916613356884,0.01406060141496468
-0.5934808319036031,0.10012919635400991
-0.4703638438847801,0.8027150868565677
0.9196753331398733,1.257867438950184
0.9333122645709488,0.6791356756106955
-0.3529065567439352,0.640863000473703
0.4651779658839315,-0.8522129233672663
-0.171846244311746,-0.3100291838829572
-0.07006527592652742,1.218565311720393
-0.9245662370428984,0.14237669119348756
-0.2554981284945373,0.8525034448347113
-1.1515290936035691,-2.3330467625813385
-0.008271416449166978,-0.9692409004947473
-0.5815757240264136,-0.4376537426153594
0.21069253076155342,0.11853955659206777
0.5675768468020174,1.574069400713435
0.5519384265317169,-1.2205329302387986
3.221260676103012,1.634631311069966
3.0090686485978306,0.30518155625596904
0.28285108428816524,-1.7664275037599073
0.4837844245698268,-0.05127479090015215
-0.9393403507702235,-0.8534002424933486
0.007297997650954964,0.4967474515318015
3.644015404644461,-0.8904656948280579
-0.34165300630201667,1.0588322253486744
-0.7657646551387867,0.7119905736781015
-0.6312141677975425,1.8503687216943898
-1.0564349603894412,1.4156251217930231
-0.6006479808862002,-0.28456458139348045
-0.24309850472325145,-0.6452621396552085
-0.6387685441514582,1.0421969902969836
0.06168909580197094,-0.7024777727681306
0.5365245356982916,1.12377944007691
-0.871953061276619,-2.3309211366994607
-1.1497258679861564,-0.7468287302420822
0.29828610455505283,0.044730948160590346
-0.9870469354395967,1.3155975688788015
-0.27511243264134033,0.1472751712412623
-0.8942091065282377,1.743666738368118
-0.5599691002969978,0.32225043971099127
0.9643137596099198,-0.5386776788146646
2.1115524135124377,0.48515068774450276
-0.320597524912329,1.1301636409277975
-1.2828279851735551,-0.6557524985170463
-0.9346149815484723,0.744631001720769
-0.10165239137432328,0.3936886658471765
-1.1216124580301237,0.5344160070285252
-0.33975642868432776,-1.0305299259630918
-0.38549161918495634,0.3581718102288696
-0.27529490723088496,-0.001196723877383349
0.51247866349688,-0.5688247940566384
-1.3551802942874775,-1.248632070588192
-1.1471670012988213,-0.13791022277043052
0.7453037877722489,0.5469232897623053
3.7153579364040015,-0.7601173191097199
0.683821036368776,1.177958711819236
-0.507171393811814,0.6644479276130685
2.9577855033445184,0.134874634098401
1.1468758340017369,0.15901620593475696
-0.06118613565693969,0.3547084912918172
-0.40264848475433934,0.24615425230641838
-0.5506364617943571,0.036024231808725105
-0.300546010496146,0.7194159573600065
0.23445753088376042,-0.4441110116137791
-1.3596922852544249,-0.20502736614264655
-1.1608891470800398,-1.3696825351709672
0.24281184506066883,-0.024362447651119647
-0.15558678640415974,0.8086312645262161
0.9919509735929741,1.1951563525364879
-1.078062929080422,0.9775030255730617
2.453530623465499,-0.6880598048970379
0.6162523710124082,-0.14230845973986592
0.23086762166418706,0.017937843541359792
2.9533402528189874,-1.203742560776153
0.4132899113895892,-0.07640433904064245
0.19465937461690003,2.2736019189308916
0.17470462110871376,0.9673550190235735
0.7707680596929112,1.4241340996151741
-0.09810071447536359,1.2640939006111749
2.1836272594548762,0.7813610576521662
0.40605657132896605,0.5964656972086825
0.5247219490779905,1.3046403809540772
-0.05222300399987586,1.841889551799928
-0.8256586523266233,0.6602378693074825
-0.7341400607533618,-1.7914276233676512
-0.006262135303605136,1.5631658580523267
-1.6380330716307536,0.3215437892032389
-0.689897203324361,-1.8458652737144836
-0.35453231473771013,-0.16111496912998274
0.36665533688151225,0.8636333398348706
-1.3452333176558071,0.501876369976561
-1.0584753607283648,0.8673072180475272
0.4600902029438559,-0.025202134288566047
1.0166166604690046,1.7523525093236376
0.7250137958881802,1.324388434247309
0.643112265128687,-0.2619876404340305
0.18074949322865053,-0.41175247111746816
-0.26722589856378287,2.342430461843456
0.18434664539117013,-0.39007057669397105
-0.3158212038814291,-1.2926711810120042
0.5016870771936274,-0.46596646202332553
0.1807657014086148,0.07013762569687232
-0.1375410644421096,1.0357788954604732
0.21258350201795945,1.3692241463975243
2.9705912979755316,0.7169384201220282
-0.7574053339959715,0.495970970023836
0.7695386241231668,0.875889415593304
-1.6159360200940465,-0.344558173539786
-0.25357666719186883,0.23204079228866478
-0.5324640084897154,0.591025083289877
0.1596531239936131,0.8866253560464643
-0.6062705481703459,0.1678595224485282
0.16820481819365518,1.2655532442655624
2.4079194289990173,-0.14596616820747269
-1.0441261573295813,1.4474022026803008
-0.015382692369117122,-1.7012200189742914
-1.116661195084628,-1.2348276146555925
3.7254328673409303,0.7777105368052664
-0.7775444642354538,1.0743480808216224
2.225683572134271,0.7307754243458049
-0.5207932102098981,2.0976995776597542
-0.2089257867933752,1.6039570948086432
-1.468250389910492,-1.8999968539712944
-0.10578578044298201,-0.5058585661857552
-0.40714632367068243,-0.8953743671100752
0.7038530579331599,0.43551769671109763
0.3820250551977529,0.03922697753621073
0.8681380516021013,-0.35227020442779616
-0.16096691794930829,1.5282654223036414
-0.31687173926546647,-0.5533971499255607
-0.7283855011091384,-0.6108883241335877
0.06701671316020744,2.263379498539425
0.5753292025744429,-0.3628581171330181
3.483108788121355,1.6612273507612971
-0.5348298729727248,0.46411245524151373
0.5226626052506586,-0.9000289396550504
-0.2018853691533695,1.660797652009239
2.7407813239609804,0.5825802881733227
0.017847068431502335,-1.0850374073101374
0.2414127341736232,-2.1977745301532083
-1.0767548429243963,1.359958935129232
0.3688495441217608,0.18675800235355614
0.3031132416507076,-0.710000558717326
0.26014857972684613,-1.1062383299631182
-0.7984739676655345,-0.664970867210438
-0.10477279820047375,-1.4052406079801503
-0.778683628457163,0.3212188167458386
-0.5357251688933679,0.48147189747388974
0.43179166287354237,-1.4176636138539007
1.6684302710431138,1.1362814266428571
0.28777341398535333,0.9475371347301283
-1.266033722921899,0.8374946351288184
-0.8492352376627146,1.1839084145340633
0.13881519465794284,-0.38639550436296183
-0.6459088775556018,2.6846437665416856
0.5768257035165844,-0.019382230556113347
-1.3259835931723825,1.1330272714902527
0.556665098499843,1.0486809816518667
-0.24132188508489003,-0.04237220373874037
2.889458541393492,-0.17083785976917798
0.9081261294210468,0.8827183480479314
-1.0382665451396191,0.12498198554833646
-0.7710746817869755,0.11092253973464328
0.21692712041398104,-0.6283652888516918
1.0212994254800343,-0.3154009672882573
-0.4180631289707492,0.5946258696222952
0.32493092787417915,0.36032418219991713
0.46979015641831917,0.9371103499382156
0.03203699431207172,-1.628671821549135
-0.33090963057076817,0.6302359136065718
-1.243988036813337,-0.17205255735280753
-0.24832141487954595,-1.4689220036823918
-1.0277733474217188,-1.109517532561549
0.21430930559156625,0.30401076725210746
0.41259658291028994,0.4211203298507266
0.5163422518846975,-0.6389700846280316
-0.0770973518968058,-1.0038606665481349
-0.23946278640483012,1.1965604878684626
0.2428273796413567,-0.32659663096340175
-1.5962359522337102,0.846516090470404
-1.0228772041558856,-0.5356350605137806
0.5199375519374514,0.036187227442201784
0.5863650767264584,-0.8519818128776507
-0.9083983532297226,0.7947390519800266
1.1297677283677485,-0.9519214576021888
-0.08778813923724216,-0.7723529302640921
0.525266397838163,0.18482431279938433
-0.4878734587563851,1.6213368088355498
3.6408041771068844,-1.1598523032781873
-0.6295657120638419,1.6221267846912204
-0.7213887066229268,-0.35879984423922734
-0.42047905613552855,0.7954506795118786
-0.16977405118018504,-0.9616758548124165
-0.8127782451641486,-0.7691311068604286
-0.8722686769850085,-0.08341977607059625
-0.6284604765478385,-0.3035192701076291
-1.1084830457849821,-0.9281364457519559
0.37770927132325777,0.20292432325784215
2.4146198168253363,-1.8468983073402254
-0.3343209734399226,-0.7727913391492868
0.710539843072265,-0.4049392038829002
-1.6356581120950322,0.2787117491835018
0.13446753820710167,-0.23445005683958403
-0.27997985818696847,-0.43256265263806337
2.038378068230973,-1.393364383785339
-1.7638355778957948,-0.1060973564446564
-0.19125449293039992,-0.06906873126858849
-0.8379960432909945,0.4665121249479576
0.40569144230219717,1.8470464104522093
0.5026651117873567,-0.18309117917257647
-1.2211886915603125,-1.3375198417514969
0.5866368537529512,1.5730176575298451
2.9121500987923334,-0.007806947851130451
0.09214942675260443,-0.9506718243127914
-1.7312685757445034,0.3481791546325728
0.6048960897141992,-1.2471681440920392
-0.15289019117976976,-0.45743758134708795
-1.4184746129780903,-0.0382292598025855
-0.721636199359816,1.3893787576192946
-0.47200518649122863,1.6825917887421777
-0.5064552878088805,0.3484198249880531
0.47725931842209196,-0.06522199440440371
2.870020402123952,-0.7630087383036038
0.5825340345142633,0.014039656018619132
0.27984460953236284,-1.7608080536787665
-0.5334873885313108,0.9889691254758246
0.934585742842184,-0.12462163308067847
0.33833388947187076,-0.5424206906930132
-0.39732292352546267,0.5449881029375944
-0.6852558755220716,-1.2192514222600388
-0.5198069637621352,0.38289345474637587
0.6437697627605291,-1.4051917223762829
-0.7801826551083464,-0.15290593231095256
1.0299097280511678,0.890702900248078
-1.277608779236792,1.4748582008036093
0.7264639884000686,-0.6909695647083258
-0.6433866748824167,-0.5596743649105863
-0.9121094374625903,-1.0314915663519382
0.22517803013532256,-1.6796314644928574
0.38769570323820873,0.08044486870679635
-0.8809921582435054,-1.0982316145155673
-0.06158381085933103,0.809413026210468
0.6392299372720552,1.4723050715968473
0.3433299485018418,-1.6678255520905432
-0.8460806365707699,-0.19526038928358574
-0.043781073999668234,2.0940086885325924
-0.6557681085482788,0.598601883443133
-0.021530764925026584,1.5273715698860415
0.8530215863716417,0.08403014139524852
-0.03200201828598578,-0.2641895716107604
-0.6582983873311028,0.15163203944372824
-0.2387844931748138,1.0562324051431053
-0.8745814037138151,-1.732079064900304
-0.09278870590171506,1.0437825016040918
0.03336334477742157,1.902697605497756
-1.070069909895057,1.1729774521819707
0.49482282443088427,-0.40974962416489824
-0.26538329186698956,-1.4327422545600068
-0.9751522253614944,0.2763766303009847
-1.0110634663535125,1.7807827512173315
-1.3494810583425103,-1.0454655159453592
0.6076283859703525,-1.6996535616106552
0.018673692017254863,0.7215839945511133
2.395615133573659,-0.8684738195654048
-0.9371070280106826,-1.0347929321977731
0.05924513009607089,-1.9882597116740786
-0.9078258659284295,1.161529732620865
0.9111962695458329,-0.3111137785099112
-0.1398336191400325,-1.773749162455976
0.7808400513018017,-1.5329982028422462
0.47686429874443675,0.35222738769032863
-0.5877608003604616,1.3061717502137378
-0.5383984372307332,0.6043792242902636
0.38425837795729373,-0.14216571216821372
2.4574215767951606,-0.055722626799523056
-0.6075758990179271,0.9598649329416484
-1.0648282602699481,0.332489894749669
-0.38725325360602036,0.7777057763234032
2.749241444066612,0.49521008876978645
0.13504057487178533,-1.1923174615220298
0.10453620121966115,0.4078785827358752
-0.9000467743612585,0.040026295893395146
-1.0616021272987828,0.4125839323375913
-0.8468688238163147,-0.013837042740857614
-0.7659220805472348,-1.0652142428404061
0.22577329496024984,-1.131344217585665
-0.29398978515504964,-1.2507256939373204
0.27255860129721915,-2.1025659148445905
1.074763854465466,-1.4540562447003376
-1.0333016053030095,0.9836659789523851
-0.7925374827951569,1.9886984124655551
-0.17392419779219861,-1.018455098336405
-0.038655628102369576,1.2592018948580388
-0.04973705172184505,-0.891353922683748
2.4052675556552026,-1.7244614156745017
-0.9794113827903578,2.0886293882903946
-0.4448431495380801,0.00798247065409882
0.18752204208128914,-0.7663633812947248
-0.8417349620453886,0.4741735961435777
2.543523107249035,0.21588279589845405
-0.07213371480657135,-0.8163593408206341
1.0382327987988291,1.1857579535624085
0.5950648972626424,-1.8466032783950608
0.642533967446517,-0.6092304182807621
2.326394727811756,-1.8103022888473441
0.7189513330581957,0.33870668702425344
-0.713718076509215,-0.9359293647765831
2.674961863269144,0.5423410720387947
0.9548797727810723,0.9435572101601564
0.45612915029704254,-1.6135235014189093
0.4196004163198536,-2.1635592789993927
-0.8808256377823452,0.5092285339348401
-0.8040035282932003,0.757029976626948
0.34225288134265314,1.5765232362000328
-1.4401609804407605,-0.25971487777037994
-1.03908660496151,0.29465343389281096
-0.4660148846875637,1.3219523070097376
-0.388662558272559,1.4233545325359827
-0.1337262304098787,-0.31213267025013736
0.41584932744031483,-0.7921439168922747
3.592498369341473,-0.17306925366585896
-1.1602834844560252,-0.3199572886553273
-0.7228864305277348,-0.16174192561947084
-0.746384994424644,0.3090814575914855
-1.5594006976008437,-0.6812048245098767
-0.570145928923524,1.305089350191844
-0.9634548953065257,-0.7220236325332706
0.9602285811132654,-1.112486931138807
-0.807920334218929,1.1372054551064765
-0.4346124297743664,-0.5007623476082662
-1.4556074972335165,0.07700484134724316
0.6666056922439955,0.07086115927574288
-0.9791112218789478,1.355078683847021
-0.835389929014042,-1.6384845984408372
0.29072401567850886,1.2892030253810411
2.0275093436872167,0.590277847959626
0.5234034651228775,0.420746471789459
-0.7003827385516185,-1.2843890760454417
-0.18036408958979047,0.7781017738993691
0.2025507616727557,-0.8671302845839696
-1.2061994272521266,0.4347011500750569
-1.3938991974500952,0.7238514770384776
0.4121131439943652,0.389978874352636
-1.082783581068269,-0.26744633154230635
-1.081365730712409,0.24181832950029805
-1.5840338383012516,-0.44252480297214986
-1.048689717744268,-1.172937160935871
-1.0043448884217696,-0.2596387240516215
-0.17678841220452976,1.2894697697330602
1.089928400452236,-1.396714595510788
0.9491868965803727,-0.6038153326000674
0.13314597917955612,0.07566525683919544
1.1603034252328284,-1.2157075183385562
2.5333995461924057,-0.4909289697058425
0.5682987631858278,1.238493395294313
0.05455512214209499,-0.4042369846408196
2.029185633942444,-1.471856178571128
1.4135361776821456,-0.37982669038962147
-0.6017474802252266,-1.8668692830156586
-0.8373503760203089,-1.6814086089754852
-0.03955556147320843,2.1351959228648747
-0.1861672793537149,0.42857856497599545
-1.6390663001080454,-1.1066082535425454
-1.516879136110948,-0.361159666181947
-0.49585670370995366,-0.23644438646854837
0.12309129447741116,0.8653714854643886
-0.13373026846469824,-2.1577766579759756
-1.3605948241180141,-0.6713986734889066
-0.511040118981232,1.5382654011051913
-0.1007778910518545,-0.6265467756020946
0.9305850253126877,-0.8837675626646273
-0.9230575659756125,-0.8779013131411055
0.2684747255469399,-2.005192499492185
-0.2974277896150493,0.019225825814758343
0.1977360043016479,-0.43234021104814674
-0.3330909885067876,-1.5492047404507006
0.572916010718108,1.0124280128058563
-0.45159763810098863,0.19100805999895978
1.250960100227762,0.353419835416604
-0.3346679123612675,0.13830003795803977
0.39320126337957356,-0.9825187362002822
-0.025331237307250808,1.733962269304017
1.6746271777383182,0.3971725857949506
2.548221740676041,0.9984899589935884
-0.5601075822170373,0.2013970400561152
2.418894712854482,-0.6408864103188011
2.3097345140495373,0.9964374012592426
0.21668932212517988,-1.754209928561568
0.4715946105782071,-0.29389180367290096
-0.2967162710303261,-0.8177881792128111
-1.7317983230906813,-2.041796186398057
-0.799657723952125,1.2585599467503064
2.3706038105226592,0.15660406843131988
2.2805581889849202,0.7744081284171722
-1.6435732340771008,-2.078392204890939
-0.68264627255369,-0.1539460725997109
-0.43794319574357365,0.7653490611503597
-0.9581429367648628,0.43728545663666
-0.7341387580069866,-1.1202449556911034
0.32867367508399065,1.1544942411607315
-1.3161571921586301,-2.109022334932396
0.12367793382930867,-0.952971157756812
3.197137585877388,0.61109450377486
-0.6744536874001376,2.4998270836382117
2.5120373401274465,-1.8050025310473172
-0.8672863004259594,-1.5600658718025804
0.11426213710588515,0.1897743950818084
-1.3679931278418425,1.0060722321326607
0.32582887931955823,0.30570958714362273
0.264914706978253,-0.7100123131882512
-0.5986512037010712,0.4590012450457804
0.3462261096944194,-0.4755956683348338
3.0305158649933386,0.10926035501435331
0.8134596418439048,-1.2758102672230776
0.3318783388577052,-0.5524120005948644
-0.7793782596828375,0.14756081796065998
1.8427542850178182,0.028925495494857414
0.8888205318749753,0.5988527872662931
0.11115212807882177,-1.1077168791370708
-0.0200350173658699,-0.1249932965368859
-1.0750830603036712,-0.011444520930867282
0.41332814371020293,-1.4088584289597796
0.008576063340400265,0.21397604524298192
-0.3227840696619346,1.1340156579682688
-0.09458877666298685,-0.524728280705353
-0.707339793951247,1.1227498601407244
2.916037014067176,-1.221113757479454
-0.1308146144203216,-0.6338534426799189
0.8905886058240149,0.046829305927577426
-1.125423458027129,0.40747272214185803
-0.9009714616013831,-0.7207831901692936
-0.0541184828907836,1.2819355324651263
-1.1403214880048929,1.4700203608306268
-1.1369420919159847,-0.6271071382386888
0.07520135201981462,1.0579606640218657
-0.13045201668240303,0.26160336235037934
-0.34584664625213035,1.029396889214646
-0.27393696799249145,-0.9902907098285636
-0.9659402982211661,0.6865617566271214
-0.38528501429341677,-0.02029754888659671
-0.03756858269179019,-0.3269548238046103
0.2795321486801144,0.5044005569799094
0.4033956029324393,-0.8122848821902464
0.4657836285079459,0.19751232314837355
-0.9778839722542572,-0.5957960375036833
0.2928344411306835,-0.6948977354675553
-1.5796543092740645,-0.5827183522972738
-0.11591179300475354,2.1450836593569824
-1.3998558543513566,-0.7689490335507738
0.359970403852173,1.050614822782132
0.4558037603568567,2.2962846279051443
-0.4600734170231938,-1.5281699227351289
-0.8058776121905578,-1.5043266169912568
-0.8230226473987844,-0.6116275229325175
-0.5543362650294589,0.539168350781235
2.8139054025410806,-0.5316660406820048
0.5316517193194832,-0.593264551027788
0.3405925952477961,0.8000485212220116
0.1910406734732215,-0.7467967277093327
-0.21840019188789017,1.9195266683300267
-0.9711227901117929,1.029567208053376
-0.32906038032640494,0.04307252028204295
0.07902384854268843,-0.9629742221295878
-0.44801867604389295,0.5521792905586576
0.25807124981368423,0.34908052388707084
2.6265189263620536,0.6998329014957807
0.6508777540086441,-0.5230158386227453
-0.06927927462603659,-1.46197744019491
0.5640146422882766,0.3701301816447939
-1.1511325671599446,1.2411853613235926
0.07241878906229718,-1.4823153188446876
-0.19976139104596657,0.19584214079890114
-0.1706849317135017,0.7375382589092556
0.9502143146767879,0.8438846129398236
-0.9283050259815985,-0.017865852914697212
3.1725459621694285,-0.6328763298805438
2.6940640608118027,-0.15723724621130314
-1.4039410328480109,-1.342758285874916
-0.7235115860035485,-1.543160503675458
-1.5560860656077007,1.0591965235440772
-0.6028059377312948,-0.1187639008807623
0.42413997624823957,0.8158173235470865
-1.3043596625362215,-0.27449462001562414
0.25687819445478777,-0.8781428324072003
-0.2857091145985157,-1.3009565231258862
-1.1024752330549779,-0.13570316299350774
-1.009203818310062,1.6950573575012504
0.9114822784066385,1.1404688409087544
-0.0014369801334102527,1.6298137841249514
-1.3277810084089183,-0.4727386636431106
-1.363113402355376,0.054252149796683934
0.993665700188409,1.1210670744097126
-0.37464832768957,-1.769711834958531
-0.5436038364606883,0.933792124753969
0.4507860225300327,0.5908767523897521
2.8500181914267464,-0.3991528649198796
0.36854542493923975,0.28638119194429973
-0.5783716096160896,-0.8199018990476709
0.3873312533905244,-0.1615365186767654
-0.6492175693521738,0.7567905003898202
0.5204041832780356,2.2897171596262496
0.6164199902003494,-1.1841644819360269
-0.646292350675403,-0.42540551057871645
-0.6691555653170053,-1.3922243880264416
0.0258672429593094,-1.2308929696017243
0.8900700096599095,0.15413271750522647
-1.291321280601908,-1.251316864988312
1.0351717537267544,2.2098454120521507
-0.2151065595125155,-0.6634468211560304
0.7334607828862802,-0.43888108481396537
-0.24639200728293217,1.7698073345270435
0.21339042873231867,-0.47634662160468855
0.496364251273195,0.40966100739478933
0.5535006489722019,0.6017537005377842
-0.7676042609670475,-0.195248786388754
0.027989572976540623,1.2781257751577904
-0.19578345104010433,0.7734915041164964
0.5061563282054593,0.5136134939209213
0.50604122320443,-2.130021912967899
0.7903139070329259,-0.5239096910403455
1.8716311283501101,-0.508056627846788
-0.6866184021786752,-0.7511433387114127
-0.27157300565123343,1.1697178240435497
0.15202721576047662,-1.3808092167565131
-0.1497381213766755,0.3094311331090883
-0.8476829934736201,1.348002975682719
-1.441208440752365,-0.7144500695273339
2.443943718862705,-1.6737603029113792
-0.5965238166859476,0.9526313340113566
-0.21726835039283554,0.9772087099539652
0.48661103022883506,1.136999199253157
-0.5726652605438702,0.034899420477602756
0.2992359707919679,-0.991096502480387
0.01997904286483613,-0.07042141594200696
-0.9849507918537203,1.6845341471960487
0.21847894505537885,0.6924833423164433
3.744850760375687,-0.957652669200487
2.5572998233465256,0.4291870998903891
-0.15039103159030723,1.973621117453895
0.7693084883250083,-0.9229785445574153
0.19154676009708627,-0.3662546906410834
-0.025481969136143333,1.7651462876874298
0.10202335915927654,-2.3744213503995617
-0.8904112396387639,0.19471070359704679
-1.6551378925929068,-0.9395906396077004
0.46625401410004746,-0.23552906813806496
0.8368680586286643,0.5670332950697868
0.15525999227921206,1.8872941439103432
-0.17226909851092778,1.9413122877393598
0.17741927662283385,-0.47029914768212644
-0.13354746003986556,1.1432900601619813
-0.8154455733049429,-0.8336756981419665
-0.25216934445078987,0.4077714690266264
2.173574556678191,0.7496878533268181
2.9104216897259767,-0.28495890405880925
0.09533467187841996,0.4991314560181862
-0.3030385265380385,1.4763665816379574
-0.31668387384274144,0.7322809124184576
-0.3469000467603061,0.7621136155556038
0.45067167091198795,-0.056917901499236194
-1.0784364739808185,0.9052663062576002
-0.23319510121338963,-0.07912626457370478
-0.7144691301609272,0.5623560624935761
0.5495179917324358,-0.3289775498785603
0.06855334856471382,-0.7586946106265579
0.011181628253962218,-0.5663625928225285
-0.31446962438730325,-0.9375591788457935
-0.17936424045481386,-1.7971795875527643
-0.6219231204912508,-0.44160948464166644
-1.470203593973813,-1.4591901149273065
-0.6849373204856437,1.0282073754835035
-0.8865066836218883,-0.03342735684419322
-1.2499686942008994,-1.3058158290117514
1.1527948079457748,1.6596127211198617
-0.1746701944460182,-1.5355583268601845
-1.8175410100581542,1.2686265194047501
2.5767040339103597,-1.6574173404498183
0.7975759147817685,0.17688540905578576
-0.9023040976071004,0.5804562245281271
-1.286904617980888,-0.0746483335860049
0.40441064130430754,0.9553564966917383
3.0985004754412304,1.8470501283918133
0.17917762637206286,-0.7396363485026662
3.116189410046239,1.1591930515016653
0.10504692529372175,-0.07021396597033486
-1.4571975541955278,0.08861030009824546
-0.011760107158227277,-1.5352967111083586
3.434188772042607,0.44337173660280155
0.6145505679251024,0.5638676804752437
-1.042186086373792,-0.6693038560214254
-1.2483356932641783,-0.02010710982942978
0.5374970996751325,-0.9422679171709223
-1.4924245617609586,1.2652364201913235
0.25624217160020474,-0.22462485187514186
2.15733985263989,1.2678309189871693
-0.38490312772329305,-2.1136462506390674
0.2281859374531942,-1.181972262201255
-0.534496616522302,-0.798220156200267
-0.816122563788584,-0.022164947740061548
-0.351131369667643,0.7404742840174284
0.4515547169237782,0.07776007430667653
-0.5439073562478332,-1.6708632591555852
-0.21922942096639314,-1.2294600688843196
-0.33634824067131436,0.3547900767629553
0.11048738750403378,-0.4482435467734547
-0.5130226643320487,-0.17871727632289944
0.23451415732939213,1.2044444006539992
-0.32061701776412815,0.7984703093874503
-1.34457451727759,0.029854955710856387
-0.6500421368085665,1.617192519204949
0.6476847165764918,-1.1318917832090751
-0.5264087385706916,-0.2866444072427171
3.225790857175383,0.2515372704882201
-0.9141749370145957,1.4285439394794412
0.27682255016388674,-0.07333393210832978
-0.6206663997633703,-0.4025988048240969
-1.2196694928782454,-2.024263861781447
-1.1215325046974671,1.039809900239373
0.17705010954124528,-1.0653624221644378
0.04614034748432947,-0.9976861102739797
-0.08435935964564845,-1.7046557666442663
-0.7175218335632741,-0.5791419000846141
2.5349799587383144,0.9918683249345398
1.0016691171728611,1.8179795006270691
0.010683204120740093,-1.619927950331621
-0.1979581654285537,1.7820601731381578
-0.17707243913987555,-0.9834922826361467
-0.9318813825459438,0.9633282518787007
0.15833464003850023,0.002731446881846253
-0.8866613737218921,-0.6361708533134098
-0.2509834022191455,0.9833600604384568
-0.1979752067752109,-1.9073871495492236
-1.0495947878967076,0.5067290499916944
-0.47851668995174956,0.8081693466991716
0.22762910896847482,0.2577852392955312
-0.7688732316037807,-0.08222204816803483
-0.3336172471615361,-0.7688780084322082
-0.9801722848777664,1.7608187306288217
0.293162640583214,0.0581583088846026
3.1264538544960647,0.00872471379081738
0.8003271545263309,1.380751408400801
2.9121988587277285,-1.0067270534656252
-0.690045329660503,-0.4723159199779754
-0.3107248952520321,-0.9647685528355205
-0.06679051283566123,0.4676432589976254
-1.3715553323555834,-0.19786698693598034
-0.016066925795704366,-1.3734400181510227
-0.5339754148654458,0.43684176757517945
0.2749530536847397,-1.8137046233239802
1.0162702709110503,1.33878580110768
0.09630162949397772,1.7731308398875765
0.15472060051693187,0.9917215562710974
3.1322511540954032,-0.833920647364911
0.6319231334387371,0.12767121121412828
-0.5048703676284697,1.1404865491577807
-0.5592440290570464,0.004381684321680639
0.3926730227993653,0.6191874287687513
2.8407921122358135,1.3757953326160228
0.7246056431029934,0.06593849668430318
0.6042755216565956,-2.107600819745472
-1.0776854203291064,-0.5930191210125589
0.06136089634944051,-1.4555338171202887
-0.0880279694834886,0.3028023511535863
0.5295086679079776,-0.616756441377277
-1.5744807826204554,-0.9238831509592328
-0.2474233836504585,-0.311820125865477
-0.6658454409583638,1.0389075304981672
0.39284064198730645,-0.4226685934274097
0.5122447734472044,0.3188785692631285
-0.7033025663952089,1.0350131021484674
0.07513419795940182,-0.9241287325505552
-0.3220557935338566,-0.5457663355682444
-0.5524465965194282,1.1186702729101439
0.47009435538454863,2.049203633220681
-0.6818562331983795,-0.9888448367891755
-1.501297342286279,0.7848872525025083
-0.96704615730446,0.4484630431223342
-0.6095498986794222,0.3977956727687415
3.564752144541569,-0.03787128350361385
-0.6096466595874189,2.1147902562438503
3.3799535925340702,-0.5718797285784222
0.8068773598871477,-1.613654797671823
0.9677447251465674,1.0281388901777364
0.35545294226833685,-0.2547031128709042
-0.40623338700800604,0.07243493984463228
0.022675638089226104,-1.336490261815311
-0.7401381548633633,-0.5898608058905629
0.6232726166215302,1.0754008665474715
-1.172841162782858,-0.4864549082338398
0.2543642036356364,0.3684938932809447
-1.21162839293657,-1.335147440159944
1.1257969014891385,-0.8779360560373429
0.24851566842384598,0.6997900093942677
-0.43292764386180327,-0.02836246870682285
0.036673734696151074,-1.5230438724972444
0.2552336969921984,-0.015973380551401458
0.6723223649114017,-2.0613023752174566
-0.46116955748648514,0.22773146399562053
0.18917180056136496,-0.32342265062134645
-0.40019760994078124,-1.136927882228309
0.41511646389402673,0.3666521742416839
0.11395848750304624,-2.246976973523941
-0.8130847658198259,1.3086255857003353
0.818477379670729,0.4295976082923148
-0.41904752330874634,1.655956574888937
0.04592279543031195,0.2040033345563231
0.7751533991009756,1.2643926474959433
0.9681637453105236,0.2516522691526968
-0.07164644185542116,-2.260072735919821
0.5188153548584991,-0.515897567573121
0.30459934479376166,-0.867962671748869
-0.46381609002910507,1.1660628719309778
-0.9836780669654696,-1.1150639144951573
-0.6425236710858165,0.5679683646782632
0.11641285100803336,-0.45975703500954584
2.743184871401213,0.7016969116258328
2.1739768192987925,0.815969220810722
-0.4294979810715311,0.8672714326090306
-0.1913149534112571,-0.24276929293908908
3.161248159426617,-0.742656019611675
0.4436403483246944,-0.28350312676793227
-0.3425627881085521,0.10873016842377825
0.8024355980530458,0.21803008050274575
0.6017706258901562,-1.0307087621254274
0.2019192464526745,-0.9043428745225658
-0.39910071609450526,-0.8969885159592265
-0.17778656321734923,-1.488843612961673
0.5826710838722335,-0.36838559669924775
1.2309262265536123,1.7493362681714788
-0.26365029538242235,-0.6346043959497736
-1.3081570598460128,-1.261913143441046
0.7238811212264326,-0.9408508332496702
0.27505570475732183,-2.3385306367199874
-0.2353231674075976,0.9198057470878083
0.10102022535246477,0.35105677632656485
0.7499035243781895,-0.8322148572170399
0.7363543385861072,-0.5890165364113512
-1.1527544911184942,-1.0356474588773708
0.03180570975514677,0.6013968771237278
-1.6617194211666793,0.718405582943386
-0.8991358938279419,-1.6591878178282768
-0.7604962697189322,0.6869270973647835
0.6685570441975504,0.2835298378784913
-0.33825268479924014,-0.20332328980755107
0.7434823720494121,-0.6998054064407507
-0.6640871412411204,2.149190817854641
1.946448668347789,-0.16289367584929304
-0.371389568759074,0.3179748538274768
-0.8330668044861482,0.5116126899973182
-0.7894628350358688,0.10413571543705813
-0.42902944758919537,1.0877054589693282
-0.7261950481204069,1.3988076618555843
-0.539191211894488,0.2648166684304373
0.10016576724518575,0.37832746399289907
-0.635114839747207,-0.7759685566386615
-0.3832110988677838,-1.1575156221589877
-0.23053358345347227,0.004966229501939953
-1.1915469878695006,-0.91276379257894
-0.003247868241465883,0.7166190722265382
-1.7320893889493791,-1.4779901500227846
0.12239856539348817,-1.3413824191445403
0.4964500149867284,0.8955069978115305
-0.9956754281161541,0.4489830374786667
-0.35556533919540817,1.731231826447349
-0.8332937854281656,-1.2695480201235898
3.209390515874601,0.9901569253941914
0.25170336505480345,-1.2081607014217888
-1.1458940723909765,0.38299055386147973
0.3540664151254322,0.5724422096080293
2.948322045412481,-0.3727758780950524
-0.9906994113013726,0.3165429298640738
2.2865601913340474,1.5863893139697272
1.9876186503435591,-0.19796051968757383
-0.9001670661758743,-0.4203164398976813
-0.9195675224881913,-1.0202833230279604
0.5086463185383097,-0.37398599283691647
0.10130493146689504,1.1314567280686827
-1.772987044555266,-0.3425819211002922
-0.5914165608940727,0.4573138764730035
3.1585458836370437,0.3750567137519308
-0.6456504376562345,0.11324507896832726
-0.7838648176014147,1.335406935848641
1.1074120329120802,-1.0349196456089216
0.37123414807358474,-1.350476791057565
1.0272176460410876,-0.8106452051029844
0.05621137018213249,-1.4734062573886368
-0.33010127129433986,-0.7120562020228979
-0.15539769243895965,-0.7229108590801386
2.9469087026911227,-1.5727711096083112
0.7144126062965028,0.5668873103508153
1.2073357547270047,-1.3987332592595105
-0.2899450249240627,-1.8435817570666158
0.44069159874130476,-1.2786444350655815
0.49506526016988134,-0.14253957022948144
-1.4181899068636603,0.7421706919395326
-0.8178205328406642,-0.7908436581222296
-0.8566979601385114,2.0537512436325005
-0.15580248634841123,1.3568452917097826
0.2178161066223422,-0.6811392311436906
0.25926034690146954,0.9423763653287126
-1.361767633242127,0.4289120547570013
-1.1634530707652673,0.0367876131513199
-0.9353791683077161,0.5670171093331898
-0.9111865225485232,1.5945098102306963
-0.8680127244442718,-0.5337592959128036
0.34954579868545493,-0.7505829760748183
-1.4111230872641973,-1.5381594927601996
0.5860545180159614,-0.619869108042725
1.007782112264298,-0.060450748284315035
0.3911707114763468,0.2952594449859534
0.08008566492449162,0.6271264840884433
-1.2023924653099407,-1.2839995527641146
0.49254230411371186,1.105937808222959
-1.5857518495685219,-0.218238759571381
-0.21133261890544258,1.6350372366301262
-1.2545606385005035,-0.7676050177770543
0.4017094642415154,-0.5762469405912238
1.1388107335737605,-0.17106297675643908
0.5355724835163228,-0.33951251465468724
0.4322958973876417,-0.38364615913891514
1.1363967883344408,-0.7916175998173968
2.6845298243835294,-0.1283098468104956
-1.085003301140596,-0.9465288803766367
-0.15943083190819246,-0.16915060153905723
0.29544534684544027,1.0415902818693201
-0.640162314237309,1.385611563197281
-1.7014379079041857,-0.5907029044974205
0.44876654760497764,0.8775308325573463
-0.07768146553966121,0.9451308391529524
-0.8899848967481531,1.113671305023852
-0.03912744625654021,1.1889646337717346
0.4170851227543269,-1.5881052209877953
-1.5483114816750314,0.6284236572872622
-0.7002429538852037,-0.49235300871401766
-0.9007102121896715,1.3706822959335592
-0.7775522565417905,1.9152754165662704
2.4091403188794405,-0.7526349014407863
1.846035068088964,0.30226799754738715
-0.7416585264761117,-0.742203468840965
-0.9632715375183025,1.254385000281402
1.3698554097553508,-0.4600363590103981
-0.697191553229232,-0.02203771381237541
-0.33518192110716305,0.7665893519382433
-0.7630141687772093,-0.07998417997671488
1.1461440691822298,-1.3315038735778528
0.5185696344476673,-0.6329108562345446
0.028636672809295306,-0.3665163063929093
0.2661083117005401,-0.8074470422172639
-0.6728962563974568,0.4806289736891238
0.7658620679913812,-0.9758444573643252
0.40361534093151047,0.4851450783520253
1.3299179384017576,-1.0707340539936443
-0.7283823462529972,-0.5931810741037764
-0.4961932448322113,1.1760849902472257
-0.429291925543382,1.8134601588168482
0.3539110958783294,0.08264032558888755
-0.44827205894536765,1.1081893223380774
-0.25192635934840235,-0.6496765623612408
-0.9435853561484824,-1.226280808365978
-0.8923002289697101,-1.877353319158951
-0.15751476143870438,-1.9268194213104761
1.077518378881863,-0.4003870106293155
0.4259242583772436,0.7456839390227116
-0.907508947473665,-0.41478896033145163
-0.4011287367088817,-1.7652478530468163
0.8239277403487228,0.49804362424391285
-1.5739550733290975,-0.37955179765444114
0.9405611392122597,-0.29596854395091166
-0.4648212799652766,1.2245175779807247
-0.7994070763590948,-0.47191140507840407
-0.049887913366431495,-0.6922658889965304
-0.7421776720036081,0.6897580280599682
0.17982282406306627,-0.35118252422961616
-0.4445858583974797,1.4655204419043222
0.020937454791072597,0.04866455067219946
0.5799582804678796,0.4157931523597156
-0.6153193637572346,-0.5934510556031147
1.267771329622175,2.047711438122929
-0.5257545256106845,-1.279651723910976
1.1447855805804457,0.982248197696612
3.6507757035882467,-1.093039186967026
-1.4648227090456798,-0.18298351970490007
-0.23276370132488636,-1.175554318940838
-0.350142467695144,-1.0115869917198683
-0.1429953333592294,-1.046215123520768
-0.7859305211730143,0.47494360335690444
-1.060118759464173,-0.9198395007432422
-0.8958816425319477,1.1192294414283854
0.03079997045558467,1.984509668496759
0.3691075144414457,0.15173387297669078
-0.5169784559613756,-0.46192846092406525
1.8653965386976825,0.23884821759697172
-0.17340047042630027,0.34725568791892814
-1.3697963534592554,-0.5801458002065956
0.09253076395933743,-1.7193624407419779
-1.2899734553592992,1.7903664606483851
-0.9476978198032728,-1.2908560564858196
0.05513800724247523,0.46399169560846626
-1.7348970511199788,-1.009912723312462
0.4138271172068156,-1.6799511567739713
-0.5119479188623078,-0.233216088770246
0.10750764854297654,0.37279998442666945
-0.5563824757492593,0.010398349829845825
0.10969098840445554,1.7308612055334007
-0.6009475924342195,-0.8756719622733913
-0.13376589529256153,0.5170427672962572
-0.08428774798271932,0.9663235476345141
-0.4200059352349827,1.5368706082747308
-0.4185258520722079,0.3546439404678905
-0.9838839184740247,1.2592461976201412
-0.6917347530232619,-0.08608121310495954
-0.04514708934770092,-0.6081853009679041
0.12560330337110287,0.4401141927267846
-0.12183973218580982,0.6463277969361734
-0.7066732012666932,-0.1901988898696282
2.85926144178003,1.3474422449277947
-1.529733141313965,-1.2689614319143638
-0.9442708923214449,-1.569683475219257
0.14507146310722335,1.6975123871062006
-0.39314350982985347,-0.7288460906932591
-0.17378639505124352,0.5949604019455601
2.2257023116030856,-0.9333719971136797
-0.5685904798463031,0.10727067319329747
-0.5054274001327833,-0.7402547876685489
3.1733549450131475,0.18857632279362324
-0.45336823775907065,0.6123826788577891
-0.8497655343722827,0.11859115882671716
0.13585604727546602,-1.8829748122690586
-0.3270849481028407,1.1084204328276928
0.5082862465094332,-1.1387939353873282
-0.16510147994864843,-0.2103684927096429
-1.0472647542611555,-0.012037735010825562
-1.0382419952899276,-1.558713338705255
-0.7167577766197245,-0.23362399239323003
1.731491249047442,-0.5110761061462663
0.2604285686073721,-0.6789202653197496
-0.7680804569400259,0.2573405076917914
-0.9026718321266197,0.48867160241855856
0.4163854345307602,0.2536254360209646
-0.9333019682102482,-0.7203977292131943
0.7155535428442695,-0.5451753160933462
-0.5840687894316966,1.6439549669858757
-0.09098972235871577,-2.5361422921056063
-0.6239316482538279,-0.9781754901889087
0.6841583308740184,1.7612700881032937
-0.40301812141560994,2.1874655360206
-0.746560609938516,-1.1286340227908214
-1.4840243527727939,-0.32049242620599755
-0.3872877316751169,-0.5764114572279458
-0.2074169859103952,0.41577507517024515
0.5216373730992974,0.15139052017763352
1.156716670869396,-0.7359514131536057
-0.6016505653296215,1.1162554600093622
-0.2861592539558334,1.4596189527007315
0.29399945794845955,-0.9542811279688151
0.7933127192980858,0.14349417931935685
-0.6280796089207877,1.4641646716596777
2.2256777617533943,0.7503233271399117
0.8500703054994019,1.2349263513714248
-0.5944444306434257,2.164335900837547
-0.22339515219108025,0.39561535908098794
0.4077550897444368,0.040486322267566266
-1.4291855667696023,-0.9225391351855133
-0.2258863154546119,0.4441281628584731
-1.1146650470465977,-0.3783201757662565
2.8591658296308,-0.964499830420678
-1.2082942680916278,0.7369472394343575
-0.10848805623255511,0.6118541671778508
2.626377159770179,0.7291762671148981
3.198823724568312,0.3750565621758375
-0.24184759437624803,-0.5867035570435322
0.3803734446079113,0.2497616645095686
2.7769895209762816,-0.29346329903919516
0.0558963038371336,-0.5505629820830565
-1.181329870793001,-0.5610333723025505
-0.21729769168033136,-1.1805807065181138
0.09468812140905583,0.8191154522456019
0.2223307828657483,0.8293378726370684
-0.61918042643601,-0.39265690255183494
-0.7841651825324187,-1.251541198031102
-0.532823950702898,-0.3416868745643395
0.43205291228525416,0.6738018722489523
-0.606656472795289,0.41556423647516016
-0.47642315185862355,-0.1652594103366767
-0.02778101339402777,0.4677282331921761
0.37506464092238917,-0.8918401746305508
0.7017446144064449,1.5982390246091531
-1.354058017424817,0.5151691973003402
0.18987956489457108,1.5261346678215706
-0.4172418461861914,-0.11557938391884029
-1.097538201943795,-0.9315299336887951
-0.3532575337200997,-0.2936896101448089
-0.06424477925585773,-0.5993375531884609
0.23375653991381834,0.7264369777184332
-1.1488051390171432,-0.6199467590320227
-0.8904929652974777,1.554508700906144
0.45917351202966233,1.6935598822272129
-0.22970826261409502,1.1404049636866427
-0.16010542091867727,-1.3357733541071726
0.1730892609140261,0.6668150490283352
0.22955372512728428,-0.344970163220704
-0.936768430759065,0.21970111176283233
-0.4307201736983294,0.8027574981657964
1.3178088311257792,1.1878835794442866
-0.09291679002266745,1.4243671015576633
0.898426725309974,-1.4042522215021345
0.4788741292533892,1.5599760609141187
0.3430765656003672,-1.1118155203111235
-1.2311797108934737,-1.7360262896030054
0.17597809937994902,0.1635977103321996
0.48880852214091847,0.3099270964978491
0.4300653099365452,0.9722078506148002
-0.1591416681912461,1.30013926790942
-1.2397443341814531,-0.470354659156726
-1.3449449871055534,-1.2363909864480027
0.5363288779692299,0.67902871347754
3.285029888020228,-0.6995434614727335
0.7024539470461143,-1.7378943857909914
-0.42185922353416555,0.27839001387342105
-0.11734277646814521,-0.04008032134336009
0.3581393437132338,1.2982888799704602
-0.08044761071781223,-0.06944258932985611
0.719058571548988,0.33486657603080067
-0.8133149016179844,-0.49024237445038393
0.7484740476807672,0.9743026680822812
-0.5977096291018978,0.20913872729572117
-1.149421669019927,0.36526455304038297
-0.6259407253797956,-0.19008341041286708
-0.7350827340793161,1.1077510650289761
-1.1681003387641276,-0.4023743202052133
-0.6329765055696056,-1.1055585533879224
-0.0010154286806036905,-1.2927103551739134
0.9327293794705682,-0.1890930046385906
0.4648874493886242,-1.6130649723152772
-0.00446239837762135,-0.02091818265753924
0.9604728689620281,-1.4987522948501266
-0.9146941567459921,-0.6278974172465464
-0.1535113086007638,0.006787828322763369
0.49392158831367033,-0.20493826383461058
0.5015539861067682,0.550386305547171
-1.215684230145729,0.24883272398799278
-0.8461910799496889,1.1704929598570692
-0.0942527849041197,-0.6125995720978431
-0.8859205138496731,0.6846045581310994
-0.20302849164619005,0.27374087308082545
-0.31724596334494737,0.8669282313860666
0.19670407857073108,-1.189309586117383
-0.1979998864405965,-0.05578780999182757
-0.20247229230856942,-1.0530750159658857
-0.30435831323952656,-0.07870999520320837
-0.5213033348885827,-0.12848644713433363
-0.8766150306894744,0.7397083391293293
0.0425029068718362,-2.3539373354547193
-0.32541960501009126,-0.1304935079882245
-0.41342583922327936,-0.6244042666490984
-0.5919850101405462,1.9361671835580034
0.6435527600699023,-1.528160362869264
-1.0058158765318324,0.7528432756871186
0.15397919128132237,0.9956042301498721
0.14864706628858398,-1.2795224706870292
-0.8921168711814869,0.09905531365572186
-0.3921362637643221,1.8797226239333733
-0.18622130030659623,0.12238848806131289
0.051668809385214155,0.22962921653520246
1.0001673552132335,0.16939343152098715
1.1030580167169715,0.46123179003184706
0.3354541460586598,-0.2089480200649781
-0.3410226640126167,0.2569581323069181
-0.9069917838716284,-1.0253710242818437
0.4657146223377672,-1.131101655777311
-1.8597884728321092,0.1837308556410867
0.14340077921327915,0.41959967251973185
0.6141638899171745,-1.184268358497956
-0.7112072905781902,-0.8206528523175255
-0.3717294687570668,-1.6077018578096764
-1.4448315753266456,0.4442847079300171
-0.734152910057591,1.0648883681709356
-0.22027242367548172,-0.9953053429349146
0.1248592886427429,-0.898368468747536
0.8532094517943667,1.3697082037392667
-0.022998752166556856,-2.1425585068455373
0.014665861360506356,-0.6891966999152764
2.9312932639640503,-0.8653780359710748
-0.25045263592989514,-0.4876972420506902
0.7455162030446655,0.1489060278527321
-0.47309053377965055,-2.084846236742039
0.2367344267651097,0.5588688641650456
-0.4797706753711856,1.9436199869308928
-0.9831301295138681,0.9354220903992729
-0.7319762137436818,-0.765059733801267
0.3950680245502763,-0.4166093650339226
2.815652001712862,-0.5940034206105266
-0.7715478026875213,-0.6304973890282087
-0.2501803095400118,0.6126441430335215
-0.23350182588866103,-1.3218684103360565
-1.2447021608908106,-0.6774038876783333
0.038771310844096664,-0.6508286418072542
-0.4788656850024544,-0.9477626968698815
3.241306380138318,1.2434315302962815
-0.42655642439910213,-0.0009384968489699207
0.1875987107421106,-0.11077272280988333
-0.5720200128208813,-0.9562672434263606
3.210721719318249,-0.8143611416759726
1.026082519874198,0.2818695185470703
-0.025790675736874567,1.343783574875619
-0.43197559167983457,1.4349294860247745
0.3541735738325162,-0.6431143742586323
-0.9326099424773241,-1.8891050657811113
-0.770701136886579,0.18315925905010488
0.19097297004941793,-1.4042280389584696
-0.0766588388810504,-1.448653956032827
0.551957919383516,-0.8888395986984511
0.051433616589163324,0.44614991217842187
2.6543377817679596,-0.6254183979074616
2.421401664750281,0.9492449527375337
1.113579802339383,-0.611319064605791
-0.7252834142041057,1.6954343011337443
0.23323719036672796,-1.1621003637037497
0.2177607829230856,-1.6585119757349214
2.2245509772562317,-0.32274737027796574
1.6365429946839083,1.0449554852130136
2.552708428410312,-0.35726017419819767
-0.2961619738344569,-0.11150816243577225
-0.2272664828532489,-0.07293250277998448
-0.331022130079047,-0.6710341579291528
-0.6386522106079539,0.8686122112354309
-1.065824904516798,1.5458580180546
-0.13666916961239128,-1.3268218813418935
2.1991895604277456,1.5957146447962742
-1.1272194407015956,-0.6950145606187621
-0.304317894973859,1.0879553202502292
0.7796555416322264,-1.6053081418813335
-1.2048187104900991,-0.3728962696097697
-0.3578474960942438,-0.5768582318606527
-0.8068430630401462,1.2133555051390166
-1.8739387338299958,-0.10181016766631011
-0.6321063088620446,1.8854354139565772
-0.23978374291441443,0.9272351930949408
-0.675130128520388,1.9866797487168324
-0.26776734645542294,-1.2201655464721697
0.30731290158110053,0.34369933219199944
-0.7924791582273678,-1.7163409194135328
2.3952889902504886,1.0454935567588166
0.06646035983497842,-1.1099239389139939
-1.4956352399351445,-0.32880827358208986
-0.5387239811585276,-0.1859319728858127
-0.14167377433168382,-1.3563304371995475
0.39618496061174197,-1.1696347525477768
0.6001079383221428,0.17095002586657204
0.6542007276715147,-0.9481999116367232
-0.6803076932288167,0.48220055965295305
-0.4057479661666215,-0.717803037607818
0.3894415490270052,-1.9777332642215573
-0.8574434074289404,0.2119899297854367
0.4495539814675377,-1.299733266985214
-1.3160128200740053,-0.7960003651984175
-0.8680608052005822,-1.027401290925398
0.9319230021195999,0.331819678040338
0.7366830874020281,-1.1606185773824775
0.2658094535355054,0.5972863299026568
3.0034493659855204,0.6074088948239844
0.6823369151511816,0.5145413919002378
-0.8016313040659234,-0.4602633834420798
-0.8344678972986536,-0.8404199595542297
-0.2763859906962838,-0.2606839929405727
0.1553605872224345,-1.3045552901620436
0.6480700918380445,-0.05493841191242294
-1.1601436997896104,0.47207877867609654
-1.087250775950741,1.4199971331898267
0.21328647491336128,-0.6227032758852291
-1.0678542278775496,0.0064160132904625055
-0.9869715695251503,1.300005559687095
-0.321870533603882,-0.6024536085773217
-1.0128993179302561,-1.8130279323200105
0.5939778518520633,-0.26044655973241165
-1.2787069758294431,0.563736166857979
0.4000181887689909,0.4634631839285281
3.3903072096051496,0.7220835243033847
-1.3827471993539777,-0.9826694553371121
3.1710865948211198,0.34050986426998237
-0.5792943205105625,-0.1254044373071894
2.619184707554906,0.032337060621167174
-0.3981260162045963,0.9157040203425294
-1.0368142964983709,0.7766474072690812
-0.8408064407700385,-0.23987176839101068
0.47990660434769666,0.9922873506600712
-1.1788047287917776,0.689608654617584
-1.1803115477492978,1.0564112413054407
-0.1965065403545961,0.26998082655526556
1.0905003383901386,0.29473417045333467
0.6961207443759242,1.3794804607746138
-1.2526514771386732,0.14359023589220177
-0.9449660729105099,-0.41868338868115146
-0.9529194272131921,-1.4433332528364549
0.13960481446555673,-0.06454019853294699
0.09452568903470085,-0.32232119665598075
-0.5024109471255902,0.9123178318782373
2.7322989756951053,-0.836204164012779
-0.24726671162499497,-0.5304560623468012
-1.261223343369599,0.9255311167598453
0.6739767108096879,-1.097375742141524
0.3251089448612076,-0.18009384038779627
0.9097407362327499,-0.8125824349566623
-0.47611840352900364,-0.37782421237749564
0.34700595527023687,1.50856640619037
-0.3614134548595018,0.9057738725411927
0.5289584087669281,0.5226075295715226
-1.2043066836696632,-0.17980615063943195
1.1354060342521761,1.613919093566636
1.1982507629488621,1.8394336732843632
2.92690068161304,-1.1893673334304802
-0.6228489064581564,1.4468971999422127
3.1052217886814173,0.9810899731721509
-0.9099878608283437,-0.5183135745922552
2.9457644814715214,-0.3105117178901562
-0.9192653054474215,0.9131893932050461
-0.3218900264556811,-0.934146940117669
-1.059862641254254,-0.3013882124733714
-0.13694983767200195,-0.26157784535817286
-0.8986321288935251,1.911204195083202
-1.0684871756597,-0.5340752290208765
0.33496413779906525,0.060304054984918025
0.16146974827864563,-1.70813068847615
2.420313995772411,0.37165690309654603
-0.7748765867312688,-0.18576541322012385
-1.5416487768059357,-1.0647124772496372
-1.3858055091176078,1.2158793232019205
0.19698625339631098,1.73712788389856
-1.2216583237694294,1.0913623025347736
-0.101186593200432,-0.5603386278418163
0.3208899218947093,-1.733391078141274
-1.0766404913063516,2.0077535890182205
-0.5883990091600985,-0.5394296746267785
-0.11389635613451825,0.012785591463549862
0.8925866059718113,0.24986132717017717
-0.8704376168460691,-0.33109383325892455
-0.04181228532367406,-0.028652722000691775
-0.442740646207936,-0.9672869391460449
-0.05121132450374285,0.27132484232898524
0.44366127373856273,0.551468857145158
0.4245317112540597,0.5485647067263476
0.1495690980039724,-0.4814578318004218
-0.875732738060669,-1.1214544380645899
-1.3099081666522958,-0.5088451930418696
-0.6503073500711977,1.1684858990031783
2.1173965709054205,0.6766811267980298
-0.7969638640361795,-1.1819702191722883
2.4666762438906047,-1.6687221608631784
0.7983830455157219,1.651813479376689
-0.6935807185957902,0.35088541494557585
0.39824156913062964,-0.13942675198794013
-0.06394112965301885,1.8374138154172883
0.5865997201591184,0.25615557680241413
-0.5407643017137426,0.47746659624190024
-0.9241100832851097,0.682752150895879
0.7400690472547979,-1.2814532262460683
-0.10718919494493534,1.3319587601059264
2.885147265153499,-0.697871084518201
0.6547505172328821,0.44881067561097004
-0.5292586711167245,-0.3317568783390959
0.29998853120964936,1.5022995762491174
3.393715193598569,-1.2130953112936842
-0.08917424683245012,-1.1019616778046384
0.5861447893639966,-0.8247536880966384
-1.3543635191374215,-1.268106753658673
-0.9489083118846087,-0.18274932364405838
-0.013190257454926073,-0.5129034659356603
0.8078910955126406,-0.5171960864663859
-0.034166334875347835,1.2458170970193487
1.0258655171835713,0.1589008780540891
2.0426230736092323,-1.0204838179127094
0.45831960328577387,0.39617248457026294
-0.47777473135274945,-0.5203714125028872
0.10505656970982427,-1.5646167193617193
3.0881253835928915,1.0427729769202
2.599441899739454,0.8644474570007691
-0.09595589073780061,-0.5776060995592812
0.3338868666202825,-0.015845995047622012
0.7279617920885852,0.32368898954512654
-1.1392702734417708,-0.7618157708829053
-0.8257308633849283,0.6935371285290002
0.517126684878725,1.8661778922997265
-0.43152334616117133,-0.038243057302477394
0.21320331669257825,0.23381606905112517
-0.8728899242216965,0.5487096489030598
0.27969142619832826,1.6281299558516804
0.12115299584767944,1.1168856536461695
2.412022797601096,0.08835374798046913
2.445559079057393,-1.373220332916141
0.8322943044344844,0.7657547701682836
-0.1885058586785883,-0.20756806727666854
0.1480440091573199,-0.9868823818495733
2.8137728608176125,-0.8399713584347926
0.5544395680466392,0.38914633561164325
-1.062174614600076,0.04579325169675285
-1.1915365900704136,-0.41132579297049277
0.3201414737357477,1.1072596844819804
-0.9396013961623411,0.37563310972691427
-0.4530128829640983,1.0241087343094508
-0.8125890769950482,1.1877296231601373
0.25501534152321065,0.5694957994560834
0.27630408381547494,-0.13393453583448545
-0.7661377804914864,-0.5170002156568393
2.874724845931835,5.052199742343461e-05
0.48198140297200803,1.6830060150837074
3.1267975087455744,-0.7521698980425156
1.0104008102853914,0.8351099333079128
0.4105041435439451,-1.2547670837599931
-0.8959810887164033,0.28214221667719036
-1.365439601955702,-0.9018359157980735
-1.1732152570466452,0.7659664577739829
-0.6631404298603465,1.095656117183852
-0.04676114679601342,-0.23754260328659474
-1.6016636151717785,-0.2521498320880491
-1.15018071899757,-0.6160215222679258
0.49154477666818314,0.49136919383186267
-0.44276848072946257,0.86660515038154
0.3856403974656964,-0.27858046417649257
0.9981382358720758,1.9504502650799658
-0.19684438422322903,1.0113275355944922
-0.6318224359143074,-0.5417218601743454
-0.10597145992065327,0.7075827768428014
0.5387882984721094,0.4508599961979964
0.2323717850969712,-0.3116095903225787
-1.6129404925007216,0.47304246209390977
-0.5918454294937256,-0.5922955874336886
-0.255964006452137,0.5948142656504953
-1.314043957194111,0.5697410778952191
-0.8590105570516241,0.23718793949898803
-0.7335844608111173,-0.4139649389140645
0.8249620675527962,-0.7231205036568711
2.3172134447052986,0.608484668975146
-0.22279736165711073,1.0745514684680668
-0.24127059944045318,-0.9106434468733482
-0.7690097315983606,-1.0244548807734521
-1.1044737825661646,0.9859229010871767
-0.06831812739135579,-0.16843015353141277
0.6820041282804411,-0.7595005548544745
0.051039695638289286,-1.7857168763734144
-0.7773133094942225,-0.9878166025474354
0.11464347431261815,-0.5789162213473779
0.6846714564212354,-0.6949559635729367
0.616970249341399,-2.3235284528848266
-1.2289547298036603,0.24816644176050215
-1.4690065005600967,1.6136772290928032
0.27921624916842264,-1.7803133935875513
0.6761549138895662,1.0643576618859374
0.24448896848258905,1.121060751691167
-0.8379057719429592,0.2616275448940441
2.787241166153864,0.03276386661152991
-0.4205070946766491,-0.6911560692836525
-1.2940022114299161,-0.45538621773109483
-0.20222341704159652,-0.9183544772746508
-0.7551017023198767,2.314374926921644
-1.1308769735612643,0.32131945616044866
1.9199753724557296,0.49320507094486254
-1.486592784092523,1.7767082925869442
-0.23473960312813288,0.2954723267100052
0.17117100449948414,-0.07463553657282074
-0.7820923658335669,0.2605568993430755
-1.2074054116989605,0.8520773124461636
0.505752213475092,1.1008075440837537
-1.6323806136957215,0.7022510165100251
3.084472358367725,1.3683764232287567
-0.5312658961329264,-0.19714021620979055
-0.8869511368342147,0.5988178507384109
0.4620181037745004,-0.7781543020787944
0.3159619858362383,-1.1073089755140868
-1.3685325196041227,0.11049964449341489
0.8050594328557399,0.3099185791742436
1.1078755093965236,1.2009030365453146
-0.3302338130178085,-1.0203615197756857
-0.8993852386745972,0.7424662016769816
-0.6657123498715047,0.022554762927670814
-0.7597970510750476,1.3815709985525164
-0.9149644270065155,0.9387846183456219
-0.6108501127454027,0.3861289003411319
0.6269380215712438,0.4298559868968215
-0.09402217952627909,-1.3501061701436168
-0.3806560662156741,0.9262577359099419
2.7202839738023874,-0.257325961226039
-0.9748149308562519,0.8596880065850426
0.22495857593955382,1.5551538861611958
0.3864305666367008,-1.2813832436697619
-0.6654537059525437,0.7716549136774284
-0.7528607170696932,1.4599589167763762
0.6013224684582984,0.9084872807506496
0.28657762331801234,-1.4541475416134337
1.1956398572341054,0.1029456559474879
0.35233930880545034,0.9664729210768983
-1.232147217872422,-1.6853675881491117
-1.3426817736951264,-0.5846523450036323
0.6870640566989901,0.24738074559441
0.3121212992079406,1.2531152467735673
-0.190056380573611,-0.8572340307682558
-0.15695382069526514,1.9674699185454967
-0.07066129413443933,-1.3255626881866311
-0.17719833731577414,1.8962117226899995
-1.1049709039530113,0.603540211254632
1.919630964823235,-0.7417410702216362
2.3268496586068776,-0.7293930239482916
-0.4933837305518458,0.05453214589016696
-0.2363582479946556,0.14512912198876043
0.35701057729061164,1.046597615503124
-0.24315033973107886,1.5476671888026834
-1.0558568667268653,-1.5576309386833613
-0.6880704468003295,1.9176900778909587
2.1366735805469808,0.7985980241074209
-1.591451085513489,-0.42140531421421373
-0.029622471332054305,0.21396429077205706
2.4945472181076407,-0.6546874775279877
3.058065129317806,-1.14187100942381
-0.03248874187374539,-0.14513426183485761
0.15537359051427196,0.5392480447994996
0.07168011513513192,-0.3039713249166221
-0.8738164635715868,0.44137558048710707
-0.05039454935368689,0.2518501592585042
0.7186327780217678,-1.908752110719289
-0.9861965153871372,-0.5573171065133712
-1.449695296652742,-1.4425039512427813
3.4891613227319342,-0.3909034598205876
-0.5495668531062172,0.7851976022821086
-0.10443221902339642,-0.9721259969700858
0.20336302918830967,-0.19587439718379615
-1.2603916627859542,0.716763862827157
-1.419423929851615,-0.3270598944848921
0.4230802159957961,1.8927400380054347
-0.16714899341482387,-1.41032116133758
-1.1422327054960826,-2.108198313515009
1.9687171675278548,-1.0690201306320446
0.5696013787249647,-0.7279733352480977
-0.20098413303615542,1.4559862916789512
2.373655211178631,0.626919363332962
3.5327330798418792,1.558338210313587
0.35932111807436445,0.1961374989602569
-0.12058840229110976,-0.45186769047162956
0.9490407521696904,-0.05164541181410059
-1.4231100506157943,0.5273254588220718
-1.6139861007025607,-0.6351681473097808
-1.1634907537224903,0.04458361774717291
-0.40355553125243043,0.4705135154308128
-1.6615264987460616,-0.011305010506534605
-1.1033464487056117,0.73433551318177
0.15500181793993312,-1.3981805650359074
-0.775685569574988,-1.0072180658942909
-1.0606723032770575,0.36972123547955066
-1.1189808309210927,-0.2146228300446251
0.31358647693712643,0.26018114982893426
-0.04518737779767434,-1.9427546317251465
-0.8206033613582698,2.5257537555308263
-0.7514740601110947,0.46490957899363805
0.01787565633601349,-0.9230887438378902
0.6177779294387429,-2.1732584678872073
-0.8610763904389175,-0.4553713776889438
0.35418855904981356,0.3793095277523694
1.892237489325553,-1.5371823799608244
0.6254162173964263,-0.22576532842632369
-0.9920224028909874,0.1233795911701103
0.2773728890886447,-0.0009814301839202685
0.23574482144161168,-1.0645311012745036
-0.5496221768054737,-0.19217514230912203
-0.5991878601549068,0.7378899774558253
-0.2723248126859303,0.6721624983138769
-0.9329841665568049,-0.468779684469484
-0.814582020144952,-1.0306910538764011
-0.8569366416259911,-0.9000301337734028
2.2268849691628954,-0.20758664042785602
-0.4435964070615902,-1.6111989191562586
1.2375838744248155,2.071588789428518
-0.6138370946494061,0.7234416819626199
-0.04760705921397101,0.9446415016349234
-1.1368609156206613,-0.662247050224502
0.9507554787651256,-0.12573468994087583
-0.4795445776278469,1.8968439593557735
-0.1812953461735848,0.3176858183846666
2.3986600446696698,1.113951478757433
1.1126916993297005,1.2693916153822349
-0.9785063924216263,-0.8027532955103798
0.15993829968772544,-0.8693492504079107
-0.7236868676821325,0.17171883896154627
-0.04181173596028347,-1.353310807323976
-0.9359334655035852,-0.13926290744384912
-1.0644950038195253,-0.9298427166921115
0.7290963688920842,0.555832351218356
0.46335785290746995,-1.4277589518937746
-0.907857189141385,-0.17488025090067275
-1.4852783381922299,0.8149582140257238
-0.2787342144372597,0.5975721281981478
-0.5250585916386348,-0.4348110574492497
0.20517780136357655,-2.137155024059674
-0.8684585601866817,-1.7844132288799563
-0.5679998024395859,0.13457201769793542
0.7405806044955517,1.4480114509207627
3.61129589833822,0.551633702998071
0.19944752600895638,0.8554837489722804
-1.0767297437113144,-1.6483944744476433
1.0192554007052876,1.6549484371329284
0.23194948026117995,0.6150737959764544
-1.4092326653711817,1.0371831823685411
-0.045232853061234334,-1.0940312913846453
-0.9154550588334008,-0.9557080749081188
-0.04364983502257488,1.7311313386088323
0.4184329479969357,1.4535781046489018
-0.33764975748367015,-0.328059363341202
-0.9570968589833416,-0.9908784921561423
-0.2996720595370678,1.0238386012340193
-0.16164916945043595,1.034665990176369
0.22721194091428437,0.3807964426738345
2.894083581232109,-1.2378305780022827
-1.214589522244507,-2.0103473151154994
0.8696416656714949,0.6428404470315495
1.0139465970197659,0.5133465979928091
-0.8281280510808934,-0.7697854830409009
-0.17385792693046428,-0.864302439460011
0.7482199113963078,-0.465528053138131
-0.9807169376575331,-0.4398640395396015
-0.9316383974435563,-0.09411977950916665
-0.5379812691765428,0.4813680209119602
-1.6499299676539096,-1.1383546775915194
-0.5762682230872669,0.032765428848212375
2.9528165996569893,0.918949506595435
0.9831426118196223,1.522435261370803
-0.059002246432070075,0.3881116270752644
-1.7697381340604665,-0.0809913172460161
-1.5920299325590495,0.5560099932623388
0.26947561186820373,1.9475822032518386
0.5372728540415596,-1.5489673072425396
-1.0900624761761604,0.042430572174310593
-1.3508467898872405,0.7845558057504695
-1.4362220261384966,-0.3454521775334796
1.0266795570251828,-1.0350351250656828
0.9674587162857617,-0.4234437292409294
-0.7719179887121824,2.6354719800092568
-0.5601354167385638,2.0352891295837
0.2352932495222248,1.1927657221793713
-0.48167019231691305,-0.46197802012974776
-0.5994172425700806,0.9348627703049376
-0.4302161432038244,-1.483723885442334
0.49940916236920535,2.392086305717627
-0.3397518412661175,-0.5095440235605375
-1.008782816220646,0.09719130352566972
-0.4929125415447741,0.23771101942654646
-0.7216142550028749,-1.6366819019873924
0.036275510130369316,0.25631874774469016
0.32419676158151584,0.8479376056573281
-0.2482920735920502,0.6888674127896873
-0.21807472774380413,1.4981213926328938
-1.2558328140253632,0.7073349585908674
-0.6383240111554235,1.6216682555875888
-0.1484768132305849,0.8694277153292124
-1.578940185196591,-0.07736702197174794
0.9482947555158707,-0.56874864033788
0.15253979194430317,-2.5123771831094595
-0.23566942714985817,0.33833502356804585
-0.9927079390639499,-0.22002307568316862
-0.697548889949664,0.3876156636865035
0.04505014721760906,0.5707633583588579
-0.5993158942438735,-0.2611459107676174
-0.608106115943787,1.106264150107511
1.3292078523791035,0.2695586034066681
0.21182580481867724,-0.32049974941125065
1.0418526487012743,0.17721994137905075
-1.1461287158236368,-0.725146835818585
-1.5137614645932418,0.26330828759608915
-0.3329031230840625,-0.26352667810668245
-0.41658755344247617,0.1031297722861095
-0.16452899264735524,0.15642218793119572
-1.5541927726618465,-0.8799688624936955
3.2349307030731,0.5271176407320698
-0.755948368120819,1.5007182788433302
-0.004836622457102195,1.399407198654088
-0.652363958590085,0.13827789844334165
-1.6975502392463588,0.19183103887408784
-0.5600062338908303,-0.9946116410164396
-0.8653563434659552,0.3540053810835708
-1.7725738347721867,-1.099520639331225
2.9528990044947876,-1.9334105913407515
2.7274931835610157,-0.4032547432412516
1.0500353854191302,1.0048970126852417
0.7472438587280381,-1.569782768939421
0.3881888663539443,-0.17109995631328823
3.1394676865806863,0.7155977930717212
0.34021951992708194,-1.8085627562899433
3.243386785123912,-1.405896546397305
0.02196487288748753,1.4963644962120903
0.7626171955514015,0.6082089265072371
-1.2168856271743527,1.1871947887616536
-0.9895811724935318,0.23470021002676722
-0.9043281599503655,0.3461244022931669
0.8020697156432921,-0.527229959253559
1.9496929914243784,-0.42228897439757135
-0.6980740498776316,-1.4813737749415723
2.7083455607867823,-0.23457357282766644
-0.96739439897218,0.6883717525531132
-0.2769688757966641,-1.1289126731898587
-1.426889257820162,-0.7995824007395502
0.36972808249904915,1.0121665486301237
3.3059313529091883,-0.4468312622362045
0.3759231370844878,0.9265331254289535
-0.9751516759981038,-1.0482814550222994
3.198574175702063,-0.5437882566420201
0.3259868540913971,0.7582563183388464
2.5444620263234725,0.003275430972313144
3.433775562259528,1.2003104548337344
-1.0398859433891265,-2.0212019721727406
3.5604284885770285,-0.2449630749105432
-0.36569942786681886,0.6908860765384099
-0.8194014149662554,0.2627336054338813
-0.051709878452658835,-0.6143364998763023
0.03822412677547974,-0.7054738937018522
-0.09024755974012161,-0.5441842129845488
-0.9815863809821094,-1.435017253884269
-0.27546067430906035,0.3871838806720412
-0.01588091248274514,0.565713461839732
-0.9689811712623567,0.549780446030122
0.07718950373191416,-0.5651033996672662
-1.0802285484161596,1.816327026526623
0.14965170686136492,-0.01331909141349197
3.5604947594387633,-0.09081041603414931
-0.7816381884214296,-0.6543745887577038
-0.030111800412564414,-1.0093457348051358
-0.7579978635124544,1.1221450431659343
0.07783229994976112,1.8014839275758046
-0.32472367103804156,0.7143471584735019
-0.6647643357443556,-0.3597972700665704
-1.0904959321940233,-1.5281647941349359
0.1644329337159421,1.634092607155785
-0.7080623339023482,-0.7054189027437903
2.616075581726521,0.5627825240983151
-0.644722465744275,0.7238577997570231
2.5609033352533124,-0.8933369938035044
-1.2370924608376386,1.1081405883103033
0.09356323905364503,-2.287051150996026
1.0715338874590752,-0.05929543169098219
-0.8146074531933221,-1.1749324673188368
-0.874767762370571,0.9739243787553418
0.2659829628880321,0.747598877785598
0.35283108939110236,-1.1679710444929432
-0.9482382305086258,1.6746039993947117
-0.2602031216658106,1.414102269856968
-1.063621052860447,-0.6254200728180985
-1.5151891633847985,-2.072052458378247
1.2333730633123507,-1.4793898540890873
-0.6309244046852199,0.6153800176425692
0.23731142170090458,0.23492897433522927
0.8936463662242544,-0.8270613872881712
0.36980795604799716,0.3058439689677626
-0.35432175157505935,0.09434318660718059
0.1152191164700522,-0.19441829067672817
-0.036454381938769036,-2.2544415313677555
-0.06663649633493376,0.28626247534021937
2.1544255013418887,0.4150903713676602
3.2292099923508744,0.8136371874994308
0.6503982733638306,0.07977022073179359
-1.3806124896121996,1.2064078560803089
0.2820825197101137,-1.4212148409806367
0.7812572991397004,-0.4442929333473406
-1.510211843823642,-1.5333098983162923
-0.8781291723736492,-0.5889362966346591
2.0271674617637645,-0.514019430726986
0.24709323064977562,-0.3304605540508913
-0.08089256326154362,0.5078402153990184
0.5388577742219702,-0.756900583072812
0.8065862940284498,-1.0498487612965501
-0.6945872112783369,-0.26184254668122486
-0.7951425781290365,0.2326624923345726
-0.0004928742453866252,-0.7660862518989329
-1.6749249527092516,0.20070929191574133
-0.34840167890424,-1.0543764688542834
-1.024155269845331,-0.25286365422496127
0.8421942990366256,-0.626694954926126
-0.690388983910013,0.28857869185535784
-0.5101388828640181,1.3334540407749038
-1.691037512823171,0.525719675720433
-1.3498987757600915,0.4022037727562282
2.6870445685856654,0.6208941805011914
0.41821388917694885,-1.3364139565204591
-1.1591711358127696,-1.593968578571736
-1.3454901892487108,-2.112415671293142
-0.5897043600076798,0.25257573586634147
-0.36646744308148,-0.2885593460056036
-0.19622860760342978,-1.9697245294777457
2.988451889823301,0.832869308761558
-0.6574996724707769,0.30374267720564274
-1.845249551900835,1.3960284849711422
1.0951527431705999,-0.06977607911086174
0.5355108000727987,0.027320728871473254
-0.3166470740841969,-1.1034518298734228
0.5045220245223628,-1.4432778929379486
-0.3040800966850579,2.2137999599601055
-1.496950988581813,-0.03824086269741718
2.4195907766422255,0.03605024083912037
-1.6004556543792927,0.7857809533440152
-0.0371345773105367,-0.08101754281864791
1.2384383325320945,2.0443181017621836
-0.13432279798118116,-1.5316025848338772
-0.7110208577175344,-0.03825344234625049
-1.146729791029441,-1.2538861799316705
-1.2110837401568035,0.8655353300084795
-0.32726426783624435,0.9776557877388585
-0.9241081013596499,-0.13862728205466215
-1.013387140244797,0.9553435481024608
-0.016140859148081436,-0.8545693565865732
0.42456678871853243,-0.8015966332226011
0.9129137314497124,0.7892582634126043
0.3531125108336977,-0.23737432747683182
-0.04011116141545284,0.7577332384112878
-1.6618079201886573,-0.9419017275226459
-0.21767642339431392,0.9304752452641682
-0.8555863648782406,-1.21610079928374
-1.0530275257594126,0.8051043715192386
0.6861959959044973,1.135126671799499
0.006048519866020709,0.9414675212928683
-0.6356860243021248,-0.47157656960295236
0.0842902520370831,-0.16665826549236512
0.04582848602745713,-1.436756073115602
-0.1366827722996051,-0.4663466428031386
-0.9345046679852473,-0.45321833211608137
-1.6887242367309736,0.8497208792268566
-0.9736122310812528,0.5925086094879294
-0.22951929846458882,-0.22323314461590732
-0.45064633930200443,-0.3415407382692746
-0.7598484165031928,1.0381257688139154
-0.1591416681912461,1.30013926790942
-0.09344838947861075,-0.31213282182623053
-0.8630795273683143,0.14526878398918633
0.07694706799291715,-0.832313453602683
-0.48023675734837945,-1.6345680305764392
-0.5199569422080431,2.40991822612962
-1.4774979438786837,0.3646374449748017
-0.8201388659307538,0.9005437941652856
-0.9808332712010374,-0.2662792604780485
-0.4718752502605104,0.6485317711418701
1.2400251048222712,2.1829094082851745
0.9821443309911091,-1.0879741060201251
-0.37488078517717643,-0.37872981926602084
2.0871200673226924,0.3649092529608701
0.9591298351572235,-0.6989508797611531
-0.4544977575646773,-1.6351493386093792
0.23718148547018658,1.268988991935537
-0.5331396962269813,2.0737185013683295
0.8486648348680883,0.4057202569867266
-1.8711687546166194,-0.5620915897807792
-0.23265570945110944,0.8164463230655413
-0.6572287786429628,0.9008054099171116
2.3763609014557328,-0.808894150608442
0.06995102688969027,0.9114388195027882
3.1485716218472377,-0.8662177226085213
-0.2995889013162848,0.167319256297665
-1.561413812781631,-1.7387567324596735
-0.4962069273031335,0.8248437559127716
-0.015577596715194313,-0.15012999257382978
0.02312530228705343,0.7159952013082762
0.051238638039186025,-1.4911629150480374
-0.9924292529297991,-0.46388767871634795
-0.007265473130010851,0.9681451464553374
-1.5344940075478855,-0.3600772661600534
-1.684761955541685,-0.3791779395931735
-0.31941890540733925,0.010305009887782813
0.2979326018698463,-1.020470524937808
0.016964775802696876,0.776125369883782
2.175260695369115,0.5136499117277957
-0.3474756889177403,0.3776156848849536
-1.1256308163016533,-1.2098986717425075
0.23843875556145744,-0.016658413570177503
-0.9843636031384322,-1.458466581348436
2.5847626447783743,0.18477184566257376
-0.0561491089979105,-0.928689139975559
0.09433133405201424,-0.09588925557880315
-0.5695565542631821,0.6612080270199343
-0.07914609390545643,0.6134068507743013
0.17357640404948238,-0.6089943307670469
1.0006553815473682,0.7215207894216323
-0.5994757211254781,-0.06021722431610426
0.6943941874193328,0.4488530869201988
0.47374203980852053,-0.7932264684902617
-1.814047811714592,1.1439517595477067
-0.3029911991647128,-0.02583217634928013
-0.5821441732728871,1.0411995644696408
-0.7512479623677559,0.4181335514185191
3.1081515947763987,0.31987986460616863
-0.44517134899061045,-0.745073573698059
0.3103725140911057,-1.1836667786704858
0.24088647551887465,-1.4174477981347162
0.6892850795176924,1.597645962105288
-0.03729625630190699,0.7733865612796015
-0.0849500370523655,-1.731957111148904
-0.2704872629870294,-1.0876215622956473
-1.0663260639584644,-0.6821686595037832
0.06420371018841295,0.21463026984736097
-0.4450797748962,-0.27877548607542485
-0.6111088364480723,-1.5746877232818346
0.5497791669402472,-1.7259149174026283
-1.2534858930307624,-0.8221038302244007
0.3350953767761586,-0.302573294938842
-0.28599614240239396,1.1084935009752253
-1.6122771844880028,-0.6897095226424493
-1.4722594491097158,-0.49355736248731125
-0.7398937371989067,-1.1440301849056873
0.21757236813696995,-1.6195319527556553
-0.5567565700130462,1.2628197158376684
-0.8711029067842478,1.6530375844279757
-0.8599273777815116,2.123853971318572
-0.33499480906742274,0.05642666128242949
-0.4743101209136984,-0.8069948358321777
0.4009824110761044,0.5630012477486278
-1.5305972438373465,0.2527120091433548
-0.4109246977083571,0.9852749992013433
0.7767030377973196,0.08612187329150364
-0.32493608631045817,1.112364420383075
-0.9760248735741973,0.6431366541035195
1.0388897470672802,1.3672119569434404
-1.4345970215277064,-1.5393149609296257
-0.45425456844269574,0.6279014683258695
-0.24223091350844092,1.0033664923361953
-0.8696313693107945,-0.6841025006340483
-0.5261559050326073,0.4820036463011472
-1.3609068153905801,-0.9425646210267238
-0.8804864911673371,0.43906449257216146
-1.2050648504486277,0.6668445117482863
-0.013066810784169568,-0.03485348011477253
-1.2441283708431425,0.3605694606390527
0.2177607829230856,-1.6585119757349214
-0.5140109669091715,-1.1309345740859007
-0.4928171334151381,-0.7708457435480967
-0.09167825940021093,1.8028671175114335
0.22291291458314405,-0.29827420011347755
0.7320410804206544,-0.29467032820983335
0.6259106034748286,-1.0178439586430694
-0.35453101199133497,0.510067698546565
0.4744770892998625,0.5470968457483546
-1.1977615353067386,-1.1588237009181175
0.39483097964445973,0.4533867482560332
2.165084545921673,0.003926721581559387
-0.989253726423986,-1.0080844986209065
0.3693811435777043,1.92325792573745
0.901819458526008,1.495018437409404
0.4206766685555637,1.7736234145529246
-0.7175680622098188,-1.7262593127439447
0.06556821877047628,-1.074857246651806
-1.4645316431869817,-0.7467895560801728
-1.7130149461445388,0.8680400941279115
-1.5005377429452453,0.44151524248753315
0.29417877768186323,-0.8235164828799809
0.7090265845867688,0.09435289804913857
-0.0010412812766704904,-0.28019769859686994
-1.055584540336982,-0.4572895535991496
-0.6454229073508266,0.5697477037659513
1.9947726662186247,-1.4891660615978217
-0.45944388372857226,-0.6695778998459913
0.1544029286791827,0.572199496223582
0.04383835238989801,1.0076874235240711
-0.9321102155977269,-0.16435704059547096
0.3293935353384411,-1.8481051849347703
-0.8872344103865758,0.3216965513690357
-0.27334238234664876,1.0505586377057174
0.8720320800041959,-0.9139422491736786
-0.36930697782842575,0.16776618250646505
-0.3934637129564531,0.997669367533051
-0.11651041670541597,-1.7414096759031372
-0.6259347851832248,-0.3775353285107787
-0.6750547626059419,1.971087739525126
-0.7273602689577771,-1.6623077839662717
-1.4590293677174517,-1.6595563957132582
0.8328908720057868,1.9852246847520236
0.1997840671312141,-0.5570456277434938
0.8300511332392471,-0.8789486250590236
0.701312461134957,0.6988263259764544
0.5481658628749193,0.6405685332785133
-0.6649532998938619,1.0038408382359796
0.3793374808221747,-2.3528516982855066
-0.7440249403225118,0.45554198843395566
0.5074467736194515,-0.08909934570999212
-0.16568942204692114,0.9367914828350099
0.8782856131450321,-0.0044956777538070185
3.0409501145761593,0.4160554004799193
-0.21463870520926434,1.049549305831356
0.39820531873547566,0.371647904980656
-0.7100402176310544,1.586987175857594
-1.0668867208986013,-0.04424268816343124
-1.19112064497889,0.0061968088478653385
1.0496272326339433,-0.2535529248777644
2.0669891489372434,-1.0543950420054709
0.5313320655562741,-0.19140717812476218
-1.1735330587000883,0.5143484130302725
2.5416303636665716,0.8303900966129427
0.09603709541043112,-0.16813788094128315
1.231401669143606,-0.6990937789088986
0.011738660758275767,1.314378744003801
-0.3392982930010792,-1.3115338992112417
0.5979213935725372,0.174802042907043
-0.7025236040180702,1.1912384389776443
0.9775850126508359,1.4578293564126577
-0.17653435012397065,-0.7591023626734485
0.6513508749091902,0.2184040901401067
-0.07594732029632717,-2.2856679610603967
-1.187374063733853,-0.6744879827885978
2.5923306238195036,0.13246833852122492
1.7928576669074103,-0.968526749141644
0.09338597544960112,0.24920762459151977
-1.2249183854463008,-1.6675070539277816
-0.40892206011036525,0.32967243466948354
-1.1743915548621868,-1.304024887029232
2.7973692348449952,0.0488450617451717
0.4927480258065728,-1.1004682885885344
0.19845518537701395,-1.9423775365165596
3.639817930659122,0.5549538196351913
-0.13806937922621795,-0.850917793197414
0.9078669361386951,1.4582762826214577
0.15509941201462296,0.09238207736202429
0.02830586786401449,-2.461937686098163
2.4295623031235873,0.10286335715028179
-0.29944541243033856,-0.3475955116643838
3.0865813512578306,-1.119002989992583
-1.4989405728559815,1.0815445486189719
-0.45490242165843514,0.2767027968767374
0.17121778250941927,-0.25217620923677414
1.6315571294334303,-0.648700492104125
-1.025985027237895,0.6659930706399149
-0.9188194697050116,2.1638433261721985
-1.0159967432131785,-0.10996180155786721
-0.37639677897111684,-1.0538990373832726
-0.6069722925232726,-0.6574332412190913
-0.48116582798712,0.40413541928143315
0.6848593218439604,0.5907220987710816
0.2177861659394702,-0.1346500741154719
-0.8367116178572815,-1.160465269458253
-0.8701626849634353,2.111612887178383
-0.4270313176257054,1.122833464908123
1.0682700715306868,-0.13159346468305116
-1.1272376308070196,-0.3555252244825619
0.08327925172003456,-0.08865565664851137
-0.5379326390568419,-0.34964806939872944
-0.31582305599119487,-0.6391957633652676
0.308787927745983,1.1768613201790978
-0.05798796144318654,0.15991225295741737
0.07186709735917843,-0.8462300002686307
0.5651452608206644,-0.03165397153460616
0.7654443505738004,0.47182483133726194
0.38330585619564256,0.9309168912966821
0.1699520965445207,-0.2893462362900483
-0.21756392388603518,2.2317453167998926
-1.1234897468156075,-0.36502734844247736
0.7931905753737043,0.33662686117501667
-0.7705444648611156,-0.03547667743121955
-0.31152853729455643,0.7306054498926989
-1.1029274285416555,-0.042151107843269524
0.9118064398043493,0.04788089753507407
-0.6847691519343119,-1.3383067320359416
-1.5503868296627334,1.26236307818691
-0.33109749599349325,-0.6554421487374463
0.4101662996753122,-0.5134203747207667
0.573168640236598,-1.5394227719733955
1.0390832188512884,-0.6871567218297642
-0.7690297738135503,-0.03149012699051521
-0.681117978818911,-1.0104347606977617
0.7773559480109515,-1.578068111053303
-1.2557307123161716,1.5071670305181444
-0.3433404477393157,0.6236874992711492
-1.498071962698098,-1.1308594629094013
0.23709046073916656,-0.5219671810103814
0.8726845206381453,-0.04175767532199223
-1.2318521139589045,-0.4035296367985462
2.4511895926354836,2.033547553997332
0.5888692933138132,-0.4363117698706065
-0.6559423712837902,-1.54755141743964
-0.7614877771841815,1.0966230377489845
-0.23105019769211832,-0.709109791870952
0.3531969718008558,-0.4227110047366384
-1.3512744355242265,-0.8055874633528838
-0.891426278010632,-1.5729306752849381
-0.03479279309753682,-0.806784148713186
3.200517735349281,0.5098077577053761
0.40121760387215505,0.3464805521054084
0.9062521253073978,-0.1669217726970645
-0.5119166754330607,-0.10852257812191726
0.03043408804583112,1.239249628740454
-1.219930668086057,-0.6273264942573793
-0.2554233119434817,2.161569520966289
-1.0449423831162465,0.14221880042749774
-0.34648355230539196,-0.14502186794932265
-1.1940023703175606,1.1610489124264418
-1.329349590593671,-0.950819306302302
2.382049609785919,-0.9392615802702521
-0.06705825180733443,-0.11171222368403182
-1.086764805745966,-0.6948989295859078
-0.1423962400788848,0.30390365354285864
0.12435711025800358,0.7346374972138578
0.9956176015053546,0.009077667689176828
-0.24034713516299547,0.3906998443860019
-0.7857129691189969,-0.7267458414733984
0.8407549739035065,-0.6462735145585367
-0.31637201238586915,1.1713508752600794
-1.0937127660928827,1.5424953385321576
-0.16303843190178496,0.6873499926060119
-0.3215385001161261,-1.3242524148224413
-0.534245085730593,-0.7007547703329504
0.9602943026116091,0.36632381306087086
1.8757812749621237,-0.4512773843227996
-0.4730879282869001,-0.7424809013889436
0.109594826891835,0.7435772155082122
3.103560199840185,-0.4665674094824182
-0.3204376980307245,0.9292349544762846
-0.783751219366355,-0.012639163262202735
-0.822472857837417,0.785383064315176
-0.9012721718761835,1.3374255995973634
-0.5299128840767315,0.6612504383291631
0.32732003946050486,-1.8676411816818588
-0.8662785049970377,-0.2761552424992317
-1.0716679631829995,-1.2949885916454953
0.09767645609141987,-0.22663514987635222
-0.20986150097968576,0.45465122158758153
-1.1732230493529818,1.6068937935186307
-0.08369707057600226,0.9936248921391521
0.19597572265894475,-0.7212440654540788
0.9847579720143103,1.8229752313660414
0.2594456068314443,0.8856890923196354
0.10669272550268646,-0.2612007501495859
-0.7837785045244907,0.4965948409420979
0.12448965198147208,1.0429428149666455
2.9538496241146874,-0.973397288981897
-0.5684579381228344,0.4155759909460852
-0.8083565255452364,-1.6078512312520605
-0.2279052410162763,-0.5938758422972167
-0.4100267462629779,0.9306604041450491
-0.7794690803942633,1.6771034833378575
0.7908492607403868,-1.4739810911269382
-1.2253492359714135,-1.8957370848839328
0.45099911698153367,-1.29970261014691
0.743961303330835,0.0220666195279945
-0.00023818859753670804,-0.650913616001805
0.16612235707870088,1.2478579002827692
2.740431649731191,0.31921034523135855
3.286964352614734,0.5237972209427629
0.15541578110599702,-0.15927853026700828
-0.4427991247633335,-1.9623669337670868
0.35472972313815115,-0.5903097751283298
3.0500126126339704,1.5286072128660164
2.703212871946538,0.11650247126825096
0.47350869912223553,-1.2301811904937787
0.7594831860380372,-0.33024510878133495
