Customer ID,Age,Gender,Annual Income,Spending Score,Potensial
d410ea53-6661-42a9-ad3a-f554b05fd2a7,30,Male,151,89,No
1770b26f-493f-46b6-837f-4237fb5a314e,58,Female,185,95,No
e81aa8eb-1767-4b77-87ce-1620dc732c5e,62,Female,71,76,Yes
9795712a-ad19-47bf-8886-4f997d6046e3,23,Male,55,57,No
64139426-2226-4cd6-bf09-91bce4b4db5e,24,Male,154,76,No
7e211337-e92f-4140-8231-5c9ac7a2aa12,42,Male,158,40,No
30661d57-eeb5-4886-970a-9c7d0f260ad8,27,Female,164,37,No
43417ade-6b17-431e-ae76-d8ed26aa46ac,24,Male,70,17,Yes
86f73b1a-6a91-4d7e-ad21-0aefcf6111cc,83,Male,48,34,No
b20fe0a0-e254-4116-b804-5403bb2f59ea,62,Female,63,3,No
49ba3e9d-a590-4303-b443-e794d0364c11,37,Male,171,75,No
4be5f5b0-83f6-4bd2-9056-18a8d5414066,63,Female,89,80,No
eb0e4ebc-fcc1-424f-b083-81987583ecc6,25,Male,88,17,No
caa4ad5a-51b2-4af1-91cb-e2802f620239,32,Female,160,96,No
0c9d0e0d-a601-488c-9f3f-f036f2bdb536,51,Female,135,87,No
dc35a079-c3db-44f4-8612-d0af9daea414,64,Female,33,81,Yes
b43f995c-c9ab-4c58-8f71-949de233ac71,19,Male,199,82,No
51d7be3e-84c9-464a-85e8-0a95b568d90e,89,Male,39,97,No
8bbbdbbe-7f8a-4c9c-afed-f6969f49e9ac,65,Male,87,3,No
baa61fc0-4a1f-4210-916b-669d1ec44dbd,26,Male,46,12,No
05948202-e483-482a-9c02-6a655498002b,21,Male,200,49,No
6d6d557d-41c3-4992-9ef3-f7d113c78649,70,Male,164,36,No
dd6223b5-5aae-468b-b936-618b513d4e70,24,Male,109,6,No
9c702610-d6ce-48fe-9857-9e295e161ceb,39,Female,48,36,No
1fd446a8-109c-4314-92a2-a1e731923744,61,Male,142,45,No
65348b4f-9170-4edc-b035-cc484416face,19,Female,192,57,No
c2fd4929-fc3e-423a-8dd9-1fb239ef4de6,79,Male,110,7,No
eb6d1dfc-5b3a-4ade-8521-71db4659ad13,61,Female,38,15,Yes
896aef6f-4dc1-4b4a-8805-68ced6971458,73,Female,171,55,No
5963ff82-b2de-453f-bffe-4fed059e18ae,58,Male,81,23,No
e8db83f2-90bf-410e-bd1a-7c9ee14ca32b,90,Female,123,25,No
59052529-9a68-4936-93db-43cc1d541e84,39,Female,136,95,No
767f9ffd-7211-4045-a1d0-f700220928dc,35,Female,71,52,No
ace9492b-bf39-47eb-8f28-6f85b9cc8973,79,Male,164,96,No
cfe0eb40-4892-47fd-ac84-29dbd15f7bd4,57,Female,106,7,No
c5e56dd8-5a20-4bd9-bbc0-97c380553084,76,Male,189,87,No
96892d38-cadf-4409-83d8-1b7a3b37b05a,40,Male,64,62,No
068b3da4-216a-4157-9474-929a1a10cb6d,82,Female,85,66,No
daf07560-6a2e-47af-9c4b-66a63b93ac34,84,Female,36,5,No
b818a1f8-fdff-41a3-b1ca-de3faee17f81,56,Female,43,52,No
ea4a4765-11a6-433e-8016-110bc0bc5ed5,21,Female,118,43,Yes
d5e8bfcc-51e1-44b2-a59d-9174d10efb97,55,Male,77,86,No
d29643f1-551e-4353-a560-cf4e6797e003,24,Male,120,80,Yes
3e260c72-5788-4641-8dad-9cc7a4eaafef,45,Male,82,39,No
f67d66e3-9403-4d69-aee7-4a75c2a92e4d,28,Male,150,15,No
7c3297d0-408b-4e5e-9c4c-abc9816af35a,67,Female,129,80,Yes
01552f1a-7600-4641-bed4-8e255b8c61d3,69,Female,73,77,Yes
a6fac89e-e7a4-482d-9bb6-d32cd2abc346,26,Female,81,29,No
b6e3dfc4-1a49-4424-a0d9-d0f796002933,45,Male,147,1,No
10a2a14c-cebf-410d-81dc-c333101b5e6e,39,Female,45,12,No
8e6a7fa3-bf7d-47dd-9e50-e3e7133fc39c,27,Female,199,25,No
68969a5d-975c-4a8a-a357-1ce87ab24459,58,Female,85,16,No
92390e01-1df1-4643-b044-546283ae7773,46,Male,88,3,No
7cb46cd5-4ba6-4177-9d34-ceda14ed832e,45,Female,137,68,No
579b69ca-a392-45fa-9c5a-25284b10720c,63,Female,57,2,No
38cb6a10-0af1-4505-b3df-0f8ff3a4e4d3,36,Male,64,23,No
04c9da15-a924-4beb-bcb3-3f2e3f6fcee5,25,Female,198,29,No
acb1f373-6d7c-46d8-8d72-7e5bf1ee9921,62,Male,23,39,No
9a359e4f-973c-4f8a-91dd-eb930fddedc8,36,Male,126,35,No
0a9ca7d8-91f4-4189-a959-e8d5fde13881,48,Female,171,54,No
3df8f77f-b527-4f3b-a2cf-b163ff5965d9,50,Female,101,32,No
accc810b-e7e1-44dc-80bd-98e82bef02d1,48,Female,46,95,No
cb05e681-1286-4f97-8e7d-2c9b67778936,49,Female,190,2,No
7a9d06b3-26cd-4b0c-aba5-3bb0d0b93c2a,80,Female,31,49,No
c6ee3f30-4f9a-4125-8ba4-c6234e046dfb,33,Female,135,90,No
4d4ce6bb-da34-4f9c-8f1b-4c05bfe5fcaf,21,Male,56,34,No
97673bb1-e729-47b7-baad-905d6265d941,38,Female,37,91,No
e426ab28-977d-4660-95ab-2b387d478cc0,83,Female,174,53,No
085e5698-1f05-46dc-b758-61a28ef4dac3,54,Female,29,61,No
7897bafe-61af-4fdb-b71e-adc2127aadf8,81,Female,189,45,No
bd38959a-71ba-4d38-8a52-3c23ffcf5cdd,44,Male,101,55,No
d240e1a0-b50c-4bbe-8387-3c6082d42f20,23,Male,169,31,No
7d14cebc-4aed-430e-ae8a-6415fde6e4e6,39,Female,146,81,No
32cc9d1d-1db3-40f2-9a29-06f8b37d0463,75,Female,118,35,No
4729da16-d88d-4476-949d-404f5f54adb3,19,Female,96,93,No
80d67524-2ba0-468a-afaa-5cbfaa28a8a2,24,Male,154,79,No
2ddd5825-e37e-48bd-af2d-5e31c9955021,44,Female,113,14,Yes
2260c459-3b7c-443c-a31d-088405b7f09c,55,Female,127,31,No
52c8dde3-1956-411a-a010-c879dadab6fb,60,Male,99,27,No
3a626479-8b72-4500-a12d-97bb7d76e0e6,33,Male,68,27,No
601dddb0-0511-48c1-8e91-0dde69040557,52,Female,61,9,No
50bbe6c3-4d3a-49ae-a529-4b94492fbe8b,72,Female,66,53,Yes
4679dd26-2bc4-4874-8d90-a262b803daed,72,Male,153,59,No
767bc943-ceae-4dd2-bad9-3fd9c89d7db0,72,Female,36,72,No
72292647-1690-41d9-a387-4b21980006fc,68,Male,168,24,No
d949c615-603e-4342-9d11-8fe87ee9c88b,65,Male,23,32,No
af160348-4b39-4b4e-984c-8c078e995f5d,81,Female,111,34,No
9e5e3cf5-07c0-435d-b0f3-fbe03cf91807,64,Female,120,20,Yes
65db8631-0f2b-4e2c-ad67-be996981bcbf,76,Male,86,48,No
385017d0-a567-45ce-8528-28c8b8804112,30,Female,99,4,No
71a58421-e129-420e-85cf-9292c4d2f309,68,Female,194,35,No
4f8704b7-eec8-4298-8db8-647c635bd27c,70,Male,187,14,No
65f74905-788e-4b8e-b2ba-70b6ab52fea1,57,Male,165,9,No
8050f9eb-d0a0-4389-8081-65ae272944b4,90,Female,34,98,No
835b35a2-e838-401a-86fe-85c3c181bbb6,65,Male,97,67,No
b75fb976-3c52-4fd2-9a94-3a2d85d70a82,36,Female,143,40,No
690e0568-49a9-475f-aa19-567b98f977bc,72,Female,62,59,No
f4021ca8-b350-4d8b-9293-b2cf386bc0cd,61,Male,167,93,No
c66bcf0c-db9a-4201-8b7d-5c445e585b1d,46,Male,43,54,Yes
f620a5e6-ee46-4404-9d96-603bbd1fc6e6,68,Male,114,42,Yes
0ced3471-db47-4b19-9723-e8333b091f98,31,Female,76,65,No
b72a56cb-3430-4f05-9f46-6e0a2947bad4,51,Male,196,31,No
35ec8343-eb43-4faa-af75-7a731381d1ee,37,Female,133,22,No
e9798111-9781-437a-a9b9-232fe9055216,25,Male,142,63,No
3e51e22e-e3ae-42dd-a4f9-d771c07676ab,30,Male,195,27,No
716588b1-f862-4c02-a2cf-115cd43f654c,21,Female,175,33,No
33577556-d045-41a0-9565-7f0f37a39727,65,Male,81,10,No
d41eea9a-569d-42fb-94b1-d4551204c936,21,Male,172,80,No
90b18bf2-2413-4212-8934-e67ffc233192,22,Female,106,74,No
8ec74f4e-2836-4605-bf4e-0be43ad7976f,70,Female,198,13,No
101fd379-ff5c-4ec0-8cba-f8a9fc0f42de,71,Male,149,13,No
5ddc5df7-2656-4cc8-a95e-a0618d7cb8e6,27,Female,40,77,Yes
3d95829f-3d62-4ee6-a67f-d6efe7029686,21,Female,116,55,Yes
36fd3a7f-6226-4d3b-baf5-e39833d9782b,53,Male,150,32,No
15ce7dc4-22bf-40cc-b575-9ec4fbe27dd9,51,Female,88,84,No
f17d239d-6a67-4b77-9fd3-5377ea88c142,49,Female,194,43,No
958eaa2c-0c0b-46fd-a085-b29ce9d5d8e6,56,Female,55,18,No
81dfd08e-32f2-40a4-95b4-a406726d0dd4,55,Male,135,96,No
83c5dafc-dd2f-4622-9748-23aefb000a38,84,Male,188,44,No
a81643c1-eaf7-4b97-9952-f6cc0881f37c,38,Male,130,71,No
85a5ff51-fe9e-4518-9fb2-11b86df7d52e,46,Female,48,62,No
26852b46-dbfa-46f9-8d06-1b568551868e,27,Male,179,97,No
af9762ae-ed8e-4aa0-b32c-922d500b4cf1,53,Female,156,35,No
2cb233a0-5916-49e0-800d-01869340347d,65,Male,156,49,No
2bcc1223-2182-4117-ba07-1e3aa9d9b4bd,22,Male,158,83,No
6abe4dbc-1b70-4a8f-b0b1-7d1bff27fc65,23,Female,115,25,Yes
0947cfd7-72d1-456a-8524-947bf653fa57,18,Female,96,64,No
ee9dbbc6-b790-4c28-a8b3-07272787b57d,44,Female,172,76,No
90f1ac1f-07e1-4817-bfde-7e5f23f3e17e,38,Female,182,68,No
ea1cdcc7-425d-4679-83b5-25b8332b5e6a,54,Male,47,42,No
a04d4663-eb9d-4fae-bab1-2549c7e02be9,88,Female,168,51,No
ee835638-95d5-4dd0-a912-227ec001ef06,24,Female,185,95,No
075acc31-0041-4ea2-8917-13a924da66e7,70,Male,160,34,No
d13d7964-0d0d-4be0-bb64-6f213f921579,42,Female,118,82,Yes
2b971aba-879b-431a-8c60-df636ad45731,74,Male,191,65,No
333c0b32-e155-4d2a-abc5-041ec4d25a9c,22,Female,138,20,No
3874580e-e7bd-4e60-bb68-c5110a04bd8c,78,Male,95,75,No
9dfe38e0-581d-458f-bbd3-7b2d98865728,44,Female,84,1,No
ad19c628-fe46-4ba6-9182-ad6278513ec6,70,Male,83,56,No
e010b10d-8ed9-41af-bd30-05de2c0c6fe4,58,Female,123,91,No
dd8ea81b-09a8-434f-a9cb-b0c4baf6f248,38,Male,70,24,Yes
5f64caae-cb02-41a9-a648-273e0ed6d7fd,88,Male,189,50,No
1ecc4ca8-45f0-459e-a911-dae3227d2b0f,33,Female,178,29,No
f50f86f2-79c0-45bd-9759-ff8154a7ccc3,59,Female,97,97,No
65f4810e-a2c3-4b7c-ab9e-00e6a91ff435,72,Female,83,32,No
052a6b92-7855-45d9-8903-5c9d69d6903b,27,Male,39,29,No
40f78c97-8537-4b3f-87d8-796bcbced99f,35,Female,139,33,No
c225df9d-d2fc-4e1d-8328-894dac5471e1,37,Female,144,45,No
d93d2a18-c9e8-42ed-a97c-84912b1b0efd,44,Female,187,6,No
4884ace5-bbb8-4502-96e0-be564083da60,29,Male,48,53,No
60fddc74-977b-4d01-8805-9e859748fdc3,58,Female,139,35,No
fc971eb9-f7bf-46cd-9e83-6d1637d15ccb,39,Female,119,3,No
e7d7ac8f-87c4-444c-9118-04d957987b53,33,Male,182,1,No
7b60bfe9-99d7-4355-94fc-0a424055eb05,65,Female,151,44,No
b8858575-b5d6-4f66-8293-7521077f6d92,52,Female,76,31,No
0729ee7a-444f-4c2e-9889-fb725930eb84,45,Female,58,64,No
1c8da0fc-e147-4a54-8ae7-b1bdeb6af340,82,Male,122,46,No
fcbc528b-9386-41fb-a974-19a9643c7580,59,Female,46,78,No
1f4fb2c0-d8ae-4d1c-90ff-95a8e3dae34d,34,Female,61,72,No
30a4fcce-b05f-4988-9d5e-0d580e9028d6,52,Male,30,3,No
dd714097-4205-4096-b6f8-d9822acd3c04,59,Male,194,47,No
f13a0cc5-6fb9-4882-aef3-9ccfa421b185,45,Female,96,43,No
edba12eb-e908-42c4-81c7-b6770912c7fd,29,Male,146,82,No
9526a9bd-1ea4-4aad-b4a7-adfc5775bf7a,83,Male,148,71,No
a0ab2029-178e-4eed-a816-277dd64035fa,26,Male,111,96,No
b5c458ec-1d54-465a-b97b-a149d7f32106,79,Male,27,48,No
46654e16-4363-43d7-b3a5-54120a7b27a2,49,Male,198,33,No
61ebc7d9-15c5-41eb-adfb-9b772d36cbd4,19,Female,55,32,No
df11c432-c609-49b4-98d6-855eab890208,48,Female,93,70,No
0516205d-d816-4d8f-ab9b-d41f1a560e1c,22,Male,41,40,No
6557b342-6b66-4645-942f-b13f33f67e64,54,Male,88,40,No
84140ddb-54f1-4b31-b51d-4aecb10b7ac7,83,Male,166,52,No
4fcb4b02-1609-41e0-b9e3-c9468853e577,60,Male,167,34,No
b7b6c61d-d600-4a63-89d4-157f2012c68e,78,Female,91,77,No
f5712da2-092b-4f52-aed2-bb93b9fee5ab,33,Female,36,73,No
f9437183-0091-4f94-b9d5-5a97779b7e70,27,Female,41,50,Yes
64883a2d-bb3a-4a30-bb76-47f28ad095de,33,Female,120,51,No
78883927-b348-4c79-932a-074dbf6af0f8,55,Male,74,13,No
2a5cdb1a-3f0a-4b5a-a33d-d0d81f7661a9,46,Female,181,64,No
dc9ca753-aa31-4708-85c5-fa1da4a046d0,87,Female,47,76,No
d49f5b80-4d55-4e37-889b-c7933c3ac0a5,79,Male,83,73,No
69fae815-5e3e-46de-8e87-4adf49ab06fa,19,Female,166,44,No
587c0ede-8f38-48df-8df8-bcf74df93862,22,Female,100,51,No
bc695e38-c5a0-46bd-bc6d-818403c82949,31,Male,84,8,No
660979ed-b318-4234-9b06-779097557930,84,Male,155,80,No
7eab5cb6-b411-4003-9993-06061f62b7b0,27,Male,56,100,No
e5647be0-0575-4fb6-8b1d-13b06203bd70,20,Male,112,39,No
d4406fb9-a8c7-45f5-ac3d-85d9001719b4,36,Male,191,99,No
3d83a678-36cb-4cd2-8768-da1634cd1fb3,77,Female,95,92,No
25cff4ef-5d2a-4fe5-98ee-7ddbd8c0203b,67,Female,63,26,Yes
d54d2196-da54-4eab-8ef0-0db3e9cdab3f,26,Male,83,4,No
3f116bae-d95f-4018-9585-f575dc693e71,34,Female,135,27,No
d7896112-ac06-4c31-90ff-479f168d9ac3,40,Male,44,70,No
6d4c5a7b-cc6d-4fc2-af14-2cc50e842f20,41,Male,33,95,No
6c2dbd85-8fab-489b-b91e-6f148f53bbd7,57,Male,100,18,No
cf345cd7-8b4a-45c3-b391-1ff46ec6e2d5,35,Female,29,18,No
7af6d0a2-e4c2-4302-8158-796dfdfa44eb,85,Female,142,11,No
d9d6674e-8eba-4144-b010-5dc49f7b5da1,63,Female,112,91,No
461ab175-47b2-4231-a028-1d69a212bdea,35,Male,33,15,No
54078f11-3d3b-4968-9454-50e676d473c4,77,Male,157,57,No
f78d1f58-e72e-42c4-ab4b-056bb0830791,25,Male,72,39,No
790ce395-417a-4943-a8ae-ce90da71ab39,28,Male,194,19,No
7f8da330-ce44-4a67-82e8-a39fd77d57ca,31,Male,86,28,No
48ad970f-c5ad-4018-bf63-4901259b7b5b,85,Female,130,37,No
43137482-a07e-467c-9bad-d892e85677b2,90,Male,42,94,No
4e6f9bfb-77c5-4a14-95c0-497f123477a8,28,Male,160,71,No
df390aac-71a8-45bb-b664-62f451a4e17e,70,Male,46,54,No
2e3dc035-dc1a-4f71-915d-632f29333996,46,Male,74,48,Yes
08d38acb-157f-450d-962a-0bf7fa70819a,71,Male,190,75,No
5a6238a5-053e-4480-ac75-37a6874af50f,81,Female,125,24,No
574ccc4a-f0a1-4f46-986e-257dbb8be849,35,Male,84,53,No
5ee59227-16af-4127-a51d-8981576f48ab,37,Male,135,6,No
5de60d87-18b1-4886-993a-966b6e185657,71,Male,186,6,No
16226691-d6ba-4b9e-b192-e96299023f4e,50,Male,141,83,No
ce99e2e8-23fc-49ba-9e2b-a6f26706718e,65,Male,177,100,No
cfe84106-02eb-4f9f-b161-789528948f7a,83,Male,151,88,No
2af8b09c-99e5-4f97-b538-cd687a385120,39,Female,33,2,No
21c59500-d439-4bd9-84f6-06b8767ac948,32,Female,163,64,No
5cda82c4-cf88-4949-a8b2-0412fdc67680,26,Male,40,23,Yes
9db67b3e-286c-4fdd-8a94-53f5a0968f86,24,Male,184,21,No
1e506e9c-75b3-461d-b7b1-b149e9a21511,65,Female,45,36,No
5cc59727-7005-46f6-928a-1764d0f6032d,36,Female,120,52,Yes
6fc3660d-23f5-4a54-a8df-e146387a73f2,41,Female,114,54,Yes
493bf3e8-4f51-4842-823f-a2d668293c11,83,Female,194,55,No
175f200e-4faa-4287-96d5-71a85f4884e1,61,Female,60,36,No
37ff2828-b196-493e-abe5-885e907f3b7f,84,Female,144,1,No
94b3153f-cc9d-4a55-8a2e-742a6555c537,33,Female,110,49,No
fe2f4101-90dc-4df1-b9dd-14d553d1e389,89,Female,88,50,No
644db267-9082-4c42-b02d-fad5bf30d735,35,Female,183,68,No
5bd39ccd-30fc-4598-818a-770632bb7729,89,Female,91,59,No
29ca88b2-fc25-4417-93f4-823d9d8ac2dc,40,Male,181,23,No
8640e224-9096-4a13-a32e-662b3d1504c1,69,Female,58,35,No
2f971837-3a6e-4928-8a41-d0d8b4b87af8,88,Female,173,69,No
0dbead2b-6caa-4e05-b2de-e5f81b373a4a,34,Female,39,84,No
1a1b53ef-065d-4333-930a-760ee0908394,88,Male,80,9,No
4afae204-64df-458a-970e-9fb503bd5b00,61,Female,24,59,No
4e3f3a44-cfcf-4c9c-b93d-9b00d654880d,60,Female,190,98,No
9033d3aa-ff53-4145-b47a-750c07f58dee,78,Female,23,91,No
b35f3089-a257-45eb-ae52-c78e2c266374,35,Female,77,29,No
206ad996-8643-4336-a3f1-6891e7cd470d,53,Male,170,28,No
880df93e-6bc1-42bd-bd6a-e2b8d499b710,33,Male,99,64,No
a2c7ef2d-cecc-4a3f-b2ac-6ebf6595ad62,86,Male,175,71,No
896b6076-0e1c-40d4-aab7-336a4592610c,90,Female,118,85,No
2392d7fa-9489-42aa-b50b-36f66ee9b423,84,Male,74,54,No
2f4cb703-e5c1-48f3-9a89-3615b31e20f1,54,Female,103,49,No
bb047494-340f-4cb0-b88f-e4c8148eb2ae,20,Male,189,21,No
7235955d-eca0-4fd9-861a-7042691e3d5e,86,Female,28,37,No
836d7eca-db4b-4c3c-8d6a-a771b070551a,73,Female,145,54,No
45d9a060-39e1-4b67-8189-8dbba0d91767,35,Female,120,94,No
d11ba8ac-69f6-4fb2-bc56-abb52d4966fc,88,Female,37,4,No
ad5f7b6f-aef3-4867-87e1-f862a6519ce3,54,Female,113,65,No
12da3593-4e95-4272-9553-1fc6e36e47cc,19,Male,150,61,No
7c10963a-9c61-4f57-b314-e147b63d70e8,84,Male,22,48,No
a2257473-45d0-42f6-9207-cbdcfb76515a,60,Female,43,32,No
ea98c611-5bb3-4855-b79e-04be0cd0f179,39,Female,81,66,No
80149259-8ffe-43f2-9016-ad52dc3e5443,85,Female,60,38,No
113e23b5-5cae-4357-8b9d-776c81842ae6,60,Female,92,89,No
24c83f90-919a-4b1d-9a89-d9a09b167951,85,Male,31,51,No
31b0ef92-f4dc-4bfd-bb88-fc8ba17d15b3,82,Female,160,44,No
d44d49f5-41d5-4588-b27f-0fed752e5a8e,44,Male,200,4,No
a51e2948-955c-4f67-9a32-a22dd3e3798f,48,Male,125,1,No
29b970a5-f3b9-4adc-a32c-4e6c47292284,21,Female,43,48,No
42661bdc-2936-4e2c-827c-44abf525d1ed,87,Male,55,94,No
45d48162-ec3e-49aa-a8fb-bd41df8f113b,41,Male,68,37,No
705ace34-543a-4cdb-956b-c06f6eb33a4d,52,Female,141,30,No
a465c323-1e47-44d1-a869-a105745034b2,76,Female,75,27,No
9c3be039-ea90-42a6-87c5-7175356cf8aa,72,Female,70,4,No
bf9aa1fc-9517-4cd5-8f27-ff4978267df4,67,Male,23,19,Yes
5e562023-f971-41bf-a7e3-a82bf894155b,32,Female,84,77,No
82737042-63a8-49f4-b8d9-338cfef4dd03,71,Female,97,33,No
b14041ef-0432-438e-8737-e30c31b391af,38,Male,55,53,No
b9b58bf2-a4ca-4254-b61e-1db5d7adc35b,57,Female,27,59,No
7f57a91c-2edc-4f2c-ad13-835eeab36336,80,Male,152,50,No
a2510f77-4414-4a52-9632-3e6ecd05165b,60,Male,151,51,No
4cb3f773-9193-401a-b091-4f4eccc0d7c2,53,Male,178,26,No
6614b886-287a-4a0e-b48c-82d49f977d97,84,Female,139,90,No
08568a01-b6c5-47b7-a64b-81822fc84c88,26,Male,52,75,No
8f9a7106-5e73-4627-98af-f49939ed8b15,34,Female,139,63,No
ce649a2a-76c4-49c2-bb2a-6c1c5d475264,67,Female,194,23,No
b487d49f-6321-4873-9b5a-4fa413f01e0f,31,Female,154,38,No
3cc5c19d-687c-4698-be67-dd74ebd83432,81,Female,117,89,No
ad11524c-2b5b-450f-bfeb-8937c257649a,67,Male,123,41,Yes
2f092cee-3d08-489f-921e-1dfaa81ba6b8,32,Female,176,2,No
c17d862a-d452-483e-98db-abebf2a59c4d,32,Female,119,21,No
1e92ab44-1bba-41fc-a777-d52c72924ed2,81,Male,68,93,No
7ac29936-0673-49c8-b7d5-b760ca75cee0,77,Male,106,7,No
746683ed-cdeb-427b-89ad-5c61f76e5b44,27,Female,125,17,Yes
5ace7e9f-f02d-4c07-b0cc-ba3ff524565d,59,Female,147,49,No
8149aac3-bc36-438a-ab77-4a7b6583633f,37,Female,111,1,No
20e9a636-f643-4017-8a0d-3ce805d7b7c1,47,Male,71,66,No
86cc129e-2e37-4d6f-886d-76030c177dfe,28,Male,83,10,No
e98c5f4a-b9a8-45bd-8482-44fbc183dc1b,63,Male,42,88,No
da000695-9784-4a92-af48-5d689ee890e9,18,Male,179,90,No
39a12692-e72f-4a0f-bd56-7cb781f7b6d7,55,Male,130,39,No
3b514d1a-485b-4fce-83bd-b9a58dceb229,46,Female,135,1,No
a42124cc-e365-4043-a41f-213589b4e7be,72,Female,107,38,No
a3dd05ac-dd9c-401e-9831-f831c85c67e8,78,Female,125,95,No
9d9766aa-f74f-40dc-8f57-8725faea0047,62,Male,186,61,No
c60bd59f-b270-4f04-aa4c-89ee267dba18,60,Female,127,31,No
9807af68-f1f5-4a80-94ff-aacafee303dd,76,Female,75,37,No
da1e6e16-b189-46cc-ba61-91f6ee561561,32,Male,95,5,No
d4d2ae0f-ed77-46e1-8647-21bdce205458,77,Female,127,52,No
1b8ce4c9-6432-40c5-8ced-0e788b54d930,56,Male,166,89,No
98b624bf-578f-4bf0-ab23-16a1e052919a,64,Male,159,2,No
a3b537d5-a1ac-4d91-814d-2a7fec102c81,67,Female,121,87,Yes
5b5ce678-7380-4394-9026-2de0f63d5968,52,Male,57,35,No
9afc5697-6b05-44ce-b69c-a9c72a475173,58,Female,29,83,No
bd02bf04-5336-4472-8b51-195741474110,50,Male,191,46,No
fe29db65-654a-4b03-9ded-647b04b23e31,54,Female,184,13,No
01dd3ddf-f994-4b83-81a5-67fff8ea7c0f,23,Male,142,37,No
864add3b-a2df-41ae-8ecf-3df893ff3820,59,Male,194,47,No
67daafbe-c602-46ef-b49c-7d09fa737824,22,Female,129,92,No
0676e9d4-fa17-4af6-aae4-eaf61853e288,77,Male,65,75,No
9e2d5902-4743-49f8-a999-80179e122ef5,53,Male,30,26,No
bdec8ee7-d49b-4dcd-9312-23e4c7acb6ab,46,Female,39,73,Yes
13b200fb-a8b3-4861-bc81-93ac906b37fd,57,Male,135,39,No
e96f6f63-f71a-4f4c-8125-e53652a1b58d,76,Female,189,39,No
223c155d-0063-4892-81a1-6aee11bf3fb7,34,Male,151,35,No
90d41402-9e50-4d94-9246-af60acb95a43,89,Male,66,86,No
9170cf78-906a-4425-a8c0-8c9a6daa9274,34,Female,174,15,No
ceb6a4b1-925b-4040-a8bd-51c46be91270,64,Male,77,16,Yes
b0770f6c-a81a-42e3-b2d9-042406b6b39a,24,Male,143,25,No
e56ba8a7-3424-4934-840f-ba04aa52cc7f,55,Female,112,18,No
bd90e06c-db1c-46e1-b016-1acaea80ba60,84,Male,142,39,No
b41d027d-48c8-4d1a-8de3-0e3a57b4e818,72,Female,148,95,No
052c0bb0-b259-4fac-b090-66822627962f,53,Female,101,61,No
ad8f1ca2-54b0-4070-a333-2fd5bf63c578,85,Male,162,26,No
bd644298-e43d-475f-98f6-67b03dc136a4,85,Female,173,84,No
be7031c3-7d61-4ff6-af8e-4a34db857585,45,Male,197,19,No
13e2e441-4002-4f31-8e01-a563a52e0f1d,43,Female,21,32,No
e57fdcaf-1394-46f9-9eb0-fb3ef7aa6fdb,86,Female,109,29,No
1508894c-0fec-448d-b4fd-42995713fc5f,19,Female,130,21,Yes
978f4588-019e-446a-90ad-5e8d166b0a73,45,Female,164,51,No
cd5c4d4a-e09c-47b8-8a86-ad7bf33ffcdc,36,Female,28,36,No
af312505-503a-4a21-b6ed-6f05935e3fae,51,Female,145,71,No
d7a8d545-2907-46c8-84d7-fa841cf3f15c,38,Male,26,39,No
232e7d0e-a8ac-484f-a7d9-977cdf8ad90a,27,Male,56,32,No
58ac92aa-cfd0-4cad-8678-a4b83664f302,19,Male,82,10,No
0399d445-cd05-4669-9fc1-c1e15d1dae0e,81,Male,54,17,No
253c1e99-a1f2-4a08-abfd-23886f6fd829,72,Male,55,2,No
961ce28c-1daf-4da0-80b8-2efd964311ec,78,Male,186,97,No
f17fbb93-945a-4d78-b6d9-d5e74f766f9d,53,Male,161,6,No
bb5c5d99-e2d3-4767-8d83-2c81a991a0c3,83,Female,178,29,No
ae72e9c8-0e7c-487f-838c-6249adecaf9a,77,Female,170,55,No
9ebb7634-543e-48e6-b54f-60a6f1e443da,54,Female,166,98,No
3787f7ba-d2be-40b9-aecf-17eacd3dcb50,42,Male,193,89,No
a0e67ffe-bdf9-4f19-9c1e-8b1fa3b1d509,70,Male,78,3,No
5a70b81e-ce1c-4a1f-9261-189df19aad74,29,Female,119,34,No
3b1f7add-30fb-4a26-860f-35ccd355a0de,88,Male,116,39,No
6f33b4ee-3229-4142-ba94-7bfad1ca0148,37,Male,122,4,No
5a1ea26f-eb79-45aa-9f7c-8de30082eae2,22,Female,144,41,No
ccf68e64-dd0a-42c8-af5a-b9c63279585c,21,Female,102,83,No
b9b12e25-242a-4348-98f2-573f986a933c,36,Female,26,57,No
86020c4a-69f2-437a-b5a6-e6ac368e4637,50,Male,158,17,No
a78e4455-ac5e-4661-a51b-08e7a98c21ab,53,Male,75,55,No
a19318d0-9239-4cd2-aa2c-db80298d3a6e,70,Male,130,31,No
2265a1ff-39a5-4a9d-b1a1-4ed26bfc4e96,38,Female,137,59,No
a89bd9bc-80df-43cd-8304-aee824e2f8cb,58,Male,38,60,No
3e8bb550-47cd-4528-8aa5-3b27ff02073e,48,Female,91,69,No
6682df3d-1ef3-4e04-8937-4ab41077733b,51,Female,46,15,No
26949bbb-adee-4a4a-b3cd-4058d5d3d261,27,Male,52,41,No
1915a8a0-d820-4500-89f8-c07f1779c57c,33,Female,120,56,No
75bd7ea9-ad1d-4890-90f5-4ea85288a6f4,76,Female,170,6,No
c31c7f85-2eac-42de-8cf7-2cc98cb185b9,79,Male,117,26,No
a61dbcfd-b5ac-4490-a6c2-08ef6cd332c9,52,Female,174,55,No
60ffb19f-7110-47bc-993c-1739aeb1d231,85,Female,101,96,No
14deeb50-9d65-427d-babd-137e86ccdb5f,18,Male,98,58,No
1adee7ee-0f65-483f-959e-0a719b870400,41,Female,145,78,No
c8864ef3-b849-4dec-9600-953a882fe63e,82,Female,24,23,No
38520282-8c74-4bd1-b64b-ffb002dce3fb,54,Male,107,20,No
470474a7-c418-46a8-a984-43abeb281407,22,Male,195,76,No
09145ff5-8f35-462f-8efa-80ce480c734c,75,Male,86,96,No
3751f31a-9dac-46ed-afbd-b99c326cd984,71,Male,64,75,Yes
97e26698-f92c-4cc2-b2fe-09d7d46077ac,41,Female,87,25,No
c33a5ab2-6085-438a-9d62-a70eafa8beba,90,Female,140,10,No
39edec99-c6c9-4b6c-bf07-9ea2aa10eddd,21,Female,91,56,No
8081a26b-3642-4230-830d-c904148c81d2,69,Male,175,43,No
52b73425-892e-4595-8ca1-5a0c899eeca6,75,Female,71,91,No
a98dae0c-b521-4d87-9d67-73e1f6874982,70,Male,56,7,No
7150b9cd-53a8-490d-9654-64aa3333b7ee,40,Male,88,95,No
65013305-e804-46ec-a7c7-e568dd71a6dd,23,Female,134,44,No
d8ff5f28-7490-403c-8a40-469ce1c738e9,41,Female,183,79,No
35ae6135-3d36-4c36-90de-5a7df63f6439,34,Male,183,22,No
5ad09a15-5b72-4ed8-9e22-eafe4330774d,78,Female,137,33,No
91bc4e41-7d65-4a22-9f29-a862563247a7,40,Male,21,51,Yes
fab1d2ec-7db0-4d26-9f6c-a26659d20511,20,Female,41,30,No
5d1ba1b5-899f-43be-bdd0-9d03c2ebc539,73,Male,36,21,Yes
d9bd54d6-d652-4cbe-b39f-79292185c383,47,Female,66,57,Yes
bf8c6ac0-85a0-4546-97b8-b8c80c7260d7,56,Male,98,74,No
fc69ced1-ed6c-485b-be9d-8db4d4be9fa7,71,Female,198,15,No
03643ade-854e-48f3-bab3-d961de3d6d7a,57,Female,54,10,No
a05031f1-d780-4ff4-bbc2-73c14f1af48a,60,Female,124,98,No
7091c54c-7dca-4eb1-87ac-ee5c42afb534,73,Male,81,70,No
71f0eb99-7969-4c85-908b-454e7e32998f,82,Female,39,26,No
0503efbf-1ecc-489d-bb04-0aa739aff1c0,48,Male,101,26,No
83462fb8-6625-44ec-82dd-c54cc9304d2b,77,Female,110,74,No
156f1fad-9015-430d-ba9e-6cfc9015de4a,59,Male,195,40,No
bc2f737f-f1f2-4db9-ab4d-2097eafb1867,60,Male,178,54,No
f6eb2491-0ac4-4822-84b7-896349f6ca46,23,Female,107,22,Yes
4c33493f-20fd-4437-a338-7990a2b1d797,45,Male,199,19,No
032a65ef-055d-4c22-a863-8cb0bca5f018,63,Male,93,25,No
2bb15076-9b3e-4f3f-b9dd-cf877c455218,18,Male,159,56,No
54da95d0-b48b-4791-a6fa-bb9055f48d8f,71,Male,93,16,No
e87795ae-1dc1-4eb6-b208-c55be553f799,24,Female,42,74,No
070d9fd6-3c66-49d9-a5b1-57bbb23c4f6f,71,Female,123,66,No
30979e64-0948-40bd-8a6e-92edf5bc5b70,87,Female,135,78,No
e1655d99-439f-4e90-a43b-94a215b53536,44,Male,184,2,No
d32cb77a-edea-4e40-b976-bc0280bcfe93,70,Male,21,68,No
dd2af46f-e80e-4b0c-b5fe-a85b9e9ab3f7,58,Female,174,56,No
b3cf2f01-e7c5-4b45-baa2-d5ab405edbfa,88,Female,94,83,No
b50a462c-c086-4b39-b802-11530bff89d6,26,Female,22,59,No
03b3e12b-23a1-4970-b138-307e6def23b1,69,Female,180,53,No
06d01f17-656f-43db-b2cb-abd0659a3a68,73,Male,38,86,No
e9f8f932-ba71-442b-85a6-56e0d50805b0,88,Female,82,73,No
2a2c40d7-ef91-4148-bae9-36a5377f27cb,64,Male,102,75,No
ead643a1-fc51-475c-a5a5-c745b4c114ce,85,Male,45,13,No
970e0af1-cc43-4103-9663-053816a63740,64,Male,173,84,No
27e8160a-88ad-48d9-9056-52bd2f225df0,63,Female,127,77,Yes
1364c4aa-7a2a-41c4-a3ac-0cdaf54c2501,64,Male,171,72,No
cd405d75-c622-4f85-9a9b-bd631b7dd235,21,Male,130,7,No
031f8120-8356-4b4f-9b99-7b70a0e79817,79,Male,80,83,No
bf8c258f-b951-42b3-b198-51745a1e6ade,83,Male,160,8,No
de62a1ca-2690-4b16-b9ad-8c5bc1f78849,76,Male,89,16,No
f81d8190-7562-45fb-a558-ecbafba4fd78,67,Male,154,59,No
eb18a22c-1e00-4082-92bf-b878b834687b,85,Female,199,89,No
9b588ef2-105a-452b-b6e8-534b5885a18f,59,Male,79,19,No
376d2107-1885-41a8-b612-99c09e400c92,55,Male,85,91,No
19bbaf6c-2193-4a0d-b186-dffc1d475202,39,Male,194,85,No
faaa3db8-0aa0-4175-b6b8-4b880a029c34,77,Female,102,100,No
264c05de-ba8e-4e15-95d1-6499d556c257,34,Female,89,56,No
4022e1a8-dcc1-46f6-be00-fab67feeeba6,86,Male,83,60,No
6c377620-e3d7-4781-8c93-91cea1fc4f5b,40,Female,104,52,No
8e84e92e-2f61-4830-95f0-bb21df844e8a,68,Female,91,1,No
42b811b5-777b-4bac-9a30-d0785201c5d7,79,Male,123,66,No
3411689e-ddc3-4fe1-b900-af67c14e80d5,29,Male,137,66,No
737b44d7-dc01-4230-81c5-7c23bf1c0346,83,Male,171,63,No
fa9324e2-86a6-4f2f-a1fd-c21b89614e18,41,Female,141,40,No
6715f282-f30c-4f4b-9f27-5088672cda3d,82,Female,128,14,No
62eb7d37-667a-4a1f-8d21-40fe0cd81ec4,75,Female,185,47,No
a4ac7a11-4425-4b2d-a7d5-3c9bde3cf26b,78,Female,107,94,No
0ab046b0-8203-4251-a273-f791df0f288d,53,Male,58,10,No
c40fc1a0-cc0c-4b6e-b1e3-382988c47593,78,Male,150,44,No
f8f96e7e-b48a-4651-a1dd-fafd9a7fd1ee,75,Male,50,78,No
478352ed-b9ef-459e-a590-21bbc3082dfa,66,Female,135,59,No
c50ca4d2-dc17-44b4-bc05-7ce1f9cdc26e,86,Female,75,6,No
2bdcd68b-f1db-4f53-895a-297b3fec0d28,29,Male,149,82,No
ee1aab8e-8116-4158-8b20-df700e20fade,19,Female,162,9,No
7212d4a1-753d-48d5-9a62-da5a970ea423,68,Male,39,98,No
028c46e9-3fd2-4e12-aa2c-73e69702672c,84,Male,23,75,No
38ae414c-383f-4f9a-976b-e1b24eef957d,67,Female,188,10,No
9621ec0a-1539-42cc-8f4d-76a924a01928,46,Female,96,81,No
6bf4c7ec-2e20-4295-9c9f-758d99524fe2,55,Female,153,38,No
edc7c300-5d61-4f15-9e60-78483ae2111d,84,Male,76,50,No
2e1b6415-3355-4704-a0fe-a539b8a9b209,67,Male,130,38,No
dd8b9d62-3810-4077-99ee-1a72c45607af,69,Female,198,25,No
2bba0ae6-555a-4089-808c-81c764472be5,65,Male,119,93,No
470e5c53-d915-4137-b652-354b2463d671,78,Male,38,48,No
09fc6bc4-2122-4979-a6e6-125bc356da22,40,Male,98,52,No
b799551a-fe07-4c8e-b70a-d5df9d66ed81,72,Female,164,46,No
a17aac11-31ea-4c1c-87a2-8892d1f93824,54,Male,91,28,No
4853da47-603c-4169-91c4-d68305ad6ca4,19,Female,122,46,Yes
66e27f9f-8e65-4952-8406-0032a49fce0d,62,Female,55,76,No
9e96cf1e-496e-4547-a981-2e485c00dd46,55,Male,159,50,No
2e72afee-b14d-40b1-a4f9-c2d642f17011,26,Female,155,83,No
e062a013-6961-425e-9dc3-cf22000fae95,51,Male,154,71,No
064e51d1-8861-42a0-9b02-91f520d68e13,51,Male,192,41,No
e3623cad-6a78-4f78-bda3-b8593c88a68d,34,Male,67,91,No
fa4bd116-edd0-4e77-aed1-0f929a1d0043,79,Female,70,29,No
030d5b35-bfb5-4f07-a3e9-5ad2682377df,53,Female,86,13,No
9dfe042d-fe6b-4b74-8e5c-3d03433956d4,49,Female,190,53,No
ef3c14a1-1f13-4146-b661-bed3eea727b0,48,Male,26,52,Yes
49374728-9fb7-4f33-8cee-0cb83eb2c8f5,23,Female,175,85,No
edc7e074-4462-4bd9-baab-326e27c5adeb,80,Female,157,67,No
34e84fbd-bc66-4a42-b41f-6698d3d8b095,19,Female,169,95,No
19e1ca6c-b0df-461c-8cbf-94dd9bf341ec,79,Female,96,76,No
126ca1fd-f0ef-40da-bfd2-1565b09c53c3,75,Female,124,27,No
d6de240b-cabe-4204-89fa-93985320af71,44,Female,121,77,Yes
2270ca39-aab0-46b3-aa7f-117e931404d3,52,Male,152,91,No
d2302991-5e2b-4d11-99c1-9080136cf58a,69,Male,165,27,No
ccfe065d-ce0f-471c-9647-deb0bb47a646,66,Female,160,32,No
9bfcc6da-bbca-4f11-b734-72fa3c6324d5,38,Female,176,31,No
e221873f-4c77-4703-92ef-bbed279c81e3,64,Female,137,60,No
df082063-bc37-4c89-8b1f-9c5498727268,45,Female,194,4,No
4b9cbf06-dded-4d07-8c1a-02ee164f0d18,73,Female,59,35,No
d958ae49-2043-4eb4-8462-1aa621b486db,63,Female,96,99,No
04902637-1050-4e53-8117-60404df896e9,73,Male,48,82,No
c426a010-2777-4b68-b361-90601fc72cd5,83,Female,113,70,No
4263a808-f25a-4ff8-98e5-e48d8c8ad50e,74,Male,54,23,No
49687ab1-89a7-42f8-9b16-5fbe8ea62590,39,Female,172,6,No
98af53c9-19ba-43e6-98d7-029b2f6da6eb,86,Female,72,54,No
71109abb-b79d-4e91-939d-1c42db235ce3,41,Male,50,43,No
505b77e3-529c-48aa-b845-0dcd49f522c2,57,Female,120,39,No
cb0d250e-0355-437e-837e-55ddc6e47f67,69,Male,167,54,No
28986534-01cd-4835-a1e7-405a6c3f1f31,66,Male,90,46,No
44ab91a1-6481-40f6-af9e-f2fb78eb9633,40,Male,55,16,No
380f9990-f597-43ca-9491-4fd6f61f5a03,60,Female,109,80,Yes
7a2e2fe5-6355-4de3-b7bf-a7270078e390,46,Female,181,98,No
b1d0620c-9c96-41df-84fd-ee59eaa6f085,88,Male,169,100,No
ff1e47cf-076f-4c16-8893-b160541703ad,57,Female,164,55,No
43887acb-dfea-46d9-ab39-9104fce4392f,51,Female,37,43,No
403435df-95ad-4f62-9cc5-0729cd80e005,70,Male,56,22,No
35b87d46-cb29-4eb6-a0b5-fc17ec631fdd,64,Female,177,68,No
9001d15f-7ec9-4ca4-ab4e-5005526c90f3,81,Male,197,74,No
acd44010-74ef-4fbb-950e-bc92c59caed4,20,Female,184,40,No
3cbcce97-f541-4bf8-8e53-c44b6b2b88a6,58,Male,105,47,No
cf64f0fe-6060-440a-9cd4-40379bbceda4,77,Female,140,22,No
25fc839e-3dae-4731-b68c-968c25fabd08,41,Female,175,52,No
d1119ba8-3b7b-48f9-aaeb-da3412dbc18d,86,Male,52,62,No
c1026f2f-c4a3-4914-8f48-9227d02606e2,40,Male,80,79,Yes
9355cd12-1a34-4899-844b-5c5c9eb7a996,43,Female,127,7,No
e2166230-573b-4106-9bbd-8605a4d344a2,56,Male,49,47,No
1fb9276e-2d68-4149-99ac-447f4607c084,74,Female,41,75,No
7a51308d-08eb-4f01-a82a-ede623afe19b,82,Male,135,63,No
6a28d182-4618-4412-a59e-7b68dee25833,25,Female,136,44,No
c21bdd04-476f-4999-b417-bfd058cff096,52,Male,23,1,No
55b58ffd-8345-4e23-b347-324baab8a7c6,36,Male,186,31,No
da51938a-f65d-4557-98a1-7a9607362622,58,Male,125,30,No
8fb6886c-ec45-4839-b914-96a71b188574,83,Female,26,74,No
00551c59-05ca-427f-bdbe-818fd64384a9,49,Female,123,79,Yes
5037bd1e-3bdd-4424-ae1f-6d6197d2166f,79,Female,123,7,No
85d7e324-5118-4609-ba7a-8f0848458c96,36,Female,134,93,No
ce242490-c210-4116-a9d7-1b8fd610b0ed,56,Male,50,52,No
26e32927-7255-476d-894d-e430e0eda8ef,74,Male,109,75,No
f330001b-caa9-4233-af3e-4f134f342bbe,29,Female,80,38,No
b5e3b540-dee6-42d4-8c91-22580c12a6b6,48,Male,71,79,Yes
1a1193f1-6244-45e5-9633-954980ab46da,61,Male,174,57,No
8277a8aa-4d2d-4b2a-87b1-ba1c37f4670c,42,Male,124,64,No
c5e1f96e-0d90-4ed2-954e-ace917275673,20,Male,190,69,No
9dd88f36-3a4b-4059-8a9f-16736cdb3405,34,Male,100,59,No
ee28a141-7239-4b72-a0dc-5bf203c3bbc9,33,Male,55,96,No
0f40a665-7975-41ad-89d1-4f7352dccfca,38,Male,156,41,No
61d639a9-5457-40f0-ad53-54d98853c0de,51,Male,60,59,No
e7e22028-a1c3-49ba-b4c3-3348ae98515d,22,Male,145,53,No
8f00444e-1da2-43d9-886b-b197c82eb336,67,Male,65,99,No
9988976b-8450-4d0f-b971-83e476609025,84,Female,89,51,No
4968c704-bb0b-401a-a63b-a16f36aed604,26,Female,155,57,No
ce34bc0c-3f65-4ed9-8989-c482f03a1d23,69,Male,160,40,No
f8647746-21db-4c51-971b-1be0c59a881e,19,Male,45,53,No
d5da1282-d7be-4cbe-9cbf-cb05315284a7,56,Female,160,12,No
d601e997-b16a-45eb-8c2d-358dad6653b8,41,Male,144,21,No
31ccf237-208e-4c1c-8733-c5cd379cb3db,22,Female,132,14,No
6ecaf16d-4bad-499d-9bdb-51f7b54ed43a,69,Male,20,39,No
654faf06-7ed1-4f1e-aa13-1c6f818a249c,57,Female,78,5,No
c5dc7337-a6c4-45b4-a2a4-b60912d8be20,24,Male,199,65,No
3b6b7da7-d27a-4316-bbeb-060382c5305f,31,Male,93,2,No
b2d3e4f7-bc9b-4aa1-acb6-c775ddb37697,25,Male,171,70,No
8b1f6a4a-3dd1-431c-9b20-82d9e21fb68f,55,Male,84,34,No
1467a2a9-cc1b-404b-b7d5-b3c0d3659bed,54,Male,172,23,No
c392c8b2-eebe-49a7-a236-e9e8675bf558,39,Male,60,27,No
a5ad4f09-3d73-4f6a-8613-7bc910a2b09c,31,Male,145,81,No
2d30c536-1459-45f2-bde0-2129ff246c59,72,Male,196,11,No
2d7ea03c-040d-4b35-afb8-a5ca883bb866,87,Female,27,33,No
ce368066-c0d8-4217-9bb5-43c60585a337,71,Male,169,99,No
b72c7273-4639-4693-9982-17bd3c1221ee,69,Female,94,12,No
7b219b3d-42e0-4fdc-85a2-8e1b79dad1fe,37,Female,55,27,No
549090ea-4ec1-4a61-8433-aac5005ad67d,47,Female,114,15,Yes
ac37ebe5-c003-44b2-83d4-f76596986d38,52,Male,188,59,No
76589ce3-d58a-497d-b694-3f5477278129,49,Female,100,63,No
b8565c5b-1304-4d1a-ac05-0badf0b675c9,74,Male,185,29,No
873d22c5-8cfc-4d79-a7cd-5acf68cbb501,34,Male,161,50,No
b72f7c21-6d65-4a36-bf5c-7e37fc36e93e,72,Male,74,65,No
6ba5a806-51d0-49e5-863b-dad8a8165d28,36,Female,139,65,No
60a3ee00-4efe-4278-9940-d8b9d252cc40,28,Male,145,88,No
2dbd6575-fb6e-49a2-9238-278090c2fbf0,90,Female,115,2,No
8d9a2d3b-75b2-4f1b-8f2a-81e3bb22109d,47,Male,87,24,No
5465e3bf-f711-4fd2-b45c-717147f38548,86,Male,61,7,No
ed492f68-039c-405e-a34e-5202719c2a40,73,Female,125,15,No
5f0396c2-0316-4b53-8748-149ff0b84b95,55,Female,84,85,No
a7c83132-1dbb-407f-a7d2-e3ee8ebe1fc3,67,Male,61,59,No
19daf9f7-1b0b-4d34-969c-48078c418f78,78,Male,20,44,No
5e4fc500-dcb6-4942-abe3-b33ad82a2883,64,Male,109,63,No
f14bb00e-5be7-42f1-bd75-733b4769a850,43,Female,133,36,No
833b203d-0e6b-475a-bdb8-bc553ec6897b,83,Female,104,1,No
3bf895e5-5e0c-442c-b445-3c28ae227c62,34,Male,125,85,No
c1b553a1-4b60-45a0-8504-4107f7495621,77,Female,32,63,No
25df3e32-d769-428d-a240-4ddb51efcb70,59,Male,111,52,No
f2cca858-ac79-4b3e-bd2f-b99ca2b49d00,72,Female,39,31,No
ac4c7f60-6985-414f-9ec3-8a4c6f77350b,57,Male,64,57,No
3e2bbad6-c766-4c20-a183-49621025d0eb,71,Male,194,63,No
4a731454-9e35-4850-951e-ca2e08e0f7ad,31,Male,31,48,No
a696eb09-1ce6-4f1b-a3c1-336806397bb0,81,Female,73,24,No
72c92f43-a16c-4d71-b966-c6ea64d31370,82,Male,117,58,No
1093b0bc-3a07-4dd3-8036-66fdcb9bd901,41,Male,114,14,Yes
45b1208c-9fdf-4e88-b2d3-50e815ef9a05,58,Female,127,34,No
d717f4be-dc78-4a01-a3f5-11e57c4bb43b,72,Female,161,97,No
7e99ebf1-ab7a-40b1-9656-c3cccdd12b5f,80,Male,96,47,No
d5a441cf-dc26-485b-a638-9711e3a15436,23,Female,74,98,No
56d3b30b-c2d8-4ad5-b031-394668d7638e,83,Female,164,18,No
45622381-d950-4646-a0f7-842cc10bc0e8,35,Female,196,71,No
e150c0aa-997d-4e8b-ae35-d0b78549bc19,67,Male,122,19,Yes
c95b7ca2-84fb-45b4-bee5-c300aa055d16,29,Female,98,38,No
b304514e-1a28-4e8e-8c54-39969bcd19e2,66,Female,140,44,No
527efc80-457d-4deb-a283-88bb9cfe7bec,33,Female,183,84,No
90173a4d-c9dd-4995-8e4c-361e4705d988,87,Male,140,44,No
09d2443c-4837-4d9d-84f9-19d0e979056a,72,Female,39,87,No
15b576e2-b7d0-4f1d-8d18-734c2383dab4,61,Male,195,66,No
c296cdc8-4444-4a08-b6ff-9126a7284cc3,63,Male,171,73,No
19d578e4-d81b-48d3-9b8b-7fab47566bbc,69,Female,78,41,No
7a9f8d8c-a039-4fb8-aa26-c8861b758819,31,Male,153,58,No
df8e8372-4d90-40be-8ea5-7fb1f623d785,27,Female,131,99,No
eac0eabe-545e-49df-b14b-bdcf8919905f,22,Male,76,13,Yes
1143b9c9-a3b2-48af-982e-b151314a8d34,38,Female,184,71,No
2e976814-847e-4158-a032-fd0c0320ce4c,83,Female,31,58,No
adda497d-25b5-4cb2-8384-f78d3f441068,50,Male,91,27,No
4ff50d90-4f71-47c9-a333-caf259c8fdb1,38,Female,66,61,No
44faad8a-2306-4ee4-991c-c9c516a4dbb1,75,Male,129,21,No
30f5d3bf-0bf7-40de-b300-dafed77e7ce6,70,Female,91,11,No
f0e9e0c0-867b-4065-a35e-21fdc7d86b3b,85,Female,153,31,No
dea3732f-67ac-47b9-8631-43956f311b49,87,Female,153,70,No
50c50d06-8e52-463f-af64-5850b1217e60,57,Male,32,43,No
484c79e1-ecd4-44c4-817f-74bb5c78c5ce,36,Female,97,80,No
8456b5c3-2974-4fac-b31f-a1c56c6a60d2,54,Male,175,37,No
27e429dc-d7b1-42ea-832f-462357fd8799,43,Female,57,81,Yes
588d0ee6-93bf-4c1a-88b1-370fc6ca761a,87,Female,25,70,No
0404da48-6db3-4b67-b8cf-b72277be4650,39,Female,47,26,No
f3f9a1a3-7712-4c6d-b7b7-c0cc1bade333,74,Male,134,26,No
92814986-d26d-4231-a016-863974631bdd,45,Female,72,21,Yes
a5faffb9-ca97-499c-a93d-36856214d075,26,Female,159,77,No
5284802a-97a7-4ad2-a565-5f0f51f3653e,44,Male,163,79,No
0c122e0f-5de1-4aa0-aeb5-79d285a9a73e,21,Male,145,36,No
c6379002-35e1-4aee-8685-235b5327e76e,31,Female,144,81,No
5b6b4a30-7df2-4cc9-ac8e-a5085e81561a,82,Male,110,16,No
513c5543-3d49-468e-b04c-fd765cae21dc,22,Male,100,28,No
99c167a9-5178-43ef-9f1c-6d3f7ef003b7,53,Male,72,100,No
fa7ea57e-76ea-4cc3-a633-b7a66f3b7ade,69,Male,193,71,No
7e8c1987-e66c-413b-b567-b9bf505c010e,30,Female,196,9,No
8240fcbc-7598-4999-a4d5-dc4bb6dcd972,64,Female,184,18,No
f0708652-3dca-4b5a-86ba-c62e0f76fd1e,82,Female,195,74,No
0b5afeed-5b9c-4330-a46c-88333593ce60,57,Female,167,32,No
b3d859dd-f5a9-4853-bc94-5588fcdfa94a,22,Female,140,51,No
892c0f4a-7037-441c-a126-637a31596f5f,56,Male,98,53,No
7cee04e5-c37d-4d69-a58d-082b1b4b5f9c,90,Female,199,11,No
e073983a-ae0d-4918-bece-d071626464a1,34,Female,58,62,No
c1e51247-0b72-4b6c-a766-3a36e4b2624b,41,Male,95,78,No
cb4927bb-614b-47ef-b8f1-51d6dc375d89,21,Female,146,85,No
767a2cad-d10b-4666-ac94-115312952d3e,21,Male,64,88,No
ad4bc127-0aa4-4d33-9d87-a5c478c3a302,47,Male,40,10,No
1ce0ef0f-d256-416b-8097-32c19859a7a5,87,Male,143,72,No
c7565eb7-2b6d-4aba-ac41-cbb1b6b0c3df,86,Male,183,24,No
5162e1fd-bfc0-4091-9be6-7d95a314db88,71,Female,74,26,Yes
c06d4970-01f5-4d1b-995f-557a8682d0ea,20,Male,150,99,No
7cb9db97-859c-421c-bbbc-125aa6607c8b,33,Male,140,8,No
7a5d005f-46a1-4c7a-83d3-63c8dd6fde17,64,Male,196,83,No
118f87cd-439c-4940-be45-cdbd1d4f6d96,84,Male,197,86,No
ec9b5114-6215-428f-9baf-f0800a7467aa,66,Male,153,46,No
b6122d1a-d442-40f1-98aa-21b562650f5f,21,Female,66,71,No
fe0508c0-849d-4766-b9ee-6a94034fabb2,71,Female,69,7,No
d947cee6-2d54-4c52-aca6-50e52af21aeb,48,Male,34,72,Yes
2c24d845-2ea3-4c81-8d75-ef0574a480e2,69,Female,140,31,No
135dfd93-41fb-4e21-8dc8-1265e825cb8a,42,Female,50,98,No
4340286f-6182-46ad-84e2-ebb118a3cf62,62,Male,181,48,No
dcfef52c-6219-41c7-8fb0-57a2e9df9360,50,Female,76,44,Yes
fb5fe281-ca63-4020-8980-3adbe75d84b9,82,Male,168,92,No
877a2daa-1668-43cb-b65c-443afaf23416,84,Male,90,96,No
88d57f33-c55f-468b-a01f-d1749b63ff33,34,Female,68,9,No
92550b23-8359-4ea9-a52c-beac4be84d90,54,Female,39,91,No
8116c437-b27f-4b2e-924c-3a0d8a5c07ca,37,Female,63,78,Yes
bec321ab-eb0c-4ad9-934a-3e6dd5656a59,90,Male,133,62,No
2b3f121b-d6b9-4211-8c14-2a04a9f96086,39,Male,190,50,No
8570eed3-2861-4032-b3b9-25e940a420c8,87,Female,132,6,No
eb7cc479-6b17-415b-8635-b706ebe7b6f3,39,Male,119,38,No
6a2b5660-4f26-45f7-a80f-bc9f729e78d1,80,Female,49,31,No
39f7c919-5a06-4705-94b0-1eed8f21e01d,68,Female,141,51,No
3b2355b0-2e66-4aed-8c9b-43d69dbc3096,66,Female,113,73,Yes
e194d33d-68a3-40a5-9412-10a8f260c541,85,Male,129,61,No
a6307da6-a752-4870-900e-35128acf878d,37,Male,196,55,No
764593ca-5de6-4b1d-8ae0-d83e2e7d6daa,53,Female,127,8,No
f19c3a5e-633f-4634-8591-ca1510bc74c1,57,Male,104,14,No
c47ed47c-1df7-45ae-a560-d3bd30146eb8,89,Male,62,22,No
8dab4b99-1e55-477d-be17-5a0073b6a78b,63,Male,89,26,No
f057ac57-d24a-4a16-aaea-46eecf37fac4,37,Female,180,88,No
6ad7b55a-7ac0-4cb1-9cf0-5187b00dc396,58,Male,167,29,No
7524e39c-df23-48d3-aca1-0ba89b88501c,62,Female,151,36,No
3281708c-174f-483c-bee8-7dcde4c6f3fc,81,Female,103,6,No
8d61da5e-fed3-4655-a5f3-3a83897059e6,89,Female,134,2,No
e7c07127-d469-41d8-9637-bb1feb142b29,19,Male,144,36,No
e9882678-855d-4934-8eab-93dcf5556261,39,Male,195,46,No
a1ea94aa-7bae-45e1-8232-1e1afc9af9a1,42,Female,192,89,No
bd6a3954-7968-4276-8341-afd08f404e0a,58,Male,100,11,No
fab2c9b7-0354-4f3b-8939-7f9effe104ba,72,Male,97,89,No
d7550ef4-119e-45a2-9caa-4b6d38518952,24,Male,180,17,No
df980bc7-a3dc-41a5-b7ef-67389da34860,90,Female,39,64,No
253ced9e-55d7-4fc3-98f0-22eca7a924f4,25,Female,143,45,No
bc5affc5-63c7-4556-9a37-3929333b34a4,84,Male,95,78,No
b45b8a87-a9be-4401-be15-5c08c8d78796,52,Female,25,41,No
0601524a-1e93-4373-bd32-d92cf3a4302a,66,Female,67,81,Yes
e4b89bc2-a2ea-4742-919a-a7eec1a060cf,55,Male,181,58,No
32e6a103-db7a-4e31-8b2a-7420c134b5f8,30,Female,98,99,No
de51b33b-9c36-4172-ba4c-0340036a8aae,79,Male,152,95,No
7f8d4f1a-b00d-4b2b-aa68-5e1907edbbf6,75,Male,87,9,No
9a2cbd51-5e86-4812-b9ab-b05e075755af,28,Female,71,59,Yes
fd8eba67-7e17-408a-b240-c84144f977ad,88,Male,39,67,No
043f69c8-9ff5-4407-8706-5e2c9ac702fe,42,Female,40,53,Yes
0d36da47-c4a9-4f79-96a0-b1e1815ed928,48,Male,71,1,No
74b9d76d-d0b0-42e1-8507-e457a5ad2053,64,Male,146,16,No
8b6256c2-7d31-4be5-866e-2162cdb99c45,44,Female,34,57,Yes
851801b1-4db7-48ea-83dd-9500f64871f7,39,Male,34,11,No
83cf9f56-63df-4133-bcdb-ff22d23ab463,32,Female,46,4,No
65c35dbe-dda3-4dbb-a1b4-a3c37b5da1d7,80,Female,137,85,No
105cdf25-a93c-40ee-b747-f208ca9316c8,34,Female,47,2,No
8d51ba5e-a9b7-4d3d-8511-1b27831642d5,70,Male,180,41,No
2a570f1e-468f-4a39-88b1-73258edd6ab9,83,Male,181,80,No
96d2144f-8ab1-427d-9280-e775ed91affa,31,Female,197,72,No
f90b2c9b-d9aa-4ef3-a1ae-e38586a45255,18,Male,132,87,No
1cff38e7-d3ee-40ae-9c83-712334839a57,86,Male,68,32,No
8c0c4a01-ebaa-4217-8270-af67fef75783,82,Male,100,77,No
2c8bc215-6724-4e79-91fe-eb52d4b9fa18,86,Male,97,35,No
6c7876a2-5f92-4763-9754-86ca0a8a6b70,34,Female,52,82,No
aba6b872-cb25-41ef-8c5d-8b068abd69fd,46,Female,129,22,Yes
4a0acaa5-85ef-4ef1-a0e5-110696ec78ae,54,Female,113,97,No
d0a6be37-42e7-4377-960b-9561d97b648a,85,Female,49,15,No
04cb5f97-255b-427e-9729-3abea413909a,49,Male,88,96,No
2d5dd87a-f459-4f9d-950b-80adbfcaafdd,73,Female,190,63,No
839d2215-8007-4989-9045-706fb02a1fac,60,Female,174,20,No
18fd22d7-1aae-455e-a77f-5ca125e64fd9,62,Male,154,17,No
93c48680-8ee9-4a6b-9694-f4b9c1782888,21,Male,33,93,No
bdf224e9-4a98-4815-a0a2-7b759b3f5f38,65,Male,163,64,No
30a7f47c-ceef-4daa-b8e1-a72e8c48c8fb,83,Male,75,82,No
025509e9-03ca-4f0c-bd2f-9d1f7cb5fe85,42,Female,28,7,No
c1b20dff-0ce8-429a-9d0d-f93b7eed447d,90,Male,163,4,No
d3042a42-b171-454a-bce5-9fffde29c367,78,Female,46,72,No
03cf4257-d6ef-4c30-9d4e-5955006f2204,61,Female,159,70,No
ff552efd-fb47-492f-a2a8-dd12391f1e7e,64,Female,166,55,No
aeff892e-3d2c-4111-b4a2-c90770558d75,18,Male,154,30,No
e01e948e-95dd-4a67-bfe1-03827e86ad5d,35,Female,77,71,No
f1965d4e-b109-46a1-bbbd-54478a0c96b6,18,Female,33,2,No
be468f94-0bc7-42c2-b3dd-c2e876ab1107,83,Female,119,21,No
63b6849d-5055-4779-938e-b52ad603f667,58,Male,31,37,No
dbe6c63b-35ae-4e3d-b545-a53033c7825e,20,Female,46,88,No
281c29f3-2439-4bdf-8444-a61d269fe5fb,78,Male,160,80,No
7afa3f08-08ed-4bb8-ab54-65cf873b6a1a,71,Male,129,61,No
024f02e9-2e17-4861-bb0a-d948bf93667e,54,Male,112,44,No
3e862737-2a79-45b5-a2ca-7929b1655460,29,Female,86,9,No
875fe0e8-76e2-475b-ac43-da2df1cacab3,48,Female,162,67,No
0dba8477-9d52-442a-b393-35528c23c59f,36,Female,130,72,No
1e355919-55eb-4010-abda-313d5a6cbe6f,54,Female,185,38,No
53bb078a-d5e7-4f7d-8ffd-9080a0705149,67,Male,114,5,No
a3223eba-f48a-46f2-9fc7-7968facf126d,19,Male,121,56,Yes
54b18a0d-34d2-4a10-8d23-7f3322cf9041,35,Male,182,42,No
0b3b5239-c943-4338-8b48-7452c90e9dbd,27,Male,60,34,No
40f2d403-15a2-4c8f-831b-eb67bec3d898,18,Male,123,85,Yes
001b8f2a-e3e5-45ca-8a5f-05473b923a05,63,Male,114,99,No
4e3db335-9f2d-429b-b6c1-f7072cfe4a99,71,Female,148,83,No
d0eeb412-7c8b-4618-be53-40d44cc2529d,29,Male,30,79,Yes
472bf092-6b64-4f06-9d29-c665bb707f37,47,Female,131,49,Yes
bf9a6be0-8229-4093-aa08-b8de4ebf7228,89,Male,176,34,No
8e385975-3e18-404c-ad90-8e89a804b49e,66,Male,49,54,No
14785924-9642-4404-b63e-527753e3af4d,46,Female,187,81,No
6067e832-e7c1-4872-a629-e0961262c1cd,89,Male,66,49,No
cce518dc-b921-4ce2-adf6-d0bff096c507,34,Female,30,78,No
2cd9fe24-bed8-40d1-8a1c-8f1c8e30df7b,43,Female,86,81,No
1bb22e4a-d012-4640-aef7-410d96d3d827,64,Female,82,73,No
6efe87e7-df82-440c-88aa-5a061297ce50,71,Male,154,32,No
ad0c8885-11cc-4f8c-8282-cc44b29245b7,42,Female,90,47,No
d8e75d7f-22ef-4302-bb01-5c16edb666f7,33,Female,170,3,No
3fbc0386-d580-4fa6-b2a8-c65d816ff4b0,24,Male,150,24,No
5dcdb919-9cd2-40c8-a22e-2107faf899a0,85,Male,75,14,No
4e4e1cdf-ad7e-48d9-8e29-a17281e21d36,26,Female,58,78,Yes
911df345-10a0-4c3b-9f41-1da98010538d,65,Female,183,82,No
991a709b-4fff-43c1-a20e-8f7de373e9bf,86,Female,197,62,No
d4781c2c-b97d-4fb9-ae27-7c5ac3ca3f83,69,Female,65,84,Yes
0851f7bf-4d8a-4aa9-b74b-f69cd8475f53,23,Male,95,66,No
ef66c8c9-98a3-4522-a5b1-98406e85fac5,35,Male,94,74,No
693bf29e-7226-420a-b362-6a1cdf9bbcde,45,Female,195,22,No
c73ddb89-03d8-4ec9-90bd-7a481fd7ccef,70,Female,161,45,No
a6dc29ca-8b04-4448-975b-31ac1748210e,62,Female,151,74,No
e57bf327-a2dd-4ca0-89bb-fe5c5dfba533,57,Female,87,99,No
6a13a6e0-1b58-4323-85ce-494cdff1d457,52,Female,197,64,No
2d07c0ba-4c28-44fd-bef2-36970a896beb,50,Male,165,73,No
d095b2d5-63a7-43af-9396-021d4f9ca110,35,Female,87,74,No
f2a329ad-fabd-41b9-8999-9e62260b087d,67,Female,143,12,No
cd7f6ce2-25a1-4327-9687-bec0200efbad,20,Female,57,66,No
623b3901-db48-4ef9-a7a7-4bed97a763a2,23,Female,36,26,Yes
f8fee8be-cd41-472f-9e5d-14f84b46f769,68,Female,130,70,No
324c3b11-4fad-413b-a6e2-d4f47b99f412,31,Male,166,39,No
faa7d57c-288e-451a-a58b-b139c2aff349,40,Female,97,51,No
ee92d65d-1a60-4a0c-a65d-367cd2ac9a67,74,Male,161,5,No
fbd51a51-dacc-4b8c-8d82-93a5a350f7c7,34,Female,56,9,No
eaa2d11d-dd48-4470-8edb-5e9ac04167e4,41,Female,159,18,No
7f547a3d-721e-4c4a-9d50-827be608e546,66,Female,181,79,No
a0b4f41d-fd42-4871-abdd-4051b7c6d302,32,Female,24,19,No
feec35e5-1e51-410f-9866-6010428bd72b,85,Male,103,34,No
e7c25afc-7485-4b1c-8cb8-d6725b351613,42,Female,50,13,No
fc7b5c7b-101d-48a5-ac05-dc6fe89f12b1,90,Male,154,36,No
d5154d94-1462-4efc-92c6-58f603075cd5,71,Female,95,36,No
513329d4-a94a-48c5-88c9-72f1b6a35c96,84,Female,33,68,No
624dae60-8690-4490-80a4-bab02819c453,87,Male,144,83,No
c5b74aeb-95e5-49e9-bb9b-0177b192abda,76,Female,99,84,No
beff03f5-d600-4b20-bb65-90b04c3816ac,52,Female,49,100,No
d77a575d-38a6-4f69-bce9-5d800907fea4,23,Female,84,17,No
c090d3f7-9deb-44b1-aae8-e2c7bac6ddb0,80,Female,81,8,No
5deb2d97-0e53-40d4-bd56-8439ff01eb84,84,Female,72,89,No
348f2d26-f5a0-4ecf-b1df-e2501c98fcff,55,Female,135,12,No
b0f14b1b-6e33-447a-9411-607f2498cf62,79,Male,94,33,No
fffb7aa3-2653-40d7-a23c-b32fa5686a9a,70,Male,198,85,No
bdbfa8b4-7e0e-4679-b2af-a136294b229f,53,Female,146,68,No
89bf9b0e-f6d8-4c7d-b7da-73ad476eaf8d,31,Male,178,20,No
369e9ce0-f9ba-444d-9fb7-263ebc7d22ed,64,Male,171,24,No
74eaf8be-ce98-46a7-bfcb-60a8b6bc2ba8,58,Male,166,39,No
a4b537db-c8b4-4f89-a607-3c8b5d45e0b9,48,Male,55,99,No
653bb2c6-c7ea-4d03-b274-a56bfdf34e80,65,Female,112,58,Yes
813d3971-3548-4c8c-9d72-dd7aa891ad04,62,Male,75,94,No
61a0bb1c-5d17-4dea-b9c0-0840b6994904,20,Male,57,4,No
686c6ac2-bc44-4471-83fb-5577f668dc91,33,Female,99,82,No
4d286e1e-fc53-4b88-9434-7a0433ba813a,46,Male,115,75,Yes
beaab7e4-49f2-4ff5-b16c-6a7f3c98b371,41,Female,199,9,No
38bf96da-e32a-42b0-bde4-b6bcd51d8381,68,Male,140,60,No
161e7f23-c342-400b-b0fe-b7b8129d829b,49,Female,65,3,No
978b178b-68e2-4935-ba9f-a9bf42c6afd5,86,Female,155,87,No
c3f1edda-36cc-4ad1-989a-12a2aab73f17,70,Female,135,60,No
a2180229-cf3d-4f0a-9dfe-026ea26b7407,55,Male,169,82,No
345cbe12-872d-459f-87ab-e5e5d6d64550,64,Female,49,70,No
7650550a-2ec3-4960-958c-35742c663668,88,Male,60,53,No
35af7c10-6eed-4355-b128-1f3bc564104a,39,Female,111,85,No
b56a5ee3-8166-467f-a97f-a7c62039de36,58,Female,116,38,No
0762163e-a3f6-49f8-8ee2-063e4bcef5c9,49,Male,195,99,No
ed581b9c-8870-475b-83ab-a89bf75c51ac,20,Female,188,13,No
b1caf19a-2d8f-4ca4-9c23-4071522a485e,31,Female,41,100,No
9c7f91c7-0184-4a31-b39f-41a7f8a65d8e,46,Female,172,78,No
52bdb73b-72f6-4b58-969a-b65fb5c7cd6c,88,Male,122,65,No
dec2b6fc-9050-4821-a863-e5d4f645ddca,25,Female,127,83,Yes
8f7b9958-c57d-498c-aaf0-ed51ebb9c508,87,Female,179,27,No
29536ca7-7c17-49dc-a34c-d16815f7908d,78,Male,133,19,No
0fcedc46-a13e-4823-b63b-376d7655685f,50,Female,57,72,No
692ea278-6dc4-4d64-bae8-c3afc2650c94,55,Female,190,97,No
19a5305a-56b3-43a7-9b0a-9141ca40d039,85,Female,134,1,No
ec8d5d1f-c9c1-4968-b38e-14aec374250f,41,Male,93,8,No
56303594-e40b-4230-99cd-3025840a67d2,31,Male,153,44,No
f85f0c7a-4965-4287-bad6-efb7aa78e4f6,43,Male,145,17,No
8b0f436f-59f7-45ad-b524-2a55fc9e49d8,83,Male,133,7,No
88bd6c64-513d-4fcd-8992-7aab99de246e,69,Female,169,10,No
de1216fc-1ed3-419d-a3e9-28cb97270b4c,45,Female,72,45,Yes
6e30d7c3-f6ba-49bf-92dd-5a36ee3b466e,36,Male,135,100,No
2c014337-436e-4203-b8e2-1ae072bb198e,80,Male,191,21,No
48f388e9-8e3e-48e5-b473-773531001b05,59,Female,169,89,No
3cd6949b-d080-4591-8f26-f3d54769be1e,34,Male,179,93,No
3b12d2fa-127b-41ef-8558-30392ecea17f,23,Male,188,53,No
4f8fc22c-8062-4a78-8ada-9dbe48d8f531,19,Female,106,47,No
baf57f9f-2d6e-472d-84d2-f23d78227669,61,Male,119,78,Yes
5ba37926-9dac-4d87-a98d-db4db9102dca,86,Male,100,41,No
dc20a8f4-3445-4cb5-a9a6-4535ff3e2827,21,Female,179,16,No
160a552f-87ea-4507-9bd6-b2bab6e72ace,80,Female,102,81,No
7d86deae-48e1-429f-a63e-6dad090b860c,83,Female,39,21,No
6b88c566-2c7f-42f8-b3d6-7476bc4e6336,32,Male,63,17,No
ac6a07b7-d741-4088-a394-07c30edb5e0e,36,Female,66,37,No
3ee790a8-0905-4a37-a20e-cdb76eb6420c,67,Male,111,22,Yes
be51be55-613a-43a0-89ac-9d7bb10441a8,76,Male,93,65,No
a2bb5f0d-5df6-472c-9d03-8acc1b4b6dce,47,Male,185,68,No
83470f3e-e790-43e3-b1ed-524661f100ef,37,Female,69,48,Yes
abd7f164-3b79-4797-86ba-d1e0e9207342,69,Female,132,34,No
6fcee766-95c7-47b7-9f6a-ca0a4767eba9,64,Female,144,85,No
25f3eb8a-8909-4cdb-87c3-92a7b338461b,24,Female,131,92,No
b3f2cb9c-695e-4037-9089-1492a89bf5c9,66,Female,34,7,No
fdf1ad0e-e6d3-4647-9113-5d24119d727f,42,Male,171,75,No
d47cb82e-9996-44c5-ba12-504752362109,72,Male,188,3,No
035ac236-18b2-42b1-ae83-4ef877f6f10b,51,Male,157,29,No
d9cea288-907f-46ec-a3f3-02f003d5880e,47,Male,106,82,No
319bb1c0-2a6f-465f-894b-1fe69db38b17,20,Female,72,32,No
6979ef4b-532f-4c81-b02c-81fdd42ff387,42,Female,99,51,No
b843ac29-c681-4ff8-9bdb-e91cc8d41872,46,Male,68,72,Yes
8516150e-ff32-41b0-983e-aa05eded307a,82,Male,139,41,No
db2cf5ce-8beb-4ee6-b3ae-bc00b94a6a66,27,Female,167,65,No
b1b6dac2-db00-47d5-a7db-f6eec4afa490,28,Female,31,4,No
5102b61c-8e3b-45ec-8c32-58f5a63b8c04,73,Female,118,23,Yes
152024af-5701-42e9-91a1-2ca0ba71b81a,67,Male,27,71,Yes
dcafbefb-6165-4fe3-b550-84558d2d8845,44,Female,162,35,No
c8bdd7fd-16d2-4d54-b966-115ca35fc4e2,55,Male,125,58,No
5cc20e02-77ce-414e-a33a-d19f8df2119e,59,Female,188,33,No
f41da56c-80db-43e5-8cf6-03a5f0ef4303,36,Female,154,63,No
c43f1b4c-1275-44b3-894a-dc4665646bb8,51,Male,178,34,No
356537c3-bde9-4475-8627-dddddadd1fb0,72,Female,90,43,No
1c39d446-2dbc-45ae-bd04-11cf34089515,49,Female,82,85,No
816a6195-7a3c-49e3-bb73-73099da9ab4b,60,Female,68,12,Yes
bcef3e72-a1ac-41cb-8f06-888728b41357,77,Male,56,76,No
452c7bc6-cde7-472f-b22a-6c7bc9119917,74,Male,22,98,No
1dca0459-7fd7-466d-abe8-a87a1ab07d99,65,Female,180,67,No
eaa76e3d-93c2-4dac-8519-17a869b17876,37,Male,115,67,No
8d35adbe-4a84-4bbf-96c5-f5816617e8ca,40,Female,179,65,No
ee6aeb93-be4e-40c8-942b-13a6463f1df7,62,Female,122,41,Yes
2514cdb8-8937-44ff-9158-f46b7a6351bd,57,Female,41,23,No
b4c9b32c-dadc-4a4f-87e6-821dfd85bf3f,20,Female,168,19,No
1b21be3e-15b2-4043-8485-a7ccca1c62c6,32,Male,122,40,No
46a4bc48-df3f-40be-9494-27f7d71c8dc2,60,Female,36,58,No
de22bfcf-e96f-4b16-b16d-8abc82c9105b,87,Male,105,94,No
561fed88-6c03-43f9-9919-f15fa3ca279d,26,Female,38,31,No
16a4a3bc-a5fb-42a0-8755-642314421bdd,44,Male,174,91,No
e4f1fb68-5c87-4bd6-a7fb-ae2fa5d04565,26,Male,187,42,No
7e0c7413-2dc1-4dcf-8118-4e7fcf48b511,80,Female,74,40,No
38d1cdbd-5bae-4658-9512-697155e7a40c,63,Female,150,13,No
fe77cc36-8f72-42cc-8229-192a8951d10b,71,Male,115,77,Yes
a4be8259-b5ff-47cd-849d-f28934dcd0b4,63,Female,78,34,No
4cc12057-c7ce-416c-afb4-bffbe37427d1,28,Male,80,38,No
e8c9e658-ff82-44fc-b6e0-a80bb8ad4a48,55,Male,53,29,No
ebfef848-e04f-4394-9d88-03fb9305bea2,87,Male,56,84,No
ef7279c2-c4ed-4724-9415-48be528d1956,36,Female,40,49,No
b55e4804-739d-487e-9ae8-0f319d56ff1c,19,Male,154,6,No
765f084f-ba37-4e9c-9429-0f9cb70d8434,52,Male,117,29,No
95796b7a-8211-44a7-8156-66e1af359b79,38,Male,77,80,Yes
a2441000-51df-4d4e-a750-d38157e1412c,24,Female,159,79,No
e211d1dd-c141-49cb-a6dd-d444188db5a1,72,Female,120,81,Yes
827d8c24-3da9-4442-932f-e74a50bc28b2,63,Male,102,19,No
916ce23c-a176-4773-afde-37aa9fb54ce5,37,Female,175,73,No
7372e1af-071a-4a23-ae7b-fc8d21cfdef1,38,Male,191,38,No
38df72c1-7433-4e50-82a6-068dd51de1ab,71,Male,84,27,No
1bd7ff3e-1a68-41ec-8e66-338904bfd864,39,Male,163,89,No
97f0da04-431e-439a-9ee7-2122c54b8f47,80,Male,33,63,No
f5d07d0d-e950-4a85-add9-6105a2652793,80,Male,81,75,No
cc7b74b8-f9e4-4f3f-bf47-9535ee20ba49,51,Female,184,18,No
ce14bc23-c92a-4a90-bdf6-145b05924a6c,33,Female,164,37,No
02a83cff-acb2-4966-88f7-a862fc4b48d0,87,Male,75,83,No
b6ce3fcb-f159-4a07-8032-b66310693cd8,50,Male,68,79,Yes
4d703cec-c2b8-43eb-a825-344a7086c710,83,Male,72,10,No
f5e7faa5-fcde-4262-a376-a2bee2270017,71,Male,109,31,No
f28be95d-856a-4307-a139-dafe8d6c3162,19,Male,59,23,No
897674a0-c865-44be-bf59-fbdba2627119,85,Female,126,72,No
ec38bff8-ea49-41a9-948a-d5be29614c98,62,Female,32,1,No
6114f765-a939-406e-a95e-e57ccb3c3a0c,89,Male,178,62,No
bd39c2c8-86f9-42a9-9baa-b1fa41602875,90,Male,85,83,No
775bd4b8-3bb4-4529-ac72-1e056e5f12ea,90,Male,140,79,No
8e2e270c-40ad-46ec-985e-95ca84cbf448,57,Female,38,4,No
74e0acd0-9e70-442a-b32f-b53f5a2fdb81,40,Female,20,23,Yes
f6617ef0-5c53-4b8d-8e83-778df95f656b,47,Male,162,86,No
c960b231-9e23-426d-b14e-cc2270e49ae8,36,Female,200,38,No
3abcf8a9-4280-4709-95fc-bf6c64d9f2a5,79,Female,109,26,No
c6640a1a-5900-4306-b7a7-ff6fb20e44ce,71,Male,153,11,No
c9849dbf-bfd4-4daf-a174-52e4091ef0ea,26,Male,142,84,No
1e8cebba-6168-4c92-b3fb-33921c32eb53,28,Male,76,96,No
1d84d9da-e66d-419f-b372-4334a9de73d3,90,Female,141,45,No
408e82de-d2c5-46fe-aafd-bde2d14682dd,36,Male,162,9,No
167fd49f-561a-4a00-8de9-abe9ac049ea3,55,Female,191,22,No
3f19e8ad-ccb1-4924-aff9-fa7ff6c4b951,40,Female,44,17,No
e0fd256c-607f-4771-a026-7f834419b11a,67,Male,48,34,No
a3e094e2-3482-41fe-8367-9f4239a463dc,45,Female,95,7,No
381229b1-1874-49db-a17c-c715bb59591a,83,Female,126,12,No
fc386c14-af64-48f9-a2f7-adfbbf33186a,66,Male,55,98,No
b3560049-e3e0-4205-93e0-b28583f22507,59,Female,63,79,No
7f503c0e-59e7-45d5-8b2e-77a9cc4282b7,67,Male,170,51,No
0364303e-96f0-4b0d-a427-5735695592f5,41,Male,80,57,No
ffa43627-3fce-42ca-917a-6a66b5ec9438,81,Female,162,50,No
694254fa-5c10-4217-9f73-9e7c14ef9dde,80,Male,80,35,No
034efaa3-0a01-47a6-b07a-5ce8405a6c5b,39,Male,169,91,No
1969cafd-4638-434d-8efc-da84379aa717,75,Female,97,78,No
f253ab93-9c59-43f3-90a6-e86dec9ed294,71,Male,47,27,No
a3b31137-e8c9-4425-aefc-3049310fad53,90,Female,48,87,No
2f6088d6-b6b1-4099-91f3-2d93b70751c5,83,Male,123,97,No
bb92c47b-b30b-4b83-b665-5d8ab002ede8,44,Female,56,98,No
d16d12fa-b86b-4898-9af0-7bc041e5bdee,78,Male,120,34,No
71b1ff85-8ce0-4c78-aef9-dde5e995f57d,66,Male,46,1,No
f4d82b77-e780-4e8c-9f67-7f550527aec5,41,Male,162,7,No
bf99e465-9ef8-4187-b74c-d4b4dd3ba1c9,64,Female,190,84,No
408b98f1-b98e-4b3a-aa33-d823508c0d6a,46,Male,108,5,No
e806a8e3-c969-4769-9a0c-00e142523be8,44,Female,40,47,Yes
b9d2a8b3-1333-456f-891e-43b25754dafa,27,Male,42,53,Yes
cda57457-3a76-476f-8b30-1f0c6016c6ba,53,Female,137,21,No
8943f570-518d-4985-a1e2-0bd23665b800,46,Male,63,15,Yes
55d16308-ee69-41f0-9186-6a8a78932674,59,Male,135,49,No
a6dc9eba-6e1e-471a-b42a-ceadc72f080a,29,Female,35,26,Yes
36062911-9933-4ea1-8870-345b726d8389,69,Female,162,45,No
f193faa3-4591-4bb9-bc91-71d4d5ade367,83,Male,152,78,No
f15fdb51-abef-4eed-a312-6e9102a1d076,32,Male,36,27,No
1d84b5c1-d3c3-46e5-91b7-007f7fb6760d,75,Male,65,50,No
000b81bd-76fe-4c9a-8c23-cafa695ee51c,36,Male,141,9,No
2d0eca57-2db7-40e6-8cda-049fc816013c,69,Female,44,31,No
bbe8a989-3074-4836-b7aa-34df7f6d61ab,28,Female,136,63,No
58aa6e36-3eb1-4c37-aa3c-f30f06a43cc1,31,Male,161,11,No
bfc9f33e-4e97-4b10-91bb-62ccb595f048,35,Male,131,27,No
102cc8b2-f550-48df-bb80-4ec1fb9cd270,41,Male,59,74,No
aab4462d-15d9-4fcc-abda-cb8d22918845,66,Male,121,27,Yes
bfc16327-daa8-4d9c-8775-07f03d21c189,89,Female,163,75,No
0c4cf636-e163-4eb0-aa7c-17746961308a,47,Female,77,63,No
d3e6872c-ef1d-4eed-a6a7-6c2efa0056bc,43,Male,59,57,No
eb16a3b1-a636-4d03-b237-13e81cd1807a,49,Male,93,73,No
e98e29ca-d9ec-4268-8410-e15c38e93ede,25,Male,113,1,No
16c2458e-f9e4-42e4-8a3f-428cce54de0b,24,Female,52,31,No
3a19d2b5-f19a-4e8c-b482-d256e06894e3,37,Male,157,7,No
398d1ff4-998f-4e8e-81c9-ec4d38bb168b,75,Female,111,73,No
c8b87957-e271-48f4-a50d-f997ec73d36e,58,Male,50,81,No
9838cbca-0019-4864-a498-4a39c5d15f7f,74,Female,78,81,No
3dae43df-0cab-4ab2-b0f4-878888736e2c,51,Female,33,58,No
646f9887-fa10-4c77-8835-a6de2d2eb3c2,68,Male,46,20,No
f6a1f9b8-c6dd-4768-ad5f-82b41738695e,58,Female,148,51,No
45d89db2-bb7d-47cc-833e-4b05c2eac93d,76,Male,103,27,No
ec0c157d-a1df-49b7-a912-09921b285915,39,Male,166,34,No
b0d00aa4-be98-47b3-881c-529ff4cf51bd,86,Male,120,94,No
2ffc9bcc-3732-4301-949a-18cdf17e86ff,86,Female,193,27,No
74778df3-533f-4aad-859a-d6c1526af549,82,Female,48,25,No
1f63c073-8963-44bd-90e6-2efebd447f2c,74,Male,28,51,Yes
90a642c5-7194-47b2-9448-d44e4e11665d,33,Male,65,45,No
a0718f39-4b8e-4857-ab21-eea79372c456,43,Male,76,71,No
7357c4b2-24af-4cea-8b99-e3541eaab65d,30,Male,28,79,No
810b644f-11e4-4be6-920e-2b39c5588e01,36,Female,145,65,No
a9999eb2-7917-4c41-bf00-107817d1e5bc,63,Female,117,17,Yes
864f8277-42b7-4ae7-8459-4513801def0d,22,Male,53,82,No
c6c6b561-f44e-47ee-9a64-28053ee1555e,44,Female,100,13,No
e68235ed-41d1-45cb-8698-b4ace7ee6603,60,Female,176,7,No
2f5f358f-b696-420c-b813-7f4b77c5f2de,41,Male,188,18,No
66fc9b89-7d4d-4307-a90b-b6836ca02d6f,88,Male,127,84,No
f8fe4769-8ffa-4898-a6d6-2ee42f6820cb,73,Female,178,75,No
c8ad0183-0b73-4f5c-9a9e-08be6a33d126,84,Male,37,35,No
785ba893-2694-4060-b09d-7df175bfc5aa,76,Female,125,9,No
1a79cb43-792d-4886-9aea-3b480deaabd6,28,Female,127,34,No
b525575c-7e32-4203-86cb-c87551491a27,54,Male,172,85,No
a0d7752c-b02d-4b7d-ad75-586bee029552,45,Male,49,79,No
980b6193-2ec8-4e02-9134-86a72ceae180,56,Female,86,91,No
ff72211c-17f9-4820-aa63-111bc19fb12b,64,Male,131,65,No
fc3e48b0-95ad-4aa2-ac89-25e3a7cb20d9,18,Female,88,82,No
f2b0d086-96e9-4533-97c2-db2affe8013c,45,Male,169,37,No
065b4994-02b7-4485-9b93-35f8fb2f480f,69,Female,112,59,No
818e5040-edd8-476d-a56c-915816eb5ac9,77,Male,57,78,No
8c23533c-27d9-4fc1-85b4-3bf76c926328,32,Male,147,21,No
a7c602da-ab32-4263-9b92-030f6f5cfcff,41,Female,119,25,Yes
f037dce0-9066-4a49-9e41-0d78893fd749,79,Male,102,50,No
c900e17c-8f6d-4653-9505-bfdb98f4ccd0,83,Female,62,1,No
60649004-05c2-412e-8525-47ff27afecdf,53,Female,79,4,No
df0b1064-2897-417f-81d9-b97780310530,69,Female,30,11,No
b8d2ce63-7c0e-4498-9c40-a3a83f293b06,61,Male,136,89,No
5f198475-4f9b-4b4c-b27e-f7feb078c187,79,Male,105,48,No
3bc577a7-b9ac-4940-9481-1c3b92a8500d,78,Male,136,86,No
9e4473a4-d409-462a-85fc-f8d99f784da0,85,Female,63,7,No
a004bcb2-0622-44b2-a46a-5120deeaa4e6,65,Female,188,28,No
11c67857-4319-4e86-887b-40a801409501,39,Male,197,78,No
5402c63e-ce6b-4b6e-b467-d9df733134c5,33,Male,139,7,No
799dd301-c044-4ffd-a4cb-d8be4904cf68,55,Female,130,76,No
33707fa1-c98b-4ec2-8d38-8ddbd1bb5ca7,59,Female,25,76,No
e43c03b7-dfc8-4f87-8dc7-21abab1dcff0,41,Male,192,68,No
c4cb3bea-5f04-4ef7-b744-ba396e675fbe,79,Female,100,18,No
2373092b-e117-41e4-a56b-b6bc834f135b,63,Male,135,66,No
d33f5dd1-a4ca-4343-9b7e-899cc9565115,46,Male,134,94,No
fd628ac8-2ec5-46ab-a131-4e747439e1c1,78,Female,186,60,No
cdaa7f9d-0b61-4995-a138-908dbbe727cb,69,Female,157,88,No
9637d9ae-01f8-410f-be4d-51ec5d9e7b5c,82,Female,137,41,No
173fa8e7-c12c-452d-9d50-383bab6e84ed,31,Male,124,60,No
d70e819f-b3ec-476f-b4f9-dc7d48aba1ab,90,Male,192,59,No
d7df1489-a8fb-4fb7-9eeb-5394b1c4d5f4,48,Female,45,84,No
2c565cbe-eaa5-4f29-9057-6a538bab26ea,83,Female,151,71,No
d9895b44-6739-4a44-bf43-5cd8d775f336,57,Female,74,51,No
51a9b5d3-6864-410a-b0c7-69f72457b534,43,Male,177,14,No
a15fac92-ec6e-4ef0-9b42-061117145e10,65,Male,130,37,No
23f3025e-ea1f-4dba-95f1-66dec69f92cd,36,Male,46,2,No
676ede6b-0aee-4926-b7c1-bdd64e723fb0,36,Male,109,70,No
31fca8f9-463c-4ad8-b2b0-a9cc0d2b1957,20,Female,148,90,No
351b2b94-5104-4771-b787-260a805dfa87,21,Female,83,96,No
6a3fcc1a-36a5-4c24-9904-ced12a7c87d9,56,Male,180,2,No
5757c5f6-8c43-4573-a471-142fc2641102,38,Female,100,99,No
72bf704a-0349-42f3-89a7-bd27e946f857,70,Male,142,82,No
b496b2d3-590d-453a-943c-de7af307347e,49,Male,136,98,No
47e1e029-fd78-4a4b-8811-13553301b06c,82,Male,94,88,No
6450a6e4-573a-41b0-8e71-34c56eb9539f,21,Male,121,37,No
45ed2b80-1787-4780-8ad6-057658abfac2,20,Male,149,1,No
531f40d2-9af2-4c8a-844b-3f5b93b176e5,41,Male,160,90,No
dc70e1c9-8835-471b-9c75-232fe18701a9,77,Male,59,78,No
a0939b79-d9e9-4c5e-b003-ffb3ad86ca6e,30,Female,77,97,No
dab020f8-bacc-4e07-9e86-b9092778e85a,27,Male,56,32,No
9cbd9354-2d5b-4772-90ba-47e2380d9c98,60,Male,130,98,No
a5b28ece-21f2-4922-b004-f2f22cce9941,80,Male,94,45,No
bc513996-4f83-40a4-819d-6dea13aea0cb,44,Female,157,77,No
05bd890e-7223-4090-bcc5-9629d69ac5f0,47,Male,161,77,No
106ec1af-5ba6-41c7-9a5d-5e4da805e9d4,37,Male,143,3,No
741ab5eb-d5e5-485c-a29b-5cd25d1269ca,39,Male,83,77,No
935f5208-92c8-4f19-ab99-113ea3af41cf,69,Male,82,69,No
821a8ec9-e232-4338-ab06-14039b14656e,41,Female,74,74,Yes
87bbefc0-381b-4673-bc44-f368d5635c1f,61,Male,32,51,Yes
74f0335a-cbd2-4937-9b96-204d03bc429e,21,Female,44,41,No
f7e3fbf1-606c-4e62-b9f5-6a9eb665f278,77,Female,129,13,No
1c2e9319-d702-4391-b4fc-11faf9a37967,21,Female,142,59,No
9b4b2776-43c5-4bb8-b041-79aee27f9d3a,45,Female,98,33,No
a5b1cf9c-715f-4c16-9d79-3e01d0c39114,90,Male,30,81,No
61d354bd-96df-400d-90c8-5136cdda997c,81,Female,110,38,No
8e5eec26-7449-4b11-ac01-13f32f9f99b7,64,Male,189,31,No
052c88ff-d998-4265-8075-81fb330a8649,66,Female,119,14,Yes
0ca1b574-00f5-4b57-9e0e-600775a8a89a,75,Male,130,64,No
7e42eab4-4ddd-4e63-814a-e71c90860d27,77,Male,96,61,No
f2443117-c8f5-48b3-853f-3a8d3d9a59c2,77,Male,192,22,No
a08f7033-2ace-4e43-aea2-df49ff0fd32a,30,Female,33,57,No
0a760b97-a893-4e45-944d-36da912c6b9c,69,Female,83,95,No
ba90ceb4-cab2-451a-a13e-51c473c104b1,29,Female,192,88,No
587863d1-fb64-4a9e-af4f-bab22762d818,59,Male,143,51,No
7ed0b5dc-3f79-4f05-a99e-5e2b4a2c2e22,72,Male,46,74,No
02366cad-6f82-40aa-bbf3-6dba096ca2e5,27,Male,122,24,Yes
5f3f7a60-b9b2-4989-8814-8e7d0adc4fbb,80,Female,24,1,No
a10bbd63-ba28-40f6-935a-c35581b59b72,50,Male,110,78,Yes
f2913b6c-b7a9-453d-aed9-3b27464b1254,25,Female,200,37,No
5f94b4f6-96ab-4d3e-a680-faf25c3a6650,33,Male,82,53,No
6f6402df-1078-433d-9212-4027b8ef2b60,20,Female,61,16,Yes
61f403aa-ebf5-47dd-91f1-9eea5e3d0e22,19,Male,37,59,No
8b9d51a5-2d72-4305-a80b-295b48839c91,79,Male,190,81,No
f2b78598-19d9-44bd-8bb4-b9edf843fb1a,41,Male,40,87,No
651419a0-a288-4ba1-8a0c-55c53621fdfb,78,Female,99,19,No
a026516e-1ea1-400d-9ba2-e861bd258b2b,61,Male,193,39,No
683bc491-73a2-462e-b502-95fe873dc7a9,31,Male,170,86,No
dd29b83e-9e9f-4bd4-aace-d3e388e6307d,48,Male,86,29,No
27020b71-c0d5-4199-915a-d1e8ec9a3b1e,48,Male,31,47,Yes
a878af26-0155-481e-b763-fe8445041078,38,Female,85,61,No
c30f923e-abe5-4fba-a61a-198d0bd41064,43,Female,92,25,No
c26b46c2-a3f6-495f-b888-bc5c95692e87,61,Male,171,29,No
544be311-fb2f-4ef5-84c4-e50c014d2268,28,Male,123,98,No
bfffa993-667f-4f17-b397-d46b9119a99b,64,Male,32,29,Yes
a2531f54-281b-4113-bf40-c52684376979,70,Female,154,31,No
9b573f1b-3ec3-4321-a3be-1da491f88dfe,76,Male,58,28,No
79e355a8-f59f-4696-af01-e5cff29a5904,52,Male,26,90,No
e45836ad-cf11-46a9-ae3c-16360e6bd39e,44,Male,182,32,No
f9baa5da-5b3e-4fec-82cb-243a9bd91571,83,Female,186,72,No
0a6ac8f3-af9f-4a48-95f8-0dc6735b941d,51,Female,182,45,No
d5b1cb9b-1c29-4f6f-8a02-50357609db3e,87,Female,48,46,No
a6f70fd6-c62c-451b-99eb-e0b220f6676b,75,Female,31,95,No
92e50a54-47e4-4b4a-8be7-7fc48d84e498,46,Male,98,84,No
70296d7c-1003-45f5-963e-a41cd483ebfe,22,Female,81,81,Yes
9fd81de7-cb34-40a0-8ced-e074f2333b0f,24,Male,155,64,No
2e335dde-8a2c-463c-b6a0-df9d5b3998c7,47,Male,88,17,No
f5a4e437-c837-4a46-afae-1e6f202cd843,59,Male,72,51,No
6b96d5f6-423b-422c-abfe-f1a867bb1377,46,Male,84,64,No
be049248-72d8-4863-8aa4-9e4267a235e7,44,Female,28,95,No
d9c24d2f-130e-4887-81a4-7d6a3b514b4a,81,Female,118,39,No
92e20d6b-3b95-4585-94a6-594e84a4aad2,58,Male,57,13,No
eb904ccc-e076-4f0a-8dee-a1326533faee,66,Female,26,74,Yes
bade0b63-1dd3-48d3-ab48-e535bd08b015,66,Male,37,59,No
74ce84b4-7e12-4d42-b98c-d182a88e9772,59,Female,73,59,No
e163f18a-f1d2-4f24-b6c4-a7d7c4d9a78d,28,Female,89,64,No
3814ef4c-a481-4284-bf85-bfd88b165861,50,Male,49,28,No
2aa246b4-5378-45c1-93a0-6dfecfdc6c85,81,Male,95,41,No
964ae54b-3fbe-45a1-8250-cbe06ae14a9b,27,Female,178,46,No
ad71283b-6156-4668-9679-1f9c6c5e714a,63,Male,80,97,No
1b837bf4-eadc-4446-bca2-bb2d2b16ba62,56,Female,172,59,No
a4cfa150-f8c1-4e80-8f52-ef01a3783dfc,30,Female,187,23,No
a2cece43-e14c-4731-b863-6ef0ef6bcc88,38,Male,150,77,No
a88a4cfe-e751-45b7-9d70-a22bb0555ad3,61,Female,62,90,No
bc36dd93-33c5-4ca6-9446-b307f2d77e50,42,Male,51,76,No
4acb9ac6-2d12-49eb-b188-b186cd8e9a15,23,Female,191,89,No
5f688778-fc25-4bb9-bc5f-d4ca3e7e94fd,18,Female,170,50,No
4d3db59a-c66f-44cb-bb20-27480f774597,23,Male,42,56,No
6445069d-eced-41f2-b56c-e51735833ef3,90,Female,154,94,No
c006c0f9-a5d5-4d74-8b40-dece2851174b,41,Female,161,23,No
33579f99-a0ca-41de-8a2d-4840e02241a0,64,Male,181,82,No
0f8b9553-3367-4ef4-8a9d-b7183ed12fd3,46,Female,31,97,No
3cee26c8-e2a8-4998-8392-98f3b3eb682c,60,Female,101,54,No
486e4d5f-549c-4cc9-86c6-d74224ad8cc4,74,Male,199,31,No
1d138158-365b-4631-a806-8e0272793cd7,35,Male,112,99,No
1b37aa6d-326b-4b90-bb47-0daddb278c2f,79,Male,168,52,No
0729321a-3947-466f-8afe-e288543aacbd,84,Female,142,10,No
f05d9955-cdc0-472b-92c8-256c7c3d1d58,89,Female,141,12,No
f943d69d-e9e6-47a6-b3c5-60bd1c22f0d7,86,Male,119,28,No
9824bdc6-1316-4ee5-b21f-035f71e584fc,72,Female,47,56,No
ba7f0539-8d6b-4e44-8ded-b45960933fde,85,Female,109,2,No
2258a820-c6d2-47be-adcb-ccdbf632566b,81,Female,122,56,No
06bda0f6-0b15-48f2-85e0-ca21d46254e0,38,Female,194,66,No
6879035a-abf9-4323-bd5e-22524eb5a434,33,Female,167,88,No
f8a91903-05a8-49fa-820f-d04aadfbd09d,73,Female,55,27,No
e5794b2a-2167-4d0e-abbd-b69ecf78a952,37,Male,186,5,No
b9806ee3-81bc-4a2c-90f3-ad7c957f53a3,18,Female,97,48,No
7b128ae0-008f-4373-b2fd-44ca65f10527,48,Female,98,35,No
fb7f7e1c-b8dd-4bac-94f7-6a286e3e0981,58,Male,154,32,No
cbd3ef65-4242-4de4-a5b0-321303d796a5,32,Female,111,32,No
c1241915-cacf-4d62-839e-5bf37754c281,51,Female,34,3,No
97ece0da-e15f-4710-8e71-b1275f6088be,86,Male,115,51,No
592b97a1-46aa-42f7-acb7-0bb15591d4de,60,Female,184,34,No
026bcd27-d56c-43de-a91d-6e3dc80a176b,62,Female,24,7,No
874f9ee4-8cc8-4b4c-9f28-7e1d9b1d57f8,90,Female,153,81,No
7f064faf-22cd-4f42-a444-e6329e828f3a,45,Female,48,54,No
417f1400-72c8-4883-a04d-5f0b45bb14b4,29,Female,187,16,No
386f5901-66db-4457-8cff-f448dfa59bed,51,Male,188,4,No
b956781f-db25-4217-8d35-6d0e52d18300,71,Male,144,38,No
cd9c0f34-3415-4d71-876f-ffa6cc12afa5,70,Female,125,46,Yes
1222857d-4f58-46e7-bb0f-593d0c5ff88e,89,Male,60,13,No
ee1f3a34-30d6-49c2-87c8-ca13ba725381,77,Male,198,6,No
cd74551b-fa48-411b-8f09-862bd2be7668,56,Female,159,6,No
c52d0fde-76bf-4ee7-8bbd-d883c304f339,78,Male,83,22,No
9ed5962f-270a-4880-bff2-57699d8768d0,88,Female,78,18,No
f8cb7e0b-511c-4262-90ae-95a17e7394f6,64,Male,49,56,No
573befca-69b9-4339-896e-4c4ab77870f8,41,Female,87,71,No
a9b17e09-c450-4e4c-b4bd-c18d74c41ba0,28,Female,21,20,Yes
510189cd-7b01-4809-b4af-3a2f57ef0015,19,Male,113,97,No
5d2aba91-f11c-4f84-9d00-8413a4dafd23,50,Female,173,59,No
6bab9428-2116-4888-a8e4-714bcc42144e,22,Female,92,49,No
89329c48-4973-42f0-a413-55de399231c8,26,Male,58,80,Yes
e1518b17-2d4c-45db-a4ee-abff1ae664c5,63,Female,142,28,No
37486c48-ff52-4804-867c-e426c36ea87f,77,Female,156,47,No
df6bd3bd-ee9a-4029-9751-16a22b70f711,60,Male,138,99,No
bdfe43f6-8fb6-472b-b99b-281b29aa32fd,65,Male,119,97,No
7beedf31-535b-4dcb-94f8-50bcdb9d8d23,79,Female,62,55,No
f30463f1-213e-41a5-9b8b-7643ffa604af,40,Male,41,7,No
9b915a65-cfe7-4ac6-b08d-58a0294d7b6b,47,Male,128,87,Yes
dd42b852-b68a-4f77-8c26-103943d153e8,45,Male,91,59,No
8973d450-ab41-447e-9dcf-bac97889d06f,21,Male,125,19,Yes
0d5690cd-d2e1-4260-84a9-ad4cf79451db,55,Male,194,56,No
134357ab-1ce6-4185-833e-a86d120c2e7b,56,Female,73,89,No
3e76530a-08dd-4c67-a729-fcd5431e72f2,39,Male,56,44,No
7edb76be-dacc-46b7-b4a7-e481fdde7941,50,Male,49,74,No
b48ca9fc-3ce7-4b68-ab12-b33e930877b0,36,Female,131,4,No
46d3559e-e92c-459d-b69b-5c241b5c4aa8,87,Female,182,14,No
bd8c8d04-50e2-4f02-b990-90453c1e0312,70,Male,52,94,No
3896640f-d3c7-441c-81ba-35cac26d2387,38,Male,93,96,No
94ab83dc-d7ee-4652-96db-a8884d349797,85,Male,50,56,No
ab5ba77c-5bbe-4537-bc7f-62f12b442f41,85,Female,101,65,No
d88805f1-3ca2-4f5f-9e1b-335d5b98778c,55,Male,184,47,No
6d88bdc7-f7a3-49d0-897e-06c2a5dfdb5a,75,Female,143,45,No
783fb416-c31a-4cce-8b8f-9253bbe8da17,45,Female,21,8,No
b495c6fb-e3fa-4e7f-98b9-ba1ee5b02202,52,Male,44,4,No
dab0b90a-4da5-4904-aa60-02df4b735eec,32,Male,115,87,No
1152a2ea-eeae-4e6e-b645-7e379e9b5036,65,Male,164,78,No
7df7c150-d03c-4f78-93b2-da03161495b7,63,Female,121,9,No
86911c8a-e12b-4287-9166-d3035664815e,22,Male,187,6,No
8f266306-e629-4aa8-a720-cb4abbd1f557,65,Female,40,52,Yes
49a961d1-010a-40e7-a550-2743afd53f51,62,Female,97,5,No
e3af6c13-d308-455a-add0-cc5b122333ad,79,Male,83,13,No
f53817bf-86e9-4273-8bb3-db82dba124f1,23,Male,37,97,No
a688d91d-3d1d-45c7-9f0a-bd1af8d3fd59,34,Female,149,11,No
fa8be8a2-f3a8-43ad-b9c0-122b57141660,29,Female,170,5,No
6e6a9c08-341c-4463-913a-3dc7e622e384,22,Male,67,13,Yes
7d1e0d9e-6a86-491a-8821-a22655696171,84,Male,87,34,No
2a74150b-f591-478c-81e9-f0b956fdfb04,20,Male,74,96,No
d1eeafd1-0172-4b65-a8e4-5518e6b20de7,51,Female,29,9,No
31ba44ac-c573-4b76-83c2-ab0fbddd0d24,40,Male,173,68,No
640adc97-4c87-42ec-8874-43dd8a59fe60,88,Male,118,46,No
3ae0b8e5-38fd-4ed2-85fa-db17ddff2b0c,51,Male,69,21,Yes
5268399b-af17-43d4-8c9b-ce4c4f9443fc,54,Female,21,7,No
7057d904-e4ba-4697-9fce-fed7e1b79e99,46,Male,69,20,Yes
e334bf53-3b99-4f1b-be45-1aaa618ef8f5,26,Female,59,94,No
ac5f7f87-54e7-48ad-9c87-ea852ea6f2df,54,Female,24,53,No
6f7757f4-e0af-4acb-a40e-2c56ee830bc0,55,Male,172,98,No
cdfd596c-a873-48ad-a972-801124122902,84,Male,165,76,No
34970139-e7e4-46c3-b74c-1a05ff9dc324,18,Male,34,13,No
af53a6f7-6460-468c-8a37-c5a9a84448a7,41,Male,119,36,No
21801254-a966-4efd-9ba0-2dc023c1f6ba,56,Male,124,54,No
66104fc6-b68e-4a1d-8ab1-fdb34f18dd98,78,Female,46,59,No
02a8cd40-4d7a-48ff-a370-95388d57ef2f,70,Female,68,3,No
0093f504-e3ba-4b30-a5a2-47b7ae0dcce1,82,Male,63,19,No
c9f0a7d8-eac4-40fa-a370-0ab100847308,89,Female,35,13,No
c2213386-f806-4557-a9c0-8f332d6ccb31,42,Male,90,57,No
c8c82e11-3aec-416a-ae8a-69ef236546eb,23,Male,159,70,No
a3ecb035-17ed-4678-bbc5-a044f72d2489,33,Male,140,75,No
428b1bf7-fdcb-4573-bd0d-50d69e8a7f95,60,Male,173,79,No
ae57abd1-622d-4fc0-946f-7881a714124d,80,Male,131,52,No
abd31464-949a-4ad2-9199-c855406b5d53,20,Male,44,86,No
e7497c9a-7221-45db-90cd-36583d070f11,44,Male,130,5,No
3de0d33a-9ce8-40ea-a202-2c2a10240f1e,45,Female,104,47,No
120b878b-8315-4b51-bb0b-456d894bc0a5,50,Male,75,29,No
e099b97d-3fae-4742-80ba-f6b392619271,20,Male,196,98,No
1a1928b5-2176-4271-b1c3-e9ad39520b96,22,Female,53,85,No
18223e28-a763-46da-be78-1401a71207dd,54,Male,180,41,No
513e68ae-c88a-492d-990d-5bbc3c36b026,64,Male,123,28,Yes
dd5c03fe-d5cb-4ec1-9b11-368c7f918e00,51,Male,71,76,Yes
e4502c6d-e7d5-43af-ba66-3d0048308a0b,59,Male,152,21,No
ca3d6509-ad9a-462b-b3c6-0e4d5c4622c7,72,Male,190,59,No
4efa8a7d-d370-44e6-8177-9c5100f8b3b5,79,Female,141,59,No
8dbb85a2-d054-45b9-9fae-c128b2ce1f04,84,Female,80,25,No
dd7bf620-4e8e-484f-953e-fe7a7acd2eee,69,Female,184,37,No
37ac12eb-42a8-4d3e-8563-309b6c49b59b,39,Female,168,17,No
f5350002-7fb3-48de-9bbc-97d434da0fcd,63,Female,39,54,Yes
1515f894-cd2c-4e68-b489-6f27f040c0c9,70,Female,90,25,No
bd039e84-1859-4782-ad04-12f8363da5ed,43,Male,36,39,No
ff2d703b-80be-4999-9091-84024f3a53aa,49,Female,103,32,No
71fcae75-4f45-4eb5-9ac9-3715e931598f,74,Male,137,14,No
45ab6677-81fe-4519-babd-d1e37f877a96,83,Male,198,38,No
96028839-4704-41ff-8670-37d76cc11ab2,37,Male,184,28,No
b1a1d4e0-c677-4615-954a-6d37c3f8af95,64,Male,87,27,No
2b0fa6ba-6c9a-4939-8460-382cf5ae880a,45,Male,61,29,No
c97eabd2-e9bd-4f5f-a632-fc4429156b7f,31,Male,198,34,No
88be2d29-8bd3-4f00-b856-e889dfb342f2,20,Female,149,82,No
a94b25e1-3c2e-47f9-9737-27f8557d1ac8,72,Female,174,13,No
e0876d2f-deb1-43e5-9415-d0d204e43334,30,Male,46,91,No
757f30fa-6204-478c-9f9d-757e18a51a62,29,Male,41,20,Yes
1e5d1e15-3b61-4a1f-b16d-d60b7950e9ad,57,Male,151,72,No
9eede71f-2ec9-4e36-9ba9-e9d00fd9b527,62,Female,47,46,No
c98c0f2b-94e6-4f38-b8a4-f451bbd7aac9,39,Female,144,78,No
19470a5e-a5af-4150-a86f-14e488d092ae,69,Male,69,65,No
8f199938-402c-4eb4-9d77-380394d82b93,89,Male,96,54,No
9db824e2-ed59-4789-aad3-1cc4486e3ffa,65,Female,107,59,No
1310e1d8-4371-409b-9c9c-867d866bed47,47,Female,149,10,No
0fd21376-8303-4524-b4e0-f579175ad868,37,Female,144,96,No
ff396fa5-0a9d-471b-99c0-0f4452e4628a,82,Female,193,39,No
3e6f65e9-1638-40c7-b513-f3e237bd9ee2,44,Female,32,51,Yes
9346a8cd-2eba-4145-962d-63894a6cc9c2,76,Male,24,38,No
7c39ed4c-2efb-43ac-abed-d8e8b18d0fbe,42,Female,32,33,No
a38ec5c7-d6d4-470b-8f6b-b2c6d54444d9,19,Male,85,83,No
e1337b15-7eea-4e87-a9ac-db2dd5e6d1c8,57,Male,112,71,No
d12a949d-9626-4fe7-ba46-613eec1eaa10,56,Male,137,59,No
32a2254c-21db-4300-8ef8-b0e1ef65b12e,60,Female,56,28,No
60062b24-d876-4272-ba67-c6b4c73aa399,90,Male,40,35,No
faaa57b8-259a-4a86-9500-d9ece440603f,76,Female,100,30,No
24c6bd0f-158a-46ee-8b0a-c23ea59e5965,30,Male,50,15,No
821c661e-a0fb-4104-a45a-299905205623,71,Female,154,91,No
b248a68b-2ddf-45ba-892f-5a5299b5b4f2,25,Male,121,50,Yes
fe3b90d5-acda-4790-b715-63f044fbd423,74,Female,129,63,No
48b9c775-373a-4150-b5bc-87b3a2af3534,41,Female,173,73,No
56913d7a-6fcd-482c-a397-70a240783df3,87,Male,148,71,No
1500c10b-fb53-44dd-80f8-640e20282687,19,Female,175,66,No
486a640b-4c6a-405b-ac91-35836248e301,35,Female,74,55,No
3baf61b7-5e9b-4dc6-aa09-32c338da1a2c,78,Female,56,26,No
4d52f7ee-f3ca-4159-aa44-0d658a9c07d1,70,Male,30,65,No
781f89bc-3c9a-46ae-85a8-5ec8e89a610a,37,Male,109,11,No
3a3b9eae-1fd0-4a85-a911-8f0e7ef37c1c,82,Female,29,91,No
236f4a48-f144-4eb1-9be5-8c5e2e2285d2,80,Female,80,57,No
2f2159d2-db2f-43cc-bdfb-78f93e6fcbbc,80,Female,41,17,No
1016c497-7398-43ed-a5cc-2f967503ea2a,73,Male,65,2,No
eece7408-112e-42d9-ba22-a53bbf5987d0,39,Male,58,85,No
97f2b4f8-2df3-4434-98f7-17d21a617868,35,Female,149,2,No
c5606dbe-390c-4784-8d86-c3418df4c9a4,72,Male,80,35,No
b3128ef7-d49a-48e1-b865-6df355a8fece,51,Male,65,89,No
7a3b9222-ab03-46a3-91a7-6d3c5f6f6a1a,79,Female,20,82,No
db6dc9ac-954c-4f0e-bdb4-34ec6e2457e8,78,Female,60,74,No
a990865f-5707-4da7-9885-a6c035366de4,70,Female,26,20,Yes
9fe2b294-4084-4b4f-b39f-14e5e3057489,62,Female,124,41,No
f1792bd8-b2a0-434b-9944-0df518a10539,72,Male,21,51,Yes
aec0af35-3b92-4097-a7ee-7b04d883d59b,33,Female,57,39,No
e479aa63-ad8d-46ad-b91f-1c94c06f2d80,77,Male,165,73,No
c1e3909d-6c3d-45cc-badf-de3cbf6709ef,69,Male,153,11,No
69e2507d-25db-4d5a-98e4-1ce9376f03e1,21,Male,29,23,Yes
7ea446c0-2b52-4fac-8620-4b84ce1edbde,27,Male,182,9,No
ad545811-08fe-44d2-9e94-a9691f0e9ba7,31,Female,98,41,No
ddda6fe0-6b7d-4712-a925-cc050456de8d,39,Female,117,74,Yes
78fa3ee8-0757-4459-b153-b5cd3801684c,28,Female,124,60,No
3ef2bacb-c20b-4394-977f-6d1c1b98e03e,88,Female,122,14,No
3c8a1ed5-aac0-41db-aa89-e902781ca351,33,Male,119,57,No
3a0d58b9-6e24-43b3-af40-dc11a0e527e9,82,Male,157,49,No
4c131ed8-70d4-44dc-a483-5a8c92fbc0e7,80,Female,188,20,No
8b99b631-2d37-4eba-aee1-2dfab8a58a67,89,Male,68,18,No
d5b9ba7c-086b-49f8-91c9-0a9d02c57287,65,Male,94,27,No
80e96e4f-d1ef-4337-a71b-63f1ef1a5e68,82,Male,69,54,No
c0f0086a-efc1-4fc8-aaf9-90a1dc98e640,18,Female,145,33,No
5d71a3c3-da0e-4a3e-b3e8-fb0ccf57f95f,81,Female,36,89,No
ffc947dd-10f8-4e9c-95d0-30f12c2063c4,53,Male,39,42,No
403a207a-df69-4496-a840-a38f081d0d87,23,Female,92,38,No
0dbdb3bb-682f-4cb8-a371-8e421f39319a,52,Male,69,16,Yes
7a84b56f-2659-4646-b659-ee526cc3e04c,90,Male,180,65,No
108b0bdd-5fa1-4bbf-9cda-ce1aa63a7ed5,71,Male,153,1,No
17e280bc-b99c-48de-8b1d-e48fa6fc0f2f,57,Female,71,42,No
e775e59a-1b2d-4c6f-aa35-0c15ea1ee931,67,Female,185,68,No
2117407a-9aab-4bbc-9fde-db9f457827d8,78,Female,120,93,No
11ff5174-3949-45af-aeb8-106302090fb9,29,Male,45,65,No
e23db070-0994-4b6c-97eb-4cbef10254be,78,Female,147,6,No
8c5577bf-e15e-4c12-ade7-7bca3085d55f,21,Male,87,87,No
0fb5bd5c-47f3-46e8-a3df-9e226a190015,20,Male,46,67,No
5ec85187-be7e-44bb-b30f-3fe37d3c5192,45,Female,65,95,No
daef080e-33ef-431b-9d56-7a89eb3fd2a7,57,Male,80,54,No
83c7e0b4-6731-4a8c-a3cb-d81a0873a070,89,Male,113,80,No
67bb4839-0fa1-4c2b-82ff-e72a5a7d7a23,32,Male,90,71,No
fd4259fc-dca3-485f-b311-4b5e16345ff0,81,Female,23,10,No
fbda7a0f-9d5f-46cf-a33b-45de85cd4464,63,Male,78,9,No
18f12df7-c7d7-44a3-9c8b-52713a8119ad,60,Male,32,98,No
7c972bc6-1804-4496-98a6-95e368b546e2,88,Male,94,40,No
00ede4c5-6ad4-4a93-b3dc-1637ecf1ed31,54,Male,46,39,No
638dcdbc-595d-4502-adb5-f39a93f13ebd,87,Male,56,20,No
d390ba4e-40f7-40f2-a5b3-2f2e9f29c72e,32,Male,58,85,No
44a4cb85-4a69-4324-9f95-2acc07ce1f29,24,Female,64,5,No
1404033d-2181-48e0-9852-a61faf330e85,47,Male,50,52,No
453e53a4-287a-431e-af5d-df6151be4ccb,56,Female,88,83,No
38a2ce2c-4111-4f23-a94f-afa40d53fa6d,55,Female,88,50,No
50bcecbd-1c2c-4c99-ae10-aa28d0930a71,88,Female,70,93,No
a2f384ae-688f-43ac-8e80-61e520a690b0,75,Male,147,24,No
29452d6d-3109-4371-b314-f170e912c36e,54,Female,86,94,No
8b233cb1-3ed3-4534-9ffd-bee85749f170,67,Female,104,53,No
3e65f017-5b6f-482c-82b6-cd7298e6bc9b,80,Male,198,28,No
69d35ab5-6ef7-4ad6-b209-cd832f1a0d78,34,Female,104,65,No
0ad6e390-5b63-446d-92ed-590af3721c56,85,Male,134,46,No
d3010d98-726e-4077-8274-b6f85a26a530,34,Male,82,48,No
70c0debb-3ff4-404e-b572-2944a63ae325,45,Female,195,23,No
9984e3d9-cef1-4e95-97d5-16c74164f9bc,90,Female,147,33,No
31dee36d-62fa-4522-8273-59ebdbc23a99,20,Female,124,27,Yes
c7b61567-964a-45e3-88b0-50502ef7dc3d,41,Female,84,98,No
cad0a90a-f29d-4814-82bf-16c96cc50ac2,39,Female,102,11,No
d3a7b184-3de5-478d-b769-0f44ec530995,76,Male,182,22,No
a7c44755-be68-4978-a331-98420604623e,21,Male,37,9,No
685aad63-2c16-40e0-b0ba-fc8e22fe3f90,49,Male,198,84,No
2be27074-ba0b-43ce-a341-5c075644868c,71,Male,134,70,No
2f266c30-de87-43e4-bac5-c6d46f59a04d,56,Female,166,76,No
4a4032a4-e68e-45e5-ae04-881870afbf0f,44,Male,23,44,Yes
77b3de49-e860-4292-a9cd-cb2ba3ca4c27,50,Male,193,63,No
396cee31-afcd-4fc4-bb24-86d0fa7d8739,27,Female,105,81,No
f4a2e7ce-e86a-48e7-96e1-af08006d3038,50,Male,155,93,No
edb4edb8-b0c7-43a8-8e20-fc9cd049678f,41,Male,154,92,No
892afd20-d6b4-401e-af01-73b2c16094e5,40,Male,50,77,No
7b303a00-5394-4ff1-94a8-3b162fd755cb,63,Male,66,14,Yes
5dfe913b-b2c9-4b63-81de-e03e8b97d2fa,23,Male,198,70,No
dcd3d2aa-d032-4556-a228-b5eb7909bf7f,76,Male,147,98,No
8250e071-8a4f-47fb-8897-41508c1ed393,79,Male,85,20,No
4a5ce3f5-50d7-48e3-95d3-591d94641e29,50,Male,181,59,No
e56f4d4c-3a2a-4c52-8caa-448ae13bb9d3,37,Male,121,82,Yes
5f8ff7c6-e105-4b76-bb40-13f1cd72844b,27,Female,165,32,No
1e559627-2d62-4e7f-806b-7804fd053e03,53,Female,66,5,No
63961924-20ed-434e-bb0a-9367d2462840,27,Male,63,51,Yes
c04ccc79-139a-415d-bd5e-cd1738650f66,82,Male,71,38,No
6029ba07-2872-4773-bf26-0ab8dc6321d2,57,Female,173,64,No
4e4f6dd9-1303-4256-a91b-c45349b4dc53,44,Male,129,16,Yes
1494983a-a724-4589-ad6e-9c9d86a50550,50,Female,80,47,Yes
6f4a1d81-2cb6-408a-a9f3-ccc269851326,86,Female,51,67,No
2b8063c5-b7cd-4056-b570-0ae9d55dfc80,89,Female,131,23,No
9c3d83b5-6ee7-43ac-804c-61139dc551f6,25,Male,86,84,No
de392eb0-bc48-4fd3-90b7-06446aa1551f,31,Male,31,64,No
e83be0fb-297d-4aef-a039-3de03c756311,70,Male,109,5,No
0572897f-b8eb-4fe2-a410-c249a5398b9b,62,Female,97,27,No
e094a3bb-4b65-42cd-9187-1c69cb30888c,80,Male,37,31,No
a8d250f5-57e5-4131-88bc-b1a5ac22f2be,43,Male,190,58,No
226d2087-c014-40f6-b743-3b4e6b3fab54,56,Female,171,37,No
1cda516d-bf10-42b1-898b-c90344fa3c43,40,Male,137,78,No
4d683302-c4d6-4495-a33c-ae563c600207,70,Male,122,87,Yes
d1f30c08-c843-4aa2-8f61-bac987e552dc,65,Male,176,60,No
4f92a82a-668e-4a1d-8537-0ac37c2e2ce5,75,Male,23,90,No
58276323-89d9-4074-8850-eb9f3cdcbd32,81,Male,196,59,No
4c823f88-5965-4c0c-b933-2aff5ee3eb11,47,Male,38,99,No
09db9dfe-d927-44c2-9c8c-c638dca3d66c,86,Male,109,60,No
c048b835-6f77-465e-9442-1d78d39a6a6e,52,Female,38,77,Yes
e998b5c6-ebdb-44bc-a565-7d2f6e62bb49,26,Female,45,9,No
664d285e-c475-493f-a429-63c0799bd7b8,39,Female,98,43,No
7ca54b50-6163-473b-861c-b1f97a7a4a7d,36,Female,32,73,No
054d8032-44bf-465c-80f8-cdfd90caf095,70,Female,121,3,No
121ec49f-3474-4da4-908e-c866b3b3d37c,51,Male,110,74,No
03a90569-3cfd-43fb-93b9-5286db351aeb,65,Male,32,69,No
2c7f8b8f-112a-46ff-b962-436a02679dd4,23,Female,185,68,No
390ae8bd-1da2-4361-94e6-75b47e44a1a1,55,Female,42,50,No
1663c72e-20cb-4726-8930-0eb82e69e17e,84,Female,115,54,No
f9de7a77-5c04-4a60-90c0-e5414d54bedf,70,Female,28,46,Yes
8ae4140f-4138-436a-b741-50ba734bcb2d,78,Female,57,69,No
13681230-31f4-4370-aa06-23aa117cf7ea,42,Male,181,46,No
911bea24-8587-4793-9e30-cc16bf7362a0,62,Female,43,79,Yes
f294d363-029d-44a4-b22b-e9efdcea3f5e,48,Female,26,53,Yes
afcd84e5-0524-4ec4-9a8d-31ff27efe4ac,80,Female,104,37,No
9970e628-1cc4-431d-bcbc-455a254d8a39,20,Female,82,29,No
fd734682-826c-4cfe-9e8b-59bc21e1e3ce,37,Female,171,84,No
d5271831-f9bb-4998-8d35-0e6d6e0cc559,45,Female,134,32,No
5f78f80e-5709-495a-8268-a37627416505,83,Male,101,91,No
641eac8e-0805-4a03-a10a-d5d3d099fa4e,66,Female,99,54,No
3032e198-78fd-4939-8d59-e0c5abb130a6,88,Female,35,25,No
f868a9e1-093a-47f5-9e4d-607a397ed7b7,80,Female,100,7,No
3f886052-810e-4468-8591-180d4fe7d68c,52,Male,25,48,Yes
225b2f6c-787d-46b4-b852-7c9818e13708,38,Female,31,51,Yes
11392a5c-eee1-44e2-a5a6-d1032b0ed9e9,68,Male,97,46,No
f1e75461-b055-4379-ae7c-83ab736a0d1d,88,Female,167,53,No
c334aa5d-932e-48af-b38c-11ac7b47c522,62,Male,154,15,No
9b1d8e1c-1554-4838-851f-6ada0e3ac07b,43,Female,70,2,No
b4f92752-ca1d-4e18-89ee-09756151a8da,31,Male,59,8,No
2773014a-ed51-4e6f-9cfa-2bbac787a5a3,63,Male,74,10,No
eb99d96d-ba08-4bcc-ba20-ba1e844f3471,48,Female,182,39,No
b2cc048c-a0be-44bf-afcd-df1ee9da7a70,32,Female,140,97,No
e18e1f6a-4662-4014-96f0-8493c6ad5614,67,Female,185,41,No
721a2545-e19b-4d03-bdcf-d0fd97c35787,25,Male,179,93,No
9301be2d-6c4c-4877-a089-708a1afcee96,75,Male,82,1,No
e0f2f5cc-26a4-4f64-805e-7b7f5c596e7d,62,Male,124,53,Yes
1bb397e8-f3c1-449f-88de-19aa444f731f,90,Male,175,36,No
d593e51c-fbc2-4f90-9f63-782db0aba301,31,Female,192,38,No
c2b25be3-2fe0-4e96-8c71-a64562da86cd,66,Male,89,53,No
9d2ded43-6da3-4798-9a20-3bae266623bc,45,Female,24,66,No
1f27f717-423d-4170-a922-89e2d9043bae,46,Male,195,98,No
68f3b77f-0539-4723-a748-c597a2c474de,32,Male,101,41,No
8caa23a6-4ee2-40e5-b09f-544bd452e874,48,Female,183,59,No
c03ceddc-a154-4fb6-b17f-628b86a0453b,62,Male,100,60,No
a4e8523f-e0f0-45d4-9bb2-ea98678f535c,19,Male,94,91,No
a85016b0-1ac7-4e82-b482-c349b3f06d94,85,Male,188,38,No
f2fc2eda-1a48-4dcc-b0d7-3551b836c296,47,Female,60,18,Yes
604e0abd-2e16-4cc9-b724-8f0b722f884b,29,Female,199,49,No
4435e9f3-533d-4d53-859a-4ed05a13df61,75,Female,152,78,No
dce16c16-dc4b-4a54-9eec-304e35c33241,70,Male,36,23,Yes
9609378b-0aa7-4e3a-b6bd-5fabf9398ca9,85,Female,66,48,No
bbf101c0-14bf-4fe1-9211-345c781ae707,34,Female,183,73,No
e7d96553-e078-4b40-9787-0c35ab65c822,73,Male,175,44,No
33fbee27-35a1-4714-9982-229394042560,71,Female,69,43,Yes
0c88da72-7fc4-446b-b843-21624d54872f,62,Female,155,55,No
41952d80-916d-410e-9ac8-9cc30fce0ad8,64,Male,94,8,No
feb1affc-0c8f-4dfb-84f9-5dc31dd86ed6,44,Male,123,89,Yes
fc0e4bc0-b55d-48b4-af4e-8fe1d76bd037,35,Male,59,48,No
3da39186-4bb3-456a-8c72-d0c7f3b49fd1,46,Female,166,57,No
2c23947d-b3ac-4c6c-8ed6-d3b1677f0c08,89,Male,125,36,No
3bca7aff-99aa-4b70-9c7c-8a8473d0dcfb,86,Male,41,35,No
ed94572f-d9fb-476d-9bb7-f00b2e551bf1,87,Male,69,17,No
f9dc2141-81f9-4109-b677-0aacf22d8bac,55,Male,114,52,No
b37e4c6a-2353-45af-af6b-46100d3b001a,65,Female,54,98,No
6778511c-be9f-45da-9927-3de63645873a,57,Male,74,41,No
bf03106f-2ae3-4de5-8dd1-77a6db17babd,49,Female,97,49,No
97b52c70-9452-466f-8fd4-e29fef8d5633,80,Male,103,63,No
11a7d17d-a844-499c-80a5-0b31f8921fd7,81,Male,175,47,No
73aa97fa-5a3a-47f9-b51f-5f9e7d29e888,76,Female,178,51,No
c0d1fbf7-49ad-4fe7-bcef-2dfd9f4ff9d6,56,Female,145,51,No
934fa856-2d1d-4b2a-a7e3-cac0438c936e,78,Male,102,38,No
c1be3d1b-dee8-4eec-985c-a9a25602bc6b,50,Male,24,57,Yes
b1dcf6f2-2894-4562-b025-4fcaf8f6fc93,82,Male,39,11,No
e2faf6e8-084c-4266-9e1f-f0b7c11f4bdf,74,Female,29,67,No
f17a55ed-0c45-44af-bd8c-66c2e08c3378,43,Male,187,76,No
26a52001-9448-4a5c-b4a0-8928b63618aa,68,Female,90,14,No
66208de8-0486-4192-b63f-0062b56df9c5,26,Male,162,61,No
2da8723c-5b66-436e-9f06-0f5efdb43231,61,Male,41,77,Yes
1da14839-f471-4e80-899f-c17d9160fb53,18,Female,169,70,No
02a306d0-73b5-4c2b-b5b9-2aaec5473dae,21,Female,21,37,No
015b026e-af9c-4af6-a087-c7966bec8b53,87,Male,109,53,No
5da73c6d-1677-4125-b744-1ed97e1f8de8,65,Male,46,15,No
1c1537ab-b4ab-4ced-a878-3b308829c40a,76,Female,200,59,No
765cd79d-af03-4b15-bbb5-6237c064acb9,88,Female,89,33,No
3cfbdbc6-4bd3-46d9-ae9c-9a0ec779a7e1,27,Male,169,64,No
df7aff5c-66b3-4115-b133-63b1b67e7741,34,Female,46,9,No
0d71f159-c030-4ecb-84b2-efd4920f1b64,59,Male,137,23,No
776864a1-42f8-4d6f-8da4-eab5c427740f,33,Male,159,82,No
2fa27128-d71c-4fe2-a96c-9472265643df,40,Female,27,49,Yes
df4d0bb3-69cc-4c18-91fa-3452d09d557c,48,Female,30,55,Yes
0ee1fbef-ef3a-4f26-b38e-23ee37ba81a3,61,Female,174,98,No
73fab2de-7209-4c39-bdfa-be6142fa4212,64,Male,55,5,No
04895ca1-b834-4888-9ca7-c528daca4a1b,86,Male,100,35,No
3115e980-33a9-48cb-9958-0c5b06c0210d,76,Female,174,27,No
178351dd-be30-4d45-a08d-4dc879779584,55,Female,50,89,No
0a1b408a-d081-4090-b35c-c5636f3a46be,32,Female,138,21,No
28061bd5-ac11-4b2a-b818-e61c5e3a165a,54,Female,42,57,No
944297db-60bd-4724-9a30-eb9dd9331e47,29,Female,28,61,No
dcc4ddfc-cfa2-4afd-8f70-98ee619032f5,36,Female,69,50,Yes
acd44af4-82ad-4e39-b68d-c3f703460078,88,Male,85,30,No
311f036d-2e53-4ff2-94fb-3e5dd194856a,75,Male,135,35,No
5e2efc89-a808-4005-b533-b6d7d247a297,61,Male,35,77,Yes
c37c4101-ce48-47ff-a887-735b8c0419f7,44,Male,53,89,No
44cb64ae-786b-4ef6-ad7b-c84edd01cb0f,86,Male,145,25,No
2dff184b-b27e-45e6-97cc-01e6982e6a1a,32,Male,36,6,No
03f58f54-cf32-484e-b559-bcc306841215,31,Female,105,84,No
43de5986-860f-41a3-b13b-d3b3ecfff2ac,89,Female,96,94,No
085bcbd2-80cf-4753-8504-0da7c5060ecc,26,Male,194,42,No
b8fad959-553b-43a0-9d2c-9cd68151ca14,76,Female,76,25,No
3d5cb7ea-d4c8-4472-bc53-8e758f845847,90,Male,190,1,No
9ff59e35-e054-4e00-8c1d-9a62c028cfbc,74,Female,36,59,No
4622f39e-5ad9-4473-8e09-1b855c72303e,65,Male,187,51,No
b923cc28-748c-43cb-bc10-04d6a4a19f6b,84,Female,85,71,No
30fae8a3-bf0d-481f-8126-42e9f9bc5eac,81,Male,146,90,No
b5aac21f-05ae-40be-8d6f-e02169d80cf7,55,Female,155,46,No
0c086aca-c456-4144-b1f9-ffcb74b36238,43,Female,73,15,Yes
587ea447-5f7d-43b1-b8d0-8542ba80d22a,26,Female,32,52,Yes
714a20f8-fb5a-4c21-9b8d-2202783e168d,69,Female,152,75,No
2bc724db-9c59-4253-8cfa-20c24afd96bb,53,Female,31,49,Yes
1ccd9cf5-4efb-4334-89ac-1537dfa938e0,83,Male,151,50,No
8d825ba8-34c4-45d7-b470-b28dac656b5f,77,Male,136,64,No
36e5e1db-fa30-4edc-b86a-85eb39627c12,37,Male,162,92,No
f0e3e139-5d52-4507-a058-6890df753343,82,Female,110,83,No
dd142f71-a027-4567-977d-e7d39d25c232,31,Male,119,79,No
aa0b5717-2e68-40a4-8d91-bb650c1de7dc,53,Male,182,22,No
cb7b4e44-f352-45b8-9a34-91e32d5e347e,58,Male,122,41,No
64359206-d6ef-4857-bcd7-d77a4c2bd69b,24,Male,172,23,No
7f24deb5-9c8e-4ccd-beda-2d3a43acbbb7,75,Male,128,93,No
0feb4957-141a-4f3d-9d35-ba362a7a93db,85,Male,116,70,No
f5231748-147a-43e0-ada4-93d3dd74652d,40,Male,123,73,Yes
a59ca7b2-da33-4da2-8a57-2c42eeeb8fb7,61,Female,29,82,Yes
68721170-0c08-457a-aa43-9d0be9e6cd41,83,Male,25,24,No
e6a73d16-6e54-4e26-bb00-b89c6e850c38,49,Female,104,69,No
1839117a-ce5e-43ae-bcde-94d7bcd5bb57,49,Female,74,47,Yes
71073e35-61cb-4184-8fb8-abeac39ffaa3,39,Female,87,39,No
e48e8e39-bef5-4659-8070-b59d881f6d74,42,Male,149,40,No
e4d6174b-0311-43b3-ade0-99807929923b,60,Male,108,8,No
6d690709-a7a6-4474-865f-c3040bad3716,26,Female,111,91,No
14b8164d-7292-4cef-b578-c28f04221863,61,Male,36,12,No
5695382e-f364-4b9e-a4a4-39b4a544c6a0,20,Male,37,99,No
687de3ea-5c97-40fd-8ef6-e4fa9db7c864,28,Male,52,68,No
9cc642bd-5626-4ae5-8eb0-fb829d3d1b2f,66,Female,64,65,No
8126a8a8-2ab6-4679-9e30-525c096f119b,41,Female,42,66,No
46b69081-8e64-44ef-8582-fbfff340ec16,24,Male,199,100,No
7a7bccbd-58bc-46cc-ab29-03f7a387c5db,57,Female,97,64,No
a14b4852-eebf-4920-8b24-d8aff2bac3ca,21,Male,62,81,Yes
38e91e7a-5c96-4665-842e-0d04136bf8fa,69,Female,84,91,No
288fe638-02d0-49ed-9c54-f7442dd28ab6,58,Female,99,34,No
0c32c9a3-325b-4d5b-92a6-b7e82a9d0e48,66,Male,54,11,No
283bfa61-c9ae-4e8d-bdcf-2326f33d81c2,83,Male,148,39,No
cf0e0d24-0e63-4767-bed9-5e07114963de,38,Female,148,87,No
e86d1f29-c699-49fc-9b25-a5161fe5b655,74,Male,180,5,No
add1dcb4-5ad0-46ad-be92-b7dc832eed7a,23,Male,24,89,No
c3d3b95d-14f5-4abd-b413-a809f0657a9a,51,Male,184,78,No
c8ff17ea-4aa2-4aee-9ae6-703738850a34,20,Male,156,55,No
cc64a2d1-d30c-4694-84cb-5e26f3dbbbf0,73,Male,176,68,No
c1961005-6d0a-4553-b192-b55351f598db,63,Male,178,70,No
8b15533b-9c87-44e4-8c13-03f30885bca7,66,Male,122,79,Yes
ac27a725-44e7-490e-91f4-2442dc50f130,71,Female,78,84,Yes
295e6dd0-f8e2-4716-bd74-0100f9a16933,25,Female,24,67,No
c1603693-5978-47ce-8eda-420f5597b917,59,Female,72,12,No
869b58bd-5e4b-46a7-8694-12f78508a663,53,Female,55,20,No
c9fba8f5-d45e-4ef6-972a-2a52a636da01,53,Male,68,87,No
7da639df-d886-41ef-ade1-8455396e15e9,41,Male,21,74,Yes
f43e3443-d7af-40f4-a10d-eda97aa32134,28,Male,121,76,Yes
75630588-7d1a-4f68-9b2b-76d47968993f,37,Female,139,94,No
cb1c2ca2-f753-43b2-8265-614b43a967be,48,Male,65,30,No
2b54d649-dd39-4d73-a312-8d5e58c4eb01,84,Male,79,89,No
d7579ea4-adca-439c-a969-6a2f4157211f,49,Female,174,92,No
303b3aef-6022-4c0b-8405-5861a33b7da7,74,Male,88,49,No
b989749f-9f73-414a-a21b-8c95c865b617,67,Male,63,25,Yes
23933ae2-8bb0-45ea-b742-425a493ec94f,84,Male,192,29,No
c6c096d7-b8c1-4bde-adcc-6919f0fca84c,68,Male,116,31,No
bca98482-e9f4-47d0-abea-35a6e2d7881a,33,Male,200,89,No
441cbf7e-916f-4e50-88e0-c2833ba812fd,59,Male,136,91,No
baac694d-6140-4cfe-a286-fc2c8576fd60,22,Male,28,21,Yes
f1cfbd88-eb53-42d8-bf73-081c8dc3546c,31,Female,98,26,No
7334f17d-e265-4225-8195-be9e1ff9be92,62,Female,75,55,Yes
579610aa-4207-473b-9ac8-717e1ab079a9,70,Female,30,29,No
fe52fbfa-4632-43f0-b43e-73c9a7d86136,33,Male,186,41,No
23de6046-a251-4660-af31-ed8f0cc358c0,60,Male,140,35,No
6e2b959a-5966-4bc0-9751-485cee88e2b9,28,Male,164,96,No
a5a3d043-7eff-4a6d-8af1-e9abeaa1c2a1,53,Female,110,60,No
f85d6c8c-426a-4e75-89f9-e52d2970c7d4,66,Male,143,76,No
c2597372-fd53-421e-8e68-5eb2c1e666f2,28,Female,75,53,Yes
5a0c438b-653a-4761-8bd6-3693266446e9,52,Male,155,13,No
26404957-2bb7-41e8-a21f-4d5e787e2427,58,Female,155,96,No
24cd0014-5d32-450f-9cf2-765a1b3f0667,36,Male,35,78,No
a3a9bb88-8cba-4ecf-9cb8-d8909e42a95c,55,Male,197,30,No
861e3cf8-50d7-49e2-9887-3d29a2bbf5fc,29,Male,120,1,No
356ed623-b725-4bc2-b9ee-9bb988b8059a,26,Female,190,89,No
1e362db1-826f-4d5e-a6b8-027e8205e531,38,Male,102,37,No
058e2247-0bf6-4c65-b7c1-6caa4db0e663,76,Female,23,81,No
58a18561-55a3-4f2a-bee7-813751e6643b,52,Female,58,52,No
7315ecb5-fcfb-470a-bf80-1403f75359ab,86,Female,163,62,No
4c3a7681-f383-4fce-93fd-b6cc89b447e6,35,Male,39,96,No
ff011277-675c-4cfa-ac3f-b1777572d1dd,18,Male,167,51,No
9aa62c79-d369-4e07-b795-fd024ae67fd5,65,Female,140,41,No
40433559-37b5-4c6e-8cea-f0b8fff3a7ad,69,Female,184,34,No
b9e78369-b5f9-4aff-bbfb-7c528ab7185e,83,Female,63,29,No
aff06b3b-435e-4870-b8a1-6ae36f737f30,55,Male,91,70,No
1be85e5a-9dff-4747-af8e-a690afca5dbb,30,Male,34,78,No
4973c155-832c-40b9-87ec-535b01cc07a7,44,Male,121,55,Yes
51dffd4e-4e3f-4318-b12c-27ad347ba5b9,76,Male,126,93,No
b1750e23-89d2-4f90-9051-d48331769657,56,Male,108,97,No
1de07ac6-c611-4f3c-adb5-4583e46a31a8,70,Male,162,36,No
d4ee4e77-18b0-4a4e-bab4-9d8b99809a37,32,Female,25,58,No
6494907d-2af1-4ec5-85f7-b965147a2d8a,63,Female,72,36,No
7ca33fa0-48ba-400e-b77f-dce32a5168a1,76,Female,53,71,No
b234e9fa-1b27-416c-b0b0-a94240b7aeec,19,Male,51,21,No
f4278000-0036-4445-a8e6-a9bdbffc69cb,68,Female,125,7,No
7e8a113d-6681-4e8e-a339-4762de2bdd35,87,Female,101,50,No
f546cf08-7f10-4224-98e5-e7021e88eb88,81,Male,90,36,No
1d72a544-ba61-4459-b843-6f79694e20b4,79,Male,170,8,No
3e95c3e3-0917-454c-bb18-7a094d69fbc9,89,Female,145,56,No
c12826d6-1189-4ab4-9260-cd2c6bb9869a,76,Female,48,98,No
a523c141-7d32-438d-ac4e-1d79b00c2853,27,Male,160,44,No
adf0cb47-9867-433e-8359-cd0f5e577996,50,Female,108,1,No
cc26142f-8e32-488c-b6fa-39f0ac33c786,29,Male,75,15,Yes
e50eef64-f566-4f81-8dbe-7fbac4ea3d8e,61,Female,124,6,No
201138ed-6bef-4de5-865e-8627ea06b4f2,34,Male,82,85,No
2a884f2f-69c3-4062-a173-abadb78956e1,37,Female,133,91,No
cb0c09ae-b701-41d7-96f7-78eeaa2e9fe9,36,Male,84,29,No
7c87bc39-7672-4c73-a1d7-03dcbda6527e,48,Female,156,43,No
b4cc0772-c9b8-4a33-aa4e-509c952115fe,44,Male,71,65,No
f0fc69d0-ce6d-4dcb-b027-1b21dae7ce2f,26,Male,196,6,No
6b3947bc-3b1f-4f24-8e22-93b404df0082,76,Male,110,86,No
63848b36-c946-465f-9378-7b6366328f05,68,Male,194,87,No
3fd5424a-ab6e-44df-b789-5c878620af23,75,Male,30,43,No
fbc7ff33-ba42-4b5c-b9ea-6eee3d7ff2ad,50,Female,176,26,No
b3fd96f2-7bea-4d4b-83ab-63188189aee7,32,Male,42,4,No
898d3191-e874-48b0-a920-d6647898a49d,69,Female,176,22,No
6281e95b-c194-45b3-b8c7-5e06b2a5c2db,25,Male,104,49,No
4fb4708d-eedb-462f-8fa2-69b69d80d466,33,Female,37,15,No
b5f4c9c7-82ea-4ee2-b548-1b20dfa6241f,32,Male,176,22,No
743e751b-db43-4ca3-8423-c2180cbb524b,79,Male,79,92,No
03aa7ea4-d7ec-49c0-924f-e76e36350c19,75,Male,36,39,No
70a43632-9f19-4ebc-a1de-e8dff404778f,57,Female,23,24,No
b41e6617-42cf-4a3d-a5e2-75c202b3c97a,27,Female,89,87,No
9fb90cb9-5dff-4bd1-a5c3-8188324d6d69,52,Female,187,47,No
bfa9b4c7-bba4-4a0e-b83a-6bb7acbfdce8,27,Female,60,38,No
e71f65cd-04b9-4342-a013-481bead1606b,75,Female,142,88,No
abbcf3d4-d295-49ef-a6de-d472ab096dd8,79,Female,63,43,No
45ce247e-4325-453a-bbd5-b75825c26547,64,Female,31,44,Yes
7cdf80df-34be-4968-bc8f-1932ede1c803,24,Female,98,19,No
f3d596c1-de0d-42d1-be34-e1997d5334b5,81,Female,149,23,No
3a6c2979-7a9e-4f7a-9055-16ff2ed3567a,28,Female,106,28,No
75d2eed0-d139-4026-9d6d-cdcdf2eeac36,31,Male,21,17,No
fd6a0202-4397-4191-8354-df128fd40c2c,46,Male,41,16,Yes
c2d3d15a-7815-4e83-bebd-562e35e9952f,46,Female,78,88,Yes
83cfe37d-fa72-4fc2-8583-c20646d9450d,49,Female,56,73,No
e08bfd0a-a589-4914-b238-5fab62beefdf,77,Female,23,28,No
91315c08-db13-4be8-a2ea-f203a5183eb1,72,Female,106,7,No
db9f9fca-8c77-4246-b278-a6f6b409bdb2,48,Female,99,29,No
426f5597-21d7-4683-8f17-88d2654bd0ac,33,Male,57,80,No
b693fb59-d986-46c1-a29d-2aedf904caa0,72,Female,145,10,No
ef2e40ed-7e35-48c1-9abe-4fd45acb5c26,84,Male,38,10,No
3bbf585d-0082-40af-9609-01e6ac692395,32,Male,91,6,No
392fc678-0c33-46c3-bfd2-34bab68c85a4,30,Male,188,67,No
6ce2b1d7-d0bb-48e9-a298-a1a2837232bd,68,Female,21,77,Yes
bf9e047e-c83a-4ae4-9009-a12085df35db,71,Female,197,15,No
62c3b00b-d385-490b-8fa9-4b4f346f8d4f,72,Male,100,78,No
fa370915-a816-4a0a-869e-8f0fab2823d3,83,Female,80,77,No
11e0c9cc-51df-4f90-81d8-9aeda24db446,30,Female,72,16,No
01f83618-9a08-4da9-a902-898702f97561,38,Male,193,71,No
49e4bee3-ab0a-4b54-b251-0b5d75e65cb5,40,Female,68,21,Yes
1592cd08-e043-44ca-ae00-c26fdc8537bd,28,Female,182,13,No
b094f832-0dcb-4af0-99ec-175862b106eb,28,Female,71,33,No
6526d5c2-f4a3-4a87-81f5-282764472fd4,51,Male,164,63,No
2315ec6b-ce39-4390-bc2c-594ce5492470,40,Female,125,63,No
3430ca5c-f008-44e0-8133-2f276a9f03ba,53,Female,174,37,No
78bbdc9f-1abb-4e0c-aa90-e1c5036e1dc7,79,Female,121,23,No
1ae9262b-c524-4fb0-8ef1-4b94bb67ff56,85,Male,59,28,No
569f6def-29e3-41ed-a6f5-948e12a890f0,89,Female,91,13,No
1f32f90a-23d1-475a-a472-7fd9e691a883,89,Male,174,34,No
a51e4119-d08c-4a2f-b4af-8eeedc216de8,29,Male,66,18,Yes
cbf84061-2165-421a-93c0-ee9272884bff,85,Female,108,50,No
1e4edb5f-3d19-411e-80c3-b306d3e5a2f1,34,Male,135,47,No
ee47d5c7-cfcc-4df7-9996-499e013e8a7d,75,Female,161,52,No
3bf49547-991e-4979-a456-077c2def6367,56,Female,30,72,No
468b8389-fcaa-42f1-9b21-af38a42deee2,56,Male,135,73,No
9c667907-b508-4887-968a-70496d3d7b77,38,Male,137,49,No
feb9ebfc-a394-484f-bc36-33e231302bca,87,Female,126,11,No
342b7328-689e-4aeb-88ab-8fbed6f685c7,37,Male,193,74,No
1919689c-b4ca-42f3-87bd-a43c589ce3e7,52,Female,62,8,No
17bb035a-7259-4160-b4be-45d4d40d2cbb,21,Female,117,22,Yes
65517504-4b91-4445-810f-f4d13e2efdb4,64,Female,87,73,No
7bf66bca-f947-48ea-acda-8fbbc1d129c2,34,Female,49,30,No
8f38ca44-ee3b-47e3-8ca5-dad47d85ad63,42,Male,27,80,Yes
dc63e575-0690-46e5-be2f-0e0198adbea5,41,Male,46,96,No
e167f0d6-36b2-42f6-8756-107e9fc2d5e5,59,Female,124,54,No
bb1185d9-ed5f-40e0-8134-06ae03efc140,37,Female,47,84,No
c3c6f6db-d39a-464d-8001-b3419dc7b11d,73,Female,129,10,No
5ecf2948-10df-45d9-852f-4bb7be23ecb5,34,Female,198,73,No
e40fdb6d-ea3f-44ac-9117-8893ca7cf19f,24,Male,43,90,No
053cf771-1ca1-4f74-8624-b9648d9d5ad3,55,Male,112,53,No
9eb48313-1b90-4c09-b5b7-db66c3519a4f,69,Male,189,51,No
43deb3c8-4963-4ab3-9b9b-71febf8ee284,34,Male,50,34,No
c8e82cc3-8391-4597-9d6d-9e5dd7b8e650,43,Male,187,8,No
37680eb9-6a4e-4a3e-8445-5f29385f4614,45,Male,71,12,Yes
599816e6-3a1b-4a5a-a22b-b5c8405e5064,26,Male,169,77,No
bf54f224-1c7d-4dbe-8310-8c04fdf18097,50,Female,101,58,No
d4e25897-0936-4510-9fce-5a01d9f8f7ad,62,Male,22,17,Yes
3bc105ca-77c5-48de-a367-8ca131534ad6,39,Male,43,21,No
1b7996c1-cb8f-4899-970a-fd458511177b,25,Male,136,18,No
026c4a08-4401-48e6-bf9b-4161bfbbb60a,81,Female,43,8,No
6532fc21-4d28-415e-944e-df63cd7a630e,34,Male,48,93,No
3f200769-b622-4556-b1ff-90c590545b5c,60,Male,143,93,No
b6c54c8e-046b-4fd2-95d5-394f1548e302,75,Male,108,67,No
15c9e7c1-d65a-4146-87c4-de5423cd94c5,66,Male,39,35,No
d0d0aa80-e0da-43f8-8e42-2221edeaabd5,89,Female,22,87,No
293ac435-4a45-4f79-ad83-9c34aee55a24,20,Female,196,64,No
44d2a563-51d0-4ab9-be85-bc4937ab06fb,35,Female,77,89,No
7eefa86f-3656-4685-8bd7-7d1b4052d4d4,70,Female,69,77,Yes
8d8f8140-5090-48c9-8491-ad3946a60812,37,Male,160,76,No
17c80863-2ce6-4440-96b1-2d74c0e0ec51,65,Male,186,4,No
9dfccd4a-7ba5-42ea-9a3b-568102d62864,57,Female,138,51,No
37624003-861d-4253-83ba-6dde1807c60a,86,Male,152,42,No
adfe9676-c6fc-4481-8918-d21c348a064b,65,Female,127,4,No
e7a35ff3-a78e-45e9-8a3b-75af7ec2c287,31,Female,167,21,No
427c5fb2-beeb-42e1-a042-31f1a981c7c7,84,Male,170,47,No
e22797ef-4c68-485d-a144-baedf7420398,74,Female,135,13,No
5ed925b2-e279-4276-8b48-8df74407f2a1,41,Male,178,18,No
4a4d11b8-2ba0-4c83-8ce0-57bc72ca2659,84,Female,139,19,No
30c53d49-151e-4de1-b97a-7f624755ad8c,82,Female,135,74,No
2f8d000f-6b93-455f-a6c5-69962b7a3b7d,60,Male,21,100,No
4025f1dd-0979-4387-996d-e88e574a7015,72,Male,151,8,No
e664527c-eb38-451d-8581-db81fae7abde,65,Female,57,75,No
fc5aea47-ada2-43aa-b3b2-47390eb12431,30,Female,54,9,No
c8238d99-38a7-436c-9add-a7d84b8b0864,87,Male,190,23,No
d9123174-b3af-4fdf-9429-1e13c54605b6,25,Male,81,2,No
89c25357-559a-449a-9e08-4bfbbfa80229,80,Male,64,38,No
0f57d13e-c9a2-4342-b586-966b4fa653cc,88,Male,29,84,No
21bec0a5-da64-4ede-a5d7-c621d8d3e2a2,76,Female,179,4,No
336f47c0-a3c3-4212-9859-ba5a5e8ed673,73,Female,99,19,No
6abf7602-6008-48aa-ab58-10ec656a6042,79,Male,40,15,No
2507c6e5-34a5-4e8b-a986-826c51313c8d,71,Male,180,57,No
c64f8def-4aa7-46c3-a38f-97b4da348cf0,54,Female,188,70,No
6f15efce-725d-46dc-a58b-92cec2021069,61,Male,23,55,Yes
5e6a592c-2e74-470b-8c62-9505faa69d2f,83,Female,123,79,No
63b09694-6926-4c99-b8ed-80d2078df2e3,43,Male,123,22,Yes
75bc15cb-040f-455d-888c-0b35c7084aeb,82,Male,166,81,No
d996b947-a27d-4ac1-8531-907881059e16,37,Male,169,52,No
38f4b4a4-39fb-4a34-8b57-80dc1d3077a4,28,Female,159,40,No
6db1c60e-8442-4516-b00f-2141cac19462,35,Female,153,61,No
1c5b340b-e1e0-428d-ae97-1ce377fbc4ce,65,Male,104,35,No
415bb9d2-6f6a-480b-a5cd-60bec3003b2b,58,Female,24,45,No
a4c12685-996c-4383-851e-59bfe534590e,85,Female,98,11,No
c87b599a-d057-479a-9b85-3353071f3640,27,Male,156,3,No
c44f7dd1-7a31-440b-9826-6c4aec36bbc2,77,Female,138,64,No
66dea8b2-b079-46dd-af3d-bb3b5112dec0,67,Female,112,15,Yes
a6b63619-69eb-4b13-b83f-483be39d49e8,90,Male,100,56,No
c1b9f543-3944-463d-9116-1fcfa30ab45a,36,Female,159,92,No
635ef891-c951-4782-be2b-4549c12c3ff3,64,Male,69,88,Yes
7a9a99e8-1267-4542-a5f1-79968b265490,53,Female,88,3,No
584fd566-aeb5-47dc-99ca-c5c89b313f9c,68,Female,110,43,No
923b6f99-8676-4614-8b0a-effc3365d844,53,Male,196,26,No
9422ec09-39d1-4fed-92f7-a134fd12a07f,58,Female,38,11,No
8a063ec1-784d-4a26-84b7-ff355fceaa63,72,Male,21,82,Yes
fa0a3585-ad34-4b77-b5c4-57a7b3230d49,32,Male,89,88,No
8a4de93c-0da9-41a6-aa00-45140185acdb,38,Male,87,97,No
b60cdf8c-9179-4257-b4b9-cc08e0b3665c,81,Female,197,87,No
306fb848-0980-4455-bda4-bd77eda84dfe,43,Male,173,76,No
cd79d04d-c6c1-4138-9d7c-eb3769133038,86,Male,39,25,No
9d06db78-265e-443b-92d7-957bf86ae277,52,Male,102,40,No
45b17609-a825-4104-ae69-efc008e42d34,51,Male,78,43,No
b2b791d4-0460-4d6f-86d9-f742fe26e0ee,27,Female,72,66,No
0744db90-41e5-490b-badb-676f7ff5c09a,69,Male,146,95,No
05e70edb-d73d-46d8-9ee7-34a185950a6c,31,Male,175,79,No
7bb02aa5-6f50-4fc6-81ca-6b9f672c4ad7,34,Male,88,13,No
44c20ef8-4741-44ee-acfa-36a3d7227181,48,Male,172,8,No
55eadf3b-40b9-490a-8f23-f5ce24315182,52,Female,29,41,No
1fa86db3-ddf3-4ea9-af52-afc4e4c9c716,42,Male,142,33,No
42dc0679-8668-4772-9e77-c8cdc989f8c1,84,Male,36,66,No
6bd7ef8f-fab0-4964-9419-7e1bdd918cba,24,Male,98,40,No
87378703-f207-4612-ace3-736a7fef31c2,36,Female,153,19,No
0f073327-e283-4e8f-801b-bf4a2a88625b,40,Male,67,16,Yes
01b53c14-f001-40ab-9dc4-cba3e6e078a8,34,Female,55,20,No
e21b806d-e0ba-43be-90b7-cca1da66b305,29,Male,44,1,No
1cb85d57-8e3e-4407-8616-7f1370016eb1,36,Male,27,34,No
4c7ea3c4-f8ae-4d29-8363-47dd6e9b86ac,64,Female,72,97,No
b42f047b-8c55-4413-ac26-28878de1b1d0,61,Female,106,60,No
f7d31337-ddd8-4bea-95cc-eaf9e2791da7,88,Female,131,84,No
552a1af1-4caa-4ed5-91bc-2b7824e6a572,48,Male,33,29,Yes
da574638-4cf9-43c4-ba14-4f54d6dbebec,73,Male,163,70,No
e2d33179-fc71-4a2c-8b02-c1e455ea43e5,32,Male,64,81,No
5bd3a6c7-3671-4b02-8f51-4e40297b9b01,76,Male,99,73,No
081b1135-1a3f-418f-ad33-cd27c0159143,42,Male,35,66,No
bf1757e3-1fde-42ed-b6ba-f6702baedb49,40,Male,53,42,No
b26a593e-db9d-4dbc-9069-ffbc3c1f79eb,80,Male,166,49,No
dccdf258-e300-4ed7-8d97-700efba80b4e,18,Male,113,21,Yes
f3d2756f-ab70-4584-ab0b-5490a4fc20fb,63,Female,138,5,No
ee581790-8526-460a-a01f-df3b087569d0,78,Male,141,67,No
70aa373c-560b-4beb-b7e8-932c61e9e823,90,Female,182,52,No
6d48f7c6-9649-4d2f-8e9c-9643770f7d00,33,Female,22,5,No
4d201aed-059e-4507-a5e6-e1ac496bb4c3,81,Male,181,46,No
2e9a4009-678d-4383-ace7-cc1cbfc3f771,26,Male,178,27,No
a3d8b4d2-3b72-4b68-b44b-6bf4c1befe00,29,Female,90,4,No
e4b449e8-d504-4db8-beb8-789c2f702d68,19,Male,41,23,No
08a4f7bc-47e0-451c-a8b3-7e4bf5d009d6,36,Female,169,94,No
57ca7e90-9396-4cc1-92ea-b65aec1bd30e,46,Male,42,10,No
a4e6fa27-0c7c-4667-8000-0a2f0bbd98ee,76,Female,91,4,No
c461a6bc-201d-406b-a40a-d6596ec5ad02,63,Male,122,73,Yes
c5f81291-0333-499a-8ede-1a52a3a36ca7,28,Female,90,94,No
784b05b6-acf2-4e25-9722-c5aab2e74a62,23,Female,171,19,No
60b1eb37-1edb-4545-839b-f7e3f47e0964,56,Female,157,20,No
d5f1d840-7361-405d-9662-4f79a816c875,84,Male,135,17,No
897c056b-2723-4259-bae0-61c0f2b709c2,50,Female,92,47,No
138da96a-c7aa-4635-884e-d9a557d43add,36,Male,198,37,No
37d14e7a-41cd-4888-8b8b-66e33608633c,19,Male,88,85,No
76b409c4-9e6f-4112-b3c2-e694bd5fdddf,89,Male,99,67,No
dd6c7b08-6e46-4ae1-91ab-e0a814f7cc72,57,Male,41,80,No
a73278d6-6f94-49ca-b386-0a36cd5b9091,40,Female,35,40,No
ec2fd1f3-b497-44a2-9bf6-80f34407470d,90,Female,109,92,No
06ef8d5b-1e53-464c-8021-3ab6ffd5c65b,29,Female,50,9,No
377d8f08-beb4-4f5a-b564-0b86084f1cc0,20,Female,51,7,No
b88882fb-22fc-477d-8fe3-67373fa8f72d,59,Male,145,19,No
55312bf0-b3ea-4fc8-9739-e977da701153,79,Female,154,86,No
3281a11e-c934-4ac7-a10c-92c46e6495eb,67,Male,159,14,No
6585097b-b707-4701-8784-e3e73706f652,22,Male,20,34,No
ba38a305-2153-4cbd-afb7-1630533cf084,68,Female,99,89,No
4a044d8b-c835-49b0-a3a9-ed449440b233,54,Female,126,89,No
442d708f-ef5c-44cd-a64d-8d3aa9ad264f,31,Female,35,46,No
70e89c36-0107-47ba-8bd8-0f89d37f9a7a,23,Male,154,20,No
447bfc06-8e9a-4a2b-946d-c67e656fe02f,30,Female,45,10,No
f1f486af-64b3-4810-a77c-0747e32fd479,22,Female,144,100,No
a5122683-9b9c-4506-820e-58608d819ff8,67,Female,68,53,Yes
75c439b1-ba03-4c50-9fce-7e1c429810cb,83,Male,106,43,No
a2f18835-2e25-4089-81ba-c73fec497900,59,Female,89,28,No
642fa7b2-dfe2-44cc-aaa5-23f670c1ff30,35,Female,173,41,No
baab0004-4e8e-4b8e-957c-90a9ec602b23,62,Female,112,38,No
0339a550-d218-451a-bf72-fb5b3dc7f4ce,64,Male,74,91,No
afcd5d47-0329-4fc2-9640-27abee792e7d,64,Female,168,46,No
9a06fb41-a33c-4206-98ae-ee61ae00cd9e,40,Female,193,39,No
c10604d3-7061-42ca-87e4-3350ac6e51bd,33,Male,114,89,No
8a0feb86-e228-4475-ad5d-1f912f990957,63,Female,127,20,Yes
42113192-8292-4e41-b63a-7d627a90f8ca,41,Male,23,9,No
579f2045-8792-4bb0-8013-b0a409d60f45,18,Female,22,55,No
2179bc93-d107-4398-af40-294a7f49f6a2,51,Female,191,97,No
133f772d-4883-4e3b-91a1-ecdbe4067541,74,Female,153,39,No
cde30dfe-d9c8-4a24-b36d-ae84012eb175,50,Female,187,72,No
6887cd28-7da0-44d6-a03d-a6c7b722b9ed,56,Male,152,8,No
1073a151-576d-4e3e-9b81-c8c032dee413,66,Male,151,42,No
f5bf45a8-09e5-4511-a899-866cca2ad151,19,Female,191,95,No
f2a300cd-a5cd-4e05-a391-c892fee9bd26,88,Male,171,83,No
fb531472-9c87-4f71-8219-43356dc2e5a2,59,Female,82,14,No
321c4077-d702-45e3-8cad-6e14afbd4d15,78,Male,52,84,No
cc213db3-af72-4e79-a970-0c5096655d43,52,Female,131,21,No
185e344d-aa56-4dd2-8f45-b51c95a40f92,33,Female,127,83,No
5d7813ce-44d1-4e8f-a3b8-4eda8f2f4489,66,Female,86,88,No
d9e68760-125c-4736-a7e6-3841e5b45450,76,Female,95,45,No
e6854eb5-77a3-47e3-bc99-43fcae1a2e1d,63,Male,26,58,Yes
9ce7e0cb-64b8-4a1d-a8c2-b72fdf4ac18b,28,Male,107,66,No
31b01315-f580-4a90-99e6-30ac1ab60e04,61,Male,199,3,No
0f0a74fe-4f82-4cf8-ba49-88162c96d8c0,83,Male,53,4,No
5e333fd7-4350-4960-8c2d-8fad158cf94d,53,Female,50,46,No
72a17395-88cf-42af-a3ff-d63cc0d3373b,75,Female,32,23,No
e1824301-7676-4447-83b2-1dd80278d41e,48,Female,107,15,No
62842dd3-3464-4110-84dd-c7e8af969efa,73,Female,146,59,No
50e133e1-6dc7-45c8-b796-e6de7182d04e,79,Male,133,71,No
12a9d783-db31-48ec-83bd-f54dbe17aeaa,44,Male,150,87,No
e6c0e4aa-ed03-416d-b989-b608b98b9dca,78,Female,105,70,No
b9a956b7-5b16-4b61-b242-c2690d02a57d,29,Female,31,69,No
c2b0b7a2-e3d4-4c90-a6bf-a4c5bdd44200,26,Female,140,35,No
d255d826-be53-45ff-852b-78f6cd44c6b4,30,Female,94,48,No
bda3d508-bdaa-4a33-be0b-363511bfd14b,76,Female,93,48,No
6c87c16e-e231-4c11-afec-aa2e3499c8f6,76,Female,114,66,No
2abc2228-3ccf-40a7-b4f8-c80a23a64427,59,Male,56,96,No
f1facdd9-2bf0-4944-9cbd-087948668266,62,Female,80,74,Yes
aa2de9d3-fbd8-4106-9a29-152ddf112a2d,52,Female,165,15,No
ed1041d7-9987-4001-ac7b-f8e6db8963a2,63,Female,120,28,Yes
4b8a0c19-2825-4461-9731-baa17b47bc03,42,Female,117,19,Yes
1ddcea3c-493b-4d8a-9b2c-f0fd392f5c1a,80,Female,119,66,No
6ca74112-19cf-4887-bc68-f97b6d37d853,77,Female,189,1,No
cc7d6b7f-80eb-450b-8456-98716ec993a6,84,Female,50,84,No
f602ac49-640b-4638-b19e-4f210e06879f,31,Male,153,43,No
fa17d5ea-5b27-4d4c-ba2b-436e980798b7,59,Female,196,82,No
e75ce26d-175f-4326-90b3-a9efdb005743,47,Female,27,12,Yes
d22a3d1b-83f6-42bc-8d84-48e121a9065f,37,Male,40,3,No
5f7c865f-955b-4d87-9d53-1ef27614826e,87,Female,33,2,No
e4a54505-a011-49fd-935b-5efeee678e31,30,Male,140,7,No
00ec5ae3-2e8e-4a4d-a132-7f95884648a7,22,Male,32,99,No
cd033cab-cc7c-496e-b394-6c3cb3ddf045,66,Male,98,26,No
feede958-e01b-4b73-bbe1-a379954355ca,39,Male,80,47,Yes
1c77e9cc-2545-4379-a910-bc75173fd9c3,86,Male,136,90,No
291c3fbd-45f1-4f34-98c5-12d352a5728f,60,Female,174,64,No
3e498cc1-6c22-4a29-a3b0-df42a0a7d0ba,72,Male,176,60,No
770a3a66-d68b-4a5f-bb71-e646847e8e95,87,Female,155,17,No
12d5de9d-e2dd-49d5-9901-5fc95ac4227a,27,Male,137,51,No
525c3328-34d0-4f65-90c7-ab93c414b994,71,Male,36,49,Yes
34450f3b-58e8-4ffe-9da8-ed1b80a12744,28,Female,68,4,No
ecb468f5-437d-4e12-bbd2-2d3bc60e12b7,42,Male,24,95,No
10b5823d-7a07-4956-b9b5-3e8af0256d89,24,Male,150,90,No
3f7f0adb-3499-4f0e-a921-ae18630ada45,89,Female,169,76,No
05540d2f-c4ea-4b14-8f41-a928e04d0c65,58,Female,73,73,No
5ef8e27e-a73c-4290-b6fd-5ce452cc7067,67,Female,152,43,No
98a8c2c0-945e-4880-9513-db7ee6dd1630,86,Female,187,1,No
f3d7423b-2706-4a15-930a-0f3b69fb3c63,78,Male,135,61,No
c3f10d65-9c39-4a5f-9274-0ec5aa8019f2,34,Male,151,18,No
ed163f77-4507-4d00-b8df-fa3ea8922d40,43,Female,123,43,Yes
a4aa0b2e-848a-4a9d-b9a2-5fca0acba590,45,Male,163,21,No
08bf7481-8713-416f-9a3a-51c279131c11,90,Female,99,97,No
72f8afec-0afa-4893-a131-40fd0dc49d64,60,Female,117,92,No
e80b98db-455b-473c-b380-fa2f21845d22,67,Female,82,60,No
fb7e4583-2d20-4478-8317-082e6d510e48,52,Female,47,76,No
e22d1b8b-de0c-4671-b092-eaa95b9495c9,54,Female,29,37,No
52a4759a-93a6-49bb-85bf-43751ba450ee,46,Male,148,90,No
29016597-b802-4dc3-9d11-44114e6ca439,70,Female,117,46,Yes
4ce28ebd-4def-4af0-ae3a-c4b34be00367,72,Male,126,11,No
3536dfc1-d42e-4613-ac4d-074b60b2eddb,56,Female,166,2,No
769fc3a3-2314-459b-bcd8-59a2f076b23d,71,Male,70,90,No
26b4cfc4-4c88-48e4-94ee-705b2f68a803,40,Female,189,8,No
9ca4037b-e6e9-41aa-826c-efe267c05300,48,Female,99,37,No
79962564-c912-49b9-9ba4-7fb0de9b96a8,80,Male,125,42,No
ceaf5634-9094-442d-8f55-dd554cc80843,61,Female,114,53,Yes
ac1e1df4-fc52-4e25-aeb2-bb3830c7074c,51,Male,71,1,No
2f4fec8d-2094-43eb-9ca5-04bf01b1899d,38,Female,43,3,No
3fed7750-eb59-4471-8695-74c143907455,83,Male,173,52,No
879bdaac-e903-49b3-9b49-c7ecc93eceaa,79,Male,195,63,No
f5ddd23d-f779-404a-b546-a0b11bc69e3c,46,Male,97,15,No
4ab244c6-d795-40b7-b7cf-a309670535cc,47,Male,172,86,No
124fc7c4-7813-4d0c-8772-4f7129fc6027,27,Female,108,45,Yes
5d9f918d-0346-484d-8a42-517ba162d795,28,Male,138,62,No
4876ab17-1b90-4482-ae95-2701c23f51f6,56,Female,167,87,No
4dedef8a-f422-4f97-88b3-0cba9b98e317,88,Female,188,95,No
d397ee21-71ad-42e1-ba83-c6d860eb6bda,29,Female,67,3,No
0bf2da7b-1861-4fed-918a-89c4eef36395,77,Female,86,13,No
42104444-b6d8-470c-b457-cbae571b14bd,90,Male,119,42,No
a62e4302-9058-4b81-bf4b-7810caa33684,79,Female,180,93,No
b7a8469b-b4c3-4a9c-8d17-7ff514a968b4,79,Male,60,42,No
343feb0e-452f-4804-a538-59170c6b0db5,51,Male,179,18,No
63eb6191-61a8-47a4-9d91-969571f905b3,28,Female,77,59,No
f3fc3388-9ee7-42ca-b03c-dcabafaf1342,53,Male,118,28,No
d0ae7266-3dd3-4667-87d2-c1ad9018ce42,87,Female,63,73,No
139dbfca-3e0c-45c5-828c-f79a776b7d5f,56,Female,120,86,No
1b24c26e-8070-48f1-84ee-c5f7ec684251,80,Female,43,20,No
e98f6e9f-4518-4922-94fc-b4ef346bd67e,34,Male,28,7,No
826eb4f1-e2a3-4975-afc5-d542e52ece6d,37,Female,191,45,No
0ec36cae-baef-43c2-b2c2-cb59ee09ae57,76,Female,120,21,No
30d08703-2bef-4b44-b469-211df11506d7,48,Female,72,72,Yes
50a833e0-b5e0-4fc4-8933-adc4a3dfe9de,79,Male,163,75,No
3dedd432-c5bd-4a18-85f6-1084b420abab,72,Female,23,20,Yes
21c471c1-1a09-47a1-9b94-26629ad514d4,86,Male,68,58,No
0cf679af-6007-4b42-8ab5-100cdc56fe07,42,Female,192,69,No
38fd6dcb-4ec5-44cf-8507-a5f80aebd24f,28,Male,155,58,No
f96e1051-3141-45aa-a865-321614e11dab,34,Male,162,81,No
c67b9659-905a-49dc-bbb2-873fba5bad08,18,Male,118,20,Yes
730fdb51-7f5a-4df1-bb76-d4b52d6c8fca,32,Male,66,84,No
83fdbd13-40d3-446f-9081-84c51760b089,77,Male,196,71,No
5b7574fb-bfb8-4cbc-87a8-b14913898ba7,70,Male,159,43,No
73e32acb-aa4b-4995-b99a-65504de94991,37,Male,99,86,No
1ebf8f7b-6a70-4e3d-8dad-0b75e925c99b,28,Female,43,88,No
1be17788-53d1-486a-be57-6cb3692ff9c2,44,Female,44,81,Yes
b27e34d8-5e67-4461-b76a-d79731d760bc,24,Male,56,62,No
1c100687-42b4-4741-ae35-e52c1e0a7362,32,Female,178,76,No
fab21885-eab6-48be-abc0-44d3e47b45fc,37,Female,54,37,No
8f2769ab-e721-40cb-a6e8-45a0b33a89b7,19,Male,74,43,Yes
ffaa3f6f-68bb-416c-862f-b1c195f9500b,53,Male,66,80,Yes
bf4bf769-4e9e-47db-b699-8d7210d94017,22,Female,193,73,No
149c2280-0bfa-4cd2-9013-024b80f53d3e,45,Female,190,57,No
43b2230d-4d0a-4000-b0a6-dc8f44e18746,18,Male,150,57,No
de2bd99e-08d5-416d-8e0e-1443eeec74db,56,Female,142,16,No
b8b14e15-e0e2-40a6-b2a7-9a592019c3bb,65,Female,25,18,Yes
5a8cfe95-9780-4f00-8b0e-335078d92790,53,Male,44,64,No
de8b3ce2-e152-444e-be22-9a64396eb01c,83,Male,101,78,No
a29d0414-266b-4458-b877-872be5e8994e,64,Female,58,48,Yes
6971d452-fceb-4a8b-b116-6110ba1f4eed,84,Male,168,69,No
959bd3d5-6af0-4318-8d3c-9fe0ea5273a8,51,Male,33,31,No
d35ad420-44f9-4b5a-9f94-01bd16c86679,64,Male,26,57,Yes
62adf9bb-6d3d-4661-b4de-fd6dcfe1534f,40,Female,59,34,No
06018158-48e4-4201-ad8f-b472efc3ea76,49,Male,77,80,Yes
d0df87a0-62c3-4ccd-84b3-b49f831535a3,72,Male,172,53,No
33771242-9ec3-4626-bde1-bc61862de7f1,45,Female,51,68,No
6ccc243b-5be8-43fa-b332-275281b814ad,53,Female,68,76,Yes
00fc109a-daf2-4548-8889-304078c7e29f,87,Female,85,60,No
daaf39ca-b115-4b82-b22a-8a1901f2a1c1,71,Male,58,29,No
9d5d280b-6414-4503-98e7-acd003a59bee,66,Female,90,79,No
c3b600ee-a67d-45b9-ae27-cb0c71cdec97,83,Male,200,5,No
c45610ca-61ef-4fa7-aecb-dbb788cb7bc2,30,Male,137,27,No
d03ff4cc-0c55-41b0-b729-8a6b0f6eee06,56,Female,130,39,No
64c10618-46fd-4a39-8cf9-e197638a94b4,37,Male,151,63,No
fe35b621-cbde-42a6-a3fe-e7fe28acd2b8,41,Female,96,11,No
7c39ab18-c66a-4834-8143-776a0be10b78,70,Male,148,65,No
9ffc5644-b420-47ef-bf73-4e086996d2f4,89,Female,71,95,No
646c79fe-64f7-48b0-bb77-94ae50b92834,88,Male,55,91,No
75cd5430-7720-4114-b7bb-a3aa6746977c,26,Male,71,11,Yes
2d57b5e5-f20e-4925-800f-c2f922f44376,55,Female,169,21,No
923a3a3b-3661-499f-a789-a02a3ccfd9a0,71,Male,53,32,No
63d256d2-e920-4579-acb9-762d8fe58fd5,86,Female,81,11,No
6653324a-1075-458a-a4ec-4425dd067609,54,Female,74,89,No
f683d03d-134e-491e-a232-4f3f549f1923,52,Male,160,95,No
4659026a-e439-47e1-bff8-3b4eb353580e,28,Male,41,72,No
040690fd-5061-45b4-b815-fd9384cd09c0,43,Female,103,7,No
79bc41f1-832f-432f-b1e1-997f3afa8a77,89,Female,147,85,No
7e07693d-6d4c-4156-a2b4-e6dcdd19d438,87,Female,98,4,No
d96719d4-9e23-4cae-8c68-6cae6bdbc8cf,35,Male,189,38,No
426867a8-6745-496c-9a64-c48ddbaac602,73,Female,165,70,No
8b5b2c6e-a8dc-4370-bb4f-d4300a377a61,19,Female,180,33,No
de1c20cb-c065-48b6-8a00-9545e99b11c6,84,Male,77,49,No
e63f14d3-e577-4807-825c-bf49d52d2e20,74,Female,29,18,Yes
d75b7b83-3434-40ed-b333-94fda100ff5a,27,Male,112,11,No
bbc46cd6-7030-4662-bcbf-5d302a77733d,61,Female,62,74,Yes
9e90f99e-aa4e-4ee1-a0a7-144b1d7ce40f,41,Male,138,79,No
8c477b74-ce92-4ab7-85cd-0a6288947cb9,27,Female,190,92,No
e7276fb9-137b-4ba8-8d90-6b200842c717,84,Male,28,86,No
5c5cc38c-297d-41fb-8ef5-fcfb1b48882d,64,Female,107,60,No
af083724-8f3a-4d24-bd11-d0cfb2efc8c4,88,Female,43,28,No
452cadf5-b9bc-46d6-9368-5a18e7b8d035,81,Female,157,64,No
89491886-2900-4ded-88c7-4e80d3a4e2f1,28,Male,46,45,No
0e055ffa-e927-48c5-b1aa-c245c596a920,45,Male,28,98,No
f520eb76-cc6e-4dc2-a19f-7d5a465f0198,86,Male,74,95,No
31cb92d7-71d7-4d1b-bcb4-d45292700dee,41,Male,110,66,No
e60ed6ba-3be5-420e-aa6c-9dc688e58bbb,34,Male,103,53,No
54588a65-4e64-4c0b-9f63-e3ffd429f7c3,46,Female,197,37,No
4474efe2-e9a4-4cd5-912c-6c04048bba8e,85,Male,54,84,No
879840fb-8a80-48fe-afcb-7c92dcbc9ea6,50,Female,58,74,No
5d23e5ab-147f-4625-8bcf-2686cc127253,18,Male,93,47,No
df4fd3a4-54ac-4cc7-b710-2ad0b297f5ff,74,Male,84,17,No
e0636d16-ba5f-4ce4-9be5-5a7325b95d92,84,Female,28,61,No
d5f5fa20-7888-4c1c-8411-bae8508dc1af,25,Male,110,4,No
c6002c55-2ff8-4951-b6dc-e7eb6d3cfb02,36,Female,73,3,No
a937c9d8-ab77-41e4-a8a4-d596845798ab,41,Male,33,98,No
a6275e04-8b35-4299-9e6e-8557b81367d1,42,Male,177,46,No
949c19e4-9cdb-49f2-a8b4-081f33c8bb74,81,Male,101,23,No
bffd4fc9-6d28-49a3-963c-41f711babfa3,25,Female,122,95,No
da35ac9a-7e78-4ac4-b28c-4076a4e1cf73,26,Male,95,40,No
d5b40102-e3cc-4523-be4e-098d976f507d,24,Male,191,97,No
fe9962e1-45bd-4743-b95b-34134e2c3a6c,22,Female,173,90,No
824342e5-c3cc-4048-b9e5-bce67e50f4bc,42,Male,80,33,No
a3f3dd35-92e2-4bfa-b43c-8baae9fdda16,71,Female,152,93,No
7d21a469-40e8-4b02-bf39-cc16c1ba2e42,63,Male,141,23,No
d72666af-4475-491c-a89e-a787a7975ba4,54,Male,162,1,No
c255db93-504f-4705-969a-03aace9c4ac6,45,Female,184,18,No
6206423f-e12a-4302-8cb8-0d59fde3def9,89,Male,127,93,No
741c868b-2592-4ca6-b81e-eb41a6c794f4,53,Female,161,12,No
94c57a38-4ef0-4aa3-a2c4-3f45dd0edf5c,75,Male,59,76,No
c1d971b2-45e9-43e6-a359-9ecf7c1e2db2,57,Male,162,28,No
db93f9e7-850e-424e-91dc-abcf75d49070,86,Male,99,55,No
9ca4b264-5cc9-44e2-9559-d9363408e62f,39,Male,81,3,No
8925d097-a288-4a4c-ba75-5e80f5b9fcd4,56,Male,178,90,No
e6b2bf25-8359-4245-bf80-50139b50f511,67,Female,56,42,No
015ca33a-7a09-4d53-823d-96267665151b,35,Female,47,49,No
f18e95a4-d695-498f-830e-b986bdb57637,39,Female,59,8,No
ed52322b-90f4-4516-8363-e2893166cb27,75,Male,125,25,No
45762830-5e62-4c39-84f8-c84177acbdee,66,Female,65,100,No
b257b76b-5e0e-42f3-a55c-f30e5a9739be,52,Female,85,58,No
d815669b-90ae-4329-bd9d-ce5bfd160b23,57,Male,194,33,No
16f66cee-166a-40a2-afcb-38196ca5d9f4,22,Male,48,92,No
37994596-8d27-47bd-b6c7-f57590438913,59,Female,137,37,No
a50eff78-96af-429c-9715-ed7d8ca90e94,41,Female,35,79,Yes
2552ed40-e258-4db5-bf91-489722c8a980,69,Female,155,67,No
b2de288d-6173-4400-8f9d-d98d5f8e05ff,59,Female,128,49,No
76ca5b14-eeec-4b8a-aed3-5b99628061c0,77,Male,43,43,No
bf3b1a0b-d6ff-4923-b7ec-54e5b1d06a95,83,Male,138,11,No
175b74c4-c685-4595-8fd6-985a837bf311,37,Male,152,100,No
923771be-ad53-4281-b04c-8adcf0c749b0,73,Female,103,44,No
2d83bd59-fee3-42e6-ad42-9f5c22f22a7a,80,Female,196,67,No
c63df72c-e37a-4115-b465-386cc7bff378,22,Female,49,84,No
08696e62-8e43-49d7-8b51-d1a5f18e1b2d,36,Female,139,87,No
35a64932-7b19-45d0-af9c-2169583e48ca,70,Male,32,24,Yes
43a9dd7b-166f-4550-879b-562487337b21,57,Female,50,12,No
3b4c5fa6-7d39-48be-a786-87a7fe402dd2,72,Female,40,56,No
be89f88c-72dd-413c-baff-3a7b3af67c76,73,Female,144,73,No
1dba76f3-6268-431e-b9eb-79b1dd03d168,35,Female,135,20,No
4520e06b-84d6-4209-b0a9-0096d8da4a2a,57,Female,83,10,No
ef07ec94-2bcc-4d28-b98b-544321efeee6,38,Male,146,76,No
0e70c376-9b6e-41eb-ad7d-afb539ebde1f,58,Male,103,93,No
8629c4c9-02c5-48b2-8d69-69e0f6efff7f,53,Male,149,6,No
08493a97-b8dd-463b-8f95-628320333dc6,77,Male,43,27,No
71cc7a0b-305f-4eee-8544-605152b8fb1f,82,Female,105,30,No
9fe8b1e1-5ffa-4f82-8c06-5497f45cc339,24,Female,178,7,No
1bfde287-439f-49a1-b109-1e26207fd853,79,Male,105,76,No
a1e65736-0a5d-40ec-a791-e7dd0a734cfe,30,Male,179,74,No
ee0450a0-d9a7-401f-b2a8-e9035b94e922,42,Male,124,57,Yes
e3d9312c-12ef-48a0-96c1-e965855e7615,53,Female,189,62,No
ae1c494d-39f7-4c56-8273-e46cf34393e3,31,Female,103,51,No
78dcdf56-2974-46b5-ae3e-d79840b79d75,26,Male,49,89,No
22759f85-62ca-410c-ac41-903b63d6ccbf,87,Female,171,35,No
151f5527-61b7-4544-81ec-d745c8ea51f9,49,Male,112,34,No
54189c38-79f6-45f5-9aac-f64c1f170a5b,78,Male,28,3,No
d36f4ee6-6674-4766-b327-3e82511a8cbf,25,Female,194,56,No
2d85bc37-18bd-4a7b-868c-848f61544158,32,Male,83,70,No
6da147fa-4817-4591-8777-9d3d039a4360,43,Male,102,33,No
2cfca9ce-000b-4b44-9a79-afdaa0261cc3,50,Male,27,22,Yes
58632e7f-58a3-4b22-aafe-1698d616c4a1,43,Male,140,19,No
6f237536-6e99-402b-ac2c-f966d7c83d35,51,Male,32,59,No
5165d7d3-18db-45f6-93ae-4ece4b3b6d4e,71,Female,165,44,No
55752641-9489-4f3f-965f-d8c84bfd559f,86,Male,25,27,No
af34e3c7-ea10-46d0-aae2-acc0631e397c,42,Female,132,2,No
e278bd54-ca1c-4eae-97ff-83e9dadf44d7,66,Female,188,6,No
4a2636e0-04f3-4f54-9ac8-7c10874ded31,37,Female,39,46,No
a888768f-fedf-4fa8-ad81-8b940ae09c98,52,Male,199,48,No
b1702cfa-9638-48b0-9fe8-c69e8ba619f5,43,Male,99,20,No
bcdd3d98-a099-4e1e-930d-73f140ed7dbb,56,Male,187,47,No
54fc47db-f225-4185-8b48-a66a23b251a9,42,Female,104,39,No
80f66953-cf2c-4b94-9764-d65f84a187c2,29,Female,191,73,No
53088c96-e896-4ed7-b36d-fa6b2876e5c4,89,Male,170,30,No
ee179277-2ff1-45d8-81d0-629c8f48c5d4,20,Male,61,99,No
7560640b-9107-42bd-bdfa-81b7de96808f,51,Female,24,14,Yes
1219e38b-d584-4026-bbf9-aefcbd741f08,77,Male,151,61,No
7cba37a2-4601-4405-a15c-120a116c2816,22,Male,156,37,No
a267a3cd-620b-466a-9403-a395530ebd32,52,Male,116,92,No
d433922b-093c-4edb-886e-1c475bdc11ce,50,Female,127,25,Yes
5321f8fd-fec1-4d2e-a7c2-76210f94afed,86,Female,100,56,No
72b4074c-068c-4a4f-b9cf-fda61382d639,37,Male,66,69,No
f027a402-efe5-4e53-beb7-8e7041539001,50,Female,46,33,No
8981db72-062b-4068-b573-3a288e98664c,46,Female,43,63,No
c58992fa-f692-48da-adf7-d9078e9f0012,20,Female,160,10,No
2fd9d4b2-e3ad-4d20-a46b-23c06ff8e4ce,60,Female,155,81,No
86eab062-49b1-4c60-a543-249d695acb54,66,Male,98,34,No
1c33877b-8153-4590-a11b-9365ba7355db,58,Female,130,40,No
f071b228-1b0d-49cc-8a95-2611e7eb68cd,77,Female,114,56,No
080be73e-75e1-40b3-a381-d574a766bd9b,25,Male,193,61,No
0fdb4b31-c4ff-4604-8ddb-764062bd5406,36,Female,26,27,No
fd31230a-8d4e-456d-9c88-59d7c1a3353e,83,Male,53,29,No
dfb46ade-3f4e-49b8-9735-a19c161eb958,72,Female,91,85,No
d85f134a-60d7-4dde-b174-3e6aea919cb0,37,Male,59,29,No
b6cc4226-cf9c-4935-9896-1e0b8bbbfb85,22,Female,87,18,No
1776570c-c087-4841-b308-07b45fd6bb82,48,Male,180,78,No
ebd06776-3327-4735-ba1f-2e7c66946968,69,Male,34,1,No
8e9cd7e8-e3e2-498c-880f-3b0aa9fcbb0b,51,Female,42,86,No
6c305524-f497-43d6-949e-8d33587583ba,62,Female,178,83,No
ac5d92ec-dfc4-4623-838a-84e81f8f3e28,58,Female,53,76,No
f0644ab1-0861-456b-b5b2-dac70a3f04bb,84,Male,42,92,No
a5297452-7d41-47e8-b592-b95540af7dbd,34,Male,44,39,No
d7985314-8023-4c05-8daf-e139ad99c3e4,62,Female,68,71,Yes
5c9f3a3a-5347-438c-b8b6-6d81b135c685,74,Female,188,34,No
3d1d20b6-62dd-47ee-ab16-fdc75e93ce2b,78,Male,185,73,No
decf7370-47a9-4f1d-a22b-748756c5aa19,69,Female,112,66,No
04abfc73-6e8a-4b69-b92e-83f9eaf7accb,69,Male,41,23,Yes
16bd9a3a-93c4-4b8b-8c53-5998f8ac7a33,29,Female,29,47,Yes
90e22748-6614-4faf-a91c-7c7f35188e1a,74,Female,178,25,No
ef5877fc-99b5-4609-bf21-17292f821a24,31,Male,25,63,No
2482d8db-ec48-47fb-b239-3ff5b4bc003a,79,Male,78,32,No
bec26fdd-9c24-4077-aab8-25fe7b857c88,34,Female,114,63,No
99a2ad14-b6d0-4d75-9c2b-9f78cc7857b0,80,Male,130,44,No
b98d0b5a-d672-4b36-8264-6a1b1957e2ef,61,Male,108,71,No
3f096746-db66-4132-8e17-d9169cedfff9,89,Male,130,54,No
4b50e413-1dfc-4fa2-b3fc-20b55b6691a1,50,Female,114,31,No
b8ab5524-64bc-44e9-a9cb-5c1c4c6b6210,51,Female,119,31,No
a63e96bd-3564-43d3-be56-f81c4daba69e,19,Male,76,60,No
7bc86310-f650-44db-a11c-8623c4173e49,20,Male,94,25,No
fc177a45-8d89-4b8d-8ec8-ce253e78ed47,22,Male,39,69,No
9324bcbf-b348-480b-9792-35e75878d0df,39,Female,90,86,No
f1056d5e-2747-445e-993f-b78ab1412f4e,72,Female,167,4,No
c88c1208-8075-4d31-bdd8-db60f7c3c087,53,Male,86,13,No
4f0851cd-0939-4143-a438-1281a61ad089,34,Female,174,2,No
0ae01421-0037-409a-9a1b-8b102f004f3a,39,Female,164,98,No
e7c48580-6a89-46b8-b7d6-0c3cc059c1e0,72,Male,41,20,No
d91cf7f8-aac1-4059-8a99-3a23176967fd,77,Male,78,82,No
53fb88e7-77ec-4c43-be93-4897b8793a54,52,Female,121,80,Yes
546326cf-d5ec-4119-be78-33c822c40b9a,82,Female,73,51,No
a8c6409e-3309-47fc-9a0c-568ba3fc4a3a,63,Male,94,30,No
063f1a59-6a8c-4ce2-a224-f45174100e05,83,Female,66,3,No
df5a7589-2918-4912-92b8-5f1db6d955fc,35,Female,167,95,No
1888197a-d967-49ed-a7ef-0e63611c69a8,65,Female,112,93,No
866a0c4e-8ea4-4387-a39c-6b50a9d65a2f,47,Female,162,18,No
821b7996-6619-49d9-8ecd-0fc81351670f,43,Female,151,87,No
5ab91bd9-45ce-4cf3-987f-eb077a05dbec,51,Female,77,87,No
ab54859e-6004-4f1d-9393-c03966091b5f,81,Male,141,1,No
d061bc7e-ff26-44c4-8eb3-f3090e869c1b,41,Male,175,32,No
1ec94818-3059-4c33-82be-6ad890ce69c5,24,Female,108,20,Yes
a785996f-7cd8-40ce-a69a-2bf934f2e6ad,61,Female,149,92,No
b3716065-b648-475f-a77c-f568b532d890,39,Male,55,21,No
038882b0-bc85-419a-9733-7224172a65a8,32,Female,172,17,No
daa44e6c-7395-415c-b918-5e828a5d4e9a,90,Male,70,55,No
020d33fd-ef07-4c86-ba30-93acb39e33bd,66,Female,180,57,No
315c3c68-c75d-47b2-b5ce-34c92a2ea9d7,41,Male,57,16,No
866244fe-3cd8-4ade-90a0-589c8b9620bf,43,Female,121,81,Yes
5a6beee5-21c6-4b7d-8a3a-a94566d10ff3,86,Male,158,92,No
2e68cf01-3abe-44d7-8a9f-6e8b340655d0,26,Female,119,57,Yes
b44511ec-7967-4298-a8e6-99e1d76a7dd6,19,Male,177,36,No
70b3d75c-71f5-40ff-a73a-0ff1af4718fa,74,Male,58,2,No
6ad581e9-f015-46a3-b5b2-5d7100f15481,68,Female,190,25,No
e906c8b9-9bbb-4735-8f47-3cfa1e997c04,84,Male,148,44,No
78bcfacd-ac34-4e7b-a796-2d1a01139fc4,19,Male,139,44,No
3a9ffbc5-cb68-41bb-9925-986bc24e4846,83,Male,88,80,No
d15c8513-b592-4da1-b358-4937e79dffb8,38,Male,141,26,No
ee323804-1192-40ca-a030-7bd55930ce3e,39,Male,39,57,No
88f6fde6-88ee-4028-a085-6ad8de948e36,61,Male,113,93,No
97bf8b9c-5e50-49ee-a5dd-3f302cb8f2b9,84,Male,190,1,No
ddcf0ca2-c844-47c2-97be-2633b474474f,42,Male,36,18,Yes
1cdf7585-0384-40ad-a36c-2377deda1e22,81,Female,117,65,No
8f81c7fb-9e98-45d8-a180-f52b4b172842,24,Female,98,82,No
66136e58-fcb9-4ca5-a7d8-2f7b0936fc89,49,Female,160,49,No
b63668a4-8631-4aa2-b53a-5c98a53c3f50,46,Female,144,29,No
067819af-1701-4d49-b8d8-2761d321d1df,32,Male,78,83,No
e45cfebb-c0ff-4f99-9f7b-d9ad64867d7d,68,Male,134,22,No
177c71d2-d9b3-411f-8141-97386dd07f4a,30,Male,137,91,No
6ffb4c40-5db4-4b98-af05-6348942a2f10,48,Male,138,85,No
4ced209d-af9f-46da-b4c6-c6f073cf24ab,22,Male,150,94,No
afda5b42-e935-40ad-b79c-be9f50e77d93,89,Female,152,20,No
ed192d77-436f-4a45-9931-52c33cb37012,52,Female,187,12,No
7ecadba6-25a6-4b11-9ecb-94979b0392d7,20,Male,149,20,No
fc61e174-e5fd-4f54-9d16-45468b891e41,90,Female,141,93,No
c14dacb2-3118-4327-a976-f73e08cbab36,42,Female,179,63,No
087cc663-1e7a-4f94-9dcb-e27489eada64,31,Female,122,18,No
1d0c256b-16a1-426c-a67c-cabde1402ccd,52,Female,134,11,No
74a91485-8f53-4e5c-baff-142c2220930e,85,Male,199,49,No
9600474a-4cf6-4a4b-b5ab-05d08dd51b8a,84,Male,178,48,No
37d4fda6-7e9b-476f-a5eb-1833c116ec70,89,Male,140,58,No
0889fce6-b96e-4a72-b7f4-1eca9c2012e8,79,Female,123,13,No
1a5d0bb6-9a74-4e30-b1fa-ba53332b4d42,85,Female,147,24,No
e04c1fe1-d82a-4125-9307-4c1922aa2759,39,Female,27,80,Yes
bc7a25b7-74a5-46c1-b3be-de4b83649d64,64,Female,159,38,No
46f6baca-5b38-482b-bcb4-f825f55af4c3,19,Female,135,69,No
51330c08-ff9f-4c1b-bba5-2e515f8a0557,78,Female,159,72,No
5809a4d0-22c7-4f7c-83c2-ca66feb06063,63,Female,195,30,No
9bb3aa50-3be7-47fd-bfa6-ffd34a9887a6,65,Male,47,14,No
36e373d7-c3fa-41f3-af5e-a6ee04a5202e,74,Male,187,14,No
4b954566-d9d9-44e0-9af3-27e7220cd84c,70,Female,189,59,No
b09c7d2b-9f12-468b-9616-2f7b1440e14d,53,Male,113,11,No
4bdc8626-bf62-4295-92d1-902f9c789ec9,51,Female,76,53,Yes
c95f13ab-a024-4e4c-91f3-d0770eb397e1,58,Male,141,84,No
603e3609-0031-4320-845c-08e2a541b0d3,31,Male,41,12,No
57b4764f-a439-47dd-a19a-08a436cacc6d,69,Female,41,14,No
5571460e-1501-4dca-9144-9ea16829d8ff,25,Female,67,28,Yes
61daa96c-a4ca-44ae-8531-00f06b04498e,49,Female,150,16,No
41c300f5-b2f4-4100-b845-40317870d709,87,Female,69,79,No
53c0da22-86ed-4cbb-9840-2863930820f1,28,Male,106,88,No
61d75b50-5716-4c64-b419-561c8f175c2c,32,Female,197,74,No
d8098b7d-b339-453f-b3b0-0033367cc727,43,Male,49,94,No
5760dae0-42dc-4087-ab21-fda0a7fe93ce,84,Female,169,3,No
b758b1a6-c9ee-462d-92b0-8a639c7de6ab,21,Female,38,11,No
774bf159-b85b-432b-8e18-88e52f55d35c,88,Female,198,91,No
578c7533-8207-4f92-92ec-9126098dcb1e,38,Male,163,61,No
d21f4039-06eb-4608-88a4-181b934b341b,23,Female,84,38,No
1989f1df-9b3d-4921-951d-5755ba12da9a,45,Female,21,23,Yes
9e41efd1-fde2-48ab-a415-1039450041c4,52,Male,109,7,No
d519cf93-f9bb-48ce-84fb-3307397e3af4,81,Female,110,40,No
64510ca6-49d0-4c0c-900b-f12043cd9bc4,35,Male,106,93,No
b479f57b-82f7-46e9-8fa0-83e630fac56d,63,Male,143,31,No
87c2f6c9-2dfa-476c-971b-b38d226e67af,58,Male,81,37,No
8b8f50d4-a516-46e2-a645-16e66be0dcc6,29,Male,179,50,No
6144236c-4443-4064-b6e3-f3a9c74c8f64,44,Female,31,17,Yes
d00008e6-dcce-48ed-ae5c-2fb480370a67,20,Female,58,56,No
41867179-d651-4f58-a482-288e6b592c83,49,Female,71,92,No
e9cfc52b-e010-485c-aeb6-3bb4e8b20ffd,78,Male,49,65,No
22a6de91-2a79-4b86-bb55-c085ae081b67,55,Female,52,62,No
9da52c7c-f732-470f-88e5-db1f517baa50,49,Female,95,4,No
69b1f10b-0cf4-479c-a6b4-b09ffab3297d,29,Female,153,21,No
2d03c29f-556d-4878-8b41-b0947f78b46c,24,Male,58,86,No
2558c2b8-aec4-4fdd-bad4-bc7b066e641f,54,Female,191,57,No
6be522b8-2a58-4b60-9172-9c9bc4875e50,29,Female,37,54,Yes
f9b02e2b-9c23-4168-9e57-66502d314f4a,27,Female,178,90,No
75591cf4-4d10-452c-b1a7-a54e43c4ac5b,20,Male,165,56,No
239d77af-72e7-443a-9977-b59cc39ca8f6,78,Female,70,68,No
0624e5e4-a00d-49fa-9a1d-36752e84e053,59,Female,144,28,No
58786aa9-351b-4421-b8f9-e288aec67432,71,Female,198,67,No
3551e4a1-8f89-400d-801f-958503ebbb6c,21,Male,30,34,No
a41e2b18-8f9d-4781-8d20-abff7a73ebe5,29,Male,145,43,No
6b669071-93c9-47a9-9324-a30de5e55339,89,Female,196,12,No
faa0617c-1d79-47dc-b228-085b8bc430ca,80,Female,122,88,No
22e30f30-4fa1-4fed-8eb1-e5b4280bee70,77,Male,166,86,No
ed878d8d-fc6d-4013-b000-f0f3f2038886,67,Female,168,61,No
2ce7c1e9-381b-4026-aa4f-31314bf41da6,22,Male,94,38,No
208809e6-b2e6-4b35-8fe7-690dc88de7be,42,Male,113,42,No
c3d26ac8-9c40-47e9-9b24-b1741b67e99a,54,Male,148,27,No
835ce212-36f6-4c63-bdf7-581e604c310a,84,Male,154,63,No
62ff4a60-eaea-4cc1-a269-f4f831a5e9ec,37,Male,34,27,No
bd70678b-9fab-40e1-a257-834cc2ea0181,82,Female,102,100,No
61e15ed1-079b-478a-ad2f-9af6d2687390,25,Female,31,51,Yes
e768f7f5-c1d7-4642-865a-124b8c17fffe,80,Female,151,26,No
e472554b-b074-44dc-af1b-0f05d9351601,34,Female,171,73,No
2052605c-e2de-44c7-a379-8536eb96b4d7,74,Male,25,34,No
00c8381f-b352-4c84-ad8b-0129e3ac1777,43,Female,196,39,No
b53c38db-ca98-447b-b1fa-769132293ce2,64,Female,190,82,No
668c7216-268a-443b-b52c-919af81b554e,54,Female,93,93,No
5683d72a-4f2c-4d59-8380-9f8a84d18800,72,Female,46,13,No
c0af734d-97c2-4482-a5e9-a36a8e7eb556,55,Male,145,64,No
431617a0-061b-4a90-86d9-2c25241f0a7f,40,Female,22,29,No
c9af25be-3daa-4335-894e-e28abe6d054f,71,Female,73,47,Yes
13165245-8b06-468d-8425-c0a60c750f04,45,Female,141,43,No
ee87d65c-b628-4c52-b281-a5c3485b6038,34,Male,185,83,No
0903e273-cd42-4a2b-b294-b0406365bc17,83,Female,101,66,No
c04cf4d3-fdd6-44f8-8cc8-2e7119aedcf6,65,Female,129,59,No
38fb278d-3a70-4ee0-af16-463631d5fec2,27,Male,109,14,Yes
f6c6ee65-3b42-47a8-810c-bf12ae66ecc0,77,Male,81,39,No
e5640d72-ab69-4798-b9af-bbf3f99d603d,69,Female,130,70,No
50cd06cc-f37a-40b2-b4b8-fa675020d075,54,Female,26,71,No
32d300fc-ad45-48e4-81cf-4930305a11c8,19,Male,27,95,No
1415091c-a074-4e26-b8f9-5445bf3b4904,70,Male,108,46,No
e0465096-d05c-4709-8529-78b7d6813da2,78,Male,157,75,No
46f5873e-c020-4a47-a63c-e09804d71806,71,Male,144,28,No
91097734-1781-45b5-8101-a05c768bc8f6,22,Male,192,40,No
913436ea-aab2-4801-994f-8125865c32f2,76,Male,99,88,No
b064b380-92d7-41a3-833f-a5522aee518d,26,Female,28,7,No
231d6d3f-6e33-46cf-a2aa-d5475c91f51a,71,Male,72,12,No
102f18f5-8787-4711-8f0c-e4a57b8dcf94,77,Male,145,60,No
3ebd95ac-7a57-4d91-9ff4-c5dbfbcc908c,46,Female,84,52,Yes
b8118b64-5b6f-4d9a-8349-d14a4280b136,81,Male,109,56,No
9050d0a3-ffa5-4923-a5bc-9d72cb87f900,57,Female,125,99,No
87f21e01-9c4d-4060-9b8a-23a06793f54f,51,Female,168,39,No
c732cee8-1121-4012-bdad-43db7bc03b9e,25,Male,43,47,Yes
db7a2b77-a4a1-499a-bbd9-0f80a4022fbc,52,Female,97,28,No
39acc2d6-f8bf-4159-b86c-a060f8feaf91,72,Female,72,41,No
8fac37d5-d8cb-4b77-847d-0150bdc1309b,39,Male,80,20,Yes
4fcf0824-99a0-4e37-bb10-124baa8e00ea,48,Female,44,62,No
0ed5c058-6e90-40db-a14d-8d8e9372bd93,77,Male,125,8,No
91f55a4a-d832-4910-86db-0ebf8d5a6c10,52,Male,70,81,Yes
8ba030dc-5db5-472a-9a18-c877a86c1b7e,56,Female,59,47,No
a8228be5-6f39-4615-b122-edbe5651e693,90,Female,148,85,No
67ef4a5e-bb03-4aec-883a-01e9874729b8,52,Male,25,90,No
bae54030-995e-435a-b721-48c04bad0a61,65,Female,51,29,No
e93bfd1e-9967-4505-a5b8-c753f1c9916d,90,Male,196,23,No
7c08eb78-92a3-4500-be49-cbc1340991ff,45,Female,143,2,No
9d41bb7c-708d-4ad3-8453-0627bf0d9851,57,Male,149,14,No
19b59946-1055-4f68-869c-6a39cd538048,79,Female,37,74,No
6943b4e2-60fe-4e00-8aa5-cca42c32accc,87,Male,51,67,No
f33d7418-4740-466f-8580-a7cbea3c4432,33,Male,61,89,No
20fcdd0e-c48b-4245-ad18-7be994045749,71,Male,148,90,No
6154eeea-b15a-445f-96ee-95208f4338ef,19,Male,128,78,Yes
8ccec6ca-f4f2-414f-b528-0afd76fc5206,41,Female,67,50,Yes
62dbb94a-a88c-4626-ba28-39a069403f10,24,Male,153,54,No
0e65beae-01d9-4131-a88a-d1529ca51a18,57,Male,171,45,No
c538f796-5d13-47ad-bcc9-a86299a3ae25,32,Male,169,39,No
cafd8db6-d5ac-4a07-a2f2-820161a12518,31,Female,181,92,No
738f6a61-38e1-4cf3-9fb6-59b475c7be53,60,Female,128,51,Yes
c9943439-92e5-4e9e-a17e-1086272071d3,89,Female,164,51,No
82702861-eae6-4e8a-90f0-b62d05bb5128,66,Male,25,11,Yes
df2cfbf6-29da-4388-97f7-7be8f3bd0e91,49,Male,76,100,No
af328a34-f1ac-4c48-80b5-23882f4b4211,80,Male,157,97,No
c7930522-618b-4470-89af-ed110926e3db,74,Female,174,77,No
f7144320-75c7-4d3a-a03f-c4a05e7cd064,27,Female,163,64,No
2de818ad-b9fb-4bb1-97f6-8a903253831f,87,Male,181,69,No
a25c533f-45c6-474d-95d1-4e2982c87fb4,79,Male,110,39,No
8d390530-3858-4eb4-b78c-f0e443aaf0a5,23,Male,93,56,No
9516fec4-5e1b-43dd-b422-a83e183e3e70,38,Female,122,46,Yes
e1a74627-f6df-4693-b19d-4bb045993229,48,Female,34,43,Yes
ec759c62-5b53-48fa-bd47-47cef9e637d1,54,Female,194,12,No
107e0f11-a21f-454f-9409-f8f7fa6f95e4,44,Male,136,95,No
ae3ed838-4e82-4c2b-b015-2245b1babf34,85,Female,77,1,No
20e1f929-6ef3-4d4d-b24a-86ef54af32b0,18,Male,58,52,No
231f6a6e-5be3-43a0-ac00-7a5e561dcf8d,28,Male,100,60,No
d00ea719-4ef8-44e7-94cd-0ad5fc28ddf7,70,Female,62,37,No
53b43cd2-98c9-4934-a6d2-313f47d90152,39,Male,149,71,No
6c36277a-ddec-4e7d-861c-fe56d10751eb,59,Male,43,70,No
877ee396-be9a-4a46-96bc-5d7a483afaea,26,Male,77,46,Yes
97766415-c39e-4927-af9f-54fafae3dd5c,18,Female,75,95,No
c6cf66e2-027d-4b9c-8a6d-d53a05834ef8,36,Female,146,44,No
98d708e7-aece-4697-8534-ca07a6663fc1,62,Female,108,97,No
ab367baa-c205-4c6a-8645-b09a47e609c7,60,Female,26,72,No
8a305e94-f989-49d4-9b9f-0507cee320ec,90,Female,158,77,No
ddbb3f86-f64b-48dd-b4fc-c333ddf3ac51,64,Female,119,62,No
0bc10743-e4a2-4796-9e89-d8d14bb581fd,52,Female,173,28,No
d1a5123a-563f-4f2e-9ff5-1f7e452b8f61,32,Male,174,70,No
2f86a36b-b7b2-47bc-943f-75d51b0dc945,29,Male,128,24,Yes
d596d9d2-3351-4cee-a3d7-f6c43cabfb0e,30,Male,129,43,No
d870f035-d857-40b3-b362-87946e5d240d,90,Male,24,73,No
dbf1504a-02bd-4d11-8e3a-59c12656ac05,21,Male,137,24,No
dfc4a4cf-b531-445e-b7af-2264d0718c24,31,Female,173,13,No
b2fcc49e-31d6-47ec-8d0f-5c019f17ed8b,73,Female,48,21,No
32d3c918-8d30-4586-ab40-d92362e7c088,66,Male,63,40,No
88cd2439-c92a-4f60-9315-962bc0a4ec3e,19,Female,179,29,No
52f70c4d-7f6f-4c52-8c0c-28d1a0818d26,50,Female,92,49,No
3b7602c1-7a2a-49cb-ac14-0941a5660459,39,Male,56,48,No
acd3ade8-0f7b-4100-8b42-0ca1c7b6de00,81,Male,122,8,No
92f3c236-8eef-4fed-9b92-04f718b7a487,90,Male,185,55,No
9b63b0c1-2b81-4094-bb30-c6015c6ebcbb,50,Male,42,77,No
e1183352-f0b5-40f1-9a68-25a84e17800e,77,Male,32,76,No
befba32b-2472-4a81-8626-517013e0d4eb,36,Female,102,22,No
cb61aa3f-c028-4a68-9b4f-bef4abd2c74d,47,Female,22,20,Yes
d0b928d2-e185-4470-b15e-74488d30be0a,71,Male,113,65,No
c83f8b93-1d8e-43ef-a3c0-d9ef02ea8a0b,52,Female,93,46,No
7da69ca3-44f3-4549-b72d-fb34c7b31eef,28,Male,196,2,No
f7633ac2-c86e-4f17-beb2-a85550232590,76,Male,81,13,No
dd090264-f587-4eb7-a1d1-2300b32d5e0d,31,Female,47,52,No
22301a98-88a3-4e9f-8a5c-adde33ec64ab,44,Female,57,87,No
848340b6-b521-4096-a2e7-9a1f0a5db1c8,86,Male,130,68,No
58a2bf69-8edc-4bb0-875e-fa8f7231d1fe,72,Female,172,52,No
848afc75-6698-4b90-95ad-89f896215b18,52,Female,55,27,No
67aa6d9d-3048-4d3d-a404-9ea610203ad0,86,Male,132,57,No
d0f58463-7d4b-41ea-91d9-e85a8ce23059,34,Male,69,49,No
104773b0-fb63-4895-8fd1-721f05c8bb58,69,Female,151,44,No
d667b612-ef58-411f-9c84-4e74818ed12a,46,Male,122,80,Yes
1d1565fe-05a5-4195-b3a1-f04f4e9fe5ce,84,Male,171,10,No
c1129e2f-d112-446b-8978-bfb46035be58,31,Male,131,6,No
9a95cb77-d757-4a97-a5cf-5d7ceed7b346,57,Male,135,46,No
f415514d-a0b4-4249-b551-642606159994,38,Male,69,22,Yes
9ac40d4e-c119-46b8-be3e-117f2e2b771e,36,Male,180,92,No
89b23419-1263-4cf8-adca-45ae8e49d24c,53,Female,22,14,No
78520c7f-7d9d-4d91-9c06-79878212552e,62,Male,126,74,Yes
43568f15-7d21-4676-a66f-58fe035ab75b,71,Male,69,84,Yes
4608f5f6-a8e8-4ada-928d-52762e565b1b,32,Female,133,54,No
a959cec5-ad83-41c8-b8b9-681551b8ad8f,20,Male,24,42,No
14e87180-b6a3-4e85-a60d-54bec474db96,89,Female,149,16,No
f5635307-3c21-4e2e-ad9d-a67507bafb60,55,Male,78,57,No
ce12da44-7bf6-45c8-8a76-2c36d6b0a9de,59,Female,174,3,No
1eb59be0-0a7b-46f5-9789-00e0eeff1353,24,Male,77,89,No
f9f4b6ec-4274-401e-b82c-a3a00fa8a6a5,66,Female,159,51,No
81669a58-1235-43b3-bfd8-c25d6a406dcf,53,Male,24,20,Yes
a06896d4-ed75-4fb4-a5cf-a10c7cbb3219,71,Male,33,33,No
d5f21e7e-c9eb-4ec9-836d-36f29bfdba6a,49,Female,34,77,Yes
0d1fea91-7b6f-4900-aae0-c7920d443d85,23,Female,52,44,No
0ebd3ecc-4491-4471-aa15-a6a0eb28a937,18,Male,187,55,No
8476b12d-7fbb-4eec-8342-39f86596cb6b,47,Female,132,11,No
c813c84c-057c-4a7d-bf90-e3bec9ce0082,24,Male,115,30,No
7f785422-1a16-4c31-9485-eb1d4e2afdab,21,Male,84,6,No
dc26efa5-ff46-4788-a5c1-4be49976dfb1,68,Male,39,98,No
9f321f62-d747-40e0-84d8-a3fbd0ed4a78,45,Female,149,88,No
d99a06ea-91ad-4029-acc2-1d4fdaf9f459,66,Female,124,91,No
e6d3cfd7-551d-48a5-9932-43c6e0a97a0a,51,Male,175,45,No
e801fcff-4bee-4e45-a786-07c12c51477e,45,Female,135,100,No
d93aad6b-4022-46bd-8da8-f58650da1d5c,67,Male,56,95,No
3ae05c20-e0dd-471b-9217-61ccd67bd53d,20,Female,37,16,Yes
b8cb0d5e-77c7-4262-b2e2-42297422d94c,27,Female,119,20,Yes
a29935be-37bc-4adf-9a02-488d6b72cc41,40,Female,85,93,No
4ca1fcbb-177a-4efd-8da9-bf15b9bbd64a,24,Female,140,68,No
64162f8d-2283-4a6b-bb12-6d9c04374867,26,Female,193,5,No
f7443a45-8212-46ec-b3eb-fd7299242ab6,57,Male,74,48,No
40ba130c-d008-4537-8a3e-902190dc3929,90,Male,146,10,No
a335aa43-2095-44f4-8867-5bc94d4e2899,77,Male,76,94,No
907099d9-6b9c-4250-91f8-49f90ddf5c00,26,Male,198,47,No
ab102deb-4bad-4429-aef8-f015d2d5245a,82,Male,59,51,No
29ad1249-76db-4e57-b949-ff6b24a9d848,36,Male,185,43,No
52bef379-ca76-4d62-9718-e84f217e3623,23,Female,74,97,No
a31b4e99-24d7-438a-ae07-6151e8cdb8ad,22,Male,28,27,Yes
5c98dd6b-e7ac-4b23-b60e-94288634ccea,47,Male,159,23,No
61a30408-8221-43f1-a526-fdf0c1502194,54,Male,149,6,No
09581637-dfd8-4da8-af8d-abd2163bc730,37,Female,143,94,No
0b525f19-5c84-4a99-b267-922d20f9929c,77,Male,25,89,No
ce3f8223-5d4e-4486-b361-d1cc053a6a54,36,Male,40,48,No
c72573e2-605f-458e-a21f-dba5d6bc9ee1,46,Male,174,56,No
c8a3c3e2-7aef-464e-aad3-46a79bdeb2e2,60,Female,190,66,No
3b7533ef-b22e-4a13-a77b-c6a05d614a6d,86,Male,133,64,No
ceba2360-9905-4fe4-b093-f88a653d5ae1,63,Male,31,75,Yes
37bf065c-a82f-4cf1-8a99-0fe3215c3106,63,Male,58,55,Yes
3f934639-1ff0-4401-a882-4bf9510131b6,89,Male,164,60,No
5d8961dd-171e-4fb9-bd6a-6d53c44f1fa3,27,Male,198,70,No
f02b65c7-38b6-4084-adfc-546285eb6927,49,Male,115,55,Yes
3451411a-76bd-439e-899b-d11fb007ff91,27,Female,111,76,Yes
33b7db56-2d41-4abb-b438-1341d72defb6,48,Female,74,83,Yes
d9aa87d3-aa8e-4001-a91f-4acc984b5dc5,22,Male,108,65,No
f7d8dbe1-43f4-427c-be15-ef16e3c8bef0,56,Male,186,9,No
c9bf2049-7077-431a-b3a9-9d899b1b114c,80,Male,29,41,No
266edb29-ea89-471c-97ba-d8bcceb2ac73,24,Male,78,99,No
a8a38d5a-1f27-4a12-8421-0e256e841479,78,Male,93,6,No
d28f10c1-44a6-4510-9c05-98bce56f3b33,72,Male,179,39,No
4d7891c3-108a-43ca-9d49-1ce22e3259fd,74,Male,97,8,No
6baef5cf-99f3-4774-8972-0f85a71651eb,86,Male,95,52,No
2d87c272-f2d9-4cf9-9182-bca31520b693,19,Male,195,89,No
71dc96e7-34a2-4928-bf6b-fd64b96c2312,57,Male,166,30,No
f0873a30-addc-4441-beba-1ec17517dff6,67,Female,172,100,No
6c8cc763-7c56-4aff-a0ca-c7750ac4655c,30,Female,148,58,No
fef9a8e4-5bf2-4cc3-812e-194ff8893aba,80,Female,199,40,No
ee2a7ec7-c199-41ea-a07e-99bfcb9d923f,81,Male,162,72,No
db8e2945-03d4-42d4-b7d6-8ddf828411c6,86,Female,172,45,No
7b371826-6984-42b2-9138-fddc55ac52c7,71,Male,106,18,No
abcb2819-c53e-4d3f-9e07-5411c2cacaec,39,Male,110,82,Yes
306fc9d8-314f-448a-940f-a71db59d9916,85,Male,62,26,No
b1869ecb-8208-4fc0-97c4-ebba73d6e9ad,38,Male,192,15,No
971420fe-afe3-48cc-b2a6-de8ebdca15e3,59,Male,100,61,No
9f133051-03ed-4754-82e2-e311b52dad84,87,Male,49,81,No
47ff17f0-4513-4327-99e3-e4b564e427ad,75,Female,95,4,No
740892cd-fc9c-4924-8f09-390934b989f5,62,Female,82,94,No
37ca1243-600c-473d-9b57-194beaa96ab3,87,Female,126,89,No
9fb07d48-d8ef-4a8f-8653-500f1e5d332b,49,Male,20,83,Yes
06072a9c-fe0a-46b8-baf8-95982209f6cf,73,Male,200,42,No
9cfdc790-9c02-44b8-9d2d-19bf25c614c8,58,Male,180,74,No
aade45db-a841-4beb-bdf8-10064d06ffe5,75,Female,127,96,No
2ae7ec6d-911b-48cb-9e9b-38f48d5bbfe4,21,Male,173,9,No
ee6f95df-d590-4141-b6b3-d71d4d5fb0f7,70,Female,198,43,No
cae1ade2-e248-4ce8-b81a-63a48017b1cd,33,Male,193,74,No
25a507e4-0b31-4881-be16-ad02de2301ca,36,Male,37,39,No
4689bf9f-8f41-42d3-bbf8-63029dd04d4d,38,Male,105,46,No
813e0594-af60-49b2-92f9-7d23ee921369,63,Male,71,48,Yes
9f3d0fc7-0616-40c9-b011-1f56841ef918,56,Female,107,48,No
01065017-d0da-44c2-aaa0-f290f512262e,73,Female,72,89,No
73e8d464-6d59-422d-a7bd-e28ec6960e6e,78,Male,21,58,No
7691ff93-4288-4099-b3c9-9b0701a406fb,68,Female,27,62,No
64c33d34-e8c2-4b0d-bd30-28ed9b9c01bd,69,Male,92,66,No
4c3f3a82-3ca2-452f-89f2-e1a92d9eb8bf,65,Female,22,62,No
9759eb10-f465-4042-b71c-29c724ee84ac,59,Female,68,99,No
09e2f7d2-ada3-43bf-9948-60017c525ea8,85,Female,118,79,No
9b5c8eb4-7257-40f6-9e02-acd2a91fbbc0,49,Male,60,74,No
6fa05de9-6cbc-4e71-ba9e-13073d6a96ab,65,Male,129,69,No
0cae6da8-f1e9-4345-9555-7b3d3c6ec829,88,Female,49,31,No
10faae24-d3c8-408a-99bd-1e4f2f1465e3,38,Female,119,19,Yes
79415f6a-0198-4f60-8cea-7f2f7edf8cd7,83,Male,140,54,No
663d0a9f-c20b-41d2-8a64-2fe50944fbad,37,Male,70,41,No
bd561c63-caa5-4a01-a154-fece68049dad,25,Female,59,37,No
2d9edc67-6be6-4756-ace7-9ef6d30bc61b,20,Female,160,13,No
6c94038b-8b63-4ca9-9b61-efac9736de20,18,Female,31,28,No
6e030b58-6131-4b36-b041-094e1e653dc7,55,Female,47,71,No
a591be49-6604-4bb2-8e0c-c4ecd939a1bc,28,Male,87,47,No
b5bc1804-5bc6-4e31-b84c-5afa1636ce0b,73,Female,165,33,No
4736df70-8bd7-4f3f-8813-2249f47804f0,44,Female,155,3,No
819e2d17-8e93-4bb1-8199-c41ba30c99d3,31,Male,66,95,No
d8a87531-0beb-4989-b013-b79eef3db0b7,90,Female,143,84,No
5ec9fd8e-c095-4888-9854-f752284a0fb6,18,Male,186,2,No
bec6b969-3d3b-4454-8584-f40c4497f28c,51,Male,57,51,No
764e8d50-ed3a-40b7-8b58-0bd2882a97ec,47,Female,82,93,No
4f12516e-d2a2-45e1-a80c-0abe6235033e,45,Male,99,11,No
2a9f803d-a1bc-4e79-927d-66fd73d7cfbb,86,Male,112,19,No
0a5d932a-a194-4ce3-99f3-9ea5964d48e0,30,Female,62,25,No
d63e87c4-859b-4c13-8161-37b89df85a17,33,Male,149,32,No
a51c9b03-9fa4-4e6d-ba37-b0176605dc34,74,Female,64,5,No
9c0723ab-7b4a-43fb-a21e-2334a4d839b0,28,Female,135,46,No
95c2965c-d24d-4146-98bc-993ddb8bf0e5,59,Female,46,1,No
ca32d8e9-02e8-4adf-ab00-ee916bf76d94,66,Male,166,29,No
9ceec476-f39f-4bf7-84e0-460df8e04a06,65,Male,63,1,No
24582f8d-afe8-4e00-8ce0-595eccb6a6a8,55,Female,158,29,No
4660d3ed-e033-4984-b749-883f161acd82,65,Female,50,80,No
f76b5472-830d-41b7-bb87-0d14d20c92b8,77,Male,129,28,No
7e75d30b-9427-48b6-827e-c29f3c2ad23e,80,Male,198,96,No
8783458d-5e56-4ba5-b73f-4ae081d97f01,64,Female,59,84,Yes
5b39c278-9377-4048-b20e-f11ae0ac917b,75,Female,53,77,No
708033a0-9a45-4d22-ad7d-85913506e162,74,Female,21,64,No
c110fb40-b9fc-4092-9684-703949c53826,88,Male,105,26,No
5ccdbaa4-f7a2-4cb1-bd2d-23b887aefffc,21,Male,189,48,No
1a88d4f9-dea5-4497-a693-0f0a819b8bc2,58,Female,179,93,No
507ebff9-7e3c-434e-978e-ad49b60a1f6b,38,Male,179,23,No
724904b2-aa36-4352-a44c-0ac2dff7fe52,89,Female,43,12,No
5e330158-4f01-4aa1-9167-f34615d98c6d,18,Female,150,93,No
300d98bf-de0a-43d3-9a7a-2ad7d1e40f30,20,Female,70,34,No
c09a904b-b7e9-4896-b16f-548d5cc28194,89,Female,195,7,No
2024ae27-b02c-406d-bb5a-ceea9e5f24d3,66,Male,140,43,No
9a3b4f44-4214-43e2-8cda-ff43d958119e,85,Male,82,5,No
c2ece86b-da04-4bbb-a964-c434f5442366,71,Female,97,58,No
1028c509-d169-42ce-8881-7055049f71ca,71,Male,22,39,No
f6e27e04-1d31-4ded-afc5-16c6cbd57ecd,28,Female,82,26,No
08fa7759-306b-4063-82cd-ee365d2d550b,81,Male,45,3,No
19fefe48-c1f3-46b4-9ce1-34709d168e62,83,Female,150,93,No
86499697-8e20-478a-a31f-0f59d692dc5b,39,Male,66,14,Yes
78674ea2-973d-459b-aa25-4112180a36e9,65,Male,60,19,Yes
039a9d3c-fa0b-42fc-82fb-b94fc7acd326,50,Female,187,76,No
43b21cda-cb3b-4b92-af99-374653c694c4,78,Male,32,24,No
d77ff7f7-fd4c-49e5-8bb7-0287fc7b32ac,47,Male,21,70,No
7c68c718-4eb7-42c6-a616-ad97af251f0a,63,Female,57,21,Yes
72aa80bb-185d-4e08-8e55-34a8771b0cba,88,Male,189,56,No
a267af23-f88e-4fc5-9c2d-2af8210d1ffa,87,Male,82,9,No
f0da96e4-99aa-4394-960f-e1d71a1e870f,77,Male,118,81,No
43cb0f79-49d3-4b80-a94b-a39226efe727,38,Female,175,68,No
e820bc66-27a2-4502-be90-b7ba837bd571,60,Female,199,45,No
266d01b1-4175-492a-b326-11cacc43eb09,85,Male,136,97,No
3d2d7bd8-114c-4d56-9ce6-b389294b7d3f,76,Female,102,43,No
7e7a1f2e-16ee-4598-9498-4846feb9e5f5,31,Male,149,44,No
05b83c78-1caf-45e8-81b1-5176a1b4c035,76,Male,129,1,No
56f4e797-1830-4ba5-81a6-a9905859622b,58,Female,194,53,No
bf24c46e-99ad-41ff-950f-cb42511a7318,81,Male,190,44,No
a651cbe3-1c64-4401-b372-0af2e7ce4e39,24,Male,81,35,No
9d20b009-7681-4c50-b04b-33be0a0d3e32,22,Male,169,10,No
2ad9b4a8-b355-4e18-b78f-0c30747b0eb7,21,Female,178,85,No
af5fe2f8-41b5-4a30-bc2c-9f5246ca0e6a,50,Female,148,73,No
b5075017-45f7-436b-8c46-a9f1281d1c7b,22,Male,132,6,No
bc2764c2-e654-4a86-9f0e-d1782fd86b30,30,Female,42,46,No
911d3cb5-7e5f-4da2-b9f2-a8ced9e2c12a,89,Female,110,61,No
03db7e1a-103e-4979-b516-f122fa03f75b,33,Male,87,88,No
9e37c31d-e57d-4c9d-9831-bf6c32feaeef,60,Female,99,21,No
7b46d921-2952-4995-bf4e-94fe31062ae9,34,Male,123,8,No
f27f396b-4f93-4f0f-9b56-9260854cbc63,55,Female,120,80,No
c2249d91-255d-49bb-b0a9-d8ad46d8c5fb,85,Male,142,97,No
dcbaadcb-de1a-4da0-a55f-41339448bd16,65,Female,67,29,Yes
2777c9e4-1a10-4977-9200-955e5bd5a738,51,Female,163,16,No
8d20bfe7-f797-4c19-a3c8-d8feaedb844f,86,Female,83,96,No
e44d6380-06a0-4753-8872-9911cd46112c,55,Female,175,63,No
98acfb05-45d9-471c-9d4e-6f972abce801,57,Male,51,47,No
10c42f01-6b6f-4a67-bd5b-46371306f4f8,18,Male,94,26,No
86bdb59e-1905-4e65-b17f-1f33e73689f2,44,Male,75,92,No
1b7e8d3c-0d4e-45f4-9a87-3133840323d2,67,Male,95,3,No
da8298b6-7f37-4b29-9450-22f6789b0a7e,64,Female,98,72,No
1f6ae3ea-ed06-4a28-9132-bafa66b9d0a6,62,Female,61,82,Yes
59559f5e-0a5e-493f-a0ac-838340b55944,87,Female,159,9,No
3658c8c9-2ca8-49dc-9b87-ba6c92a512cf,71,Male,150,38,No
a2afcc0a-e2ac-4926-98cc-d4250760eaba,31,Female,122,43,No
bc87ba39-1d8f-4aad-bf7d-9a06b6f9e0e2,67,Male,118,78,Yes
fc592c9e-d850-4292-8924-d383d47c8c72,73,Female,189,21,No
e2b50d76-e5d4-4ea0-a85e-0648ac990029,57,Female,38,2,No
40639d49-7b4d-4a97-ab2a-2ad9ca09d52b,22,Female,63,42,No
7df52657-7a0f-49bd-a627-d6fe236a161e,68,Male,108,63,No
54d42c42-b638-4a82-b243-9908c6e76a7a,88,Female,140,88,No
ecf94955-c200-471e-8cee-d5558d73ecd8,23,Male,153,17,No
2b2e06fc-7e4d-4c58-aa6d-df688ecad20c,26,Female,90,94,No
d3c06bd8-d043-4658-bd65-1f128f002aa0,46,Female,81,46,Yes
83032761-59ff-4ccc-948f-0ef110d58e5c,35,Male,74,6,No
e92e7a3e-5c58-4db6-b997-43f02109f73e,74,Male,83,41,No
cf01dbbc-2b3a-446b-8c35-074565b27c0a,48,Female,48,39,No
af87b8cf-d1f3-435f-bcbc-646d394280ed,69,Female,162,94,No
834ce6be-03bf-4914-afc2-2d0546324618,90,Female,122,29,No
21b2f700-60f0-4d27-b003-3bf25ad97a7e,29,Female,25,8,No
306221ed-a1b5-4d71-bd1c-e9401255a934,79,Female,182,59,No
5b8b498e-3c54-4300-9523-35c7a73a4ccb,38,Male,164,10,No
f5a4876e-9034-4587-8a77-845764ac7738,60,Female,46,91,No
6e75783e-0c53-4bc5-9379-74759c6c6f17,26,Male,59,50,Yes
1fc87716-b4c6-4986-8bb3-59acda82378e,60,Female,50,1,No
700b55ff-d259-447b-afe1-b0ce6d7810cb,38,Female,33,6,No
53b4d32a-28d1-41a2-bb05-7586c5ab66e2,81,Male,147,30,No
61cc71d0-5d68-47fd-a9e1-cee2646a120e,50,Male,142,44,No
bbfc56ab-2183-462e-963f-45a0cc7077cd,46,Female,166,56,No
8d91f8c7-f04a-4552-9db6-a2d0711d610e,74,Female,50,60,No
2d4a1c2d-8b3e-4432-87e5-a6195dabd24c,84,Male,134,38,No
21370ccc-6496-44d6-8a4e-10bbb19afe05,20,Male,43,65,No
ea11aca2-0998-49cc-958e-5302b4e5475f,23,Female,37,11,No
12b62cc4-d2f5-4ebc-809e-63115f0a3d75,49,Male,151,16,No
6c968fc6-589e-4a76-9bcd-9a8d10bc41a4,41,Female,72,5,No
6ac670c2-a10f-41b2-9ff6-7f9941b9e33b,39,Male,64,23,Yes
faf5eada-1b01-4d2e-bd98-f115f0934bcd,69,Female,79,50,Yes
f552ec7c-2436-4f7b-9e8d-56bb3502efb1,85,Male,129,63,No
39b7a23b-1860-4358-8c30-e0e71c508486,86,Male,48,44,No
552d7996-3e32-4afb-bd9e-0fdf9896ccdc,20,Male,137,78,No
63583f8f-11d8-473d-9014-0bce26a7313b,60,Male,167,99,No
b15cf8ab-430c-4b3a-b68d-f33abbe9b4ca,67,Female,66,90,No
698272ad-a31b-455e-b4a6-276aa0926343,87,Female,49,62,No
5999b712-366e-4edc-a864-a5cc5620bb73,75,Female,148,36,No
539b8587-e549-4b42-9888-bc25832ecc2d,29,Female,51,97,No
56c6c8fc-474f-422b-a044-3dfffcd36adb,49,Male,138,77,No
10078039-01ca-431e-b1a3-3dc147512855,78,Female,129,45,No
860f2469-2336-462d-9658-30ae2d7b1a71,75,Male,31,62,No
50926323-bd08-4cd0-bc7d-58ad30d7046f,45,Male,45,48,No
d8cd5153-a99c-4245-84dc-c7a96ca84e21,71,Male,152,42,No
b61cdb7b-d9a7-453e-9599-dc1d5979d76c,54,Female,117,24,No
4a5d87b4-376b-42ed-9c61-91b25b0bd1c8,49,Male,143,51,No
ef9b172e-eeb6-456c-9cf7-f7d5c8389047,33,Female,120,71,No
2643bb35-7030-41ec-a885-a91fb3597001,47,Male,91,83,No
0f3eeca2-7c74-48f3-ba75-f6b44dfae065,59,Male,87,78,No
39ef3b39-b649-4715-80c6-d961f98d66b3,65,Male,169,49,No
b3ac8163-1988-4beb-a5f7-ad95409b39d4,48,Female,103,18,No
22b5ac08-ff1e-47f3-a771-bb2350003fb3,61,Female,22,57,Yes
e964f891-027c-4f82-a5c9-73ef60d5f8d2,43,Female,160,71,No
6adce0c4-e433-4348-89f5-95b3c066f332,39,Female,34,65,No
1e153c88-9b23-49c9-8b68-106d24cb3308,45,Male,54,36,No
e711bd57-d2dc-463b-82d3-05c5af872079,31,Female,45,89,No
f8a8073b-828c-44f6-b605-d1e969394abe,21,Male,152,18,No
82af91c8-a50f-4760-b6a0-a454b0dd78a8,46,Male,74,77,Yes
a7383ce7-3591-4c39-89a1-e08903aab145,45,Male,129,15,Yes
4ee84a53-ddd9-43b5-a1ca-5da2a05c6bf7,53,Male,47,25,No
dc23946e-298a-4503-a3e3-f218ce9fa740,42,Male,153,41,No
7bcbd27d-b7f7-4445-ab9a-112972b858d5,43,Female,117,10,No
c14e8c33-c689-4063-b9db-0eccfa60c2f6,79,Male,160,34,No
ee46bbf2-561f-4be5-85e4-86504885e83b,84,Male,36,30,No
a3e6b228-b483-4bb0-9b1d-c7370915ee6e,56,Female,121,64,No
e65d3cbb-1e4c-463b-87e4-7c65fb7a43dc,19,Male,54,55,No
16fc8b03-5f1c-457a-be7c-d229722fd62a,36,Male,121,16,No
8312ea80-5f92-4e15-af6d-0e0bd276798c,88,Female,184,1,No
0b0881e1-4cec-4941-9cdb-c35fe5d9b437,28,Male,157,80,No
a65dbac0-175e-4e32-841e-b454b5f75836,58,Male,54,29,No
384c4e9e-fa4b-40ac-8888-136d06628cae,59,Female,134,56,No
b7adb911-571d-43b2-bd85-5d6ab339a4a7,65,Male,47,7,No
7ad1f808-b8b2-4497-9ccc-9d17f1ac855e,73,Female,187,28,No
b23306b0-218e-4b41-97d0-0143df8da34f,25,Male,37,68,No
315a093b-a71b-4dfa-8e9a-cbe77889b9b7,77,Male,77,80,No
0fa8b841-5dd9-40ae-bd30-e2d2d13ab073,81,Male,173,18,No
7f0154c0-a890-4c8e-82d7-eb745ceef822,26,Male,147,50,No
064d4672-8762-49ee-b21f-8e5bbc73566c,50,Female,34,76,Yes
7ce4303a-824b-4935-8dc4-0fe6ef3e4e18,26,Female,118,51,Yes
fdcefbae-9aa7-46e3-ac75-ed0c13747591,81,Female,57,46,No
51f02760-1e6e-4354-a8be-172b91c25772,77,Female,152,36,No
cc79f52d-e532-43db-b59a-a76e1742ffb2,35,Female,99,41,No
d9683152-fbc1-46ed-84f0-a1626e653caf,62,Male,39,100,No
88fd17b8-aa80-4d4b-823b-85af417732c4,45,Male,92,38,No
46ddc781-c902-4afe-b7c1-597b22e98ba0,55,Male,130,24,No
d3a66826-f9e6-4636-a7d4-465e594d41dd,50,Male,28,64,No
628e4689-bd69-4d0b-98c6-1202b13ba7e7,50,Female,95,68,No
f0b9c955-5899-4ddd-bcb1-ef5f0eee4998,41,Female,84,21,No
892b622c-7c8d-4bd4-86b2-6539242a8e52,53,Male,151,9,No
552c1d64-8b05-42e5-b0b8-6855bd035f8a,69,Female,95,14,No
b7751ecd-3dfb-4345-b649-9f6d97eb5b98,60,Male,178,86,No
99c80c09-0287-453c-b568-906cb13f1f37,86,Female,161,5,No
797fffac-da41-4e16-b63a-dbfa3ab7becb,57,Male,57,57,No
031558ed-d00a-4552-83b8-88ccd0c8c2cb,89,Male,42,42,No
141aeed2-4a73-456a-a315-a5d47a7c3d03,33,Male,79,3,No
523c9481-b944-410f-9cc4-77396b4197c9,71,Male,79,45,No
0730669c-0188-4fbd-b5ce-e4c8204ac239,50,Female,109,4,No
61597cdb-d17d-47a7-a68e-8bd612d936b1,50,Male,129,89,No
25ef4bea-e923-4e69-b6c3-fd66c7a19f55,66,Female,118,80,Yes
11feeda6-52b3-40a0-83ca-e2c5421a08c4,19,Female,50,70,No
15d4c573-b472-42d8-be9b-eb9b50f3853c,55,Male,141,7,No
c3235ad5-4067-4fdf-8624-91b74b8ca74d,77,Male,194,59,No
083dd542-e47b-482d-bb30-359db7f423b6,41,Male,176,44,No
522ef0f1-66a0-4e43-a604-ebb096a1430f,85,Female,184,56,No
e302a989-94c7-4583-bd0e-b182abb552fe,70,Male,166,36,No
b3b471d6-d055-4747-ba06-3f90ecba97a5,35,Male,97,77,No
cb0778d7-2794-4630-90ab-6457c6496895,40,Female,107,85,No
c66aedbb-d853-4ff9-a34c-c0601caa35f1,67,Male,109,64,No
642358d9-2752-4050-8bcd-ed93067f085f,63,Female,175,35,No
a4924013-698f-4da3-a6fd-d0e827132a6a,48,Male,49,69,No
55459e4b-a000-4ead-9f2e-e5d65ad7a769,41,Male,172,22,No
8ff71536-bca1-4756-ad37-13793215c030,67,Female,92,7,No
5838ba88-5996-4664-a5a5-4081233c3953,44,Female,196,89,No
2f385fe4-47bd-423c-8dd4-f5a169e8d514,89,Female,189,60,No
2265d910-96ff-4508-b18c-bf6af65b902e,86,Female,61,87,No
180228ba-1c23-484c-a4f4-a69603526a8d,59,Female,158,66,No
29c3a187-d461-4223-b064-c43d0f34e84d,65,Male,50,53,No
7642d34a-49b3-4d57-8e69-3a200af868eb,37,Male,118,32,No
2c6822ca-448d-412d-8ae3-0e3c1d7d6219,64,Female,73,82,Yes
ec27068f-7fa5-49c1-bd5f-4a106ae4d4dd,84,Male,174,23,No
cc152aa3-5fa9-48d4-a116-da1dc30b889b,83,Male,144,44,No
0b1d78c2-e0ca-4643-bf3c-6b69e3a72633,46,Female,55,22,No
f6d4914a-275a-43ff-a18d-c57824441d24,40,Male,138,11,No
8a66728d-2985-4e6a-8e0f-cfcb17cc7483,32,Male,88,48,No
56f55a0a-0566-4788-afd8-f6357e244c18,38,Male,168,93,No
54c5b997-dee2-4a12-88ce-18c21134b67c,60,Female,190,94,No
bf191795-dfd4-48fa-93c1-4fc445df0fdd,58,Female,94,42,No
d2182bb1-ab40-441f-affc-f460f504f003,22,Female,124,48,Yes
2cf4d427-ea30-4aaa-99b8-83c6d44f92ed,49,Female,91,39,No
5c82c8e9-f187-4387-a1de-694f48e95f5e,62,Female,50,28,No
db3ed60b-a17e-4e98-a927-71ae493ff126,83,Male,44,80,No
b230bc6c-2b6d-411f-9ad0-5b39609bfbf8,75,Male,73,43,No
6fa25a54-80ab-410e-aed5-890271132df3,83,Female,67,76,No
a478c650-77d2-4eea-9765-231d06626b7c,48,Female,182,85,No
aeb35f98-5286-4d22-96fb-644aaa39386b,31,Male,49,64,No
e1eeb357-7592-420b-863d-8d61209f4b2d,30,Female,135,29,No
78820846-ad3e-4f6b-a605-0591385897de,77,Male,183,70,No
a50e4340-fc29-4f29-8a21-383526de6340,54,Female,57,99,No
d6c9fc99-b679-48ac-a8c4-02c74837c1fc,79,Male,121,11,No
b3ff0cfe-194f-4ea3-a96f-06afda7b475f,74,Male,46,62,No
8cacfb57-9a7f-4ce2-b524-315ed08a2b50,89,Female,172,57,No
86423b1c-f276-4d6e-979d-d42f45cca67b,72,Male,64,95,No
0447d657-1cef-4a8f-a997-8bf097e8ff63,26,Female,109,36,No
bb05ef5e-7591-4f12-b998-ba471604d994,44,Male,89,16,No
5614bea3-5cfd-409a-b160-af14bcf37b00,56,Male,151,19,No
1e8bfaf6-a97b-43b1-a299-43ecacafbe31,70,Female,69,13,Yes
7e53e0e3-d496-4f54-8e36-8d55382b925a,36,Male,170,44,No
b6c6be5f-8711-4b4c-82f9-f1dbbff994b8,75,Male,84,71,No
1cd5d7f3-653d-4025-a4a1-cceee9c9b2bb,82,Male,41,94,No
e3095017-5c0a-4bc0-bba0-19b41a1af2f2,51,Female,107,97,No
418d4232-db2c-4921-96af-2ac005e0da2b,54,Female,146,81,No
30115de9-2f8c-4b66-bacf-7cf8b05be3dc,25,Female,38,26,Yes
ec51738c-f173-4d5e-b95e-41945b80433c,36,Female,130,59,No
f21b23b0-b171-4c63-bd16-61285d11c4b0,64,Male,142,8,No
74ea0029-b99e-40fa-8632-f3f29b0a3d75,57,Female,105,89,No
6580f19d-5f00-4bdd-943f-56499be685ca,25,Female,21,73,Yes
e8ec5f7c-4aea-42a7-a6d2-ae7bf987097a,59,Male,162,8,No
07980fdc-54e2-4b13-8f1a-1fe1c1f402e6,68,Male,113,90,No
5165f139-223b-4532-907f-1db2edf24ac2,68,Male,86,52,No
cf20a84e-4b8d-41bb-b791-a2c816c4bc9b,33,Male,175,12,No
e610121c-708c-4c6b-8ead-06c6f0b168d1,64,Female,114,22,Yes
1612bc50-d236-4431-ac3d-28bb2117197a,21,Female,183,66,No
d454e5eb-a4fc-4fdf-a1bc-1751c2f37add,57,Male,91,41,No
f16d26bd-c2fd-4d3d-b692-4e1c5849de8a,85,Female,72,93,No
d85b4821-3543-4ae1-be4a-efe637f50c27,25,Female,44,45,No
a71b615b-f5ae-4489-aae3-8b254726c86a,56,Female,150,58,No
c2f1cb7e-29ba-4f2e-9906-a2dae8e7614a,47,Female,169,34,No
cb3665fb-e26f-4396-b229-7176a7b57398,25,Female,117,27,Yes
a6e54b08-4678-4d23-b00f-6909c4e4e27e,20,Female,147,46,No
0ac0534e-02cd-4fca-969a-13ea57cf462b,24,Male,152,62,No
21d82345-92a6-4b39-ad7a-7f0358a44f77,34,Male,36,7,No
e94a43c2-cfa4-419f-ae7d-652bcef42133,53,Male,135,57,No
8211ee02-eca3-4951-9afe-fcf7691f7609,78,Female,156,92,No
8470025e-1f16-406a-91e6-036ad837abf5,46,Male,158,33,No
8eee0677-2b87-4549-b2ba-6147a4bd307c,43,Female,50,7,No
9706f528-c44d-4434-842f-b57a08748682,32,Male,71,77,No
80b9d8fd-2cac-448e-b82d-e521d69e8c83,79,Male,193,54,No
e13cc5f4-c481-4497-83e3-e31c62aa3c3f,68,Male,189,37,No
a9c8f0a3-54fc-4610-887f-0780d2753ca5,87,Female,180,89,No
cde8e919-6bd9-4651-b0e5-82b017d3f771,42,Female,41,39,No
069ed68e-651e-4f2c-b2bf-d69acced7c83,85,Female,104,34,No
89153cc7-57ce-4844-a54c-c0f2ece80aa4,56,Male,87,70,No
0b22d1b0-a5ac-475e-b06c-04e4e716e50d,72,Male,140,19,No
1b22a98f-f1d8-4851-9c03-b806465b2eb9,48,Female,145,89,No
bc21d155-b993-43e2-83b9-8c49b77501fd,63,Male,168,16,No
1518ab96-e3ce-4b59-bc8e-1af4b4d085ae,32,Male,111,23,No
9722ab99-a891-461e-9e64-f408c47c1bde,41,Male,107,59,No
0ce7c5ae-fab0-4bb5-acb0-cb503675b2f6,22,Male,87,100,No
02598d54-9293-42a6-bdfa-1353d9906adc,22,Female,100,55,No
09c7d05c-fe94-487e-8bf8-c1e8d0316fae,54,Male,101,21,No
62ebcb47-a4c8-4190-8046-226a7e92b30c,45,Male,77,32,No
4b1d0dbe-ae10-48ce-a889-8754b83461bc,41,Female,139,65,No
b9912958-2f0b-4081-9ca1-da8bdcb48e22,62,Female,110,25,Yes
678a3ce6-f263-4744-8df8-5739583008b6,22,Male,192,93,No
3130f9c3-18ec-4981-ae1e-23e5831e76b9,77,Male,59,93,No
12f9a9ff-289e-49a3-bf42-571e18976da4,66,Male,142,96,No
b1e6d25c-ff58-41cb-82a4-95a6041efd67,26,Male,178,65,No
c269173f-cdcc-4433-9b76-abd03d9380a6,78,Male,134,68,No
aa636f0d-aa55-4f13-be01-9e73bcc729a0,73,Male,138,72,No
e6539cd1-37a6-4456-bcf4-3351d5bcda35,68,Female,51,65,No
268efe9a-de99-450e-8c00-80544f323790,54,Female,66,37,No
31142d72-444a-4865-9830-06bbfa007e19,18,Male,80,51,Yes
faf01947-bff4-44cd-ae0d-3805da6ab5a4,26,Female,117,48,Yes
36e0abb3-5f6c-4df7-9bb4-826c7e113d43,45,Male,91,76,No
9b213669-84f2-4c24-9352-242bec7eeb67,61,Male,64,79,Yes
89a13e65-8b75-4d73-a742-ec39a274ddf3,64,Female,29,9,No
ea116d87-85cd-4f62-8c6b-5c15abcbe7da,83,Male,41,28,No
a9ffd94f-8fde-4ab4-80a3-039196c5132c,84,Male,163,57,No
9d537bdd-18ab-46a3-bb2a-d1c8d014f640,76,Male,157,14,No
d3ba7687-e3c6-44d9-a246-c0f813fdf15b,83,Male,132,72,No
bf7fd5a4-d60a-4672-9372-9b23ce508c2b,45,Female,72,84,Yes
59c1f472-5526-4ed3-9ae9-d86133c73077,88,Female,129,10,No
0d0b4e9f-76c2-4d85-bbf4-48c3a490491f,62,Female,29,77,Yes
3fe82c76-30d4-4c4a-90bf-bbe3059d8f56,84,Female,103,49,No
c0fc1871-898b-4bc5-9380-7a6c2fd2f6e3,44,Female,40,98,No
6e4a710b-8c2b-42de-bc08-05563a3e49ca,40,Male,169,20,No
6c368444-c7d8-4243-acca-5f9a0d7d9c4a,58,Male,65,20,No
985c509f-8926-4e56-be56-5a48f31488c6,71,Female,36,11,No
055067f1-2417-46e1-914a-fc4e3f2ca0a2,50,Male,110,69,No
83a936a7-b88f-462c-bfa6-0bf1597e02b5,45,Male,117,33,No
a79a563d-e818-49c8-a8af-25a8448f132a,81,Male,40,40,No
8434c0f7-e5eb-4992-8c65-347c7e086171,50,Male,156,82,No
9dcdeb81-91ed-43f1-8025-e5f5b30d4b4c,74,Female,112,42,No
d0fc0de3-a054-42bc-8b62-a269ab845892,26,Male,179,1,No
bcd73617-d05d-4f39-977f-776fd7ecaa73,51,Female,177,83,No
61194085-cebe-4d75-a57c-1950c963a472,60,Male,79,64,No
cd0a9668-3a40-4b21-b73f-f029cd10b926,25,Male,163,3,No
1a1d25d3-9cc5-4fb6-88aa-5689d36f0c0a,43,Female,124,27,Yes
2a5750c4-492f-4585-a79c-3f45f230162a,22,Female,166,67,No
dc7e3c6d-e910-4995-8b94-718de7e42963,82,Male,42,60,No
b10a8f06-614c-40e7-891e-02f64d094031,42,Female,91,79,No
f13a7e54-8def-46eb-b867-665d646d7fbd,53,Female,27,100,No
6f394252-a30b-48e2-a3da-ab4ddfd61e24,39,Female,189,23,No
76c8560c-0038-4624-aec2-1d8e0f28c9c7,56,Male,29,57,No
4349a405-9d8b-48d1-be77-cf390b66f2b6,42,Female,31,82,Yes
4b7d4c12-b525-45ff-9547-86db1569e78d,27,Male,95,7,No
82b60aa4-a682-4a04-9cb8-7d6794ae1969,38,Female,192,99,No
98001ccc-a6c6-4141-bcdf-949e724f4eeb,70,Male,34,14,Yes
b79eb16a-ec3e-4340-949e-e497a4ce4874,75,Female,131,37,No
1cd4685e-9caa-4a18-9594-2865ab567db3,73,Male,58,38,No
afbacd89-07a6-4d7c-9bb6-33154804eacb,86,Male,170,37,No
a250d8d3-6096-4c96-ae24-b6a18921f9fa,37,Female,170,37,No
395efc0e-4d1a-4f4a-ad66-8d9beb3939c0,30,Female,193,14,No
0dc4abb6-a485-4444-880c-424d4ccfc112,31,Female,58,97,No
be662e8d-50ab-4b0e-9993-a4c66554fe23,41,Female,76,30,No
1816fa16-ad9c-4b72-8c20-5c18627dc706,38,Female,168,89,No
868948b6-51ee-4e97-9438-6d41ef0ee923,81,Female,136,69,No
20868623-c6c6-4ef8-8b1e-0deb499d3b07,60,Female,124,67,No
db533dae-3ee9-49b3-bcf4-0cfd6f21e084,45,Female,138,74,No
4d337938-939e-4286-b792-320fee804fdb,73,Female,150,44,No
7e173e7e-4800-47ee-b187-11c6144cfb9c,79,Female,158,86,No
36cffeae-1e47-4399-af39-365bd4f3f013,71,Male,192,5,No
512350eb-6775-4334-be9a-cb44347b55cd,76,Male,38,5,No
7cdb9fa3-20ec-4051-a3ea-431bcec1278c,82,Male,59,85,No
6e97d4dc-ffbd-480b-9f6a-f783b2da4450,42,Female,58,36,No
f1f28eef-570a-40fb-9ebd-512ff501f068,50,Male,60,22,Yes
2a3ac8cc-935f-4558-a283-22b40a8b04d9,72,Male,182,36,No
0237a2b8-dd90-4013-acc6-5ab3ef7fc514,23,Male,56,89,No
5b4b2f7f-f3bc-4277-86ab-cc8402be51f0,85,Male,23,48,No
f38586ef-051b-4800-a3d4-18f09abcad38,70,Female,96,60,No
7a764d29-9246-4f37-90db-22c3c92e34a3,60,Female,35,98,No
1a8cebc7-f1b5-4e91-bb1b-abbe1d52be2a,42,Female,168,29,No
3672cd19-c46a-48d5-8417-5948c60d8c5d,87,Female,127,8,No
01df1743-b011-481e-9f5f-8470e19307f2,83,Male,170,84,No
c6fbdee5-3552-4acc-8b5b-0b1e8777b5d4,41,Female,30,43,Yes
9e0b7fc8-b6dd-4865-ab4b-04f29aacad8b,60,Male,48,61,No
a9d2ab98-ca7e-41fb-aac7-b48f6de34a16,25,Male,181,88,No
a2fbbcbf-c4fb-45a9-a49a-ae20dff9e452,88,Male,121,1,No
fc176109-6a8e-4f62-82e2-3e2bab1908e9,66,Female,72,3,No
6eb9fa0a-4dc7-4c39-a850-2f08421300d0,81,Male,71,54,No
92620daa-2655-47d4-96e1-3d1596de66f6,22,Female,125,7,No
95ae77ee-d003-4793-9886-8c6dc0b049b5,61,Male,116,85,Yes
b39166d2-5f64-457b-9767-2b5088015d46,31,Female,168,61,No
646c9b72-3346-453c-81ff-80975f1f7e7b,77,Male,39,40,No
846df040-51c1-4759-a501-14d8440316d6,46,Male,92,61,No
3a45f217-8db0-4a8a-8ff5-1f0dca2401f6,77,Female,27,85,No
ecaa82ce-55d8-4668-8783-86b95d914650,84,Female,158,13,No
7f374664-be17-4c1c-b174-a1a20cc7f228,36,Female,172,80,No
e768efa4-7e19-45c3-8c73-ebe925cd8c5b,30,Male,72,36,No
75a20293-e3f4-4c4c-add0-d372aa0fcc12,44,Female,149,98,No
6ad5252c-4ff1-403b-87c4-b939edd495e5,89,Female,86,53,No
52e9f00c-2679-4a26-ad41-23625fbe4467,47,Female,142,73,No
f57f5455-b9c3-4e5a-a4b8-1cfaeb8bea77,63,Male,173,54,No
5f95814b-4559-4627-b3bb-eff8fd96e08c,83,Female,156,83,No
ff5feac3-a919-421f-a19c-21738ff1a8c2,81,Female,168,81,No
c9447e76-d013-44b8-8f1f-7a7ac5788629,51,Female,89,60,No
e21e3ad2-c8f7-4d64-90e9-10018d63714a,21,Female,102,89,No
6601aa3d-ce9d-45da-b866-3706be4d50a4,46,Female,22,84,Yes
f5dbcd9c-99d1-4cf9-b123-204a7ed74623,43,Male,190,76,No
001d5a38-5b76-4966-97b0-4c8a2d592a8f,78,Male,119,92,No
edf12a16-7b04-4265-bd16-5027171aee02,82,Male,38,56,No
9bc82d88-4215-48c4-8991-23a0c63216df,84,Male,155,69,No
513e00b6-fff5-4383-b82b-55aebedcfb7c,65,Female,117,20,Yes
bdc8c8b2-0afb-4d76-be41-01ac3910015a,24,Male,44,23,No
03d45c5b-a991-49b4-a111-7be49a5d718c,40,Female,57,93,No
544ac404-b1f1-40b1-92b8-c9d09a018103,32,Female,148,2,No
2c5d3d10-3d2a-4456-a0a5-e82ced51159f,29,Female,139,91,No
14cbb78c-d0bf-4b47-afee-261ee4ef796e,82,Female,58,8,No
74145541-f11d-436a-a4f1-4b1c2362287a,47,Male,150,50,No
6bb4ba9b-4689-46f4-bdbf-b7d88105219a,33,Male,187,99,No
15ef6c00-b23a-4d13-8955-e0eb1b0a8363,27,Male,170,53,No
8f51f32c-7c0b-40f5-b4c5-df22c81290ca,90,Female,139,15,No
85917fa7-fa4f-45b2-9179-f5331cad1b57,31,Male,71,2,No
3373f198-313b-452d-9e44-78397b65f764,37,Male,118,76,Yes
769181d2-f5ad-4a8a-a58d-375629907b62,27,Female,142,49,No
3b81b6bb-1177-4b44-952e-2da3e2296de4,79,Male,69,59,No
cc3c8fac-8866-404c-914a-55467f17e75b,42,Female,72,86,Yes
ae816428-8b2e-4286-98ff-02d3e8208e4a,60,Female,21,84,Yes
0a611bf8-ac56-4d0d-b699-c4e60d6c49ef,20,Male,121,76,Yes
c834b363-f776-4e2c-b080-7316159ae7f2,45,Female,104,25,No
c6dd6408-cbef-4d6e-953b-12637b0e019d,85,Male,156,56,No
5b81f1cc-26df-4ab9-821a-042c6ca41353,53,Male,145,62,No
d882f89f-e6cd-4843-a7e2-698f708aa5cc,25,Male,75,60,No
e66b920e-d127-48df-9563-ee4b22dd1570,67,Male,31,78,Yes
b4b66867-7722-4004-ba3a-b227c75285c0,69,Female,80,82,Yes
e9d906df-0b80-470e-be7e-a4ab81df9686,75,Male,86,45,No
41e72687-7ab3-456e-a145-6933be0c3139,71,Female,150,99,No
8d3ed208-84e8-4b64-9777-8e6ced671c3f,22,Male,173,70,No
40b0b8f7-aee3-4323-b4e3-4cb49a1d1ca9,55,Female,155,27,No
5415defe-3a28-4fb5-b1f9-56b92265e041,69,Female,178,2,No
3aa96bfb-1aa2-460e-b283-da6b9a502540,58,Male,158,46,No
fa86b1b1-ab56-41c9-b75f-163e8b304bc3,43,Male,199,5,No
603ed91b-b6a6-4dcb-9e98-48d49304446c,75,Male,50,38,No
16eace75-fb9c-4910-b64d-df787df44abd,32,Female,74,69,No
be52d057-d222-48d8-bdf0-80f5c24d5590,34,Male,169,65,No
6981a652-c21a-4bf5-b879-ad6a482636bc,81,Male,78,5,No
b7dd4671-fb94-4351-b422-29887d60152a,31,Male,177,71,No
9d7b2c29-e7f6-4d4e-92f2-2e4621676fe7,24,Female,47,37,No
df84fa5b-55e5-413f-8349-73749843f178,88,Female,86,36,No
27179810-7f76-4183-a226-e03c2c4052d0,56,Male,60,80,No
fcebaa2a-45aa-40e5-850f-b77aa4872a34,80,Male,154,10,No
f157cff1-c37e-41b0-86b6-39d7d4350ba4,33,Male,187,95,No
74695b24-87d0-4092-9152-1669f606412d,39,Female,135,53,No
f0fb453b-cbf5-4c4d-9be5-1afc74f33297,59,Male,40,59,No
4a2abae9-74cd-4db2-b228-af444131a7f5,48,Male,72,88,Yes
c5c8c976-7069-4adc-9ca6-7affff0b1833,87,Male,172,45,No
70ddcfe8-7ad2-47d2-af3c-c1c2462031d4,78,Female,57,46,No
e3bf3503-f825-4e51-96c9-ed6e29788e06,61,Male,105,88,No
0ce2f0b3-6cc4-4a3b-aaa0-234a76101c09,25,Female,164,49,No
bc2e6ef2-9d1d-482e-977e-e62691c542ef,74,Male,131,3,No
655837ec-55a2-49a8-bc7b-2f2c95b3fca0,64,Female,21,69,No
e56c8b0c-64cd-4f4f-b806-5f0d0c365532,88,Female,102,57,No
1db42743-4963-4d17-be8a-d0caedae9217,59,Male,150,45,No
14a37843-8d27-42de-aa2c-3e573d8c4e66,54,Male,55,8,No
73ad802c-f6e0-4d2d-833c-d5338a97d9a5,76,Male,68,46,No
cc8a6caf-b191-4cd8-92ff-a11f6a3df7cf,41,Female,83,11,No
51a1417d-7662-4650-b6df-eb940747554a,39,Male,85,40,No
071b1bd2-a161-4ace-8d44-8ed038a23f38,29,Male,192,91,No
44b2e63a-e60d-4c67-a45a-7c36140c479f,49,Female,200,13,No
644a20b3-0872-4567-94cc-14ea109e5c60,81,Male,178,82,No
843356de-ca01-4e47-9f6c-8607d313f300,70,Female,184,65,No
302318f2-c705-4ec6-b4f0-cb6756c4aebf,18,Male,73,15,Yes
ce42aa3a-3a8d-4cae-b8e5-95f3a10c2333,30,Female,176,93,No
47bf03fb-5bdf-4f2b-8463-34ed2e3a3904,90,Female,103,15,No
425dc651-c9d0-4209-a6c4-ad9a0aa28b74,81,Female,45,41,No
a1192eb3-738c-4745-bd8e-5c1863804df6,74,Female,29,33,No
a13689e0-7ec0-4d53-9072-07573b928af9,31,Male,172,36,No
ac55508d-5eaf-46c2-915f-d9f8bf28c8ef,44,Male,90,95,No
77c4812e-2dda-41fa-81ef-2e148e25c490,32,Female,20,58,No
7b715614-c799-4ce0-9ac2-f9872fa3a085,47,Female,150,31,No
264c8eeb-eecb-46e6-83e4-5316869faef9,80,Male,78,63,No
137eff25-745a-4e26-bdcb-338d3f23de00,85,Female,133,93,No
06c7b268-8656-47c6-af00-2ad82f4f3035,30,Female,126,16,No
e79c088e-8be8-4e88-8fe4-d0840eb7b725,39,Male,126,41,No
ff93e682-f29a-4d2a-90d3-547d280ffca7,26,Male,48,37,No
98f5d6b6-84a3-4475-9807-d60df48f655e,54,Male,148,15,No
92895176-2cf2-4ee6-8060-8b58f1f67974,38,Female,34,75,Yes
dd37f6a3-1cd2-4643-80ba-36f62c19ef86,20,Male,59,94,No
b07a7ea8-4b24-4302-8f03-25946522f634,69,Female,50,89,No
a24cfb56-ac4f-456a-a4fa-dd311a2ee81a,56,Male,127,60,No
1b53356b-1156-4a66-94be-59e3d688c0f7,32,Female,111,67,No
0bc1cb82-9b2d-428d-b535-8822d7a67c23,43,Male,33,51,Yes
7269ada8-f470-4e51-b6d6-a98859b3a70c,34,Male,128,94,No
d7cb3d60-d5e1-48c2-a9cf-a27eb44ce696,58,Male,32,79,No
fc5a37cd-6b30-44d0-b660-f134d165f6e6,38,Male,187,1,No
7c2583dc-72ea-4b4e-bd57-6209c7b47e6d,19,Female,33,76,Yes
5ab5e389-5fb9-4271-9bd2-22e5a1d360fb,76,Male,69,60,No
38cf953b-e660-45fd-bdff-e7ad0da82753,48,Male,125,25,Yes
af1d9bda-d0b9-448e-9fe0-07a147df68a9,63,Male,189,21,No
8d8f8c2e-15e8-48c9-b7b6-189b613afe6d,64,Male,150,80,No
0d8b70bd-f84b-41cc-aad1-61548a565d26,39,Male,147,83,No
9b538a99-7d33-4967-bebb-a813b7178b8b,43,Female,156,38,No
527196c6-66e4-4f9e-8da1-c3cae32524ce,88,Male,47,14,No
47044aac-9bde-49db-b19d-c450be8f19b2,44,Male,104,71,No
6fcde056-7e41-48c6-8f2f-f056e8dbf654,77,Female,151,36,No
c8176bf5-0f7d-475c-9f61-9636329b3eb4,87,Male,23,58,No
8bd8bb30-1933-473b-a560-0315f505d9ec,31,Female,151,91,No
dd78495f-55a2-45f5-bad1-79f3b7a706f2,40,Male,50,77,No
a3b11006-a0e4-4253-8e43-7aefca00c2ae,89,Male,193,10,No
f1a15234-c3f5-4bd5-94b4-a7dec161f9b3,18,Female,170,52,No
21478e0a-ad85-4886-9e51-6f74f15ff100,40,Male,27,54,Yes
0b01fed9-b6a7-4bec-a030-9956d85b349d,56,Male,117,55,No
8d046368-c901-4f00-b91e-cd1ae8f8628c,26,Female,38,72,Yes
58d6d30e-eaee-4502-9990-0a339ad1792d,26,Female,126,17,Yes
b4f58bca-536c-4378-81c1-d5cf639d31aa,39,Male,167,24,No
f28516da-5f5d-4e60-a9f0-0c263af7b496,26,Male,50,71,No
b26d740e-018d-4e20-b0de-dd1dbc8e576f,40,Male,177,60,No
5ee38180-3211-4bdd-b605-47d878d4ddda,30,Male,116,18,No
4c697b36-3b6f-41e0-a84c-4620ab652834,75,Female,144,60,No
d0c48e46-df15-4248-a702-b17d02ddd678,69,Male,157,97,No
8cb773a1-428a-4d0a-a076-2a510ea21bec,70,Male,160,63,No
e8a55350-2748-4fdc-938c-547502a56b94,53,Male,37,17,No
fd1c7225-4c4e-485d-bc7a-be9d6ca0836f,86,Female,120,45,No
839e6818-fb9f-493a-9a0c-9fe64644546d,39,Female,186,27,No
8a97b38d-527c-47b6-b115-5d97dc06f360,84,Female,132,82,No
47eb373a-cd2b-492f-86dd-326a39eef927,21,Female,63,95,No
1e8b4b31-6ba5-4f75-a59c-d022ca7b111d,85,Female,37,26,No
970f2664-75f9-4662-a515-facf09408d4f,39,Male,41,100,No
effe62d8-1e42-49fb-afa5-d9da11e24d9b,36,Male,40,68,No
1c2bed3a-4a35-4b64-b599-0bde98a2e052,30,Female,179,67,No
7887ec20-cd52-4abc-b1bf-22084c726a85,44,Male,183,76,No
538e2b41-0cff-4d39-a746-3239bc25dd2b,90,Male,146,61,No
d9ff5dc7-eafc-4deb-a05d-efffffdf01cf,22,Male,29,9,No
fa25518a-9307-4c7f-9ad2-df65f9f16576,39,Male,48,30,No
49a32033-2b53-44da-aa57-c8b0d06693e8,29,Female,164,53,No
ad1b6e16-fff2-4aed-ae1b-5160a91c056a,65,Female,136,97,No
fed9b1d7-f5e7-416b-82c6-84ad8495bd61,21,Male,97,94,No
af7a5179-21a6-45ea-a6a3-15cb9bc5f3a2,69,Male,125,76,Yes
e679f833-2249-4723-a09c-4e30e843bb89,86,Male,125,94,No
9bb47821-0932-4246-8d2a-539411f1603e,62,Male,110,36,No
7fec3186-9e90-40e9-b6fd-9601d664c749,52,Male,168,93,No
1530794f-52db-443c-8488-26c7dcf4f864,54,Female,68,17,Yes
ad03ee9f-a38d-419e-b6b2-150a3c8b05b1,61,Male,179,56,No
ca5bbb88-574c-4a47-b8d5-992dd6c4b4f2,49,Female,94,66,No
ccae417d-8e38-492f-941d-4ed0ee2d1eda,59,Female,34,24,No
3ec9b0c3-15b8-4b43-8c5d-257852b1903f,86,Female,171,33,No
2471518c-96b3-4e70-8bf0-f6ac45a94873,76,Female,112,52,No
1a627438-143d-4eb2-89b3-5156a3c9e551,53,Male,113,56,No
dd9b5fd8-bdc1-4bd0-abd7-2762152c2f20,39,Male,38,79,Yes
d627dd2e-1c6f-4f5d-8478-47e550b17065,38,Female,24,2,No
28b579a4-fb91-4a1b-9e29-83e44b79701f,49,Female,25,61,No
1b61acc2-81ac-423a-94b3-1e43c533aad1,79,Female,179,13,No
0b14d686-3deb-465d-8dec-3dc9e3bd0716,29,Male,94,35,No
51f16f98-fa03-4a79-aa2e-ca9804272627,77,Male,71,47,No
9b44a887-3c91-47da-9a57-6e9288511bfc,40,Female,52,39,No
635958f4-51b5-4204-94f0-56cda47b5cc4,60,Male,49,50,No
7fb6fcd3-d1cb-40b3-b2de-2c6ec9d9ae2d,75,Male,31,6,No
444f5a57-fab2-42a8-8243-ea926937e934,48,Female,38,97,No
0eebfd40-4a36-4ac5-92bd-a758a445340f,19,Male,147,8,No
c9188c48-1375-4119-ae64-1246c6895d0b,34,Female,25,8,No
ba12c49d-a589-48cc-8744-3e911dc35384,61,Female,152,73,No
4a695848-b7b3-4cd3-b34a-4b939788c2a8,27,Female,52,13,No
f8fbdd81-8e1a-4b55-ac27-d12fce4104a3,73,Female,20,48,No
c6bc06b6-c3dd-4daf-8af7-e8fdd01b8a4d,37,Female,194,88,No
4317f10e-7455-43e1-8f51-7f4ffb1d1248,26,Male,171,2,No
2d6fc652-36f8-458b-b2a1-55df6a5ff392,19,Female,132,17,No
ce0d4cf4-4086-4b01-b27c-90e5c0722097,52,Female,141,53,No
61f2b51b-d2e5-4bdf-8eb5-8c2a54374946,31,Male,188,18,No
2ca8c4de-3f3a-45eb-840a-bcf8bd8e52eb,88,Male,179,91,No
b5bbbdba-61e8-4bb3-9251-d3799039654d,59,Female,135,20,No
12ddbefb-32c8-4b17-a695-e6bd79a73ea7,60,Male,63,100,No
cc350e83-42b2-4e19-8bbf-126ac47d2ad6,32,Male,49,54,No
8374cdfb-b9fa-4ec6-8be0-ae88b01c1656,86,Male,82,25,No
679de2d9-f5d5-413f-b8c7-f28f298a8cfa,72,Male,186,89,No
9183f2a0-426d-46c8-a9a4-dbe6dcfa113e,58,Male,175,77,No
bbd8f2a9-38d6-4ba2-a27e-298ffec36f51,29,Female,99,7,No
81ed8d91-836a-4799-abbd-0aec9de55b1b,49,Female,37,68,No
fb6b1390-5013-40f4-a7e7-c323bb70f159,57,Male,48,53,No
28052bd8-df88-4473-9c4a-99855a11efe4,41,Male,184,56,No
e8d506ca-c316-4205-af19-84f99ee50ca7,61,Male,33,79,Yes
164b32c4-8926-4c44-ae79-3ff326d53a8a,65,Male,174,76,No
cfaa1d79-5729-4c0f-8dde-fedb6a30472a,48,Male,192,38,No
3c036622-0520-4450-9a85-98ae7872ad02,27,Male,177,57,No
27465bdd-6de1-402f-8c0c-6ab025524b67,77,Male,81,63,No
a93de2af-2f3d-4cd8-87e9-58a3d9fc8c1c,53,Female,181,29,No
70755501-6585-4971-a0d2-36aefa2d5bea,78,Female,174,61,No
cdf98713-31af-440d-8165-433a000a3925,85,Male,174,73,No
b2bbfbfb-aa7e-4208-8c7b-87b83dddc68c,65,Female,178,45,No
06d2e0af-058f-4117-8a95-e85b7872080f,18,Female,124,98,No
786acf53-bdc2-414b-9690-d93b7f95ac0d,78,Female,112,52,No
6f9aae66-9ca6-4a0f-861d-b6dfcdda51fa,83,Female,41,23,No
e7643529-b76d-4994-a97d-026fa9c7e8ce,76,Female,124,89,No
ff70bce2-0b15-416a-af61-2ba845764ec3,35,Male,47,34,No
27179d48-7330-4e87-b5cc-29ce83fb057a,20,Male,136,68,No
d0e0a084-27f3-46bf-be19-aa88eb7bcf7b,47,Female,91,29,No
32e41c11-1bba-4b37-aabf-9d08c71bd372,90,Male,73,79,No
abb78d7a-0c73-4e71-ba1d-7a17dfbb8c95,29,Male,72,69,No
9b4fd09c-5e9e-4f1b-ba9c-71648af85cb4,68,Female,97,62,No
bd597f25-149a-4caf-8648-b9a96405b894,70,Male,73,53,Yes
d8a2652a-18ad-47d3-bd16-f803c55b3d0c,53,Female,182,57,No
139b3ead-62a0-4e97-9174-24a8a42fb197,25,Male,142,2,No
7147817b-8d9f-46e1-84eb-e2e2aa930080,49,Female,93,20,No
e9f7bd3b-e1db-460d-885d-77e0f86bef7c,18,Female,38,57,No
3ccfa46d-ef84-4e43-921b-348a9ee8275e,26,Female,50,92,No
c6b9926c-54ee-4dc6-9b39-2399ba7e8df6,22,Female,173,48,No
dbf86334-3795-48f1-8b8d-ecec48cc93f7,49,Female,106,88,No
02de202b-2461-4a7e-9563-ec19bcdc4bd9,51,Female,94,85,No
f793b12f-6d97-483e-aadf-b73f062b7810,44,Female,165,18,No
f72edd27-d897-47e9-96aa-fb81ad872c50,77,Female,187,54,No
dfbb875c-a475-45d5-b4a8-d21c0e9a5f1f,21,Male,109,56,No
0178f60e-311e-4b52-b1d2-9dc4bafc1b82,32,Male,146,11,No
c46641ed-709b-4f72-9cc4-a52c1ee30cd4,36,Female,51,28,No
fad6218b-5bfd-4fbb-8727-2a93104d03a4,44,Male,133,4,No
231eba38-37d2-413c-a5fd-8192312a00b4,37,Male,108,79,No
f2c2b761-0771-46d4-9037-5545a461bf6b,27,Male,144,85,No
a2dbd9f9-be48-4dd4-b9ba-a9d2ff096cc0,34,Male,180,75,No
77829a82-8b5d-424d-b60e-b627d80a560d,46,Female,49,2,No
786725a4-5fd1-4106-bd55-2d8cc3de5e31,87,Male,170,40,No
9d1184fc-8ef2-40f9-9f4e-2dc2c22aad36,85,Male,44,45,No
517dc2dd-c268-4550-b164-4981f39334e5,56,Female,81,96,No
02ae5fcd-ddb6-4a9e-962f-b0903bfb3e09,51,Female,55,15,No
43978224-3b76-44d9-893f-dcac01befe24,56,Male,177,42,No
34af4128-8f25-4443-91e4-34e1e826b8af,26,Male,112,99,No
648b946e-b090-4e10-8e73-9c77badcbc4d,42,Female,78,70,No
e90a5a29-bb56-4db9-b275-bd40c89f1a79,69,Male,60,95,No
6bae1c03-b52f-462f-92cf-a1ebb4df1128,29,Male,179,72,No
69ae26a2-6dd1-4180-b524-746ab5f2ef7f,62,Female,99,98,No
00629720-efa7-4211-b911-cfa291819495,54,Female,167,3,No
406ec6c6-7559-41c4-b162-2fe2e8005aa9,70,Male,30,91,No
d24483e7-6726-48e5-8d35-9f52d5e3bbfb,33,Female,114,90,No
19674f52-dff2-4621-8800-c33497dd8b9c,24,Female,177,29,No
5e28f56c-9f2a-4f30-93e8-7efa3d385ef5,81,Male,164,42,No
c0cf83ca-d1c2-41b9-ab51-c3bb579f6592,83,Female,133,20,No
78d98336-1476-4472-ae0a-e17cb6c192a4,18,Male,198,26,No
af737e4a-49ce-4496-aaca-7f4d225cb1f3,46,Male,151,48,No
0ed26fcc-3308-4c36-a998-3bbd4c536a91,49,Female,147,58,No
ec534586-3f48-49d8-93e4-3d932c0d0142,27,Male,92,38,No
25fb65e2-d0a5-474b-b518-e39a9e7b884c,65,Male,32,52,Yes
1f2e9bd8-12d2-42c2-87fe-3fd331529574,33,Female,110,71,No
004b453a-5742-494f-89aa-c5cbd55a87a7,25,Male,169,21,No
fa341590-5beb-448c-85ba-4eb68fe5c22e,35,Female,190,48,No
e65e1e32-0188-454e-ae56-8625bf53a78b,33,Male,58,42,No
62992688-258b-4add-9a28-78f7d9c03d4a,79,Male,80,28,No
016c3657-773c-459c-990b-9b5fe81b9340,71,Male,181,29,No
036cb089-fa6b-4d14-a3b4-705fe37f0253,29,Female,70,54,Yes
5c637e53-d47a-49ee-b881-98617b0987fb,87,Female,138,34,No
8feb1513-24b9-4931-9308-b469956ce6a2,35,Male,93,92,No
65be5b60-870c-4c7a-8069-a69f6261f9fe,86,Female,199,32,No
ad43504c-9cab-4a8a-b444-c9b866a37ec6,72,Male,167,74,No
85833d32-2ffc-4d41-b30c-d07856a225d7,22,Female,115,35,No
ec8b8947-d5d4-4155-b838-93020c60a5ba,20,Female,100,45,No
830967f1-0c6a-49c5-a003-e9b98b257469,69,Male,45,100,No
acec7b55-a68f-4a99-9b13-641239c29f9f,34,Male,151,15,No
0ec09495-427a-4a8d-94ef-ea6d64bb601e,41,Female,162,25,No
b2ef03b6-386b-4052-984d-e3b6ea706133,85,Female,113,19,No
7a8661e2-1c2d-419e-a718-02561c56e015,51,Male,69,87,Yes
bb4574ea-fd9a-404b-b6e0-db6607cbf60d,67,Male,41,31,No
1d5a82b1-b416-4561-a75e-a97471a4a202,83,Male,149,31,No
d2278fee-7d8c-42ad-a194-07303aecd0fb,34,Female,147,17,No
a777d788-b776-4e6d-919f-848a42fc8c93,39,Female,176,73,No
edf7059d-313a-4382-806e-66db7311b046,18,Male,144,60,No
785f64c5-081c-413d-a88f-4d16dbd89ad6,49,Female,104,4,No
8cd1b697-0dd8-4e96-af66-aefffbb111cc,80,Male,188,38,No
7a5a169b-1bff-4c6a-973d-fba7ea4209b2,74,Female,62,87,No
b36597dd-3639-45b0-a8af-fcc53daeb6d5,21,Male,76,47,Yes
6045028a-677e-4e54-9857-624d09bca1fd,25,Female,88,58,No
aba64b18-d1e4-4326-95ce-3188923d9280,49,Male,81,53,Yes
c566efa5-18de-4a2b-9f4b-4fec44ae9cb6,75,Male,81,28,No
691bf67d-6e7b-4677-97b6-855082714326,32,Female,99,95,No
23ffe1e7-b259-4df5-9314-3e1dc8b01a9d,22,Female,95,27,No
1e7fb170-82be-49a2-87b3-fb7c42dfd20c,83,Male,25,30,No
4e42b8fd-4ede-419b-96a0-5bbb291489e9,50,Male,75,2,No
e0aeb55a-a9da-4233-a6ec-541cb9b25c8c,25,Female,157,37,No
26da2a0f-75c8-4845-9fce-45cc940a17ca,68,Male,89,76,No
e18a8a30-9248-4239-911f-d4a155aaf823,72,Male,157,32,No
c5def11d-d993-406e-8d49-a391ced7a5f3,52,Female,197,97,No
43aef8c2-af18-414b-8baf-29f56549b1e5,33,Male,163,60,No
b895ad8d-07fa-4664-b3f4-b6c0aa13571d,50,Female,46,88,No
7329c192-7bd4-474c-bc8a-2901015d13fc,71,Female,72,69,No
75e800b9-4400-41f5-9e77-46b990d1195e,59,Female,70,72,No
cc4ae0ab-4560-4c80-bd8e-34830d0aa589,50,Male,54,1,No
059d3930-0847-411a-9070-5b0225a99150,35,Female,168,12,No
79ba2b6b-1f82-46c8-9667-e47af42285b2,65,Male,186,26,No
2682c564-97c8-4128-bf12-15bebf711af3,42,Male,196,40,No
fdad207f-6fc9-4cd0-8ee3-58fc8338d1b8,31,Male,37,8,No
0b64f4d6-2f52-4158-91d6-811ac20d492c,47,Male,188,15,No
94b77ad7-8b38-49b1-918a-9cf373311620,80,Male,128,82,No
9f59e571-8a52-4cce-995e-8909ee8e422a,86,Male,181,81,No
4d3d8e3f-33ee-4288-b3d6-cfecd1c6dd85,54,Female,193,81,No
05e9649f-c597-45dd-899e-2e7157a6e42e,53,Male,194,65,No
1bc9c140-274b-4c76-9d3c-60a79a880c0e,48,Female,169,10,No
fea54c47-8562-4266-8683-798d5c24ce05,41,Male,146,50,No
088b960a-9613-43c5-9f35-e5b06ec1902c,26,Male,177,75,No
f749c3c5-601d-4206-bffe-72bd456fbec0,58,Male,78,48,No
436dfe13-9949-4611-b6b7-25572c8c1e7d,86,Female,90,30,No
6f64e440-99d7-4400-9bab-10195211ca0e,25,Female,69,49,Yes
b0260b7b-1635-4f92-939c-4fd7c11c82f0,71,Male,126,55,Yes
ce67ef06-6fee-4e27-bf56-d5661dd71a1f,85,Female,143,65,No
0bd239af-1f02-474a-ab61-760aa8f4825e,67,Male,87,24,No
40868ac6-f35b-43f7-96a5-b9954cf93786,77,Male,147,12,No
9c6bdb1f-34e6-479e-91bd-7c650dedab04,45,Male,61,26,Yes
2bdb5b03-d3a9-4209-b6a4-d87131c3de35,89,Female,176,32,No
b1da419e-a1ea-4c30-a5b4-a57347da1cd6,84,Male,181,65,No
6dadd7f8-da7a-4127-a517-dc8dca0d6f35,64,Female,74,4,No
2164381a-459c-4ab7-91fc-eb963f6d6a55,56,Female,190,87,No
5bb952f8-f214-4f43-986f-9e18759b2b3b,46,Female,75,16,Yes
a0e9d35f-fbe1-4b2e-8979-035ff9713950,80,Female,52,59,No
754a5d07-7b55-4d3d-a281-7ca130b26d57,26,Female,61,42,No
91106fbc-677c-4144-93f3-de39361c12ae,84,Male,196,92,No
fa3e7602-cba0-433d-961a-5880257fca09,29,Female,79,24,Yes
8fa9b628-9905-43cf-8a4d-a97f4590b6b8,33,Female,156,17,No
1853ceb0-fd8c-4db6-aa3e-b2fa30966171,70,Male,97,45,No
3b6ba990-f9a0-4d34-9ae7-af452e4ce966,56,Female,34,84,No
16c970d6-b7f9-4367-b7ff-209958333d53,87,Male,22,30,No
ef0d8ede-7076-4f4e-b408-ec0bfb4d2a4b,50,Male,40,44,No
92b82ff8-445f-41be-9327-12e517c94388,62,Female,106,45,No
0bad8d4c-a4d8-462f-a254-c73bac37d440,90,Male,160,88,No
86ac7ad2-ab3a-408e-bda1-38b23f4b1af2,31,Male,135,91,No
d74ef516-c160-43dc-a640-c74a5cf051d3,23,Female,148,54,No
f2304d60-3f0c-40e5-9530-6a008caf5b2d,62,Male,122,55,Yes
5cbdee1a-7b09-46ea-995d-ebf104eb45df,30,Female,85,68,No
10fa7a60-78e7-46b0-8ae5-be9468b025b9,79,Female,82,87,No
e3e41013-b30c-4423-8730-3e9e7e0f3166,89,Female,190,55,No
33c3dfa9-d63b-4e45-90ed-e557184861a3,64,Female,185,94,No
0eba653c-fc35-4b0b-9ee0-47f68b9070a7,39,Female,175,16,No
1e055b9e-d3cc-40eb-9b28-2fce5510f206,89,Male,130,74,No
49c30d6f-7fb2-4ad2-b38b-ba5a05f77d60,37,Male,24,51,Yes
770cb707-031e-496f-9ecf-49ed57c55663,57,Male,151,60,No
0274c078-a183-4c1e-93bf-729f2c760736,18,Female,193,13,No
5a60e219-1480-4d07-8652-8f7457d75ec4,25,Female,43,56,No
88ecaa0b-9e04-4a11-97b2-1f32cf4550e9,64,Male,110,55,Yes
447f21e8-8c9e-4fd3-9b59-323fcb3b63e9,27,Male,200,74,No
8feaa5cf-daed-4ded-aade-2fdc4358cd9d,60,Female,73,12,Yes
88be2e4f-8cd1-4d38-a512-a8f8df0d0079,24,Male,31,66,No
3168cffe-9ebb-40aa-9c12-f5161016dcb3,29,Female,182,65,No
bde6e64c-0424-4fee-a148-95c28171ac20,76,Male,102,100,No
9979c7c6-b69f-4b06-9518-93f51a5ac4c4,33,Female,171,40,No
dae267c4-c8ee-4742-b550-0867547de460,42,Male,37,65,No
6647acf2-5ed9-46b9-a5f3-fcfb704185c9,50,Male,33,60,No
7f6a9a4d-161f-4dcd-ac92-1f2e66806d13,28,Female,93,18,No
71b9f2a1-7a16-4e31-89ac-9db3c27f1f40,24,Male,187,60,No
edd33788-2680-473a-8a17-b1af24e39cf8,56,Female,28,67,No
1289b673-7aa1-4bd1-93e9-ee8c582c4215,68,Male,93,83,No
866b77da-49d8-462f-8af8-984a9b6e5599,62,Male,73,51,Yes
a483b469-b3d4-4a1f-8730-d2ac73534375,41,Male,132,27,No
2ae2eb39-dca0-42bc-8346-3036c65e7c48,22,Male,140,35,No
24291a70-3023-4664-9190-c28620b4bb97,29,Male,95,69,No
31ef4a71-dada-4e35-ae84-3de21f84f811,30,Male,78,33,No
018d783d-0aef-4803-aab9-3187b7a83cb6,72,Male,114,52,Yes
f4d4f475-4981-4d4e-8a5c-b87ab1610472,21,Male,97,95,No
3f1b138b-d82c-4f42-ac99-030f0f93cda1,30,Male,168,27,No
1d3a78b9-de2f-4917-9e85-e007fa29ac63,19,Female,49,9,No
cc3abe3c-457a-48cc-8ffa-bb34331e6135,59,Female,175,98,No
d4d8bdd6-fd68-42cf-b0fd-d77ef637c4d5,75,Male,107,46,No
96971f6b-dc8f-4f45-bf8e-83f23c9b6801,40,Female,183,87,No
4971dfaa-d553-470e-8dc7-e24ea41377f5,48,Male,28,27,Yes
2db0ea48-0991-4566-b1e1-38cf25a57d26,27,Female,127,24,Yes
d9988059-912a-4e5a-a15f-1cfaae44c677,71,Female,181,63,No
449f2575-5c5e-4188-892d-f21c3560daf2,75,Female,57,15,No
e7824da2-de52-4a53-85d7-a2278f381ed6,82,Female,39,52,No
f01a686a-4636-4936-a5b2-3feb1841e9fa,76,Female,132,17,No
7f9c224d-71f0-465a-a76b-5d80c75908f8,82,Female,164,13,No
908afb63-9663-44c0-aada-2c0aabebcb50,20,Male,52,80,No
b97a75b4-bd75-47d4-8151-85a68b1b684a,39,Male,157,91,No
4f78fba2-34c3-415a-8308-1f8591361f99,65,Female,78,26,Yes
841c958f-1c86-4d49-94db-c680284f1f84,77,Male,192,76,No
b4625672-8629-4366-8e2d-d9dd8a675347,85,Male,152,90,No
e1424e56-be3f-4f37-93f5-5dd91e12f826,41,Male,84,12,No
ac26f203-56f7-4f06-a279-afe9bcfc832e,72,Male,24,90,No
907ff8b9-be29-4c7f-966c-8dea091a468c,36,Female,186,79,No
7091e1bd-442e-45c7-b7f6-e5a9c17cf59d,85,Male,32,25,No
da9ab452-5b81-4a9a-8ba4-245065df03e9,48,Female,157,3,No
21a4248e-4799-4181-9395-888154bb1fd0,20,Male,86,90,No
2ec13d4e-1c39-4837-8764-71392245af5a,67,Male,71,84,Yes
24abeb85-0baf-4107-86c2-2312ba0fe558,64,Male,110,49,Yes
ef20133c-6eb0-40a8-8724-40280cdeab01,59,Male,84,55,No
55de1e77-7323-4e5e-9da6-9f3f0a4c06db,55,Female,94,62,No
b5e5af76-26f6-49a8-a421-bd22298ff53d,54,Male,46,53,No
ef3560d5-586f-4e84-a3a2-8e6de0239069,85,Male,52,15,No
c7570282-8595-4b60-a341-cc2ae4c38157,53,Male,119,41,No
f0bf00ea-2c19-45e3-89a6-6c5ddb4d8f58,84,Female,51,30,No
8b018443-5d42-4fff-b696-9858fbbc1544,38,Female,148,85,No
db3a8fe9-c5ef-4609-92ac-cd809bf873ab,59,Female,78,45,No
68f561bb-80c1-4dfa-a7e7-bc3bf7dde775,40,Female,22,3,No
0745ca7b-3731-4c6f-9663-5bb0a7821ae3,32,Female,50,45,No
b3dc5d7a-22ac-4b3c-a881-e7c8fa528b2b,66,Female,32,7,No
b4ad2a0e-4d8e-46ee-a24b-7052d06f8f61,68,Male,76,87,Yes
cbee33ef-192e-43c1-9b7f-13b2f154138b,40,Male,116,68,No
a1176f84-3a0b-4e80-a378-d3c7780d5ad4,38,Female,130,25,No
b8081c0a-46ac-491e-a227-baa8ff1c4253,44,Female,44,57,No
0d842655-ebea-49d1-8510-f833b3152f0f,44,Female,28,100,No
996d1f47-b697-443d-bf85-80d6d5b2b353,36,Female,104,40,No
0a2eb6f9-2cb6-4c98-ac6f-cb3077f8ec5b,74,Female,152,97,No
f976cbb2-e9b4-4df2-adbd-94ffc793c539,59,Female,172,92,No
20f70195-138b-4f57-b9cd-f8f8e5240a6c,87,Female,49,65,No
ecb83fff-b96d-44e5-a5af-73eba3bedef8,21,Female,90,12,No
b9b62514-296f-4f02-91b0-8dd402e1475e,61,Male,75,20,Yes
384dd2ce-91a8-457e-83e3-2bdae68661e8,32,Female,184,96,No
b5552921-ac43-4432-95b8-0feb97048495,56,Female,187,76,No
d9f52c30-b4a1-40b6-9759-68463ddb7ece,32,Female,63,76,No
eee9c4c7-aa26-4529-852c-ad559144ae7c,76,Male,26,44,No
0863a732-94ef-495e-acc0-32ebe3d7e5bc,37,Female,151,78,No
cd62fc98-1020-43f4-a706-b4d3778a5590,51,Male,28,55,Yes
5b0c0304-faa0-485c-be1c-3a3e4332e965,21,Male,115,55,Yes
e5b3d886-0bd9-4c72-b525-cb1abe219e96,63,Female,172,6,No
3d015cbb-f015-4bbb-815c-cc306ef6bf40,73,Male,40,100,No
f5bea533-7eb7-43d6-8ed4-d3c26af4429f,76,Male,143,82,No
31965af2-f244-4acc-90d6-f5d3b3048074,49,Male,188,32,No
024a48b1-7b8a-45eb-a384-7b60c176be59,65,Female,78,38,No
f374a192-7f6b-403a-830e-add10772233d,49,Male,128,13,Yes
a197a98b-08a3-4947-a9ef-28ca375d984d,58,Female,170,3,No
28b427aa-5d16-42ea-9984-800d9134d994,45,Female,32,87,Yes
980d35b9-290a-4320-812d-74c74bfa8d2e,36,Male,180,25,No
fb00ac06-314b-430c-a38e-d79a7f119eab,48,Male,36,7,No
c33da073-1078-4652-92b7-71da5b8270a7,76,Female,142,20,No
efeaf023-e91c-4136-b469-1e5d156b3c3b,71,Female,158,24,No
6c8faad9-6f5c-4dac-ba74-9dbc7848b620,57,Female,39,50,No
2f143832-a04c-40df-be64-c23ff4e7302d,22,Female,72,35,No
589d73d5-272b-4338-aa99-93391baeb4eb,48,Female,87,34,No
ac1b50d5-85ab-4e24-8303-81926ae9267b,88,Female,79,41,No
162bde5e-deeb-40d2-96b1-b1f38b508898,75,Male,61,64,No
17bf3ff6-7a34-4f7c-9d23-156e51284068,47,Female,199,29,No
a3288fd3-b07b-442e-9e31-3b8be4472953,38,Male,160,71,No
a2460a6e-f3c9-40af-97c1-f412695f519e,82,Female,84,66,No
3b1d6f87-8f29-4f11-a980-146c2eab2790,19,Female,148,93,No
c0364c13-d06f-4d9d-b583-47aa32c5a2aa,19,Male,90,49,No
99781e03-6316-439d-94cd-c300b63344b5,37,Female,177,47,No
4731df6b-5f9c-43c1-815f-b9c46de0f8e5,38,Female,56,46,No
3599fbb5-c47b-4912-bc70-cb4d6aa96b00,69,Male,171,33,No
3a3aafa1-e3f2-4cce-8908-257e1ebfb714,29,Female,25,25,Yes
3c1acb37-9ce8-4c6d-aeca-fa571cbd5b75,54,Female,120,33,No
b1355de0-3423-425b-a0ae-a042f8b10966,72,Male,26,55,Yes
0d6428d4-d35d-4077-91a0-ae23b7ab514d,22,Female,182,87,No
f1d6d777-8113-47d9-9702-c81b4bf407bc,86,Male,136,63,No
1c016954-4cd8-4edc-b03a-5c876e23793a,22,Female,111,61,No
b18ed7a1-3ca3-4a11-aa6a-8f3ffd97a53b,50,Female,94,100,No
3760a187-ea71-491e-b384-e141e93c9345,69,Male,124,47,Yes
1b7b5da8-702e-4925-88da-ad96cfc91fc9,29,Female,151,59,No
3d11a946-e5da-417e-ab13-f2ffdaead63f,35,Female,131,25,No
c634ce34-c1f8-4e3b-9d47-fece757c2080,74,Female,95,31,No
57680687-8ab3-46e9-bdf2-cceea10d7923,67,Female,136,16,No
d9f13fb5-8c96-4248-808c-888fe0795d41,44,Female,90,3,No
30051eb6-d661-4768-834f-333b6f55637c,42,Male,78,34,No
57a7e684-51c7-4e8e-9c61-d93897034f2f,76,Female,72,36,No
f40f50f7-bbc9-4817-bca8-94108a380a2f,39,Male,124,19,Yes
ae636a5a-2d45-426b-aef3-10ab11ef19a0,56,Female,54,66,No
90a3df2d-c7a0-4cb9-a980-9907900e209f,56,Female,148,74,No
7a5aed2e-ec20-4b02-ae29-01f716da5997,49,Female,46,84,No
3c816d88-da88-4daa-9b89-89539eada1ab,18,Male,149,53,No
bb908516-007a-4bee-8ab2-00595f4a99d8,54,Female,84,5,No
ca66ce79-355d-4a95-bd40-202eeb102da9,26,Female,115,91,No
1e7da513-2e5b-49b2-86dd-c67886fc488d,20,Female,135,15,No
31c89da1-9167-4fb1-bf00-4db164e0df69,58,Female,76,50,No
1e19e677-8b5a-4220-bc25-85be3acdfe92,50,Male,161,94,No
3e441099-f7e5-4d00-b36e-c043fda24bea,21,Female,83,58,No
52c559bf-3742-485e-90cb-0989095a1684,32,Female,119,65,No
c70c638c-a4f4-497b-ae39-52833c423b4c,84,Female,38,20,No
75b88eb7-f926-41c7-8baa-16fb40e55782,53,Male,169,61,No
f6ebb693-9ab3-483b-af4d-485ae9e28d65,23,Female,155,60,No
a2e50257-817d-485f-ac26-3620439aca59,53,Female,179,68,No
f9e6f440-5cee-4a1d-b268-e38665f02b71,49,Female,42,76,No
9dd89444-583a-406f-a725-1a67df7ff804,62,Male,64,62,No
3dfece69-34c9-4f72-bba0-ae3dfff83359,22,Female,153,96,No
cf18f8a7-879e-4cd1-b535-08c2990ba13c,19,Male,188,15,No
04abee4c-5538-4a25-94a4-73f94ebc3e6b,74,Female,132,9,No
a830fb4a-0271-48f0-b067-f2ba23c5e13a,28,Female,151,57,No
27162abc-766f-4ffc-ad3f-c2a151a4f0c4,69,Female,27,59,No
2b904e4e-00a2-49dd-bd50-b8115a4f6d58,70,Female,85,74,No
053c7ef0-387e-45f4-9ad3-37b5c7f7eb26,72,Female,87,12,No
048b2e01-8be7-47b8-baf8-54d00c19a0b9,54,Male,174,11,No
e5ad35d8-d82c-4e4a-b084-3e16383d34fb,33,Female,24,62,No
b0db9bb1-19b9-43b0-8268-578bd3a5e388,50,Female,90,78,No
6bf2a517-e0e8-48b9-b9d1-f380069fd1fe,39,Male,37,89,No
3b79ec34-d2df-44b1-91c4-ca636b4fb3d6,23,Female,164,24,No
bbb5f427-61b5-4ff1-a2cd-68bdc19d6b65,72,Male,107,59,No
4eb24116-fe33-4ec1-a871-e3b4ea8510d1,42,Male,137,66,No
78b03ba3-7e6a-4593-8a92-04b7e371eb94,61,Female,98,21,No
801b2f5f-9881-475b-bf0a-2cae1e6f89db,21,Male,127,47,Yes
acc091a3-5fa0-444d-adb0-0eed8162bc1e,89,Male,49,32,No
0c488473-d36d-4e2e-9d33-97106ae15240,53,Female,161,66,No
b45b220d-9768-45a5-98aa-39f4c1772d51,53,Male,67,60,No
0726e1d5-e558-43d9-9c64-1887fd88b1a5,66,Male,180,25,No
2eb5a7dd-aa97-49bd-827b-1607e14d788c,90,Female,165,5,No
d29e2ca6-b4ed-4104-873b-964274757181,19,Male,183,2,No
9f5b4aed-e78d-4b3f-80b8-e3b7f7142b6e,74,Female,51,25,No
2b96928b-b82e-4791-9558-f089ac5c7d7f,82,Male,162,51,No
7176541d-686a-432d-92c6-e24bda26395a,46,Male,137,70,No
4fe8ef9c-e55f-4d94-8e18-4bab30d182ac,88,Female,67,5,No
5ece4900-a47d-46e8-af32-ccb4a319f2da,35,Male,78,5,No
453845d4-fb2e-4e3f-8936-d0eb042b73d6,80,Male,170,27,No
76b4a421-1d63-4488-bcdf-ba284df7832f,53,Female,40,19,No
06d93b08-d8c2-44f7-bc2e-211bd717a2cd,84,Female,157,17,No
636734ac-c036-4f03-b644-a3b85aa2fc94,59,Female,155,71,No
dfef836c-4f1b-4f6e-b292-89da3770b625,58,Female,51,21,No
e7d6efe9-dda0-4e6f-aa1b-66efd665c473,62,Male,35,31,No
75ace29b-d8fe-427f-8fb8-2a0a3a92fc1a,64,Male,134,83,No
d9ecddfb-4224-4cde-91d9-2a20088fe850,25,Male,105,10,No
9e3a6d5e-13a1-4982-91bd-0be732194601,58,Male,166,38,No
bdadebaa-46b1-454d-a045-aac9240f7114,45,Male,28,25,Yes
5b189bb9-413f-4c91-ad91-87f8f5b3abb7,44,Male,114,41,No
d0e06fb6-6f54-465c-946d-6c114dc9d4e2,44,Female,160,1,No
817edd90-2379-40e3-991b-a2204a755d5d,45,Male,38,97,No
b9c22914-d133-40b3-8168-401ffce48296,72,Female,68,17,Yes
2203090f-3413-40cd-a127-9199e9054f8e,80,Female,78,45,No
98573c80-1754-4a8b-985e-1a089d67c8f0,26,Female,61,100,No
41204820-2ad1-4cbc-b084-c477f3a4cf6e,80,Female,46,15,No
0d0cc51a-a886-4eb5-855e-96433aeca81a,22,Male,93,97,No
399d2d2c-db9b-4d74-9fc5-327dafdc6b93,43,Male,109,97,No
d4da8e82-e111-4598-8f97-b4c1d16d5238,24,Male,185,88,No
62d6e78e-a821-42e2-96cc-4dd11bc32428,28,Female,24,64,No
1a821453-c2a1-4dbe-8759-89dae354c02a,32,Male,104,55,No
f75677a9-d92c-4771-aa0f-229e1560549f,19,Male,90,18,No
63bcf689-be2c-4b17-9dca-69fd74c16259,83,Female,160,79,No
ef157f2b-182a-47d3-8968-ce5d86a00efa,31,Male,89,33,No
3ae73661-5033-497c-ab7b-3e96a6ce0500,80,Male,140,30,No
036f8058-17f2-4474-8049-39a642dd1b5e,73,Female,46,22,No
7c1ff81d-4579-4886-833f-7d1b8a161d2f,26,Male,177,90,No
f34a6b5c-b952-4238-af45-3a64fe96935d,24,Male,144,85,No
7cde97d6-ec3f-47dd-8808-4d86b5fd308f,21,Female,66,39,No
a527c6dd-253e-4865-b169-f21eb95c38fb,71,Female,141,26,No
43e1277e-ee9b-49f9-910d-4fc033e25f14,46,Female,194,51,No
92130020-6422-4963-b276-fb8b6c04f18a,29,Male,161,27,No
b76fde27-12d3-40c7-b8fb-836ddb99e5a7,76,Female,189,40,No
6298c46c-23f9-444d-877b-f2acaade2ecb,76,Female,75,14,No
360d10f4-34ee-40dd-aa17-4aed34112c3a,88,Male,92,72,No
97e79427-2557-4470-857f-d60ebd449361,47,Male,121,41,Yes
f7b27a9e-2e42-4b76-91c6-d71fe7b412a9,84,Female,186,45,No
a70f465d-a8e2-4fb8-893d-adfac37225f7,37,Male,114,2,No
8962a46d-0cfd-4e42-8ebb-52ca111e412d,59,Female,40,70,No
a501e421-bfe7-46ed-9af2-55e36743c454,69,Male,151,27,No
d91d34de-20fd-4242-9b2e-e372dc5df0d4,86,Male,176,98,No
4f3cfed2-9d12-44f4-8979-2409a46729a7,83,Female,112,81,No
bade8299-96df-428d-bdf8-d7b1fada43fc,85,Male,32,46,No
a9c44841-b63b-48c6-b68c-e2e03beae27c,83,Female,82,38,No
186faae7-fc08-4c9e-af69-232e14526c7a,44,Male,81,100,No
aa05fe7c-3abe-4857-8169-77bda154c329,42,Female,64,40,No
bb5cbb87-5e23-4a82-a6d5-783b11e06377,41,Male,137,65,No
5e79c6b3-ad9b-47fc-bb02-8328db6c36bb,22,Male,162,22,No
f476654a-c148-451d-86dc-a148e85839dd,86,Male,67,73,No
f7f3fd68-1a3b-43f4-a82a-3a3e7658816e,32,Male,101,82,No
5b67c224-dce1-4725-9d1d-93698c9003bc,25,Male,118,66,No
358dda36-4413-40f0-81b6-0eba72f241d1,53,Female,172,43,No
3f64b72c-ee4e-4c66-b078-6602eb408626,34,Female,27,62,No
45a2285b-1b93-4e67-ae92-6d9fade81e76,57,Male,184,27,No
76b89c78-32db-4370-a282-0ce20315846d,53,Female,22,86,No
1b465021-0fca-4445-ab93-d940c10ec322,36,Male,163,91,No
18442dd5-6ef7-40bd-af33-c26d70d1efe9,81,Female,83,31,No
2c6578ca-c505-4143-a9ae-697721623f1c,25,Male,21,2,No
78f61b2f-c622-4d8f-bb1c-b29a40f9cefb,80,Male,167,47,No
566c0bf9-1592-4f6f-8ea1-4aa93c8c32c2,86,Male,106,37,No
26c873da-92b9-49a4-85e6-0802eeb3a81e,59,Female,169,58,No
858309ad-09ae-425f-bcde-fba6f46edc32,47,Male,163,9,No
204efe04-80e9-4636-aee5-c11551761d65,81,Male,134,75,No
1ebe4882-dad5-461b-b6e5-8464afe2e8bf,29,Male,41,91,No
c3469c1a-2702-4963-a65a-9bedd4d5d3f6,58,Male,83,95,No
d0bd1beb-f4d3-40da-b48e-028d86588ccf,41,Male,52,19,No
69179678-32dc-467f-b2ae-5fa5b6ff2fe5,56,Female,45,1,No
90f1860c-55ae-41b9-8707-7673226329bf,36,Male,184,51,No
0f705fae-60da-4750-a6eb-523010e16f1e,40,Male,74,52,Yes
9b70ce1c-692d-460c-9ef1-2870ee4a0d4b,26,Female,111,15,Yes
500661df-0985-4ed2-8673-a75e92469fe1,85,Male,45,13,No
0684d6b7-edab-44c2-abbc-96a7c404bfa4,30,Female,72,73,No
45fe398d-8ecf-47bc-866c-b56e1e83920d,32,Male,126,70,No
1bcc0095-d03a-4cdc-8bb1-301612f49ada,90,Female,26,76,No
6aeba0a0-83ed-4a28-86ec-47edad376741,39,Male,149,4,No
26318519-ac8c-4ab9-81a1-270d1061647c,75,Female,110,87,No
f04f3b09-f653-4e91-8e83-b73ddd001f73,56,Female,35,47,No
259cb601-8824-42b0-84db-2f372fb2c1d6,67,Male,20,94,No
9aaf35fc-75bb-4706-98d4-a6777e27519b,64,Female,141,1,No
453fe9b7-fef2-4c70-924e-a2203dab5219,59,Female,87,3,No
a17e3555-6409-4dfb-b780-21566361eeed,33,Female,108,47,No
61974b15-718c-4517-82a3-7420491eee6c,25,Female,111,16,Yes
42e2ec98-3f63-4e6f-ba00-80f52c4b3376,23,Female,49,92,No
bae9db42-58f0-451d-a4f3-e0cb50d1b3fa,25,Male,92,49,No
81a3b3b8-c2f7-4c03-ad29-0edf32d15147,83,Male,95,23,No
acdf79bd-77ba-496f-b6be-9213e36dd376,29,Female,55,78,No
892e5336-45b5-4613-996c-298c05dbc594,42,Male,32,75,Yes
7f78b8bd-03a0-4e22-b2b5-c24af95dcd47,34,Female,79,48,No
508c32c6-142c-432a-bda1-8f1bb23d645a,46,Male,186,98,No
8dd268dc-dc36-4d07-978f-afb765533c76,44,Male,63,90,No
889a259c-c806-4e6b-8ab4-e9fa2b2712f4,53,Male,111,27,No
9ad34258-7556-4ee4-9cad-8ac79634f800,78,Female,59,68,No
d4ceffb0-b7d3-400d-95f5-bcbdae753b15,22,Female,83,97,No
e3d128c3-edee-47d3-80c5-7b4419a7650e,31,Male,76,19,No
06859056-7b97-4ed2-967c-5d19f729dc17,58,Male,131,12,No
48d4a055-8319-4aed-9f7f-e172833a0734,19,Male,60,72,No
434d1c35-133f-42bf-ac4b-af242f91b440,60,Male,109,85,No
0ad660d1-69b6-4962-812a-c95e2cc3bafd,21,Female,64,98,No
a4302ea6-a0a5-41b2-ab94-4b05ebdb4144,33,Female,166,51,No
ba888ab4-2acf-439c-bbe3-e74cc83025a7,64,Male,119,58,Yes
d9e152f0-0e44-46c2-9a8a-28d62321ef8f,24,Female,23,60,No
40373a3d-a062-4985-bd52-075d4e4addbd,61,Female,151,76,No
92c52c2a-9955-440e-bbce-e94abea9769d,35,Female,147,36,No
d21790ae-5f3e-42a4-84dd-ff2ab9bda578,89,Male,193,20,No
b5816584-c899-408a-8df4-cbe3b065512c,43,Female,39,12,No
1dc66b39-06e5-4f3b-9800-50645fa01618,59,Female,125,44,No
9de1c08f-e35a-44ac-b574-ce0c261704f8,83,Male,45,54,No
dc6ade63-5fbd-47b6-888c-b681c848cb6a,31,Female,67,96,No
9ca5e221-baea-4d74-af37-0741e6a9f689,77,Male,104,1,No
8b49de87-5e89-4ae8-8142-171ad57aa052,79,Male,168,48,No
640c4786-dd02-4589-a4d1-aecc48379862,77,Female,157,100,No
e72b38ac-1d61-46ef-8f2f-fc10d0b3356c,36,Male,148,82,No
42a9306e-6cb4-411f-892c-7f146db53df3,62,Female,146,5,No
691cee03-5ced-4923-93af-176eb6307c53,83,Male,60,55,No
f9b6a72d-839a-4f28-aeec-a374a1fb15b3,26,Female,111,55,Yes
1e8a9dfc-d468-4971-991e-bef1e2e098df,56,Male,68,89,No
479bfa4d-5d4a-4a09-b87c-6775ce4618af,32,Male,171,86,No
0c3ab54f-67e7-43d7-a182-f031424e7e86,44,Female,89,96,No
c338e9a6-09b4-43c0-8028-d883ebc52e51,28,Male,74,56,Yes
254c059c-cd56-49fa-9781-de17b827c177,73,Male,127,98,No
9e84ff8b-729e-4c0e-8f84-5a3ae64b1f4a,25,Male,181,1,No
f7634ae6-4f7f-4813-9d72-34b844d95950,70,Female,49,35,No
9c6e1f15-15ed-4711-8777-50d91f91c58c,31,Male,61,66,No
ab273520-2cc7-4aa0-ad8c-efecc778a9d1,68,Male,117,33,No
4b6ccc2b-65a9-43c7-bf8f-74f33e0654fe,82,Male,166,28,No
43a31e77-e3e6-4d35-a85e-d971996a2b04,49,Male,147,34,No
40271854-dcb2-43f9-bd99-243205f2343e,48,Female,75,66,No
3e9b8e90-9819-4388-8387-b26bd70fb61f,29,Female,35,82,Yes
b9eb25e8-c311-4790-9358-bf178269c1f8,69,Male,119,96,No
c791c861-db58-43d4-9570-1f01c69f7e55,81,Female,25,70,No
4d8ffb4a-12f5-49a1-92fc-93185c58e7cd,37,Male,90,61,No
36aa16d8-c482-4219-92f6-1b58e40da0c4,83,Male,140,73,No
c1ddf561-ebb9-4ece-945a-947fd4fdb72d,23,Female,130,65,No
159f36f0-1878-4e98-b712-5a32ee1295fb,85,Male,40,90,No
c766e3d4-f0e2-4408-a7e9-ec765922c889,39,Male,140,84,No
b58ad06b-f138-4048-81d0-b8fcadf38789,73,Female,85,66,No
8d0c93cf-1f18-40ee-82ce-2f1f73ce5bd2,29,Male,197,75,No
aa6adf94-ef4d-4993-ad37-759250b86750,53,Male,65,30,No
59c84e9d-b0a4-486c-bb27-ba75bddb154d,67,Female,163,55,No
bad2b132-8e1e-4652-a76a-cca7de94d259,30,Male,191,23,No
39020fc2-6c71-4301-a6a8-e10cc15bad6f,42,Female,111,86,Yes
c772b69c-5f89-44a6-b4d8-3d27398c726b,35,Female,164,93,No
904e37d1-ade6-4af4-b8ba-0aa2c3b46dd1,77,Male,97,99,No
620fb430-e1b5-4afc-800e-1649c5685e3b,46,Female,119,43,Yes
a1f42d9d-245e-47fd-8e69-a5c2be45bbf6,66,Male,187,43,No
f66bd73e-aa98-47b3-bdbd-5974be9552f8,58,Male,174,55,No
f037a7da-5db6-4ac1-94e7-52cce525e972,18,Male,31,9,No
c4788c75-15bc-47db-a0f1-50d11b666288,44,Female,173,28,No
75ff4bf0-3338-4753-9289-129fe8abcd83,79,Female,58,38,No
32456c63-b91b-4885-9675-0ef27f66e196,58,Female,105,15,No
918023c0-b82d-4128-a49a-34a987854718,49,Female,33,87,Yes
aa588b0c-6432-4805-8466-f963731a9626,60,Male,123,96,No
0b788b7f-f8fd-487f-a25c-aeaee8d88b66,45,Male,144,65,No
95e7a9f3-e3c2-43a5-92cf-6d2b994ca733,24,Female,198,15,No
54f437a8-b147-4dac-93e7-35cdeb07cc69,26,Female,102,87,No
89b83c25-ff57-43fb-a020-09a07a59f2ec,27,Female,107,41,No
aa0a4641-bec1-4660-96f2-297b93716227,79,Male,181,59,No
41337334-6c6d-4a05-9a73-ae257a8cd696,80,Male,168,25,No
031f584c-db8c-42e0-8735-331e8bdd90e3,21,Female,26,52,Yes
22cf03d1-4868-4043-aa6a-c695e162e8de,18,Male,174,55,No
9c76dbbe-5fde-489b-8e8d-4b8b675a41bf,40,Male,160,66,No
8901ea49-2b59-41ca-9be9-fb3f3b1bbbaa,21,Female,72,92,No
c2ff4c08-b5ad-41aa-bd90-d20d6babc625,79,Female,100,7,No
c0805093-9f52-414b-a047-9717609814b3,63,Male,69,35,No
c5b421e3-49ac-4932-b6fd-f7d67cba56e0,41,Female,58,40,No
07921320-1f5e-49a0-9d92-df4589e8e5b8,42,Male,77,39,No
afb0a32a-afcd-4ea8-9811-8dcae02eeb44,41,Male,49,40,No
c38a26b5-9160-45fa-a016-d6db8eb557e6,85,Male,122,73,No
7f46d268-fbdc-406a-aa3d-ac87ab9adc5f,69,Male,176,36,No
8719cf8d-a641-4853-b0a8-b5f58b21ef7f,39,Female,67,24,Yes
f7783810-6590-452a-a828-163d36c8e0b1,20,Male,197,91,No
4c093d3c-3fab-47d7-af7d-5a5cd64619bc,52,Female,133,57,No
2e26cccc-3ab7-46d6-ab01-fca8f08b6757,86,Male,69,37,No
ebb8df0a-879a-4e61-9161-584a7fa7b545,90,Male,116,50,No
a59898aa-f55f-4e85-b348-5d128fe87939,54,Male,90,28,No
9adaa877-a32a-47b6-8dd6-462de91cd67f,47,Female,95,66,No
a81da0b5-72e1-45ce-a1c6-449c460e1f72,18,Male,54,65,No
202c52d0-2cb0-4b38-aa5c-7e231b14ce50,23,Female,87,66,No
8510754c-a859-46d2-a0db-99fde76c34b8,27,Male,179,36,No
5af1942a-df1a-4176-ba64-f05f1037ef83,82,Female,177,56,No
f24aba59-097d-4093-95cf-b313fd26acab,83,Female,102,32,No
619b626d-f384-47d9-83c0-ea99a0034783,40,Female,167,33,No
eb2f65f5-0158-49c4-95fb-1d174f661b55,22,Female,189,50,No
9f5083b9-4c6b-4100-94b0-26cf118917e5,46,Female,193,12,No
dcfef40b-cc76-4e1b-bed8-78d1cea8ffe2,54,Female,77,9,No
62cf07b7-41f7-4925-a55e-56160ad74756,21,Female,146,77,No
999f7670-4810-41c2-9777-3179eb1b18d3,58,Male,93,29,No
cf76e6b3-a0a0-4e1a-81b3-b0cc9cad5bce,80,Male,34,23,No
25884107-d990-49e8-9f1f-720705ea49bf,36,Female,34,52,Yes
19577535-f8d3-45c7-a91b-e4ffe784c0f8,53,Female,37,19,Yes
d9aebab2-e2ce-485f-9a43-3c2c5e89f060,20,Male,140,91,No
04bd3c31-2840-4572-b255-2e3e0ef269d8,66,Female,156,80,No
e3af1d9f-3287-4e91-bcf0-fac957557823,23,Male,150,9,No
64e71072-f764-4f1a-a3f1-9d1442c050cf,64,Male,140,88,No
47667169-3e66-44cd-b0ab-50dd5cf3a851,32,Female,101,59,No
b57daecb-f46a-4b05-9fd0-9a3b1b93ce37,55,Male,90,38,No
979d1501-8270-4a16-bde0-6f9aae69d87b,22,Male,197,76,No
a43b3b23-a7b3-4ba0-b6eb-f536be4941df,51,Male,114,37,No
7b1dc171-c3fe-4828-9abd-57bf1c7772ab,43,Female,41,5,No
ad922932-3727-465a-8943-a179bf960408,35,Female,71,15,No
4fd8af2f-1730-4748-9e13-0c92661a53ff,42,Male,101,61,No
df2c18d1-7eeb-4d64-8f3a-3f118a33a3ae,36,Female,24,13,No
ab043783-2e76-4ad8-89ec-442250b68b71,51,Female,163,64,No
fabdde92-b82a-440b-8db5-a40c7bf457fc,37,Female,176,53,No
650e49df-4813-43cd-9c79-7ecd9f4df7c8,71,Female,175,1,No
dc85286b-988b-45e7-9dc1-d2d024111223,53,Male,182,70,No
6ce8ff7c-fbfc-4c7a-946e-66965e9acf5e,48,Female,36,22,Yes
3b7a328c-4afc-4ebc-8836-459d0c31f961,55,Male,106,72,No
3dba30f1-b3e5-4c59-8a0f-e879104dfc67,76,Male,65,81,No
3041b26d-c27f-4967-8871-bd943c467bbc,60,Male,178,95,No
c6b713bc-6c71-47b4-afcb-538d43464be8,25,Male,178,4,No
0dbb96f3-c2fb-4553-bac8-f41d7a306223,77,Male,119,61,No
cfdeeae7-9f3e-482f-bca6-368762bc50de,62,Female,120,60,No
07eb37ed-77db-4955-8113-1915d8b85667,79,Female,26,15,No
992e07a6-f01b-4c3e-90bf-0af240caf3e5,77,Female,57,1,No
1a70a60a-766b-42a0-87af-082d1b6fd8c8,62,Female,93,91,No
b5cd6dce-b3b9-42b8-9dc1-66656bd87bcd,65,Female,38,62,No
e22ec57b-708b-40ee-88b4-605b1fe1cc91,25,Female,33,1,No
94bbe982-16c3-4372-869b-7df58f07df1b,53,Male,97,57,No
253d3332-b823-4c69-9cb6-2a3be7ed5d3c,85,Female,92,26,No
f13f8224-64e1-4f2e-9a33-d8822a96f05e,88,Male,109,55,No
34c48a17-9fd1-4198-af81-6a87fb49a2ec,73,Female,153,1,No
0bce28ef-b2a6-4533-a5ad-6f31bc1c8f21,36,Male,170,100,No
299e823f-017b-40c9-a079-96e56ce19ae6,60,Male,117,68,No
a18404bd-8b64-4637-92ce-3322b116ea97,30,Male,39,72,No
b0a4e026-596b-4aca-9301-35bed5e998dd,90,Male,63,29,No
f856484d-f160-4835-9e6a-a189734976ec,85,Female,49,97,No
a88e8598-0147-4b94-bbc7-ed6b6443a64a,75,Male,35,57,No
9b15de0a-169f-4629-b82d-adf15bd1d504,28,Female,151,10,No
0638d96d-441e-49b8-976c-6d49a13a8692,37,Female,104,98,No
fb5e186f-802b-4c63-903a-32206ddda487,74,Female,182,42,No
cac2e651-df18-4049-bfea-d52ce71657be,29,Male,32,76,Yes
bfbe9dca-68a6-46ac-aeba-ac105b129c92,58,Female,121,49,No
4846ac44-222f-4143-a0f7-555764a61fcd,29,Male,58,100,No
c47fee05-3c31-4cf5-ba68-8ef3e3c1d1ac,64,Male,195,97,No
aba2173c-6609-4df6-ae81-97827eaf1cb0,69,Female,195,78,No
824be5a5-3b8c-4270-ac2a-db865edbeaab,68,Female,184,65,No
e5a5d3d8-3d15-4c36-a12b-f675a1a1f105,59,Female,127,30,No
4657bb7e-c958-4e4d-ac7f-9075f5ffa56c,47,Male,58,36,No
739ffd59-c75f-4815-9318-9484505dbd45,27,Female,49,41,No
c205405f-9d8a-4bae-8660-2d145c01fb69,84,Male,197,62,No
50f28b2e-1a71-4c6d-af23-9ccedc1052bd,37,Female,135,16,No
421e5a53-ac42-44a3-9178-6b3909870f0b,41,Female,78,10,No
371b1540-925b-4ff0-959a-7145fae111e6,69,Male,193,74,No
b3146b58-b611-42d8-8101-386be588b072,35,Female,37,72,No
35805527-2f5c-4b2f-80d6-6f752ae07a1b,85,Female,82,17,No
4c1f0e0a-d071-4d68-a385-50eef02efad9,56,Male,135,7,No
dbf8f4de-c766-4676-996e-166607068c8b,57,Female,187,56,No
92d8547a-b800-469f-8b17-a71b4a22618a,60,Female,190,46,No
1849e3c3-c01a-40a9-a145-797c4a0aeac4,50,Male,149,61,No
14050058-18e0-4a48-b1cd-6622ce336eee,90,Female,192,65,No
b5485353-8cbb-47e7-a7a8-2f6bd91255ec,20,Male,162,73,No
6516b64b-a237-41a3-a061-793f21878f7c,87,Female,90,34,No
48dd786a-eff0-4661-b6dd-da337255b8b4,34,Male,97,28,No
8d0f15e0-ffc4-43c0-b038-53067e966a90,90,Male,82,41,No
a0f854f9-aa3c-42b2-9bf5-9e3404541c96,90,Male,86,7,No
fb4bef35-5c42-4702-8951-87ae9716519f,28,Male,98,99,No
a0206871-1dda-47fe-9613-67c7aab7f0b6,27,Male,145,69,No
a8171512-1528-4add-b00d-7b303cd6c13f,41,Male,82,48,Yes
b35e6345-b668-4f44-8bb6-ac94723a65d0,64,Male,29,6,No
f6364427-2f5e-4698-b7c0-4aee40973bc2,29,Male,173,56,No
5e85f778-6a77-4c25-bfac-64aa2a605979,65,Female,35,20,Yes
1e80ffe4-18bf-4217-bdc8-ce0ac657c9dd,57,Female,165,71,No
4e0f66bf-1ae4-4f4a-a2a1-1b0817efc9ee,77,Female,111,8,No
75c63bca-c518-4f90-aa60-3efc4616f153,25,Male,184,69,No
57ae9db1-41ae-41d7-9444-96dd65f145ea,73,Male,104,9,No
8797aa7c-fce3-4a0e-af66-8b05dd052f35,25,Male,24,19,Yes
ac08342b-59e3-4d5a-ae2b-4770311d3a5c,81,Female,37,5,No
50d1216a-c449-40a4-9a48-8faf2f11b204,33,Male,125,88,No
2ce6a4d6-ea69-48a8-ae4e-3f7f40d8c11a,34,Male,112,100,No
23cb82d6-2f05-443f-82e5-2a7d992e5abd,82,Male,27,19,No
c58bb76e-a21b-448d-b4ea-26be6ae76dbf,43,Male,198,38,No
b8ef8803-abf0-4236-9aa7-9eb750cb79c1,79,Female,187,54,No
6b3b73f7-09f7-4ce9-97a9-e72b36a60cd4,83,Female,148,9,No
9c74a4b1-8317-4cc8-9a48-a3c8d02df730,83,Male,82,7,No
1574c6f6-c976-4956-a193-ba317a932f85,54,Female,56,94,No
81a16720-019a-4bc7-91c4-1e04e69d81d5,39,Female,103,26,No
2fb96ee4-1fcc-4ace-8262-37219233b270,79,Male,116,14,No
314414f9-6338-426f-afc8-d1625b345361,35,Male,75,42,No
8c25f2a8-1960-4eb9-bfde-9fac133a1913,47,Male,98,33,No
056494a4-eeb9-45c7-8f23-a200b3bf9ed5,24,Male,69,65,No
5f47251e-282d-4111-9e26-7081f18fe688,74,Male,68,68,No
1ac40d28-9b20-4ba9-b78f-5e599e553308,64,Female,129,6,No
3b90ccc6-41fe-4b3c-baa2-14cb77e6b766,44,Female,141,1,No
d2702c15-eb1a-417d-86ca-dcddb161ca62,18,Male,185,96,No
62dd0f8f-2d51-4b50-b9e4-72bf321d5a5a,71,Female,57,58,No
190ff1d9-f95d-4ae0-a47b-da2f87c4ae39,63,Male,60,46,Yes
6693671f-7752-4f1c-bd41-fbac79e26ee4,82,Female,110,94,No
68e4fa90-31c6-4ad2-a4cc-0cac8a77d8bf,57,Male,63,36,No
fd3293c1-8e9c-4d89-8f46-07dea5411ddc,72,Male,119,38,No
70b73e4b-ed5c-4d44-89d0-6ba4aa0aec2e,27,Male,73,95,No
a2c86079-a610-485a-a549-e861c20d19e7,38,Male,21,13,No
87d2b8d6-cfa2-4233-84ad-9ecbb0ca0b8f,50,Male,174,58,No
dd058ab8-4418-4a7f-bbad-ae110dd1bc1e,86,Female,161,16,No
802f62af-5732-4aca-84d9-9c6e94baf906,50,Male,85,59,No
fad1e073-c272-417d-bdfa-6ccff667810d,24,Female,58,48,Yes
23420ff4-2179-4ce8-95ef-88be670fdc52,55,Female,183,68,No
b042ff7e-a78b-4fd5-8c57-1f7b8e181342,31,Female,150,48,No
30ae9bf8-f52d-4b38-96bc-fb917450741d,37,Male,126,65,No
3cbad383-5340-41d4-8b94-685e33b7702f,81,Female,152,11,No
0fc5410f-88d1-4042-a929-f390f91d5801,53,Male,116,22,Yes
f0815d17-af35-454b-8442-a586d10c7eec,73,Male,139,76,No
3a19ce3c-cbcb-47d7-ac2c-bc25a18f4cd0,80,Male,133,13,No
18c338ee-66ce-4782-ad1d-23208dced64a,25,Female,197,18,No
cce5db95-8f61-4e36-8a52-b8fcefa068c2,47,Male,168,16,No
49fc4505-1e96-4b90-a655-92ab27e1ad18,64,Female,41,81,Yes
aa2c0a99-182e-4d43-be56-686b9774e6be,43,Female,148,1,No
61c5a238-e875-4b09-b3f6-3d001a00246c,49,Male,112,17,Yes
aa9e6043-55f6-47ec-9572-c7fce8ba43f3,90,Female,138,28,No
71c1be4c-94a8-49a8-8ece-5f3e803f4cad,36,Male,147,100,No
01cc9ffb-5315-4fdb-b179-f934583cc958,28,Female,103,5,No
ea074df6-4181-4926-859c-7ac1a187daf4,75,Male,57,94,No
b87f131f-c890-4d0b-a6d5-dc29ff6788b3,48,Female,194,64,No
0eebd0e2-2e4e-47c8-a0ae-887f00ee4ddd,52,Male,61,63,No
5aae9162-1ac2-4f05-9fcb-18f26ae5dd53,76,Male,181,25,No
f58a8501-85b2-434a-ac00-91fbd94cd3ee,56,Female,71,81,No
3ab3a6fd-a1bf-416c-a604-4de94d7dcc7b,38,Male,169,58,No
edf94271-a69c-4449-9eed-9a7a4f27db75,66,Male,50,29,No
1da32963-670d-4a81-9834-73dc774e4866,26,Female,138,24,No
475988a4-72bc-4872-b454-f2ebf900693b,39,Male,143,67,No
b8a2dd9f-043b-48bc-9524-4556c0620385,86,Male,173,84,No
9390b55c-1229-4f1a-b0cf-055775034d74,77,Female,128,78,No
32884b7a-1925-4bf0-b604-fa50e4171eae,79,Male,177,13,No
ed447a56-5618-45bd-8c33-366bd0a2f61b,30,Male,50,87,No
3141cbc2-263d-4c3a-a102-916c3d1d90b9,36,Male,174,40,No
8e4131b4-0137-42f6-99a6-a2b764cc5468,56,Female,100,23,No
13019229-b823-4280-b46d-45c715050a76,70,Female,155,59,No
6f25bc35-b11f-49b5-ac5f-55b73cb400a1,71,Female,44,56,No
f083ad85-11a6-45ce-b096-20d3b852d6a4,30,Male,155,61,No
e82006d4-97ad-4d68-b371-2f5c754917c5,72,Male,97,28,No
c1025c2e-7679-4808-88bc-01d2d42d872a,67,Female,199,50,No
7dade03b-5a9b-422a-849a-8adc08a03497,86,Female,172,50,No
539f18d6-5324-4ebb-8f41-29e0a6cbb4d1,68,Female,53,51,No
27483416-2456-42b9-8dff-cdd43fcf2adc,76,Male,169,100,No
3ae4df52-fa29-4184-aa7c-b58967587b03,47,Male,135,29,No
2ae6f35c-5a61-4afb-ba86-461130264533,42,Female,82,8,No
70db8c44-c45f-465a-8bff-8a785006b223,20,Female,127,77,Yes
ad1001a0-a96b-4262-98d2-d488367e246a,57,Male,184,21,No
66f0c522-a598-4cff-bd48-b94896de0b82,30,Male,149,41,No
f41734f7-c255-407a-8256-3d30adb719e6,82,Male,136,32,No
b56de419-88c5-49c0-8536-f50dcb8f7af3,87,Female,153,22,No
319a3bb8-d79c-43ec-b247-1f86247866d8,55,Female,154,62,No
713ee1fc-c748-4e68-8bb7-37c3d1e6c3ed,65,Male,173,6,No
64ac5c95-ecd2-4ad0-a961-4176c6ade783,46,Female,190,15,No
009be2c8-e954-499c-ad81-876e8ff1f0a9,33,Female,93,49,No
16da6712-7f40-4b80-a661-1e026e481858,27,Male,148,48,No
6ae8f024-76f4-4655-a772-3e84104f6d0b,21,Male,28,42,Yes
e7570e83-a339-44ee-9c26-962b8a0d2f8f,66,Female,105,18,No
dcef0d79-b492-4a55-baf7-227b73bb3f2e,81,Female,22,69,No
2984c6b4-f6ec-45b5-9ff7-42ce7c4d2207,80,Male,110,56,No
283af3c6-a712-4865-a38c-1b303690c3ac,74,Male,44,76,No
a9dce21a-7f8c-498d-ace2-a2f1657abb21,44,Male,129,34,No
44b78793-58f1-4c41-bfaf-8686db626598,80,Male,41,83,No
3fcee86c-8c51-412f-bd29-e3dace8e8e69,31,Male,84,14,No
26aff95d-698b-4b57-98ab-d9b6321ddc61,60,Male,75,32,No
5a347333-28aa-4952-b8f7-940e0bad6d01,84,Male,60,71,No
dae4d8ee-5958-40d7-b45e-c51895cd6a8a,73,Female,144,91,No
ee67bed1-f382-485a-a061-a681c2cc078f,66,Male,96,2,No
c6e8c480-31d6-462a-8d9f-3c0380b893d4,57,Male,115,47,No
000c39f7-e7fd-4152-964c-3df69159d5c1,72,Female,30,78,Yes
58fba147-d27e-4246-a577-3fc8b25fc4d9,60,Male,29,49,Yes
442ae596-b772-4f1c-bba5-0ba5f8ba0696,27,Male,175,27,No
05470644-876e-404b-8ac6-2bcf284c14e2,77,Male,134,78,No
d619f650-245f-43ac-8185-b8a18176dd22,83,Male,192,31,No
94b7baaf-7f68-4ad5-aa87-e3e53937f64d,58,Female,137,1,No
388df614-5a16-4b56-bbd8-19d2c5c7a95c,73,Male,158,85,No
13c03979-a399-4adb-8625-f616cd730367,67,Male,79,65,No
0edfe95a-f494-4d23-ab56-8734364e9c6e,42,Female,33,36,No
7ea47dee-eb56-452a-be8c-0915ea34147c,20,Female,179,33,No
aec19734-a157-4b9e-9f12-cf3361ca1d06,48,Male,181,83,No
5b23cfa2-72dd-4659-8ff7-fbba69c9d541,55,Male,117,6,No
03ecb91b-1dcb-4570-8329-e26204efd358,79,Male,70,6,No
56308215-83c6-40c5-a7be-9c2ba6ed7e8a,23,Female,149,68,No
896a200b-eb22-4061-8f69-cdbf510b5491,31,Male,92,2,No
6956390a-672f-4f92-a72d-4fc4c26e37b3,76,Female,52,72,No
1502e6cf-ca22-4cfd-851b-263d0e37f01e,46,Female,38,88,Yes
6da9eb68-783c-4088-a416-ae1a5929f27a,77,Female,114,54,No
e664303e-2f3e-4722-b07d-a2d28e327fa9,29,Female,106,74,No
39329c88-0ff8-4248-a6bc-ca72d44d93da,56,Male,170,2,No
3d7a4fcd-5176-46e0-a7ca-c489887e1e73,28,Male,127,21,Yes
3eaa0f47-aeb9-49c7-91db-7fbad06fabbd,79,Male,77,67,No
1337f109-7c78-4f4b-a3b1-4258c7c75de2,54,Female,120,56,No
17ca81e8-0c61-4b59-bc8e-eeee606fe30c,65,Female,24,35,No
ad58b922-861f-493a-9c23-2f22174ad843,65,Female,94,7,No
3c5895c8-df63-48ca-a406-b1fd1e8a1936,87,Male,106,82,No
5d266b6f-825a-40cb-9ad9-abc7f3d9fd80,31,Female,101,46,No
7268a546-1f3b-444e-9122-fabfb4a50c3e,30,Male,51,8,No
5059a74b-8664-4a8e-a2bc-bf3ed0199259,79,Male,112,38,No
b5be5f37-1754-4f9e-86d4-5f72b48555cd,63,Female,145,93,No
28188e87-1d9c-4475-ab91-fc72b6e0d1bd,41,Male,122,68,No
c2446240-6681-4f69-9d72-594c6ffb9521,42,Male,138,55,No
8f7b2463-1e8a-4da3-8100-887446c99d7c,52,Female,29,76,Yes
bcf51ce9-092e-44f5-bd6e-64f8d78df15c,58,Female,21,42,No
20e01c4d-b488-4101-930e-43be618d6a3b,84,Female,162,10,No
8e9e8dbb-cdf9-442f-a306-c77d5b076948,50,Female,73,21,Yes
5195e89a-4f65-4751-846a-5dab5ea4d112,37,Male,92,32,No
08bb34a2-6fe7-4aad-8613-260dd9cac1d8,40,Female,146,59,No
b5e649c3-acf2-4977-9cc3-85f9924672d2,51,Male,77,62,No
5ad1230f-d832-41b8-a47b-f40cc327a0e4,20,Male,148,99,No
2bd8091f-ff48-4fa2-adb6-a0e4e125caff,40,Male,121,92,No
f86e0896-df13-44f4-b572-535f69bbf595,25,Male,45,72,No
a504a82b-c510-4e49-a2fe-3f0a2370fb72,38,Female,43,52,No
00b1aa58-9146-4933-ba4f-537986e093e5,35,Female,150,33,No
d1cc407e-7db3-49ab-8939-96f815580f50,34,Female,119,57,No
39d2955e-ff12-41f4-85d1-f19299e7d57d,89,Male,158,13,No
18111868-9e40-4e33-8556-efb36c54de05,40,Male,64,46,Yes
0f2e415e-330d-43b3-a5ba-f35857883cf0,75,Female,31,77,No
299bdb9e-0503-4281-a0d7-63b0a670194f,35,Male,189,59,No
b978874e-cc2b-4829-affb-95ce54935dbe,71,Male,21,35,No
74d7226c-1f41-4449-9d1e-aeb415c026df,22,Female,185,73,No
d65dab70-62a9-4ca4-9512-d86eefb84db3,31,Female,128,47,No
94f2647b-27a8-46bf-bfaa-3781b05327ac,54,Male,21,13,No
9578a36a-27d7-4831-acf0-0184d503010e,39,Male,77,22,Yes
995d76ee-2d6f-4c39-8e3d-fd4a7b00aa67,42,Female,135,65,No
b1e523e5-52b3-4baf-bac6-0d493bbca266,42,Female,54,26,No
396ee6b6-d53e-4675-a99f-dcd7ebf276e4,71,Female,65,70,No
e1c074c7-52f5-491c-ab06-584258668d3a,19,Male,62,47,Yes
d82be296-f5a5-4e3c-b9e9-6fff22a353dd,60,Female,58,64,No
d9833e92-a2ce-4444-a1b9-74b216e2c101,68,Female,94,91,No
9b2f4b16-5ad5-463e-a87a-bbb7bf310a2b,77,Female,116,83,No
e43f9f8d-1a89-4fa0-9d84-5731b6236333,64,Male,175,71,No
dbd5eaab-0c19-4960-9b9d-bb7fcebce20d,19,Male,180,62,No
a13672f2-b25f-4065-ba2d-490a40f64a77,79,Male,180,48,No
d2dc09aa-a3d6-42a8-a292-6f8839de4b15,20,Male,65,16,Yes
97f6ffd3-ed65-4bd2-a8fd-97622ada4bc0,73,Female,95,40,No
adba2de1-8f1c-4fb7-b891-610beb1a3f06,36,Male,70,89,No
8dfcc306-6e8f-4b35-9592-04d046c4906d,71,Male,49,23,No
5b742e87-fe4f-44ff-ad22-476308a67be5,80,Male,178,44,No
efbcc469-bfa0-4c5d-aee6-6817db02e0ae,65,Female,54,22,No
b1ee34bc-5d23-480d-a125-f77e6a7a4e7a,35,Female,182,87,No
292028f9-6141-42d7-a93a-3fa1e7be2cee,29,Male,180,23,No
0780e783-ab2b-45c9-9ae9-78ef8dc65c5d,87,Female,170,59,No
f53afa49-a8ca-4a19-85f2-77d06571cb14,79,Male,79,60,No
fb1efc7d-012d-424c-bc7a-870e9214294f,46,Female,44,52,Yes
59e03e56-016b-48e0-b737-a179280820ce,42,Female,176,15,No
d945dfa0-1e38-45da-8462-9c9e09afb55b,56,Female,62,91,No
dde58823-ab52-48b0-aa38-67474d548383,64,Male,67,72,Yes
b65f1bc3-297f-475c-bb6e-50f60e582bde,51,Male,43,87,No
945b8e8e-b97b-4a16-80ea-c69f6a0d7023,80,Male,85,27,No
3c11f841-d87a-4b95-b6eb-2dd36c0ddf3f,84,Female,97,63,No
8db183d6-024a-4ee2-bdcb-839b2132ca58,26,Male,24,12,Yes
23b62b36-c3ad-48e0-a57d-aa061c005556,59,Male,168,43,No
95f11925-c5fa-475c-8706-6b4e604010b9,80,Male,109,89,No
ddd064ba-3148-435a-a102-6aa4b68f2c2a,89,Male,118,8,No
ed1cf8ed-c0ac-4e2b-abd0-5f3b04200cdf,22,Male,98,72,No
58f37526-a933-4a5b-b3d6-bd6055ae786b,35,Female,56,13,No
d069a23e-1382-48d2-a456-c5cec8c84905,49,Female,134,74,No
4b9e15fe-4d5a-4522-a453-6ffb4bb2d8a5,60,Female,65,62,No
650f5ac9-f970-4df0-8497-a7099f440015,55,Female,38,66,No
c7fdf0fa-dbee-42da-8934-1d0fcc7b4109,45,Female,89,62,No
92347507-9fc9-4e9c-9275-53f4e34cf502,24,Male,127,82,Yes
88bf421c-68a5-4a96-aee7-4911b5d86a1b,83,Male,32,95,No
3068079b-cc2a-402e-8bbc-01bcce16f096,54,Female,42,86,No
7ef3c872-c3fc-430d-8e48-415495f39542,40,Female,27,18,Yes
1c1e19cb-9675-4e0e-bb97-e61e78752b02,81,Male,139,3,No
8afa72ab-3c88-48c6-ab1c-abb89a500752,89,Male,185,61,No
3ad91893-705f-4301-81ea-19f83d6424bd,75,Male,50,86,No
38434327-82f4-4e22-8ce2-a6cb1f8e062b,37,Male,155,53,No
ecab9fab-c1db-4888-9664-294634813082,28,Male,159,1,No
93d04fe7-32b8-497c-9218-37f5649ac93f,26,Male,189,78,No
88073b75-d22a-4898-a0cf-3ccafeb2c62e,30,Female,162,11,No
cc86ef40-4fef-4aa5-aef6-56d7e9947a9c,30,Male,39,55,No
f72ee9e6-8043-4af5-915a-c518ee90bb3d,74,Female,63,19,No
0e058fb5-d261-4e20-80ad-f7980273725d,53,Male,193,91,No
1c6ed150-f47f-4095-8cdb-c8b652ee0e6e,43,Female,93,54,No
03b9392a-e62a-49cd-972d-60293127bd7f,46,Female,133,49,Yes
b6e6a7ee-2bb4-4f39-a333-ae13be4dd91c,60,Male,27,76,Yes
c59f6ca3-2a04-4754-91b5-600993bfb596,90,Male,160,49,No
d3088ab6-b047-43d6-a593-e866b6cd8216,84,Female,44,31,No
743a32dc-472e-4f1a-99b1-e80c750252d2,52,Female,45,16,No
d39872b8-0e8a-40bf-8ba9-44121e5a1ed3,61,Female,190,1,No
ef77d157-4cda-485b-8e93-04348c17a409,62,Male,25,86,Yes
ba727ce1-6789-4167-a933-8537688df6a7,30,Female,174,68,No
d62edc2d-c1e0-44c1-b2e8-666c487ade3d,39,Male,192,82,No
6fb95d63-da28-45d3-bb7b-a4aab2c73b9c,73,Female,91,54,No
483abe2e-4341-481b-9385-2f38184395fa,62,Female,104,24,No
da37dd2c-a9a3-43ae-af1e-73150e3a72a1,27,Female,57,11,No
825f2a20-a474-4e0a-b693-a56e7d6892b8,22,Male,148,16,No
42d4d26f-112a-4ab1-950a-68f1878b9bd2,32,Female,74,17,No
1e0ff09e-32dd-474b-b888-5b446a7a7b25,35,Male,181,100,No
0b65c48b-3c30-4558-8de5-9ebea02f9ff8,89,Female,101,8,No
85cfcee8-3a40-41e5-a322-0dde226c2f60,39,Male,91,84,No
2da5ec73-b93a-4bf5-9587-9755c5172a4d,86,Male,68,51,No
7596e1b8-b0e4-47f7-a753-027281806bcd,63,Female,113,69,No
20c15ed5-53bc-4d27-916d-56240f965c35,27,Male,112,46,Yes
f5cb4d8f-8f9b-470e-829b-eadbb96ea435,73,Male,86,63,No
fc833cbe-f923-4c71-8042-d01e1356875c,44,Male,77,78,Yes
dfc62be5-5b5f-4a87-b712-094c77a1297a,90,Male,146,22,No
4247398e-ecd1-470f-b860-3debcc47d45c,74,Female,70,56,No
4b1aee6f-fd3a-42e2-abed-f34ff8df9f0e,41,Female,138,81,No
7f52884c-a4ab-4eec-b4f5-2c74db23b4d3,39,Female,104,100,No
2e44e730-bc00-429c-97a6-deeb0cd2bfd8,30,Male,147,46,No
f0c4e55d-8753-49d5-9496-cd978f5e7bd2,50,Male,92,17,No
e53ffe14-5c56-443d-a961-102079dc37e0,34,Female,46,42,No
e63ecaaa-efff-432d-8e9f-28280c31d7e5,60,Female,77,82,Yes
a3c3998d-12a6-4748-b0bf-d499476298ef,34,Female,33,54,No
bafa7f80-0cd5-4051-ba36-12be6bc850bb,20,Female,174,39,No
89766ec1-9c1e-4c9b-837b-3022f73d556d,65,Female,32,90,No
112eeff6-8d68-47d1-acf0-1d2388677257,54,Male,93,66,No
9952bb37-3f55-499a-9b2a-711ab1edaae3,75,Female,161,17,No
9c7c5bad-22cb-46c2-8b4d-4936c9364267,54,Female,40,32,No
f01fa18b-3ad8-454e-89af-a70a519caee5,65,Female,64,33,No
d4525cec-cf57-4549-8be4-6a536b7c31af,50,Male,143,70,No
fe40c170-2890-4762-b183-7b0b4fa5ff23,85,Female,150,53,No
db6dca95-f12b-46f2-8138-ac8b4f4c2796,71,Male,88,13,No
3d9ecf3d-854d-44ba-9b6d-68f0e6a041dd,75,Female,109,20,No
820481af-336a-413b-b6ef-510aeb9e688c,70,Female,105,48,No
0866e99d-b56e-44ee-b07e-2fc6ce86686c,48,Male,48,14,No
588bfb54-c6ae-420e-ae75-6615d083db7e,19,Male,49,43,No
3d2bbbce-adcd-43b4-854e-c7aa9026f512,89,Female,162,15,No
58c9ec58-52f6-43c1-bd2b-dc2b029af0ae,83,Male,75,53,No
2b88d098-67f6-4d27-a98c-7c4cad8dcf08,75,Male,193,5,No
1e98af95-df78-4069-aabb-130322471160,88,Female,68,52,No
9011d5f8-4bdd-433f-b6c5-09335fdced79,26,Male,72,32,No
7cef4adb-ccd4-4d56-a36f-a3e23439b306,45,Male,103,64,No
fa460b2f-5c9a-425d-a33e-4d2731c6e095,21,Male,134,75,No
1a59cf48-8a11-4e6b-b184-7bd6dd916754,20,Male,147,15,No
759c4ea6-df08-44b1-991b-0b349d14c01a,49,Male,96,30,No
f35b6a79-7db0-45c7-b5d4-20e3165231c1,65,Female,170,80,No
3ecd543b-0ef8-46b1-9d82-9418ed822e4e,87,Male,109,40,No
df211d02-768c-4ed6-9084-05de1bc291a8,37,Male,66,66,No
c84237fb-984f-4183-8315-522f77a149b3,75,Male,124,70,No
b3701aa4-6073-4f5c-9a5c-afc7f46af6f7,79,Female,162,26,No
4c1c5c0f-6412-4f65-96b7-f9fa361a8de9,21,Male,47,57,No
c23215da-511b-4c28-a058-e7fc2b119532,50,Female,130,19,Yes
18171787-b1e4-4806-b2b3-f707775a5826,89,Male,40,26,No
93cdec47-9bce-485d-8f84-ec8e083efcc5,90,Male,90,91,No
ba656e4d-8eeb-445d-b600-625597a2470d,28,Male,176,73,No
c8fc6a12-f163-495e-b61b-deb8964adca9,75,Male,76,95,No
27525b2a-2653-4e81-b205-ac593b3b928e,27,Male,55,66,No
d8089c26-d058-49df-8e5c-4d0bc9a02f30,76,Female,77,8,No
eaeb5748-4ce1-45b2-b28e-2580e4b5a96d,76,Female,121,75,No
18a87057-2696-4d04-89b3-516d1deccfa4,48,Female,61,69,No
6fd98079-8b6e-4469-9500-86f9962bb37e,61,Male,113,37,No
1037b90b-7ac0-492c-85dd-5b3bebd08e90,67,Female,109,37,No
5e010521-320a-4f98-979b-c24a5e96b522,73,Female,199,73,No
b795dd96-d8f3-4817-8a16-4544105960df,33,Male,39,34,No
86234b71-dbe8-4e03-9a39-f9b0151a10db,86,Female,134,38,No
7d242ec9-a551-450b-87c5-bfad3dfc23cf,61,Female,67,5,No
997a47b9-59bb-4007-851d-90abc5cbc29a,50,Male,162,21,No
a6981e04-5b72-47a7-aeb3-1b6baac76069,67,Male,153,81,No
f6f697d1-2c1e-4f38-8504-a5e73fa01a26,24,Female,123,33,No
c0b88001-147f-4945-8829-f26bfb4a435d,52,Male,173,13,No
e8c88bd6-6792-4694-a2e9-3f81c018d780,25,Female,25,15,Yes
a28b45e4-5785-44d9-a520-9db40803002b,52,Male,182,29,No
83ed536d-c44b-4a0d-8973-636edb723ead,19,Male,107,7,No
cc839395-0d9b-47ae-9172-92d446c2cb0c,27,Male,99,50,No
e1416b23-e1dd-4438-a254-72132dc5ae6b,81,Female,103,69,No
e98ccf4a-d103-440b-8aed-fcb17de3996b,31,Male,196,31,No
057a0204-bea1-41be-9665-9b49190b6547,85,Male,86,24,No
233fb3bb-1548-454e-9e8e-23637365047f,19,Male,60,98,No
10479e73-7334-491e-8e55-7103bb1c1f50,35,Male,59,40,No
ed236ae0-80b0-4e5e-b65f-6695ac163837,21,Female,146,4,No
ac88779f-fce5-40da-934c-26528340088e,39,Female,140,38,No
c92f6397-31ed-43b3-b625-9d86f2b09659,82,Female,104,92,No
1d79ffb2-5775-429d-8447-04eb3d36d99f,82,Male,58,63,No
e1cf580e-9753-47f8-b858-65c134ce806b,69,Female,110,57,No
47d9c71a-a09e-4ca0-be60-4f2e0908ea74,45,Female,131,99,No
b2930357-8bff-4200-8c99-d6ef3ff5a1a0,27,Female,78,38,No
9270a59d-b4bd-4f91-bf77-53e269ba7056,46,Male,176,8,No
60cddfb7-5243-4f65-a600-52972f2a9d52,90,Male,104,9,No
dabdcb9a-25f1-464d-8979-e4f7e7cf3e8c,74,Female,181,56,No
8255ab1e-ffb4-4bbd-906a-9f024cd0e0cd,57,Female,126,4,No
6221c388-81d2-40ef-874b-25939637bdbe,32,Male,166,12,No
8f9541e5-2df4-4071-b6a9-294ed025dcc8,37,Female,79,25,No
8e6829a6-ade9-48a9-848d-024320aba8d2,81,Female,61,72,No
0092ccb9-d846-4426-85c0-423005a204cd,26,Male,176,8,No
04c56efd-3a71-4595-be0d-e2156424fe9d,19,Female,24,91,No
838e6a81-c986-4348-99a4-5351e755abef,27,Male,199,48,No
e79f4024-bc9d-4641-8290-c96b3921348e,58,Male,33,40,No
c356acd1-5543-432b-9d46-a9d8431a69b8,66,Female,26,67,No
1398181a-71cb-44a4-9897-c55beabb8b86,47,Female,72,78,Yes
774f9d19-9fd1-49d1-8bda-291df1456038,73,Male,67,21,Yes
f96e6251-4f56-400c-b751-f8984fd65889,24,Male,178,59,No
ffa3c08e-c0a3-4b10-9490-9decc7e897e6,81,Female,57,13,No
88fa49c4-21e4-4831-b415-1a6256fef5f4,64,Female,163,11,No
61435a10-ed95-4665-9e69-93dd0e5cacc7,77,Male,48,68,No
dc085efc-7fb4-4e88-8154-62da2e5ca0a4,77,Male,185,70,No
7fca7b67-61b9-4853-bd21-1768fd33ae26,86,Male,162,5,No
733534d0-9b9e-4e18-8688-bbc55284df67,35,Female,192,75,No
1abb3ef1-8214-4b1a-b267-77346569b3aa,70,Male,104,32,No
3e2d7f95-4306-4710-be1c-58986c5b22ab,41,Male,146,42,No
2fc6b8dd-5ccd-4acd-b3d9-e00b32586fae,48,Male,52,64,No
e7d229a6-6f39-4bd7-9b6a-9cc283d7f14f,47,Female,173,85,No
bdd6c53c-25f0-47eb-ab3e-99b2fd9a00e4,64,Male,62,81,Yes
53eb3733-9ce0-42b6-a671-2a7876e644dc,66,Male,192,5,No
66d0727a-2fee-441d-9f98-c4707f71c433,43,Female,110,59,No
67a2a5c5-773f-4953-b42f-1f839cb00e93,52,Female,125,79,Yes
6d94a5df-9808-4cfa-8b5c-748825d61200,68,Female,108,7,No
1014b697-dd74-49b4-9fce-36d846282283,43,Male,86,54,No
82ab0356-996a-4042-ad8a-884470046ce2,28,Female,173,63,No
b561f234-4c83-469e-b7d1-b642f8a8b66c,20,Female,113,26,Yes
857f41b2-c595-48e9-839d-ae867c2a434b,26,Male,174,86,No
a83ea2c2-41a0-4b78-9611-e0a7ccb5aff3,32,Male,114,19,No
5dcfd4dd-9a07-48fd-ac62-8c8cb4425d75,26,Female,92,100,No
83efb719-eb9a-44cd-b3b6-66b7eb2804e2,37,Female,82,95,No
789a6855-3861-466b-8130-151d93725b04,37,Female,119,51,Yes
4daa0ab0-c5af-43e4-bdde-9ac94439b425,64,Female,54,32,No
d2ad89a0-d68f-40ea-aebc-4948b1eb5912,28,Male,44,36,No
03f06118-5531-4d04-ace9-88e4e49e047d,19,Male,66,53,Yes
a2d18956-0099-4dde-b951-7b6d14ef946e,39,Female,177,24,No
ecceb650-dbb9-4bec-a566-10e36fd947c9,83,Female,92,3,No
7fb19034-036f-4416-b6db-99798c8e10bc,50,Female,79,81,Yes
c756f62d-b347-4ee1-9734-ea76803de179,48,Female,68,85,Yes
151b1f9e-cfb1-4493-ba54-fa0c6eb69b3d,47,Male,198,28,No
10bb5583-ed5b-4fbd-b574-0746deaa73c8,41,Male,35,86,Yes
00804270-549f-4b71-9d16-2464515f5173,18,Female,193,6,No
1164e5ce-0233-4268-a367-cd5a9b55bb41,32,Male,135,24,No
47950201-2f59-4434-a9b8-a72ffa40d426,57,Male,195,61,No
c727e6d8-ed93-40ab-9c0a-dc09011273a5,44,Male,164,97,No
9be9ed6c-7b34-4c16-8ba9-b4005fc62084,27,Male,128,90,No
3b2861a3-4adf-4e21-a927-8a3a55414569,40,Female,101,90,No
bb26063c-d20c-4e3d-99b5-db26b1dfa885,49,Male,185,97,No
ae3235eb-a6be-47c0-9f46-5f72a07a88b9,20,Female,132,64,No
208b3f7a-6b04-4e2d-b63b-4dbf983d6d16,56,Female,196,88,No
39217831-eaaa-4159-8670-5a43715e71ae,20,Female,98,16,No
17d4af51-0663-446a-b8e1-a346b72b2a80,20,Female,154,59,No
478b5291-5a2c-477f-867b-1344f6a1188a,90,Female,110,83,No
e5ceb6e3-4d14-486f-ae7b-389d98b234eb,52,Male,91,89,No
31ef8c62-fbef-4b23-b235-9cc89b6802db,89,Male,189,22,No
a75b540c-20fe-48da-b6b8-ae39ee336744,54,Male,96,5,No
5d4b9864-bf72-403e-a687-5607e6c0126c,20,Female,59,19,Yes
9e5e4387-f17b-43c0-ada1-2a18ced1c67b,38,Female,174,55,No
d7414cd6-8afe-41c0-89d4-96a13c0bff70,37,Male,62,31,No
fa3aeffd-12f1-4c03-8891-170e3234691a,75,Female,87,8,No
71088e2f-cc65-4a12-9418-c24e9ed170f5,19,Female,59,49,Yes
a1b8d396-130e-4baf-b0c2-74d1dcffbcc5,86,Male,141,51,No
d0fe5255-13b0-4864-a932-6588d62c8983,52,Female,121,5,No
2a05cd70-c52c-49c9-abb3-527102f860bd,23,Female,99,81,No
6224b123-f49b-40bf-908a-c152f55ec31e,22,Male,41,94,No
22111fed-0d83-4d6c-a9d1-59087d431226,46,Female,42,59,No
54b57178-2c8b-4f1d-af49-2c4fb2eb9897,48,Female,50,18,No
67255da1-71e4-4f5a-9ed6-ba9e2d7404d3,76,Female,25,60,No
dea098ca-e68b-4379-9eea-14f15df267de,42,Female,158,54,No
49652a67-2726-45da-8148-17c3bcb0eaf3,65,Male,170,83,No
375f4128-b0ff-432d-af7f-ee55f1346f5e,88,Female,177,86,No
eca40bad-c76c-4b26-be36-2a110c313e48,74,Female,41,33,No
13c52581-658a-4230-989c-e20b81332cea,65,Male,171,100,No
2e34d16a-9283-43b3-be47-1e5d9d7a8c5b,30,Female,96,27,No
6cba917c-2a05-47ca-9573-b18cd31cc920,42,Female,118,36,No
bcce4c06-1514-426c-b7fd-c10297913b03,87,Female,171,14,No
e15ab5fe-2811-403a-9722-4c6256d466b6,24,Female,145,99,No
a64299ff-a0c8-4afd-834a-7d49f13eab65,34,Male,55,98,No
5e32bcd5-1dbc-47ab-88d7-d7fb85363dd6,63,Female,180,28,No
a7058e68-47c1-49db-bb86-75e9dee4bd41,32,Female,111,35,No
d2d23739-3814-43e2-8c36-fe235c3205c0,83,Female,37,51,No
4869d0c6-ce29-4ed4-834f-f91057acdc24,46,Female,106,34,No
81137009-8b93-4f08-b55d-c88140345363,67,Female,63,55,Yes
e8ab3760-2030-42d6-b817-2ab2f154cf3a,70,Male,39,96,No
47bd7f05-359b-4faf-a581-74312f232c95,67,Female,106,64,No
d89bba51-da1f-4bd1-8c1e-bdb73e2ae3e7,68,Male,86,27,No
ee51c591-bf9b-49b6-baec-417712fa4af1,30,Female,35,67,No
2486ea28-85d0-46c0-b87e-7dcf0273701f,34,Female,189,49,No
f44cf4d6-1111-4430-81d1-30c92f3883e1,78,Female,101,41,No
69098866-9435-4100-aedc-eef4baf3b5cd,90,Female,187,67,No
1cdd0af8-1969-4869-995c-31f9951ad500,31,Female,174,14,No
6073f488-2f37-4db9-8bc2-61809d746831,53,Male,187,15,No
ec692e9d-2f45-45f5-9f64-ae9480a122a8,36,Male,190,72,No
ea16cfff-8cde-43e1-a69f-b2ebc961d27e,87,Male,174,41,No
3682e7b4-ef04-4620-80d3-86930b45b822,38,Male,47,46,No
4ae99350-6f93-43bb-9d44-fc3df634505d,21,Female,88,81,No
0b328212-d728-4bbf-8390-0866ee378d88,45,Female,59,59,No
2338e405-3fd0-474e-8d74-4906b6b585ae,62,Female,71,89,Yes
ff7cd52d-c6a7-4272-babf-a1639b12a500,60,Female,37,46,Yes
f8280db8-3041-43f5-82dd-a2c173e0faf6,37,Male,152,77,No
1def0c9e-7f0e-422c-abe4-00b8a1142771,47,Male,50,95,No
67f73134-e931-48e8-92c2-248824a08e9a,42,Male,120,19,Yes
2ac48a30-eccc-4451-8413-3d329db15e18,85,Female,139,90,No
7de51205-bb1a-4976-a9a9-bdaeb0469cbd,80,Female,150,70,No
c8d398de-aebc-43ed-8bca-90a8c3a77f63,74,Female,119,81,Yes
eccaea10-efe5-476e-a839-fed9cfd817c0,55,Female,50,97,No
4982db81-7355-4cd2-843a-fed61f9bd06a,35,Male,117,33,No
755bc93a-f6d5-4fea-9f66-a6d413cf3137,72,Female,185,22,No
ed15310d-4022-430c-bf0c-7a014f3599c3,90,Male,22,51,No
0bb2533c-d740-417d-8609-70aa487986c6,75,Male,153,92,No
d5b2db88-b115-4b58-bb19-6eabcb16047a,63,Male,80,35,No
72300be0-ce05-467d-9d2b-3b210612fcfe,36,Male,64,46,No
e0662f73-520d-4625-8d6d-74764dcdf458,43,Female,30,1,No
e2b261dd-ed68-4619-954c-bc58f987796f,65,Female,62,30,No
92dc66be-f1dd-4aaa-ab6d-7b7c9c1de59c,66,Female,165,50,No
f33507a2-d09d-4a0a-940f-0e82b52d5ba3,53,Male,166,97,No
9b043e65-bf5e-43ac-907e-8b5f0b8d4795,76,Female,104,34,No
559fb6af-9476-4b63-aefe-f92a6cb9f211,61,Female,88,41,No
4b786bc2-a7af-4779-882d-3a1df262c39a,79,Male,176,92,No
2c58607c-c91c-4432-b967-f49b07cafa29,26,Male,188,83,No
871f506b-a649-4a9c-bc88-f16a923a6d36,37,Female,182,68,No
4031c55a-7d9c-4f96-b6b5-8690d6141ff2,88,Male,193,47,No
6142ddd2-1a15-4edc-b09b-59ef76443abc,44,Male,136,3,No
806b0ca7-f773-4abe-ba70-68b36b8721f5,81,Female,73,3,No
06ace772-308a-444d-bb8f-4219655aa9e1,43,Male,151,27,No
4a3287d0-c6cf-449b-b4fe-f12a1d1f982a,42,Female,24,63,No
d0bf1051-b245-45bf-95ef-64655d936f6a,51,Female,195,56,No
f5194f8c-0166-4d16-acfb-2eb007cca7d9,33,Female,27,50,No
eb6cd96c-559c-4996-a69e-4366dfc24d3a,33,Female,129,63,No
081728f4-ecf0-47c5-8df2-f68802591e94,22,Male,36,55,Yes
634ea111-e8e7-4ca4-9541-9c7e124f79e0,55,Female,154,8,No
cda783a0-bf19-438c-ac70-422adcc31a43,47,Male,48,70,No
538a18e6-101e-4b04-b579-d8e17ab144cb,58,Female,182,50,No
01e45059-b0e8-450c-bfc0-4763dd8173f3,88,Female,133,16,No
bc784f19-7037-4d90-8c30-ff32eb6a801c,30,Female,139,82,No
145462dc-c23b-49bd-9872-82443fcd580a,30,Female,118,1,No
5743920b-9d9e-4c85-b7b4-a0c003745a85,82,Female,113,52,No
45b59be6-ec16-4592-9df6-55b7291f942d,70,Male,74,93,No
2c31afab-168d-4206-9f2b-b83a7a991eef,54,Female,161,43,No
7dc7e995-f56a-4a8a-905d-0c57d7513787,31,Male,111,77,No
ec756cda-a94d-477d-9a88-cbba01ac3afd,62,Male,32,8,No
58c9a754-4812-491d-80bd-c2a1e9e99802,54,Male,86,31,No
e335339b-4c5a-4ad0-8cd9-4849bc59356d,54,Male,168,97,No
15947449-c3f7-4b65-9a2a-e62ae919b88b,43,Female,98,62,No
f9f02b20-8c6a-4644-85d0-d9f1ee6fa402,78,Female,164,1,No
133b151f-04e9-4058-8c52-b1cdae2d27b8,89,Female,185,63,No
f6dbdf5c-0f29-41d1-a000-dae48803093e,72,Male,111,3,No
bc10ccba-6ebf-4b1e-a9c6-211dd2076b04,51,Female,154,58,No
b2f3191b-d896-48c7-b481-a8d7e69f6f0c,86,Male,116,22,No
99bd2a1c-ba51-4563-9ae8-1068d6302e65,68,Male,188,75,No
31d30c82-5716-407f-a47a-785e447cdcc5,71,Male,96,23,No
ff0eac6c-71ed-44ad-b1ba-b135c49cd7cb,47,Male,26,27,Yes
41d45685-db98-44d6-bcc2-41fe3e7fdaae,35,Female,152,84,No
bb58660c-ef52-4e0f-bbce-36ae3d0b3e4c,18,Male,52,28,No
0d8db1ce-5b85-42e3-9e7a-fee09049dc29,41,Female,24,62,No
4abecd94-65a6-429b-bf6e-a0866945d3a6,45,Male,135,71,No
556451ff-ed13-40e8-a67e-ce1aa19b73a0,59,Male,185,98,No
c32874fb-61a6-45cb-9ee0-368c598b80ca,72,Female,95,1,No
c2e05918-ee21-40ee-b6ac-7f82cb8b9991,59,Female,194,34,No
7fad03a4-8d4e-4b2a-8410-d3fb14dd679d,58,Female,136,89,No
ac6ad0e6-944f-4107-a5b0-4ea6982d69a1,88,Male,80,41,No
912590eb-fbdb-4b1e-89f9-95c100e3c566,47,Female,167,21,No
10a49098-7931-4c10-aa68-aaaffe8f4f4b,90,Male,197,56,No
ddbb7a14-78f5-4739-9739-36d2873dab22,26,Female,156,96,No
4f731a95-083e-48e6-9375-de67b368cb38,86,Female,148,58,No
65e6cd44-59a8-4f58-a652-b645415611f3,21,Female,48,74,No
bc161a12-07b6-4c09-b93d-df8f4fc565e3,70,Female,39,63,No
55dd041d-971c-4f4a-875a-9d020a54b11b,87,Male,41,26,No
9eb450b3-fa5b-4085-b661-fcdf7b6fd77e,19,Female,41,35,No
bc8e7c4e-79a9-4b43-816b-f2ebe4681f6e,42,Female,175,60,No
5720eb62-943f-4d30-83f7-f9483373d924,37,Male,149,100,No
afaf8c9d-1d5e-4cb1-b52f-4ed0a5edb44a,71,Female,162,52,No
4722fc6b-f276-4a7d-82b2-79294fdb8371,41,Female,26,79,Yes
1b966b87-ced9-4ecd-92c8-eeffb18d501d,33,Male,111,83,No
b15dac14-842d-4b23-8851-ad6f35e5b6e0,21,Female,110,17,Yes
6ead60cb-6ea6-4298-a420-7d11e190d9c5,49,Male,156,100,No
d1d1c9fb-9892-49a3-b205-d9b36a6e00ab,67,Female,109,42,No
9ab4808c-7a8b-4e20-b3ca-44c6479e06ad,67,Male,187,76,No
e0a7bab7-7b53-4cd4-a621-637e248df613,90,Male,170,58,No
1b14915c-c8d6-446a-820f-69a67f7064fa,18,Female,183,74,No
1c28970c-2faa-4fd7-8adb-cae0ad47052b,47,Male,132,84,Yes
10b71baa-0adb-4dd8-9704-7febc5ab5583,81,Female,145,19,No
3a0468ef-7cb1-4cc6-ade4-ec479cdeb630,37,Female,50,64,No
38c153f5-7c26-4708-a794-1d0d321b8ae8,28,Male,90,19,No
816a5be2-001a-42a3-b007-b58fc50c53d5,49,Female,147,5,No
8750fd8b-f14a-47b2-ab8f-2965923a5885,80,Female,172,57,No
11c7e7a7-e238-410e-85f7-825135603c48,50,Male,84,67,No
e9387821-f150-4726-830e-3bee4b52305b,82,Male,176,73,No
fb4b5348-5184-4cc5-9537-a1809a4a48fb,81,Female,180,11,No
3297d752-57ae-47aa-bd6e-7ff50156f559,81,Female,59,97,No
9ea02084-3635-445f-b4dd-156cc8e9dec6,58,Male,189,54,No
36f90cd1-0f40-4ba6-925d-7ff67b9c0405,85,Female,150,78,No
3fde09a0-a45e-45e6-a222-a2f3dba827a6,18,Female,98,73,No
967406cc-1685-4196-b007-018c53879722,62,Male,42,69,No
a4c9987a-9e92-42d3-98ae-98ed01ad9cf5,65,Female,196,46,No
64d421d7-b802-43cb-b68f-113082823c15,29,Female,158,56,No
760d19ce-1623-42fa-aaa8-fa860526c58d,24,Female,145,17,No
becbf349-f229-4e65-b772-af106f046240,36,Female,57,99,No
66a98e43-15b1-4448-b315-32e75641a056,66,Female,196,68,No
4920f135-0751-4f39-9a23-3d76193f53d0,63,Male,177,15,No
b219d5e5-3d3c-44e2-a37a-922842c5d554,56,Male,97,96,No
8781a98f-7fdc-4fa9-b784-2d12adc3c549,48,Female,32,55,Yes
df38e209-7ead-418e-89fe-bd9f63aa8383,18,Female,150,70,No
346cde44-c578-4fc7-a348-9a16b9b86aef,38,Female,137,45,No
9f8fb084-a6da-4cfb-aa2b-9ccc549f12da,69,Female,176,20,No
9d29561f-c532-4b47-8db2-f3b10387cc07,22,Female,70,60,No
f42923f5-ecb6-456b-8255-c71243a76614,55,Female,125,11,No
d58c099e-cebd-4a42-bcfb-54fda66debe4,64,Female,149,2,No
28c7c7a3-1890-4dbb-9b71-aeb9717b0ce8,50,Female,45,29,No
2aa709e7-ad32-4b3d-b8d7-a459752fa2c4,71,Male,124,42,No
2df26d23-7713-4152-bc39-a4397972222a,27,Male,77,4,No
82855cf1-1259-491f-b8ec-36421b63f3ad,54,Male,92,12,No
cb3d1767-97f4-40dd-ab5a-bb1c6ec66abf,68,Female,179,61,No
937256cd-2d40-4cb7-87ee-7d51feaa1c97,89,Female,98,66,No
7de4c301-83d3-49c6-9c04-eedc7d1f5919,71,Male,45,78,No
75bda425-3d8e-47f3-b906-e4b81ba486d5,77,Female,160,59,No
e31b1b58-3287-45d1-acb1-42595b2ccf90,47,Male,132,36,No
9c486901-9cb0-4d2c-9ecc-885842635b62,46,Male,198,14,No
31b36c45-0315-4a9b-a011-a3a816c3fced,74,Female,112,21,No
42af006b-68b2-4125-8ddd-c5ea6f91cf96,55,Male,67,94,No
700e20da-17fb-44d1-8aa1-546929c017d4,23,Male,102,40,No
079af316-89f4-4d89-aedb-da10341ffe4a,28,Female,117,79,Yes
8293e5b8-a62e-4f95-a8bf-218b044cb505,25,Female,79,29,No
b8458d4e-d194-4b46-8c1c-b7b2753b3f92,62,Female,193,58,No
4e62ed12-a370-43ce-9610-bbedbdffface,50,Male,161,61,No
5321aabc-6141-4ed1-a51e-6d9d2676621b,83,Female,96,17,No
a8f7e52e-f8d6-46e7-9918-2066821c5873,29,Male,35,99,No
768f2f41-04dc-4396-bca6-cf2854c67e03,30,Female,130,62,No
8042511c-e9de-44f0-bce2-30be295832db,59,Male,191,91,No
c4c7bf35-a2fc-44e6-b34c-f8339520ad2b,58,Male,55,34,No
19d1fe17-1eb2-4e2e-b289-17bc18ed021e,52,Female,147,79,No
65baa18e-80b7-4cb4-8c38-dfbb40b8646b,79,Female,93,49,No
30191523-c405-41fc-8656-ed72af5b2b9a,90,Male,112,92,No
ea74f213-1709-49ba-bf00-9da9275e9ee8,30,Female,61,76,No
787e4d1a-9713-4209-89eb-36d3c160e30b,57,Female,25,35,No
b047ba18-8d2d-4a41-b65e-9e0b58e7fc02,83,Female,160,69,No
5355dac1-2943-4806-9220-30ad21708b27,44,Female,93,49,No
1fe81b24-a119-4c2e-9846-cc4a33ae689c,89,Female,43,59,No
44158075-f528-4ee2-a7b9-1176fce7e278,83,Female,57,22,No
f8808be9-da04-4383-aaef-78bc060a5127,53,Female,88,76,No
8aba0f4e-5a7d-44af-b14b-e577ae52ed94,29,Male,146,5,No
6b1ba563-62d0-48f7-af5d-ef10a696d373,27,Female,156,56,No
903678d5-c1cc-4727-be1b-d34e9945be78,36,Female,44,78,No
58bd5977-45bb-4635-88e5-c563c464f7dd,71,Male,114,80,Yes
06120b5c-2d05-4c8c-bdf5-b9355454766f,48,Female,75,100,No
1b229a67-4de6-4ef1-bf20-e963ed31bde0,69,Female,146,63,No
e940a81a-1392-4834-a0cb-ece35bb10415,50,Female,21,3,No
956b4bb1-cb81-43cf-a00b-cfeac13f88e5,79,Male,142,66,No
8bfe1f69-9a33-49a9-8ee1-75dc164bae5c,37,Male,150,19,No
94636762-f821-4e62-a9c4-8b6b2251eb00,61,Male,30,56,Yes
5899c850-ec15-4d17-a7ba-9e204030125b,38,Male,194,18,No
40b72393-68e5-4304-af8c-3f7bb33786bd,27,Female,125,81,Yes
920e1486-0007-4845-8499-1697c835125f,74,Female,173,77,No
648b8508-db5c-4176-a732-d32a99c302f8,23,Female,116,76,Yes
585f041f-eda4-4b22-abbe-dd2dbfbe03c5,88,Female,27,27,No
d325fe85-dc5e-40ee-a49a-deb0b58102b0,71,Male,76,8,No
5a562960-6b74-4512-b1aa-90f9c754d202,89,Female,69,5,No
ee9be16c-8048-4d55-ab0a-5474c90071e3,51,Male,97,93,No
7318f6f9-ed74-467b-ade0-14174cdd7516,39,Female,40,4,No
39898da6-98c5-4848-a903-e6f475acf520,87,Male,26,75,No
17a1c8c7-6c40-40f3-bceb-f84be1de3a57,43,Male,93,77,No
9754b6bc-f18d-4e5c-8777-371b56626475,23,Male,48,42,No
2bf997e1-ace5-4395-bdd9-44bec729f2fb,50,Male,44,48,No
3e03dc31-ffa2-4768-8781-d349fd57c914,33,Male,190,79,No
9a5bc84c-109b-48b6-9c1d-a6681a8afa49,55,Female,177,91,No
4a41bb80-bf25-4bfa-8486-4ce12b6d622a,26,Female,108,99,No
7212d786-c7f5-4cc1-af12-c03282c5d6e2,45,Male,65,47,Yes
d5e55b59-fde3-4b91-9abb-908f5676005f,54,Male,46,14,No
e6dcaabe-30e1-4614-8e89-8bb1b65bef39,28,Male,121,57,Yes
b4f8eb8e-c5e2-4428-b29d-f2afe2196040,18,Male,152,13,No
5f3607ae-5c14-4450-b12c-b0cb53b66c1d,69,Female,134,53,No
a137574a-252d-4144-a08e-2747bc3efe1b,23,Male,87,69,No
d71775c1-2c0c-471b-9f50-20f0cf93eebd,45,Female,154,31,No
d4a041d3-c5db-4645-a153-db9b5accf685,75,Male,118,81,No
23f0d88c-d7e3-4265-8789-682b260acaab,19,Male,110,64,No
04229da6-07cd-4cef-9c31-ce61d4f7a639,71,Male,125,35,No
469524fa-5516-411a-a470-6f5b753c71bf,86,Female,23,80,No
b124a5d2-6c6b-48e8-be19-6291f4ccf32c,85,Female,81,44,No
239fb132-43f3-404d-8fe8-9c6271262f4b,36,Male,22,10,No
b1c48e7f-0801-4c02-97e8-e59c90c61d42,50,Female,39,34,No
1cc36477-bf07-4bb2-9532-e798f03d1a47,81,Female,53,32,No
acf32874-06d6-4091-9630-81437c5f3f7d,25,Female,113,13,Yes
6305eee9-f9bb-4fa5-8100-73d6b9a36af4,25,Male,33,30,No
975a9648-698c-49dc-ad31-59b0e094ed42,85,Female,126,79,No
7936a941-c6fb-4a0e-9abb-eb7e39cc161b,21,Female,150,44,No
c256afc6-ee70-46e1-97a8-f151c49e095b,48,Female,168,27,No
b9cd1566-6f25-4ce5-b2a5-13b749874396,48,Female,112,61,No
24abe99c-a982-4a27-bde3-851623e642fc,54,Male,165,17,No
03efa63e-b563-47f3-a66a-92421d4699b2,46,Female,93,20,No
2da725fc-cf64-4fa5-a736-d02b8ac0fede,59,Female,43,40,No
582de7ad-3a09-47cf-9b9f-071137f00143,68,Male,183,12,No
9443f607-7cfb-4ad6-97f0-12688ee18c74,39,Female,169,82,No
848aa0a5-8eb5-47c0-a100-443bacbf9f65,31,Female,185,19,No
7b651f83-da52-484c-a108-a5d68e331e4c,76,Male,22,14,No
0d1b6bee-13b1-43a1-9976-90a7a6454032,69,Male,188,22,No
dca35f46-ab77-49df-a509-55021f9d835f,79,Female,24,43,No
331dd2b2-4b5c-4874-bbc1-c4e5ed02ae82,82,Female,29,86,No
1e7399fe-ae20-4212-92e2-8f44ebcbfe59,65,Male,35,76,Yes
36c845bd-ca59-4851-8389-288b97e1e409,48,Male,198,42,No
10d5497d-62ed-45f5-a126-8b98cd116295,23,Female,71,71,Yes
411cd9e4-e3d7-4d4a-82d4-ad88191e8c1f,29,Female,99,64,No
3b688520-352b-4b3a-b99e-34d226c73f9c,85,Female,137,20,No
ea9e1395-318f-4939-b199-816abbbe657f,37,Female,160,93,No
7088071d-a09a-437a-b349-dc1a47abb98d,89,Female,98,33,No
7fe634ca-5a64-4e28-b330-0a12200648d2,44,Female,113,28,Yes
03b6245d-4d7e-4430-ae74-ec83efe94a77,75,Male,187,42,No
9ce8ba52-c07f-4f9e-8bf9-d180adfe378c,74,Male,29,71,No
0da42fc1-91df-4a16-be13-ed34d991abc7,89,Female,25,25,No
bf79d68b-b971-429a-812d-2c6e5391e3d2,52,Male,172,3,No
231e29db-ad5b-4ef7-a6d5-02955e7ee409,70,Male,71,64,No
734389c1-bc44-432d-b5fe-505feef0d865,73,Female,129,39,No
ccafc098-8cee-426e-b599-0c541d290f2f,74,Male,117,92,No
4296c56f-eef6-4a22-966c-e6b490ab0c77,54,Female,134,57,No
8f33c916-9351-4030-a375-014358482252,22,Female,175,55,No
5ed3e840-8a5e-41c4-ac84-671c5cc38d9b,23,Male,99,65,No
dcd81028-c59d-44bf-92ca-f4a16cbd50ff,60,Male,142,93,No
f0c55c77-e5a4-4f1a-b3f0-78c606247311,69,Male,67,96,No
911a0096-38f4-448a-a02d-591c09cd8e54,28,Male,113,78,Yes
632bd284-0802-4771-9a20-90996e7e5803,69,Female,96,38,No
d4a3c818-8565-4332-aa94-5f8bd9409116,48,Female,123,41,Yes
5dd082cc-9bb7-44f1-86b8-b953e7eadfc7,89,Female,98,12,No
fb443ce0-6e0d-4207-bb8e-e7236ab2906b,31,Female,28,60,No
e9bef47b-4300-43d2-9675-7e5ca9873208,87,Female,199,3,No
9f529f84-d82b-4874-a1ef-d408d1b741b8,45,Male,113,57,Yes
2cf512e1-66ea-4995-bd9f-550e41e2073a,88,Female,37,94,No
002cce31-388d-4895-8d8a-bed3e83fb24d,74,Male,39,9,No
4fe91c9b-9322-45ad-941a-998905f17eee,82,Male,66,28,No
a585e4bf-2f0c-459b-98e7-8c566d477adc,80,Female,80,81,No
7c9db488-97e3-41a7-978e-669cf4fb9a91,39,Male,92,34,No
2d3872f4-9291-4fd8-9991-fd48aa888ca9,28,Male,21,45,Yes
7cd2e48d-d77e-41c5-a440-367e859aa49d,37,Female,145,26,No
f546af4d-5823-4681-9c1e-08425c02adcc,56,Female,97,83,No
fa3b095b-5691-460d-9ee8-b1ecba4f61e7,43,Female,140,77,No
e42391c6-ba60-45de-9804-37d61802715d,18,Male,33,4,No
23c54fe0-293d-4252-b7fd-ba44206eedf7,86,Male,137,10,No
d7a38726-1e11-41dd-b36d-b285b2646ed3,57,Female,155,73,No
d358b8aa-7fb1-4461-a6f6-cda879723791,65,Male,94,63,No
47c918db-18ec-4e36-9091-5660b17d0e57,58,Female,135,88,No
ed4fa578-27a8-4015-b161-f1403c285893,60,Male,38,22,Yes
b5e8399f-405e-499d-952a-38c1f465a9b2,78,Female,72,19,No
a81b2cab-91de-437c-a310-fb6986e1ee03,29,Female,173,33,No
58b5a790-0866-4bb3-b563-6e51421ad85c,82,Female,25,85,No
5f5883ef-f978-4566-ae7e-0a22bf659ebd,44,Female,186,23,No
50d6840d-aa8f-4c08-b6db-03a37eb94c66,90,Female,109,65,No
4dcb635e-1f77-406f-834b-6dc74df97236,63,Male,75,30,No
0224c2d0-4eec-400c-a19b-dee484349302,73,Male,192,100,No
d0440d5f-c5f6-457e-ac08-0f17d8998264,45,Male,60,64,No
8e3cd5e5-3e00-4751-b4d6-bdc3462c00c4,25,Male,104,55,No
fcbc1a44-9279-4162-a052-a7c486176fec,44,Female,58,14,No
d9bae061-3cac-4b44-b035-8af2723f523b,21,Female,60,39,No
4a3cad7f-a2b6-441a-8579-2db4978cee94,79,Female,29,51,No
6e101917-c59c-4877-8bc5-7ed02a48d3a8,88,Male,64,82,No
8a251e82-972b-4b8b-8ea2-87938d64360f,23,Female,45,88,No
66ba7666-f4a6-41e1-b339-2eda69e98009,44,Female,180,88,No
798b309c-162f-485d-90e9-9c321fbde6cb,30,Female,57,23,No
a9fd1555-5dea-46c2-8bd2-26057467e50f,39,Male,54,31,No
b9ceaa3e-babb-4797-bbc7-aa6021db3615,51,Male,200,64,No
3da80cb3-0caf-477f-aef3-3ee5ee7a921a,43,Male,28,56,Yes
615a71c6-fca5-4ff0-9876-663f296cf257,53,Female,34,91,No
93415209-1ec5-42ec-991d-78114e24fee7,82,Male,196,48,No
6f0684e1-aa21-468d-9e5e-672d0cbd1144,55,Male,67,31,No
8c8ff490-7de8-4cea-a217-0df1bc7c74ef,86,Male,197,5,No
f0adfc27-9b52-4592-9b69-7a5fc29888f2,70,Female,123,11,No
e1d1000c-1d96-4c7a-a8b5-bd53467e07c0,73,Female,29,44,No
6a52a6ec-9596-4ecd-9347-37f6520fee08,19,Male,183,29,No
f100cc6d-06e3-48ca-93cb-a905ace5e32a,62,Female,171,90,No
85ec4558-b62a-4a79-8905-242bf5b69616,55,Male,89,47,No
7e04bbaa-9880-4c50-9f62-fd604e018b95,51,Female,171,94,No
bafcaf75-6f96-47cb-9c93-b1a841ec292c,66,Male,25,39,No
ba1aac69-07ab-4968-a088-06c7f8e62e8a,23,Female,195,15,No
113cd3fa-3aff-4659-ad56-4fa83cffe246,87,Male,83,90,No
fe456c2c-fbf0-4864-8c07-201a4306d089,38,Female,123,54,Yes
a16c56f7-ea3f-4c97-84e7-11107d9d068e,51,Male,195,34,No
189cd6a7-8130-468a-8a59-ecacb3d47ffa,83,Male,183,44,No
43caa5d7-acd4-42f8-9cbe-a87e423edd4e,71,Female,108,58,No
1604105c-e55b-4e31-94c1-8585f24c89c5,81,Male,75,5,No
37d3b666-0595-4330-a559-6a6a0bf4e4f3,50,Male,98,52,No
cd6e335e-a00e-4d8a-81ed-4dd4231c0169,71,Male,38,21,Yes
38386740-89b8-47d1-bdff-f074f562104a,25,Female,184,42,No
444b1716-43e9-4a81-8db8-0f2def763f06,79,Female,177,2,No
10ad9263-9836-44d1-aae5-e5ce08d5b132,36,Female,77,51,No
ed1eb27f-78d5-409a-b4cd-2b555563ac95,39,Male,57,75,No
834c2658-8826-4a33-a8bf-99398d0e85e2,86,Female,31,100,No
b5c851f9-9dc1-4ca9-acf3-5e008f76025b,88,Male,60,78,No
b511f61a-30aa-4d3b-9328-f411f5f23419,57,Female,179,70,No
b7e720a0-ce5d-4e3a-b504-4e3b91283545,46,Male,174,24,No
4f504804-de25-4f8b-b00a-c33f360dd3e9,78,Female,126,21,No
6ab1e40f-9d9d-48ae-ac2c-a054b7dcbcca,19,Male,63,50,Yes
9d154e6e-4e51-445a-a22c-153cefe6730f,35,Female,105,92,No
14de6f03-20d5-4f6e-abac-0e373ecf1dd8,23,Female,195,96,No
7f64f6a1-fd95-4f69-8c60-2af86dce4df9,20,Female,91,75,No
9fa858dd-2d5e-4702-b07e-9d4e0e47a8e4,25,Female,96,87,No
8df7d002-7836-4ec9-aee2-cc03ccfb4b7b,72,Female,130,1,No
1f336e6d-ec44-49cb-b625-7c309bac465a,37,Female,144,12,No
fd9449ee-4ae7-4f28-bfc7-d3613773dfd4,40,Female,179,58,No
dd6b15b8-2207-4c0e-b7fa-56004fdf5e2c,34,Female,82,53,No
15658209-050f-4b56-92cb-3d69f4bb503e,43,Female,159,93,No
a51dd080-1882-4356-b8c6-49db7378d199,59,Male,63,23,No
805ec311-5908-4d93-bd22-ed0104e49454,76,Female,131,65,No
8a50c928-7487-4ffd-80e6-292576e76e60,45,Female,84,49,Yes
d6ef6bec-4969-430e-9a3c-3a82269e01df,41,Female,141,75,No
36c82a81-ae06-4973-aa81-2e9f1b8b1062,89,Female,109,86,No
63d45862-d77b-4b6b-9c93-c6fbdbfdd31c,64,Male,171,32,No
154d6532-8a03-447b-bdf8-5763c91260ec,21,Male,89,17,No
e93ae0ed-1ba3-4e80-9282-faa36320d745,41,Female,165,75,No
26e5a6af-c5ce-4cec-a921-5701d6434304,38,Female,67,85,Yes
742eca0d-1616-4478-89c2-019628ae43fa,58,Male,189,9,No
4d1e4ed4-ea0d-4465-994c-5673f614ea6a,29,Male,111,29,No
8c35841f-5019-4a9e-b5a3-8c133dad84d2,44,Female,113,58,Yes
016351f7-441d-4ed0-af12-d35cb2f8f476,46,Male,62,3,No
b24b2e5e-608a-4ba7-a4a3-e04c7db1f350,72,Male,146,49,No
de0f3ef7-b7bd-427e-a23b-b7ad78fe5535,63,Male,175,68,No
632b4fb8-e279-450e-8b3b-fd51b25697a4,27,Male,137,73,No
051c3393-c641-4838-a543-4a434dadbd21,18,Female,169,48,No
40d0acdd-5a4b-4d94-8a5e-71d090cfba54,50,Male,157,100,No
15dc3440-3d10-437f-974e-eb3f45709a24,58,Male,147,3,No
28aaacbe-2ef2-4232-9bb7-1e8189ccf3dd,82,Female,24,90,No
d35337b5-989c-48f3-b23d-091cda14dcdc,56,Female,38,55,No
ff9b4cd2-d593-4cd1-9416-168a52463948,56,Male,193,81,No
7376b97e-c938-47da-bb31-71cad1b9a9ff,86,Male,119,75,No
918776d2-c2a5-4e75-9a7d-d7c8345dc657,90,Male,197,35,No
aceb2cc0-f45c-41e7-a1d7-384ddfae6a2c,70,Female,98,30,No
7175cd47-076c-41be-800e-f2ef2d8d8eef,89,Female,144,64,No
7a62bb53-6104-4372-b7ec-6d75fc7f0f6c,48,Female,170,52,No
3d8babd6-b952-43bb-88c3-0c5615502f25,47,Male,119,53,Yes
d793252f-728c-4231-936c-5314aa78b65f,44,Male,134,44,No
155dc5a4-66c6-4ee6-a63b-48afca0c4a26,73,Male,168,44,No
9c697dbe-bf64-462f-a53a-1c6feb0dc5c5,27,Female,114,24,Yes
e111897f-0057-42aa-944f-0cce6539bd8e,77,Female,110,1,No
2fee8469-4c40-4b01-a81e-eb46bf085a85,55,Male,89,38,No
a573b956-7dcf-4e82-bdfb-b27f5530da9b,43,Female,77,81,Yes
4af4ad93-9100-46b2-9e35-adce068d0b04,84,Male,88,51,No
ca6a4312-6f8c-4418-b992-73a5ecb88178,26,Female,100,11,No
b44f7dbc-a698-4770-997c-a973a5129133,77,Male,170,42,No
b548b570-94b1-49ca-a5f4-2da59e90948e,58,Female,156,64,No
116883a5-4624-4d09-a475-e66aa2e56348,45,Female,139,85,No
1ca5e9d2-2ae3-4cdf-bb11-6f0f1133a12c,45,Male,177,9,No
7088f7e8-01c3-42d5-8a73-ec9bb0b480fd,50,Female,44,26,No
3aba6e35-84ac-4b07-b1e8-faf062b7a7c9,33,Male,196,56,No
cc920696-633c-420b-88a5-8e0c6195c244,78,Male,170,47,No
28add739-23fa-4ef3-b5ad-2223e628f65e,65,Female,78,74,Yes
9e16c3b1-d653-40ea-8912-dde2b7a093ae,79,Male,53,17,No
1de20819-ab81-4a3a-85d6-9e4e598e425f,48,Male,158,14,No
f5bdfbe3-e957-4917-b6aa-9902da101d0e,88,Male,67,26,No
22fd37fe-9658-4c5e-99d6-2429c1107fbe,61,Male,120,54,Yes
e55820a2-effe-4597-acdc-37c7197c2e9b,44,Female,189,77,No
74323829-2916-446b-85f2-2bc1850125ae,34,Female,76,21,No
18f067ec-11a8-4159-b660-47600da57c43,38,Female,190,40,No
785888b3-ef2c-45ff-88b2-b8461eb8b402,75,Male,95,22,No
76f4811d-f09e-4e3c-b706-d320a171e42d,18,Female,40,52,No
d436dc10-d11c-41b2-a622-0cfd92420ad4,36,Male,149,83,No
b9118cb7-3f81-4195-821b-815fe4c6a6c8,21,Male,73,93,No
ea19684a-18c2-46a8-85e3-e066dfa26915,60,Female,148,20,No
3a0baa34-87be-410e-be79-0dc641b2d400,86,Male,20,41,No
0a586b53-46a5-48e0-b8ed-87eeb510d6da,40,Female,132,91,No
4d59e4ea-652e-4ce9-9f3d-5b393435c2ec,83,Female,53,80,No
2d6cb175-301b-4ee2-8f2e-eb410224c702,76,Male,196,19,No
26f25ef4-9b9a-4485-8b40-44bc68cbd36c,19,Male,182,88,No
3dd30764-97d6-4f96-8c15-3fda08f15ccc,24,Male,188,52,No
56ed73ba-ffc7-4f39-8336-e39f3e372e36,41,Male,145,26,No
9772c69e-ecff-474e-bb0f-a0200d82a8db,67,Male,145,62,No
c8525639-8bca-4340-85e5-53661d521a11,68,Female,178,23,No
4fb30965-92bb-4d0c-9963-c447373711f2,59,Male,116,100,No
65a9789e-adc6-4223-aac4-d9754ad02143,79,Female,135,66,No
ad57bca7-cf1a-42f6-8959-fe1a9dc9e800,75,Female,27,52,No
8c030b2d-313f-4ed3-86bb-b8eff6c3695b,65,Male,84,98,No
fe366ec3-cc7e-4c78-9b20-02015f7fa9d7,42,Female,172,20,No
3034e669-3dc8-48a7-9960-58373e2322f5,78,Female,49,71,No
b4e54961-eb13-4c9c-8c84-dcf68964b52d,53,Female,106,43,No
e70e521c-2274-4e02-b9d0-a8960369eb43,72,Female,83,29,No
ceb77c22-e765-4cbe-a8aa-2eeb2e0e43ce,33,Male,110,90,No
70d95f4b-e966-45f6-a83e-4aac23df3f79,63,Female,164,48,No
67cef2c7-5270-4141-aa19-d40d517d3167,22,Male,173,95,No
1d8ea9f4-ca04-4734-aadf-bba26c7b0370,56,Female,68,9,No
f410c7b7-86a2-4327-9cae-6a4e638e9f71,68,Male,28,78,Yes
ade1e8b7-50eb-40df-8751-7994d3055c59,53,Male,54,17,No
2650433e-fe82-4cdf-9c5e-9e8d3cf5dc4c,53,Female,113,4,No
42f7f90e-3d39-40a5-8bb0-a9f24f38de79,56,Male,37,90,No
a4eb431c-f21c-4c3e-b390-651d94d7f8ad,24,Female,29,87,Yes
58d9a82d-2f72-42ee-8b19-3d552288cdfe,86,Female,160,25,No
11322fd5-7bb8-4782-81a8-da8edca9cad0,82,Male,96,36,No
ef79a91f-147c-4f7f-8afe-fcc2c917ebf2,55,Male,119,35,No
3e8953c8-77ea-4788-ad33-3165dd3dd24e,23,Female,138,70,No
c62681d1-6cd8-48aa-80f9-d90cc72c5954,30,Male,90,9,No
c19a322a-e1fb-4b84-ad60-dd41eeaf97bc,64,Male,162,45,No
c2015bfa-dfeb-469c-85bf-b627d62b7d88,75,Male,37,96,No
6da2b8d9-eb11-44ca-8d84-c8b4ca7db5e9,83,Female,58,57,No
353dfd52-75ea-4437-9846-a7e4d567eeba,84,Male,189,52,No
efa31a19-014c-41d7-8560-1a3e1bb33f4d,34,Female,103,94,No
01acb3ea-eca8-4f45-8dd7-20ad08fd12d5,20,Female,164,15,No
b56d7a9d-86a9-46cd-bd31-88d47a51dbec,49,Female,191,7,No
baff20e8-b3d7-4979-a01a-7ec5e32dc6bc,77,Male,95,48,No
e91adb6b-a2eb-447b-ab78-a791bca3a715,52,Female,93,6,No
099cc13b-71cc-4b15-9501-1b28e140f1b9,18,Male,96,76,No
265aa12e-eb42-4386-9ee7-296a72f56836,62,Female,155,81,No
56b36490-90f8-42de-bdee-f45b3d004286,64,Female,165,93,No
8fe3bcc1-0936-4de9-9703-44411634a13e,21,Male,180,8,No
23ace256-bef2-4730-b4a4-ca388e9ccd2b,31,Female,93,82,No
356d55ca-e48e-4b4b-9ae1-425a461f56f6,64,Female,156,59,No
256b173d-59b2-4858-b01e-cf4893bbc4d6,31,Female,102,59,No
b3ecce8f-6256-4a46-9b20-cad38217baae,30,Female,127,77,No
b150ce31-4354-4fb1-b8ec-0ea1f3440005,80,Female,105,80,No
74d9b5f6-3a39-4a5d-84cd-1d9a6252fe67,55,Female,165,92,No
d12cd415-6554-4fc5-93a7-ffa63e4c58d5,25,Female,157,14,No
250830b4-3c61-41f4-ab91-d02959408209,32,Female,77,81,No
d0d8e03c-7bf3-47d7-9f8c-e76926e5656c,87,Male,28,91,No
6718179f-27f4-46a5-9dad-03a22d57a608,89,Female,69,3,No
65a60cf2-7552-41c0-ab6b-32ee3f5d71bb,25,Female,189,44,No
4cbf6962-b351-40e2-bf86-96f4be2935c7,63,Male,151,18,No
375d7029-7bee-4bd3-b32b-da36f27a718a,19,Male,154,68,No
87dc23e2-9031-4a45-b45e-8e9da62fc7d7,69,Female,84,74,No
8d959e3c-e1ec-46ab-8dc4-3ee4213752e9,90,Female,24,82,No
641d3e07-8f07-471b-8ed5-8ecbf3cd5344,90,Female,187,46,No
f5468909-4e94-4c27-b1c9-a1bc0fc32d96,38,Male,176,88,No
6207bc0f-5166-4690-b5c4-433e1c3ca4bb,52,Female,62,87,No
88ae672c-9bd8-4483-aca1-4ea5465b6aab,59,Male,179,57,No
95050a4b-7b5b-4a0e-b5d4-b2ff1afde930,51,Female,28,16,Yes
c1a6b14f-f4e1-4963-b837-8fb46d89723b,25,Male,178,44,No
4edd3167-6235-4da6-982d-a2d33762d8c5,85,Female,45,4,No
949a3e1d-2d5d-41e2-abbf-c302c9544e75,67,Male,157,79,No
7342c622-c226-4341-8aa7-be2f30be17b8,31,Male,53,96,No
2dee76ed-f261-4f75-bdad-f66209737d2b,60,Male,142,81,No
39485910-47b5-4311-98ce-9b960c7911ea,21,Male,64,78,Yes
521d85d8-31db-42a4-ab97-49f3fc80affc,85,Male,62,9,No
886c64bf-c71a-4bc7-a56f-3c5050277d69,20,Male,188,43,No
842f9527-7021-40e7-af0c-295a5d742bf1,78,Female,155,73,No
53352ca4-8a85-4fe4-8b47-b4f427514d41,67,Male,66,73,Yes
9ca4115a-3d3f-4117-9181-364bbeea0b7f,24,Female,66,48,Yes
6ad677ca-81d3-4016-9cfd-bf9c9cdddfc0,83,Male,78,84,No
1d69fcdd-9417-4338-be26-d5fe034b3dc4,84,Female,73,82,No
535a4926-06da-4cf3-a95d-3a448c3691f0,60,Male,180,36,No
e011f752-433f-45d2-84fe-89c3205c6d21,35,Female,78,65,No
1808b824-2141-479f-afab-7e2c807f4188,87,Female,117,60,No
4a4f8d2d-1376-4f35-982d-e7f06dd36df9,34,Female,186,24,No
971f3bbb-5227-4d54-82a0-605c243ad01c,32,Male,133,84,No
d9934b7b-eed0-46d9-af39-d7c3f21e739f,66,Male,125,49,Yes
94935578-98af-4314-894b-424704937185,66,Male,134,25,No
9610a723-3e8c-49ef-80b1-17d71618a898,89,Male,167,41,No
3777999f-1620-4185-a91e-95f35f446da7,38,Male,92,59,No
3cd1cf10-bc17-4dea-8d3c-c091444001ee,50,Male,121,64,No
f9fd2e66-9a4e-4bad-b69e-dfba60398591,42,Female,39,72,No
6cc871cc-9b60-4331-bfe6-e395edbeb84b,29,Male,145,90,No
e1ae9ac3-a218-4f5d-9634-b52363158553,79,Female,120,84,No
80e43768-eb37-4ba4-a24a-cc71dce5d483,22,Female,148,26,No
1a048ed5-04fd-4d77-a5a3-ea42cba8354d,90,Female,118,1,No
6efa0091-ef5b-423d-a752-ff3d7e1ce6c6,21,Female,153,55,No
3352b41f-9f28-4cf7-8e53-76fdda42acf1,35,Male,114,100,No
7a4cb8cf-43fe-4562-ba26-1fcdf4b28e5c,50,Female,195,46,No
3e49bbb7-dae9-4c92-bef2-661b1228801d,33,Female,142,17,No
03d6f551-73a6-441d-86a5-f885565e7c44,24,Male,53,9,No
ececbd9d-b926-4690-b439-70e04efb1ad7,38,Female,121,8,No
c0545a12-8c17-424c-ac88-39f38362ab3d,32,Female,38,87,No
3e746904-19b2-45b1-8cf8-0d94d26d3796,67,Female,112,49,Yes
b4d7f04f-83a1-47bb-b9a2-eef735801794,88,Female,183,81,No
f74f4247-f6ed-424c-9def-8b162b0a41fe,43,Male,165,38,No
31e52134-f6d5-48b3-b0c7-a77ea5150c29,18,Female,37,57,No
e5fddd5d-fa4c-4f56-b7b4-d33ab81bd20f,57,Male,53,92,No
157546f1-d6d4-4898-8e0e-09e031aabae7,73,Male,46,77,No
3dec3d95-6d58-49f1-bf5e-1aa97370a169,75,Male,51,14,No
5550b1dd-3b77-4e6d-a0fc-bb51e6a1d906,44,Male,32,2,No
2ec401a2-d8fc-46b9-8e88-144fa704954f,26,Female,94,58,No
2493c010-c81d-49fa-ab79-873d6f0b37eb,62,Female,49,91,No
fa0ca1e9-5f36-49c4-926d-080e7d94979c,69,Male,109,91,No
ac1209bd-9df6-4664-8ca1-7a83868cc833,62,Female,155,37,No
81c0b310-8cd8-41a4-9158-0b8e00d94936,79,Female,192,66,No
6a0279c3-8360-4ecb-9baf-0dbfce81caf9,21,Male,85,95,No
7d8a943b-a5c9-44ea-b302-416ae8569412,30,Male,89,6,No
fc3d813a-b8cb-40d4-855e-19df42b11477,52,Female,75,65,No
ecee4660-40d4-4a55-9569-a40b101176d7,41,Male,120,17,Yes
67c0142c-0f31-4def-a692-bce3d8b86619,72,Male,93,72,No
02a2baa0-5124-4625-866a-321b152fd0e6,78,Female,137,33,No
f0f44657-91bc-45ba-8bb8-dafa3b7ff3af,60,Female,130,25,Yes
e0d196d7-fef9-49ba-88fd-88445666106b,58,Female,144,41,No
a7040234-823c-4675-a302-ce7277a67c6a,46,Female,39,39,No
16278f55-46fe-4403-9d30-0fc4a2ddd909,34,Female,115,91,No
b948e7d2-6231-4504-9013-33acc8718d8e,79,Male,73,63,No
8d0592bc-5fa5-494b-9f30-0f178de447ff,44,Male,155,71,No
973b2c36-4ecb-463d-80a1-ecd11c5ff2c4,79,Male,26,93,No
e3928ee9-8bb7-463f-acc6-11ae6bb45edb,84,Female,119,12,No
59a97a87-5f2e-47e5-8151-23f1ff599bb4,31,Male,136,55,No
48112544-6cd2-4078-83b1-c109d235e128,68,Female,184,46,No
88defec0-bc4d-4112-ba12-a74cc43f836a,30,Female,22,26,No
10332bd3-6b4a-470e-a487-63a514061201,82,Male,115,14,No
a0f93bd2-30bd-455d-87d7-e082abd53349,32,Female,32,96,No
8d8745bc-39cf-4914-9d5e-78d9d809ed87,73,Male,131,81,No
bc13f570-2768-42a5-9862-4b7b09cd7f79,71,Male,22,100,No
218ce344-66af-4fe0-a1db-7fba67f68803,90,Male,149,61,No
6ff0e328-8f43-4837-ba81-2355a235fd7f,38,Male,86,59,No
9509252e-fc8c-48b1-b908-052baf1200d1,87,Male,193,88,No
cff35464-ee41-4168-b76a-80fe74367e5d,72,Male,191,12,No
cd7613f7-0381-4bcf-944d-f9080ce3e4af,49,Male,152,88,No
dc2ff2a3-4a71-4796-b93f-11d2e4621ede,24,Female,139,52,No
8adf307e-ec08-48e9-b540-cace57c119d8,79,Female,132,14,No
f977c0b8-ce9d-469e-a258-68f251066fde,45,Female,89,70,No
7baca1cd-c2b1-4686-9d56-1046ef0d7ffd,89,Female,198,77,No
da5b3482-955d-4205-b38d-648c4d777bbb,51,Female,120,3,No
421d16f2-206e-477f-a26b-48330a77c3ae,42,Female,140,9,No
15eca141-ef43-44d3-b83d-c14797d4f1bb,33,Male,57,32,No
b26fc448-e33c-4888-a34b-6c9fb46c3763,42,Female,106,40,No
100bbcc5-27e6-4c5e-83f4-fb4ea06e1fa8,61,Female,67,66,No
bbbad962-5b1f-4b3f-a88e-7ae746b33428,21,Male,175,54,No
9972b1a3-7f00-4327-a280-1bdcc5641542,21,Male,182,11,No
db558ee8-04ed-448f-8a8c-f0968b04e436,50,Male,147,25,No
3a605877-490e-4e60-932f-24e67bd2a7a8,63,Female,119,85,Yes
352986ec-bef6-4eba-96e0-e776a6029038,70,Male,164,95,No
4ef47c4c-bbbe-49d3-86dd-331b1774ce03,83,Female,87,67,No
131e1e12-5262-40f2-be35-e0c34bb67172,51,Male,96,22,No
589b7ab4-a428-4215-aff9-495d84b8f86c,20,Male,92,10,No
690d6278-06e6-4691-99fa-4b7b511b7ed1,59,Female,42,26,No
c34f3268-c33b-4cc5-95dd-169abc5f41d8,40,Male,128,12,No
659d38a2-c2c0-4868-85e1-12cf4dd34241,74,Male,195,81,No
805f267e-acee-4271-8d1d-bba8b41e3a91,40,Male,153,65,No
a4896404-bc30-46d6-8af6-f2803492f2ae,72,Male,195,23,No
1463f5a4-a383-422f-8be6-f784619231cc,44,Male,28,15,Yes
548f748b-dc12-44a0-b15a-39c36bfc6e7a,83,Male,128,74,No
a6310576-5d92-46ca-960b-a7410931321b,44,Male,167,59,No
e8a12c0d-c48e-41c2-b931-01cd932ebd5d,22,Male,172,92,No
774f9225-c564-401c-b1e5-08a66637aaaf,39,Male,144,90,No
8006398a-eb77-4ba4-ba92-31088e2542a5,62,Male,154,74,No
23165a6c-9062-43c1-ab2b-f4eab00e0874,78,Male,117,47,No
58df38cb-956d-409b-9cff-cabeae3e8502,52,Female,142,33,No
38942878-8d52-4d62-a05d-9382d9b7bd55,24,Male,20,60,No
d3d8710f-ebc0-4094-b92b-b3630b171bb5,32,Female,144,56,No
87b1e6c4-4934-406f-a7b7-1f96af66adcd,18,Male,63,68,No
edb3f833-9ecc-4ae3-96f6-fc77d9dcd19d,20,Female,161,79,No
1034415c-8409-493f-af3c-da69a9d1f8d4,34,Female,77,27,No
2c3924e4-dbf7-486f-9bca-23a2a867ad7e,86,Male,198,16,No
5752e371-95cb-4384-887c-866435852e71,54,Male,128,36,No
3a909ee1-29a4-4899-b92e-4d790271ca44,67,Male,71,15,Yes
0d2a90c9-884e-4b32-bcce-9ead482f0dba,54,Female,76,79,No
447970ec-6cc5-4414-9884-c05c9dd6be35,77,Female,188,82,No
fd271523-4711-4e76-9ebd-3468b78a914a,79,Female,129,17,No
b7b0b738-c69d-40bb-8a1a-16388775db71,24,Male,78,37,No
9d2d8d1d-94a8-4cce-9ddc-9ba92418ec9b,89,Female,104,38,No
83c55369-8895-474e-abc9-5b61c3c051fc,77,Female,61,16,No
35432b4f-eb17-424c-afe0-3f330eb32f73,85,Female,39,95,No
2efeaa48-1101-4c68-b046-64c0c68e4674,37,Female,126,67,No
eb16cf29-0d32-4865-b8ee-a0473df679af,26,Female,91,67,No
8078d3d8-775f-42dc-967e-fa274619351a,51,Male,129,20,Yes
d47ddf68-338c-4f10-ae03-ea926f8dd97e,22,Male,88,3,No
1e59addb-cbb5-4127-adb4-b7629c43992b,32,Female,91,91,No
69092c3a-e64e-433a-8c54-38089521e962,31,Female,140,88,No
f19718aa-764e-4a7f-a61c-89360e28bb0a,42,Male,150,69,No
6cd1cf1f-5fa8-44ca-985e-70f37eea9085,18,Male,172,95,No
e114a3a5-2c8d-4f4f-b2c4-0e942772481a,77,Female,185,98,No
deb53f08-acd7-42d9-bb3e-3fe37b57c850,83,Female,72,20,No
a91a0f2a-a82c-47f0-b9fb-83bcc671e63d,67,Male,151,69,No
fa8cf03b-3649-4a9a-b6fb-755762b0c716,47,Female,61,79,Yes
597326c0-6f94-42d2-8296-1b8f2c6fe6a8,46,Male,116,92,No
8c933777-7624-4bee-8508-b5d3ab5d8734,61,Female,155,82,No
9ce63464-1e5b-4466-92cb-58a0e3c5db3c,78,Male,89,33,No
1f2931b5-ab60-4060-8ed5-ceef87131b47,78,Female,38,21,No
c632a6f9-d183-40e1-a955-1bd55cb49fc2,67,Female,112,23,Yes
f5c8e38d-e243-43b2-9123-6b23f58a9f4a,18,Female,133,8,No
e20ddee7-1964-4a6b-95ac-235c052d4cf2,61,Male,175,36,No
a09ffa41-8596-4a0c-b2dd-6ba3193a9f2d,47,Male,111,31,No
05b1dacb-f057-4da1-af9e-0ea0d80abf7c,64,Female,49,97,No
9e06b96a-6133-47b2-8a96-19efd28448a8,49,Male,90,10,No
87ec4866-5e93-4172-ac60-99562fccbe9b,85,Female,59,46,No
8e46e4a1-67b6-447f-a16b-8aa656bc43fd,82,Male,132,12,No
674f0341-d993-41f0-b5aa-d276186b2758,46,Male,156,86,No
48ffaf46-22a2-4cc2-8b4a-1ac969f17d3e,23,Male,168,13,No
9303e169-756e-41c6-996a-2aca122b9402,72,Male,183,80,No
d3bf51cb-5521-4190-89db-601fd40f4357,78,Female,33,44,No
4db91a73-2f4f-4b27-aac7-d23598855d48,42,Male,40,33,No
406049b0-7d53-4159-b70e-bd36b37d72ed,71,Female,98,93,No
1de3d21f-95bc-439e-8331-eba3a52a1be2,19,Male,50,4,No
3387e16c-c269-4bb3-8ebf-355601244074,60,Female,158,92,No
60b06915-5959-43bf-8f2e-e92591180f96,30,Male,124,43,No
6a0edab8-3011-4a47-b738-4355e0dea224,65,Male,67,65,No
1ec176a2-c32e-46f9-ab3f-dc6d8cd81de5,83,Female,154,16,No
bf14a995-1986-41c3-95f3-f2a2063bc79d,33,Male,27,95,No
d5e46c03-ff66-416f-a7ab-66285d244f86,37,Male,122,49,Yes
582baae6-ef93-44d2-b1b2-da607faea4f6,63,Female,147,59,No
26955e99-d515-4fdb-a891-747ddf783024,82,Male,66,21,No
2421b03d-2a95-4273-bdd6-4e1692494bc1,19,Male,34,74,Yes
f3df8548-bbe6-48e0-bf5e-3ca3b4a30ccb,78,Female,89,60,No
53be2bad-0e58-4368-bbe3-8ec7d10b4d07,88,Male,134,24,No
52d5a5e2-72f7-4488-822a-4f8b82b1bcab,62,Female,34,3,No
8f789c33-6e34-4652-9a7c-025b5b3d6fed,42,Male,139,35,No
40c215c5-92ae-49d1-bb1b-61a467d0edca,69,Female,123,35,No
92d38457-210d-480a-8828-8da4955cd991,59,Male,60,20,No
4f2442c5-b8bc-4f0a-b948-118d37262e3d,62,Female,163,22,No
ebbcf844-5ba0-4bb2-a861-5aef2cc56afd,29,Female,88,1,No
781b0fd5-b961-46cb-b15d-5759884852f8,49,Male,192,81,No
58b94da1-8977-4e1b-87bd-000870d22ffd,74,Male,170,40,No
583a251c-67b6-4ddf-8c07-d08b333c3198,57,Male,184,14,No
30df90dd-f191-4af4-9b70-db7eaff341b6,69,Female,167,24,No
90bab1cd-00df-4987-b7fa-646bb51608a8,47,Female,133,74,No
7f6c0706-4ddf-4eb5-8213-89256c50a397,24,Male,114,29,No
b1c6fbb8-61ba-454f-aa9b-1fa5e6366d60,22,Male,165,57,No
844abddd-53cb-4c25-b571-3a880276a648,25,Male,67,14,Yes
9f72964d-6e97-4094-a312-ba5ba7c0b871,86,Female,185,67,No
540b436b-37bf-448b-9e7e-a59129729db0,62,Male,91,75,No
ab4c3bb0-95da-4f72-adbc-f649fefebb19,43,Female,147,61,No
d341a80b-e2be-4732-afad-0c57a4323f92,68,Female,35,3,No
cf3d8566-fa97-489e-9b5c-563b9d766f48,51,Female,47,34,No
50f4735c-40c5-47ca-9bb2-8adbf5fcce46,40,Female,139,51,No
581e33da-3bd1-4491-961e-4803cb80a563,28,Female,182,33,No
ef5ffefb-48f1-491b-93f2-9ead7b7e3996,87,Male,150,28,No
ec5e7631-d563-4510-8edc-56b33977e1ac,51,Male,190,53,No
f5534be8-9a25-4c77-b5c2-fd29026ab4c2,45,Male,92,54,No
5e8cc5ba-c5d6-4575-8774-18efbf97d43d,47,Female,157,39,No
ffe9a7cb-be8e-49a8-97e1-2ac46561f538,65,Female,54,38,No
33b68177-7f99-422c-8b17-b8d992713166,79,Female,140,21,No
4a2d96d5-2511-4a0a-9ac0-76fd0a60596d,39,Female,35,53,Yes
0df7fc02-ffb4-416d-95be-8e6d357f7eb9,86,Male,89,24,No
983cfc4a-8a10-4053-8a5f-74ca1aa35792,85,Male,186,25,No
99439ec5-e0b0-4c16-9614-2393184439d7,79,Female,78,11,No
ec0724fe-b7a7-48a1-9ca8-318b32596899,45,Female,21,73,Yes
71ae9a64-4a57-43e9-b752-7ccd1ef04ae8,83,Male,79,96,No
1d9d4040-3573-4997-abf0-5884e0a37731,62,Female,36,49,Yes
1d5ed42f-a586-44df-bb1e-2945fdc7cf87,70,Male,21,50,Yes
44337e9f-f92a-4d3b-9491-c60f8a4b2224,48,Male,77,94,No
ed4282a6-4689-4fbe-af69-71fe1363ade4,65,Male,109,1,No
9e650e0c-9adb-4866-8e94-092b1ee8588a,40,Male,93,87,No
a374b7cb-f1ed-4fcb-9ea1-f3f93306f48b,87,Female,66,40,No
f4aad71d-fa2e-48ca-b00d-4660a75c50fa,63,Male,78,67,No
bd6baf1a-e004-4704-9693-5e8aca53a985,37,Female,179,43,No
f771af08-58a6-4e9c-8721-519963d72d39,36,Male,109,3,No
0be3f17d-15e0-44a5-9711-34d53dded3bb,78,Female,21,17,No
e13ac5f6-f2ef-418e-932e-12bf7508d025,85,Male,93,22,No
9f1683c0-9613-4dc0-a52e-20c3886ddcbb,42,Male,154,6,No
4950ffc0-2bca-4dcf-beb5-62e67ab31cce,65,Female,89,29,No
d796cea7-9ca1-4581-a819-8c1f96378f9c,43,Male,171,28,No
0cd83ab3-43f8-4760-8ba3-00d04c0937c6,57,Male,30,3,No
71d1801f-db6a-4eac-8cba-855b4c32e95e,32,Male,153,90,No
84f49957-67e9-4d5d-a0e5-e3a14b4b5833,90,Female,66,87,No
0b072a0f-4c3e-4aee-965c-c57e1a64f5f3,26,Male,156,59,No
16852be3-0cde-47be-88a3-be2aea71e7ce,70,Female,61,15,Yes
e88153da-88af-4ea9-b449-65fa2f18e98e,90,Female,55,8,No
89da5ee6-b3ac-4a5e-880f-9e598db773a9,50,Female,65,24,Yes
37c75772-90a6-48a2-9d15-984278bf92a8,28,Female,196,26,No
71844abf-c2fc-41fc-8df5-d32a2f8f1fe2,64,Male,129,19,Yes
57e29607-9351-4499-aee0-c8e6466f912b,38,Male,102,77,No
d736ef7d-84ad-4a03-9d89-f6c0343457d7,84,Female,118,65,No
f8e9ff3f-0d70-4711-aefe-3ac639b5a31b,84,Female,70,3,No
f8d78973-987a-4050-b635-fafe38884da4,72,Male,128,33,No
bb6c39b8-d2ba-432b-84a0-cfc630c00fdc,36,Female,134,19,No
1f451fd6-f461-4ce2-ac23-d75ddf4ea577,62,Male,42,62,No
65f49792-6bca-4e77-a886-35082db2d095,57,Female,39,63,No
adfc2dc9-8732-456c-a835-87a80a31eaba,50,Female,127,33,No
f7fd4398-b414-4ad9-9257-1e7f88f9f13f,65,Female,53,63,No
17ed1f7b-805a-4f27-9bec-defa74ffd846,82,Female,36,42,No
3c914f61-f75a-480a-861c-cd1781eea82d,47,Male,119,58,Yes
2a63d159-0cef-4114-9166-a1dc11e4727e,20,Female,127,100,No
30f63ab3-d327-44c1-bc74-768839c48854,24,Female,154,69,No
3b9c2626-45c6-4925-9965-b434dd3c058b,36,Female,184,94,No
582b2acd-3712-4d66-88bf-c3cdd49c24bc,69,Male,60,53,Yes
c8a10a5b-7752-4a77-8f4a-ab766eb87d4a,29,Male,172,54,No
3431d110-7921-4b7b-9b8f-3c12a509c405,23,Female,169,9,No
80e5bafe-ac7b-4b3e-96a7-d5cd2539699f,77,Male,111,73,No
a27ace65-83cd-471b-8422-c827fbbf4c0e,47,Female,64,54,Yes
b6c4cfb4-e530-4431-9e63-73ab06ef23ba,45,Female,150,64,No
48cc07e0-591d-418f-94ad-c67a279e0eb6,22,Female,76,4,No
9e092640-bf47-42e6-bb7c-72e003b25471,70,Female,199,52,No
c591e858-659c-43c4-92c0-856b70837a5a,26,Male,77,63,No
ceb5f94e-b5bd-433f-8717-bb77de991e1c,87,Female,134,43,No
36d9ffc0-7951-4cff-b146-b1759f3e5685,81,Female,157,80,No
48fece83-205a-4df1-bbb3-3c3dd6e57894,42,Male,190,90,No
5813c6d8-5426-416b-9e24-c8c10dd86cad,55,Female,24,32,No
c14e1fa9-60f2-4e1e-80cb-6366e840185a,50,Male,35,45,Yes
f4cea7bd-639a-41db-b54f-91e18e3e00ac,80,Male,58,60,No
814e14ab-2c5c-46a1-9de7-39b628a5edf3,46,Male,151,42,No
d198ad07-f1f4-46e5-8d74-7f5739b6e2bb,37,Male,179,56,No
363dac5a-049f-4166-93ef-5604ea443178,19,Female,134,91,No
0d95f533-6de0-4525-ac46-a37c64aa26d9,54,Female,174,35,No
d0206454-2d11-463f-bbd2-dbad1c0866e5,85,Female,116,71,No
37bc81cd-c41d-4c7a-8f0d-9f65a0262f2f,19,Female,43,7,No
9c13c9f9-4cea-451c-862b-adda3e4827ee,89,Male,185,59,No
2d39dad0-7c4b-4d1c-8b3d-dc25be0e5e6b,86,Female,162,100,No
a5a85f11-ee2c-4880-a90e-684154a4b6ac,58,Male,70,27,No
69fd7324-10b3-4aa2-b72c-d32b55b10d2b,84,Female,198,88,No
9e57a72e-4893-4200-ac46-51437ea1991f,73,Female,149,22,No
af164a66-b9dc-4d0c-b121-fef5ddff3bca,35,Female,50,71,No
d5dc83f4-e850-4b40-bd26-a2a9aa2373ff,40,Male,72,25,Yes
0e3c8396-a63e-446c-bb00-5c9595ccfba2,58,Male,123,48,No
e49af1b0-af2b-4b68-8e86-88e787389055,80,Male,191,1,No
76e4705a-0975-4410-9a0c-bf84ad01bbe0,64,Male,186,41,No
e61d3090-ebfe-456e-bfc1-562502be5b93,78,Male,145,75,No
d6df5ef6-bef3-430e-8c9a-06b338939a43,39,Male,118,56,Yes
a3c3b647-de17-4f66-8c8a-a8d526516b97,77,Female,46,61,No
39f421a7-aab6-4c5d-986a-bf046255814c,20,Female,122,88,Yes
6ee2557c-b876-452d-836a-d6571ef8df36,80,Female,131,5,No
f442d8ab-6912-4e05-8088-bcb4a1aeb6ea,37,Female,38,2,No
1e38c67c-b95a-4f99-8a14-e2fd0ce6f69f,48,Male,54,73,No
ea47ae8d-02d5-428e-b610-9296e25b1fa3,71,Male,60,27,No
6d914abf-af4f-4ad5-8669-f6418a7ea254,43,Male,124,42,Yes
47a6aae0-cf1d-473d-b6ef-7680006846d6,84,Male,179,36,No
99e196b6-03a1-4f89-a7c1-4889c03319ad,76,Female,53,24,No
e946ec07-884a-4900-9851-106b5cfaee29,43,Female,158,82,No
708628d0-9296-4195-8bcf-8bf3aaef2e09,50,Female,184,98,No
32aaae35-9913-4486-ac80-e9555f1ce64d,21,Male,42,70,No
3c2e2e8a-5374-4367-a773-3845a526420e,28,Male,107,51,Yes
031be724-4caa-4c0f-a0b0-246ef2133d62,51,Male,45,20,No
7106a871-a9aa-40bb-a808-d0be875d7330,64,Male,74,34,No
4fc7f3d4-b8cd-471b-9354-a1033d82bcf2,41,Male,136,52,No
d037a07b-d47c-4ccc-8b57-5344cf2c9965,21,Female,62,29,No
3fec23ec-05de-4466-849c-0f718e3fea32,61,Female,121,5,No
9fa7b3f3-00fd-4c8d-a7f8-77b267d1396c,38,Female,40,52,No
5143a34d-1f7d-48af-9015-1802b397e4b6,23,Male,53,7,No
f85b3ec8-bf77-47c3-b61d-28e4350aa044,45,Female,190,15,No
2ad28fcc-df6f-47ac-9728-8091d4dee39a,34,Male,35,93,No
b5d5a5a8-0cb6-46ef-9584-03a457bbd04f,18,Male,48,17,No
a170b7f6-5e98-4229-9253-e59b6d7b016f,66,Female,78,64,No
91d4377e-ec29-4c6d-b1c6-2369b237ab67,29,Female,114,55,Yes
07f5a472-ba4f-4a0e-80d3-826f23f122d1,54,Female,181,21,No
6ebff380-4467-4eb3-8620-58ae159385b8,87,Male,48,72,No
4cd238c1-73de-4583-8e02-c9a0c7353169,47,Male,118,22,Yes
1dd81aa2-84c9-4576-8d06-59b87a7918c4,69,Female,121,56,Yes
84f1121c-16f3-4d8b-bdc4-38950377a77c,31,Female,166,48,No
bfc7b71a-037a-45be-b464-8725f041f482,45,Female,25,54,Yes
46c3698e-8715-415d-a2d9-e85b35f5e768,48,Female,169,64,No
41c0ee37-e9c7-41b1-a3da-902a68d63b82,49,Male,157,69,No
ef34752e-f074-4770-b6be-b05df0d93b6a,58,Female,34,34,No
92877ce4-6ed1-4313-aa4c-627180665943,46,Female,32,28,Yes
23e7514a-c738-41f2-8eb1-0dc8e146c547,89,Female,26,26,No
4e520cd3-b34d-4bba-84b7-07fa91c81ebe,51,Female,91,21,No
73ac91e2-6b57-4fbb-89f2-ef50b757a980,19,Male,56,93,No
11ed2655-a480-483c-beb9-1db6b02239ce,39,Male,136,24,No
2056475a-438d-45d5-a87e-8ad346903f60,72,Female,74,33,No
99fec98b-7f15-4739-b941-27c7077618ed,80,Female,73,60,No
0eaae44e-9025-46af-9d65-c820461cc70f,69,Female,44,29,No
21b20863-c752-454d-8279-b65e15bd023e,36,Female,49,66,No
f82085ae-21e3-49b1-8432-4b8a7186b5cf,24,Female,148,100,No
ff421c05-eec0-4e06-bcea-5cefa27852fc,69,Female,182,65,No
d36057b0-81b0-47d1-bc81-4e9fc4e3a3f0,82,Female,33,55,No
4bda599d-7997-48d3-a7df-8de1de096f07,66,Male,189,61,No
c1d910ff-e404-4f47-a3f7-e4641531802f,56,Female,26,25,No
3e69f650-977b-4bf3-be2a-66569e449b77,85,Male,199,13,No
0b021855-3b08-48e7-bd6e-6fb0ce08fabc,68,Female,176,25,No
429281e2-5239-44f7-acf9-c1ae66029b4c,53,Male,171,87,No
8cc23003-05f4-46e1-b507-f3596d9b3775,61,Male,52,84,No
05135f1c-39be-441e-a247-a88d550c92c9,82,Female,44,11,No
805291ec-f885-4bdc-b878-12af1a19f200,43,Male,188,27,No
40bce9c5-935b-4f83-b397-ccce580bac67,53,Female,132,58,No
d8e938f7-944e-46f7-a3c8-c8178b01696d,62,Female,37,45,Yes
32e0d708-63e1-4e41-98f2-c7a31ad53577,31,Male,147,51,No
841e7938-b640-4aa1-85ff-85077e41fe48,69,Male,134,11,No
4db4cb10-c87a-4451-858f-28f70eb8d242,35,Female,113,72,No
c4f83352-ec03-49ed-bfb8-a457d09f06ad,67,Male,28,100,No
f32fa206-86fa-4d4b-bd62-acbafa3f7b2a,29,Male,65,22,Yes
b170aecc-98e9-4ac1-894d-35053648b9e6,57,Female,25,57,No
265cc2ea-436d-477b-96be-95951e7d7395,83,Male,196,15,No
3d0a150f-5b0c-4529-bb21-625f2023ae59,21,Male,41,46,Yes
fb912473-373f-4fe8-a1a7-4fbb7ef30d5e,79,Male,143,39,No
a4d34340-4505-4f62-8ade-430646c377c1,30,Male,191,13,No
a190f11f-67a8-401b-a468-43a388dce2a2,69,Male,127,89,No
a23cebf3-e924-4779-816b-bcb28f8be66d,63,Male,181,39,No
df883776-bdb0-4bce-88e0-58014fc96449,70,Female,185,69,No
8f68d9ba-d2d0-4544-942a-7eb25749fe11,24,Female,167,22,No
31fe8a9b-66f5-44f2-a2f5-605fddc418a4,44,Male,129,79,Yes
2f58ad98-0890-4500-beb2-7fe91987c5ab,79,Male,114,11,No
98ac8784-c4bd-4afa-944c-2e4ff97ad853,60,Female,35,89,No
0510ab1d-4c95-40fd-ae38-236608f31c6f,90,Male,155,61,No
4bfc99df-d265-4651-be7a-9b9504449b66,41,Male,179,92,No
9f9974d0-0953-495d-9f4b-d60d5518cdc1,73,Male,36,65,No
4f47373b-b447-4c52-8710-964b2d50633f,83,Male,62,7,No
655c21ca-fbae-4630-a693-f6f3cfe14682,65,Female,122,42,Yes
75ff2ea3-7e87-4fc8-b24f-1268a0d767f0,78,Male,189,18,No
577c7f54-1fd8-4d66-8300-8b674d3f10cd,52,Male,168,27,No
db697143-4c03-4b05-ad59-7efe1432fd65,64,Male,58,8,No
1d7cc96f-ce57-47a8-99d9-6e51056cf60b,42,Male,69,59,Yes
81551ba3-d3c8-4d1f-b31a-14f047711de9,63,Female,180,14,No
51588735-6b91-4bc1-a34b-e1e5ca677d34,38,Female,87,66,No
9e165275-7fa9-4369-8c8d-88f37876ff2d,84,Male,169,96,No
41a07405-1d61-4d02-b5c8-d9c1bb2b18ff,89,Male,120,85,No
9d672a30-45e1-4d42-ad05-0c9a59bfc1fe,31,Female,28,14,No
b22d6b45-e743-41ce-ba7e-c8a0ec842715,44,Female,54,79,No
d9c08e59-f5bb-4310-ad8b-fb4b4f668728,47,Female,96,89,No
deb35368-ea21-40fd-ba33-6a0b99753293,56,Male,117,39,No
3080cc96-8e21-4ce1-9200-99cc468f8096,40,Female,182,55,No
277c7456-335a-4e98-bb1b-f3b943af4328,53,Female,146,37,No
3bc048bd-4255-41fd-9730-43d942fd832a,23,Male,71,21,Yes
e40556b2-30d8-4618-b944-c7faebba2567,36,Female,145,34,No
89d9bd9f-0409-4061-bb0c-0ffe82f1bcb1,18,Female,151,45,No
057f30e8-141a-4ae3-b3ea-8d0127b22275,47,Male,147,90,No
63dd03de-384d-4380-b4d2-8e91a06c8eed,60,Female,21,29,No
318d435a-615b-41a9-9b10-6e53766468ca,64,Female,81,8,No
5418e31f-ef9a-4a81-ba5d-62efbf7516c1,80,Male,87,56,No
fb2ce14e-821c-48e0-843a-148347d69d30,21,Male,166,18,No
af00ed42-1767-43fd-b752-f2522667d603,85,Female,128,99,No
bcf400c5-e54f-493a-8ca2-3f25e09df8c1,32,Female,79,18,No
c9d49e8c-8470-46c1-9eaa-96cd296a2f60,79,Male,63,39,No
497f2d15-dbaa-4866-89a5-2d26a87e2b74,36,Female,86,79,No
1af0db7e-304e-4e72-8a64-b392f0dbc367,54,Female,131,77,No
79ed9b6e-2a4f-4b24-95c6-3d9d06bb014f,53,Male,181,93,No
36099d84-eede-4e23-b1d3-144b44104e0b,66,Male,68,75,Yes
4153434e-0b83-4e27-bf17-3470e6086551,40,Female,45,80,No
75a776bb-02f2-4829-8fca-440ffa980d55,53,Male,142,87,No
0d6dee30-7db0-4842-ab27-f9de60d5794f,68,Male,123,82,Yes
da21d29f-e947-4af1-b176-117d4c6b72b3,56,Female,101,13,No
8fbbfd49-9ae1-4e90-92e2-548b7274b04a,64,Female,88,24,No
e98c7157-edf4-4ada-a335-54c73d29ad9f,35,Female,169,83,No
9677a417-140e-4dc2-b63d-61b43ae189d0,64,Female,166,40,No
08603701-2370-4869-ad24-70054a497d80,54,Male,62,69,No
326712c1-300d-4ac9-99b1-b668165e53d7,52,Male,55,47,No
9a6beaff-917b-48e9-89bd-579b2336d9af,73,Female,117,7,No
269b232e-b00d-4174-8c4a-4c400b2ce195,64,Male,111,98,No
42653538-c423-4b91-9de5-65131006a25e,23,Female,161,6,No
2790b576-1e82-48f6-957d-c5113bb6c49f,81,Male,97,16,No
352075f8-57a1-4205-9db2-dc51e48ca37f,88,Female,62,56,No
43fb8ba4-6d1b-4b16-922c-36a8a5a20f30,21,Female,38,46,Yes
d0f6b8a5-95a0-4e75-bd41-00599e558652,70,Male,27,68,No
86613b2c-a6f1-4a2d-8676-3df455681adb,44,Male,33,3,No
2e26fb51-853a-42cb-9ce2-6c50fdca1b81,74,Male,84,12,No
05e94e91-6b30-441f-99c3-b1c22f1e258f,28,Female,71,15,Yes
a3aba60f-0151-4697-bae2-1211a8c0a8ba,46,Male,89,54,No
016872d0-4d80-4f70-911b-bafdd20f7136,61,Female,60,55,Yes
fdb67bc1-7d13-4948-9c17-13df1547dbcd,90,Female,125,18,No
0c973278-ad31-4183-acb4-e65533a14f15,81,Female,176,35,No
6dd12ebe-4afb-4dcf-937e-d1150856fc6b,25,Male,169,6,No
842a01d0-6194-4792-8e56-998508c14f5f,36,Male,101,66,No
521714cb-8c0e-48cd-a134-e5256c1e2301,18,Female,63,90,No
bd0740a4-aec1-4ea8-a700-5c5faf18abdb,64,Male,101,20,No
16452979-2a33-4406-b7f5-335c63ee6a84,74,Male,149,100,No
d2c8e3dc-aee4-4042-915c-b68f7ef0c3aa,39,Male,70,75,Yes
c46a656b-aeb2-4f13-9fce-33bbff6f9d9f,48,Female,58,32,No
0de5a60d-5a42-4887-8b49-23094dbf7157,57,Male,195,59,No
99656987-5967-4e15-9881-dc0f50c9d2b2,86,Male,42,77,No
50670600-c2a3-4fae-828b-2d4a72fa0a0d,60,Male,85,16,No
815a5716-3b4b-481b-80e9-24368cd68bf4,68,Female,157,58,No
155e5a51-8da9-4831-bfe9-9c5e1d821c8f,70,Female,192,100,No
ee6da619-f0a5-456a-a9bf-6248498de83c,74,Male,189,61,No
a5af3c61-3c4c-49a2-92e0-fb7c78d8de3e,73,Male,36,24,No
cc563259-c62c-4932-ab60-9d1cac5ad248,26,Male,175,11,No
4e2617c5-d686-458e-bad8-3506c15f3f8b,85,Female,47,5,No
e7041517-a3b4-4e9d-83f0-96855f646adf,90,Male,99,54,No
acb2b674-9ba7-437b-849b-0088839cdadb,63,Female,163,98,No
eaa52226-d204-40dc-8fa2-b0b4c3e6fc2f,37,Female,37,64,No
4564dfab-43b3-4eb0-baf7-4aa848b58026,23,Male,51,23,No
5201f3a5-bd3c-4e34-884a-d8dff34de388,31,Male,46,54,No
9f62104c-f064-42f5-8d5b-994d6e1efb99,85,Male,190,31,No
5c6b84f5-32fd-4cc3-a9e8-180788d54aa4,67,Female,126,41,No
3833ce88-6ed5-4ead-b6f6-da48ffafb90d,51,Female,83,83,No
d15a2bf0-66dc-47c5-b402-377771c78d4c,39,Male,22,30,No
9cb63a29-a762-4f68-87a2-3f1f6abd195d,21,Male,35,78,Yes
fa4379a6-e902-475e-977a-9c412d2ffbb4,26,Female,168,14,No
817479b6-aa1b-4a20-b727-79dcc580f7e9,90,Female,87,47,No
93a09b9b-2cb1-47ff-83f2-410d8011bb46,53,Female,36,96,No
13c416c9-30be-4b82-84fe-d9cb8db9f9c2,23,Female,159,50,No
bb632f53-16b0-43d6-9a79-7c7c98936557,64,Female,21,26,Yes
f7d3b8f9-81e1-47fd-bd48-90ee829d5fec,69,Female,79,75,Yes
5f055aa8-6259-41ae-bab6-235057397746,19,Male,48,80,No
872c74c1-7e60-425a-adbb-a54e53f520d6,25,Female,28,81,Yes
019dff96-caf2-4841-b159-ff6105fbc637,85,Female,186,51,No
f256f336-7666-4da9-b339-f55294bff42d,55,Male,28,93,No
753ab1eb-268a-42f1-9f7f-e6695c62708f,64,Male,100,32,No
102cecbf-1ab9-4636-87a1-a5e009848672,22,Female,98,57,No
404e9efc-2e0c-45a4-952f-3a3e38607fee,63,Female,40,51,Yes
9ca1c5ba-b656-4899-a41a-6e73e2b08f4e,61,Male,186,62,No
16cb82a0-a158-4fc4-a7ea-755ae23614e8,78,Male,26,56,No
2c9321b3-e02a-4441-8614-fda44fdb7fd1,20,Male,118,43,Yes
3d29a2ff-9191-4d87-b255-ca76f531ac89,51,Male,135,91,No
f3f86bec-e355-4232-a628-33f57123be5e,43,Female,164,71,No
532b627c-ada4-4f6c-82ba-da49dba5479d,80,Male,91,70,No
344f052b-d379-4fb1-bd93-0e4539bccbc6,52,Male,82,71,No
a6e504ba-1640-4ced-90fe-22e6d5bcca19,38,Male,188,51,No
2aef8673-237a-4b9b-a5e3-6b6ea7cd09ea,74,Female,108,78,No
83e9f52c-d61e-4ff3-b63f-82f763cf30f2,76,Female,173,56,No
083c63b2-da8b-4826-8bad-a2f1d989a82c,40,Male,64,2,No
08b64fc1-b8d3-4dc5-943b-91a5a11367a1,86,Male,33,17,No
c4dd3f58-3f0a-4954-b237-0d4f4377ae58,22,Male,40,51,Yes
66f4e72c-af5d-49eb-984e-72dc771f322f,41,Female,170,37,No
0ce8046b-e06d-4e44-9c21-70713ac68241,35,Male,45,52,No
05e3913d-9e2c-4ba2-ad5a-092d4cb151e2,26,Female,160,52,No
e2586eeb-3d51-4f21-9d2a-8dd463c47ed9,84,Male,129,94,No
2614f2f8-5eb6-4245-b2ab-f99c0da19e0e,73,Female,36,22,Yes
abd8efcb-c06f-444e-bfca-c986079cd052,36,Female,156,6,No
97e81e1b-1936-4d3d-954a-e20c01b33e5b,42,Male,22,88,No
4afdfa8f-d568-4fec-bf98-a597cabdedbe,40,Female,161,47,No
fbb27798-6ec7-4936-9ac2-be3b76db8991,72,Male,135,30,No
4cb03615-3140-40a1-8682-e234e7317416,43,Female,77,81,Yes
ff716af2-34ad-416f-8772-b1d3e6e205cb,49,Male,191,58,No
51c8d860-da86-4414-9b6f-9c1a398c25bd,82,Male,131,23,No
e2bad84c-27cd-4159-b31f-b75e31198891,60,Male,187,91,No
03cf56d8-9e1a-4b76-8dd4-7c224a2fb9c2,34,Female,171,4,No
114f329f-5480-488a-a416-9f7dfd4cd3b0,33,Female,200,67,No
40df2979-5819-4efd-90b7-777e51ea6ec3,72,Male,114,48,Yes
0e95c4ad-bac1-4538-951b-3558d8c576f5,51,Female,27,65,No
aab6cf14-2f26-4218-a553-1dfac84576f5,34,Male,38,81,No
01b30056-c23c-4466-ad59-dabc80bf7608,70,Male,160,52,No
11ff73e8-b861-43a9-a7e9-7fdd1c555dce,46,Female,46,44,No
0113127a-f99e-4217-810f-fbfece4d0ae1,37,Male,100,5,No
b27a6418-3257-450e-98f7-92ee6f9d5792,52,Female,181,74,No
680a2a82-b953-4a20-be36-f100f7217d88,23,Male,190,24,No
18ba310a-c41c-44cb-ad1e-9001377a437e,87,Male,32,19,No
88564f87-8ac4-4560-891c-3d2ee9127250,55,Female,79,69,No
4c570507-a2b4-4ad1-91f3-b3c993e8c872,44,Female,150,15,No
b3074ada-7fe2-4609-a425-069d704a864e,58,Male,69,17,No
94114790-bfd6-48e6-aa82-95623cf22f59,64,Female,72,16,Yes
e8eb92d8-3f27-4b38-bc68-6fa1c342eab9,67,Male,179,39,No
84afcbb8-b70d-4443-8562-97d84f68a5d6,34,Male,124,56,No
a1035c53-8c57-4a80-b331-88290699ff17,57,Male,83,12,No
534a16e4-e983-4c89-9c0e-3dc59bb6bc07,71,Female,98,96,No
8e31d442-3889-46b7-85e7-63386b57870a,87,Male,81,69,No
911f1579-924a-469e-8731-3d2910b78909,69,Female,106,30,No
ed05ea41-c94f-4b04-aa5c-3e00d69fcc22,35,Male,149,60,No
7b6c0e5c-a5c7-4db2-9682-1167f50d54c3,42,Male,189,32,No
ff0b6f6b-7145-44eb-8f4f-5786b2f3c79d,46,Female,91,76,No
24748cc7-4913-434b-9d28-f24e3cce4c0c,80,Male,171,98,No
a21660b4-5514-4d8d-9299-94fe8e139784,22,Female,49,8,No
bb5b4f97-166b-4251-bc32-2220df156523,84,Female,83,78,No
3c7ecb8f-98f0-49e2-8423-1cc9b333dc4c,23,Female,45,77,No
ed8b9d25-5e19-479d-92b1-182e6bc7f87a,48,Male,63,39,No
a09efcf0-d542-4de7-b4be-222f77404dcd,82,Female,86,16,No
aa75dfd5-80c0-4bef-bd48-f58d559c53ce,31,Female,104,54,No
f8a25661-09cf-4a93-88e0-0d1a15952ba8,58,Male,20,82,No
b8cf1052-6891-4ad8-9f01-9ac018ada6a0,26,Female,38,43,Yes
5201ebe5-9c8c-44a3-88e4-9b91d7359142,65,Male,82,97,No
13e1035c-3d9f-43be-a148-8914b57bd7c9,22,Male,188,78,No
8eedea05-262c-4309-9047-a7926ced7b81,86,Male,53,84,No
97c939e7-2cba-4983-bd30-83c4c85db096,24,Female,116,13,Yes
2b87c6e3-9514-4788-b882-652e2f5a38f0,33,Male,154,37,No
4b1dc47c-5b6c-42d6-8ace-b62a9450a1a6,28,Female,147,95,No
0c3f1f06-76a5-4d8f-a616-affd7d22cee3,54,Male,135,52,No
4332caf6-332d-4c98-aa73-d4e91863683a,66,Female,159,91,No
fe0e8a87-ee23-48f0-ad09-c084ea214846,20,Female,135,23,No
4f47d347-803e-46fb-9b7d-ca706303c4f1,65,Male,72,6,No
659fd819-9c9f-4c7a-a4fd-9a1f5ceac22a,35,Male,48,38,No
51de7156-3420-42e8-881b-a4a1d09b3cfb,26,Male,144,52,No
e32e1916-5ad8-4256-be4c-8a04c879dc8f,41,Male,69,57,Yes
2c8fc283-88a5-4c53-86fa-2c3a9575b4f6,52,Male,75,56,No
c3737be9-6dee-46bb-83ef-ea13f9c473c2,46,Male,100,30,No
513c468b-6ffc-47ac-a1c0-74178379a337,28,Male,119,87,Yes
4778940e-6595-4d45-98f2-d59f0038d367,43,Male,106,42,No
f6d09236-068f-4c69-a131-1b462aa25675,20,Female,44,11,No
7af473bb-686f-4ab9-ba42-73d28c2c7b95,70,Female,162,70,No
1bdd12ee-d53e-42bf-802c-1f62f3a0271c,70,Male,128,96,No
d90290fe-9851-414b-94f5-c4314f882b75,38,Male,135,2,No
545004c5-db92-4d9a-ba82-5673868a85b8,60,Male,102,33,No
e2f138ae-ff2e-446d-905d-639ab463174e,60,Female,57,48,No
594cd3e1-3777-4d6d-bee4-4ce851b14e81,33,Male,107,72,No
a33a8a44-7ba4-485f-b442-3be943ab9266,49,Female,34,2,No
7357bfe2-fa87-43b1-9ada-32237e764527,65,Male,114,63,No
b3ad3b0d-0b60-4193-b59a-19a7428fd9cc,41,Female,187,57,No
d02f2eeb-6d87-47a2-a9ac-d4100caf50b3,23,Male,45,90,No
c3276a54-03e1-43c9-95bb-b3e433aee34f,74,Male,176,62,No
c9bbe3e1-4460-4f97-ac0b-379f479bd74a,78,Male,130,65,No
66a258af-f413-40af-a7e3-27aef4da9f2b,23,Male,80,84,Yes
cac92066-106e-4900-9ac8-ec84e48604fb,25,Male,49,98,No
a8dcf247-7ad7-4d1b-adf8-439567bd8579,47,Male,135,30,No
63391829-65c9-4e38-bb06-eae7a5f12fce,45,Male,177,14,No
2bffad0b-07d7-4f52-80f6-ea3b73b7db3d,33,Female,114,55,No
1ac8af03-b7bc-4839-a279-85a55aaf3c11,29,Female,197,9,No
dee39490-946a-4261-b652-f6e279343a0f,61,Male,28,90,No
19e80bc2-ea44-47b6-a45b-52f014cc5ba5,70,Male,94,17,No
383797cf-99f3-466a-96fd-72fc06bbd8fc,31,Female,145,85,No
81f1525a-5672-4ea4-be4d-4f765ddd6b15,85,Female,44,91,No
9a5e96db-bce1-4878-8a11-1f5eb53dd003,61,Male,27,29,No
93c44d12-8ae8-46ec-aa4d-726f736902e2,87,Female,82,98,No
177f7669-ee66-4763-8a81-8c1a8f1880ef,49,Male,148,22,No
78d4a320-4a8c-4e41-8040-3e29e51e8a04,47,Male,126,15,Yes
e77ce475-6b16-41c0-9110-fdd398550843,73,Male,189,54,No
c164ea7f-e4f2-4d78-ab26-a8e563a75757,77,Female,52,40,No
0d494483-cfe9-4ca4-b5d7-75f302bf5094,38,Male,67,100,No
3b38c096-b59d-4707-ab74-b505f1176cfe,89,Female,180,98,No
db4685fd-35c2-48f2-95ca-decb435eed0d,83,Female,105,24,No
4be91476-bd05-4e5d-a315-b4252e486f52,24,Male,96,65,No
3aa5b9a9-6e21-4dcc-b08c-53262c1704a4,58,Female,141,8,No
a951132f-c2e6-413a-9313-abdb241de7fb,23,Male,136,67,No
5dd29504-4483-4e42-b63d-ed16b2525da2,36,Male,183,71,No
04a42645-5a10-4d66-8b2b-d49d5e8b8ffb,47,Male,113,35,No
5b27d79e-5cbc-491c-ba9f-93900e93c76f,51,Female,41,9,No
3916b1c9-a576-48d1-9c9e-40862234217b,78,Female,167,19,No
a3d070c5-ba2a-4ef4-89a9-c8901161cafc,66,Male,105,22,No
76af8583-8a40-4552-a4e8-5b54d9176018,44,Female,90,93,No
f8595492-8279-4d5f-99c3-b418d83fbd2c,62,Male,92,1,No
080e4848-a79b-41fc-8a26-9f7965caebf9,49,Female,54,85,No
8774a2fc-720b-4130-8f5e-cd1dc20f6ff6,24,Female,106,71,No
216a8817-2d28-4cb3-8de7-ba718e7f379e,90,Male,134,88,No
832d9aeb-b992-43e2-92a7-e761b716264c,32,Male,132,76,No
4ee268f1-70b5-475a-86b9-10b5e8acd13f,56,Female,85,50,No
1262cb4a-298b-4620-a3a1-9f24a58b007a,55,Female,31,68,No
dd6f282a-3346-4326-b47a-c1e4fb56c477,79,Female,162,16,No
5bec113b-c20d-4733-a93e-e99d2556392d,33,Female,125,71,No
12724861-dd38-4b7c-a692-21b3d1024994,59,Male,190,21,No
04cc6edc-8f7c-4817-9eb2-8621edf1cb94,50,Male,100,73,No
62dc41f3-4952-4d8a-b272-311169a9272f,42,Male,59,54,Yes
380ff6fd-857c-43f7-8ebd-b1b482eeb0ec,63,Male,127,84,Yes
b3a3862e-f56c-4c6b-8c53-ec85a5032003,52,Male,82,19,No
73bfe821-f101-4a6b-bb4b-17d47061629d,72,Male,78,14,No
af4b080c-2ce2-4dce-aea8-f314923f63bd,74,Female,97,89,No
2a42f759-172d-49a2-9079-3eec73fd7889,52,Male,80,61,No
360390d6-ba9c-4c44-bee7-241b15616c04,72,Female,54,65,No
933d20d4-8773-4d0b-90a6-c1fe84503ad3,55,Female,94,16,No
2adde089-dd69-4f54-8790-79dc4e0355c6,38,Male,118,93,No
5f99583f-79e6-4033-89ff-b035803c2cfa,81,Male,188,37,No
4bedf81e-85fd-4fa7-bab8-ae371891552d,80,Male,95,7,No
df3a9af8-e62f-4947-9483-b5e7bf0d48ec,76,Female,58,92,No
7428e26e-4135-46cc-9a45-6be28833ef06,25,Male,200,25,No
323aedd1-429e-408a-9b8f-804a2d0c072d,39,Female,87,4,No
1aedb09c-e5ea-4457-8055-dc06f133e77f,59,Female,42,20,No
d07eb8bf-7344-4d63-835e-b25266def6c3,20,Female,92,8,No
d66ebb5f-feef-4113-a692-3e0f0f3ac747,41,Female,61,38,No
74057b4a-a715-4b33-abf9-939189d9bf1a,89,Female,57,59,No
ea9c0f4d-43db-41a4-8cf5-4400a1848a04,74,Male,43,90,No
13b1571f-0c07-4499-8842-b8b6fe09b50c,71,Female,176,91,No
fbd27c4b-a284-4317-b0a9-c84f07dc868b,32,Male,87,23,No
06157480-77b1-43ff-bcf3-48ea0b6d500a,44,Male,171,99,No
33f2b5a2-1839-4bff-a72a-34450716c99a,62,Male,180,53,No
c29bbce5-0487-4e61-944a-10faf4b82c4e,82,Female,159,46,No
3e97f271-111a-487f-9072-7a3649c170c8,55,Male,98,76,No
3f9a6534-4461-46fb-8ce7-1f779c21f1b5,42,Male,191,23,No
b78014f9-fe2e-4f13-b124-755a760db0c4,71,Male,180,4,No
0aa209dc-281d-4696-8507-c4aa5c45950e,33,Male,108,75,No
04e93070-60d5-48f9-abdc-c378d40e936a,68,Female,125,21,Yes
5fa1fe5b-d6d2-4e17-ac08-d01dbe8dbc46,89,Male,182,82,No
25872380-a44e-4f67-8c99-093915a1dd82,66,Female,64,28,Yes
aa29d057-a7d8-4a30-9789-3078daad3e6a,81,Male,153,93,No
7d60b55c-4243-477a-9cd7-a0832c53da7c,54,Female,79,81,No
fa714433-1a8b-4f16-9196-e62af137079b,51,Male,60,30,No
1121a381-84e0-4ef5-a2b9-66ce9d194a59,26,Female,70,70,No
8cac6abd-ea8f-47f3-bc3d-89d8113049f1,35,Female,101,11,No
bfaa2a23-fb34-4ecc-94c6-98515d719527,19,Female,93,59,No
b22f28c4-b058-45f1-b60a-01ed873bfbdb,61,Male,178,3,No
61b8dd69-d086-4ebf-8ec7-4bb75b3ea547,48,Female,28,37,No
dd6a986e-02a9-4627-96a4-b4dbecce7eb9,26,Male,110,100,No
90be5382-dc78-4ed0-bf4c-bb33ce49fe23,75,Male,149,75,No
21f16386-6fc0-4794-a70c-1376256221e1,35,Male,91,54,No
739a70be-e14f-4eec-a0e7-30e5d71c8245,74,Male,159,14,No
d00c14fa-255e-4fb9-b94a-198abbe75ca5,22,Male,33,67,No
0c33172b-5ff9-49b1-ac8f-662797ebafcf,74,Female,31,97,No
fee49100-1682-4d76-b90c-263ccd40f625,74,Female,163,5,No
eacc7ae3-4e98-46fc-bbfb-0455b604249a,34,Male,148,43,No
d577e1e0-e4d0-46cf-b731-d127f9e168ee,21,Female,178,9,No
a3e3df2a-683c-4136-bd6f-1f7b9fa4805b,57,Female,60,31,No
eae0e35c-5fb3-4b52-bf05-d5f2464ce41e,29,Male,102,27,No
b2943001-b2f6-4d08-bc24-c8b7a7fc23b4,54,Male,82,14,No
0c3a4a79-6a9c-47b0-846f-b00756f15d60,72,Female,62,13,No
fb9f13ee-bff8-42a5-8b75-da85629c424b,20,Male,116,85,Yes
67f38c60-166d-4752-8775-f7b682e4a886,28,Male,69,9,No
7bfe0d9a-9ccb-4327-8286-8d691f0c4333,70,Male,179,4,No
19bac79a-de64-4102-9532-672b363d62a4,79,Female,89,16,No
dcea9b1d-1568-4792-8ba9-d4d659b28fc1,64,Male,145,77,No
fde5345c-51ae-4eab-82bf-2ffc593abe4c,51,Female,103,59,No
88027cd9-81c8-4610-9afe-61f611ed25b7,64,Male,60,7,No
6335dfe5-36be-4bf4-8872-f9182db76489,50,Male,87,45,No
055f865c-7a22-4104-8637-553eeaf6a168,25,Male,35,77,Yes
da34c981-a807-4d40-a414-2082f52fa022,20,Male,83,86,No
b6e1f4c4-5a03-4bc3-b1f0-701881591944,59,Female,177,44,No
b4d8ece8-2429-4955-9417-bd95b6f0a551,48,Male,153,41,No
d38286e5-35e1-4bf1-b5e3-87003a553a28,50,Female,174,85,No
6d5594ad-ea8f-479d-9f88-c50de40436cd,45,Female,95,99,No
7a1315a3-96e1-40a1-a091-1a505914e7dc,69,Male,45,47,No
f3e572a4-723d-44ee-81b2-3e0c389d4474,40,Male,29,90,No
5ba75bde-e188-4457-8038-af8b3a10a122,48,Female,42,90,No
2d068860-3b10-4818-973a-6d77659abdc1,74,Female,171,69,No
41f6ed1f-422c-4514-ab0a-8e2f9baefb02,22,Female,30,48,Yes
76d78734-ac37-46aa-955e-19f003c437d0,71,Female,148,48,No
53564b73-d581-4012-8c3d-998977aa8b8c,48,Female,39,29,No
9dbee0d8-cca8-42c0-8d1b-49ade5e98fb1,88,Female,152,1,No
d8cffc9d-144f-4647-9d36-38f403dddbe3,89,Female,45,77,No
eea565e7-ef2e-46a1-a33c-95bf282997f5,42,Female,171,63,No
8f98ec03-d1f1-4b45-b583-4d1073eaa5ff,86,Female,134,6,No
37c7137f-83e7-4252-b5df-3b55b08b572d,38,Male,70,63,No
cebf21f0-be7b-4cf6-9666-e784ce566fc1,79,Female,42,94,No
6ccc4fe9-7277-4d9b-ab81-e3754742c873,81,Male,129,54,No
e44756a0-f9b6-42ce-8cdd-f21b3c479826,28,Male,31,74,Yes
4b85e090-712c-47d7-9fba-74f1f5565096,81,Female,182,70,No
4ca8b323-7139-4136-968e-bbc4f0c5a6be,78,Male,93,6,No
b6b384a7-2812-4cb6-9368-f5d91d66c483,43,Female,126,96,No
7178e958-c73f-4556-9e2a-2b3441f49d39,67,Female,172,40,No
ec9b7846-ec3a-4e20-903f-85fa90e6b2a7,74,Male,196,18,No
e67232f1-ebcb-4178-8730-7a58d435addb,40,Female,184,16,No
dfc7c7bb-fda4-437a-a9af-90961f6edc59,20,Male,145,63,No
40415da5-01e0-4077-8a1e-d62483dbe106,34,Female,90,49,No
288e25bc-b3c6-4ae3-9137-4e6621abf394,55,Female,166,23,No
caeadaff-981d-42ab-9f5f-de75d31ca0cc,78,Male,100,20,No
df4c14b7-2e8f-4fa2-9a6b-99719ebcf081,55,Female,59,86,No
823882e0-e97e-4454-9f20-c1de23411d42,24,Male,79,89,No
c0d855b2-f827-4584-9b37-1f5f0f61e184,83,Female,149,97,No
97d8cbd0-7fdf-4f6c-823d-b8c8380b2d5e,54,Female,124,52,Yes
4ae99568-731e-4242-9c0b-0820dd00f325,44,Male,154,95,No
38173875-290c-40bc-ab9c-875960496ef7,68,Male,198,17,No
ab1f4619-988c-4cb1-b5a0-2c48608dd81a,80,Female,171,80,No
2e364f07-609e-490d-9eda-74225dc8ff54,54,Male,176,23,No
2f822ce0-f2a0-455e-863b-e5416013e29a,70,Male,168,62,No
1f7fe7f3-66c1-4599-82cd-38a905138c17,24,Male,39,8,No
df6bbe52-369a-4412-a33b-ed28e8654720,76,Female,128,55,No
37afc04d-e1cc-4be1-9d85-20171e30dd49,81,Female,26,51,No
5e98af57-e56c-4fe3-a742-e69a57cde300,32,Female,119,59,No
1ad5a8c8-39d2-48c1-8075-d983a2e10556,19,Female,105,90,No
04a3845f-32ca-4c63-83e3-cb10cb9c4ce6,69,Male,132,13,No
65c0dff9-b51a-4aee-ba0f-a08c940988c5,67,Male,163,22,No
98503845-f957-4967-8f83-cc3a68f8b94f,55,Male,118,72,No
2d6ad91d-b4a9-4dbc-8b15-faa42647756d,75,Female,44,90,No
9898cf66-a23c-4446-a68c-f0ab47f5ce6a,69,Female,85,99,No
53df6508-bc11-44c1-905a-5a87f70b8e41,86,Male,83,23,No
e07783a2-cb24-4520-96eb-7a3dc7947658,70,Female,27,99,No
c516359f-9dec-4ad4-a106-b11bec65933d,78,Female,105,98,No
035eb050-c0d2-4b29-a3a0-a3450dccdf6f,73,Male,172,29,No
24b13632-4f48-4d87-8b10-83ece1075cef,59,Male,26,56,No
b1645ca2-d2b9-4730-ae34-1837996c779e,58,Male,54,96,No
8d2eccd0-2231-46a3-9acd-6e6ffa4fabd0,59,Female,117,84,No
f692caa0-3c50-4c15-8256-fc450201c698,63,Male,169,46,No
64d8cbef-f16d-4f3d-bd41-7715c80f4b1f,30,Male,103,6,No
24742e29-aab1-43e8-81b9-a57a777e4d0e,54,Male,200,20,No
529562b9-9925-4e24-9532-3b7fde65d49a,69,Male,180,93,No
d6ad83ba-e1e0-4487-aed9-bbac356be3a1,68,Male,154,81,No
e0cecb0b-8b37-45ad-a4a3-de34c6558c6e,59,Female,98,84,No
de0ba253-9055-43ef-b130-3e28be4705de,23,Female,28,18,Yes
f824fccf-a3b8-4926-85d3-0b0f52eb1be0,70,Male,70,99,No
8d2e215d-f966-4f0f-9d33-9bbb080e7ee7,53,Female,78,28,No
4a94b5a3-1b38-4035-a287-dfe105ba3dac,83,Male,174,4,No
2e76bfa0-62e7-49b4-8cd3-f8429e7c791f,75,Male,147,67,No
2781731b-c94f-44e3-99a9-712f23c86062,27,Male,182,60,No
cc0179e3-a10c-43be-8bcb-a03419237713,87,Male,82,29,No
19b05fd3-6374-41e9-a98c-f5788bbab610,70,Male,67,76,Yes
781549a5-22a4-411b-8b5f-ed41e076c3e6,53,Male,50,79,No
d8e6dea8-0e6c-4946-a359-53d7700ee965,44,Male,141,10,No
0afcdd2d-cf9f-4ee3-8c42-4606651439bf,83,Male,182,69,No
a2a0abd8-ccfa-4bd5-a7bc-a33d91ece4fc,56,Male,57,99,No
0646da52-a52a-4eca-864a-48bb601dfb86,54,Male,85,84,No
a671a472-8a09-441e-98c8-2aba001107e1,47,Male,91,47,No
a45f8eaa-d635-41bc-9497-a3a44e90b44a,28,Male,179,45,No
f9a604b4-d3ec-43be-8500-5794f0ccdd63,28,Female,161,58,No
3c9d3491-4072-4864-8825-6d09858c6b08,78,Male,181,58,No
8f6d5c3a-d6e0-4605-b260-175b5487d780,64,Male,145,72,No
b18bd387-1d91-4240-b107-3b01ef9a8403,88,Female,157,30,No
75119e89-4b8b-4f44-8428-5de21dc8f517,36,Female,120,20,Yes
15f795d8-ca03-4cfc-a52b-ef7fc5aaa303,78,Female,151,35,No
4b367e6c-5da5-467e-84cc-9e41641d7e04,53,Male,94,4,No
70094b30-59d1-4aca-b3c6-aa5e0fc0cb2e,76,Male,24,47,No
8a946454-b74b-47a8-9452-bec244b251ff,46,Male,66,60,No
08137f6a-7a68-4f0f-92c6-aa441fa554e7,79,Male,161,2,No
b3f7a9a2-d040-4612-990f-85fee7322aa3,52,Female,107,11,No
799719fa-b313-4ef3-8c6c-8a53c064a2a2,46,Male,118,35,No
3cd729ac-7fbc-42c6-b21a-2770aba8227c,52,Male,21,90,No
02f64440-9fb0-4fea-8a77-a1eef46bd2f2,47,Female,42,69,No
5ef1b02c-e257-49f6-9a6a-f224006fb88d,38,Female,120,48,Yes
e9a3b1bb-7ad9-4b26-9591-150a2850578a,54,Female,156,14,No
3a3026de-be91-4844-97d9-10b42d363ba6,62,Male,105,83,No
31d41909-5d23-4df5-a4bd-f0a8240a4b10,69,Male,25,28,Yes
df91c75c-32f7-461f-9279-8a4ed3a1a7a1,70,Female,57,7,No
573e9c97-06b7-407e-aa67-d7e439701ec2,43,Male,51,95,No
79337a8b-1761-48b3-8197-f0009a8440cf,66,Male,169,5,No
a90633ab-b02e-4f03-b2bb-49a035ebc70f,22,Male,136,70,No
a6dd7eab-ecc8-47ac-bdc8-0f31da51b001,84,Male,32,32,No
63338763-b966-4e80-bf76-d71c95a89044,74,Male,72,76,No
7d42eeb4-8cda-4823-bec4-f6d14cfdd0cf,67,Female,194,26,No
5320051a-929d-41aa-ad54-ef561181bd44,34,Female,185,13,No
82e19237-c649-475c-89a0-30dd8aca303d,68,Male,39,12,No
8222e392-d407-41a3-8780-ded30395ec68,38,Female,28,38,No
ee5b870b-e975-4f2f-8d7b-01b2e2dc85b3,53,Male,154,90,No
49e02689-ad3a-44e3-ab00-952a04d28606,50,Male,29,50,Yes
09376097-57c7-4db5-b4be-61c60d1043f3,52,Male,93,99,No
c6bb6ceb-9371-4020-80ad-a99b16415fde,85,Male,195,11,No
b4d76321-d559-4702-b803-5f82f37bb0f3,53,Male,39,13,No
1d613499-b283-48a7-9f9e-f5eb9ba90289,64,Male,70,10,No
808022d5-6e57-4845-9ee3-7e3b8095608a,76,Female,55,34,No
6b6d61f8-ddfb-4e49-8861-4d85e9dd2a95,30,Female,181,70,No
e150a58f-4b33-42f4-99ce-6c12c6212b86,26,Male,200,84,No
7422862e-c374-473d-bb4d-7f30ce24ea56,65,Female,181,38,No
be70a4fe-32ff-425d-959c-cc785153877b,20,Female,33,100,No
a90f9557-1009-4c95-b39b-bf42b9a6d631,75,Male,182,62,No
9209c9c9-3fbb-40d0-b875-4d13d5300718,80,Male,195,86,No
878b96f1-4a71-4745-8d51-eedd8136b5a5,35,Female,168,87,No
5fe6febd-a5c7-474a-9e6e-0a3d93db1907,31,Female,27,14,No
957bfed9-e20f-4bac-915f-9be7d06bb1c6,47,Male,155,18,No
fde5e774-3ef0-4566-b862-6e4b57e7d947,28,Female,28,59,Yes
0e54e328-5cd5-4dc0-ad87-aadb60d47d40,35,Female,37,91,No
0787f9c3-a7d5-40a4-9094-ac4e2e66c5e8,59,Male,187,7,No
5fb1b242-5f90-404f-8bc4-91503dca5078,83,Male,131,11,No
8259f501-f6ff-4f25-9831-6e8267d823ff,27,Male,181,24,No
e578a758-b02c-48d3-84d9-206109a3ee77,30,Male,23,62,No
7c620215-9f8e-4441-b065-eede4ae96b77,72,Male,70,100,No
13d7f740-fdad-436d-b2b6-a7aa05ecffd4,19,Male,160,6,No
07dc7fa7-b364-40ef-b1f4-e7dfd493124b,80,Female,198,65,No
17d91b8a-4099-421d-b794-e2ef24ef6542,24,Female,143,30,No
9423eaa7-a63b-40e9-a517-53ccfc8b50bb,34,Male,155,72,No
a1086321-0b20-4988-b96e-fdf4e11e0338,26,Female,34,22,Yes
f44b9e07-5875-47aa-b9b9-9a90d32727cb,56,Male,123,57,No
91b6c49e-28bc-4a68-9981-6323073e6b22,38,Male,185,33,No
ca98e81b-9a7b-4fbe-a292-f0f298931b54,52,Male,116,65,No
43db411b-1164-478c-ac13-cf8b035eee47,20,Male,143,67,No
3e31848e-e64f-4113-9b64-a02bbc5c7c70,46,Male,86,81,No
a37787a7-4f33-4c3d-85c5-5620fb313dc8,80,Male,183,86,No
2e98735f-2da0-4d57-9523-b89a5168c8a4,89,Female,29,59,No
b39c8474-794a-49ef-8b3b-ba32751d93ca,81,Male,93,88,No
6827d411-36e4-4bea-8fc1-79634cd1200e,58,Female,81,55,No
93bc9df1-8c25-47af-ad4d-7a14d707b5eb,66,Female,95,7,No
c29acd06-a92e-484c-b378-9c974766e275,90,Male,186,80,No
b2575e82-4513-44a0-a76e-d00650eb665e,29,Female,73,44,Yes
246045a9-b0e6-4cf4-b752-0f30eea471f7,45,Female,155,1,No
ca06c91f-4105-4fa3-bebd-81cd9e1f5cb6,67,Female,65,61,No
eafd3ebf-d4a3-4711-8aad-dd890afb79e1,63,Female,148,30,No
d26da234-0c9d-4b79-99fe-83717bb021a7,58,Male,25,6,No
4b62fd66-6bcd-41d2-a001-9ada4f401d5a,89,Male,106,73,No
82c7b27c-e2f7-485c-b568-e87e351ef5bf,76,Female,109,87,No
ce492113-78c5-41d7-948f-5efa9254330c,73,Male,86,55,No
93bfd597-a9e7-435a-9aaa-216877f05045,65,Male,26,39,No
2af4a221-e51e-4e7a-b0bc-9304c198aeff,33,Female,178,44,No
ec1fe9d8-3a91-41f7-b275-8352e215c462,41,Male,65,83,Yes
8f7413bc-9d51-4dfb-abb4-f7231454de82,53,Female,165,39,No
ae4a46b5-ca63-4e4b-a7e4-33ce433688c4,31,Male,144,95,No
1d8e99a5-127c-4a8e-b5bd-7bd7269de654,73,Female,27,86,No
3c11f477-de6b-4311-b71c-ae74025129bc,55,Male,61,49,No
c1fb5417-4ecf-4f6a-a1c2-e3306b0307ff,30,Male,21,28,No
4703c1c1-a3c2-44ca-b64e-c50b0b3558cf,32,Female,88,59,No
a6d40558-58f8-4977-aa6b-20f43bcd6dfa,47,Male,99,41,No
e28981c3-a239-4334-9059-ed145cb7ffb8,41,Female,25,98,No
a71c32e3-54fc-4a95-86d9-c5414c806701,83,Male,78,44,No
0a93bb17-0693-4fe7-bfdd-d4948702b07c,88,Male,62,52,No
cf81cc1d-86b2-4ad8-963a-f67de6a9f32c,55,Female,108,10,No
ea954c75-c936-4159-910e-144d1e476980,50,Female,55,55,No
8dbe7d2c-bab6-4e76-a617-7bbb0ddb2db9,58,Male,171,23,No
ce0c8beb-698a-468c-99d4-2099c40b087d,54,Male,132,34,No
14ed5943-e856-48a8-9ae6-f66d0fcbeaba,64,Male,97,17,No
b4f51c69-b7ce-4bc6-a9d9-893212e9892a,29,Female,23,12,No
35d5421d-206a-48c7-a12d-613e9318f11d,26,Female,121,37,No
d61af6f4-58f7-46d1-974b-d7ec0824b5ce,36,Female,38,92,No
874b3797-be1a-4934-9c33-73665c05c8eb,18,Male,46,12,No
68e0298b-7a03-4d26-83fe-e38b5e350840,36,Female,196,34,No
9d827cb0-8d1e-4fcc-8ac7-dcb05b918fb2,38,Male,59,46,No
6f42528b-139f-4d92-a64e-3f66bee19318,65,Male,50,88,No
e798e035-4680-4f2a-9c1a-c3dc98ebff79,69,Female,178,87,No
3c057dd6-8a4e-4edb-908a-9468f7be5dfd,78,Male,116,13,No
a6c0890e-e006-46f6-b1fe-a886306d867e,37,Female,166,62,No
cb8f9402-8952-43c6-be01-e5c6c1062d90,34,Female,119,33,No
a232ca8d-6884-4630-b038-53a9ad73c037,72,Female,59,11,No
76ca6d55-11d5-4c0e-865b-61c52ff65604,77,Male,121,81,No
3afbf70c-b06f-4987-a785-54fe820e6345,63,Female,99,50,No
968d6480-2b55-409e-b50e-8421673456df,38,Male,55,94,No
2dbc0e17-0b9e-4179-9b05-24d87144d64e,86,Male,161,46,No
553b977e-e3e4-4b52-9f0c-54fc70035897,49,Female,73,64,No
02995e58-17a4-4322-9543-55e70c79a29f,62,Male,87,5,No
9c96d8f4-ca6e-4ef6-993c-cee7b272b65c,56,Male,87,16,No
19199b7f-6397-4d15-8094-d2a1160b13ce,90,Male,114,58,No
9bbc3b79-b96b-4a26-9ffe-ed0342e9a61c,46,Male,45,55,No
4066347c-8a31-4547-81da-cdc79d107158,24,Male,83,51,Yes
e4c9aa31-9af0-4fee-967b-2d775a4aa654,49,Female,90,13,No
8092ab8c-6ab7-4ccc-8beb-113af3dbacb3,63,Male,74,26,Yes
d24e85fe-8570-49de-aa60-5b6313a841bf,47,Male,151,59,No
74c3c65b-daee-459e-9cfe-83d37dede8a7,28,Female,56,5,No
8f810406-9d28-4e3e-8552-beb130e0d7d0,59,Male,183,66,No
c8f433f7-8880-45e0-b0c0-6ec4ecb47dea,76,Female,170,12,No
da938cb0-68fa-4157-9c76-8612929a7110,80,Male,165,4,No
3aa2e244-b176-4a74-a0f6-8fc804af346a,32,Male,174,10,No
973305c2-92a9-4338-8658-72f0fa94f651,51,Male,38,6,No
e8ec5d9d-ef30-4f96-8aa9-f1d3db9a31fc,55,Male,159,26,No
200c2505-0bc1-4060-8d36-71d0705da59e,21,Female,66,61,No
d956e701-905a-476b-a18b-77026b1560d7,19,Male,38,28,No
78fdb875-6b1c-4f2e-be18-46d27c4621fe,59,Female,50,8,No
c8bf523b-f1e8-4aa3-9701-4475c66dbf9d,84,Male,181,1,No
9d0702ab-5496-4a84-ba57-f600bc8f6bfa,81,Male,50,12,No
d38d4874-042f-4062-937a-b328509a2466,56,Female,104,68,No
370d0ee4-bcb0-4167-948c-6f428dcbb174,25,Female,161,14,No
ca8800d0-573f-4bf1-a7e3-4ff834020256,63,Male,32,80,Yes
22ca4e34-daad-4fc3-8fa0-45d36f4524ee,48,Female,191,100,No
46602d03-79c9-4ae9-b1ca-6df6b6a3ee40,58,Male,187,80,No
e2398c40-ca8c-4840-b561-fe37cc8e61cc,82,Female,195,22,No
bc092990-39a5-4b2b-a113-b9ed40d06228,65,Female,169,40,No
c0038869-8826-471c-9c90-59de1544e463,87,Male,61,15,No
6360ee5a-c94e-472e-8bf2-6301b25b8cfc,30,Female,162,65,No
0b59dae9-1f06-49a9-b058-a370b55de7d3,71,Male,122,40,No
4ba2004f-654f-4987-8bf9-4d74fbaa40fc,28,Female,119,33,No
cd0408f9-3355-4e90-a8be-da1b18fa0462,83,Female,98,84,No
8a2451da-ad45-479a-ac7a-1d0974f99888,48,Female,192,46,No
d02d8b56-a446-46be-b725-2a018b10c8c1,57,Male,119,67,No
07221147-86b0-4a1c-885b-e3e8b326540a,55,Male,83,73,No
6c12b014-820f-4820-9b40-bc6255ac4ea3,88,Female,98,8,No
4e11246f-81bc-424b-b01d-684b1b4c2976,76,Female,29,7,No
669c826e-1e53-412f-aba0-57c4ad2ba997,58,Male,52,11,No
8c26eb7c-9a34-4ab3-a037-7d797a7c033e,67,Female,199,59,No
9d1789e6-3350-4635-8f72-113895119292,25,Female,76,45,Yes
4f713fb3-0218-41da-b3d7-d2ee0de880b7,88,Male,151,87,No
2d140848-bc7a-4e76-8781-33f6dd46d466,83,Female,59,67,No
07136fae-6b6e-4411-b840-8a4972c38767,24,Male,50,19,No
2414cc7a-beba-44ca-b298-149d4d0bceb5,85,Female,26,35,No
711f7a2f-6f14-4248-8e95-fb04513f1c36,36,Male,106,37,No
192c4b0a-9bbf-46e8-83b7-5f77ff0c1ac2,64,Female,69,12,Yes
c76ff56d-b8a1-4a14-9148-cfc5de7cca49,58,Male,122,17,No
5a6d9f99-45a9-48e2-b237-5a3bd68de3b0,60,Male,52,97,No
cab46b33-0981-4707-a6bc-9c300cd8e65d,83,Female,41,86,No
4dc34ed3-e301-4b85-86ef-bcdeecfd6c66,46,Male,101,83,No
fe8170f6-0806-4446-8774-f71c983fd23d,35,Male,96,19,No
18275df8-57d7-43af-ada5-000fe49f5593,82,Male,51,26,No
613edf2f-6774-4263-bef5-a7c4b0534f7e,87,Female,77,46,No
cb91495f-b2a3-4203-a26f-0391ac38e1cf,29,Male,56,11,No
0cc72129-dafb-48a5-a43e-12f9206f5c5b,62,Female,98,63,No
50dcf59e-63f9-4ff8-b828-bd5712e16c9b,83,Male,31,18,No
90901571-323d-49d0-b703-12a3cb0ec562,63,Male,22,93,No
f6d186bf-c8bf-4ade-bc47-7048ca574e86,79,Male,114,81,No
e22b747b-76c6-4025-8a9a-a81ff7ce9d20,69,Male,143,73,No
f29ea683-be48-48dc-9f9b-d2dc9a5b716b,23,Male,155,68,No
43c0d8ea-9ad0-4cea-bbb0-82e1cb0eafe0,50,Female,106,34,No
9c31977f-31e6-4c7c-8371-91dfca536e92,63,Female,70,1,No
710aa98e-c000-46e3-970f-4a28354012d1,87,Male,113,58,No
2fdf220f-1ce2-4e67-a216-f3b38f797854,75,Male,79,11,No
a428f319-8c1d-437f-b67e-958558dd41ed,26,Male,191,18,No
aff3daa3-886d-4c95-ae51-7c981cf5e566,47,Female,110,9,No
43795b2a-73e1-48bd-8a4d-00db26af8275,57,Male,74,59,No
c728773f-2185-4dde-a42f-074f344c94e0,46,Female,128,19,Yes
251a2f10-d57f-448c-b666-b8769ccab6dc,47,Male,152,98,No
e7e66cf5-c16f-4fe9-9dde-303b83d7e320,29,Female,157,3,No
80e667f8-9913-47b8-8ffc-41ee93006b16,55,Male,175,8,No
4e4677d6-c79f-4f61-b4d8-97e3196b87e2,31,Female,91,55,No
595b4e0b-94a2-45e0-bfa4-4f9ef1c342f7,58,Female,162,58,No
b10b0d2f-abb3-4eb5-8906-b6a41d257b70,74,Male,23,61,No
0e7757cb-4157-4d11-987d-e8867d1cfe65,35,Male,44,10,No
7a7a77dc-d4f4-4658-a769-5cdc32d36a74,88,Female,179,71,No
15e1899f-a5e7-4c37-b3ee-f678df2d3423,53,Male,76,22,Yes
1a5aae8f-8953-4121-9292-92b3a1321762,84,Female,147,84,No
c3194028-aff1-4ad1-a09e-c70fdcf27055,28,Male,196,79,No
e97eacf7-5c8f-49b8-b410-e5b01a9d10a1,37,Female,84,76,No
8d3d5056-feaf-4517-9402-f1801123a672,84,Female,191,85,No
17420ef1-230b-4441-9054-649ce9cd9179,43,Female,83,36,No
b002b27a-3edf-4154-be89-895de9932932,82,Male,159,86,No
081c4362-1d6c-4093-bb2f-a079b55a8987,44,Male,142,72,No
c5a92c65-2451-4c4c-b10c-2bee4d3174f9,86,Male,149,86,No
1fc8c15c-63df-41b6-b4a2-14971e3103ea,22,Male,42,94,No
3d3e96e4-343f-4355-96ab-2c9418ac8403,79,Male,145,98,No
b0b1ecc8-1c0c-4fa4-91cc-07429343d5de,19,Female,78,37,No
f1510e0c-024c-4e89-88f7-f6ec71ed4655,40,Male,174,9,No
0bb3f67f-b542-4200-9634-545872d45c33,76,Female,153,24,No
a2491fab-9763-428a-95c7-e67a2dd00855,84,Male,71,93,No
74a6c8d0-a282-4078-acf5-28b71cd39fde,23,Male,160,68,No
657b59fe-8dbc-49a7-9d4c-ca515870c05b,20,Female,75,90,No
bc4245c0-640f-40f6-9f1c-76f6c460a98d,62,Male,99,26,No
e04af67c-6f7a-4a55-a3d0-938201d3e09f,35,Female,150,76,No
c05e6a67-ebf1-4c0a-b891-e13fd206a49e,53,Female,53,95,No
144df049-ef22-4fe4-b7f0-cb0552863baf,64,Female,86,80,No
ae41f799-4398-4d5a-920a-1f146c77c945,85,Male,99,38,No
d9adf289-68ec-421e-a39f-aa1435aecf65,61,Female,185,46,No
e567c26b-d0f8-486a-a6d9-efe828674c0c,32,Male,96,10,No
046f691d-3249-42b3-845c-9700733674bb,61,Male,62,80,Yes
f55fd157-58d1-4d2d-a529-a02eb46438e6,70,Female,105,71,No
e2c73c18-5fbc-4e64-b66f-1dceb0a95106,59,Female,126,26,No
03ddc115-0a68-4a95-9539-55d8b157d8ea,62,Female,20,13,No
2b6e69b1-c5a1-4d3d-a90e-cf5b881ee853,84,Female,78,5,No
599a114c-ae77-46fc-8c99-27a2d3645ac1,71,Female,71,32,No
c1ae04db-0926-4fa2-a80b-b84ee809c09e,35,Female,137,19,No
6af3f0be-1edc-43dc-ac8e-73950292118d,75,Female,186,68,No
274979f7-31ca-42f6-a6f5-5471dee2a6b7,20,Male,169,81,No
0b8bc877-1e29-452a-8ce3-0b51e3f761fa,56,Female,144,85,No
09049e94-12a3-4956-b8ad-4f69daf98c3d,51,Female,131,10,No
c9d34a81-90e1-4a66-af17-3344f5d9e7e3,57,Female,92,3,No
5b759407-9a13-41fd-9010-8e883cace412,32,Male,199,94,No
58c58fc4-447e-4c81-8082-3bc4b52b1387,21,Female,28,52,Yes
844f5018-35df-4c64-aef2-5722c3576ffe,90,Female,197,41,No
837e6a04-2aef-4e05-b22e-466e09319a0d,74,Female,197,41,No
d48cc765-6a77-47f0-a532-7e17122883e8,89,Female,23,36,No
1316aa4f-5220-4b4c-ab4e-c46bb331568f,83,Female,187,61,No
aa41756d-3fd0-4091-94bd-35b35ab2870b,42,Male,77,84,Yes
1ce8c675-047f-49bc-9c7c-6c85bd159675,76,Female,66,11,No
17133882-764c-4822-ba4c-44f6db78d90d,19,Female,115,43,No
54a06936-d94b-48fd-8493-d8445d4c3161,85,Female,146,16,No
6d69a27e-0f01-4698-baf8-bba7337d6486,20,Female,49,56,No
ca398376-3bab-49b1-91c7-035dd834ba62,37,Male,34,86,No
bee3d212-1182-42e5-a366-89f19ebe368c,78,Male,64,95,No
4c58aeb3-a163-4414-b180-571a235460a8,40,Male,129,8,No
682a8948-35fa-4691-aed8-4205d3b379b5,44,Male,179,97,No
4a3d7068-ad88-4dda-9369-32eac1367745,40,Female,171,11,No
dc94316a-2b33-44ff-a376-0c774d8b8c17,47,Female,90,84,No
aacb874f-96ed-40ef-83b5-52b80b92f796,27,Male,99,97,No
e347fdb0-6142-460b-8b42-6424e2f008ee,64,Female,42,78,Yes
760cbc5a-9c01-47a6-bc05-d3187b2b5452,45,Female,170,10,No
95aed614-f568-45c3-bf57-4eacc8c76dc5,27,Female,56,9,No
d125cfa4-d5f9-4cc9-ad5c-81f8dafdb404,78,Male,31,8,No
a7c8289a-211a-47a8-8302-2646fd53bc7a,50,Male,52,59,No
9e9bb707-09e8-48b5-acc7-8e9686d8cf19,66,Male,26,40,No
57f956bb-f763-4491-9318-7ef03dce7358,40,Female,129,69,No
cc923c8a-9386-4685-9a99-63edf4d9cbc0,84,Male,39,80,No
3f666b0e-d42a-4c17-b50a-e8962aa21f4b,67,Male,143,5,No
d38aae1e-e5e2-4fe1-ac9d-f39eeadbd9a2,49,Female,115,75,Yes
3e62620e-f9ec-40aa-a073-17b3f7be42a7,34,Male,20,45,No
9979b54d-9050-4422-98ab-7204c9c3040b,32,Male,132,63,No
360a8445-00f4-4cf1-8681-3a71a363b3d2,30,Male,135,56,No
697ba732-ddbd-4e94-9b60-1d98a876d2d0,45,Male,81,66,No
dd104e73-53de-4dfb-a3ee-b390a49a101e,80,Male,52,30,No
6ddc12d9-12a1-43d4-bb24-b12906e21e1a,23,Female,180,14,No
0bdb355e-29b6-439e-9860-e68d636aeaab,86,Female,81,12,No
6641a841-793e-45dd-91de-85017a629d36,83,Female,147,11,No
baca7714-6a9b-4280-b4f9-5a14a6198979,19,Male,34,37,No
8aa4e200-d534-4edd-abe1-f4790fa0c700,73,Female,169,91,No
ed96a932-4f6c-4d02-9653-5e2974ecf750,68,Female,189,64,No
867734a8-b341-4644-9c69-cb2560310793,78,Female,142,77,No
adddb239-5e7a-48fe-8d63-4a603c1c1353,73,Female,146,46,No
2d2d4c95-50d4-4c77-9f6d-1b5bb3020341,33,Male,84,6,No
8f5a4653-1293-4611-9425-d9b3eb036153,88,Male,51,80,No
becc2c6f-719c-459d-9dd9-c30fc8cb09d7,55,Male,168,53,No
df0af79d-2c44-42dc-9552-e2a56e12b508,89,Male,112,3,No
b2e8a363-942d-43ec-b65a-31884dc0c933,51,Female,48,35,No
5b8c991c-59ed-48a7-a031-00a476f531d2,73,Male,156,20,No
eac2e001-1d6e-48b9-a01b-b3fa98809b42,39,Female,55,30,No
25e2aacf-f07f-468f-aa00-51aac042721e,52,Male,34,71,No
72388bf4-297a-4075-a18f-4c1f6a99438a,49,Female,26,26,Yes
e34740ee-af41-412e-aa0b-69da29d4c711,26,Female,107,45,No
0a619d5f-5a38-43c8-a243-bcf312d81f8e,81,Female,166,48,No
440740b3-46ef-4b85-8212-dc3da2603b58,54,Male,23,77,No
9cdc4c93-6867-4506-aece-29c46bdf7989,26,Female,82,26,No
49c63ae0-0389-4a12-94c6-e13884a6353a,47,Male,178,39,No
2c89ee1e-177d-4449-b2c3-c1f38e6f639e,21,Female,190,64,No
0de1b13b-d209-4301-9eea-a2b04676faef,21,Female,109,35,No
7d2a668a-d925-4514-9b8c-8b9a0bf20d0a,60,Female,41,65,No
d273f733-55d2-46d2-ac9a-d015206d7b4a,76,Female,88,46,No
5a72e21d-0095-4364-be2b-5bd106dc7927,86,Female,153,66,No
ade8aaaf-78f7-4c05-957f-7d1f0dee4367,85,Female,135,32,No
4264ac59-8005-44ab-b9e1-e1a13dbefcd7,22,Female,161,2,No
08492599-2adc-4137-954f-58f2c0f3331e,24,Male,22,98,No
11d8b566-2cad-4bea-83be-fd53d109edd4,48,Male,72,14,Yes
73ebeee3-01c6-4ffc-8a7f-bf81391443a4,44,Female,168,82,No
1615a4d5-9753-4588-a266-32cdec085c17,18,Female,163,2,No
05174e0a-b1a0-45cf-91bc-5d16836da7f2,52,Female,40,79,Yes
167ac54c-6ae5-415e-a3d2-7c5156fb5a33,28,Male,90,30,No
b6080c16-e167-432c-b2b4-f0325983488e,60,Female,159,99,No
30be8d15-a439-4a0a-9239-aaf350bf2570,43,Female,155,5,No
4afab6b7-78b7-4108-84c1-0f5d9489eecc,51,Male,33,24,Yes
3364562d-cc91-4412-aae3-8bd4a2f672f3,87,Male,144,52,No
7fb99190-61c5-4157-a3a2-81aeffba8929,72,Male,88,47,No
930f3e73-23c8-4a2b-81bd-14214a391817,75,Male,103,6,No
0d97f250-1bfb-4b90-a3ff-c0c18abc72f6,45,Male,33,24,Yes
630afd01-fef3-4b01-afd9-ddcfc2a00346,27,Male,45,84,No
d4643eaf-78cd-47ca-8dc1-6d7352e5ce6b,71,Male,34,20,Yes
3b0b7591-de87-4e30-82a8-ae2462624f4c,26,Female,160,100,No
baaff061-455d-433d-afb7-fb823cbc00ff,76,Female,111,81,No
235db8ea-80f0-4595-8e40-e5a69d6b9d4c,43,Female,100,54,No
72deb4b2-ccfb-40aa-883f-10d28cd83db7,30,Female,65,3,No
abcd9a95-6322-4360-8931-e9d1224cc87a,51,Female,190,33,No
eee05579-d22e-425f-a144-14e3b917bcb4,76,Female,56,37,No
f9b91895-95b8-4b61-92b0-9081180aeba4,25,Female,145,90,No
b4f04e2f-9cfe-477d-9dfb-d449420fe6be,51,Male,56,7,No
5d6db90b-7266-4480-a2ee-4397e3f69bd9,72,Male,50,100,No
96a6d8d1-f6b5-4442-82b2-8a36f1bf362d,70,Male,102,21,No
0f7f436e-e2fa-4b4f-84b5-f41af99b3d6a,68,Male,150,36,No
4e938d15-056c-4703-b39b-bdd26ea721b0,90,Female,131,97,No
210cc9c3-2b84-4536-a54f-fcd521d34052,64,Female,41,53,Yes
a5dfc186-59ae-401e-8ddc-63150adfad5c,18,Female,151,45,No
9d6eae80-d087-4788-b550-e06370019f07,31,Male,110,8,No
7e6b6089-2674-4103-af18-d66e96cda3ca,37,Male,73,39,No
1e4335e1-a9d9-45c1-9ba5-d36473a20979,34,Female,173,60,No
880c5332-f42c-4ac0-ac79-4f24cddc739f,37,Male,146,83,No
255f2ab4-f5ac-4bcd-9ee4-d3849c5545d2,88,Female,114,55,No
9b8d9ade-cb58-4c53-993b-c9ccecb2fa26,58,Male,42,48,No
143245e4-98fc-4b25-a956-47e92b9e96da,24,Male,82,82,Yes
93ae36e0-0b5d-454c-8df8-a5b8b58d6198,43,Female,82,83,Yes
42d418c0-65bb-4136-a1b9-95915d933279,62,Female,75,64,No
7968ff56-e80e-417c-b448-2eceeb8a09ea,84,Female,200,42,No
c97c79fc-a08f-4070-aa0a-763e5468cc4e,24,Male,111,40,No
b8fa21a6-b6d4-4d1d-bd4e-77371b06868a,78,Male,29,46,No
1ffd9ccc-5eff-491b-9d0f-f6f196089b37,55,Male,153,93,No
e2b0d521-0954-4869-8269-3fd7d7f8f144,64,Female,57,50,Yes
d31b226a-d719-47c1-a105-d393b7c8d699,85,Female,185,37,No
6495cc4d-01bb-49bb-870a-d0581b6d60db,35,Male,200,55,No
80dae463-6989-4fe8-a570-978491608a52,50,Male,144,49,No
ee76edb0-0b13-44ca-9c12-c67e8c92f7ca,27,Male,180,85,No
c557e244-b61b-415b-bd3d-eeffeabce1d9,27,Female,139,84,No
b2c6289b-78d8-4821-8dae-9f162d7f6545,24,Male,32,78,Yes
abd35b86-a06f-4eb0-b93e-53a072c5abd3,90,Female,22,88,No
429f9a36-bec9-4c25-ae99-cb5099a62554,53,Female,84,84,No
a91577d8-a61c-450b-a0f7-59aef01b3ee3,26,Male,161,64,No
8b4cfd5e-fa7e-41b6-9a8e-3d499d76af6c,69,Female,178,21,No
e5c6ff62-f499-4d6a-b0d6-1950d7f9aee7,72,Female,46,31,No
dc72e55c-c2cf-4815-a1e3-0e140e2bbf63,25,Female,126,46,Yes
7e48d43b-2a6b-47f0-861d-b89aa27d1bed,87,Female,22,57,No
4932920e-f615-4ba7-8235-1b858ac93667,27,Male,161,91,No
b830db27-56ae-4601-b197-1717363d6664,71,Male,168,22,No
3bd1c04b-146b-4bb9-a618-5729a89b921b,44,Female,185,79,No
adf1179d-9ce7-4025-b1d2-1f03d3543a49,63,Male,145,59,No
4b6a1f70-8e67-4677-bb9a-976c5304fc48,29,Male,69,56,Yes
9386b6f1-7330-40d7-bc96-3046cabb228d,72,Male,40,72,No
160fce68-d077-4c4a-941d-1ebef7c4de5d,47,Male,65,52,Yes
48bbff5a-34ac-4426-979f-c55af2313d5e,70,Male,33,57,Yes
303f5480-98ce-41fd-bb94-1250da30564e,18,Male,50,12,No
ac5b8fc2-096a-4ae8-8e01-e741c380d554,63,Female,177,51,No
3ee322cc-35eb-48c9-970a-11116444caeb,43,Male,170,68,No
024f431e-a51c-4dee-9e07-670e9f8332f0,37,Male,41,34,No
927b1889-80cd-4bdf-989e-5a1a16b01db4,55,Female,164,77,No
790d893a-6559-4458-a511-44f0f605a067,22,Male,194,9,No
7ee6c4a8-b031-41aa-ac93-9414eaa9dff2,50,Female,67,20,Yes
06923fa0-1d69-4265-8bda-10a701ee1bd2,85,Male,116,89,No
44983f4a-1733-4943-994d-2da2aca314e3,24,Male,128,97,No
ff3adf3b-aa60-42ee-8482-8b2651b51547,74,Female,98,55,No
6be74d72-8540-493d-9934-9680089cfa10,87,Male,50,78,No
4beaefef-41c6-4c55-a8d4-6d52ae2290c4,85,Female,177,53,No
ea7e10e8-171b-4b17-95d8-5b92e7bee249,33,Female,89,58,No
a615476d-0259-4f6f-ab83-b2cf2d6abca5,57,Female,45,74,No
0217dedd-eb7c-4740-a3a0-55f1c0c30668,30,Female,103,9,No
ebd0f957-1f65-4fc7-9b15-ad596b0991be,44,Female,115,84,Yes
62019488-026c-4173-a094-382786ed9f2e,88,Male,128,18,No
ea48c56c-4ee3-4fd9-9df6-b5b8a63ca0f3,86,Male,118,28,No
e06f8074-439b-45d4-9a73-777411e68f85,52,Female,182,35,No
bd0345b9-3e86-4710-ab85-003c7ebbe661,64,Male,29,50,Yes
723e91b2-6858-44cb-979f-d37ce9ed7297,79,Male,170,5,No
922e02ef-1d79-47de-bc7e-49e415b2358c,61,Male,157,5,No
f461886d-569e-4000-b348-34111163cfe3,66,Male,29,7,No
c9a1ffb7-3766-49df-af5a-e0f149f289df,41,Male,101,12,No
5792e091-d9b7-470d-ac3f-2fc4ac090ea9,20,Male,41,47,Yes
40d55bb5-f087-4891-b722-80f6b2d94957,58,Female,99,93,No
811df947-7cfa-4d8f-9c4d-22be4022de9a,79,Male,44,55,No
8fa86256-a540-402e-befb-4d225947b8ee,26,Female,198,31,No
587eb2ee-b228-4201-b942-58352050ad89,24,Female,82,19,Yes
3ceb33fb-e4f0-4a0d-855a-e462fe4ed01c,86,Female,99,41,No
9b2b4ead-a132-45d4-a581-d38d93aad553,90,Female,65,68,No
6a9ed1ef-bb0d-4e75-9971-6b2545ba4640,21,Male,114,59,No
10a47802-6393-4b02-8d9c-177df50b8778,49,Female,64,69,No
b7748859-e4bb-471b-b34e-5ba47c759602,38,Female,98,21,No
59225f13-e4c2-4aa0-bef8-6ba58ccd58a5,30,Female,147,93,No
6a58e0ee-76e9-47f2-8b47-860f36d7aced,65,Male,110,49,Yes
91560784-7c04-4b13-9765-2465adf1b0a9,75,Female,126,5,No
cd82be43-c588-456d-8946-9f152ccd76ad,76,Male,89,73,No
c3ef2ec5-160f-4bbc-950c-d318e0ca67d1,55,Male,144,5,No
8893ac77-26e6-4152-bd45-4fc8737eb45c,81,Male,177,99,No
4a1e036a-08c0-44b3-8c87-0150d77dcaa3,41,Male,107,20,Yes
a4dd2b4d-9c51-428b-bc6e-1328ab538176,49,Male,175,68,No
379cd2ed-b2f7-4ed3-a41f-3daeacbaab1c,52,Male,33,61,No
674cc9da-0bb8-4fed-badb-3a07949859a4,19,Female,119,79,Yes
8d7dc8ea-35e0-49c4-980a-66b9a2ed1931,35,Male,40,13,No
5c8b3ec1-ab2b-4df4-9121-6174dba94751,36,Male,75,72,No
f916a495-3942-4fed-bcee-14aea3950755,78,Male,134,10,No
f9d6d4e7-eb90-431a-9a33-acc9a5ab6e25,42,Female,29,40,No
f7faa867-e443-4849-b683-666e5f19b0a1,54,Male,105,67,No
166669c1-8630-4562-8ec3-e108a719f082,64,Female,80,92,No
fd369fa4-7c95-4b38-b604-2627acb8d4a0,86,Female,130,2,No
20835be2-0cc7-4c71-8dc8-e4caf5f52f45,83,Male,193,7,No
c83ba410-fd82-4e7c-a6a1-58c3b83dd2f2,63,Male,192,13,No
6109cbfd-52a7-4913-8cf0-f275f8afc9fb,54,Male,79,13,No
99e5032e-d27b-466c-8aac-6f1df0daee87,25,Male,78,72,Yes
5f884401-c2bd-4513-8e0d-a3e632862834,64,Female,85,13,No
b9772f5c-fa62-410e-b00e-acc0bd00055e,88,Female,160,37,No
f35a638f-8165-48a8-9324-91429e530e74,78,Male,152,82,No
137170db-321a-4e50-b792-5e7e14db0fe0,36,Male,64,17,No
f8d8a623-402b-4037-9b11-7ba5668686e5,35,Female,162,70,No
15187078-1816-45e2-8cd2-0db2f4f66953,66,Male,67,100,No
b65135a7-1465-4eb8-a9ea-c4e26a243b14,21,Male,51,5,No
f6b56aed-a8ca-4c10-b91d-cecfd7839068,21,Female,110,95,No
30ff52ee-57e4-46f6-9e4c-3c8b891baa86,74,Male,56,23,No
324b1b0e-ecc7-46e1-89c3-623f6f60a9ca,84,Female,99,76,No
55f4d9e8-2923-4dc5-997a-939810d0c7b7,51,Female,140,73,No
bedb58bc-eb2b-4a25-ac51-dbb80f31bf96,67,Male,160,37,No
2fa9281a-a8a5-45b6-9dcc-2ed6b5de6aba,32,Male,56,34,No
1956c2b5-8e4b-4725-b366-13d1dd42b0a9,24,Female,192,36,No
c3fc4963-dad8-4b1b-b913-9d9609146a37,21,Female,143,41,No
9e7f930e-4998-41a9-96ee-3df2eba4725a,78,Female,71,54,No
c5e18644-8273-4de2-8764-18e75eb311bc,64,Male,148,92,No
c12b4a6d-2853-4f7c-86a1-95acb4414c51,82,Male,24,32,No
c9aecd51-1552-4db2-81dc-d9e2a554c72b,19,Female,30,13,Yes
c2f333e8-e6b7-46f5-adf2-12bb51547c61,79,Female,157,84,No
6c0d9872-d11d-4f84-92c4-333057917f83,40,Male,151,49,No
fe50a400-d51d-40c8-b1c8-13e4a9a7bce0,53,Female,121,64,No
8edde699-10c9-4817-a89a-2ec377057ba4,53,Female,117,44,No
acabd04e-5285-4b97-8757-6554c5b3efcb,59,Male,65,5,No
3723a9d9-a019-4a4e-bc5e-a22c7d1ab8bb,55,Female,196,49,No
5163706f-895a-4b1f-9e26-6e3961cb0ef9,72,Male,62,15,No
4dd10f75-f9e1-452e-9cea-8d79e1eefe41,32,Male,116,16,No
698fed87-7ba5-4479-8c1f-5f28a4223b63,64,Female,181,75,No
e05f6d28-c9c7-42ea-9191-a1d31cf73e6b,34,Male,40,11,No
e4e61de6-65ed-48cf-b19a-6460da381e56,86,Male,102,100,No
f98bf8d4-750f-462c-9ecb-5472f7561898,87,Male,58,19,No
013b5ec5-2863-4f38-b194-4455475823ae,71,Female,23,98,No
36809766-401c-4480-9b22-e2f70379e0cf,82,Female,170,1,No
d6d4428e-4ee9-45ac-a725-512c7ada4296,28,Male,131,61,No
c4804878-5d9a-4404-aa6e-e5d459da41c8,76,Male,153,2,No
80099b01-b712-48a3-bafb-18de796bd50d,19,Female,163,92,No
1ef9babe-849d-4355-9017-d8095016e3b2,88,Female,66,87,No
66320b12-3f8b-43d6-bd22-3d89d15a7e18,28,Female,29,81,Yes
20e2de5f-1d01-4d50-ad62-4f6ab33d2ead,80,Female,92,75,No
145cd977-bfdb-4f99-a8e8-d8b395960b2e,54,Female,44,24,No
42f013eb-6bc9-4064-bcbc-91773ab0f8dd,30,Female,152,69,No
cabb2b54-33db-44c2-adda-93c78c951340,51,Female,149,50,No
0b713f89-19e7-437d-99f9-c4ce7b48daf8,69,Female,141,55,No
1ca7bf3d-7973-4ca5-a2c2-109c12fcb64a,21,Male,22,52,Yes
3697ed50-8d2f-405c-96d2-9758eb3cf418,77,Male,94,91,No
7c4d123e-dd81-452d-8548-3283fe377803,43,Female,67,28,Yes
b4bd1637-7077-429b-a9fd-b8d8aa452ed5,48,Male,41,36,No
a83851fb-17af-43fe-a782-abcdb584a037,26,Male,60,66,No
8466af73-a02f-4383-991d-ef9f52799cac,22,Male,199,30,No
b1af3e32-7e27-4588-968e-e36a443372d6,37,Male,132,52,No
a8baffca-64a7-4e91-ae28-5884864ba500,49,Male,37,89,No
e52c982f-26b4-48e7-9f78-638cd9f6ae4d,19,Male,51,94,No
57957435-d775-4c5d-89ff-2ba38b0367a1,70,Female,150,73,No
ed671f2f-b01e-4020-928e-af1ff465ee1f,88,Female,166,77,No
3be9f62a-c5a8-422a-b47d-73de1f6bfd63,18,Female,40,49,Yes
837b5f12-7842-4da4-867f-10ef7c4a6a75,79,Female,116,54,No
f581cccd-61f5-49d0-9578-4a7896bc1dde,63,Female,192,45,No
1cce327e-79c2-4ab3-9e98-69392a4e4d66,53,Male,107,77,No
1d6e2dac-52c7-4a0d-aefd-22ee64f807e2,20,Male,183,38,No
6016df08-c36e-4acb-b275-a18471341d9d,68,Male,140,2,No
2a0cd52f-ade9-4c55-b010-83d72d761c51,26,Female,136,84,No
abbabe06-feaa-404a-a2bd-d0ec40961c89,32,Female,118,38,No
54e98deb-fb84-428e-ad40-1046ed726fc8,34,Female,50,57,No
c4b13937-bc01-4162-b240-6d54ba827da2,79,Male,189,13,No
29be0d9a-7ba4-4c20-b5f8-6c3e30736fd7,69,Male,95,25,No
4d8ed47b-f48e-4bca-9e09-ffbe816deebb,30,Male,112,21,No
05823d9f-9132-43fd-b80c-5247c49b8f7b,30,Female,32,70,No
c24cc241-3f98-4d73-99c9-cd79a4f49a2f,89,Female,135,67,No
cb186d7f-a766-4bab-9680-c754299a594c,41,Male,23,93,No
b88edc30-ec3c-496e-b0eb-1080d83b4c7f,52,Female,78,65,No
8ebd6bd8-1086-4cb9-915b-f77bbe3977d8,44,Male,26,82,Yes
ffd41418-0305-4a03-b45f-c6b8964c0100,46,Female,134,53,No
35946481-a551-40f8-be88-c660c975a483,37,Male,147,60,No
8f826026-7679-462e-992e-d971c3c16b2d,67,Female,35,62,No
fd1188be-42c1-46a4-acbf-7b2232a5f6db,37,Male,102,15,No
d45f6489-a0b4-43d8-84aa-d9b398c5934a,18,Female,164,15,No
e87df5d4-923f-4aca-b206-93309250160d,35,Male,186,85,No
813b3194-ee51-4e60-947f-f6884ef0110f,62,Male,21,61,No
0fb52b55-ff47-4055-864e-d707ac144583,84,Male,147,7,No
82a22e33-ad01-4ca1-8b4c-8ee8812a1700,90,Male,91,67,No
c12bf1fe-6808-4679-83e7-e2457393e10c,85,Female,33,93,No
b1116d4a-fd51-49f1-bbe4-8852aa804e9f,19,Female,151,9,No
d4f175b8-dda3-4435-a069-b65f9c17c890,40,Female,85,93,No
5794e2fc-3a43-40c7-af99-ba37cd178d3b,22,Female,83,25,No
079e8b3c-ae88-418e-90a0-50dfe91237fa,53,Male,141,45,No
68a56489-916b-4eb9-bde6-792992f9e277,66,Female,151,98,No
258f95b9-6944-4ffe-89a5-25015a69d4e2,29,Male,60,94,No
63f4b2b7-72dd-4e40-aca1-41051f5d64a5,75,Female,36,52,No
63eb45fa-8a11-42c8-a85e-d871ea846bd1,89,Male,103,84,No
5d8737c4-c63d-45cf-a01e-fe1d879798af,36,Male,25,76,No
76d25977-a3db-4804-ab9c-6dd720df0b20,48,Male,96,32,No
238ed3c4-9a96-4394-88b9-f1d69f81a7d0,68,Female,172,56,No
21c0b5a4-0f37-455a-94cd-f66196c2aa1e,27,Female,91,40,No
d1a94658-f688-4003-aeef-2a58ea90d665,59,Male,117,63,No
afc7d8cd-3ddd-4af5-8aa3-428079b828df,41,Female,196,28,No
c19ce92b-ad55-47ad-8ec6-4630468aa64e,29,Female,23,87,Yes
24bf5e13-878e-4bb3-aba2-41402cd4a5c7,52,Male,54,43,No
1587409c-3d20-4703-9c3b-0eef59abb477,63,Female,44,83,No
7ea3c354-86d4-4547-8415-6bfc5343eb10,23,Male,159,53,No
6b0f8916-973b-40e7-81a4-71cf9446e374,69,Male,158,79,No
f8db2549-71d2-4a93-8216-afbaa398ddd4,56,Female,83,53,No
cd6dbe46-95e4-4d42-abb9-ab9e05a04dd7,64,Male,185,54,No
a22b39b3-aafd-40f8-a85d-65caac50c2e5,62,Male,148,88,No
1ec9446c-9e43-4732-b8d9-43e0d29480ab,27,Male,159,72,No
27b05c9b-a539-4774-8131-6c4de87039b6,30,Female,133,82,No
876af573-2813-4aec-a7d5-4bc28cd5d9b3,77,Male,133,67,No
862b03b4-df8a-470e-a4f0-0c3ae121255b,61,Male,95,25,No
7aabc30e-0df0-4a19-85ec-0190a9583f89,35,Male,132,97,No
55274a44-5379-4ef1-856d-474ee20149ba,40,Male,25,23,Yes
baff35ac-8f45-497e-b2b8-67e0ab7feabb,18,Female,99,24,No
83428bb2-5467-4c55-a459-dc8a49b3001a,25,Female,63,46,Yes
3767a151-4675-4701-ad84-a81e2aee0d5c,72,Male,173,34,No
43a02cca-33b6-4da2-9032-70aa575c56d4,67,Male,44,56,No
67a18d6b-a8f6-4622-9d79-00921020b015,67,Male,192,22,No
af8a6f5b-4ce6-4900-84d8-8649e5a2aa20,63,Female,63,68,No
90086825-7b44-4a43-9006-d1b2a52372d5,78,Female,138,1,No
a007e507-5d39-4c1b-818b-93fd84e00cef,51,Female,61,86,No
c630f1d7-a1b1-448d-88c7-9deaeb129d96,76,Male,59,76,No
7289a581-d04e-47cd-acc6-0fe87f5862fe,21,Female,158,74,No
9f9b0c8a-89ba-4a01-a2bd-b2d9b7d1ce16,66,Female,141,38,No
6339333a-a019-4c68-916b-e769a83a06ad,29,Female,133,62,No
e19b03bf-3716-41ee-858f-c9841ee3b175,74,Female,178,55,No
38fc197f-4110-4d6e-a612-172dac5539dd,90,Female,144,91,No
65cfaf70-4d87-4864-8594-75c7a8ca6ad7,89,Male,80,84,No
c2f6b982-3654-4921-857d-3d00d9100455,60,Male,102,85,No
0ff04674-2ce3-4632-b60d-7f41f077544c,21,Female,96,96,No
9dee3ce4-5259-460c-bb74-87addb02ec2c,38,Female,70,7,No
3720f3c4-049e-4099-98e8-5ef3a3c3cd02,68,Female,138,14,No
4cc74728-61b2-4b16-adc2-a88dd08f73c2,30,Male,200,51,No
83354d17-e4b8-4bbb-8488-ca4244a0f298,32,Female,38,52,No
12e4ca57-d05d-49f1-be35-71e50fa12601,52,Female,190,3,No
49c1c51c-654f-435a-bede-936f08f3434e,18,Female,114,72,No
9ea411e4-2435-487e-8ac0-49d73c8bd00e,33,Male,169,3,No
7d2a69ff-396d-4745-a1b0-3313d48cac1f,81,Male,169,15,No
ea825924-7398-4efe-9193-93ca0e1dbe6b,38,Male,75,46,Yes
167a6331-ddea-4faf-b5aa-ff263e7ed7c6,90,Male,162,11,No
cc6c5659-37b8-4249-8a5f-f852883a79da,72,Male,53,20,No
391e647e-94bb-447b-8d76-c9afe8680578,18,Female,143,77,No
d380ac44-f022-4357-b66b-8db1cdecaa72,74,Female,158,86,No
fe62d567-a0c1-4a2b-874b-c050a41425e4,47,Female,136,7,No
239ba7e6-5c23-43f8-acda-41d45198f4f2,44,Female,83,48,Yes
1215aa54-d838-4d63-8007-bce5e9e036be,30,Male,53,87,No
8ed8ad57-9a18-40d2-98a9-b68f4990a3a4,68,Male,185,23,No
98735baf-b5ac-4bfd-9e69-57cbe702a4bc,59,Male,149,39,No
5782bcd5-9072-4612-927b-e828a5ff1803,69,Male,102,89,No
073f4c98-9f42-424a-85c4-4e6323afd610,65,Female,70,72,Yes
4d2beb85-78bf-47f2-ae75-69c219931fe0,61,Male,76,70,No
8802a51e-96c7-481a-ac40-b33593442b6b,88,Male,150,74,No
a3a0d87c-3f34-406a-8139-b400ea1b351c,81,Female,196,90,No
3ab08a86-072e-47da-9492-6f5fa3671fec,22,Female,70,26,Yes
07af291d-5d0c-475d-9456-660a9e0af33d,44,Male,105,23,No
90ebc383-03dc-4bff-b71d-9a42c9d2260f,88,Male,95,60,No
cb42aa55-85aa-440e-999c-953ffb2e6496,67,Male,129,72,No
bcefd787-c74f-4860-94ea-72e4d92550dd,73,Female,119,60,No
05254ed8-c056-41f7-b1b5-0e7b796b0f5f,59,Male,125,99,No
96a8f4c5-010c-4bd4-b10d-f548e32c1969,30,Male,93,13,No
c9c00284-aeb3-4948-b2e7-13077d0c62de,32,Male,179,100,No
97ac50ed-15f0-4ec3-978b-4c070dd1ccea,31,Female,80,73,No
115d8804-e4d9-4a8e-9178-345d506bbf6f,42,Male,178,94,No
75e3629d-21da-428c-9992-2d8146efde62,47,Male,101,37,No
a445cc45-0b0d-4d1e-837c-c86a84538a32,85,Male,61,63,No
87e28ef0-5469-4772-96f3-63b59a3c9104,22,Female,169,42,No
cdef49e5-b583-4c59-8a23-77f05d31f37e,42,Male,34,76,Yes
324fed2c-8661-4806-b188-d256eae922b1,61,Male,196,55,No
f742c42a-7862-4894-8e4b-4ab0b5cc7414,74,Female,37,40,No
69d82e5a-6bbf-4b2c-a503-14ce6245d763,44,Female,43,4,No
f0d231a6-c61a-499f-b465-5d30b8d47618,27,Female,101,13,No
702fbc03-cf68-46f4-a60b-d17909703e96,42,Male,150,84,No
eee6b24f-2c10-4f3d-91d7-edaf2541dfbd,51,Male,125,54,Yes
fa6b7777-508b-4270-9af9-f5237e0b14a0,25,Female,198,90,No
ee99553e-87ef-49ff-b581-3ee92dbb6c82,34,Male,65,22,No
08fedeaa-d5ae-4a93-8d7b-a140caaa54f8,66,Male,23,49,Yes
bac0c387-374a-4222-9082-a38dacfb9f92,83,Female,92,91,No
fcc7f2dc-df59-4e03-9417-21ad4cfa7ba3,72,Male,154,38,No
dbed72c9-6586-4f6e-844c-4d48ba3e98de,34,Female,38,48,No
8f5a4cc7-53ea-4c3a-ac1c-463cbbd44f0f,33,Male,38,36,No
ea61dd3f-383e-4dd2-a9e1-e27fd8680aa5,59,Female,125,14,No
48f7fbcb-8799-4791-b0de-db5eba6f6aaa,87,Female,103,33,No
f1c01d62-f81b-4b81-88c6-1401c96bf18f,57,Male,157,79,No
65c2572b-e785-4f5a-aaba-a8d6e49e78c7,25,Female,120,5,No
128a687f-0a75-479f-9ea3-4d895edaac00,42,Male,175,63,No
38e3dcbd-6282-4e44-b2d4-69aceec87f35,25,Male,35,80,Yes
be5c11c7-4095-4ea4-b744-50f01d1dc52d,73,Female,167,62,No
9d770b84-f037-4029-afad-5039eab82409,19,Male,116,59,No
69a57de4-e3ca-41a1-8a16-5aff2c6dccc9,43,Male,86,29,No
0b9a82b0-42ce-464c-a661-4f3850436727,21,Male,115,14,Yes
4796e479-c3aa-46a2-b5e4-2b9b59451cd1,78,Female,190,67,No
c163a562-ac1c-4f25-9e4b-adadc476a224,63,Male,122,87,Yes
827cd9a3-0dda-48f9-9a20-3f02ba3d30c1,21,Female,78,89,No
4d84cc02-df8a-46f2-a3b3-b25da7f602e1,85,Male,37,86,No
e5d8c1b8-d1e3-4f28-ad58-c37921f3c02d,79,Male,133,80,No
f9a8d028-87f4-4f38-a04f-943120f9d9e9,62,Male,63,48,Yes
ea4455e2-202c-4024-8ed0-bed85c85cf22,40,Female,125,46,Yes
78beb8fc-941f-49c3-8f5d-7a23e466c2fc,56,Male,151,1,No
82f59e51-e58e-41a9-bb9a-7bf221840943,50,Male,60,81,Yes
55ff8baf-1394-4a71-a00e-e6abc9900e02,42,Female,85,21,No
68548eba-e54f-47c7-aced-e4a2eca444ce,27,Female,192,10,No
6fa3a8f2-7e38-40f3-8059-85fcbbb93414,19,Female,196,95,No
ff7c1f6c-1c2d-4779-8fc5-ce57daff7703,59,Female,124,46,No
e054028b-32bb-4e0c-9dba-094fff4b9261,44,Male,57,50,Yes
44923756-42ad-4022-ba41-2104dc990701,85,Male,127,33,No
15139dd4-a628-4a20-811c-e766c46c454c,40,Male,192,50,No
97a1fa0e-8cf0-42ae-9115-a255e4ec53f3,83,Male,28,38,No
2d1ecc64-429f-4d9b-806a-6ac48892cd64,36,Male,93,92,No
95793ae0-91db-4cdd-bf6a-dfb505c839bb,69,Male,143,5,No
2096d9d9-cf74-4b6c-889d-a8c022eef7d1,86,Male,166,36,No
64578db2-3efb-4d2f-b17e-28dbf6df1fcb,48,Male,187,72,No
884c39d1-9418-4442-b426-55322921aab7,71,Male,109,33,No
dcfa1029-e292-4ebc-aedb-a13702ca9b90,57,Female,190,34,No
ce06a409-96ab-47dd-9d5e-bde0274c9255,70,Female,89,37,No
e1876a17-c88a-47bf-9783-ddf330eefcc5,28,Male,142,27,No
68641bc3-ceac-4795-86d2-848c53992f01,83,Female,36,22,No
ad01fd2e-0579-41a7-a740-369892e293a0,84,Female,157,91,No
cb0d127a-773e-46dd-be3d-02838f4bfbaa,34,Male,72,21,No
a95a2082-9ff4-4a40-8793-e54cc6746dd9,58,Male,30,75,No
584a4604-6b68-4106-95e8-37ca63eb777c,64,Female,124,73,Yes
33ab889a-83ee-49c8-8c5f-2bbaae43ee15,55,Female,157,36,No
7828a6cb-909f-464e-95fa-9553c24834c6,68,Female,40,39,No
32a0819b-a690-4e84-a2f0-25235b1c10c5,40,Male,149,70,No
f9b7120a-e9e9-4029-9a56-dd54412a2cd0,52,Female,130,98,No
97ef76a5-9935-4948-a3b3-8056d9fb55a3,83,Male,34,45,No
c2b71531-a131-463a-90a5-3191c1e7450c,68,Male,71,36,No
295d9a3a-0769-4300-938a-fab95f81d005,66,Female,172,53,No
ae657646-06b0-41d7-9dcb-2b61ce7c3bba,76,Female,86,34,No
98da71a3-8b0a-441f-a9b0-3fb257d1643c,74,Female,108,55,No
84d746f5-93d2-4582-a1a1-106833c3b2be,69,Male,136,80,No
91668075-e372-48ca-994e-084dfdfd6c34,38,Male,89,60,No
a24db02e-b250-4eba-9a37-fb687c759883,89,Male,139,95,No
f124704b-b41f-4c60-81b2-6f0b31759a22,57,Male,76,93,No
3949523f-ef7f-43c2-81cf-0312f57474a4,47,Male,56,98,No
40200024-8f8c-4c3a-908b-66b4025e4030,89,Female,187,89,No
c54798ee-c72f-48b6-b56c-bea73e10ee9a,18,Male,101,45,No
c5e3d517-0036-4839-8c76-3dbfbd0e84a9,33,Male,76,35,No
a0067af3-ab97-4466-ad23-9f6fa29cb9e2,70,Female,62,16,Yes
e836b2fd-9213-452e-ba2e-8b77a07c813c,27,Male,146,15,No
79ddd963-98e8-41ec-98b3-881b0e898206,41,Female,115,2,No
6c486a32-d94d-409b-9df7-0b3b99c44057,60,Female,51,36,No
f0c31f74-bf5b-420c-8a63-e0c19986ea9c,50,Male,159,3,No
46e6c425-c6b2-426b-9359-1b95814c7e61,65,Female,120,90,No
6ac66f49-532d-401e-aeec-5a983c84f6a8,42,Male,181,5,No
c096d19a-39e9-4647-83f7-ad86e1807409,87,Male,109,6,No
4cd44877-d5d5-45a8-a2b5-ec4fc5ee9b60,68,Female,77,67,No
0f203138-4683-4b1b-ac9a-3b870cb3ae38,27,Female,110,58,No
4a28f50b-a30e-48fa-9d0e-40f91bb79459,30,Female,48,87,No
60835f02-5104-4ffb-bc05-2a05f7023205,23,Male,50,50,No
c64cfec4-f316-4ceb-afec-7a5450d34233,44,Male,78,12,Yes
aa172ecc-1482-4dab-8e93-f64d0561d471,24,Female,96,58,No
f3dc163e-42fc-4c22-959b-3da77697a53f,22,Male,160,71,No
92484ff8-72c8-4c53-95a2-252615c2c932,90,Female,29,8,No
4496fdd8-dac4-4c5b-88e5-31cf68d08220,57,Female,180,27,No
cfc7c56c-7f77-48d9-bfb9-196b919cd587,21,Female,71,46,Yes
e533bb9a-a59f-4f64-8a8d-6d5c11deceaa,90,Female,100,54,No
73534234-b335-4483-b452-3fe11f7da4a3,45,Male,125,69,No
9f056792-ca2a-499b-bdad-cd1a07cdff93,71,Male,100,47,No
1b751d13-5e75-47f9-a63e-500b39fad7e1,44,Female,59,53,Yes
96f3be16-3576-4144-9aaf-9144f2e94d06,84,Male,184,69,No
60a1d6d9-5a71-4934-aa14-37ddb9462a2f,46,Female,184,11,No
e352643b-ed84-4b94-a1be-0d7289b19140,80,Female,83,82,No
03c731be-9b0d-4fc6-8faa-81eae80d1f8c,26,Male,22,96,No
dfd2b1e1-a1a0-43e1-9f19-b68506899190,71,Male,166,77,No
277e389c-7e14-4a94-bcca-3cda15f8d9e0,75,Male,129,70,No
b32839e9-fbc3-4613-b8c5-fba707c55545,39,Male,30,65,No
7781b5fa-e846-4772-9d87-7befb6331921,52,Female,94,40,No
a3757c3f-3a89-4dd7-bd8f-e549017fc927,73,Female,182,49,No
6453ae4d-5554-4051-8f78-6b04b795c394,78,Male,86,17,No
49581d6b-09cc-4964-ac73-0993dd4334bf,84,Male,35,8,No
f2e7433d-bc45-45a8-950b-1293167f28e6,26,Female,43,43,No
9f7f5d79-8d39-4235-bdbd-2cbcb5ab344f,69,Female,121,70,No
2d581649-fa69-4c98-8b19-9ad692b54f0f,78,Male,126,99,No
163ac452-8899-4ec9-b84a-886d24c5cc9f,62,Female,154,71,No
0ecd6230-5f74-4978-b064-f31e432433ba,84,Female,117,58,No
42f43c10-f015-4902-a52a-723e824cda22,18,Male,71,7,No
3926cce5-462d-43d7-a6eb-9a8caee0b507,82,Male,182,47,No
93fe563f-3540-4884-a2b3-6ae625f2aafc,80,Female,72,26,No
f2b4b3de-aa1e-4617-805d-36113baa6da2,72,Male,197,54,No
b64adad0-2771-4d10-a2be-22784d5e1b3a,74,Female,24,35,No
6b946657-fb1c-4a5a-aab4-53493c0f799b,57,Male,45,58,No
ddfdfb6e-af13-447f-8d64-8289b130840c,39,Male,57,66,No
e9c211ee-d95e-4d22-895c-077d4391ff01,70,Male,104,28,No
1077e439-064a-4a3e-8711-5fdc2ebf226c,19,Male,122,36,No
13f32015-847e-40d6-9e87-00801cbd7d9a,25,Male,198,3,No
d2c1de88-aa0a-4fd3-ad99-abbe2b417ba6,56,Female,87,58,No
5cd8ca04-adcf-44bc-a7ba-dd55223d3037,36,Male,43,36,No
7d8a634c-ea52-45f7-a357-78d58d083178,31,Male,130,17,No
c5b66f83-80a2-46d9-a565-3e4ab9cc0261,81,Female,85,100,No
c184b32c-d3d0-4a9b-8c5e-fe7a0053a78a,23,Female,32,68,No
14646cce-15e7-42aa-818d-3244f5585c4a,69,Male,151,76,No
287198dd-f766-4a0a-9e2e-e05fdcedd288,51,Female,60,63,No
88f05d01-f69b-4b36-88d6-ea7883d80230,88,Male,39,48,No
52892211-33c3-4e85-bbff-4fc490f962e3,29,Female,41,58,No
4e7a3798-c379-47a7-9f5f-cc58c8a4e910,75,Female,137,83,No
653bc000-046d-4635-af59-5356354af088,68,Male,116,97,No
5eb236bb-4224-40f5-94d0-69b8cd075154,87,Female,130,22,No
34dd3847-eb41-42ac-9702-0bab13158c33,90,Female,49,83,No
b3f3b9b7-c818-4410-b585-c2d4c4a61ba5,58,Female,86,9,No
62d2613e-a900-4763-91be-b265cc3c840d,34,Female,33,64,No
269ca764-6e36-4cbc-9f1f-a823f9f48fe6,79,Male,171,91,No
29a15dda-210d-4f9d-afde-973cb96f7c52,81,Female,87,27,No
ef025023-02b2-44de-9edc-e94096e01848,86,Female,196,66,No
c352b297-78ef-4ed2-afa7-82d04fa29721,27,Male,22,77,Yes
919c0d56-c85e-4c4c-9851-13e3976b74f2,79,Male,181,81,No
2fa9b02f-5fd3-43bd-a569-44ad50b17221,44,Female,79,45,Yes
d32a5ff7-1a9d-411e-8679-6d573293f9e4,47,Male,44,73,No
b36c770c-49fb-4038-b20b-c21cfb1f5b35,25,Male,146,79,No
3fe43561-5496-47ef-838a-4f25fe66f4ff,37,Male,149,69,No
6608e609-cc78-42e1-9644-c7714725187a,86,Female,198,18,No
aea9ecb7-91be-4169-a617-eee0e4036eb9,38,Female,147,96,No
b3c6fe42-46b9-4de6-83bb-fa6e9d3eab48,85,Male,197,3,No
825dc0e8-4311-4f10-9df3-72cde46f7b48,21,Male,45,55,No
4be90558-ce3c-4978-b454-c54223ca5c68,66,Male,27,10,No
0f8b7765-853e-47dd-99c1-651008326cf6,18,Male,179,86,No
19c7d90a-95df-4a87-9a0b-fba429d2c7b5,46,Female,178,21,No
77764ea5-742e-43db-9a31-b7aed6bc9556,39,Male,109,78,Yes
6ca4d5b6-922e-4179-aed6-04025cf50a9e,60,Male,128,65,No
36e49b9a-8915-490a-bcd4-921cb9522388,74,Male,139,60,No
3b4b02f3-8c8d-44de-bba1-2b59a0572bee,69,Female,65,98,No
64a6deb2-5452-41e2-b9ae-5a05ccb8cb77,25,Female,133,22,Yes
f5219765-9c25-41ce-bfbf-2683d4338da0,21,Male,47,1,No
ad826641-30a7-448c-b229-fdfc0a4821b8,34,Male,87,93,No
0b4d4b91-2eec-4bf7-a5a6-180c08ebf1e7,31,Female,168,27,No
406eb05a-108d-45f5-9b19-27f539700067,47,Female,188,49,No
babdfd5f-f529-4c4c-9143-4975c10aafdf,35,Female,120,71,No
6a22cc5d-ac50-4329-b447-1e4ad4499fc9,30,Female,172,98,No
048d3f79-4450-4e94-9007-60e65e471db4,49,Male,64,24,Yes
76e56e43-fe44-4905-a292-faca30076af6,44,Male,173,81,No
2d2ed15a-a8d6-4a9c-86f8-44152defd2ac,55,Male,123,99,No
b6ad2971-2958-48c6-9bed-97167ba25913,49,Male,163,28,No
5ba81f0d-9825-4c80-9a05-43d8ffa3d929,20,Female,79,17,Yes
90228bb9-4864-40a6-ba91-951234ea44d8,43,Female,66,15,Yes
41ce09d2-f8d6-432f-96be-ce5900cfcc18,19,Male,28,23,Yes
d6241abc-03c3-49e0-b1cd-fe29f14ca1bd,24,Female,67,81,Yes
6d0500b3-a200-4172-b8ee-bb820f15479e,86,Male,56,56,No
e2b4c06d-c7bc-49f7-93db-f494e7ba2bb3,75,Female,76,53,No
578fdc40-85b7-41ed-9a22-e1a7f6734f8c,78,Female,120,68,No
22e96ae6-21c6-4520-b5e7-a1c1ce147804,84,Male,106,47,No
129ac877-2b7a-47e4-a6e0-3d509bad4efd,54,Female,138,82,No
473f9db0-a312-4e87-8e87-07457dc2d438,40,Male,184,99,No
7db797ae-e78c-4041-9311-52368fe15a15,22,Female,173,29,No
7a9df5c5-dfe1-46e8-aefd-74a742ae0bea,18,Male,174,4,No
627a9dcd-11cd-4b6d-bdd0-7ae0b40a38d0,70,Male,132,82,Yes
ff20c781-6569-47f2-96fe-a7fce115a5b1,86,Male,103,21,No
d254e302-089e-4962-9197-99620e75b7de,20,Male,23,81,Yes
21d74cb5-305d-45dd-a795-acae99dcf0eb,72,Male,90,12,No
f62793d4-f9ae-44e8-8889-a76008c80583,54,Female,174,91,No
2fa479a1-0470-4243-9b40-55044b44b140,61,Female,109,37,No
b1396fb2-5658-4dda-a5ca-1b6abc1ed31b,74,Male,146,77,No
9812955f-4eb9-4db3-b084-4ffcdfafce4e,57,Male,149,53,No
096a3341-1b4b-403c-9e98-aefd159a0878,33,Male,90,71,No
cbaf744c-cec8-44cc-8f18-113f501a7b30,75,Male,64,69,No
209fc8c0-7321-4a76-90b8-ab3073ce4ccc,86,Male,190,46,No
1fbaff98-4a23-44c7-887c-468630526df5,59,Male,84,8,No
248a0d5a-6905-412b-8fd5-07a94e008b61,25,Male,46,64,No
7c561f73-a826-455d-a7a7-abc918de2bb1,22,Male,151,71,No
62b5877a-78a1-4de6-ad2d-5e843a6b3b0b,90,Female,86,29,No
468bb64b-23ec-4699-a677-3afaa8e0dce9,69,Female,167,90,No
1120e41b-e8c0-4c55-b5a0-15825d9bd6c1,47,Female,66,60,No
b6107347-a1df-458d-89b9-3a83852fb7f1,21,Female,142,5,No
cb7284fc-4e8b-42db-9685-1fe67560de36,51,Female,47,64,No
b9f729d4-893a-4ff8-afc7-cbf16ec7b14e,46,Male,180,62,No
b9d147a2-4ed2-4691-b6da-e4d8c63480e2,73,Female,33,48,Yes
0ce3ef6b-2738-450f-93cc-d220405fa77e,66,Female,103,63,No
505844d2-ffbd-45c0-b122-ce9a29105c79,62,Male,58,66,No
65de8371-2f75-428c-b92e-4ff58942d3f2,53,Male,175,54,No
abb9a3f8-7c6a-402f-b9bb-0aca85c2cec8,36,Female,110,87,No
2d05b018-616e-4ca3-ae4c-c8d7f95439d5,40,Male,156,48,No
6b780bbb-a959-44a4-ac3e-dd691b9b33cc,81,Female,146,62,No
a8025580-60f7-4b24-87ec-7c82a67b0900,49,Male,28,23,Yes
63901fe0-11cd-4499-b63d-5c827b93be51,50,Female,163,16,No
d9a766ac-563e-4843-bec8-a9373fa9ad68,67,Female,101,19,No
b1d40ef4-ccdc-4c53-87f8-236e7abba543,66,Female,89,26,No
4ddb1da0-cf29-4876-a6e3-cfd4940815a8,29,Male,43,51,Yes
39707b6c-a28b-4643-b811-f8ecd014a474,88,Female,34,35,No
cf0609fb-ac3a-4917-9f23-5525d62da52c,85,Male,61,78,No
fafd8592-b72f-4339-be0a-a749acea2e02,80,Male,88,39,No
302315ef-c907-4235-b375-798a6ea049cb,35,Male,71,79,No
ef34f9f7-538a-4630-b5aa-696feb90de32,65,Male,106,13,No
fa06f740-50f0-4418-884d-7c9d64a1e090,83,Male,180,32,No
00db2519-a117-4a83-a1f5-9e59f1e016de,50,Female,196,92,No
5dfb45be-3022-4e8e-a7d1-ad1fce602550,87,Male,99,11,No
c28ff262-806f-4de1-8cdb-42bff7e34123,30,Female,27,25,No
7f05b791-00ca-45ab-9e78-a6306935ec8c,39,Male,157,42,No
7b511e66-0526-4153-b1f7-229b25df8a50,44,Male,160,19,No
23c5e945-45a3-4526-a305-70aa179872c2,75,Female,135,54,No
fd642f67-a28c-4d67-91ae-bb25eefad0a8,31,Male,165,70,No
33663d87-0dff-4950-9744-7b62e117336f,79,Female,71,11,No
2e8e3b52-7c12-428a-8ccb-b58a25e6533f,88,Female,176,8,No
95398daf-a4df-4180-b289-bf5de481b354,65,Female,48,38,No
e040513e-d948-4078-8fe3-9316ad66e5fd,47,Male,164,20,No
655ae7a0-8c15-4300-8a3b-af2fccb8640f,48,Female,50,62,No
64a08220-c3c4-4881-ac32-81dc512cdab3,41,Female,94,26,No
43d627ef-bb0a-4f19-93c1-316c213f2dd7,30,Male,110,68,No
66819e6c-c5ad-40f4-9bf7-45c7fc497971,38,Female,138,83,No
020165bf-f431-4404-8fec-65a552d89ffd,56,Male,117,92,No
4b1148b0-f548-44c6-aafe-5bd88012c18c,67,Male,148,92,No
8961d0d4-6e41-4c9d-ae24-7a08b3785804,63,Female,184,37,No
5ec01c16-b952-43ca-b56a-136012cb0bfb,90,Male,73,82,No
e0830150-2eec-43f7-ad91-686db34a0672,32,Male,39,9,No
5d14e5c5-f710-48ac-a501-bf8ffa739367,48,Female,108,45,No
b90dc9cc-f967-49ff-9fbe-487ed572a84b,84,Female,64,42,No
b47da945-6edb-4cf6-93f1-cc2393611387,75,Female,168,87,No
e5e4102b-b4be-4863-ba4a-454c958a6ba2,27,Male,62,5,No
1f867929-5e7a-42f4-a322-b2002e58c41c,66,Male,43,28,No
f9323f24-d235-405c-b864-bf99291b92ea,46,Male,179,73,No
52816f1f-62d6-4eca-b0d0-e9279d7c0deb,36,Female,154,93,No
f15d1a6b-a414-452b-9298-47313f88bf1e,50,Male,182,91,No
a29fad21-92ec-4c6b-807f-e7dd2017ce87,49,Male,78,18,Yes
212a1985-e57e-42ff-97b4-24985f4512cd,66,Female,74,57,Yes
c904f357-cd69-4a8e-b3b3-642b1cda6cd9,55,Male,61,50,No
590adcf4-3e16-49c4-9d53-f4d087cefcdc,38,Female,65,90,No
5441098e-1607-4447-b0b5-92b176c28fa1,45,Female,113,2,No
e8b11923-faeb-4843-ae15-743038992e2b,23,Female,199,59,No
236a038b-d7b7-4218-9e7e-06f873e9a5aa,29,Female,29,39,No
68d61c19-12f1-4a9e-9f5d-a32f5d33b843,84,Male,162,39,No
3f071fa8-df42-4ea4-9c20-bfc8cb6498b3,34,Male,31,30,No
adef451d-3848-4155-ad3e-6ff493f04fbb,56,Male,119,1,No
641036ed-c4ab-40c9-975f-b8ac36acb083,29,Male,163,21,No
90901417-9bb6-475a-bc4b-09b60f07ab5b,89,Female,120,47,No
6fa0dec3-cdb0-4827-991b-a636dceb56a2,27,Female,109,46,Yes
6243518e-5f61-42d8-9fc3-66e75a0a7397,20,Male,79,51,Yes
8e2e074b-6904-42b6-a4bb-e1cc008c7941,41,Male,183,15,No
028b0a5c-ec24-4df3-8f6e-a22554f6c43d,87,Male,155,8,No
5da51df6-8129-4484-a948-03a80b03a44a,73,Male,81,92,No
9b3de383-9637-4f63-b07d-f3f1101f0dc9,67,Male,197,47,No
98ab5bce-c3c9-4ee8-adb0-9941685eb247,20,Female,120,30,No
5b8a3f37-fdf4-467f-901e-202564084d4e,42,Male,92,76,No
00e203e5-c1a0-400a-b286-43939b10f6be,23,Female,155,85,No
4d3852fc-f35d-4b1e-a14d-d9254b36db57,28,Female,155,17,No
0123d2a6-a38a-4922-a8e5-178ff37e5f40,90,Female,33,32,No
6844bb76-99fd-4e50-8190-caab691eadfd,76,Male,95,53,No
86af4537-d751-468e-9caf-82d831a2e720,28,Female,80,95,No
af03919c-efd1-4ba0-b296-701f95fac27f,59,Female,155,72,No
01acaeb8-3569-4ad5-95a6-7e7ba252b021,58,Female,33,64,No
c78c5932-9490-45c7-aa19-bf5a80d331c3,27,Male,110,51,Yes
8dac7236-aa49-4452-9d18-593621e3421e,73,Male,83,93,No
114a03f2-a052-483d-8198-6f13a7840099,59,Male,185,14,No
8b153b4d-a4ee-47a0-b13b-a757ecd0f99a,81,Male,66,41,No
a45fefa4-f641-402c-9e4f-cf84969f7ab7,90,Male,43,24,No
a9ff1904-9e53-46d8-85c4-2f498d37bbc6,84,Male,151,98,No
105076ad-f04b-4eb9-b02a-4a3723f67086,37,Female,149,9,No
2e5af209-3d4c-4c39-b1cf-e20547a124ca,78,Male,129,15,No
4eebaedf-125c-425e-bc79-ede25c487f15,81,Male,186,23,No
4cc8e9b3-4502-45b1-84f3-40ad2a57be99,50,Female,95,45,No
8f34c2e9-92cb-4568-b1a2-bb861bcbcdd0,26,Female,39,49,Yes
aef3c5fb-3596-49ed-9007-96d6888c4a7f,81,Female,170,97,No
276e3d9d-30a8-4293-9e36-dba656b43d6c,81,Female,135,95,No
4258dfb2-547a-4c71-9f59-13a91b086f3e,32,Female,148,83,No
f7c3c74c-a7c3-4432-8b54-9d5976461b46,60,Male,199,78,No
7fd01894-b327-43bd-abf2-847927d87563,86,Male,131,93,No
030d7273-599a-41a8-b6aa-090bdd2bae7f,52,Female,184,93,No
fff2ea32-17fc-4331-8186-f05728bf6b84,45,Female,187,91,No
3c0e60d8-ed10-4b55-8519-8e592abc041b,74,Male,187,80,No
bce2e935-787d-459f-97bb-84b2661b3382,43,Female,173,1,No
2f7da83b-a55b-4018-9f42-38df2476b1d5,88,Female,124,19,No
68aa0060-e8a8-414a-a6b8-dac4bbb41341,49,Male,68,46,Yes
6b23d5fb-f7f0-4704-be85-8470da38e2fa,81,Male,154,39,No
01d302f6-8054-467b-a717-331ec7d3eeb9,59,Male,72,18,No
1e440e5e-d6a5-492b-bb8d-d7070f2be967,62,Female,53,52,No
c5a95440-39a4-4ed0-84ef-ae139b89a607,53,Male,42,19,No
49e791e5-8c94-4533-bb20-1c3ed42c01e7,58,Male,30,82,No
0cbc15a8-9efb-4efd-929e-659c2da67826,86,Female,96,74,No
16eba816-3ada-490c-a6d2-0b6724717f65,61,Female,76,93,No
31aa2d74-109c-4857-9fda-e3aee0b23acb,51,Male,194,88,No
d3295615-ba79-489f-a9e2-91ab384a9e6b,82,Male,48,63,No
e729c7cc-9582-447f-b097-ece893e3f8cd,27,Male,152,72,No
41c7c393-8a4f-4e7a-83ee-5bc55b6965cc,52,Female,172,23,No
323d9563-5a8e-4f44-afe0-984b99817946,86,Female,177,32,No
15e213d5-1b7d-41c2-a5eb-a23c20d28a51,75,Male,100,41,No
cab3c7c0-312b-4971-b215-fccd447434f2,29,Female,195,27,No
d72b5cd4-ccda-4892-bb36-92505d0ebe35,79,Male,171,70,No
83ed2c36-a344-493b-90ad-293920d1e6d7,29,Male,109,63,No
d5a0565b-7105-4ff9-a883-bf3345ef4a26,41,Male,127,23,Yes
42dee5f3-9f47-42ae-9613-ec7d00c2ba13,18,Male,102,50,No
798543ad-7497-45c1-b84f-380bd959a89a,54,Male,79,75,No
da10db40-6033-4469-80c5-a325968803f9,85,Male,38,43,No
977d392d-0ee3-4843-afc7-20e11e7a1ad5,71,Male,20,26,No
76f59a4b-c9bf-4f50-bcb1-ce439a1ef32b,60,Male,132,21,Yes
786310df-39a9-4aca-a288-6077b5fcdc8d,53,Male,160,72,No
21696f7d-084e-485c-aee9-d443b8d3ad51,60,Male,79,15,Yes
53306419-6429-4dbf-b3a1-8c31e9bfd6f8,59,Female,164,42,No
b5a02b83-e0aa-4382-a79a-c181778f79be,48,Female,115,54,Yes
0828ef6d-11bd-4cf6-b9f6-4e2d0308ca58,32,Female,113,27,No
4b35bd8a-dbb3-4671-8d98-27399485be5f,59,Female,46,86,No
b07706a7-bd57-4f2c-8320-bde26fe63034,81,Female,124,62,No
ae76c13a-e710-400c-90fa-53ba8adce864,79,Male,78,39,No
960489a7-ce23-4fb7-a572-814a2cfaaed3,66,Male,188,48,No
dcc83e44-ee01-4e77-8840-a0320200fa34,30,Male,177,70,No
72abb80f-41a2-4e2e-a536-ca9f5aa283bf,39,Male,102,77,No
a48d58b1-a7f7-42d8-83a7-f8c4f8f28153,35,Male,182,99,No
49e96bcc-b6f4-4f0e-af0e-7109c6247763,77,Male,40,42,No
1c44fdbe-7206-4d08-b164-99b32e7e515d,82,Male,22,81,No
48925f9e-275a-49ec-aab3-53cdb0ea5d5f,68,Male,155,75,No
3a83f9aa-6b0e-4a02-9f19-adf25bd05bf5,65,Female,199,78,No
e55483f3-e77d-4ba8-8120-a07bf95ee375,52,Female,192,3,No
c0fad555-b8d9-496d-b7fd-f412413ca2e8,67,Female,127,68,No
fd90ec3f-da54-4d96-a508-09cf75a4d8dd,73,Male,183,55,No
4d349595-9d91-43b4-9ff2-ff58daef0f4c,22,Female,79,78,Yes
0c0281e6-c7e8-4401-b175-352a4b488545,85,Female,127,98,No
70b4e66f-6803-4c27-b888-7c095249692d,31,Male,183,1,No
071c5034-4583-4981-9cd1-e2e9c9d614c8,61,Female,154,43,No
bcbd87b2-f390-4fae-8861-ab0a5b8e032c,39,Male,129,78,Yes
299b8ce0-2b39-4dad-84d3-a1d3cf8ad5df,70,Male,68,46,Yes
64d31013-6e40-4661-9d97-ccfacfc01f9e,35,Male,109,46,No
62db8827-513a-434e-bb19-a5e7a5264998,72,Male,129,37,No
4a95c162-0ca2-45d9-a1bf-975a206e87fa,21,Male,29,28,Yes
640185ea-5bfe-4b0c-8581-d562b952b5ed,69,Male,116,71,No
38b9d27c-5a9b-4da5-97f8-69a66006fbe6,58,Male,83,17,No
2a218545-9f4f-46ef-85ab-300aef1308b7,53,Female,33,6,No
7a10968a-61cf-4994-826f-b0f6c069c562,76,Male,188,34,No
2d78b857-639f-4210-a44e-957087c059bc,70,Female,180,47,No
8547a69c-58f7-4abb-90ed-805b8badcec3,75,Male,69,70,No
d42c486c-ba6f-4f65-a73c-451e225a038f,82,Male,23,74,No
2f07e618-cf48-4d41-99a9-06e0702fa32f,21,Male,119,25,Yes
60751fce-ef3e-43a5-81fa-f924a5776bf9,24,Female,78,32,No
69255213-59c2-49e6-b0d3-a903949c7820,65,Female,71,80,Yes
69d0daa6-456d-4aac-86ce-3a51ca23b0e9,26,Female,170,65,No
7f39cf75-58f7-4183-934c-2117c8b60dec,74,Female,197,16,No
dd639236-f3bc-4dc8-b0ca-861894b3f6f7,84,Male,147,37,No
18db1480-e6e6-4d77-9e67-54f4061093f7,79,Female,99,33,No
f8b260c0-13a6-4974-9f97-8e34393f5a01,34,Male,31,17,No
0a71bd69-1d0d-41de-915c-6dc51f19e20e,71,Male,154,97,No
f96c9f58-949d-42cd-a7a1-f68bba1f3ba1,19,Male,164,76,No
4341fa39-4a6a-408a-a90a-501ba8001b8d,73,Female,189,55,No
859e7e18-4d96-4549-9049-a83911873867,69,Male,176,47,No
3f6f0ebc-8023-4427-9feb-081230639bd1,72,Male,199,52,No
2c47f398-a9d9-4638-a98f-08be1de7707a,51,Female,148,45,No
8b3a29b1-787e-4348-8687-b4b73cf696e8,68,Female,24,85,Yes
dc46cd7d-d260-4ff7-bee7-768db6f23fd1,26,Male,149,89,No
3c957495-9d9b-4784-9b6d-1f1a0b1cb1e9,36,Female,21,65,No
063f0496-d00c-4593-a469-a46094337cc3,46,Male,33,15,Yes
c707d322-815f-4c04-a3e6-a3e4ad1f94b3,45,Female,38,84,Yes
17688a33-0175-4de3-8d1d-121834325173,78,Male,172,39,No
864064e0-7493-4c4b-9d75-2c063f0cfad8,23,Male,188,33,No
fce02750-d9fb-4061-9149-65361f6bbd3b,73,Male,20,93,No
d0db8c37-81df-45e7-8a6c-5391b7c44a7f,43,Female,186,39,No
02b04696-933c-4a88-b239-934ba6dee1b2,39,Male,57,71,No
8405ae7c-7def-4e8e-bd77-64dc96eba8ae,42,Male,101,8,No
601e7ace-f293-4f2e-bfdc-579aa7ffe0cf,55,Male,95,47,No
2558e0ba-f1f4-4dc3-9bc2-c2e437613e32,44,Female,37,17,Yes
b56c369d-23d2-4a69-a6bb-c294415890fc,39,Female,176,57,No
e302ea4f-e21f-42eb-bd8f-89b1d88b6066,61,Male,97,66,No
70d2857a-b99f-4ca6-949b-dd70632e74d6,71,Male,98,27,No
47f8e639-90e7-4c27-9ce9-0c428883656a,31,Female,76,33,No
6405170d-79c1-4e7f-bc81-5b4c82413e8d,38,Male,104,52,No
96390c78-a8d8-4384-8cf9-8ba4671e0be2,76,Male,59,39,No
61b405fb-b970-487c-8843-753e27a7b21d,41,Female,173,20,No
f8ca4775-a304-49ba-8510-f3cfae813002,77,Male,108,61,No
028eea37-3bf4-4e16-9c4f-1ab711b94e4a,48,Female,112,55,Yes
7659b0bb-785c-4402-b7e9-d0cff9035f75,48,Female,110,47,Yes
ae48333d-3859-430a-979b-b4ea482543db,86,Female,42,57,No
4becaeb1-2554-4680-8059-2ee2779ecca7,74,Male,41,77,No
38c4e928-5f43-4afd-bac0-7b2da9d7a318,27,Male,47,23,No
3067ddf7-0b14-4884-96bd-98aa897b194e,28,Female,152,85,No
d2bf2905-246c-4a32-9bcc-3f0568adde02,56,Female,174,40,No
37908e59-d717-4b2a-9340-9b9f34b4fefd,32,Male,24,12,No
713bd49c-0263-48dd-bb49-92a6617eccb5,43,Female,94,13,No
5ae91415-7fd9-4de1-a8e9-4c32c37e04ad,32,Male,75,29,No
107b302f-f809-46b6-9756-65399b3c2afb,26,Female,131,71,No
c9d6fb4d-e5f2-409e-8973-0243cbd8cf75,54,Female,180,16,No
9f38aa0c-f3c2-4d63-9476-bec408bdf970,45,Male,102,52,No
90281bdc-9b73-431b-b6ac-5c54671d8caf,67,Female,38,81,Yes
560e98b2-d6a9-4d3a-b56c-4974ea86f99f,43,Male,56,73,No
473ee0ef-bc00-45e0-ba19-3e54ba7649fe,79,Female,110,84,No
95857a25-15c5-4004-ae31-5816ada0e783,78,Male,99,25,No
5ef230da-b9de-44b1-b863-1387c9164bcf,33,Male,47,31,No
ac153e01-5152-4481-99d3-b1ba5c4727be,33,Female,117,1,No
a26fa0bc-fdb0-42e3-bbe2-1025250b7f6f,56,Male,188,47,No
e880b991-a6d1-4b77-9e99-e955bd47b4e2,36,Female,156,50,No
f64d34f0-0690-4862-ba29-09ce7bd20356,68,Female,113,93,No
57af1afa-7772-4f5a-8142-9152f613eb72,28,Female,137,27,No
06b0cd81-c9f9-4090-a500-989058f88304,69,Female,135,75,No
00c8418e-bb09-482b-9232-20304ab09106,69,Female,79,45,Yes
d4ebfa36-5365-4ef6-83c0-a336c2004c56,81,Female,189,32,No
036a07cd-83b2-41c7-a4c1-f39541d0bfe2,36,Female,197,64,No
a9073ab1-6344-42a3-af26-778bbaeb68a8,55,Female,143,92,No
b5bcc859-cf25-4070-95d1-9e73994bb874,19,Male,121,40,No
6c4d0312-928a-4d67-81dc-a11884006420,75,Male,65,43,No
98d1159e-d5c3-427a-81f4-dc541e366b60,32,Female,84,45,No
dff4f317-fa4e-4a56-b5e7-2c3d05ec6b2c,78,Male,192,94,No
b10e506d-f0e6-4576-988a-30c534e8245d,67,Female,144,20,No
1f7eab30-6e60-4315-b63c-502ef1370579,67,Male,168,44,No
cb13317a-599a-43e2-80bb-7800382c0372,48,Female,72,52,Yes
7ea38630-fd0c-462d-8161-2ca7768db12e,36,Female,188,50,No
89279162-715d-4e38-916f-8fe1a3cbd596,64,Male,163,8,No
bdd87e4c-2f81-4432-818a-c6a4367d72b9,63,Male,197,86,No
82cf8991-bbc6-4c32-a299-e0da6161a077,37,Male,128,66,No
8d4a8f66-b352-4bca-b077-05e99df2243f,89,Female,113,15,No
a69434c0-eebe-442b-960d-29b3714b9592,76,Female,137,88,No
af17deac-7967-4750-9a07-bc710187bd7e,31,Female,28,48,No
44411742-9f27-47d8-b28b-0d7cebf34300,29,Male,97,39,No
bb97d49e-fea4-4f66-af42-77e6f84c8906,31,Male,140,57,No
47f7912f-f8c6-4de0-824e-8d57dba71519,71,Female,130,96,No
d5ad86be-b408-47fc-9ebd-e26546120f8d,83,Female,86,3,No
8c31f3f0-7b61-4b75-9a47-e1f3a6286e89,75,Female,133,22,No
9bcbc0ac-8435-46b9-a8bc-054ae0306b7d,48,Female,143,30,No
4ac84009-c8d3-4b8d-baae-33c9c0cd1730,81,Male,137,67,No
877bb710-189e-44ee-bbab-900b9eab1e2b,28,Female,96,55,No
923b46dc-0d5b-4362-9b8e-3ae21abe7403,26,Female,128,40,No
a49cc37c-4ba4-46a7-958a-219b3cc9fea5,38,Female,47,71,No
ad87c11b-3f5b-4183-a266-5cea6176fc1b,84,Male,199,79,No
66f1daf0-c808-4fa4-810d-874183478016,83,Female,39,68,No
4804e00b-2ad0-4da8-840d-46e4fc08f94d,53,Male,31,49,Yes
64d8c176-e5ab-4a6e-8d19-7d587cb2f7fd,41,Female,137,72,No
996a5774-e333-449c-b590-8737733e1dcb,48,Male,198,72,No
b629ed65-fdf1-4b11-a267-7f812a35592b,35,Female,191,9,No
f48a94e5-406c-4d27-99ff-9b44161cfaa2,83,Male,106,25,No
f4f7c627-ee78-4856-a7c6-de0ae2add43c,51,Female,27,8,No
afc6e3d7-8a82-488e-b36f-720f8ca28793,25,Male,24,82,Yes
e245baac-a714-4c9a-a1c8-1dd6b6b8c59d,80,Male,56,72,No
cc4480ee-06c8-48ae-a15a-ff30775803dd,83,Female,108,46,No
859da58d-90bf-4169-8ba5-393919e026bb,47,Female,132,55,Yes
d6a3aaed-b3ef-441f-8a56-e04fea93d90a,26,Female,86,59,No
f2ef2196-f52a-4459-a0bf-e79429bbf2fe,34,Female,135,87,No
8ef1f6ba-78a0-49a0-9ec1-8b66572cc631,80,Female,68,79,No
4d6818e6-8ff7-4dd9-aae7-f6110e83e4d8,29,Female,81,43,No
963843ff-cfb0-4e1a-a8f5-b5549209dd2f,38,Male,198,22,No
b2293e9e-cc0f-4442-a3e2-4043d96a0497,81,Male,179,67,No
8036fb80-0d59-461f-a3ca-9a68d1b6a572,27,Female,90,23,No
7be70de6-631e-40f9-ba4e-097289aaf520,28,Female,175,51,No
5d61cda0-6fd7-4e7a-a11c-09e7c72e1830,41,Female,84,41,No
34605dd0-85f5-45f3-8e66-46ea76e3bf04,57,Male,62,57,No
df4b3427-c7d9-47e1-b553-29a67e435a10,28,Male,61,47,Yes
2fdb05a9-ca18-4274-b261-44373cf870a0,46,Female,67,99,No
438b152f-d3a8-4b92-8833-794d56fc8f41,90,Male,153,95,No
8925e399-fc68-4f1d-bf1f-b610d5ab23bd,79,Female,102,62,No
7529240d-df98-4ac3-b3f1-0ca104a2a82b,86,Female,176,81,No
eb17a258-9d7a-4f69-8680-3353b9c59033,20,Male,104,45,No
6db4385f-aebb-4f93-a5c8-7b098122c298,79,Female,27,24,No
5c2040f1-ba81-41f7-8e77-220b03327985,79,Female,101,40,No
f1576167-c30a-4028-b79d-faba19fcd7fc,28,Female,164,16,No
f79bd0d8-cb61-422d-a800-f459a911a122,30,Male,178,18,No
0c524bad-5058-4356-8cfb-e0718643ac5a,49,Female,39,72,No
efba7ab7-2393-43a9-8605-51672077d724,20,Male,104,73,No
78e6ca26-999f-48c5-b0e1-cae4eb386fc2,70,Male,171,42,No
03734c49-a024-41f0-a0b8-ce8a6e9e6432,74,Female,109,24,No
a135530d-f651-4454-806f-73c4ff3bcaa6,49,Male,42,8,No
34fd75c6-74be-4ab4-b229-60113cac5c3f,58,Male,174,51,No
679651ea-2a09-491e-8327-a5017dc4abb1,86,Male,44,81,No
e0d5d01e-4afa-4763-bffe-1f7517bda767,23,Female,173,63,No
3ef38371-55f1-4070-a72b-fcd81a04c922,86,Male,118,10,No
7b1ebf1e-00c7-4f89-aedf-ad3c2dbbea16,46,Male,195,90,No
6f6ef3ae-c626-4a69-8e47-4f9c2adc95fa,63,Male,68,34,No
6ec1e2f1-57e4-45e0-ac93-e6dc6c4e47b7,35,Male,145,25,No
43566a2b-ec9e-4c01-a6d7-b541ddb7c6b9,32,Male,127,9,No
d262473b-2129-4c2f-a551-df4b8a75cbfb,86,Male,58,80,No
5eb1a6f8-8c13-427f-85de-a0aec862b50d,82,Female,136,71,No
c2b8c649-9330-4609-908c-dcb68e610033,56,Female,168,65,No
69daaa0f-bf30-4fea-8c52-5a0f4391a822,26,Male,25,54,Yes
1c4f3f0b-a546-4286-9ec9-a4439a72be0b,58,Male,124,66,No
1df710ed-d1c3-463f-84d3-573102c674eb,71,Male,34,61,No
017089be-cdac-49e2-8e69-115a76a24f7c,28,Female,68,63,No
4d5df56f-66f8-47c4-b3c2-3b4c471937a5,56,Male,90,56,No
e3d5da36-4cd9-43a8-b6a0-7730bc43ba69,21,Female,137,19,No
8beda348-6534-4239-a4b9-d893ebd9b025,59,Male,96,39,No
2a183046-4284-4a1b-9504-eaefe21dc01a,73,Female,23,89,No
3450b275-4a66-4cfb-9048-99257c607106,30,Male,69,40,No
05b82abe-d441-4b2d-abdb-b586b338d0b4,18,Female,39,94,No
0da3ca90-1e7a-4358-9b6b-4544373ab636,72,Female,104,68,No
ad9de79e-f721-47d8-bed6-aa1117860740,77,Male,169,80,No
4f8b0d56-adae-4a6a-a1b6-50e993afff25,83,Male,171,77,No
d412673e-d379-4dd3-b9e6-1d116bf00a75,58,Female,67,16,No
41c6c767-5c73-4106-b2c8-62e67ed7b22c,43,Male,108,16,Yes
0d6fdffc-8d37-456a-8ed3-5bc9521dab90,78,Male,136,14,No
f335eb83-a773-4129-b5dd-16680f9b24ad,88,Male,155,61,No
f743f8c5-6832-42e4-b703-239460e9a798,83,Female,73,53,No
d52b001c-89c9-498b-b6ab-d507318a927e,72,Female,63,30,No
c6cca5f5-9cf9-432e-88e7-79af469bf9b9,71,Female,74,81,Yes
c2b890db-99c0-45e9-a15d-786e0492f595,35,Female,123,86,No
28a97ae8-9c29-4faa-873d-12a20565ae0f,86,Female,79,43,No
6d2187f1-932e-4b86-add0-db9b02bce739,90,Female,142,94,No
9bb5edac-1fa2-470a-8d09-b3c8dc5d0c9a,45,Female,49,19,No
3a6f6ddf-67cc-46a6-9d36-29525fed636b,63,Male,124,31,No
3ae78159-6cf0-49d0-8116-dbec6862fe93,56,Male,178,18,No
e25d0938-d5e6-4913-aa1f-31dcaf652ef7,27,Male,185,16,No
4de47f94-8ca6-4c7f-b8fb-3090a67063f0,83,Female,35,25,No
553d6b19-8f15-46ac-bfe5-4100579c6fe7,27,Male,66,43,Yes
482573a6-bb5e-4695-bb7c-c55e4543adf0,81,Female,168,54,No
d16a285c-77a6-4d60-9b44-5463c2d4cab7,79,Male,194,4,No
446f244f-2cf9-45ff-84d7-3763d15801c8,85,Male,100,92,No
9bdaf2e5-94db-4916-ba62-d47c72a0779b,37,Male,75,89,No
b090e1b2-a1ed-44c5-b8ef-37dd73eb4506,47,Male,184,65,No
325ebc3e-449c-4cf3-a6df-ae1737753024,19,Female,120,40,No
7b2590fd-da6b-47a2-adcf-f07491579b03,79,Female,46,67,No
aecdd974-8487-4d8a-a89e-1b2e5d64ec30,81,Male,130,96,No
9d4f7674-1dd0-459e-9221-6d0de6548f4e,80,Female,175,27,No
fbec4d82-0534-4531-9324-021f22258322,71,Male,34,91,No
69c782e8-9104-40c2-abe4-65b30d46198b,90,Female,85,79,No
59365083-9425-4783-8803-4ce37e44d9ee,51,Male,148,76,No
2c401119-9df1-4434-a547-5a2fe188f709,46,Female,72,28,Yes
0cbb0465-c9c0-471d-86a3-fc2a7e277b94,43,Female,120,50,Yes
41c5ffef-73ae-41fd-a6f4-39d7851072d4,70,Male,141,17,No
c1e1469a-1377-47d5-b9d1-a96e50308143,56,Female,90,82,No
49e5e9f5-ce00-423e-9dbc-a65c2a6eacc4,51,Female,108,29,No
87047474-864a-484f-8090-6bb3be539b30,49,Female,171,25,No
3649c7cf-7bae-4e5b-a29e-c6647ee42832,72,Male,77,15,No
ead84f37-ac87-4a20-a821-769206c2556e,88,Female,31,39,No
45a3e35e-cca3-4762-8dd2-c707d6a7f21b,47,Female,58,98,No
574d79bb-3d9c-4399-9db0-41f463f2ba95,84,Female,24,100,No
07e6225a-0654-468a-95ba-2f013e358a3c,29,Male,91,65,No
d3363002-a357-42db-b855-67cb01c256be,75,Male,171,99,No
2f394252-7f35-4c48-b323-befe7862af68,49,Female,70,95,No
2e5869d2-96c7-4d59-8d3e-b973ba36ffcc,88,Female,198,66,No
e93160bc-b980-471e-877a-39912a06cadd,67,Male,93,22,No
bd0a9f17-0b70-4471-a425-ae308287eaaf,35,Male,105,69,No
2d9b9ad1-505a-4ef0-a596-6c4062160f0d,53,Male,123,77,Yes
00b94cd4-0d08-4ecd-975d-a58e56a507de,71,Female,54,24,No
a36d12b0-696b-436f-bf76-1738575f14e1,35,Male,105,9,No
f82ac1e1-b336-42e3-a409-f114f6a3bdaf,77,Female,72,41,No
e2a2b2cc-2da7-4c26-b770-06c632a7acd7,74,Male,145,73,No
6e1849f4-7d78-4bc8-a8df-db7d4ba6f443,46,Male,87,70,No
886a8872-a128-4567-afcb-4b7887fd236c,31,Female,140,49,No
7684a04f-9b43-4cf9-b0a9-86bb9d8f1bf7,20,Male,191,96,No
863603a4-a6da-4b09-b7cf-1f5a5fb3f496,55,Male,74,94,No
2b8c8f1a-1511-48cc-a74a-2eb554d98b30,84,Male,37,88,No
a0b7a2e3-ccfe-425b-b9ce-038d2e07f5d0,21,Male,88,28,No
ce017afa-dd5b-4dce-84ab-727a916b9852,53,Female,79,23,No
ae4e1705-34e0-49e7-bc49-8079d29d291c,74,Male,103,40,No
8424c7e1-5dab-4f88-af33-3a89c91102fb,82,Male,27,48,No
340819e9-5de1-40fe-8171-7b36432f073f,54,Male,114,94,No
c0fa4b30-c329-4786-bee8-066764384177,81,Male,142,34,No
bcb4d451-5412-4d30-83d8-19a9670be1d2,78,Male,101,50,No
4211c987-c248-4e05-a499-c1add833a23f,50,Male,53,33,No
baf647bb-aa70-4750-addd-52c085f5dbfe,49,Female,79,36,No
621e5f2e-8280-497e-b546-cda9d86a7b7c,82,Female,191,71,No
8a368e69-bf53-4699-b5c3-f38a9e40850b,37,Female,100,83,No
65332d8e-e3e8-4bf0-a961-ca3bc3e3dedd,25,Female,197,26,No
f0c2fba1-b85a-4df9-a2bb-9f14dfdb06b8,59,Female,27,79,No
bb8a5199-28fc-4ca0-8336-5b1bef326151,62,Female,53,73,No
dd4234d9-f6a1-486a-b5aa-33a1168713dd,30,Female,108,69,No
8c5354fa-4f8f-4a48-ba6e-096bc26d1f20,32,Male,176,14,No
7d3693b2-d7fd-4561-a612-64575dc1c7c3,48,Female,25,31,No
a38c3873-6c4f-48e5-8528-db801df748d9,78,Male,60,48,No
f77c7b00-8d9e-4438-8f44-e6530f7a5450,26,Female,178,66,No
fefa101e-6935-4ab7-9ee8-59b4663b4912,42,Female,109,37,No
84e8ac9e-a4d8-4fc5-a187-f68368a17471,78,Male,72,19,No
de2b586a-79ac-49e1-85d6-579ad27b107b,40,Female,25,21,Yes
84e30238-d1ae-4fcf-a5e0-385efdd14649,30,Female,81,22,No
29af35dd-da73-421c-872e-33fe72f66d85,27,Male,125,15,Yes
e3012024-3991-4601-b7de-805d8808261d,20,Female,195,3,No
e801377a-69d1-405c-b8bc-afe0f4318a1f,79,Male,101,93,No
f000aa45-2fea-4869-b601-4a42580590a2,44,Female,87,25,No
d004cecb-e4ca-4404-a15c-365563cd7d01,78,Female,184,98,No
24ee7248-26ee-41d8-85d7-e64fd1371e28,48,Male,162,23,No
977858ee-d69e-4acc-8ad8-98f7f27b1485,79,Female,51,43,No
d841edcc-008a-4151-a19b-e3617996a9fe,55,Male,188,29,No
7d34459a-2ab3-4245-a141-d219bb606d80,19,Male,45,59,No
63e873db-4296-4613-a8db-26fcbcddd92e,67,Female,152,18,No
b5a39763-69ea-410d-8cc6-16c615dfffb6,26,Female,117,3,No
b1a51c3e-583a-4c46-9b24-2d3ea258c8a0,89,Female,37,20,No
0ad036a1-3e6f-4420-a02e-af6a2ff8dcb5,30,Female,198,11,No
a1d2ecbe-358b-4b31-8bda-30b8d6dd08d2,29,Female,160,82,No
ceaa6ebd-38ce-44ba-bf69-77f6899447de,50,Female,156,80,No
afce295e-a0b4-474b-b668-5dbf1ce979d9,81,Female,171,15,No
795cd47c-1c62-4087-aa34-f694cc87c912,65,Female,107,94,No
75e82e21-546d-489e-8c3f-ec568cd95b92,72,Female,59,92,No
7f3f5deb-7a4c-41c4-aac1-3a8c474d1d45,29,Male,61,96,No
e3900e3a-73e0-4dd8-b020-e15575b3dfb3,70,Male,194,70,No
b9664a79-154b-454b-bdf7-773f72545c90,24,Male,170,37,No
b410acda-1506-4b25-8c9b-f34ceb72ef26,81,Male,74,81,No
0863dd0c-34ca-439c-a318-6ed99ecc4e15,87,Female,123,74,No
933b2594-ef47-4233-b281-317bef1d863b,35,Female,45,6,No
113b30fb-9a82-477d-9f53-e6ac66003bb1,90,Female,192,70,No
4cc24c9b-d33c-4138-9104-682a88fd5012,45,Female,199,26,No
7699c578-327d-4b67-947e-85f442f1777a,26,Female,199,36,No
e7ce6301-d935-45f8-bc56-431d5ad49d71,49,Male,187,94,No
f9a90d28-dc5a-4c04-80d4-0ef4ffb3e38c,50,Female,183,80,No
e3ea7777-4a19-4f48-8cd6-9c80b3330c6e,61,Male,151,38,No
02dce46b-8888-46a8-8afb-d7a8b024096e,61,Female,156,83,No
26f62af3-82ff-4fce-9c10-bd64bdbfcbaa,18,Female,162,63,No
e6240833-dda8-4b09-8335-4cff0d6f3750,41,Male,181,53,No
f78fa36d-5190-4c0a-9051-778e192c2231,77,Male,34,54,No
46e870dd-0738-4131-8e49-a98d2e1174c7,60,Male,55,75,No
2424ecb4-9510-4034-ae7b-87af45a44aa4,89,Male,149,7,No
f4343697-7351-498d-9f44-89ea6a70e83a,85,Male,129,53,No
e9c1b0f0-0902-48e7-8744-dde50f23b474,56,Female,164,30,No
d6dc9190-be21-4f56-a66c-e0539658f365,54,Female,114,17,No
a88a10f2-c1ea-4310-9bba-4a655c1760a1,75,Male,108,37,No
02b71b98-c72b-4345-ad83-8d9f3b85a147,66,Female,104,80,No
19435965-b3bc-424a-8b87-95c689da7f6a,36,Male,182,76,No
285ad9db-a49a-4386-8125-ab709e46a3c6,81,Female,57,92,No
75eb8ba0-f717-4bcd-a6ed-a1a6849195be,37,Female,75,78,Yes
496333dc-11f9-45f9-b98c-f8fc992e55df,36,Male,50,27,No
e75998b9-7ba0-466d-8635-2615f445f8cb,76,Female,91,47,No
dc212171-eb54-405d-8615-887d17139f83,68,Female,155,75,No
95bece5b-3ea6-476e-94c3-19c4c5f887e3,56,Female,177,26,No
c3195607-c737-405d-b24b-2cec84d67c59,87,Female,153,22,No
08a5b1b6-33fe-4547-9c85-86f95c40738c,80,Female,184,88,No
d4fd2c0e-afa9-4f09-a556-c722078eec57,26,Female,44,35,No
cbf70ef5-1342-45e5-830d-afd393d4a285,40,Male,109,72,No
8154df0a-0fe2-4ae8-918b-dcece2312360,89,Female,53,87,No
a084e4cc-e8fc-4695-a6a6-44a6f02aed1f,67,Female,130,46,Yes
7f3857a1-18ff-4372-9465-224303daff72,24,Female,83,97,No
002b1357-9563-4a84-af07-ab464c231a23,51,Female,153,81,No
1da7525c-66eb-4f7d-8728-ebe9c47c4f94,47,Female,179,51,No
59c7e836-a838-4c24-a41c-3f60b2291e7a,19,Female,180,40,No
55500efb-f4fb-42fc-86c7-471b9eb7140e,30,Female,76,89,No
0acf6fbf-a10a-4194-a6ab-8d17178ca2e0,19,Female,61,91,No
79d6a99c-ff8f-4595-a07b-4e7d683e37c2,83,Male,184,76,No
20f67afb-bad9-4dd5-831c-81bdf19ba098,79,Female,134,33,No
9532a064-6c3d-45ca-af78-71ae00b4f924,56,Male,104,89,No
ab1abb97-3c26-4661-b68c-84f3f31d4049,83,Female,28,90,No
a9a7656d-d33c-42b9-8bf0-42bbdf6f2539,68,Female,170,91,No
8e4e3869-de39-4fea-a112-788f5987706b,26,Male,200,37,No
9d299400-86b1-4ef1-9167-937cb0a3bde6,36,Male,44,19,No
d9782d8c-2402-4b07-9ba6-55b57131494a,73,Male,82,44,No
669307cc-deea-4825-af02-596f31c495c4,64,Male,196,44,No
0f9e403a-9bad-4bc6-a73c-6a3905222749,49,Female,177,92,No
a801f947-f7d7-436a-90b9-79c0358e49f3,85,Female,26,96,No
e043975a-d08f-4ddc-85ef-d63d421749e5,68,Female,145,87,No
0801d474-f3eb-4707-8ab6-38388d21d6f3,39,Male,62,88,No
fcbe7504-bd6a-4811-ba66-28db2dfdf131,45,Female,139,21,No
f030876e-2065-49fb-a9b4-50590bf32bb7,59,Male,131,69,No
5eb8f48d-4cdd-40fb-a6dc-39f746829224,83,Male,130,14,No
2e374298-0dcf-4d51-a81c-20c42e700a8e,37,Female,70,12,No
4f6e5a46-9a21-4ddd-837a-04866b0d5153,31,Male,94,70,No
9683914b-8662-421c-8aee-d956f4ebe812,73,Male,50,24,No
7ff0308c-b1b6-46e4-81c2-8e51d3fcfe1d,79,Male,99,6,No
a179b024-a8b2-4034-a22d-1badeafa354f,26,Male,124,37,No
927f609e-c15f-4371-a177-461a4a2abfc5,29,Female,103,90,No
27400c0e-cf29-4646-870a-250fa82a4367,39,Male,103,66,No
7a290a09-6f9d-44f3-8ac6-713d94effab3,61,Female,187,89,No
44111cab-2b9e-4f3e-b9df-bc7eb50f6914,46,Male,190,65,No
bbee7841-bd39-42e6-a68d-49f0c6d73276,80,Female,57,79,No
c0f99772-7e14-483b-8f72-aed7b67c0e76,54,Male,89,73,No
af330c0b-ac7f-426b-8f9e-eb3d77e3c551,48,Female,165,70,No
ca6ada17-7cff-4b24-a6f3-d82b693e04d1,45,Male,195,67,No
6df6a14f-13dc-40ad-b836-e7d6407e49a1,57,Male,113,3,No
f967e6d6-b3be-478a-b2ee-bb7695156410,31,Male,45,9,No
1ec84221-4f96-483b-ba59-161f37c75f33,69,Female,190,61,No
375bc346-c5f4-409e-b031-c7c91ca27274,70,Female,96,5,No
42604f6d-c5fd-45d3-bb4a-74e9f75df072,43,Female,197,89,No
03fcf515-2b9f-4f85-9a07-039b2f8864ea,24,Female,192,72,No
f70737e4-58bf-4b1f-af54-07aa0dc8ff3a,18,Female,171,41,No
3c5cdffe-11fc-412c-b689-7ecc0d7c7a0d,58,Female,124,59,No
4dc41734-2992-4bb2-824d-153c84bacc33,57,Female,111,11,No
e18bb882-d64a-446e-be43-372597a21bf4,60,Female,52,92,No
f8054827-1355-4453-97b4-b9dbaf36a8ce,18,Male,126,62,No
2562f0e7-dcdb-44b1-a36e-5539f2123749,52,Female,84,21,No
014a1535-0a49-4c45-a1c7-5023b11f83d2,73,Female,96,25,No
dae2361b-1bf9-4a7b-8aae-29f26a758888,70,Male,51,2,No
9937c88c-b14f-4b79-b4fc-f64294a99c19,39,Male,27,95,No
b5149c8d-084c-4cdb-ac29-3cf39ebbe0f8,86,Male,53,60,No
ab0f10a0-3274-4250-94fd-ae2e42eb57e1,49,Female,85,70,No
8f20d109-1640-41a1-8d33-26782de9c05a,55,Female,174,91,No
48ddd640-2a50-4ba8-befe-dfb149b7c56c,22,Male,51,65,No
7e0a9cef-18ed-4c1f-9aa3-d46b019e0936,62,Female,37,62,No
09dc3d4c-6066-4040-b25d-cbc5e026157b,55,Male,27,40,No
021899ed-541c-4a1b-b340-a4b7ffb510a6,47,Female,174,72,No
1f93fd9d-5e56-4675-a025-45524b50ec9e,83,Female,200,94,No
6ff1eb3b-e49c-4de0-acf1-ad4e54a708ec,22,Female,187,99,No
eca51636-b43b-4d1c-b437-aadb6a2a5241,61,Male,197,93,No
eabf531c-ea04-4b0f-b16c-1ff89e6a9330,54,Male,166,58,No
71cdd204-697c-456b-875a-0cb1ccca1b61,74,Male,81,81,No
0628a2df-6473-4a24-ae93-518dddc841ca,81,Male,99,80,No
2e938dbd-af52-4065-88f8-660726756309,22,Male,107,12,No
70b634d5-118c-4502-b691-7a407cce826f,89,Male,63,74,No
6f39aae9-e681-4d46-a4ae-3f6c1a04806a,87,Female,20,91,No
50d973fa-04b0-4516-8068-984fc32b3ccd,85,Female,161,13,No
73a84b2e-9611-4bf8-912c-ee4b4c09b3eb,19,Female,27,36,No
cd8f1c20-28e9-49e3-aa1f-8dbc69a31036,19,Male,108,32,No
efa90f5e-bb29-489b-8bc0-9c1768ba1b90,89,Male,115,78,No
5731942b-134a-45fd-a072-8055883c853f,29,Male,38,90,No
0015128e-5ee8-496e-b14f-d75fd6127a19,22,Male,59,99,No
a830a323-abc6-4b50-bd4a-51a190d04b00,47,Male,165,69,No
1393d318-ac6c-4127-ad5a-dae7b14f10b0,65,Male,148,90,No
f5249832-4f13-4937-ae46-75a583efaad1,65,Male,68,78,Yes
b9856f65-d89e-4d67-8344-44fae4bbbb7e,81,Female,151,19,No
15de8101-32a7-41f5-84fe-ee692bab00e9,57,Male,81,87,No
7d8d5264-072c-46b4-9242-7ca40a642cf0,55,Male,186,8,No
a9dde00d-7172-41c3-b447-a019e7a84bd9,83,Male,135,75,No
7f1a8a52-27bf-441d-b09e-7efe079b8d13,52,Female,144,46,No
5654d7e9-2ea7-4f40-9095-7375f7bbd41e,49,Female,65,92,No
6c114479-35cc-471a-b7f0-c49e742fb4da,67,Male,24,92,No
4c473f53-4175-4110-9c81-6958a855b09f,62,Female,129,98,No
6430a43f-241d-43c8-ba03-46db46cff7a0,25,Male,114,41,No
3a8e4a8f-ded1-4fb2-95fa-7cfefc2c08e2,45,Female,147,54,No
4095fc3d-74ba-4d07-8e20-1a57e42ea9e0,37,Female,59,65,No
a9a793bf-e843-42d2-8bd6-6f6a0a4f68d3,22,Female,45,20,No
07317d3c-f5b9-45c2-ac0a-3c747d4e6441,67,Male,104,50,No
cc87900c-2e51-46ba-8026-b4ce28a23607,46,Female,91,82,No
a326fb7b-9379-4ce0-a799-9ef731ca87cd,73,Female,145,1,No
098d0093-71c5-441e-9674-50a5f74e25f8,29,Male,145,82,No
49c7b688-3a00-44cc-a59c-e802fcedbcb8,50,Male,119,82,Yes
d0d3e35f-c4fd-4870-b970-09c0d54284e0,79,Male,150,54,No
7d9796ba-88f1-4e7e-9e39-ebc3ec4e4e32,28,Male,89,3,No
de89732e-ad08-4ca6-bb1c-4c4500d24745,19,Female,97,87,No
b192fa5a-6e98-4bc0-b867-5235ba596233,70,Female,152,77,No
19d4233a-3e05-4975-8e3f-d35857943a3b,84,Male,96,20,No
07efa5b4-1aa8-40a6-bf1a-49828ee50ce2,63,Male,102,4,No
af2ad1f4-9f5f-476b-8ce6-4fbd467b1b66,90,Male,100,88,No
17b9b688-e5ac-4319-a77b-d67dee80bf3f,82,Male,61,43,No
b9d214ff-877b-4a6b-8f9b-dc3c4cc0f961,74,Female,171,15,No
424e3245-a1ed-4c52-880e-172de26db474,50,Female,123,49,Yes
4ddcea3c-502d-4076-a4e4-23ff0d21466d,50,Female,82,11,No
99e4e3ec-0dd9-4fbb-8908-a4b7a3c4be0f,39,Female,35,59,No
91377dc9-6393-42f7-b09b-cfe56dd06a01,67,Male,152,56,No
962b52c0-5644-4a19-826f-0c5e29591f27,88,Female,54,85,No
f0bb570a-f677-4eb9-a4dd-e5063018d8fa,64,Female,174,92,No
d99714ba-b932-4bb4-b176-7b2dd2a96107,64,Male,44,44,No
2de6df54-c9a5-4a92-a8d9-8b8e58341d35,86,Female,93,37,No
058c7687-e198-4700-804e-c512ea15abf2,55,Male,48,94,No
95dcf36a-04af-48be-8924-b208f8ebee19,59,Female,113,67,No
3a53cec6-586b-4dee-82f4-a10bbaab8fc5,77,Female,126,64,No
5a7b9107-ddff-4581-97d3-389fe54c5c73,88,Female,78,72,No
75ccf85c-2500-4889-962c-f2fafc221a1d,42,Female,23,82,Yes
374522af-c2e6-458a-bcbf-afd2671d9a25,69,Male,33,75,Yes
86941773-62d0-4a96-9002-3267604a7b8e,83,Male,185,76,No
036c13c0-fc3f-495b-a1f6-456bad9019a4,88,Male,198,37,No
706fe591-c76e-4537-aaaa-805eca511865,60,Male,182,38,No
fe100927-f29e-4a4c-ac27-5f7ba96e5570,43,Female,91,81,No
3f3b13d8-0f80-4dd8-a46e-1da1f722cc0d,72,Male,156,9,No
4dc27a83-c095-4e2e-92bc-b03cf40a096c,70,Female,58,82,Yes
26278e20-6a9c-49f9-bcfb-d38650ae7021,62,Female,174,35,No
0956182f-c285-4edf-b7b8-e544f88fb4c5,84,Female,48,38,No
81930897-0f13-442e-b82f-a94a3bd54e15,78,Female,142,5,No
ab32836c-d226-49c7-a820-67eacd7222da,22,Female,52,38,No
2d39e2e1-add6-401b-9b37-9c2c5baeb6b4,87,Male,69,34,No
424b27f4-7f91-4c4a-9ddd-54889f42d0c2,26,Male,35,19,Yes
030b8d3c-01aa-4698-9b81-80f437b2bb50,69,Female,113,21,Yes
6b3e9450-711e-4723-bffa-a6d6492754b9,65,Male,62,94,No
adb334f6-3dae-42f4-b471-68276afb6249,89,Male,25,5,No
3a19e934-0b07-4c1c-a197-2b50211aeed7,81,Female,54,62,No
616f2431-f26a-4f67-8a74-770946a24d06,62,Female,152,91,No
b6edc49a-68e6-4c53-b735-490170530a7d,37,Female,121,95,No
140b91ae-4cf3-4224-b7f1-1e11b14b537d,30,Female,154,24,No
2d7277d2-0a7c-4e8c-b2b2-7d2293112b20,27,Male,81,40,No
63d95b62-c3c9-444f-a366-25b8810b7007,69,Male,106,12,No
c0cd702c-7c2f-43ec-ad5e-931a155a7209,39,Male,193,54,No
1956ff57-6c53-46f6-981b-7c5788815261,26,Female,74,25,Yes
2ac6f3ac-657d-476f-a348-c4579fb3501a,42,Male,181,11,No
af206f2b-c722-4d83-ac80-43b7bf1c3aa5,90,Male,119,30,No
c1190034-962f-436b-9cef-d552caa8935c,75,Female,131,42,No
43bf3e57-b97d-431b-a163-bc226842805c,32,Male,27,36,No
ac352ac3-a759-4514-9ef6-2f13ef2ce4ab,21,Female,195,9,No
2998069f-b81e-4042-9101-3fd95d7b2ddb,28,Female,31,74,Yes
492905e1-941a-4419-b86e-03e701a68ec3,21,Male,26,60,No
ec6f3927-f9ae-42ab-9152-8a7e74f8bdfe,55,Female,103,67,No
3728838c-ab26-48b9-9763-c9ac7102f5de,78,Female,84,82,No
389f7147-4f58-4851-aba9-b2ce51c553cc,42,Male,100,39,No
462c2b7c-1654-4359-b22f-aeca5b807f79,28,Male,37,48,Yes
03b6027a-1e2c-4d33-bdda-16d3e83973a1,39,Female,152,32,No
31d75c4a-1e23-4d77-ba79-135d6e46af2a,77,Female,102,7,No
d71162bb-269e-4124-afd6-29847ddd0c50,61,Male,169,18,No
b9c58bde-5565-46f6-ad04-9196d0b4c7b3,26,Male,165,1,No
c3ceeb5e-a3ad-43a0-8519-a2685500b356,21,Male,55,84,No
b654ffee-d8bd-4d46-aad7-4c31191c85c4,82,Male,132,55,No
28714508-0ae4-42f8-90e4-3f19a67e025c,67,Female,53,40,No
8c032504-706e-428a-996a-97ce0f92d623,71,Male,122,7,No
5929a520-2cc5-481d-89da-ae64c1d13e2d,32,Male,58,33,No
3a963bb1-458f-4126-aee6-d87a34f06dc3,67,Female,89,87,No
957f62b0-594b-44b3-8b79-a536292cff37,69,Female,188,50,No
f7f1aa81-1327-454b-b2f1-2259f6830880,65,Male,107,55,No
14728282-fbc3-40f2-8ae1-79c05e43034d,21,Female,169,56,No
94020203-74d7-4c82-9ddb-e50cf89a8112,32,Male,116,91,No
add1621d-b329-4f0d-9f63-1d8da937c241,34,Male,133,2,No
ecd9afc9-b4ae-4560-a3b0-2e7f2fd46dbd,20,Female,133,26,No
ca521212-ac48-469e-909b-8d20e52e5d12,68,Female,180,10,No
8cf0409a-1f5b-43f9-9553-9c8909ffc69d,75,Male,175,82,No
63b4d5ac-019a-424f-9627-5c675a55be71,45,Male,170,31,No
ab8da4c0-55af-4c1c-b52c-c4517bfe3d9b,85,Female,133,4,No
06cf253c-e326-4370-bdb8-281a669d7862,41,Male,187,60,No
d383510b-7098-4b74-b8a2-c5eea65cf671,76,Female,68,60,No
85be91f2-983f-4ddf-b813-4ce1fadb0779,23,Male,74,96,No
0e9e109e-9662-4e64-82e4-50141c35ee1d,67,Female,133,16,No
27959509-43a7-44d7-8d10-49661e6f3de7,31,Female,57,17,No
3ae39d34-2e52-4424-822c-44d945c956c5,89,Female,105,27,No
3c96cfcc-5185-4f17-8bcb-777c704b8688,57,Male,78,95,No
9d45e6b4-98d6-4a5b-a4fa-4f771434f4e4,18,Male,123,44,Yes
4f4de699-6061-4df3-84c2-dfdda645706b,60,Male,47,39,No
6d2f5065-c7b3-478f-b499-11e980003c50,86,Female,172,97,No
d887011c-9b5e-4d23-b492-a3b0551e2e88,60,Male,75,61,No
c659a8a8-5b12-4c82-a093-cf0ce0cba3c5,41,Female,96,29,No
c57dcab8-a1c4-4a69-bff0-7aff4de4e482,77,Male,111,66,No
dca4e75c-21e3-416a-9fa6-70c2cf60512a,37,Female,29,57,No
572cee81-8cfc-4619-8658-e762513a0c1b,61,Female,88,21,No
cc452f6c-bbde-4466-b7a8-bd97e9ad9759,71,Female,98,70,No
172e3f9e-0242-448e-8a50-e633ea38c360,36,Female,63,31,No
9506c7b8-074f-4417-96ed-6688f82ea274,44,Male,145,12,No
0723c19b-f702-4daf-af89-93eb7f0a7557,67,Male,131,68,No
1b38f4b3-ccad-48ae-99b2-3687c7a09770,44,Female,137,9,No
16235068-d19d-4f65-8e7e-944ff93c0a6e,34,Female,65,90,No
3c5694e7-afad-4a41-a850-a5c162c2731f,80,Male,84,7,No
ca1b6260-c567-4c4e-ad69-54adb7e89910,74,Female,192,32,No
1151eaea-4cb9-4d3d-bead-07e4e007ca8f,85,Male,198,73,No
374d123c-014a-430d-a013-948c9a583adf,81,Female,84,1,No
500ecc67-2dea-4479-8766-2143bd8f0cd9,70,Female,37,21,Yes
6c55acba-b4c1-4697-8fb2-968ac8bc3a3e,34,Male,169,68,No
0c76cccf-d896-40b3-a515-a73f4f47ad4b,53,Male,28,52,Yes
48aae04f-3c09-4322-b479-ec2fe08d24fc,25,Female,57,70,No
51d6d8db-f91e-4582-86d7-0298c17e4412,38,Female,49,43,No
a4badcec-d7ce-475f-b3fa-b01ec32e2e3b,55,Male,51,77,No
c95a48f4-7f52-4e14-ba86-d51a0d8f99e0,72,Male,67,75,Yes
0bc523de-6c7a-4e26-8af9-6a62434c9bfd,19,Male,117,95,No
2b9da4ba-8001-4323-89b5-43e7ae900eb6,62,Female,108,18,Yes
75cab685-c95c-4f62-a965-b282075e550a,61,Female,155,81,No
3caad6ea-a991-48dc-83a7-546cc768d812,61,Female,187,76,No
df91c860-b4ba-45b0-9694-85357fe9780c,22,Female,141,74,No
a2ff4b69-91bb-4b54-a38f-907638eaf823,46,Female,35,24,Yes
4e1bad31-6682-4c6e-8612-4d5d90a6456b,76,Female,34,40,No
3d50a243-5691-4bfb-a7ba-d735efcace19,70,Female,46,39,No
fd59e9a8-96c6-4fe5-97ef-2e830c1d351e,37,Male,70,52,Yes
b75e3124-efed-4de9-b9d8-312fe4904bab,32,Female,177,14,No
f8fef299-b57b-4931-87a7-f7a5e81a1ee2,83,Male,84,39,No
2840b072-870f-4aa2-af6a-dc5c60a8bbb0,21,Female,23,93,No
ebbe3e5d-916c-4323-b4fd-cb5eba366d74,76,Female,73,13,No
b580ac73-c617-4e05-9ff2-3f73d351aa36,61,Female,146,92,No
edc9bcdb-279b-4fbd-8d46-af9d53bfac0e,29,Male,192,73,No
fba7fe69-3441-47af-b4b7-43c2243812be,49,Female,130,84,Yes
e98339e1-3bef-4634-8dae-b8737a10aa5b,38,Male,106,85,No
4b10e8f3-8dc4-454c-96d1-e363672aefe6,70,Male,61,53,Yes
68ffe99d-ba60-4b9e-8cd0-e31bd2a3c88e,76,Female,184,79,No
7c9622d8-4034-4118-b070-f2625a9d0b49,33,Female,142,65,No
c768f240-0bab-420f-b718-5b376ca9da13,75,Male,47,72,No
3af3026a-951f-4727-b34c-0fc2b90f3b66,47,Male,125,82,Yes
9ad4cbb7-e79a-45eb-b0fb-7f66f16005cc,90,Male,127,11,No
c2c9abc0-23a1-42c8-8a75-0051f54b26a8,58,Male,145,29,No
cdaf4d36-bef3-438c-b0b8-1f785b87b148,58,Male,97,21,No
157d6d7e-1316-4979-9b7a-143043ac86b2,36,Male,135,71,No
dba475bc-81e9-4c14-b45c-6d6667be76af,47,Female,191,58,No
42787f3f-73dd-413d-9ec3-99b959406f0c,23,Female,162,3,No
0a7af577-d645-451f-8543-4ab2524aa5ee,20,Male,143,29,No
bf30bd53-47ec-4623-857f-a1913aac7e93,37,Female,21,77,No
264c36c8-9338-46c0-9020-d3512fc65d76,29,Female,109,70,No
b88b25f6-170b-4fd9-85de-2ce62d437cf5,65,Male,145,49,No
b74ab4b8-91c0-42d6-9d9a-783e844c4e40,34,Female,110,18,No
22dd1a94-50dd-48c0-a007-b6e56f4353b9,21,Male,136,1,No
4d45a066-dea0-4605-a0b2-fc36e26a0979,77,Male,100,9,No
d4c5fb27-010f-4e09-8ebd-d26f63c461cd,34,Male,59,41,No
a40be675-8a5e-4957-b469-17617211df9d,66,Female,145,53,No
21e3bd43-f79c-40a1-b74f-562dfd311c3a,47,Female,154,35,No
d9046da0-05ca-435e-9639-2d729069f3dc,55,Female,29,15,No
457aecd9-1af2-46e0-bcd7-17908b987d9b,65,Male,119,63,No
ed8567af-89a6-4951-a0bc-57a3b240008b,61,Female,155,79,No
2c57ee63-3322-4ff6-872e-2c7d1a449939,57,Male,140,60,No
e78064a2-d1b0-44ed-b7b0-bd7e24251c01,87,Female,22,59,No
bd8a81e5-b546-409d-9869-21625253ef3e,76,Female,68,60,No
2fd6ce48-d3f8-4693-876e-b3c152d56edf,44,Male,192,15,No
81631fbf-f346-4100-9aab-4d16f7cf11f6,50,Male,168,48,No
73d59cc7-a6a6-492e-8231-28491b286da4,59,Male,148,94,No
f9a89e34-cb9a-4175-bced-4a02fce43e00,70,Female,186,12,No
b6b56e1c-aaca-406a-8193-38d6e39af7cf,51,Male,54,83,No
359081cc-21b7-418d-9140-38b48c6a4b1a,70,Female,161,96,No
10096e7c-9f32-4937-82ff-d60f30c6b3bd,37,Female,78,79,Yes
c1f4b8c3-14ee-41f3-8441-9184cf785b13,64,Male,124,12,Yes
77996d0c-5d78-4b6b-94c3-59a0060185d8,72,Male,27,93,No
21733b9e-7d57-48e6-bd3b-4e30763626b7,73,Male,141,28,No
1cff8dee-786b-4287-b719-5af3e2b89c92,72,Male,120,18,Yes
f5f27848-32b9-44e9-a3e4-92cfdaf90133,83,Female,196,59,No
8d4ab6e7-2980-4429-bb94-f571d048bcbe,51,Female,187,2,No
752f4ea6-f6de-45b4-b0c6-a33eee6f82ed,38,Male,39,93,No
d3b325cb-aaed-4625-9cde-a3321f34087d,69,Female,159,44,No
6bd805c6-1bfa-40cb-bd4b-6bae9ff03e06,54,Male,97,45,No
907fc1de-826f-427e-9136-5478803bc3a9,80,Male,84,50,No
b68f382c-24c0-4f6f-8ebf-76ea96439211,60,Male,99,31,No
6325e55e-98d1-414d-8201-540fee3f11eb,52,Female,176,52,No
0b229711-9c49-4af3-b5b9-a554b96afe5f,52,Female,26,65,No
b688db6a-e220-4224-bba9-d3cf263dcd94,27,Female,73,65,No
e2ab361b-b19a-44d6-96a1-7b3f00d2ae65,55,Female,92,96,No
8933a971-1e14-4a96-92f8-0f1f1df7157f,37,Male,134,11,No
4ab313b5-ced8-4dd5-8541-99c0ce0bd6f2,63,Male,129,45,Yes
8e770c5c-7ac7-4f84-b497-66e06fc72ec6,42,Female,138,66,No
ded1fd98-0553-4fd9-91f3-dd5d5e2f04d4,80,Male,105,14,No
e9d87ebe-9920-4cf9-9780-36b80fbdc4da,73,Female,117,75,Yes
c036a285-1a23-4c6c-8819-42773f6af01d,86,Female,125,20,No
bffa193d-c4cd-48bf-9567-1c901c750988,48,Male,176,17,No
fe22e006-8eeb-43aa-8858-896c44691cbb,58,Female,164,97,No
6b67e548-e9dd-4e82-a4ad-c143c41ac10c,59,Female,196,44,No
6c1a346d-bfe8-4461-9370-a61f16cabb14,25,Female,58,55,Yes
4c3d2ec5-9d0d-412a-8f0f-4ef9e214d9ee,41,Male,157,81,No
3fcd82a6-580d-4424-8f21-84db028e3287,71,Female,148,41,No
f5286d9d-1143-4576-97d9-b9aab67c5827,50,Female,43,58,No
e6f692e1-f0d7-4de7-83e5-069aed810e49,41,Female,124,79,Yes
46455c78-8699-428a-90b1-1a3b4ff32949,21,Female,155,99,No
b97f1b11-64d4-4012-80f5-81139eb43d8d,62,Female,113,91,No
f01e1976-2e27-48d7-ab98-0dea989ff2c3,45,Male,80,87,Yes
bdcaf795-016b-44c9-bb42-1b45750b79a7,85,Male,28,34,No
0a5bc4e2-6457-4df9-b26a-37168bb76ab9,64,Female,110,58,No
1d1e70a8-c3a5-4d10-b4f6-12d4a4825351,69,Female,62,24,Yes
0a7fe76c-dc45-433b-bfdb-81d97160c35c,67,Female,94,28,No
25ba7dd5-2f87-4d23-871c-ad35310c9d35,83,Female,64,70,No
32f79d1c-9f80-4a2b-be61-5c462f900b8a,64,Male,62,10,No
89d02636-c187-4385-a60f-88a5fbb5e5bb,84,Male,82,86,No
4b0a6d4e-6314-4e2c-8083-5680bdb10a31,68,Female,125,96,No
8f1307d1-ed66-4da1-90f3-b76bb73169f9,39,Female,197,88,No
e5b2e947-7294-4eb2-bc7b-e26cd9367ee5,54,Male,40,38,No
cdff4238-a258-4b66-a0e6-c0e176de50ce,38,Male,131,71,No
7df73089-7c0b-4088-9ad7-551614e7aa05,55,Female,128,91,No
e51a3a1d-b9cc-412b-bdca-e367bce6deb1,54,Female,133,58,No
417bdebc-bb1b-481d-a457-2eeb2b1d2996,65,Female,194,19,No
3d520cfe-bd79-47be-afef-436b96a3a2ba,68,Male,110,63,No
73246614-5c22-4d0b-ad96-de39c5170036,80,Male,157,92,No
2e3f9045-7474-434a-82d7-9832beaf118e,36,Female,184,18,No
009b6b03-63af-4f3b-853b-92e26c2a7be7,81,Female,89,83,No
118713b3-45be-4738-87ef-0eaeeb605bf8,44,Male,80,79,Yes
2241c63b-5521-4856-bba9-173836cb7655,43,Female,180,85,No
d6140ce2-ba3b-4b4e-b185-ce80e609256e,66,Male,80,87,Yes
a0ea64c7-2f9e-4f32-9dba-e5a189a302c3,68,Female,144,16,No
45d59926-e89b-4c48-8bab-c5c497cdeb60,74,Female,126,59,No
0e46751b-5fca-486c-8cbd-d307b53f14d3,47,Female,133,58,No
eb9d04a1-9c35-432d-b146-eff410ad5779,56,Male,153,47,No
7dc79a28-5388-48ca-a04a-51bf23ac3068,57,Female,26,65,No
43eb6ee1-a6df-4ca0-8224-e9483209ca50,39,Female,82,32,No
8fa0bcf7-5254-45dd-b325-731ac54315be,37,Female,199,27,No
9a98770e-de77-4f4e-8cda-1ca37b396c31,74,Male,133,20,No
e1da482c-fe0e-4b82-ae4d-e60b32e7d406,61,Female,176,3,No
cec4ad79-b98c-445c-b449-0f706da83c96,45,Female,52,9,No
ccf5ee1d-7df6-43ee-b074-f867fa6a0261,45,Male,71,10,No
47e34265-577e-4206-a831-239a0e8d1994,73,Male,120,49,Yes
ab460ea5-8234-49f2-bbf9-8f4a782da34b,22,Female,111,28,No
65f48eb3-0c31-40c5-af56-716266b0616d,87,Male,52,24,No
4352ccdd-70f2-400e-9f2d-31b7840e0165,87,Male,58,56,No
25e60a59-e293-47c5-815c-c3cb6bb541eb,55,Male,146,88,No
3f02112a-a2fa-4ca4-9cc1-405e2c80d350,68,Male,112,100,No
d17ca235-0a91-4c3f-a84c-9b68ff8f4368,43,Male,51,54,No
2f1e843e-ab53-4285-9440-69bdf85985f6,19,Female,125,72,No
9e7c234d-d887-42cd-8a04-f6e9ad87dd84,21,Male,38,71,No
7c3de902-f9a2-49bf-b87a-0ca8f998d84c,40,Female,26,32,No
83a9fe92-0446-44e5-a2e7-8ea581056fe7,24,Female,113,19,Yes
810682b5-c683-4682-a3ea-2f9f034b71c1,66,Female,190,3,No
e5d2468d-3494-4978-9e21-c88e7c54e812,27,Female,32,94,No
f27b0959-0ae7-4747-bd15-323e455481fc,19,Male,125,87,No
44052024-411a-4e43-88c5-152c4d252c29,72,Male,177,85,No
ae10fb3a-6af1-4d06-baf9-3bdcbc5c4f2a,32,Female,64,9,No
0419ba94-204b-4b78-ae4d-c0d11f50d4d8,47,Male,50,53,No
918d0a69-915b-4451-9607-f166ab8af617,61,Female,162,85,No
a3758397-b1ee-48ef-9a8b-de7395bf3abb,84,Female,121,53,No
abdecf74-4384-4e23-9b92-4170c6ffc4e6,71,Female,199,48,No
c7b0f6b1-a66b-4852-93a6-f425de200840,57,Male,52,39,No
bc2f1847-7213-43eb-9096-75b27e5d43b5,76,Female,119,3,No
b9b60d27-4dad-4eb1-abae-31ce513d8c44,68,Female,61,65,No
b8b8b59a-dd04-4a63-a75c-96aaffdce8a3,75,Female,154,3,No
22546907-73b4-4fab-a956-a0032dee9440,42,Male,103,6,No
3e5f343c-34c2-4dbd-a910-2c1138acad64,53,Female,26,32,No
ec2fa439-8444-4a59-8849-651cfc58d1c3,67,Male,122,90,No
f73b40cf-bef4-49f2-9552-1413cd00d8ed,61,Male,155,52,No
3815786a-e851-4ed0-aab7-1f4ccce2a5a2,54,Female,99,39,No
a4025579-3c9c-4c25-9394-526fc9b7b977,33,Female,102,59,No
e7198065-3895-4bb4-9e81-57774d4e4227,56,Male,190,97,No
3de427aa-d8a3-46d0-a77c-5c3941cc736e,67,Female,193,81,No
5890b93c-e17a-4844-8c36-062d508ee764,61,Female,67,21,Yes
c3925058-7bd6-4cd7-8a26-181eb8604b0b,84,Female,181,63,No
569e7896-6999-4a36-b11c-0c58fd3cd6f0,47,Male,150,64,No
400591b9-6d03-4d59-9b73-893f29dec99c,20,Female,129,67,No
2d58b438-bf9d-4633-a93a-464655ac403c,44,Female,155,12,No
cf231bff-6971-4c3c-9e7d-fb9e2bda723b,69,Male,197,44,No
6f8aaf88-40c4-444d-8788-96d291adfb43,58,Female,56,41,No
ed8512da-b558-41d4-9c2f-4fbd2d1fe8ee,80,Male,49,66,No
ae6219aa-36f4-47f8-8333-5a2f69941b6d,90,Male,200,8,No
112e32af-1584-47fc-8372-655ec31be466,51,Female,74,92,No
08e5897e-9062-4d53-b568-ee925b1eb067,45,Female,115,82,Yes
59e2bc32-48a5-4dc0-b7a0-ad2cb41bc2fe,83,Male,140,28,No
6b98c871-919e-462c-a66a-0c9197cbbf22,23,Male,141,76,No
da72497b-52d7-4310-b091-482b394c75b3,52,Female,146,96,No
6a4eb421-0078-4888-a122-eac9426df617,37,Male,100,1,No
cf9dfd07-c180-4fe1-8684-19e1b48b2d69,78,Female,130,24,No
222831dd-910e-44cb-b4dd-184689217484,71,Female,157,53,No
da9d36a3-8c7c-4ba6-93c1-18fa813f2a56,43,Female,23,32,No
2c2a33e3-ee86-4c41-81a5-d681b427ea01,61,Male,148,79,No
72dcd85d-55c0-41f1-bfa3-b9083d4e14b4,38,Female,125,52,Yes
0a960de6-ceea-4914-a759-0d6ebe597206,65,Male,62,87,Yes
ec82c127-8624-4bb1-826a-c2bcbd8ce386,72,Female,180,75,No
e8620c9d-27f9-48a4-a99f-79a6ef57dbca,57,Male,192,100,No
d9486b71-e3b7-48f8-8d32-ebd7a3e6a0b4,21,Female,56,48,No
a6c07c28-0a39-4aa7-bba9-fae6b1439bd4,38,Female,168,72,No
1009cb54-878a-43ff-8742-4bae3bdfeba4,39,Female,96,100,No
a885703a-95a9-41c5-8adb-0d97f653a7c2,63,Female,172,36,No
123bd39f-aa4b-4c0d-99df-dbf4805f0b77,90,Female,58,29,No
d05a3685-7029-46f4-917a-98ef016a5499,79,Female,176,93,No
6901f4ab-b31e-4aaa-a5d7-07267cecf39f,37,Male,155,42,No
d097e42d-d71b-4d8e-b9c5-535bb07b1eb8,39,Male,76,11,No
909dbbf3-f064-4c72-a7ff-e022cf3ab250,32,Female,108,89,No
3ac463c0-b31c-4207-8f16-73cdd54bc999,67,Female,57,28,No
2ced4734-2f2c-4577-8a40-8c64f41d9544,29,Male,104,8,No
fadfc3f8-8016-4f11-8bbe-46e6d8361c4c,51,Male,130,4,No
8ff43b40-6be9-4521-80c9-3a71d9cd9417,43,Male,180,11,No
5a433160-9908-4b26-aca0-f726c4a61c41,71,Male,86,93,No
c41e95b2-ede8-427e-89df-6fedbff5c0c3,52,Male,25,22,Yes
b7a0ed42-fca6-4661-9d35-355f1373d040,77,Female,93,97,No
e8d37dd2-9ee2-48b9-95d7-a3f7e16ecde3,34,Male,176,95,No
07a744c5-cfea-43ae-b5ba-3b1998b061c6,52,Male,175,54,No
6c3e8ec7-2556-46f2-aeda-b20f86815c07,79,Female,20,74,No
7cf59591-57b3-4a37-b35a-e76a5a972430,49,Female,177,61,No
d802b2c7-7aaa-41bb-a7bf-2cedb526a315,33,Male,151,43,No
ea9b55eb-c3cb-47fa-b07e-88310f5309e9,85,Female,121,34,No
e488a93b-6a52-47b2-a771-58bdc553ad2c,35,Male,74,83,No
65401b38-9322-45d9-8711-a4c16a416631,52,Male,115,82,Yes
021f852d-4399-4355-bc66-4f9c148d8f78,25,Male,43,6,No
90075cbe-27d6-4d42-a75f-4c92979c1788,25,Male,168,57,No
ea036b52-5ff5-4988-a276-df0e5023e098,44,Female,177,39,No
4c4a3743-3716-4c1c-8ebe-c73dd4784810,38,Male,128,96,No
627cb32e-1a2a-42d0-a4a4-b261795ad0d8,77,Female,79,90,No
64da2a19-88aa-4ce1-bb5b-ba36b6f51e0f,20,Male,170,2,No
165cec86-e1f4-44c5-94b4-699f6773bcf9,68,Female,172,58,No
8e1ecb8d-0550-4b1e-a591-00ce306ea24f,38,Female,93,20,No
4fa21c29-b108-4c31-be0f-1b91742d3db7,53,Male,136,46,No
91e9d8e9-8455-4c69-9dba-529f310eaf79,84,Male,125,32,No
71c74d62-e6fe-4b3f-8e1e-c7b85b09933b,30,Female,56,54,No
f0533e24-0f48-4d3a-85af-1fb9752ac5e6,58,Female,76,76,No
5c59f1db-725a-4c51-8a51-f43065e7ee3e,41,Female,196,47,No
5d889419-5b3f-4be1-bff4-6380914e56fa,41,Female,48,4,No
c198ccff-2f6b-4108-b0a9-1bedaa622191,26,Female,120,9,No
2fdc8bc1-3d62-4e0e-9ab1-829cb3350df3,41,Female,105,73,No
53d5f893-e973-4f1e-a84e-dd6156968106,30,Female,198,64,No
3b34b7da-8d7e-4037-bb67-37b81fb20fc1,42,Male,151,49,No
00c355ab-f2d5-4c54-b836-8b2c5cfe5d16,42,Male,149,58,No
24bac456-4100-4612-9896-dd3094758391,74,Male,152,18,No
af0a610e-7b7a-4183-a8e4-edf46cbeaba5,90,Male,89,100,No
ff071d02-5908-4f90-8fdd-024450a80390,20,Male,36,12,No
627a2db7-aea8-4ed4-a997-bd5525e3f460,36,Male,135,64,No
4b66ad2e-b1d4-4895-89d2-eb3e52d86612,27,Female,61,19,Yes
ec97722c-0d14-43b5-ad34-3c27055b6050,70,Female,110,75,Yes
30c44979-7388-4cae-bcb6-361c82a12d3c,28,Female,79,51,Yes
6c7fa727-82fb-47c4-b82d-8ad5702aa6a9,88,Female,81,46,No
978bbe22-86f1-4fe9-8127-98a86b717914,64,Female,42,15,Yes
e8ff8f60-4c04-4336-8dda-cedf4bf3b184,32,Male,166,38,No
f6679752-ca86-47ce-9741-73e9a88aa9c3,68,Male,23,36,No
86d9c475-a90f-42a0-8e34-74f9cd3e0e1c,42,Male,165,60,No
e13b83c2-c1d1-4665-941e-4939b7ae9654,42,Male,72,63,No
8d88850c-03a6-4408-9ac0-43bbed530d39,74,Female,183,83,No
bd5e1ad9-915c-4579-a92d-062c21a599c3,87,Male,171,90,No
f8c115f3-834a-4ba2-b5db-a5d078b80e86,38,Female,122,42,No
4da6f1ba-49d3-4365-a8e4-c165b1085f01,65,Female,174,7,No
7e7e9765-65a8-48f9-9cd5-79e93f200994,30,Female,181,44,No
7c9796da-44e4-495d-93f1-0b6e2ab043c7,20,Male,102,6,No
b222d03e-0336-4c3b-8208-7c417dbcb48a,88,Male,69,25,No
d76951a0-3047-4459-b6ee-2e4c9ca4437a,34,Female,166,1,No
aa758c9e-647e-44bc-85fc-5d6dce06ad85,65,Male,58,97,No
39156294-5441-4a6a-b1cb-20705b5d5cfb,62,Male,178,27,No
c5da496c-62dc-4b72-8b61-8c8ea419dbc5,38,Male,107,4,No
a1670423-7e0c-4de2-8992-14c242ccd219,36,Female,46,75,No
27f100aa-1bdb-4008-aff0-18c7757b3bd1,88,Female,170,99,No
e1757156-caca-4fbc-871f-45dca55291d4,79,Male,59,85,No
3e32e1ca-ab44-4652-a5b2-2f7e01b95def,42,Female,116,56,Yes
0cf8f920-2860-4c9a-81ab-ce9b3a0e24ad,24,Female,84,51,Yes
548df5a0-bbd4-452f-bc5b-0182a8bc33a3,18,Female,176,5,No
80397e53-f7f2-4c87-b056-edbc260fcdf8,60,Male,108,34,No
39b31ea9-85cb-4187-88df-a90f17e7ffe1,81,Male,40,87,No
d9c53643-0e01-41a0-92ab-9eb6983c16a5,56,Male,65,83,No
842cf544-71db-481c-ae21-f7672f249e6c,24,Male,73,65,No
e46a3f73-6f89-4d26-8ead-3bc6933b8da7,26,Male,146,5,No
ef2d2806-b73d-471e-9973-98d681b53e7a,34,Male,21,62,No
d995d05a-a7b6-4097-9142-048e3013d040,22,Female,82,64,No
f47eaf80-0193-4dbf-9ff5-01a9e715b098,54,Male,103,63,No
999124aa-23d9-4d78-b449-950dd1b3d2ea,37,Male,129,47,No
b9965dfc-57e7-47fe-b7a7-2ef337818eda,28,Female,77,74,Yes
abb066d2-135a-4c51-a8f4-8571fdb8a5fc,63,Male,182,83,No
689662f9-8e78-4aa8-90dd-502f68c8c10e,50,Male,33,36,No
c1512ad0-08b9-44fa-82f8-bb46270c5f08,49,Male,73,60,No
024c086f-191c-49ba-a466-8d7378c8ff4d,22,Male,183,98,No
dcf07d5b-99fc-454e-a479-6604594b7d43,62,Male,167,37,No
9d12b08e-8d64-44c6-b310-90c82d33d28f,22,Female,152,79,No
ea370122-04fb-4b8c-ba22-91528bdde7d5,29,Female,104,70,No
44b1775c-5f2b-4067-861f-0bd1f2be31f9,72,Male,122,37,No
10022562-b3c4-4842-8b4a-bae554326324,25,Male,92,6,No
16e50fd7-6d98-4293-beed-c655d9c1e8b6,59,Female,132,36,No
a66592f8-5343-49f7-b740-b707bdfc3c00,26,Male,190,11,No
41bd19c6-59df-43e0-8046-8662516a0db1,63,Female,122,98,No
52659e50-d434-4710-85d9-0cef2f36fde3,69,Male,28,77,Yes
2e773b81-887b-4867-80ef-3c8073ca9ea2,89,Female,196,84,No
9116cdf7-472e-4830-8cae-c6c0098cbf9b,77,Male,142,11,No
e380c97e-729a-4c55-9b46-22b049d84492,83,Female,136,21,No
2daeaf5a-d224-4b3f-bd7c-a76148cdebea,81,Female,87,43,No
2ba71ab8-e6f2-4254-a30d-f41896476570,29,Male,57,61,No
320340d3-c3d9-43fd-8ad6-6f0d438b3664,79,Male,82,16,No
6b161eb4-01be-48df-bf4d-977e1a34b2e4,39,Male,139,26,No
15167e52-7ed9-40f8-8180-64ba60c3af9b,56,Male,51,38,No
bc45775d-52f2-4046-9a63-90e1c6414ee4,43,Female,147,39,No
3148a4b7-b37b-490e-8dff-647f599715c1,60,Female,35,21,Yes
3c88de4d-b7bf-4f52-8186-43e9c5183f09,56,Male,32,39,No
8ed030c5-203e-42cb-a762-b8669c7fa7bc,88,Male,159,3,No
dca17662-c51d-4472-b459-3e623b3ca138,90,Female,186,100,No
493eea3b-eabd-4919-9879-d816bee0a825,60,Male,199,33,No
ebdfc9f7-2ec7-4e75-9ca2-846caf894900,73,Female,63,87,No
d8cf51c5-25ac-4add-92a1-c3b1bb7d4aec,56,Male,153,39,No
bc180328-0eba-4111-8278-859e5b7a2812,57,Male,60,64,No
fd903b93-cdd7-46a7-b35e-8211923c22ce,87,Male,50,38,No
40bf127e-5e15-4c61-a4ca-1763b6f1cba6,55,Male,123,55,No
212b6657-c94d-4d0b-a274-edaf4dac5503,70,Female,158,31,No
e926c1da-a37c-4a9a-91f7-7a31974fe1f7,51,Female,149,65,No
cc75dc05-4324-417a-b0f2-b9d3c789e21f,63,Male,105,40,No
8dd4727a-0584-4a52-8880-33877723e9e9,60,Male,27,87,Yes
597ffce0-52f2-4d2f-9e7c-fc23b64c6c31,81,Male,86,28,No
9724d429-83c1-43c2-81df-efde631d98b3,43,Female,55,38,No
2629e537-8817-47a1-8ecb-66f51639ddb3,87,Female,69,38,No
89fd3c79-c383-4697-839b-61eb14754414,22,Male,58,33,No
28802369-79c9-474d-ad4c-2afb122dd60f,63,Female,31,50,Yes
e8edeaa0-0c24-4fa9-986b-af233394f5f4,46,Male,106,11,No
e5ea74d4-c9bf-4f70-9f58-310b2dbc48ff,67,Male,126,51,Yes
6e8a2409-95b8-4970-b5a5-cc2867159efd,21,Male,36,79,Yes
4c02d0f1-9254-4c83-9c44-3e36d6583cca,74,Female,20,69,No
8b115485-8ae7-4667-b15b-e0335bdba964,58,Male,74,76,No
5fa587d6-a259-4fab-9dd5-17cd1ca8eb0e,31,Male,93,99,No
e64a6379-c0be-4c0e-90e4-2c434d630c7d,83,Male,60,10,No
50d77051-4be2-4365-b0bd-e25247e2076b,74,Male,119,6,No
881d6a88-8559-41cd-9163-0f4d367ce4f0,20,Female,121,51,Yes
6547e671-bcdd-4dbd-b025-31a743bab691,79,Male,111,65,No
eaebc8fb-f291-42da-a505-6b5d29ceffdc,51,Female,21,44,No
26bb3996-7ee4-46ac-95e5-738055377341,73,Female,193,62,No
4c191079-771c-426d-a63c-3af03731b223,54,Male,117,57,No
14e5ce99-d0b1-4084-be52-a3a5456dcc42,50,Male,146,34,No
72faed59-33df-47e2-b1de-2f8063cab3e4,84,Male,110,23,No
07af22ed-4db3-4240-830f-b0b3f2472013,27,Male,85,49,No
3c0294b8-1a83-47ca-a22b-ab85e40c1f94,48,Male,105,23,No
7a9e5f75-9bf4-4ef1-b9ae-7e7644290dea,80,Male,32,9,No
324043f6-e4e0-4487-8846-10cb15a9d4d3,52,Female,60,89,No
61c0f89d-04d2-48e2-9340-0a01e7d2847a,69,Male,158,39,No
d3d7c117-64e3-46fa-ba13-ff485d27fc78,30,Female,66,65,No
1bce5368-ae83-40e1-a3dc-b3c41ff5d9b4,51,Female,139,71,No
0d89dc72-f2f5-4121-b886-1b4863bcf9bb,61,Female,24,60,No
7f380c4a-45d7-4995-a4df-7a1852165fd3,50,Female,112,48,Yes
6cef8ad2-3fc6-41e3-9899-905c38957f7b,36,Female,150,76,No
3cf5bd0e-64ae-4a2e-8f10-a73c77970af3,52,Male,169,34,No
7fc1a59f-882a-4869-8e6b-d6a1caea3ee8,84,Male,182,39,No
5b7ab4c3-7f95-4731-a993-d94ad80b9e4c,60,Female,171,56,No
e157a584-3343-4cec-9c53-324052073721,36,Female,80,91,No
e1c62ff2-83ee-4786-875a-0a313677877a,61,Female,101,20,No
b096af0e-bcbc-4a5e-b785-f84ffbfd66ce,79,Female,168,32,No
3e1a5670-a38f-4636-a695-18320839e7cf,41,Male,184,36,No
647fe33c-1cd7-401c-8ecd-cc0643ac0d11,32,Male,164,44,No
ff889f0d-49e3-4ce5-b3c4-ab4dcde82ca7,25,Female,124,88,Yes
b8fa42fc-fde7-4448-bd3e-f543efa876ed,74,Male,74,67,No
d06e4e00-2a1a-473a-8413-5a233d25ad7d,87,Male,174,26,No
649b89ba-5038-4598-948e-79abb9b5d4b6,46,Female,119,5,No
c57db8e0-aa1b-420a-a089-94279758d1b7,82,Male,102,79,No
d3dc8a6b-7d05-4d58-9cfa-2dd15d5d3ef7,20,Female,174,83,No
b0a85c8f-c27b-49f5-b23f-075fde3e8a12,26,Male,108,90,No
41435102-b881-47bb-8a7c-50aea70221d0,58,Female,22,35,No
c69452d9-5f52-492f-84a1-4b7d254a1222,85,Female,52,63,No
07004642-a694-435f-ae34-f2650cd96a0d,47,Female,60,57,No
b82d5743-49cc-4b5d-bcfc-65381f624b91,78,Female,21,15,No
e43c9c3e-9812-40ec-ae26-23129b008171,86,Male,155,43,No
20b9b470-3585-4eb7-839a-c0a2b4cc12fd,61,Male,45,2,No
aac503e5-0012-4be9-8800-c25012c8b570,80,Female,173,59,No
459f41d3-22b8-4763-a943-885985149a9d,75,Male,195,49,No
8ee869a2-aba3-4e86-8d11-de95254f1fa0,37,Male,105,20,No
d32dc56c-9c64-471c-aa93-988253609126,52,Female,141,59,No
c7cd59d8-3865-4eac-bb4c-01730b11b7b7,61,Female,69,31,No
99efe0be-8e22-4b98-ae04-96d65d35fb7d,88,Male,37,68,No
0eb4fece-e9b7-4371-8c31-2157486b13a7,80,Male,38,85,No
2e3e018e-90e2-433e-af33-ae333b9e6f90,31,Male,51,29,No
3c6ff802-edc6-4ec9-98ed-248cb17389eb,51,Male,95,71,No
511d372e-1ec2-45cb-9631-427a74bd12a9,49,Male,186,22,No
c0943c8a-67c0-4fa5-ae41-8fb65059f1f5,81,Male,95,23,No
b3b6647c-158e-412e-ac95-ad576c4571ca,74,Male,69,40,No
217af061-4290-442a-9efd-7d936320dc55,23,Female,24,91,No
c2a9aa78-5c3b-4ecd-a487-c19367a15329,63,Female,49,3,No
efdd713c-9332-4ea5-9885-b09a1ba3c722,23,Male,194,91,No
15a0529e-c6a5-47bf-b4f7-830f046e370e,90,Male,190,63,No
c1f36d73-0232-4532-ad2a-236235e13f19,77,Male,158,36,No
5d5e69d3-0428-4a2d-9474-34999e56dbba,33,Male,116,45,No
c017c477-343b-4b83-af85-d3cce07e48eb,85,Male,197,9,No
55322d8f-1bb7-44eb-a26c-c3be190273ed,52,Male,128,61,No
55d8a58f-fc60-4c71-980a-35c8df5890ee,45,Female,141,99,No
8025cc66-f8d1-4424-8398-34a5972cc43e,40,Male,105,45,No
1bb15d5e-a111-4f13-b5b7-98922ec4871a,51,Female,116,64,No
9a514b00-b33e-4784-8bdf-af03425efddf,89,Female,40,98,No
161d738e-40a0-44cd-ac55-8b1d7c67710b,79,Male,44,76,No
48c44c22-c8ee-4b0e-bd04-643670aae1c5,87,Male,91,12,No
2d460090-ec36-47b8-a34d-2e970c436110,26,Male,195,37,No
1143c0ad-09e7-408a-9c0b-9295f995bcd3,72,Male,51,63,No
578a361d-f59c-47f1-8b11-a7b1b49aa2a2,85,Male,70,21,No
f7c22df2-e434-499e-9e14-8d93dea205b8,52,Male,123,95,No
7e904681-f8ee-4ab0-b14f-ba22a3b4c9d3,77,Female,44,90,No
25ba6dab-fdbc-4b2c-ad21-14e3a006f09d,73,Male,141,6,No
10f1f53a-9163-4317-9ab2-e2d2f2b33807,43,Male,175,76,No
c4f55e21-0ef5-4e96-af07-242d7e9516e9,77,Female,95,45,No
8af2b028-f8f1-497c-b0ce-7de2b80d0619,56,Female,183,11,No
2edf9c79-220a-4e86-9b3b-91fa0a5cdc35,62,Male,124,73,Yes
0a72cf2a-5764-45f6-a8a0-3359b9c4b82f,76,Female,95,87,No
32c1fc0b-099e-45e8-b8ca-4b720eedcff9,48,Male,86,54,No
feca05a2-d9f0-4b0e-a075-705b17ece841,36,Male,26,15,No
363eed01-dfa6-4f9d-9876-301fb6ffb7b7,31,Male,180,50,No
a77ab4b9-6e65-4b72-a52c-47ce11555108,68,Female,168,30,No
eb097d75-f890-41c9-8c40-092910c20f48,57,Female,137,75,No
d9b95e88-3db7-4c2c-b1fc-289a46b5427f,33,Female,161,29,No
1813ecc4-9621-44ec-8697-dad2d20064c6,67,Male,171,28,No
79f3cf53-a68a-4c6c-b7e0-5addb865a93f,26,Female,55,4,No
e9b08e76-5df5-4e16-bfa2-a0110673fb3e,63,Male,129,1,No
56a7b307-5e10-402b-b092-a59187c13df0,82,Female,135,61,No
a31a055c-9980-4a8a-a661-4d3c049f6baf,48,Female,33,15,Yes
7ed4e5b5-93a3-4e8c-ab47-e9a61a684177,74,Female,145,32,No
41013696-45ab-4402-bc84-691c70f7a7a0,69,Male,146,94,No
8bb786eb-bcea-4c5e-8c9e-245d949f0c7e,77,Male,142,95,No
7316ee14-6160-4e6b-a8cf-30956f5bd766,83,Male,149,83,No
f9ff1e91-6aaf-415a-bda2-2c78127eac61,34,Female,25,43,No
14a90ead-0675-4ca2-bc0d-51c066930fd6,42,Male,166,63,No
bca42191-9092-4c47-9fcc-3022fa5839cc,51,Female,143,46,No
efbd3fe8-0b53-46e9-93a4-35060ffa78e1,72,Female,142,94,No
3c937738-d4c4-4a85-a44d-dc449f87d02c,60,Male,115,49,Yes
2079de00-62ce-4968-806a-3836dfdcd1d6,48,Female,175,90,No
523309cb-6481-4915-a09b-6bcf444ee419,55,Female,83,46,No
112d78b9-90fb-4448-b39e-dcf4ff3d37c3,62,Female,95,43,No
e3e86815-d15d-4cd2-acb3-4b5a375a3e6c,84,Female,180,23,No
bbaec149-44f4-40c6-af7d-8a7ae42113ef,48,Male,67,58,Yes
254ca41a-3907-462a-83a0-4f0443d8af5f,83,Female,20,19,No
3b13c578-2519-4f51-a2ed-968c8c7c9432,66,Male,160,48,No
cc5ebccb-6581-4bc7-b7f5-269a39c7a902,61,Male,84,72,No
6808a46a-f25f-4018-bb54-fe19d7b912b6,30,Male,30,10,No
4edef1de-d378-4e71-9072-f90370591883,30,Female,147,36,No
d2e1d37e-abba-43ef-9d55-9247d485ad81,43,Male,32,73,Yes
4aa2bffc-43c9-45ef-b5b4-01e3b782669f,85,Female,32,9,No
b3fa46a1-1e62-4171-82d6-79b8bbac6261,71,Female,140,51,No
0055fa7a-f74d-4e6f-be70-27449862a5ef,24,Male,125,55,Yes
df670cb3-b2d1-4f74-b7c4-bcbb4b7840d0,39,Male,132,32,No
4a552475-a526-4288-97ab-fc0bcab33362,72,Male,47,28,No
dd8aa225-de5f-4322-a9e8-421c5b48fdf7,22,Female,54,78,No
7a7f1133-9690-450c-9a60-4ef99b40b51b,49,Female,47,27,No
b60dde4c-b670-48b0-973f-bfd2204ac352,88,Female,77,97,No
e8d9ae1a-e77e-4e24-91b3-1cfcdf3b8909,70,Female,178,41,No
5e18fdd9-ff19-470e-8061-c0a1facf89eb,41,Male,95,64,No
c867cacd-d01c-44df-89a5-1c8ab5325931,87,Male,28,91,No
8001997d-0626-4a82-8bdc-67ba4550c400,69,Female,50,52,No
77050144-313a-4807-8ea3-d2a1f808c40f,33,Male,173,58,No
ab745753-b225-4fa4-9818-cbe4ec9f71a3,89,Male,79,22,No
fd9b7f9a-7ded-492f-a4fa-6c3ed695f44f,43,Male,41,71,No
8358b012-8d0b-40da-94c8-7cf3e7ca1d83,46,Female,102,51,No
a3e20fd0-b759-412d-be5e-81dd8e389c69,58,Female,123,65,No
70ae4342-f47e-45f1-b6c9-757f4ec8cf58,89,Female,50,97,No
661f9f33-1512-4c67-9b78-3ef0b6538866,59,Female,172,42,No
57b37a4d-bc57-44d9-b442-30deb71d3423,88,Female,51,24,No
55855796-6332-4738-b5e5-2962138cc65e,40,Male,159,45,No
baaac55c-66bd-40e2-9044-e57949892db8,57,Female,103,20,No
5de002f9-51c4-464b-a678-da48b58af5f2,77,Male,182,53,No
2283e0e5-175d-4a71-9fc0-5e582b367dd5,62,Male,193,69,No
ccacb8ad-7565-4ea9-b160-ae4223c71348,77,Female,149,22,No
5fa304d8-f706-458f-97c0-49bdf6cc399d,35,Female,181,79,No
51062a3c-65c1-49ee-a48a-2c3ea87c4eac,75,Male,196,26,No
dfccf143-3475-437e-a56c-6d3bca73bdde,42,Male,158,37,No
03a7cb6d-d4fe-4978-a95c-c1c1fa8e2803,48,Male,107,45,No
875bd181-3cf0-4c20-a169-b1a347c725f1,44,Male,60,86,Yes
ba2c9b70-43d1-4d9d-ac20-287aa3cbed02,63,Female,175,75,No
3c937da6-ff1c-489a-a490-8c0cb217a3ca,62,Male,193,93,No
46abadb8-4f4f-4932-8f10-4e529bfb0ba8,74,Male,120,47,Yes
f6f2f945-b5e1-4e19-bb2a-a8a8b5318139,65,Male,36,25,Yes
cd189bf8-8b6a-4a80-894a-035bb4c22cef,24,Male,65,45,Yes
5d317add-dba3-43ca-84e6-b28f55bd72a4,52,Female,36,63,No
f42e32b7-03b9-4433-ab2c-ef785e482225,80,Male,116,21,No
4e5c7530-4db4-41f2-8324-92a40de91d9a,29,Female,185,38,No
cba4daee-110c-472c-8eb8-8e9685f9d8d7,43,Male,148,33,No
01690c2e-a82b-405b-add7-b68acf3affd7,53,Male,187,14,No
e4fe8cca-23a3-44ba-bacb-33336814242c,41,Male,98,48,No
c37f3e65-89ad-4661-908b-6bc58b3c590b,80,Female,113,91,No
33359b16-8c1c-4144-9655-c6fab4192e50,43,Male,65,99,No
5c5ce394-802d-44ad-878a-62ce69d2f6c2,74,Male,128,76,No
8cac8548-dc8d-4178-b977-14a64ac946f4,19,Female,104,75,No
e778b1ff-b606-4825-8581-675f02ab7de7,21,Male,176,47,No
adbe743e-896e-4a6c-a148-ee66affb39e9,66,Male,162,67,No
92881f35-c10b-4d93-8c98-25cd204ddfa6,69,Female,35,93,No
2ad8e3cc-38f2-477b-a22e-eeade6aad104,57,Male,47,92,No
64e3ebe1-b28d-4237-bb8e-eea163c282f8,30,Female,37,32,No
df6733c6-c244-4ffd-b9ab-4e5548cc8e15,44,Male,131,35,No
dcdd6644-3f5d-450e-a311-f96a66c9a109,20,Female,152,49,No
cfcd2686-4ece-416f-bab9-f74f627a12a7,83,Male,118,23,No
c6fd4599-d687-4e61-826b-66bed9ac5f79,32,Female,138,99,No
0b5659c5-5bce-41ad-be83-e47af2807d5a,27,Male,121,45,Yes
5c8f9f88-cc39-49fe-94af-a8998a7a4890,20,Female,108,4,No
b6cc1d44-e7da-4a4a-b275-281f1cc03b50,67,Male,128,95,No
d0c76e30-a6b4-44fa-8899-e6adbd9fd7d1,60,Male,164,20,No
614c2dd4-1b6d-4d58-acf3-e5e0c2a50caa,29,Female,69,40,No
60b0eebe-aa69-41d5-a19c-e6dde4bdc1f0,19,Male,182,76,No
2d16e085-6914-4f1c-b8f6-36e29513b1e3,51,Female,79,21,Yes
897550a0-133b-4e51-aa37-356e152def82,87,Female,64,10,No
250790a7-45a1-465e-bf43-a94d43f70c34,63,Male,110,96,No
20a9e6c0-3bfb-4a16-b673-30d4a36fbcaa,72,Female,166,13,No
f2702739-fd68-4254-84b2-ca87b373397c,53,Male,120,88,No
52d04ec3-59e3-4fdf-a188-a6a0291dc280,41,Male,59,14,No
eb3480bb-3c70-40be-a804-8940af4934d6,29,Male,194,65,No
f9e3f985-cd69-4e57-a755-ec8665a68cbf,47,Female,124,1,No
6871f0ff-5105-4c82-81e1-2e82cb0dd9d3,63,Male,119,78,Yes
40bb7633-870d-4908-86f7-ac9eab936bfa,21,Female,121,32,No
036d1d82-f359-4bf0-92a6-b7d3542bd20b,85,Male,106,8,No
e4ad484b-5407-4bb5-929f-4c0d64b4081e,59,Female,107,93,No
283c1748-8374-4c05-88fe-c2165dd428aa,45,Male,37,96,No
5660bb0f-1108-4211-8aa6-51317a7945df,29,Female,30,11,No
fe88c0fe-32ec-434a-8285-5b9bcbb8e0b9,42,Female,78,46,Yes
738a4245-0c92-4c27-a154-fb78aa8f2c53,81,Female,52,21,No
c0332eab-e2bb-44a7-80ad-d776e7f9a57f,67,Male,51,26,No
ae92289a-0ce3-4d4b-80a8-b400602ff043,50,Male,181,34,No
fc06a5e1-65e5-4a88-8c43-0a5f5ba1e9c4,18,Female,163,78,No
97357b4c-9819-4a98-9252-03e8fb0f3257,89,Male,78,38,No
cdc8e60c-3aed-49f9-977c-d27c735e51c8,27,Female,178,88,No
1c54d67a-1ec9-4d26-9c15-45c990c957c0,86,Male,190,14,No
475f24dc-6f49-4982-ab97-f7efd7fa7ceb,51,Male,27,7,No
1cc68567-0651-4357-90b6-470e71dd8901,85,Female,167,45,No
832af547-02bb-4016-b261-cb06b17454c9,63,Female,76,45,Yes
72433708-903c-4666-8d73-820c83fe1ae3,67,Female,176,45,No
2641774e-a4ee-42fd-89c6-af50b103587d,26,Male,109,25,Yes
1b2ba1e4-1688-4ebf-8cc1-df7bbb5c7c87,59,Female,36,58,No
e86f3ea1-1bfe-45d7-a939-dcec3aa4ffa9,53,Male,45,35,No
14e5ebbc-df56-4bd4-9887-472f2c098fd0,49,Female,142,96,No
302732a9-3598-4893-a5d9-a9a06623d00b,47,Female,89,44,No
c8de26cc-8bd7-4b58-9241-6588f6e2e422,82,Male,191,91,No
16731f7a-4902-464d-b82b-637b0fe52ad6,38,Male,68,26,Yes
b4e62b0e-dddf-4fa0-a5a9-a8f67251fa4c,80,Male,149,74,No
d56454c2-3964-4e8f-ae57-65cd12ffce76,53,Female,155,67,No
c1d1b63f-de29-4acd-992b-7a6f46e41bbe,56,Male,39,51,No
6039c064-35f2-4ec4-ac64-e7949c5bf33b,72,Male,174,66,No
e9df3ecb-52f7-4df5-a72e-306481212efb,33,Male,20,35,No
d14596aa-4ec9-47d6-b248-46f205557868,43,Female,118,28,Yes
9f5fac6f-96cf-4729-b8f5-a25149732e8a,41,Male,25,87,Yes
0ebc3780-fe99-4fb3-9a9b-748e6de7d443,51,Female,111,48,Yes
d82d0e6a-72a6-4323-b1ed-a34867faebdc,25,Female,95,95,No
325920cb-0be4-4f7d-a33d-381f53879543,63,Female,176,84,No
2ea57d6c-7394-4086-ad71-05e04dd526d8,60,Female,197,63,No
5afd7c8f-aa2d-4b12-9d68-a89de018f7b0,59,Male,145,98,No
42588fe4-624b-4ae3-858d-7c770f2dbc2f,57,Male,30,38,No
a9f4c5cd-171c-41a7-a309-c450d76f38cf,61,Male,131,20,Yes
8cd6515b-dc8b-4ad5-8476-56f23a21a72c,51,Female,198,92,No
0ef1243f-09a2-426e-b07d-67326873579e,74,Male,35,70,No
8d8404e6-d8b4-4caf-a988-c9b6e7ba27a7,54,Male,181,6,No
30156b5b-6c43-4e6f-96c5-2d534475c806,42,Male,127,78,Yes
be97f622-07ce-4c60-b5b3-9f57096cbf32,67,Male,85,70,No
7cd9d128-b516-4be3-aa50-bb566c3283f3,44,Male,177,25,No
cdb1af93-ac7f-4568-97bd-9ac032b05855,37,Female,167,56,No
95ad20fa-2ec6-4410-aaaf-e9af7ca9bcca,40,Female,30,78,Yes
4d63cd45-4aef-4d4b-a0cd-4b40f233455b,33,Male,141,95,No
b6c6a41e-fc98-458b-9ac8-6536b6b689a4,70,Female,155,97,No
788ac9f4-baa0-48a0-844a-00c26d048e5c,67,Male,144,53,No
1273511b-8736-46e2-8d0b-06116f24c352,50,Male,187,41,No
0dd61d91-b16b-469e-90a8-dcb40126ac88,72,Female,70,1,No
1bad13a4-3c3f-4daf-8293-662bc8df48c0,27,Male,60,46,Yes
82c2adb3-ff1d-46ec-a1e7-d66bc2823dfd,62,Male,111,2,No
46ba9c32-9334-42f0-b534-5a039ecc1890,89,Female,99,58,No
9fb639dd-d082-4431-a5fc-acdf233c0514,78,Male,102,70,No
82013d31-378a-440d-a892-2efe541b80ad,77,Female,109,33,No
21bc8665-54d2-4e03-a72b-f30e2783b8f3,77,Male,192,78,No
5afe1cba-6058-4703-96b3-375eb29e2427,42,Female,184,76,No
0013ced9-6c2c-42dc-b882-3d7555c250c2,90,Male,111,89,No
e9335c2f-727c-4fc5-8fd2-b0bcb0ad87ca,61,Male,64,34,No
0ad851d7-bbcd-4daf-b580-f247425704a9,80,Female,189,46,No
f8e9d5ce-bfd7-4c91-9ad4-5c4fcbe6b71a,59,Male,78,87,No
7b43477a-730b-46fe-93d5-d2b67f29f48b,42,Male,46,17,No
43958cfc-6e9a-4456-82a9-798738ad97d4,32,Female,193,34,No
34c56b79-7d87-4f4b-898c-9756d5650cf1,33,Female,71,6,No
964c4ffb-258f-45c3-86ba-8dcafdf15f85,88,Female,124,98,No
f1959f0e-517d-4cf2-a16f-ad5f815ab24b,89,Male,144,14,No
66a2cc39-266d-4a1a-b2ec-915e2a14a182,40,Female,181,86,No
7f108cda-05aa-47b6-a588-f49427a4355d,76,Male,90,57,No
89467455-546e-47f7-8682-56cff49e00d6,51,Male,189,1,No
45a238a8-7b40-46f3-81a5-35e0cb94ae75,29,Male,88,30,No
0cf9ec13-24c0-4291-a52f-5f794ee32d13,60,Female,142,94,No
3d09b73a-8082-44e7-9e79-1930f08aa954,39,Male,49,93,No
e2a6c192-f927-4e8d-9f8f-997b9f2e2c7a,65,Male,197,80,No
d606cd77-2c59-4342-baf2-c224b87df209,55,Male,96,30,No
5862bc48-e36a-43b3-a242-2c1e17825ec0,30,Female,131,36,No
98414d8e-05b1-4e10-aefa-31f27f8fcc57,87,Female,55,27,No
a021b1c4-5227-456f-9bb4-e2ffad7283e6,34,Female,136,36,No
c4bb9de9-fcdf-436e-8b8f-f7e45d651e0f,73,Male,59,23,No
500164d5-1cc4-4734-bd4a-a3fd7acdda10,90,Male,140,17,No
7db7ee21-a76e-4c6c-b383-99993c0b0ea8,19,Female,105,47,No
6af8e2a1-abed-4f61-9e9e-a3850e52dcfe,81,Female,118,96,No
6bf3bf82-2862-435d-851a-5212fbc15f3a,27,Male,84,51,Yes
d68b2623-b0fe-4dd3-acb0-36f8861d7498,45,Female,132,53,Yes
43b74c1d-2888-4035-9506-797ea3c7ad1a,28,Female,51,64,No
7b0583ac-ca18-4f4e-b108-d19d176ffa72,74,Female,185,35,No
ea7d5e36-4c74-4385-a09e-88835d110e64,21,Female,184,40,No
7353d52b-233e-4594-8c36-9e59fb54857e,88,Female,166,38,No
fd910434-6d11-4acd-8497-8f4d82ecfa1c,34,Female,53,88,No
c9fd4e13-a3fb-4121-a91d-f113f07c4e09,55,Male,122,6,No
2be21b7b-2820-4360-b0b4-f849b420e0b4,25,Female,163,97,No
1a0800af-4eb7-4618-a912-1ecebba151ad,19,Male,99,81,No
5352675c-225e-4c8d-be10-3c4ea2c7a2c5,40,Male,146,89,No
6cf8238a-a04b-4cff-8284-87cdb120a865,41,Male,152,59,No
bae09cf6-d2ab-433d-9b82-f45f85210d94,76,Female,72,15,No
1d27102e-1504-4170-b96f-21d89911c9e3,66,Female,160,59,No
9439e970-759a-4a0a-b624-21ebfdc67509,18,Female,119,47,Yes
b07f1fe7-43a7-4b4d-8809-01a565a79045,46,Male,95,91,No
ed43da7f-d222-4228-868a-d198f122474c,37,Female,38,33,No
58de0a8a-ada9-48a6-b444-afafd5dde2c1,41,Male,69,61,No
4d250a8c-2897-4e35-bcaa-a4134f169c76,77,Male,158,12,No
99d0abec-4646-4559-b71b-a8d2fbc71e17,19,Female,173,89,No
fcf39591-dc10-4bf7-a168-3f7ed5f99ada,36,Male,55,22,No
71073bf4-5985-46a1-9b2d-838682082c54,22,Female,62,75,Yes
96f91eda-f51b-431d-b1eb-1e697397da47,28,Female,86,87,No
0a992fcf-e287-4464-8de3-612113b500aa,58,Female,43,2,No
0afdc260-6c8f-447d-9a01-7000e946ad2c,69,Male,34,4,No
1a6d9701-ea61-48c7-bd65-af67d40e4b50,62,Female,82,50,Yes
5fc952e7-a137-4579-ac5a-3c507416be77,30,Female,126,18,No
73cb5c5d-f48d-4fe9-ab14-433a4096c25c,51,Male,87,13,No
1171c81b-8258-4868-9446-50365261ca4b,27,Female,129,59,No
41a35b1d-4bb3-489f-9514-e0ac94b70049,74,Male,30,14,No
565e4f54-cb54-4afc-b175-9d5c95e6f38c,77,Male,151,26,No
6e458430-caa8-4ede-a547-57a936eb88f0,70,Male,199,72,No
41a2a3c3-6614-4cd8-9e8f-520e5982d3eb,33,Male,193,30,No
f651d93c-a143-424f-a63f-32f2ccfcfd68,63,Female,155,13,No
e93eb08b-2c7b-4096-b386-267c7f603c2c,65,Male,29,62,No
fb1e0d43-278a-4cbe-9e88-8f4321d4b26b,48,Male,43,9,No
431b38ac-d6d7-42c9-8cc3-8bf3ebb46a83,41,Male,63,18,Yes
670a6b47-6d6f-4d31-9c26-f005bf32bac4,29,Female,196,28,No
1e7ebe51-1bef-4197-9e62-11983ddc15eb,18,Male,67,27,No
75579e89-cc16-4c92-b6ec-653cfab1cb5d,58,Male,157,88,No
f88c2e6c-ad7d-46f6-ac9e-d596c514b17a,67,Male,22,14,Yes
194dcf6d-383d-47ba-9594-6ae6f5a59e74,68,Male,181,29,No
5f4a9ff2-666a-43d1-96da-02b82fd80b2c,46,Female,37,71,No
03a57f54-02a9-4677-81da-63949c6d0d38,81,Male,194,36,No
3284a765-d2fd-4981-8dc5-c0f51daeeb3b,47,Female,150,39,No
2f5e799e-6cc7-4002-85d8-26b55f62d4d1,62,Male,28,62,No
46cb50ef-5427-44b0-b64e-b4b794066049,78,Female,136,52,No
889fa704-58df-4162-b943-263f333a8a17,42,Female,102,32,No
abdf980b-ef4f-4d20-94ff-2361e5dbdf78,26,Male,175,72,No
62548c53-efb7-4da3-b4fc-37cf47af74ce,71,Male,125,12,No
baa751d6-4473-4255-a15f-4da529504d4c,75,Female,148,60,No
32ded7de-b418-4d70-ad6e-a8b568fca320,40,Male,182,8,No
a2fb7c3f-6895-4eab-bd9b-39616690ce03,44,Female,160,56,No
5d869ec6-77a9-4910-b7f2-318fa9618dcc,52,Female,129,70,No
4e0e55ba-4973-4aec-99b5-6422597dc251,42,Female,142,55,No
b17823a9-40d1-46b7-bb6f-0dda4e0cee6c,84,Male,52,100,No
22fd9560-6dda-4710-bf65-636fbec8d78e,67,Female,118,88,Yes
6c02eb5f-f508-4fc6-87b0-ecc7a7c3235d,39,Female,153,5,No
89742e82-c033-4557-a507-b54dd38b666d,77,Male,28,94,No
dc81fc0e-6282-4dd8-811d-b1364689e4f0,29,Female,105,66,No
c67b2e8e-3a1f-4a36-b91a-92f6498165e6,44,Male,48,62,No
ad5c4127-4ee9-47e1-9e24-73cf78d43c50,78,Female,40,58,No
e9e45e1f-6725-483f-8423-273883224f19,65,Male,102,1,No
fbe27008-5ec1-42aa-96dd-213fdcf69672,60,Female,61,46,Yes
2a6804b5-8b76-4431-ac1b-2bf7fe958f2c,18,Female,149,13,No
4cba5c06-dde3-431b-9839-6cc3c728f401,64,Male,127,31,No
089e1677-7618-4adc-a97a-ca2d14741bef,47,Female,47,86,No
7d236d1d-3d02-49bb-a2c3-4ab1f6ab0527,59,Male,87,84,No
7828d006-fcee-487a-ba2e-4812a7376005,60,Male,81,59,No
f95bf11b-e6fb-4f62-9e7c-670f4d9e0984,36,Female,186,7,No
1f698320-c59f-43b2-9216-bda710f9645c,34,Female,75,98,No
143e6601-1d53-4ed8-ba6f-93ef3581e5ab,38,Female,172,52,No
d20d2b46-8f8c-4bec-a997-334e1ec78a7f,88,Female,66,25,No
37c93f4b-8e21-4f16-9c75-d055749bb3a8,24,Female,43,77,Yes
ed3ce275-1b91-495e-97ca-d7d2f35ad570,73,Male,113,67,No
105e95e1-8d1a-4526-83d5-3bbf5b1da8c3,74,Female,39,73,No
de74d216-dc9e-4a0f-aac2-3c227bb6372c,82,Male,182,1,No
eca93f55-c4b6-44e3-b013-a7d2edb7541d,79,Female,116,79,No
b2b963ae-d178-4160-bdda-8516c04d2ddb,81,Male,136,89,No
63d97680-a515-4dc6-905b-89f535683b1d,22,Male,77,29,No
9fb07e91-ca38-4c3d-952c-decfb9684cd5,74,Male,150,45,No
8d3c6c71-4190-4361-9160-a542f0e5191e,35,Male,30,3,No
5b6ad677-ece9-46bf-8b79-9e311059debd,59,Male,75,57,No
6da66a5a-bd58-4f33-9246-6954e8373d65,52,Female,184,54,No
b09664f0-80fc-4ad9-aede-d2b2cf2ff9c3,19,Male,134,57,No
a8bfca32-e07f-462e-8ee1-7d2e7c379472,85,Female,192,21,No
a5036b36-a3e8-42f8-b557-2a25a1a8a8ac,52,Female,80,28,No
cdf7f445-cd29-43cc-906b-a45265dbf33b,46,Female,124,27,Yes
67801068-815c-4e14-a96f-eac7ce43d970,34,Female,55,86,No
5284c2f8-61a6-4044-9c7a-2356b8faeddc,78,Female,136,70,No
06fb605d-5f51-47f9-85ea-df5846b56331,64,Male,59,72,No
09f95001-d0ee-4159-ac60-29babf40fed4,82,Male,48,97,No
09d66a9b-9f6a-4e49-80f9-75ac0e1d98ca,72,Male,50,16,No
cff58555-71d8-4ac1-9b17-7564e480977b,46,Female,47,47,No
d5805eb4-7563-49df-b4f9-c85d60b41e26,67,Male,82,80,Yes
4b993a13-5edf-4929-a73e-111984dbd2dd,32,Female,86,28,No
4722b9e9-e743-49f8-ac5e-c1164c4f4251,67,Female,173,42,No
9f814391-84d9-40c3-bef2-841acf0d078a,80,Male,108,6,No
793debb1-d2e3-435d-9235-5c9388c21d34,48,Male,58,23,Yes
51dbcfdf-b113-4520-a9b5-05cd0e6f97b9,79,Male,99,36,No
d4221a0e-be35-43d5-92d6-650b92c4c001,83,Male,56,40,No
300b91db-e27d-42a7-ab98-f204cae4a63b,80,Male,92,93,No
c7347012-d90c-4b54-b816-7192713bb3d3,83,Male,108,71,No
28ebf241-d4b2-4c85-87ed-b6390078bc0a,87,Male,98,79,No
f2d671a6-1a39-4f38-8f5c-a14f3e12e8dd,82,Female,65,71,No
c43df0f2-9c4f-4371-b091-02d42c229442,54,Female,180,55,No
8ddc1977-0858-42a0-b506-144a20e35cd8,50,Female,32,9,No
d8a089e8-8d03-4a18-9125-ad8b1562398b,86,Male,172,49,No
31dbd18a-a6b5-48e6-95b8-43e9457eeda6,25,Male,104,87,No
58ec175d-419b-4dff-81a7-f06bb26424bd,44,Female,105,69,No
424d0717-01cc-4aed-9418-2c84b9b42cdd,69,Male,178,53,No
680f5a3e-586d-4eb3-89f5-48fdaf7fa359,47,Male,173,85,No
0584ea55-4d5d-495e-b9dc-3e861d3abb31,43,Male,185,99,No
1c8c32ea-f772-464b-b9fa-439b12cf699a,18,Male,158,64,No
6a481519-53a9-46b6-9f18-3883a3ee3c73,33,Female,129,34,No
4b92140b-a323-4238-81ef-c25ff488d096,47,Male,88,43,No
9fc8d482-df8e-4487-9393-6b95a6af984e,47,Female,38,12,No
2ab01ef5-f860-4387-99c2-1d5b426a844b,57,Male,180,75,No
37f91e96-6f5c-4751-a4a6-b2c03289eeb3,30,Female,65,50,No
be8fb28e-161e-4769-92ec-fadd26cdbf01,70,Male,124,73,Yes
d7e9227e-a363-492f-ad9f-88cccbffe30e,28,Male,132,70,No
6b00258c-d6c8-468a-91ae-43d85b5676e6,56,Female,188,50,No
1c27a43f-20a5-4c23-8fb3-2c8b94a0330d,35,Female,93,93,No
5c2dbcef-cdc1-496a-a3c5-f8b5f5bcce3c,55,Female,21,8,No
d3afdd98-09ec-4315-9eb3-c87c8ed82078,29,Male,133,23,No
0648689f-2338-48ec-89f6-e9251896ea3b,57,Male,71,24,No
df52f5ae-f357-4090-a017-628c8a718985,53,Male,178,82,No
e7e65656-0ca3-441c-b887-0fe314d5ce30,61,Female,79,14,Yes
430a1f19-63f4-4da2-8d19-abcba7899646,76,Male,133,25,No
f539fac0-1eb4-4fb9-9035-ec7c3abdec20,50,Male,23,75,Yes
f8a7f3cf-1eea-47cf-bb30-cf40e06b2b30,39,Male,134,42,No
0110f019-a84f-4222-ba2d-feb230f08eac,33,Male,44,15,No
ed754a65-605f-4e86-bbd4-c4f7ab96a00c,27,Male,31,29,Yes
248e3404-02b2-4b9f-a153-9d180214c2fa,51,Female,51,80,No
f4e9ef8a-07c5-447e-85fa-ad5757b8a86b,90,Female,135,63,No
fdde8cd0-8755-4366-8385-482411414a84,20,Female,128,77,Yes
e2e61e40-940d-4a69-ae88-ba76b0d15236,44,Female,144,45,No
4df217c6-ff4c-4ce2-94fb-c875a67307ce,84,Male,85,81,No
8102839e-edd9-4225-ad8b-10f20a0c710a,75,Female,154,44,No
ff2754ef-915e-49ce-a294-5b70f3182a52,52,Female,165,26,No
f25ec2dc-898b-4f6d-88fd-cf4c0fc728ff,66,Male,115,98,No
b5d29551-275b-4f8b-8675-1fb211a3fadf,70,Female,90,85,No
15d61242-b25a-4084-8da0-be7e796a73b7,52,Female,127,19,Yes
140f8506-9ca6-4a14-8166-422d3d488f1c,74,Male,119,40,No
21d07501-1a94-457d-8b5c-43c9449153e8,77,Female,107,34,No
6c5acfcf-b340-4ec7-bc16-7cd6a6245e8c,45,Male,154,35,No
8113ce09-b2b1-4f80-a936-c1c389a24dbe,31,Female,56,46,No
e50103cf-4c4e-42ad-80ec-943dd9bb0300,30,Male,51,3,No
8ed90822-a03d-4b8b-9fc5-43b99108a1e5,86,Female,187,91,No
c45dcedf-b649-4454-b8e2-6f16322942df,60,Male,60,23,Yes
004cab8c-c72d-4265-ab98-aba690e15bbf,54,Male,29,66,No
102e26cb-7f83-49d2-9b1e-b67a2e5fb87d,84,Female,40,93,No
dee65923-0090-4a3b-8d99-12ddcf8f7d3f,67,Male,36,41,No
da6f3fce-eb17-4fce-a208-11e8be30aa1a,45,Male,39,74,Yes
231900f7-d3e3-492f-8e1c-f820be18f795,32,Male,49,33,No
82e774fe-f8b9-4756-bd59-46fef69a2729,63,Female,58,53,Yes
9910d8f2-ef58-4a09-be16-f64a99a57563,37,Female,28,54,Yes
cb50e92a-cbcf-4475-92e3-f11697b117b8,53,Male,121,50,Yes
c11e284e-db7e-497e-a376-822ed8dcc50a,29,Female,180,76,No
f16d9196-5785-43c8-922a-bf79b452ace5,42,Male,199,79,No
aafad8f2-bf7a-48f8-b8b4-53c8fca434f0,72,Female,108,49,No
3f0ff41a-37a8-49c6-b060-8fc35b7f6aa4,44,Male,163,12,No
691fa765-656c-4447-83df-d411adef27f6,62,Male,98,57,No
2b753dd0-aa31-47ba-bd42-cec929287ea2,64,Male,20,76,Yes
afad19f0-1126-46c1-91be-e4ca544edfe3,64,Female,179,12,No
7ba8cef4-0351-4237-a273-ee4d0a5e939c,53,Female,105,47,No
1882ba8f-0aed-4a19-bec7-61ecd34048fe,41,Male,191,8,No
bbd8051e-0391-4373-aaf7-8e5cdd730c68,27,Male,59,18,Yes
c07ee73a-d881-4bf3-95c5-6bd2cbe91ce5,45,Female,94,95,No
e5b26d79-5851-4a1a-a444-28092589f692,52,Male,147,68,No
4c015f57-b278-47a1-bc2e-fe2ad635b390,80,Male,186,93,No
0d1d4738-d2c3-4ec7-8ec1-653e6b75cd8b,70,Male,29,46,Yes
b90419ff-52da-4b0e-b225-5860355eb3ee,63,Female,38,40,No
2bb8406f-7208-4cec-8cdc-f5fc0de430d7,20,Female,191,28,No
889369c6-0c9e-4f95-bfbf-7478ed2119bf,54,Female,84,91,No
9bb5fbc4-2398-4c0b-92f7-025f538e2880,87,Female,62,53,No
1784e7fb-8e7d-42a4-81ff-556102c6590c,57,Male,110,47,No
1fc2795b-16cf-4cad-be1e-035970a7e92d,46,Male,138,93,No
aeb45b22-537f-4f21-b2ab-f47f1b8fdc99,23,Male,85,63,No
3faaca47-7979-439c-afea-9d9b0ec689ba,59,Female,131,60,No
b21924a1-ff91-44e6-b6ce-28cf5e7289d1,48,Male,52,82,No
c379d1f9-38c5-4b0f-afa1-6e69aefbccb8,55,Male,197,48,No
8e0108ac-89a9-4cad-abb3-ec1df78d61d1,77,Female,46,48,No
64b32980-89d9-4cd2-abfe-4a16c47dffe0,84,Male,22,9,No
0e537782-5ca2-4a2d-a977-41df796574c8,54,Male,142,79,No
114c45af-1a54-41b4-81f3-14da8b83b8d9,78,Male,112,54,No
fe696bdc-c6e4-4b96-80ab-8923ddb74fdc,69,Female,180,96,No
3de1afed-ab87-4097-860e-3f85e6a2b611,20,Female,98,83,No
3b18038d-dc09-464a-9fd7-8d63d7d3065b,36,Male,134,77,No
1d91a9e1-8955-4939-8cae-d03c495c08ab,60,Male,46,76,No
9e3dc285-4a82-4be5-848a-da9cd9a05663,39,Male,190,97,No
78ca6151-ce48-4ca9-ab9d-20c60f232e98,29,Male,179,93,No
4ce867bc-260e-43d8-a604-50c5262eadef,87,Female,87,99,No
c135e318-59da-488d-96f5-0c2b3822bd5a,61,Male,143,21,No
5148c163-5989-4af6-bead-bb6511d51f77,44,Male,130,72,No
eb7094de-d534-427d-81aa-967b8a8e24b0,28,Male,53,11,No
25b743e4-f1af-4be3-b2d2-0fb964d2d4b0,90,Female,82,5,No
cf3bf994-1d87-4035-891d-439b1cd2780f,40,Female,193,99,No
d1993113-8fd5-47c0-ba23-a0790c4eba72,60,Male,29,43,Yes
ddb60042-41a4-4089-ba1b-14ba5ba5ca8e,20,Female,192,84,No
4e8850aa-795e-4ab0-92af-12895885ec97,33,Female,178,87,No
d0bf318e-76f7-49ac-b886-e9e9d147d327,65,Female,66,80,Yes
49bb2a94-a2b2-499b-abdf-cc7c779a53a7,79,Female,132,12,No
9a30342c-1a33-47d9-af43-3e167bd385c4,51,Female,130,19,Yes
31c1874c-707b-42ef-9c82-046ec6c9ce52,20,Male,36,18,Yes
3f0af352-30aa-4c5d-8b3f-83ecd91a8e3f,36,Male,41,94,No
a177bbdc-eec1-4607-afe0-dbda71a1ab3f,26,Male,76,68,No
b946bfa8-c816-4927-9d64-b14c91fe8d48,61,Male,130,17,Yes
f122c45e-2b7c-4756-a72f-91775995c152,63,Male,30,23,Yes
6c68a042-3c79-49de-9a87-370abb21e8c3,43,Female,45,26,No
c4da1b5b-d173-471c-a49f-713d48044ec5,67,Female,174,67,No
e5c152e1-14c2-473a-9f6c-84c4463313eb,69,Male,112,80,Yes
4ce7cc25-3cd6-405d-9b9f-702cc41b063c,73,Female,167,60,No
7f858532-406b-460a-ab6a-760e29acf5f1,66,Female,108,59,No
c9e46f6d-848d-4972-a48d-f481f95ce1b6,19,Female,193,93,No
046c8fe0-a3b2-49bb-8db3-4a71d25bd7d4,20,Female,180,61,No
57d7365e-21d6-4e30-9906-0e70f531cce7,60,Female,26,89,No
43cfda69-fa4a-45e6-8f7a-4a154ef74dfb,19,Female,86,60,No
f36d1131-b233-49af-81f0-b462d4f511fe,34,Female,151,71,No
cc6a9ff6-73d7-4fe6-89ff-a427ce897500,65,Male,153,43,No
5c8aeff7-108d-48b0-bf0b-f0821fe37259,43,Male,156,93,No
748d6a98-43f5-483b-a70f-99ba6506988b,40,Female,100,39,No
8a2116e9-3463-432e-8f09-4e0c3c228520,76,Male,37,76,No
e342d700-c809-478e-99b8-31712b2ef5d6,20,Male,111,72,No
895bccb1-2f60-437f-9846-fe66b7548e38,59,Male,153,22,No
9332a6c4-acef-4fb1-b871-2da1cbdf581c,20,Male,122,50,Yes
7238ab7f-a552-43bc-b503-2d64ff32cf8c,84,Male,93,45,No
b35299ac-78cf-4263-b4ed-1e8b7bb67476,81,Female,39,11,No
d5c87d0c-66a7-463d-804e-d7a359d0acaf,73,Female,56,45,No
331df773-d15b-43bd-83b5-1c9a8ab830aa,53,Female,84,51,No
f6131438-92cf-4b66-9dae-345877166f57,67,Female,151,53,No
a0688590-ad69-45c3-8893-0da66b178477,48,Female,30,86,Yes
fe1458c9-7648-47f7-8ad2-6d84436a09f1,73,Female,94,12,No
032cde62-d012-4ca8-bc78-b00b2e21fefd,59,Female,178,71,No
5162e4c1-cb1b-4ea4-adb9-4026f9597fb8,53,Male,145,14,No
779c7222-1c0f-4d37-80a5-29569f4c7137,74,Male,175,33,No
59597348-0a7d-46cc-a7a4-d2fb2f77a97e,41,Male,189,86,No
f0853eb2-394f-4922-87f7-57747785d9d9,23,Male,106,32,No
e91ebdc1-c5ca-4c0a-bfa2-e55482568aa3,74,Male,66,76,No
4ac7ec03-bd81-455c-8514-8ef0702b8559,60,Female,93,99,No
6e81c94e-c8d8-46f9-b14b-634c6aad82c9,80,Male,28,17,No
fb990075-bc36-4b1c-889c-2133aff707fd,68,Male,58,2,No
576e7c45-1b10-4b83-8af2-c81cfa4b28c5,71,Male,104,28,No
2c969ca5-46b9-4f3d-80b6-fe882da9970e,40,Male,159,87,No
376e2705-fe13-4bd5-8dec-83a54634eac5,46,Female,25,99,No
9cbc74d4-b4e9-4a54-ad61-bf4612f56146,41,Male,141,36,No
1eae9b6b-d08b-47df-a1dc-4a4d89a9a6ec,65,Male,144,34,No
651688f3-5784-4414-b392-82d950c2e65f,52,Female,189,25,No
d218f30f-d55d-428a-a833-453eb38dd08b,86,Female,195,41,No
72b75973-6302-4f12-a238-49072437b9d9,52,Male,152,43,No
1af769c3-48da-4189-9935-0e7cc2e9bb5d,29,Female,73,53,Yes
ffe61482-d934-4f0f-8d8e-a871f3cda1d6,62,Male,108,70,No
f9d38cdd-c75b-4384-9f92-7d8989b01c74,71,Male,132,71,No
e7301875-c0ec-4183-bd61-882338efe42c,88,Male,105,31,No
6606b738-297f-4233-b8f0-06934dc7166b,39,Male,71,82,Yes
4bc390cf-4bee-421a-8a48-ee5c32c36591,28,Female,45,76,No
7aaf8edc-a0fb-4c5b-af07-1c44e5956606,21,Male,87,78,No
ebca9a43-9694-4948-9f46-5a2ae2296259,44,Male,26,47,Yes
2c891e69-9950-46da-a816-755f10e544b3,41,Female,145,27,No
29e143ed-67b7-44a3-96c6-955b09716fb6,21,Female,33,98,No
04ad34a7-ff0a-4a62-ba60-1e96c2f16836,62,Female,137,91,No
d1c31e79-bdca-49f0-8b13-8bcdbbfc8ec9,45,Male,86,45,No
3ef6b243-61ee-49eb-bcf3-4a90106ec17d,75,Female,67,6,No
a6dfe2bc-3e3d-43ee-bc51-074675286109,63,Female,40,69,No
56a4cf8c-a3bb-4fa0-9793-43ea1dc183e6,35,Male,121,87,No
0c583d0c-de82-43cc-99b0-1c20160c4dbe,77,Male,67,5,No
23ff64b1-ec7f-4a85-8557-1a13eff95e14,82,Female,100,86,No
8c51428c-18cf-4449-86c0-ebed6cd01b27,49,Male,52,13,No
9a691a3d-e5ab-4f28-85d1-6b7378397c60,27,Male,98,71,No
bce3fae6-b681-4818-a6a8-fec9bed926cf,78,Female,187,1,No
a81fee3c-6ccb-46e4-a892-a81a49fd3049,69,Female,77,7,No
36856f51-b7c4-4a52-9092-250db954e6ac,86,Male,71,54,No
e01742cf-1123-4a42-abdc-7b12dff4ad18,38,Female,142,31,No
71084205-b50c-45cd-a1b1-4526dfa2bfc5,69,Female,40,89,No
cec7e0ab-5dac-490c-a918-33b8b4348c3b,84,Female,195,23,No
68753d4e-cf91-49d8-9372-9c4102fde212,71,Male,195,77,No
7b8c779b-47af-47c5-a60c-4ae209f01531,31,Female,45,37,No
d5d043a5-319e-4f5d-b27a-48d8ba2086d1,65,Female,82,36,No
cf0f61cb-537b-4f7e-97cf-6fb00b0d6cc9,56,Male,171,76,No
47339eb6-5424-4d9a-88cd-4d88ef455a74,84,Male,146,68,No
de7732b6-bc7b-48b7-8c09-02f0d367982e,22,Male,89,59,No
8a4e2cfd-1ee3-49d0-a68c-c995b70be419,56,Female,144,61,No
efe49a32-0bf0-4800-b948-f0f39f575425,28,Male,99,32,No
d769e993-7a38-4768-8ba6-369b042f0c07,26,Male,36,65,No
4ed759e9-d0ae-4737-bd40-3c6f16fd0640,28,Female,143,94,No
f7d23bac-3282-43d0-9165-bf8ef27a0b56,28,Male,175,7,No
69720d86-e18d-4ca4-8893-08b563bbf816,90,Male,52,49,No
9fc9313d-dd29-46d1-a2e9-fa7e6e0339a6,69,Female,146,25,No
e49aa9bb-4659-4dc9-a85d-6ecffb0b5cc1,56,Male,152,8,No
42612f26-4288-40bd-9ce7-0c05b14d358c,30,Female,119,32,No
104102dd-2d5c-40a6-9b1e-80251ca82322,86,Female,41,45,No
0c7eea7a-badb-4b75-b142-20e212d71f96,89,Male,107,97,No
ab880be8-7cd4-4a85-9bcc-eebb756be486,38,Male,80,73,No
deb38a10-3e5c-4454-8cef-82b039acb655,80,Female,51,47,No
937075e9-7d4e-4ce6-826a-bacb2a8c85e2,66,Female,27,40,No
8a0b6fd6-92c9-4a6e-b4fb-42ca29dd8461,22,Male,150,96,No
1334bb7d-4c95-473b-9b97-4b9e519bd4e3,60,Male,109,31,No
23f14b4a-d34c-4626-9ef0-751dd5b519ed,90,Male,58,38,No
8119b2ff-46a7-4961-a8ed-1ca311bcd939,30,Male,137,96,No
7857c75e-a04f-4586-bafc-f02635430e83,89,Female,158,54,No
14b071ef-a1ee-4948-8778-cfe831d27a97,87,Female,75,3,No
f5cb1ae2-e048-49a9-a1fe-e8e55813c3f3,28,Female,78,64,No
46b5561c-4c9e-46ba-9e88-085a9031b455,75,Female,25,91,No
2c07f27d-0cda-4638-8a41-f432205cece7,90,Female,160,52,No
779673e7-f5d2-4941-883c-5e714effdaef,22,Female,198,63,No
13344a1a-bfab-42ce-979d-82102104cb2d,32,Male,93,72,No
b7160757-9fd6-4224-8452-d3d87fd476dc,65,Male,151,96,No
9dad2820-7fcf-44a4-a5e7-4d5fea376fa2,54,Male,81,79,No
9e62eb82-b1e4-4186-952b-b4c7f2266386,79,Male,149,83,No
b08d8efd-d2e4-42b3-ac97-de7b1e43ec81,48,Female,67,62,No
18fedaeb-75a2-4489-96c2-87234cab4d0b,47,Female,75,100,No
4c419334-2cb4-4e77-9ba2-9b7102e92988,43,Male,91,95,No
aa48f9db-0c0c-43e7-af98-4b61480f06a3,81,Female,130,41,No
66625795-9fd7-42b4-9ed5-5113b5bf91bd,68,Male,48,95,No
1cd78e4e-4edf-4f42-9b81-559d823b14cc,74,Female,172,70,No
f292d5ab-333c-4e22-902d-6298c45a823c,62,Male,78,66,No
d01f3b39-07ba-4514-b474-d7097230169d,88,Male,171,68,No
6aa03d98-8623-48e1-bbe7-e84ffb83ee8a,44,Male,37,9,No
3d451d0a-7139-451f-a843-271cff354d37,55,Male,71,23,No
3f1effb5-955d-426f-ad06-bc838559ad3f,78,Female,120,31,No
2c16a7d6-c1ca-43fd-9081-5c4cdf1f7e87,77,Female,84,94,No
b7ff5255-3c0d-48a9-9ee4-ac0f84a17d47,77,Male,93,18,No
becf9ac3-264d-4557-b709-18365dc3721b,80,Male,167,28,No
2fec6c6e-60b6-4cde-85ea-cceb613b1c71,54,Female,135,35,No
8bfbc368-0bcf-41b9-a746-04cb9258715a,27,Female,95,85,No
a9611026-c6a2-470c-89f0-43b97560ce9a,19,Male,51,73,No
6ba553bd-85ac-475e-a57d-29f1bd882d98,58,Female,97,29,No
ee75a078-4e43-4d1d-bada-ded2dc931fdd,52,Male,143,7,No
7177f6ef-eaed-4b5d-84a8-801c89b08171,27,Female,100,59,No
39570ac3-cc66-499a-bb56-11684f7ddcd6,67,Female,109,13,No
1b29810d-deab-449c-a3bd-c2b826066989,78,Male,95,4,No
f021bf3b-b237-4943-8979-970f459bab69,66,Female,39,64,No
ce129f4b-f9cb-4cac-aeeb-4ddb8fcfa128,49,Female,176,6,No
508e988e-a897-44c8-a937-cd6c06fc6931,75,Female,128,42,No
e30be644-8cfb-4c68-9771-33d05e2f6fae,40,Male,44,16,No
6458d39c-f143-45ce-aa32-f20416822c93,49,Male,190,30,No
1074cfa0-1f64-4570-b011-c4dff1b8e122,50,Female,52,19,No
2204b68a-93a2-4890-badb-534995e9fe08,78,Male,108,63,No
e23eb1c0-59da-41c7-b3e3-517a11c1037e,60,Female,148,43,No
22a3b4ac-3e93-4a70-ba98-2741ac9020f8,18,Male,88,4,No
158ae7c1-6202-4e0b-a9ea-b45e59602222,74,Male,73,67,No
ec8869bb-bc5c-48b5-bcac-0fe73d40bfbc,18,Male,53,65,No
5afb2893-be20-473a-a604-a76f51822373,39,Male,159,22,No
129c23df-4710-465d-9206-2db4fdc8ee29,35,Female,138,46,No
ec05bc35-ac1f-4bad-8015-313a994ad114,30,Female,37,3,No
7a42c2c3-09c6-41a7-b1d0-2c9dcd788684,28,Male,79,49,Yes
02283363-3707-407a-9a42-636d3e6d04f8,52,Male,102,24,No
0469510b-f579-49ab-9ca9-bacf42ca1b00,42,Male,31,97,No
8d9ed792-366b-4f3c-bc3a-4b2000ccbc6a,80,Female,87,64,No
030475fe-cca0-4b81-98d7-b038ae56ffdf,40,Female,151,68,No
108879e3-1233-4fe8-9d9f-87eedb7fa1fa,22,Male,154,72,No
10a858b7-ffa2-495c-b4d8-891b509c3c77,78,Female,60,18,No
8fab657b-e3fd-45e6-a619-c1d7180b0930,19,Male,25,39,No
dbbfebd6-d2c8-4fe6-bfcb-b54623a35d34,90,Male,63,5,No
e40533a4-9bbf-4fea-9b8b-a34dc6f8656e,58,Female,24,44,No
974ef6db-bd8c-4ac4-89d2-8f850bf85131,53,Female,50,5,No
46131c15-ac03-43cf-a7be-ea80746b5012,61,Male,182,25,No
b85cec80-4d47-4d02-9319-8bbd852429d2,65,Female,34,85,Yes
9e76365c-45e8-4617-af5b-127fdc5ec141,70,Male,148,6,No
8ead95e2-6502-4ae8-93ad-e9d5c9d0feef,64,Female,38,32,No
e2c4919d-84c8-40d0-a971-2c6a8fc1bd75,84,Female,136,58,No
873e9981-e39d-4cad-8fd5-77729ac407d7,39,Female,158,88,No
f34bb9e9-5e98-45b8-a7a4-47d63e822d8f,71,Female,58,50,No
0b0704fc-bba6-458e-bb90-d36dd7d5a973,39,Male,123,56,Yes
40415993-065c-421e-9b43-f3030de78e01,40,Female,51,53,No
7062e86b-9e70-422a-abc8-0c6d68806bb8,80,Male,133,78,No
5ff42466-3ce4-44d8-ae7a-d17d9399bc7c,79,Male,121,94,No
4d28ed65-5120-4914-8284-758c8309be1e,25,Male,26,78,Yes
f7973208-8b85-484b-9d6d-0db516950399,66,Male,72,75,Yes
770396a2-f35b-437f-9e3a-952b5f1db963,73,Male,105,31,No
73715cf6-668f-4c24-81bf-a54662d9e841,33,Male,60,14,No
d39a37d9-95af-47ad-935c-18002fdf8944,36,Female,36,19,No
1f98b354-4906-4712-a656-a91ab2306a47,22,Female,155,73,No
ee06bc03-5ea9-4c10-9320-f088a73bbfff,49,Female,121,36,No
228624c3-88fb-4e32-877d-47ae90e54849,64,Female,186,93,No
c8879991-6574-4139-a516-ad5d288f1d4a,19,Female,178,20,No
abdb869a-a85b-4607-a3da-480e75a6c042,22,Female,177,83,No
e285fc93-be24-4447-96f4-8698b52d5412,87,Female,98,48,No
73fb635b-0860-4a8b-a7c3-74c1770b4113,47,Male,137,85,No
a20ff143-867f-424e-97d7-cfbe081784f7,25,Male,35,88,Yes
e645c1e8-fe9a-4680-b245-8df171b1654f,42,Male,33,7,No
5c49acf0-c7ca-4160-9960-9fd706c40d7c,38,Female,72,7,No
353aeb70-a079-45d8-ac06-7598bbf0de2b,48,Male,62,88,No
b43d4c5b-3f3f-456e-ab45-f6cc3c37c27b,26,Male,95,99,No
cced9824-4ece-41e9-9bbf-5aa86179c7e2,85,Female,155,35,No
87852668-40fe-4a57-8f27-e45347250304,41,Female,110,93,No
c55bb287-bae9-43f2-a78e-39ca26cab61f,37,Female,115,59,No
e863310b-5bd8-423d-9629-2db0f00e3915,71,Female,39,65,No
d46de573-7b3a-4f5b-a497-add06d8ed5aa,63,Male,42,39,No
c7318035-7209-4210-8751-1e5cdb7f873d,43,Female,107,13,No
cea859fd-1f34-4225-ae5f-1e823366db15,86,Female,33,87,No
f46e18f0-8061-4d75-acd4-6130dc7cf06c,41,Female,93,65,No
da4605c1-9f3e-4f03-af09-bcb53b010a08,61,Female,67,62,No
4c2590e0-7f5a-41e2-b277-89cc13cda265,50,Male,109,2,No
862a9eed-1bcd-4ff2-99d9-c8b2a9852fc0,63,Male,72,79,Yes
e9333068-a704-461e-b5a2-078e7ff1bdad,58,Female,91,9,No
d21996fc-a23d-4135-bd39-547406e2ea50,24,Female,186,93,No
5eb819a9-8dbf-4f0c-9f0a-4a4808a9d884,30,Male,116,55,No
b6e218d0-844f-478c-86b7-096c7ac8ae67,60,Male,92,88,No
97770c6b-81b7-40c9-ba85-20d3d8531ba1,20,Female,94,24,No
1ed3cb86-324b-4e4c-9c2a-13b254ad79f1,47,Male,125,17,Yes
656a9a0a-ce2f-4182-b59d-22b35f5f142e,55,Female,123,17,No
53e55f6d-ad87-4952-9c06-006955fdfd42,33,Male,105,8,No
b2a11467-fde9-4c81-bff0-f7fdcf340c6e,67,Female,102,87,No
b9d5aa0f-4a7d-410a-8545-d6434ff1a049,33,Female,191,98,No
a66961e3-60b7-4efe-83a9-106c241e05ad,54,Male,192,19,No
ea3ddf31-2fa8-44ea-b797-b41a105b0a43,78,Male,139,67,No
26d5efa0-e432-48f9-a85c-401b05294583,44,Female,180,19,No
f60c3733-5f5e-4f17-ac64-354d0992ba3f,65,Female,109,20,Yes
8d1b65de-4517-4b48-a3b7-6128afd554d9,20,Male,126,70,No
4e844ee8-8ba5-4185-99d4-681769d09d57,52,Male,120,16,Yes
8178a4e0-1019-427c-815f-f42b767b2a9f,53,Female,98,35,No
309e2dcf-9d73-44e6-bb48-c807e5f84e0d,71,Female,109,93,No
9d36af13-87e5-4539-82f5-520d7de3b62a,36,Female,37,54,No
9413c86e-f9df-43cc-9e8e-9037cc53120b,23,Male,104,31,No
8055b502-7db9-4f25-a96f-af58a0e07164,31,Male,41,69,No
77cd0ba4-4e5d-4b51-9080-5811854308a0,33,Male,153,96,No
859dee7b-e820-4329-92d5-6e96224a9260,35,Female,178,8,No
9154089b-410d-4e3b-aae6-3a3bee0594d0,51,Male,108,45,No
9f685c97-3959-4b61-83b4-f4830ccac5a4,38,Male,75,58,No
15ee815d-3476-4f72-938a-65a28f8864ec,90,Female,113,29,No
6a14a168-9c23-4506-b88c-8e9c2f0f277f,54,Female,168,39,No
b7a591ba-664e-4a47-9aab-0f5131a0ded4,22,Female,158,30,No
6e442dfa-66f8-4ee9-8ec0-28a551a27bac,74,Female,145,10,No
4d7038d5-cf77-4a61-a915-e4b85db83bc9,52,Female,95,12,No
5a39f1f8-1023-448a-9946-5f6eecceffe5,89,Female,139,57,No
276d8110-8b7f-4229-806e-b1908396cedf,88,Male,77,5,No
0c26d588-1780-4dfb-b082-b7ffd0f10c88,81,Female,25,48,No
1b522d49-207b-46c4-b973-b656ed1c9b6b,39,Male,126,83,Yes
54449e3b-7e5f-45c6-94cb-95a6d24b8f71,42,Female,149,6,No
371d4ce8-130e-4b05-ac1c-4e4e7fd3aacb,54,Female,117,92,No
136e6954-a1e8-4371-918b-053902432fef,21,Male,35,98,No
aa8897e5-fcc8-4977-9272-166f57872540,34,Male,140,77,No
55660ecc-af98-4deb-8a40-339c68a98438,36,Male,98,25,No
850f5149-919a-4950-908c-0774e946f9dc,48,Male,176,45,No
61635511-4213-4155-8ca3-a67b76d3a398,53,Male,117,27,No
b87d3258-7fec-4c6e-9b6d-4bd71d30c437,80,Female,36,38,No
7acbd787-baa9-4864-b379-2acc7e7ef364,45,Male,135,22,No
a0fbca26-716c-42d5-bc92-5281bcd6d9aa,80,Female,70,81,No
e7bbfdee-e83b-471d-b42e-0dbe6a1142a4,66,Female,105,28,No
fdf48b25-58c1-474a-bde5-c95606b8a9ec,86,Female,91,98,No
cbeb3902-9217-4dff-8296-340efb4aeabe,20,Female,25,100,No
9b0a01fc-9ec0-4f54-b749-c419045faacc,25,Female,36,25,Yes
29d44beb-bd49-436d-ab39-5b8baefbf3f5,71,Female,54,12,No
da472177-cda3-4575-9a1c-44eaf02b8a5c,31,Female,93,11,No
1a2ba56c-a5b5-4e13-a3b4-31fe5f637bb3,84,Male,198,48,No
f048dbc6-7caf-49bd-8881-5d0ac391b9d4,68,Male,29,62,No
6ad18160-56a3-4744-9c26-2d892f9fc962,74,Female,32,35,No
542f9515-4ae2-4756-951f-4ef2e60027a1,80,Male,99,89,No
28b19b5a-cf88-436c-ba62-8375f929fc71,25,Female,124,16,Yes
a904ed6b-6790-4fd7-86ff-9e58b4630c68,82,Male,109,80,No
15ad4638-042f-488f-a829-642c8e94d2d2,23,Male,45,39,No
f00a61aa-deb7-4e51-9f1b-1f96c1a7e0f2,39,Male,111,100,No
c49705e9-b784-43c0-a031-50c5dceea858,63,Male,83,60,No
741aadb3-0b30-49d7-a54e-09542b48d014,79,Female,99,80,No
2eddd0fa-9fbc-4bab-a6df-24a26adf617a,69,Male,125,63,No
9279ff7f-5b5f-45c0-a694-b558dc4e7bfa,48,Male,66,23,Yes
a4ec03e7-0c8a-48d8-9bbc-2d65dc116771,71,Female,164,63,No
d2df92f2-2304-4409-9ae5-eb3e0ce74711,89,Female,145,55,No
c4f5be36-c8c6-4d52-b084-705c6b6ed662,89,Male,55,30,No
a142a353-eb2f-40cc-9db5-b3ccbe26297e,40,Female,85,93,No
0a6987ad-84af-42b3-8894-136bd7c664d8,70,Male,51,92,No
af16338e-e314-4175-ac77-562f74014de0,21,Male,27,66,No
0ff90970-4bb1-4037-942f-e7293222d3ad,40,Female,58,55,No
9782d93a-ef1a-4f5e-8d97-d9af9b40c55a,71,Female,153,45,No
da0acefe-c080-4b36-9adb-e0baecdab24d,58,Female,106,87,No
93e27bc2-e574-41e6-badb-cd425c8dce26,66,Female,184,67,No
fb5b7ece-4012-4116-b9bb-032fb01ca5a0,63,Male,92,26,No
adf9b6e4-7974-4307-a789-6ba318e2c3c7,84,Male,86,59,No
fc361cfe-f9b3-4c8b-b918-371c8b4b6ed4,60,Female,31,36,No
ab09cf81-d434-4067-aa05-657b68af612c,58,Female,140,32,No
5aee6eaf-55b1-4d41-ba48-831f79ec0666,84,Female,94,76,No
a17af11b-b502-4701-8137-73b23b6ae3d3,73,Female,83,50,No
6123d20e-2e91-426b-b3ce-58c136b69747,45,Male,81,70,No
8e0ca7ef-c763-4329-a1b2-21a5547790b8,64,Female,88,77,No
a740ceaf-9b27-4ebe-9728-7167f12ae2e0,64,Male,193,89,No
919bf49f-253a-45e3-88ea-224329709e4d,23,Female,120,89,Yes
2626ef40-0b64-44e3-aeb7-3fde4638bddc,86,Female,107,15,No
7c77b737-7a40-468c-b189-44474faaa9e6,75,Female,167,34,No
a5a71d4b-a7f9-466e-99c1-231d25c83201,26,Female,85,35,No
19403396-977c-46ff-bf50-ecef8ca54231,21,Male,173,7,No
53e93898-8b87-49d7-9830-f0ab274b43c4,75,Female,137,81,No
c7e682b6-ef63-484d-bf6f-644a8781c108,78,Male,102,6,No
8183f953-7c54-436c-acdd-6dc78b2d1f3b,78,Male,185,12,No
531fe666-52cc-4ea2-9bbf-97873ebb816a,74,Male,72,35,No
ddd8bc91-8004-4c57-8282-ebfb4777eb49,82,Female,115,7,No
11ed4d83-e799-40ef-b7ef-1bb1d57a5521,63,Female,136,82,No
f3f71366-91e6-4d46-9a6b-c772b89ccd86,20,Female,60,2,No
f105cc6e-de33-48ed-82e0-775c8a7eb8b4,62,Female,151,27,No
9d3d2c0f-add3-4c6c-9ba7-53d387d66d9f,19,Male,185,3,No
cbd18920-6128-4d1c-843a-b528606e6658,32,Female,60,26,No
c8ab66e9-1bf6-467b-af43-7ae02d1f4c54,69,Male,83,86,No
7ab26cee-dc4e-42c4-b916-e3c9206ab8ad,78,Male,47,31,No
bd40d4e5-e205-4b03-860c-a5637effa18c,65,Male,169,38,No
50a9925b-a027-445b-8a7f-6e802ff526e7,66,Female,107,40,No
6f7a900a-4496-4976-be3f-13a2a622fc57,21,Male,48,99,No
d909ff76-65ae-44fa-86fa-b72877787b79,90,Male,180,76,No
01c87e1e-c884-4b75-a19f-8a4c6d1d2147,19,Female,188,33,No
11dfb3c1-0292-4843-8069-61b9acc7796d,21,Male,87,88,No
bc30082d-b040-4492-8864-0571ded587a4,75,Male,142,58,No
75cb8549-3efb-40ba-9939-b7edb3f17daf,74,Female,132,10,No
069845f5-941f-4d41-a095-4253f343b3c0,25,Female,35,45,Yes
7f9d2ac7-ec17-4957-b567-957369bfa98b,63,Male,165,92,No
06587c36-b470-4680-b089-d8c7c3493d03,25,Female,199,12,No
854c909e-e983-468e-9757-57eaf9ea376d,46,Female,174,78,No
a3274820-517f-4657-9817-bab6a1cd8180,53,Female,177,64,No
62b4ecbc-7f58-4549-99a5-f71c802575e0,87,Male,67,38,No
5bc0f9d7-1df0-4e11-b66b-10bae3aae45b,66,Male,131,38,No
034cdaef-92cc-40e8-b058-8a17c003964e,35,Female,32,8,No
e1beb964-6c7b-446a-88fc-1369bbfe23bc,80,Male,72,3,No
ed5a4cfe-9a29-4b1d-84d8-aad55435c6d3,50,Male,60,1,No
327891d7-e592-451c-aa9f-82af84291bb5,55,Male,185,50,No
332d95e6-00e5-4cb5-a1e9-7cd0337efcf4,51,Male,74,21,Yes
cb5cd940-e59d-4344-979d-185027661659,35,Male,178,41,No
ba590833-3ae8-498f-9747-04dde2bbe7b0,44,Male,27,46,Yes
ef8d3958-2b26-42a1-928a-8cf774d386e5,67,Female,171,55,No
7a9a842b-8eb4-4130-b8c2-412242ee0714,84,Female,42,58,No
bdc193c7-99a9-4587-9aa9-66083bb9d485,35,Female,119,40,No
632f72a1-c438-4a64-acae-543c0e012811,74,Female,103,85,No
097747c4-5097-4779-8c24-66cae5328fb3,75,Male,152,18,No
3cb36523-1eab-4925-9c00-c11617c58cb3,31,Female,193,27,No
77407c66-ad57-4176-906f-8fd8a38911ee,85,Female,70,83,No
831603ae-e703-49f8-a2c0-6616da3c9532,84,Male,61,70,No
3f53086d-af15-4228-9574-4b0179074b2a,82,Female,158,23,No
eb770170-41a4-4b8e-9aaa-da6d00e174c7,62,Male,37,67,No
10ed78cf-4305-4523-b243-165eb61d1fd4,83,Female,91,57,No
c6135253-b841-403f-b515-0ca1e3e06e3f,49,Male,120,64,No
2d8c20db-df8e-4bb6-a9b5-f2ad69cc5e22,24,Male,80,8,No
52d4cbad-b3e1-477c-b841-151db13d0d0c,76,Male,161,38,No
bed21f66-dd36-4800-ae20-7094349f1cf8,35,Female,148,76,No
90378715-0c35-42b3-ba6f-f852157cc615,39,Male,195,50,No
fe1be779-56d1-4800-a3f2-273fdf9d6022,50,Female,73,23,Yes
00e85cc7-a606-41c8-b01b-037037617d09,33,Female,187,83,No
4c94d016-b1a5-4209-9543-b59ab0a91481,37,Male,87,50,No
a8e2ba84-6468-4941-8c32-85bf204f3bf1,52,Female,187,95,No
2452e636-01fa-44b4-b25c-f46a671f694e,78,Female,92,73,No
02ec7685-eb34-4bda-83c0-e73a275c6943,49,Male,170,79,No
d071c6e8-eaa1-4f56-b84d-f9fa37abdbd6,31,Male,193,71,No
9ff2a966-9281-465d-8457-8009f11224a6,22,Female,144,19,No
75097725-28ed-4cde-98e9-c5f6f375614b,82,Female,82,77,No
47080720-a01d-4432-b548-a1cf9bc1e7e3,82,Male,128,28,No
7e91f3a6-20fd-491a-b529-c26f6a77d1f1,44,Male,181,57,No
0cb8245a-ed6e-405d-b942-0ca20b423496,54,Male,162,44,No
7f565e19-6c95-46dd-a79a-f703ae224816,64,Female,126,91,No
c0190a5c-2d6e-41bd-84e6-1d8c5dad29b9,33,Female,149,76,No
e0ec6eb7-2199-4cf5-b441-79b815e57810,87,Male,128,25,No
a53c4875-eb26-4162-aeee-831ef715b735,48,Female,102,46,No
973805f0-6f91-4f4c-bd8c-f08a06cc6c9e,31,Male,74,78,No
a4d96f4a-2e9b-4784-93ea-911a4c2d1909,18,Male,137,43,No
991552e6-22a0-435e-a474-76d09b996d82,73,Male,60,99,No
c639f9fc-99ae-4bad-b77e-5fd4a77c8e14,19,Female,151,44,No
6d4e1631-dd24-4863-b675-06a90b554239,67,Female,34,42,Yes
f56f9f2b-8512-472d-a8d6-723b406a1063,33,Female,167,59,No
a8eb8859-7506-42b6-a383-4b80c195d8b6,79,Female,30,92,No
6d419296-15ae-4cfa-a2e9-9a2822f9f3fc,32,Male,138,38,No
75ed2f87-480c-49a7-bf57-5b29e7f216af,90,Male,60,3,No
0c6d5abd-76af-4013-b6a8-b9c76d52df29,49,Female,121,75,Yes
a805a906-0545-498b-bfd3-ecfdb3c84fbb,34,Male,70,20,No
88d01388-e7d2-4824-b5bf-9db9841e00c5,27,Female,131,3,No
3023400a-ce39-4e40-9728-8fecfd22166b,89,Female,165,57,No
be170847-7841-4844-94e4-57668bc0a455,72,Male,57,77,No
8ee0ed68-e2e1-4440-9804-2546386510ac,89,Male,113,18,No
0d89e4af-82eb-4a45-991e-fe868a84ea64,55,Male,96,85,No
2395bcb9-faf3-4ce7-a1d4-1f502098e555,23,Male,66,15,Yes
3efa5f66-f6f0-4bc3-946a-c55e92561b9f,77,Male,177,31,No
7d6e3949-faf2-4685-b3d4-64e895a7bb83,57,Female,66,54,No
93980cf8-b9f6-4192-95b8-3aac4e4c0d74,53,Female,38,4,No
52996960-eebb-43d9-8559-937c3a558701,84,Male,195,95,No
be615f9a-2018-48f2-94e7-cc1c73b92f85,71,Male,168,78,No
7a92f46b-8cce-4ef8-8a07-3c6dffbfce1d,65,Male,191,43,No
1ed4a105-4d30-43a7-a6ac-f9957fd0c1c0,43,Male,91,28,No
2953ac34-cf0e-4a2d-abcb-906b5200bfcd,51,Male,165,14,No
a08a9b3d-0f3e-4f9f-bacc-9e71afcca9fe,30,Male,70,91,No
2e857222-b7f4-40b7-8d86-ad2ccd7514d7,39,Male,24,24,Yes
d8a15b72-0a87-4cb8-98ae-4bb3a62249eb,31,Male,93,100,No
51a7c091-f60f-4e46-b8f9-820f3d0503e1,45,Female,140,40,No
1bf534e1-28f6-417e-846d-7ab059791b3d,60,Male,160,30,No
c6c399ab-862d-4a7b-836b-46d2d20baf0b,39,Female,54,91,No
174ee08c-6cec-4064-a1dd-eebed943b0e7,76,Female,26,12,No
f02fa3ba-a464-4987-b412-6b576028f32f,19,Female,189,48,No
ab4b09c6-75c9-4f4f-8f9e-269dd8765f36,76,Female,160,69,No
90b7b8aa-341e-4891-a1fa-7e110f596b07,62,Male,59,32,No
fe380d5a-8c11-4b55-8f67-03c0ec23dc8a,29,Female,168,8,No
d763289f-8798-4931-b7df-7b152f0ce741,89,Male,155,19,No
ffd29b86-ce82-4896-b9f2-748defe60fbc,32,Male,93,89,No
3083aaa0-0f94-41e8-a6ef-e61e9ab9f8e9,90,Female,43,78,No
da1dcafb-2b82-462c-b47a-1c303cb9e39f,87,Male,198,99,No
e9f6fda8-e27b-4c81-8034-e1bfe1e1df95,84,Female,85,28,No
3ec461a0-0e2c-4417-b4ac-1afdfcb0c81f,84,Male,80,92,No
4e04dee5-0afc-46c8-9a54-d1d3b4adbe92,40,Female,159,70,No
478df417-96cb-4e04-b820-ae3a2ccf12db,19,Female,188,65,No
ee7c8322-0a4e-4182-b1c5-c082b808c391,80,Male,77,70,No
cfbd39c6-dea8-4222-abb6-97e458f12947,72,Male,150,12,No
0b827f1a-22b1-4201-8fb6-15547ca79a23,59,Female,135,8,No
eb97535e-b32f-4e7a-b3e3-8a88fd205a7a,67,Female,148,67,No
8dd4ef0b-3a97-423f-9f72-e76801ed8c7d,18,Male,52,70,No
574272bc-6140-4952-9166-13c8007a1905,69,Female,173,77,No
c9967824-b2dc-46e0-a25f-99d60ee395b0,26,Male,37,92,No
ea4a0578-58d1-4429-8421-d01672d75fb5,64,Female,70,60,No
50d2b901-aa37-48b6-8b3a-c75e4448274b,22,Male,41,67,No
0a4167fe-3b8c-4d5c-a756-372acc0a10d8,82,Female,59,96,No
2b942a5d-834a-47b2-8dc1-bfa9b16248a4,32,Male,100,73,No
634b7220-eccd-4b55-aa94-75b4dccc59c7,25,Male,165,14,No
74d65748-03dc-4c6e-ab79-044a9e4f8276,36,Male,66,49,Yes
9d4235c6-f9c2-4bc1-bb01-691f492be870,18,Male,186,81,No
8fbb717b-1aec-45fc-a091-4088c25882c0,88,Female,150,11,No
2dc47c88-3fef-404d-bf93-5e82e3c0f90e,70,Male,42,53,No
af5a87b7-0b3c-4a9d-ab2a-5ace26ae187a,64,Female,120,38,No
aa70c8dd-73e9-474c-85c0-3fa444e1776d,58,Male,125,69,No
37ed6c82-bf02-439f-80da-690f6e6b22f9,30,Male,38,14,No
e62d2e6f-8e6b-44e3-82f8-de040cf5699e,29,Female,183,93,No
906f357c-ad9b-4b0f-b4fc-1ec551869870,49,Female,183,7,No
23c88cbc-c3c3-47bc-9476-4af2e38dd268,21,Female,72,84,Yes
49b40e79-65bb-45ef-801c-8cc2c804e329,66,Male,32,2,No
62375353-92d3-45d1-91e5-5ac768fa6634,75,Female,50,35,No
bbdc196f-e54f-4ae3-8df4-e095b2fa8f16,86,Female,160,49,No
80abe65b-6fe7-47f3-ab4d-abdec4fa6908,73,Female,35,42,No
b4da76ba-4d56-4bcc-ac2d-6dda94ef2643,50,Male,107,25,No
e636f79a-96b1-4799-bd45-b371ece1ca66,63,Male,99,51,No
9078d828-f299-4ae5-be57-b8c72cf1226c,41,Male,113,55,Yes
a052fa2a-e89a-4497-a27d-a9c186d5f375,63,Female,168,77,No
0fca10da-39d7-4ada-8168-7b676029df01,46,Female,21,11,No
1c96c198-d249-419d-9d1e-d7e3723cc068,51,Female,92,60,No
75667ebb-553e-4c14-ab2b-a12c04ffd01d,23,Male,174,76,No
75cf899b-18a4-44eb-ab67-08837e0ac981,89,Male,176,79,No
f72b107b-319e-415c-9c10-c743f6b271ed,76,Male,56,85,No
6aae3898-a3e9-451d-90ac-23d5546bf88b,59,Female,161,53,No
1b886e22-fd34-40f7-bfcb-6a4f3383c358,41,Male,75,90,No
a945dda9-eeda-457d-9835-fa83eba56c4f,62,Male,145,55,No
be5856c7-3377-4e28-8e92-bf9afa687588,85,Female,41,5,No
987501ab-e1aa-4adf-bc6e-8220db6a297a,35,Female,35,94,No
bd814d88-2a64-49bc-9fdb-e0145c03598e,38,Male,23,85,No
859cbbe4-d0f6-44f9-9296-7d3f45108909,49,Male,27,43,Yes
83e2323e-887e-4327-87b7-707a087d0204,64,Female,50,69,No
006e329c-631a-4c48-b53a-e7b0c6a4eaf3,42,Female,50,39,No
1c6618b0-4855-45db-a6b9-9c705e2c1ab4,65,Female,61,59,No
0e0cca23-9afe-426d-ac65-e75ee8d6493b,81,Male,182,9,No
310e79af-d7f5-4858-a272-07f3e9d7459c,77,Female,76,21,No
dd8b3218-05b5-458d-8ba5-f6bc0efb9459,27,Male,31,52,Yes
6bc20010-091f-40ca-97b2-6a88242dbe6a,48,Male,81,98,No
ee4d02d5-f57c-4108-924f-b04572a8f2fc,40,Female,114,13,Yes
b7c9fe4a-7c7d-475e-be78-e24a42557b09,90,Male,150,37,No
0defd65a-fdcc-4446-9c4a-19db354fb41a,63,Male,73,7,No
4dbb441f-0c00-4c71-a631-a156aacf8b69,49,Female,95,16,No
7481d4a6-f38a-4fa9-bcc0-4cdf7d658c19,53,Male,112,66,No
7ac757a0-e0c7-46c9-99d6-d32cc3abc121,45,Male,59,73,No
f11b37ae-f06c-4cdc-801d-2b5b34a0a1fd,44,Male,61,5,No
1e6f6ada-6b28-459f-82f9-3acb5982af83,52,Male,144,87,No
41ef0990-85f5-4061-ab03-2bb3e2cdfb86,40,Male,112,15,Yes
10135303-2a0a-4031-bc5d-be972537037d,41,Female,123,87,Yes
c3ec6ae6-577d-4214-9ccb-227f1bd97ec9,84,Male,115,4,No
5cb774f1-cf22-4fd0-8782-93b8056f387d,33,Male,176,21,No
8461704a-a8f0-4a91-8851-814fd6d28bcb,82,Female,164,92,No
ee82c4cf-55b5-4437-97ba-280fd1c6277c,90,Female,82,5,No
c0898f6a-28ac-4631-8ef1-e111828484b8,46,Male,160,4,No
b1fcc64f-e0d5-4946-a304-5b54aa8c5d40,43,Female,116,2,No
460db1d1-445e-49b6-92f1-e00553e64978,81,Female,39,62,No
08bb1369-efde-4d39-87f7-9aa83bdc55fa,29,Male,140,69,No
9046984d-7b52-4cfc-a6bd-bb66ec904b68,40,Female,109,93,No
6dfa0a99-e5d2-401f-b24d-e97234c99111,37,Male,151,37,No
7f836de3-68ee-4ca9-b7de-f6990c1fa14c,75,Female,189,57,No
2e7a4b7c-ca69-4838-b962-9fa4df5b47d9,34,Male,146,95,No
ad1c5de8-1d52-4ec0-a927-c981edf10363,55,Male,154,26,No
8746f2a7-55d0-4997-bf93-e0ed1b2ca13d,78,Male,95,6,No
5d5bd22b-ebcb-468d-863e-8f304f361889,86,Male,111,80,No
12a374ed-c2c0-47fd-a863-d3142a6ca42d,74,Female,55,7,No
2c192473-7ae0-4c15-a5fe-c36285fc7d77,46,Female,31,13,Yes
46d1cd70-7dbc-4326-9aab-0ea64882e5d7,83,Male,31,10,No
ec1b6b04-eac2-4e01-827d-d2f9d960bf77,38,Male,56,52,No
7131b222-3e39-4bcb-ad47-31cc99485fef,68,Female,166,94,No
bf1dca65-6626-4ac6-86f2-a3e7c1a18862,79,Female,101,31,No
4ff3270a-8395-46a6-b475-fd05d51f1a93,48,Male,112,13,Yes
47449c12-a885-44f6-b210-233a584b8ef3,34,Male,114,15,No
9656222c-950c-40a9-981a-4aba7ae6ea2c,63,Female,148,1,No
4dbda48e-2e00-48f0-b597-3d80e2b51c37,46,Male,135,61,No
9b799baf-6aa6-477b-8c67-2582bc27e908,50,Male,168,66,No
018dda6c-d6ea-4d4b-8980-a7ed0022d9d1,71,Male,57,17,No
7732c659-e397-4780-9c5c-f93e0480055f,85,Female,90,98,No
c8e0e9e3-d60e-4a97-91c2-54c3f9fcaed8,75,Male,65,13,No
ad65888d-180c-4a6b-807f-4defbeb3f526,30,Male,27,44,No
5cc7b992-e97e-4d2b-a508-e9639d3a2642,75,Female,33,96,No
a3a48b42-d701-471b-aef9-7e444e2a687e,65,Male,48,72,No
a989d19b-32d7-452f-976a-4b7f0f34ff31,18,Male,155,97,No
b2dad626-4356-4b3a-96a9-83276074eb83,49,Male,78,95,No
cb0fb94a-53d4-47b9-ad58-dd67c16f5469,78,Male,103,29,No
2431a672-f2d8-47a7-a5d2-1159afa572a0,25,Female,69,18,Yes
199de365-5cef-4be6-bd8f-ad8097a29fbb,43,Female,162,85,No
69182da9-9538-460e-9f62-23feae7df985,74,Male,87,22,No
b9b1f7fd-a5ca-48a4-b8fd-497ef486edb1,43,Male,29,16,Yes
bfa2ce82-6c2d-4998-b6b1-5f115fe7a686,76,Female,128,38,No
fd935c3a-940e-429b-a11e-459291622a56,44,Male,53,60,No
54af0d5e-3dbd-42f9-a21f-46ecf50b8682,25,Male,123,51,Yes
a2bebdbf-2bd2-468b-a805-edcd9a11803f,36,Female,143,61,No
48a45931-b431-40d6-bc5c-c1f3f0c4968b,66,Male,32,57,Yes
39b18789-42b6-43c5-9588-2cf98e6b6432,59,Male,126,54,No
cfa100c0-764c-441a-b065-ef829ad85a05,88,Female,183,88,No
a82078e8-eca9-4772-952e-449ccd113f2e,60,Male,70,51,Yes
efa28f9e-72e0-4636-9e13-0a01d3f836fa,30,Male,188,2,No
77242586-d390-49e6-ac31-874ee625e9a4,61,Male,95,73,No
16670faa-cae5-467e-a8a0-63e1548b9090,45,Female,41,40,No
28028afd-d566-4ecc-a8d3-fcff44ed92fb,41,Male,180,11,No
603f10bc-50de-47f7-a93a-778cb3c0fd4b,20,Female,190,96,No
60523e5e-5605-408d-9c21-f1ac2822ba43,52,Female,28,12,No
8749c8f9-f1c2-4a07-a203-d75a2d5ecaf6,86,Male,69,51,No
688df0ed-bd81-4956-9308-604fcb9c3262,21,Male,66,36,No
aa56f6c9-8415-4a7f-b5e2-a41f600a4fd7,81,Male,174,92,No
445af05f-12ee-4e4c-8e1e-0657ab22b28d,31,Male,191,14,No
bec62aeb-8d81-474c-b602-a817ddf6f2aa,81,Female,48,66,No
0ad1892b-4b33-4961-a8b4-5808503aabd1,56,Female,145,17,No
21c0b65c-44ec-4998-883b-7dd1810872a9,23,Female,196,80,No
b83c3c36-cbee-4dbe-8d63-b7c3aa9ae28e,64,Female,109,29,No
15882dff-3e42-44a6-beb1-e764c3ff752c,90,Male,147,78,No
ed022725-bf3e-45e5-b80c-05ac81fee5d5,44,Male,38,38,No
74bcf30a-4de9-4622-a505-fc44acb86e53,18,Female,151,62,No
79d31269-e7e6-4d60-a493-d302346a8eed,77,Male,71,14,No
49bf1117-631a-4752-be25-0ac6d6dd0ea4,29,Female,63,93,No
520234d1-3996-49aa-a370-8ad4527ad590,59,Female,158,41,No
2c9ddb43-9d62-437a-b50f-ace4ce1a55c2,60,Male,168,17,No
4ad320d2-0faf-41af-8df3-2161c7e0296d,46,Male,180,49,No
e9cdc280-78f3-47bd-b7ff-718608d4a32f,34,Male,195,23,No
5837eabc-c39f-4ffd-a3cd-caefab887980,76,Male,54,52,No
c72189cd-80bf-4792-b89b-6f4ca2447229,28,Female,116,22,Yes
405e389c-adb7-4fee-a7e0-388231c5921c,71,Male,176,11,No
6c99d8ed-e43e-4919-8462-b24e68adfcea,53,Female,195,8,No
7de4c766-2926-4b45-851a-153caaec622c,85,Male,110,4,No
619703c2-ab16-4b29-8547-dbc552c560a1,34,Male,58,91,No
8c92bfc8-3347-4de7-81e9-e48aee6c4499,29,Female,52,37,No
d0c87ba0-038b-4b39-b87a-40269d916c33,21,Male,89,6,No
96894e06-8adc-4f47-bc3b-762cec43b3e9,42,Male,142,56,No
c5a01845-40e3-44b3-960d-bd711b687702,67,Male,44,18,No
2a05804b-f2c7-4c6c-87c1-87569fe31188,66,Male,99,81,No
d756d8ec-957d-418b-b096-b7f788421de4,89,Male,127,63,No
a732a8d8-3019-4830-aaa8-3f50b12bcfc4,35,Female,21,39,No
567b0a33-c685-4e2a-a5ea-c0737532de8c,50,Female,61,68,No
30cb8047-5870-4ae6-9609-5fc1a435c149,36,Male,169,72,No
c3d56363-7ae6-43b3-8649-9b49c590bb77,53,Male,53,47,No
4ba8b3ce-beda-4da1-a3e5-70cfad7c3892,30,Female,172,5,No
ee640665-78c8-4a5b-be33-62faf23cce59,52,Female,89,77,No
52f8be83-741a-478e-9237-063eb3d6dd43,19,Female,129,5,No
0016d8f9-477c-400c-92e3-39c01f65ea8d,59,Male,88,14,No
5158ae87-e340-49b0-a157-e6e819e681cc,84,Female,25,70,No
c0704604-3541-40d0-bca0-f16b02b4780e,77,Female,185,10,No
6edcde1b-6297-41ac-b7a2-d19fdcb1b35f,75,Female,198,1,No
94d6353f-6c6c-4dfa-aa3f-399da6465262,37,Female,169,67,No
dad463b9-86eb-4054-86b4-f96a62d6bfb1,30,Female,114,60,No
1cad97e9-9e17-44ef-bde1-79552839b225,79,Female,190,80,No
9aafcfe5-c5fe-4aa6-a430-4e8d88cd1417,79,Male,140,49,No
d1bab99a-c7a2-43a8-a29d-72f703a29f84,30,Female,102,50,No
c4a21596-f26b-49bb-9f6e-ddc0d87656b2,41,Male,141,100,No
7208c821-4599-460b-9e3e-92af7172dc8c,52,Female,38,78,Yes
d8f6b616-aa0e-4ccf-ac3a-d3ccc79ec572,72,Female,42,96,No
96a4e41e-3624-4fd3-9413-74a10abc566e,31,Female,146,12,No
e35f2af0-7906-4296-960b-41436be543a3,52,Female,43,89,No
719c2aaa-5061-4398-9d07-06bb1bb9f7d9,57,Male,88,6,No
171dfa86-c2ea-46f0-87b5-d72dc77e9955,28,Female,94,74,No
39ed3bed-1c65-41c5-a4d0-cca251b753ae,57,Male,137,3,No
c9f1bec2-4e81-47ed-af66-ab015aec75cd,71,Female,123,57,Yes
351e03cf-5b6b-4f32-86c4-84dd0c3d07e8,26,Male,109,88,No
bc1bc1b6-bceb-4b39-977e-a2e5447e3715,27,Male,110,91,No
6faafe9f-e929-4137-96cd-32b3183d9fa8,30,Male,84,30,No
464a88f5-c91d-47a7-8b20-ff6edcfe0eca,47,Male,132,63,No
68a75083-ade5-4dbd-9d9e-2932af6bda01,89,Male,38,3,No
87d9e51b-b017-42ac-9192-a80c5ef26fe8,51,Female,154,67,No
fd8b7cdf-78da-4446-b599-c271471a0d14,24,Male,36,44,Yes
ee42b577-2bd6-4ecf-b98d-075d8b4a7866,43,Female,43,29,No
d908d938-f72b-4aa9-8c55-335712c8d302,67,Female,139,85,No
80ef8a5b-1370-4d4b-a675-16c2099ec32c,36,Male,196,20,No
c7f454e2-cfda-40bc-ba1c-bcff7f61ce3e,41,Male,141,70,No
95c4c04f-619a-4615-9895-7afc6171a6a3,54,Female,139,53,No
94175efd-7340-4ef6-acf6-f25ed096bde1,77,Male,116,1,No
0487bb02-ae40-45da-a209-3428400f9290,70,Male,62,86,Yes
b17736d5-0e01-4051-a6ed-a0fad069c7c8,73,Male,71,87,No
581edffc-add1-423d-8f03-22d1d1bab0e7,72,Female,118,63,No
e38826c0-865b-4848-9cbb-40ed965a18b6,28,Female,112,89,No
a69ef19a-0d61-41f7-b680-f891118f5bd4,59,Male,27,3,No
d4b64d57-0b98-431b-8004-fced1da36f15,83,Male,57,15,No
966b20f4-448e-4806-bfb7-203dc2330493,58,Male,168,7,No
ab9ed2a5-92cd-4cdf-bf3a-de0adbe94971,32,Male,20,54,No
6ed5f080-0dff-4564-8ed2-d74ee102c531,51,Male,31,11,No
7dd7673c-c90d-43b9-b8e6-f2d7a1a6ad60,89,Female,165,21,No
4c3f4df8-58ee-4784-8b83-065e7582ded2,51,Male,173,32,No
016ec6c3-4748-461c-983f-d55e29ec8aab,65,Male,120,3,No
132bf014-a58b-4a55-9da9-71b527fb505c,74,Male,169,37,No
d3b52820-427c-4813-ba8b-ccc99326faee,22,Female,200,59,No
7021f5f8-766e-45f5-a214-f4fbbb239f37,53,Male,26,91,No
2bf0c9bd-943c-430a-a275-e41e470ade36,84,Female,48,3,No
7101acf7-e0ef-4f4d-ae9b-b33727537632,78,Female,73,78,No
20f94aac-8d7a-45a9-8cf4-4b3292e4216e,78,Male,106,2,No
a5416e13-7b4d-4b22-b8b7-bb9bd83bf591,60,Male,193,77,No
55893ac6-283a-43f9-aa2d-4f68aa86fa50,63,Male,76,60,No
6c749806-e132-4a2b-8076-211835b89c98,26,Female,60,64,No
25b52e30-5f52-4c35-8e33-0511889f3242,66,Female,92,95,No
e825ce70-60d1-4772-a05d-ebf4e287b0d0,42,Female,104,43,No
211fbdeb-0f19-445d-bf23-324d1098ff2e,38,Female,192,42,No
b86fa914-af65-4818-9595-8635b25373c1,76,Male,135,19,No
0dd159c2-d43c-4f0b-a81c-98895ce29e70,27,Female,62,6,No
fd74bd6f-077b-4401-8732-66bd9011d697,19,Female,83,84,No
133605c3-fbb0-41e1-b3d3-54bd53f334e2,47,Female,26,44,Yes
e90a1a5c-a52f-4d83-8f07-43d2f22fedec,86,Female,141,59,No
194b3148-8e1a-449b-8581-c3913ae40223,23,Male,36,91,No
22db0797-4fd5-46bc-90de-e6fa53b19280,78,Female,25,61,No
dbf918b6-7ba6-4e64-99b9-b9b5eefbfd95,76,Male,143,84,No
ab59cd8a-dc9a-4a10-9df7-88fd22777b57,18,Female,65,27,No
55e106ce-cd8d-4984-8b6d-e3e8a8cc1081,49,Female,59,97,No
b4f411c3-1aa7-4f68-8fe2-497f295f6937,68,Male,156,25,No
ca4eb6d5-c0fd-4b8b-8417-70f4c2506a4f,86,Male,167,51,No
bbe20f7e-ea66-433d-acc8-c2330dc24db6,68,Female,71,30,No
c9bdd118-2e9f-4a2b-b1ae-dd62e2578d7b,21,Female,70,41,No
759f2cfb-0257-4842-95ca-7377e74fcd1b,32,Male,24,68,No
ea5868a4-e0f5-4c6d-a988-7298b0e3db00,32,Female,80,85,No
b148e7e9-4b6d-4efb-a1de-e033f7f10159,79,Male,189,28,No
8efe0afc-05d5-472c-8df4-914eff0aa588,45,Male,199,63,No
d896ccdc-9b87-47de-bcc0-bdfcc62bdf49,75,Female,193,18,No
ed641698-1bea-466e-bfbf-4945a6bdc4d4,58,Male,74,60,No
37ff186d-ec92-4e82-91e5-e9cc67927dac,61,Male,74,14,Yes
625db59c-1a90-4c6e-9277-b9a2ebd7fa36,70,Male,95,15,No
3e92af96-f434-44f0-9a82-a214c0d13b03,20,Male,190,58,No
fb53a389-0d97-42f3-99ec-d3037404c559,50,Female,113,96,No
1ea684cf-3458-452b-a854-8052df1a6d3e,38,Female,142,33,No
729d819e-9518-40d9-9bbd-2ef7f2f91712,33,Female,91,67,No
eeb4ce8b-788b-4261-bd4f-7b959bde6636,86,Male,166,64,No
d52cccff-8b0d-400f-b5af-13b70707a579,39,Female,26,60,No
cb02d5b0-ac13-4e84-bded-9d478f9a8ea3,41,Male,102,51,No
1f3d2e37-c21b-40cd-bc84-e8d2f5345a5d,86,Male,176,29,No
91eaeb1b-2521-44d6-8ea8-53b14ac4a533,34,Male,172,32,No
40b39024-15a0-4ba8-8028-80528b99f631,45,Female,155,68,No
de3757f4-5846-42f1-8405-5e09567b9110,31,Female,148,25,No
33ce2b11-6583-44b8-8c75-2bff289037cb,70,Female,168,55,No
4fcb3d38-be9f-430e-b293-58978f9ae0f8,75,Male,60,67,No
47e34f5c-0d0e-406d-a3b8-869b49a91825,25,Female,87,30,No
e4a37096-725e-4105-b557-e933dfd9c107,48,Female,121,90,No
0bb38774-608b-47ae-9cf4-bffbaec08445,56,Female,200,91,No
37b9d347-0513-45f9-b753-64119bc5f19b,51,Male,131,71,No
9ac9cde3-f2f2-4411-9bf6-f12acc24bec4,35,Female,131,85,No
bc991f92-b7b8-4c81-aff2-b453dbb026f8,62,Male,103,98,No
c8b2f6a3-9f72-4803-a05c-6d71cedcf8fc,63,Female,147,55,No
b738ae86-5d7e-4087-b688-8fabaed54242,72,Female,152,25,No
ed71f8f2-e7ad-4e09-b83a-ea1c0793db27,63,Male,141,57,No
af8c6e0e-8f23-41a5-977a-a7144a39efcd,47,Male,62,82,Yes
46d2a443-eb57-420a-b9d3-89748df497a4,21,Female,150,3,No
17f368e7-3b27-42c9-b918-13254a03afb3,39,Male,131,26,No
092da456-fcc9-49b4-96bb-014138f92a5f,90,Male,176,76,No
08864503-984e-4753-afdc-0edc297a1f6c,63,Female,146,92,No
93bcb839-32e4-4e39-847b-b7c88d744516,77,Female,75,92,No
453d77af-a7a8-46b9-a57a-a2c27b8aa50d,74,Male,76,4,No
72f4cacb-8960-4d2e-8c2f-d373ecd21a9c,44,Male,94,16,No
faaf02bd-5c95-4cae-b20e-0ff12082fb20,35,Male,108,56,No
98dbe9ce-4ab4-40cc-8f9b-02caeebb9d5e,50,Female,74,53,Yes
292c2eae-d346-4d04-b6cb-70e5aaaf7399,54,Female,98,63,No
a605195d-05fe-41c3-84b7-9c0672e74c61,76,Male,171,13,No
e241555c-385b-4341-90f2-0a13d9169684,19,Female,191,8,No
4eb7d119-72b7-4a36-b349-fb97e364c3cd,38,Female,65,81,Yes
557b3286-eb76-4452-8ac9-57d30b7ef57a,82,Male,191,76,No
ce5f0796-cc48-469b-86e7-cde8210755fb,46,Female,44,34,No
5029be7d-2bff-4616-8b85-f6a4703e4fae,50,Female,77,9,No
378ab098-0878-4e90-b383-dec2c5fac080,75,Male,194,63,No
039277dc-54c7-4f15-8206-a71656afc1b6,78,Male,27,79,No
838d5b64-3ab5-4c5c-9c3a-b3a7a5a9a5c6,89,Male,99,85,No
7fdf91e4-048f-4987-bea5-a4a2a537818d,18,Male,78,1,No
de230c38-fa00-40c0-baae-556660382ce3,74,Female,33,92,No
f3ef2131-e2ec-4fea-9300-50bccdd8e143,63,Male,172,82,No
187a21a7-e868-4dca-875c-2462327f8622,74,Male,136,66,No
2273a438-0bcb-4650-997d-0d504c33d15c,65,Female,126,16,Yes
821a4a0e-e0d2-4ad6-aba7-a85bcd04dd4b,22,Male,81,90,No
a8bbef53-ee92-48dc-9d22-b71ba86a0608,74,Male,189,78,No
0b834c85-7d5c-48dd-aa63-a6de67b7488e,50,Male,87,65,No
d16d2b9e-48cd-4014-8326-ef32be6a54a4,66,Female,28,51,Yes
cf3da3d0-993c-49b3-a783-15dbd4840101,69,Female,182,97,No
11e5600d-35ec-434a-bb27-184cbc0e0c6e,34,Male,192,1,No
68d23e3d-fee3-4b13-a8d0-b0ee23f4c4ba,44,Male,182,18,No
4c3d5b47-b985-45a7-8c32-40dd8e9a54d6,55,Male,175,8,No
9f8c136e-fda4-4747-b890-6948f239cf15,84,Female,101,41,No
b14d0546-b35f-40fd-b6b2-05418e7832ec,80,Female,72,57,No
52dbc5e4-b3e5-4df9-88ea-1c1ff1cc31d4,75,Male,35,30,No
1f8b9c5e-b06c-44bc-99f9-47cae6886094,53,Male,170,96,No
196d5cc6-7a16-4d5a-a7a3-cd554cbade5c,62,Male,41,45,Yes
e34dac07-aa87-40c9-bbb6-6d36fcf13663,86,Male,122,74,No
bc41a897-c217-48e1-8a79-304376daa945,24,Female,144,5,No
3cdc4152-7ae1-4389-8216-28c8c98c95cb,70,Female,64,78,Yes
f0357a96-d216-42d0-83f9-50f59bae65b5,70,Female,126,15,Yes
d025e8ca-1a37-43f3-b829-87c7d1cdfd3d,73,Male,54,85,No
d0fd9fe9-2f5d-45ec-a8b4-0b0c0c1b661e,89,Male,103,57,No
e3f46c18-de61-40e6-9561-8bca96d07b94,34,Female,144,32,No
d63fd05c-b9a2-4811-81c2-68f416a671bd,86,Male,110,61,No
350a82b0-11a9-4f5a-a27c-e2f61b2d0f71,72,Female,190,49,No
2e4353ae-c708-42de-a9b1-010943cb8c38,34,Male,91,8,No
82d061f6-8bb3-49ad-8a57-09dc00014ca6,75,Male,49,42,No
6703f33b-9839-4025-bff5-6d05f3c2f9ff,27,Male,186,18,No
f3432f13-ba8f-4eb1-a4fa-5129424b3b60,58,Male,35,12,No
f49a8080-3e2f-47b4-b794-f3143d9bb72e,71,Male,141,71,No
ba0e5f5e-a784-4c83-ba13-419da3b85ad8,47,Male,128,41,No
cadc7413-ac16-47fa-bf21-c8a2c0984e24,24,Male,184,47,No
6e19ebd3-c14f-4d4e-98e2-3d2c37f9d903,24,Female,139,7,No
a1b5e7f5-d9a2-4397-b622-f8242ed997cd,57,Male,134,34,No
a3bc7606-24a5-4790-9d02-5de6eccd62b8,69,Male,49,31,No
da15598f-e408-4d91-a95e-715a028d58d5,85,Female,37,20,No
39b45286-6d70-4783-8670-f4bad2ef41a5,66,Male,175,51,No
244206c1-4040-474e-b60a-220b3c2a6d88,70,Male,85,50,No
4ca76722-8e4a-4e59-ae30-31ce5a8541b5,56,Male,59,66,No
7f29be4a-2ab2-4042-9dcf-984a730fdce1,81,Male,66,74,No
25e44643-e250-4a8d-8658-426155ed3347,77,Male,31,98,No
0d2265bb-e8a4-4161-8c6b-cd7c908b35e8,33,Male,30,63,No
f3670c26-72cf-4aab-8c19-75dcba0f9d7b,35,Male,110,24,No
26e64397-6de5-4c95-b9c4-ccdac3c96fe1,33,Female,158,77,No
4c9a1e7c-99e0-4316-8931-a2fd715da1ff,22,Female,160,56,No
5ab5397f-1678-43ea-b03c-7265167c4a58,88,Female,120,24,No
d578afbf-1c8e-4f2a-8260-62027160f592,61,Male,57,85,No
3fc00cc9-884e-42c4-b73d-bd357e4af02f,78,Female,55,72,No
805097a3-ecc1-4957-aa64-cae0befc6ada,83,Male,174,45,No
b7f5d1cb-7994-439b-b76e-4094c6296ddf,49,Male,26,56,Yes
751dbdc7-f5fb-469f-8c62-207d5eaaedd2,64,Female,138,83,No
754e55df-67a2-4cd4-bdc8-fdf54da0f866,26,Female,37,27,Yes
0dd04cda-a9b2-4980-96be-370e88acac65,43,Female,47,64,No
27c14390-4aaf-42d7-b747-4e48c9da6b1e,47,Male,30,73,Yes
a1fdd0e5-9606-455e-a400-d13093f66a00,34,Female,181,12,No
2ae87fed-c030-44ac-823c-40d5725c8955,62,Male,150,76,No
5726be98-f86a-4590-8911-d3bdd67d7901,83,Female,142,55,No
d89195b3-405e-4008-ad3f-7e7c335042c2,23,Female,145,18,No
f448c5ab-3810-47c2-814e-3dde55a883a2,26,Male,70,30,No
a79912ff-7b03-4efa-ba30-9b1610d69571,22,Female,159,93,No
91020f8a-baf8-4a85-8b72-6beaccb1a5c8,86,Female,162,16,No
63078c8e-8cd6-483c-9750-4894d4d7d08e,75,Female,93,66,No
f993d429-df5e-4482-95a3-7be976919ec4,77,Male,111,43,No
e67bcf01-5cd2-4fbe-b24f-7ad896048f46,41,Male,181,45,No
ecd62dba-5735-4f84-aa07-4e84dc687444,90,Female,89,65,No
d63f3c41-b848-4b9a-b4aa-8ec1f721ca75,54,Male,181,35,No
94e2df21-a263-4940-bb89-95ecabae16e4,56,Female,158,43,No
896493c6-6dab-4b2f-9ab1-b0c253e92682,73,Male,40,39,No
7ed75857-a2c2-4149-a9c1-f3f3451a6fab,26,Female,140,1,No
a36b122f-7d54-4498-ac3a-0b02da17fd49,58,Female,114,90,No
f8deee7f-d03b-4402-8e83-677ed719f872,74,Female,121,84,No
dae9914e-5c99-496e-9a95-93bcb6f8137c,30,Male,163,55,No
a97fdc05-910e-40a0-a8da-243b64c60664,33,Female,156,66,No
31f5ba76-58ef-4b07-a2f2-2fe29835a17d,81,Male,107,54,No
477841fb-1d9b-4d72-8204-f72870d45015,37,Female,136,42,No
bb3cb581-7f2a-4882-8294-c4a09331b63f,60,Male,48,24,No
c8278f2f-e44a-487b-ac1b-dd05695210c9,31,Male,132,26,No
d69341a4-8016-4b8a-80d2-9f2d9305ddad,58,Male,58,38,No
8fa83b19-6432-487c-bfe2-b0d14315a74b,35,Female,34,43,No
f8f2cf17-ab92-446e-84d3-4e45c553ab7a,25,Male,95,19,No
53270789-8f29-4ee1-8f66-8817b520c33a,21,Male,24,43,Yes
df16b835-ccda-4d24-b801-4a3b811414ad,76,Female,46,22,No
1889c8e6-888e-4f86-a015-086bdfed31df,53,Male,160,52,No
ba024f80-86c0-453b-ab44-32627bf1d53b,31,Female,64,63,No
589c49ed-9de3-4ee2-ae34-be572ee40b53,56,Male,111,11,No
6585411b-a4bc-443e-a1c2-5c105894b403,52,Female,86,99,No
52f902b3-b0d4-44de-a8c8-a7b7ac368c3e,32,Female,107,36,No
b965a823-7056-4e6f-b3b7-d43f8cafd23c,46,Female,75,17,Yes
fd100374-927d-410e-b72d-2f17ecc89020,37,Male,59,61,No
a4e8bae2-3a90-486e-b9a7-2c79c647004e,78,Female,103,49,No
3a1e43a8-4b7b-4f01-8597-6073d7cc65f7,34,Male,199,91,No
46d1b44b-c8ac-4950-a637-867f41c2ef58,42,Female,33,91,No
9a441349-0b54-450f-b2c7-0244acdcfa8b,25,Female,161,100,No
404336a8-94e6-48d5-bebb-adb76f8497ea,21,Male,120,78,Yes
ba168e15-190a-4c1c-a8c0-b24398d2583d,71,Female,82,78,No
95f63f69-c559-4f19-8675-6fd1caeccdc1,53,Female,69,22,Yes
e378d537-6149-434b-b768-3dd071a6063f,68,Female,118,7,No
f750e57b-1e1a-4f98-9f32-04d3e0551d86,35,Female,170,9,No
1888514a-4724-44dd-87a1-d4f2149d99c8,18,Female,143,2,No
cc6950f0-7bea-4a5e-a8cd-8dd1a6c3d333,31,Female,114,6,No
c803b605-c574-4dc5-b09b-0223a3c6ded9,68,Male,123,12,Yes
33e18095-88c3-4980-ab36-2a306c867f28,69,Female,150,43,No
24924399-abb5-447c-bb6f-f03495ed8298,58,Female,189,33,No
d96d1382-b85c-4dc4-85c7-35f75880b937,72,Female,162,85,No
37a62a59-c52d-4af5-9fb2-b690355187ec,51,Female,194,59,No
30fac779-cfbf-4488-bf20-06ce7ec6cf35,20,Female,130,87,No
d3524640-9d0f-4268-9430-86e261322021,83,Female,134,78,No
53f8cd18-fa27-4f21-ad25-57c491ec52c7,47,Male,123,99,No
a8942e16-600c-44fa-aa1b-1facacb1a1cd,60,Female,91,26,No
6b8b61ae-df40-4ede-a8d2-fc9251166078,31,Female,196,77,No
45527a41-9fca-43db-a098-c6408ba2faeb,40,Male,48,12,No
1dfcafaf-553e-4ed9-9f2c-a2f1865b87b0,21,Male,93,41,No
4fd6f20e-3d45-469f-b5ba-b5392177c214,86,Female,76,97,No
54734a76-e8a7-4fdf-b3e3-b770bd4c355f,43,Female,80,71,No
ba7091cb-3823-45ac-ace2-5f30bdf1c3e5,25,Female,184,60,No
b81e5a2a-e830-4069-8ff9-5d377b09760a,30,Male,136,79,No
e93187bd-2dba-4364-9aac-88703d762124,50,Male,58,88,No
b4a9ef73-579b-4ff6-8de0-3a6c4612e2dc,50,Female,166,44,No
f31fc82f-b632-467b-90f0-08bc81145452,45,Male,98,18,No
9c36b68b-453b-43ff-8734-a73480bd7997,77,Female,43,100,No
13f1b809-79b3-424a-ac05-d0c4b2c0bb7f,61,Male,84,19,No
9bc5328b-0d2f-45c0-9eef-029281371864,80,Male,144,14,No
351aa337-133f-4434-95db-a28edd25a66f,78,Female,54,14,No
a5d13f03-68fd-4b57-a814-0131275ed361,26,Male,59,72,No
ab9de0ed-d6e4-468a-99d1-6d6c41a3ed96,72,Male,162,97,No
1b78ff63-f21a-487f-9294-9d4bff22bc31,21,Female,129,61,No
617edf51-b1d5-4fdf-9c32-03c1adff3d89,49,Male,165,74,No
6df543c3-f40c-4ece-9ae5-2073b035c079,29,Male,163,22,No
c148ede8-7db8-4ac7-819d-993170874c9a,83,Female,138,19,No
f5e8b700-fba2-4c13-b0e4-2dccea6beff5,76,Male,60,84,No
46479d9d-4d13-455c-84cd-c031bfc826bb,51,Male,142,27,No
b02457c1-a2f0-4b1e-a8d5-a20e2fec7a28,46,Female,119,28,Yes
9bd60480-4b80-480a-b501-2de4ca776a95,34,Male,79,13,No
877356d1-0dd6-4604-846b-3e4b20f2b8b6,32,Female,118,9,No
7f7c3334-696c-45ed-bca9-819a84b7ffd1,62,Male,51,5,No
0fac2b9c-3093-46a5-846e-39c42d3cc2af,50,Male,180,50,No
3d444b53-a752-4ffb-9c0c-4ac0bf0506c1,68,Male,53,100,No
5ffab046-e11b-4801-bd1c-b8af3bda168f,84,Male,187,57,No
5d171284-ec85-4fc0-9bfa-1505fdb72903,20,Female,191,10,No
4a600821-cb00-47ef-8af4-c6584afdd43a,86,Female,73,70,No
f33d44f1-e323-47f1-b64a-927023f1f5c8,29,Male,122,65,No
f26da73d-1004-4839-bc0c-7ca2f4977cc3,29,Female,168,50,No
b360b1da-ec8a-4d9a-913b-891339011f19,40,Male,175,69,No
17b1c1ab-9a8d-4e1b-ae01-475224844532,89,Male,154,78,No
8d1f1439-b8da-437e-bb5a-3d06798ae892,77,Female,151,73,No
3b447f2e-00b8-4439-8627-6946fe848328,83,Female,196,74,No
8a494a1c-db74-47aa-bbc5-d619999adfe8,86,Male,49,17,No
857339af-625f-4cab-b6dc-efe55e1ad472,35,Male,50,23,No
dfb1240d-49d8-4065-badc-7b4b055b5c54,27,Male,49,18,No
b423c093-24f3-46a4-a0f7-082a0d8d0ab7,71,Male,59,40,No
cbea498c-ef28-4589-84b3-92f4b0cfb801,50,Male,86,35,No
4981f71d-bfa2-480c-b3c2-ec20e9f1539e,71,Male,190,51,No
7369e9da-2fab-4662-a1a1-ea3530bb7469,87,Female,125,75,No
665cd864-705a-48b5-b327-02e84cf57923,89,Male,164,83,No
37a09231-a2d6-469a-92d6-19f9c71a9f9c,75,Male,80,6,No
040abfdb-4827-44b9-8191-b719cdd27f81,56,Female,49,44,No
7d7e2169-e2fb-4078-a5b0-c220f2588c4a,39,Male,21,81,Yes
9423b429-1505-4b91-8d6c-e82bee8f8f75,78,Female,95,19,No
9482200f-d3d4-4283-8dfe-721ecc440ae2,72,Female,44,25,No
1173b9c2-6f35-4434-9d04-2021c5fff700,86,Male,135,14,No
81d5aff5-880a-4d6c-be81-81cf353d9069,87,Female,34,48,No
892482d2-69ec-43b9-85e3-798379687085,57,Female,92,39,No
86780be3-306f-49fe-b6a0-a21cc3f2ef8e,31,Female,69,14,No
55e5de7a-482e-4819-aea6-847cef2712fa,85,Female,51,67,No
8fb72ba6-e488-4ab7-8a50-c52d091fdcc8,18,Male,98,60,No
a2c73b34-c565-472e-aa2a-e9afc8b28ba2,77,Male,139,36,No
19e26376-a810-4025-ade9-de17c077b313,21,Female,142,38,No
83b407bb-92bd-44bc-88fc-3ec843c1a420,80,Female,24,96,No
39fa8b24-03d2-4ca7-8f4b-0ed12c497657,53,Male,123,19,Yes
45c8bf2c-b6d0-452f-b930-0a4bfacb4dfe,79,Female,66,21,No
1acd055a-ab29-457e-a4c2-b1558132561e,58,Female,80,44,No
45b95d80-21f9-4f27-a7d5-e67e32aea7bd,63,Female,68,52,Yes
7848a39b-42ad-4bec-864e-5b8b5ede3453,90,Female,39,6,No
245314d1-69c7-40ca-bca5-4f58ae2afc36,76,Female,58,9,No
301e0c3f-1c5b-4e74-b952-5bd5c5783d2c,27,Female,63,45,Yes
0720ed57-0d79-403b-bc23-7fdc9844b254,45,Male,120,7,No
cd515217-c4e9-4b54-aecd-9e3d71b4f27b,48,Female,177,24,No
8f4d3cea-614f-4184-91e4-1ecb83d85eaa,33,Male,158,22,No
8be38cd4-cd91-4165-bffd-ba02ed9638cc,47,Male,121,52,Yes
99b61486-fbd1-46ac-a6d5-fb7b7a0e4970,74,Female,182,42,No
1603d3d2-c082-4d2e-a788-cc5be89f912e,81,Female,74,28,No
fc493338-7e63-440d-8675-9e20a612be6e,55,Male,97,92,No
f1f729cc-0cd7-4fe0-9679-848714b29c6f,71,Male,189,83,No
0c71d358-acbe-40d5-862e-fcbdf1ecbdca,67,Male,198,65,No
10774dcb-8023-44de-aca7-4c6db1c0d638,24,Female,85,8,No
a3e2c90c-04de-4bde-a778-0da82ad61592,54,Female,34,71,No
bc41cc91-4e5a-4442-9710-ad0ef563c761,21,Female,42,52,Yes
57924640-b608-4bdc-a250-787ae025623e,38,Male,89,77,No
7bf26140-6f9a-480d-9f67-5afc1d2be7fb,42,Female,141,8,No
67e64576-680a-4bbb-94b4-e8f8d706dbfa,46,Male,151,72,No
6339a2c0-6300-4db0-ac2d-502f6d0938c0,83,Female,153,48,No
d409d6a4-95bb-4bc9-890c-237c731a2bf9,86,Male,134,30,No
9167c9d1-649b-42ad-9674-a4b3ffb0d969,79,Male,165,38,No
e385ce12-04c3-469a-8280-25e9c334dfc3,27,Male,170,42,No
95c8db8d-ddf6-4f49-84f4-275f9bd979f6,57,Female,72,83,No
c091bdf6-2204-48c9-a50f-9955163440e3,51,Female,195,38,No
28dbda2e-fdc4-4ed5-a53c-892ca73a4c59,19,Female,180,71,No
279338b7-f558-4ad1-94fc-8aeb57845cb0,42,Male,25,17,Yes
c13c3f16-b3a4-47b9-8b50-fca9a5fb287b,20,Male,132,69,No
49af3de5-23c8-4967-b449-c15ca51e08c6,38,Male,126,95,No
8ccfa3e0-a7ad-4ac8-9fa3-c12efa959e6f,83,Female,172,10,No
0ce16e9d-d23b-4099-876c-47e0ac81d20c,39,Male,191,7,No
d820f518-5efa-4371-9f7d-7f8c1c7b4a1c,23,Female,104,60,No
ec65a31f-64b5-4c7f-b831-7f990298e9fa,59,Female,182,33,No
bd48e93a-5189-4fc3-9276-f8520dca955c,72,Female,127,89,No
c8f18f9d-0a34-42f7-8465-2875563fda5d,36,Male,148,46,No
d4fb4042-6f2a-4358-bd8c-354b18577ef0,35,Male,117,80,No
5853fc18-5c79-4c67-ab6c-83063c993134,36,Male,157,72,No
fac43242-c79d-4f84-ae75-81c6c13de98f,55,Male,92,7,No
18b9560e-ef9b-43d6-9669-fd2c5c29fd92,86,Female,157,42,No
936cb0e0-937b-48a9-ad9c-ba6b0c8e9853,75,Male,190,8,No
891c3834-c099-4094-b879-1728a59c1886,21,Male,184,80,No
28a7987e-4d27-4c78-ba47-602dc0051bc0,73,Male,21,82,No
a3dc320c-ab7b-40e3-9021-1101de74e7c1,69,Male,103,9,No
4511e45c-f219-4dbb-b07e-47ac82689c6c,56,Male,127,56,No
4121f10c-2958-46b5-bb81-340b9325aeac,49,Male,119,1,No
9915d037-ed00-43bb-ab1d-73e3df6a61a1,39,Male,164,31,No
ac00dc6f-4038-4120-8f64-f43ad03bfcc1,42,Male,180,39,No
22244611-a14e-4cae-bbfe-b3d7981f3cb5,21,Male,171,28,No
d6d1bde1-500f-45b8-b47b-d977e34f1c82,28,Male,189,24,No
d99a5e77-5bf0-4231-b4b6-ea5b58b3fff2,84,Female,87,21,No
d4beb366-1b53-4bf8-93b4-95bc65cdf7ff,33,Male,122,14,No
8218f3fd-9e8f-4823-add0-91efc71a83ad,36,Female,25,1,No
5d6850f5-4f82-4ea8-a4c3-7f3aa5d83eac,85,Male,104,45,No
a8c1c393-4737-4dea-bd4a-6ffdc54699a7,31,Female,53,14,No
3640f506-a9e8-4f1a-8e63-936d92df08b2,78,Female,125,34,No
65a39592-0f80-40d3-9f6c-7646cb036461,87,Male,31,19,No
42c51404-d1a4-497a-a9e8-a7a3ff23fc28,32,Female,116,63,No
ffe083a4-ad6d-4d51-a68e-3c4bd7b40969,40,Male,182,73,No
545aecba-faca-48fe-955d-758ef46dfc65,33,Female,182,46,No
12a4dd62-45e6-4dee-8c22-ecf03bb76508,65,Female,135,24,No
ae4abfd9-be7c-46c9-8e46-7157fda6c4e3,50,Male,106,29,No
f39aa20f-314f-4296-8ecc-082280514e48,23,Female,152,29,No
e29429f7-3888-4561-8dbe-704f8e8540aa,22,Female,60,65,No
9bdce1c9-af60-4111-b1f2-f1138430f923,30,Female,31,57,No
0f7feadc-1a72-48e5-8ea2-de6cea8d91ef,46,Female,154,43,No
82ba7c9a-9fad-4ca0-8407-f70cf22a1f6a,51,Male,22,33,No
a67ae12f-c116-4def-b101-5ac7fa5388b9,26,Male,147,52,No
14112864-fb0e-448b-b030-ad4272363287,33,Male,196,65,No
68eea37f-9066-4128-a478-d20767bda06f,56,Female,134,30,No
56ebb761-8d55-4c74-b426-fbf71fff31ed,31,Female,96,89,No
ebaecfdc-c77c-4dfd-ae5b-4d884e4193ad,20,Male,63,56,Yes
3246beaa-1b8f-4d51-95fe-bb23b6171671,57,Male,94,39,No
ef2f70f5-8200-49f5-8432-0e2c8e0573a2,60,Female,128,33,No
2072f0cb-1883-42d5-b69d-a038db6c3712,18,Male,126,36,No
076e13ab-069a-43f6-9715-f8820438e923,39,Male,116,23,Yes
655a0d40-4f2a-4012-b940-5cc6a5aa01b4,54,Male,104,12,No
d17106bd-5b8b-469a-ac08-e70fa1e0c025,86,Male,31,49,No
8900a200-fd1f-420d-a05d-29ddfec8acb7,42,Female,26,43,Yes
7b403bd3-bcfa-4dea-b9c4-6745f202adab,87,Male,109,31,No
9bd15ac9-1b85-4113-b81e-f44bf701ad39,53,Female,119,64,No
9cbfafa3-cfb4-4518-8186-b3fba0ddb073,31,Female,194,27,No
82eb466d-813f-4329-9e01-2b4d7f6c4a01,86,Female,163,74,No
b81665aa-0328-4545-9ca9-e24877e72c9c,59,Male,56,99,No
a948d6d6-90cf-46d4-b3c7-14fc08582bcf,62,Female,54,35,No
82daa76a-d260-42b4-9cd8-af34d0667915,44,Male,198,50,No
2ec16c77-5388-4d67-b2f3-122c639742e9,41,Female,66,66,No
f9a0993c-b193-4688-b8cd-1181d295ef5d,80,Male,125,16,No
5f4c689a-e080-48d2-bd48-a504c908b2ce,77,Male,131,46,No
e2b1ede5-ee25-4b7c-8517-e5ea3467f689,40,Female,65,39,No
e520e624-f49d-4fb0-b95c-c35ab24540ba,48,Female,73,96,No
223de22b-7449-4a50-b108-f8d95e324b09,63,Female,36,95,No
48847c9a-7dfd-4e94-8cc4-945729b3c63e,45,Male,60,38,No
8f5c15bc-78db-4b70-981e-db0870b2644b,46,Female,163,75,No
c9ac29bc-33d2-4d68-97f6-19f11da96ca2,78,Male,175,59,No
0a1aa4df-810d-455f-987e-1d7ba6d5e13d,85,Female,86,67,No
a9d5bedf-ab00-4f63-b9ce-2c1721c97b3e,89,Male,113,65,No
c61a004a-6713-48de-8f3b-d7f28c66bc08,36,Male,20,32,No
4fa0342f-20b4-4b2a-85df-d1eb8b536a09,51,Female,158,72,No
5a9234f4-6a44-4ff3-aa26-cf8ad5bb2b5f,22,Female,119,22,Yes
39ce36e1-f504-4898-8ef9-3d517b57c491,19,Male,68,47,Yes
26977df5-7900-4d47-9b02-f38fabb8ee79,22,Female,194,24,No
89d759a2-7828-48bf-87d8-2cd9730698ce,51,Male,65,56,Yes
776b1f97-20fa-4e69-b3d4-884fd4e20596,33,Male,59,42,No
fd67e537-ad90-4b36-9279-70c2fcb10bc6,29,Male,70,95,No
eff9d0c1-e571-4bce-9577-fcb8ce68f98e,63,Female,158,99,No
d1ba69e4-1c2e-4c64-9b82-458114fda0bd,60,Male,94,87,No
ea365512-70a3-47cd-99bf-e92761512df6,44,Male,104,66,No
faed1942-898d-4f52-9e38-4e1f72c5321c,67,Female,153,4,No
27ce9d56-8ea5-4629-aa46-c0ecaf4a0c9a,65,Female,123,48,Yes
c753849e-6543-4e33-859c-8176063d9609,32,Female,158,81,No
49d5888b-9962-4e65-a39e-d2fc815b458e,79,Female,166,67,No
7db977bc-5a99-497e-8d4a-a76759dba5a5,53,Female,76,65,No
459c761a-3aa9-46c6-8387-2374d66ed7e3,89,Male,81,12,No
8d608cab-6cb8-488f-9c70-b89bb5defccc,72,Male,134,82,No
eb045a12-df7a-423f-8178-0be9214eb548,49,Female,96,74,No
21aadaef-22d2-461e-8df7-8a3d02d43524,55,Male,72,71,No
9f07704f-299c-4e48-bcee-42fd19a1fc04,50,Female,153,64,No
5bf00065-3234-44bc-81e6-a4dad6680347,45,Male,111,7,No
4751a0a1-9baa-42c5-8430-d93123f005cc,89,Female,169,17,No
feacfb74-9840-49f7-94de-4166ccf4ab45,26,Female,130,26,Yes
e79a9363-de5d-4952-882c-d88bb822fac8,67,Male,67,22,Yes
49ced4a6-2e1a-454d-8432-fda21c4969be,41,Male,117,3,No
4c41378a-42db-435e-916e-83bade060731,40,Male,84,35,No
3ace17f2-f559-4747-b04c-0b890587ff92,61,Male,185,15,No
d97a3c44-f707-41bd-8d60-0f0e76cc0a86,84,Male,119,69,No
b4c21718-b6b0-403e-8f69-9537c4102025,59,Female,67,45,No
c54298c8-f719-4e07-a4fe-114b8d10942a,81,Male,193,59,No
361334b9-8574-4a6b-9e12-d9b3ec71c6ec,80,Male,148,4,No
08dbc024-1b60-4249-93ef-ff1541902cd1,36,Male,167,77,No
05bb8bea-0d6d-4e5a-a4cf-d6e255236f80,78,Female,140,14,No
203efd65-b132-44ed-b205-7af624e2dc49,75,Female,164,66,No
9ab5c7c0-e6b6-4b53-925d-7bbccb62f6a2,80,Female,174,55,No
c69737f9-ec0d-4fac-800f-518c51c5f607,88,Male,34,22,No
043163e3-0289-43f3-bf23-fa79eb4b8921,86,Male,175,34,No
011682be-4758-46d2-b367-f716a3f38cfd,67,Male,144,96,No
0a048b40-bb6a-4be2-900c-31367c9e1eb6,59,Male,97,54,No
a94b3ff5-74ab-4ba0-9e6a-e7d3fb7bb0fa,89,Female,150,84,No
9641c0c5-77ac-4aae-b2cb-3c8374e4af84,75,Male,80,5,No
2a13ad05-b40e-42a4-9355-186b4908b1df,77,Female,126,7,No
b3063e22-6557-4c1f-a33f-06deae41b154,26,Female,20,38,No
ea571af7-035c-4236-97d7-7d0384a55293,52,Female,95,29,No
f99a5ec8-20aa-4d6d-8261-a61eccac5ac6,64,Male,157,36,No
92d9bf77-7ef7-4de3-8734-8b20127b33b6,47,Female,193,63,No
611a4635-aeaf-42e1-b383-0dfe7fb268ae,85,Female,92,26,No
b205854b-05b5-4022-82b3-a6abb6c2c456,67,Male,50,92,No
9a866825-fcde-48f7-a06c-439018242c51,25,Male,29,97,No
d03d5bb3-bff6-441c-9ea6-dc166d5346e4,49,Female,21,65,No
36f639b6-8989-45f1-b940-1fe93547eb10,88,Female,142,94,No
0b794177-f88b-4091-b7ab-58c1578f7566,43,Male,75,38,No
07235747-855d-43d9-b69a-9c6a1ab51177,19,Female,159,98,No
48988fe0-85f9-4762-863d-b6e822ddd120,49,Female,96,85,No
043d9c2b-55ad-457c-941f-254ba1ab80f8,32,Male,37,53,No
05de84cd-0b42-4051-8785-bdc271d73daa,33,Male,64,26,No
ad305e7e-1d94-45cd-839b-865cefd3f4c0,26,Male,32,75,Yes
81f611e5-3d2b-4a22-bd92-8cee41890e74,76,Male,105,53,No
3070131a-014b-4eff-96d7-d20db16b4162,47,Female,192,17,No
616eb43e-1771-42b9-9ae4-1c8c8a499378,72,Female,94,42,No
bf017858-f6b1-4778-b62d-8aef7dbbcb2d,53,Male,165,84,No
2d102153-7455-4960-951d-7a6fbe114b9a,21,Female,77,45,Yes
afaa6462-ede8-452b-971d-0fa1af5a10a5,89,Male,188,21,No
16526842-8a3f-4e27-8125-30e9b65a01e9,36,Male,150,69,No
d306bb6d-ad11-401a-916e-727ec4487bb0,64,Female,140,27,No
e13a4478-5d9d-4c78-9056-fe51c5919e95,65,Female,52,67,No
e2366119-b16c-4dd2-b6dc-0a5b7ad3bb0b,50,Male,181,59,No
70bf8ea3-26d6-4ff9-aa6b-678775138432,70,Male,110,22,Yes
16737426-b43b-4602-bcb0-d8e2749ef1c6,54,Male,74,49,Yes
24f85087-2d35-4092-a1cd-af9a0fa13967,62,Male,185,65,No
b8be442d-ac15-422a-83b6-73fa77964b32,75,Female,160,67,No
c8bcbd73-0b2f-4672-a908-24e7223562ea,40,Male,200,45,No
2af1681d-cddf-4028-88c2-80fe244de824,52,Female,71,11,No
2fceb2fd-281c-480e-bf45-914445166c30,28,Female,66,32,No
a0899d68-33ab-48f0-8cd2-d03f34aa4a78,22,Male,101,66,No
dda0311c-145d-4209-b0b3-5429afbe8b58,35,Male,137,68,No
60057501-26ce-49aa-bba9-e3f04341778d,25,Female,40,38,No
d19b1d5e-3bf0-47e2-bdb5-8bc09f3c758f,87,Male,80,32,No
263332e2-8439-49b5-840e-63941aa2ff4e,29,Female,58,47,Yes
0fe3a53a-c676-4858-bde1-7b45cc92ef63,55,Male,113,59,No
7a3f936d-2c3c-4207-b055-b29c07e02726,54,Male,134,21,No
b2f8f38e-7b58-4fba-8d83-eefeb8fd7d3c,37,Female,100,5,No
b4c4a8f5-52fa-429b-a497-13d71cc34629,43,Female,124,74,Yes
4dac7355-e1d0-435c-b443-27252526c358,38,Male,59,42,No
51dc55be-b43c-4e50-b4cc-709d28119bea,25,Male,98,9,No
ad7c7df3-3d48-4c5a-82fa-7266b59f5429,19,Female,176,6,No
0556ac25-0cca-4946-aa6a-0dbad9ee8938,86,Female,42,96,No
161d0c9e-ed37-4437-8402-32f5064d3803,34,Male,42,50,No
01cf1a64-3de7-4c8b-8769-b9536e60d7dc,70,Female,83,96,No
490d2133-7cf0-4a2a-8c0a-a481e935da41,45,Male,67,18,Yes
008e30be-3e1a-4f64-a739-9781ef62380f,30,Male,75,91,No
7a5e6b3f-3ee4-4357-bba0-8a3f8070aabd,70,Male,155,88,No
68923abe-eb94-42c4-9d4c-f325d6ef2b93,37,Male,169,27,No
ff6b3ee9-cd43-472f-93ef-ab17ce121b83,61,Male,37,72,No
570b5a93-3061-4c14-b503-aa8db6340e1f,41,Female,39,18,Yes
b7ef3f3f-6e96-4662-99f7-2ff0e0bd3cb4,53,Male,112,2,No
56f6764c-9c47-480f-812f-a130cab9de43,84,Male,85,83,No
59767131-c805-4744-ad68-b14ed627012a,35,Female,47,34,No
8ba7f89d-73d9-4daa-8cc3-922583b23dd4,49,Male,20,61,No
6a1a79d5-bfd6-4cef-bbc0-ba2a0644ee9b,30,Female,74,74,No
1534c4c7-4966-4b99-8379-d1e78fc40c10,49,Male,141,15,No
2c8f8ab9-611a-4955-953f-bd1fbdfe8e74,87,Male,87,32,No
3c1b8436-0d65-4614-8641-7b5907fdda0b,73,Female,101,96,No
50bbea35-f1b3-43bd-a951-75afaabe534d,62,Male,145,15,No
847d2ba9-69f3-440f-87fc-9544f1b9a2b2,67,Male,166,19,No
f1a2c001-0778-4864-b1ab-b2bd42119577,49,Male,61,26,Yes
91746474-c601-4d70-8373-514ad2f3f197,68,Female,117,37,No
5919f7ac-bc36-4f25-976a-ce540eddd87a,45,Male,36,92,No
c9c726a4-ba32-4d6d-a0c5-d8edd40d5e13,57,Female,48,34,No
bc374226-dd53-47f6-a047-1d09aceb6357,57,Female,172,70,No
1c3bd0f1-0a67-4f6b-be24-a6553e93e94e,45,Female,78,77,Yes
ed34a620-e567-4b23-a859-c9ec113172cc,26,Female,136,91,No
42b0bd93-6ee4-4212-b432-185e72467c6c,47,Male,182,5,No
e0b88528-55c0-4cc0-8bf7-6fac1eb09965,26,Male,177,1,No
5eed363a-ebf9-419b-a420-d4701c86146c,80,Male,187,74,No
3fa08140-2aa0-4ffd-83e7-3c1d6e2dfe9f,88,Female,71,69,No
176fb9ee-cab9-45e5-b300-d569238cad6b,74,Male,176,77,No
bfee721e-5530-424b-bada-930dd820d809,81,Male,171,71,No
3a4328a6-358f-4e18-9641-8a6e9d8a7bb6,88,Male,139,58,No
f46db34a-217f-4d32-9aa1-09d20bdf3072,31,Male,193,41,No
c1dd7ed9-0b82-4d4b-941b-af8c8c6d4a33,42,Female,43,92,No
17e2efde-0b08-4147-8837-0432ca293d3f,72,Male,97,9,No
d229c0da-f03e-4b6f-9437-233678db2e4c,35,Female,133,15,No
c6291445-75fc-45e3-947c-32a39a0e1e8d,18,Male,159,12,No
540e0bb4-9eea-4365-9e62-84b1045e6305,75,Female,51,32,No
41e7e83a-56d0-4c16-bb7a-4b87cc49665f,80,Male,154,95,No
f85ad401-3365-4e99-b39f-bf553eb48163,56,Female,182,99,No
08912283-bc62-48b8-89aa-f59da7338e5e,57,Female,94,59,No
125008fd-589a-499e-8520-3f68c349bdc1,35,Male,105,96,No
acaab6a5-dc5c-47a4-b22b-4144e0add923,43,Male,63,84,Yes
187f14d5-2811-46d7-833d-7b9f621dec3c,76,Male,39,35,No
d6bf10f5-9e5e-4f8b-8784-0c0117de7c25,65,Female,162,13,No
d97e0c54-984e-49cc-8291-a080ce2515ca,52,Male,95,84,No
d91e45e8-84a9-4c5b-bd17-ea74ec48516b,69,Female,78,37,No
36ea607b-cf64-4023-9946-b7ea1778a5b8,85,Male,88,88,No
c7cfc576-f03c-4318-be40-7b17882127d9,70,Male,131,92,No
e586eaa3-0343-4632-ad8c-d1cac3b784b5,59,Female,96,8,No
1c798021-7bcf-4150-a8e4-ff5b00a8e739,24,Male,176,85,No
d086a81a-cb80-4bc7-a361-1b84f2a06859,50,Female,107,10,No
24fc9d43-e908-4ac0-b635-0d92221ffa71,38,Male,25,68,No
a2735880-e6bb-4a72-80ae-13303ff77fa7,26,Female,167,43,No
919d1d85-94b3-4dbb-8ce1-2b60c6e8f625,38,Female,30,71,No
104edcd6-1e44-4b36-9241-4a62761d0750,69,Male,178,58,No
1e8a477d-69a6-41f7-9c5c-623cb7645e78,23,Male,190,99,No
e82c67b3-0b9b-4c95-8f4f-4462625a5562,34,Female,198,96,No
a43f7d0c-1f32-4b71-b7bd-226b09e68ce0,57,Female,46,77,No
f7407286-fd3e-4692-ac73-efba03c1d7d8,79,Male,124,97,No
288fcb1e-f069-432a-861d-245fa3635d00,88,Male,105,22,No
04d2e557-8a6a-44cd-9bcf-9696d4ba7b76,54,Male,34,32,No
3faa000d-318f-40ab-9567-9b10869cbb5c,42,Male,21,39,No
dfae118a-acc8-44d5-ad6a-a2591e735f0a,89,Male,33,62,No
cc43f26f-06fd-4d1b-8272-fefa84ef99b1,32,Female,88,44,No
f646c071-93c1-4b56-96ca-35bb018f36e8,68,Male,128,36,No
d94d3f1f-2cd0-4ae0-b6cc-ed233b9beb2f,47,Female,40,40,No
0ba0e151-8dc4-46c8-b9d5-59217891514b,42,Female,181,90,No
995a7872-a784-4f3a-ab9c-0fb674e36333,23,Female,94,71,No
a08fa49a-f9ab-4f1a-ac7a-cd0e81a261fc,85,Male,144,61,No
4eee4e92-3af1-4a1e-a183-8ed87b1d00f6,40,Female,109,42,No
967c99e0-4401-4d1a-b984-69de982808ed,66,Male,100,39,No
6953d538-bac4-4ba9-a52b-810d06be8548,82,Male,150,82,No
d2399b85-24af-4f1b-91aa-9da12c79defb,57,Male,126,40,No
13aef6a4-2459-43c6-bb63-2e40f842ec76,55,Female,180,23,No
f0f8991f-82e2-4866-83cc-fde0051dc5f7,46,Female,33,84,Yes
affb4272-3278-41a1-bce5-be009b5bfaf2,31,Female,52,23,No
4cd58a74-1126-4be6-8fe2-7fa7dabc6198,33,Male,104,77,No
5eaac1d1-29b4-49fe-8b5f-48cd03378afc,48,Female,171,88,No
2021780f-59fa-41a0-a3b3-6296b4f2ade5,70,Male,173,3,No
5de91ef0-f2c2-4d14-9e82-6ddb7e3f3364,59,Male,126,13,No
0347a6c0-c3e2-42f9-b30e-cdc8d93444b6,88,Female,169,23,No
2e06cd28-579a-4d6f-9a65-8b255c13439b,24,Female,46,76,No
cb9299dc-9f0a-4a2d-80ba-0a72f9e72472,49,Male,95,5,No
7e810be0-b0b1-461a-9609-fe98924e3d61,54,Female,126,67,No
b24a661e-dc5e-4286-bee4-6b7cc09c3ac0,90,Female,30,100,No
0ef1667c-e599-41fa-ab03-3272fed3a606,34,Male,100,62,No
bbf64356-afaa-4e0d-b634-78168c8b2a39,45,Male,155,61,No
5959ffb4-a9b6-4355-9daf-528ec0420dc4,85,Male,115,18,No
ac9b0896-2626-4d9d-b65b-68a34d05abe3,26,Male,111,57,Yes
b3757354-9040-4f44-a909-1b77a224db5d,73,Male,23,57,No
90dd9b64-e4e9-44b3-ae43-8e2687dc11a0,65,Female,93,69,No
76966eb4-80f0-4527-8d0b-6200fa2b7df1,54,Male,66,92,No
ca76b19e-85cc-47df-8484-d3513ca65742,57,Male,59,76,No
32cb6f0f-f952-462e-8a2f-8fa063ca7d22,52,Male,160,58,No
f4cfd527-9e8d-4649-85f5-44de472003dc,90,Female,59,14,No
5bb404e6-0029-4b90-b3fe-20c88068b803,85,Female,193,24,No
a4a0a60c-ce7a-462d-8274-4d74fb80ee68,40,Male,35,11,No
9b049078-60f0-41d0-8f0e-15db25d83e6c,23,Female,152,47,No
e7650b31-5d34-4b1c-b491-9d8ceecd04a6,46,Female,67,43,Yes
bbedda4d-6271-4a96-9732-725e699e3809,67,Female,85,20,No
b2f01c07-83f9-41e6-944d-de86677dbf97,61,Female,58,74,No
fa9aff2b-bf99-47d8-bdfa-a9f89c49fc84,41,Female,94,6,No
4078898a-58f2-492c-8780-5d27e1ecdf56,22,Male,136,91,No
67df4c56-1f24-4c26-a92b-1227d3b85452,51,Male,168,72,No
4efe55a7-06a6-4d9b-bbcb-11442d4de14c,64,Male,78,71,No
cf43904b-39c9-400d-b441-1c3983ec4675,41,Male,158,21,No
9abebc4c-1be6-402f-bb71-4aaa9d6868ab,76,Female,143,71,No
2cff789e-9c55-4d74-90b2-eb87e7f44ac5,72,Female,65,39,No
e27e5c4b-8df1-40ea-9b68-91f3d1cca834,82,Female,152,7,No
2044e6a5-4bfa-4162-b2e0-f43eb0e479b4,30,Male,78,33,No
e0bc22ec-d1f6-4c2e-a06f-a7e0f3e8afea,74,Female,132,53,No
8e96e8fb-8832-4731-b445-3dcfd7da07b6,72,Male,152,75,No
6e7050b5-d139-480f-af95-7e51dd3db0a7,32,Male,80,81,No
c4e7d481-0c4a-430a-92b2-7339e141f69e,69,Female,159,33,No
11fc0b6d-c974-45a7-9f30-221da7b1db67,51,Male,173,13,No
56e0b405-5b10-4df7-af2a-be393d4cf47f,23,Male,178,47,No
6f2a4203-6167-4f26-a996-66b569594a8b,45,Male,155,76,No
dd976efe-43e3-4e45-bf1b-b421afdc66c4,28,Male,154,87,No
ba05c715-ba01-4ba2-8327-1308367c3a03,64,Female,154,30,No
4b5e8079-d5bd-4fd3-b7fc-b4c83be0b0e7,73,Female,85,5,No
26be962f-cc23-48f0-8602-ade3303916c7,37,Female,96,25,No
b69838a6-ab59-4855-beaf-d34a8832453f,73,Male,186,21,No
dc006809-07ef-4a6c-bdcc-ae2594426ca6,60,Male,122,55,Yes
26bddd3e-6b93-4700-a462-30e8ba6daf1e,30,Male,173,56,No
1cb6197b-319e-445a-9bd1-f43243123f01,42,Male,175,86,No
493ef6e2-48c8-4247-96ae-ee6ff5fc3f63,31,Female,91,49,No
7a549007-219d-4b4d-b2f7-66091464247d,21,Male,27,89,No
de14bcca-c8ef-447f-b980-e8881c76a5b1,66,Female,180,93,No
ec245963-e960-4fb1-86bb-84dc931c3632,89,Male,77,68,No
60ae7e7d-4be6-4d39-8bb8-eba4b4a9be3c,22,Female,30,78,Yes
f270069a-e2d1-4d3f-b52c-51ba0e395aec,78,Female,187,8,No
528a101e-72a1-4fab-8c5f-8d9de4f9a134,31,Male,177,24,No
b7e5243f-f1eb-4b20-bc20-17513bdb8d9d,60,Female,48,22,No
a90cea24-1f00-4853-82af-5f4bc17a1023,47,Male,25,17,Yes
5b03d26b-cb1e-4d76-a395-56bbf4081dee,43,Male,156,79,No
ba75b90f-f270-4194-a48f-999286964558,25,Male,103,20,No
7a1825b3-6d34-469a-acd3-6b5f7f049294,26,Male,149,85,No
6e2d71bf-250d-4fce-9a80-e9c7b17f83a9,59,Female,118,11,No
feb6a955-1614-43e4-a2eb-0d64fee41307,33,Female,101,31,No
2b0d8e6a-787c-42c0-9821-85fbbb82ffe7,25,Male,93,78,No
50905d39-4b56-4acc-b29b-52ff7db18c91,75,Male,161,72,No
985ac88d-5c46-409a-bcff-3ea3a949949d,62,Male,52,59,No
049955a6-bbd5-4110-bd88-0173208a01d5,51,Female,54,78,No
02effb81-dd2b-44db-bf4e-097257e6f520,38,Male,165,32,No
9b8ba760-2fd6-41de-bc7d-5a6b24921385,57,Male,199,66,No
0abef408-944f-4b76-8391-0dffb280b283,21,Male,44,11,No
3e7e602b-ba30-407b-b085-e2a188fb3f80,58,Male,81,40,No
7eae7a3f-13fc-484d-ab59-92fd11be0e87,64,Female,67,91,No
4590804e-b75b-40b6-974b-910496238bce,86,Female,88,64,No
8e2f8297-f63c-4d14-b3fe-06ac8e826a9f,24,Female,38,4,No
c31d639b-45b0-4133-94ae-8703429a0c74,61,Female,107,17,No
97a6d9ce-084c-4798-9447-696f5ad41605,80,Female,78,23,No
2e03e366-f7fd-4a19-86fd-53032c6c9532,22,Female,150,86,No
c742fce2-a43f-447d-9d49-a62cf6ad552e,35,Male,106,57,No
fd4a2dc6-e909-4643-ab22-931ebe2c8f4a,38,Female,28,90,No
979d70ab-4d7d-417b-a8ce-2816403dc41d,58,Male,91,96,No
cfd664bb-1342-4de4-8146-9f227a848d37,20,Female,119,16,Yes
bf8a7516-b37a-49dd-ab4b-61888680d134,74,Female,200,25,No
e6d69388-a478-459d-94cb-88b4621d70e6,85,Male,22,78,No
6b45fd79-83ff-4bbf-ba64-db3740152b69,25,Female,100,14,No
c39fef3b-32f5-4898-a4d4-ae8a5c679d86,22,Female,76,87,Yes
dd1df1c9-4397-4aa4-a3e2-a33565304d45,56,Female,121,80,No
7d52d628-1d40-4723-804f-9223db41a55f,60,Male,54,26,No
fc2c764c-48f8-40bf-b0c1-c08c7c2186f8,71,Female,43,46,No
233f0619-88a7-4979-a1b1-4002084e848c,56,Male,55,31,No
ed24f911-d2c3-4f9b-aa6d-1fa65af3e99f,30,Female,30,87,No
ddb8937b-41bf-4ba8-a5b4-aa16e63454c1,42,Male,128,72,No
f21a4176-1bea-4c19-8a46-aa8630d3cd22,27,Female,68,50,Yes
393ab9e3-5ed3-49e6-baa4-1a3df6d591b7,64,Female,137,72,No
602f9376-7674-47b0-a1e7-3d3859337e99,61,Female,46,67,No
d00c82f9-83db-499f-bae1-2d46cfa8f95b,39,Female,178,85,No
1f8706a3-234f-4c0c-aea4-32b239eef897,58,Male,129,71,No
301dc2e3-6c3e-4720-9cb8-92ad5a0710a6,29,Female,116,98,No
2145cf37-0351-4f69-b81a-2c6d9c1b6434,26,Female,75,98,No
4c099838-d32d-4504-a1c5-acb4464f473f,34,Female,184,29,No
9367be07-0d56-47fd-a09a-3d10a2cec27c,36,Female,58,94,No
d05066e2-188f-4eee-a414-4209f79359bd,90,Female,185,10,No
ee244206-4367-410c-ba4a-a5bb143282aa,38,Female,76,42,No
ac6d2ca4-5550-466b-aa13-ff3712a2e9a7,59,Male,79,81,No
ad6c52a9-87a9-4915-9b0f-05a030ac3800,79,Female,79,86,No
e8df9f9f-af92-442a-b583-b49130b763f4,63,Male,128,90,No
2bb1a55f-bf1e-4bdb-9ae7-cb152033f56b,18,Male,137,25,No
9e47b17f-33f7-4d99-aa88-836c80170c34,21,Female,128,6,No
cd37766c-379e-4c21-b05f-9d9e452829c5,70,Male,111,64,No
26264c3c-3383-41bc-a04c-587b98851914,44,Male,199,50,No
31cb840e-8968-4782-9f1e-3d241918a929,62,Male,82,39,No
38e01a11-dfd5-4a71-9152-c3a05a5090e8,58,Female,102,24,No
cbdd5669-eaef-469c-80ff-4642c0a57aac,21,Male,192,29,No
53778865-9990-4946-a72d-c094ba804def,69,Male,20,15,Yes
d64c441a-77e7-48ac-947e-4ac72c7970d1,77,Male,21,13,No
8a5bcab4-962c-4bc4-8eb7-678e10f70949,58,Male,21,21,No
b7faa9c3-8f76-4451-8848-51a4ef9e2b67,28,Female,160,41,No
70214abb-ba02-4ec0-926f-ab75d00ead66,69,Male,167,98,No
737ec5ce-629e-4a3a-99b1-7aa3f2e2123f,88,Female,137,39,No
ed3e75f1-e170-47ea-8b38-b02a4c04bc76,75,Female,195,81,No
11cfa274-609f-474c-b68d-60124aeb015f,37,Male,81,59,No
37df2e8e-c2a0-4f3c-a0a7-572a6d244ae3,19,Male,96,66,No
941b6d54-4891-4177-90ab-d5e3eb658be7,60,Female,185,35,No
a314bc12-1c95-405b-bd8f-7f0813e81187,39,Male,122,92,No
8f3bb5bf-8f0a-416f-a55d-b7bc447071fd,56,Male,67,50,No
ea2ffc1f-491d-41f1-a4fb-18801a27c13a,77,Male,78,74,No
17ca072b-9df5-46e8-8eb4-437e25c53794,88,Male,174,71,No
32c7c7a7-e271-489b-85b1-3a745369c895,43,Female,117,84,Yes
b4c1e9f4-fa97-4f5a-be69-33264343009a,50,Male,83,28,No
d4845967-193a-4ff2-8695-aee6a61a19f0,23,Female,187,67,No
f9e6417e-38d1-4141-b466-67681cde6499,46,Male,90,88,No
68cf1753-e592-4aa5-b68f-a86b8fd42841,66,Female,92,95,No
bb64578d-37d9-4cdd-81c3-a5a73f76cd73,55,Female,57,79,No
44d27c5b-f59d-4907-be33-e3a0a25bc4ec,50,Female,167,19,No
29532f33-54bf-49b8-8ee4-989d1283d630,82,Female,198,80,No
e2393c96-93fe-44ef-bf4e-f532ff90c02a,56,Female,176,53,No
b02076a9-7bfa-49c5-ac0d-af4dcd4cf0d0,56,Male,22,71,No
3df1dfe6-02a5-4739-8d6e-5286844a11e6,46,Female,59,70,No
5cc79178-329e-4461-b0e3-635b24ab409b,44,Female,143,75,No
8200860d-2f7d-4300-82fd-315b8dbb8be7,58,Female,124,84,No
cc49ee1b-3aa3-4c02-b152-234fdd66997a,73,Male,25,78,Yes
78f01057-6bcc-47aa-9837-83a6a03a1cd2,51,Female,195,94,No
417118d7-5b36-426b-abb8-70af2542bcc2,25,Male,111,30,No
ea73809f-cdcd-4bc4-a4a0-9d5af43247c9,51,Female,111,95,No
240e0b76-3696-49a6-b88a-244a268de520,37,Female,117,33,No
f21318bf-c91a-48b8-9ed4-462eea34ee75,60,Female,80,92,No
1cf02668-b092-4754-a6ca-cf08c9d33652,41,Female,69,49,Yes
6c103cc4-45e8-4ebe-8aba-3250cb0d141d,60,Female,107,15,No
a8387b9b-1686-47a6-9001-e86a05f929a4,64,Female,105,44,No
cf4d3c89-4f44-4174-85bb-6735ee5831c0,60,Male,148,99,No
fedb8c99-0758-45e6-95eb-c1f92b6e0c5a,85,Male,160,17,No
d136a54f-44f1-4cf7-b4b5-40c4bf584c88,62,Male,181,67,No
eb5caac0-4a16-4ac9-9e2a-2d266387cefc,43,Male,156,23,No
d04897cf-1ce1-413f-b49c-5ee04e24fbfe,57,Female,157,17,No
a70671e2-57b4-46a7-839b-d0e882bd2160,90,Female,48,54,No
4c51a2aa-e501-44f6-b640-f68ba90dd728,47,Female,33,80,Yes
844258cd-1fc8-4c47-86d9-ce6f4d8b037b,77,Female,173,75,No
f6b6b0ac-35a0-4e1f-8499-6ed0b733de5c,64,Female,40,11,No
7b581815-9c76-475f-b519-c882e06df29a,34,Male,71,62,No
06c0b743-daea-43bf-9c77-38a7c1daf7ab,85,Female,105,62,No
1e421606-5a74-402e-9a90-cc49df9ce3a9,66,Male,86,20,No
db43f686-7773-4366-a2f0-110386f7e7d2,30,Male,186,61,No
358d8888-794c-40ef-ac42-7593eb39cda8,29,Male,43,22,No
5b519fd5-dc41-4476-bcef-49592caa23e1,75,Female,40,91,No
4792e091-ef0f-470d-9a57-e223c765ec53,85,Male,182,1,No
3aa5448c-b826-4a27-82aa-12ad008367c2,55,Female,71,43,No
bf8b60c0-557e-420a-9358-70c42633f93d,55,Male,130,67,No
65592189-97c2-4399-a854-7cfe28705ef2,28,Male,47,18,No
ba7d90cb-db99-4bf7-9a17-9ed4f83c0a49,23,Female,62,66,No
7000a6ec-ddbb-4b61-a869-09373d5796f2,41,Female,197,17,No
38c25814-7df7-4c41-b687-7229252bf086,76,Female,154,10,No
e8b93f6e-d6c3-4a19-a199-c3b7a78ae961,89,Female,135,24,No
68071e74-3203-4c23-bf18-6fc4fee2bbba,44,Female,42,87,No
154fdade-a739-4cb2-8d89-5eb8953e33c1,75,Male,191,97,No
d57f17d2-2c66-447d-9245-1c6cbe8a2e19,82,Male,160,44,No
a4993b54-01a6-4872-b927-29e81aa4453e,89,Male,95,58,No
0abc8c47-bc23-4d3a-892a-5cb1dc8f6355,52,Female,51,5,No
7e1bc468-de23-4a54-91d1-984f44850224,38,Female,30,8,No
9c83b99d-6451-4d71-be4c-98b8cfac6be4,60,Male,24,70,No
23ee1531-2799-40c0-b405-bc3a256ccd8f,36,Female,25,32,No
df794152-63af-4be7-8a72-112e4a65f0f2,42,Male,37,98,No
5ddb8dc7-a7b8-4e4b-955d-c63fd16c223a,46,Male,136,2,No
7d123b77-70fb-4b2c-a809-6d629edf5cca,66,Female,28,68,No
cb0f269b-6e7e-45c5-8e0a-919fd690a79d,39,Male,164,83,No
26151c49-480f-4ecc-b62f-7cf257bf9b81,52,Female,138,64,No
3d852dd0-a9b5-4cec-958d-934c30e43797,55,Female,161,10,No
ed5c2341-6276-449f-a136-be47adad54fc,70,Female,164,36,No
aca58048-10e4-4bc6-aacf-332d1b1c1644,33,Male,74,71,No
b1744459-3f9f-465e-8f15-f83d089365b0,53,Male,164,8,No
32875e14-dbf6-48c3-9154-1935b34f8ad0,22,Male,75,95,No
63cc12a2-b668-4fe6-a9ed-9ad5a8974683,69,Male,125,54,Yes
3a622d3f-bbf0-4373-900d-ed341b1d1ede,57,Male,118,34,No
e155956b-e41a-4878-88cd-78b487116eca,56,Male,91,93,No
523e27d5-9f8d-45df-9854-e74eee75ad40,77,Male,136,47,No
b8239e3c-230e-4685-bba3-a83dec8a3475,29,Male,172,5,No
382e9214-a077-4d5d-ae48-7c29e75f381c,88,Male,66,2,No
8c68e55e-7ee2-41e2-bb93-0f628bac1d36,56,Male,116,14,No
6f05b00d-69f1-4e98-a6f5-45684d3f263c,51,Male,105,57,No
9441ee4c-0d52-407b-809a-3f61e4eec5ea,18,Female,149,89,No
cf2ae689-3274-45dc-ae76-9d2a5d8ba483,30,Female,165,3,No
982482e7-0d05-4995-b62c-9562dbbe5e8f,33,Female,132,51,No
287e54f7-87c3-4c45-b429-a0f5f4797987,71,Female,34,36,No
48828a14-cd57-4dee-b071-922a178e7f01,31,Female,153,9,No
4fa561fc-c4fa-4fae-859a-221d73de1a2f,37,Male,46,63,No
af4490e0-3852-47dc-9baa-76dcc1a28527,69,Female,185,1,No
fe3ce49e-9033-4a7b-85de-ba2e6da037e1,29,Female,129,12,No
28c2904a-274b-4d9e-ab05-1d1e246f5ba2,55,Female,134,63,No
fffa24f6-7f30-4a63-b1d6-e95004a080b8,90,Male,63,35,No
3324ceee-974f-40b6-8590-7bc459e2c5ac,33,Female,128,36,No
b61549f9-cb16-4b67-b929-f1fbbf939b71,49,Female,60,78,Yes
c46411ae-31c2-4906-ad17-57eb5ba5bc42,42,Female,44,12,No
8f1b1228-817d-44ff-b70b-31c4ebac3d94,23,Female,80,19,Yes
2d96a209-8c36-48a4-8c96-f29bab22eb5f,59,Female,133,56,No
8013feea-4d5c-4aa0-b476-84cc90dff382,78,Female,141,36,No
f5cf0bcd-85ce-40c8-adc9-6645a36490df,29,Female,46,16,No
862cc968-9501-4916-b7e0-2b6b0f13b9e6,30,Female,82,71,No
0e21e42c-3aae-4711-83c0-737171bccfcd,32,Female,138,96,No
860098dd-0e51-42d8-ba2e-f65a4b3170d4,74,Female,195,92,No
e3ab211a-48d5-4f30-a3ec-744776db227a,35,Male,168,42,No
3915fa84-2ad5-4d6b-8fc1-13755cca8ede,78,Female,48,28,No
06b8489a-5edf-44a2-b508-7d8b6ebbc8f5,76,Male,188,92,No
146cac5e-d9d5-46ce-bdbd-cea4d1945bbf,56,Female,41,40,No
b30e5000-2a5e-433f-9e6a-2df89468e2d3,72,Male,72,88,No
ab80cf6b-c370-40f7-ba87-07466e8a74f8,88,Female,100,40,No
c548d54d-49d0-4bb6-93eb-0f1bc8ccba81,61,Female,47,62,No
2165f62f-7ff7-44a1-b507-c8cc5bab8c48,86,Female,178,28,No
7f3ed015-3a86-46de-b998-09528bf7f39d,85,Male,91,33,No
72e7e14e-a7c5-4046-9707-990fe6cf917b,49,Female,34,12,Yes
4e878449-44dc-46f4-b1c4-d448bad8ecfb,42,Male,141,72,No
66b8467f-6ba7-4e89-841c-ef147a609171,59,Male,176,95,No
00393b5c-befd-45bc-846b-e0eb50379577,63,Female,176,71,No
f6f25273-8aec-4c98-ad64-bc9b94ba74c7,60,Female,51,81,No
a714cfae-b3a1-4949-8b47-c586fed3a3aa,25,Female,103,90,No
8b7f5191-9a76-4586-a084-18609e71dd39,35,Female,48,15,No
03b218c3-b84c-4fe4-9c4d-35bf168fd1ee,49,Male,101,39,No
96060fdc-e093-4ad3-99ef-bc5e520a9ac2,73,Male,86,57,No
b8e53550-d031-4260-b881-d25df1fb8517,19,Male,84,87,No
60be864d-6cd4-42d7-9ba1-7c7ec2b8d52c,86,Female,32,9,No
3bdbf9fb-8fb9-4925-92e5-495de0263a4c,27,Female,174,66,No
e90eb985-6959-4372-b395-a576dd280a20,53,Female,146,100,No
7e435171-c0a5-4fa5-8533-5ab62779a894,22,Female,99,99,No
6be3fe5b-6c5d-4435-8844-3d8cba9f9488,28,Male,83,19,Yes
5ddb35af-abd5-4fca-8ccc-f0d24effb936,58,Male,34,78,No
1a1aa6fd-bf42-4e78-aa9a-225da822b453,56,Male,134,53,No
76eee9e9-6cf8-453c-8027-1bbfb2370304,68,Female,29,64,No
cd4bd749-fc14-45ea-bbe5-53a13f098cc4,82,Female,101,61,No
9009fa4b-1a29-4113-a8e2-341a347fd7a1,61,Male,54,99,No
df165f9e-fbba-46bc-82f3-93aaaddc43ed,70,Female,139,45,No
e411a08b-e2c9-49ed-bfcf-9fcd754e40e6,32,Female,38,100,No
7fc4fd4f-0649-4e3a-96bd-7f7890358c89,30,Female,160,100,No
b6d79eb3-0d9e-48c3-873b-32ed913707f6,72,Male,187,84,No
6d2158f5-faee-4c3b-aec6-044a03ae4a41,31,Female,32,28,No
5be156bf-5a25-4ab7-9592-eac210442be7,71,Female,122,81,Yes
f1eee411-dc6d-4f2d-9b16-0f486b8f3964,32,Female,164,26,No
91685add-ee41-4f26-8e7e-95e5e3b7a084,47,Female,190,33,No
df37e08b-2ab4-4da5-88bd-c82789ee0357,79,Female,127,38,No
cd6c081e-f1d9-4493-b847-e504d2f6e511,86,Female,168,3,No
f626860a-6e69-4b8f-b646-cf2a67a220ce,88,Male,89,41,No
26346428-ca80-4406-a352-25824d296e28,51,Male,46,89,No
1b47e795-824e-43f1-9a82-544425a40946,74,Female,112,9,No
40d8939c-93ea-43df-bfc6-0d97db5a2995,26,Female,96,79,No
c85299ee-b7b3-4c09-8b58-cd79047224db,42,Male,138,59,No
28fae2df-6c35-4e4c-9d09-d63bcdb9c2a8,56,Female,79,26,No
04c0486e-6f38-4343-a79e-0150aa12203c,21,Male,125,62,No
3bbf2fe1-147e-418e-bda9-deef37eeb513,19,Female,119,59,No
936cbe39-0582-4cdd-92b6-f72fe531a691,89,Female,41,94,No
153f2493-f057-4157-a09e-cf69fcdb087f,45,Female,51,100,No
f55a4b62-4d04-41a2-8884-a5dcbb3b649a,36,Female,98,17,No
7db44bd4-7298-4a87-9c4e-31295bf19c84,51,Female,184,43,No
36983634-7d2c-4132-8b3b-db3f846769c8,52,Male,69,58,No
1798665a-e992-4947-932a-82d731703328,27,Male,169,71,No
97fb62d5-fd18-4569-898b-253e8fc5315e,20,Male,37,96,No
7300fa90-ce6c-4426-b20b-b2126da941a2,34,Female,101,72,No
7bab6a71-f045-4c2c-bf3f-265577b33d53,25,Male,87,97,No
74a6089e-2786-4d3d-a7b3-4cae2c12a13b,54,Male,149,24,No
2d819777-56db-4699-bfbd-5df8a8f6fbba,69,Female,129,50,Yes
c2de76f0-aa0b-4c80-b748-d57922261fdd,24,Male,145,8,No
64dc36bb-2fc3-4f38-94a0-34f7f599baee,27,Male,176,2,No
6481a917-3d28-43ef-af76-d346d0785d71,35,Female,93,25,No
e015aa26-7bc1-4d98-9a41-c9072cfa74e0,69,Male,106,91,No
600b3fa9-de3e-4035-9374-54e0496bf408,47,Male,96,94,No
496a0eca-4b45-45cd-a2b4-b07d2463e7a6,34,Male,95,93,No
d4b7eee3-d9bb-487d-b28f-af3cf529cc6e,54,Male,180,34,No
6631fca8-c0a2-4ff9-99cf-27cf0fd93007,76,Female,108,64,No
6d18dcb0-348e-43b6-b273-28147293f67d,44,Male,133,73,No
4ceec485-ce01-4682-b6de-b3aa38fc6967,20,Female,199,81,No
c9750eb4-4e17-475e-ba4f-0d40c23e3aad,76,Male,170,75,No
1dc01e4e-48dc-47d5-a0ac-63885f238194,42,Male,41,29,No
69006ce3-cf57-45b0-b268-52ec1fdffa57,81,Male,97,91,No
2d2be9ee-9929-4a1f-864f-96029672d094,53,Female,51,1,No
8b0cf8e9-2d07-437c-9a51-334d57dd0124,44,Female,141,46,No
bd635550-37a2-43cb-9488-7d9433785342,85,Male,84,84,No
f36ba0c9-31bb-466a-a2b2-c506e7886860,18,Male,183,84,No
c9ccea20-f759-4a72-9ec0-cb5db614491f,72,Female,200,33,No
86ee22b3-1265-499f-af68-d7db7085548f,63,Female,66,100,No
57fe820d-e3d2-4dff-9d60-3c3c56a2b1be,49,Female,118,6,No
5e464cfc-9597-4d2e-8757-ac6d6b7d3548,56,Male,189,25,No
c4eab55c-62fe-4ce2-baea-669355e0cc97,48,Female,196,69,No
89ca7190-4f31-43ea-beb8-76164c9211d9,78,Female,104,40,No
0ba1bf7b-cd8f-4932-815c-b4f332f881e6,27,Female,38,10,No
37bea153-b91f-470f-8d56-cd752acaf234,30,Male,123,24,No
73b6c131-3cac-40ed-90aa-9ad7a5a6ab9b,67,Female,192,95,No
7f13b6dc-cfa9-4712-a174-1643994c2cd6,74,Female,181,58,No
55c1084e-a8ae-42cb-b741-d1e26cdddda3,32,Male,66,45,No
5f2d5ad5-2d37-4e9c-8f9f-2e3f6616a16f,34,Male,135,21,No
fcbd41e2-fef9-451c-a4c5-95355a41e40a,38,Female,23,36,No
1559978b-ff50-4d3d-a57e-5da6d20f719c,58,Female,117,40,No
dc5f66ba-7dac-446c-8d8c-66e26acc1a6d,67,Female,32,39,No
63397ec3-4ff2-4d8a-acf9-f9d11f680c77,18,Male,57,30,No
50b0e68c-6c5f-4ab7-8a24-b474e2a5af2c,29,Male,39,34,No
405b0e0a-f2a7-4012-89ef-63682122d042,48,Female,96,61,No
96207da1-581d-4ddf-b786-6a0c83a75a97,80,Female,104,86,No
1f749ef0-ada9-4582-8257-8f073bcf6757,37,Male,45,15,No
018edc45-128d-4926-a3f3-112b3f6426b7,49,Male,33,61,No
2ece9536-3f7d-42b4-913d-09b2385cba07,75,Male,45,47,No
d21b4f0e-9d8f-4836-9b64-bbbd520027c2,28,Female,35,62,No
92c8e106-f09b-4029-9e8f-4611af46c04a,48,Female,94,8,No
8797a611-5d13-440c-9212-fd3526d942cf,77,Male,199,12,No
b3990ccc-6adc-4b78-a68d-8751428be08c,48,Male,53,65,No
007d51ab-0af7-4bd5-9ed3-af8f7039838f,40,Female,104,18,No
efd09d24-2f33-4221-834c-cfb93778dab2,51,Male,132,92,No
fcbc54ea-30ee-4167-8884-65270eba3fa1,33,Male,121,34,No
b58209de-83e4-4043-9688-bef5c5d93134,47,Male,183,67,No
c264716e-e1f4-400e-be1e-e1b1125b2524,83,Female,193,19,No
2199070d-7e43-438e-91ce-d45863395f5b,32,Female,171,24,No
f679f8a9-95a7-45a6-8a8e-0345d763f334,66,Female,90,68,No
606547ec-10ff-48f6-93dd-9b597fda39c3,87,Male,56,52,No
dec3b2d7-c9c4-436d-a451-b5a3ba67c465,67,Male,142,63,No
4950b712-94f2-4824-aee9-4904aa573548,47,Male,54,33,No
1b1a6a64-8c3c-4bd9-bed5-17b674a151d5,36,Male,138,13,No
0235ceb9-a122-499c-86e5-37365b3aa66a,83,Female,148,84,No
1f6c61e7-2ea6-4ba7-ac8b-7f3384888ff0,76,Female,195,81,No
5de23da7-31c5-4f12-8626-e73f014194b3,85,Male,99,63,No
c704bb8e-1310-46f4-a5b5-f4817149fb6d,59,Female,74,28,No
9fc319f5-4685-497a-99e2-31c2f1f61ef7,78,Male,54,99,No
cfa085c3-661b-429d-a900-8ebfad9782ea,73,Female,159,76,No
becdfa91-5680-4dc5-bc8f-eccd398ca4ad,67,Female,106,76,No
341cf60e-8b60-446b-abd3-bfdcc77d1d1f,50,Male,32,79,Yes
a7c268c1-c1a0-4768-a553-bc088aa061c8,78,Male,22,84,No
937a1cd1-3bb4-4b0f-ad7a-4ee062a01a30,27,Female,189,27,No
390d4584-3595-46ee-9fe1-62c7eecb03bb,19,Male,87,82,No
fac276aa-2afe-4051-bf74-9a488c532002,58,Female,92,44,No
1ed00517-a807-4434-a3f8-6b7d42aded33,30,Male,69,69,No
0b589709-bd15-4e5c-b532-fba8984031c5,18,Female,145,98,No
9d802901-cd61-4f64-962a-cdbda620dbd7,72,Female,119,40,No
4cd279ef-f3fe-4e46-a97b-0ea4cac02a76,87,Female,146,74,No
99459ace-3e44-4914-bbb7-cbcff2e042fe,51,Male,146,56,No
7e34735f-8643-46e0-8cac-8c114e38970c,23,Female,131,92,No
e620636d-b4ae-4c3c-b65a-be8aa695f590,65,Male,51,7,No
29861c90-bcb0-4e12-a848-3c0822f4d97a,51,Female,67,37,No
d75d7815-9b70-4b95-8692-25ea15941fa2,65,Male,149,43,No
1ecc3c42-5d06-4f86-9171-2eb333af52be,32,Female,87,78,No
96a9390d-a164-48c0-9a75-803be0cf1f5d,36,Male,90,20,No
7509ae85-5cd7-48be-b546-766806122f16,32,Male,61,30,No
94dfa67a-24fd-4df7-9d86-d36bdf742197,79,Male,98,6,No
b52a596b-ec20-47c2-96a6-9c2676d9dfdc,34,Female,105,64,No
3f558416-ef7d-48f2-830a-d2f97fd73a2c,45,Male,65,49,Yes
ac83ac23-86bc-4f2e-9751-b706719aa430,69,Female,64,37,No
2c1f36ee-eacf-433c-83f1-34a771f5481b,28,Female,21,70,No
11623ce2-bb53-4ecf-8aed-a04298f2a816,54,Male,35,65,No
767b6639-42ca-491d-b292-85e90041c1b9,56,Female,109,28,No
665d9b58-961d-4151-aad9-dd9cc059d16b,51,Female,20,57,No
1cdcb3a9-763a-42fe-965a-315be32a72e1,37,Male,38,43,No
7eb8039a-1a26-49d0-b3a1-151616346aa6,58,Male,159,59,No
182cd2ac-6c3b-4739-87ba-111b826e704a,38,Male,57,62,No
aeaab4f3-ec2e-4238-96a3-1f8f81e48c47,58,Female,36,33,No
44366231-4570-4b2e-b2c4-57639d44167b,84,Female,180,87,No
70eb434f-0eb8-498c-a739-4f25a9361194,21,Female,186,12,No
78a2045f-19d7-46a3-8723-62cd2d978c9e,52,Female,23,93,No
74bd69c2-d7b6-4a37-b770-c20fbeeab080,72,Male,146,81,No
8ca897e2-b39c-461e-8c11-97d50acf3d76,82,Male,165,56,No
f701da9a-531d-43ba-9c1d-7c8eb236e3b0,63,Male,39,14,Yes
11c25ae7-8595-4576-b52e-a243922b1527,42,Male,22,98,No
83985030-b1f7-4027-a83d-a2efb391c037,78,Male,144,69,No
bcea3fab-cbf4-45f1-bfd5-fe36c25c2731,82,Female,51,22,No
c61fe622-2803-400a-99c3-f1d0d5d3e7cd,37,Female,173,60,No
fcdcab36-cea9-4ecd-841d-6ca56b6f82c4,89,Female,33,95,No
0501dba2-e94a-4c29-b70a-b5fb73ca73bd,56,Female,36,3,No
f8dd8811-db56-46f8-b0e4-30f8927b6e29,24,Female,98,17,No
caf4ae9f-891a-44fd-b70c-8dac83b7a3c0,85,Male,175,30,No
5d36b509-a9ad-4c53-96d1-4cef5e413416,79,Female,90,76,No
41bfb37a-335c-4107-ae07-273189dc49da,58,Female,63,99,No
b1b03b74-6428-4f50-9503-6c709a4f51ef,21,Male,134,21,No
ec2a8190-2bc1-463e-b54a-7080878561a8,28,Female,94,42,No
f9653e30-bb87-4d3b-be7d-48eb850208e2,55,Male,71,32,No
f456edd5-efad-404c-aaa9-ad821a893fd5,83,Male,186,89,No
fed7ffa5-c2d7-4077-ab9f-32b956eb6c48,62,Female,144,17,No
eb065f9c-09b7-4a7e-9ca1-b464f30f312d,18,Male,84,39,No
176a652b-a419-4186-9146-6ecfe4c5f34b,57,Male,39,92,No
d830df1c-021b-4737-9a32-a0a263e33367,19,Female,117,13,Yes
e9ce9a90-4606-4e19-80f4-227f65aa64d0,87,Male,159,82,No
9d47ff63-5357-4abe-a409-f562df31296d,56,Male,144,80,No
8c0f4ec5-545f-4381-993a-f763eb674d58,90,Male,150,28,No
0068c9f1-7ee7-4863-a637-f0d0923867ab,28,Male,180,49,No
b8e1fe24-4450-40db-a869-cc456215b716,75,Female,26,40,No
38eb59ce-1603-419b-802f-6a99b440ed0c,27,Female,61,36,No
7c7fd3c1-77e1-4ac7-aaf5-f999a305a402,58,Female,158,56,No
a0a6fe3b-28bb-4e31-b3d1-686e98e43188,60,Female,155,77,No
5a4290e5-eb14-42ba-8149-9de33c9d5e4b,40,Female,45,100,No
c26e2583-aab6-41ba-981e-90e6decc99c4,54,Female,196,30,No
9fcd55af-0d44-4d6e-8213-fe1c4fd6154a,69,Male,108,31,No
7baf13bb-b6c1-451c-84a7-acebc0ce2aa8,48,Male,40,10,No
47ffaa3d-98fc-4380-87c6-24c4c2c01bdb,71,Female,179,45,No
8028c712-e500-4532-b8e8-ad5f16bc91cf,52,Male,138,38,No
369424d2-00e8-44a6-966a-b785f13193a0,32,Male,50,36,No
9683297a-c187-465b-a30f-9b49c1ecfe85,65,Female,91,36,No
51a1037a-339b-475d-8eec-de57dd922d66,23,Female,73,44,Yes
e165d93e-40f0-4160-a5b7-1564961f52f4,88,Female,161,20,No
6ee1ecd5-7f75-45cf-9bd4-00e4347319a0,66,Male,129,45,Yes
3e73d57a-61ac-4079-9f1d-a6c514ca035b,46,Female,171,47,No
199d9cf2-20ce-4577-bfb2-0fbcdc0afecf,22,Female,63,61,No
ef2bf876-84bd-4841-978f-3aafb47dc958,86,Female,200,73,No
1b52a357-dd10-4ace-83d7-790d9ab5eaa1,48,Male,24,52,Yes
1acb8d9c-c413-428f-867c-cff8986254f7,63,Female,75,74,Yes
5fe9bf02-af35-4615-952a-dc51bd3feeb6,48,Female,53,75,No
f21a1884-7a9a-47a4-a89f-9fd0388eef43,18,Female,135,87,No
180e51c0-545e-44f8-9a07-dc4816587295,85,Male,31,27,No
bc539243-481b-4595-a7b2-19f107658683,85,Female,73,29,No
a2954bd2-a7ba-4711-b5a0-16172beeac64,22,Male,100,50,No
b0c6f227-b0e3-4989-b102-f37f2de5e366,23,Male,57,78,Yes
326e13ad-cda6-4e5a-af2a-27d2c96c8227,69,Male,21,33,No
8a19655c-215f-4c48-a8ea-08da9fb6fb10,79,Male,122,53,No
a7d97dbf-6e17-447b-a6ef-7ea9b8150605,58,Female,67,75,No
18e8e4df-0899-4249-bc92-3ce7028b55ce,62,Female,169,5,No
b5121a97-8805-4b68-8153-b46fcf4da7ec,82,Male,102,84,No
d15de9d7-dc98-4418-aa77-d9379dbf219b,42,Female,52,36,No
f7db57ed-aac3-47ca-a120-e38aa7cf5d27,18,Female,104,65,No
8cc07169-669d-463a-9d7b-3170e9597829,19,Male,32,8,No
741fb135-98b5-465f-a8b1-f6867086b4e0,44,Female,82,64,No
e967ae55-a7eb-49e0-b9b2-b72197474a94,22,Male,58,36,No
1f69ec36-4a26-4544-9a06-28fced34698c,68,Male,91,14,No
ad45a742-ef55-408f-9340-838b27d189b5,21,Female,183,62,No
5c24f99b-ecb1-4e6a-bbce-67785435a638,61,Female,65,60,No
012af73b-5f16-404b-9cd8-083577281d47,21,Male,129,68,No
cc76e68c-07ab-4b9a-8c5a-ef36b167dced,57,Male,106,62,No
5d61a695-3330-4e72-af29-a71a4e93bd6e,20,Female,77,6,No
2a202698-c719-46f1-ba5e-f23838b38b1d,65,Male,147,93,No
4d71c963-84a2-4c6d-9aa5-5b56979504d6,66,Male,118,61,No
c718564b-4027-4f7b-9057-420c4f8d8b5c,25,Male,168,20,No
06cd759f-3899-42ac-9d58-47ed3351983a,60,Female,128,66,No
87f7baba-4a74-4335-93b6-2f60e1c3e7e6,41,Male,131,25,No
81c3c1df-6fdf-4dc1-a0d7-39ee403ac87d,32,Female,125,38,No
70dfbbeb-11ce-4287-8072-f5168efd8cf7,31,Female,55,14,No
f8f5704a-4670-4093-97f9-7f4d0b24bacf,75,Female,22,89,No
bad30b03-53fe-4233-b18d-0e028ccab2c5,41,Female,161,19,No
b9f64e02-b7e9-4010-bf8a-5c080b7a3281,69,Male,35,54,Yes
70a6fe14-b05b-45da-932f-e22480a98de1,22,Female,111,15,Yes
f60abe2b-7de5-429e-9825-ee40c7df026e,39,Male,131,87,No
009eb422-cd9b-44d4-a4ae-0e0b979ad7d3,67,Male,41,73,No
6d19d5b4-1810-4662-99f2-2238ea49bc89,19,Male,41,7,No
07a1f9f0-cb00-4fe6-9f8e-873a243e435b,53,Male,49,63,No
2d991971-7eca-48d7-8849-619839dab49b,36,Male,152,24,No
71aea59f-40d4-467e-872a-493458851326,52,Male,84,66,No
e308334d-3874-4c39-922b-e4dba3950adc,72,Female,162,30,No
1dc744b1-5eab-40c9-917a-d9d248ab166c,40,Male,65,19,Yes
acf50dc0-9c43-4e25-814d-a944ecfeeddc,41,Male,196,81,No
7a4eb09c-c226-4ecf-b33c-b635f20fed72,47,Male,176,57,No
0a431c09-8b99-4b54-af49-0b8e0e5e6278,50,Male,143,32,No
e5abd44b-901f-4c92-aea6-80308d52b419,41,Male,140,60,No
706dec8e-1f50-4f09-8c09-aacd9318d36a,70,Male,174,58,No
41556274-e07e-4941-8c37-49d7609971af,87,Female,168,32,No
66b9c556-f36e-4ec3-9069-681ef42b6817,28,Female,30,16,Yes
e48916cf-edb5-4ed0-9d88-d5259f93571b,18,Female,198,24,No
b9801585-b3a0-4f25-a13e-4fb76f1284a8,32,Male,41,21,No
f620a3b6-f567-4b31-b2c6-b756b4052cf6,29,Male,154,93,No
2c36b4a8-b02e-4f7f-aeca-2170c8cb621d,32,Male,121,3,No
f491811f-88d1-42dc-a1be-57a9b62e48c0,26,Female,41,20,Yes
efaed737-8287-4e60-a1ce-14dbecc879d4,75,Male,78,47,No
b24cada8-2b35-49ee-807b-de042ced4a77,62,Male,29,16,Yes
a5ffd0d1-77f9-4aa7-9eea-f0fbd5c98da1,58,Male,74,97,No
76779545-0927-4765-8678-5129695ae2c6,89,Male,193,77,No
14f3d551-1e4e-42af-9755-a2e706bbf707,38,Female,58,37,No
15a57edf-4d7b-4886-8024-8eccfeaba34d,29,Female,162,49,No
fdd149b9-98c7-4a41-9b7f-b6944a0f1d9b,89,Female,178,68,No
586fea4d-28d7-4ff7-a783-321dccaae0ce,46,Female,187,89,No
63f7171d-578e-434e-9f63-4d9358a010c3,73,Male,76,36,No
82e2af03-813a-4930-a56e-ac15bbded6fd,33,Male,96,79,No
598d8f76-5494-4bf8-a076-c6809e314997,69,Male,185,13,No
dfc4e3a8-f3b2-41a0-a8f9-32fc48d928bd,45,Male,92,42,No
d322872e-4509-4d79-b00c-2e4d3f80ef20,73,Female,175,98,No
ff757194-a476-448d-ab5f-5137d0955f33,73,Female,100,59,No
f8c7069f-284b-429a-903f-d4c18b721add,61,Female,85,57,No
d1e45d9a-9b50-49ee-8b7d-a7c5b65dbd23,80,Male,60,50,No
91ddbca6-e243-49f8-8c93-0699b84f364a,53,Male,43,92,No
f876f8ab-6696-4d96-966a-388b736aae2b,51,Female,68,42,No
dedcfce9-f478-4ffd-92c4-85283d168267,69,Female,42,31,No
3a263fa1-c6d5-4aea-bd58-57ef6c3ee58c,52,Female,143,71,No
51ae93d2-645d-49ac-999c-502de4585c6a,24,Female,188,90,No
03fc2d95-c553-4de8-94d7-571eab012609,58,Female,135,31,No
c72b0082-76d5-47c0-b30d-bc9de617eff8,20,Female,82,7,No
24f8b9c4-efcf-4789-93ad-6e8119dd7629,36,Male,52,78,No
810eea6e-5849-451f-9670-16a14d97b0fa,22,Male,105,76,No
a3a8def2-9fe8-416f-9763-aa146338d920,19,Female,70,76,Yes
68dd42b4-4904-4395-a062-f5ff8e88a0d0,34,Male,199,50,No
537e7c65-3a14-4862-9e4a-71578b3615d5,41,Male,179,89,No
a631d46f-ece1-443b-8c0a-8348930f3585,64,Female,138,41,No
6fb0d538-4aa7-47ef-b99e-f2a111e5a39d,55,Female,133,79,No
0e6a4125-fc48-44d8-be7f-af895b96e7ab,31,Female,86,80,No
146f21b0-b65c-40e0-a973-ee3093cc9960,58,Female,109,75,No
f3c61d51-64a9-4490-95ef-0a0a24fd6b0e,64,Female,142,90,No
18467f4c-7d2f-4e4c-b8c7-0420c30313a8,57,Male,180,78,No
b55933aa-0e44-478b-8002-c69900ccb4af,73,Female,187,15,No
4b72089f-fc1b-44f6-9375-9e7c15a1dc93,37,Female,31,36,No
06baf16d-4dd2-43a0-a379-53e30480399b,40,Female,195,10,No
03261e96-76be-4f7d-a0c8-e5d786322002,80,Female,193,95,No
c4777eec-0ff1-40c1-a0be-ca829551c8b0,51,Male,191,28,No
276ed9e5-c64a-4c48-932d-7700bd7a30bd,22,Female,93,85,No
43e3b56b-ece9-429a-9bef-bb3719553a3b,63,Male,181,76,No
847a17d0-0b31-4201-9ccb-19124222a9d1,53,Male,151,55,No
6cf0f7e9-ff6b-4e0d-916d-6d158498cd4d,27,Female,178,39,No
042829b0-d3d6-4f9c-ae3a-d3ce4a109850,22,Male,151,92,No
8f2ee6cd-a74d-4d0a-b6e1-c43e757d109d,75,Male,195,27,No
77ba50fd-1b1d-451b-9fec-0618abbb136d,51,Female,190,48,No
816a274f-f268-449d-b5d5-817a34c86a21,43,Male,151,7,No
93c1fc28-9571-4838-8d0d-9ff659e5a0c8,74,Male,39,7,No
1eb78ddc-9d73-4fe9-865a-adce754386bc,25,Female,143,44,No
a390cc93-b4ab-49ac-84e6-7cf3b5fbb157,40,Male,142,30,No
95747d95-86ad-4664-9c82-b4dc48b41eab,25,Male,113,58,Yes
ebc3155a-6682-4a97-916a-e8b3e47a8b75,24,Male,177,38,No
cf0e45ce-a44d-40ad-9d08-1913fa2f2db3,53,Male,173,21,No
e998600e-f2c7-44c7-925a-ec803a4e7c51,63,Female,43,65,No
40bec55c-4fcb-4620-b596-b354f84c3127,80,Male,132,62,No
a984d3cf-34b8-4615-81d0-42b9f551bbb6,89,Male,52,97,No
86c7fc6a-9bfc-4d77-bc50-b724595afa25,84,Female,64,51,No
c77e738e-d820-4a2f-81b1-4b46024911b1,28,Female,100,21,No
b0055a70-ce2b-4187-ab08-4a8c649df414,24,Female,56,54,No
01eef235-8c24-458a-979e-fecb66ee18d2,62,Male,40,7,No
f0071b3e-3e8b-4057-bc2b-e191b1db4c0c,69,Male,138,71,No
5ea2bcaf-c9ed-489d-af47-156df2f74142,41,Male,148,96,No
8c504e5f-ec9b-4832-9276-dde8a220623d,51,Male,46,91,No
cb48d163-9f97-4869-adbb-b8d1e352cdf7,50,Male,107,71,No
047f3b72-5cf1-49f8-92b3-01a29fe2bfd5,30,Male,30,62,No
1a6f6dbf-8ca9-468a-81b9-09b01b0fbad9,33,Female,138,78,No
00fbc6be-c928-4800-bc53-9197be55ca87,18,Male,165,73,No
5124535d-c41d-4fc8-a986-e5ead026ecb4,84,Male,151,7,No
38d91eb5-ead4-487d-a2db-92670199a41a,20,Male,39,44,No
69400dd0-fc10-4cc0-91d3-4f53afb53c87,83,Male,182,21,No
5c5f1ce1-0880-4dea-b341-c6e1ace2ca80,46,Female,145,68,No
d308e15b-011b-4764-812b-f76fd9b7eb72,20,Female,78,33,No
45347545-3d2f-4f65-a664-1c0d7aa91c90,77,Male,123,4,No
5f794454-b37f-4c7a-a7d3-98b8ac2f2d45,63,Female,191,65,No
9d1abf54-1dd5-49a3-9fbc-aa860c16bd80,75,Male,54,20,No
684a1be6-1c94-4d3a-86fb-0bbc7653c0eb,29,Female,102,51,No
9f44bb10-87b7-4262-88f0-49aab221f497,18,Female,134,73,No
7417c1c3-b230-4244-bf5b-d32d304fbfdf,33,Female,24,14,No
bc24ab29-aa4d-4238-b0fa-571ad6271d35,55,Male,154,30,No
d9f81479-8c9b-4f96-aa40-832998a0529e,42,Male,64,65,No
79039316-ecad-4b48-a129-d68c2c0c5210,27,Male,33,44,Yes
a4ba755b-65e2-4436-b5bb-a0a89bd3f156,63,Female,30,81,Yes
3b5bcbe4-dbc6-4cdc-9c77-0ee5dbd718d7,67,Female,143,38,No
a8bcad70-0b0f-4207-a0ca-8d88353b2646,73,Female,171,68,No
20501aba-b3ae-42ab-8076-a57eb0bbd322,71,Female,99,35,No
002c353e-bb56-4590-a66c-38c728ded7a6,41,Female,24,3,No
ffc13f08-2e17-4ad8-b9a0-19a8f71a67cd,67,Female,193,98,No
94422731-7ffe-433a-8695-ab90b5dd07f9,71,Female,124,17,Yes
f96487be-794b-413c-8ff0-16c0d0f4bb61,72,Female,22,61,No
208222c5-00aa-48ed-81c3-b25c7a60e2a5,78,Male,142,20,No
2d6907fa-7380-425c-8cdb-422e4246bce1,72,Female,166,10,No
11df8fbc-08eb-44ee-90e0-f274b674a4de,82,Female,144,27,No
4e0b85cf-f25a-4159-b36a-10da15388f1d,18,Female,190,96,No
031c8eff-79af-47d3-8293-cf3e7fb1081e,60,Male,53,70,No
82c5159d-9291-4816-96b1-e8e35d08beab,46,Male,147,36,No
f926339a-08eb-42c2-8c5d-b47e6e540b87,68,Male,173,46,No
c0d1ab04-b4bd-4462-af80-36dda86cdf94,48,Female,36,77,Yes
11df865a-d1ba-430b-8d35-6b6423198a42,88,Female,188,60,No
7a911220-fc1f-4873-9926-93441a2db0aa,56,Male,63,48,No
174f4ce4-4cae-42bd-91a7-221c6e387ee8,25,Male,164,14,No
538b2b6f-6ea7-4a84-8854-89023ae1fd17,28,Female,175,14,No
4ce4df44-d4d8-4778-ad8f-99ff3e33e3bf,28,Female,193,70,No
c4c3ea9f-8e3c-428b-9cec-75e2c0268250,76,Male,95,1,No
f412a305-d21f-4ea7-96cc-0f58a3a6b4ab,82,Male,159,65,No
522fd426-640c-435a-a579-b572c687222f,34,Male,64,36,No
36b2d3e1-3b40-4f80-a72a-9501325ca8a2,47,Female,175,99,No
ab19a586-f6d9-47e3-a46a-ba95c63d9c42,36,Female,157,63,No
c3788633-4bec-4301-a930-d275020dfb00,57,Female,115,45,No
b02baf45-375f-48f6-b4f0-f5da5d0cd1f5,45,Female,67,8,No
809df492-a2fe-4ca9-b678-ce79348cc437,53,Male,174,21,No
16d34bc9-7f6f-4797-a8a5-cd908a9ff3c1,64,Female,160,11,No
cb8547b5-1e5a-4881-8d1f-0cea59a28a19,32,Female,188,78,No
aa89210e-cf7e-470a-8112-efc10b793132,46,Female,105,86,No
2db4717d-aca2-49da-aaf4-45c1c90d44ae,38,Female,82,25,No
64d77b6c-a145-4189-8d39-b376e842c06f,38,Male,99,87,No
dd07aad7-7db1-4d99-bdb4-9f5dd2da4199,56,Female,173,93,No
e38dc9f0-4a82-4d82-aac2-53f41a7da26d,76,Male,165,23,No
67487786-7a71-4673-bbbd-fda3e4391140,39,Female,42,4,No
df8a4477-422f-45c3-a97b-d17c152d3611,71,Female,30,33,No
288a0f61-4d70-47a8-bb21-c77a38eae531,26,Male,133,58,No
e452c0aa-f503-4971-8943-14f1bd6f8389,22,Male,50,76,No
77b2a0f0-e023-41ac-92d8-f9513ca67e22,72,Male,127,20,Yes
b96b1e12-d4c9-4ca7-a344-c27fc618aa50,64,Male,191,56,No
23bd37b7-e9c3-4731-a5dc-674cb7c4fd62,46,Female,43,95,No
c3ebef17-220a-4379-b647-3ac8a7041422,51,Female,185,80,No
b3bc1295-9c58-40d4-818a-a9b8ce2ff6cd,64,Male,122,49,Yes
24fcfc51-3300-4ed6-85c2-ad5685696c0b,72,Female,131,36,No
09462cb9-90e2-4d48-b0ca-05881bee4386,28,Female,198,23,No
45184c7e-a4e8-4afc-8305-b1266a643468,80,Female,142,56,No
15dc53c0-42ab-4d88-a43d-69f5ca838efb,51,Male,124,58,No
38423731-9ed6-4861-adc2-600721cb805a,71,Male,45,51,No
873d747a-45e8-4f86-8c9f-bb8b4aea609f,74,Female,50,69,No
621e00ea-a2e8-46fc-8edd-c8ef14718e87,69,Female,146,1,No
a227b6aa-1057-4286-b2e1-855181b11fc3,64,Male,99,28,No
daae4d7b-2829-4b33-a731-6c38bde967bd,32,Male,116,84,No
6f7467ae-6245-45a6-b05c-dc131bbcaf7c,53,Male,164,91,No
05fbd97e-977d-4e4c-9a02-4d03bb785303,38,Male,163,2,No
fb8b0e8d-4a6a-41c7-9a3b-1cfddef692eb,67,Female,64,17,Yes
6fc8d0b3-1d70-40d0-bb9b-5a1bf95c6dfa,19,Female,128,83,Yes
2f5d64e9-5a2a-4efd-b582-4517033c5d1b,19,Female,170,88,No
033fc9c9-c6ba-4f73-90c3-7e067186509e,47,Female,150,9,No
4f97a661-6c18-4852-9dac-e2cee70c8d5f,38,Male,65,24,Yes
1d86cec9-fd5c-4b2c-9eea-31a4c142002d,90,Male,59,73,No
66ed95cd-4c8a-423a-9325-dbac3f09c28d,28,Male,134,73,No
806f1bff-3882-4776-aee7-4befc0dbde01,85,Male,109,76,No
73295c89-2527-4320-b21c-70038b38560f,33,Female,159,76,No
bf5eb941-a505-48a8-aa08-aa1c57fddfb4,68,Male,102,90,No
ee667545-6216-4af5-85af-3b941291b179,79,Male,42,20,No
b5d186ea-0c63-4090-977c-4a25f838a02c,55,Male,140,98,No
0cbe0e5a-63a9-4ff7-920f-c12a7297b148,30,Female,150,5,No
d53c3919-784e-4257-bc1b-4efb01bc68f7,78,Female,139,61,No
8be9f117-3a3d-405c-906e-573710837cc5,85,Female,68,23,No
4b033a74-ae5a-47be-a012-c85a44f91ce2,80,Female,89,81,No
04b5027e-c331-4c2a-a631-5ebc70280d04,79,Female,163,63,No
096d2356-41d0-4182-b838-6dd1eb3db24e,77,Female,20,62,No
c0354d98-8ea7-4df0-a557-8e55611ae328,87,Female,178,68,No
3811d944-2117-421c-a9f8-e181bc6dfa73,85,Male,97,88,No
1799217c-bcd9-4ce6-a8f2-5f09ce97733f,45,Male,89,75,No
d59a0a3e-9f47-4bb2-9430-c8ae8a5abbea,30,Male,67,73,No
6b6b758c-4af9-4c34-b816-6497713abe45,59,Female,158,28,No
1c8e1657-b7c2-4287-8b3a-8a391e9d771c,64,Female,85,19,No
0c42b1e0-b692-4d52-9890-f8d8cfff1cb8,22,Female,169,37,No
7476756b-e5f4-485f-a5a5-6a01766d69b5,52,Male,138,66,No
f13ddc79-41d9-449d-834a-58e6f79bbb9e,65,Male,200,50,No
4d11a977-e2a6-44fd-b8aa-15c6badcbe22,87,Female,154,88,No
21da52af-1194-4c37-adba-aa39a6393706,52,Female,186,13,No
a2916447-4a64-4fe6-a124-ab3835d49c9c,18,Female,187,61,No
3cf50665-3115-4c54-988a-ac81a93c8c5e,78,Female,115,93,No
63f30e52-ac52-4b7a-a4b8-b4e4fd58285c,59,Male,41,81,No
2db19488-22a6-4128-8364-fb8db688ca9e,78,Female,67,17,No
b27133b9-a2bb-4220-8e8a-985d18bd65fd,39,Male,173,80,No
eff423f7-3e57-41fd-90a3-76eda474d261,56,Male,190,100,No
99d312f7-dfef-4245-9bbf-61e7e0586fb8,64,Female,46,99,No
22c7fba7-0e7b-4c56-82aa-4418c6feff7a,54,Male,67,91,No
9177bdcf-6559-472d-b892-92334c4c399a,70,Female,147,83,No
9744742d-ea19-4987-a8a5-ea4727e9f2c4,57,Male,23,92,No
4e5afc29-76d9-4769-87ad-4ccb23bfcaf8,44,Female,121,76,Yes
ef9f49db-90e6-43b2-a9a2-d04ecbe8a58e,43,Female,108,51,Yes
f234dfbd-71a7-49d1-bbe9-426d6b333284,52,Male,135,91,No
efca7f6e-ae4b-4f27-bac0-7598415fa205,38,Male,98,85,No
0146f18c-7699-4ea8-a8e6-efbe5df91d9b,39,Female,23,75,Yes
2307d0be-cd0b-43a3-8774-a965c5f26d8a,79,Female,128,64,No
6c7609c0-d3a8-4611-b770-52bd0660a771,27,Male,26,22,Yes
ffa0a3b6-ec3a-43f4-b743-6d75c2c16bfd,53,Female,24,84,No
058f8560-c59b-4cf6-ad7f-2027132f75d4,81,Male,76,30,No
15b19010-b9c7-4123-be62-777d5709cbc6,42,Female,48,4,No
466b83bb-7f83-4081-a64a-cc9cfe7877a6,31,Male,74,56,No
1798ea9b-800a-46ff-8b38-ab284c55461d,88,Male,47,18,No
127846b1-d166-493c-99d2-d2d54a69a487,30,Female,161,11,No
8fc26311-b125-4883-9f29-55861cbfa076,20,Female,146,23,No
63f0354f-0e23-4a9c-bfae-6abcb97ce0ba,69,Male,54,52,No
bd0d4304-1e5a-44ee-a3ba-482fe2818844,75,Female,168,44,No
b707e412-2cf1-4fee-9621-4dd5f770f84f,38,Male,148,76,No
5dc2e89d-0dbf-4180-9359-efe5917d686e,48,Male,154,80,No
c803369c-a506-4296-b4a7-82aa0afd70da,22,Female,127,41,No
1adddcd4-0215-4b12-b804-5ea9387d9bc7,71,Female,70,94,No
30296819-1eff-4bc1-bdd3-b69a01710a84,56,Male,116,67,No
7522e721-c4f3-42dd-8e1b-6c7d6724ecef,54,Male,108,64,No
bb556ec2-2af0-4c12-8fd7-28c3b6412d12,56,Male,147,60,No
1152ea33-01ec-410e-9f9a-532004dab641,46,Male,117,51,Yes
527bf3e1-1683-4ad5-a9bf-f812e981bd0f,52,Female,100,53,No
3d182cce-0a74-4b30-b986-0e90faeec395,62,Male,198,50,No
0a94cabf-c701-4749-a7ef-ab1807127fce,82,Female,167,39,No
fa34eaef-9427-4eba-94b6-5b76641e87ca,52,Male,150,33,No
0ee8ae85-ed8b-4cc6-ad00-102a382c5ed8,22,Female,59,49,Yes
06be8b81-caeb-4396-ba50-db96f27af048,76,Female,185,79,No
a0712171-e3b1-4cb4-8086-cd1b9944024f,65,Male,92,75,No
0d18be3f-b0b0-4a66-9965-a30fe83c25c6,27,Male,45,41,No
0c3e0732-0a70-4e7e-afcb-613755fc4d3b,90,Female,147,8,No
3a095516-9b42-4e19-99ee-3be8a0c099e5,30,Male,156,96,No
5bcd6583-a799-4985-8408-bb8d10443879,34,Male,190,8,No
f0c658ef-f0e4-4863-a9e2-52d3f57e83ef,59,Male,57,4,No
0b1937ff-7a80-4918-94d4-33e1a851cd0c,23,Female,138,11,No
06bfdb6c-122a-46a2-9864-4b93ade5f8da,40,Male,50,45,No
c5bdd0e7-6600-4f2b-aec2-4d6f6e2f6f19,89,Female,77,71,No
509ccfd8-2b03-4876-9825-a9ebf8db2a4b,57,Male,81,72,No
14119680-452a-450a-988c-c75ab64269c6,28,Male,159,77,No
654fcb47-da24-43be-bbe8-6037e1b1d78c,79,Female,152,99,No
ab2c4cb4-14b7-44f1-ac7a-bf6227933bab,61,Male,184,53,No
d64603f6-1551-45f3-93a4-330d42b5e7da,50,Male,141,19,No
862abedb-1e06-4688-8a15-0d45cdda8045,58,Female,75,80,No
2cf876f6-acbd-4d8e-b64d-ae5e8c01d983,72,Female,135,100,No
a4c70c8f-3327-4550-97cd-554d9a596040,20,Female,117,74,Yes
aedd4298-bd1e-452e-8fbe-457eaeaa7a97,86,Female,155,62,No
c2caf48d-9a66-4209-8e6f-4aeeac616093,82,Male,163,85,No
1d75fcbd-b16b-4134-8acc-6f761f0d9b13,43,Male,43,12,No
c189d8ff-d7f6-472b-969c-1b43257dee1a,27,Female,87,85,No
5e646178-b8e1-4f91-9cee-dea4e021dc6c,60,Female,157,85,No
7c8eda2a-517e-4e51-a601-967f6aac27a4,35,Male,123,60,No
e4e97cb4-070f-4c05-b166-35bcab68393d,18,Female,54,85,No
a715457a-5533-4b9a-b651-bdfe064e63d5,47,Female,72,41,Yes
6a962854-8be7-4691-b27c-3a2b862d001d,26,Female,59,26,Yes
5b017c31-92e4-4b65-910b-b74487257ca5,79,Female,38,69,No
794c3079-ba9a-4efa-a9e3-0fc340de8faa,89,Female,24,91,No
d391de3e-72a5-4485-949a-5e38f044baa5,28,Female,46,74,No
651fe35c-0099-43d5-a874-95fd86cf75b8,46,Male,95,59,No
a0d8a182-c63b-4370-bdc2-0e7d2f17ae0e,58,Female,128,5,No
76d3ded3-ce9c-4100-bcab-0b03abe8701e,44,Male,123,59,Yes
4ce8b51e-66c9-4a9d-9dd4-1e8b7c669214,18,Female,35,89,No
9cb017ae-aac2-4b4b-af19-ed16c4c9700e,27,Male,141,26,No
31de57e0-6af9-4637-8fd8-9165a2805a74,89,Male,92,20,No
384eddd2-9613-4314-840c-b53810d39fab,70,Female,123,31,No
917a0de8-a765-40d9-b6ee-524ea615cfc9,51,Female,189,11,No
1f084064-9ada-4dc7-84df-b174e53f241b,58,Female,36,4,No
47e121f2-cf61-4996-8e4c-e359a35a3be7,81,Male,80,2,No
e932d72d-ef0d-4097-a657-cc1a140dfcfd,90,Female,142,80,No
e0ab17e7-e6db-424e-86ca-87260e4f601a,86,Male,173,98,No
e16bf957-80dd-48a1-9ef3-58c22078ea26,51,Male,22,62,No
4c43f4b3-6926-4921-859c-c538458d77a2,39,Male,131,96,No
716c8997-0b30-454a-a5b0-9d6297aee6fb,36,Female,88,56,No
160cae26-5a36-4fbf-99a9-0e5cec62474c,54,Female,42,52,No
ae8d5035-34e9-4ec6-aaef-3d1088b10e5b,18,Male,60,12,No
f87301cf-0d93-489f-a148-8e23cddb1000,55,Female,188,7,No
9f95f4da-2c77-4758-a824-89cca4433caa,80,Male,39,50,No
310c67f2-dd51-4a7f-9b79-2385f4a6945d,60,Male,64,43,Yes
9e6cf5b2-a8a2-462d-9df5-39d17c0e4f06,66,Female,119,24,Yes
6f7e4669-feab-4a02-b4a1-e8c21f58b612,86,Female,51,94,No
e4d67c3e-c7b9-48a6-9939-6cd53572ee26,28,Male,186,22,No
22b4fd4f-6fa2-4c77-be5b-57b9175bcd42,44,Female,50,58,No
0b3ba10d-3727-4a93-9e13-71544feb94ac,27,Male,122,19,Yes
fe3f1006-57b2-4898-bf07-f51e98218f45,83,Male,100,26,No
9cf8b907-4f12-409d-aa88-64e73ec89734,52,Male,180,73,No
8e8f6ff5-8687-4966-9427-0906913b2402,67,Male,97,8,No
3b608a83-bc5b-4104-b823-962da4308c6a,30,Male,167,10,No
411abcc1-c06b-484d-8a97-fe3f64c12cdc,27,Male,37,93,No
1e76077b-0965-417e-be55-f9b59c39b8b1,75,Male,124,54,No
332342d8-8370-447f-ad66-6eb6a9a8a865,42,Male,184,15,No
97fb7bb8-cb1a-4e1c-b7e4-5a984dbba23e,76,Male,135,75,No
cee67697-91b1-4c64-b079-da273e67a4f9,61,Female,129,23,Yes
61bc5e7a-bf42-46a8-8c92-742c46b165c6,73,Male,27,47,Yes
288b2de7-b658-4239-9121-cbc571d48de3,42,Male,117,9,No
f2b9c62a-1fe1-4d3b-8afd-c02e953c1f88,44,Female,53,5,No
f8822a98-60a9-4ad5-8b27-6a27ccdff977,83,Female,175,41,No
c96b1097-a2a2-4906-be79-c669b1636587,79,Male,154,9,No
2b93f8a7-e43f-4791-9b9b-a9754cafe8f7,65,Male,80,12,No
a643e947-6f26-4a9e-b03a-1aa818ac1a0e,29,Male,173,51,No
d7d60bca-203f-4a7e-87e3-b24e0f324a71,76,Female,177,36,No
d45af7fe-6fc3-4a66-85b4-4db65622157b,83,Male,27,54,No
ee78c488-5b5a-4673-add6-d45e4e3b19dd,63,Female,45,61,No
33ddceb2-2c88-4079-8acb-8082b4fa8314,35,Male,144,50,No
f087c489-f1bb-43f7-aa62-a485020991ff,89,Female,105,76,No
4a2889fb-24c5-4bfa-a802-55f132745585,62,Female,29,72,Yes
460fa938-97e5-4867-aaae-434e17c607a7,62,Female,138,41,No
913dcb13-380f-4ca3-b819-cc68f898b5d6,68,Male,58,46,Yes
cf13e426-7669-4cae-8ec4-1a7bc6254125,78,Male,118,76,No
2f2fd438-998a-40b9-ab7e-2b8980e4e672,76,Male,125,100,No
edb24978-bfcd-4be4-964c-77f65ad78a62,56,Female,83,67,No
ee539b0f-05b6-4a48-8967-bbb881855d5d,65,Female,107,77,Yes
01095e70-9002-4387-95c8-d7b93e24b091,78,Female,36,2,No
85590b68-cae8-4f9a-a194-1d79887915ac,68,Female,72,72,Yes
fb437d24-36b5-4a6f-a53d-788624c9163a,73,Female,192,70,No
694c25f6-18fa-4b54-8d4f-056d1112eb11,35,Male,100,95,No
8d1654ec-a258-4e8d-a741-2b2ad01813ae,87,Female,98,76,No
9be8c9c1-e453-441e-9293-62b47d09bfb6,71,Male,195,73,No
d7dfe310-508a-47ec-a135-e82cc2d3bba3,19,Male,135,82,No
8b628d12-b419-413d-9c33-ddd8b0da1433,77,Male,64,2,No
f184e4b2-914b-449a-b597-53f98eaf5de0,66,Female,164,3,No
27efb71a-931b-41da-bef8-cf9da81fb306,31,Male,42,23,No
47fa60d5-910f-4b56-bec1-47dd042b56f7,74,Female,137,26,No
f0222ece-3863-4c15-b69c-082b2557e852,29,Male,26,22,Yes
e2f601ac-831b-46db-81db-07652aeeda1a,76,Female,143,37,No
0e0efad1-5aa2-430a-9060-5b22f561cad0,88,Female,187,6,No
b202c0a7-b548-4ef8-8f8f-30039899532f,68,Female,29,96,No
65916984-32a8-4440-9874-58ddc56dea39,70,Male,160,4,No
b5da1148-af4b-4fd9-ab7c-138d54bce465,63,Male,87,88,No
9a56f5c9-e48b-457b-8770-6133ec0345cb,50,Female,172,47,No
1f0f0bec-a92a-4964-bf84-474598087fb2,80,Female,63,84,No
786514c9-9676-4bc7-a9d1-95a6e7988c0f,85,Female,93,85,No
50867e50-56b3-4760-b566-e8b121134a40,24,Female,122,16,Yes
b9402aa3-6fea-4409-b378-d8d6a24c617a,45,Female,143,46,No
484f4a19-6532-4bb5-b4f2-ec029d4dc0b9,83,Female,107,70,No
36973a5d-83b6-459f-8fa4-85ae8ae5412b,88,Male,88,62,No
8068c05a-7854-479c-b7b7-e084195e38c4,69,Male,82,1,No
88f0d0f8-8751-4fe6-8efb-3bfe825592a5,60,Female,85,29,No
5ea17bb0-1202-4f6e-ac77-69edde6b4b50,78,Male,148,30,No
ccd900fd-72d6-4b7c-ac03-b613ecb672cb,19,Female,166,90,No
33929683-6cf1-4d45-bf96-078d58def415,47,Male,86,87,No
3530f314-3a8a-4453-a891-d7e2f540b5f1,62,Female,166,72,No
615ac726-a21c-4f05-b81f-0006e84a95e3,71,Male,89,19,No
44cc2c16-696c-4b96-8d84-945a9c150a10,58,Male,39,96,No
67ef8353-1296-4127-bb38-1ebf1ecdeb60,59,Female,85,58,No
14445f53-8b41-477b-b858-53a1ec203fb0,45,Male,114,3,No
ce9513ab-fad3-45aa-b187-6970316422c8,18,Female,175,16,No
7cc0302c-5257-4a29-a071-75be4a76ffaa,43,Male,89,50,No
da1ea379-a3f3-446d-bc45-0f35ddea5e7e,31,Female,198,73,No
d514510f-e125-4b95-9ec7-3e7051f4eaee,64,Female,192,76,No
c0d9811e-3708-484c-bae4-6b06018fb21d,79,Female,192,74,No
96795d0e-c83b-494e-b6f1-cd27b1c173df,19,Male,51,84,No
f533812e-0e27-46c5-86f3-842057b20cf9,25,Female,41,23,Yes
98677ac2-ba83-435a-b999-e6345409ae7c,57,Male,157,36,No
3324470a-9b99-492b-a2df-cfadebcf88cf,33,Male,36,7,No
66011427-5e14-4038-85bc-ab78d5b06348,79,Female,40,45,No
2c7c8151-ffb1-4524-9c2d-46f3b1610127,86,Female,169,27,No
d9ae67f5-788c-4402-bc13-133956562ff9,50,Male,77,83,Yes
43ef0248-1474-4a6d-872b-73c98937cd1d,73,Female,189,42,No
572527d1-c838-4a56-a255-7a63baa48c16,32,Female,191,95,No
058856ad-bd74-45ff-aa95-d9f9d9f67207,38,Female,199,30,No
ccd3f451-3ee3-46ef-87be-06465e59149e,51,Female,194,49,No
e63a3277-ca21-409e-9055-7363ca27e7c1,59,Female,42,30,No
b15dafa1-0b27-4494-b10e-3120ff213276,72,Female,80,78,No
860d6a64-2a95-4271-bd6c-d73395282e98,23,Male,183,81,No
79cef024-eaee-4ae7-904c-060eaa4e0e6b,69,Male,153,23,No
207aab04-5ea2-490b-85f9-9855cf35ecd5,27,Female,151,29,No
3f8c8c91-5459-4dfc-be7d-ddb6ae8354b6,85,Male,111,84,No
aa58e72b-e22e-40c7-a101-39de058137d8,22,Female,87,50,No
ccdc7ab7-a6cf-4af8-aa5f-0abc25456bbc,41,Male,114,54,Yes
ff0714f2-d9cf-4654-8ed9-d255f911a97a,52,Female,26,73,No
e669258f-b78e-49f4-bea3-889f14584cff,79,Female,142,68,No
e43f41b6-a286-4264-82fe-b33c5c588046,86,Female,37,5,No
3b762e5b-5364-45c6-a05e-d6bbdd1471af,54,Female,72,76,No
30f139c7-d6c3-488c-a290-00cce495057d,76,Male,157,73,No
00cb5c12-ae4c-4dcc-8360-1e542188151e,54,Female,184,35,No
444c5c4b-f5ad-4121-aca9-fcae329e8e4d,52,Female,116,50,Yes
37473411-5bb7-4b4a-bb3d-12fe62fb7856,58,Male,101,70,No
b6b35c2a-7900-456a-972a-620101d4284d,88,Female,113,54,No
8479af27-362f-471a-b0dc-c6d8877aa719,81,Female,46,73,No
3c6ae8ac-bef2-4305-969d-4d50c47935a5,18,Female,22,75,No
96ad38ef-7ddd-42eb-bb1a-3d4d88b43906,50,Female,85,32,No
c98acc04-66a5-453f-a402-ffa6f0c06ff2,46,Male,92,80,No
9607c24a-9660-4b0e-b302-eb3ad41a2d0b,34,Male,58,31,No
cad1455c-2605-4777-8463-8e691c21e9b4,54,Male,197,55,No
447bad13-c9f9-479e-8b20-821ceebbcdb4,82,Male,60,57,No
afabf8b7-caea-4959-8a6f-48eec052afaf,60,Female,101,91,No
017d8894-b9b5-40be-b432-4d8718c434f7,26,Male,81,59,No
6fe9811d-0678-4159-a4a3-24ca29870191,86,Male,70,71,No
7b6c5106-6ea5-4912-8788-a70ab17fbbbe,81,Male,184,21,No
11f34587-cf2d-47c9-9ad9-04fdb5a048ae,70,Female,133,79,No
cb66338e-a2c1-4755-b793-f4f956f1e817,53,Male,180,16,No
846b6bd1-e498-4d4b-a565-96be0cfbab13,43,Male,108,43,No
c431c8bc-317a-44f6-a4f1-19a174706379,49,Female,172,10,No
7b9bd552-7eb1-48e5-bd21-22ef56f0f61a,88,Female,137,55,No
07ddaaf3-6127-4127-a9c9-e80e563ff80e,24,Male,106,65,No
cb045f13-ce5f-4dd7-8edb-265f68fe4e99,81,Male,50,38,No
9bc7d3fe-b81f-4d23-9229-58e11a5110da,89,Female,122,38,No
c4e2cdfb-0c74-46f3-bcfb-45683f9e5856,34,Female,55,38,No
060419cd-1ba8-4b69-946a-8e42f663a422,38,Male,158,31,No
ed00ff5b-ac6f-4dd6-ba48-72d2fcbc6ff4,51,Male,161,17,No
39699c09-7b26-4fcc-85f0-efeed280693e,57,Male,191,93,No
692ba44c-aed2-4ea9-99cb-ce1c4dd3d31c,46,Male,170,22,No
6c34133f-4e2f-4b9b-a1c6-5e1b99ec6c62,68,Male,133,90,No
cc72a070-5e48-4751-8ec0-a3443b567fc4,23,Male,76,1,No
646b656b-1e39-42c9-9995-0dc3e11057c2,23,Male,86,25,No
63ae41a7-8750-41d9-8b03-9df7a5ba3edd,28,Female,138,53,No
6dcc3b9b-004c-4742-bccf-4f602d4c4fe3,19,Male,148,76,No
d6f8a9d1-6001-471d-bf47-101647219e25,67,Male,126,75,Yes
6a60540c-b02e-432e-ad6b-217510e3dc16,28,Female,152,27,No
6b3b88f0-fc0d-4d0e-97fd-eaee454efcfd,24,Male,44,98,No
d5a641b2-11c3-4a8b-a24d-58231cd4de75,32,Female,127,93,No
72893b53-3028-4ddc-82c6-10abe1d82a62,65,Male,108,3,No
6f694fec-c998-47bd-a171-ffba93af6e47,53,Female,52,46,No
4e987633-3228-4cf9-b64a-e7ec3a1e8ffc,72,Male,186,81,No
59ef36e1-aa8e-41dd-bc64-4550a394905f,32,Male,136,70,No
2db68e2c-5ac1-483b-8a47-b37fef2500f9,73,Male,110,82,No
2f4efa54-9408-4abe-9763-77e9c3c79cb0,87,Female,71,77,No
f5c9d0ed-4c11-4b3a-b0fe-9d3f14b4a6b2,25,Female,154,82,No
50dbc0ab-0885-4450-960b-a6e035424807,67,Female,23,24,Yes
fd86bcbc-df4d-4c2e-b651-e5cd6039b5ad,18,Male,171,20,No
697ddc81-dd2d-4045-81bf-aaba63817b1c,30,Female,46,55,No
edb2ea97-e413-4b41-855e-958b7f846f46,59,Male,191,13,No
cfb22922-3508-4142-9cee-ed29b06655d3,68,Female,106,47,No
eac88d75-7dab-41d4-b79a-91abc913b888,62,Female,34,13,Yes
e64d7fb3-e96b-4917-8118-e5e9b86469c9,57,Male,200,83,No
5886294a-f4bd-4740-8b83-951ecbaf7c8a,89,Male,149,10,No
b5a6c7a0-ec13-41f1-ad69-77ffe77f3a03,69,Female,43,79,Yes
2233ba54-0007-424c-b985-b3c23c9722b4,84,Male,112,32,No
6eb2766c-b090-4f7b-bbe8-eb35df47efd5,42,Male,143,72,No
a19abfc5-b6e4-44e4-be16-8bcaf75a97a8,22,Male,74,61,No
8f3f27c1-09d0-4fc4-a3a2-392a279817d2,26,Male,48,64,No
43437467-5d1c-404e-bcec-cd1041f05188,81,Female,50,57,No
c2908cbf-8374-4c93-81ba-fe0f67b2d6ca,32,Male,56,1,No
d0c5c002-bb60-4bc9-abc2-944b83d5faa9,74,Female,51,12,No
a8cf8516-7bad-4e39-bed2-1bdce67c3d4b,46,Male,169,62,No
c5abcda5-39b6-4646-9a65-b395555b9885,66,Female,21,87,Yes
ac09242a-6ac9-4f41-91a3-993cace81709,87,Male,182,97,No
554f05f3-5c28-4d76-bdc1-94e3d86b650f,75,Female,131,38,No
3c39b2e5-bedf-40f0-9bd2-fd4f3730b94b,24,Female,93,78,No
f8896814-e82d-4f0d-a0a9-104fbdc9dd6e,41,Male,88,34,No
a9af4d57-ea04-4b7c-8eb7-65feca24ab9a,61,Male,160,49,No
f423a980-e57c-43b0-b8f6-ab3722e007ab,24,Male,172,13,No
0b95d3d5-ad67-4ee9-8329-00a0d7c5bad6,69,Female,58,27,No
e94366f6-40a4-4a28-acf0-294d9ab7a4eb,62,Female,68,57,Yes
d84d147c-ef23-48dc-a9ab-42fe84263ab2,58,Male,114,33,No
75d9f418-4ffc-4a63-91e2-411b3f5d0f41,80,Male,178,19,No
3b607ec3-17d5-4aad-b47e-53f028234bb3,75,Male,83,7,No
3afb0426-7453-421d-90a4-4a81ae8315e1,24,Female,78,18,Yes
a9c7795f-1b27-4f01-9187-10b07ebcf3cc,64,Female,45,6,No
329236e8-66d5-42a7-9c25-99b6fee55ceb,76,Female,25,98,No
bae23619-4fc4-4407-a833-38e4b9dc0b91,27,Female,187,56,No
0eb0a625-96b7-4dbc-883e-7fdeebb15567,87,Female,189,97,No
5f898942-1687-4d1c-9848-8c4c2ab8967c,51,Female,55,15,No
31d37c97-6679-4039-97d7-441e18bd1c04,47,Male,170,85,No
afd20e99-b789-41c3-be95-ea69ee80be6c,69,Female,166,16,No
8b496eb0-8ca7-4cf3-a484-e49335460252,35,Male,132,57,No
fc4bd365-5ea5-4ac6-af63-c05ecd7398f8,87,Female,125,82,No
0b449d2c-e52a-4112-a4b5-d473486e1e95,24,Female,45,56,No
0b4a287c-7fec-419f-9ec0-ebc0f89dfe18,61,Female,77,25,Yes
c7722841-d9fd-4a19-aaf3-7c6994d7c458,53,Female,188,85,No
cba99c8e-4058-4282-b8dd-121829e0347d,85,Male,180,37,No
a6e007f3-e435-40a8-8c23-e04930e6a764,53,Female,83,28,No
fce03f97-a498-478d-b270-0888ec76549d,66,Male,118,49,Yes
8b3bfec6-5c1a-41d6-a3da-1774ea40e3ef,43,Male,160,98,No
71471fd4-d32e-4ed4-bb20-ae78c3aa974f,56,Male,83,55,No
800ceb7a-402c-4295-a2ad-a0450b4c208e,71,Female,111,45,No
947f329a-ed41-48aa-9865-28c6bfcc4452,29,Male,73,86,Yes
4998f72b-faeb-4cb1-a923-26b04b66de85,56,Male,60,59,No
35c18858-ee6a-44f4-a476-765b36014214,45,Male,59,42,No
8138a3df-ae6d-4357-8d3d-90bc71d70b37,18,Female,94,67,No
8c3f3528-1415-4602-889f-c4619cb7b685,74,Male,149,31,No
fd233c4b-73dc-4ff9-a8f6-ce8ee2b0cf18,19,Female,94,91,No
afcef2b0-b0bb-477b-8212-600a19922082,47,Female,23,33,No
efdd7063-e1ef-4e06-b92b-64d8264e469b,70,Male,91,97,No
e3dff245-ae35-443e-8653-fb771d685630,18,Male,116,36,No
908c2540-9ed8-4ecb-9f88-51f7eb6f1bf7,44,Male,89,93,No
8c21b64a-6cf3-4fd1-bd4d-0b20c7458959,66,Male,84,49,Yes
04c6e0d5-6548-4fd9-a70d-2407ee4bc978,25,Female,131,22,Yes
481ede94-31c5-4020-b783-a7e356be37fc,32,Male,191,16,No
08ab1322-38c0-497f-919f-53608adf07ec,35,Male,30,30,No
f7bf75b2-61a6-42ce-8285-59079df4d82d,82,Female,116,77,No
c363cb88-a0a7-41da-969f-cfbf83f0e1ea,72,Male,45,79,No
fd5914af-d0f1-4e6e-a9a3-0cf209045796,19,Female,80,97,No
b6fb7ac3-3384-45b7-a446-4121249905aa,73,Male,30,29,No
f26da447-3d32-4473-bcfc-971ef1d37529,49,Male,38,80,Yes
f39e942d-60ee-4a2c-93d4-17bdea01e21d,29,Male,197,82,No
6388a6d4-6d01-48c2-b221-9678d737f7a2,25,Female,74,63,No
e9ec073b-33f2-418a-9197-fcfa07913ad2,64,Male,122,84,Yes
9d5c6304-6918-4501-8307-f4f174f7485b,86,Female,53,31,No
79c31165-636d-4845-a441-086226a9379d,40,Female,35,71,No
a03d3752-83a5-466f-876f-faf379f63f6c,35,Male,36,5,No
35ca80f0-505c-4e5b-bab5-4afb12a3be34,34,Female,136,11,No
eda05cf7-57d2-4159-a158-83e4449a280a,68,Female,118,50,Yes
80d32e52-67d0-4199-8b03-83445e3427a1,21,Female,166,98,No
2c381351-e8d4-46f9-b57c-59ce283633d7,41,Male,107,50,Yes
806b9e16-a803-4318-8b83-badb390c1c85,56,Female,109,88,No
dd87a5ca-8cb8-4b7d-8449-08651fa290ee,73,Male,51,68,No
06f5fd64-b0bc-48ab-bcc5-20c4be2ad699,38,Female,51,31,No
c8fd5fb1-12c1-42a3-8b5c-34d7aedf4ca9,51,Female,79,68,No
c30c4990-c56f-4076-b153-06ecec36ea56,80,Female,33,80,No
52b21c1f-a933-4b4b-9ed3-7ae945ab5000,47,Female,26,18,Yes
8c16ed81-f74e-4e3b-b895-4d3e127b678b,67,Female,178,58,No
2d4d3f6a-71b6-478d-9bdf-287ce42f4770,90,Female,162,8,No
5a2f5343-d025-4624-9fb2-32bc61ca02c6,84,Male,138,66,No
3e9e277b-c421-4935-9e53-f13a7d6d9d53,30,Female,42,28,No
967ea0da-0814-44f6-9355-1313ec1fbd80,89,Male,23,57,No
379a41ca-1c17-4048-9bdd-2d0caa9eb5dc,66,Female,191,50,No
df450d2c-7f0e-449a-aa7e-86cfc8df9711,81,Male,73,47,No
796d83de-1b75-49f9-a910-80287f1377f5,78,Male,108,95,No
267431a4-54f6-4bf5-89e7-112bbd4cef49,47,Male,197,19,No
7cf8a4c4-0b27-4870-b57e-ca66d57e047f,60,Female,101,39,No
8fee28ce-228f-4969-8e53-12d18638c5f7,29,Male,180,65,No
41c9cd37-3fe4-4b9d-b0db-bebcb01a72ea,90,Male,191,97,No
4d79434f-22c7-4416-b2a1-927fc2a1a7a6,85,Female,155,19,No
66253242-a8da-48c7-a997-1f586ef24219,61,Male,191,40,No
f264c939-60ff-48b6-93bb-ba1291bf5cb1,61,Male,98,64,No
b643a931-4fba-4081-8bc4-cab53b841ba0,30,Male,20,16,No
bf096fc0-3c8d-4db2-b51d-0358073d0692,63,Male,107,62,No
9f94390c-111b-4676-9ba4-146b507e892f,72,Male,136,54,No
79dbe975-6d02-4295-bddd-d8b6a3f468dd,56,Female,179,78,No
6b91c384-8dac-48c1-9b67-806e19e915b6,20,Male,103,43,No
9f4d2acc-2601-4a41-9f02-1f07b139fde2,34,Male,184,56,No
98af2f9f-74a6-4b69-86f5-129f9dbb46d4,39,Female,114,32,No
716aad79-734c-40c8-a16a-3bcf8f0f151a,69,Female,93,53,No
2decc2f0-a74b-4d16-9d7c-9c31e4dc8d1a,51,Female,132,59,No
03c16b06-269c-45d6-894c-0cee4ddd1149,55,Male,56,29,No
b62876c3-9b84-4b73-9ed0-1dfac40ed9e2,41,Male,44,40,No
fccd063b-8901-4132-b57a-d732f4b73f23,20,Male,52,54,No
50496d91-6d69-499a-ba2b-00cb9dcd40df,78,Male,186,8,No
a012e1fb-aa45-40a6-ad7d-f39401cfb180,31,Male,86,21,No
e660c44e-ec22-468c-b8a4-96bb6e379210,36,Female,116,42,No
8fba8ab6-2ce7-4327-bd06-031e4e9186cc,32,Female,160,60,No
9aa1863c-130a-4c08-bd5f-3470ca00f6cd,34,Male,200,50,No
1da8726a-8306-4989-86a6-f5183720529e,33,Male,34,57,No
09797bd9-6e5b-4467-8c5e-81ddc438687d,56,Female,74,93,No
efdf7bf9-ecee-49f3-a83a-54436e2de57a,24,Male,81,69,No
dbfc90ce-5569-4eb9-9fa6-ee219ff211fe,34,Male,21,82,No
e96ed60b-be1e-4420-949b-fc4a04d2c708,79,Female,165,61,No
4f139c4d-6cb0-4359-905f-9266ba4506bd,85,Male,44,8,No
8c30d00d-ed19-434b-9da4-8fc0a8b35207,56,Female,21,30,No
b73c678f-f2ea-41c8-b360-7f7e8954ca46,78,Female,144,69,No
651ae938-a482-485b-af9d-65e901d3d566,34,Female,114,82,No
3f423447-b862-4277-94c5-91c66e351040,44,Female,177,22,No
8a315f43-5f37-4d48-84fb-6e56578a6163,20,Female,60,75,Yes
f0d9ff7a-6965-45b7-98ec-e6d0dfd46957,23,Male,80,79,Yes
318b8440-d6c6-4896-83ce-353573336119,65,Male,123,28,Yes
d9af3f65-e7a5-4397-8f3e-c5e3c32fb877,43,Male,86,48,No
d3075d66-78fa-44c6-806f-30a27d96627e,35,Female,74,65,No
51ab3515-78dc-436d-a2f4-8bec357f194e,35,Male,178,4,No
252e5aae-33e2-43bd-b525-f749b63cbc67,39,Female,71,98,No
8ba818e3-f916-44a1-8637-119ee64db160,39,Male,82,61,No
15fa5856-2bd4-40c3-8569-bab6692e4127,75,Male,186,49,No
e5d9c9e8-a761-4c93-99a5-77e31cd529fb,55,Female,161,37,No
19528a53-a824-4603-acfb-b81a39ebafa6,79,Male,180,50,No
daf56d0e-b063-48ae-aaa5-b565c65e1fce,81,Male,65,44,No
65118350-d786-4beb-b0c0-6d4cbd6a1f7a,90,Male,121,74,No
1265688e-c5cc-45c9-a7fa-6c58f8728a24,51,Female,123,55,Yes
a11c9f57-115b-472f-81ef-76b29acd8659,75,Male,29,24,No
d00816b1-40dd-4363-a248-fe3bf83183eb,84,Male,112,81,No
782952fd-c842-43d6-b27d-4297b2aa575b,86,Male,131,31,No
5b54d3c4-d303-4639-9bcf-e2f4070be0c1,64,Female,189,51,No
2d9d83b8-084d-4220-8688-08d9382d4afe,30,Female,39,94,No
cd92e7e0-e4a0-4419-a136-7956aefeb090,66,Female,167,60,No
805560a4-380a-4090-8220-d50b6695fc7d,33,Female,33,30,No
1ae0a497-87c5-4c0f-9d9a-7aedbc87d2ef,37,Female,22,43,No
dd1ccbfd-8d1d-4a5d-97f5-67d69657f178,75,Female,155,24,No
cd08db21-0853-4480-80e1-854de7edb6f1,41,Male,40,14,No
4a4c7abc-7798-49a4-8fc9-f1693c4629ec,26,Male,90,76,No
3d76b885-8690-4843-bd07-40a66aa2899e,81,Male,178,19,No
083de5dc-cab0-4863-9413-60d06101f275,57,Male,79,48,No
0df15e08-ad7a-4f82-b2e8-5d6b5f0e6939,80,Female,165,53,No
9e716c6b-a7d9-4594-95e8-d00ec0659453,19,Female,134,60,No
cf9b32a8-e28d-4149-8cfc-5968b8862d85,26,Female,55,33,No
b3517ce2-f4f8-4a90-877a-fe67d88403ac,28,Male,67,81,Yes
23bfde87-be6e-45de-977c-2d7f1af08192,64,Male,143,67,No
4d864af6-dbd2-4cb3-89a2-38e63c3518aa,29,Male,117,8,No
2b52288b-5128-45a6-a9fd-a1ad3512e7e6,36,Male,103,16,No
a07f609f-b29c-41fa-99b3-18ed9755dc0c,19,Male,73,70,No
a5a9bcb6-6267-4961-8b18-0a4e158b5c2c,63,Female,52,100,No
6c117a35-b315-4a1b-8cb4-2fb2d1836824,37,Female,50,65,No
5d893c3f-fdc3-400a-ac58-a7ebccbf0bad,77,Male,131,58,No
96d7d365-2475-47e3-865e-e1a43bffcea7,57,Male,21,32,No
5e7cf8bf-2217-431e-bf85-4ee3c8cbbb9d,77,Female,87,41,No
59a7f965-0c32-4060-b799-ad5b00cf5925,55,Female,192,86,No
708f3330-2a3e-4567-949b-d7722d483750,38,Female,187,71,No
6d9b7dc6-7644-4703-afab-dd8df94e9ebc,84,Male,196,75,No
b6e2f9df-a54c-432b-a93c-3fe956cb6851,55,Female,108,94,No
b42c4339-65ab-4e6e-9c0b-340b48bacb69,20,Female,200,99,No
c2dd0cd4-e68c-4a36-b216-8b3c80795331,46,Male,71,78,Yes
8d2b4b76-7daf-4926-ba86-08a38c7843a4,47,Male,72,53,Yes
c753fa8e-0feb-4d61-933b-c426b2d03f78,70,Female,139,33,No
5b900f85-11e8-4713-b752-c6f0a3dadcf3,88,Female,23,83,No
9142de98-a34e-4200-8151-89ecddd31fda,55,Male,160,47,No
c10badfd-32e3-4ad9-9fd5-a161a00068c1,65,Male,182,91,No
d10b3529-bfaf-40c7-bb25-ee44cda4d318,90,Female,96,8,No
29df5a15-630a-41d0-a7d7-e28369100147,58,Female,62,54,No
51ed4a68-667a-4401-b40e-e8b03ba4d4e0,90,Male,138,23,No
62d5b6bd-2422-4c45-9f07-1e0425648db3,79,Male,174,85,No
ae87f0cf-97e4-411f-9ba5-494ac941cceb,62,Male,134,80,No
5ce8f7ef-6097-4128-9822-6f2756a1ac27,34,Male,85,95,No
8507da28-724e-49ab-8603-cf8f9981f842,68,Male,143,95,No
c6dea07f-2a46-44ea-9f3b-d4a794d5b7af,86,Male,29,79,No
53fc3323-e577-4db2-bc12-f98fa00a2373,53,Female,167,94,No
12aa3740-3af3-43b7-99a1-169b0446e869,55,Female,183,87,No
13ce2082-19aa-4a93-8af3-14a03b00a851,78,Male,74,100,No
cfabc971-30f6-442d-b3f8-e8adeb36b64a,75,Female,60,8,No
4578bbe1-79f5-4988-bf7d-b6e1a4138f39,58,Female,65,50,No
6724384c-f1f0-44f1-a6c3-3b1c16098a70,25,Male,187,28,No
13d18fef-2d2c-4133-81af-0e0a9d2adc09,28,Male,78,52,Yes
0d25443a-d357-41b3-ad0e-b31b342179fe,50,Male,43,26,No
16b099fd-7d2a-48bb-a0ca-0268ed2feec0,80,Male,193,66,No
4ed74a0e-960b-4080-97fe-8a24d0a191bd,86,Female,89,52,No
a1216efe-624c-4c35-91af-5d166c2d3b7d,38,Male,40,31,No
ce718be0-f8c0-4099-8d68-3285504027d0,37,Female,75,37,No
94f3112d-92dd-4a39-aab6-17e6c3b91c1f,50,Male,192,80,No
47de810d-5316-4ff8-a658-fd71951bb88c,39,Female,122,87,Yes
92503030-6249-4f1e-a47b-8c92eddf1fe1,53,Female,179,18,No
cc23f574-e2e1-4f05-b3b5-1ecfb1e1a4d6,52,Female,169,2,No
4b2e4dd2-6a1b-4e87-b8fc-54d09d22c470,61,Female,104,25,No
7fc1e0ba-e62a-4643-b496-7235a7b6c2fe,25,Male,154,61,No
e93ce3ef-67c0-4c8a-8a72-84c17d3b73dc,47,Female,142,4,No
3183a51d-25c0-42a3-9329-10b29d9f971b,43,Male,44,26,No
89e9de5e-cc1d-4076-94e9-d95d76a8f52e,47,Male,56,73,No
c069d42d-247a-47d2-a6f6-aeec0cce3c3a,62,Male,125,6,No
d71ea899-591b-41b4-b24e-7ee6ff29a372,24,Male,138,27,No
255d96ff-4dee-412b-a422-40c0e0d5caeb,54,Male,185,44,No
7ecca2da-7764-4d90-917c-b39aeda5b41e,65,Female,121,15,Yes
e0ca63c2-6d27-4235-8e5a-4a0481d0da75,54,Female,158,68,No
4c3b772e-1fe3-4527-820b-2c0a819f099d,87,Male,185,43,No
47f7810c-72cd-487e-9edf-c823d987fdff,62,Female,28,68,No
6d5990a7-6aef-461d-af1b-3a383f890dea,90,Female,146,87,No
6a1a242c-fc36-445d-ab9a-f414782aeda9,36,Female,43,55,No
55ff3e28-e5fe-4ac9-8c8d-471ba258b4e1,51,Female,100,74,No
434119a9-1eb8-4c03-9853-a9348c487f22,76,Male,191,58,No
a038972d-7e39-40ce-80ff-a2432588ea22,86,Male,62,22,No
7b4f693f-407c-4d47-8d7e-08c0408117a2,55,Male,161,64,No
51a5dca9-8a41-42cf-bba2-31eccf9de22b,25,Female,31,4,No
5200abf3-5d86-4594-a9e9-f070c436b9b5,39,Male,124,7,No
88b40cc4-8a5d-4dfb-8b5b-1d819decbdcc,45,Male,104,39,No
ec3666bc-2c8c-42fd-b135-0bb40f3842d4,21,Female,111,4,No
e6c839f7-d119-476d-a46c-2a28a74a3076,66,Male,73,8,No
b6ab80fb-1a9a-4d50-9bac-2dc8b3ee4a42,68,Female,71,53,Yes
80d35885-6fa7-4a9b-9013-029e29ad1d74,81,Male,94,25,No
658fe65e-7616-4742-857a-301d74bf3c4f,64,Female,33,6,No
5a7ad76a-77ce-4528-b654-acf22c34f61c,69,Female,87,44,No
4f1707b7-b33c-472f-954f-4b0940e5b6f0,90,Male,53,88,No
631ef345-b22a-4e58-87a3-702f348ba6b4,72,Female,155,96,No
518b60b8-00f3-486e-bec6-2d0c5534420e,60,Female,127,97,No
fac8070a-0235-4fe3-8d17-f6733e3f08bb,68,Female,170,36,No
45e539d5-4ae0-46c3-ac32-89e060defd04,54,Female,189,22,No
f6c4306a-5948-4202-b525-c9074ac85767,38,Female,30,38,No
0028110a-4995-4d08-a78f-f30a301a1c56,68,Female,187,70,No
5b57d495-93dc-4500-b030-75f72433ce48,26,Female,162,27,No
e4419ebc-0781-45df-859a-e2f28a4b3d9b,83,Female,182,94,No
fd2108d7-c75f-4dd1-b116-c6c1d73eea43,29,Male,167,67,No
8dac62d1-7947-4d56-99fa-eb4eb52d2efd,49,Male,38,81,Yes
3c3905e6-dec0-4ab5-b658-5091055356dc,22,Female,127,27,Yes
f30c2da4-038f-4dc8-af71-ef10749afb2d,66,Female,46,100,No
6bcfe491-486c-458f-a607-720a153e61a3,60,Female,170,22,No
924fd9a6-6adc-4ac6-b3cb-8d027d478f72,74,Male,49,32,No
dac652a3-d852-4490-90f4-f0682d49c176,36,Female,145,95,No
138fbb19-6340-4f43-86cc-6af3ac20c777,83,Male,108,20,No
c70ad9a5-3a6a-4e5e-b6eb-fa0519780b30,69,Male,35,74,Yes
340e1aa9-6df5-41fc-afe4-2de014ecc62d,36,Female,171,37,No
396744de-3f99-41e1-8c41-fd0fa0ffbbec,81,Male,105,73,No
5b89e7cd-6162-4656-ba7a-7ecb420f0682,46,Male,76,84,Yes
47885f5c-ed98-4821-a5ed-f048ff15b041,34,Female,80,13,No
0207b362-5d4f-4691-b61a-d75b5d72d4e4,65,Female,43,90,No
ea1490f4-fd8f-4c73-ba5f-7dee0e43558e,43,Male,198,8,No
d28a62f0-8191-4a9a-bbec-5dce67274f56,23,Male,39,3,No
8c81863e-b696-45b5-9896-90fd81a10320,75,Male,123,86,No
1d5e3534-94c1-43f1-8c85-00e2d9f4e148,85,Male,122,90,No
bccb2803-60e0-479b-a3a5-9eea23818925,47,Female,69,57,Yes
ed78b168-5b8c-42c6-a523-cbcc7fa238ab,27,Female,37,94,No
b1573234-2454-4d14-aec8-f917b588ebc8,46,Male,28,62,No
42730369-5b23-4290-95aa-e588699d2e61,22,Male,26,10,No
7c312701-0da4-4dda-859e-83fb867f455d,86,Male,183,66,No
823999e6-e95a-45f0-9cd0-c3eea88f4494,73,Male,78,62,No
a78b4e4a-4b63-427f-802b-d0f9f5841541,47,Female,55,58,No
20994479-4bac-4e9e-9072-18e97a6e633f,65,Female,168,17,No
b51de829-a5cd-4941-a37e-ad71fd23842e,40,Male,83,77,No
b8df6590-5d06-472d-9e5b-221c39c7661a,56,Male,98,1,No
93372b3d-864b-43de-a862-b2017109592d,58,Female,130,63,No
f7171d12-39a0-4f85-85b8-741e817ad3ad,32,Female,69,10,No
da234e02-f194-4b94-9bab-d6f6faddd845,63,Male,169,20,No
a38cb7ba-8a7a-4ac8-b439-a243efe7d3d4,79,Male,63,53,No
71e98cc6-7f17-4116-a95f-395874d3b269,89,Male,69,5,No
7e946a29-f4bd-433b-a17b-9d77b64f2f82,42,Female,32,12,Yes
be081c97-c7c8-4f5b-a141-7fe5d371f334,44,Male,175,94,No
d312388d-a333-491b-b540-070b6e4211b0,82,Female,142,6,No
ec1fee36-fe86-4bdb-9403-bd15bea4f96c,71,Male,35,20,Yes
6f2fd281-eb91-4109-94c6-931544698d00,82,Male,173,92,No
f6d6572e-098d-4ad7-85aa-99036f2714b2,21,Male,143,14,No
c61f2429-61a4-4281-8502-204597c3620b,64,Male,38,78,Yes
51771a3f-3f94-425b-b0d1-afbbd27211ee,18,Female,98,21,No
ff6bfb40-4a13-40e4-a2f2-e296ce1cad8d,69,Male,157,42,No
79c07c94-9725-4811-b027-77ee9ce44093,59,Male,96,77,No
43407786-c5b0-4496-822b-2295706654e4,76,Male,114,54,No
8ad00fab-44ed-4461-b8ff-8777a41410d4,70,Female,197,21,No
f1a0cf90-d927-4496-b218-9cbfbefce691,59,Male,193,54,No
8a85e153-4845-48c3-8758-b02f09cbb6cd,21,Female,187,84,No
f6e5722e-39ca-465e-8cf1-c1fd5242ce94,39,Male,151,23,No
7786ec3a-be94-4b99-a926-645f8e6927d6,70,Male,72,29,No
5c1fee0c-5ef9-4466-b65e-137057af3d79,29,Female,197,54,No
61aefae2-e014-44e9-83d3-528b54882277,55,Female,46,35,No
9dbe1ae5-c7ee-48f1-84f8-8dfb1d28f235,34,Female,43,37,No
fb53dafe-882b-47e2-aaf8-1ab7be6accf6,20,Female,134,78,No
8594429b-9ea3-4ce7-8efd-9774af1dbe36,53,Male,150,4,No
595b74fc-ad81-47af-ab7d-27d737aada0f,49,Female,65,42,Yes
866dc8b7-789a-4eec-a223-12b3c873063c,76,Male,20,52,No
e99420b0-3b45-4864-9545-26b563d36586,32,Male,191,29,No
682f9ae8-f019-46da-8df9-35b410fc7e4c,29,Male,50,94,No
cc6d8c66-b046-4b29-9df5-caa79ce6a95a,77,Male,186,28,No
835e94a6-8393-4584-adf1-db855480164a,34,Male,58,23,No
d34ae4cf-816c-4ca5-a673-ad54dfda6567,40,Female,172,13,No
feb5ea86-a233-481c-9a8c-3854f823d287,82,Female,75,47,No
3a627b86-dcc1-4ccd-9cf9-a2739fcd4dc0,58,Male,97,81,No
b63330ed-abd8-4a02-8b00-cc9d71e6b051,78,Female,64,36,No
b2a17263-0d58-42a7-bc2e-0240fe0ce5c7,58,Female,69,3,No
e9647628-6c83-4a16-afa1-58e533a3c956,25,Female,53,19,No
09d2b7d8-2607-46fc-a1c7-7cc6fb44a384,18,Male,103,48,No
029b91a2-deaf-4ff1-b4d6-ae76affb5434,44,Female,54,7,No
9f047332-6867-47c7-a5fe-e93b863fde20,70,Male,134,55,No
8ec6e412-d172-427c-860c-b86507c2c007,86,Female,154,4,No
a7e4a7bd-3828-4205-85eb-b0c2f4fdfc98,21,Female,130,50,Yes
c9466733-4b5e-4f8f-b60b-9f7cca646b43,53,Male,177,22,No
cb64067d-bf6d-4a33-86a1-8c382233f258,30,Female,53,55,No
0c91698a-bac6-4394-a808-7ca36ec0579b,21,Male,165,91,No
71e2c63b-d55a-4612-9af5-c409fe2bd1eb,78,Male,144,90,No
3b2cf6d6-59a9-4189-b5e5-f08dd88e83bc,77,Female,146,62,No
dafb3207-2217-4187-beaf-72a57a383d13,35,Female,199,33,No
bcde46e0-09f4-405e-aaf1-ff1774ead358,34,Male,81,37,No
78c3d25e-c407-461b-bc11-67e37d9da3a5,69,Female,196,57,No
60065ed8-4433-4808-a5c5-b42c427ae04b,55,Male,44,20,No
fc497d59-156f-4694-badd-35ed0f66c347,45,Female,129,33,No
c4cbf057-5318-4aff-a033-530dcd892d57,35,Female,39,82,No
52f78ebe-aa4a-4623-99bb-6126005147df,23,Male,180,38,No
7961fb24-2bf2-40fa-8c3f-ec8b2fbde298,39,Male,30,44,Yes
53b9b88a-fbdb-4ac1-934c-d8fbbcc9eab9,71,Female,188,13,No
4e94fed7-f8c8-420d-b7cb-97086ca36e2f,85,Male,134,17,No
782c6407-a386-4b7f-8f1d-15de1d489e08,22,Male,21,22,Yes
337802c2-1ad9-4025-a847-4160c600ee26,30,Male,63,6,No
2d65b967-f41c-41ad-97ca-84980f492285,34,Female,82,12,No
593ac408-4f3e-4da3-a96b-ee0bf85d0195,47,Female,26,38,No
ce29e8bf-b33f-4afb-a4ee-5ba580f4aa88,62,Male,141,41,No
1c1b75c0-5895-4967-9309-75445bca4ac6,62,Female,77,53,Yes
e3e8b57d-9e45-4af5-a620-c3d2c3ca2794,54,Male,43,16,No
9aecd23f-68cd-4bf2-9f7a-8a500619ad01,54,Female,177,53,No
731f239c-0b93-4383-a0c0-ca740ae7d908,29,Female,153,50,No
1ea2d962-9c03-4bcd-8a64-815de7554ff6,75,Female,80,1,No
c5a87959-fddd-47e5-ab47-c3e69481c523,50,Female,104,25,No
04e4d277-70d7-47af-9d40-4fae03cd3b47,19,Female,180,11,No
40060d5e-ef44-41cb-99c9-b71d3d21c37b,57,Female,53,24,No
8a9899c6-1180-4180-882a-117ddd986c6a,43,Female,168,50,No
4f90627b-1767-43f1-972b-63c31f142f82,59,Female,46,44,No
ddd1cc82-8a2e-4ff7-8d2d-33d76425c516,82,Male,76,70,No
03f5598f-4689-47ae-ba23-8f820ffa5d00,79,Male,191,8,No
e9d9998a-817a-4b48-a237-5ceb63fad5ba,23,Female,141,43,No
69f4368d-3f26-46b0-b927-c09bb328bd8e,20,Male,159,63,No
50236b92-b7bc-4808-b7b0-22dc7f9af549,37,Male,92,95,No
8f47864e-c264-47ea-a00d-0cae5c3562ad,31,Female,185,39,No
7c0bc16a-b232-42c1-b4d9-29d2d24b0004,32,Female,36,33,No
8e307b99-3545-4844-bab6-7454ea290750,22,Male,97,56,No
10629c88-b5e0-48d0-b8f8-1ed0f8208e57,89,Male,69,43,No
d148b105-8495-46df-b38c-e3d920b83b95,48,Female,184,19,No
da3ca8aa-1c1a-4f9c-855c-93e20cc3b35d,50,Female,153,16,No
3586e799-c00b-4346-a093-5756048032b6,88,Male,175,74,No
e1a7cfa1-fd01-4588-8eb0-c718597c1e96,61,Male,116,43,Yes
d6fed23c-824d-4be2-8066-51169aa9f99e,41,Female,122,76,Yes
9ce57b22-b972-401f-9414-2529ceb34610,75,Male,38,22,No
e98dd697-d5b3-4f55-a509-67acbd7889c2,89,Female,195,11,No
03395b8a-fc71-4bfc-9160-40783b9904d4,38,Male,69,60,No
bff97d53-37a4-4b90-a236-52dbeb20b7f9,23,Female,36,47,Yes
86c3b004-c5ce-4a53-bc0b-c728886b06c6,57,Male,129,57,No
9331efc1-242a-4fa7-b0c2-13cd6a0dd869,52,Female,187,10,No
04d05643-af3b-4a20-a648-ca8e606c9b91,51,Male,177,58,No
b52e7520-bff0-475d-8aa8-10e85f2d2aa8,19,Female,117,6,No
9bac0c63-75ac-4139-91a1-723c0f5ff95c,29,Male,70,62,No
475544f7-0d5c-4541-b11a-4cad255e80ae,43,Female,136,44,No
2c4028bb-b15d-477f-807e-46ee2739e662,75,Male,83,94,No
14da087e-7039-45cb-b39c-b8f75aa68b35,83,Female,87,61,No
d0c1d791-eccf-47ea-b3e4-08971950cb08,72,Male,42,20,No
d36e4606-7b85-483e-aed4-4e89cf2b76df,88,Male,166,75,No
ddf99328-bc38-4f1b-86fe-88a0acfd3baf,71,Male,140,78,No
b12f4265-321c-4c39-8065-6cda5db7ef88,63,Female,157,37,No
444a2589-e702-42f2-9a8a-9b89db8ab3d5,50,Male,89,44,No
acfd39b3-2286-4904-82a2-1dd14f0ad600,31,Female,147,60,No
06266959-3504-4e2d-9205-c162c8a414de,65,Male,58,79,Yes
beafb171-5869-4aef-88c6-ac49b2ab771d,88,Male,136,41,No
6286c9d4-5be2-4723-8def-adbe6d92f413,71,Female,38,41,No
21c1fee6-df60-4650-b08a-3fcf238094ca,43,Male,93,60,No
38d95cac-b34f-4c6e-9e47-8ef2ff857cb4,72,Female,88,36,No
b7dc0260-e013-4d01-935d-a7018afeea75,68,Male,80,78,Yes
e10491ad-5881-4f5a-990c-d6c82f3d9902,81,Female,33,32,No
0e09a204-1486-4a20-9ddf-ebc7eadae210,78,Male,100,28,No
2622cc14-f98b-45d7-9aea-0be23bf23d68,22,Male,123,57,Yes
64946a2a-67e1-45e8-9fbb-37cddea9e009,52,Male,104,87,No
0a1ce627-c2c7-4855-8524-8aac4c91406c,20,Male,167,25,No
9496ccc2-acaf-452f-9cfe-8d952725083c,37,Male,61,12,No
126121d2-a20d-4863-ab43-7f9069afd360,33,Female,31,50,No
9e19bb5e-ca82-4d1c-a32f-5e0aa330cdee,83,Male,199,45,No
7c58f369-6666-4415-9693-6e60c99feb54,20,Male,83,44,No
e88fa36d-475e-4650-a1cb-df901021a4ad,54,Female,21,63,No
3a8b6cbf-725e-4ab4-8ff2-2631037103d1,76,Female,30,6,No
5564d0b1-b521-4c59-a01b-92b9480c1096,63,Male,53,73,No
c493e5e4-6449-4e56-afa7-447357df4a8c,73,Female,79,51,No
4608eda9-4ea6-4f4e-9a14-9929c4876142,24,Male,143,95,No
e965b34f-e5bc-49dc-a03c-966b6b85dbab,69,Male,68,56,Yes
3601fb3e-da60-41bf-aee3-80507fb1ca66,80,Female,145,1,No
d38c6129-5937-41c4-9d6e-9fd7a31e502b,77,Male,60,3,No
4c60024d-8d65-4636-accc-7950942a423f,64,Female,112,61,No
152c1290-d5bd-4de4-9835-a8663c605389,80,Female,45,38,No
d0c8ec40-9fff-417d-a0c2-0fc723ddaa61,35,Male,22,35,No
535b07ad-abb5-47a5-a8b4-fa741a9a7cca,26,Female,147,17,No
5c736689-1ac4-42fc-8c71-aec08a5956bc,69,Male,132,45,No
ac0d2dbe-f2eb-46d9-9d54-2254425662bf,68,Male,183,39,No
5e4a29cd-080b-4e58-9924-4bec94ef7d61,62,Male,179,21,No
e2b4530c-735e-4a35-ad37-467e09795353,18,Male,186,100,No
bfbde377-ca65-4102-a5b6-f642cee66c0b,63,Male,141,88,No
fd0cc77c-1858-481f-8f9d-e3f277584063,29,Female,56,85,No
7eb8521c-582a-4a19-a55f-4a3cee283ce2,37,Male,113,35,No
835a3679-797a-4f17-b8f7-3f408634cbdd,77,Female,88,18,No
dfbd09a5-7b97-4a1f-b438-88bea35be773,68,Male,22,13,Yes
a5175a4a-014d-4b9a-895c-7172039ee2f2,73,Female,175,9,No
edc74aca-149b-4b96-a44a-3e529d1b0e0e,51,Female,52,99,No
eb638ec0-256f-4171-8ec2-003e38950bf0,59,Male,99,14,No
f2af9ced-f5c0-4664-9208-ff80b25ca69e,79,Female,169,88,No
12589f06-30fa-413b-a16c-740bd62bba45,29,Female,117,90,No
8eb618b4-2fc0-4f6c-ab43-a1219f55457d,45,Female,172,49,No
ed70811c-1e22-4dbe-afc4-5b93ceb17cf1,46,Male,67,43,Yes
578a4c8b-3865-4d94-86f4-b8dd4fe94e8b,89,Female,145,35,No
b4b32c47-e632-4372-920f-840288409055,48,Male,88,96,No
7f0a4d73-f0d3-4605-8530-4672c28d42b8,65,Female,127,74,Yes
c5000292-e887-43b7-8801-a1bb578c614c,23,Female,179,16,No
9c5d2c75-9f5e-43c2-b87b-7e96bf60b535,69,Male,122,76,Yes
82d49e63-0f5e-451a-b6ad-10c794847ef0,41,Male,164,88,No
7b10dae4-0eb7-4b31-9a58-a46e1b107362,84,Female,148,20,No
e202fbe2-3c46-4e4a-9413-45f7b1416205,61,Male,74,21,Yes
c1d58510-65ec-4122-9acc-ff0523fca994,77,Female,21,64,No
86dffede-3f00-48b6-8464-ee705c1c0483,19,Female,96,87,No
1b78f624-fa02-4613-b5f6-b2d0fe9643b4,80,Male,151,14,No
a9c3d8e0-cbdf-4735-aace-aba6d642d7b5,47,Female,117,46,Yes
41b170e6-bda3-4ead-ace8-86e89cf46a51,24,Male,156,65,No
da148b86-c301-4cc3-b050-22f2a1a7a7c4,31,Male,159,95,No
d6006327-8da8-4239-90c2-20488e0fd5b3,85,Male,56,23,No
b9d1bb21-5fb4-4f53-a50d-889df6a77775,26,Female,67,62,No
93d27253-dbb2-4408-b25d-bbf14251471b,76,Male,68,48,No
61c8a05a-d333-4336-be24-07febfdfb341,28,Female,179,21,No
c27cd221-584c-4504-a5b6-308a3020d91f,50,Female,31,19,Yes
4c5f1aaa-1cb5-4ea4-87db-4987a9d23529,58,Male,80,64,No
32214ee2-977d-4382-aa04-98a4bcb282e9,53,Male,92,64,No
8be84a3b-a470-4e57-a33f-cefe825c91b2,76,Male,87,92,No
bf25c154-cceb-4ed4-8307-8198d4950907,43,Female,47,57,No
d022faa1-1df6-4710-9aca-519625e448dc,55,Female,48,23,No
1d282ba8-0fb4-414b-b852-9d9484f1367d,90,Male,88,82,No
1a18cd5b-71d5-4527-8ac9-38191c5124ab,57,Female,54,21,No
49a29b48-00f8-4d44-b0ee-007bbb7caa6a,78,Female,168,68,No
ef35a491-1314-4a16-90d4-8e9fe9d850de,22,Female,179,50,No
670009ac-6747-4983-bd29-7dd840408416,58,Female,139,54,No
f5bf85c1-3f6a-4ad1-9126-d622da07cfd0,74,Male,106,70,No
c96ae2f9-84cc-422a-8d77-da08abd693c7,73,Female,154,28,No
57ccb777-2241-433d-b10c-1957036cd546,55,Female,159,34,No
aa05ec5a-8c5d-480b-a573-49a5ebcb4d2c,26,Female,43,62,No
5ec1e448-5a30-4391-b13c-74cf09bdaa2f,69,Female,46,21,No
fd9fadb4-1820-46cb-85b8-3333ac885bc2,32,Female,46,73,No
3529979f-180c-4d2b-9d5a-0dddb524377c,64,Female,195,30,No
6285ab24-81f6-48d4-ab3f-d61538fd4e41,48,Male,95,42,No
d67ec3b6-a5b7-4089-a556-dc54c548e0d4,66,Male,73,29,Yes
22d5f316-fcba-4f42-878d-63bd7916ef0a,87,Male,187,11,No
9d5ca57a-40d3-4e3e-b2b6-889f31b112ee,47,Female,110,22,Yes
800476e5-bd53-4161-9eeb-044418152c38,54,Female,93,65,No
7d6921e0-add6-4dfc-a1d6-5539c9cf605d,32,Male,162,82,No
b3b62aa3-6676-4566-aa94-c078c2119e63,75,Male,194,74,No
90dbdc50-e8c1-429f-8fc2-92d02c8b2ce9,89,Female,27,83,No
086d07bf-0f01-428d-a941-b54354f23e6a,86,Male,108,60,No
0852b102-bd96-4ccc-9ec9-3132bff0cd5c,62,Female,113,61,No
b7a830ae-5074-4ff4-bed4-3b423a1c9c40,23,Female,180,52,No
54679c17-df54-43e5-822c-517ce4c4433b,89,Male,63,46,No
e6f01e6b-c7a4-41ff-9609-aaeddb26b3df,43,Male,103,12,No
722682c6-9591-4576-bb19-24650d65a39a,44,Male,146,47,No
fbd09a98-6ace-4f9e-9922-0246aa35fd74,45,Male,115,72,Yes
ac0be6bd-1e2b-4149-88b2-ee307a050077,52,Female,51,34,No
39e15fed-03e8-47b0-9ec1-756e7a8cbfe5,31,Male,33,9,No
789c5e98-7a8c-4232-b6bf-5420803cf81d,68,Female,192,62,No
49df6fd0-1fdc-44cf-8679-1970df1bafcc,63,Female,142,72,No
ca802973-cc07-4156-a56c-7ef6f929c308,71,Female,28,42,No
3c662dd9-fd36-4e58-8f6c-00a591d75659,71,Male,132,77,No
22dc5413-7d12-4706-a7ef-93a7f64bfbae,88,Female,84,59,No
cbb2f894-4229-4e56-acfd-3ecc97ebf581,80,Male,37,77,No
c6f200dc-01b5-45f0-91ce-de8910720d85,73,Female,76,52,Yes
9cb31f9b-f064-4e2e-a476-6de50c29519c,49,Female,104,27,No
934b596f-d299-4636-acd4-047cf9e09b30,45,Male,45,52,No
3aa1f275-03c2-46ae-95f5-b9a8ebe8ec32,47,Female,189,14,No
e6ea00a3-d802-48d7-8a8d-bebcd0c4180b,32,Female,100,55,No
51f3bb1d-b062-4501-896e-64db528f3244,87,Female,47,13,No
6cd6109c-2c76-4108-ad58-ed995960f35a,40,Female,196,30,No
7cdd6575-994d-4075-b499-33565169b936,83,Male,123,53,No
e1bb3f20-96cb-4746-8395-62b67fc4bced,79,Male,167,13,No
b23f4beb-db83-45a6-b493-16330854567c,88,Female,130,33,No
21d2cfc3-75dd-455e-b330-3e76f4f15686,44,Female,42,85,Yes
a275fdb7-8827-4fd0-9d1b-355fbcc22d19,87,Female,156,42,No
131cc961-6673-4291-a527-c272a1b8081c,60,Male,81,32,No
20895d67-6b66-488f-a4bd-1623b0fc2105,65,Female,172,68,No
c8320f22-43a5-4d0c-b643-ca9d29ac6f03,55,Male,112,58,No
4ec25576-bb99-4da3-90a4-b7e972eab9a6,30,Male,28,59,No
056d1b8e-47ef-4ca0-be79-36e6679518e0,54,Male,88,48,No
2ffc83a9-3dc5-4e15-96b2-41a5c4080561,47,Male,170,31,No
49aa6996-20bd-472b-aa6f-08c28a545c06,37,Female,39,33,No
b4dda8da-4634-4223-82b4-3e6bbeaa50ec,40,Male,158,11,No
2a356ecb-a7dc-4793-8aac-18fc3f5807bd,56,Female,73,24,No
e784e56f-de97-4403-be52-91a456401cb9,75,Male,125,76,No
bdd4cb7c-7a18-4756-9993-a235fc66fc9e,48,Female,143,97,No
a53a9a59-b1bc-478b-8b88-b1b69838b4a0,80,Female,125,32,No
986d5511-da53-434a-abba-4f9f1e24b07a,88,Female,35,6,No
49c92faa-a56e-4936-a919-1c69a0895961,67,Female,130,17,Yes
a7a2d720-67ff-42de-91e8-9f1b3968d219,68,Male,88,75,No
8c0625f8-624e-427b-b534-0f3f9d094e3f,38,Male,129,87,No
000e3ff3-5342-460e-8576-64223122666f,61,Male,193,38,No
a831e574-05db-4ab8-97e6-799e777ed4be,56,Male,123,98,No
648de47e-d93d-4d95-bfbd-d62750765d13,32,Male,143,30,No
bf50be42-0e10-4717-9c91-500d4f1bbd12,48,Female,102,38,No
b5869e56-16b2-412d-9ec3-37be5e84acaf,69,Female,120,54,Yes
5f614382-ea64-4930-90a8-d7a0085a0eed,34,Female,36,27,No
87b487b8-ca41-4fb8-bd7c-6a9238f550f4,85,Female,176,64,No
8b7dd107-f84e-4e72-b228-a1df65a49d2f,79,Female,76,42,No
26106148-1376-40fa-9956-ac91e5865a29,37,Male,57,68,No
380078ed-ab9d-43b0-ae9c-2cf1285900d3,74,Male,57,45,No
d9694eac-061c-4e88-817b-b41b4cdcf790,65,Female,173,32,No
4391196d-cf3b-482b-9ab7-b211d285a40f,65,Male,90,12,No
2b5a21a1-5642-4604-b43b-8c6530f4e73c,79,Female,127,5,No
06940bb6-a960-46f8-b96d-f4e2b10cffdd,42,Male,128,36,No
f63c395e-6048-4bcd-85ca-540103cf6627,28,Male,165,3,No
2061675a-890f-45a0-b55c-22ee1bd519d4,44,Female,156,65,No
1de565cf-6144-4051-9a7b-0297041983db,51,Male,78,80,Yes
24b112ec-a802-4456-aa38-2d7c17514c96,73,Male,98,68,No
55a99e67-2527-42c2-aa28-8708b71578db,35,Female,130,42,No
c8a2d67f-46c1-495b-ac31-fbf5adf37fd7,34,Male,41,74,No
93822895-133f-4c7a-8b3f-cdce6006d2f1,23,Male,161,82,No
6bce17fd-ed9e-4fbf-b1a4-2c05ab5a441d,36,Female,43,96,No
14ebed53-b9e7-4d0e-a95e-351e70de92ef,39,Male,170,55,No
2abc68b7-074f-4ab2-9d58-8b51ccffd411,55,Male,168,36,No
cef309d6-9a89-40c1-a53c-de2707c6074a,87,Female,27,24,No
a4e055af-1ccf-44a6-b2fd-077a20a33579,86,Male,194,13,No
b47ede71-7ddb-4dde-83bd-a14ce93eb300,66,Female,107,29,No
14cddf33-e65d-4ede-8c11-887c322acdea,38,Female,105,7,No
ff4fa596-bbc3-443b-a69b-361e4e89c873,42,Male,183,59,No
b2717fa9-8e5f-4c3c-952d-1812322296c4,55,Female,110,69,No
19ca2296-97b3-4096-91d1-9e14e338250e,27,Male,153,93,No
a47727f3-20ca-4784-be96-93be8427ba2b,84,Female,149,78,No
ccfd8f9f-fd38-4e65-b373-fff6912bc01a,29,Male,200,98,No
e7cb63df-6520-445b-b8db-ff21687b9910,23,Female,40,81,Yes
146c4308-9ff0-4a1a-839f-dc2dda951a89,83,Male,191,49,No
0c3157c4-1a42-4037-9ab8-a6b312cab7e5,82,Female,171,49,No
157b7bf8-8a4c-47c8-9e32-01913297eb2e,63,Male,197,82,No
8f61f3f4-73bc-43db-b2a8-d51550a7d6e6,49,Female,140,24,No
9f19766d-30d8-4c3e-a12a-b635533d2831,42,Female,94,76,No
6ceb994a-74c8-40e9-b41b-0ff1ab17b35f,48,Female,164,45,No
33a9f58a-60a9-43b6-b420-b25e55f9cb85,84,Female,185,32,No
c055dde9-b02f-49c3-84ba-9d69c702598a,69,Male,184,26,No
9c8f4641-1ad6-42f7-91a1-f5ef1a72b77f,51,Male,134,30,No
0e5ca0bf-1c80-40fa-93ae-208fcc1ef1dc,61,Male,92,4,No
26814d1d-989c-4fc8-9b33-7a6246914929,74,Female,100,51,No
09ba8628-3803-4200-84e0-0699ec683cb4,32,Female,129,88,No
285b2b89-e929-4317-9c77-1ae01818e974,49,Female,161,70,No
6c866111-2370-40b6-a5ec-942c651353a0,51,Male,85,47,No
75579ead-4bec-483a-9227-84a3bb0fa80a,29,Female,94,47,No
9d4e0472-b018-45aa-832f-d5d8bd8a1cc4,76,Female,24,44,No
a4d51e79-137e-477c-858c-8309f5324c89,35,Female,180,98,No
bd794c8f-d8c6-4281-a20f-d292f1882b41,86,Female,189,64,No
aac7fa9e-b54b-4b38-a9cb-5a7b5b6114a9,84,Female,176,94,No
37e59866-707e-47d6-9f30-3174fd0a0c94,79,Male,113,35,No
fcc15bde-09ea-41bc-a746-310496a35147,30,Male,125,72,No
38b4ae96-60c7-495f-9383-e0250dd612cf,30,Female,137,13,No
5a28eabd-a9f9-445e-9611-e49d5769cdf1,43,Female,190,72,No
bded8580-1ed6-4a09-acab-b1b06e4e48bb,89,Male,48,50,No
0e6a1120-4bd8-4c51-bd4a-2691d19a5002,42,Male,83,26,No
20a8129f-38bf-492b-bafe-7fac81d230c9,19,Female,30,60,No
7eb20a30-4383-46a8-9d05-e336107faec8,71,Male,183,83,No
6eaf9653-618d-41b8-8f32-d4f9ae5cd808,58,Female,50,60,No
2a6545bd-8dbc-4a3b-99f8-0073bf07ac99,78,Male,182,11,No
02cb535e-f534-4a4c-9192-2a142146c375,49,Male,74,62,No
910df706-ddff-4fe2-ad0b-efb610b0e93e,65,Male,172,49,No
8310696f-dcae-4e44-8ea9-b70713b75661,23,Male,147,6,No
d9564ba6-68a5-4045-aed4-a06930342173,37,Male,66,93,No
4bd250b4-f3a4-4dd3-98e1-2679715421a8,33,Male,124,20,No
c099dc96-2603-4d29-b97a-a0697a9a4fe2,90,Female,100,10,No
231db33b-7a15-4106-8af6-dce6216ba581,45,Female,82,99,No
46523fc4-0982-454f-92b6-30f26be22041,57,Female,192,59,No
fa62122e-c905-4388-ab18-45087e0734ed,54,Male,172,57,No
53a2c203-c802-4562-8bb3-64444010b2a0,19,Female,21,29,No
8fbac64d-6b81-4567-b776-0297fdeeab36,59,Male,82,29,No
ac6bf81e-5f1b-43a4-8fa3-1ad12cfa3e33,31,Male,174,100,No
40c303b8-3e11-4e99-b3eb-6e3f0610c97a,70,Female,38,84,Yes
8580c3e5-8753-4cb2-be06-f3074cc46771,56,Female,29,44,No
caf2e1fc-8259-4f11-8040-158088813933,39,Female,74,66,No
d71ba156-3d9c-40d4-806b-02f9a223f259,72,Male,74,59,No
2d7fb423-8813-4e90-a39f-9650de2e0e54,29,Female,91,75,No
62a761a4-e2d9-47e6-9f48-d6d23d8286ad,62,Female,67,41,Yes
396468d7-1ddc-4891-aec9-24738a893aea,54,Female,100,56,No
778d63b4-e390-4a32-be3d-52dbbd39d731,65,Female,113,91,No
82de71b9-1f07-463c-b9f4-ddf5c6cf4365,35,Male,63,28,No
664ffd0c-7010-49ee-94d8-eba05455ee4b,21,Female,51,18,No
d78d993d-5cc0-4aaf-b214-9b75984b66d0,70,Male,138,54,No
75dadab4-dcbf-400e-a685-b43ee46835b8,76,Male,72,79,No
96ce1136-22b1-4097-96d0-f4852b7628c7,71,Male,146,8,No
806e16a0-a5ff-4e0f-a72d-1fb0226af1b0,40,Female,57,41,No
566ca747-4eb5-46b8-a49b-666337df73c6,88,Male,95,22,No
c2025f74-7105-424c-9650-2be2e277eb9b,50,Female,179,10,No
0d960ce9-3a7e-4fcb-bbd1-192cfc378a62,25,Male,140,31,No
8aff3ed4-9c25-499c-9a18-c957e9d325b2,42,Female,191,95,No
0d75c8c4-ce95-43f2-b460-25d90a83057d,23,Female,80,25,Yes
3319aa6b-54ed-40f0-bf10-28d913ae70c1,83,Male,54,94,No
794e4fd4-e2fd-40cd-92f2-2e89a3dfb0a8,18,Male,34,57,No
d92f767a-48c9-4fa5-83ab-e3d1c9b48806,34,Female,143,69,No
9ea7c70b-4920-4a1e-a261-52e4b04fd3c5,64,Female,108,47,Yes
7177bda7-a159-407d-9c4a-e09fe25e006c,79,Female,45,94,No
c5220954-d475-41a7-aaa4-732767228cec,18,Male,197,39,No
449187c6-6ea3-48c2-a1ab-bb26e42d72e5,88,Male,158,10,No
100312c7-7ddf-4c67-b58d-ec0200a10df3,34,Male,46,77,No
f2eb06f1-95de-44cd-9489-dba5fe5c0c76,19,Male,177,21,No
bd9e45d9-c958-4e60-bb51-3f284121ec92,41,Male,81,80,Yes
97b3cbd3-178a-42b1-a0fb-f88921aba0b8,66,Male,187,20,No
6f6f213e-7f1c-44bd-8e95-6d70c87668da,74,Female,149,84,No
45c7bc9a-78d9-4e43-8848-b64cd42cc2d8,26,Female,120,46,Yes
3e2ab768-0ded-4126-bcb2-a5b9701f22c2,52,Male,101,97,No
9e7c9db0-63ee-437c-a245-73a45cb0aba4,78,Male,45,28,No
25a34f60-5d7b-404a-92f2-35c5ef438fa6,39,Female,158,24,No
da7f598a-3fb0-4ce7-90aa-b9aeac40720e,28,Male,118,11,Yes
287bd881-addb-4d3f-bb17-d7bec78cac51,68,Female,69,93,No
4ad78ab5-332a-49c2-86fc-cd461a5d178b,28,Male,46,78,No
ebb63095-7f27-482c-bdf7-85f2c9588d4f,40,Male,65,75,Yes
91dd18b0-7bb6-4d54-b2b5-888563ff1925,85,Female,36,95,No
fce21200-022a-48db-9cf0-a42f7dd2ec45,67,Female,68,82,Yes
5a01bb5c-7f70-406e-acb6-3778de95138d,56,Male,192,42,No
5339f2b9-5130-42b2-ab1c-59041472771c,73,Female,32,84,Yes
840915e6-1c4f-440c-bd39-021c394b81bf,60,Male,24,81,Yes
82335953-7a3b-4fd5-804a-129014a830a0,24,Female,101,31,No
0a97ee94-4886-4f9b-b2f1-601cb9eb964d,62,Male,56,76,No
bf48c09e-8757-4a53-9df4-298c730664da,67,Male,147,40,No
e5c40dc3-3d23-4b7c-8159-76788a929e47,30,Male,51,77,No
4625571c-0342-4a30-a9d0-00cd510cff21,90,Female,134,92,No
c07f0404-6d6b-457a-bcf5-4fa506f9b620,80,Female,137,15,No
a764bf55-5f12-4a14-9da2-b34214160a44,50,Male,67,47,Yes
69fbf43a-5ecf-4e54-bdc9-b919e0a6265c,69,Male,107,17,No
d0905fc4-c5a2-434d-ae91-d6e5573b32e1,70,Male,186,49,No
7efee499-570c-4c8c-a3e2-eebf62aecbd1,20,Male,86,95,No
8ea16008-b88b-4c1b-ad4d-a0eacd247b9d,37,Female,191,88,No
400e7e6a-baa0-4895-aa46-9d170c91a6c3,48,Male,83,70,No
b734ffae-8fb3-4e8f-bb88-09660956c046,18,Male,91,75,No
306af2e9-b7bf-43e2-b940-70af35daa47c,37,Male,48,8,No
f6d6c1ee-2454-4129-855b-21b5c711e602,38,Male,92,25,No
fab46bca-1f33-4918-ac7a-619a55229f36,33,Female,176,30,No
217ef047-ed27-4278-94ec-2d5207b64d7f,31,Female,102,57,No
b5a8b6d3-b26b-41c1-97fb-6d102d8edd74,63,Female,148,88,No
720808de-0a29-4135-bde1-180be4d6207e,18,Male,195,2,No
30c0dd1b-63cf-452f-8eb7-2d56b0b2cb79,52,Female,58,67,No
d05f4a78-b858-471d-a8ba-571d4db3363d,65,Male,66,17,Yes
ff658e9a-2f13-4599-a632-f9fe12817e75,27,Male,74,65,No
3c8d2555-f09d-4613-a2d1-e4bc3712d09d,63,Male,150,23,No
5e2fd9ee-e1c8-46f2-b9ae-790fee9c1691,50,Female,63,61,No
c73a275f-0a5a-47b7-83ed-1a712b506be2,59,Male,176,64,No
7ca911b8-1a57-4a3a-8c2f-1414fde21ef5,52,Female,130,64,No
2a8b4f1a-cbff-45ef-be83-e42bad63d22e,25,Male,78,51,Yes
326e64f7-121e-46a5-8e5f-75490330d2e5,76,Male,146,37,No
c15e6c84-4ef2-42b7-98f9-ed2d67712149,29,Male,111,45,Yes
8a7684c6-c9d5-4e5a-bb93-5982fcd82005,43,Male,81,89,No
bffedd68-7a7e-4d33-b428-a685d297a86c,60,Female,74,11,No
727cdd2b-9bb7-4f30-90b7-0c928c8a28c2,49,Male,56,41,No
db81a986-f1e6-43d6-ba08-6fbb36f92e09,21,Female,39,84,Yes
1327a38a-e7bf-4424-ac29-4417e134a1c9,32,Male,158,20,No
df0643bf-e162-47cc-9ef7-d35c2ee1bf1d,71,Male,98,29,No
1ad5f7b0-0ffc-4c39-a4e2-99f76338820b,80,Male,198,63,No
247080eb-6fd8-4530-b963-964e2994f851,67,Male,168,33,No
0da7813e-f19b-4782-ac19-835384da07c7,58,Male,182,84,No
4d417b8c-1228-4c9d-b002-8e44f60c5475,38,Female,58,42,No
8c46f29a-516a-4973-b22f-76f6a1514dd1,61,Male,116,39,No
ff970a71-c91e-4547-9082-4313375eddcd,50,Male,38,17,Yes
6b60a8b7-3637-4621-8c91-9512bb666beb,80,Male,194,86,No
0f3ee62c-0fc0-462b-ac37-888377780165,42,Male,63,50,Yes
ef9f9f97-111f-4d81-b00e-b9ed7285fc9b,69,Male,21,31,No
f24463f0-b275-4c9a-9b6e-76de786ba9ae,31,Male,20,27,No
c3bf1845-6d09-46c6-9fa7-fe67ec1528bb,37,Female,194,13,No
2eeb1116-8745-49c8-8a6f-c8773e4e1a8d,85,Male,166,8,No
2bcc6773-22ef-4a01-a73e-709c06fefba4,53,Female,137,15,No
0d435e6b-f502-4398-8f01-c9307dfba0ed,32,Male,194,67,No
5e09df98-3096-4388-ac67-599afa65bade,90,Male,185,93,No
d9120f37-cfc3-4a39-802f-861ae15c2db2,29,Female,114,68,No
a4901a67-cd84-4f31-8ae1-bc3b57dec901,47,Male,102,27,No
a2d30fab-24bf-42c9-8ef1-eb34033def7b,43,Female,34,87,Yes
3c6fdf12-6b75-4b3e-ae8a-87f3865520c2,81,Female,139,25,No
ffada2e4-336b-4ce6-9001-14503549bb37,25,Male,106,18,Yes
84d5d904-9bde-4446-80f6-c68f015a65d4,88,Male,60,20,No
ec2557fb-8c22-454e-a575-36f74635e0e3,71,Male,193,62,No
3ebc903d-8665-433c-8ba4-ffe13777a89f,84,Female,97,28,No
f860e026-4cb3-481a-9262-e207c22a5d1c,22,Female,65,100,No
ba8bfd1f-8f00-45b1-b269-1b67a05ea44b,24,Female,131,31,No
689c2b91-6c8e-4a9d-b081-60adea19fe22,32,Female,53,47,No
773640bb-719e-4f47-b6e9-81e2af761ad0,63,Male,25,95,No
0b7a38f8-cb70-4d4c-b21e-ab6429a08652,42,Female,129,84,Yes
c10b1687-6535-4abf-ac47-5f9521341476,40,Male,76,89,No
65fe52b1-67a7-4aad-9bd1-ccf7ad78c1c0,84,Female,56,16,No
0b8358f5-8d1b-418d-94a9-32aa2b6a0c47,78,Male,89,31,No
c58a0756-01c3-4f8c-a9f1-3c264a6a2e31,37,Female,98,60,No
50ffe180-02f5-486f-94be-012b708f72aa,59,Male,175,71,No
15772166-2351-4d03-bfa5-86c6def3c2f7,71,Female,132,36,No
8c91df60-a1c7-490b-bcd0-374b3d5e5c8f,83,Female,55,42,No
dfcfaa6a-7f93-4008-b061-f85c65c8e2c6,90,Male,64,32,No
aeba8dbb-3da4-44fb-a050-02122f56ddd3,84,Female,134,40,No
b625d21e-891b-480c-aa44-2b9fd68cef20,88,Female,44,7,No
090424f1-4abf-492d-8e65-04c508f7e153,32,Male,52,12,No
1c3fbdbb-4db6-4c8b-8d15-b9cddc67bba1,24,Female,165,58,No
90e76b21-9efc-43f6-a1c2-5682c3835d6c,42,Male,122,51,Yes
fb19e82a-228e-41f9-bbc5-e900e85fa057,55,Male,32,59,No
db45bde8-842e-4e9d-ac23-d2cd8b5aa887,68,Female,47,51,No
a074203c-14d7-4ac1-b303-05308794a674,87,Female,90,42,No
0047588a-8712-4383-9ca9-02f68c58661d,34,Female,92,7,No
f0b42554-5bbe-4457-a66b-b53e1bf072aa,22,Male,163,13,No
eaaf7171-114f-4ddc-95f0-6823029f9dfa,23,Male,109,99,No
a8862d27-f69d-4096-a953-f5b278e89ffc,46,Male,68,39,No
3e1a41dd-add4-4e8b-9374-82233d1f1f72,83,Male,57,63,No
a47ec2ae-202c-4436-87fc-e7685041acec,55,Female,136,96,No
267bb3b7-1761-44f7-a126-0c6293022746,74,Female,176,100,No
cab7c7c6-3949-41d9-a7ea-d003bb7702bb,59,Male,103,25,No
e88187d8-6502-4438-ac9e-a4d3988efc19,19,Female,196,20,No
c355ae1a-e26b-49cf-b040-d3955f16d632,77,Male,125,36,No
17d32552-4e0b-4d33-9804-27524d6dc226,39,Male,104,1,No
24411e02-120f-4986-a632-19e306128c8c,32,Female,37,36,No
872fdf53-b207-4308-8146-77a6c9f3ffb7,88,Male,49,10,No
3ad5ed1d-5ecb-4a2a-bfc9-9c4ae1ba7b83,73,Female,185,25,No
2ff299d0-9003-4e2c-a60e-48557fd8c665,82,Male,21,39,No
4a585052-541f-4eed-bbe0-838b869a483e,49,Female,80,11,No
588aa3f0-0b88-4fe3-b48f-93a70d4de536,36,Male,148,2,No
7fae0f5a-f7a2-4930-a49c-2e8c2e943591,22,Male,180,98,No
6c8ab756-0fec-4ce8-b14f-a8771ff2627d,43,Female,23,77,Yes
06578882-a3a1-407b-9938-d886c7326469,74,Female,108,11,No
009dcc8f-bc1f-4476-8996-3b5d5ddaaebe,73,Male,99,10,No
35da5d82-5553-41d2-b02a-63458bd6496a,58,Female,100,90,No
99f868cf-bd74-4d97-831d-e9ced7f167ca,52,Male,107,42,No
f984b509-deda-4640-a6a5-995aadf219e4,47,Female,155,67,No
5d73aef9-74be-45ba-82a3-a1ceea850dea,29,Female,100,60,No
bc2fe93a-fc2a-46e3-bf79-7179b35ed5e4,37,Female,107,12,No
8e1625ef-e201-4fe3-a5bb-cda21cd46a57,68,Male,150,56,No
de0b337b-3a98-4642-9971-63b97865da3e,22,Female,118,87,Yes
71c1d979-69b5-4036-9a4c-3044913650fa,51,Male,70,55,Yes
07b34343-2ac9-4763-992e-eabf9306c425,78,Male,110,36,No
641b6337-46d2-451e-bc4e-f7c43617bb10,73,Female,116,43,No
dea5fa0a-9362-4ec0-9f61-fd71aafbf9ca,55,Female,169,57,No
4e152ff8-37be-4d2b-980e-bc8e354eeddf,72,Male,171,87,No
59d01873-430c-4136-816c-026d792dbd92,63,Female,167,27,No
56695991-22f4-444d-a278-39ebdebd7fc6,54,Female,148,80,No
203249fb-cbea-4181-a80a-dea481b8bbae,33,Male,54,97,No
c63921b4-ffee-4ac4-8e94-06c3c628a3ed,69,Female,106,6,No
72cc18f8-5d93-4667-949e-001c6bf632d2,33,Female,136,95,No
d8af4e4b-e244-44e1-aac4-80a7ed828a24,27,Female,69,72,Yes
a75b6413-33ed-434a-b78c-6df98ea74851,55,Female,135,84,No
d5b6a5bd-e2f3-4871-8e4a-cda0a9808360,70,Female,99,88,No
262d4b3a-9a2a-4c01-802b-e646e8b55f6d,84,Male,160,83,No
bdafb917-f49b-442e-8258-8cee9c6d729a,77,Female,158,41,No
07b3c6df-b512-44be-9d0c-16872220e5b9,32,Female,119,22,No
c16f9e16-c1af-453e-b093-3d41976375c4,49,Male,166,19,No
a13ce911-eca6-40dd-89eb-ca7597f22d20,41,Female,42,32,No
50a001e1-a73b-4f21-a485-460712f0cf27,46,Male,187,79,No
4d9d9599-a5ba-4944-9b1f-e53eff16c958,38,Male,141,63,No
0b23a2f0-db61-41bb-9812-27aec40ed7fc,57,Female,185,37,No
f701cc69-19c2-46a3-bf91-54955c84f2cb,29,Male,65,9,No
321b3946-9617-49ae-b789-20eb56c1fa5f,43,Female,150,81,No
0f60bdf5-3ca8-4816-8e2f-c0abd57f0623,89,Male,109,26,No
f3047deb-9cb2-478e-b93f-bec5a11f0948,23,Female,199,71,No
89ffddca-672e-4a99-b1e4-3089a5b3a28d,27,Male,190,40,No
9b2df3b8-fe9d-405a-b3b5-76bc3363833d,51,Female,182,6,No
f75dbafb-6141-4ef1-8d56-88215d0476ba,29,Male,82,63,No
db687043-3c13-4b58-acbe-a547bc20f137,28,Male,177,42,No
c4859900-d4ce-41ef-bf64-0b43e290403f,30,Male,54,13,No
02369ab4-b433-42cd-911f-a7cad31f20c5,42,Male,176,8,No
1e7912a1-384f-4f6a-aa9b-fbe8a2810046,81,Male,178,89,No
ddc1eda8-7bb6-4147-9a86-37cd3adbe29a,59,Male,30,19,No
d14a6c47-6f3a-4d4a-800f-166621e96b7a,39,Male,160,56,No
adca1457-b740-4cbe-a3ba-0ef31bcbe8b7,79,Female,167,24,No
76351ec2-d36f-4ac0-bb3e-7b94d2cc67fb,74,Female,91,60,No
cab5b3fc-8b96-49bb-8128-6abba43c6210,82,Female,194,94,No
af5c9464-e446-4018-bfc9-26e453d71e42,26,Male,165,40,No
92b6e722-298f-4532-b17f-a9091bf2e4ea,70,Male,148,64,No
b065c81e-109a-4784-a8ac-5f596ae14f17,43,Female,156,69,No
9a6bc908-9b6e-464a-8c20-3201dbfc1952,32,Male,134,15,No
6006432b-7a58-49c8-a16a-4cb7eb23ed42,35,Male,198,48,No
1bd531e3-4d1c-4cef-b0c6-e32defa1f26c,86,Male,143,36,No
db99ab13-ad30-4515-9231-2c12b9368b1c,55,Male,142,7,No
9900d5fd-46d5-4cd2-8170-262a4a9a5dc1,58,Female,63,44,No
4fd6b7d5-1e7d-48d1-812b-2523c08bbbef,65,Female,138,34,No
61c491b9-a0b1-4b73-95d3-e7bc1c5833d7,72,Female,54,58,No
331cc7d4-29e4-4dbf-80be-148a8db1fe69,58,Male,35,86,No
546903de-a8f5-4511-876b-a506d47dccb7,32,Female,192,90,No
3043431d-1fec-4735-8079-524be7432129,73,Male,178,41,No
f7bc7714-a837-40a1-8cee-0de0aaef16ed,27,Female,125,53,Yes
c3e69199-2467-410e-b883-7de06bc9c0c3,55,Female,186,18,No
08eecd08-441a-4cb7-9cd6-29d9b5c7d25c,84,Female,142,61,No
1b7f41a3-fd54-40fa-8012-f0a8f06dac61,79,Female,33,26,No
7a450413-c2c4-484d-8b25-54309127f6a2,58,Female,85,46,No
c6a1c7f5-1fb5-4bc1-a206-9d0a48828c79,55,Female,26,95,No
69e541d0-694d-4888-a104-ad9676e5b3a9,50,Male,181,41,No
9ea5f270-3aab-4653-b74a-aa929826b63e,88,Male,167,77,No
daa29157-923f-4233-a43c-e9b9e636bf9a,34,Female,178,85,No
9ef27ffb-7ff4-4955-a5bc-6dd045e66032,21,Male,52,95,No
b60988c7-af20-491f-b7b0-34e30f9bdb0c,68,Female,131,42,No
9d229094-3270-4459-878d-5f56856c1c5d,89,Female,31,81,No
edeb3c39-543b-48b0-9560-faeb0fbb2367,56,Female,117,66,No
59590060-5673-4633-a3f1-7512d6aa6927,33,Female,127,57,No
4715816b-1ab6-4160-9de4-be68fd0322ed,65,Male,79,66,No
1043b7bd-5d38-4f78-a3eb-0d1da36fd480,38,Female,46,45,No
dea42fc1-e289-483c-9ef7-519a351f50c2,76,Female,113,18,No
9ecc9fe8-2aae-4de5-9215-5ceace684ef5,57,Male,157,71,No
175a9f77-9a5b-4b06-970a-04d4d3a62a07,85,Female,145,99,No
1e5d1fb4-84c5-425f-b21a-1d476fd1979f,60,Female,43,40,No
7b4a51bf-aae7-4069-9524-25aca7ce9306,25,Male,166,26,No
01be630c-9f39-4c40-a875-6e461f026dbc,51,Female,190,65,No
5001ec4e-300f-4542-b453-66e714425e66,70,Female,61,60,No
7e3d939c-345e-4c52-a222-2f0de8884bcb,64,Male,50,33,No
67b6734d-0a16-4012-aa4e-cef0f1bef766,21,Male,127,72,No
953947ce-18de-486b-91c7-e05f61890708,72,Female,113,2,No
ba915151-d131-4f84-b745-dc6ae0dd6d21,41,Male,163,90,No
6d2148b2-717a-46cf-85c0-86568b9f474d,86,Female,99,68,No
1a9fe225-64ce-4f77-9cc4-cd7c3481ac62,76,Female,183,60,No
2e88452e-08ae-4e29-9d89-cb9f6149f415,50,Female,167,24,No
6a9932fb-415b-43a1-b663-d6430f04a437,49,Female,143,60,No
673abfed-8d30-411c-93b2-1a590fa822f5,73,Male,150,54,No
168d8c1d-9f03-4e5d-8b9c-dad95bf7e8c3,90,Female,35,24,No
8f04cb51-e67b-4b52-8d1c-23393dc95a5a,55,Female,105,44,No
33dfa6d2-d516-4bab-ba73-6b1762793f04,21,Female,189,38,No
58c6b4db-2417-46a7-b03b-03f8c7e06e1b,55,Female,134,76,No
8a7e7fe6-733c-454c-83a0-60c68657dc65,63,Female,148,71,No
708f120e-482e-4c15-a240-4e9a49b7e1c2,71,Female,193,57,No
dd1762ad-541d-4d74-98df-14d3e60348b0,49,Female,143,28,No
2719d196-6128-4811-bab1-3a86d4948e59,53,Male,55,95,No
6411f5dc-f58b-4580-87ba-cbbca222d076,73,Male,77,100,No
33faa32b-4b85-47f5-a17b-ea54bfef4ce8,56,Male,186,61,No
7494e0e0-8656-4ce2-a133-a3344d7f883a,46,Female,46,8,No
6d3f20ee-650a-4aaa-8ffd-f9626f1e4074,51,Female,183,3,No
c8874a71-9771-46ba-afd1-4d3f1bd182a5,89,Male,47,64,No
9ce7fe12-f9ef-4ceb-8184-0235755ca93e,27,Female,133,60,No
cac78615-213e-4fc1-8519-273967fd0ce4,50,Male,172,85,No
4f6037b1-0093-48a2-a549-22afe0aed85a,62,Female,68,69,No
4eb95cd1-21e3-4696-b33f-704eb83e2e2a,43,Female,137,38,No
30892fc1-948a-424d-8c7f-b0134ff2eee1,45,Male,140,53,No
a50bfcff-151e-449a-bd63-ae609803f11f,64,Female,36,5,No
f8f4409b-f7bc-481d-be41-4684649d2e5c,47,Male,162,85,No
50c5c282-9141-4834-b410-a7329fd860f7,87,Male,156,17,No
b7f4a2b9-bf61-4957-860e-f28b33df6a17,83,Female,48,10,No
831e7858-81cf-4e71-8d28-7cddd5015e3c,26,Female,128,70,No
f78f7272-a615-45b8-ae0d-b60cec3495cd,82,Male,146,18,No
e2155798-1943-4214-b170-b1c9e2069919,49,Male,32,74,Yes
a241a18f-c9f3-4a18-9d16-c0bb8e9596b8,28,Female,66,89,No
fa5ddfa1-7b36-4b33-8f54-c9f3fe057fb6,67,Female,98,92,No
1947efed-7b42-41f1-be37-3a2ad83262af,35,Male,24,74,No
bf0662fe-a0a4-4927-b423-2b37e94820d2,26,Female,83,11,No
db468a55-a43b-471f-badd-d0ca2fea7632,32,Male,62,78,No
06812a36-7085-485e-b2dc-58abab842428,22,Female,113,24,Yes
72a15fd8-da66-4c1e-b31f-0ebe9711b09b,48,Male,118,28,Yes
0de993f8-0ae3-4f2b-b7d6-14a9b7b19425,22,Female,105,87,No
888c3125-34ea-4cdf-8efe-62b4311fbe15,53,Female,55,99,No
830a724d-f4c7-4720-967f-2697ca6a5d27,26,Male,136,95,No
616778b3-a06e-4383-ae72-eb29a111841c,75,Female,159,68,No
3ec7eaab-32ce-4104-bef0-d60df12da648,70,Female,61,11,No
3c67ec5e-6582-44af-9961-c510b5f6fca5,47,Female,99,70,No
a8808f45-b82e-4b3e-a0ef-d2dd229a51cb,81,Male,114,39,No
3f7a8efb-0ec7-4c5d-ac66-843806101cdb,65,Female,148,13,No
a4254b99-3362-4564-84b5-d45a4a431c90,19,Female,181,52,No
830a8a6b-8c24-4b3b-b289-e24f6d67b83a,29,Female,160,7,No
3f2bcc04-b121-479f-a1f0-25566f85a53e,78,Male,22,57,No
c9551a1f-5b40-4b4e-8a75-b2692b6b493d,32,Female,58,74,No
930899bf-385e-4aa1-b22d-bdaed70754eb,29,Male,196,46,No
fa6e16a2-87fd-478b-aa94-9fc69f13c7d9,55,Male,26,73,No
6770b848-9463-4ef6-bac6-6095698b6c9e,51,Female,85,73,No
c270fa9b-074d-4961-b1fb-dd2a5e627e70,52,Male,146,88,No
6393e28e-228c-45dd-9532-290e920a9d21,32,Female,140,9,No
c4045e78-d234-4c2e-855e-b118f9bb9937,38,Female,122,11,No
f0755d3c-56fa-44d3-b251-4db73220be59,70,Female,95,28,No
8c78f3be-5630-43e1-8218-f010b9797427,30,Female,141,82,No
3ff1210d-9e31-446b-95a3-16ae071c417d,57,Female,100,41,No
466f4908-75bb-4ed0-8c30-1a4dd5afe79a,28,Male,182,4,No
8952b899-ecd6-4745-b006-5ff6b159ca51,50,Female,100,24,No
853b95af-8478-47e4-96cb-0baf1558f00f,45,Female,55,63,No
02c32d43-e622-4678-951c-5146c6738e09,80,Male,176,62,No
61e2fb75-4e76-4063-aaa7-2cf64dcb37f2,22,Male,141,10,No
3f1550e9-4315-4319-ae7d-b39ec8d59139,54,Female,122,7,No
4f52643e-d0bd-47de-ac7a-4275ee83f3f7,75,Male,49,46,No
adb48651-6001-4fb5-8632-5f717c4690c5,26,Male,165,62,No
0a383b53-f17b-4145-b4d1-69c27bb9b9f0,50,Female,159,76,No
c5d98715-d081-412d-bee8-87646494816d,43,Male,175,62,No
9d423be5-b36c-4d2b-8ee7-08ef7ef1764d,72,Female,23,78,Yes
a50ab22e-6864-4c3a-a83f-2c5401283a3b,72,Female,29,61,No
8b07b87f-2b5a-420c-89aa-4f484f24a6ff,39,Female,108,11,No
b36bc7b0-f2be-4d2e-bb1c-c22b16a97a75,62,Male,73,81,Yes
bc240568-76d4-450a-b21e-5a3369eddf64,31,Male,150,44,No
c09c893a-b6f5-4d04-b1c0-367d5f51518d,84,Male,90,43,No
9cd1ad71-65f0-49d1-94c9-232f67cfab81,28,Female,115,5,No
a823fa03-dfd5-4b4c-b798-5335883cb168,82,Female,56,52,No
489e9c67-7de3-41cd-9936-a83e8dd6a399,47,Female,47,12,No
8765ea2f-86ab-4e76-a57c-bfe1e0822df2,54,Male,45,85,No
8c9ce9a1-fe18-4ec5-bd8c-6cffff217db2,79,Female,161,69,No
e89e7103-ad41-4a77-a10e-d6c130a364c6,54,Female,105,96,No
6213f1f5-2123-4562-bf64-84ac5d73d51e,65,Female,99,45,No
d88710d3-5777-4a23-853d-166850b92c91,84,Female,86,38,No
37f93a58-e752-443f-9646-28f9e7ba76cc,32,Male,33,99,No
9d93c9b4-13e9-48c0-9da8-85ce61154202,77,Male,194,12,No
5a60242c-443a-4a1b-9964-ade1e44caf56,76,Female,105,10,No
9bc8ba8a-6466-4504-87ce-6aff0324c8bc,66,Male,42,1,No
596f06fc-def9-4598-997a-2767d92b2d45,88,Female,70,50,No
aeba8307-4419-4c84-9ce1-1003d71da10a,59,Male,197,47,No
cc5a6e17-9d63-448b-99a8-1e9c5d585664,42,Female,30,26,Yes
cfbde093-5d1d-4f82-8a56-178cf9327b60,45,Male,162,64,No
a89f9626-9718-4f5b-8b6c-384dddb12dde,69,Male,186,7,No
2acee6da-9296-4100-a85c-3869fa0e9b67,79,Female,80,40,No
96808f36-96ab-4324-93c5-d8424f709de6,79,Female,166,77,No
9b8f85f2-e4db-4c78-a02e-c341ce1553c0,83,Female,129,5,No
01a4ca7c-404b-4a80-a6b4-4443f2f6b94a,57,Male,140,82,No
b5b3a6f6-c11f-406e-8f3f-808962b9751e,34,Male,139,62,No
5a3f9bda-2fe9-4c5a-b023-76e3c0fe0bb9,82,Male,57,61,No
c233d481-f217-46cb-b62a-cca578f4f5d2,62,Female,101,79,No
112cbb2c-fcc3-419c-a7f3-f4de5deb6377,58,Male,127,68,No
100f8252-7052-434f-a05a-06a8720f7ad7,20,Male,84,72,No
9b2b95a2-7a10-4b75-9484-31f4a6293a94,62,Female,167,98,No
eae6254e-6c50-4598-8436-28343bb07f09,19,Male,56,95,No
a9a6ad04-c531-40c3-8a13-55a65c1a73e1,37,Male,189,56,No
7841e836-0cd8-418a-b60a-08280859d177,77,Male,120,24,No
5951cb01-8343-4184-b14a-4aac23abdaf1,89,Female,121,69,No
9df92a69-4338-4bb4-a196-da0cc3a11974,27,Female,117,69,No
d764971b-e210-4a26-b069-66f52229a915,83,Female,114,99,No
6e2a80b2-7879-4462-9a59-77cc2dfe3c61,55,Male,61,23,No
b62dcee2-4f00-4e04-b491-a9a4e7005129,48,Male,176,51,No
d039205e-c4dd-4a6c-9461-a743a5f550af,28,Female,60,5,No
ac657356-99fa-4b4b-9607-ec03f186a904,82,Female,79,65,No
b253ba8c-087d-4143-860d-6e75a89ccbde,53,Female,46,93,No
0da84a38-25c0-4452-9b59-98b00b5824ce,20,Male,59,27,No
3cf5e36a-9b91-45df-8246-f2824acf2922,43,Female,143,69,No
36f69f03-d22d-4f54-96c7-38d22667997b,33,Female,65,73,No
585d788b-329e-4595-bf38-11161f05daf1,58,Female,100,90,No
28c35eab-b6ba-447a-83c0-150df8ad94d7,38,Female,73,76,Yes
f8e5b7f2-2cb1-4fca-b221-219ae30e5cbc,61,Male,111,19,Yes
89165853-5790-4bd4-a428-cae21e1e0dbf,21,Female,174,65,No
e41bc406-2f86-4eec-bafa-64013938b59c,26,Female,120,53,Yes
b8506381-4453-4e64-a9db-daccb3ee4285,81,Male,120,92,No
b9fe520a-4562-4df0-8b09-5ee757ae4e0e,43,Female,199,69,No
673fe0a2-c7e0-4a37-ae9f-077edd5df865,64,Male,102,24,No
c4cde894-a9a5-472a-86ed-269a7cb39828,81,Male,176,69,No
0e62b500-c705-48fb-bcc4-4c1bc7728ebf,87,Female,82,58,No
30dbb985-7e2d-4293-bcde-07e1f786ffd3,41,Male,107,82,No
e487cd8a-48ea-481f-9fcf-6bb311c11939,66,Female,191,71,No
2fa6e40a-ed0a-4b9e-9613-2bc8e582ab2c,51,Female,142,98,No
2e554521-b55e-45b2-a909-0224572d6d4d,68,Male,159,17,No
11045609-b61b-4b13-b154-08bc3d8f4a7a,33,Male,105,73,No
2a18fb6b-6850-4ef0-9496-511e7dbe29cb,84,Female,146,31,No
12f9962d-04df-4562-84e4-46452786c4c3,60,Male,94,51,No
0995733c-3196-4799-8014-2aabc88ff8ef,82,Male,156,16,No
cc755da3-4959-449e-b539-57cc3c900e6b,78,Male,31,68,No
9e7db6ed-cf87-4330-a8fd-6fbc02b79c16,55,Male,34,46,No
85d2f908-8d5c-4c45-a475-e8ba12437027,19,Male,170,41,No
930a5502-8fd8-467e-9005-a853ba9416ce,58,Male,152,79,No
d08244fa-3e87-48ef-9a06-08bc3aa8154d,20,Male,184,5,No
eeb5a07a-a6a2-47f0-b6a5-e903599e2edf,38,Female,34,60,No
1be803be-345b-4c1b-be9f-f6e7afcd5bdc,51,Female,193,92,No
f839384f-9c08-4275-89da-736e8ec6fe46,22,Female,55,31,No
965517af-5645-4444-84c0-517a0a82a201,66,Female,180,94,No
e99633b5-1db6-48c7-8419-784510ca7d00,40,Female,196,62,No
bfdba49f-9023-4031-bf3b-1f4ebf21fb70,59,Female,167,86,No
59f36d85-3585-4017-8b4d-e3833d623e19,62,Male,57,67,No
c2d2e7a6-d09d-485b-95fd-ce2a71128e61,63,Female,161,70,No
a9910621-ed32-4594-ba93-f446301f84e9,84,Female,54,57,No
290b841a-e4b0-403d-910c-895f2c2c5496,86,Male,43,68,No
9818e806-092d-4fba-841a-49ddaff96920,31,Male,88,44,No
ab9cb7d5-7931-4f65-abc9-885d0676f41c,50,Female,193,53,No
9700d00c-900f-4b2a-8d0c-324a3e506233,28,Male,75,63,No
75cd1077-0548-43a9-b0de-1a456763950f,83,Male,164,49,No
0f8b3da0-ced3-4ae7-ac81-2aeb6687c865,90,Male,156,63,No
18e5efaa-274e-49d6-a517-7a6e20ec1821,19,Female,68,45,Yes
f44f735c-3818-4e02-a7ff-219f86afee5a,39,Female,102,90,No
65bf7027-15cc-4de7-a049-535a9e9a83d0,39,Male,81,16,No
9c01b43f-f76c-4bbe-8f61-458ba244f975,76,Female,132,90,No
b2e04ff7-e733-4d2c-af41-814aa55aacac,81,Male,62,31,No
145a9ac3-3b89-4753-9672-10d818723952,61,Female,192,5,No
d8474576-98fd-403c-bfc6-9f0c0bf4e4f2,50,Male,171,33,No
01af20ef-79b3-46d2-844c-d68774e3e7c1,25,Male,156,99,No
c4c22f71-6148-4c58-84da-04a5796cd473,31,Male,111,39,No
7a694848-547d-4840-a18c-9b7fad55e483,35,Male,151,20,No
737c5cf0-aca7-40f0-9160-c00d483f47ac,43,Male,184,96,No
e83a0556-8099-42eb-8a98-1f8b9bbba5cf,83,Female,20,11,No
e9fff3ba-a40b-4dde-ba4b-921e22109593,45,Female,186,81,No
b8134ff9-69e5-407f-8ba2-3e7576866936,22,Male,134,89,No
df6603d7-54d1-4ac6-a59a-fcaabfd14e04,62,Female,102,95,No
988e41c4-c076-4b64-9512-dfbc561df8e4,47,Female,74,69,No
7cf4f1e5-f9a6-4557-88ff-2bec51e506ff,25,Female,57,19,Yes
84f4d064-408f-4ede-9b5e-aa66c19cceb8,90,Female,169,90,No
b2eb45da-9030-4c59-8376-d530d46f648d,24,Male,73,57,Yes
af717748-2af7-44f8-833c-954049d1fca2,60,Male,155,80,No
0f9805ed-6289-4158-b9dc-8ad93bc74de0,79,Female,33,84,No
1bbce29a-ade3-43af-9bda-4f5839e60741,66,Female,62,99,No
60543af6-e1ec-413f-9371-7de21f6e9f85,74,Male,133,49,No
14f79758-94b3-4258-a404-71cf6071821d,90,Female,76,80,No
e66facf9-214b-4fb8-bcde-bbf96469aae9,73,Male,134,67,No
da26a2bd-d5d2-4030-8e71-f80aad0022aa,31,Male,72,16,No
103eb13f-d02f-4af8-b9ca-9013dd154a49,24,Male,144,28,No
aa9ed604-1e43-4dad-9398-b295d8dad89d,55,Female,110,97,No
3bc147b2-0fc3-47b8-88be-b427733cca37,50,Male,28,93,No
35c12dce-d70a-46d3-9663-bf4ea961230a,23,Female,47,6,No
4382e5cc-dc60-4f75-8ef7-7e19a2b3f3ae,80,Female,110,29,No
e62da088-4a40-4bb2-bd3f-cccd06c965b0,62,Male,184,53,No
28672587-e450-456e-83f9-be70b6be0643,55,Male,111,45,No
a96e446d-ccc4-457f-8161-7bff2985c5be,72,Male,58,24,No
4b67fd6a-c6dc-4808-93a1-ea3a7b4f3e7b,67,Female,63,79,Yes
07863324-d94a-4856-ac6b-c5d68c1e9f68,40,Female,147,23,No
655883b4-23d1-42f2-99bd-ec94cf475ae9,32,Male,90,6,No
f4c863e4-15da-41c3-9eda-4236bdef5ace,27,Female,115,41,No
4a210c19-e24a-49ab-9f1f-95a0c1118f80,48,Male,71,79,Yes
a9d94bf0-4096-45e1-b6b4-5e3ca3f9b96c,29,Male,148,10,No
e1cbee3c-d5ae-4c6a-bb5f-0156fe69da66,82,Female,150,38,No
061c43a1-718d-44ba-bcec-0c8effb94196,63,Male,133,30,No
c3fc57b5-6ac9-49e2-bec0-bde9df8dcf84,56,Female,164,34,No
b22a1cbc-bdb3-42dd-b94d-f3db83a441fa,90,Male,123,83,No
acf59770-f331-49c9-a3a8-3686c3b4796d,65,Female,122,98,No
bf040305-ad87-4938-a2d0-1b0f5fd70352,75,Male,200,7,No
1076abca-6170-4f37-9683-3899d63a5577,55,Male,32,35,No
89c19431-10df-468c-9c5c-70916525c350,72,Male,133,40,No
f4510640-be5a-446e-a00c-61e2cced9059,63,Male,78,59,No
28059d09-6542-461f-b466-2cb5103dfc25,86,Male,96,3,No
7bff6c18-e352-41bf-a242-6b2a902980fd,30,Male,131,25,No
beaa9561-58e3-4cc5-97d0-22e3b5236d2e,37,Male,118,41,No
6cc5eeb7-31ab-4194-8aef-a0916ea20fe8,51,Female,165,16,No
35a733f9-33aa-4ccd-9175-3607e56c5ccc,51,Female,183,100,No
84673473-caad-42ad-9e62-718fd2f40ba6,45,Female,71,82,Yes
ead72a29-af09-474c-ba27-d1e256095313,77,Female,113,23,No
8712437b-d027-4ab7-985d-e9327b45c4f2,59,Male,117,10,No
0bbb8037-cbe1-4097-aea9-5277d541079c,80,Male,93,15,No
30b7ec6e-a37d-4e40-b0e4-ddcbba97c694,85,Female,93,92,No
99392e3e-718b-457a-9f42-507b3f97f42f,49,Male,126,69,No
02197044-c2df-48b0-9805-505723d65b8c,69,Female,177,52,No
4ebffe22-8729-4a0c-9ea4-d25f0a43f4ea,42,Male,195,19,No
e274d07e-1e78-446d-895c-71de8f846a9e,53,Male,156,79,No
3a5d6ee4-8c52-4243-8b85-731ff0abc3d0,62,Female,56,96,No
11397c26-a128-42f7-b11c-17012d5513c8,42,Female,102,14,No
8f81a9f9-9992-48e3-a8a6-6a5c47cb5fc7,84,Male,122,13,No
a499ad6e-6e67-4e94-bb5d-5a2fd817ac10,74,Male,94,63,No
b19848e4-a13d-4b15-b5dd-73163f004aa9,54,Female,73,18,Yes
b2a927b2-6d58-4ad9-8abc-16f897a1c7b2,64,Male,86,65,No
f571c0a6-2453-4c36-86ef-62631a4e1de4,74,Female,50,55,No
719f952f-088f-402f-841b-d58f661ea1bc,86,Female,37,100,No
5397d8fe-5660-428c-b043-371a1c2602ee,82,Male,73,56,No
9d1222d9-1a3f-4097-b70c-ad6b374e958f,65,Female,90,18,No
d228f533-aea0-45af-9c42-318a0b6fb050,25,Female,174,40,No
c0fce6e6-fdb3-4300-9660-9be583dbd331,40,Female,70,51,Yes
297573e7-eeeb-4faa-b605-2c4be14b2eac,33,Male,119,77,No
a35b7b37-2400-4c5a-8d36-2c5d3f507354,37,Male,59,67,No
6816f607-2654-4eb5-a7e7-b45c4cad29cb,35,Female,44,88,No
531cf5ef-62da-414f-9337-460631ff8b31,83,Male,109,3,No
965314b5-f426-4d83-9292-47fa1f1c1500,63,Male,104,11,No
c2a53ee7-d595-4a32-a151-05ce32ef12aa,55,Female,67,75,No
b3baa8f3-2262-4939-98b0-5cee70aa2963,51,Male,177,36,No
c5cb6896-246d-44f4-bd0b-03555234b0da,88,Male,131,16,No
d27e9ee2-1091-49ec-82f3-7d1302d04b66,45,Male,33,44,Yes
0ba46e49-69be-4c7c-baa8-6ba1eac0a3d9,63,Female,103,90,No
43a8855b-8a4c-4982-9ea8-add71e1fc73b,56,Male,169,88,No
c9a49309-7c8e-4cf5-80b0-19a0583909c3,76,Male,156,2,No
1b7c3ba7-2487-4857-97c2-1d57bbc4a7c0,59,Male,195,43,No
faf8f915-f7ef-46c4-9773-22f9b74392d4,53,Female,92,53,No
da0a227b-bda6-442d-a3fa-d15e70d8ee64,54,Female,198,74,No
8928bbb2-1826-4162-9dba-d7613445b1eb,19,Male,94,54,No
0716d63c-f657-49af-8a26-c356460aeeab,23,Male,109,41,No
f2e1f459-1c6d-4160-9150-f23bffdc87f7,78,Female,157,90,No
0be689f7-3da5-4bcb-8cc5-847042eb2fc3,48,Male,34,100,No
b6c7d9e8-da92-434f-a930-9d6b68268e7f,67,Female,182,68,No
6b6ddf62-1a3e-48d5-8459-57a12eab7354,75,Female,39,28,No
54403a9e-373d-4cc8-b185-67cb49cea98e,37,Female,188,29,No
e1cb9cd2-333e-4acb-9ed2-ba35a96672af,59,Female,126,30,No
6d964a08-ea1b-49ed-a705-5c055092b7b2,60,Female,167,100,No
4c8d5e07-c654-4535-851d-69c7d4b4d788,51,Female,151,15,No
24c8dbf4-7005-4a38-b9e4-ea26472e285d,83,Female,36,85,No
7345ae5c-c218-4ab8-a14c-464977a3ad95,84,Female,193,2,No
e263946e-0428-4fef-9fef-0b862c95ff08,64,Male,32,18,Yes
18ccbd98-7e43-41f3-a25c-b94445e4236a,20,Male,147,48,No
66199157-9255-40ef-927b-3d2a99d1312e,46,Female,77,31,No
3e396654-b4ac-49c0-b99b-949995ddbf87,65,Male,75,26,Yes
6887a652-a2c3-4862-b42b-2e1b2c0c95b3,33,Male,136,34,No
aac49b19-80e7-4c7d-bcf9-7eb60b024785,34,Male,170,3,No
06fb80f1-3f96-432c-b5be-abe6e124bb63,83,Female,84,79,No
f3c1d221-c227-44ee-b474-6c7b60a83eb7,55,Female,197,29,No
99d9e010-9c8b-4d67-83a1-a0f1059a0a58,27,Female,189,25,No
8a0a7933-91c6-4da6-8206-9f6504ad5835,39,Male,115,68,No
10a038b0-4cc7-4d85-828e-f809496320de,48,Male,94,58,No
a71337b4-a0fc-422e-93d2-8cd9f7947681,87,Male,97,62,No
58a03c5c-79a9-46f6-9155-b7dda9c0b1d6,75,Male,47,23,No
305e2e55-b1a2-494b-8cf7-93b30c2b2c4b,57,Male,171,86,No
7d35bcc5-3bbb-403c-b990-27681f850d83,34,Male,37,70,No
c968b3f1-9bbf-42f2-a831-176dd52b7024,23,Male,95,81,No
20c5a930-8529-4bc0-8837-5c9b390ee8d9,77,Male,165,5,No
29762f11-1d7e-4478-bcb2-cd35550ef43d,63,Male,142,82,No
db4bf21a-6f6d-4f8d-b8cc-99deed4445ef,43,Male,191,27,No
2c016c5c-f7f2-4856-ab49-563e3897f9de,87,Male,63,38,No
863f9125-7aa1-4f78-9c77-ff15232c6021,88,Male,191,43,No
44f3f5ae-cf8e-4421-a9f0-d4c97a74beb8,36,Male,177,68,No
5f795e9d-d77f-476e-a5b9-c9290152c167,26,Male,89,83,No
c4b6a8d8-769d-4349-bafb-db16f6c24e82,83,Female,136,100,No
4ac258b3-6144-40b8-98d3-857734819528,86,Male,138,32,No
321164fa-bb3a-48ca-bad4-99ed64b659f8,86,Female,109,68,No
3b2bbd3b-9da9-4821-acdf-73e6144cfabb,87,Female,157,95,No
720ff62e-a389-4fea-976e-32d8be793916,50,Female,56,76,No
a026460d-99be-4dae-b70f-e3e3ad5f5ea2,32,Male,191,67,No
319f091c-f96e-4791-b187-053f7d30d9cb,24,Female,82,47,Yes
60a183b3-7fef-4f65-b573-9f46de18e931,50,Male,171,91,No
5303d578-d14e-4604-8601-7fa8ab26c64d,68,Female,31,76,Yes
5a3345a4-19b1-42ae-afbe-93a599173817,53,Female,199,14,No
529aa24f-d94d-4ede-9996-ff62044e5f0f,42,Male,51,88,No
1ae50f7c-5799-4b51-858a-6a8c456cdfc4,24,Male,142,18,No
dde960e1-ce68-4ca4-bbc2-0d8fdac83460,77,Female,51,54,No
ce2cb329-fbec-4bd8-988a-a48a4f4c254b,76,Male,94,55,No
9a78ec36-1679-41d3-9e81-208b49f0098b,26,Female,163,47,No
5bb1bfd9-8544-4288-bf2b-8025206f47ea,72,Female,136,53,No
47b04087-fe26-4e4b-96c6-25c7372d4f5c,51,Female,156,42,No
65853597-4ec2-40ea-b3e0-562f03cae366,51,Male,115,69,No
e00de922-c537-4604-a048-69f6b75eb59e,73,Male,100,32,No
52f8dba3-3485-408d-8e2f-921e286dcf50,78,Female,56,98,No
96dbc4f1-3485-4a62-9ef6-e3d70635e2c9,46,Male,51,77,No
dc64e303-07c2-4db4-82b4-10fcbc4083b9,31,Female,86,83,No
84a56b1b-1767-4d9d-8c04-ba1847b7a003,78,Female,48,66,No
fa007b77-381c-43be-a9a1-6825d66881e6,89,Male,52,95,No
895da2e9-a732-464f-ac52-9e0389d331ea,44,Female,104,49,No
22b70834-ed5a-463d-b6d3-61de17f3747a,50,Male,28,34,No
6c978c12-d76e-43cb-9c95-b53f735c6614,30,Male,158,79,No
ed95ff8b-a452-4bfd-b729-6e0dcc637071,26,Female,186,19,No
9518ae1b-0656-40b4-90a0-e2fbad8cfd44,69,Female,171,66,No
36c7e28c-ad26-486b-9e59-016629ee550a,56,Female,150,86,No
28113165-1106-4fc4-9423-e3430c2d86ea,39,Female,111,81,Yes
1070537b-7aa1-4385-8442-bcf219c97aee,62,Female,26,87,Yes
3e03f046-6bbb-4b86-a620-4eb3ba9976c9,26,Male,130,63,No
44bef4f0-489f-4147-b276-12a0f372a762,21,Male,84,95,No
7c95134b-f581-4080-a2af-5c3c78139d90,86,Male,42,67,No
672340b5-24fd-42f3-a3dd-11ad2b3d9798,82,Male,136,73,No
584ede24-c3bb-4295-8028-c1a1775c8288,21,Female,58,19,Yes
80e35fb4-37d3-445d-a38a-6fc8166a1f12,56,Female,153,21,No
328624f0-cd7e-4b27-98fd-073281003d9b,67,Male,164,40,No
335ec8df-2da0-40e9-8384-e36968efc8f3,30,Male,127,45,No
2347cc5d-61ab-46cc-8078-a2f1a95d8850,51,Female,147,78,No
9668523d-ce3e-4489-9165-e4db14e13b34,44,Male,168,13,No
f4d24f61-75d5-45f6-99d6-041660fefff0,88,Male,176,48,No
3fd502f8-c06e-4e08-b8f1-25ccc3279d22,37,Male,86,74,No
1858818a-6914-4b63-a25e-7aa0a96f1cb6,66,Female,188,47,No
f2ac297c-6cfe-4b81-8b65-0ef8d2014202,59,Female,24,11,No
e7a8be68-b516-4d02-94b3-6905595ac4a2,69,Male,72,91,No
868b9426-23bd-4c88-9601-9df58666793e,18,Female,58,75,No
c8f1ba19-5b6b-49be-a2f4-291898b15d38,44,Female,188,76,No
f436cc35-b18f-4178-84a0-045fcd84c0ff,24,Male,191,92,No
2b692e6c-18cd-4931-ae4e-f232f9e87beb,18,Male,82,94,No
4431272e-9775-461d-9e4c-4cc9e40da0cd,83,Female,132,4,No
a8cf8467-fb27-4032-a443-04ed775d0224,89,Female,158,83,No
fab96e4d-a5d4-42d1-bd27-8f414caeaed8,58,Female,86,5,No
d29bc4f3-95fd-45a7-8e4d-64f9c916d7aa,87,Male,72,7,No
6da8a62c-72bb-4f44-b0fb-7889f7469883,18,Female,175,81,No
19cc5f8e-71c7-4228-b5a0-5132a151a511,75,Male,143,66,No
4436f690-e50d-462e-aceb-d324ed3354dd,33,Female,81,5,No
afbbe90e-2fc0-422b-8665-3c670dfc1a8c,25,Male,104,82,No
7fb2306d-82ab-4cf5-9bec-c7927a23d2d4,18,Male,99,81,No
664d7753-e8be-4401-a007-77cbdcae5258,39,Female,116,33,No
5af40480-6a7f-43a4-a935-357a16211010,90,Female,161,21,No
d3d49e84-7342-4e95-99ec-19ab30cfa61b,30,Female,155,22,No
5f1aae17-74cc-4f4e-9520-de3fe8b730fd,32,Female,50,55,No
9a39725e-bac9-4fb2-b753-aaa426b847a7,67,Male,22,77,Yes
1ceb7e9f-8a6e-483a-9767-4691409fade6,69,Female,175,45,No
4e73b51c-8e51-489e-b0af-b6ebfb978d80,43,Male,31,70,No
5cb9fb62-91f3-422d-93ee-40f5a489fcd1,84,Male,141,60,No
c95b9e66-8571-473b-b576-d9b9da4717bf,73,Female,111,45,No
b8ecb4ea-5748-4c08-94c9-36d0e72b370f,63,Female,47,30,No
85c1b579-20a9-49cb-9081-77a840e4f719,79,Male,40,19,No
b53a14ca-d9f3-433a-9814-ce88c784c94a,52,Female,57,69,No
4e8094c4-4dee-42dd-9433-3bb016ef1b87,23,Female,96,66,No
03cb6266-be89-48a5-87f9-48ddf29279be,48,Male,90,51,No
72aec022-f455-4478-9b0a-7a49a8db1b6c,46,Male,54,81,No
f8f8adaf-5fd3-4cfa-ba31-ff4ec108b2d9,44,Female,77,81,Yes
6e9cd4df-9d41-4f2f-9c6d-5292a0bc11ee,29,Male,195,42,No
9ff44218-3827-4d65-a155-9c63592928fc,27,Male,72,42,Yes
ee36d61b-4eb4-4cd7-bbfe-7a6f71fb566c,81,Male,102,87,No
7b938b44-0b8a-407a-966b-f96b20a720c9,89,Male,83,17,No
d382e8c5-0c22-4d7b-9ee9-b12d3b230d53,32,Female,50,92,No
13b3ccd9-ddcc-4237-8ec6-f50e0897ca6f,74,Male,78,73,No
8e8d4340-d7b7-4d98-8d8c-36368b6638f8,81,Female,108,52,No
3d37ee66-21bc-441b-a974-c732379d9321,75,Female,117,39,No
433f68ec-ebf0-455a-9dd9-f10551480f71,68,Female,172,2,No
06d6f9cc-557c-497e-b071-1cbe5354fccd,73,Male,119,44,No
0f7296a5-c319-42b5-aef9-875b58a0afad,51,Male,115,9,No
b050f8ee-e665-4e67-a8ea-9b6086b18c7c,32,Male,168,57,No
ff74bfea-0821-4043-8c20-16d2c3bea1ea,55,Male,34,63,No
8f733507-4d2f-4925-86d7-8b1beb1e5185,66,Female,176,21,No
077cd7b7-b9b3-46c2-a643-8f3590b8b44f,27,Female,181,25,No
5777ba7e-476e-401d-baaa-9bc099f8f442,34,Female,126,29,No
0dd9c556-9570-4eee-8c2a-6ca53d5dd43f,61,Female,190,19,No
0ef99a4b-bf2e-4b4d-884c-581846214cee,30,Male,99,31,No
168d9176-1a81-45d5-8107-948398ba5932,33,Female,195,22,No
f612b05f-9297-4d89-ad62-5e77f8a79e4e,82,Male,36,92,No
c1e97a37-b2a0-49ec-8e1d-8bcc74c5068a,38,Female,143,71,No
cefe820e-be23-4920-be11-d2e4abfa266d,70,Female,127,68,No
b8522c76-fa5b-4eb9-b6e4-1f929d16bdfe,44,Female,35,4,No
cc403bc9-f71f-4b57-84b7-b5e04342e011,45,Male,82,3,No
d79e73d7-09bc-4856-8c08-da49e92aec56,75,Female,52,23,No
27fb244f-31aa-4a1b-abfa-0bdea9cb8241,88,Male,147,88,No
995aad8c-0c89-4438-8154-5b284386f9c5,89,Male,166,76,No
358e5908-1e8c-47af-b0a5-9b620fbacada,69,Female,125,20,Yes
d31a32b8-488b-4b3a-b1b6-bec933dca34f,79,Female,134,60,No
30d44954-c804-4041-83be-ddf4496494cb,78,Female,122,16,No
07f58f65-257d-4d73-bcf1-31667b45268a,68,Female,140,21,No
d06908a4-beeb-4ff5-bd99-a6499ecc50d3,40,Male,117,25,Yes
2bd45268-d657-407f-81c8-4d6b8334c405,66,Female,170,28,No
1a41a3c0-7d79-499e-bed4-51f20f20a790,25,Male,52,74,No
bc60b4f6-8900-4273-bd80-3148edbbc749,88,Female,55,39,No
14141ffa-8015-43be-8750-fb67a80c526d,75,Female,78,52,No
f1a9038d-cf5f-4c96-a98d-6c50f7c174a6,49,Male,151,82,No
e9aad1db-be15-46c3-869a-c0c86efad42f,27,Female,169,95,No
7e31e7c2-4029-4aa0-9f7f-7656d1692b53,27,Female,133,10,No
0d3ed704-e443-45a0-a47c-7244d6e68f4b,37,Female,144,92,No
3606631d-6e6a-4283-872c-51159a8fafb4,45,Female,85,56,No
4162f851-21bf-4e1f-8dab-dc669e6c3597,69,Male,190,34,No
14cd3199-2244-4810-81c1-64702f3f016b,18,Male,183,40,No
2838b83e-256f-4d76-95cd-9a2068c4ff33,61,Female,38,18,Yes
015b79eb-abb3-4501-a21b-b310abc0281e,88,Female,136,46,No
dd309d59-a2bb-4c82-baad-719774f81ec0,51,Female,193,1,No
185be973-f1f4-4264-810e-293656a14bcf,57,Male,175,38,No
8bfdc1b9-a811-40b4-9e13-b373b566e56e,23,Male,99,1,No
61b16ef9-e8a9-4261-bad6-677c06b4ce43,81,Female,123,71,No
7491921e-169c-47fb-83e0-ecaa9d001cbe,31,Female,157,11,No
418cf7fd-05d9-4072-b116-e37b7c077f31,20,Female,103,40,No
334730c8-3d05-4846-a6f1-5c57a321b615,66,Female,141,82,No
fee4c087-c947-4185-81cd-9f3716ffebb2,54,Female,133,50,No
17d138fc-be55-4c4e-b794-f07f12072496,87,Female,180,84,No
35bb457f-eb01-428f-8cab-867dcb55dfb6,77,Male,129,46,No
c3f38250-f88b-4a48-b8d4-754daf9d3883,49,Male,169,7,No
14483acc-31cc-42ad-842f-4fd345c1eb3f,69,Female,37,42,No
62871bde-e4e5-48f3-bce1-3c3cf29a1718,40,Male,76,23,Yes
3ec84fc4-fcd8-4fc6-aa43-9344cfa056be,65,Female,29,60,No
dcc03be1-fea3-475f-bd75-3bd30be34afb,71,Male,123,63,No
f9335e8f-c4e1-44f5-9f8c-c7ce6cfed238,19,Female,28,68,No
cf087d23-e537-4791-9997-34ff3cf7912b,22,Female,176,41,No
dd942451-aec1-4351-8f34-79ab2592371f,32,Male,136,32,No
5aec9e73-7209-4d06-ab61-21c0efdb75a7,35,Male,35,19,No
8bd5a480-57c9-47f1-b7c1-173e6e886ab7,39,Male,111,32,No
18cad26c-bd35-4894-b61e-8643a5a2ce1e,41,Male,126,61,No
76e81cfc-dcfa-4b96-a360-f5d209e9242a,80,Male,57,40,No
7dff1b54-9f1c-48f2-9b72-5bbc4274c0ad,62,Female,111,36,No
c892523b-96c0-473b-9092-e7dba32f298e,64,Female,49,35,No
8a99ae04-ecb4-4669-a2ea-53bf669aa5b8,40,Female,185,100,No
aba7f270-be0b-4db1-9da9-421c207d6376,30,Male,48,7,No
0ebc2aa4-bb61-4c3d-bf98-0ca1281f0c6d,26,Male,175,38,No
d3896d0e-ec1c-49f8-b6b3-066d43a04372,45,Female,193,93,No
1a5b76cf-608b-4ec2-8dbe-fd18aedec6d3,63,Female,81,100,No
0be8ba70-5054-4b0f-8268-b44f912ed645,48,Male,139,48,No
863826d4-a4a0-4f99-94d5-cca28df76040,52,Male,82,7,No
a0393f40-d30f-4fb6-8cbe-6856fa72018c,33,Female,95,77,No
c9f947bf-22b9-477f-9763-513dad94572a,41,Male,142,24,No
395b98b4-b64b-4aea-80b3-e0ac1ffea085,72,Male,145,42,No
ac607b89-c633-42c6-a2ff-b8c184c617b0,33,Male,33,64,No
0fdfcca6-6e0b-47a8-950a-9d25aa421c89,89,Male,44,79,No
9025b910-49a2-44d0-a024-6604b491550e,64,Female,179,5,No
0c3528b4-d033-454b-b48e-a150962bf64f,86,Female,171,23,No
55be771f-f043-4272-ac27-4b768d8dc036,64,Male,184,43,No
2a5197df-3f85-42d5-b670-6614cecacfb8,63,Male,147,80,No
73a5f8f8-a505-4c74-8a69-036bee148b78,87,Male,28,15,No
6f89946b-f858-4043-a1f6-fb11a425f874,88,Male,90,58,No
83d400d7-b974-4c81-8e67-527ae3332652,36,Male,131,28,No
79eeb453-22fb-4d95-9189-28c67e14ecf7,79,Male,101,68,No
ce90bdf2-7755-44dc-a258-a2d4e96afeaf,47,Male,173,6,No
da52a83c-a484-4f45-8ccc-58f5c8f45139,38,Female,63,8,No
0d1c4ec0-d931-4800-9124-e3a8dfa665b6,53,Female,152,70,No
da5b408c-730b-4c79-8176-c9f92b64bc15,89,Male,58,73,No
a565b6f3-b970-4c23-99c9-3b628ac7c89f,79,Female,66,90,No
bbe0ca49-8e03-402c-be08-95a2fe1dd8f5,52,Female,176,41,No
c80d2c7a-7ed6-4e21-8c20-d147a0be0ad8,74,Male,127,67,No
67ef8426-6939-4b39-943f-6c97e645b238,40,Female,194,3,No
22e6b398-54b3-404b-8e58-82eb8fa37b9d,81,Male,37,26,No
d561ad99-bcdb-42a6-811b-009be5a6bf97,36,Male,158,100,No
1eef421b-6301-4bed-952d-921c9b53d75e,90,Female,50,44,No
3fe25302-c1bc-433c-a2c2-22b52ed93b19,85,Female,42,38,No
19657199-118a-461b-afc1-ab3f90ca5685,51,Female,93,100,No
5227d899-71ab-4aaf-af9b-c2e819915194,26,Female,34,13,Yes
d07a1066-892e-4215-ac43-eadcd840724a,51,Female,167,50,No
f7a42b44-4906-4cd8-ace5-c3c1dacfb50f,75,Female,64,23,No
34d41b6a-6646-4b08-9869-056d0565fe25,21,Female,131,73,No
b5b694a9-5bb8-4ac6-8620-91952bc6332e,57,Female,80,72,No
5c111e43-8398-49c6-a4c7-2c4804fb0e23,40,Female,167,67,No
d4115db8-d5f4-498a-9386-33364af518ff,61,Female,116,24,Yes
ed1981e1-76bf-4d06-a404-b3c4c8dd320b,72,Female,68,62,No
6701baa4-66c3-4148-bcea-9d2a70fadf08,86,Male,110,50,No
e89abcb5-11c2-4e12-ae72-d40515c7531e,89,Male,151,32,No
20300755-fb31-4203-a6fe-3d612c17da69,36,Male,30,38,No
42914a99-d2c2-4c41-bc2b-38645a14874a,78,Male,178,8,No
3441d32d-a911-43c5-b72f-6af1264b951d,65,Female,67,43,Yes
71a5bb4c-b7d6-4c7d-a532-101384e360c1,45,Male,61,8,No
99ee1771-4c9f-4364-ac1d-c344b2391815,28,Female,65,26,Yes
3e8e1ed1-bd7e-4413-b182-f539779996de,87,Female,22,52,No
8965c546-94d5-4bbc-8e3e-4d6f89f8f922,34,Female,88,62,No
2404b793-b81c-4a7e-a1bc-48473261aa73,49,Female,91,90,No
3afbe1ad-5fc6-4c7f-952f-421cd88ba0c4,86,Female,190,76,No
9993367c-c407-402e-8f27-33c9cc33d103,75,Male,141,65,No
21277565-222e-40bf-91a5-df3125258b7c,89,Male,177,29,No
2af58df2-2686-4a68-8ab4-d8858ab1fb17,86,Female,161,68,No
3ad8417b-50c6-46d4-9ee7-899f0f987a5d,52,Male,33,24,Yes
56b2fdc8-4aa1-4d9c-b072-eb48f5adb58d,70,Female,184,36,No
f7bd7315-7182-46ca-9169-9db4b639d8df,67,Female,171,92,No
23cf235a-6ae4-4cab-9233-d005dd96b369,23,Female,37,91,No
77b08770-4360-41c8-a37f-1488bb54b149,35,Female,106,44,No
dc896987-572e-48bb-891d-92f5402999f9,32,Female,64,21,No
1a7b49f7-c59a-4ee4-809f-f9c6e00bc2e5,79,Female,100,72,No
de37a789-e5b8-4275-a0ee-bec10a18ef7e,55,Male,115,99,No
567cfdff-02f0-45cc-a852-1a51aa5338bd,67,Female,81,91,No
2fc65c89-5315-433a-9761-bf36d28d8fde,40,Female,129,22,Yes
6d2e6f51-8886-4fc3-b063-f7a5248a5bbb,36,Female,154,62,No
13ca50d8-947b-4996-8051-1b50f6a48ffb,54,Male,181,33,No
0dfa13a6-1db1-4643-9bd1-739b74e65aa3,24,Male,53,75,No
de091f91-c759-4809-b5b6-7fb12f88620a,88,Male,159,7,No
4f1ae664-75ef-4c5b-a814-8c905cf64706,90,Female,198,73,No
2e8973c7-70d9-4546-9b91-8c4cbb589251,39,Female,193,35,No
4e71d413-ca25-42d0-bb40-eb6cf9c6996b,40,Female,195,46,No
2fd1661d-113e-4d5a-95c3-1d5044bd88fc,39,Female,105,62,No
0ec063a5-34ee-451b-9405-b0561636aadd,18,Female,24,56,No
e6652043-8d1d-412f-902b-46215009c715,53,Male,150,91,No
d0469c8a-3a7b-459d-a4a7-ae3cf5fd0e6d,86,Female,181,60,No
8b8793af-4820-4db2-b976-4e66223d38c6,46,Female,92,35,No
72ecc986-6131-455a-9627-7185629d6f85,83,Male,176,19,No
f2db62b7-1caa-4bed-b0e1-653431758155,80,Female,130,76,No
bdc5dad6-3217-4b1a-95e8-a1c530169096,55,Male,156,70,No
ff123b33-8823-4d3a-8e4e-960c216a208f,73,Male,96,34,No
ea1a7c28-34b5-48c3-8714-530a6e3e1212,88,Male,108,80,No
fe4e9f7a-dcce-4e40-b89c-2be1058e2b0c,46,Female,96,71,No
6cd8f692-0564-4592-b9f8-76b93a8656b0,25,Female,76,73,Yes
d69574b4-baaf-473c-b68b-1bdf22166005,53,Male,54,48,No
9466e66a-24b4-4941-a515-fc9d9fb8755f,54,Male,45,55,No
41b8780d-7186-4c61-bfc1-1667eedc5e42,21,Female,166,28,No
1b3a84ba-ec08-4057-9351-fb4f37bcbd75,71,Male,149,5,No
2de9d844-7dbe-4d6e-ab16-b12093920c33,25,Female,25,73,Yes
9b70dd5c-44b1-45a7-ab01-6ecd299294e3,63,Male,83,72,No
f23dbdd8-25e9-42f3-9b6d-501bdf3004fa,86,Male,53,73,No
f9e19c28-ec18-482c-96d1-fe13b1e5ee77,35,Male,51,20,No
ead335d1-6fd2-4403-b84e-ce610fc458df,25,Male,140,92,No
e85bfd2a-b2e2-4256-832a-3329cf259a1d,35,Male,52,99,No
a1929761-af5a-4f0e-bbf6-1ca6c36e6af8,19,Male,99,55,No
a8615056-274c-4445-b59c-575de64fcb13,86,Female,132,9,No
e111f0b3-6e43-4619-95ef-82954fce94f5,29,Female,46,9,No
00bc61f1-5514-491e-b7e0-e5e1ba734b6b,20,Female,183,4,No
2f36a129-e465-4c80-b984-08e647e4528d,78,Male,78,13,No
91dd4573-c65d-4adf-a235-16432f816f5d,86,Male,100,64,No
e2ef0c4d-50fa-4183-b2c2-19819cd10a74,46,Male,147,20,No
5115399d-f580-4120-94c8-c01413141cf0,47,Male,84,61,No
f177c810-b538-4c62-b74f-1d31af9246eb,74,Female,31,46,No
d6e52358-0dee-4a07-ac87-3eb9f14bbe53,36,Male,90,73,No
3fcc2b0c-f395-4c55-b646-1b58dfe63736,82,Male,140,94,No
0cc5e4d7-aac5-44e9-b884-24de724ef262,25,Male,129,92,No
6f657c2f-f63d-4df4-969a-7bf0b54630e6,54,Female,93,14,No
0c90974b-346c-42a6-854d-f688e9c88ebf,25,Male,137,34,No
abe95c21-ce9f-4d65-aff8-366d2b82164e,81,Male,182,91,No
ac83147c-e1e5-4499-a6d3-d94c880d23d6,78,Female,63,7,No
6d91acd1-4d21-4e48-ae9a-8193457f2121,77,Female,132,34,No
3a145aae-96ae-4dfc-b75e-3f4230dada7b,42,Female,152,24,No
d442552d-868b-44f7-ac28-83dee30d233c,35,Female,82,78,No
fccc36b1-0c5e-4f57-bb99-aedfe1486ab1,40,Male,122,68,No
15f16fe5-4925-4b0f-a8fd-019359d4e1b7,75,Male,102,62,No
58baee7b-018f-4575-9698-ee7165e658eb,74,Male,32,72,No
5242e0c7-c0da-405a-a66a-09aa334632cb,90,Male,172,36,No
72ea50a4-22f2-401c-b53e-66600b2b39d5,75,Male,72,87,No
b1155690-84af-48d4-813e-7e2a18206abe,61,Female,146,12,No
aae77ebc-9ee2-4eb2-a243-81fed8933f5b,67,Female,199,60,No
7bbb7240-97e7-4e78-b45c-1307cbe4c916,52,Male,111,81,Yes
1d48a535-673a-4f88-a176-3632f334647e,32,Female,115,94,No
a6136afd-42dc-415b-b6c0-d54fa095b201,32,Female,164,38,No
b6054993-e2e2-4fe8-b3d9-42d71f444e05,79,Male,24,16,No
09b9510b-2c2e-4702-8277-29d8e56d6503,64,Male,71,21,Yes
8bc4c67a-4dfd-4382-a527-45439a2e719a,35,Male,123,100,No
56e80876-ebfa-40f0-aad7-bc846bf3204d,87,Male,89,35,No
58666c4c-7e25-45a2-81e5-3c8c60f56a33,24,Female,150,59,No
83991567-18fd-40bd-896e-ad3ab3b1829f,42,Female,40,90,No
31b34474-efc7-44cd-adbb-5f32a7a46680,68,Male,32,7,No
0e90e844-12f8-41b3-a4d0-f2421e0adcf5,75,Female,156,93,No
60f45750-9a77-4ed9-94d0-1ca3f6f9d7de,37,Male,97,96,No
d02692b3-75e1-45a9-b2b7-dcb8fe718f5e,81,Male,93,41,No
825ecb27-d89e-4cd2-8943-8bef316e2d9a,31,Female,140,89,No
d964a526-aafc-4ae8-b21f-e0c9e9eba1cd,47,Female,125,12,Yes
88e9ded6-8a3e-4284-ba94-7687f6381826,41,Female,42,95,No
c2f5a470-9d7c-4cac-ad4c-a8e2f16ec24d,66,Female,78,21,Yes
193e00b5-490e-45b2-9a69-6d6337ad6f22,73,Male,136,71,No
ffc51691-d0b8-4d85-bff9-751a798b53d1,68,Male,93,54,No
46cf2920-6a4b-4864-87e0-3c61ee59b8f2,84,Male,188,17,No
9b49156a-5932-456c-8ab5-0602077c6355,42,Female,34,77,Yes
a777abde-19c6-4728-956c-a12b6abc7ef0,19,Female,171,18,No
f0c0406b-3c0e-4c26-9119-ce9f526190fc,20,Male,189,76,No
b00ee4c6-d37c-439a-98a8-c98c1e788565,88,Female,177,69,No
02174f79-383b-454c-a83a-193e2fb7f1bd,33,Female,29,93,No
d336fbc2-824f-4b5f-97fe-e386e937cd0b,27,Male,114,99,No
7133ff70-3a3e-4727-80a8-4853d1c2c3ba,57,Male,96,51,No
7f79175b-4a54-4363-823f-a5e9101de6d8,82,Female,199,47,No
5bd36e27-29c8-425b-8f3c-ca8bde719cbf,18,Male,102,32,No
cbd1dd01-631c-4338-a9a0-01af551814ce,47,Female,36,42,Yes
34b8df8e-b0a8-4a3b-9570-e7394294daca,49,Female,117,44,Yes
0063dca3-394d-4f2c-96ee-50a27efa5c4b,27,Male,44,42,No
61a9cd0d-d166-44f1-91e2-56423a004858,21,Female,110,27,No
a6e2fd1e-1abb-4a33-ae03-1d14ae25a262,72,Female,186,31,No
03756702-6e9b-40ad-b0ad-9aaadbcba85b,49,Male,149,13,No
acbcc154-ea2d-40e9-96da-5ce3d4103fbc,28,Male,114,97,No
17723021-c1c3-4fa5-b483-4c83c65c8ed2,44,Female,183,19,No
4fd39074-483d-4bbc-a78c-64ce284be818,56,Female,126,82,No
d1b1c167-b919-47db-92ae-ed903dc2477c,41,Female,133,79,Yes
c6979c16-f298-4d1d-8343-6543a32b28c1,89,Female,176,35,No
cb804aa8-dc4c-4d9e-8594-fe20d4bf5a4c,23,Male,74,77,Yes
54383721-0cf5-4e4e-acf1-f881a5e89dd0,83,Female,177,63,No
35f94b41-269d-496c-bca1-ee6880b9bbda,67,Female,86,10,No
e841813a-1638-485f-a935-e2cc41430ffa,81,Female,54,64,No
2c06cddb-22cb-4334-be91-f6f8a4d2b894,76,Female,133,7,No
7b59d14a-f994-4b4f-88b9-361951b63cf7,41,Female,190,8,No
89c22d42-5018-421b-af34-36085dd6d77b,18,Male,60,35,No
885f9586-7c4f-4e07-9449-53ce2bece53d,29,Female,138,21,No
0481a27d-9738-4b29-9f74-0d9f3e472b42,83,Female,159,28,No
ec3c384f-51e1-4890-aecc-82ccd291fe89,18,Male,168,74,No
b243a5d7-4587-45db-abbd-891e03d8c879,62,Female,70,23,Yes
00e90496-c43c-40ba-966f-aa0e137097fd,88,Male,32,20,No
25ee77d6-c4d3-4a60-94bf-4aaa0717e3e3,22,Female,152,35,No
2e4d9a43-a913-4cde-836e-0794c6b7cc62,67,Female,127,67,No
945e6c98-12df-4571-a245-0c5f3d6a710d,86,Female,196,27,No
c82c9107-1440-42d1-b81a-edac18c1d707,70,Female,165,32,No
f8106020-fc57-4cf2-a0e5-f8bee80df6cc,78,Female,98,9,No
fab5afb8-6c97-4596-929c-e5149ec6888b,47,Female,72,82,Yes
3336fc8f-832a-40e7-ad26-fe6006f43462,38,Female,67,25,Yes
d1d48136-fa7d-4722-a4b5-345c1c6f2f7f,29,Female,167,80,No
a917d924-bf72-49d2-a727-32660c3ba7a7,47,Male,34,43,Yes
9d9c7ccd-b2ca-4486-b811-e79286c6b0ad,84,Female,131,37,No
ffd388d1-66dc-4e40-853b-7479a8c1c394,23,Female,95,8,No
bcabcc5e-4a90-44c6-99bc-4c534d6e45a6,79,Male,78,31,No
e7283c0f-cf30-4900-9002-3011b5fc0c74,56,Female,111,64,No
95cdf25f-a22b-412b-9399-1de5d84e2c5c,52,Female,154,13,No
b898b18f-cb64-4011-9ff9-855dd0cf134d,67,Male,63,60,No
1cf60c8f-3518-4112-afed-a6d6d6b50fd0,67,Male,76,7,No
a20a9af1-df6e-4356-b789-5d93f4e63040,82,Female,61,17,No
6c85d904-911c-45bc-81ad-02986d16bb1e,60,Female,62,85,Yes
26113eed-4378-401b-96ec-82e122eb10e3,86,Female,137,38,No
93b5a3fb-329f-4dce-a746-6fc3a9fcc304,24,Female,48,90,No
416aa763-8ad6-40b6-9b1e-4e898cfdb766,85,Female,69,72,No
3bd05bba-aebd-4280-900d-0cadd1fe3fc9,38,Female,70,45,Yes
84b3f93e-de65-4400-8b6f-2cf3fc969a20,88,Male,139,49,No
a2a5f39a-59e2-4646-b22d-0e9ba5d735ba,50,Male,163,46,No
a763b200-5597-4c2c-8f9c-4105fd76abaf,58,Female,25,25,No
a896dc8d-cee0-48b2-8a42-04853cfb93d0,51,Male,150,45,No
78db2be4-c3fe-4575-88ed-f6d314cbb2ce,89,Male,184,39,No
49338990-4ec6-4c06-a962-73930893e712,25,Male,139,96,No
3c513ac3-c349-4849-b1b3-eb110b7c374e,84,Female,113,87,No
a865f4aa-e087-40ca-b71e-b74c4979ce73,75,Female,104,32,No
93b24dab-3e42-4f04-bf3c-3cc743b097fa,70,Female,68,1,No
7360a2d2-3f93-4194-af1e-dfc708cc8eab,52,Male,56,44,No
34b29ea1-0dfa-4fc2-b770-488c0058859c,87,Male,179,96,No
b1ff330b-750c-43df-be90-c0898481f714,19,Female,65,97,No
0e97ee70-018d-445f-87b9-e124e966298a,74,Male,189,12,No
bf9d699c-3ab4-4a0d-903f-c31076b5e4ea,86,Male,56,39,No
13307b07-cd2e-43fc-8f08-5ea31af5cba4,64,Female,117,66,No
b3bcd050-7236-4b35-aa51-4e6f56990b79,84,Male,119,21,No
ceee0846-4fe1-4539-bf58-1aefa6f4b774,34,Male,123,27,No
3295fbee-e022-4971-bbce-3883ad35535f,65,Female,63,16,Yes
51fbf09a-aac1-48b0-9aed-5b0ab8c1ac86,46,Male,30,89,Yes
86218084-27c2-47f0-b5e8-977a28fb2ba3,44,Male,51,29,No
7fe8a871-7796-43f1-9ab4-b5de2105af68,63,Female,116,40,No
42ee5dc0-ba7e-43da-963a-e5d2ab51bd4d,18,Male,137,10,No
59fe48e6-5177-4ab5-950e-ab09c6067d82,28,Female,147,24,No
c2e28eee-d0a0-46dd-994b-bb9eb7de8b4b,45,Male,166,72,No
c0000aa0-fc8a-440f-9677-e9a3745a8956,69,Female,198,77,No
0d3abc1a-9afd-4cb0-b14e-77691c19c724,48,Female,108,28,No
712ba0e6-aba9-4335-8ff7-1013b649ecad,60,Male,194,42,No
eb885fd1-004d-4844-8062-e5ef983f5fcd,58,Female,32,91,No
55419213-4ff3-4bbc-9f9c-d1c0779ad573,86,Male,128,34,No
9c0a8430-4083-437e-8f0e-e9c0219dced5,66,Male,39,4,No
92f004b2-6e05-4cd9-adbc-5354b4a0a2d3,36,Female,105,77,No
427e8531-375b-4993-a4f8-9200327348d4,39,Male,86,59,No
fb40341b-e87b-4c2c-9aab-e2faf9165a6e,36,Female,105,25,No
f5ffe33e-9eb5-49a4-9a16-5b1ae510ad6b,51,Female,164,59,No
503520ca-2533-4354-a214-00faa70c1a46,36,Female,65,6,No
a2418c5d-6883-41c7-9c3e-c84b415715f2,50,Female,168,19,No
824f5684-0a9e-4e53-b585-3acf202c43d8,67,Male,92,36,No
3358a0cc-73bb-45ec-9abf-b761cb3c7d82,38,Female,145,4,No
e213075a-6f06-41ea-923e-4013866dd6ec,47,Male,152,47,No
3356256b-2543-40aa-8f0f-ee66f96745d8,89,Female,104,43,No
f4a69736-fccd-442f-8b96-5ebc0cf73f08,75,Female,120,47,No
097d2b11-ae1a-4d9e-aeec-b5993c0048ff,41,Male,128,75,Yes
74142d6b-f2b8-4656-ad35-3ca0d9c8c945,56,Male,52,69,No
81da9d9d-676c-4524-bfd6-0fc526d41abd,43,Male,181,90,No
a10cc9af-58a4-40fe-9ecc-2ab7a1b977d2,47,Female,133,64,No
14cf478e-4a23-4f36-9691-95bf6eb46b39,87,Female,149,76,No
3a1c0a94-9a72-4469-99b7-844d35f31477,26,Male,45,28,No
e282981c-00ff-4883-9763-9622181b79b2,67,Male,75,80,Yes
efdab50c-a453-42c9-8f70-da7d8b16cacd,84,Male,64,96,No
b204c21e-7fa8-4c79-9c5f-a5356e0f322d,88,Female,87,100,No
8d7bb5ed-55e8-4f9e-aef8-a3e3fc7a73c8,46,Female,195,92,No
28cbfe72-aa2f-4071-b046-3a19ef9f0599,62,Female,111,23,Yes
44ff3ca8-8279-4299-afea-3785ff339e5f,68,Female,129,68,No
8f45aebd-b65a-4a9e-882c-5bdbcedf28fe,90,Female,142,10,No
9d7812ed-23d0-4459-baa1-adfa6402dee2,57,Male,138,21,No
4c14c82b-686d-46f5-a9eb-6bc7066b10e5,28,Male,40,24,Yes
d23148c9-c0a2-4ba4-ae94-fce61d2a2209,56,Female,37,2,No
4f46d854-52d8-4003-950b-38d9d460f7e4,58,Female,120,68,No
6a25b409-a1ed-4fba-9459-2bac3e039fe7,45,Male,95,72,No
8c8b163f-b9c7-458f-b46b-66be46ddde50,25,Female,175,17,No
ca3e3a6d-2996-40bf-ba59-ee598be1066e,68,Female,116,42,Yes
f7f11e6a-21b3-4975-87e2-61d60e8479ae,90,Female,24,34,No
04e115f3-3db9-4349-ab91-af84e09f3f34,65,Male,179,66,No
667b92f4-e7e5-4ec2-9424-d6fb69393369,71,Male,197,81,No
e9a55c3f-1277-4148-8f0a-32bfe74113aa,38,Male,39,99,No
15414d26-4b77-4de3-811a-b16c6b5c225a,77,Male,23,11,No
afe1c54a-5074-40e1-a5d2-5e150c0a196f,79,Female,134,83,No
7ccd8a1c-0599-4898-97a6-ba7962ca8814,78,Female,130,59,No
26148439-7320-4dc7-b6d9-8a9e109d14e8,80,Female,124,49,No
3787d371-ff31-44a7-a2ac-be092bd4885b,83,Female,145,38,No
e3de2044-0782-4d7f-8b09-1183acad863d,88,Male,169,31,No
9a7468b4-5b69-46f6-9b41-655ec7ed88e6,88,Male,134,78,No
3330c863-fb79-44fb-9723-d1b91ca30389,46,Female,135,60,No
1b4b7bb6-7d3b-432f-8041-373a55c5d90b,71,Male,160,92,No
28826c6e-1131-4e59-b745-660b78cd6929,53,Male,42,8,No
f3511628-f378-4932-b66c-79bb9c827b84,55,Female,53,69,No
e41ada66-96e7-45b9-95a4-fb031c3aac91,62,Male,138,8,No
2f3487d9-401a-4ee7-9c9c-a6380e30759d,84,Male,155,85,No
2d44bf1d-2f2a-495a-a935-3b770f1c12ca,83,Female,142,100,No
b2a991cd-2454-4403-a133-2fbdba52fc89,73,Male,110,46,No
70cc710c-e0c8-4b07-9b8f-78604b57896b,64,Male,62,73,Yes
0cb0e739-96f2-445e-8d19-d46e9fbd4ee6,28,Male,184,92,No
f7320923-3804-4e82-bf8c-886c316e4c69,21,Male,70,28,Yes
f6c9552b-effe-4fa0-9cd5-6449da00eed0,69,Female,125,16,Yes
bc886314-3f9a-4260-8332-d96d0d5d871f,57,Male,181,9,No
dc354b93-5117-458f-ae89-9103b5edb145,36,Male,118,14,No
f0ac2951-dc48-419b-8b36-7fd74c39d9a6,33,Male,44,52,No
4824c759-35d5-4ab7-be41-58bffe6a0c6d,37,Male,198,35,No
bda2268d-7fae-40ea-8e75-7b5f0427456f,64,Male,188,1,No
fdbe40b9-2d63-4cb0-8823-19ef327673f7,84,Female,141,49,No
cbdc5e86-8813-46c5-81ab-6da2fe848087,62,Male,192,52,No
b3b53931-60e5-49bb-b567-55df49549d04,89,Male,114,64,No
9e6a8179-4203-49bd-98e6-3618a121c737,59,Male,192,72,No
365caa3b-63a1-4540-8316-79137c8a4987,22,Female,25,12,Yes
87ed4365-fd08-49cc-9455-f43fe8dea3fa,82,Female,193,86,No
ec5dc08d-272d-4a84-bb41-b988f258d115,76,Female,125,50,No
f04cafbb-a191-45a5-a548-2543dd64f012,47,Female,154,91,No
ce480ee6-5c46-4f31-9dad-49fb5219b107,73,Female,151,51,No
40264e1a-5c91-4005-82e2-bf990fd95d05,18,Male,99,37,No
c3701c84-d8e8-4ce0-b9ab-bb2ade37e9dc,82,Female,48,87,No
502b064d-0832-4357-8dcd-96d0c19e716c,83,Male,25,26,No
f7625c89-c885-4b44-a154-1a79df1a684e,42,Female,30,39,No
6a7fd132-b05f-4b76-8e3a-1fa0c5aa2ae6,23,Male,144,97,No
559564aa-7c5f-4ac5-bc35-e91454ba047f,35,Female,113,45,No
b5f94d82-e43b-4616-8ff6-9edacf669c46,28,Male,51,62,No
93f53132-07d1-4f65-a0c4-d90e2e6fdc69,67,Male,185,59,No
3b18e833-9aa0-42c9-bec8-9c4982c6df0b,61,Female,52,71,No
b0be1934-d503-45b4-8be3-41b3a7a3cec9,46,Female,64,28,Yes
776058e4-2def-43a5-9eb2-41820c142571,68,Female,190,58,No
a00a5b53-7860-468d-8626-eef5e51ca60b,36,Male,126,98,No
c32942a5-b352-4911-9c23-e91dcf1e9afc,69,Female,31,93,No
7c4a529a-0d8f-4c6a-87b6-303607853bd9,50,Male,146,92,No
2275842d-aad7-4582-92aa-1a45e1720193,29,Female,56,57,No
38db0eef-c0de-4eef-b241-aa63c7678856,38,Male,115,64,No
6cccc228-bf64-4266-aae3-0e59cab9d7e1,88,Female,92,5,No
edba339d-2d95-4636-9290-9522037a6d67,21,Male,83,98,No
b5df20bd-c5d3-470f-bc68-a1a135359de9,88,Female,93,56,No
670e9867-8f06-42de-b64d-ffb18a2466e5,57,Male,112,61,No
81d503aa-217a-493f-aad5-b906bf5ba7e9,72,Male,108,96,No
734310f1-0790-44ef-9156-1522af54d963,29,Female,178,99,No
0f9b5c10-4f54-47b3-a3c1-c30ce29dd308,30,Female,79,34,No
71c1eb8c-88b7-4b2b-9457-7cdd0ec8118f,64,Female,145,64,No
91a64cd1-1804-471a-a05a-5b2e1bf3a134,65,Female,105,88,No
9f8107bc-b23b-4fa2-94ef-0ef754283bbc,88,Male,25,80,No
aa590845-657c-42af-869f-f0fc3dc60041,35,Male,104,91,No
d9259437-6a56-423c-b5a5-2387d4ce8352,54,Female,75,89,No
1f889a39-d5d7-4941-bf10-05a5dd4cf516,70,Female,93,4,No
13680909-d0e2-4b0c-9920-00c2319f4db4,22,Male,79,31,No
4181c7eb-ab53-4fe4-98df-c51cea6febfe,54,Male,101,73,No
779d827d-e60c-47ed-9074-06fb06224b97,87,Female,152,98,No
43aeaba7-00a9-4ce9-8f6b-5c4175b907e5,66,Female,79,9,No
8f3d1aec-359c-4a89-9574-a47587cbbe1e,77,Male,67,3,No
a1b2a223-a91c-4091-b3d0-328c3abedf37,72,Female,71,36,No
d64abb10-a15f-4061-83dc-5d6d361c7167,64,Female,130,3,No
b10b4721-e670-439e-83cc-46b8e0ef92ef,47,Female,64,82,Yes
9db72ad2-9176-4cf9-9ae0-06ac30534749,46,Female,116,34,No
e55a27b3-cb75-4abd-86ea-edcf1660b98e,58,Male,70,85,No
5e7f5c78-bef3-4205-b05f-79cb36dda728,76,Male,39,67,No
c3e36bd7-9b3c-4181-ab9f-ce7ff0adf7c9,43,Male,170,27,No
c78073d6-15ca-491e-b60e-2bd033969f73,31,Male,185,47,No
53e91d80-fcaa-4f12-9365-1499407194fd,71,Male,151,25,No
ee787db4-6312-4e93-ad8b-bf7a95761604,44,Female,30,77,Yes
41680235-8381-48c7-a3f8-d6fa3a6e9564,82,Female,48,61,No
ab965189-9900-466f-8c9a-c4b5da79c2cf,24,Male,79,61,No
40b2b73d-0b74-455f-8151-24e4368e589e,18,Female,38,22,Yes
56d81a99-954a-400d-908e-7093c1238ddd,70,Female,157,60,No
71ef4af3-7003-4074-94e0-beb6d021ccee,51,Male,54,59,No
29699e7d-199c-4dc9-8a0b-7f9a8735a844,44,Female,137,72,No
cd647c58-a364-4fd8-8d47-13b7224c54cd,42,Female,58,96,No
85f8d86e-ca70-486f-a717-569b84b44b93,29,Female,120,38,No
e63611e4-d93a-4152-b408-56e5944125f7,24,Male,51,34,No
0324806f-9c11-4881-89c2-20c303ef6c68,67,Female,55,51,No
10631e67-64da-4411-b82f-112f5ccc5a0f,61,Male,192,33,No
ca5b697b-1efb-421d-acf1-634025a8dfbb,59,Female,173,25,No
bf46cc30-9341-4e78-98cd-ffd2716eb225,85,Female,168,98,No
b35a140c-4c00-437d-a0bc-9a591b9f3411,28,Female,66,46,Yes
5896c889-ae48-4a0a-b559-8f49259e0333,65,Male,150,91,No
ae7502ec-f71f-4ed9-85b9-d0e37fd7275e,40,Male,142,53,No
ab9313d6-32d2-4140-85dc-94f69165dacd,63,Male,121,85,Yes
ff4a887d-8823-4fb8-ad45-a135b78e3f87,55,Female,121,66,No
33da1c72-4f0c-4c65-ab68-dd4de6430dfd,29,Male,35,97,No
be6a73a9-a9f7-426f-a3b7-0dee4fb5caef,23,Male,42,1,No
1ac6eb14-572f-4a66-b20b-b29e3f278541,67,Female,100,38,No
641ef82d-b97c-4b33-9d8e-72fe8e1a28b1,62,Female,34,40,No
77f38c8d-08ac-4253-84b7-e493f47d37d0,85,Male,119,52,No
4660ac91-54ba-4f97-992f-30e43a8d0a8d,35,Female,127,3,No
df6378f9-c9d2-49a3-94ad-6ba94d157fd8,78,Female,183,14,No
6445ab49-6359-4803-80db-47bddb48de11,37,Male,127,3,No
ec4b8fbe-a709-42a9-8d64-4b4edbb52a9a,61,Female,127,94,No
53a4fae3-9d68-415e-9802-fe2e7ac75b58,36,Male,148,84,No
c10d9aea-edae-41de-a3bc-83ac24c7f132,68,Male,187,42,No
5f0a255f-02d2-4f79-9664-7ab310284b1f,67,Female,47,97,No
816edd3f-2b6a-4297-a4ca-a2085e20f8d2,36,Female,61,14,No
5211bc33-206a-4bfc-a4c1-8efe86946d6f,84,Female,94,96,No
381486fd-df72-4d0a-a2e9-15ec250511fb,39,Female,107,74,No
ef79a7f5-abec-48a2-af39-cdafa50be7f1,64,Male,139,46,No
68a6ab43-9b68-44b7-925b-7edeebe7f3be,69,Male,171,2,No
f9012abc-3fbd-4f2d-944f-1bde3561938a,25,Female,32,56,Yes
4e81ca36-4a80-4e50-8319-2bfd09a5c14d,24,Male,125,91,No
8c3a82d1-e530-4b5f-b669-a8bbbafb2729,46,Male,113,41,No
63b2ff4d-a2bb-4da2-b4dd-22cd302bf459,45,Male,183,9,No
ac87101f-f1fc-414f-8dce-490d7fe6afbf,72,Female,197,28,No
35b10348-3f2b-4ae2-bb72-2a1312afea32,25,Female,117,75,Yes
715ae9c6-ea97-4c6e-a909-7ad4b163fc4b,90,Male,72,31,No
8372eb29-81b8-4edc-a491-fa30ff189ed6,60,Female,195,6,No
1aab82c1-e560-43ca-aed7-e2aa85b28786,65,Male,110,99,No
5b876b07-993b-4d1a-bf02-660217e407c2,39,Female,100,46,No
5f1747b5-4440-490b-9d85-88c087706658,20,Female,121,51,Yes
b3d04bf2-3ef7-433b-a9d2-074acc956425,40,Male,87,58,No
58bb324c-6d78-4b38-b964-abcba5b3a952,22,Male,105,79,No
d93282c2-ad39-4e6f-97ef-498835897107,63,Female,54,93,No
b6a4c294-9bbd-4be3-8f55-80ad2fffb65f,83,Female,76,76,No
ccf5d9cd-d355-47a1-84ae-5af54ac405bb,46,Female,189,54,No
948e09c7-a498-454e-a9f5-db55aff383a7,72,Female,184,66,No
76a42bcb-5f89-466a-86aa-71c64b728507,55,Female,152,89,No
55e5e0fc-c920-4571-8de4-3103981c9044,23,Male,51,13,No
7304e61f-f62c-4f72-8a9b-de440c4b072d,90,Male,95,40,No
2e62ffd3-e41c-455a-ac0b-5436d271534d,49,Female,105,1,No
25930e56-5433-4291-8c50-3c3f6d3865e0,66,Male,34,2,No
ee820d2f-6347-4c8b-b758-2e4e53082397,43,Female,88,52,No
b66eb0a5-e586-4eb2-be07-090597f7bdec,35,Male,155,51,No
d397b07c-a6ff-47f9-808a-b4ff75fa004a,54,Female,44,85,No
3183265c-b415-41aa-b079-2832fdfd9adf,52,Female,108,68,No
259321a0-63a4-4676-8f54-6bb612851252,77,Male,29,20,No
ecb89a27-2acd-4020-b322-afc89aa16720,28,Female,166,54,No
9df98b62-a5a6-41ae-b8ec-fc33e017043b,19,Female,46,53,No
5cde4026-7916-4585-8938-f9861ec3ccc9,77,Female,59,41,No
46bae934-4c7c-441f-89c3-b4910834a7a7,63,Male,84,20,Yes
b8ae4bba-cdbc-40c2-8754-be931e77fb98,23,Female,118,32,No
c7fe2916-acea-4ef3-bee0-4452f41f42cb,28,Male,89,97,No
8b8679e0-961c-4d3a-8118-6af393cdd9a6,40,Male,166,49,No
c945b78f-d2a8-4615-84a3-013eeb1ae3f0,55,Male,79,38,No
d2ab6280-4d41-44e8-80f2-a487fe0173de,24,Male,95,76,No
56b809bf-8bae-48c5-a186-cbaa15a5a032,71,Male,48,53,No
4a505233-c37d-4eee-ac6e-c6ecf774b2c4,59,Female,118,27,No
7803bbaf-b8dc-4d82-b959-1e94d4ddb92d,75,Male,76,18,No
fa4a1638-82af-4bf5-853e-2512b3a7aa63,76,Male,159,96,No
a4b1c22e-225f-4c58-80d6-a6169ddf2c3e,73,Female,169,1,No
a6e05e63-c9ed-41a4-bc78-50dfb2579b26,89,Male,33,43,No
2dfc89f5-5111-44d4-82b9-885e65ca475e,55,Female,154,10,No
8cf034f5-4391-4765-a775-1652c509d468,49,Male,135,46,No
721b2cde-f004-44cb-94d0-bf53abd2df5f,86,Female,179,24,No
faa133e6-b641-4e09-a8ad-1fec45467c0e,82,Male,53,98,No
0b6773bd-d37c-48a9-b769-9772c1e87d30,68,Male,131,78,Yes
880e56a3-c650-4812-973f-591472003dd6,83,Male,184,32,No
fe613c33-370e-4227-a2db-eea8dffdc170,49,Female,81,12,No
c691a520-26ad-4738-bcd9-17f44701d547,64,Male,111,75,Yes
48d9d733-71aa-4cde-b394-da0fb9755d59,31,Female,105,57,No
b9b43b8a-85cb-4878-8cf2-05eaf9ce7268,27,Female,33,8,No
ae394d00-af58-4100-805d-862ac935b72b,68,Male,98,3,No
eee72451-d381-4ef0-b7d5-ae5994929ece,65,Male,188,77,No
2d4e00a6-fb14-4b0a-99ef-1f5b2258ca99,82,Male,137,49,No
4a6411df-29cc-4fe8-8980-ed70a80e769e,69,Female,45,60,No
ec691947-038c-47ca-8268-608ec6ff8bf1,39,Male,106,51,No
9529aa20-4715-4b56-8203-1043ae99d176,27,Female,131,32,No
c6104d05-f0ae-42ce-b0f5-abc6492ceec8,80,Female,184,13,No
84ff0da8-2584-46a8-b779-3317abcbdd1b,75,Female,108,26,No
5a1a5f10-8558-44f4-8d1a-163b4961be36,28,Female,119,89,Yes
5c0654f9-82f7-4834-b496-d0944a4172e9,77,Female,120,68,No
937af3a0-d6eb-4b92-8231-0a4b8192155c,29,Male,123,28,Yes
b0894ead-c2d6-4bf7-9ab9-77263395bdaa,43,Male,123,94,No
a3a44357-a407-493b-a154-abcbda40e5dd,75,Male,196,81,No
36a39ee1-8ab1-40fa-bedb-6369ce055dda,66,Male,67,99,No
5ebaeb99-82a9-43e4-aa81-e295236b9b4f,39,Male,79,79,Yes
70742c28-c4fa-49b5-9705-d21a7a42d899,69,Female,62,71,No
880d6167-2be8-4797-95c6-aa032eb727e9,79,Female,101,23,No
55828fa4-c1c4-4b22-b1d1-0e32f91b6530,76,Male,157,79,No
4f08241d-8242-4eb9-a823-ff6803283c33,19,Female,140,82,No
b2301994-83ce-4136-920b-d050d2be9787,85,Male,134,70,No
b6179878-7bc2-4ed6-8e8f-260329ca38c7,60,Male,24,29,No
0904a39b-cb1d-4aec-b3f2-b71a933088b8,60,Male,26,87,Yes
5eceb295-c15b-4a30-82e1-cc1e18b10ca5,69,Male,31,98,No
5b47806e-0fdb-47a7-9c5d-dbc79ac9dbc9,54,Male,28,61,No
8ce3f750-a527-402d-84a5-67c0446b7eb0,37,Female,44,73,No
9a858367-1eb7-482f-9ed3-c570665fa43a,60,Male,109,65,No
3b98acbf-1625-4097-9c96-ec1cb825bb82,76,Female,78,63,No
18d8d1e3-34d9-4613-a805-977f42617c58,26,Female,62,60,No
279c7815-ef53-4202-b1c7-6e50cc33d0d7,84,Female,28,47,No
87ab2deb-133b-4cc1-8d60-5eee95cb5b71,44,Female,82,28,No
5ef91342-fd38-4c55-bbf6-443b8ed0359d,78,Female,43,79,No
745acbe7-e842-4faa-95b0-e5364ecba9cb,43,Male,64,69,No
a425d323-b5bc-4208-a20b-a119e7259796,21,Male,101,33,No
4d2d96ab-4668-43bc-9279-1b60745b3f6a,65,Female,154,33,No
0b33a95c-d4c2-4925-b79d-f614e10122ed,60,Female,54,23,No
fb4d0939-2688-4bef-bdfb-6cd899438a26,69,Female,187,41,No
bc6e688a-a4b0-441c-be8b-1d0507676168,81,Male,111,33,No
e1968165-4bbc-4fb8-ab7d-09fd8d56b2f5,60,Female,57,3,No
bd40bb41-7d9e-47eb-b561-5a21d8272891,25,Female,164,57,No
7679ccc7-22fe-4270-9d93-0ac9cb8af90a,56,Female,169,68,No
390ffd36-bdfd-4830-9c27-3e94c501870b,89,Female,41,39,No
4877e798-f927-4f5c-b15b-ed67aec88f00,73,Female,147,21,No
a5c19171-19f4-4b2a-a3d1-44ac4fe80a07,37,Male,82,65,No
28a4b795-b381-4a63-83e9-9cb225236217,37,Female,169,1,No
ea120d5b-86c3-4581-897e-29074df70bf8,90,Female,45,91,No
feb8dcc6-bca9-454e-8052-f42b6e6fe5e8,69,Male,132,29,No
834017a2-f644-4153-9bc2-fa23e10e3af9,53,Female,94,59,No
9370e5a8-43de-4006-8355-cebf9dc9f235,22,Female,68,42,Yes
47b347a3-c31d-41f0-959e-62ac4e631dba,46,Male,176,26,No
34255a8d-f36e-44df-aee5-da7731fe0ecd,64,Female,194,48,No
ef853d33-f264-44f9-8ed5-68bab7fe1997,27,Female,170,2,No
0fdf41d1-24b8-48aa-b76b-551db055ef99,83,Male,172,1,No
3e72a971-20f1-4023-b6d9-b024929ee68b,59,Female,193,41,No
f63a0d20-7574-4192-9b72-fa22be41e4fe,38,Male,27,84,Yes
27ebeb0c-e24b-4e3f-af43-bfd975a6fb27,39,Male,79,30,No
281846d2-8f41-4dd0-ae10-70e1f1137bfb,85,Female,179,22,No
1d1cdaed-b12c-42e1-8131-e2b80fb10dc9,54,Female,98,7,No
0773d989-94da-4a57-8ef1-7a82b1164175,30,Male,62,55,No
a314334f-4723-4a71-81a1-2d465bd85087,54,Male,181,81,No
f12266a5-316c-4349-a7fd-fcdb52010e9c,83,Female,42,3,No
08808d4d-5c04-46cf-bfb4-13edc1974071,77,Female,56,11,No
66a8e6dd-052e-4e67-abde-505f2fc66000,78,Female,72,87,No
9b7381d4-948a-441e-b78a-5f6a2be9ea7a,86,Female,83,34,No
b9ea091c-3b1e-4474-9926-9c9c82b00964,23,Female,22,36,No
197d3740-133b-446a-804b-ed47d1fbc559,90,Male,169,93,No
1cc89e49-61bf-40e7-a48f-26a6c4c61f49,89,Female,113,38,No
95351f0c-2f9b-4485-8481-169fbeda28a7,21,Female,91,98,No
89b2fecf-44c8-4e71-ab32-b8f8441c4ea9,54,Female,124,15,No
6eb8d8dc-7c72-434f-9b0d-ce2383d8bf72,54,Female,34,4,No
e51d9974-1849-4d5b-aa9c-d74e5f9be27a,66,Female,178,99,No
b6362c8f-2864-48af-a9ef-3cb3ba424d46,33,Female,166,99,No
59c39eba-aac8-4404-be7b-3f91e6156fe8,23,Female,163,72,No
c7e4d84e-11dc-4f5c-bbaa-f10e4e793f54,60,Male,43,19,No
f11c36fc-a452-4134-acf9-78206d724520,80,Female,44,78,No
d9593100-5747-4cc6-be71-809816d53036,34,Male,114,34,No
1d8bbc95-772f-489d-b2d0-a15deb795e4d,45,Male,191,77,No
17147b8a-9bf2-4b6c-a990-6a188ac0d904,49,Female,109,58,No
4e310d71-c69e-482e-b4da-b39eaf679703,86,Female,87,31,No
15c86465-e150-4514-90b9-87ce2b6861ec,24,Female,26,55,Yes
020982d1-f6bf-4d3f-ac4a-9b6eaceadc47,32,Male,138,31,No
af3b0edb-84d1-433d-98d1-c53d6c3a46e0,60,Female,127,73,No
44f2dd23-5a4f-4e02-902a-f5737ad1dced,85,Female,22,28,No
18f256d4-3f41-47b2-9505-7af447e0a787,38,Male,169,26,No
7060e44d-d250-409b-a235-515f794f29a5,67,Male,194,64,No
6611f55c-056b-4b3e-adb3-ec46c7c8050a,37,Female,88,94,No
05856f50-a30c-4c61-a112-6f212cbeb6c7,38,Male,118,1,No
ac609e47-2950-410b-b684-ff7609e1b3fc,45,Male,133,95,No
21fccb4e-87a5-4c57-a8e5-ff718888bba6,83,Female,59,8,No
a9246152-103e-456e-bc4f-4220f124c31b,56,Female,126,68,No
d4817f07-d3d5-414d-951f-a1ffa1369691,51,Female,141,39,No
54549b1f-83da-4d03-9c48-6bcbbe0b5ff2,50,Female,62,91,No
044c26f2-4a76-4df5-8080-f809e394b900,56,Female,158,32,No
904d22e5-1cd0-4b53-a2ec-9ea32b8dcbd2,83,Female,192,80,No
77a0e8e9-caca-4fba-b5ae-b870d8bfab49,53,Male,118,32,No
3baaa389-3907-4f24-8082-6d14cc7f0e71,89,Male,90,14,No
f6ced9a6-44fc-4678-8840-0fe9ed0390bb,76,Male,110,60,No
e31f8704-b846-4d84-90ec-39bff3fe918c,86,Male,70,22,No
97dbc38e-fe1c-44af-a932-9850098b369e,53,Female,43,61,No
a819c59f-b857-479e-8efd-9c0c7d3b816a,67,Female,193,56,No
2b03777a-47c5-4e42-b855-436da5527411,41,Male,73,4,No
0803ba58-e67c-48f1-995d-f0a7f4d83319,70,Female,30,84,Yes
c1a3f0cb-af06-4462-8c0a-32912f4ddba0,90,Female,135,15,No
82896232-21e1-488c-bf6b-98d23979d458,56,Female,136,41,No
f0b8c7c9-17f3-42bb-b6d1-69003c7546ea,42,Female,187,66,No
bd8089d0-0e52-40d7-afdf-56aeead962fa,27,Male,31,39,No
cd64f0e0-01b4-4f69-ad53-e81b7e44a107,85,Female,167,86,No
380df282-43f5-4256-b135-c4c923e16be6,54,Male,158,51,No
a2d877d0-74cc-4071-86b0-724a635245ef,88,Female,163,15,No
ecc0df59-8ccc-4443-b470-2e0014536d6c,27,Female,88,67,No
66141e22-d936-4bfb-8cfc-69b43a1e5dfb,65,Female,57,63,No
e206ca47-f41b-4360-9adf-71dd9104a83d,76,Male,78,23,No
5e8deea0-dbc5-4cbd-bbc1-ab842f3e2b4c,52,Male,34,62,No
901707fd-5222-47e0-9428-ef8a640b2661,84,Female,84,57,No
028f2f51-5434-4fd4-bcb9-8c67d15abac3,66,Male,90,72,No
ce829e51-7364-40b4-9c13-05e18cae20cc,20,Male,160,90,No
0135d7ce-a83a-46ce-aa3c-b3bcad8f4d52,45,Female,131,36,No
8850d572-99b7-4631-a526-eaa1be13e4e9,31,Female,116,90,No
2c3c0367-055f-40b4-9417-9b52481251b4,63,Female,103,82,No
825c5e5b-c4dd-449e-8b74-d73eeec709ec,18,Male,138,20,No
7d280326-5790-4edd-b89a-dee9f03a0ee9,46,Male,31,3,No
e3110387-6716-41d1-8fdf-9239f57bca56,22,Male,167,94,No
f32fac1b-236f-4a75-bd78-aa773e8febc0,47,Female,34,35,No
2f2aa304-f3b4-4b5d-8494-8b3886a6ded8,83,Male,134,9,No
a18f452c-a9f0-48d2-84a9-5b75e406f04f,36,Male,82,17,No
fb2fb798-1963-401e-afe1-47d5503f99e8,47,Female,133,38,No
2e9d4598-18b5-4a46-b5de-57aa71e87e86,79,Male,116,76,No
1f985931-8dbd-49db-8bb1-12411c049f24,66,Male,139,18,No
296f1fac-9cee-4526-ad63-3ec755ca74b1,72,Female,72,89,No
9997b07f-e684-4767-b54c-dd4669bb454f,71,Male,117,70,No
7f5cd612-2d3d-4faf-b81a-97f3ea00933b,18,Female,42,41,No
04322102-f666-4240-a640-5e767986acc7,22,Male,199,8,No
ae2209cd-3ea2-4d73-8c47-d38f4b409c54,86,Female,78,56,No
1398b3e7-4b58-4a2f-9fb8-22523e013624,49,Male,47,37,No
ebb2692a-5ef7-463a-87f3-198c670e6c5b,75,Male,109,36,No
d06f5526-27a2-4fd8-af37-3c8d06249958,24,Female,97,77,No
7346254a-2023-4f97-a1bf-65b98f78a61d,62,Female,63,77,Yes
3d6c0c16-2a5c-4cf0-b1d5-1b08f3cf14b3,22,Male,172,67,No
043c3704-987a-4ecb-b45f-cb4961fd2625,89,Female,140,49,No
5828c693-4e0d-48f3-a67e-259194b661df,86,Male,24,39,No
6f765f0f-a27f-4be2-b6fd-c201e627dde8,85,Male,193,56,No
35dbcf0b-1c22-4515-b2e3-6969702e5cfc,53,Female,51,88,No
93be5b8a-afd7-4bf7-9a6c-caee0d5bff47,60,Female,113,75,Yes
7e759895-864d-44b5-a4d0-cc451bced177,28,Male,185,56,No
876a98f3-2720-450b-bf77-91e4681102f4,75,Male,199,31,No
bd5c9255-f449-4e6b-becc-14e3337e9246,53,Female,50,65,No
15409d9a-31b7-4d12-a432-010bb14906c1,89,Male,126,38,No
65ffd31a-c02f-4be9-89ee-8ec28f5d6f17,19,Male,126,90,No
b13a4af7-4393-4003-862a-6fff0a998878,85,Male,20,54,No
507e4308-3ac5-457c-a706-224c870c4050,51,Female,65,13,No
1611eec7-fbc9-4a6a-9463-91ba0bd34fcf,82,Female,120,35,No
d33a4c8b-2d15-4abf-a50b-3ff1b0978123,68,Male,175,44,No
e03bbc3b-ce92-49de-87eb-6895b27c0e4f,20,Female,195,46,No
502f5afb-d401-4d49-b9d0-3fc16a4f14ac,89,Female,21,98,No
40bf0918-e8d9-4bfe-99d1-43211b656af5,32,Male,28,90,No
ba856701-959e-40dd-b0fb-370586273529,45,Female,95,60,No
aaa1ecde-8daa-4fc0-9a60-13162c718a44,31,Male,176,65,No
4e4338ca-09e1-484c-a181-4a716a46b9b7,36,Female,55,54,No
3d009ff4-2c55-41f0-b605-88aea4a6570f,71,Female,182,11,No
54563154-bdab-4773-b0d5-78b17277c99e,18,Female,186,39,No
cae9b7ea-2465-4ee3-a5d4-02c53a0a7f4b,90,Female,151,76,No
3a939f80-1791-4a6d-80b2-b9f6636fa42c,36,Female,34,15,No
28171f5b-e1e9-44b6-8109-a7c11e36da75,28,Male,111,97,No
7f0b0a21-1fc9-4f02-81cf-3c0cebfaa3c5,60,Male,41,43,No
158197ec-f29d-43ad-9a82-d6e608a34d88,45,Male,161,52,No
f077d819-2e32-45a1-8a08-5591df3fc69e,89,Male,29,38,No
115301b4-d4f8-49e2-8215-ebf1583aeac3,35,Male,20,94,No
5420e55a-b8c3-4ae1-a8e1-309a2a1011e5,56,Male,62,59,No
2d373328-7533-4f0d-a9ba-4129ee3c7968,81,Male,92,98,No
144fb99d-2638-48d2-9b1a-78178d36b276,87,Male,195,32,No
9cfdf069-1a69-49cf-8f0f-9c0057ba5cc1,75,Female,85,41,No
302f4ca8-303d-4026-ae31-e17270de5624,34,Female,148,90,No
44c82568-6dad-43c0-81cb-309a55cdb0bb,37,Male,48,46,No
01deee68-f822-4139-b34a-2aadb631a786,49,Female,101,73,No
a737bd08-fd0a-4446-a3a4-14957918a044,44,Female,155,32,No
ab300105-f8d5-4872-ae5b-98685eb6234a,21,Male,132,26,No
52ede70f-b640-4dd0-8a14-7bc7102ac249,46,Female,183,75,No
835349af-54a6-4efb-9017-1be630f2e36a,63,Male,109,46,Yes
d86a8234-6b58-40b1-89ea-debb496262ac,71,Male,29,99,No
113bac0b-1f36-4947-8011-96197bdca944,28,Male,24,96,No
044ec241-fadb-45ae-baf5-276566239cb4,66,Female,91,81,No
4c9b0957-54d9-4f04-a557-2b0044cbd059,46,Female,197,16,No
dbb2de15-b9a3-4111-bcf2-263bf001a04f,41,Female,162,32,No
9681eeac-4cfa-4d24-b5ea-e61e0a3b718f,54,Female,88,95,No
900fe0ed-937e-41eb-8a4d-89bce84b64c9,77,Female,97,86,No
940330a9-215a-4c91-a81f-6438ba08924d,24,Female,64,56,Yes
f878b4f1-59d0-462e-a1ca-e37372047a86,19,Female,116,28,No
f0c2baa3-db1d-407c-9c52-53f0ad955b3a,33,Male,74,72,No
bfa54382-dc1c-4578-af9b-aa6291e43f32,61,Male,108,10,No
e93e5a9c-1bd5-446c-8007-cca91f13a21e,57,Male,67,4,No
79323a8b-3689-451a-9682-e083c06c0291,73,Male,75,32,No
db6265b2-d1bd-4661-87a6-be6d28f46e3d,69,Female,86,37,No
2be8e668-8bb1-40a4-9170-b743e323ffdb,83,Male,44,65,No
10f40cad-e252-43ce-b7da-edb8ce13c6c1,22,Female,140,27,No
58508302-5d92-4de0-b3cd-f9ff0dbc104a,68,Female,155,81,No
9df17e7a-cea0-4beb-a13e-05dc89e333da,73,Male,52,63,No
bd40f59d-c830-4e79-9ab1-017b20833ef1,35,Male,175,3,No
2916346b-b8cb-4b53-80d8-392c37defe8e,27,Female,24,61,No
4280bd0f-54ee-498d-ad83-b9fe26e2d8b1,45,Male,51,4,No
3b90190f-20fb-4e52-a7cd-efd3a3926ebd,64,Female,165,75,No
484187e2-5130-409a-8bc5-1456970e0696,83,Female,191,61,No
3a3886a7-c786-46e7-a6ed-a320e04eef86,61,Female,138,73,No
e9ade86c-3738-4978-87b9-b3ecdb00624f,29,Male,179,69,No
add0fcd7-9c3b-4db4-b878-2cc9b80d4cad,55,Male,28,85,No
ba6a2bd5-baed-4c2d-86eb-db29613e6343,62,Female,96,1,No
58075a4b-33bd-45f8-b9ff-4e8aa21d05d7,65,Female,154,30,No
3833944a-d3d2-4c68-99f9-98b16c3db1e5,90,Female,98,66,No
58bc3bef-c038-49ed-9cd9-5f9ee6d5a419,63,Male,79,25,Yes
6b8a5024-af93-4e7b-bfef-7a8ac54db243,43,Male,149,79,No
5f14a5cd-0214-4bcf-b802-78fc4146363e,28,Female,90,49,No
f54733da-0e54-49fb-b7e8-b2149439820d,43,Female,69,91,No
1f53fd6b-c587-44ad-b6f2-a32bbfc098e1,40,Male,163,88,No
a8b20526-a3a6-4223-9b24-e47330f87bf7,90,Male,125,6,No
f0c430c6-436d-40f8-8a66-d9e64e621725,25,Female,106,29,No
874e408d-3ec2-48c9-8aa1-ea25c0aea325,84,Male,47,29,No
a5e7a13d-9bf0-4b0d-99c5-c0410001a771,24,Female,56,29,No
035ccc14-9aeb-4384-8b4b-f1c210850e7e,63,Male,33,17,Yes
443ac441-a492-4282-86a9-3a7ec69bf15f,22,Male,159,34,No
d1ca39ca-bca8-4c75-962a-a1dc306855dd,58,Female,181,55,No
1a98fb79-6291-4b37-8a01-dbd2adf350f2,36,Male,46,92,No
0eb7dd5e-69a0-40f1-b627-f9a9cd449a4d,65,Female,134,29,No
a8d2d059-e76a-4619-8316-4bd42b9f8402,19,Female,28,65,No
f3cba7f7-78fa-4f0e-9b47-a4b8ba7b4246,19,Female,54,43,No
2f7d56e9-59d3-4ef4-b2f7-bf10d5302027,90,Male,90,68,No
f45c847b-ebbc-4965-9b6a-7023f3d5424d,48,Male,23,7,No
73e9c746-e41f-4c5b-a863-c7f90a3eadb8,51,Female,104,99,No
bc7e225b-9322-41d6-b881-97d1f1d1b958,37,Female,56,14,No
6142157c-a626-4ede-872e-4245754031f7,79,Female,20,37,No
8e1cf5e3-6a8b-4bad-9ab1-9d17e0dd7b0e,24,Male,112,81,Yes
4a17aab1-5f6d-4a9a-aea6-4b1ebf9d29fd,45,Female,56,11,No
a78d98a9-d4a9-47e1-a9b1-494db4f40204,41,Female,189,34,No
8de1745f-0941-45f7-84f9-a638efbfb911,80,Male,36,2,No
94d226e4-2aa5-4412-a6a7-f8c57b319b86,30,Male,115,70,No
5c00c7f2-8a2c-4fd8-a290-af654fc9678e,28,Female,141,62,No
3389040d-80f3-4e30-bcf4-7d22b6779063,66,Female,196,13,No
c804834c-7ac3-4fd5-a0f2-acfb65398136,72,Male,76,42,No
feddedfc-62d4-4050-9b7a-7955db0638ab,29,Female,167,53,No
f68f29a4-c5d9-40a7-b5b3-073057bdbdf3,36,Female,55,59,No
4084ea91-1292-4853-b150-d66e4c71f8fc,62,Male,48,90,No
9361b1a2-4e63-4b15-ab51-511c40d036e0,88,Female,144,1,No
8a9b5a01-d501-426f-acbb-96f3229603a8,60,Female,142,26,No
dbcdacc8-a109-4ec0-9470-7c1acd6c3b61,63,Female,126,63,No
dcede8fe-4ec7-4d40-8123-73179680fc24,21,Male,169,47,No
18c25bad-9b3d-434f-9d80-f21c1ddd98dd,32,Male,27,31,No
e397ddce-c718-4a8d-a1b8-958ab2872fa8,44,Female,89,88,No
de17f831-d871-4b3a-830c-0f052de585ed,67,Male,195,41,No
8ffdb54d-5035-480d-863b-8dcbc883dd9d,40,Male,31,45,Yes
663f643d-c672-42de-96e3-ceba0090e72b,45,Male,84,26,No
bb5eb055-86f3-4c2f-8d0c-b6f953c4ef21,86,Male,147,51,No
f2388bb1-28b3-4845-b62d-0d7928bd1375,71,Female,191,68,No
9840f202-eb93-4dfd-a3ad-ed35b5662613,19,Male,145,18,No
b133619a-e07f-4378-9c37-91329e84547e,45,Male,115,77,Yes
1115cda4-ab33-4480-8b9f-38c741307763,57,Male,163,28,No
5c399640-869a-4103-9339-e1786a6b9fc6,64,Female,166,47,No
614bda00-1fd8-43ad-8668-c426d5e4706d,87,Female,122,18,No
a027e4fb-0005-4b6b-b11f-24f4e4b320ab,29,Female,116,85,Yes
07a6d922-80ff-4589-a55f-dc2292f92822,18,Female,120,70,No
3a8c0dcf-7279-4409-aaf0-4a141e67e646,42,Male,92,84,No
06cfb9bf-dc39-47b6-8860-6f46520cc211,87,Female,27,12,No
1e489c07-965a-4790-bdc5-7ebd973be901,75,Male,33,11,No
5c41d13a-8c40-45c9-a51b-c99f113d91c2,76,Female,92,5,No
afffa92d-c229-4fd4-8934-31ba0415c433,20,Male,37,8,No
ac0fa0af-f436-4992-bbcb-ec2e86b7c13f,37,Female,44,51,No
cb253871-52b8-45a1-98cf-1a7345686ad7,89,Male,172,83,No
4ff238d0-e28b-4351-8e1c-c445eb7fef4d,25,Female,122,4,No
a0dc7ae6-deca-4700-bc7e-80710e4dff25,48,Male,112,12,No
6b0333b4-db7f-4ec4-8040-28018b0649b8,64,Male,48,51,No
b3b78b7d-fd12-4c65-8b0d-f357aec88220,21,Male,75,47,Yes
252799f1-887f-44e1-a356-113f47a0fd8c,50,Female,53,13,No
e3407e67-aa92-4d1b-b927-0d37b83aa1f4,63,Male,145,8,No
bf10e4f9-477d-4651-8ace-2ef5a7958e37,43,Female,47,55,No
b3d5c195-eb16-446a-beec-e2fdda09663d,64,Female,69,38,No
b12fbae2-4225-43cc-9a7f-a50e0aaddcc2,90,Male,181,66,No
fca96742-9d9a-4cdf-8e85-1bb163c72f5c,20,Male,95,28,No
d39ec14e-e5b9-455c-b94a-888ce655f0aa,34,Male,158,94,No
c70f4afe-bb50-4843-9841-ca92f25767bb,57,Male,195,95,No
64dedee6-d498-4a86-a767-5b96df9da712,56,Female,53,16,No
1fa796b4-986d-4589-a233-56567f116a83,72,Female,42,27,No
0b8e6dc3-704e-4f5f-b824-c11d469a5863,45,Female,99,54,No
6057ed10-3685-4343-94b3-e68d3c32f52b,70,Female,94,69,No
999e12a5-c879-484f-9042-8c47c4e4127b,86,Female,75,91,No
a1ef8b32-e535-4048-837b-6cbe960e3165,38,Female,29,41,No
3be0ee86-f3e0-4d9b-a717-a26ce133fd83,31,Female,109,90,No
57c28c3f-8652-4332-89e3-673ce87812f9,88,Female,20,85,No
a382ac09-6687-46ff-b8c4-9d28e4e548f1,60,Female,78,26,Yes
8844e95f-8233-4965-91aa-5386ed32e5bd,71,Female,150,2,No
6b79907d-4faa-4e7c-a674-3be51bb3baa8,21,Male,93,67,No
b1931d91-e855-4ad8-8c14-3262a8f0236e,28,Male,137,61,No
190a76da-e4fe-4b33-95cc-f779bc1f7dce,44,Male,31,33,No
2875f5e4-0fb9-4eb7-9937-60ca86d1524f,47,Male,42,97,No
97fc1560-7daf-42b3-b029-cd1398e729c0,74,Female,146,40,No
b6527284-313b-497f-87b6-10f926e79806,87,Female,23,38,No
b06ba650-d849-4f52-9b37-09a732c2531c,39,Male,29,89,No
f40d1eb2-5e72-4531-a88b-c0349f859694,42,Female,175,83,No
f1511c04-c25e-4a1c-9c53-f7effff63e47,47,Male,185,21,No
5ef42e50-6f84-4d5d-bf1d-b7c139a4c3d4,66,Female,194,3,No
157433eb-7b36-4d5e-bff9-538d35ff09a1,89,Female,105,19,No
3ef80885-9fd3-432d-b422-d320f5e1b344,23,Male,168,36,No
eeeee8fd-e091-44ed-9bb5-5da787f6eec8,57,Female,31,49,No
72eb3368-2968-4352-9c0f-efa8736f517c,81,Female,86,61,No
68be522a-9b5a-4ad6-b940-50384d12d82d,60,Male,181,23,No
7c2f0016-015b-4b7c-8a00-143784d8f57a,55,Male,144,90,No
2b98a672-247a-4f06-88d0-6f2490c62e34,49,Male,161,70,No
1d8b1082-0b3e-4d46-84d8-20474142d609,83,Male,29,74,No
f93eb196-711e-4ee9-b95a-f4a72c79c266,50,Female,173,8,No
77051b8f-70a4-4ce0-be92-76917bb32299,63,Male,117,37,No
bb5167d4-4c52-414a-906b-e03f3cc4ed12,22,Male,98,51,No
06865716-2056-4165-afca-95df6dc46936,19,Male,151,16,No
dd572fec-fd04-4884-ad7f-5cccab9e9ce6,82,Female,64,25,No
e8c2007a-73ac-4e72-9319-f6eee5cdab80,36,Female,32,70,No
bdd01d79-1cb9-473b-9dee-173a17d43fa9,36,Female,182,96,No
733044ae-de23-490a-856c-ae149c5cf6bf,54,Female,72,57,No
e2acf96d-2d0a-490b-980a-abbd3d5e74a3,33,Male,28,16,No
2a700899-5641-4c76-9b00-436cf70ca0b7,53,Female,81,82,No
88d77ee6-0886-415e-a850-66b1a51427f3,41,Male,76,38,No
eb869e8a-3974-4431-805a-88e2e923e454,39,Female,95,93,No
64454f27-bd8f-4717-b82c-03705386e1bc,88,Female,127,70,No
e488eee8-e5a9-4ed2-9f25-1bdd1d94dfd1,28,Male,116,55,Yes
392b1bcc-5739-4833-9a49-bbe351f88c88,31,Female,154,14,No
669badfb-6962-43c5-827b-f930b66c81f1,76,Female,76,15,No
49db9e45-a86b-4dad-aa33-a9cf697757be,58,Female,153,58,No
5c5c51ce-04ef-4c5c-b509-40e7edc37eb2,46,Male,106,71,No
731c024e-c2cd-4892-9a0e-d0161dd4cde8,31,Male,167,68,No
90afb50a-1567-4084-af1d-d0bd41d570fc,82,Male,150,95,No
1d501a24-e1b7-4a8f-a594-fe6d4e1bae71,36,Female,53,47,No
6724db64-584c-4c25-ba4e-5dc3d3f2e377,40,Female,100,46,No
e1ab4b38-3cd4-42e0-b43e-3d13bcfd5629,86,Female,133,47,No
12f7f6e6-26ff-4a13-8069-41c0dd91f3dd,36,Male,170,67,No
2b48c477-fc6a-499e-b415-b27693b961dc,88,Male,121,40,No
28b6b748-82b0-4183-93aa-5c779c0f8a6d,76,Female,170,8,No
98efecb7-f4b3-4e66-ba23-f4faccc7c556,62,Female,30,22,Yes
5a3dcb09-8cb3-4668-9092-aaf543b2024d,82,Female,22,70,No
241bbbd8-d374-4b3a-8eef-20459d86728b,90,Female,199,88,No
4905627c-ff2e-452e-8215-064c0f196bf1,66,Female,176,30,No
eca7b0bc-12ec-4338-9e35-bda5775c2d2d,45,Male,144,63,No
6e8e6e1a-04a0-4b6a-bc37-f384c386d4f2,76,Female,131,28,No
0b61b9ef-3513-4821-b54e-6a3dd460c31c,58,Male,99,94,No
a47dc21e-764d-4829-a14b-0b9a957c3962,65,Female,61,98,No
2231c1ca-363f-43b3-8f4a-b92b1246f8fb,31,Female,85,87,No
86abb2e0-be04-4e30-9b6b-0c341051830f,58,Female,59,43,No
973dcee9-6d93-4c15-8cd7-33408f292f90,83,Male,86,14,No
f7e62482-9c23-4175-827c-992b7f042607,90,Male,107,77,No
67abfd08-783b-49f7-8100-c04df27a83fb,84,Male,199,8,No
25c7a80f-ab43-42b3-aa50-209fb8fc1f35,61,Male,97,14,No
fedd1e5a-b90b-4142-b6b9-34d575df509b,48,Male,99,98,No
ea97709b-ec69-4f2b-91af-c622164539cf,61,Female,174,15,No
bf1ac776-c405-4d5b-94f3-1839b801af9f,32,Female,113,38,No
1f0dc47c-2d02-4fa3-8b00-8f9fc961fd83,80,Female,49,39,No
ddfd3678-4077-488d-bdc3-3b6598730347,23,Female,125,50,Yes
c4d535db-00b8-4f65-9386-dc8cdbbca56b,67,Female,127,28,Yes
5bfff714-12df-4d44-b138-faa189c3aea9,41,Female,62,62,No
7d415dc5-58f2-4b6f-be4c-e9f90ebd4414,73,Female,74,86,No
0eb4028f-da47-435a-969b-9860a6205fa5,76,Female,175,99,No
c138b6b6-36ab-48c2-99c3-6713efd3078a,59,Female,162,39,No
b72420d9-5b6c-4bbe-85ec-3b30aba9d544,66,Female,107,39,No
23eaf4fe-ce46-43e2-85e2-9ace9df45a6e,23,Female,155,90,No
743f2da5-bc97-468e-ab32-19666a13b5f5,47,Male,177,33,No
2e21f443-b598-4937-8360-b6db8d78a4bb,72,Male,77,61,No
fa367916-6307-4a56-b005-55b94db4fc5b,20,Male,64,44,Yes
f2d95320-73bf-4623-b899-e1e30416b5f7,25,Female,91,100,No
e7e6e760-3f67-4b5e-9b3d-2d8df273dc64,83,Male,37,29,No
18f7d7bd-3670-41a9-809f-a3c2aa87a023,82,Female,48,75,No
102294b4-de68-483e-b175-1893b62daa19,53,Female,198,63,No
c0d112b2-613d-47af-af9b-c0c0b6b28894,84,Male,177,20,No
1de49b8f-fca8-4d7e-847a-1f61b3b96c3b,85,Female,36,65,No
ff36cb36-3cfd-4e82-add3-d4dd224c8437,74,Male,39,51,No
70081996-978b-482d-a3ed-06d5fe21169e,53,Male,60,6,No
8b8f4da6-2ca6-49bb-aa6c-3421ef58511c,64,Female,38,31,No
a55588f6-b53c-4761-801a-3361902d3bd0,27,Male,107,82,Yes
f7baa89d-d6a9-4fd7-8dd4-d9ed2a417a19,46,Male,158,43,No
bfbf5be8-779d-4f84-b8b4-5837e4dc5cd4,38,Male,156,19,No
6a36747e-c68f-4852-b260-9d5ff51943b2,89,Male,55,6,No
7f5f16b6-f472-4fd6-ad63-cb62f7dcd5c2,54,Female,36,60,No
b8db8ba1-012e-4853-9615-d9a24847e780,23,Female,172,1,No
8775b025-544c-4d4c-aa17-841b72d54f0a,42,Female,146,23,No
6be1a71c-6ca7-40c9-8605-917532a0c4b9,47,Male,73,74,Yes
9eac6133-5589-47cf-b52b-f0926ed83808,23,Male,168,47,No
dacf2454-a78e-44ef-a824-5a9fb73ee744,36,Male,199,55,No
648b7483-2e95-44f7-b081-9896c41abdd7,73,Male,155,38,No
9d8e01ff-c0f5-4daf-9d21-be60336b9790,25,Male,77,87,Yes
61f39fd0-59a2-42ff-b846-cfc0238b29ed,32,Female,188,75,No
62ac91ff-ae34-436a-bf35-ca81863f5837,84,Male,146,73,No
cd3e55ca-c790-44eb-b038-a9374d972dc4,81,Male,92,57,No
cbfb3b9b-6381-4424-bcad-e9dcc5dfac65,78,Female,129,95,No
883be0b1-cac8-42db-92ec-6319a3e80574,62,Male,66,93,No
81f42386-3a73-446a-9351-11f9eab3a844,39,Male,123,76,Yes
9f52f805-9b18-4386-b98c-b6e98bed66ff,31,Female,123,88,No
53429454-fe56-474a-aac5-cea1f4a98012,60,Female,146,2,No
c1e817e7-fee8-47d4-a808-09925d70203b,74,Female,188,93,No
8d6a3d5b-bec0-4cde-a004-dd8fc1af2835,87,Male,174,61,No
b3791951-b235-444e-a7dc-5514ba222c8e,51,Female,103,6,No
9f50093b-d003-433a-8924-bc385e122346,85,Male,111,37,No
0806f042-d980-4a3c-bfc1-d8802378b352,41,Female,81,81,Yes
3ad94a32-cb68-4767-9d7c-43dbd78707e8,27,Female,140,13,No
741bc706-8e39-49d7-9c54-2c5dff956db0,71,Male,85,6,No
e089dbff-ea72-40ae-8b95-c1dff85fb443,90,Male,90,75,No
bed92b71-f682-4e30-9b5a-8079e72645c0,45,Female,48,26,No
574721d5-913a-4bfc-91f0-f585e5bc7419,66,Male,178,73,No
e159f52f-e58b-4ebb-b3ce-81b6e7bfb17d,48,Female,138,26,No
3fb80a69-9f75-48b1-b422-cd787cf5f88e,68,Female,94,9,No
dfad4d04-507b-4a7c-a6b5-24ab679f1c1e,42,Female,101,21,No
600c4b8a-f551-4663-ae70-5b8f45447e49,81,Male,124,25,No
7fb7597c-ec35-46ea-a2de-5fcfd901336b,54,Female,157,88,No
ae1a38fc-24e3-43d1-b973-566e9878a61a,32,Male,80,21,No
1df42f42-38ef-470c-9dad-1181cb457c9a,39,Male,101,21,No
3cc5c990-f70b-4fd3-b739-916387364c68,61,Female,157,83,No
e6fcd949-f616-42ab-b842-33de98828c6b,50,Male,158,51,No
affbe35b-e881-48a0-aa8c-b26a0f49c6ab,41,Male,133,33,No
102f30c1-e54e-423f-bf77-a1e1c39686d6,84,Male,51,12,No
1cab8997-8fc1-43f5-8d8b-0fbb0fddc423,65,Male,49,64,No
1484e2c5-83f6-46e5-a41b-ca8383f24641,64,Male,85,61,No
ea28319e-eff9-4c17-9a8b-93bbd7126a5f,56,Female,140,88,No
6d62c44f-d57c-40b7-b9fc-01573ee023f4,54,Male,47,3,No
5da50a0c-4578-4942-80e4-7819616233a6,18,Female,155,55,No
b26de143-f0e5-4ef4-aa3f-67cba90fdf6f,55,Female,70,46,No
78812154-d615-4a94-845c-964af2cea4ed,30,Male,115,47,No
850c6ea0-e51e-480d-8824-8aa02f802009,33,Male,47,52,No
5c879c23-bdc5-4401-808b-33c382c257c9,34,Male,118,40,No
6ca2e03c-3b63-438e-90ae-9791e2f75736,33,Female,102,62,No
70c93743-a48e-40c3-a0da-fb9c6d989188,57,Male,140,27,No
964763d6-59a3-4878-8711-2a54394a335c,65,Female,184,77,No
1241c1c8-e829-4e9d-9539-5bc3afae3ba3,74,Female,147,8,No
ba84e2b7-d1af-4c63-a033-7435447a1bb6,30,Male,165,72,No
e12ce8fa-68d0-4d21-b72d-649db3f17a51,34,Male,49,73,No
f2e6181f-f11f-4217-be74-63f086a2b62e,55,Female,27,84,No
b4402fb9-fe17-45f4-9790-b9d59e4cf0cb,45,Female,122,62,No
88a5e255-dc15-4aa8-8b56-5aef9678c8a5,61,Female,90,93,No
eb659359-806f-4aac-a14a-09ef67b940d7,65,Male,185,52,No
1401eaea-6421-44ef-bc1b-a35c824ce995,45,Female,76,12,Yes
e49590a2-e18e-407f-b886-783ed8b09b57,50,Female,175,72,No
ee2d8c23-7f8c-48e0-8823-ddc00b6d8813,84,Male,147,18,No
406b0d31-597d-4779-a726-da54e7e29cee,59,Male,127,21,No
59862bf5-9e8d-48a6-b9d1-a244757f2d4c,36,Female,127,86,No
c1575a35-c355-4eea-b2c3-73546cd44d00,37,Female,108,4,No
87e8f9f8-dd05-4f7f-8d87-e382da9699f0,70,Female,133,60,No
9ace2991-bb01-48a3-b19d-e4c498401b36,50,Male,79,85,Yes
89eae5cf-3e2e-46bf-8168-d1e91e603212,23,Male,51,39,No
1f77cd42-87b4-47a5-8b2b-539ff06153f9,80,Male,39,30,No
fcc00c22-84b6-408f-bb84-16778babb77b,59,Female,90,85,No
c18d6595-4814-49a7-9a70-db406ac79963,71,Female,70,85,Yes
207883e1-41b2-433d-8592-0ac698f3dd07,87,Female,72,69,No
1e5e8f14-656a-4fc2-89e4-83ed470fe1de,30,Female,73,100,No
e4d32d19-310a-4228-ac71-f2a16cf8de66,39,Male,151,24,No
661e1d9b-b136-4626-91ac-1544a44805a2,71,Male,128,67,No
53fb13ed-2afc-433e-a817-879596cc5d6f,31,Male,106,13,No
a07aebfc-22cc-4c92-891a-08c4836a89c9,81,Female,142,73,No
f1036e10-326e-4a5c-afb9-d26c5dabbb61,31,Male,33,73,No
cd47940c-49c6-4c76-a09b-7374a7822089,57,Female,62,86,No
b510e67b-5d87-4c2b-9b15-e55fdde2b375,32,Female,37,45,No
8c887d76-0d2c-4c90-87a7-10eaaae4d00b,37,Male,76,82,Yes
7ccfb3b1-eeea-4e5f-b39d-94dfd0167975,73,Male,134,13,No
6e5d262c-3e4a-4024-9179-2d10312e0fc9,28,Male,30,3,No
c9f1846b-a54e-4c55-a42d-a6302bb8be64,27,Female,91,93,No
7c778df8-92f9-4f24-8470-d1e98d661fab,32,Male,53,54,No
aafb4d3f-3756-44bb-91ff-c0a019efcfee,21,Male,174,22,No
a4ded370-8745-4a88-8715-92984e84a738,39,Female,125,87,No
92558f03-5d6c-479e-8f7a-d2b20298cfe2,52,Female,178,63,No
a323b6db-022d-40aa-ba24-65fe9bd01569,46,Female,99,96,No
f60c6fc4-ecdf-4bf4-9067-4d6b6306025a,65,Female,117,97,No
e47a01a6-b55d-4d7f-a6bf-4e85dea63c29,38,Female,163,12,No
b103c171-5594-40fa-a212-cff3b040051a,34,Female,132,11,No
923410f9-ee37-4115-8ea5-12ba136b7bea,71,Male,124,1,No
6d29b9e2-807f-423e-be78-246991a56b96,50,Female,37,39,No
29a16118-a24a-4eff-8c83-9cb6e18baeb3,80,Female,114,69,No
42a3a66b-46f6-4904-b53a-656c5350ae5d,74,Female,80,100,No
5538dab4-b28c-45cc-9eac-11cb43cb77da,27,Female,130,9,No
bfd4499c-995a-40ad-a30f-e8c5d2e41000,89,Male,188,35,No
478ddbcb-4ad1-44a8-bd15-1e9ca741097b,71,Female,57,92,No
53defe48-4aa0-4d96-827b-0b5ab4d64e7a,77,Female,74,36,No
679f18c2-684b-4547-adb8-6ebc0bc29b47,26,Male,67,35,No
f7b6f786-4138-4782-9d59-be7ca1ff574d,33,Female,121,73,No
553757b4-bfc1-4d94-b574-6ba6db12f7b3,30,Male,114,32,No
e3455262-b361-407e-aefa-70dcd114d165,86,Female,142,57,No
d9fee5b4-e09f-49e8-8a71-69433d2ed9a1,80,Male,171,85,No
e8a31b16-0a7c-4797-84f9-3cb9820e64d3,86,Female,107,94,No
67d16d2b-a2c5-4982-bb6d-1a03ffcfd457,25,Male,141,90,No
3343e3bf-bd45-4bb0-a6c9-130085acaee9,29,Female,98,92,No
72536cd2-9eca-4390-9d98-434c2c392245,27,Female,170,5,No
c23f5f6a-c47a-4e0b-afea-76749bab266d,37,Female,157,98,No
5fa41736-affc-4270-9b36-ec22d25414d8,71,Female,117,85,Yes
a614404f-1082-4629-b96c-05f657d77727,64,Female,137,3,No
2a6d24c8-c36d-4c6b-855e-0f9c5850ea98,90,Male,156,44,No
3da40c4e-3649-4212-8252-394fcf0aa2fd,35,Female,86,53,No
5831a12c-c53a-4cdf-b3c3-498b5c069356,19,Male,158,46,No
d33fa7b7-6fda-4c64-b6e3-ed4d7b368409,67,Male,27,81,Yes
3f326044-a4e1-4120-bab7-27540de64364,87,Male,24,84,No
7e14945d-41fe-48f7-b63f-e4b66efe7150,75,Male,30,61,No
3f5e2dfd-2370-4037-8d44-47f0e57b70f7,19,Male,147,89,No
29b4a3a5-ff2c-4b46-8294-4fb08ea40c4b,56,Female,131,69,No
93065609-1d9e-4ae4-9516-cb3be4f33628,50,Male,191,44,No
de2e1b5e-3b14-4166-91dc-b4000a6c6d22,35,Female,120,96,No
06de93da-5c13-499a-a8a0-22feae99e008,49,Female,51,11,No
fb56fd48-1e96-4d95-b38e-fc3b757c5a82,31,Male,42,12,No
3cb8067a-4f69-44e6-a35c-7fbe90751c4a,31,Male,49,46,No
70f72ee1-898b-4897-a7bb-78f1e60011e9,73,Male,28,19,Yes
df8af3d4-d27d-4ea8-a8b8-3f140c5d623f,40,Male,80,91,No
d102a218-4cf7-4f91-aaf6-33ae69867ac7,63,Female,27,91,No
f3163f63-9aca-4879-acb1-134a3824c938,82,Female,57,21,No
f6597582-57d4-42ce-a0fb-691a66d20c2f,59,Male,91,94,No
9d93016b-7c4a-4349-83e6-9f2b7d941e54,57,Female,183,57,No
08a9f159-83ce-4810-be86-5f0304a6d87b,28,Male,37,23,Yes
2c2f2717-49f8-48bb-9cc4-e8e82af79b00,44,Female,56,94,No
c7452ef7-b471-46a6-af27-b00ce0673010,53,Female,51,56,No
dc6fd81f-98d0-487b-bc27-9b7f4c4ed9fe,45,Male,26,16,Yes
3fba7668-10e8-4224-83e4-43ffccefff23,77,Male,99,87,No
a08b00bc-990b-468a-a999-8e49477d8733,47,Female,110,10,No
f5349f20-2f30-48e4-b495-82c7fe6a742e,76,Male,46,89,No
45a8d5f7-2ac5-4770-97e2-c73d525c1253,90,Male,64,45,No
4e962490-8a4f-4739-950e-ad9981e79e54,69,Male,71,44,Yes
36f9a71b-8ce6-4f1b-8dab-74d82c04444b,63,Male,124,40,No
41cc56e6-bb74-4bf9-a9f3-8b5d43431089,69,Female,80,96,No
de3328ed-b6bd-452c-8989-b7f5064e105e,35,Female,70,6,No
d6b23513-faa6-4172-9653-8f9155eb123b,66,Male,90,90,No
7beac235-1988-4798-bd23-ecac3ab2bc01,34,Female,198,76,No
c8469b3a-7ccc-462d-a04b-3cb8e700aa6b,24,Male,84,66,No
b61bea7a-8c90-4661-98ab-ba8fdda71df0,27,Male,134,96,No
f5d1f1bf-461f-4233-8988-1480b7fc4abd,44,Male,34,97,No
83b62ddd-0af0-474d-b91c-55cbf5d45ab0,21,Male,50,71,No
275058b7-372f-49a8-9aa7-37aa7e6ead6f,20,Female,132,50,Yes
b0620fe3-c130-4227-80d3-dde548d9489b,50,Female,81,90,No
3cfa0fac-939b-4924-840b-e34528f6621d,44,Male,67,30,No
a903492a-ffec-4f85-9422-7566df49d864,83,Male,28,27,No
c9b5c678-e39e-459e-b31d-6fc6fc11bff3,80,Male,28,88,No
aeae0564-c898-42ad-b652-0bef67d02766,30,Female,110,15,No
c4593f14-c0f0-474c-b9ab-b9a8e9569eb6,58,Male,118,99,No
32432a5f-3e68-4615-b9db-01362308af03,60,Male,59,13,No
9e5cdadf-9f1e-4868-ae62-d075adb66132,59,Male,154,80,No
144c4877-fccc-4ba8-a26e-c2a610bf516f,41,Male,70,15,Yes
3634836c-a89d-4167-9a30-2d0d14a65a06,83,Female,175,40,No
88aec597-e972-42ad-8acf-f3509f939355,72,Male,129,12,No
4c701704-7450-4a23-b561-683184a59839,46,Female,111,82,Yes
a3d6bf0e-86df-4232-9aa5-1e516a79272a,37,Female,101,73,No
63762793-9634-4357-9f00-16e5697e9c6b,76,Female,145,12,No
ad2d8561-2b5a-4043-b59e-8349c921d078,55,Male,106,42,No
fafca31d-d33b-4f51-9759-bf94ed1a5dfe,53,Male,51,47,No
92d720f6-aeda-4754-a6d1-79a11dc70322,45,Female,165,42,No
7966ac57-c8cc-483a-93e8-e2fee41e1a09,73,Male,73,28,No
98ae98fe-45fa-4c57-b374-462ebcc79f3a,76,Male,67,80,No
db0b2df4-c74b-4d83-b94b-9cec6ee9f6e4,20,Male,162,87,No
591e301e-5b5d-4d4b-90ba-74ccd351d3b4,27,Male,177,70,No
a96094a1-5bf9-4d41-bd6e-7abe47dd0fdd,87,Female,192,57,No
719e2a31-053e-4a43-95bb-cf4ece5230b7,58,Female,119,63,No
46133cbe-890d-4663-8965-a0e1f72348f4,67,Female,117,77,Yes
bf9a043c-9724-4f53-b532-846bf8f6fc45,60,Male,35,18,Yes
1f2b64ce-c810-43e9-8c67-664557e3d1d8,61,Male,150,55,No
792311df-840c-42c2-af9a-ba152040a10b,69,Female,180,76,No
4d028351-9d44-4bd7-ac71-3f77fe82ff6f,36,Female,190,62,No
6da13949-57ed-4799-a8c1-c28edb78f5d1,81,Female,89,88,No
eeb8107e-2baa-442f-8c6b-0be3a7e373df,77,Female,46,7,No
0c25727d-7013-4cdb-b2a0-9c4fe619fa1c,55,Female,101,23,No
c288c8e1-6990-4b79-8e43-4dc0507c36d2,58,Male,168,11,No
a04c577f-e5a6-4f1b-ad5c-c83b9a05ea83,47,Female,169,79,No
db98f832-b410-4fd8-bb2f-6c7d9a4b8c76,45,Female,170,67,No
5b2d3133-5fbf-4ffc-a5a4-369c0985e287,67,Male,156,74,No
1f6b7811-930b-48d1-9983-8f07d77ac713,41,Male,38,1,No
b4f7f2b0-1fec-4cec-a345-215c8c562609,90,Female,48,41,No
c912989a-4ba9-451b-9585-a68b82688d02,71,Female,147,14,No
5fb0b94d-589f-4cd0-ba8e-4b5287fa6595,71,Female,128,80,Yes
80edbc79-9448-4e06-b73e-0d7097a058c4,87,Female,130,34,No
9a31aecd-bd8c-4578-a2aa-1624d24027cc,89,Female,156,58,No
1f586115-f555-4ec7-92f7-fee05a1ee44d,56,Male,118,98,No
cfcec0fa-4c57-44ca-8d56-754a34e45c60,69,Male,128,55,Yes
96eaf0f2-84b8-444b-b17c-afc9cfdc35f6,84,Female,57,46,No
46f4b5e9-775a-42a9-bfdf-70d6604e169c,82,Male,55,94,No
7f0c3704-a7d8-42c7-a9e1-9b0f1dfe1fa4,43,Male,54,66,No
cadf96aa-68d3-4256-9b96-ba0df1f2c3c3,90,Female,55,95,No
36abb3b7-e525-4c57-a926-a42e393fd97f,28,Male,47,33,No
c93524a6-af40-4886-8907-71989795e741,76,Female,125,86,No
bf3295bb-b7f2-4d9f-a223-42ffa47dc31c,40,Female,149,48,No
908c2518-907b-4353-940d-abd6963bab9b,40,Male,66,79,Yes
4188da66-e54d-4239-9b4c-9246a430e803,87,Female,110,58,No
c6d283d0-2d9e-45bf-a1c8-32a4dc581d52,37,Female,112,26,No
511134fa-a678-441a-82c7-2dd1f52c18b3,39,Female,22,56,No
795d8e97-c1ef-4cf8-a8fb-8032ff65f88b,64,Female,141,6,No
94f1eb3f-76c7-4d42-b296-827f7708a65a,78,Male,100,4,No
e8bf3f85-96bd-487d-93d2-c467130a1c94,57,Male,195,15,No
77a16dec-f688-4cba-8ae8-6e90f4651100,77,Male,58,67,No
c359277d-e079-4b69-adf2-59359a3bb786,83,Male,111,73,No
ca47c539-d8a1-4380-b61e-dcb474b5e71f,39,Female,188,94,No
a8c7eba9-fc37-4f00-bdfb-14cdea437df3,85,Male,132,69,No
76db53b0-d824-4315-901e-daedd8fcda7b,22,Female,85,44,No
fcc557e4-27ce-4bac-a17d-3e573555d8cf,52,Female,26,89,No
2e64811a-aa24-4178-9ffe-7caf1dae30b6,59,Female,131,53,No
77e26dbb-fd63-4399-8ff6-9cc98dfd6845,54,Male,159,47,No
98885370-f806-4c10-8700-7f21201afddf,47,Female,136,88,No
efa0af74-06aa-4f01-bf52-90d32c29fb0d,59,Male,39,26,No
3726769b-3b3f-4fee-8d5b-c5af865c6790,89,Male,196,43,No
8f12a2b9-a008-4f06-8720-4aa54667687e,80,Male,78,62,No
1c198768-33a2-40d9-bd92-9223316bf6ba,31,Female,65,98,No
82dde06d-c547-432f-905e-ed5bef5d2149,49,Male,86,49,No
dc7106b7-2fab-4941-b028-b249d28d5a3c,48,Male,154,21,No
7d876177-4751-4367-a444-54369f5abc4c,39,Female,134,8,No
6b14d67b-da28-491a-bfe5-57c868aebb6e,83,Male,111,18,No
0f9e3d64-e50a-4bc3-8b1e-8bea1a67e83e,33,Female,85,22,No
34565522-6015-4e90-84ce-0902bec16c88,66,Male,142,45,No
cf5190a0-2c37-4209-8f2b-6aca90e35021,60,Male,44,24,No
40600635-a36d-46bd-b99f-ad5a4f892651,62,Male,154,42,No
eb85da27-e48d-435b-b6c8-19419a89768d,85,Male,146,72,No
90a6be04-d26e-419b-bbd6-8f05df9c4459,75,Male,94,66,No
1e2819d5-7599-4752-984c-77c6b37d0279,52,Male,25,86,No
9537046d-66b3-453f-b068-8200d3af3f04,36,Female,97,9,No
046f5ec5-b7de-4782-8c46-f8ac9718655b,23,Male,79,97,No
83d19ccf-d936-44f2-ba7d-f2b4b30c0971,28,Female,191,80,No
6438b947-991c-40b8-81fb-8772137514d6,24,Female,100,67,No
d248ea25-c34e-4aad-b443-471e1b98965c,66,Male,184,43,No
481b7e6d-0974-46ee-a2c5-801078f703cc,78,Male,173,30,No
018496a4-c207-427d-9750-f3f01cdf9285,46,Male,22,7,No
2816698b-d8c8-4c6c-a9fd-ec7038b4b55a,88,Male,100,20,No
24915470-d8c1-4797-ac6f-5323183c4e3e,83,Male,146,65,No
75e55c15-12bd-4f00-bf9d-a93f3795d720,19,Female,196,46,No
e83496cc-0e77-42ac-a9e7-c75d25190c55,77,Female,165,53,No
c8bed4d8-f378-4abf-8b18-227022abd06a,40,Male,95,48,No
583a3251-2915-40ca-80e4-cf45f1d6d107,27,Female,156,100,No
19089eed-5975-474a-b318-6e2e12d8f727,68,Female,102,85,No
c8412afc-c360-43d3-9787-dafe5a639b50,27,Female,194,20,No
f6227ad1-84f1-486b-b861-e8513eb1dc06,37,Female,183,92,No
be352edf-ff1e-4d5e-b713-48d0bdd1eac8,49,Male,92,65,No
abde54d8-914f-45aa-9fd8-cd282c6ec046,69,Male,69,34,No
e59de04e-5edd-48a3-91f0-daf3930d22e7,78,Female,21,18,No
87e47272-0dbb-4ad7-983c-191ce0e229e5,80,Male,138,37,No
6b1c2cc1-f56d-42ae-8197-6706a80f94fa,64,Male,101,46,No
2e333f66-fbd6-4d4f-9dcd-e9350fbf89a8,25,Female,32,99,No
5b608c34-d735-4aa4-9b2d-8c5d3be07b93,52,Male,200,77,No
e93fb88c-7ec8-49f2-a9d7-1c2ce98070ab,48,Male,73,40,No
0253eb8c-7f05-41b5-84f8-0d3e511e4635,86,Female,175,64,No
ee124688-97fb-4312-9ae7-a9790804d356,65,Male,20,22,Yes
cbcb3bcf-f0bd-40e1-bd69-0fb82cc321f0,44,Female,181,6,No
4bea022e-e3af-4fd3-842b-ff1b091d7426,82,Female,40,98,No
1fe4a4bd-2b0e-413e-9dda-e334336f5b3c,26,Male,35,30,No
67f6e887-3ba9-4238-acf6-c79e3980d32f,20,Female,146,98,No
4af3e0bf-20c1-45ef-8666-42d72dec5674,28,Female,29,94,No
e38e07f4-8cfb-47db-82c1-4c1a651429f3,56,Male,76,2,No
c023f874-2962-44cc-bba8-1441f35fb8d4,66,Female,53,22,No
050f11c8-76ce-415d-9f9a-0926b3747262,61,Male,151,78,No
098ed937-7c62-4348-8f44-ff25307be459,49,Male,91,28,No
9244e61b-bbf8-4cf9-a614-e12acec96b7f,38,Male,52,78,No
50487259-1eaf-4256-8f59-17d64066773c,82,Male,126,70,No
49b237e0-892c-4aed-9123-4e451953df1b,85,Male,82,68,No
02c795ce-bfd9-4a39-b977-be8b88b26c09,47,Male,90,50,No
2af53de5-aa5c-4384-8788-4dd26fd39ed9,74,Male,25,64,No
646ce98c-72d9-4949-ba4a-951afa85a9e6,51,Male,107,56,No
ceadef1b-2bb3-487a-ac48-190fbb6a45ce,88,Male,24,85,No
045bab85-6fb4-4e9d-9158-73f07deb00a1,23,Female,56,80,Yes
33471a47-8ad6-453b-aae5-af2d085633b5,59,Male,26,81,No
b095144f-ead2-4f2d-85b7-356ff86d37bc,38,Male,35,47,Yes
d15d5555-e9a5-462a-af08-6cbb3e71252d,51,Male,78,15,Yes
e58adbaa-47fa-4747-9a30-16aa49c5bec6,51,Male,109,95,No
234630ac-45a7-40b4-9f75-17b9d10fb3eb,24,Male,160,75,No
0e5cde70-0826-4dd8-ae1b-0564c990f666,84,Female,59,50,No
ef7df90c-26d0-41e9-b42e-994ccc4b08d7,29,Male,185,13,No
2e68657f-7758-4f3b-88d7-5dc7d991974f,83,Male,78,72,No
5156acd6-0d66-44f5-a9c3-2177f9d66059,58,Female,105,85,No
1c20e82a-aa7c-46c7-bd68-74411019f006,22,Male,159,100,No
b693e6cf-708d-4714-a8ea-33f9581bf5c1,46,Male,67,86,Yes
7ad5d49a-95b6-44a1-bd1b-f263b4bb0506,71,Male,134,44,No
f347ff17-ed29-46e9-9e12-5520c2647749,24,Male,169,54,No
dace6d8b-d48f-4b4c-ba9c-3022fc788b53,81,Female,176,43,No
c82e039b-f438-4a69-977c-d56ec1148df3,24,Female,154,92,No
c8b86baa-938e-4d2e-b527-132897c9b7a4,60,Male,49,53,No
34b4ff2a-075d-4b6e-a9a2-3379898b01f2,33,Female,41,18,No
b23f4e43-d606-488b-aaa2-cf911fcf15b5,41,Male,198,26,No
0ef283de-9af2-49c4-b0f4-4b6ef16140c8,57,Male,87,58,No
bec08860-0a2f-43df-b1e4-b15e86dd0667,72,Male,68,77,Yes
1b6b9eb2-664d-4858-a97f-c60398a74d66,35,Female,46,49,No
09fbe823-9e57-4788-a70f-f1c810a4aacb,24,Male,185,56,No
0da06dc1-76ee-4cfd-8a70-b5aa3cc9651a,79,Female,164,59,No
340084fc-faa1-4c87-8299-45d211d43a7d,28,Male,63,47,Yes
72ce3793-2abf-419e-bfd4-470cf1664676,57,Male,118,53,No
3106b125-3602-46e8-897a-1a5be3150978,26,Male,39,34,No
d418c782-3d1c-44bf-b602-563be46ba3dd,60,Male,155,16,No
5581dced-384e-4fa0-8c6c-5b0324cdc90e,83,Male,56,63,No
b8804be2-4656-42ce-85b6-fccd3acec3f7,44,Male,65,46,Yes
0c9d7170-1090-45d8-bccc-47f73a4a0663,71,Male,136,81,No
d6c49a96-e1f7-46fe-b4c5-b4590eb62a7f,50,Male,102,6,No
2152aa66-5436-4b53-b9bf-702e2dccc4a5,45,Female,27,50,Yes
3a03234d-e6d7-48e8-898a-19ca8e076fa6,55,Male,28,27,No
c673c077-1d65-401b-afb4-4435504f36aa,76,Male,24,95,No
adf27c80-c845-4d22-bc71-c01f5a575041,57,Male,54,34,No
ffe1a413-e95b-44bf-bf97-7ea381dcfab8,80,Male,132,74,No
207cdd2c-e543-4052-a831-d5e051d0811f,20,Female,76,58,No
369a5c74-1c59-4254-9c03-4bb13f4557a0,48,Female,189,77,No
0110c1fc-e004-44f7-865a-3ae5c197c3c5,43,Female,141,16,No
1904d621-8006-43a9-8310-3d761345a7a7,47,Female,199,67,No
f68d0d95-adfe-4df0-be28-b8805d669aac,20,Female,43,64,No
a622a877-f065-46b4-bb6c-490a4e8e7d7b,90,Male,139,19,No
ad6bbbd4-0fa1-4b3b-9a19-35439df2a646,39,Female,32,50,Yes
0b787942-2c5d-4928-a9c4-88f83f4e2184,28,Male,101,91,No
3899a5c3-4f43-43a7-a880-7a349c0ad430,18,Male,85,24,No
8bf35be7-e1fe-494f-ab2a-1c8b75c7cd40,33,Male,180,20,No
74c2899a-e548-4bf2-b540-23ce9a1397f1,26,Female,122,90,No
254c57fd-e4bc-4abc-873b-30660154f334,77,Male,43,15,No
92072c4b-dd3d-4efa-9c42-90f89c2976b4,20,Female,194,93,No
80f5bfdd-4a89-4de6-be3b-4d84fd4658b5,31,Male,127,63,No
ce5849f6-3007-4529-ba77-40fd029d0d1e,85,Female,86,38,No
39b53eb1-7f67-4f07-8f88-7465405baec4,86,Female,194,34,No
5b7f1467-d44b-4248-85df-f13fe35d65b9,52,Male,129,29,No
ab7cd4c9-bc43-4b74-b7df-d4fb1011fecf,68,Male,159,51,No
fb6ea251-df6e-49e7-af52-57e45fbab43f,61,Male,160,82,No
37bbba40-bbf5-4d19-bc2d-bf8de8e6f578,68,Female,75,97,No
1f88091b-6f60-4026-ab60-ce65203252f9,78,Female,31,20,No
68acf688-c243-4684-9ddf-a94fd2dc8bc4,63,Female,109,20,Yes
c8e1692e-857c-4e77-81e4-ec4066b63996,75,Male,36,45,No
4718bd36-cdf7-4b7e-83fb-86370e68ee16,45,Male,47,75,No
bda2f95a-23d5-4624-83db-5ab724800590,40,Female,92,37,No
e147ac57-a524-40dc-b14e-bee579e6ae21,27,Male,156,29,No
98cbc898-bb5b-468b-bbda-3488ab0a4593,75,Male,149,95,No
3e7e9d7c-5b5b-48e4-8592-f1be30910b4b,89,Male,172,72,No
8fff44e8-1d5d-4f04-8a6f-d7cf04d7b338,56,Female,78,87,No
290de2f9-b195-468c-b2ec-9a30852e73de,37,Female,57,27,No
5ca84982-f91d-4bd0-9745-1140a702c528,19,Female,30,80,Yes
fa8a844d-49dc-4639-acc6-12cf03d09444,48,Male,125,23,Yes
55d9b523-d33d-4066-9088-e0ec89923ac7,82,Male,116,34,No
3245a229-8511-426d-a4c9-3329dc1f199f,66,Male,43,27,No
8c403c79-148b-4443-9a90-5d39e66f61a6,37,Male,175,24,No
7d7304ed-5432-4a3d-8b33-75211606f8af,59,Male,117,74,No
5adba98a-489a-4fc2-9c0e-af0334812d86,59,Female,193,52,No
2db945c4-d7f7-4112-9e83-f8505fe123ce,24,Male,144,21,No
c1976fb5-bd70-4454-b047-f27d8ac4e147,80,Male,193,94,No
31112d13-52a0-4b27-9638-f44d231743dd,57,Male,156,89,No
59b6658f-f408-48b1-a5da-7714d41eb2b9,70,Male,147,89,No
928ab85f-8c19-4b84-b608-08d847f248db,31,Male,60,66,No
55e2d8c8-7429-4019-b9fc-42d3f756b3aa,89,Male,168,73,No
a7800af3-5c4a-43f5-b829-60437618ec43,81,Male,163,68,No
53ad6e4c-ccfa-4977-bbe3-55b5c0ae80f3,87,Male,34,83,No
e9bfe998-aaa8-4171-bbae-0d2bf70afdc0,60,Female,32,21,Yes
fd8d71aa-a183-4c10-9f96-466b2de4341f,87,Female,119,96,No
d9eaf265-9d70-4493-b0d8-d2fbe436d0f5,79,Female,41,81,No
48f364cd-58de-4ac1-bd1f-0598a160ade2,49,Female,179,31,No
d4135f95-b7ea-40ae-90d6-d5e5b25f0f87,25,Male,35,78,Yes
8f2c33d5-7923-447f-b0a5-6354d81292c6,45,Male,78,49,Yes
11190772-e741-447f-b1df-bb04f658e713,90,Male,188,88,No
d5b41e4f-9b62-4bf6-bb0e-f2f4541dfa86,21,Male,149,64,No
7cf2b501-1bca-423d-b2b7-417ca2a42594,24,Female,138,57,No
c0e4523d-7e28-483d-8b14-89fc3ecd790f,37,Female,195,3,No
5a3d1731-7459-493e-bf82-b74ee4053712,45,Male,97,95,No
3b9dfcae-1d0e-4864-af6e-093dea8c92fc,66,Male,57,50,Yes
d5abe356-58c2-4580-a954-3cd98dfc8366,58,Female,72,26,No
39e5b377-decf-474b-855b-78fb222a1a76,28,Female,23,52,Yes
36e547d2-9268-40a3-a597-716263334a17,86,Female,114,42,No
6affb9e6-203d-408e-b13d-a1c71c4c203b,58,Female,138,33,No
3a6c6cc9-0895-4c3a-b8c6-d8bf200d6570,42,Male,166,78,No
5d9d949e-fa78-4566-8975-022ccba18633,49,Female,169,26,No
a886e145-38b1-42c2-8d11-360e1bbf275f,50,Male,76,50,Yes
ada2c863-1bdb-45dd-9450-6da93657cbea,37,Female,36,1,No
fb819357-fbf4-4caf-8f34-49e299b2691b,50,Female,41,26,No
84bdf79c-52d9-4940-a727-790f08b631ca,31,Male,142,4,No
d2b83bcb-c905-43b7-b345-17e40a266bf6,20,Male,92,95,No
3158a943-7dc7-4e1d-afd7-f8b6e9c591c3,37,Female,41,76,No
aeaeb2dc-22ca-4ba7-9f2f-55b67721df31,88,Female,156,99,No
467e24f3-e54f-4c7b-b8bc-586b960f5a5f,77,Female,151,63,No
05ae21f5-682b-44f8-9920-616a9011b775,74,Male,70,90,No
fcfdb448-d4a7-4c06-b160-144d4110760a,42,Female,38,19,Yes
b08b8277-2a56-4a7b-93b6-f5048d32ba93,89,Male,91,3,No
a28e0a64-6568-43e6-a1a4-487838403cec,82,Male,29,41,No
c7bc9534-f68e-457f-bd66-1eacb12d7483,73,Female,64,34,No
0a91512f-b2f8-41ff-b4a9-a39ddfa1078d,40,Male,180,34,No
dc6dad66-fa9b-48cf-a570-f562673aaefe,72,Female,167,5,No
bedba49d-2be3-497d-a7bc-1ac80a63943e,74,Male,107,98,No
918a612b-29e0-46fa-b72a-467d692fc5ee,21,Male,106,45,No
4687ac85-88ab-4bf7-9514-ebf94638c088,75,Female,189,53,No
6f33792c-41d1-44dd-91b5-a2037f21f90e,61,Male,35,56,Yes
c0b1f924-d588-4f91-8a5d-c0d2002646af,22,Female,35,91,No
cebc14bb-c308-444a-ae62-52f268d49f10,87,Female,112,39,No
5ac7ace4-bc0b-48ef-a770-a741170527dc,41,Male,178,48,No
2a607166-5e3f-4e7b-a9eb-4e73b7ce50bb,69,Female,112,68,No
ef45e439-4379-449b-a707-9a768ba19646,62,Female,146,58,No
1f0f4f13-0227-4d48-8fba-0aa169059142,88,Male,39,56,No
918f16f9-1d00-4314-b448-622c27a0d084,44,Female,154,38,No
95f0e325-068e-4350-a26b-55fd39c5c001,48,Female,49,51,No
dd5b0cc6-121d-4ae1-8ee6-75dbc2f2e69a,78,Male,136,61,No
5681bc92-dac4-49e7-9c73-b73806bcc87d,78,Male,57,24,No
1b64a9a1-4371-49c8-8d9a-e075962b8103,27,Female,134,23,No
9aeed72a-ae85-40b4-a1b9-a886b91241ce,80,Male,100,14,No
06434874-cd02-4e74-977b-08c4d9bf4439,51,Female,67,15,Yes
8454e2ea-c47b-4a1a-b421-cc8ae6ec9950,70,Male,171,91,No
2f089a09-3e04-429a-807c-1245f470b796,82,Female,65,56,No
cade9f73-a571-403d-bc89-f02b2c4e4b49,31,Male,97,72,No
cbe6fef3-aefc-40fe-9b06-0b1e509dffde,44,Female,164,1,No
f43d2c26-8ede-4f38-bc81-adc70e35b7ea,79,Male,159,73,No
35f5881c-08df-4085-8799-23685e5eceb2,80,Male,101,93,No
f4fa351e-3c32-4427-9df8-4244e29575e8,74,Male,52,73,No
44a85e65-1eb2-4e94-acc4-8a9c46d078dd,70,Male,31,83,Yes
89279d88-9068-4644-94b6-aeba895afb29,77,Female,132,11,No
79b1bcac-36aa-44df-903b-b05d4b630f5d,76,Male,176,42,No
d0f4084a-8cb7-4037-8c69-d21bcb959fd2,88,Male,187,83,No
11303a80-3f83-4405-a378-e7633a77a9dc,78,Male,102,19,No
e130025b-e4b5-40f2-973c-6cd703d8d2e5,51,Male,97,75,No
fa4a33d2-0e09-4afd-9922-9d9cd042d8ff,23,Male,171,65,No
2c6924b8-5785-42b4-a4eb-6b17202f2ce0,72,Male,60,14,No
db8c50f5-aa9d-481f-93c9-4a83ccc04181,72,Male,110,37,No
9f5a94e3-440b-4ee5-9397-e17aec260603,55,Male,56,43,No
613eeac2-c35f-40ac-a3cc-8c1851442421,84,Male,60,85,No
5129fc7d-d0f1-4590-acdc-8baeec5d7eb8,75,Female,187,60,No
f5f821d0-f65c-4d24-822f-66e8b54eaf99,26,Male,127,11,No
6763e0d5-427b-4aef-82ed-be2dd43d9149,72,Male,187,90,No
34e84538-e90c-4acd-8b87-1bd84bdab5a0,81,Female,87,26,No
d42728f0-390b-45d9-909b-a6d1721d6982,48,Male,188,58,No
9fb2481a-1d34-4747-b926-21d417ffd73f,59,Male,33,50,No
f22c6deb-d67e-47ef-a88e-1f6399b85c4c,55,Male,23,55,No
ae0220ec-f4d8-4899-930b-026b3b76bc5d,85,Female,43,86,No
4ba4c486-0e35-417a-bfa1-5f067f43f5ec,65,Female,77,64,No
201be07a-06e0-4947-9564-f9ea5d2bf7d0,67,Male,23,82,Yes
acae3cc9-8f6f-4145-8a17-6d266e7e6aca,73,Male,71,16,Yes
1975cf6e-ae1b-40d4-8163-440013697b94,78,Male,69,95,No
70af1270-8c2d-412d-bdc5-d8fc4f20677a,86,Female,83,80,No
2f201908-fadb-4721-8532-a67e9856e2c2,61,Female,190,72,No
2d61be3f-8079-4b40-af75-cb8a1ea66fdd,44,Male,95,7,No
952cb905-a7cf-45ec-8221-ecace48d670b,79,Male,156,27,No
87ee1807-f300-4def-86af-32a87f05bbd0,24,Female,51,17,No
14087ea3-9128-476a-bc6f-b7aee2219540,88,Male,158,51,No
ef3334ec-2218-43df-bd8d-5170888ae5e1,49,Male,105,61,No
f0a4672a-43d6-444d-91d7-bff18c51d7fa,57,Female,127,41,No
39ef8a10-4260-428f-8174-03eb8f5b762a,78,Male,103,16,No
a17db71b-f959-4daa-8e51-4ac72b4d5fbc,65,Female,40,68,No
6fc9e4d6-3ba4-4800-a530-322697b5a9ba,76,Female,117,11,No
6a81864c-aa26-424a-a960-cfc62c6d0064,68,Male,125,45,Yes
2028a1cd-67ae-41e0-a2cd-da22cb7637f4,76,Male,190,58,No
2274a9d3-c83d-4d17-ac3e-e41a4c8bda25,49,Male,124,89,No
11444513-b9c5-4091-ab2a-bd93184b164d,22,Female,74,43,Yes
c90d7faf-ddab-444a-bee1-e65c3b62949c,81,Female,54,4,No
a1b8e832-e40a-4670-b58d-dfc0ad1d791f,36,Female,112,78,No
1841adba-5c1d-46a4-a436-949302298fd1,35,Male,39,39,No
e2ea7227-4d5a-4540-8dc7-d2aafa5e5a9a,70,Male,38,26,Yes
680716f3-5eea-42fa-a3fe-04e62f6602aa,69,Female,54,69,No
0233125f-d738-45af-8e2c-1f22f5f9b24b,23,Female,101,25,No
52b90fd6-cd6a-4808-b12e-1f446903d373,48,Male,102,17,No
7560e328-a91f-4118-8d51-9c6247c64f9f,58,Male,67,49,No
c4a88d9b-1036-4a17-912b-1671d022aafc,57,Female,189,57,No
ccb73cce-70f0-4ae6-86bb-680d7b483dea,56,Male,170,92,No
4989a716-b160-46d3-9cbc-83bb2cf12760,47,Female,172,98,No
f32413f1-3491-4c10-9a41-6c42f1269633,63,Male,22,9,No
ac6ce9c4-1361-45c8-9d95-098fce5e97c1,59,Male,135,86,No
1ec8d182-c77e-4568-ad79-b82d16884c14,35,Male,156,65,No
8d28b414-2382-43da-9daa-181bbd44a250,38,Female,112,10,No
9fa5a1fb-5c5c-4e28-98f3-5a493714d939,41,Male,136,91,No
716d804f-4167-4729-9dad-9fe5489a2637,19,Female,102,82,No
91412d84-bacb-42f3-862c-f45172b97171,62,Female,68,61,No
8080103b-2be9-4b4f-9a6f-ae4b3394d5ef,60,Male,148,83,No
4b6ed01e-151a-4a39-8486-ec84d63af67a,19,Female,161,38,No
a9823489-bf2c-4591-a4f1-a4acaecabb20,18,Female,54,44,No
ce1f47e4-d36d-4b24-8b9b-0f85ca2e2439,54,Male,84,1,No
8f907307-8398-4556-b68e-fb591f4c0670,36,Male,159,73,No
f121db42-9034-4746-b3f8-1bc42b0d4933,79,Male,48,67,No
6d0533f6-f2e8-4f56-91c1-78549b6162ca,80,Male,71,89,No
350c591b-2de2-4b3c-adfd-d3d1d8b07bd1,57,Female,107,57,No
ad4a5813-53d8-4981-b529-534f42aba501,48,Female,42,53,Yes
b9c0036c-24d6-4cbd-b597-2ad455734eb0,28,Female,56,53,No
984e5c91-cba3-4538-ba3d-bdbb562ecbe0,42,Female,85,33,No
24a25352-33c1-4cc4-a39f-4b776f012eae,20,Male,135,48,No
2c22b762-f11f-4140-8bdf-a286b3750374,55,Male,92,18,No
4ec840c3-c380-4469-8912-df1861923404,64,Female,139,17,No
ff1fa07d-0c68-474b-b31d-14d2ba258d72,24,Female,56,58,No
69446afc-ab29-4843-892b-04bf7ddb9bc9,56,Male,85,65,No
b5b93d07-d6d5-43c0-9b03-6f45c8aca2c4,57,Male,183,47,No
38819171-4521-49a0-bdcf-3f8b2af601aa,40,Male,58,35,No
d8f1728c-5951-4941-a31e-8781bcb4b83a,62,Male,164,56,No
ba5b2d3e-ac91-4b90-a5db-5f9a204acda7,53,Female,26,97,No
1a8b24b7-ca8b-4cc6-b589-c00122eacf41,86,Male,102,81,No
ad00704d-1081-4624-9c6e-966c0786e33f,53,Female,161,64,No
41a1f643-e083-485b-908b-a594deef0831,52,Male,141,9,No
af231c92-44a0-46d1-a229-6f1bba192605,64,Male,134,95,No
15d0ee9d-9a9f-4260-b980-c06134e7fa0b,56,Male,155,84,No
467481af-c148-466a-8090-722a9ea8313c,23,Female,141,14,No
e1a74a4b-4353-43f8-ac1e-65f9d96884ee,36,Male,173,88,No
ee06d1e4-cee4-472a-8280-54c265805b88,65,Male,135,24,No
a5dde2e7-2b90-444c-a8d3-f4103ab646ef,69,Female,32,66,No
e33e2ed4-4111-4a1b-9d10-e28a116420da,80,Female,36,34,No
bfe86858-55e2-4f32-87be-80a26a17ea38,23,Female,94,17,No
877c2034-5a0f-4395-94f9-7d1b097aed5e,74,Female,112,37,No
e3228ff9-7d4a-4984-8812-65aab09c8a56,49,Male,51,87,No
ad1bcb8b-7862-40c4-aae6-029d4879b1fb,20,Female,23,75,Yes
274f407e-3e0b-4238-aa72-c3873502bf63,32,Male,142,78,No
b3513586-f83f-4d36-b1ab-9a5763af668d,46,Male,164,90,No
9409d8c0-2845-483e-930c-914c375d0970,35,Female,175,24,No
3e0ee4ca-223e-49e3-b781-61b6477ae6ea,65,Female,174,73,No
03cf0aad-26e0-4cc2-bba5-b61076158d6d,84,Male,102,27,No
35d6f09b-2650-420f-98c5-51d0eaa9ad63,46,Female,53,79,No
1d34a1b4-0450-4ed9-b940-4b6b86cf290f,80,Male,120,86,No
f20ae1aa-5b42-4d7a-826e-17c2cc2031f2,65,Female,136,59,No
021b6974-3fd8-44b1-8d22-1d73c02ad87e,20,Female,192,8,No
d348fdd4-310d-448a-9957-a771bb0e8673,44,Female,93,25,No
fe96fe6a-0950-42ea-8b7d-5c86d3919c43,28,Male,50,58,No
f2224cbb-ffa9-435d-8434-cf31535161fd,36,Female,161,59,No
0a1e9cb2-fd3a-434f-a308-a52f92a6f679,39,Female,195,72,No
b90ebad3-db88-4e12-b64c-702364cc27e0,52,Male,194,23,No
46ce51ed-8964-4035-8996-0c644deeb826,20,Male,165,23,No
cfa5fb5a-a700-402e-ae8b-963e97a72e04,32,Male,182,44,No
3e13c00c-0d2b-442a-89cb-d451fd213e41,47,Male,32,59,Yes
95c3fa98-303d-43c7-adda-648832ef2db0,55,Male,144,58,No
0d102d8c-4d3c-4034-923f-de23a7cdbb5c,82,Female,155,50,No
032db5d8-6cdc-447f-a601-cde770b04e8a,28,Female,82,22,Yes
125044c9-a8dc-4008-b408-026e42b5442b,58,Female,110,34,No
04868dc9-8e0d-4989-93aa-76426936b085,19,Female,148,16,No
0ff1675b-b6d8-4b65-8120-e87532321cc0,90,Male,89,10,No
9e8b6a8b-ee2f-432c-b5e9-a2935e6f3288,82,Female,103,67,No
088258cb-4ead-4482-bb81-38d6af0a60a3,77,Male,38,31,No
feb2e7b3-8b7f-4cd6-ae29-9b1f0453ce43,60,Female,111,65,No
d3b81cdc-9add-4f68-b0f0-3776da3da794,66,Female,33,47,Yes
7cc3823f-5bf7-4fe5-8db3-592b1b460a0e,53,Male,139,7,No
2e7715f4-a08f-4b25-ae21-399643e706dd,65,Female,103,20,No
ed0a368c-1715-4320-b4d1-b6380d1873b5,39,Female,111,59,No
b67fd14b-f60e-4e42-9d46-7927471895c2,31,Male,144,81,No
b7501a28-2d0d-46f0-b290-21e1ca0b5114,45,Female,103,96,No
a4a20a7f-9951-4c82-9423-947f8d94adb5,86,Male,87,9,No
47a9ee6a-63ee-4302-be4b-5c881bb8f4ed,55,Male,45,70,No
2fd644ed-cf83-4f65-9d69-90b3ccd87284,89,Female,76,7,No
10430ad7-889f-4ecb-96dc-03493d1fe427,33,Female,191,77,No
7aec7126-7056-4256-9210-8d5a142a3c55,69,Male,166,53,No
a2ce8872-22ed-456b-9fba-5a48bc5e3fb6,74,Male,58,74,No
9d102bcf-afe2-4bf6-b905-91df7062ebec,47,Male,45,20,No
bfa850c6-c223-464c-aa15-f59efa82dfd6,68,Male,96,91,No
278d896c-9ab1-40f8-9df0-cc3dac4b0c38,21,Male,184,38,No
61aa3f0c-d567-44de-852b-88623bd1e22d,78,Female,107,27,No
0a71b6bc-6b5b-4162-bb66-eba6a7cbca04,54,Male,191,50,No
54ebdee7-9759-406e-bb86-cb0d9d746f6c,72,Female,59,90,No
9ba90eca-1877-4fcb-90e4-aada75ebce53,66,Male,143,66,No
c774e6c4-ce07-4993-b7fc-5ad992386f8f,41,Female,196,100,No
33b4d00d-45d6-47e2-899d-316ea026affa,87,Male,42,73,No
65a86efb-9f8b-4a81-9c94-bcefce63b9ac,47,Male,51,78,No
671dc5d7-0137-4d5c-a4e4-4db7912f144b,42,Male,57,32,No
439e7491-7867-490d-82eb-8a6c596be2e0,47,Male,57,99,No
6a4ef790-1e39-4f56-a579-8eafa2cee8ca,45,Male,100,80,No
8418e57a-e6f4-4245-bc86-52602bdda9b4,42,Male,129,40,No
fac33535-cb9a-4c79-97a4-809c296b958b,41,Male,60,72,No
966d7d41-3a3c-4e41-9b51-c927e9dfa100,42,Female,33,89,Yes
5f8ca1fb-fcf8-4254-afd5-3d19cac5946c,70,Male,193,8,No
d8e447d8-9b9b-4c87-b47f-71e2ce1d5872,46,Female,121,41,Yes
0161e53e-d18f-4f12-a8fd-cd698850c230,46,Male,117,36,No
1cadd5e6-ef33-4ba0-9346-a9a11121d06e,64,Female,26,12,Yes
3ef496e6-b54c-4cba-858e-ec89a0d87406,18,Female,58,37,No
c78f765b-94e1-418c-abcb-d45ff5cbf5f5,31,Male,37,68,No
56716490-94c2-465c-9842-ad31756491eb,75,Female,104,59,No
1f66ece5-baac-465e-adc5-f7b295c3124d,30,Female,159,95,No
fe33018a-95df-4e1c-ad93-00567a3ef708,35,Female,164,79,No
bb3bfcaf-fba5-4d8d-98c4-3e7bd741b058,76,Male,137,4,No
0c6b3c88-53c8-432a-82e1-eecb8a4c4844,31,Male,21,100,No
c0fb0133-ade4-4e9b-9723-03da561db0e8,77,Male,117,74,No
054c6dc2-8f57-4cb4-ba55-23893dab7a91,35,Female,27,44,No
514baef9-3618-46a0-b8a6-97716f76b8c6,81,Male,155,72,No
1f1b6e4d-647d-4d05-9153-49193042d98c,48,Female,162,54,No
8c47be22-caac-4a2c-9585-0c6dc1143568,45,Male,42,66,No
8a6ec40f-e3ad-421d-8355-a9deb7ef62d5,56,Male,160,26,No
2d556f0f-bb01-4655-aefe-5db52389bb26,59,Male,61,96,No
b9dea5cb-4902-4c53-9043-9c813185a117,70,Female,146,84,No
f424fc53-3bca-4b62-b763-991b1a3748f8,40,Male,82,42,No
448308c3-6550-4037-81d0-07a97fa71626,69,Female,116,41,No
f189bfb5-ba08-4490-ac6d-631a712971e9,33,Female,98,43,No
fa755445-3b2b-43df-87bf-225aa7306a57,24,Female,104,60,No
bd49f47f-a5ab-40ec-b9a5-158058fdb816,53,Male,130,87,No
1b45d53e-869e-4fd1-92c0-af6af1ea306a,40,Female,125,96,No
b5f8db0f-6c74-4735-b2ec-f659f89ec998,80,Male,180,72,No
919a618c-c3a5-4941-a057-8c3c1fb448d8,39,Male,23,18,Yes
122412be-a7a8-44f4-9c59-647ba501e3cd,75,Male,121,42,No
772c6c08-9484-4745-8985-9ced95820a32,30,Female,110,22,No
4d6566c6-15be-4ded-86e9-1814813761a7,23,Female,57,2,No
b4f1c306-3bd6-4a05-a275-3fdb379ef4b4,35,Male,68,52,No
54d66442-2953-4383-b0d8-cb8b42074621,51,Male,82,65,No
97a2ec06-152f-44f2-9822-2952423df11a,49,Male,187,76,No
67ec944a-6547-43bd-a554-2e5b2e2857a4,81,Female,197,55,No
5ef75afd-211b-42aa-b769-5c098f2a7dea,62,Female,49,98,No
32d15c55-d12b-44f0-9c2e-dd4e0e4fcd2b,39,Female,91,97,No
a98397a1-349e-4e8e-b54c-ffa11c3e4b0c,38,Female,59,21,No
66dc808a-4917-4e2e-b1f0-08d6a7be53ed,89,Female,177,81,No
da0b2cdc-ad21-4f61-ae20-09e2dc6823bf,33,Male,169,13,No
fd548910-663b-42a4-8c00-915d6c0096d6,37,Male,25,67,No
1ef7c368-3967-4e41-8079-2c5ec50a8dfe,72,Female,89,67,No
e9e318f9-f39c-4ab5-98f8-1fdc1b852ab6,36,Male,104,24,No
d24bc446-b5b8-4f03-ad74-7bc5baf2b82c,21,Female,74,54,Yes
80361fa3-6382-429a-a7d4-736a5a3f9995,55,Female,171,92,No
226e1886-4937-4b89-8cf6-964417d299fc,65,Male,179,33,No
8e8a46a5-d2ae-4619-b899-1ea65123494b,39,Male,78,46,Yes
e2c8814f-bdb8-43c5-b007-0851b67bc73d,83,Female,87,74,No
879eefa5-c269-48d0-b442-5003e4099fa0,60,Male,97,100,No
b7d617e9-58b0-455b-a9b8-e6b9774c603f,30,Female,169,84,No
0c79d508-e8d9-43be-b5a1-51c6a323c964,24,Female,176,90,No
ddb5ba41-6805-4266-8fe6-0f0ac678d2ef,85,Male,148,25,No
74015ad7-aef4-4283-aa4b-59f37d7aba41,72,Female,196,30,No
9160f767-9b7b-4ab4-a521-6e4d43278950,78,Female,41,44,No
fe2f31f8-cb8c-4fee-8efe-18a50bd9e463,20,Male,82,30,No
9e3fc7cd-a8e5-44bc-8b9e-f6f64278bada,27,Male,155,32,No
68b80900-a736-4fe1-8eb1-d00ad30f6aeb,25,Female,31,34,No
e4f5a957-ada0-4747-b55f-4cb0fb88541f,84,Female,191,63,No
799b07e9-e202-4da0-91b0-d9691e1aa371,61,Female,174,29,No
b06744e8-9d21-41f8-a0d1-3c91e9a91e03,66,Female,109,51,Yes
5556425d-e347-47cf-bcb3-bbb0f8cdc03d,69,Male,83,13,No
a73ae90a-1c44-4266-b1e9-9193ba9231d7,67,Male,146,95,No
7d9e4502-d0f7-43b3-9f39-bbbd8b57a39f,22,Female,169,43,No
1947c3b8-b373-4a82-87fa-5c8bba734fc4,34,Male,169,8,No
81cce4c7-a7be-4ab2-923f-5d3158820078,60,Male,87,63,No
11266ff9-769f-48b4-af0c-0762c68e9e98,61,Female,47,89,No
030f6e4a-f68d-442c-a429-36777af25bbd,87,Male,109,7,No
e9f066cd-d5a2-4c03-9e0d-9616e541f4dd,60,Female,176,100,No
063a5dad-5563-4e69-afa0-1f191d2c021c,46,Male,141,85,No
02acbce3-7770-4555-b69a-189760150b36,46,Female,39,98,No
7ac7d163-45fd-4885-a105-f55fa81addc1,84,Male,184,13,No
7a3e3983-e3b7-403b-925f-5b55555fe38e,85,Male,98,45,No
d545ad24-514b-4a61-ac8c-ed06d74c8eef,84,Male,104,10,No
b7d26a6b-07ff-4c7d-95fb-ae687c91849c,44,Female,21,14,Yes
96f2e5b8-4b86-4770-b350-5a0e7b720d83,28,Male,51,82,No
8b75215c-792f-46c3-b75c-0db4c905eb59,66,Female,123,84,Yes
80a2fc48-794c-4bc3-b9e5-6401ab6182d7,64,Female,89,91,No
d3223cb8-4209-4838-83f6-7b5f1ef4053c,79,Female,169,77,No
81d41a23-226c-42f6-9da3-d4cf0cbfc36a,65,Female,155,16,No
35f98dd2-dbd3-4dab-9bfa-0e4d3a56ea0e,69,Female,29,2,No
2e6d7a26-cc6d-4d37-8a79-efd8814b1366,68,Male,115,95,No
7c36c864-1125-4c98-abcf-043601feffee,89,Male,170,90,No
51c06ef2-942d-431c-aa6e-76e994615025,65,Male,106,29,No
5c0342e3-7ba9-4bc6-a044-0a5125754af5,50,Female,195,21,No
1f169cff-c796-4050-8f19-f36a726f3688,88,Male,97,85,No
8cb9b97e-bd77-4c57-99ff-a51b64f4429b,45,Female,68,53,Yes
4487abc9-825a-4abd-ac2e-051b13de1e07,88,Male,88,23,No
6fb9186e-b539-4689-b6b6-0aace51afb82,78,Female,110,55,No
1231b858-8864-45f7-8f14-2f2649319f7c,70,Male,88,88,No
3da47f5a-2b91-4a90-b50a-f7ee5b7e7f13,77,Female,46,37,No
163273ae-7729-48e2-9946-c7ea6be010d9,26,Male,179,45,No
fbdb311e-26c3-4a9d-b855-154dc75376c8,19,Female,61,10,No
c5579dbd-e8aa-4847-ac5f-6647c241a6cb,65,Male,147,21,No
7b80a961-0e23-4edd-838d-33fad9c4bb74,29,Female,50,54,No
07170f9d-a742-45c1-bb81-9f1c6a55f0e0,82,Male,169,72,No
5b17ce5d-cbd7-4a59-b9b0-cfd8c61827d3,54,Male,125,100,No
931648fb-3fab-49c6-a3b8-6f0751303c97,61,Female,33,16,Yes
be4f54e7-612b-4a8e-abc1-e68e3fda53b9,44,Female,166,4,No
e41be04f-532b-4a9b-8b80-f2179527df27,79,Female,121,90,No
d5f5946d-8277-494d-9997-75920f01fe8d,70,Male,85,43,No
3bda3bdd-c70a-4c6a-a362-e5be1e9c3724,61,Male,179,36,No
2d78caad-e18c-455c-99d2-7ae594abe8ab,47,Male,177,97,No
79cde7e8-377a-4ce5-9336-622e870eb9a8,27,Female,60,31,No
2be893a3-689e-42b6-a345-d03efdd1faf0,78,Male,31,36,No
8451d96c-062e-405f-9fac-3bd571f0233b,19,Female,190,8,No
86dbbf89-28d8-4a15-9e0a-6f1f898d6477,89,Male,51,85,No
bea6eb38-9b7b-4926-a70e-2b02d7b88fdb,33,Female,147,7,No
ca2c4a5e-d051-42ad-aa4a-906e45e258a3,80,Female,32,26,No
0335d9c5-cc02-4c12-897b-ab34482b2800,67,Male,75,61,No
86d45098-ee97-434e-82f7-c72517a738d5,50,Male,163,13,No
c6ec6b5d-a448-49f0-aab7-aedb9e823f49,90,Female,59,73,No
4569c346-dcc4-413b-99ac-6a4c2cb92be9,85,Male,108,63,No
1f135136-90e0-4179-9ffe-6017600388ca,33,Male,52,46,No
fb2086e1-fb2a-4cc3-bcf3-8ccf7696a026,51,Female,81,75,No
e45215c2-3dbf-4e95-ad9c-119a50e5da89,23,Female,143,37,No
19a129a8-3823-45dd-9f2d-94ab82a01752,39,Male,40,43,No
551a1eef-45eb-428a-bde3-a9b09f469ce5,33,Male,165,65,No
b0753a91-0073-47f2-836b-12bb5ee29c64,32,Male,35,58,No
6a40ae57-fa29-439e-abaf-0aebb23322ab,55,Male,136,20,No
9dd4b668-861d-4c26-b2ca-b08c3b34796f,37,Female,135,42,No
b3b22f6a-95bb-423a-8c4f-22a9b76fc798,45,Female,162,47,No
84205ba9-177e-460f-9beb-659398abbbc2,88,Female,128,10,No
665e021c-c153-40e4-b7d3-cf435cfa0525,26,Female,154,91,No
0040a8f9-4122-4baf-8903-7e5902b99c2c,80,Male,123,99,No
cbbc2e9e-b421-4fcd-b161-4dff88e76fb1,44,Male,56,55,No
f2f6d9c7-2524-4bb0-bed4-ae64ff1f7268,32,Female,48,35,No
c6159bb2-fd63-4dc4-b403-b553ee6ca91e,33,Female,22,43,No
4206a17a-0ce3-4c16-a43c-ee68dc8844a7,86,Male,117,19,No
a2b9ea96-9580-4ba3-9335-5e16394e949b,54,Female,101,17,No
7edd97a0-c948-47f7-a972-9540acb6b82d,63,Male,75,95,No
b1976861-c5d7-4ce4-97a2-20e644e126cd,88,Female,185,32,No
8bf5df5c-e2cc-4a8a-b400-8892610dd216,18,Female,116,92,No
0acce9be-0703-4526-b59c-afdd5b1faa22,37,Female,91,2,No
298309e3-738d-4ea0-b7cb-a1c2719964a5,32,Female,104,71,No
946b9637-6fb7-4563-9876-91f7bba522a9,56,Female,87,32,No
51757c4e-0bc7-4985-9d2c-2084e9d091e1,35,Female,52,36,No
d1434b3d-3f27-40a5-9592-17877f941712,21,Male,126,65,No
5154933d-da10-44b5-90a0-a84fbb5aad6d,70,Female,185,50,No
bcab3378-bdf4-4eb7-9ec1-f817e2d4088f,30,Male,25,67,No
426d866a-d589-4d6e-804b-6cadf33959d3,65,Female,136,5,No
f8db12df-f473-4d96-a26e-7216c072550f,82,Male,105,36,No
e9404ccd-7f6b-472c-a121-75332ac44052,21,Female,192,73,No
86a43505-97e9-4c75-ac58-3737539334cd,52,Male,122,1,No
eee41b51-0108-4b2d-9b17-62c47963e0e1,61,Female,142,46,No
ac192a4d-bfad-4658-98e4-c9b4881e54db,29,Male,117,32,No
eb5d8e0a-f5b6-46e0-baf9-2cc37e423c0c,53,Female,105,76,No
b6b5a658-2b4e-4a4e-8b29-bc6212d718a6,42,Female,73,56,Yes
39450c8d-687b-4565-a97a-93545f76b9d7,55,Male,99,62,No
af96a287-fc4d-4f37-b7b9-a2033265a09b,53,Female,125,82,Yes
6b525fcb-d487-4fb9-a723-5867321e6d5a,83,Female,113,79,No
ab4a58a7-e368-40d3-a214-f3a19c9d015b,57,Female,34,20,No
b369ec52-dc30-4615-8d67-bd807d9a9d5d,53,Female,173,10,No
0afb7619-690d-4d60-a6c6-62de658de575,65,Female,118,52,Yes
994cdb7d-b24c-43a5-a0a9-9e6a479f24ff,88,Female,144,66,No
ea145b43-a376-4c97-97e8-738b4f00a15e,27,Female,180,35,No
fd86a71e-78d9-43fd-8686-f036b1f00e38,73,Male,90,31,No
0764223d-bf3a-437a-b98f-8b1d4f61d316,67,Female,72,13,Yes
2b0dfab1-5a38-4ca9-8934-21d052b173bc,42,Female,34,33,No
b78019d0-8aa5-46a3-bfe3-37b77c5af8b9,67,Female,64,93,No
e1301e5b-a193-4f85-a913-5287f6a22029,67,Female,27,62,No
a48a347d-adaf-4a14-9ca6-668ef840e447,26,Male,82,2,No
e4b39abb-dcca-426e-8837-c624b0a93e61,71,Male,80,10,No
d7cb3057-fd2f-4be1-a49d-ee5e1d7c89d4,33,Female,180,36,No
b09e9322-0010-485a-8a34-d88acc0ac15a,49,Male,71,50,Yes
2178d21e-6820-4a43-b387-ee2bc0f25c61,50,Female,172,37,No
1d1798bd-c970-409e-8380-0fcea6e3b482,71,Female,166,94,No
cbdb0ab4-7b7e-4bcb-ba6c-b6c2bbd7ddc8,30,Male,177,11,No
595148ad-51b8-4088-b888-592cba369c4b,76,Female,22,12,No
1f22713f-1c8d-4cf9-b956-822e9cf9cc90,79,Male,29,78,No
3bd1863a-c58b-4598-956e-92a393d38892,24,Female,34,67,No
f941ff2e-1d4f-4aef-bdda-ec2515914372,90,Male,182,65,No
3aac87ce-3fb2-4276-b54a-2f6cd121141a,58,Male,101,10,No
a56a7c79-93eb-4c2a-ad91-b07be87b91b1,56,Female,197,78,No
c1a8c61d-0da8-4e89-a062-2b1315a4daad,27,Male,177,53,No
34015d55-9a14-43ed-ae53-e0398453e5b9,37,Female,41,71,No
2ea0e670-efaf-42bb-9f5e-b10aea00f288,49,Female,38,33,No
cbc0d8dd-99ba-435e-a77c-d2b6bb24b51f,67,Male,120,79,Yes
b3d29a44-d68e-475d-beee-51d7dd1d951a,74,Male,139,20,No
ac165c13-40a9-4ea0-b3a3-33f8df480db2,24,Male,90,63,No
4962a4c7-72d5-431b-a969-b92069a13c45,21,Female,42,44,No
e19477e5-4650-48e2-a224-ce2d706c58ff,35,Male,109,51,No
6f8d6053-44d8-4839-9d26-c27ecac8af31,78,Female,181,1,No
15b1dd33-682e-4809-881c-1eea8b7723b4,30,Male,104,49,No
b08c6ee9-5daf-4260-b39b-b2ae3a904ca3,55,Female,130,39,No
eed6371d-76de-4fde-93f7-95952d190cd7,68,Female,55,30,No
f852a028-7857-440c-92e3-2a49c8e4b6a4,81,Female,161,64,No
29c835ee-da8d-44f2-8375-49b990e2833a,63,Female,23,25,Yes
3b399282-6399-477f-9788-1e0b434e2ab7,32,Female,197,83,No
131c0da8-8653-494e-9baa-0df8ade6453c,61,Male,173,5,No
0a41888d-ebd6-4c8f-b530-9d3647d40d2b,61,Male,137,27,No
913dda56-7c73-4607-a21a-abfac1bf0311,63,Female,104,27,No
c3ee857b-178a-406f-bb91-fc1c0b21ac42,90,Male,144,96,No
234906e4-6eb2-46c6-8c19-a9e64b98694b,30,Female,58,63,No
4ec878c1-489f-46a3-97c0-6b08d2705386,47,Female,23,65,No
705efa76-e99a-4999-a971-e698e920a4fa,21,Male,49,75,No
be6e79ed-e5fe-48cb-92c3-4a672099c634,18,Male,191,91,No
7e6809d7-2bf6-466e-aef1-73ec79e1dbe0,80,Male,96,21,No
a559c05e-12a2-4a22-84d3-b0fb3550c1f9,22,Female,73,52,Yes
8e7e6cfe-ab8e-4837-89e9-452578b0f26f,32,Male,149,4,No
4f05bb3c-7d0c-4685-b0b3-e09c40ce385e,64,Male,170,44,No
11553c8d-170c-437c-9c88-b8b97f825b6e,72,Male,138,53,No
2119e59b-2fbb-47eb-ada5-cf384623f0f9,88,Male,23,68,No
1038e58c-6846-48c6-b582-5e7d6a126df0,41,Female,190,61,No
4bb5927f-a3de-42bc-956f-161a18ae3eab,27,Male,188,21,No
407f2ea2-5eef-478f-8d3d-e0914e0a2d88,29,Male,129,11,No
729131e6-29fa-4b12-86df-98a172ad3da4,48,Female,188,14,No
5d853ce5-d584-4bbc-a25e-fb82b990d81c,33,Male,127,60,No
fed28ac0-1c24-4fa3-9111-21be2901cbdd,28,Male,74,2,No
8b0f8310-e714-4f66-b625-158fbac27199,37,Male,105,66,No
64f90f65-a52e-49b3-b872-478a76c05154,55,Male,46,33,No
7d17e9f9-2c85-4df6-a0a1-a0d8b610dac9,74,Female,148,7,No
f1726c45-b2fb-4dd9-a937-90053b1cf3b7,36,Female,162,37,No
8a0d1f3a-2a93-42cc-abeb-4527750881cf,87,Female,71,51,No
4b713a77-d3e1-42e0-bda9-d409ac469215,29,Male,23,35,No
77098550-99b4-4e51-9b81-6e577ecf33ec,42,Male,112,21,Yes
c7b7d2eb-7f05-43c9-b4ae-5b30593d485b,64,Male,54,51,No
0adfab99-1394-4c3f-bfc7-1a1fb6487756,59,Male,59,59,No
33755bfa-8709-48b6-8cc8-05360058cf05,62,Female,194,37,No
9946993f-80f7-47d8-9248-fb89c2d53665,59,Female,143,90,No
adc7c605-5f67-4d81-99fc-a1339a705f56,56,Male,198,37,No
0c4b5412-e77d-4980-95fd-2c86a2c423e9,57,Male,193,34,No
7b1ac13c-814d-43cb-921c-0fccecb41abe,22,Female,54,86,No
f9646ae2-6db5-46d8-a1f2-e2f0db8bf332,78,Male,60,40,No
6362083c-2c1d-415d-b975-3f3cc66f2448,58,Male,166,100,No
7138c7f0-c986-4a49-b600-4df7d7744ceb,20,Male,52,31,No
27078f84-a5c1-44ea-b527-7a977c1020ee,60,Male,118,12,Yes
d73d49bc-06eb-4f54-a2ac-2165460cd83d,36,Male,27,40,No
83a01024-aed7-484d-ac7b-cf495488e459,74,Male,105,90,No
a025227a-30ae-417d-b056-571fccb28e09,42,Female,97,97,No
d5c096db-33e1-4a9d-8459-0acef88b3d36,65,Female,142,52,No
6f70a2b4-b0ff-4e03-89df-111c42ae344d,57,Male,35,68,No
595cfed1-6a04-4e1d-b931-cf6006adfaf7,50,Female,154,47,No
cfe17c67-89dc-4cd6-bc1d-689fecba1ccf,40,Female,151,18,No
3e74a9eb-5140-430c-aee8-4657c6fa72cf,55,Female,60,61,No
a220b12c-2377-46c6-b024-d7c814eefb44,45,Male,35,85,Yes
af160c3b-77f3-43bc-bd18-e4ea53b03b65,25,Female,194,29,No
4e056ced-dcfe-4177-85c8-90ca212e3412,68,Male,144,26,No
abfd60a2-1db8-4e53-be6b-b38d5f605f5e,81,Male,65,5,No
ebe5f244-a290-4b9c-b12c-76c6a2cfc73d,47,Male,142,87,No
a1e60efe-1348-4ebc-a6e3-682c51a9e4ee,61,Male,102,53,No
119f92ec-627e-4e01-87e1-196985898b35,44,Male,23,72,Yes
732a7c66-1d3b-4787-bc2a-612fb23ee81c,41,Male,150,69,No
167927b7-4f8b-48aa-830f-0246f2edc40b,80,Male,179,58,No
386f6bae-52b3-4fb9-9fdd-fccc4f21ec25,55,Female,200,55,No
c96dccb1-a736-4eeb-89da-c7989ef7ffac,28,Female,159,19,No
5fa9f32d-ac15-43fa-9d9e-0a87a5ac5e2f,35,Male,21,3,No
7f141f7c-9d80-4eec-b16a-40b49dd0665a,45,Female,94,100,No
33755dba-bafd-4a1b-98a3-87e5e5366b9d,63,Male,192,9,No
add6a253-5848-48af-94f1-cd8e6728019a,63,Male,74,40,No
59ea6c53-6089-4d94-9c24-c189375487b0,22,Male,73,24,Yes
baa65b38-3c5a-4200-be37-dc0829823c2f,70,Female,200,41,No
a4f832c8-5c53-4939-b955-25b5eb333e9b,72,Male,84,79,No
94502a22-10a5-4c89-a9b2-d9ce802f3d68,80,Female,79,53,No
d0a7c97a-c5d0-4783-a77d-d067bf6ebc34,51,Male,48,100,No
cd1b50e3-6bfe-4f13-bca1-8acaa94ec627,35,Female,197,76,No
92e01454-613f-46ef-a68c-3ed662dfabd3,68,Male,111,68,No
ecda0c71-a938-40e6-b42b-b2188ef1d03f,50,Male,22,45,Yes
0a569711-872a-4062-92ad-414b81d785e6,31,Female,118,50,No
24fbfd88-66a1-4c78-9de2-2f2041c6d791,70,Female,195,34,No
ad9aa8cc-016d-4c7c-b218-bb103d7bb9f4,65,Female,49,83,No
1fd19ff4-0fa3-4346-bbfb-34164369cd4d,65,Male,39,55,Yes
10465544-ed7a-4275-8ec3-bb55f0180b9f,20,Male,110,48,Yes
21978e30-aa5e-41dd-ba66-a940ecf88b08,22,Male,118,36,No
3f418681-c033-47eb-960f-210b4173467e,51,Male,187,45,No
200951fc-b6e5-4100-b16c-aab1ad46929e,30,Female,189,86,No
9bb4ab74-e064-481c-b522-62172fd2bc3e,51,Female,194,39,No
362d7b65-e77b-4e3f-b372-64d5cecc9d9e,51,Female,41,57,No
2e5adb4a-6201-477b-bc00-ef1b123cbbac,50,Female,55,92,No
0e165440-8a80-4009-92ab-872d1668f426,38,Female,170,40,No
aea58cbc-3ba7-4704-a601-15e527c11e5d,30,Female,159,91,No
f27ca2f4-4430-4f05-9b45-11fda2df1ea3,37,Male,105,44,No
a8316482-8eeb-4cc8-9a8d-d37c733fd5c8,64,Female,169,37,No
8d399c2d-a307-431a-a174-21adafcfbe8c,18,Female,158,84,No
5a9a7766-50d4-475d-b27c-16328aeabe24,22,Male,183,65,No
48b892e6-3a8b-476f-bfb5-c85af89f8023,26,Male,136,78,No
7dba760c-2391-4a44-9f74-d3e11bc2ba74,82,Male,37,45,No
900399ac-fe70-47e2-bd1f-d3b5f52f765a,60,Female,46,54,No
511d1819-b9fe-4926-9946-c3e61b88eeef,39,Male,158,48,No
8f8d08f2-69d7-488a-a550-369409bf28f6,70,Female,174,5,No
49211416-ff4e-475c-9648-695d53fd6c3f,57,Female,196,48,No
77975e8d-4aaa-4036-a624-a3f1872304f3,61,Female,95,3,No
b0b88e8f-1228-4440-8930-7f581ef98e28,39,Female,36,27,No
c4798022-4872-4c82-82dd-41636ad0b583,44,Female,166,27,No
7f2a469c-c4fa-4970-ba59-3e6fb344ca25,71,Male,119,31,No
3949baf7-05c8-4ca2-9ff2-56ecde00af33,51,Male,121,75,Yes
46490175-75a3-4399-98a4-2da410406594,84,Female,117,82,No
ee07cf0d-1892-468d-bdac-3386844141cf,70,Male,183,79,No
c736d8ea-1298-4b5e-9fa5-3889df1cf7ac,41,Male,81,95,No
6b9b44ef-8986-4b68-97f3-37da8f344a75,62,Female,195,92,No
69b51a75-6fc8-456c-95ed-7f729e5e8217,28,Male,78,14,Yes
cf01dd35-0bf8-445e-ab78-bb454a0b6c1a,35,Male,98,100,No
8e8ac0d9-7a4b-42b6-9a33-002d48d39bd2,22,Female,84,8,No
e5d0dd79-d9a3-4229-bf7c-a260a339c2d3,26,Male,46,50,No
0ad98be4-2618-4817-8d7d-55066cebfd71,30,Female,134,60,No
d8c1db39-04f1-4481-bb22-d79000503a10,28,Male,31,52,Yes
5b5cb01a-7940-449c-b0c8-df4509fefb6d,84,Female,176,50,No
4e998440-9921-4efb-bcb9-d5850467648b,51,Female,192,70,No
2ef0a232-c295-4d69-b8b3-d4000b37e021,75,Female,187,61,No
90c22f9c-1ade-4004-bea4-c2670f838edc,68,Female,189,53,No
731c380d-e733-4391-b944-116eed934ee8,22,Male,105,66,No
0e63af47-ffac-4f72-918c-222680bcd592,29,Male,29,35,No
82862865-8451-4599-9cf9-a9d70fbb7a7e,36,Female,127,57,No
2f891d49-826b-49ae-97b0-5d54e018eab2,18,Female,168,52,No
a066ac48-ed8b-4fb5-a3f4-97453f3d6724,64,Male,94,18,No
9a925b5a-b4cb-452d-af4d-b32cc1ebda48,18,Male,187,41,No
3b1f0a9c-bfb2-4185-bf8d-68126e910201,68,Male,155,28,No
2e2c8550-ccca-4d61-a980-9edbc38207bb,75,Female,29,71,No
3d1d25d2-3012-49d1-85c9-a5e1710204e9,78,Male,46,2,No
096cc1b4-41eb-4d56-ad22-737dff6aad04,56,Male,136,15,No
3f2435a0-f78d-45c2-b7ec-9f4039ce36f1,60,Female,47,83,No
df280ed5-7e5b-46ef-b634-1c968e8dc563,89,Female,183,85,No
1826648a-b827-4c53-bff0-94351a3f8e66,29,Male,152,42,No
99bd2264-b263-4486-b12d-49b1d0a68c63,18,Male,156,65,No
f8bc74e2-2c20-48f6-9d67-f1226c94c8b9,42,Male,46,39,No
37a251c1-1f9a-447a-9c28-4c2729183708,43,Female,36,1,No
72a327a0-a4a1-4e1c-8ce0-cd5874065cb1,46,Female,75,52,Yes
acfa9a05-5508-4d87-9fe0-23e91bbac86b,87,Female,168,55,No
39ec7e67-1745-49da-a4d4-e37c5fdf0202,86,Female,67,25,No
1941db4a-a59d-46e9-b9aa-28dd5436e75d,41,Female,46,79,No
191a8643-d56b-4dcd-82b6-cf014b17f1df,28,Female,47,10,No
4cd928e4-26cf-4dc2-93f4-16b6579b0dc2,68,Female,79,36,No
dc941431-151c-4f45-9c05-9259c678242a,82,Female,140,20,No
be993c21-ab9b-4bde-88d1-48f209bdd015,50,Male,84,53,No
5a94e098-c0bb-45fc-b351-1d8ff0671617,47,Male,170,72,No
4c622d17-2736-4faa-9d39-29d883ca7f5d,33,Female,104,23,No
3b54bff3-a132-4f27-913e-4d521a88bad9,30,Male,191,15,No
cc0b81bf-81e7-4f1a-b030-5b763e083e8e,80,Male,53,62,No
6bc94fe2-c711-425d-a91f-860364b2f7d6,43,Male,80,18,Yes
cf1eb85a-984c-4acc-a627-2bdaac32569c,66,Female,99,30,No
a1c58ab0-031f-4c16-b03e-e4ac6e956b10,50,Male,56,31,No
a7322685-2200-4163-abc6-632d75ce8348,42,Female,196,46,No
3e078b6e-7de6-4d5d-8f55-dff944086dd2,30,Male,39,93,No
e1034276-ecee-4b46-85e8-8d423f7f035e,48,Female,117,47,Yes
a72ec4f6-0776-4b29-b15d-8d9fedfbf1ba,23,Male,74,42,Yes
8ce166be-fecb-4de7-93e0-74649386df97,38,Male,117,77,Yes
72e27f0a-986e-46cc-9d41-9eb1d01753b1,53,Female,89,35,No
c3051bfb-99c9-47ec-bf11-067098c4fde5,74,Male,51,10,No
21da7914-ec7f-49af-be1a-b514c1c5781b,55,Female,188,64,No
dd464dec-660f-42cd-add7-5a3e468296cb,72,Female,156,78,No
51e43505-6cc0-4ea0-b6e2-642ac72d5272,88,Female,193,11,No
06e00b4c-3164-4e12-b71d-4cfd71954961,64,Male,131,82,Yes
da46915d-d7cf-4348-9cca-eee73525ef61,35,Male,86,86,No
77657934-c605-4ee1-a74e-0703d50ddb7c,22,Male,95,32,No
f7f32ebc-852f-4fa8-a9cf-641f54dda127,48,Male,180,98,No
db3eb1d1-a7e3-4da8-abf0-18a0a3219be8,83,Female,128,77,No
9e44462e-c613-4a8a-8406-aafca807749a,90,Male,47,77,No
13c98daf-ba05-45d5-9db0-acf66b454c66,35,Male,42,8,No
fdb31755-076e-45ee-a38c-6dc56d2bb2e4,48,Male,137,95,No
5fca5fab-0c61-4af8-994f-510baf2de81a,42,Male,23,31,No
8f2da659-db6d-4ee6-98c2-747a30255783,80,Female,170,26,No
3ffd033b-7356-4ef7-b320-d96618596a64,68,Female,44,18,No
c60a4e5c-34b4-43d6-87a3-518f47b4621e,31,Female,38,99,No
08dc08b3-fd79-43f5-b06d-9c5e22a643f6,20,Female,61,15,Yes
e20d9c8e-3207-4fe3-8082-8f566b86bc24,89,Female,156,17,No
80e0553b-3bda-4dc1-be70-ab7377021983,19,Female,76,70,No
6d24b84b-18d0-41ef-8813-b9d427731e4a,29,Male,83,8,No
2996a669-8017-49ea-acc8-37f09dd9ce0d,84,Female,177,97,No
4c2f0c21-846f-4b23-a7e2-ce236eed3edf,29,Male,36,9,No
70fdf2cb-1a4d-4b5f-8b00-2fafef2214a6,63,Female,173,99,No
6e65b9be-2790-4ecf-b6e1-1420029f89ff,88,Male,181,69,No
6c73d520-09fe-4430-a3c6-947555b0d3f2,42,Female,122,17,Yes
a56557c0-7c07-4197-a508-45a234cd14c7,39,Female,164,66,No
301f9ed2-ede6-4be0-aed0-3aba050f4a78,58,Female,47,85,No
767697a9-dd77-4b75-9da2-75ee2eebb435,21,Female,91,35,No
a1b67088-0d5e-4deb-9ef0-b1f84807d658,63,Male,187,95,No
6b70fdf1-a44c-4511-a947-b648f463d12f,65,Female,148,38,No
19aa175b-71b5-4513-aaba-b424f2a2766b,32,Male,24,27,No
8a27302f-621d-4dd4-9fdf-e7fddf921e92,85,Male,58,25,No
f8269bc1-9e99-42f0-8b43-21f7b4ba7c49,56,Female,86,30,No
f8b39b16-726f-4405-be08-15d97e9bc72d,50,Female,46,36,No
a906684c-5466-471d-875a-6e7f2f4fb17a,76,Female,41,74,No
8c9eabbc-ed80-474a-99a5-aeb8662cb822,30,Female,195,28,No
0467199c-ca27-4496-b43d-72d637fa20e9,54,Female,88,65,No
3189aeff-5001-4768-8134-9c7b5f1acc9c,32,Female,121,1,No
55f37e00-c0a4-4602-8c20-48f8b9090a0f,85,Female,70,27,No
a57b9be8-ef15-4d65-8db8-cdccdbeadfa2,29,Female,138,67,No
1aad4a86-8530-4f80-a4b8-5c56af661cc9,75,Male,179,22,No
b9a6787c-d99a-4ec9-8275-5120f1a85b44,57,Male,67,86,No
3bf1d7e6-cccd-43f3-b746-a10048e02e6f,37,Female,28,96,No
b5827675-0791-4311-8c4c-5ecf4b7bb0e8,69,Male,58,9,No
49b82ab4-864f-47f1-8f7d-0750ca83fb49,56,Male,147,48,No
5ec9a296-a8c7-4315-b507-bc2277d03044,62,Male,75,85,Yes
9bbfc6d7-408c-43fc-841b-6dd3731330be,88,Female,87,91,No
af50f2fc-247d-478d-b818-4499a6e0a929,66,Male,105,36,No
b0f29526-3385-4008-8536-44b638eec77a,41,Male,65,32,No
e0a4b626-3029-4bcb-839d-c64a98a228de,49,Female,134,84,No
bb30cd10-6257-4ee0-a362-6d5e06013856,39,Male,83,46,No
42f527dd-ab48-4511-abb0-f108a26fe0d1,46,Female,98,17,No
72864dd8-ab80-4c00-a932-9778a1e8ced3,68,Female,28,48,Yes
98fc7b4d-d1cb-45b6-89d4-61efeeafc825,60,Male,55,68,No
7ce36683-832d-4824-b5ac-f91b5fca46d3,35,Male,128,69,No
87166c1d-5508-4bf2-9a98-bbd3e56f4511,56,Male,21,49,No
1c880c7c-1e6c-47d6-9026-2ab35cb9b213,23,Male,191,96,No
15fe0e1b-6563-4745-b122-64084d441467,63,Male,72,52,Yes
5cc09c50-413f-4833-921b-93aa7f204415,62,Male,108,54,Yes
44969277-facb-43c5-bfe8-6803080bb683,62,Male,109,81,Yes
e95e09da-4de3-4981-9f2a-1c957c3cde95,21,Female,169,68,No
6ac2fd89-0c4b-45f9-a459-1b79308b734a,60,Male,161,65,No
e811a7c4-0c62-4d80-be07-d1d7a4e448ee,87,Female,174,73,No
a5978074-6e70-45a2-8ccb-5c9833515610,49,Female,140,21,No
80eef9b9-be90-4e58-ab6d-b62b50e34123,24,Male,97,57,No
bf29cd0f-76b3-4911-8229-882c958d79cf,62,Female,60,23,Yes
6ae5842f-75ea-40d9-b6c0-4b78d0c77d72,31,Female,97,39,No
6b2e7e04-2732-41e2-b472-051a20683226,32,Male,171,34,No
502b7ee0-ddbb-4244-ad4d-95788e255b3f,66,Male,80,29,No
1da2a34c-072a-498e-b2cf-674128cacb63,52,Male,62,92,No
9d8a29b2-3bc2-45ea-bc8f-34154648e35a,41,Male,42,55,No
69719fde-7a69-476c-bd73-b661d927c35e,75,Female,148,95,No
2d478570-b965-4b9c-a4f4-e396452d9534,88,Male,122,68,No
bd96e29a-5469-45f7-b353-338dc24acd42,54,Male,177,72,No
4f53426c-ec31-4793-b559-6dc2161df5c9,71,Female,136,5,No
20cc73ed-8ca9-475f-9ff7-9b9ad4bc0a73,70,Male,116,58,No
0869a821-af98-4287-8e46-511e297fd7cf,78,Female,66,75,No
758623f5-4b24-4507-9a95-8ad7d0211f73,78,Male,28,72,No
fa4fe228-c29f-4856-a584-d8f81d95f892,62,Female,46,20,No
d474174e-697f-48b7-b437-9a5b34c6d35c,43,Male,79,5,No
d690acb6-b2af-428c-9537-7ef89b394f6b,70,Male,56,99,No
604b8134-09dd-41a1-b506-a2124724607f,59,Male,40,29,No
dbf90b1d-c08c-4d99-86f2-0a0f2420870d,31,Male,78,33,No
1b83b448-6e16-4cf1-a12e-5ae10df8457d,69,Male,172,99,No
f83ed133-8a15-49ce-971b-83f26f4c2aa0,18,Female,62,96,No
b4a16a00-61fd-475f-b645-da6f90a6c802,85,Female,144,3,No
95c658e3-0898-42b5-97f6-2f06eceb4e2e,52,Female,129,63,No
eda307c0-9502-491f-9274-639777491adc,61,Female,35,25,Yes
f8e47881-a295-40a1-b27d-08d842434899,31,Male,75,90,No
cee6a071-fade-48fc-9666-78309950b201,61,Male,31,23,Yes
e43306e6-6460-4e9e-8255-f74f53340149,42,Male,103,70,No
0936149b-fd7d-4b95-b6cd-6c8ea049e894,42,Male,31,48,Yes
cac7a120-2970-45b6-a762-c9965fb6228d,65,Female,91,7,No
1569d54b-b515-4069-a2da-325422287345,62,Male,50,6,No
45ec9f3d-b45a-4aa6-9940-15d711b30e41,79,Male,67,77,No
15f32dec-646b-4b1e-bfe3-7dca5d30f6eb,39,Female,164,87,No
b8894c74-51e1-4118-9e7a-708193f108a7,37,Male,159,58,No
964606fa-81fb-4ab5-ab73-bbfcc951a57e,54,Female,163,27,No
4fa37696-1276-4340-992b-3f136f70f8c8,74,Male,150,94,No
5ba19fca-5424-4abc-b289-c1e52611b2f2,79,Female,60,72,No
5a3fab64-b4d1-4f95-81e6-d38b0eefca12,46,Male,84,56,No
0150c2f6-4dec-42b1-a6bc-2a61006d8a57,34,Female,187,65,No
bbb44ced-3f4f-4a20-aa86-fc03634c645a,78,Male,186,27,No
a0313d4d-a16a-4400-a622-07f06a842701,87,Female,60,3,No
c8e7aaba-436a-4fa9-a308-89f143eacba4,47,Female,184,70,No
b36052c8-2320-4528-a465-8381e4d0d500,71,Male,166,59,No
4b78a6b4-27b1-49ec-afc8-6427b0ff38ed,74,Female,82,56,No
08db92a0-6248-461d-952d-d8c272255bf6,61,Male,46,89,No
055fd53e-e3b2-40c8-8219-fb810a1facb9,34,Female,42,57,No
050c6981-4050-4561-a6ac-e8cd7e51e2ad,37,Female,115,13,No
aae713a2-80fc-423e-960f-e71749b3a8b2,88,Female,184,55,No
ecdc9733-f2dd-4d38-bdb3-1091e21547e5,54,Female,38,98,No
69247c91-b8df-40a9-81de-a1ee80618e72,72,Female,34,95,No
926f3faf-e48a-4255-b76c-611eb29c8571,75,Male,164,79,No
d121579c-2f23-4321-bca9-4be0ea92bf01,81,Female,133,82,No
35dc6fbf-4df0-4f73-9b0b-0f91c81ab951,36,Female,71,36,No
01b9dccb-231c-4caf-9582-b5c7f77162f9,24,Male,21,39,No
e9721be3-68ea-49b9-8b8a-07fded5f1157,30,Female,177,67,No
831b4f9e-ba87-4007-be7f-5ba434402018,45,Male,25,26,Yes
5b1a7b9c-3978-4432-b56c-93ade7655099,50,Female,120,90,No
7c9092f7-e461-43a6-959a-4f54df8b9763,74,Female,94,49,No
9f13ea7b-591e-4aa7-9f3e-207c47135a00,71,Female,176,81,No
b0bc1c90-fb85-4fb1-8829-df2d03d7a80f,46,Female,70,63,No
cb6bf17f-256a-41a4-95ea-87729cbb8f73,64,Male,179,28,No
76d175d9-4480-4690-9137-40e5489bd39f,54,Male,40,6,No
12487fe7-7fef-46b5-9cc0-6d6e7fbf767c,32,Female,23,3,No
50f437a8-ad65-4999-9c16-71e1574300bf,68,Male,152,90,No
694f93ab-a5bc-42fc-974e-c16344b029da,69,Male,61,18,Yes
6baf771c-2b09-423e-b00f-6263166db5fc,51,Male,158,38,No
7c9bf4df-f3c7-47a4-8cb9-82bb2bd1788b,46,Female,110,20,Yes
fc1fc634-bc55-4ba5-b755-b08d7e8299fd,63,Male,159,57,No
819286d4-cab8-4297-bcee-de09aea34e98,79,Female,58,64,No
05af057c-14dd-4965-954f-e8a975929237,61,Male,37,89,No
5e79a68b-459b-4a32-ac52-234368199774,20,Female,87,4,No
78ad784d-fad5-4675-8fe3-65b1ac82fb84,79,Male,158,71,No
80174d23-530b-40b4-b2c2-32dbecc69598,66,Male,69,68,No
27e462af-7ff5-49f3-bc77-a59e8bd3bbea,52,Male,156,16,No
fc8323be-beec-4eee-92c0-091bbce8d4a2,38,Male,111,68,No
7b5725dd-c895-410e-bc78-4a8f953e9c87,49,Male,54,6,No
5b290092-6b52-433c-a5fe-ad4e4a221fed,39,Male,190,93,No
e8456cb8-a006-4689-b8dd-1f3bf28447ee,57,Female,49,17,No
880c3b95-7971-45ea-a476-e29e393536d5,81,Female,33,83,No
891bc3d5-db8c-49c8-97bc-5653f7d983a2,45,Male,98,36,No
4457700c-9c3e-498a-ba9e-dd145102fad6,41,Female,96,6,No
0f713928-abd6-4dd3-ade7-c09cc19fd5a6,34,Male,69,51,No
ab55e706-26b0-4b4e-bd5b-f16ecf6d4652,64,Male,191,17,No
21ab5613-f56e-4a8d-aa58-86e5132a365e,67,Male,79,5,No
9ffebdb1-4d54-477e-b8ec-ac318ceeee8a,71,Male,104,23,No
63c99888-65a1-4a79-bc34-f8683e9d363a,27,Male,85,51,No
f7a6f0b2-21b2-4f94-82ce-783827386858,47,Male,118,17,Yes
b0992c63-ae62-4c6d-a9e0-3e2c7a01a0c5,63,Male,190,63,No
c02d57ac-0026-45f8-a39f-820cf1d1d0e5,27,Male,100,80,No
00182d76-c032-4d4e-94b1-9a562b3102e2,31,Female,184,1,No
8cf24164-94b1-4ca4-b442-954382c4cf4a,90,Male,139,73,No
1441ed97-a057-483d-b81b-98a7dda6b307,89,Female,121,81,No
68eb6cef-0e36-4baa-a513-0e7b5c81a2c9,73,Female,50,25,No
65576c49-69fa-4f08-a9a5-a09376363110,58,Female,99,59,No
724b78e2-129d-4c34-877a-5627233dbaf4,74,Male,168,84,No
eaeebbae-3444-4fad-b1a7-44cd529fdf0c,54,Female,140,42,No
2557df77-d9dc-4c80-b103-877b5e865c03,84,Male,187,82,No
03482298-50e1-4c4a-ada8-16d5c3f0d299,81,Female,56,29,No
953113a7-8155-4a30-8ece-ee147afab627,57,Male,33,90,No
ff2a2059-e07c-4870-9a9f-99bec1e36cc1,19,Female,112,26,No
cb95e40a-b496-45a6-9963-94a032b4fd4e,90,Female,62,15,No
e575e9a7-01a9-46f3-978a-e00cef4f3f3d,26,Male,77,56,Yes
6211966f-8c9f-4f18-82ff-a9d5e10a06b2,76,Male,94,9,No
47f51674-8e40-4ff5-9bf2-8e6af02ad421,32,Female,66,48,No
1c97cded-1ca8-466d-82e6-05e21890b7a3,45,Male,50,26,No
fb115deb-7120-4569-b958-a66065171c5d,24,Female,96,9,No
39ee0d14-e579-4c86-a2f9-4237fcf05249,75,Male,151,87,No
2a3cea13-f935-4752-a04e-2fbcb122b693,53,Male,189,55,No
6686c299-94c3-4c8b-9280-92bdff2e07bb,57,Male,197,14,No
d33b29c9-091e-4184-b50e-e7d9d204c4b0,38,Female,190,59,No
e491f48c-4411-4bae-9dd7-2a2c42bb6f7b,45,Male,166,84,No
070cc280-4742-4a2e-8bda-9d2ee56492b8,31,Male,137,84,No
7578292a-d8e9-4863-a514-ed87a5e8cca9,73,Female,183,56,No
a76b97a0-3ce5-402c-aa17-6097faed63e5,63,Male,116,30,No
e8deea8d-c7da-4e79-a3e0-835ae920aa1e,54,Male,98,53,No
d1a1d977-0bfd-4073-91ac-ba24daed767f,62,Female,47,16,No
0bb13937-dcff-4f53-bd8a-d02eabf0e25e,34,Male,101,41,No
405df51d-39e5-47c2-b944-fc48340d0500,72,Female,154,70,No
8afe8271-bd5d-4c36-b464-8862289978fe,23,Female,151,23,No
28fd8157-15ca-422d-af17-bbce8a7ed48f,86,Female,88,94,No
80881bf1-fb60-4557-8244-a44548b99140,39,Male,168,9,No
1f24b93c-8bb0-4b6f-921b-d00296884679,62,Female,192,6,No
a5e5bbee-b13e-4b6e-b175-6a20658d6006,23,Female,42,67,No
0a1318ab-6e45-41f9-92c5-9b92eb36dc9d,36,Female,122,5,No
34a8ec20-926a-4833-9498-8ab626dda923,32,Male,73,24,No
f49a8bb9-3786-4cfc-b5a9-9a78e5960804,60,Male,74,80,Yes
743c4569-141a-4f0c-90aa-24fec415f512,73,Female,145,25,No
6794d1d5-e4ec-4d21-8896-fc3a354d7290,20,Female,157,100,No
347b05b5-11b3-47ce-a8f0-a920c1a84b42,44,Male,176,93,No
203f7d75-8087-4005-867a-c66e937d1c51,68,Female,145,38,No
1de28acf-e62d-46d3-a6e5-ee038c150f54,64,Male,116,82,Yes
d875af79-b6ed-499b-b869-99d35ffe5bac,34,Female,98,8,No
1a8a8106-2537-469e-88a8-7718b7ee27bb,62,Female,44,15,No
f7093c9a-837c-49d1-bfd9-e87806b6e320,67,Male,119,51,Yes
b28dea99-9f8c-4a49-aeb7-5dfb31450d8a,81,Female,135,27,No
f6168a03-7582-4cfb-821f-7351b55384ff,26,Male,151,70,No
a446ae7a-a655-40cc-8861-3109f62af891,46,Female,172,79,No
69de5027-76fd-444b-a676-e1e0efd68688,86,Male,23,89,No
c8b51850-20ab-4405-8f3e-317b2c0ba5df,19,Male,23,72,No
78c1bde5-f836-4fc2-b093-f2e9627e98c4,39,Male,30,40,No
c0a43c31-9231-4e61-8da9-323c22bc691a,48,Male,159,80,No
af3b28a8-3f69-4d99-a913-1512bc8bdb15,68,Female,98,32,No
114f8cae-56e0-4305-9785-155079eb2309,41,Female,178,32,No
24cc43d3-37a4-4115-8524-78cb019e33af,48,Female,60,32,No
86a26364-5e74-4121-9084-84f5d93326ea,82,Male,77,94,No
4a3857ae-797d-484d-a951-b19c40364435,42,Male,139,73,No
cfa99cc1-e030-4745-9e56-eb354c3fd138,65,Female,162,31,No
aecb0179-4c7d-415a-a2eb-49ccdda0d103,77,Female,58,87,No
a77ff6a1-b864-4472-83d5-a385f66090c3,32,Male,127,30,No
9f4e901c-7477-4eae-8d09-2203f0fe30dd,83,Male,81,26,No
ce052c5d-1723-4c66-ab5b-d8a79a315d1f,46,Female,105,39,No
4a1a032d-6701-4000-8132-2ca84fdede98,71,Male,63,98,No
be4bb534-6341-4cec-8249-a41c85f8cb2f,36,Female,167,63,No
13b8d476-c3ce-4b1e-abb3-19271441d644,42,Female,154,47,No
256211a3-df8d-4a75-b18b-eaec6cd5967d,19,Female,47,39,No
7dff0aed-5a2b-4e81-b945-5a31d5adef2e,29,Male,190,83,No
7b01216e-075f-4e8c-971b-2f365087a924,32,Male,84,68,No
a2aaab12-85b7-4e8a-ac74-1b29185c9bde,45,Male,115,68,No
9f3c1817-f8f8-4ee6-b74d-24542dcd0b4e,84,Male,64,53,No
3819f633-6dab-4a03-8f98-31c8a2bfaaa1,67,Female,159,30,No
11ed2427-309b-4808-b395-c05ef2088997,83,Female,178,54,No
99d63785-f460-4a25-9bb5-5dbffda528ae,30,Female,183,33,No
0edc27a6-3b69-46e7-8389-e9a886469d97,70,Female,149,68,No
9ec3f769-6a95-4aa2-946e-19ce88ee75e0,40,Male,40,15,Yes
69520892-fed4-4d68-9dc9-125fd8d77d0d,21,Female,24,42,No
be38001e-d800-4721-91c7-23213da0fce0,74,Male,139,39,No
19cc9001-9eb0-44dd-90bc-9b93c0aedc14,46,Male,58,44,No
52a220ae-f49c-4453-8ce9-a756db5e8ec4,40,Female,174,69,No
394eb401-1e9a-49c3-a78c-002e004d8571,75,Male,99,73,No
b2ab9889-d1a5-4c89-b60f-6f2ace511a98,28,Female,38,53,Yes
7f22f8ec-411f-4477-9fb1-0fd755ac5089,43,Female,150,37,No
f3baff15-402f-422c-9694-b75b153ea261,61,Female,87,75,No
35c0ed09-e8c7-42c7-b5fa-4e86ea5a1af2,35,Female,130,30,No
826da88a-3f08-4959-9963-60e7c131d2d3,43,Female,113,11,No
7fb20b76-0393-40fd-9256-b1458531d03c,83,Female,101,51,No
4acae763-8068-46e5-bc75-9e21f0fbc85c,85,Female,64,46,No
ce4bd485-c23b-4ffb-957c-94ba21ff74e8,18,Female,187,69,No
81311d42-b9b7-4a69-8120-b6a2a16c7a95,77,Female,193,11,No
03fa5358-b264-49f8-8b64-f4ca3f746d26,76,Male,71,3,No
994cd74d-6d77-46ca-af3e-0067d568729a,56,Male,116,70,No
bbe9d763-6078-4465-be03-7607673818a1,87,Female,97,25,No
f503734b-d8f6-486b-a5ac-f589f8f71a4e,80,Female,169,31,No
e4214394-b979-4125-8401-23f8ad20c2ce,54,Female,159,66,No
f32082c8-32df-43a4-8253-e8dd2dcca4ca,80,Female,173,21,No
4bfb2b66-4065-438b-8012-a6fbf5f53ebc,33,Female,191,62,No
5c8596c1-8e0b-43e8-99ee-4fe5aa2f1579,71,Male,34,42,No
c657b192-68af-4319-83b9-ba150c7a0c56,63,Female,104,75,No
9b37538d-6577-4249-9ab4-f62d76b3775c,39,Female,120,48,Yes
52df6953-e3ad-448e-bef6-d6d639d3c16d,63,Male,94,29,No
29e9beab-d693-46ab-8d50-c37e425823eb,31,Female,74,65,No
9257c48d-8af2-4a91-8d6b-1ff1a0579a42,19,Male,159,36,No
3babf233-a489-4027-8aad-5ce6e2bc9e15,74,Male,54,34,No
84cf48bc-c233-4e52-8530-2f04c630cd39,64,Female,96,68,No
30cb6569-c40c-4514-8ca2-b628515e0a3f,33,Female,197,34,No
009f90fe-3b3e-4d4e-a263-010931ce6120,84,Male,124,91,No
2f0efd48-0c77-4860-b447-124ea12aac66,60,Female,92,11,No
a9be73f5-3856-4269-a45d-3a75b393245c,36,Female,75,22,No
c7d4bed8-6615-491c-a0f5-94e0c0c6d877,19,Female,48,45,No
6a609902-ff95-478b-8bf3-964f28a0197b,75,Female,21,13,No
7a5e2669-d904-4940-8518-07fb7d5e5d4c,45,Female,131,17,Yes
294c1523-667c-4eb4-9edb-45cd143f1740,27,Female,99,4,No
afa73844-cea5-4311-9899-80c1aceb07ad,80,Female,103,40,No
783934d6-0ad4-4374-b378-ed36a17e92a4,59,Male,196,65,No
2627dd1b-599b-4449-af4e-65daea43e733,54,Male,168,21,No
24326be2-c686-4c68-a5c5-ef7a12024a01,89,Female,26,90,No
d9ef1bf2-ab5e-478c-996b-f3b75d2975ff,49,Female,137,81,No
d9f9467f-66f6-4ee8-afcd-c83b88843442,90,Male,99,57,No
062cfc8f-ba2f-40f4-b49f-6df42ef89663,90,Female,38,83,No
a1dcd1bd-42dc-4078-a935-b903c369c457,64,Female,123,11,Yes
b864684d-4713-4939-a6f7-f7b5d441e00d,77,Female,153,75,No
ceffe873-f47b-45d0-b9fc-89dabd349e80,51,Female,165,51,No
46052f64-6ae6-44a7-8225-9bcc2a705acf,66,Female,118,40,No
25ca6477-5a33-447a-8684-959cff33c41e,45,Female,118,48,Yes
d67e7cb4-0098-48e8-9797-e7287c9fd907,26,Male,158,74,No
d76f0852-336b-4134-a9ba-7bf9dc07782c,39,Female,163,96,No
ec5d5877-5f07-4d86-b626-c9f90c32bdd8,82,Female,27,78,No
31d115fd-53a2-4106-934e-090ca052ae77,40,Male,97,4,No
501b2681-d611-4de7-9478-9ba14b31a16a,84,Female,76,14,No
d0367b7c-4b6a-4699-b054-9e0ff1824f9d,29,Female,58,16,No
39c17850-731c-4915-ace3-82657eb431dc,32,Male,28,13,No
c0909aef-fb65-43b5-a6aa-bded2245721c,43,Female,119,7,No
6f056cb6-80e5-4c8d-a977-e1fec5cb5626,64,Male,124,24,Yes
4acd5dab-9c74-4478-adcb-aff0a79e9b3d,83,Female,162,6,No
70935aaf-df25-41e2-8b8e-07ca3230099c,68,Male,89,80,No
157ab355-f468-430d-b05b-fc77abfd57c3,89,Male,189,29,No
efa45d95-40d3-48e4-8cb2-efe006726f65,32,Male,66,80,No
bdf3fe85-a3a2-4101-b468-30198566a752,62,Female,188,29,No
6cd7e30f-1225-491e-80d8-ed2fbfc0acaf,27,Female,29,77,Yes
1b5cafbc-f3fd-455e-b157-d9c90fb05bae,32,Female,28,62,No
5fd439ef-0065-404b-bfe3-b8c0230bbebb,89,Male,163,57,No
3a3cd31b-6cdb-48e8-8373-abadd46125b2,31,Female,28,94,No
fa79b50e-7d9b-4678-b11e-6842a4c10721,64,Male,69,10,No
6bf62a0d-2852-40e9-a1cc-87313d36f029,47,Male,107,36,No
a0c0c2b2-90ce-4579-83aa-e8db0f8c8ec9,21,Female,154,41,No
d3bf9c3e-3740-4995-94c7-942789c1a99b,77,Male,64,56,No
76260882-aba3-4d47-bad0-4480f8084186,29,Male,88,60,No
246faad4-51eb-41a8-916c-a2879ba53858,24,Female,33,2,No
5de61cc7-41f1-4cd6-aef5-609cb06bd12f,22,Female,184,31,No
849721a0-daff-4a9d-af61-693673b70313,80,Female,22,23,No
1d2d826a-ec7a-42fe-be23-d69870ccb17b,51,Male,125,60,No
2b0b05c4-253c-4be8-862d-b44d90d240b1,55,Male,28,47,No
6f49a422-1fe4-4795-be06-5c9299b65729,77,Male,182,5,No
b241cdba-9cb0-44a1-9dd1-bdab057b7445,56,Male,36,44,No
d545ada9-ee95-4f89-a18c-5aa2b1db5cee,76,Female,192,2,No
9097b3e2-9250-4bc7-8ed8-be1a4e26c3f5,48,Female,164,3,No
766405d9-0b4a-40c7-84f1-5e312057870a,62,Female,74,85,Yes
446df8fb-5693-4110-b2e9-c3715618700c,52,Male,140,11,No
3dfc2b71-0524-44d2-aaf6-7fcd21eecfc0,50,Male,60,21,Yes
18133cf6-23f4-4f47-af49-17046d666602,57,Female,197,63,No
76232374-e466-4a51-b2b4-0801ccb4c498,36,Male,85,41,No
87cc34fc-75ed-4f51-a3b3-a93b6e3c147a,86,Male,139,47,No
ec83f25d-8055-4506-bf11-781b1a1b8a45,40,Male,87,74,No
944265da-86c2-41e3-b0ce-47f58430970e,33,Female,118,60,No
f13d8405-81cd-4d05-9758-6913167988aa,21,Male,87,100,No
5ee7a6f6-5c2c-4b93-881b-e3a4fd41b49e,90,Female,38,44,No
c15c527d-1884-4bfb-93fa-15678f0214bf,44,Female,155,20,No
2f69a262-97cd-4fba-a31a-ae0f4a3dd14e,86,Female,81,55,No
cdd83c99-05b2-4ae1-b5ac-554c2c40bf55,29,Male,113,81,Yes
0581e74e-3e7a-46cf-912d-172c020c0251,82,Male,179,69,No
1c42c3b0-c17c-4c4a-ac70-b0e629c95718,21,Female,23,52,Yes
020d888e-a1ee-498d-8721-67cd58e93e5e,29,Male,163,92,No
fcc1c336-d864-49e9-8514-105c000e8793,64,Female,76,86,Yes
f644a716-bdc1-4a8e-b6de-ee00382566e0,43,Male,161,17,No
ab766271-3e75-4f9b-a72b-97d0699c56f1,46,Female,21,24,Yes
8fd8566a-b846-47c0-98a8-c048a475dac9,61,Female,140,80,No
2c3ce1f1-a992-4ced-bb9b-3708147ccf9c,57,Male,106,23,No
ad84971c-6c2e-438b-ad59-667ea11de1ea,89,Female,182,45,No
764fbea0-888e-4dc7-9fa2-ea1086107084,22,Male,86,85,No
2d1a0bbb-d22b-481c-be03-6fbbc57805b3,19,Female,21,93,No
806abb91-a291-461c-94f1-d0493bc6de0c,88,Male,115,37,No
ae58f5d9-32dd-4141-87be-f7261baa1c3f,64,Male,158,89,No
701f3b4b-85d0-4fb2-a29c-3d0f821707f5,51,Female,110,83,Yes
b8060ca3-e374-47d9-bccb-d8430cc734ae,34,Female,48,66,No
a6cec230-0118-4e83-a636-447ecfc85361,43,Male,191,14,No
c196e9d9-d3b5-478d-a397-d176dc3e9fcd,67,Female,156,30,No
b3819aa6-b96a-4c9f-b47a-8f32f1b08bfa,80,Female,148,56,No
887d3dbf-f47c-475f-b6d7-cc60a2dcc680,69,Female,155,35,No
4106b2e7-a392-455c-a950-36707bb99ca2,90,Male,131,77,No
45b1c49e-462d-4f3e-9d6d-ad769fc87a2f,41,Male,178,35,No
6843ea4a-8b17-490a-a24c-eec2624cee09,85,Female,107,97,No
c631f909-51bf-42e1-969a-4d99b4dc0bd6,18,Female,80,94,No
8d825f1b-f0f2-44b8-a1b9-3efe6aeb5dd2,64,Male,193,17,No
2fba62c4-b176-4adb-b4ab-5d360cc537de,39,Female,79,40,No
1f992464-a498-458e-a317-d2e8c7cc4e3f,77,Female,35,15,No
b1e21cb4-b208-482d-8cab-1aa57b123a1a,74,Female,115,64,No
e71f2dd6-7f9f-40b1-a80f-2ab0e2eefadf,35,Male,186,61,No
c9c7e57b-b4e2-4839-aac2-f407f2dd3cd2,55,Male,98,57,No
e1bc035e-ee2d-43ad-820a-240504d0f4a8,89,Female,132,81,No
f6f4b2df-3932-4a47-bb41-91ae09163059,69,Female,78,28,No
c7d5bdbb-f976-4a01-9c87-60db81613d5d,37,Female,64,38,No
39aa1994-ebfa-4fe1-aa5a-9589ef244553,87,Female,199,37,No
8c6e8f9b-2dfa-4ca5-b44d-655baab28a98,51,Male,97,49,No
216ee05d-5efd-49c1-b128-ae40a8fcb5c3,49,Female,53,28,No
cc7ed94d-9c1e-45e0-ae2d-02ea356f37b0,31,Male,200,20,No
5e747c8e-f8ab-4dea-8f6f-28a686408ba2,86,Female,77,46,No
0eafd379-e46d-487d-940d-9006e12c59ca,51,Female,150,84,No
e8e55c2e-44e6-435d-9fce-8f6c96ba2195,68,Female,197,18,No
2a024cf4-945f-4222-a4f0-2a7a8dfca9db,30,Female,150,5,No
4f93da52-2869-4cd4-9316-9ffe2ae8edb1,43,Male,132,27,No
772419cb-469a-48b5-9c5d-b7e45729fb54,39,Female,78,76,Yes
7ca1e948-a122-459f-879a-d394e24ce271,31,Female,106,95,No
af3abd43-c593-4c33-9d0d-8ad0a8fde73e,57,Female,21,14,No
153ffe79-3dca-4867-8150-9da563cfdce7,44,Male,136,7,No
d23f0410-55ea-493f-a99c-86b191defbce,23,Female,139,52,No
a77cbf3c-43b4-46dc-b6f3-889b82a73528,37,Male,96,45,No
9645fe64-89ea-47e6-9c8c-e0c9b542042f,67,Male,36,41,No
9eafe260-a816-4e17-910c-ba5c8db5dab9,65,Female,175,2,No
a75e3135-9129-4150-a547-f79b7891a081,53,Female,143,50,No
d8b2e9cd-8ae2-4a5f-9847-91553d64bb41,74,Female,188,54,No
99313ddc-a00d-41cc-9c9e-b3c2daff945c,67,Female,26,68,No
0bbc5543-6d6a-43ad-9474-632054c3667b,69,Male,126,93,No
0dfa8bc3-07e4-4eff-b3cb-e4af01369e96,34,Female,178,54,No
ef11e6a1-00a7-4454-9442-6eee4bc1ba11,23,Male,23,43,Yes
acb33237-f337-4de0-916a-f56998ba60b4,67,Male,184,100,No
91b2e639-b178-485d-baf2-f95dc4618c3c,80,Female,168,97,No
4467a6f0-80aa-475e-9588-698e37a8061a,71,Male,134,90,No
5d5ae511-7a2e-4a4c-94f8-b2bce07bb430,59,Female,30,97,No
59c6ce62-e152-44a1-bedb-709e4c3a596b,68,Male,170,68,No
fc39fd83-a6bb-43e0-a350-13338c357378,38,Male,50,26,No
e4699c10-5a2e-4569-b94d-27279c46d78c,79,Male,166,67,No
6f3a2497-d126-4406-a5bd-380eb8d66bf9,23,Male,59,30,No
afccbaaf-edf2-4d28-90f1-d074ff50f357,35,Male,160,44,No
6cd37f19-4329-48c4-ae71-fda482da0b86,68,Female,172,10,No
81c93e0a-8e1c-4479-82f8-54cd889b5171,79,Male,94,57,No
da5bd7fd-b806-449b-9840-3f8623d85de1,85,Female,48,18,No
02e75f7c-4420-466d-a6cb-615469bcd340,19,Female,146,53,No
bddc2fb5-c54a-404b-81b2-50cc5b775b75,22,Male,34,82,Yes
d92ccd40-b851-4d66-a384-408de43e7e70,90,Male,153,41,No
a702ead0-6bdb-41c6-93e3-a68ccbc54aa5,25,Male,148,85,No
bf64ebf2-9791-4247-b5ac-35e27d10bbe3,51,Female,137,35,No
58248933-b27c-4c98-a1c2-17b0828143bb,84,Female,142,76,No
7fb813f3-e8f8-4863-be63-a70eb1179501,85,Male,152,53,No
6e03ed50-bc49-4f1f-bbc0-46cfcd525d83,29,Male,155,82,No
0ee87902-5831-43e2-bf1e-0e851d88600b,47,Male,69,19,Yes
0b540ce8-b212-4e71-93a8-4ba2878e6a0e,66,Male,173,95,No
c61e6b23-19f5-4bc9-9071-81a27340cb29,68,Female,126,42,Yes
9d7baf46-8ba1-4a3e-93c2-608b0229d691,53,Male,186,88,No
95307767-a87a-455e-bb33-3ae9e0063ecf,85,Male,183,12,No
b52d0238-77bd-49da-a8a7-ac99001a6ea3,63,Female,145,65,No
2e897087-a397-4b86-a878-c298a9bf635e,20,Female,164,20,No
def3f01b-aa45-4496-abde-b31650dbb8a4,31,Male,30,33,No
9a59b356-5e27-4afc-aadd-eead8b24bf40,55,Female,156,10,No
8822ab15-15c5-40a3-9db9-0d68c7023587,55,Male,48,6,No
8408821b-73cc-4159-a6ee-a4309a0f653d,38,Female,22,8,No
592f40a9-44e7-48b3-8dd8-9c22680cd7b8,21,Male,93,52,No
c4bfc0c1-9a93-42a7-8535-4048000612a3,53,Female,85,27,No
7ab9caa0-3ad5-43be-8c13-1f473ed0e6db,68,Male,60,35,No
bc2a296d-5876-4e86-92a5-e47472073df8,56,Male,74,33,No
9bd9ae3e-b1fa-45f9-8e2c-86bfc448bb37,39,Female,86,48,No
f3d1913f-2752-44f6-9501-81bcbfd1af7e,77,Male,113,47,No
1374e5f9-52bd-42d1-b629-feeddcbadec7,33,Male,66,55,No
e85bf3cb-c523-41de-bf90-9993f00c0058,21,Female,112,69,No
f6225c10-bd9e-47f8-a1e9-022221fcb102,75,Male,134,35,No
4b67305d-c6a3-4c20-b5f8-8b164ebb401f,18,Female,105,9,No
d483d7e6-b86e-4d22-9441-92dbbb5a2640,63,Male,77,63,No
eb70b9ec-4ddc-4e77-a2f1-21b24abf978a,75,Female,80,48,No
3dd6461c-9b8c-4159-8dd4-013314fc2831,28,Male,47,82,No
3d8c83df-9fd3-4102-aafb-567c319f1ca6,67,Male,57,72,No
a7344bc8-c318-4727-8356-686b17b1a88b,29,Female,106,13,No
e7fa140e-7d77-4feb-ae69-b111afea4406,28,Female,176,37,No
2606a01a-3d50-4275-ab84-dd49191e7154,59,Male,165,93,No
c2c7ff76-a429-496d-915a-25439d48ec8a,56,Male,64,100,No
70cefe49-b2b1-4f19-9b1c-9db1f5624b56,44,Female,106,42,No
3aa39e42-9b15-49c5-bad6-505882b72a1b,80,Male,158,53,No
7269274c-3c65-4ed7-86b1-98587db45180,73,Male,40,60,No
366ca6de-350a-41c0-877b-d54e40864861,61,Male,173,48,No
8db74ccf-bd52-4d6b-bc44-9e7097f65ec3,67,Female,67,30,No
1f61106a-4202-4457-87de-ab8f375dd708,55,Female,153,12,No
603e5bfe-4e0b-49b4-80b7-6699262b4bc0,35,Male,56,9,No
45329900-5b73-42a5-80a0-e9b29f10ac1c,48,Male,190,67,No
57efc2b5-6eae-4c34-a2de-1ba4814a846a,32,Female,168,80,No
79716e5d-7c13-41a8-9e20-c7689e55b64c,27,Male,79,27,Yes
472df8ff-7aa5-45c4-ac35-c24779c831b1,61,Female,78,18,Yes
574e3b08-2dbe-41ab-846c-312d7883f33d,38,Female,138,78,No
f77146d1-4953-41bf-9a1f-88934802c5ec,38,Male,48,9,No
965f690c-9256-4041-90fe-3d5193014380,45,Male,185,25,No
84395721-2afc-4f59-96bf-01fbfe7ea041,86,Male,105,79,No
00d47412-156a-4931-a3fc-16a343dcac87,43,Male,163,27,No
b9c643c9-afb4-493d-8ac1-441626c42738,58,Female,56,98,No
34728dd5-1162-43f0-947c-238db1b155c9,90,Male,184,45,No
f057423e-d28c-411e-99c8-1e0eb27db09c,81,Male,143,59,No
7bffb415-7994-4130-b976-d1e652924a54,74,Male,180,2,No
7fe2663f-5915-4875-91cc-8aebbb32dd22,76,Male,104,46,No
822b8e1d-4449-414d-90b8-a375b567827c,39,Male,45,52,No
a5636339-df6f-45ec-b9bd-418d2da2e4ca,48,Male,109,80,Yes
125000e6-d7ae-4576-8e1a-49560129f0eb,70,Female,149,95,No
f5683840-0475-4efc-8001-c3cc7f3c6bf7,31,Male,46,39,No
a1a862d5-7e91-441f-82d1-64f59053cddf,30,Female,187,34,No
1569b0d1-09f7-4a18-ac66-317a94e79a8e,43,Female,63,63,No
772ae796-99be-4037-b651-c0f5adb31b0b,58,Male,103,26,No
96a93085-892e-4d92-8990-3ce8b2076581,80,Male,150,39,No
922ba522-6808-4b33-8c12-7be6e1df6725,58,Male,28,27,No
092492c1-0c7f-4cd5-91fc-dfa2bed2e464,81,Female,194,32,No
a222dc39-68e8-4f34-9794-46affa257a6b,40,Male,86,30,No
8b564ad4-82d2-439d-8bff-bb2eb3e2a02a,88,Female,57,24,No
c3f09f86-a01c-48ed-8a9d-3f2b3897f554,46,Male,191,8,No
2b91cfd4-e658-41f9-bc50-84e4eca8bd86,74,Male,196,74,No
a2556b51-76d6-4ca3-8b21-d8b0778e0c02,24,Male,65,56,Yes
0443991b-d69e-4d3b-a776-6c2e207204a9,56,Male,32,2,No
67a12f68-5301-48e8-bcb6-21e92a4f21b5,44,Female,176,55,No
314fb6ee-738a-45d8-bb0d-e549d70652d5,85,Female,196,45,No
fef5aa13-f81f-44c5-8de7-5eb9d73ca114,59,Male,148,19,No
a6643aa2-2c14-4352-8be8-dcea0813fc24,38,Female,94,39,No
9bed98a6-c491-43e4-8c2b-c00cee63bc2a,54,Male,199,90,No
8d0f9ffc-63d5-4f6b-a9d0-0db274e98345,70,Female,55,11,No
c87f3d66-b27f-4629-91c6-c91b33d067df,29,Female,93,29,No
b0eac63b-0066-4695-b573-94a23a152f52,21,Male,121,49,Yes
787c79c5-5992-4ebe-afe3-b3cf44dc3c7f,52,Male,116,98,No
dde7059e-7b9a-47de-8ca6-7756898b3d3f,30,Female,197,74,No
26df3b28-7549-4526-831f-3363b97e0325,82,Female,29,5,No
2591b2c4-92e5-4f5a-b983-a1a485a2d218,34,Female,35,65,No
c0b904ab-02ea-4ea0-8d5a-1a02e6872faf,62,Female,58,73,No
14ed4357-ec4d-45b6-b38f-21ce0afc5095,41,Female,102,67,No
5372e4bd-3759-4a88-8359-a6a3ab492547,72,Female,110,18,No
ed076013-243d-4f24-81e7-8b2e95a36490,44,Male,141,66,No
129de669-ff95-47b0-872e-c8292bafae61,42,Male,52,38,No
d61ab014-a5cf-41c5-8275-8d508b67ff59,90,Male,128,31,No
78f7ac98-5715-43dd-9bdb-6566dd85414c,50,Female,60,13,No
85c354b5-ffae-4caf-81a4-b771697fca18,73,Male,42,34,No
61809e3c-0c41-4975-9c6d-7864daf89b0c,55,Female,90,92,No
25d8221a-826a-4fbe-a998-65ce0cfa0e62,44,Male,127,58,Yes
4b8c327c-e338-4be7-bf04-d50b878f4560,21,Female,160,29,No
66ee0a05-6791-41df-8597-59a71fcd15f7,43,Male,189,39,No
ac5f27b7-cd64-41a2-83ae-3426df13bc59,59,Female,28,63,No
1bcae4cf-1241-4e1c-a2d8-dfaa9d8cdc8f,67,Male,165,6,No
b3fd6a44-80c9-4ec6-835d-e1bd0ee2eaf6,50,Male,57,94,No
21c563f1-20e2-4bda-96f5-6ff647efa345,32,Female,133,22,No
8e4cb90c-8d69-46b2-938a-50d7b33f8841,89,Male,128,40,No
7ccfd130-0015-4c9c-a3ba-a8c068e94d22,74,Male,23,87,No
804ea9ef-2e90-4791-8585-b1670b477ceb,82,Female,135,11,No
b610116a-5002-4b05-b974-a52921ee7d0d,78,Male,48,47,No
b297c477-6cd8-4a98-b7e8-037ae31c3b8c,21,Male,82,90,No
cc8b7cda-8ecc-4db1-ae5a-fa626c974aa8,21,Female,39,27,No
f207fb5f-01fc-4bca-858b-7658d31c0781,87,Female,24,41,No
09a6732d-76d7-4aa2-82dc-438f4aee25f8,54,Male,88,75,No
d06093c4-b28c-48ff-b17b-3fe01acb177c,77,Female,92,72,No
d40f87fd-e8ee-4ab9-8bcb-8ad449f60d30,61,Female,137,50,No
aa06228f-a058-44c0-89e1-e7ce43bf7a92,60,Female,49,15,No
d7685d9b-ea67-492f-a0fe-85a9b4be6f9a,49,Female,105,50,No
258454e2-34c1-40ff-837b-10ba7fec6d35,21,Female,130,51,Yes
6ff35925-9963-41a9-963c-e6473a9989b3,18,Male,59,38,No
615e5184-efe7-4a99-a6e0-2ced9c56fc6e,82,Female,41,89,No
04596ae0-aedc-4189-b547-9f0cc8a43a62,88,Male,196,70,No
d85dc3d2-a9a8-4ea8-99a7-815293e5d4b6,47,Male,89,45,No
19d38348-a4b0-4ca2-835f-14e0cf16ddbb,63,Male,171,25,No
97470e7b-efe0-49d4-8d6e-99597c560f42,53,Male,148,64,No
2ffb1fe4-289d-434d-9d96-3672231c0aa0,38,Female,86,88,No
2229b06f-209b-4e00-9cb8-da93dcac8d83,47,Female,109,61,No
27874784-c867-4632-9039-0f80f5e62c1e,35,Female,65,29,No
20631563-abed-4bda-9db1-5815e2f00f91,55,Male,100,79,No
ec44c743-ddc9-47c3-98b2-578bf3236a35,19,Male,199,84,No
4a891247-7d5a-4ef7-a122-cf1b925ff3cd,48,Male,46,94,No
90d21b83-f8c7-4780-b169-b9cba2b55cae,22,Female,198,15,No
099200c0-6205-438b-89d2-fcc10ef61527,72,Female,32,92,No
c3a9ee90-2453-438b-b18b-2f93655ce272,88,Female,198,53,No
3fb4a473-7e91-452e-9c0d-afd6748b5121,84,Male,49,39,No
dfcd036e-8dc9-46c2-90f8-16748587521c,41,Female,114,37,No
1df1a1e4-7753-4d6f-a0ac-8a7af75aa11c,29,Male,196,100,No
7162c1e4-720a-4c7e-9e47-6b992a4175e8,29,Male,148,75,No
18984b14-119e-4ad3-bbfd-74836971bfa7,70,Male,119,90,No
e0081a4b-7d8c-47c6-9ce8-a7ebada3733d,53,Male,163,93,No
d505d780-f83a-420b-9aa5-96f97941c7aa,38,Male,138,89,No
e5c11bfc-29f0-4720-b188-705dd637b228,39,Female,112,53,Yes
7cd5b938-1320-4f71-bba6-06680285a3f3,65,Male,109,68,No
5ba3154d-c720-44eb-8938-3f278cfefce3,74,Male,155,85,No
74dff928-e441-423f-b850-af4255601215,56,Male,170,31,No
2268750e-3bb7-4bed-803b-21c1a3203d32,54,Female,146,6,No
4065ca27-65eb-4bc4-b74c-e8331a56ad76,36,Male,169,55,No
fddabfd8-4e1a-40f1-b29b-308bc90bb620,67,Male,79,88,No
b452b513-a262-46b9-9fc0-ddcabdde1e03,84,Female,156,79,No
75492552-bb91-4fa6-a5ad-2cf432275405,65,Female,55,34,No
8b7949c3-5123-49e7-80e5-10a84f0887e3,65,Male,106,41,No
b4f1ecce-3cd9-451b-9f4b-5424c302da63,48,Female,195,45,No
fe05099f-8488-4930-82f9-ab32dd824539,45,Female,81,99,No
855e5957-c1f2-42df-a02c-7ffd05102ee7,27,Female,71,54,Yes
7a3ae0da-b208-4e0b-9ffe-6083090d54e1,80,Female,61,37,No
6608725f-f08b-4192-8c84-c5ea9f346d0b,79,Male,91,31,No
f96c0340-b68c-4e28-9081-2867724f4456,55,Male,115,84,No
d7da3ed0-f26c-4752-a660-1a7fb39fdc78,65,Male,146,25,No
6cbadff8-fe04-4f03-ac5d-381aeea75d92,52,Female,188,91,No
5839e0b5-a49a-4df3-9ea1-949e326e9c54,64,Female,172,23,No
2e64f94a-600a-449d-a8df-8f0030c99b94,25,Male,100,92,No
35a234e0-e26b-4ec0-9bd0-6ccc53bb289d,86,Male,55,39,No
92ca2916-7439-4bcb-a621-421aeab3a898,22,Male,34,15,Yes
48281e81-af79-44c9-9312-c8b4b4494054,53,Male,168,39,No
0bd47ccb-651d-4d91-bfbd-406774d94c55,76,Male,176,64,No
e55914cb-f1a5-43c1-a6ff-fc494c4129bf,58,Male,73,7,No
52423570-4dd3-4cd4-b563-2633930d9b35,41,Male,96,28,No
6dc4d441-fb8d-4c10-a9e5-3a913ad0e4a2,26,Female,166,91,No
c3ffaa46-ad4e-40be-a132-5070da15a750,42,Male,68,8,No
f6c5e807-9825-4ec0-9860-819740d2e5e3,40,Male,81,89,No
b62c26c1-e802-4f16-aa85-3b2563b1e48b,71,Male,25,23,Yes
1f93ff07-0e7b-444e-b833-ebbb53560196,20,Male,60,35,No
709e9d01-7540-4b32-9741-e2f2a85cd42a,43,Female,107,87,No
56e79fd4-12c6-47c6-be34-5948f2b9e309,65,Male,20,74,Yes
a4c07c7e-ff27-435a-b6db-4238d11e195b,79,Female,92,3,No
b696717d-86b3-4375-8b2f-3c8efc1e0bd3,82,Female,146,51,No
49912fb5-4ec7-4b88-8cff-67343db1ff60,30,Male,154,7,No
9dd13629-43f0-48e1-9449-ba1b15e871e5,71,Male,94,78,No
fe223093-95fe-4e0c-82df-c99501faa426,84,Female,108,62,No
a47233fa-45bd-4212-98be-63e1c2649508,69,Female,191,66,No
bfcae79b-e7da-48f4-959e-5f61e85b02aa,87,Male,86,73,No
80141bd7-3f62-4ff5-b567-0c792abd364c,82,Male,185,51,No
912427fa-07a0-4a48-8b40-6b37f4d9c10f,85,Female,94,88,No
6b5eeb75-1f48-4e1a-8d9d-c842bc8bed05,34,Male,28,71,No
d2a8fa7a-7a2d-46cb-b634-dfb7173b0c77,60,Male,173,37,No
4c736f0c-bc7f-4ebf-82f6-672386533bd7,33,Female,149,40,No
c90911af-e4f6-44c1-913a-0c7d5598ff73,52,Male,36,66,No
e554a8ce-a4a3-4848-8acd-cfd4add84d09,80,Male,85,100,No
2833e814-3cd8-40c3-a904-8d34222a2b66,20,Male,100,17,No
9b25a377-dd8d-406d-94b6-93fb7425b5d0,46,Female,57,100,No
05be1a6b-fca2-4983-bab7-aab250b0e2da,47,Female,58,2,No
40e0fb65-3442-4f33-a9a4-32f79f3162f3,68,Male,38,67,No
1ff13445-d61c-4a44-80d5-537e08f853dc,31,Female,195,68,No
f184dcae-adfd-48ec-a4ff-aa34ec7f5dd8,70,Male,71,28,Yes
e0a517d2-1fbe-45e2-9574-387ac93183c1,57,Male,175,19,No
25969595-8ec2-4bc6-9a83-538db0a080c9,58,Male,194,46,No
76be2b9b-f9b8-4a04-8d4e-774c4ed8cead,43,Male,29,32,No
07932e9a-9509-4f77-8557-c1ca2bdb67d4,65,Female,89,94,No
c9f37a51-5bd7-41c5-b2e7-932cbd50455d,30,Male,184,20,No
88b8149b-dc01-4c2f-b553-a78a83e1b983,57,Female,128,39,No
f54c4a01-8c39-4100-845f-8af53601c6a1,48,Male,40,62,No
a7d1c4a1-5cee-4c75-b925-e1b91f4a8674,66,Male,100,95,No
12931ee2-4fa4-4924-845b-a3bd72726c6f,40,Female,39,14,No
789daba9-dfce-4075-bbbe-b1834025befa,59,Male,39,49,No
1c40bd31-6977-4a9c-ae27-0682328d28c3,47,Female,75,73,Yes
6f960a8c-49c3-4519-b1e8-a454db73a9af,39,Female,36,31,No
d086e721-03f9-40be-8913-b550da2abe2c,55,Male,132,41,No
45ec6816-6847-4ddf-997a-df0737125439,67,Female,165,85,No
ea958f43-1ab0-44f3-a8ad-a464b2a78f8d,20,Female,98,92,No
3880c223-5529-4adb-b176-7833f5ce81bc,85,Male,161,9,No
a77a905a-1f87-4d6c-8f4c-061a1f983527,85,Male,120,93,No
aefc2341-9df0-4eb6-8407-50fb372cf59d,51,Female,159,19,No
280745c0-6f23-43c6-947b-0312467ded7a,59,Female,200,8,No
fce3ef7c-66b6-4b23-9eed-1c11218086f4,60,Female,47,96,No
1d745aee-faf4-40f6-8955-82488f2a1fe4,79,Female,181,81,No
9481a697-e7cc-4fb9-b97f-e143bcbe0d1c,38,Female,88,94,No
72065e19-9a83-48a7-a67f-bfa05fc4afda,42,Male,155,100,No
0d2c54a3-e26e-476b-bc19-55c8d7b026de,70,Male,81,61,No
93a8a98f-97e7-4bb3-8322-bb7d266f9987,31,Female,146,46,No
becdb2e5-b566-48c4-8853-e80a749db1c4,54,Female,191,97,No
535373ab-a3d3-4f8f-8233-c29591b9c976,34,Female,147,28,No
b0bab2a4-7eb3-42d6-9935-1d2b062b03ad,53,Male,105,97,No
73b93103-8d6d-4310-982c-15f7279f7e71,45,Female,79,21,Yes
924fba3f-4f29-4d66-a52c-4ed0a315cb16,58,Male,59,93,No
491bb25a-3a79-4cc9-a5ce-e4ac2f78508f,61,Male,196,100,No
5aeb1844-d565-49fe-b6f0-20b451c16a0a,64,Male,67,82,Yes
f9c906b4-70df-441c-be8a-c6fa1783a69e,53,Female,86,72,No
9bbb7c15-1e39-41c9-bb58-59ec596c3f71,32,Female,173,58,No
c0e469a4-c416-4ffe-bdd1-c6ea25a9a5f8,25,Male,133,82,Yes
585c4848-c328-40e5-9189-63d4b0306386,57,Female,141,93,No
4ccc8130-0371-418c-b637-1b4606498891,77,Male,78,62,No
f8795a7a-c53c-4a99-b2df-789ad9728d63,90,Male,187,41,No
a82fd11d-de9d-4b9d-beaa-c5316a1610b5,67,Female,166,32,No
fc04978d-23dd-4caa-ae07-8af6ba2fd9f0,27,Male,85,48,No
51e4c6ab-0ea6-4cfd-9acd-55f392a1adc3,49,Female,133,36,No
b7b6d6d1-af02-44c5-be62-11bfda1362e3,63,Male,32,68,No
0f7f193a-7b51-4765-b350-0a4852705afb,88,Male,187,18,No
f958adec-5ea4-4a9d-b7a7-ad00b554245b,77,Female,46,50,No
2c4dd09c-e04a-4ce7-b98d-92674d83a243,90,Female,188,74,No
b1b66656-b0f3-4959-981f-6be8f7d90672,46,Male,110,11,No
795cd2c5-8a68-4d8d-b61f-e9dd448cec33,77,Male,105,6,No
533f4828-ffe0-4121-aa9f-a0a1d2cd8abf,52,Male,23,12,No
ffc22f0b-c429-4a77-9450-ec595a6f5d97,74,Male,33,19,Yes
82a10cea-5c84-4136-9712-aded5133d6c9,65,Female,36,16,Yes
964723c5-8649-49cf-9f10-379ea46ce9e7,82,Male,49,20,No
45a73337-07e1-4630-9be8-343ea2561102,38,Female,129,4,No
6d091968-e758-476a-8836-168ea99cd51b,45,Male,197,52,No
2bb28d59-b946-4a2a-969f-dd1ee8e359f1,53,Female,130,75,No
111a5c11-6df1-4051-aa3c-23ca7a3df86b,63,Male,171,40,No
9de76632-2b3b-4517-a0d5-316a224e16fa,23,Male,159,43,No
849fcb23-401c-4566-9028-f6f32da2ac12,88,Male,47,80,No
38f4e5c3-c1e3-4c83-a101-56df9f4d9552,38,Female,96,95,No
33860819-eefb-4215-b154-1b2f49ca8a97,19,Female,154,87,No
976ea7e9-3871-46c3-adce-8fbba9b051ff,44,Female,178,9,No
47a2284f-7c76-464d-b8a5-152772b9e307,35,Female,179,67,No
0fd6280f-6b1c-4e5c-bf51-36762801e241,42,Male,62,47,Yes
9671b3f6-f11b-4f7c-a80a-35b04393dfdf,24,Male,65,14,Yes
78dbca57-66c6-4abc-ab97-2036047e361c,44,Female,180,73,No
9fb753e8-4bdb-44ba-9a9f-ad1dce53ef42,63,Male,78,7,No
e7afb23f-d4d3-432c-bc28-d4c808954b49,40,Female,116,44,Yes
d9afe6d4-c980-4d3a-be1a-f73342ffcaaf,88,Female,34,20,No
26a2b055-8e17-492d-97f6-4c4d9e884a05,47,Female,119,15,Yes
b7d59f96-2bf7-431b-a44f-2c8e1e3f4db2,52,Male,84,88,No
b967c439-1294-452d-a86a-b51fdd2fd9c8,68,Female,190,22,No
b91a3f10-d4cb-40e8-ac20-7f9cbad9266c,58,Male,24,92,No
948f3dc0-21ee-4a6a-9f22-9355ee38857b,20,Male,155,63,No
0b62d99f-2305-442b-8c1c-2dc11f2fb1ac,67,Female,142,5,No
3febbf8f-ef99-499e-94b3-f02006e4298a,59,Male,48,89,No
96dab232-43ad-4b33-a919-8316551eaba0,72,Male,168,42,No
851456b6-1b45-40b2-a99d-9c22099eacbe,26,Male,117,79,Yes
aaddbd36-f3c6-4a5b-a5e5-b4d985adf69e,48,Female,101,46,No
0aeea8f6-9931-4a49-875b-e75c19537bda,87,Female,66,47,No
062695b8-fade-4dce-9e10-4f6c41c27037,54,Female,98,47,No
fc2724dc-6027-4bb8-8a45-20cde440492d,26,Male,176,96,No
6581faff-4703-4d60-8675-514a77ba1b5b,67,Male,181,17,No
2fcf6324-457a-4c5e-8d4d-77e818a37930,66,Female,68,12,Yes
b8b1f7d1-3694-40da-8d82-4304293eb7bb,57,Female,134,32,No
09b8c9ae-1887-4c6c-bdea-d89e6e252dfe,35,Male,73,10,No
ab7ce2bf-1712-45a5-9090-26f621855113,78,Female,159,87,No
84ebff02-7462-4a22-86cb-4ff7a65ea5b0,60,Female,199,77,No
8d3095a7-0c89-4592-8d5f-b0a4377127c6,55,Male,22,79,No
2485020f-33b5-4735-abfa-79d5704f79ce,86,Female,189,51,No
10a1d625-e263-461d-8fc9-6dc68424e2d6,48,Female,187,10,No
950d7ebf-f489-4b96-9c0c-7dfdaeed0ea4,58,Female,36,93,No
538d0e4f-4fc3-4e3f-a4e7-0fae8b86a627,77,Male,72,64,No
e9741fb3-36b8-4e9a-8c51-fcbeb779ad53,53,Male,94,63,No
b2ccea38-2139-4f23-bfaa-c21cef63864e,87,Female,20,83,No
5efd834d-af42-4bc8-95b4-64a5fa18538c,25,Male,93,13,No
0c0cc8a8-1496-4c5a-b1d3-afeecba92cdd,56,Male,108,30,No
d3a84550-2b1a-4724-9e63-4b2d36cb2291,36,Male,141,20,No
5c708fc0-dc89-4fe1-8acf-cb2b829985b2,83,Male,100,97,No
93f3db37-0eb0-4b39-bc46-d69d136ea377,22,Male,68,44,Yes
6546b48a-3252-40e4-b1e8-f2abf7978be3,90,Male,155,74,No
de3f65f5-7bd6-4287-b94e-27d557e98d62,33,Male,136,98,No
06dd29fe-bcd5-43df-80fc-f7512f461b06,50,Male,122,39,No
4ba86c5a-e1c6-47d3-be30-eb224d6a2e3f,47,Female,101,46,No
1c1e7085-9e24-4c92-8b75-20fa546194df,87,Male,77,47,No
74eb261f-868d-4d77-aab7-ee14189cf9a2,63,Male,64,7,No
5d0893e9-3164-42f8-b8c9-ec3e55795e11,29,Male,21,24,Yes
0292b0c7-20ba-4047-bf5e-cbb2fedeb00e,37,Female,25,9,No
30176fcd-742b-4687-b058-2b1f65c0793b,64,Female,49,56,No
cdbf07c9-82cb-4865-b23a-46530aecebc6,27,Female,173,54,No
85f104b1-e2e2-4a79-a8d9-8921b14e3467,56,Male,47,49,No
3d16fc7f-123d-4f72-983f-d18179e8b5af,72,Male,42,61,No
e08d5381-9cff-4800-895a-fc3413098de6,88,Female,111,16,No
f9659729-36bc-49f8-8669-62960c87ed6b,20,Male,194,17,No
b96621fb-0acb-467e-8bde-0770531444db,63,Male,79,43,Yes
de975d01-a6ab-4fd7-b8d4-c24b2b600c5a,35,Female,195,37,No
0abf1012-8bb3-479d-be76-1ea630f9132e,90,Female,48,72,No
d4c1183b-bdbb-4796-a465-446a3ab8bae6,31,Female,34,50,No
3148e718-4353-4d85-b85d-3fcc9c331033,22,Male,63,85,Yes
cd9d6604-ee06-47c1-afb5-e8657ebf5704,42,Male,148,41,No
94891796-76a9-4954-9e0a-121c7e4281d1,57,Male,190,73,No
557e68c8-0c57-496c-a927-34d72dc491b9,84,Male,167,28,No
a1327874-7cdc-49f4-b603-bb0581a8e27f,56,Male,102,20,No
72a8f795-3aff-4d27-8113-e12295a232c9,57,Female,56,40,No
eefc4356-9b5e-45e3-88a6-baf771b240f5,88,Female,44,93,No
697cb3e2-79c4-420a-85fe-84c199e4ffd0,19,Female,31,61,No
2740a4ce-b4e3-4e5e-b432-3d864d88b39b,81,Female,174,95,No
8d0b1db0-bb3c-4f60-b9a3-288c86ef9b57,79,Female,30,41,No
10929869-73d2-440b-87d8-d2dc36967d64,57,Female,154,3,No
17e91974-e399-4a3e-8d33-4142ca92f14b,20,Male,73,77,Yes
4d30d5a0-9f1e-47d4-982a-9682c5d6add4,88,Male,173,14,No
56e3a021-99b6-46b2-9f97-ceb6f2d68a07,44,Male,195,40,No
7f355b48-1b92-478d-94bd-5be1ec2a2a51,34,Male,176,2,No
ad2d4261-5ef5-4762-a60a-3b3794ff7321,47,Female,35,77,Yes
17d6a861-8fdf-4468-9799-6c8eb1799690,71,Male,90,100,No
bec5d528-5e59-41ef-805f-31551d2925f1,79,Male,105,37,No
615a0b4b-1740-468e-9b5e-a42a9014acd7,47,Male,25,25,Yes
9bd7d00f-4879-4f10-9650-5a96c63b4344,27,Female,106,6,No
2097f4b3-3b81-4b5b-b9ed-820abf5c1685,82,Female,154,30,No
d94ab04c-f76c-4428-93fe-7d73e179feeb,36,Male,136,69,No
c62066ba-04be-4619-9728-cddf2bf2f482,43,Female,195,51,No
81e3856a-4f4c-47c0-a3f4-1185410b2aab,73,Male,89,94,No
952cbff8-9077-4c90-9219-82fbfa776d68,35,Male,45,60,No
205be026-4a21-4b52-ab6e-8b0d6ab9a652,29,Female,147,4,No
cad24b56-293b-4d4b-99e8-bc08cc409c9f,45,Female,84,22,Yes
789a7cee-f94c-41d1-9499-cac09efbb994,87,Male,151,38,No
7017c240-1d7b-4169-9967-d85195210b50,63,Female,62,88,No
29493298-5ece-45ef-bf4a-d8fadb2ccc2d,58,Female,66,53,No
2deae714-f157-44c1-ad3a-ac93f3622bbb,72,Female,76,22,Yes
0092d0e3-7822-4eac-ae74-d682b9795686,51,Female,88,32,No
baca9ddb-78d9-436e-83fb-ad7d8712e6b7,61,Male,125,80,Yes
a42bf9bf-1abd-4960-9dc8-78af86389e42,47,Female,172,91,No
1c220c5a-9550-44aa-9a21-ec2a7094ae5e,54,Female,154,3,No
e6498503-4f54-4268-9e19-44fef2ca1c8a,72,Female,46,71,No
86d39eb6-4b6b-4aab-86a3-d7df1d5a5165,24,Male,156,68,No
2972fd81-20b8-4555-9c78-a60c2962c20f,21,Female,43,97,No
acc6eadd-89b8-4d70-b753-1f29da6c0672,41,Female,99,14,No
cc703202-d9d5-4a09-a74f-15e3bb6f694f,90,Male,114,47,No
1e8b8c0c-e19c-4469-9017-0d78d338b752,54,Female,34,44,No
b6f7cfdc-4e88-4993-a653-6cc524abd0db,87,Male,161,73,No
ec5644c3-7972-46f6-9672-788b3652d6f5,85,Male,151,49,No
b0a913a2-c58f-4997-81a7-2b28ed943984,61,Female,31,13,Yes
14682b61-ec0e-4839-a47d-5f1adb4b78e1,21,Female,187,73,No
56f417d4-4171-42ed-bb17-34333028f3a0,30,Male,42,1,No
8eb46ab5-61f7-427e-bfdf-1f19053cb512,71,Male,95,54,No
dfb62f60-7a4f-4bf8-af9f-ac4da6c49d40,29,Male,181,63,No
bb852825-b5aa-4026-808d-019b61485653,84,Female,87,28,No
21ae298e-7b79-451d-a2d4-c837ce3a6b66,30,Female,113,60,No
7fd1f0e0-909b-4705-91b1-3af844f608f6,80,Male,155,96,No
b049af8b-0541-4f4f-99be-9aa445cd8286,25,Male,52,90,No
58bde2c6-669e-4957-9ff7-c6c3084dd795,45,Male,170,42,No
d992a874-c20c-4f9e-9619-832d355acd74,59,Female,44,40,No
cfdd6340-e41b-4598-8a09-f5596ff92167,78,Male,159,76,No
a55c943f-c395-4499-a096-5395148be2e7,71,Male,69,39,No
6b4d910e-d478-409e-8b74-236a5d7ce5c1,76,Male,25,68,No
8b9a8d7f-d7d6-4209-9166-e024aa2d3a64,75,Female,140,82,No
3d95f36e-4bb3-4566-bddb-dbf82a9eb660,58,Female,21,50,No
da0d6e95-5ad6-486a-a1bc-311fc09125a6,77,Female,22,74,No
aebc012a-e9ba-45e0-96c8-4d6795b0f6bc,37,Male,85,49,No
dda58154-1b3f-4aec-abcd-eadce103244b,27,Male,180,93,No
f8262789-f390-47de-a65d-4ccc86d9060f,24,Female,193,22,No
a2e9e954-fcd5-4161-b868-fb9f1ec9038b,75,Female,129,57,No
1d1bbc47-8d9b-4529-a5f5-0aa3c17f4032,30,Male,87,31,No
c89aef0f-c649-47a7-a67a-983f90ecdc3e,58,Male,86,67,No
4bcd1fa8-816f-40d6-8731-ff1eb7890303,57,Female,73,33,No
0c27cbe4-1c15-448d-82ea-a731d596c735,56,Female,115,84,No
7308254a-6489-4f53-ad4f-216e4b8ff15a,80,Female,51,52,No
f4f3072f-f91b-4bb5-b0a9-e26f66c8ce37,46,Female,33,64,No
069cb341-7fcb-4f65-82cf-4c8716a7d7d5,40,Female,149,26,No
7edbc597-e220-43bb-bf6b-b120d1c7143b,60,Male,84,31,No
a48dcff8-ae25-4a09-81ff-393c1d6ef80b,55,Male,130,61,No
92abf4d8-e86a-437a-ba25-e6bc55fefe43,25,Female,95,75,No
286ec58c-6b88-49f5-9b0b-0e4f1a6f73df,34,Male,67,79,No
ccf230fe-fcac-4390-990a-498243608937,87,Female,177,15,No
138dd8a7-a8c9-4509-8d72-efb3b9abf2cd,61,Female,159,43,No
6a6b007e-a22d-4a66-bf58-82064c0b1425,20,Female,188,58,No
7896b26f-4d3d-4813-a5db-ef51beeae2f2,48,Male,111,28,No
a629af16-2531-4b38-894d-f20b9b41b6f7,36,Male,78,8,No
75280805-f45d-45ec-8617-aa75d7152854,68,Male,99,67,No
765d6ad1-8fdf-4c93-b455-9b5a80644dfe,55,Male,73,34,No
27a9e362-ed4f-4751-9887-9f63f9fb99e6,69,Male,130,79,Yes
ea55c1a7-932a-4875-94d1-9ce2f6b377ea,59,Male,170,7,No
796119cb-dfef-4934-bd53-3aa518ebfb97,72,Male,25,62,No
bdc33a57-fd0a-48da-bb93-83218204e4f7,40,Male,56,71,No
4727d8ac-3b36-4187-8202-1dde56b90c2b,65,Female,69,6,No
77dd81a9-f019-4292-9491-1e9c8009b615,84,Male,57,17,No
af1a0cb7-ca08-43b1-ba21-7ed29ce8128a,57,Male,95,6,No
0a0be030-0447-4190-b141-0a8a20c0c1e7,73,Female,106,82,No
8950c924-4a1a-4150-ad29-28a235045631,35,Female,43,90,No
69a4cda6-3c3c-40f2-a988-80789becc43b,18,Female,47,8,No
620c7a5d-9185-4165-8250-563e4dea4a83,26,Male,25,72,Yes
2beadd96-e387-4979-9104-eacdbaeddd99,30,Male,57,77,No
ee46e945-3e30-41ba-92e4-305d6b7dde2f,65,Female,150,6,No
8c5a6bbf-4af5-4334-9c1c-c6fca4f137e7,55,Male,181,98,No
af09a417-6e1b-4bd3-b064-37dc8447701d,42,Female,24,42,Yes
0bc58e32-4929-44d2-9bb3-885fb2774a26,82,Female,199,67,No
f16b4b7b-891f-4b13-9f37-c9e95422fa2d,88,Female,113,52,No
4445712d-0e92-44a2-af2d-d2ce4e0d1cf0,65,Male,152,52,No
de61bdcb-9004-4bd3-9f22-17942a292085,55,Male,138,84,No
a10f5cb4-88ea-4075-8dec-56cc8e306c91,90,Male,27,31,No
7ad3d1a8-be3b-4b1b-9630-7a20deec5e14,21,Female,102,90,No
26bdb3fc-b871-4574-a40d-5bc6646d6515,56,Male,31,29,No
208e6edd-3573-4bda-bc9c-052337061b36,36,Male,68,79,Yes
a9fb9b9e-70c5-4a1f-a2c0-07b91dd303ad,45,Male,30,99,No
5c56a484-09ac-4611-9f50-aa73e8d966e7,40,Female,45,30,No
9d553cfe-2498-42c5-8e02-85f7be7b849b,77,Female,101,35,No
969fd2e9-7edb-4dde-92ce-ca9695ab8b66,26,Female,72,65,No
5adfb331-86bc-4876-b54b-482f4cee298e,20,Male,115,35,No
3775a037-abd2-49cf-87b5-009d1cbb6386,31,Female,124,77,No
e272e8e3-a5ef-4834-a350-6902581dbed2,22,Female,136,37,No
3cc7103f-f599-4924-896d-d8d2fceb7269,64,Male,143,86,No
e8feb92a-a005-46a6-b0a0-74945c9ca516,32,Female,188,68,No
c5401bf2-e46e-4c40-9b2e-d0db305b858a,76,Male,113,22,No
ef5298ec-d863-4d2a-9541-d92b38bbcd8b,78,Female,45,75,No
d96def85-54fc-43e0-bbf5-63f70bcb501b,65,Female,158,24,No
812b3da2-c2ef-4b11-bc29-a7c62cada83b,73,Male,71,61,No
7ffc2d18-e795-4cc9-8edc-8a680cefc760,80,Male,114,19,No
77b917cd-0005-4462-b407-a3a38bed36c7,20,Female,101,46,No
4f2f4d63-3f7c-4a3e-90de-343332b0a9cb,63,Male,141,71,No
34e4d6c6-da03-4c2a-849c-81e8c5b07166,55,Male,122,42,No
f9516307-8442-48ce-a86c-3751dc2ab799,32,Female,93,88,No
4595c645-6413-41bf-9aaf-5a40ef4dc7f3,73,Female,49,18,No
b6cc7490-95ab-41b7-bbab-405bc0416f3b,39,Male,108,41,No
a3366ec5-35cb-47e6-8ff3-87d91f365edb,49,Male,23,37,No
60aaf8b1-632b-416c-99dc-f1954755b7e0,34,Female,132,26,No
39801a05-4d0a-48fa-8317-c9beb4fa105f,43,Male,172,61,No
b245248e-1b3d-41e1-94ba-801fd1982886,37,Female,192,30,No
f373714a-4724-47ec-b4eb-37a9ce9e0a1b,59,Female,79,54,No
bc454e1a-ec5e-4f33-b978-18199924adbe,51,Male,188,76,No
a399df0b-3ea5-4b49-9cd9-d0bbbdfe4dee,62,Male,99,48,No
44626ef3-3953-4b5a-af86-88e5a5185dfd,19,Female,138,38,No
ec889ede-31a7-46d4-8643-3feef7174c87,73,Female,120,88,No
e6c2dee0-b3a0-4e50-8399-837466650904,56,Female,162,91,No
76281a27-02b9-4df0-b772-c0f1335d51ea,38,Male,88,72,No
b6330acb-fa99-441d-a8a8-11b60b338711,50,Male,186,38,No
b44e9a77-ce0b-49e8-9c95-739d19205537,55,Male,108,47,No
ee8ea13e-2338-4da5-8f78-66827fbfd288,46,Female,185,40,No
926aa63e-5462-4a2d-985a-00ad54440c59,30,Female,91,2,No
375242c2-c0be-4a30-b0a5-1b2aa6495f3a,37,Female,166,24,No
bee2afa4-519b-40ad-bf61-6b0f9f95ac8a,73,Male,74,80,Yes
8c7bd150-64b3-4203-9966-f08ca1702d4a,90,Female,196,69,No
be61b8a1-b856-46eb-ba5f-0ab7f5c5c633,51,Female,172,59,No
44012f2c-c811-44cf-a6a1-c82c97532323,76,Male,162,34,No
5368dde8-143c-47c6-84f7-447aa82f3123,51,Male,67,98,No
a9caadb5-0837-4412-ac56-b25b52754183,63,Female,73,94,No
d3c4d72b-8ae9-4f50-86b0-73d1c214c60a,40,Female,133,50,No
d4196c55-b0ea-4d1a-ab4a-014609991c37,59,Male,61,96,No
68ddb1ce-827b-475d-8133-18bf3a110f20,27,Female,157,43,No
8253d688-37c6-47cc-aab8-ac205e538ea9,39,Male,170,32,No
d926051d-e6da-43da-8694-7d31885e333c,88,Female,128,43,No
918756ac-0c84-4190-9431-97e3008d6792,34,Male,198,2,No
1d05aa72-0ee9-403d-9654-56f7877149a6,27,Male,182,76,No
4856b714-da3f-4e52-80e3-4511d454e7fb,30,Male,166,44,No
55563930-ddc6-435c-837c-b9f757dcd4e3,69,Male,22,28,No
ae137857-3a93-4bbd-a43a-d1a963f8e89f,41,Male,33,41,No
903cc13b-fd70-4237-953a-19f55a6f524a,74,Female,128,29,No
3d8bcee0-89e1-479c-9674-8d64038bcf53,68,Male,189,67,No
4e03fe8d-aa93-4eb3-8921-32e83d54f236,62,Male,42,62,No
4d7f4638-e1b0-4623-a5f0-4cfc87859126,66,Female,122,57,Yes
db2bcd56-63bd-464e-8898-f16c86eca28c,59,Male,108,5,No
95315d09-49bf-47bb-be70-28613b4c7835,25,Male,123,90,No
8bbbc5d7-83ef-4af4-9aaf-6d659172bea4,72,Female,84,85,No
abd8b5c5-7092-4480-bab7-1834bd7474a6,45,Male,124,59,Yes
141d1792-85e4-45ce-8f3c-18b04431a812,38,Male,135,61,No
96237917-9c2d-4deb-a182-70064548a873,18,Female,170,32,No
3e74e158-066d-46ff-a985-f97ff6f5b44a,67,Female,171,67,No
0a5c381d-757c-421f-8b33-ca036e42cf4b,45,Male,75,56,Yes
3fca14e7-00ad-44e0-b99f-278af04056f0,26,Female,187,51,No
4666e3c3-125d-4480-a6d3-e2ae3b95e8be,69,Female,40,5,No
5ecbedb9-5413-46fa-bde6-d2c4d886e42b,81,Female,102,100,No
1a33c9f8-34b9-4895-9fce-f7877e08e204,52,Male,194,5,No
7ef1cc45-1b19-4614-acec-e298f08d6c41,42,Female,84,13,No
908dbcd4-c61b-40a0-84b5-5be1a394215e,19,Male,87,72,No
62054494-a0d3-4d2e-bfca-a5d922aeee75,30,Female,80,91,No
ea8ea497-ab35-4b25-a289-9adc6a508307,54,Male,111,46,No
92be061a-08f0-4f52-b49c-68ff7c1dbf8c,72,Female,117,89,No
d492e5ca-65a8-458c-a581-65d1922fd50e,76,Male,105,52,No
d75ce804-39d3-4067-beb0-a0bbac985ed0,37,Female,109,86,No
650aa517-a1da-4b86-a1ab-d5d7c0016fdc,77,Male,45,89,No
15554a44-2d57-4a6e-82c5-540121c15baa,79,Female,114,15,No
9eca4612-092a-457a-af40-decffc61c284,42,Male,121,91,No
8af35998-65d0-4dc2-9550-a6fad4db64a7,21,Female,198,62,No
fa456682-9f20-4dcf-8572-143fe21626fa,31,Female,130,64,No
4bff5832-5c04-46b2-8670-77d5da307560,58,Female,169,98,No
6921cc9a-217d-4a7e-83af-62cd9ffb0bc3,40,Male,196,7,No
fc0497a0-b6dd-451f-b041-d42fdfb2d7ad,76,Female,139,67,No
561f4fda-c944-4448-a2f7-2ef190e67db5,88,Male,89,48,No
33becd19-56ea-4f4b-b7f1-b39c1f5dee7d,66,Male,116,13,Yes
be1bf64e-f3c0-4d6c-8e62-545aee11d02b,61,Male,26,47,Yes
3d3c55ab-9ee8-4ae2-8490-334b1181424e,85,Female,85,74,No
eefa3ac1-caa3-4a04-9a3d-16e01059fa89,31,Male,194,80,No
48a1942a-ed80-47c0-9483-65e66467f3c5,41,Male,68,27,Yes
57a51e44-98a4-48bb-8e3f-56a33a0e3b4c,28,Male,91,80,No
b25ac459-8564-4b82-82e5-9eece251c7d0,86,Male,98,41,No
a71d3a9e-2df4-458e-8968-9fa179cee136,87,Male,104,27,No
57895e34-2f89-4d84-b6f4-96fa2300e12b,24,Male,167,53,No
8c923f02-c6b1-4e92-8d5f-de00e300d215,79,Male,138,57,No
a1318d9e-2c15-468f-84d3-1361fd273c7c,75,Female,132,6,No
610d09e1-9c9c-4eaa-b485-98c2876097ba,27,Male,136,100,No
1213a58b-b16b-4b02-9432-d396c3d5598a,47,Female,63,40,No
f88cf84c-1dbb-4b99-8e8a-f1e3fbe9d24a,83,Male,94,6,No
8f25074f-eb25-4541-83c8-24989fdec8a5,40,Female,160,61,No
642e132e-eda8-4f9b-9a38-118b4a5d697f,65,Female,79,26,Yes
f3886163-b167-4cb8-b624-39880560720d,48,Female,30,95,No
6f27c307-bc0a-4671-8261-634376dca70e,49,Female,183,5,No
b931b424-01ec-46a2-8d9e-2edc0d320e2e,35,Female,142,19,No
244fd37a-7360-4db8-b09e-ff7a710d0081,67,Male,52,56,No
7eabeedc-0677-4d11-8eb5-ebd2247d5865,75,Female,69,87,No
3c887f6e-9109-49a3-ae13-83ccb404f14e,88,Female,149,97,No
e727a412-edd2-48c1-a1e8-a799ba0e3a72,84,Female,183,64,No
2c876af7-4dff-4fb4-85fa-5793dd340637,72,Male,100,57,No
a17cf664-a9cf-4f65-b9c5-3596e424bed0,87,Male,82,60,No
2f24fb70-559c-4e96-89de-a1107416f279,80,Male,102,56,No
a11f1d85-fc4d-4253-ad6d-34103a3b2b86,75,Male,97,79,No
b1de3275-fde1-433e-aab5-d0fdb57204d6,24,Female,52,100,No
543b9cec-9307-42b1-bec5-572f967791ca,34,Male,38,54,No
6734c177-1182-433c-8aac-e85e33f229db,35,Male,147,40,No
b744365f-fd0c-4e71-b7ea-7204e8caf304,60,Female,43,48,No
c3bee31f-6c8c-41da-b64c-b832ea28a52b,33,Male,137,5,No
f448de75-b937-47aa-8fab-9d147995ed25,72,Male,66,96,No
fe3feb86-f232-493d-a35d-602f49e2c2ee,46,Male,181,25,No
f9a60a02-253c-4daf-86b8-97c335a8a340,27,Male,150,42,No
57a83efa-bbc2-4cf1-84aa-bc7f7422ab01,90,Female,141,2,No
25a697b7-176c-43d1-a925-e33004441fbc,63,Male,80,8,No
3d29bcfd-d54a-4bfd-9922-324194678fee,35,Female,169,31,No
b48fd481-c436-434e-8e13-7aca612fdde5,34,Female,101,59,No
3f40cac8-88d9-4f90-8aae-3cdc3354f840,36,Male,64,85,No
22b46624-4b9a-492b-a936-434652f32d92,55,Female,44,31,No
ea6f2617-9a11-4776-b23f-f55f4555b8b9,20,Male,61,78,Yes
473fc5cb-5e04-4e17-8784-e713499a174a,47,Female,42,83,Yes
121ba20f-0d67-4527-be56-bc9b0da8fef6,48,Female,79,2,No
c9daa459-ee9f-44a8-a622-305680ac5df4,29,Male,86,18,No
8ff633ab-5580-4439-a5ce-a1fa2e9084af,55,Female,171,29,No
0dab695d-e804-49e8-b735-0d11b38c6137,38,Male,112,41,No
f6480d7d-3a0e-4d7e-96a3-eb06a7251726,22,Female,28,24,Yes
34a0e93e-45e2-4247-80ae-95690bf82da4,48,Female,125,100,No
a07cb469-c883-4875-9722-1a7252fb1966,67,Female,134,99,No
6635ff8a-4196-40dc-badf-1f5136e0a485,20,Male,190,69,No
3a696f5e-aeb8-42ca-91f4-c66cdfc297af,58,Male,171,81,No
3ad05593-147d-4e5f-b8be-1ead71af63e3,66,Female,124,63,No
231d1f78-d2c7-438e-9aea-a5659121cc67,34,Female,142,26,No
3dfa99e7-8da0-4e15-8c6e-c370f3d18f0e,43,Female,158,92,No
3fd96751-f78a-4ff2-8d12-9afc920d4811,88,Male,36,40,No
81566d0e-e749-4b1f-ac68-c84a3d23aee9,50,Male,47,80,No
30efa6f4-5228-4cc4-b3ad-7f3880c2baed,90,Female,117,5,No
cfca0560-a490-4acb-a846-f47a4e5ff891,81,Female,150,53,No
18c89cf5-f2c0-47f2-b92b-c89076d0340e,70,Female,40,88,No
0edd3713-2a29-4c0a-b963-ff71dbb450c4,79,Male,134,96,No
e4189764-e607-43e9-9578-462cfec06404,18,Male,167,8,No
7c74dc96-8132-47f5-a169-8b05446d600a,36,Male,189,76,No
06969434-e24e-47bf-8c63-49e0f4fcefc8,77,Male,103,62,No
b2b2db95-aeb5-4e55-b4d3-69c2c1e09b53,24,Female,53,34,No
ee582a3a-41b4-486b-bd16-bdc0b34b94ce,42,Female,126,76,Yes
a6609e6a-d832-427d-bd09-127f62e2582d,45,Male,128,67,No
727fe833-afe8-4a88-9041-12f3e0c73f4a,58,Male,196,2,No
95d0311c-b07f-4a06-8510-202e93991b57,75,Male,137,72,No
80847316-4dcd-40f2-badb-aee4dd01bf0c,80,Male,59,72,No
9bb8df07-6da4-44ef-b9a9-f729bfb56d8e,65,Female,168,87,No
b18714ec-a718-46f6-a37d-cd948f12fee5,53,Female,123,27,No
ea3af3f3-d243-4e45-b734-8ee205dd84ff,85,Male,76,72,No
68c5c103-ceb0-46ec-afcd-65af96c70ea3,84,Male,69,59,No
33db02db-40e7-4de2-a3b3-91e73b02f6a9,37,Male,73,6,No
1bd50a2d-8287-40ee-858e-ebc73ac58811,83,Female,166,34,No
dd172922-22f9-4194-b187-50e4a3b60c4e,62,Male,177,26,No
b692e588-fcdc-457d-b272-fd4d2c6b1fdd,35,Male,53,48,No
532a071b-c254-4526-bf27-1b4fefd6ced6,19,Female,26,27,Yes
04d9905d-4e8f-407f-834e-09c75a4c5c74,26,Male,70,63,No
6601eade-294d-4f4f-a919-fd57f18573d2,18,Female,185,58,No
48d255da-7639-4b2d-a704-9abae7e66d16,60,Male,28,54,Yes
9ef966cb-dbb6-4e81-8e4b-997ab38fa830,29,Female,28,66,No
ca088e80-8879-4bfa-a4c9-679495cdcc3d,68,Female,73,94,No
d8e45483-cff9-4b08-81db-5c2ceaba1598,57,Female,119,77,No
589e6157-9633-4994-82c4-bd5714e44c88,27,Female,177,42,No
e97c0d53-d9ba-4305-a247-e875287d073b,61,Female,103,99,No
d9a0894c-1379-4804-af15-5d0ebe939411,37,Female,96,41,No
c7448618-669b-4a69-957f-fa73664bdd94,71,Male,182,29,No
707e3a99-9f31-4b8b-a156-7d942ad7fa6e,66,Female,175,17,No
4f5dafe1-2dcd-4cea-ac42-4b7517670edd,76,Female,36,90,No
75f91735-fa15-4bf6-bc64-94d76a44e2ad,25,Female,144,73,No
fad3de43-92ab-4cbe-8c37-9c0f1dea417d,25,Male,45,66,No
031f1989-9827-4c5a-8d1a-a01fde83dda8,57,Female,175,97,No
d6d1c66a-9767-4055-8959-85256d47a725,64,Female,67,55,Yes
e9a4bf22-0465-4c3d-bdd9-47225465a7c6,43,Male,54,28,No
58b9e272-cb89-41f8-98c5-dc8c9b358133,86,Female,22,100,No
3c81468d-10d6-4af9-88b3-dfbac7d36a1c,65,Female,24,42,Yes
92621729-5cba-4914-accc-d5f815ddab68,75,Female,23,89,No
45fb04c3-51f4-474c-87d3-b62c13e6ca89,22,Male,115,95,No
0d2c26d3-a9dd-4649-b284-178889b82bdf,53,Male,74,73,No
6cae82b7-e690-4d6a-80dc-572dc3255117,40,Male,41,85,No
cd90e91e-01c3-4ab0-8a04-b5bec8434806,40,Male,116,70,No
aa679540-c8fc-4f22-b5b1-82517f565fc7,40,Female,122,86,Yes
48c4a218-a551-4e40-a17e-5b5e0a52b72f,37,Male,79,48,No
43db418a-2aff-43ee-99a9-326998983183,47,Male,52,84,No
7ee425d0-69d0-4e50-bfaa-222ce27cfdf1,39,Male,112,91,No
bb7332f4-5e4b-439e-a436-b97b954222be,89,Male,107,82,No
edc5d6bb-082a-4389-9f95-d42462aea858,65,Female,141,5,No
8db16662-878b-472b-82d7-0fa23d0faca2,61,Male,76,100,No
0e02fb88-0b19-42a5-a5b4-52e420d2e4b2,77,Female,195,84,No
db074a8e-ed66-4e9f-a6f0-ef64a3a8b40a,82,Female,112,18,No
4ed38853-f11b-4cf8-a594-625122a07273,58,Male,115,30,No
6b91fabe-c5ed-4b4a-8120-7903e7a8df9d,75,Male,25,90,No
c185600f-af49-4470-8191-a316b367963d,87,Male,155,69,No
e37e2dfe-9e80-495b-a2ca-36846acb515a,44,Female,193,82,No
f8b52c93-4ba8-4191-b192-894ebecb8498,36,Female,77,58,No
083739ec-bcd6-40d6-9ec2-1c2723f94659,38,Male,22,98,No
ef1fb54e-ed0e-498b-9ff1-e9a278157e3d,18,Male,78,62,No
3712778e-7206-472c-886c-60ba10386fe6,44,Female,50,58,No
7383e73c-a062-47d0-bfc4-ad97d88ef8a3,88,Male,25,52,No
030f481c-ab29-4f33-a49a-a8b9572aabe8,27,Male,147,97,No
953625a8-a8f7-41aa-afde-b0a7658a8773,73,Male,47,40,No
ead35eae-d99d-4cbc-8868-55ee52588971,36,Female,147,3,No
8b5d63b7-455c-4a61-95bd-4f213cadee1c,23,Female,94,31,No
d9566d21-934a-45b2-9cb6-62c66d2c4a1d,68,Female,53,86,No
ab36a10d-db26-4238-aae6-03ba76ece0f0,43,Female,115,97,No
bf19debc-52c6-4e2b-970f-44a2f1798fdd,34,Male,98,72,No
8b1aa5bd-3295-4ce6-a66b-84f31649f9fc,25,Female,77,79,Yes
ee7fb4b8-33a9-48f5-b39e-fc9115be15b7,26,Female,195,56,No
5ace9fe7-682b-4bad-aa2b-8e44e3719ae7,31,Male,56,57,No
4a2dd86d-e9de-424a-af1d-2b4ee24c2e94,86,Male,182,34,No
00bfc515-82fe-406d-a997-c8f8eb4f9008,83,Male,68,67,No
7f5e922b-2c6e-4bba-a2ed-b4e1a80a8e7d,30,Male,170,32,No
bbbc7028-7dbb-4160-ae4c-c622f4c578ef,52,Male,77,69,No
cfd9a128-25e1-4225-90f8-4e2daaf226d4,36,Female,168,54,No
44bc4c38-1234-4865-86a9-d8d3babd2744,27,Female,112,95,No
5d5d2a3d-bb59-456c-bd36-ff9ab28e42bf,66,Male,67,43,Yes
65c082e0-d5c2-4a12-9b5a-39432c6083fd,74,Male,146,96,No
f2db6549-54c8-4bb4-a69e-cfd6ba86243a,57,Female,91,9,No
b0819e42-f4f3-41cb-ab1e-22834ee5510e,81,Male,149,2,No
bbe9f4ed-f67a-4bd6-9625-0c6ceeaaf396,19,Female,21,84,Yes
bc132a29-fd93-435e-9539-3212914c2929,60,Male,145,73,No
dedd5c87-6203-48df-9eb7-177b186e2a40,37,Female,123,82,Yes
86c55c35-0b5a-41e8-b972-bdb101e8dd14,36,Male,156,93,No
a2694a73-1a53-45e3-8314-94f934169d78,29,Male,141,72,No
5f40c63a-6186-44ce-a891-88e3d97171d6,88,Female,170,13,No
43c035a1-fa6f-49c7-8384-0a8084973f97,52,Female,103,48,No
e54231d0-23c2-443a-9042-0d3eaa22171e,62,Female,115,39,No
fcc5ecf8-8d16-4b62-a682-062c9cfaaf73,54,Female,28,93,No
17938b6f-eff5-4621-a0ba-e5a668eba134,33,Female,88,57,No
acc31450-d522-4b16-8d9c-22285930eb4e,49,Male,24,28,No
74c0d4d9-13e0-4595-8113-e9795fe95cca,22,Female,147,97,No
4635df4c-1afa-4842-8227-4ac308cb501c,78,Male,83,33,No
909a12b6-e616-4971-b21d-c3566c6bd21a,84,Female,109,65,No
1f958089-26e2-4267-b83c-df799ba1af4c,24,Male,123,95,No
6a747a72-097e-4fd0-b30f-eeca0d0963aa,34,Female,71,45,No
d8bcfd66-3aa3-47d4-bb00-17302155701d,25,Male,31,86,Yes
da30b615-bc13-42ea-9fe2-199adb5abc72,25,Male,178,23,No
a4757c28-4130-4749-b409-9294bfd4fc74,38,Female,71,28,No
27bcf773-4e57-4fcd-bf36-14802786fa76,58,Male,97,99,No
4a8baba5-eaa2-435e-b755-890894f8a5a9,69,Male,32,76,Yes
c4af2fee-882d-46d0-a32b-70369873153c,58,Female,85,33,No
d807c893-79e9-4cb6-bb44-c14c3d5008af,80,Female,36,13,No
aea62e39-f9d0-4237-85ee-7fc49da07634,70,Male,155,89,No
dc96ad57-94d0-4a24-b3a2-ea3d8d4a9eb1,63,Female,44,88,No
899d5819-d1e2-4256-a4fb-99b2182ba577,57,Female,61,49,No
199a86b0-b763-40c8-94f3-1590c2b6e915,82,Male,29,22,No
fecd4a79-8560-4919-b6c8-ca91b1ba4832,63,Male,147,11,No
0cb1c672-946b-4143-84ae-07672ae6d5a4,71,Female,77,31,No
9ff48da4-4bed-442b-935d-612241138ef3,49,Female,163,69,No
8876251f-f309-40fe-8391-e17ede0b1b7b,78,Male,99,69,No
0ca3f91e-051f-4faf-b504-86c3085ff328,70,Male,33,2,No
f435f8d2-04e5-4e60-bc73-4c1ef541b81e,64,Male,130,81,Yes
98e1f8e1-a61a-421a-86b3-ac2af774b11e,70,Male,39,88,No
d0c57ead-8c0d-4db7-8619-36b7cf8c041a,56,Female,193,89,No
9de7b61e-bcba-405f-9621-4c2af051bf4a,76,Male,127,90,No
93818cfa-bcde-4dcd-b963-7269f0f89735,31,Female,113,37,No
6d5cc17b-73c5-4b4a-8bd2-1ede33248a67,18,Male,192,98,No
9e46adda-5e0f-4744-8bca-17c0cc054f2e,37,Male,66,27,No
0d8e1da3-c19c-42e9-8400-219930e1afff,70,Male,177,78,No
dfb1b43e-16db-40ca-a123-678feca36915,53,Male,41,80,No
3e3053cb-46b6-45f1-9d46-d891afc54c36,62,Male,99,39,No
abbf7687-a31b-4c87-b49d-6e75dd153227,39,Male,66,24,Yes
35618a65-2cde-463c-88d1-af96e79d3400,24,Female,54,86,No
462c2848-3bce-4955-93f1-9a11fdbd1775,68,Male,158,42,No
1ff0771e-2839-4c27-b253-7492661b4ec6,56,Male,153,34,No
a9b695ca-ec0a-42e7-adcc-4ea10e9268b3,37,Female,98,34,No
9f7bc0ce-9460-478d-b319-a481781fcc71,23,Female,49,42,No
842b0fa9-159f-4f50-854b-d71877888a4a,67,Male,105,65,No
7ff3f42f-f9c2-4430-8347-a74950170f60,26,Male,103,29,No
adf32102-c7f1-4bfa-b2ea-dbf40fa6c5b2,27,Female,87,86,No
f049fd42-44dd-4906-9090-31b51344de3e,84,Male,47,2,No
984f1611-e26d-4197-b052-5e6b7b3f18bb,22,Female,164,62,No
16482734-e9d0-434f-b235-e39f3e7bd727,76,Female,164,69,No
2f34d441-e7c3-41a5-884a-7f6a9eda1ad8,72,Female,88,28,No
35c33778-1024-4fbb-bb31-a9a5a9cfa047,80,Female,142,40,No
6bee9951-3a92-46c9-a528-a48d9887b68d,66,Male,53,60,No
bd9739d1-8dcf-4266-b337-5bcee634aad8,50,Female,59,86,No
81d8b24b-2e96-4d8c-8762-be146464fb0b,56,Female,44,53,No
76d2e79f-2dc1-4297-aca7-25311359456f,63,Male,86,6,No
81ffe3e8-a264-4dff-ba39-64158617de6c,61,Male,97,84,No
a11f3c33-ff7b-45ec-8849-18d1922cd890,38,Male,94,13,No
b12571d6-d992-4370-9c34-4f1c4b0356d0,74,Male,195,68,No
d1762e6e-47e5-4323-ad6b-c059803b084e,73,Male,151,22,No
412a7490-ad13-407f-8e34-e72de92d4038,70,Female,21,90,No
90fffade-ec29-4f49-ab49-d6e93a1cc878,46,Male,54,4,No
084d20d5-788e-414a-b325-59eeeb64a219,62,Male,154,63,No
8912b4a3-6a7f-44e5-ab3e-1931baacc26c,34,Female,25,29,No
d67fc2cc-d523-4abe-9c66-b02b17342d96,89,Female,47,70,No
690b418b-e5db-4df2-b03d-990d0cf83181,51,Male,49,46,No
3bb81fda-d605-4e82-9b5f-eb2bac02dc0d,41,Male,147,80,No
41e728bf-8a6f-42d3-b6e8-eb0a16ab0c3d,22,Female,29,14,Yes
ec81f76b-75c0-4938-8c86-4e40cdad3c4b,26,Female,181,99,No
b2db0b06-31ad-48eb-8bba-b3a5365ebedb,59,Female,145,53,No
7699003a-5f17-4bff-b819-86c9782422cf,51,Female,128,92,No
d55e5353-6c22-4d6f-a4b3-882005102e06,81,Male,67,22,No
d9ca6a2d-6e4d-4ff7-9a79-7abb8f4188ed,65,Female,145,42,No
81cfb2a1-be7e-42d4-939f-d28df49c0595,89,Male,113,54,No
9d4dc8b4-7268-4cd7-84a1-0b65292b3683,73,Female,116,68,No
1eaa8ff8-846d-4d1c-b828-777357c06d96,84,Male,143,16,No
d01979a6-bebb-4be8-a1f6-6cf4eae42404,38,Male,81,34,No
549c4927-e9fa-4775-90d2-f815633905c5,69,Female,66,16,Yes
0ccbdc5b-ea23-43a0-82ed-cfe5702cc27f,71,Female,95,52,No
a98e4e50-70e5-4b92-b5e0-0f241b3b4657,33,Female,61,44,No
50e3879d-f75d-490f-be31-1304c9dee4b4,87,Female,180,91,No
f730a5ab-1de8-43d9-9eca-45a88b1090e9,35,Female,107,46,No
7afd9082-620b-4a94-9fc0-47f18e8bfc32,77,Male,81,37,No
3dfa2f48-43cc-4e0f-99a7-aa7f84e52dbd,61,Female,109,22,Yes
fc6afe20-1abf-4d80-8c6f-b75363fd1153,83,Female,198,72,No
e90e5dd0-43d4-4e35-8978-172ae950fd13,31,Male,141,12,No
45b73c05-20aa-41d6-9f1f-70f5a6ffe06b,80,Male,122,67,No
d41af8b2-7695-41ca-b523-6fe9a6f654c7,18,Male,104,78,No
2afbb3e4-ea82-4398-9dbe-bdbb23139087,59,Male,40,39,No
4679ab83-c0b0-459e-8e0f-5a29219e22dc,56,Female,195,9,No
aa2e68f4-1448-4f4b-84b8-0f32fefa721e,51,Male,40,98,No
a57c6c66-9c3b-416a-9023-1608d3f54b4e,29,Female,78,55,Yes
68a89ebe-920e-4034-a0e0-5927a961c2f5,82,Male,43,26,No
0250c274-bac0-4098-801c-f5045e0b7878,82,Male,196,55,No
7d189576-acc9-4cbd-8b36-762acad6beef,52,Female,44,28,No
d9d95309-9ba1-475d-a937-82befaaec754,59,Male,97,22,No
9d80c0e8-68ba-4aab-89c6-203fd7774a45,63,Female,198,61,No
7c420d83-f004-4a0d-9e4c-77097353634b,20,Male,199,51,No
85d97cab-e09c-4b1e-914c-2dde2fa9c849,44,Male,141,85,No
8737ca5f-5283-45ea-b896-f7e748c8d176,39,Male,155,31,No
ccb86004-28b5-4ffe-8a93-17d28c9d2c89,18,Male,103,8,No
2a0a60f9-3fea-42c2-87d2-e10655e3ca40,66,Male,29,25,Yes
c79af57e-e5c2-420f-9b2b-07ba40b95e98,46,Male,52,36,No
9a28dc28-bad0-4c38-b5bc-a32ace8ca6a5,77,Female,36,27,No
9b33e382-e692-409a-9a20-0f50813ec57b,28,Male,172,45,No
2e9bcaf9-8662-4df5-9b7f-34156c82de26,31,Female,44,55,No
9d826138-747d-4895-99c9-10db65ce774b,54,Female,62,53,No
0c1b898f-5055-44b7-b173-c9049f3faaa9,30,Female,158,65,No
3581ba4a-772f-4f1c-a543-09cddeaf0b89,35,Female,180,1,No
2371e0b1-b6ec-4ec0-a2be-66160c14f967,33,Male,165,27,No
a9095581-8458-4575-9a09-224f374add3d,42,Female,56,14,No
ea396b11-c5ed-40c3-bf2f-6a7d733ae6d6,57,Male,153,25,No
efe17c9a-7312-4f21-a177-c71438029a5c,21,Female,48,85,No
14cc08e8-43de-4794-87b0-dca3c9d983fb,78,Male,160,98,No
1b79819a-55a2-4ab0-829d-74127aa6beb4,44,Female,44,43,No
be5e4545-cd77-4e96-9b98-7031030b2913,20,Female,197,13,No
8af5b6b0-e399-4222-8a8b-6dd99f78a355,39,Female,193,9,No
df4c8b5b-11dd-4090-ab55-e7b52a129947,80,Female,36,32,No
cbf7ee84-1dcc-4f86-aa32-d8807ab7872d,44,Female,71,68,No
15ab601d-7172-4db6-904b-437a9bffda78,38,Female,192,6,No
6001b2d1-ba93-4b44-ae0a-26dc44150df9,30,Male,129,45,No
46365542-315b-4248-a840-005ef1193bb9,22,Male,79,70,No
83bb2b07-134b-40fc-aca1-44cf5641dffe,43,Female,81,2,No
4d858144-b51a-4841-93f2-c769871d51e8,83,Male,120,45,No
ee12059f-a753-45bf-8038-3c578c3ab9db,28,Male,127,91,No
85069ab0-1012-49f8-b1a9-f23ae02ac852,23,Male,191,25,No
5fa3b63b-30fc-495f-8424-7b7dcb10a114,18,Female,141,95,No
c19fb1b6-6221-4482-ad08-674c4b309016,35,Male,45,32,No
af573cf4-9b78-4023-9eab-b6fc0e3dea88,50,Female,99,56,No
98aa536c-c758-4fc4-a4d5-f97c13f6ba77,35,Female,174,52,No
47ee6a72-360b-47bc-9259-d0021a0604b2,25,Male,151,48,No
4d28e9f4-0403-4609-bc74-9dfd10bdbb98,77,Female,135,16,No
df9f4212-6c45-47a5-beed-ad00dba06a9e,81,Male,55,97,No
e15e326f-812b-44d8-9417-e14888b76f0c,40,Male,103,95,No
2b889c84-50b6-4be9-b6dd-d45802cba269,78,Male,143,89,No
d2f0090e-5ae2-4428-aefa-8a8de1f7b6cd,30,Female,84,39,No
695d17b8-ebb2-4e65-af4f-c181d54b7d3b,87,Female,67,42,No
2573f739-39e2-483d-9352-8e34ad0f86c3,51,Female,177,67,No
07dc39d0-19c8-4a28-85ea-f15d30526bb7,44,Male,187,83,No
ea19df27-6a1b-4e8f-80a6-c797acd02888,87,Female,159,45,No
cb31c6bd-c0a1-4b04-b1c2-500aff9dfe4a,54,Female,42,13,No
4d2ffecf-2da2-4bf8-9c63-cd249634af6b,50,Female,92,93,No
92962cdc-8453-4a74-8403-1bd7a2d6a5c5,69,Female,65,52,Yes
cf91f428-331c-4fb2-ac09-d617c941916c,78,Female,137,42,No
231447e9-7ab5-4dae-838d-01d5773ba5c2,72,Female,63,12,No
aa651e16-05c9-43c2-a023-02feb4869d6d,66,Male,147,80,No
a4596dca-2ec8-4d40-88f0-8a29dfaab2c0,30,Female,48,47,No
69b28298-be3f-46bb-8a68-46b7d1c2b290,71,Female,81,17,No
345ab889-7c98-4c2a-8d6e-092bcb6d7d70,33,Female,58,3,No
aa3191b2-85c9-4967-9335-0f4b8eea082f,28,Male,87,32,No
424ee51b-c7ca-422d-a548-a4f054687228,50,Male,143,75,No
e5db7cde-2538-42cf-8967-366d2ea5bf25,33,Male,166,35,No
249f2c82-39dd-468a-999b-81be8499b92e,56,Female,54,70,No
9425ad32-9a8f-4fb4-b61a-fad72057f4f5,65,Male,64,46,Yes
4526e5dd-fd32-4447-b867-b8b3fa7516a5,38,Female,163,85,No
e6e95ac9-860f-46d5-a44b-537d34ebc948,43,Male,197,28,No
154dc9b8-b9a4-4986-a977-af6cdd399192,26,Male,163,37,No
45566db4-1e58-44c9-b302-0bcda092f5f1,68,Male,33,72,Yes
2c573ee8-79f6-42ee-96ff-a360c402ec82,32,Female,114,8,No
64d52c1c-8e16-4614-8046-40c243c15497,50,Male,86,49,No
89a85b59-24c5-4f7e-b0a0-6b77da4ece10,86,Female,119,89,No
01ff2e31-beaf-4829-9cf0-a8a58aff05a3,45,Female,193,66,No
a924ade9-0978-44b1-908b-0fa9eb779439,74,Male,133,44,No
221cf03f-99f0-4c90-8894-b659c3e7878e,34,Female,188,5,No
0b289a68-dd8c-4f83-b338-8b5b9f2d927f,80,Male,35,19,No
32df5b07-99e7-4b52-b33e-862baacc4ccf,88,Male,68,16,No
8a71af4e-8692-437f-835a-03820bdd6975,72,Female,45,10,No
64824f1c-34dd-4e0a-b53c-262b27b1092c,26,Female,43,3,No
6aa337ef-b94d-4a28-848c-546cf79120aa,41,Female,195,84,No
dbb47ba9-55f5-4613-93c8-48609d44f7a9,23,Male,199,75,No
84b0bd3a-21f3-427d-b1e0-ac90a2e36fbc,80,Male,69,19,No
33adb5f8-87a0-4ce2-b317-1931f69525f6,50,Male,96,79,No
d556b507-32e0-4b29-8df9-07ce52a8781a,80,Male,58,25,No
23411167-8a9e-4dc1-b5e3-b9117db1d969,72,Female,62,23,Yes
c97ad670-bb81-49a1-a418-1587efe8fc14,49,Male,176,99,No
be98d510-9187-4b99-92d9-dfebbd32cfdf,81,Male,88,55,No
95224003-4f99-4261-8214-1ae78f0f3281,46,Male,88,3,No
b3cc2bd0-0f07-4ce6-b13c-9e71dbeedae3,49,Female,168,74,No
9b09cb82-a8b1-4e41-8d54-dfc3a380b3f8,25,Female,115,56,Yes
4956bdfd-ccb5-42a1-b076-111a35ad41dd,58,Female,92,42,No
81ebad7d-74a0-4822-a0b3-0347b524f4fa,19,Male,50,61,No
a71686e8-cc41-492e-8fb9-18ed4c3c05a5,57,Female,39,10,No
e3d23e7b-4a62-4f21-8b1e-196c83b2a7b8,43,Male,53,11,No
f666f92d-f89a-4a27-a3e1-a2eca6fc568a,72,Female,69,19,Yes
79cda1d5-95d8-4388-b5e2-37d7657e4119,58,Female,21,93,No
401ce931-7f39-43c3-b2ca-02816c210d1d,71,Female,128,42,No
27dc4aa2-9d78-471f-9341-9098df5afd0e,40,Male,81,49,Yes
a82475b2-74ec-47c1-91f8-7db83623354d,41,Male,25,70,No
eaf4d955-3011-437e-82a0-125c7bd4e304,77,Male,21,1,No
b3fef609-2e02-4a63-8b5c-c43749ce9e5d,67,Female,40,5,No
4465e6a8-4918-48d2-b7cd-c0c2f1a96377,76,Female,131,98,No
3eb4d00a-31f5-457b-82ae-a2e145f9c49d,46,Male,169,49,No
c94f4d50-bde3-42ea-9e9d-d7c04f07b998,55,Male,55,99,No
2cc57c80-e90e-484f-9e7c-143807f92905,65,Male,198,21,No
01686d83-11a9-4972-9840-977c704873db,58,Female,172,73,No
21df4e0f-2c51-4ded-96fa-9ae898478d2e,49,Male,134,76,No
3008360f-87f2-4d35-8635-6fd7cd5522dd,39,Male,142,72,No
6ab2c001-54a9-41aa-a13a-157fe330c935,63,Male,89,31,No
87245802-5ba8-4834-8c8b-4b499de1b32d,49,Male,64,7,No
7f0a4a63-cb00-4878-a2e1-229bf8fce90b,20,Male,34,15,Yes
33a34016-2af1-47a8-a93c-59e1d9cbd58b,49,Male,198,8,No
d32e0623-6f33-45c9-85ce-3f508ab28c56,45,Male,166,15,No
cf53c249-a453-4524-a542-b7630c30ce94,76,Female,120,92,No
a7d0312e-4ed6-4688-bc1f-74e4529cfa3a,80,Male,187,17,No
c4ce9e84-02ca-458e-a832-96be518454b3,51,Male,140,76,No
b3444073-3307-418d-8e91-5dbc7e9d5b97,87,Female,125,61,No
5220bba0-5ea8-4252-8b30-1efab38e75d9,36,Female,37,23,No
88e0a2ab-c62d-4907-b186-2ee7c777fac2,67,Male,137,81,No
202179a3-f0f4-40c0-a2da-2e419a2fc0d5,85,Female,82,73,No
e38664c1-577e-4369-84a7-841e855f9887,74,Male,185,41,No
fa7a2f73-01fc-4c1a-a3fb-67f443af3415,34,Female,62,62,No
2cedbdb4-c83a-4606-84b1-27147d25d7a6,55,Male,169,77,No
cb49cec3-6954-4864-98cb-a71ea1be2ec4,90,Female,112,31,No
17877e3c-8847-49c0-8fef-558da039309e,33,Male,93,69,No
fd0ab3a9-c224-422e-941c-31d245160e00,47,Male,126,50,Yes
2319cd58-28a5-4b44-8260-a1e6b737f31a,51,Female,48,88,No
49159479-ff33-4941-aa51-ee5876c3f27a,38,Female,177,1,No
cbc8bcc7-df45-49d2-b426-94ee1ff55736,55,Male,102,64,No
cee52fb7-c2a8-4e07-bb62-b6aecabcbb2c,51,Female,79,37,No
0b239552-716c-4948-aba9-e7b8e976a8e0,59,Male,185,44,No
eaab4ec8-eacf-4d62-8e96-9332c3d456d9,78,Male,172,69,No
f9f3978f-6d80-4b2f-bfc0-3c526c4e3e87,33,Male,85,37,No
0bf07d3c-4f0e-41e9-9297-fccfbb89eab1,82,Male,142,39,No
1bf21ce5-52e6-41c1-a3ba-3f584a225e84,81,Male,142,57,No
a688e903-cea8-4373-a58a-0d3205f564e9,86,Female,179,64,No
b725d2d2-9d72-45c3-920c-7ff156369dee,81,Male,143,5,No
ffb6ea81-56c7-433b-9717-217fcd18573a,57,Female,172,52,No
339d7923-9b11-4d99-bb94-4b5eca1023ea,22,Female,149,88,No
7090404d-6b18-4d73-8f00-90b1c7bf5600,21,Female,49,1,No
8719bcae-1a6d-4b20-bc82-5b9d92cec3b6,27,Female,50,34,No
855bc30b-19bc-41eb-aeb3-cdacb3a03ce7,57,Male,74,43,No
4f67f154-715e-4d99-9f7b-1a15c0024c7d,24,Female,38,11,No
dec1c8b7-73b6-488b-980b-ea598e050791,51,Female,79,52,Yes
01584b3d-95e1-4b7a-bd09-35c91f48a6a9,54,Male,38,88,No
afa914fe-659c-4cf9-ae23-bd72733504dc,53,Male,88,21,No
b20dcedd-6a9d-4c77-9824-fc389c3602fc,61,Female,110,19,Yes
43026c6c-bf39-45bd-a717-3e25db54ad96,19,Male,22,7,No
ecf7a65f-f700-4534-8aab-f0781c95dc8a,83,Female,103,19,No
7f64ea86-b7c0-4dca-a5b9-77db48512957,58,Female,160,2,No
4ca65483-5d75-4900-9c2c-cd8555bd0006,25,Male,131,90,No
79b75448-9130-49ac-8206-40d7cfe18681,62,Male,93,57,No
794e4ce5-64b6-4182-88bf-9ef8b3cc84af,85,Female,187,38,No
2ff7a318-ffd2-4d3f-9ffb-ca0dee99da8c,84,Female,176,66,No
2c58cf32-ae5e-4318-b359-fb6025681c02,77,Male,99,42,No
0e6a32bf-cfb7-447b-97bc-72c067b01040,30,Male,113,49,No
798e09d4-2d60-45b7-849a-2d4ca64ddf32,70,Female,83,2,No
a62d858f-82b3-43ec-9eb7-f26b37902c43,90,Male,155,28,No
8f520b21-b4d7-4458-8784-0147d75469e4,20,Female,180,92,No
c6ec509f-a462-44bc-bb0f-885ed993d161,61,Male,90,18,No
fd7c4509-526f-42e8-a491-53a2ff6418b6,44,Female,27,38,No
125f9f28-ebf8-411e-b4a4-606b9a163691,36,Female,198,12,No
b0cd8989-4ac9-4014-bc44-7f930c8a87be,62,Female,60,5,No
cc03d887-7c88-4fd7-9295-e35e5a4f642b,48,Female,124,62,No
14bc5dc7-3452-4fd9-b5d9-1bb9db77544a,77,Male,40,42,No
ed234af6-1269-4599-b244-288468bf6a98,73,Female,94,25,No
cfc90a91-ea79-421c-8739-df355402690a,33,Female,69,95,No
958c6506-2a0e-4e37-b60e-c912ef65eec1,74,Female,98,89,No
e9811e41-3068-4919-99ba-99e65c191051,24,Female,26,70,No
ce1ff51c-cff0-4211-9fb2-34dfe6dfeb2c,62,Female,106,78,No
edbeea68-0905-460d-b60a-b9f435afc53a,54,Male,59,4,No
933c471e-93b8-4f13-b7ff-c49447393ac1,41,Male,107,89,No
03e47fd5-94f1-4aad-abd7-4df68b753f8a,69,Male,124,58,Yes
2a6d19db-e219-4308-bf71-30d595c20535,23,Male,116,50,Yes
987daed8-3838-416b-bbfa-1bd706aa4e79,39,Male,160,25,No
36c85b14-3f48-4c54-a057-f4325a1d4446,25,Female,128,23,Yes
bfbc32c1-8d2d-4adf-91de-15f7caa4da0b,26,Male,132,50,Yes
9a13ae3f-ace7-4d71-8902-4e07928232b1,88,Female,25,36,No
ac89bce3-ec13-47e6-8b3e-0a764b1e5fdf,63,Male,37,38,No
92cc6ed7-8bda-4a01-9d22-53f2e13f44da,83,Female,74,61,No
e94082c7-2c41-452c-ad73-721c2d708517,88,Female,193,5,No
cfa2394c-5a85-4a97-9e08-47bf219cd10b,71,Male,130,89,No
0154494e-0854-4a5e-817d-b4dd39ad2c15,25,Female,130,52,Yes
1d02f1ab-b452-43cc-8c5a-7e1939e3447b,71,Male,68,80,Yes
503ce804-d536-487c-8203-f0f73bc15c8c,85,Female,190,2,No
9b9050e4-df02-4ec0-899c-bd5e9486dcc0,45,Female,162,49,No
944b04d1-cc6a-4526-8ff9-dd260e40bd1b,42,Female,143,83,No
8035981e-d2b2-4757-b61a-cf2c6ef45089,36,Male,198,27,No
0d15da66-8549-4697-b0b5-c173a8fda60f,43,Female,172,11,No
5cd197f9-7e13-4e8a-994b-a0c3b87426c5,24,Female,103,90,No
a92feb24-1694-4f7e-89e5-e659756c1cf2,87,Female,159,6,No
e254312d-a02d-49df-b33a-ea0aa1b835b4,51,Female,86,33,No
31356c8f-ec12-4f54-a00e-db247aff2c8e,40,Male,36,57,Yes
c94bf68a-ee30-40be-9283-59c6d29e92a6,24,Male,186,96,No
b765a9f4-62f5-4979-8512-f402875fffa3,66,Female,62,16,Yes
fb09f3a1-d5ae-437f-b90f-a6699224fc19,87,Female,119,31,No
208617b4-8c1c-444d-89e2-5644df425cc5,78,Male,44,65,No
79264914-995c-46bb-a528-0927c9abb19d,76,Male,172,78,No
cc12a98b-6f80-4962-98aa-9723d399bb96,21,Female,110,56,No
bcdcc5f7-011d-4570-a1ec-47a638de1b28,82,Female,27,70,No
a57e98c0-79e8-4861-8f50-5c32d23ef6fb,26,Male,182,23,No
b9cf0873-dafd-4f67-8b09-f222dd3c88f3,35,Male,90,6,No
c08e5cef-5330-4cc8-9469-1dcccfaa8949,26,Female,72,58,Yes
f3411153-abc0-4799-8ce4-0fedcb750945,32,Female,56,12,No
80db55c1-6e8f-4434-b779-85cf39b3a9b5,42,Male,81,9,No
ff04685c-4bdd-4f0f-ada2-e9314ebfb0ae,46,Female,168,60,No
0e62bf67-2670-4653-a3da-efc11db8aacd,65,Female,116,76,Yes
9aa8ef20-c58d-45f8-b7a1-e26a281bfa35,33,Female,43,83,No
1e01b564-b5ab-408d-b9f2-9a9d2e88abea,52,Female,86,28,No
cd8b9b9f-7d93-45ae-973d-78d0e1cee946,36,Male,119,16,No
6cc10627-5fa9-48a0-b3f6-07851cd0490d,65,Male,166,34,No
3f5a4f5c-705e-43ec-80c3-5cb733d22e59,66,Female,40,32,No
6c78e7aa-6fa6-4402-9977-6493d252db40,21,Male,138,16,No
55e94fad-7287-4c78-a068-d90c61428039,25,Male,158,50,No
c39883c2-896b-4f24-81b4-3ffe5a8ad832,39,Male,122,3,No
7749aa5d-c025-42ba-a9ba-b38535bd2cf1,24,Female,192,78,No
8193ad5b-430c-44b1-9716-14626ce661e7,37,Female,69,17,Yes
edc2056b-24d3-49a6-acf0-a42987f8b860,50,Male,109,8,No
b073b1cd-5512-442f-a4c1-5219330d2bd2,49,Male,21,43,No
a471489d-1f2b-49e2-8318-335e998a2c45,46,Female,197,66,No
3b43f45b-8367-4383-8720-38766ba33fb2,69,Male,147,13,No
86a17aef-453d-43a4-b221-db008f3aeed4,20,Male,142,54,No
95146a68-781b-42c1-aabb-d5865c3552a6,52,Male,187,77,No
ac2410f2-183d-41d9-8aea-c80f623e78ac,69,Male,167,14,No
5dda1e60-a39d-4eb2-8c67-63c2f4815e3e,76,Male,48,95,No
497e5b37-e398-4e30-8a7d-5515029fb4c9,46,Female,112,71,No
445aa5c6-0465-4556-b157-e330f6f2cf6f,52,Male,120,69,No
c05418dd-902c-4555-8116-5eee6f800cb0,82,Female,74,54,No
42ca36de-4400-4476-93b8-d11bbd89fd85,39,Female,193,72,No
87c4a7cf-1ef1-4609-a7b3-3983a7ef4eb4,85,Male,77,58,No
0ab62fed-b66d-4e87-8055-baa4db1e76f0,87,Male,45,52,No
77f1b44a-0eb3-4fba-82e4-d3acda6b2539,25,Male,108,33,No
8bb7ca47-de0b-46fc-a8ee-2aa1e153b801,38,Female,81,30,No
a7fd5ac7-6b4d-40dd-8b90-66dd126994f9,43,Male,66,39,No
200a4f74-7fc7-4154-80bc-cab9cd08c6fe,42,Female,193,27,No
b591058d-b803-4ea2-baf9-6ca1a5a6a7fe,72,Male,40,29,No
e2078101-fd9a-47e9-a1f6-bdf4b33faff5,83,Male,184,23,No
d2805525-14e8-436f-838d-bed6fe9b1e92,22,Male,142,87,No
1fd73fd3-3c0a-4def-91b8-f3140aa15026,78,Female,176,47,No
ed856669-0e8c-4b58-9baf-946101b52ab7,67,Male,37,90,No
f57c7554-6fcd-4c03-b571-c0fe071b8ebd,19,Male,97,96,No
04cb8c5a-07ef-432e-8261-3b0011ba2750,88,Male,83,4,No
240f6fa9-c993-44bf-b26f-7e67d440c78e,78,Female,127,26,No
8abd1b97-1185-428e-85f7-9642162e13ab,70,Female,138,52,No
a78c7916-ec83-4862-a5da-2cdee6e1af8d,31,Female,170,64,No
a4c5aa32-cd3c-4985-b8af-47d1d0c767ed,47,Female,61,50,Yes
f337c834-e977-400d-86df-f436853c0dd4,46,Male,58,13,No
af41c096-a0b6-4b48-858c-39bddd66360c,29,Male,96,48,No
118320fb-da6c-41f5-926a-fdd1fbb43d68,86,Male,28,38,No
d378154c-bfaa-48e6-a58d-47afecf46846,33,Male,135,87,No
fd33dc9b-e3f5-437f-ae5a-c7ad9c548a79,90,Male,117,95,No
1ebea43c-1b4f-41e4-ad64-7c62b500f491,31,Female,152,48,No
52f6fb8d-d9ef-4f4a-b411-4c568d2355f2,64,Male,71,10,No
bf86f47d-1e65-4ce6-94b0-22068bf561ac,49,Female,134,81,No
dc659ad1-70dd-4d3e-86f3-7de4662091cf,55,Female,65,86,No
8dd279fc-4f60-40a3-bb69-ca2c31504c6e,70,Male,40,80,Yes
d8ed3e81-8773-4eae-aafc-4fb9d34a187f,40,Female,56,45,No
ff07e705-c2cf-43fd-8073-b64d080f3274,59,Female,92,19,No
ab97712a-b859-4b4c-be64-83422ab6b3e8,34,Female,70,72,No
4aefa19e-767c-4b5b-86b8-a6aa94d12158,50,Female,191,100,No
b7a5ed94-a080-4772-9fc6-029e562cbc05,71,Female,62,30,No
81f4ee6a-3459-4a4d-bee2-3fea5aef4255,29,Male,144,20,No
5d2a522d-5fe8-4a12-ac66-64943338fcbc,80,Male,64,84,No
be9ffb28-da75-4624-b33b-4d250901a393,22,Male,54,50,No
3c455033-95f5-4da8-9946-7dc34eaa9ef0,74,Male,140,43,No
021a2260-0476-4a95-8800-ed080d752349,45,Male,34,15,Yes
3d363981-10b6-4e40-943d-5699af881e65,72,Female,33,84,Yes
a65d60c7-39f7-4895-bdfe-53bf1d9e9101,90,Female,160,36,No
764cf08b-baea-4a0d-9a64-af204c698505,74,Female,126,22,No
7b8c21cd-0cdb-4745-a021-bdfb2eb7fff3,76,Male,188,78,No
83b32fdc-30e0-4b4b-a971-e55b0c02fa6e,39,Female,164,46,No
59ef99fd-4f30-4af3-932c-3b62ac7b5e54,53,Male,53,70,No
ba68e110-8e16-4f92-8a9a-a2faea7be530,78,Male,167,33,No
fd3bf3d6-7c36-48ef-a3db-ef31c156df20,66,Female,52,50,No
2ee7ca07-5561-4a83-8cee-f6ef9f5d6d48,43,Female,134,9,No
c324474f-c913-4f80-b857-6440a3d6b02e,47,Female,195,47,No
a6167669-fbbf-4c37-a579-61adde214e02,36,Male,199,73,No
c06cd5ff-5340-4aa4-bd2d-962a3007e2ba,19,Male,61,58,No
1c02493e-2201-4c09-b8b8-f6c11b7d664b,18,Female,139,99,No
651cd12c-0101-406c-9ba5-8f76ade8a88d,76,Female,172,57,No
389113d8-bcc7-492d-a4a8-075454579452,63,Female,193,65,No
eb4ca15f-c10a-42a8-81f6-6ebb3f4c7822,22,Female,49,94,No
83ce800c-4328-4ba4-b77c-47b6aabfad53,55,Female,125,1,No
449d6b9b-24f5-43f3-b265-dad0d37e00dc,29,Female,171,77,No
d00a37ad-8c10-44df-916b-b78cd951a885,20,Female,100,67,No
2b46fcc9-f6fb-4455-8bc8-7cdb77e6b1b7,42,Female,65,51,Yes
8a7a8df6-c91e-4e7d-8523-beb4b5866a6e,31,Male,92,31,No
01f96417-ed33-44bd-8e21-5a7574dbd20c,60,Male,133,5,No
5e6c946e-aec6-4a3e-859d-41df937c8e9b,77,Male,23,54,No
d97c5473-07fa-43fd-bb44-ae3a4ec022d6,78,Male,108,78,No
f4df1f41-0405-4e3c-9e1d-8e7c5827f122,22,Male,87,99,No
c04fc275-f75e-42b1-859f-cbee7cf5cb83,67,Male,21,10,No
86a68dad-9365-477d-9df0-de181736cba2,89,Female,94,77,No
f6d24db7-a565-436f-9e21-0cc2ea16cc98,82,Female,109,35,No
098fbada-94f0-4a12-a96f-e4e01c3bdf26,35,Female,119,8,No
237b30c6-ff95-41b7-a5bb-fd19a89b15ed,23,Female,59,58,No
a30d5b36-3ebc-415a-bacc-2455425b9502,80,Female,165,32,No
a33c088f-f274-40f8-a095-f05ebe981104,18,Male,49,98,No
dc465387-4576-497a-8da9-00d8873ecc72,71,Male,85,24,No
aafe10e2-5a9b-4b06-b581-0808a284b8b0,19,Female,80,31,No
1f6d39a6-58c4-4735-8817-4b6b538ef310,55,Male,105,100,No
af7836ba-a1c8-4744-80bf-416b938803fe,46,Male,85,14,No
e87bfead-edbe-4cc3-97d9-cd1d629b0004,65,Male,30,66,No
88e85231-da15-452a-a78d-b24a7473c624,56,Male,38,66,No
16593e3b-a5d8-4401-9c39-c5115e821fde,56,Female,153,56,No
d6ad416d-8e5c-4863-a87f-8ca5f31eb2df,27,Female,124,94,No
c89039b4-2d5c-44d9-a4a0-b903a8d8203d,20,Female,155,67,No
fdc9a78d-9363-4b5d-9e57-fae7f084c5b1,25,Female,88,69,No
4717df6a-37fc-4ab7-9458-7aff2f6b6a03,68,Female,31,8,No
d8dafe82-8386-42e3-8d41-8e8dc032cb67,36,Female,50,43,No
27c3ec61-130c-4104-9eb1-495457599ca7,66,Male,114,24,Yes
87f1479f-65c9-4568-8854-881e27fbfab8,51,Female,155,32,No
f6eb4804-40f8-4cad-8783-ec2ca1793f54,24,Male,155,51,No
9f3cc0a9-fb4f-4422-acaa-8df8d2f12790,80,Male,42,9,No
0041fede-7d01-4ebe-9780-a6112657635e,43,Female,118,70,No
1d3a6955-1f67-40cd-ab54-7514776e570e,28,Male,198,55,No
deaa932e-b206-470f-8c9f-ea1a5f9b0c21,89,Female,163,58,No
33a8ea03-1f45-47b3-9ae9-e151cf51b5d3,67,Female,66,21,Yes
46bb7480-33c6-4cbb-996c-f9d33ba82679,30,Female,174,78,No
45d8d167-ac67-4f34-bba1-5e3a4578c1ee,43,Female,122,94,No
33003401-ffeb-4f01-af52-2e0230213a0d,22,Male,93,56,No
8339eb16-dbae-49df-a291-903075796986,39,Female,161,52,No
46995fe4-283b-49d0-909f-1e279b5df72b,47,Female,77,30,No
e5508c10-506e-4eec-a293-00da6cae06b5,48,Female,97,62,No
974d8b08-a61a-4fcf-8383-e4498db17068,42,Male,188,78,No
e8ce1e05-d59f-4ff2-8084-7869effe2a56,55,Male,68,65,No
45c51c58-c62d-42af-8870-554937c1ffb8,19,Female,24,20,Yes
eb0961aa-2f19-415e-b5ac-47efc7f38fc7,51,Male,75,53,Yes
b40bd3ce-b506-4451-be56-2522ab07d629,31,Male,132,88,No
95626c4d-a8c9-4951-9f79-878ebba7bc38,50,Female,32,40,No
3f6bfc65-3f4e-46e8-8711-70d46bb6a7fe,40,Female,95,46,No
0cc6c73b-e7ea-4a97-aab4-cd352ab1fde2,49,Male,95,97,No
e963b9d3-8126-4591-a7aa-b5e4950037d5,87,Female,38,11,No
1e815ede-0546-4369-93c3-f045b43b521e,57,Female,161,70,No
5fca1925-6e28-45ce-a48b-b1a7f38370d4,90,Male,181,15,No
99bd0734-1d7f-4553-aa2b-2fb8e952092f,29,Male,88,11,No
413571f5-98f3-47dc-8f06-89f3a68e4c9c,28,Female,55,77,No
a1dfd339-8cfb-4290-a15d-68990a36f4e4,31,Male,106,88,No
cd13e430-323f-4207-b4fd-56796610b583,35,Male,128,90,No
3b145bb1-c897-416f-a120-c503850dd924,38,Male,100,7,No
891f4d6f-b1e1-4801-a2f0-18aa7d16c1be,55,Male,97,78,No
3a8cfd68-87da-4959-b8ac-5839b89bae2c,76,Female,129,49,No
e2e3172d-3914-4d35-bdd4-4dc9caa54aa5,40,Female,131,70,No
b6832882-8616-4624-998b-d76525791a3e,43,Male,119,54,Yes
7eef50da-3719-4dfe-af39-b3d4319b1bfd,41,Female,61,55,Yes
aac98609-039a-477c-b826-be81b72b6f33,45,Male,94,48,No
b685b0e7-0f9d-4df5-bd59-89b18a119d36,38,Male,136,74,No
5c1676e3-de54-4876-9fb1-b872d99e20b7,75,Male,84,78,No
4f5e7bb1-672a-4e04-8ddb-12387eee3828,20,Female,168,65,No
a50e2d64-fb87-4489-a5b4-2e999bf5dde3,48,Female,60,67,No
9127b429-3b51-4581-ad3e-609bc459197f,85,Male,134,85,No
92229ec0-0969-4492-b98a-3f464a95e5c2,76,Female,77,83,No
5c430ebf-7900-499b-9ddb-6201d8480032,67,Female,130,94,No
06e571ea-9d84-4f33-a213-7f0739ded0ae,20,Female,94,34,No
29848893-6961-43d6-a17b-08b3fbef0b0d,81,Male,46,32,No
142ee920-6abd-4e10-9832-a4396c606a04,38,Female,114,35,No
400fc52e-6c1b-491d-ad03-492ddbd588a7,44,Female,134,23,No
1108a386-a29d-4093-a01b-84a7f50c5114,76,Female,77,20,No
14803107-089c-4825-b5e4-da043f6b223c,38,Female,168,33,No
5f2e4b5f-bcb9-4d9c-b2d3-d8a5ad030588,90,Female,166,31,No
e8fa56c9-82ef-42c2-bb3a-da2371908acc,43,Female,162,91,No
ba176bc5-89ee-4758-8f87-7923c5d35b4e,82,Female,124,83,No
9eae2c30-d753-42ad-a11f-4594fd779fbc,69,Female,178,21,No
20e0b18c-2786-4634-8dee-327870323366,31,Male,21,90,No
7e217b8b-1847-4bd5-98f2-3bc39eb955a5,88,Female,58,40,No
f4cb184c-cdc2-41a8-89df-10da4e818f06,90,Male,189,95,No
3f8e4bcd-2572-4fea-a0bf-4841293cce2e,60,Female,65,17,Yes
c3ca1417-2b8e-4fb7-9edd-014d672bc0b1,34,Male,51,34,No
b7f59bca-1255-44e5-8d7f-6d39be0e0d6f,56,Male,163,50,No
7e324fe8-0768-4ccf-a737-d1724f5d0659,82,Male,159,44,No
3e6b4557-d4d1-42c0-930d-ad0d848901b0,20,Female,103,80,No
aa6dbde8-6833-4b8c-9447-29760f08714f,24,Male,65,88,Yes
c0a7d7e8-b904-4b05-bda5-f6c47b3e181d,89,Female,24,74,No
4554b5d3-0e02-4980-ba83-11e7394728ef,43,Male,37,79,Yes
72be18ef-461f-4dc6-b69b-d8f81614c2f3,82,Female,39,92,No
976d3346-d22c-446c-9856-0402774342dd,65,Female,198,67,No
7dd5de34-46ab-4c3e-a987-3e28ac46229c,86,Female,47,40,No
b91bb08b-0f1b-4764-9325-0587a3dd53ac,28,Male,34,43,Yes
4d150f21-fab8-4ba0-88ff-67e13fe9f5b3,18,Female,89,66,No
adb3c2fd-dd7a-4d68-b7ff-7d03ac7d5105,74,Female,151,51,No
8a17b236-ba7a-4ad1-aa32-b35888cb7ba8,80,Female,158,78,No
3ec4a6f8-1e60-45f7-bb3c-e32490d523d9,56,Female,43,42,No
6c0db6e3-cc77-4943-81fc-910d22133377,78,Male,179,88,No
57665b51-9e4a-4b96-a256-fe9ef796986c,86,Male,21,58,No
9e311903-6172-4c4b-b964-5bfa586d5b25,43,Male,119,73,Yes
ff7a759d-dd1b-425c-a0ec-a9f8f4c15b39,77,Female,94,7,No
9afc8ff4-ca2c-4877-a975-e8f9bf5d569f,88,Male,23,24,No
00ad020f-d75b-4a7b-9977-19a46746740b,43,Female,154,25,No
464cf3f7-46d7-496a-a50a-5f10fa3fddda,90,Female,106,91,No
452daccc-e816-495b-bddb-66298df94465,26,Male,160,36,No
cd00e8b6-f051-4b51-b026-802397d2818a,41,Female,70,66,No
d6298bec-adbf-4cc5-8056-3bc930ba2064,82,Female,99,26,No
3346b474-d62c-4810-93f6-f63f26c7d34e,85,Male,66,15,No
b6988641-404c-4029-829a-972c82ff48d7,55,Female,116,80,No
31bc0185-36f7-4360-8577-40c576f5624e,20,Female,132,25,No
2c7e4805-f25c-402e-80b0-a350bd654093,44,Female,149,49,No
5a069465-b877-4ae5-9e45-0323b24d9ac0,30,Female,102,96,No
0ffedf3a-b3d0-4d68-933c-69d5756931c9,57,Male,111,65,No
023a7b92-daf4-4bea-b0ff-933ddf3eeda3,63,Male,192,31,No
c03cc535-f424-4749-a59f-38a001d2c497,49,Male,149,85,No
215dc322-ac78-4b06-8eaf-ed2beadeb164,50,Female,43,31,No
9644a0ac-5dfd-495f-86d5-8468fa8046c7,48,Male,145,15,No
9f37ed95-11c6-4ef6-b1b7-1adf3c46d050,42,Female,31,79,Yes
916d7209-c456-4870-80e0-fb91e0e09730,32,Female,197,94,No
22d87a58-4f3b-44a5-bbbc-3672eef1550e,52,Female,69,68,No
a2f4dc15-8a96-4e8a-955e-a81fd43e9227,62,Female,132,55,No
0958c7de-f94a-4e5e-90b0-2e4c8ee0abd8,88,Female,149,11,No
f9778bae-e3bc-4d86-9d13-124a77c01979,47,Male,194,57,No
36b6ee65-17e7-4429-a19f-133e19d6c378,26,Female,119,8,No
43bdbbd5-a207-49e0-a1ea-929792c302d2,20,Female,139,4,No
1c8ccb01-7352-4f2a-8bca-5a6407fcf450,65,Female,85,15,No
496e7c51-4358-4a29-b5ad-a198228af7b4,86,Female,105,68,No
6090d6c4-c5b1-40d3-8cda-2cb0b68201df,62,Male,59,83,Yes
06e4400c-f50f-450c-9f12-88b1d386b1e4,26,Male,41,90,No
909d47be-11a7-4ac3-ab52-3984746fd317,52,Female,96,8,No
b94635de-ce4e-4766-a483-21409499e0d9,20,Male,153,71,No
060e04dc-e64e-4d30-b928-aa986de1ac1e,63,Female,94,39,No
4c3b1d8d-14f0-4e49-a79f-b4f3ca102f89,55,Male,166,63,No
cfb31724-96d4-4ecf-beb7-e933820f34c7,56,Female,73,73,No
051ee949-c130-4050-80fa-1e121d7ab2b8,64,Male,153,12,No
b9911c2c-da90-4801-bd43-99af8b34afce,54,Male,109,70,No
a12cefee-114a-4deb-8151-1d1df85fd925,88,Female,61,26,No
a812bcd6-c276-4acc-9e32-b92292330f23,77,Female,144,97,No
1662322c-c4b6-45ab-b311-0106b675aeda,57,Female,124,97,No
fda0f22b-95da-431f-80a9-57acfae920dc,71,Female,44,96,No
c738d43e-dfe7-4290-8cc4-15b88923c217,78,Female,120,79,No
4dfb0c80-24fa-478b-ad6c-c137c673b229,79,Female,83,59,No
f2611d0b-0ad0-4b73-9f36-f966fd2e0c58,55,Male,168,92,No
05a5d808-3f84-4a9e-b3ff-b6b4d4af5c62,78,Male,29,62,No
63969ed4-bebc-4a22-9668-5ee6ce06a546,19,Male,75,16,Yes
4e398c55-e6e2-4061-82f4-f9908b712271,31,Male,52,76,No
b239afc6-42da-4bfc-8735-9a6eb0a0b455,62,Male,32,13,Yes
03042798-edcd-4b18-8ff8-7b3c3f94bd4b,46,Female,162,38,No
f346d2c0-2ce2-418b-ac1c-24a95d2b87f3,72,Female,92,46,No
3dc73c4a-9d5a-464d-9d2b-49ecd5b5bcdd,48,Female,103,81,No
bfa7e490-22f9-482f-ad29-37522ef51225,74,Female,178,65,No
5cc6fc5a-8bc4-489e-af0b-a2b33f7388d6,37,Female,120,4,No
01806c3b-6035-4131-bdb0-779f08b56853,25,Male,178,22,No
967c24ad-0371-4163-af20-78d9f91f3391,70,Female,47,19,No
56306b2d-c36c-4d65-b7f9-2e0ef4e64f2f,22,Male,47,69,No
767d1706-4a82-443f-a50e-fa6a4c36496d,46,Male,89,96,No
e054c912-bdb9-4ba4-bacd-0691c815b5bb,39,Female,96,95,No
a3c6faa4-0eed-464c-9ef5-c573bae23585,48,Female,33,43,Yes
7cd336cc-1b00-45ff-bfa4-9be4b6cdebe0,51,Male,40,45,No
138973cd-ba01-4557-924e-3f70010a6eae,69,Male,108,86,No
259d2060-5c74-4826-89ea-13642e77d833,44,Male,153,22,No
bbe54d58-9618-41f3-8f23-3a48b30438ea,30,Female,90,76,No
60ca6a8f-1449-4b1e-bf35-46bb61ecac1c,37,Male,69,79,Yes
b1fe7d87-6346-44fc-8d1c-d43f819d2609,30,Female,63,59,No
a4c77004-46ef-41df-94f1-503ca833f0a2,67,Female,24,9,No
a8cd4fac-d146-4ae3-a267-7eb4c9f37e6b,89,Male,132,33,No
bcdde737-7e87-4a47-b1ec-0446d3d04fde,82,Male,47,7,No
f673bc1e-5ccd-4093-8fb2-08268132728a,18,Female,150,49,No
a7feebbb-c890-40e0-a1e9-16b9d169c015,21,Female,95,24,No
f1df5f1a-fa30-4582-b107-55473b0373ca,86,Male,180,13,No
8bc1c92a-7a4d-48a8-8e0b-50050d3776fb,34,Male,142,5,No
4a17cfd8-a00a-4a0f-99f0-c0f78ed0320d,59,Male,137,72,No
d837eabb-8dea-4fbd-9dc3-657371690378,54,Female,57,58,No
a0c956ef-4a3a-4c63-bd14-6efaf36b4db2,22,Male,93,26,No
f9f95d80-9603-471d-969d-f73781ec4e14,90,Male,94,98,No
ec47c3e6-b46a-4fde-896a-ad0d8b06f0ee,41,Female,105,25,No
689f4d83-7670-41d8-94b5-6ff5a15fdf17,33,Female,150,28,No
9aa4b601-f182-4900-8ffc-e4deb4e135ec,53,Male,136,71,No
eb560fb9-fbfb-4ac9-8940-74de1f6da782,26,Male,86,93,No
cd25f331-67b0-47c1-b4fd-5ebbad0559fb,25,Female,194,1,No
fcc674e2-f7c3-422b-9be4-86a86f388b39,72,Male,190,65,No
4a6f9a5e-505f-4cec-8cf0-617eae940a34,66,Male,154,53,No
3de1ee22-593c-419c-83c0-c9834e05d39b,74,Female,111,95,No
146c3cbb-0ff6-4aa8-a042-6866d6e73eac,18,Male,39,18,Yes
955f05f7-9e7f-434c-b6b0-352b12cca195,27,Male,177,85,No
9367daff-ea18-409d-9e55-7feca4d6bbf8,41,Male,22,16,Yes
fc20f39d-c6ce-41e7-893e-d72680c24cc0,35,Female,53,2,No
da38632b-7615-4001-a49e-b195d163a5e6,22,Male,52,57,No
b435f5c0-1ac2-48db-9c23-1e53159bf7c8,25,Female,103,39,No
f4b76d31-16b7-4039-b15c-3ace0abc7d36,26,Female,166,44,No
f1e4e694-e973-4adc-9a76-76b17f9ca8d9,82,Male,50,11,No
26ac0ac4-752b-4c2d-9b8e-cf0b97ae64ac,33,Female,186,22,No
89f450b1-1403-46a4-b94f-e7259f1c6072,32,Female,66,97,No
17934504-27a5-4ca4-843d-819011034940,49,Female,199,35,No
02bc6b6a-1604-4db8-ba96-844ff523ef10,25,Female,110,61,No
11298ff1-1882-4239-aebc-6904b148cb84,90,Male,144,5,No
ef6ce7e9-ac95-4cb4-9125-47634b6e8430,18,Female,49,18,No
c1eb955b-ec5f-457a-81c8-ad8964f1515f,66,Male,49,75,No
2d27fe2e-3cf2-403f-bf50-e02d7999e048,19,Female,179,34,No
d0f8805f-68ef-45ce-9272-c09a66fad78e,51,Female,95,11,No
5323b846-960c-4861-8780-ddee30f8bf14,86,Female,20,99,No
2d50a1de-7b61-49bf-aa5a-8a0f8ffc9c0b,63,Female,24,8,No
6e0d8ff4-f63d-4598-b8b6-3f024b3d0967,46,Male,141,33,No
e488a54d-d9df-4173-9e52-6f7b669428c8,30,Female,110,39,No
cbe2dc12-c88c-410c-9165-9c67c4137395,56,Female,124,25,No
56c0f97d-d544-49eb-b072-3dc4194511b4,55,Male,52,55,No
bde8bcf4-efd2-49eb-a5eb-152eeaf2ba03,72,Female,59,3,No
50570522-498e-408f-8210-d0e5f2db847e,69,Male,134,89,No
b6ce300e-2dd2-4c38-a240-d3a865c401e7,31,Male,53,41,No
2df2c359-9db4-4d8c-aa98-f4de2d9da7b7,41,Male,141,82,No
3f24db2b-34e3-4bb0-9fca-b7680fda5682,44,Female,100,69,No
d39bae03-91b2-4010-8e80-80626a53d9a6,34,Male,50,74,No
08cbedc3-cf6b-4066-838c-33eb880ce6a3,19,Female,58,59,No
68c905f6-be82-4c2d-940f-9c71de022bfc,76,Female,69,4,No
99ec2f25-1e47-4fd5-a856-1c72f64ebb57,58,Male,41,26,No
152bd69a-55b9-462f-9fb0-e8cf3ec19e79,77,Male,32,27,No
502974fd-0cab-4e98-b48f-14f0aa529c7a,23,Male,173,48,No
3ee0f1b2-6a2b-49e7-a96b-73a183982602,54,Female,177,18,No
09e0345f-4c90-4cbf-9570-d61838a4bde6,32,Female,176,65,No
a5189727-c7b6-4ee3-ae9a-3284328e79bb,71,Male,56,35,No
2092abb7-9c37-486f-b180-70307a6c5a50,72,Male,27,83,Yes
e34f23fe-61f4-4178-98ef-ebfc0cc10eda,67,Male,83,77,Yes
db638bab-1de1-4a8a-96ca-1864102b33b5,39,Male,147,51,No
c64b1878-f217-4192-b14b-ae9919ccf135,37,Female,132,44,No
c963216c-3045-417a-bce6-35793843cedb,18,Female,75,21,Yes
5eb1c261-14f7-4fc9-a8ec-c0f10a6a7026,24,Female,97,38,No
34bbb331-e22a-4532-8333-3c5da134c058,33,Female,150,52,No
e4192b54-e3f0-45b9-ad33-95f3d394225d,40,Female,41,74,No
b1b80976-ce1d-4971-97c4-e3af44e0e4ea,31,Female,75,18,No
f550eb58-60b9-4202-b771-49d3cf1c7f3a,90,Female,21,69,No
96abfdd8-cdf9-46e9-ba8d-f0dea0d187c3,83,Female,83,57,No
253162fe-5e73-4fd9-9df8-689f22998100,72,Female,82,28,No
e2f3d285-48dc-4860-9355-e4402a4b2024,47,Female,51,56,No
10ad8683-e8b9-49ce-aa45-f129345368ac,25,Male,23,89,No
77eef12e-df54-43ee-a279-0a1dfcd3a054,61,Male,104,16,No
1b1e93ae-3299-4e42-a9d4-4ce949de1fc6,83,Female,162,34,No
1c1918c8-fe1a-4588-98d5-e574a22c3650,56,Female,27,44,No
a1e79995-f3d8-4cb2-bfbf-26ef756a3cbc,81,Female,32,9,No
3b2c33ee-d5bc-43d1-b02d-f35a49e2dfc7,20,Female,158,72,No
5138f41c-b966-49d8-abbd-744d45ac56ab,58,Female,74,87,No
b663e93e-b7e4-456b-93f2-7b2aac914784,56,Male,25,15,No
ae638153-50d9-40b0-8612-43adaa658f79,55,Male,27,23,No
9a3ea8df-ff2d-4694-9e06-1013bc3a1dcd,74,Male,162,3,No
05352e2c-f9e3-414d-a37d-6b298460a4ae,25,Male,129,34,No
a3e4e46c-f1cb-4a14-9e11-6a49740443d0,78,Male,195,66,No
ed095f54-02e2-4a55-ad4f-cb58da93b8d0,87,Female,122,27,No
081cf0bf-c7bb-4ab5-b6d8-d1918ca2097a,54,Female,153,87,No
9b997b85-e226-4284-b199-a72cd0ba332f,61,Female,21,93,No
ba5d710f-583d-4e0f-84f1-2fc3505514da,90,Male,66,56,No
0c63f795-19e2-46cf-8a3e-822c81dd1e6e,34,Male,58,1,No
f93ff113-504b-4133-8cef-d6ed43673538,18,Male,195,78,No
931b39e6-1073-4b40-8ed8-006838189506,49,Male,132,23,Yes
d716b75e-41e6-4a6f-9ad3-a25a42e7b16e,43,Female,137,68,No
a7b2730b-6d70-499e-8571-8662bc28b550,85,Male,114,73,No
76f0088d-c56d-4677-aec9-9add5e03c1be,48,Female,166,60,No
919a7912-42cb-4e1b-9ebe-6f678e0d4322,54,Male,124,72,No
ca446d1f-1a10-424d-bfbe-1617dbd3379a,38,Female,172,100,No
b52e059b-53b0-494e-ba15-3319aa3b26d2,38,Female,159,60,No
3918444d-ec0f-499b-b247-7d6005475274,58,Female,74,88,No
8924c469-f28d-45af-9cb1-a69470e712bf,88,Male,96,30,No
6088c045-44ca-4717-8b31-f1e770e748f0,45,Female,139,15,No
f94dfa5a-4225-4e18-84b5-d0e0560b3e60,68,Male,89,46,No
26467991-0020-4f3f-9bec-ec5daf71a7a3,77,Female,160,43,No
f63e2973-68c0-4cac-8d1d-de1c77d04841,59,Male,81,67,No
6cc8e09d-84cf-497e-8773-22e484123f69,87,Female,193,25,No
78daa0ca-176a-4612-a516-fc27385739e1,90,Female,29,52,No
4188aaff-2186-4000-bf8c-8f1e4fedd13d,44,Male,60,66,No
dd8166db-3321-4511-a044-90e5d99c0824,71,Male,149,57,No
86b74472-8cf7-46fa-b55f-64e588df06b1,58,Male,110,100,No
7aa4ad2d-49d6-4043-acf9-f6a0a711a5cd,53,Female,166,13,No
abe7bd14-f0a3-45f1-ba0d-ed67d5294d1b,48,Male,22,78,Yes
16ca9188-ddfa-4393-ade0-fa79658be845,85,Female,25,54,No
60446456-ee34-4783-b375-f08cc848afd6,66,Female,169,82,No
4fca0292-fe9b-4b34-90b3-9d1d2b37598e,34,Male,88,44,No
a82dd754-479d-450d-8604-f257dd095b2d,40,Male,60,18,Yes
30316280-0fe5-4529-a67a-a039071e26c4,79,Male,137,59,No
a23e3074-e86a-462f-8326-4810f1972be3,37,Male,116,81,Yes
8896f882-9336-459a-85ac-3a464c459738,45,Female,134,52,Yes
b8691a63-46af-49f6-828d-461b13af0a2b,58,Female,162,48,No
38f2a782-5a2f-4f55-b98e-5779cb9bcedc,83,Female,128,47,No
3f7b294b-b66c-4825-b013-24aac13deeb2,59,Male,40,32,No
da4fab6d-adc0-439c-a419-5812fe7be15c,69,Male,56,92,No
feaafc40-31dc-4e3f-a92c-4000d2ebd180,89,Male,191,35,No
6179f86d-8ff9-4291-b7b7-b54a3e328817,42,Female,157,70,No
f96c2d8f-6cc9-41b3-96ac-2d096d0da706,46,Male,31,53,Yes
ea05c943-d5c2-45e4-911c-e164c47e5fa0,33,Female,176,49,No
58d7eeb8-8a10-488f-b68c-8dfc762518ff,78,Male,118,98,No
a582cf00-43ee-4aaf-97b9-a7a1a2da4d6b,18,Female,51,12,No
26c5b825-aa51-43ee-8db3-9e9a1a0f07a1,71,Female,36,38,No
983f60c4-ea05-4795-aec0-08da3854cd06,40,Male,25,5,No
9d339e6d-b74e-4fb5-9714-a32b12bbd100,86,Female,41,43,No
e49a5ec7-6c26-4ef8-8db0-a40c67821095,71,Male,95,21,No
af413c55-2e99-445d-9eba-55d6adf9664f,67,Male,86,19,No
5329854f-ae53-4efa-ad18-5d69a51794d3,60,Female,33,24,Yes
efdd60fb-c46b-462c-b0c5-e2ff5f45c8b0,24,Male,72,39,No
e84f6d75-bc9e-4463-80c1-55fac487d97a,29,Female,27,9,No
91b2111f-aa3f-416c-a605-fcf41168a4b5,63,Female,106,6,No
85b12c8c-c2fe-432f-b626-2f01847722fd,32,Female,88,8,No
61efee5c-c7a0-4a63-b2d2-c511d0ccecc6,57,Female,43,72,No
b8a2f13d-e4ce-4393-a23d-ebe64e9c1499,74,Male,180,66,No
8c02218e-4bd5-4785-9c94-2b96a65e12df,66,Female,144,42,No
4cf4ec37-0029-42fb-a014-5ecf66df8ce5,42,Male,176,93,No
31a683a5-1b3d-437d-996d-d993ac088b51,20,Female,150,89,No
2fa3c8f5-911d-445a-bd1d-ace97cd902b9,86,Female,25,74,No
0a91aab3-d603-4ee2-a589-2af6b0e4d124,18,Male,119,43,No
8d0e20df-1e6a-4d5f-bf5c-739acf8783cd,74,Male,176,55,No
17a17645-2e16-46f4-a235-497bce3bd468,73,Female,161,75,No
1382e216-8e21-44e8-b66d-e90434dc7019,73,Female,140,97,No
c69f631b-059d-4eaa-a3e1-8b73a5e9cf54,52,Male,167,84,No
35197ede-d5fb-4eb5-91a4-5e2903d03c9b,50,Male,172,4,No
5e1521c2-3f07-477f-9b26-d21d12b94668,43,Female,78,36,No
20c51386-c8e0-4605-b3c9-5d519a794b6c,74,Female,185,15,No
8ea29751-4ed1-4783-bbd0-9ff11392d0bd,57,Male,37,22,No
b839f5bb-560a-4666-988c-48986c8dd23c,23,Male,50,18,No
81697d09-d566-403c-89f2-d6c89d6984c9,30,Female,91,64,No
931daa16-3102-4155-a0c7-4fcb518a20a2,49,Male,89,56,No
d7aa96bf-31b1-4f0f-9776-a2c5b31e0d39,85,Female,150,36,No
71845470-7cd5-4b8b-a77c-45c9dd1200af,70,Male,21,96,No
a3fe3e37-6a02-4fde-8632-091b51e7c9c6,81,Female,186,68,No
670a88a0-c21d-447b-928f-398bcb5ef7cd,18,Female,157,97,No
99b36e83-3845-4e7e-a089-d2c55be2f46a,75,Female,168,46,No
fde57d98-fa4c-477a-9e25-7154fcc1b65e,34,Male,87,2,No
bf0a20ae-608e-42df-ab6f-3f297e681eef,20,Female,43,46,No
f449c8b6-1e69-4d46-a2f8-fb0fcca7f6b1,51,Female,49,60,No
d1133b8e-fb58-4a06-b5e7-c18b93da2ba3,53,Female,55,59,No
b0f0a227-9ed9-4a9f-bb03-0a496590689c,34,Female,24,35,No
8ffaca7a-739d-4b47-a284-a54a690d27de,42,Male,79,26,Yes
ea7d0ca9-f343-40d3-9988-8ab4513a4166,83,Female,142,48,No
68f2b205-fc16-48e4-96c4-1eff01c158b0,86,Female,56,89,No
d01dbcfa-6617-4fec-a73d-66be0182a12e,60,Male,53,83,No
f2fcc54e-c45b-4c09-b007-a49d6e669aa9,18,Male,195,50,No
8c967acf-c8d1-4ed0-9739-f14689d10680,86,Male,190,24,No
d84f4db6-5940-4f47-a5d6-08872706310a,31,Female,83,87,No
d7c755b4-85eb-4c9c-b803-c0858ff848f7,31,Female,128,84,No
b5d66321-332b-4092-be16-3909526d3571,55,Male,162,69,No
a44a8093-82cf-48f6-b344-0ada6ddab50c,27,Female,130,90,No
2d5b8123-fc67-478e-9130-b6bfc9400722,48,Female,67,10,No
4b0d288c-d4c7-4686-859d-9c64aaa4feef,77,Male,187,63,No
f190ecdd-5954-4acf-a82a-d5cfba0882a6,54,Female,151,44,No
70a255e9-6039-4a7d-b80f-10e8e94f80ea,32,Female,196,92,No
8b7013f6-e266-40fa-ab85-f86ea71341a9,33,Male,183,81,No
2f26ba47-bc24-4a4e-8b83-91ac8a176712,63,Male,73,18,Yes
3d49af7b-6d9d-4ee6-8baf-1a1c7bb40473,64,Male,117,52,Yes
1d416713-d3fa-4fe1-8f09-260b1a1dce01,82,Male,114,25,No
8af88d59-8e14-4d8a-b2da-bc5e3976647f,65,Male,153,82,No
affffef3-0803-4e9a-b610-6e7d0bae4d58,23,Male,20,7,No
5c3a468a-3dde-4d8a-8614-0cd1d5fde24a,57,Female,145,64,No
cf395421-5ca3-4337-9595-13397751b7ce,22,Female,164,67,No
2e757565-7249-4315-a629-31e0f7e813a1,79,Female,118,80,No
06324136-54bf-4f93-a3e5-d1ad26e9a64d,21,Female,44,4,No
77acc4e1-8edb-43d8-b45f-a025458922b8,23,Female,93,25,No
d1675afe-2f98-4cbe-ab19-46f523ebefa1,42,Female,106,46,No
96cdcce4-9f87-421e-99f0-eab0fe03b35f,64,Female,54,51,No
1857262b-89f7-4dde-a92c-1297ccafdc63,47,Male,157,41,No
6407aaec-985c-4dcd-9dc2-5ee833901dd0,57,Female,22,44,No
d71ff6a5-dba3-42bf-8548-0063a78d4e8c,36,Male,81,43,No
fb28f231-8de0-4baa-87a2-753989115be3,18,Female,32,13,No
b07b5c98-6c67-491b-9404-2a0290a281de,33,Female,185,22,No
41c4049d-0c18-4ebe-b760-2ee26a09d856,51,Male,134,72,No
9c649f9e-0d91-4b5f-acfc-9146eab7d0d2,46,Male,134,92,No
2ff0f11a-2607-4020-ab95-c7e62ac04881,56,Female,56,78,No
c1ac1891-b5e2-4249-9970-6aaa98046979,46,Female,137,99,No
4d53cd9f-76a3-4673-be5e-a19d1026cb6e,60,Female,104,48,No
3cd68e99-4c57-45e3-bccf-cf7d0982d6af,70,Female,150,28,No
27310d8a-294a-4f3a-8fce-837c2b73f7df,87,Female,122,19,No
963fbb13-6952-40f3-bdca-80c6f60c107d,79,Female,71,18,No
fdf305ea-995c-4277-9422-b587ff952168,31,Male,33,13,No
e1e0ca93-56cc-428f-ac43-b49038a136d4,49,Male,59,64,No
8c83310e-5736-45c2-84e0-79db520f2ca4,45,Female,182,37,No
1833bd71-296a-4508-ac31-3fbd6baede9e,82,Female,87,24,No
d79edb99-4d88-49f8-87a2-bf2efb7e4a97,51,Female,22,94,No
417a4669-dbe7-430b-a335-2901d348c737,87,Male,177,34,No
d074fad8-7d74-4c37-8c81-f46c32f15626,34,Male,40,18,No
3701320c-c6a8-4d7a-8fba-0d321d356868,31,Male,161,57,No
b23c8fbc-292d-4089-885c-18ed716aada7,59,Female,152,48,No
56873757-7648-4c2a-8095-be358c22bac7,29,Female,133,22,No
496fdbf5-cd8f-4708-947b-6b9acfcec9ba,63,Female,138,95,No
09395d3f-a110-4134-861b-e1629225494d,41,Male,95,14,No
a968d445-d93d-439e-bd65-b180a220e877,18,Male,178,55,No
b3c9cc86-024a-46c2-bf5a-a661a49d2039,37,Female,113,57,No
0f4a18d9-1ce2-434f-878e-20036201c611,33,Female,70,73,No
eb2d1a79-155a-413a-9b1b-bf25c8447e4f,53,Male,146,7,No
ac6ce493-6052-4cc0-977a-ca2b1da35ca0,21,Male,25,97,No
870e7a82-b7b2-49c1-8fc9-0ef97e4dadae,38,Female,162,3,No
53e7a24e-5bad-4651-863a-95762a882592,30,Male,25,64,No
74a5365c-ebf4-4d8b-bcd6-398b8c3dbb86,26,Female,22,20,Yes
4e713fff-7c21-4205-8401-cd2bc55c8458,78,Female,180,68,No
e9947303-cd0a-43ea-9c76-ba2987c1f6dc,86,Female,65,51,No
4083f637-0fd6-460a-8a7f-dbd9f311e80f,71,Female,97,43,No
cc33cfb5-3e96-481d-bf8b-1a4cdf6d5abc,89,Male,53,26,No
142c6e79-f8a7-4d46-a40d-9238f7c89fbf,79,Male,119,67,No
993d46d1-ac76-42f4-96d1-3cd7f0d12cf6,50,Female,189,21,No
970c79c2-d63d-4269-97ae-5460f00683ea,56,Male,161,70,No
7a82e1f9-1931-4dcf-b905-32bd1af28586,40,Male,103,98,No
cd6919d7-f880-43bd-84eb-211b89ad3c80,52,Male,61,44,No
742539e0-cd78-474e-9cd8-4565779655f1,89,Female,83,77,No
d539f7d3-3d52-4d46-872a-9639dc8ebeea,63,Male,117,49,Yes
00ea4c0c-dc8b-43ad-8e53-80344d9b0df4,51,Female,108,78,No
19d933b3-5000-43ef-befd-1b97c3eb39b6,85,Male,163,27,No
16be2348-ddc1-48a9-867c-4b8da17cdcd3,81,Female,46,30,No
e70f5c92-9aac-45e2-8549-e5b756a5128f,54,Male,196,89,No
74ae8678-a029-4066-95fe-b746ea9d4a8a,67,Female,155,23,No
61a779d5-196a-4343-8308-ed357688f4c1,40,Male,105,42,No
2d85e595-2abc-4d5a-9d4e-11e8ec257e31,89,Female,189,44,No
968765ff-1fa6-4e83-8c28-665c758a8981,45,Female,72,4,No
5e65a797-4d4a-43e5-8aca-8de7fefe6f44,35,Male,163,6,No
8238cb9d-3d8d-483e-840a-b16efc57612a,71,Female,54,99,No
1bcab1cb-6734-431e-b44d-bfd31e4ecece,20,Female,188,35,No
14e60502-e828-4120-83bc-2f3c21a9afae,50,Male,82,98,No
f05335c3-f278-4433-bf5f-03c9beba8034,53,Female,145,30,No
f9ae974f-5133-42aa-bbcf-b68fef39aa65,35,Female,128,71,No
8f3a48df-6bc2-4fee-b3bb-90207b3f4b33,27,Male,135,48,No
6e142445-bbc1-469c-9593-8b1763296907,52,Male,125,87,No
b78048c4-3101-40d3-815a-5ed52f97a4fa,49,Female,132,74,No
6c1eaa59-beb5-4aee-bc4b-dd1522042e73,39,Female,193,93,No
32eb89a8-9a6e-4967-a0c2-e547dcbb6581,34,Female,179,42,No
343fa24f-7343-41a4-ad5d-913e6293c6c1,44,Female,110,38,No
e9545b9b-d57e-4dfd-b594-4a8569d646d0,41,Female,97,76,No
2764746d-2388-4d51-8e95-eecf3252d9f8,74,Male,69,76,No
c310d27d-9066-48e5-91c6-79e443b6048a,27,Female,191,32,No
d0e52fc0-b4e9-4881-bf0c-b91a126df400,38,Male,66,79,Yes
ceb3ceb1-2154-4b24-955f-e1dbcabda811,79,Female,187,28,No
130135ac-d66b-4641-a913-e493f009ce88,72,Female,148,17,No
b33fa7f0-b04f-4298-9a6d-ff5ed680191c,44,Male,88,92,No
05bddf0c-8046-45d5-9ff9-56a8fe9dad37,76,Male,93,24,No
163c4992-745f-42b2-8c97-7af89e4c1176,66,Female,85,100,No
49c52223-dbde-4a75-9d02-9df748a95320,40,Female,123,23,Yes
64e00076-b380-414a-8053-64f1b372bada,44,Female,153,59,No
e6356f3f-898c-4efe-8d19-8c7a88360ce0,60,Female,126,42,No
67faf92c-738e-47df-b842-6efac16e6fcf,20,Male,69,24,Yes
67aa0e1f-5470-41bf-81a9-fb06df62f026,69,Male,105,67,No
fd8799a4-a20f-4df6-abeb-cf50f2a23b41,89,Female,110,95,No
3bd41ee8-e0e1-4f3a-b345-e37a5a2775fc,56,Female,80,3,No
4140caf4-b760-45ac-9d76-43149bb624bf,32,Male,148,55,No
a584ce4a-8419-480b-9bc0-eeeef3ee860a,52,Female,52,31,No
338b228b-2351-4add-91cd-f0cd8ee31825,75,Female,73,78,No
3e61dba1-1e46-44a6-a319-51c979a81a0a,55,Female,178,59,No
f4521a1e-f525-4074-b28e-50ebab97e68f,68,Female,162,13,No
f5766198-0327-4c47-b11b-3c4732c7b8b7,29,Female,189,32,No
0cf85e61-d2bc-47fe-82c7-fd126efdc490,62,Male,132,19,Yes
9748307d-108d-4388-8ed4-829890ed15e1,48,Female,78,42,No
1e62402a-7f32-4553-a1c9-358285435ab0,73,Male,127,54,No
5b1b112e-075d-47a4-ac8e-61907b7ab0c6,81,Male,126,68,No
ef0624fc-4a08-45d1-9b41-a3f73a3bd70b,33,Male,85,32,No
c857e397-93eb-4056-ae6c-eb0e65783711,41,Female,191,22,No
4b6e29a2-4264-452b-a06c-0327b2c84188,39,Female,52,44,No
6d96c0d2-6b18-42af-8e6f-99d9becfada3,19,Male,188,61,No
bfbc20bc-42d9-4074-ab08-47154cf5b3b6,87,Female,55,3,No
5a521234-9623-4add-b5eb-e2e7cc100f5b,25,Female,189,2,No
e7e5f87a-ca91-4727-8e62-020028f4ac28,37,Male,52,94,No
3800d006-6c7f-48c0-a76e-590a82bb0ffc,19,Male,171,83,No
40f4c4d7-ec00-46f7-bad3-d2c291ebc63e,33,Female,188,2,No
750d6d7a-a0bf-4ff6-901a-b06ec6601178,76,Female,185,61,No
bde240d0-68d3-4659-a1a9-9fb0fa164d7b,69,Female,102,57,No
06e846e9-bff4-4118-bd8e-1ba042a98698,78,Male,71,70,No
87d198dc-f027-4306-9a42-d166a95c52c2,65,Female,28,90,No
60b95468-ffd9-4c9f-b998-124e0cc78ef3,22,Female,40,27,No
4272d111-6e07-41d5-84bc-ef5ecbbc20a6,30,Female,174,84,No
28872c45-d5ee-48ce-ba64-45e55eddef23,30,Female,146,100,No
67e79246-7f4c-4fe8-bb7e-1bc1314894bb,61,Male,57,10,No
9ae8634f-63b2-47d3-82d8-c73b89203570,39,Male,44,37,No
03bd0f2e-1e22-4651-9318-098ea412a67d,46,Male,152,77,No
cd6a1a72-7c84-4fb9-aac7-20fe4c2ab46d,40,Male,119,52,Yes
bb5cc854-35ab-4dcb-969d-f14a31fe9ed5,20,Female,64,95,No
0e8556db-06bf-4781-a646-e8ad3a6af816,20,Male,186,81,No
4310faf4-dbd1-4e4a-aa37-ec82a3ebef40,30,Male,144,28,No
2ff48566-e69f-4fda-b62c-e4f945dea74a,54,Male,55,42,No
51cdcaaa-0ba3-4bd7-a67e-282766cc9497,83,Male,172,12,No
a408d980-1fe7-4ad4-88ef-b8fe5c62b214,77,Male,74,70,No
b7f8c2a1-2d80-4173-92e2-d16f863c6928,81,Female,146,67,No
a0e6f1e2-a6ed-43bf-a623-b6e95b2e2f12,69,Male,26,20,Yes
8d5ec9ce-8709-46fd-95b3-23e514c4184b,74,Male,162,68,No
3dfa922e-0714-4574-9479-4eda854a26e0,80,Male,59,80,No
f2fac304-1af3-49b4-9364-3e723eb4964f,24,Female,108,75,Yes
4d96354d-701b-46ac-83b2-4f619bfd85dd,44,Female,30,85,Yes
70835d8e-7e09-4207-aa2c-a50f9ec7e906,61,Male,102,18,No
926e4937-7ba5-44ae-961d-808c3046407e,78,Male,21,70,No
cf94d4a1-0bb8-456e-b6dd-9cb81223347f,41,Male,73,20,Yes
0a49a39d-4322-462a-98bc-a5208b143830,78,Male,51,37,No
586d9d04-172c-4775-a9f7-648194e4133f,57,Female,188,39,No
55ee165e-e74c-4589-9be7-a61a00cfce46,65,Female,95,33,No
2b7a32fc-7124-44ae-898f-6c3af1d8f724,23,Male,126,41,No
57a43677-10d5-48a3-9a06-87bd500086a1,21,Male,118,41,No
1627daa6-5f21-4448-8d3a-bc446a91ebf8,23,Female,190,22,No
e91e158d-72b0-48f7-a433-2716307234de,80,Male,122,4,No
7d6e991e-afab-412f-98b0-bc8ce8894ee6,82,Male,95,42,No
dbbf5e6b-ee92-4bce-89db-174c7bde9f53,33,Female,82,81,No
0c5cdd12-880b-4182-87b4-e7759faadb8b,51,Female,145,76,No
4946f1a9-ab13-4893-9d7f-9e28faf48f6e,64,Female,116,67,No
16f8ef99-91be-4510-b958-b36e3a48da72,28,Male,130,31,No
93edd5b7-913c-4cc1-8cfc-3c2e48539152,78,Female,24,61,No
e298904b-1c2b-44a1-b542-c4765a3acd55,45,Male,39,95,No
b3835323-800e-4359-89bd-f9ed2119a141,62,Male,193,48,No
c52f777a-1eb4-4f73-b167-ee3c01a5c727,31,Male,104,75,No
cfe656e3-8f86-40f7-bc56-c5ac7597aac6,88,Female,75,90,No
ebff68a6-9e0a-4aae-9fe8-83c40c6941e7,79,Female,149,45,No
f613eb55-4a9f-4aa4-95d2-c79d15541071,33,Female,152,37,No
e9ee6954-c09d-4986-8161-c1d94abc3324,31,Female,131,27,No
343766d6-5dfe-4899-aec4-33ae2c667a1b,44,Male,83,57,No
ac52cf00-51fb-4377-a6c8-32c71822be1f,72,Female,163,50,No
78ce8e2c-0f31-42c2-9c61-268ce7b4d4be,71,Male,137,99,No
bd13c4a4-4586-4e2c-8314-7ea4f258b9bf,38,Male,70,90,No
5b01455d-bb45-4923-a2b9-bc6b37f68022,82,Male,65,100,No
d9c8605d-ef73-4a5c-be03-2d6f08a80646,64,Female,92,27,No
3c23b96c-4537-482b-848e-d7e2eec11f9b,59,Male,66,67,No
c7dbafc7-a630-44b8-bdd3-d07f6e2e55bc,76,Female,38,78,No
36aaa595-97de-4d38-a6a2-b0d50cab90ab,67,Female,150,79,No
0abae60c-ce48-4307-92b7-50de65a4c361,64,Male,110,70,No
29125849-956a-4592-9126-ee81d8b77874,19,Male,26,64,No
81d31610-9b7c-4e30-8286-3869d3bbb9e8,26,Male,136,64,No
5fb99ee2-fb68-41c4-a10c-980a43791281,26,Female,58,3,No
fa306643-1097-4a47-a447-ad56c93e6a54,19,Male,97,69,No
4ad46545-4a84-447d-8f36-d962f72fcc15,40,Female,84,20,No
4c220062-6465-4c9c-aa9d-ed06b5c04e19,64,Female,185,1,No
ba611ef3-6ea1-4953-8c0d-6b8bfadf6092,50,Female,80,74,No
a424bcb8-acfe-40d8-8940-4f38edbbcc27,18,Male,101,22,No
82ab9967-9fcb-4df7-b262-2d7a74de8668,45,Male,64,69,No
16ea94b0-ad40-4658-a67a-f8304b9833d9,24,Male,145,57,No
c732ed0c-3bce-4e97-a90a-dfff1fd57d38,83,Female,154,64,No
3532d4ee-f590-4d9a-957a-933d0cc62d90,73,Female,180,26,No
f21ba175-648d-4c03-aa31-95d0032c78e8,26,Male,84,43,No
f195a090-5205-4bb5-a1cd-92cecfa31547,45,Female,24,47,Yes
8fb134af-ca81-4512-a2d8-975111e7b3f1,58,Female,28,16,No
c11008b3-f0c3-4657-8f63-d672df08bc39,50,Female,131,72,No
c8871d1e-524d-4add-905e-d1a6577c18d6,25,Female,143,42,No
c18487ab-8aa6-42d5-b4bc-3b2b0cdb1feb,68,Male,35,100,No
fe0cf3a1-7157-4cfc-9f1a-3c18cae0b98c,32,Male,130,14,No
234d492d-049e-4e27-a0e2-94453d1fa489,55,Male,26,57,No
b1d3f514-b97f-42e4-b564-261a24c2951f,88,Female,110,72,No
d9137f51-9049-47a4-ab4e-240a0b137b6e,29,Female,60,92,No
5db07c20-fe07-482b-8e0f-216aa4abf735,75,Female,109,89,No
461d471d-4dbf-4cf5-b21b-22f0bd494e9e,80,Male,149,60,No
dd77bcd0-df60-4e68-aaa9-7893672ded44,19,Female,196,26,No
4a6e5fd3-6ffc-45ab-a6ac-061d4d0e8273,30,Male,186,49,No
82822e13-6bd0-4236-9002-8d28836972f9,64,Female,176,51,No
1a650ede-ab07-43bd-aa14-b606cade80a3,68,Female,126,34,No
6bb2e736-9585-4672-9db0-ca29831feb82,38,Female,117,8,No
51a302de-0193-4ad1-84df-db12793fd7d4,47,Male,21,33,No
37136b3b-70d9-4699-91a0-53e55fa55b0a,52,Female,57,13,No
aa44551c-6ca1-4556-a812-708d372f87fb,52,Female,93,67,No
ddf116f3-8a86-4e5c-820c-2a97c32404f6,34,Female,41,7,No
b25e6314-335b-4be6-8698-368f3cad27ee,80,Female,131,59,No
2398fe9d-f793-4019-b980-d36362d244c1,81,Male,63,58,No
ad722d98-efb1-4b12-ab38-17b9f1472af1,27,Female,88,44,No
cf9e980e-4c6f-4e9c-8b8a-f31466786225,48,Female,54,90,No
569da121-db5e-427a-aa63-e25a07dc9e9e,80,Male,155,55,No
7e432437-9427-435e-bdab-a32bc2281cef,45,Male,173,63,No
ad6c22fc-a989-4ba8-a08d-ec1984511f3d,72,Male,73,28,No
e7134897-f91c-48ea-a2cb-ec23966da4b8,77,Male,130,72,No
24868c93-7a64-4ab6-8b6b-11c8640849fe,21,Male,156,16,No
625c5b77-2db8-4959-be54-f18c6f8a61d7,54,Male,115,65,No
23338bdc-27d4-46db-8d81-fb37947ed24f,63,Male,63,2,No
2467b7f4-4076-464a-acd0-46d864b1ba2b,29,Female,144,44,No
95c2d15d-71b1-4126-ad03-08c41e6364a1,78,Female,74,49,No
64d13370-7fb4-4229-9df4-8ceb3a88b87e,64,Female,101,72,No
94315708-2e89-4aca-8d20-7f022dac22fd,89,Male,83,56,No
766cb4d7-90ce-4386-882a-21ae82e225b6,71,Male,138,69,No
7c769645-ac67-426f-afb1-4a9d4a226640,81,Female,52,6,No
f5f05e3f-1ffa-4489-aab7-fb2cdb5896c5,70,Female,94,75,No
2cad5df6-09cc-4b94-911e-bd0f1e654188,27,Female,167,19,No
33ddc928-085e-4197-abed-8a07404255d4,31,Male,170,82,No
6d5d02f6-f3e7-4653-8df8-8aca4ec312d2,59,Female,31,24,No
54bc4209-7fa9-4092-a67c-e70cde7781a0,65,Male,158,63,No
bdf682de-82fb-4f5d-9085-a80e9f9c4ffa,33,Female,105,90,No
3f3472d9-9015-4c7a-a881-e2e9bf90f5f7,78,Male,45,11,No
176f08c8-7adc-4d91-ac7d-b6c1b5467c16,65,Male,150,40,No
ecd43bdd-2b30-4473-879b-56b32cc6dac7,31,Male,153,82,No
9d9b96db-25a2-41ac-85d3-742cc202772e,25,Male,149,14,No
cb1b7157-fb08-49ed-856c-4a0f497045e2,51,Female,89,76,No
0f299a13-eb05-46a3-a7cd-28ef3069f134,19,Male,56,23,No
977bdb6c-58c0-4875-b6e0-f715d25123f6,32,Male,27,46,No
8151016f-ad67-4872-aea6-56e5ed1ca5fd,68,Male,41,44,No
9486996c-260e-4edb-b0e0-ec65764350c5,90,Male,65,73,No
c59ff6a7-4668-4930-8519-dadb9317b39e,34,Female,200,5,No
c940ae27-01e8-47e3-9ed8-64a742d5b267,37,Female,78,18,No
613b1f2b-2ba6-4b35-8ad5-04e63b5698e2,88,Female,198,86,No
372d9537-766e-4585-b837-6da7d0f8dd71,35,Male,105,37,No
44703b3f-aded-4d46-831b-401e3a17729f,48,Female,49,27,No
e290b472-9914-4b06-ac43-8c40040cac5c,71,Male,128,13,No
c9cd8189-71d9-436a-877c-59e8b1f53638,76,Female,93,25,No
61e4c20b-5dac-486d-9b51-4751765dc85f,67,Female,193,82,No
1bdffa2f-5696-49d4-96f9-cd62a73dc899,26,Male,192,44,No
3b271a37-0eb5-4d87-851c-eab3b565868f,36,Female,138,15,No
143075bd-7237-4d88-80f5-06c1371d5862,79,Female,44,59,No
084501bd-e9a4-4907-afc8-62b590deff9d,32,Male,46,77,No
1d6f608e-92e2-4931-8db0-0200dcad1c9d,75,Female,66,8,No
26528c3f-d663-4a37-88ae-c645673e46e9,88,Male,40,40,No
9b405eaf-b2fa-45d0-b002-29198c3a83b2,67,Female,22,56,Yes
6132f96a-0fea-482e-ab20-331af2eb85d9,67,Female,93,60,No
347fdd17-d643-4f06-83cf-1879c29278f9,32,Female,58,64,No
2cb78180-5853-4540-91d3-07e6e1337675,78,Female,100,8,No
7e02b7a4-1bd5-4732-a968-fbdcc4a95fdd,22,Male,116,32,No
f3b9dc57-0271-4e87-9dd1-a25365db60b2,48,Male,135,98,No
8522e619-92cc-4f25-9410-c5c9e7fa3fd6,58,Male,166,64,No
752702b4-f1ab-45fe-89cb-af00845dbe3b,56,Male,152,2,No
192d6016-e1b7-40b4-8c04-410f6811cb98,21,Female,106,30,No
8ab80628-fc1e-46d4-988f-8348d141470f,45,Female,64,46,Yes
9db65ca4-6624-475f-8157-496e2f490e77,55,Female,156,39,No
64c33d8e-d8fc-4701-b999-0eaf06bed256,65,Female,93,99,No
6f37fec3-738c-4846-904c-7bce465957c6,88,Male,63,14,No
114205f6-3a99-4023-b9cd-2ddb5b849bd5,85,Female,152,58,No
f380b3c8-2528-4616-9a39-8d50a8b38344,51,Male,93,10,No
56853c08-fc1e-4ed3-b2d0-d46df1be290c,85,Female,87,56,No
e60e2c45-09cb-4abc-bf3b-e97877c717d2,39,Male,32,80,Yes
dd22c021-46f5-424a-9317-5fe5e4ef678f,89,Female,74,95,No
3e04491d-df2e-43d0-ba0c-322f424680cc,20,Male,125,5,No
db51798a-d562-4b20-9829-4b43bdffc50c,83,Female,98,53,No
357ed27f-de66-468c-9c40-7b55a8c21792,24,Female,62,24,Yes
01c03241-bb2e-4cce-8907-72c3a024aa6a,22,Male,49,30,No
7b53ba74-bea3-4bd8-9e13-c3ecbdcf28bb,31,Male,123,66,No
f419b2d0-bafa-4dfa-a640-82e8a62400ac,18,Male,177,54,No
f98274de-db13-4814-ac7c-889c8c1086e9,64,Female,46,58,No
d5b3dc4f-01a9-4084-ba4d-de0f8f71b4cb,88,Female,124,19,No
c1d448be-1853-4b97-81cd-baa5f25a4c4a,28,Female,194,46,No
c9f6c65a-afbc-4885-a81f-b8eb7d943eaa,58,Female,71,23,No
fdf13ef1-63c4-43ad-bc00-e8aad95a4591,48,Female,109,10,No
7af56085-617b-4470-9aca-ed0a15fc5bf8,43,Female,61,33,No
72b8e2f6-f6b6-4a9b-a2db-c79a98f43d2c,58,Female,78,90,No
0058d7fe-f36a-49ef-b51e-76e8dddff76d,53,Female,66,50,Yes
db200493-ecdd-4ad9-afcc-149baf23266d,24,Female,125,81,Yes
19a15326-c0e8-4ba4-9955-4321d9845299,37,Female,21,44,No
0b1425dc-7d15-4e00-871d-b52efdecd83c,24,Female,192,99,No
af8bf586-47db-4f68-a781-e9f19d825fce,33,Female,104,11,No
ef05baa0-1b2c-4d0f-9626-0269fa18350f,71,Female,50,25,No
f4829244-7d48-4367-af55-c98e4d2fba31,42,Male,119,14,Yes
d0c754fa-8e1f-4730-ba86-1847c65f80a1,66,Male,130,79,Yes
67755c82-a68c-4857-b268-94fa996ea0b7,50,Male,79,23,Yes
c94dc3b0-4c42-4cae-8ca6-6e7a8791704d,77,Female,81,82,No
d54b4c76-e002-4393-a1d1-6d47e52655ae,76,Male,77,50,No
d91eed44-afa2-41b1-97d5-65297438d8c6,21,Female,169,13,No
59615e11-addc-47a3-b887-435e74e44d6b,45,Male,156,54,No
16295903-6c7f-4b76-ab40-3f8257dd6824,63,Male,164,90,No
4f047f35-af38-4634-9a0f-53bc99345712,68,Female,84,31,No
df2d8ea2-a1de-4229-a50d-afd4b520cfa5,40,Male,119,83,Yes
efa8597f-7e25-44ed-b20b-ec071babb33c,89,Female,136,62,No
c5aa241c-8146-4981-b248-f847b180cc07,77,Male,79,93,No
63cffc12-d6ab-4e82-8121-85f959d87bb9,56,Female,24,20,No
9f35878b-6b93-4407-9dd2-10882810c0ed,53,Male,196,9,No
b5182b3e-f0ef-41e5-a634-337e5557e817,69,Male,100,24,No
5641b99d-01df-42de-b192-eec73ff40645,47,Female,166,100,No
1e2c820a-1345-4305-b484-0780eab56a95,90,Female,197,77,No
40db1252-ad43-4a9e-8955-4850d08a1035,22,Male,187,72,No
bf413686-fe13-4d13-be53-daa8420e22bb,89,Male,56,98,No
ea934378-dec8-4912-8a59-29b055e77b12,31,Male,177,83,No
b5c7c662-0f67-465a-8529-d186f4d56c1e,72,Female,89,37,No
60cd1504-99b2-4ed0-9557-aeb783aa1ba4,76,Male,30,71,No
186fa446-e72f-452c-919e-5b36c930b447,87,Female,113,26,No
3b56d561-b36f-4e09-bd96-1d2486893723,26,Female,124,86,Yes
5970ddbf-3aae-4ce7-b316-c82fc5fc6db8,67,Male,68,7,No
e4f1ac05-383d-44a7-884c-c5e74ac36fe5,71,Male,194,23,No
e3cbcea9-b69a-49b3-a6da-062b31ad9dba,75,Female,105,75,No
ed257c0e-4a5c-4006-be82-d4eb45c52ed5,67,Female,86,29,No
4e7730c7-eab0-43d9-9012-101c41e2f60b,29,Female,96,9,No
2c35a3e0-9c86-43f0-88d5-8a3f38b8c68c,41,Female,57,71,No
4758bbe4-9ecc-481e-9097-99c95ffd9a42,56,Female,33,43,No
03e544c0-02c8-464f-83b1-e21683758da7,35,Female,175,64,No
5390b304-05ad-49aa-9755-4877f841a407,73,Female,98,55,No
d88f8c64-ec49-4744-bde9-9719a4452dc9,57,Female,57,3,No
fce3316d-bf35-4c6b-99de-b652f16474a5,43,Female,179,59,No
1fffb709-7d20-4436-a11f-91539c307f62,55,Female,53,27,No
c1376422-3cb6-48d9-ad1c-53f338ec83ad,89,Male,153,23,No
f49324f9-d1e6-4501-9845-c3355983274c,69,Male,145,2,No
62884a9c-abae-45a8-9122-0df425ea3c28,28,Male,48,36,No
9b17880b-a85b-4ad0-94ec-db00d2210271,54,Male,30,1,No
1085d408-88e9-4015-9b4b-77a31d510e75,36,Female,92,79,No
c526826e-6f3f-4e85-b5f3-eace57fe5919,25,Male,75,42,Yes
517d35b7-cc33-4763-ab68-0ca5f03a454b,36,Male,57,47,No
afd5d63e-79ed-4943-98dc-878b079a417d,41,Female,179,33,No
f299e245-efcc-46b5-98f3-73cbf6ab37f7,59,Female,156,34,No
73293f0d-5e62-4f8e-ba15-50a0a8137908,54,Female,114,57,No
c07e4f7d-09bc-4a51-a85f-8229a2e13e2a,79,Male,43,11,No
66558774-68e8-4885-8f38-4497ecadef73,42,Female,52,64,No
e1faceef-f2b8-45cc-8325-829e8fc98c29,65,Male,172,51,No
802d973c-baff-4dcb-9bc9-ac58d83ec4e0,43,Male,196,68,No
911efb4d-9aa3-4690-9677-56d0b9c3dec2,57,Male,69,18,No
34f71449-fb0b-4d7b-ae48-8611695b1208,84,Male,137,51,No
e5b4c702-a17c-4d74-a58b-0a1cc2645816,75,Male,140,92,No
9f877b62-c5f3-4241-bd5a-231b6eb4b6c7,74,Female,89,61,No
f6df896d-dc03-4e31-9296-8ff097329f16,67,Female,162,3,No
5c23af0c-a6fb-4328-90fe-0b1b59f05438,20,Female,90,37,No
c1e5022d-6699-4298-bb59-6bb5370ad1f3,73,Male,170,60,No
96089c2e-d88f-476b-a286-31aab80ac65b,51,Male,59,55,No
b43a0f85-4524-4a5a-989b-c7cc61fc4ef6,29,Female,35,87,Yes
bb9ccdd0-0cbe-4b0f-aae6-418486313fdb,66,Female,193,29,No
884d9aa1-3c16-4a56-953b-486d98d9eb4d,47,Female,28,86,Yes
f48a3225-8e4d-4b7d-9043-fbd835d85b69,39,Female,162,46,No
dd61a6ec-bd42-45bc-9ece-7bf6c47ae8f6,25,Female,109,50,Yes
a81aac52-c69c-436a-aced-3ca254d227b9,19,Male,174,36,No
1a177342-5911-4e4b-9e66-2261778770a6,57,Female,172,90,No
36dc6e8b-81a1-4a38-8ae9-d56a912e032f,67,Female,143,63,No
1ff63b68-f51d-4afe-bfc3-5406df317086,26,Male,88,54,No
4aac662e-0056-422a-be9e-c03421dc5b3a,66,Female,171,93,No
7e0e0708-50bd-4b34-9847-c7c109b3f15b,47,Male,199,57,No
f32f9dda-237c-4fac-a54a-bf299172b8f6,83,Male,63,69,No
b2f9cdad-8141-4ea9-8bac-109f1c3b6274,32,Female,28,73,No
2eace085-5b01-4e3e-ae77-21b5e810d0ba,37,Male,52,80,No
d85f3644-2b4f-4290-b194-08bba00407e1,85,Male,151,55,No
54fbf71a-b1f9-4efe-96c3-78b5624f94af,76,Female,139,63,No
3b159fad-fee4-4f69-8a8a-059b4cff7f7b,83,Female,132,31,No
9aa539df-2541-4264-be11-f5a52c908563,77,Male,44,55,No
369ebe31-4249-41b3-882c-a3a8b7c6fee5,70,Male,59,39,No
27a51dd5-b947-4bc8-8cc6-e8ed7345fdb5,80,Male,92,87,No
ed9ddf71-f60f-44a7-b4f3-1e22ae305e0e,67,Female,39,55,Yes
3cc7b1e1-eaba-45e0-bc24-dec2dfa48625,82,Male,71,38,No
8042bce0-8684-4335-93e8-6c3ea8f8333e,70,Male,172,71,No
a481442f-c070-40ef-8fdd-a26c1cf8e394,33,Female,66,18,No
a6b9429e-28ff-46f6-801b-3b3ccad76344,33,Male,94,15,No
657b43f0-d4fe-46ec-8e03-5982df75f9ab,33,Female,45,31,No
2757327a-7e95-4ed4-bf92-d39ee45e68e3,56,Male,129,19,No
48766198-c93f-4243-9e85-d5b804b500be,24,Male,101,70,No
b55cd1a1-cb5e-4e18-8b7f-31ec70e77931,33,Male,150,48,No
495a2962-d351-46e4-b898-b93f50c26a30,20,Male,94,32,No
e06f7d21-0ff0-4263-8dad-6645058a6e03,63,Female,180,58,No
559d6576-d205-43cd-a771-182624165516,18,Male,42,77,No
f95af1e2-c637-4aab-8559-917ba12a30a9,18,Male,36,86,No
40b81ba2-a488-4959-9590-73f14e6c7a53,39,Female,65,20,Yes
dbd2b61a-04db-43a6-868f-1b1dfef47bd7,35,Male,168,67,No
2c0dcc71-d5b3-4593-b608-caeabe60abbf,52,Male,25,80,Yes
372329d4-ad94-40ab-be83-802d1325a264,46,Female,181,34,No
1c8f7813-56b1-4983-8119-a8343c13e16f,37,Female,64,51,Yes
2c335b4e-860d-418e-bd36-1674fe21d0de,52,Female,169,92,No
3a505709-117b-4377-ba79-d1ebfebd38f8,86,Female,72,59,No
4c45f54a-bd7c-440c-8e67-c1053a24d298,68,Male,161,26,No
544713d5-623d-4cf9-9561-8c55b282113a,50,Female,108,55,No
c4ec8c71-eee4-43fa-91af-d44db27dcd89,44,Male,177,89,No
07e4548d-b594-4e63-aa9b-4c182b8757d1,86,Female,135,66,No
41396501-5fc5-42a6-938e-67de977627ee,35,Female,89,59,No
029cd25c-fd8a-4c5d-b1c7-2d1a50001ed1,75,Female,49,26,No
d021f1f7-eba5-4b6e-835b-f5c57a6524ae,61,Male,72,58,Yes
7e000886-522a-44b2-b559-e5a81521fad8,42,Male,175,11,No
f795ab8c-4165-41dc-a7b8-005f34a1c24a,82,Female,183,38,No
59d3ce04-f385-4c50-8772-6143c849f6b6,80,Male,167,89,No
bc2e2840-767e-4595-91fb-c648aa249b16,51,Male,73,100,No
0dcd8d76-6641-4f67-a19f-f312b53d6714,55,Female,190,98,No
af44f820-3598-420e-b33b-1192014846fe,80,Female,61,70,No
1ed6df15-b665-4c3e-9ac8-a50d01f067bb,85,Male,21,2,No
55e96c60-26af-4016-8cc1-eaec13f00f13,42,Male,195,89,No
fe70a2e7-a113-4535-894c-73151ab557e9,48,Male,151,5,No
994b9349-2bf9-41e4-be38-641a280713f0,18,Female,153,38,No
c303fe8b-f416-4b96-a119-afde94d47aa1,20,Female,63,59,No
0cf8361e-5d87-4c80-9025-fc1ee8d6e122,88,Male,115,44,No
8a0bc7c7-8dd8-4827-93ed-7f2cb0e228ad,80,Male,55,57,No
636d6924-fef4-4fe6-819f-5e9ee6e5b5c6,34,Female,160,12,No
a4ca6a87-6819-4f04-90d4-73ee53c4fb31,80,Male,55,68,No
8c495f3b-a272-47db-8859-bd7848036df0,49,Male,58,57,No
f1399076-7a07-460b-8958-b7dbace4774d,35,Female,80,78,No
448d299b-8993-4807-adb2-40dfe8fc08a6,47,Male,89,14,No
9c0d6ce5-15c3-41be-a729-3a197d3e75fa,79,Male,131,7,No
1551283e-b864-4680-b997-2ade0a076641,66,Male,186,14,No
e47f2323-fca4-4503-992b-b453d3568423,26,Female,184,82,No
73a92117-888c-44c5-a216-6e3c70492850,41,Male,127,49,Yes
25f52fac-10f5-4609-8c93-18b81dff158c,90,Male,108,15,No
a91e1b7c-4f1e-4e63-bf4f-924df85f6b03,63,Female,70,18,Yes
4d84aae1-8ba9-4a54-9a32-8c24846e10d1,38,Male,41,92,No
9d582973-af6f-4620-8d4d-7985332ff9ea,33,Male,180,24,No
5be2466c-7477-4f72-9023-c7ca319361f3,23,Female,102,42,No
fba2b401-f4f5-4b18-9191-3c1b64c702c4,37,Male,116,89,No
dadd70eb-97eb-4cb1-844d-1fd55f671e15,46,Male,51,45,No
799e137d-4d5a-4eb7-9472-502649b0a19c,28,Male,174,26,No
87e3c727-1df4-4d41-9296-9d2f5f3c3f43,48,Female,176,80,No
116e6035-9d61-4f35-923a-f2b2f7a2ccfa,53,Female,31,29,No
3e76f787-a7fa-4609-9358-05c63bdd6965,29,Male,133,63,No
49d3e09d-6776-46fd-bc4f-0cdc17cb4a8d,63,Male,32,25,Yes
7a887c6c-dab4-4a0d-b251-8d97bbafcffa,31,Male,67,40,No
94018710-3f8f-4015-a45f-dfcf3bf71977,66,Female,118,62,No
7db4632c-9466-44e6-a340-2f996b230c86,21,Female,109,100,No
41e67ec7-0b2d-4325-987c-83f8798bf5c7,39,Female,25,24,Yes
e70fe988-cd7a-4777-b341-cb77ea9ec5dc,32,Female,133,9,No
ab0248cf-d861-417d-b263-5a167fb365bb,55,Female,40,46,No
aab53799-d3ff-4d60-b423-a296798b56ee,85,Female,163,35,No
47e1b471-b887-4de3-ad93-f51ddb700219,53,Female,173,52,No
50e95371-9c1c-4c7c-90e2-efb064864f10,41,Male,112,6,No
3c0ff7e8-32dc-4427-9ace-515fbee49db9,39,Female,44,46,No
eae48f5a-0a2f-4c00-8a75-fe16f351a8fc,33,Male,121,64,No
cd808f16-9729-414c-8a83-ed851feb59cc,39,Male,24,40,No
2e623ec6-2578-45e6-adb3-f1d55e6fdfa2,46,Female,130,23,Yes
a7b6c4d8-2b0e-4ed4-be3d-dea69639b70f,31,Male,84,36,No
fc972da5-b93a-4c89-b939-62e868b0c121,56,Female,129,47,No
4b9d5e3b-c8b9-48c8-9ce6-87962302ceb4,80,Female,46,35,No
cd6c53b5-2a60-417a-90e1-b38948536e31,18,Male,77,53,Yes
922885ce-373a-40f1-bf11-7da126af6d4b,27,Male,106,49,Yes
eba11dae-c6e8-491c-bc2e-f0d3a7821e7c,69,Female,77,60,No
318eeec4-da13-449f-ab50-6161e4853baf,55,Male,60,40,No
5ef7e796-ac50-4b23-a3a4-c2a885133810,25,Male,70,31,No
51e6e9e3-07a2-4681-8af2-3dc36363dfea,62,Male,178,3,No
d8902054-4c4c-4bad-acfa-c3d5b0947458,42,Male,177,43,No
6d313e07-a02d-4e20-a45c-170c3ed51434,31,Male,75,91,No
ca096e00-462c-4caf-afe2-d20938cbace3,86,Female,79,91,No
37add442-fa7e-4d95-9e47-ed5d00274280,34,Male,101,30,No
70aa2c53-3482-4e9f-b57e-adfa16301131,52,Female,166,79,No
757ec749-762c-4784-8fef-64f7580b2475,29,Male,99,78,No
1f670739-655c-4d9d-bb22-fc014695a69a,34,Female,106,95,No
b77d8e4d-0036-47d4-9515-643f0c5c1630,64,Male,69,50,Yes
56eceade-1b1a-4e7f-a223-ebcde995a547,61,Female,74,27,Yes
2c5caf73-6ff0-49bb-9c14-0452beafba1d,44,Female,31,98,No
779ae66e-94c7-4225-9709-da85a829280f,72,Male,80,42,No
b2d11521-ff15-430e-9481-ed59dbe65938,51,Female,84,32,No
9d6936d3-ca8b-4af9-b8cf-dcb58013a118,65,Female,35,54,Yes
754bcb91-a8e4-4657-be04-685b7fee3efb,57,Male,37,59,No
0dee2cee-b68b-45b3-a835-284ff1f08e96,41,Female,200,49,No
578af37c-ea50-4d21-aecd-71f94fde6003,60,Female,184,47,No
f393d61c-34ef-4f00-a60c-9f9ab0b7c37b,37,Male,85,66,No
bf90967d-e9bb-4238-a3cc-7a831911f021,84,Male,125,66,No
43bb45f8-553e-4864-9fd8-f07c4a7eb505,31,Female,160,83,No
b476577e-cbef-442c-8035-dce524fdad50,40,Female,177,93,No
b084007f-d01d-4fb1-bb60-431586bc2bee,33,Male,98,42,No
840f36da-5676-404c-81f3-08558ce9fbad,85,Female,20,94,No
79e24372-82ed-4a6c-9639-032925b57ab1,29,Female,194,21,No
a5493097-8a9d-4412-8a9a-8168eb1e1757,61,Male,34,49,Yes
489fa873-9698-4ce2-86e9-2a362e4f4288,30,Male,80,83,No
43f36fe0-b54e-4d4a-b1fc-ca572fea16a4,20,Female,75,22,Yes
22535881-d8ae-4652-9f99-e16abb4e6cb1,38,Male,25,64,No
bcd182ad-baa5-4084-9234-178bf17cfc85,29,Female,95,6,No
4465d4e2-d71e-43cd-9bb6-9363808021e7,86,Female,118,98,No
61644b57-81ac-4114-998f-7232971b7a52,86,Male,162,16,No
9982f8ee-f7b4-450c-a912-9ad3d4cd3cca,84,Male,144,78,No
f2e21c3c-c52e-412a-92bd-8d20ea37ba5d,46,Male,156,63,No
e573c5ae-e91f-42ce-a3b9-b976a5bea988,28,Female,133,38,No
6dffd33c-1a67-4a1c-96ff-3529eb766213,83,Male,185,35,No
3c82d7a8-1583-416e-ad92-55a7cdc89629,57,Male,186,4,No
b27cf1af-dc75-40ce-8f99-f791fd7052a7,46,Female,58,86,No
22b55301-25fc-4e75-bac8-a361ca625b19,26,Female,167,73,No
7bb2d1c4-3132-48f9-9d09-e00369a123de,28,Female,96,41,No
595c5942-6556-49ce-a750-f2ef140f853a,32,Male,32,100,No
582b84db-2f86-4952-84d7-b23f7b52fb01,79,Male,67,93,No
2c87ec64-e0ff-4a13-aebf-e541156aed86,81,Female,105,66,No
731ad62f-a858-4013-bcc1-f27919eb787b,77,Male,63,81,No
032cd5d7-38c9-4c8b-ab31-a8d8a19c54bb,37,Male,68,44,No
9422f7bf-c017-4d0f-a08d-42204692e38e,57,Female,66,63,No
317c4cae-ebfb-4107-a291-e9c76def640b,81,Male,187,60,No
7381d379-6906-45ee-8ad2-e023e7cf0d9e,55,Male,141,9,No
222ef535-e97c-4793-8f38-52d4f2e5f59d,60,Female,101,94,No
789e57da-09d3-41dd-9f86-b90c54bb33a8,74,Female,171,94,No
73f7ae1d-9410-43f9-ae72-5b55669422a3,89,Male,111,66,No
397c2d40-4524-4d24-b6a5-07b612cd68ff,37,Female,179,32,No
82781ee3-90b0-40bb-a0ac-374f0e1ae5bb,29,Female,58,30,No
ee0c1f0f-8204-490c-9be4-984da5057481,40,Female,111,81,Yes
f9dbf7a7-e33f-4c5d-a7e5-1c62af801dc0,19,Female,158,77,No
6ac2a2d5-6e5c-4d54-9014-e5eaaf34a929,84,Female,68,59,No
998e7003-a9b2-41d9-a479-2a5c433beeec,70,Male,135,4,No
7ec2d64d-ac10-4ebf-b708-8ed518f3122c,83,Male,139,86,No
d2bcad6f-8c78-48c7-b948-29852cce56e1,63,Male,83,37,No
e58aefac-543d-46a5-bad1-2f3533813620,44,Female,48,40,No
73c37942-b591-4e05-9b42-78ddee991f78,54,Female,90,4,No
ed393375-e4fb-4e9f-b8c7-1ed262659794,60,Female,150,30,No
40f8f7a6-fc49-4f6c-8d3f-8c24873f7ceb,77,Female,47,69,No
a0e442a8-73f6-478e-a030-642f01e7bdee,33,Female,64,33,No
8236d6a0-9911-4750-a6da-8f66e8e99376,68,Female,22,2,No
bea08913-cb1d-4beb-ae54-4412aa8d4482,67,Female,175,77,No
9054550a-19c1-4463-a8f4-ca9d524c1214,72,Male,185,96,No
02e0cdd1-a7fc-42d3-979c-166222f8efc1,65,Female,54,16,No
0e116e71-bcee-4201-841f-12bf94a59b6a,33,Female,60,98,No
fd669b86-c261-4ff9-ad0d-bdff852114a9,42,Male,84,70,No
60ff3e01-2a82-4e6e-b9e9-23f1e8fcd0cd,78,Female,125,91,No
60d54fd6-28cb-4b0f-b8e5-1a0a60816033,70,Male,28,57,Yes
b1396767-68c9-4b83-874b-f526bc268d83,51,Female,132,37,No
afd224fb-13eb-426d-af9f-1b2677632f8b,67,Male,183,17,No
33506c8a-8655-4015-baf0-6acce9b69580,62,Male,98,7,No
fe45355b-9c20-4a7b-83c4-2211192fa114,33,Male,180,96,No
2f00e0da-1bf2-4144-908a-bf1ad3865eb4,77,Male,152,56,No
b7c9d348-f693-4f83-abee-46d373981b47,51,Female,129,82,Yes
62f4330d-9e7d-4abb-932c-b3ecdd008aec,64,Male,198,95,No
2f2429e5-a659-4919-9bf8-4b6c8b345354,59,Male,102,49,No
6a3f3ca9-5ec6-41f6-b162-71e9abb74a0c,44,Female,90,60,No
da20df11-c7a2-48f5-ae04-68e7c399b9b5,54,Female,156,71,No
c43b5fd8-045c-4519-b69b-a21541639393,64,Female,176,97,No
48193058-bce1-43de-b0dc-02d47e8ac177,30,Female,79,95,No
88092f90-5ad1-4932-b07d-8c571e133329,78,Female,192,99,No
b3b1e6ff-8e2f-48ca-96bc-2590e51614de,25,Male,66,71,Yes
f568fd65-3384-4879-b18e-38e848f0cd47,31,Female,170,37,No
b998e05f-71d8-461e-b669-2aca6c2b57d2,41,Male,184,38,No
1f78e1db-b703-4a08-a803-9acb5f724d87,49,Male,60,8,No
6376f3de-7fb2-4895-a75d-3c7ef7aa0da2,58,Male,60,2,No
72254678-5f98-485b-b43a-58d01e81ad9b,84,Female,162,85,No
a79dbedc-b56f-46a7-9cbe-33c172ecceec,34,Male,50,39,No
bb38fcf7-e5b9-47fc-a77c-6a8dab821786,21,Male,41,64,No
d5ec7ba2-b443-4d39-ae0b-4b83d49f1b38,89,Male,69,25,No
835e031e-9b6b-4264-bd68-d35d451db283,77,Male,131,74,No
c81e71fc-82f3-4cfd-b9ab-9d406f7e5242,34,Male,177,13,No
9ed3c7cf-9820-4b42-8541-625ed115838b,43,Male,168,70,No
2690dba0-8a40-43a0-b2e9-25895e7e1537,45,Female,179,87,No
0b05c7c4-0a5b-42b4-962d-df3bace0d3a4,55,Male,140,45,No
945a9f76-c3c5-499a-bc40-5a5709626d21,38,Male,59,45,No
7c660657-be00-40d4-8bf7-91ee1efa2282,79,Female,64,40,No
e50c50a1-4261-4abb-a642-d22a2e700fc1,25,Female,163,75,No
765a089e-4d6b-4bee-a0a6-813fbcf9518b,67,Male,39,43,Yes
93e2dbc7-fc19-49ca-92f7-b38f52f4700f,62,Female,159,98,No
9bb2f2c7-d0de-4b96-9bd0-9d4302011ad1,41,Male,86,85,No
536ba3b1-a87e-418d-99b9-3f2719af46a3,67,Male,41,4,No
77192c96-96d4-4f43-8e09-33d9b3ee32ec,41,Female,164,80,No
9cdbfc10-21de-4a66-9441-391085f76753,24,Female,195,90,No
6981a06a-9c02-4506-85e0-c94fc013fb4d,48,Male,45,71,No
d34e90b1-86da-47c6-9eef-1ffbae5c7054,66,Female,51,29,No
ffba0c3f-15dd-46cf-b31b-ffb38c8c21fd,30,Male,23,32,No
6fe6069e-ca8a-453e-90bd-39b0f3d641a4,24,Male,102,50,No
ed28186a-d3a1-4b68-85b3-3826c71392ae,70,Female,176,8,No
78b8d87d-df6d-4662-834c-139f1a04d408,67,Female,187,45,No
38547d71-b3f1-43aa-ad5d-3a4d26897a9e,60,Female,21,91,No
90f6cc54-29e0-43ce-bb66-d9ed02ae6109,60,Male,51,91,No
a93ecd69-7bc5-41ec-9261-65339a588573,32,Female,141,17,No
7a00a2b7-457a-47f1-a9c4-923ac705e1fb,22,Male,146,80,No
03f2959d-e114-4f2b-981a-156209f5e451,87,Female,50,48,No
8b587212-7f80-4824-ad4a-eedd268f2298,30,Male,136,84,No
d2d5cad0-4281-4642-bec6-ff2505c0907a,75,Male,152,65,No
04fb0ae4-3adc-46af-822d-81930cf51370,65,Male,112,15,Yes
04b75842-dd10-41e1-9aa2-7f589bea7178,63,Male,80,18,Yes
5b7cb150-e338-4f26-b241-4139b14bc3ee,20,Male,183,4,No
f180b8e0-6da1-4460-8e3c-59f0ad62f013,57,Female,105,75,No
63e6457d-08d5-4ed4-abda-081ee4f84c80,40,Female,77,100,No
b054817e-e5b6-4172-9fe2-89467a86c549,19,Male,159,61,No
6d204519-85d7-4c50-84cb-c7c1b9bf7646,67,Female,165,12,No
a4ea5b0a-d989-4ccb-8021-29c240ab5831,54,Male,144,100,No
4ff40101-6cfd-486b-9bb2-550f8dd4667e,39,Male,128,52,Yes
05e55e25-b43e-4167-8443-f6abf1554f3e,77,Female,193,57,No
2d8a997b-d0ce-4329-8b52-05e48f82ecc4,46,Male,104,37,No
d4a36374-14f6-4c11-97cd-209e7d5501f0,20,Female,129,19,Yes
571ac52e-59f1-4398-a9d6-c5f2442adc2c,26,Female,73,12,Yes
06b5b337-e10c-4e74-9e91-bfb8c2d1c55d,25,Female,136,39,No
11d8346e-291a-458b-9964-bcedb3759694,18,Male,129,27,No
54bc9e8b-ab96-4d67-8929-2c953aa8c379,80,Male,46,48,No
fdc92c86-6a13-49aa-a3e6-84c513c1ae2d,64,Male,149,52,No
aeaac1ba-36f0-4a45-8fd3-729f86b4012f,82,Male,52,69,No
fa23e320-c3b8-41ae-9714-ddf525735895,50,Female,39,3,No
f40d8145-99e1-498a-91fc-5acde5b268d5,86,Female,128,66,No
df789f03-fede-47ab-84d0-9440f2a51626,68,Female,197,13,No
59f6176d-fe7b-435e-9a27-8cc7b672afec,28,Female,31,46,Yes
b77bb317-4107-47b3-a0a8-d89a57e1fa0f,39,Female,157,80,No
25bfdf7d-7aac-43f7-86b8-0abbd605ea5c,90,Male,48,30,No
61bd3f7a-3832-49f5-9eec-bd723dcdc54e,34,Male,103,14,No
14a30d88-cddb-4f0d-9dd8-eac3793dc563,74,Female,166,100,No
a0e2e77a-a915-4646-aed2-8a83a4d8da3a,79,Female,175,64,No
7496e943-3bfe-43a2-894a-cebb7a6e1e20,31,Male,83,91,No
52e43660-d044-4df2-8f5c-4fc7b0d52afa,86,Female,60,43,No
4829cff4-8288-4272-ac0f-2389f7f4d22f,79,Female,156,1,No
384b0594-6bbf-4a48-bc54-3f58254d618a,49,Female,132,23,Yes
bd75c7aa-3ac1-44bc-8606-55f88b48db29,37,Female,68,34,No
8e9d8a88-f1e6-4da0-b75a-43c37c570920,61,Male,93,94,No
f44cb001-f701-4de7-86e8-d81047782301,28,Female,124,72,Yes
98f345a6-1e1b-4a10-9e39-3728bab2ac86,23,Male,30,81,Yes
35285226-f7c9-4747-81b8-c4de93b83cc9,30,Female,94,60,No
a93d3f6c-d7c4-43bb-a0d6-39dcacce0716,35,Male,130,2,No
41b1a359-0348-4e08-899f-f4d2c6e59eb6,21,Male,58,16,No
748269f3-1b05-44e5-b1a2-d24097417242,74,Male,181,58,No
c6aa8aff-b38c-4d1d-9da3-bb7f90988bac,76,Female,197,48,No
819a67b0-dde9-428c-b386-df0cf3e78661,75,Female,158,77,No
61a977cf-5035-4253-8ff2-747130189914,57,Male,119,52,No
b25f09af-4f51-4a0f-a4b9-2f1fb7f8226a,87,Female,183,80,No
b16c8441-9cd8-4460-9920-16bc8a4847b6,74,Male,153,69,No
80632983-9b63-499b-be85-ba0bbf3e2bc5,50,Female,86,16,No
189976ea-a084-4ff8-a94e-597681c04d9b,67,Male,140,2,No
9f4c2f89-422a-4d20-ba54-adcee4d35b63,41,Female,199,61,No
1e52c35e-3ca1-4f8b-8bd3-1eabc05a9bea,86,Male,139,44,No
3da0586f-dd6f-4df1-9bee-4a975fd5e6c3,55,Male,61,50,No
9869d0ef-a9bb-41f0-acee-726faceac8b5,90,Female,45,28,No
3b060e96-a4b6-44a1-b6c0-a551c8ac9915,27,Male,194,98,No
081ae519-7aa6-444a-bd13-4eba6a3c5c1a,74,Female,123,96,No
d73e9297-31a9-48ca-9057-f0db265dfd99,51,Female,95,33,No
ebcbcbe5-4747-449a-9dc1-8c02e8611056,65,Female,26,5,No
ab6c36ad-1eab-4f0e-b289-6f2efe77ec88,31,Female,199,24,No
43c76a0c-d850-49db-acfd-42ae75eeebb1,33,Male,90,36,No
c1b11541-b6bb-4373-8a1c-ff8719d60895,69,Female,110,22,Yes
4ac1acb9-e161-4564-a08d-b86009aeccd5,50,Male,43,31,No
bd2bd951-381c-48c4-b128-f10e105e1cfa,64,Male,160,39,No
245ba095-455f-48dd-a021-c74b0734eef7,20,Male,117,10,No
6c8e7b99-0a07-4ba3-b1ca-3560ce37bcdc,84,Male,28,25,No
53bc9428-fb91-4e03-9a0d-7a89380a0d65,24,Female,182,31,No
1357b004-b932-49a9-b3b5-d0bedbb33e0f,49,Male,147,53,No
245915e0-b884-4d3a-9dab-537a9099ddda,35,Male,140,42,No
35f51955-508c-449f-8fe8-b705047a78d7,64,Female,156,51,No
dd778efc-6b0d-434b-9daa-c7bbb02789e4,81,Female,122,46,No
8eca342a-2991-4876-ac22-ff560397847f,49,Female,173,23,No
ad4d14d7-a780-453e-9791-7b87e91648fe,46,Female,112,55,Yes
0f3c975a-256b-4e44-8946-9644974f40f0,56,Female,129,7,No
921e19c0-ccfa-4466-9c5b-73bf5381bae2,18,Male,32,95,No
60e5841d-443f-423d-beac-569e381b33d1,72,Male,114,72,No
f4669af7-8913-4e18-a412-bd4e9cc06f6c,40,Female,112,92,No
4b42cc8d-29b4-4351-8a47-ff73821734e8,62,Female,177,40,No
0d1bd29f-8db8-444c-a022-5d6a13cc9ae6,18,Female,62,44,No
535f7c0b-9b56-4618-bce4-8fda23e82738,36,Male,153,86,No
5411b65e-0c15-492e-9d50-37d0f64509b5,22,Female,152,52,No
5608ab2a-429c-41c9-81fe-6a14f5e80784,23,Female,128,86,Yes
0d9acb1f-820d-4ff5-a897-df66704c5f90,32,Male,24,76,No
0400e599-d27e-4df2-99c3-33bb50f2c5df,86,Female,128,57,No
e8b49465-04d8-4071-bac0-c9173715197f,89,Female,26,69,No
6fa4326c-6d73-49d5-9dca-59626abc8c7b,82,Male,110,59,No
5c436f4a-d8a0-484c-a149-4e178353e725,73,Male,69,2,No
bb997078-b5ea-431f-a434-be283cfb4349,79,Female,133,76,No
745d7a26-d832-4a11-941f-4babd61ac8bc,61,Female,173,30,No
57439a55-99f9-4eef-b830-378c03957773,50,Male,32,61,No
3d894796-6a8f-490a-8549-be8f9b4a9faf,37,Female,79,7,No
837ac310-e8c2-4381-b139-49e8d20294c5,58,Female,162,57,No
33e82be1-57f7-494c-a59a-9e4a9e969c13,67,Male,196,62,No
63971dc0-eedd-454f-be7f-fd5c9d74fc37,66,Female,94,99,No
b164b3bd-4be6-4b7e-a932-f01510537945,19,Female,188,18,No
ba428e62-ee09-46ab-bbd8-c039a0b3c8b1,86,Female,30,20,No
31d24f12-cfac-4341-89fa-123b6eda1778,64,Female,154,3,No
7ad0bdb1-f2d6-4a67-8695-4d0d80d60587,58,Female,132,72,No
4c1f1168-3c79-46dd-bbfe-f1194c8899a9,37,Male,48,83,No
cfe716cd-002a-4c91-a999-30a06c48f06e,27,Male,20,48,Yes
ee0ee786-b587-47eb-8f5a-054be21725a2,33,Male,102,52,No
387c865c-b268-4f12-95e6-225e98bff7c0,63,Female,173,5,No
9c2c2912-58ea-4620-9c0f-e2037ee36b20,34,Male,28,91,No
75af9759-2fed-4556-a387-c28f6ea05af4,52,Female,71,93,No
c70ccbb7-517a-4679-b9e4-c22859486f0b,81,Male,168,83,No
ebeee93b-b370-4b5b-b4fa-0eb736715b6b,65,Female,80,38,No
37d16e60-640c-4dd7-91ef-fef19ffff205,86,Female,123,52,No
28f3878a-c95c-4926-9e61-2cd779a90dcd,32,Male,122,81,No
32ea65f6-83ec-4652-bf83-c85710788fd0,22,Male,98,67,No
83724d5a-18b3-4000-880c-281919d7013d,58,Male,114,24,No
c1ec4b3d-2d85-47b0-a940-0e54c370b2b5,67,Female,155,34,No
b4f8228c-efec-4b76-8a6b-54da05c8f6ff,49,Female,120,100,No
0151eb28-1390-4967-9e59-2bcbc7e06663,32,Male,134,54,No
1b9a2917-91b7-407c-9d11-ae651574c483,45,Male,83,45,No
fe9466cd-335c-4b69-8bab-868a91ac23d4,45,Female,59,23,Yes
053bd231-a30c-4978-a209-3fb07d139546,85,Female,153,9,No
7802a35a-bc0d-4731-b2ce-5bcb2cfdac66,27,Male,54,46,No
0f453ae7-bef2-43d5-8167-9a0c92985b23,34,Female,31,82,No
e0008a32-e262-4124-85ae-b024f0641e03,29,Female,200,11,No
0635b150-135a-42c9-8bb3-9b1e48880d61,71,Male,82,17,No
cb866db2-81f5-4cf5-9ab6-928df4278ad5,41,Female,46,49,No
bdd9e44b-59ca-4a34-8031-c848ea72a5ec,59,Male,168,14,No
b24f8097-cf7c-418e-aadf-ed5be3d66fb7,75,Male,139,41,No
c913a9b1-f6fd-49d7-9805-2c5c4201433b,59,Female,127,86,No
63636660-a22d-4e13-87be-5500a13cf971,83,Female,191,35,No
74fba2c3-eee7-4686-8911-34bf043f9589,57,Male,135,34,No
8a9c1526-c824-4bfe-b9dd-4dce29cfbc09,27,Female,75,88,Yes
9a7f6ea1-5395-4618-89eb-6ec64405e331,39,Male,24,90,No
934b5e4d-4b5f-470d-bb37-d27227eb0501,40,Male,115,38,No
107998e0-0a8b-4d2e-877a-17b532884d1c,87,Male,193,43,No
6192ea8d-4287-4045-8037-b0c40a291cb9,83,Male,182,65,No
f686920c-1b33-499f-9f75-cd32586a9c0d,27,Male,102,88,No
3f50f547-12c2-4881-bba5-5e129cd9e663,39,Female,70,5,No
e91f5b81-07a6-452b-9cba-e3265708c481,52,Female,186,58,No
91ccdbe8-d2da-4e06-a9dc-549405074e29,62,Male,192,58,No
c7ac6107-c7e0-4d1c-a9e4-c672f11fe030,80,Female,175,64,No
99c23b00-59da-4257-9b8b-8d43c382ad4d,26,Female,46,18,No
850097b9-1160-4f00-93b6-f71781e51ded,33,Female,39,46,No
eee4e68f-5834-4e2e-a3e6-0c4f02ee8b88,24,Male,194,100,No
da9d6d93-d01d-494e-b812-904e3ef6999d,31,Male,167,86,No
bf300c18-45f8-48c0-96ce-533dcfcc8371,34,Female,96,99,No
29ff2eb1-fe58-4daf-9435-fcd207b83a5d,36,Female,159,32,No
f34de5fb-1f96-41ad-b4ce-aba97fe9ada8,53,Female,140,97,No
b0e5d926-81c2-4f3c-9b12-8f8f03411cc5,55,Female,129,11,No
aefa93a9-9d37-4e4f-b727-043cc693a69a,19,Male,93,100,No
f22ab49e-ee18-4fc2-807c-700270d1be7c,39,Male,143,1,No
a1f7eede-cacb-419f-ba6b-83b902ff509b,63,Male,163,37,No
4ea12609-1417-49e2-bdec-f19a7e6b0647,83,Female,88,98,No
75c2dbe7-074f-4ad1-a822-db3a8439d83a,64,Female,141,10,No
bdd015b8-3130-44af-a4b9-4fee7e6f0497,20,Male,137,17,No
73a9fe1a-2aee-4236-963f-a6aba1c8ab02,54,Male,60,71,No
a4d2409c-40db-4de8-bb99-bce6609ccc38,50,Female,115,89,No
a1c84db8-a4d6-4057-aafb-d057655ccef4,24,Female,149,97,No
ae8ffa8f-2b7d-4b19-ae91-1adb20caad98,56,Male,193,51,No
9aa82139-797c-48a1-9641-f969d0e871d6,51,Male,145,87,No
bff2197b-3d59-4404-bb41-db015967226c,53,Male,102,66,No
57e1ec42-6289-4785-a850-3108cf461c4b,74,Male,196,34,No
68e3e488-5879-49c0-a04c-4d475c5d8026,29,Female,47,37,No
06728c59-8535-4bfe-aca3-62977f62684d,83,Female,40,3,No
e1b7a47d-c1a1-4713-b39c-c356ede40037,63,Male,96,54,No
8523e177-6679-4097-a06a-500f0f61bcfc,66,Male,158,28,No
cf6c2e6d-d718-4b96-971a-8fed50de6cea,65,Female,132,86,No
c34aaabf-907e-42a8-87d9-dc63780d4572,34,Female,114,74,No
7f65c452-0eb1-4776-8a27-e8e094f51923,86,Female,94,81,No
1f69db4b-3abc-4410-a339-c972aa38293e,18,Male,193,40,No
4d1e01fb-8f2d-400c-9d9c-dffe2fd6e536,20,Male,26,31,No
4c251534-d6bd-4315-af97-240653bdb963,81,Female,32,83,No
f55b4a16-2a72-4ab2-b152-421ec36e1e2f,33,Female,31,69,No
25421c8e-d08e-4bc0-bf85-af31fe09ada7,66,Female,172,41,No
0d9e03cc-689e-4525-b24c-b0f319785332,78,Female,183,84,No
5b41eab4-707f-4940-a0a5-b7451673fee9,70,Female,95,70,No
43921cf4-d572-4431-8b58-8f2cea110c35,45,Male,139,28,No
01845d62-f2f7-41ec-90f4-f0103bfeea3b,79,Female,66,95,No
387f0667-e690-41c3-b8cc-35f334f65446,73,Female,197,37,No
c4732b2b-2ad4-4b07-b39e-cb1c1697abb7,42,Male,30,56,Yes
c615c9a6-097f-4928-b4d3-3f675f9c0bbb,60,Male,142,89,No
bfc85800-9878-4a11-97c6-6de6eddff563,28,Female,125,99,No
cec74949-1d5f-4cfe-8d0d-dfdc1aead984,32,Female,178,49,No
b44857bd-0da5-4c15-8939-84fd80100035,79,Male,198,47,No
976c12fc-6fd4-4125-8c88-f1d3c5f443c0,72,Male,114,9,No
7b9a8e16-49e1-4367-a5ec-13237202e04d,63,Male,150,48,No
bd3533ba-0cd0-4ca2-9cf5-20ab636ca6c7,89,Male,193,7,No
f7602199-511b-4a7a-b2c7-eaa7d57e2a4a,65,Female,26,15,Yes
3c8f92f4-5dab-4fcf-abe4-293e531ae66e,39,Female,80,47,Yes
00bd11c3-9f5c-4060-bf5b-73cc2ba0069e,22,Male,45,57,No
07b2318d-341f-441b-b8d2-6c52bd43aecb,35,Female,58,3,No
4be3e104-cd9a-43c8-862f-a9b3f6892053,26,Male,99,10,No
dd2e6488-1811-43cc-8267-16bce7a3a47a,21,Male,69,44,Yes
32458a2a-1d3c-4b51-81cc-c9872d4ab789,83,Female,22,31,No
e02b3f69-2a99-4050-84b2-212cda157c76,48,Female,25,23,Yes
469ffee3-a14c-4aea-ae41-6773994f669e,32,Male,117,73,No
40e5ec73-108d-4ab2-bcc4-8412a1e75ffc,52,Male,26,65,No
2a3c3178-4941-4b07-9e9b-2f4482fc0f81,71,Male,166,82,No
1fa3e39a-b3f7-4cda-ad22-4e8c513670ef,65,Male,158,44,No
5857d4b3-0b48-4622-9026-9bcb1c1f25e1,81,Female,126,96,No
3471beef-5d79-4f25-ace6-4851661c41ab,36,Female,49,43,No
fba76470-408d-48e8-b4c6-0862e25d05cc,61,Female,114,57,Yes
672e4176-f269-4856-9ef5-30efb29ad7d5,57,Female,149,10,No
042d7c10-198d-433e-970d-295ed96f399e,74,Female,29,83,Yes
f55f1607-cdf8-44ff-9915-281f603224cb,79,Male,134,73,No
4c61a823-7407-40f4-82fe-2fc5b23c560f,67,Female,97,36,No
8eb18fed-fc4d-4426-959e-531e647d085c,89,Female,162,55,No
46a3f60f-155a-4699-9c57-45fe2cabfcf8,37,Male,81,63,No
6dc9ac74-bccb-4244-911d-af4714bcf21d,42,Female,26,54,Yes
1d6efcea-0b71-47f0-84b1-5ca9bfde1925,71,Male,30,89,No
8cfd5606-d715-435f-89b3-cb4679af9845,44,Female,191,12,No
d56432c2-8e22-456b-814e-f71c759f0375,42,Male,36,16,Yes
98b90f86-a141-4a0d-b721-4b105b69b893,47,Female,70,95,No
9b5c9126-723b-47c3-88eb-a7753630e92a,26,Female,114,49,Yes
b7f96d1a-33ce-4633-ab3c-c331aa9fff78,28,Male,32,71,Yes
a14ea0e9-0831-4053-996f-4fd2d6796d4b,81,Female,144,7,No
a944386e-b269-4bab-8884-7b19e02390c1,29,Female,23,53,Yes
ae8e2af7-f88d-4ba2-aa57-313fd4baf0c9,42,Female,137,81,No
b8263d9f-dcd2-4922-8cea-5304f6bacd55,29,Male,197,16,No
e1fcc320-f7eb-4e01-9d1a-42fddbc2da9d,35,Female,124,30,No
87db515d-cf83-4d9e-8dc3-3c9160595426,32,Female,121,25,No
b3af79f6-57eb-49d4-8fc2-3aac55d42a4c,78,Female,63,69,No
d3ce06f1-707d-42bf-931c-eaa949c189ac,90,Female,124,37,No
7f8151a7-4ea1-4413-819f-5da970bb8bad,31,Male,147,28,No
108ed669-38a4-4ec0-9730-40da3ee100c6,63,Female,76,98,No
6795a9bd-c28a-4f28-a14b-ed846f5556dd,78,Male,136,67,No
a1956b9c-5d5d-4252-b1f2-379b2e12aa31,57,Female,80,52,No
df11d3b0-7f81-4cff-bc94-7551bb579d80,62,Male,166,99,No
6f2db4c1-3a95-43f9-a29d-fcaf0c2bee00,77,Male,43,57,No
4886eca0-5497-44d7-b8c3-861a2113f806,20,Female,36,51,Yes
f7e2e322-5127-46ca-8c5a-44e225a3334e,60,Male,150,9,No
3ff3c70d-cfaf-47d0-b03a-3fc8da0df6cb,65,Male,79,8,No
146e0637-bf90-4c4c-becb-3f64af41fb13,41,Female,171,92,No
999918f3-8398-477d-8afd-a83dbfd20dff,45,Male,92,96,No
aec37003-d117-464c-b708-63d563eabb9d,51,Female,120,90,No
47e2a188-51ab-4371-93c6-de7313c6686c,40,Male,169,4,No
dbeb1b88-e42a-442f-a12f-bce076cf8392,79,Female,150,23,No
5ed2bf9f-1ef7-45e9-a7f6-0ceded3a63b8,43,Male,88,89,No
7ba47ed4-6c59-43c3-9b12-761c36b82e81,80,Male,114,25,No
08019019-63de-4ea3-adf3-b3c443ccb65d,43,Female,81,85,Yes
d94002b6-b2df-423f-b030-af1f2a9c21ec,58,Female,137,93,No
321e05fc-de08-4588-ba94-b9a08011ebb7,26,Female,115,16,Yes
d6ad3fff-0e84-4405-98fe-fe17f446c7f5,77,Male,159,84,No
bb48d4bf-255e-4ddc-873e-492babc15a4e,88,Female,37,15,No
e073b920-3a74-44d0-b700-db432f59d2ac,23,Female,44,52,No
7b7cb98a-3360-4362-afbe-ea293242d00d,37,Female,188,3,No
bae1c5d2-f1d3-4d53-9cfa-8cc43a20499a,50,Female,168,93,No
ddac6428-ad45-439d-bde3-cd1f667ff99b,24,Male,110,41,No
cacf4875-d448-4c21-ae73-d8092d937cc7,61,Female,52,36,No
3b7ab907-4c04-4f1a-a0a7-a6af6fcbab81,56,Male,164,90,No
d9908820-3867-4e20-86fe-75a984eebc0f,39,Male,131,73,No
8e60d77e-71c8-426b-bb4e-8db12819a0a8,49,Female,190,31,No
547b52c0-f0e3-431b-b8a3-e409c22b5a73,89,Female,173,7,No
a53c3344-2445-4216-a1e0-04f1c9a8abdf,31,Female,22,8,No
c6064a82-c6f9-44d2-8b86-e58340eb3c30,43,Male,159,43,No
47dbc61e-919d-43ae-b0ef-e11fe11d34ef,45,Female,82,73,No
a51593c7-41aa-4e35-965e-47b31391cd81,42,Female,33,38,No
cfca70f0-fcde-41be-8258-dd717882642a,52,Female,60,83,No
7c0374bf-bafe-44e4-aa0a-d5a0b4a6962e,84,Female,75,95,No
49743526-b76f-48d8-8f3f-e322215ed43f,30,Female,116,43,No
71e2c7ec-e0c4-4ff9-bde1-a5e19ebaa7d0,80,Female,60,8,No
94baee99-92fb-40ac-8ee1-11fccf8ad6ff,48,Male,104,41,No
82a0afa7-b4ba-47bd-8c03-873195d4785c,41,Female,124,73,Yes
24e68b45-45b9-4e63-ad7b-f9af8e21ef71,20,Female,62,81,Yes
e08952b5-4405-4a76-959f-30be82f063a9,49,Female,41,75,No
800c7523-a4e7-4b4c-888f-9786755e3176,71,Male,180,81,No
8a9432f6-1119-4617-9607-9fe725f3c834,86,Male,22,14,No
bf2af1cb-a930-4bbf-90a1-d8910819dba0,26,Male,66,4,No
43995f81-9a5d-4f1e-a42d-8b5908baf44f,75,Female,192,15,No
bccccd78-675f-45d9-9008-3002883dfacc,51,Female,171,36,No
101fa8ac-5d99-429d-abf3-b3a7b33c4d44,50,Female,124,45,Yes
171bb2dc-3754-4112-83bd-b54e77023a75,81,Female,29,83,No
08381083-a6db-4f1c-9549-6b42665d2e77,90,Male,42,85,No
6445c999-09db-48f7-a06c-0c62ed281455,69,Female,23,60,No
8c019de4-ee72-4439-9b4d-a85387e58683,34,Female,53,22,No
9e36db28-84e9-4351-b511-a50def97a9eb,63,Male,137,27,No
c213db58-641b-436f-9621-626ece529936,32,Female,190,51,No
4b34863f-61ab-47a5-b764-b6774aa79fbd,90,Female,38,72,No
d1206f50-ce4a-4794-b28f-e3b065513d2b,78,Female,197,80,No
f9a5d68b-a9aa-4df1-9b4c-04e44bad20ab,72,Male,96,9,No
0ef07765-2c96-484c-9af9-47ca9990e3d3,90,Male,125,47,No
e1c266c0-c983-4b43-9fe3-c41c9fcb30f4,53,Male,21,21,No
0eb60c70-21c9-45bd-a5bc-71460effc602,45,Male,162,32,No
7d234900-a611-4d7f-bbcf-7e9ebe14b694,23,Female,176,87,No
acc8e327-7a88-4f25-a260-24fa1581e77a,77,Female,199,91,No
0842ccd8-3aad-47b4-9338-639723b3cf53,68,Male,184,49,No
9b3f0e1d-9674-49a2-ba94-79416727365e,68,Male,38,76,Yes
a7331c9c-cb84-47bb-a5d5-ef84101f4b26,76,Male,25,10,No
765a57e8-f51b-4c28-a078-581bd4f778ec,71,Female,168,13,No
7b6ca4c6-833c-4b6c-a6d3-5c719e183186,84,Female,166,3,No
23a80854-2365-40fa-ae56-82c8b890bf53,50,Male,146,36,No
9093fd3b-5b92-4c63-8f42-35e2659b9f55,73,Male,94,38,No
948e2ee8-bdbd-44c0-a7f4-9d8f2527277c,86,Female,64,22,No
8441b4ce-1915-42be-864a-13a658813e36,61,Male,22,81,Yes
f136359f-f32b-40cb-bc6b-72e672136b90,86,Male,98,68,No
e7a44cbc-881c-4937-a80d-0ec7118e630a,86,Male,197,96,No
8541d8c4-9b61-40fe-bdaa-7305e8f43909,20,Male,47,16,No
5243f1a0-ee2f-4dd5-8682-6578bae0c572,46,Male,56,36,No
795818a2-a39a-46a1-b886-ad87af1c5cf6,29,Female,157,4,No
df8dd104-47a8-48a5-bcf4-b44844f0c6cf,36,Female,77,6,No
81e781c2-1c86-489f-a26a-daf5c142ea58,26,Male,152,91,No
72674454-3341-4c4f-8a40-9ccb248ec567,90,Male,165,50,No
2d2754bb-ad7a-4fec-8360-723eba6c933b,65,Male,67,49,Yes
085f9c10-2475-46e3-bcb0-d52fc649fda5,74,Female,195,99,No
293ffbf3-edb3-4760-9b07-90abbe90e1a6,53,Male,95,32,No
bc148b1b-bcd2-4970-90be-2c54bfd8d090,18,Male,32,94,No
fc97d64a-7957-4dcf-a139-c777009c8bef,85,Female,59,38,No
bd8b5c62-202c-4897-bc8b-f7cd14a61a27,31,Female,185,41,No
839f2ecd-9518-4330-838f-a400d9aaca38,69,Female,169,24,No
071c54f4-02d8-44aa-99be-7c4dd646eba9,86,Male,144,83,No
94b4c1d6-8370-43f8-9308-2e3de50b4be2,47,Male,126,63,No
7da18946-c341-43e2-8435-2167653846be,78,Male,134,42,No
68f82503-5187-4a14-a990-138ba90b0e66,56,Female,171,96,No
41375012-0699-4941-b73b-b7a077b9b2fe,78,Male,58,25,No
a1f3c88d-6a34-4819-9221-bb62eedade67,77,Female,21,64,No
d2705fae-053b-4df8-8a35-6e29f33c21d1,42,Female,27,98,No
a8780c64-e2f3-400d-96ad-9981761cae8b,64,Female,45,73,No
149047e1-1ec3-4930-b2db-9d2d11c6d666,53,Male,93,63,No
2847fcfb-41d2-4dd2-a407-1a35814d90f4,84,Female,190,43,No
0b988238-a81a-42ab-96f9-1bfd4032986b,22,Male,154,41,No
786bcb9d-aa0c-47be-b4aa-b0130e3437ad,79,Female,129,37,No
0a8607ae-096a-405b-b99c-8c9d16bac474,75,Male,147,73,No
21fb18ce-bd5a-4c64-aec2-b7a4adf8eb0e,36,Male,55,70,No
1b2c44e2-cf1d-42ab-a054-21968cf41ad1,48,Male,96,66,No
110d4ab3-33ca-4ff6-87ab-93bd4e18024b,62,Male,134,19,No
0b04bda3-1f3b-42a1-a4fb-a561e42be3cf,21,Female,132,36,No
65f1cf31-3469-4e46-8190-f4498147a114,53,Female,91,16,No
ee9de321-cc8f-449f-980c-316cd24dbfb0,44,Male,118,9,No
a5f72b86-b7b1-441f-972b-c5d353c696f5,54,Female,171,43,No
741a94e6-f36c-4139-90d9-d8e4e70056f1,82,Male,191,74,No
95e4d7b0-f66a-4587-b3f1-7c354d604911,49,Female,179,77,No
c4b3343a-249a-40f0-bca8-1fe0b6abd8d5,65,Male,94,35,No
c42cd8cb-c2ee-4b5f-89f9-99e3ce7c7ce2,88,Male,79,48,No
418d1843-3093-49b9-8571-bc947c7233ac,54,Female,152,100,No
5e6b3525-888d-4eed-97b8-9fd29baf3dec,24,Male,145,57,No
55fbe959-5e51-491e-b85c-ee48c594e14b,61,Female,88,63,No
6fc83c4f-42cd-4c80-b345-7e78bbf18922,81,Female,123,89,No
f649088b-2170-4bfc-8a46-1b76614a9da4,30,Female,121,19,No
f87412b1-6f98-4163-aeae-0f1ca4a5c40b,89,Female,83,34,No
b84c5655-8ee1-48f2-ac93-f91c996489e9,26,Male,170,96,No
d08c6c56-c9cc-4668-a95a-4a8c9f9f1ab2,65,Female,199,77,No
8d22bef9-370e-44e7-ad0d-3f8ba7902caa,49,Female,165,90,No
05909170-b628-45b0-af25-6dd4943f9c1d,57,Female,170,52,No
cc85f81d-0102-43bb-8ee1-00d03c957303,70,Male,105,69,No
f6ffbe9c-b92c-4579-9255-a9948dd958ed,19,Male,30,100,No
9dea603e-76a2-4369-af67-91e57103d6c8,30,Female,44,19,No
0065969f-c6b2-4e88-9433-9268a4fc9900,77,Male,89,38,No
e394149f-f5dc-4937-a0ce-d48e5078b016,51,Female,115,79,Yes
314c68cb-53fc-44c1-800d-7d2997e09198,38,Female,33,40,No
4362543e-377f-4cc0-98cb-cb5beb825221,56,Female,130,6,No
de9a24dd-621b-4360-9b26-fac92e9b3192,19,Female,118,89,No
045349b6-1a5d-4cae-8106-0c153c31dc41,22,Male,178,80,No
16c55c9a-00a4-4bd9-bad3-53c55882c2fc,34,Male,46,43,No
63043c93-1eaf-4b4d-b029-160e2f15cb5b,90,Female,198,60,No
4e751916-c96e-49d2-a82d-8586a02df278,68,Male,87,76,No
9a720130-46ba-4f89-a222-10b786478d56,47,Female,154,90,No
7da5fa45-5d6e-41cc-89d5-768e1c8818aa,67,Male,70,19,Yes
482ddf36-4315-4d3b-8705-d793a9d5b673,40,Female,102,92,No
3870651e-7ad0-422e-8344-ab2882e9a481,27,Female,63,24,Yes
df242114-947f-40a0-a72e-1fde89563ef4,72,Female,88,88,No
6bacc9a9-827e-4f30-8406-a03609eb8e9d,81,Female,188,12,No
f0be3b28-cbee-4753-83b8-9a11adb6f63a,60,Female,121,100,No
8e9af24e-fa76-4ce3-807c-d3c81662d7d6,18,Female,145,33,No
a78c01f4-b11f-4f3b-aea4-dd5da175a398,35,Female,114,80,No
45b9c2d5-0d91-4f2e-95b6-1eca02b88088,86,Male,42,9,No
6e700f33-71b6-43df-8526-29e09c73b934,54,Female,176,42,No
63953485-ed6e-48b4-81b9-b6f6d502163e,40,Male,109,60,No
a42144d5-a2f5-4e02-8299-d8337f461f49,83,Female,179,65,No
c6c59b0f-49cf-4889-96c4-aaedc4164b4a,86,Male,188,32,No
4c2b0335-bac5-437d-8c09-81913c1c9d8f,58,Female,111,70,No
9ad97a4d-42e2-4995-b163-4c96e3e2b3e9,79,Male,30,23,No
ad30273f-8815-4f60-83d6-f3c76d247027,50,Female,92,95,No
f498b519-148f-4ace-b223-bfe647f6f88c,47,Female,113,82,Yes
6b4fac79-12b2-477c-b7ad-5fda3eeb9b8c,67,Female,99,91,No
54903fbc-c7e1-4a3f-b955-ca5ecfec52b6,61,Female,179,19,No
b3000ebf-0149-4b9e-b34c-d901017e6d76,36,Female,96,56,No
65578be0-a91a-4f44-bfab-90b131bad59d,56,Female,175,7,No
60d2b449-e9a6-4569-9f32-3d66cbccc664,20,Female,119,51,Yes
e16d732a-c43e-48c8-93c9-7cea53f63df9,63,Male,84,9,No
6bcbf921-c778-478d-a16e-1c74cfe6508a,24,Male,127,8,No
18a0f161-8b9b-496a-8f4f-d28bbf91796c,87,Male,88,83,No
4fafd4b4-a6e3-4b64-b465-1958c5c32c4c,29,Female,132,70,No
6d5136fb-33f2-4e22-8084-4e8c77e9fd96,18,Female,130,18,No
5035fc62-9e44-4ee6-8273-32c619520f0a,22,Male,50,46,No
d1b75ec8-48fe-48f5-825d-f9ccb772d8b7,89,Female,89,91,No
42853e4a-75b9-45dc-9891-9ee7b7a03964,20,Male,80,31,No
ba5684f8-29ba-4d2a-9a0f-cae0a451ab3c,48,Female,60,40,No
c5cce9e4-d383-4e11-abde-d17e0f8ae601,86,Male,195,87,No
8c455da9-4492-49ed-b0d5-a17ec33095ed,34,Male,146,15,No
bd762b9e-2d58-4dd5-be46-43789a4ab587,24,Male,182,43,No
8dfb0b77-6512-407d-a017-d195cfb29cef,62,Female,141,84,No
d2ded680-95a1-46a6-a30b-1608f20e2e37,49,Male,31,53,Yes
808b9607-cbc8-44ec-9fef-1ea318032cca,75,Male,99,22,No
edd0139c-a4c4-4710-ba94-0bf56dadfa03,40,Female,87,17,No
0d1294b1-2901-474e-804b-fa9874f4edff,86,Female,25,47,No
2b78c00b-43d7-445c-a955-83b3265e2035,37,Male,52,88,No
44565010-949d-4e92-a6ab-60ed20603a20,85,Male,45,91,No
33a7989c-e25d-489f-afa0-667687b6a6bc,51,Female,106,2,No
deb21b61-10e4-4ceb-a5da-afc948c06aec,83,Male,73,18,No
c74ffdc8-e088-4909-8ce8-7ccc2411526b,62,Female,171,40,No
846f318e-778e-4e08-a3a4-2a3dd7316d25,55,Female,82,79,No
1e47aa10-7e74-4a54-ba7d-dbb950dc7d1c,51,Female,133,52,No
e2edaccf-26e0-43c9-baba-d13cf953685c,81,Female,106,28,No
6e414c89-ed6c-41f5-a594-5e6e6a235d1f,50,Female,53,8,No
b4f97da7-a88f-4ff3-8c21-125897f5b883,66,Male,182,3,No
1d526c0f-75e2-4305-b280-ee53808dbbca,39,Female,84,49,No
e2c4fe52-9216-4b08-bfd8-82b588f60d96,35,Male,140,58,No
a50d867b-4de3-43f0-b256-197685f61105,76,Female,197,46,No
33ce0cfc-d78b-4b2f-b759-0df786f5e0b9,81,Female,177,59,No
11a25273-4509-45ac-986a-ece004017275,90,Male,103,17,No
05917543-3acd-47a0-ba4d-6c8a681a0333,81,Female,35,35,No
f4a40c1c-9218-4df9-bf88-c7cfdce11727,55,Male,133,78,No
4484e665-d2a2-4ec5-a298-846ed20be1e6,63,Male,147,96,No
997d861a-c20f-41e7-a2a3-b13b73a26f20,32,Male,191,87,No
9df4d572-a04c-4878-a133-3116d76521d3,34,Female,148,51,No
0de64267-a896-4e5a-9cb7-61f66e42615f,59,Female,125,39,No
e9147425-28c5-416f-9635-cbd67fd0d8ed,37,Female,79,80,No
fcc971f8-fcb9-413e-bd48-033d81e8c426,81,Female,180,86,No
e7fbc4c5-119d-4527-bcc2-7658519a9d88,29,Male,160,47,No
c208ff8d-7ad3-462b-be91-db1c92caff14,30,Male,59,27,No
da1a5db9-e428-44df-a17a-cb59b8c70e69,54,Male,115,74,No
d9adcdae-b2af-4d80-867f-91af6e78b3ab,41,Female,191,72,No
7245babc-5cf9-4a31-9389-1b71da5937c5,24,Male,42,72,No
9324b268-eda2-4848-89b2-adbad7608c15,72,Female,190,13,No
76cd4e14-78ae-4d85-96e1-9f833beb1bc6,68,Female,106,100,No
8ffac173-dacb-4de9-b9b3-c31196c890ee,32,Male,141,52,No
e4ceecb8-e779-423d-a165-33a85f91c853,48,Female,175,30,No
393286d2-7ab8-4d58-9923-e8c6cfb5c1b3,58,Male,128,52,No
593d8d71-380d-4a76-9480-fb90ea6462a3,64,Female,194,29,No
f3eaf2b8-90b2-4457-99e8-a4979e01a292,58,Female,158,80,No
3ac6a77b-3854-4ecd-8400-64428a8e529b,84,Male,147,74,No
971ae077-e987-42a2-96e5-3f8bc1e73816,18,Male,145,4,No
c8d9bd06-3086-4eb0-b5fe-e3c7e0a2d2c0,67,Female,176,81,No
ec396066-e10e-4946-9593-8308b7d553b0,71,Female,50,25,No
f7289dee-c6c3-4108-a2f5-41777e9b8645,84,Female,92,48,No
a77b65b6-9ffd-407f-bd1f-918d6b3a460d,60,Female,125,41,No
3e22464a-8318-4870-8114-4aab789802fa,40,Male,114,90,No
4eb67446-c170-4104-8ca0-94f5183777a7,23,Male,118,1,No
88d5ea91-cdc4-43c9-845c-04ecf9b11e79,49,Female,35,62,No
4ce6efea-0850-449f-bbb6-9a8e93e2fb23,43,Female,55,29,No
c7766aa9-7de9-4316-9949-1e268c013feb,36,Male,146,36,No
044312de-3383-4468-a8cf-11b60c5258ea,64,Male,33,70,No
dcd47acd-1fe4-49fb-8b53-7cf0f46d1a63,55,Female,194,15,No
5b4f0198-4943-4695-a214-09ec636eeec9,57,Female,50,93,No
88348c2c-3036-4c25-98df-c5f137e3ff33,73,Male,77,52,Yes
92e8579d-145b-46a9-85d1-49e58192abc4,86,Male,130,16,No
451c84d4-4540-4d05-9227-c392824da0dd,28,Male,92,89,No
280aa2ec-f555-4c13-ada7-2b9a6de51839,33,Male,40,83,No
45937f6c-ddec-4520-9e9b-b536dd02aa7a,28,Male,88,84,No
683105ee-eff6-42b7-8936-82ee9cd0c73f,76,Female,123,17,No
f62c53f4-6bb5-426c-90e3-74596a911943,69,Male,65,10,No
19b6b61c-7552-4002-a386-613e79e3b2d9,79,Female,180,48,No
73cdfee7-6a48-4cc4-b4a1-6e5b614bb643,78,Male,199,71,No
57ab102a-3b54-4401-b75f-c0cdb2d9bed4,88,Male,167,66,No
6a7b8032-413e-4a40-ac5b-0dfdfeadbf2f,46,Male,79,2,No
c20a06e9-3025-4a77-916b-b9ef37005ecc,57,Female,24,83,No
a152d2d6-91ef-4134-8f04-18b59a34198c,60,Male,82,31,No
dd67bdeb-26ef-4408-99d4-fd58266dbdeb,65,Female,165,51,No
e78f7179-223a-4676-aa35-919d23a4dd3c,58,Male,138,54,No
9a8ed3fc-8cae-4cd5-b72a-d88d37808fb3,61,Female,113,18,Yes
2f62b095-accc-4cbd-b199-148724f7bd83,19,Female,183,10,No
bfd981fb-a09e-4f31-82c0-ea0bcba80b47,75,Male,44,77,No
dbf9821b-54f2-4310-a3b5-63dd3a3a5fa1,42,Female,101,97,No
044a8e8a-4499-4e45-a88a-55a837d19849,52,Female,173,52,No
6a60b880-9b9f-4303-852a-5f79e659f6c4,79,Female,29,26,No
46bb26c2-bb93-4dfb-a745-1d5bd7cbf50b,67,Male,146,50,No
b3a86627-9bac-4e4d-941f-bc3297160ac9,30,Female,146,85,No
00e5bb34-7e20-4938-8dae-42287a17f429,32,Female,50,26,No
7a668d3c-4658-4734-a45c-021261bc503c,74,Female,91,89,No
0ac48298-c04d-47f1-a822-f09fef799ee8,89,Male,69,99,No
b723a784-a38f-41d7-8687-c1c671e91a9c,81,Female,64,27,No
7d657d10-1992-4d72-b926-55f9400a9e0a,75,Female,113,67,No
76d69667-3409-46e8-8079-cc79441c4c00,27,Male,183,79,No
b090cca2-2f65-459b-9ea9-f6fd920bb39d,57,Female,152,3,No
3a78fa83-fc22-4237-910c-d04988cedac6,81,Female,179,16,No
98d8ef80-41fd-4de2-a98c-8b7c507b37de,22,Male,61,91,No
24c9e84e-f473-4c59-8eea-58fbee72e5f8,59,Male,67,22,No
8827234d-4517-4c74-ac1d-4f92d97f4dec,31,Female,55,26,No
c387810d-09ec-4de6-bc69-66616ab1c996,50,Male,34,66,No
cd45d33a-1544-4f61-9d5e-7beec9c941e0,19,Female,93,69,No
fefa03e9-518c-49ba-a641-f77bfe0599f5,57,Male,140,69,No
ebd23e4a-a9b2-4bb3-a855-e78508f4b6a0,71,Female,38,1,No
785ab9b9-b22b-4461-8165-d2e5bccd6c51,84,Male,108,71,No
cd68544f-d3c3-4cb8-9b2c-6ebfdfa5b326,21,Male,96,10,No
a4ea2ad8-59ba-4604-a2b1-862a798dd1e8,76,Male,69,88,No
082c4f34-daaa-4164-8f4e-bc9e1b3defdf,30,Female,50,58,No
5ea935a4-5597-474a-97b7-f991c3bfc76f,48,Male,38,55,Yes
b341ab08-fa5a-4057-81fe-09cc9fb3b702,34,Female,135,89,No
6db21e95-930e-4592-96d4-04cd38168cb9,62,Male,43,61,No
5ad184b2-1682-43c9-974a-00cdcdc38e65,23,Male,193,61,No
cc28cb7e-b67e-4f21-be3b-b96c02f72b86,78,Male,146,44,No
9197dec9-eca9-4994-9b0e-74f7beb63388,75,Male,161,42,No
a6e80a1d-8125-47f6-9c52-f704c612eb13,34,Female,30,54,No
0a881850-7e1a-4888-bb90-578260dc37ea,46,Female,128,22,Yes
a382e664-c728-4c3e-9f00-f7d32e129bc2,52,Male,48,33,No
faba0a9f-50a0-412f-bcf6-82a001a9c08d,61,Male,179,49,No
3280436c-f8a7-4380-b0e2-9c7efef7af33,21,Male,120,42,Yes
52340233-48f6-4e98-a462-cdaf8b686d83,75,Male,51,49,No
48eb5798-c2a6-4e6d-9066-714513cf5c71,23,Female,32,30,No
1ffc08e0-b53e-4d60-b2b1-8f9363b46234,47,Male,96,79,No
cfe00477-51c8-4a68-971c-f552e99b4886,85,Female,76,44,No
4b99ec99-d6cf-4c79-b44a-0f5372c32768,21,Female,87,54,No
8bc625f2-d583-4c84-be06-57e58169e279,35,Female,175,90,No
8caab713-8f0f-49a4-9e11-6cb8dbd792f0,22,Male,50,73,No
57ee79a8-ac88-4580-b859-3786286409b6,77,Male,73,26,No
fc8d9a7b-7ecb-4a49-b486-823544c3c81d,41,Male,53,40,No
313f4207-9037-4bdb-a920-a771608833c8,83,Female,59,9,No
22b02e2a-dd70-40bb-910a-18d60670bf9e,74,Male,164,16,No
8a139c13-4901-432d-8b16-3e6b81fe7611,21,Female,117,50,Yes
bea96c31-0103-44fd-a5fc-00da7d213d70,69,Female,117,42,Yes
bd456876-b1f3-4c39-b849-51420cdda5e2,66,Female,63,90,No
8d7e1f97-0cf3-4346-b780-e93c559d1a53,89,Female,147,25,No
98b5d6af-86e9-4c47-afc0-464c5762c399,78,Female,88,98,No
706d46b6-b66b-4cc6-9b2a-00fa1dfae3a3,68,Female,173,21,No
63adcb2e-ec0d-44b0-ab46-20e63178cecf,63,Female,37,85,Yes
feb6624d-5038-42ba-b057-28bbe2a840b9,26,Female,92,10,No
8acb8d67-1628-49f4-ba62-e771264304c5,80,Female,39,22,No
b1f7b83e-0e73-4fdb-aba3-3fb2389dbb30,25,Female,20,80,Yes
c68bf42f-6983-41d0-abef-c41bcf341014,86,Female,56,64,No
72ecc095-c468-4434-b4e0-0faa8d7dfb5c,24,Male,53,74,No
f8ca3674-47ca-4b77-ba84-6a2e602df6db,49,Male,84,37,No
9887aae7-66ae-4d6d-9dba-b1d36a849dcf,80,Female,55,1,No
aa0121c0-8be4-4eec-9b7a-48bfec123d8b,69,Male,60,55,Yes
0fdfe5bc-3918-426c-aa3c-71ff0ad3afc2,30,Female,152,33,No
953dd111-904f-4288-b3be-f6ebf5e36e95,27,Female,69,14,Yes
57a1445f-a731-4aff-94a6-c1241814d089,72,Male,189,76,No
0abfbd37-5bde-4463-bf00-58bd2572622c,68,Female,107,87,No
b9c87dcb-68e5-4a8c-9b86-6827d60705b6,47,Female,86,56,No
f5137291-c15e-4bc1-80f1-a0d5c5deeaf0,68,Male,132,18,Yes
93fcf206-8da9-4b6d-a763-2a93b03c8079,69,Male,154,63,No
1f6474b1-c0e6-41f3-bfce-dd928a6b0108,38,Male,187,93,No
1be7c049-d832-4ba7-a02a-849abbe6d49a,46,Female,189,48,No
ee5e4f31-5361-4c3d-ab80-757c1caf0d59,86,Female,77,54,No
4c073d30-7e88-40e9-8e85-402df3896a76,58,Male,138,9,No
688e8460-6c08-46f7-b744-108aebefd662,78,Female,94,100,No
6bb63772-3c21-4e84-b62c-25ff7207762d,30,Female,65,78,No
6a637f72-88a2-4cee-a832-bcfaa4d22468,23,Male,118,7,No
c8aebac9-1f5f-48a6-8d60-daef6b637e53,53,Female,166,17,No
caa320e5-b719-466f-abae-9fdb15bb33a1,42,Male,177,95,No
65fc9fc5-872b-4b92-b5c1-91a90107a219,84,Male,79,99,No
0bf33378-559f-4b29-80f9-90dacbfb37ae,23,Male,45,16,No
a4aadc67-2c55-420b-bc38-37bde52ca625,79,Female,150,66,No
60a2c599-7c2b-4b0a-a4f6-ec511aa34714,32,Male,116,15,No
2a8c75d4-ae18-4003-9b6f-088599c2cf88,33,Female,168,33,No
c38e9e95-d4da-44fb-bc06-d8ad12717e03,65,Female,102,52,No
07e88bae-8076-420c-b17d-7bc67c4d085f,61,Male,50,89,No
50d2ce1c-7821-4d03-98a5-e89c27c7b426,37,Male,120,27,No
6645a051-2ea2-4f07-b568-42ca154c3454,33,Female,117,21,No
c0f4421e-a5f4-44ca-ac97-425d017fb2c7,33,Male,73,23,No
49ee7547-68ad-40b1-bbe2-435e481cacbf,38,Male,47,48,No
eb580388-f68c-41eb-aa7e-e7dfd5e04492,31,Male,89,55,No
b0022cb2-ef29-4564-98fc-ec96576e9df2,77,Male,42,47,No
a80f582c-f910-4bb7-804e-c0c7b2687c64,23,Male,149,90,No
c5b8a210-9a71-4b63-ad16-93a16f5de0de,56,Female,184,46,No
bd84a394-9759-4107-a655-289043dd4f96,40,Male,42,45,No
7e810404-1035-462b-ad2d-e89399e2c416,76,Female,123,79,No
1228ff76-e4f1-4e60-b431-0c1660c9422e,68,Male,94,72,No
f765784c-2849-4b1d-b06d-45ecf1c482be,71,Female,159,71,No
92850089-195d-4a5b-ba0e-bb78acd93a3e,32,Female,44,62,No
2f4a3ce8-dde2-4fb7-9ed9-5fcc8e1bcdee,60,Female,143,18,No
adbf683d-7f7d-42a3-8673-405a160daa17,80,Male,181,89,No
2f528dec-0116-4832-be51-3601a9457e78,25,Female,163,17,No
0e60f907-2c28-40aa-aac4-a485808f541f,25,Female,99,30,No
9ea4ed60-7608-4d1f-a566-3ecb017c221e,51,Female,49,16,No
cb647504-ad8e-4c22-94a9-39a2b4be81eb,26,Female,44,31,No
28b349ce-2d91-4f77-9673-c24f2b72aac6,89,Male,104,57,No
b9f03d66-5ebf-42ae-8cb4-ea90f0d6a0dc,82,Female,109,49,No
0229bc0c-d69d-4213-9488-941895a60f6f,42,Female,45,9,No
b784670d-9c05-416b-bd09-8b4e30de8e8f,74,Male,164,96,No
9e979cb4-4732-402c-987f-6a50fdc03f8c,66,Male,100,66,No
90aaca1c-b0f6-4e57-a62d-10223bea1dae,89,Female,169,42,No
ba6c5144-f91c-4dc4-8e0c-368689e197e2,36,Male,98,4,No
991d9975-eab9-4d37-ab25-cc52602bef49,18,Male,69,13,No
6c839340-d05a-496f-9fed-9dc42c0a3055,64,Male,182,17,No
8f05d102-9073-474b-a5b5-d58aff587638,18,Male,129,83,Yes
fd05b627-15ec-46b1-8015-e23a273cec3a,30,Female,76,39,No
b2b16e6f-e12e-4c3a-a1dc-2bba20b412fc,50,Female,156,2,No
fbf44dfa-8a90-4309-8afa-7d27f48040fe,53,Male,154,68,No
a5a92243-7b94-4875-9e2e-094373879c1c,72,Male,85,23,No
d83c89ae-b29b-44f6-87a5-046ca4744517,65,Female,44,67,No
f735b4c7-fd5f-4c46-8109-a976abad4d0f,86,Female,160,53,No
6a14bb5b-f3c6-4de0-a353-ca6b93c0550a,75,Female,139,20,No
56dd9268-ab81-441b-bfe7-39fb44321cb9,84,Female,50,65,No
246319b2-00f9-4e69-b650-d632555abcec,42,Male,33,55,Yes
a8ba77a0-8ea6-4546-8169-fadc7cc80aac,30,Female,90,66,No
a9e7b213-4714-49b1-aa54-e8b75d9332f2,23,Male,59,13,No
4bdc59db-55da-42a3-89a7-4602373b64a4,76,Female,101,79,No
4d3da458-b675-406d-9678-f5bca2fa7b46,36,Male,111,67,No
7bd94faf-cca5-4e01-9bfd-4e5c57cc3776,58,Female,190,37,No
0999158a-5ccf-4368-b4e8-5954c0e89d90,30,Male,142,93,No
ed1f3c36-3bba-49cd-9a5d-ed803e024520,65,Male,163,40,No
507445df-b7a1-4d9f-84ee-bf0efc19edb8,28,Male,159,5,No
febe37ef-1d45-4eaf-acd2-eb63f5c519f2,59,Male,182,71,No
63311c44-ebc0-442f-a581-b643d767ad81,85,Female,160,47,No
e09435c7-e058-48ef-a991-6949d3bd562c,29,Female,126,15,Yes
61faf9da-bc0e-47e7-8aee-77de451223cc,36,Male,123,16,No
4da2930e-a8d0-4c34-bbcc-f39d8e6a2679,83,Male,142,24,No
d389b179-262b-4069-80dc-da3d923550eb,56,Female,98,81,No
1e7fece3-cd79-49a6-b7cd-036c160a8323,59,Male,70,69,No
2f7cdecb-b5d5-4ba1-b6a4-9fc24373400d,42,Female,22,70,No
a52a7e05-e4a4-490e-a8bb-29bfa0c1960d,90,Male,56,79,No
999d35c5-e0bb-460b-95b5-a5f68fd86c52,55,Male,158,2,No
d6a28c96-922a-40d7-9966-5a6b961d381a,36,Female,46,39,No
e7b4dfbe-500c-43dc-897d-a53e1b9a44ea,42,Male,132,66,No
0277e2c0-a689-422f-8410-a046522e431a,74,Male,150,99,No
073d6744-4d96-4637-afc5-a2637bc43f18,26,Male,144,36,No
e69b965c-e1bf-45ac-a1d2-bba77313e112,81,Male,81,7,No
c0e29e10-daa0-4ec7-b3ea-4399ead54393,75,Female,106,56,No
8ffb77f8-3e4e-4e62-bcff-12734877d084,34,Female,36,76,No
bd8de061-c7fd-4479-9c1a-87d6d4175fdc,67,Male,112,27,Yes
6f442c36-c881-4041-b115-357d264cf78b,34,Female,162,20,No
faeaa314-a5ce-433a-9736-0fa307679346,88,Male,28,94,No
dc4c7e7e-4f7d-40f3-a233-c9cddc375926,48,Male,35,23,Yes
0d0b8227-02d2-47d8-9948-cb17a767d95c,42,Male,133,57,No
c3fa8156-8544-4409-bdfa-8d0d99c61b47,65,Male,141,37,No
12bd1d18-57b0-4be2-a8d5-fc464de550a8,45,Male,172,49,No
f76d1290-30df-42a2-abf5-88750da83269,70,Male,140,90,No
b906ee76-92f7-44e0-8ef7-98cab54d1d08,76,Male,101,74,No
86fd0754-7e38-4fcd-9e49-40bae50a0c06,53,Female,68,3,No
5f2e86a3-d244-488b-ad36-c79cf46be46b,35,Female,193,34,No
7a509b25-8e2f-4907-a2d9-7e90723528c6,50,Female,191,7,No
f3ed1f2e-8fb0-4687-ab2d-448c497b9413,76,Female,49,81,No
0256402a-81cb-42ff-ba34-5f4dfcc36939,69,Female,84,97,No
fd3e05a0-fc2e-459e-852c-865b6d347fd8,57,Male,182,86,No
4390d80e-240c-405e-b7e9-b99f8e2a233b,41,Male,114,61,No
8945985e-60de-4a8f-9b7b-b3c538581fd8,88,Female,24,74,No
e7dab8ef-f73a-47b0-8cc5-46025c426fe5,33,Male,32,96,No
dbaccc32-ea18-45d4-a547-de7918107e75,59,Male,58,76,No
f044b054-5546-4eae-9942-e0a657cc124c,40,Female,102,49,No
38fa5453-b383-4758-bb59-36ee6c83a599,50,Male,162,43,No
75ddb579-ba92-498a-8eb4-d58b8b1bd27c,41,Male,96,65,No
1db694aa-8eb1-4d7d-83ba-183745993587,27,Female,80,18,Yes
f4fdd6f7-f6cb-4c23-9964-6c715c754d8b,26,Female,179,55,No
36acd568-9b2b-45ab-b10b-2aeb10ef88fc,79,Female,126,23,No
690747f5-9039-43b6-b959-3575661f532a,81,Male,71,35,No
1a53a4a4-c16b-4386-bf28-5842cd3f3f9b,24,Female,167,74,No
194debf0-4a09-4381-9dec-e8ce2edfe187,55,Male,151,91,No
1a695b18-c729-471f-9243-f2ae9dbae9db,35,Female,54,7,No
f7a9e3f8-4567-4fd9-82ae-00469fec391a,72,Female,173,2,No
7051c7e2-5864-470c-9cea-15e5d6f9efcf,69,Female,32,39,No
33f77ca2-9eee-4e60-b5dc-9b95365b10f3,32,Male,59,26,No
2b5361cb-9fe3-4129-aab5-fb6c45e22051,71,Female,66,60,No
5ba45b3d-8dfa-4b93-8f81-5e0a40aff47e,55,Male,71,85,No
50fbfed1-7d60-4398-bf45-3f246bb6369f,45,Female,68,79,Yes
720d5085-0248-4939-b8c1-9261b5896cb5,40,Female,28,88,Yes
02da8108-fe4f-4300-a4d3-e2210f8d240f,35,Female,105,49,No
21c26582-4425-4296-8305-4045edba61b8,70,Female,109,6,No
a0504768-a85f-4930-ac24-55bc8e4fec9e,29,Female,98,30,No
a08c4e0e-d1fe-48e7-9366-aab11ae409cd,22,Male,73,74,Yes
0e87c25a-268c-401a-8ba1-7111dcde6f1a,18,Female,112,48,Yes
5f388cbe-3373-4e16-b743-38f508f2249f,26,Female,94,5,No
b8b8f561-ebca-4401-8afe-544c906554ba,19,Male,78,2,No
