PC1,PC2,Cluster
-0.3578077570076609,2.082369184219873,0
-1.2107101952564072,0.9377720493239412,0
2.4221599613449394,-0.0653097249539892,1
0.9156792030285872,1.0197074117687897,0
-0.2811786497228418,1.848164747488693,0
-0.599807125466135,0.5486399694789401,0
-0.3935386593232026,-0.1434926932947221,0
3.1003879580062077,-0.0725673548518528,1
0.00973662255566,-0.734297264964637,0
0.2349162159303995,-2.049773070185213,0
-0.6985481897212501,1.6382389398153527,0
-0.1533261784864831,0.1180045706174908,0
0.5283196506039006,0.0016641900542902,0
-0.4809189346456068,1.3602353909232092,0
-0.4984974258716965,0.6823391186727021,0
2.831012205428694,-0.0919110448216068,1
-0.7313263043985826,2.2531623583242446,0
-0.0390805384309112,0.8435199458039764,0
-0.1198859787590985,-1.119137027431099,0
1.009537806488791,-0.2925327962809369,0
-0.7484811880425061,1.319765367451252,0
-1.1372708407319057,-0.0555050972675628,0
0.3076448052531625,-0.2101954587493153,0
0.7694124421439659,-0.7766218902768747,0
-0.7351503076874256,0.2824157384760346,0
-0.6054056922639796,0.6420268343906415,0
-0.6288607572429802,-1.191180070542074,0
2.879021686317921,-1.8199982405878397,-1
-1.2639219947233489,-0.4754234580432304,0
0.0511463847656909,-0.4648989020435827,0
-0.9595770750843956,-1.7655857740934937,0
-0.3155117438977132,1.1245322847996384,0
0.5525498995366084,-0.1903555865172655,0
-1.3397211937505804,1.4152056152752075,0
-0.190010905310051,-1.7059573711087572,0
-1.5755319971835775,1.307952980754299,0
0.520036998121907,0.8732744521933972,0
-0.4135043599938666,-0.6265195074872034,0
0.1810560138843279,-2.4895091636782323,0
0.5289525186023427,-0.6695610405075795,0
2.5865560219600905,-0.0551062069299015,1
0.094733047309225,1.2950501972283848,0
2.458766666729325,1.8114993787878837,-1
0.2440944981683243,0.2138520484626153,0
-0.2492258558848866,0.0978025947950982,0
1.6529147480801791,0.1443871668347956,2
2.280207212008756,-0.1601444822013396,1
0.6058272164822994,-0.6188481732735319,0
-0.4875636534288727,-0.6066166489992078,0
0.8251868625497598,-1.441079198908538,0
-0.7947384633986694,-0.3545315578282599,0
0.032372856255245,-1.5486390976378202,0
0.1875220420812891,-0.7663633812947248,0
-0.4049857613328375,0.281190287730302,0
0.2895074294129934,-2.115357650179416,0
0.6205532494533141,-0.1167132345992901,0
-0.7528042946436556,-0.2119845092789615,0
0.6521195693029356,-0.2947125879429687,0
-0.1185603816767334,0.4163916466159599,0
-0.8431151294440254,-0.0428870694948798,0
-0.0350066409320225,-0.912045539176356,0
0.5913281644533023,0.6601775981731343,0
-1.0388417677493569,-1.4162700151417926,0
0.2694312853634105,-1.2326311152312424,0
-0.1986950670296615,1.095212276546278,0
0.9571721234594012,0.4325864297534894,0
0.868529237244531,0.7051352640747491,0
-1.4654614672087072,-0.7039268592221323,0
0.7194399087557212,-0.4338240403983857,0
-1.6013667389322035,-0.8355037712574287,0
0.0238609011417859,0.7316604302236083,0
-0.4022670677638978,0.6891801087504409,0
-0.4211074164994687,0.7759453396030939,0
-0.6573711688021281,-1.233595992767408,0
0.4923914424691255,1.3050258419101766,0
-0.2837420240446787,1.929976810487696,0
2.2837581355247307,-1.2855800004371734,-1
-0.4237936881286717,-0.9449506685420754,0
-0.1974721952237787,-0.3328358896375769,0
0.6205064714433792,0.0608274380646632,0
0.4212820473762755,-1.7088666501277603,0
2.3326105779953688,-0.8930597128316192,1
-1.0612056750590582,0.4984132026156019,0
0.3253844761392175,-0.441665693450787,0
-1.1404443853122588,-0.3326877103135452,0
0.6077064871932432,-0.5407842507530708,0
-0.6750146281435768,-1.394462256217761,0
1.8603788008708584,-1.4665596579184206,8
-0.331359844131986,-0.0975914641937312,0
0.3483917290301566,-1.3144196692883952,0
-1.4332259491817811,-0.8525096272230679,0
-1.3888563604101891,-0.5790940570230056,0
-0.9075810287162762,-0.5493937164137387,0
0.0243144494068243,-0.0703294454270956,0
-0.2921293837286146,0.6593896653464303,0
-0.3004129194092869,-0.29693681021049,0
0.0308414076643249,-0.7098576595695808,0
-1.07005951209597,1.6744154517904182,0
3.0166217222053717,0.4421706199768274,1
1.8226546898453249,-0.0539688159499458,-1
0.5498552862376781,0.2543338264054973,0
-1.190020596276473,0.2638434251467591,0
-0.1842726836614857,-0.8394041533852296,0
-0.1457990872907033,1.435410306219198,0
-0.8220869332124737,0.537678350288544,0
-0.4186461438868235,-0.1056987953231861,0
-0.0553323338478546,-0.94816382304604,0
-0.4458067482779028,2.072189175137636,0
0.3406737715431194,0.7649086092361984,0
-1.4950472978368718,-1.4759682491267423,0
-0.9580792713958788,-0.7509272198400414,0
3.3736689401998725,0.5027625548032842,-1
2.599814141893475,0.2655015086396827,1
-0.6837040508806737,0.1015972089080962,0
0.0565889531373483,0.4444744496526632,0
-1.1208977845892594,-0.2848907479692332,0
0.4169343909254344,-1.5569212026043828,0
-0.5956484331648001,1.7603326302581124,0
-1.6614192602552695,-0.0151451214999873,0
-0.2299403005540047,1.3746329093596734,0
0.62960985734654,-0.1963299922922952,0
-0.643411774095499,2.4486790446662887,0
-0.7345337776846418,-0.7027955735963711,0
-0.9703418458091944,0.3644131119320115,0
-0.3005868983414956,2.089125200103062,0
2.603607501148447,-0.5927239556607338,1
0.5339688238670975,0.5325681826350699,0
-0.8064766312670021,0.6339574595720373,0
-0.8164104747911408,0.5593483386650228,0
0.5018015586273658,0.0139241765618579,0
-1.477208180766361,-0.8703512590770187,0
-0.6395749215024269,1.5631096729759124,0
-1.088538690075883,-0.1233275454530854,0
2.2004721337516933,0.6222126680368003,3
-1.5466493434704087,0.7514229546185471,0
0.0106286338044683,-0.6014599419230197,0
-0.4938286830955772,0.6318149506190415,0
0.2921188844911407,-1.7035277181658244,0
-0.2021395054378288,0.2209669307888267,0
-0.4784322289845913,0.622832669439365,0
2.859233403238909,-0.1391645038677363,1
-1.7454942026568363,0.0782301405168824,0
-0.6520728927313871,-0.4255281379319313,0
-0.1947060500456277,0.6817375388452315,0
-0.1929602042568312,-1.3764405940831224,0
1.0605045826507296,0.1294347335056637,0
-0.2306103819299876,-0.4827204136790967,0
-0.3332391148429296,-0.1756553867141924,0
-0.9230016929129654,-1.2251866538731593,0
0.9005991180089752,0.7770290853194336,0
-0.6186755127428265,-0.851201548463938,0
-0.0370528516518228,-1.4408155401277452,0
-0.6974397993491059,-0.2696998649536855,0
-0.8850220130409033,-0.6946681222484788,0
0.2261468398606461,-1.0591074982702031,0
0.5271409513152024,-0.0901936517789039,0
-0.8536486156118993,-0.1429568821422369,0
0.4210748931213454,-0.0057392056890098,0
0.6698169197815717,0.3402477677258721,0
0.7685703637612338,-1.069292635952634,0
-1.3145650790672587,0.5463956269929816,0
0.0983638443741482,-0.5367079006698096,0
-0.2762494109179956,1.8932653125380532,0
-1.197459188450275,0.6067450000110844,0
0.1736357658035584,2.214022401550022,0
0.3118385750189702,-0.3486641379190917,0
-1.1816449371379998,0.3618099030030296,0
1.0265015400381543,-0.4946171024779693,0
0.0601666124480687,0.1344630125358131,0
1.1115844076843373,0.5280142495047049,0
0.0215223218169126,0.0955137979709442,0
-1.3928290393985647,0.1483667621885766,0
-1.0028483874796283,0.0838371625252831,0
-0.426245865688605,-0.2330512016838958,0
0.979655773220328,0.3029040331104555,0
3.384983500486039,-0.2302257439745277,5
0.0109659283097106,-0.0181485656389619,0
0.192375914971689,-0.7056708070536579,0
-0.9356216040467132,0.2998070553977729,0
-0.0593186953071523,-0.5719442381689119,0
-0.3678481598435074,0.519038073679223,0
-0.2886467129998334,0.201180921184744,0
0.4308611596727329,0.1177611836312287,0
0.4822444302895853,-0.3674067700870968,0
-1.3042380679752306,0.8570307834520002,0
0.7999893106576976,2.1220981174400277,-1
0.3113726470293849,0.7732671710737061,0
-0.9373732602163866,2.3775330911202333,-1
-0.4692878754523725,0.2076824692125599,0
2.4749388541574087,-1.5473676692193483,-1
0.5814085527634761,-0.3878483737227106,0
-0.1616623025579675,-0.6412333294813689,0
0.7483175054709976,1.0250345892598007,0
0.8394718512161687,1.6518865475242217,0
-0.1511435920079887,-0.5197749612756096,0
1.075345436819471,-1.257010232127599,0
-1.0869845437450372,-1.99232889012818,0
-0.4331088157049728,0.4943483038510791,0
1.0086170775197778,-0.4194147674909966,0
-1.1905104747203736,0.3651914848928506,0
0.697614510009621,0.548495027302228,0
-0.7698992671701121,0.3529771468418308,0
0.4416436509232734,0.1846475196660158,0
-0.9681307512098972,-1.323134229362051,0
-0.0885826862270544,0.7532764043960268,0
-0.4146335959961708,1.6581637862419534,0
0.2345343293602758,0.0435756315672575,0
2.657318403927696,0.3814748085884412,1
-1.493043827072187,1.0759864122144385,0
-0.8310513676159128,-1.6206853778961148,0
0.3766014303145041,0.7862050427035963,0
-0.2163814703458198,-0.3629681648373996,0
-1.3870629832284729,-0.8189721096154807,0
-0.5710848479979612,1.5176967151179848,0
-1.2607911900981112,1.824943815392544,0
-1.247252402105116,1.0803074949784075,0
0.9748011469469432,-1.7536292941304432,0
-0.4888437010437778,0.4975341902401528,0
3.4143392750997537,-0.0453358413474278,5
-0.5868577121334818,0.4478849722367137,0
0.3679293645161381,-1.2647820541797876,0
2.303382837470621,-0.0789137272352767,1
2.288218291483851,-0.1362553764248263,1
-1.7022865556305875,-0.582980119625193,0
0.2587846205081733,-1.141408898787235,0
-1.085153483606098,-2.240002947316508,0
0.1302329306279299,-0.1058926231037658,0
-0.5526871301166738,-1.181635686849023,0
-0.7777719945408617,0.6178454560239985,0
-0.595644678913283,-0.9262386932123738,0
-0.8220687431070499,0.1981890141523433,0
0.1487659255411303,-1.3224583872686957,0
-1.5513674697492137,-0.3628775400169343,0
0.9181912119222786,0.5944501190311859,0
-0.4290782817284903,-1.401777289043098,0
0.6623411940139373,-0.6337127381372336,0
-1.3056488052038384,0.9994008872918368,0
0.3611867063143859,-0.0770398128537361,0
0.5016675843418281,-0.7976597935636726,0
-0.9154023906588804,0.0589198225070298,0
0.224461454552707,1.172771196328651,0
-1.565260309790806,0.6412153926220877,0
-0.9520655184693037,-0.1459458551795047,0
-0.3298016597463207,-0.1209488211429871,0
-0.1402364311240245,-0.5153724446165957,0
-0.5784443700377853,0.5380554454971312,0
0.2141636307605661,-1.6801938701584185,0
-0.9574165127465506,-0.5890211192531164,0
-0.059371962877049,1.1177064379162371,0
0.1029622782337138,-2.5870287153257028,0
-0.2714658469441495,-0.045838759823112,0
-0.1373480622377837,1.5177847748837616,0
0.2866271366363918,-0.4572268942280964,0
0.4788492956003953,-1.288543926028615,0
0.3558370147835142,0.1510675907492001,0
-0.1460786065915472,-1.5282823166206638,0
-0.1458894384224469,0.428578413399902,0
0.1614633885343779,-0.3639247003587591,0
-1.2763919274111886,-0.9774545201555428,0
-1.0963867878132327,-0.3304380876513005,0
-0.2793301528614632,-0.7348393988356676,0
1.1203037210723208,-0.134913884472358,0
-0.1910139093011686,0.8516167403135648,0
0.4775771200755351,0.1863960503393068,0
-0.5371262617058732,-0.8705607520776579,0
-0.1618338299850344,-1.6129253103148515,0
-0.0162098653182601,-2.183183335512258,0
2.928883906142941,-0.964946756629478,1
0.4287572237805195,0.5897519410586296,0
-0.3415978866223542,-1.284293868383211,0
0.6671255911544764,0.6347404153746418,0
0.6942661533303661,-0.5501828013032435,0
-1.1761445137782356,0.1025184810166807,0
-0.8292812375375129,0.4943145614415493,0
-1.0077399433272514,0.0309405928800695,0
-1.1024212121020966,0.170486913921175,0
0.8851720940680186,1.445442135977404,0
-0.2394460288614753,0.353792499359519,0
-1.4061743556075517,-1.1613655961704918,0
-0.3440274164743473,-0.2229938199548728,0
-0.7925446757061175,0.1253471747099051,0
1.7345049667461905,-0.0329648066487709,2
-0.5886928103272407,-1.1500849583007964,0
0.0651535764253279,-0.8211971807936163,0
-0.2421963854073588,0.9778632377105309,0
-0.5482413302277522,-1.1676765772977535,0
2.4256926947554907,-0.8512559070536223,1
-0.741482491414543,-0.4612420584781374,0
0.0922987260194277,-1.4851344950689471,0
0.3167418314120557,0.8768530990111172,0
0.5426856115460388,-0.2610088138218795,0
0.3700926621624273,1.0862439207098806,0
-0.4862477007626101,2.423314778439236,0
-0.4881652779980676,0.1893020922109908,0
-0.3410235472112953,-1.570978605389109,0
-0.4802263595492922,-1.133130030967992,0
-0.8413236043720751,0.3707102955593813,0
-1.2828753125468806,0.846446259470191,0
-0.5077841695630806,-1.0369120837850123,0
-0.1703784110578242,-1.3402184336515086,0
0.3386958136105131,-0.4310881657893382,0
-0.8112954266929294,-0.7768964546179781,0
-0.970895389622079,1.6539738481548043,0
-0.948651644311299,-0.8889561206974714,0
1.740980010212155,0.3087198347934273,2
0.423820871848421,-0.1069833888731718,0
0.6334494452480565,0.0925619560666188,0
-1.1272603285469454,0.6746946821242933,0
-1.0616964367016375,-1.2281754753343337,0
-0.0899869839276862,0.7631569929916813,0
-1.3145650790672587,0.5463956269929816,0
0.0549099275736768,1.3321471561341265,0
-0.1243563284977116,0.5505991872712229,0
0.7321197310069354,-0.4604591026755331,0
3.069678751788601,0.0409061580015732,1
-0.5805405136236618,0.1691188671798837,0
-1.5122495088541208,-0.9071664820124976,0
-0.378859404362123,0.5361829180434733,0
-0.3470883317307279,0.6331896232310648,0
-0.6098853410748988,-0.8389911211620527,0
2.3470279043656523,-0.812287486969188,1
-0.1082873915375864,0.420836726160296,0
-0.236348603578553,-1.349273631402624,0
-1.116379773642033,-0.3042308976394812,0
-1.0109186246892052,0.5574301627548169,0
-0.1101802149037582,-0.176372445998424,0
-1.35718608674161,-0.6107367560861434,0
-1.513790052497753,0.101359624123842,0
-1.0907343298782006,0.0502691396554858,0
1.0230447219054402,-1.0489210148933268,0
-0.7312212018208584,-1.6294176462187966,0
2.4978805895695984,-0.5784335509335182,1
-0.7078668059889803,-0.0927641608406152,0
1.0549229032119338,-0.7878504053953832,0
-0.6023841822588941,0.2792107981434888,0
1.020006454357,0.1566630098627693,0
0.8580924619526684,0.2676913561292965,0
0.7056242867383409,-0.0987985345978065,0
-0.0126762487090304,-1.141192779915864,0
0.1395676808717241,-1.381402279260378,0
-1.5824053449990323,1.5339144866808267,0
-0.7908020348054476,-0.570917720071246,0
-1.4919777070754758,-1.3451422903613008,0
-1.3193585712605098,-0.5523128584507934,0
-0.9227208208337608,1.0300681484662364,0
-1.0531288740856195,2.0011130525917933,0
-0.0980741827002122,-1.2409808565929576,0
0.1044399098913465,-0.4115013919855086,0
-0.8779211349200404,-0.4641270033773824,0
-0.0618470421965022,-0.4606730269418441,0
-0.077849838110587,-0.0088538916507186,0
0.3968049793059549,1.01545600842894,0
1.0604909001798073,-0.2218065008287903,0
-0.7145393592937728,-0.2257241112354475,0
0.1783290584293693,0.4798029092427698,0
-0.7333010574430624,-0.3047476548484943,0
-0.2797089643591542,0.1645000800734053,0
0.5250312050421122,0.4013450084426037,0
0.08453268777608,0.1005517884430517,0
0.6092905241749753,-1.5766542642793704,0
0.8974255734286223,0.4998464722734508,0
0.0066936377733157,0.1182048726927094,0
-1.260692027716958,-1.8701842710525856,0
-0.7273861215538437,-0.649795127389228,0
-0.94642939852993,-0.0792247093832545,0
-0.6776253298387395,0.189548564768479,0
0.4933154561099735,1.2817110478462426,0
-0.4403844261410293,0.6540284422937028,0
0.3403416638514633,-2.0016954381456027,0
-0.1847488796344642,-0.3868148593046843,0
-0.7295706101740894,2.0210803103276227,0
-0.3555757369944953,1.2297938268389017,0
2.33185371396278,0.6247736172326468,3
0.2867387529459921,-0.9838935603883988,0
-1.146608949851435,-2.118201529463878,0
0.5491892429165146,0.2426244910925656,0
-1.2557678459100043,0.1903049497907134,0
-0.1526978181225429,0.1375099105262756,0
0.1571357742987266,-1.2049440066183184,0
0.2097004739329135,1.8528935822995527,0
0.0203467773843555,0.0213632061675614,0
-0.8879596114422211,0.8074693220621513,0
-0.7439373244992125,0.2879125612039606,0
-0.9294169050451716,-1.2802291211947816,0
3.378601463676554,0.3976663545786512,1
1.1759936805109563,-0.6140345158442145,0
2.6735609002723324,-0.9775955928165578,1
2.749145152738297,-0.3241698859515974,1
-0.1586835325079975,1.0191352946612702,0
-1.5135543103383116,-1.4398191568426617,0
0.4187277681071507,-1.7967992551968577,0
-0.5297654369196739,0.7802631852197437,0
-0.2409845905796476,0.5409391725453175,0
0.1614411603741345,-1.8700793519483967,0
-0.0185521988946507,-0.1327586442944354,0
-0.6302447586768428,-0.233385885583254,0
-1.320339680926672,0.358821081541855,0
-1.1492514443392352,0.6657738661973176,0
2.700217344353213,-0.7010981643654449,1
-1.114245947098933,0.0569096760819129,0
-0.1756227162076693,-0.4624757233952888,0
-0.2220799529078022,1.4297060335195997,0
-0.3023173635372126,-0.8550501767809964,0
1.059449330032788,0.5156268774933577,0
-0.67544602803208,-0.2980342018506282,0
-1.0955387692339296,-0.2252192600734526,0
-0.9065849338328168,-0.4381037543953854,0
0.5164671311175233,0.3423585535655991,0
-1.0480724343584995,-0.1623077200084446,0
-0.634621003032195,-0.2433891015321233,0
1.2737861812755316,0.0033766321368979,0
-1.300822970854559,-0.4265132872626276,0
0.2508438499496321,0.834498642038484,0
-0.4850067186350116,-0.5559391967540283,0
-0.3409459953517952,0.9125487907917595,0
0.0293514760658535,-1.3537270766944722,0
-1.1832985296533012,1.3937240229269288,0
1.7461821247702756,0.1295036996037153,2
-1.1495334151452212,1.0598352345044904,0
0.1103126551888401,-0.058022289459735,0
-0.3411253150851989,0.7817841457029252,0
-1.284698031016093,-1.0714651044094128,0
-0.339284610530157,-0.9602926648767874,0
-0.9889710022350156,0.5936948860717526,0
-1.8237133669036671,0.3240400359990651,0
0.0612777381286574,-0.5990144721839342,0
-0.0035857121100988,1.4579657812657645,0
-1.0110725614062244,1.950527419285432,0
-0.5584142005831673,0.4490898480357288,0
0.3543256084077839,-0.0031157249654974,0
-0.4743268784570531,0.0357731526767656,0
0.0806177339601172,-0.1727481507241559,0
-0.1933260866665848,-2.1217006338394278,0
-0.8320992975071998,0.4609539885434243,0
-0.1567758037082367,1.4270518959577831,0
-1.461007121630464,0.4649456675843213,0
-0.3608917836229635,-0.395538761879854,0
-0.8745723086611031,-1.901823732968404,0
-1.4552638429840064,-0.6838897704860899,0
-0.6288645912782057,0.2836747800552033,0
0.4166284196331476,-0.8038225953669025,0
-1.1139099553400658,-0.0309616153105771,0
0.0830136189097068,0.6193917931691976,0
-0.7265440431711118,-0.3571243817134686,0
-0.3118711726009934,-2.369532581793745,-1
-0.311516836749094,1.903226117177694,0
-0.2117174448036045,-0.7665742199898098,0
0.3128250254863271,1.2570285774906458,0
0.2518009591294933,0.2824019409761427,0
-1.3245315485507283,-1.5358061451121183,0
0.0490963400106651,0.4811859476023055,0
-0.735425918749144,-0.6677288813341836,0
-0.349895444537937,-0.2233910353818971,0
-0.6888879753333699,-0.0586759920383921,0
-1.4885026988373378,-1.130327714082144,0
-0.572973083945923,1.4414734453618192,0
0.1993227765918245,-0.2937489045251555,0
0.1288840864422484,0.7134566947793144,0
-1.1571431151983933,-0.7257092414841463,0
-0.003491606726838,-0.2217736493854265,0
2.5705656057705526,0.0767714950191302,1
0.2665872429819629,-0.0855750162485188,0
-0.8384827668787541,0.5855674347238604,0
-0.3102433584778588,1.0994688084863202,0
-0.7304549589322549,1.215219666845162,0
-1.1515419429077984,0.523269228957248,0
0.5607788649010087,1.784438897448256,0
-0.155157992008407,-1.6301621251940126,0
0.1071709034011247,-1.5351694771806723,0
-1.0824191312205846,-0.0254649441587444,0
3.18458319222239,0.2944001189223541,1
-0.4966741580390939,1.2755923972290215,0
-1.2271808454737434,-0.3234049423723203,0
-0.3674915023021597,1.6019467968074328,0
-0.5009685469200384,-0.2621128313327497,0
-0.7210703556060929,-1.431839884818801,0
2.135880805883226,0.4590354682475945,3
-0.740830600143984,1.7356006006968332,0
-1.124538430089879,-0.2792287350027703,0
-0.9973688895337324,-1.010426243374156,0
-0.7142606731596218,-0.4695887142686268,0
-0.7173139259253594,-0.2864285915235325,0
-1.020381533257852,-1.2748784347619206,0
0.069817731783237,-1.3927072512498315,0
-0.2518515427973467,0.6593895137703369,0
0.1367035962750867,0.7586185735052824,0
-0.7628829298001158,-0.442861529900475,0
0.099783676655468,-0.8488226725777464,0
-0.6626740823230646,-1.1830292618284253,0
-0.3176177359192861,-1.0705003784493403,0
0.6840549264184516,0.290255348499469,0
-0.3819348852881042,-0.7868116108010705,0
-1.1711204162071438,0.4637203684146822,0
-0.2086931994900748,0.0450710638123282,0
0.6651443485500351,-0.4110595943769015,0
2.005617594295674,0.2067277839106367,-1
-0.9646731796941984,1.2270104360531384,0
-1.5531009358134629,1.3753591595693255,0
-0.9128617938606776,-0.2043888067583268,0
0.6911679746644591,-0.8429574235409323,0
0.1443189026895419,-0.795883691623304,0
-1.1943819351982363,0.0645476383356829,0
-1.7424609921062886,0.8880347715547251,0
-0.5136315318441896,0.1334707153086631,0
-0.2515000164577916,0.2692840390655646,0
-0.9384871954093196,-1.551853597836231,0
-0.7708427736627597,0.0445986093654174,0
-0.1116057277502611,-0.0126137866001853,0
2.6610839286611405,1.3571414338156094,3
-0.2017095381113949,-1.3787397759510496,0
0.4404214582964751,0.1201335852227816,0
0.2304458661917863,-0.3800368554828913,0
-1.0209999153704017,0.3638082949572216,0
-0.0367610324101403,-0.0087808235031862,0
0.8525699402483546,-1.1470758887777974,0
-0.8204910658695852,0.5065249887434348,0
-0.4720904008413715,-0.1279122869978474,0
0.2564545868726213,-0.6226421137847149,0
2.0266697910135267,0.4282559647637531,3
-0.7594177699976744,-2.05414303855305,0
-0.2398969216017777,1.118527222186305,0
0.4243933591497141,0.2598072917676666,0
-0.5912176184931759,0.7518678377983804,0
0.5594986132665096,-0.4319091016354993,0
2.632501435859382,1.1801207555079885,3
-1.1215896805064896,0.7159125732948789,0
-0.2206166272883822,1.0902473542217026,0
-0.6312141677975425,1.8503687216943896,0
0.2001798401918539,1.0213457431616058,0
0.7143743739758892,1.899341400269953,0
-0.5099575812051547,0.642839252913197,0
0.3848445477295089,0.5758662028070789,0
-0.1221276431883666,1.2278410833412576,0
0.0231176397964104,1.389018521749119,0
-0.48130691539991,-1.0590833157265385,0
-0.2880274476886053,0.390430929161629,0
-1.0768673424326751,0.0586888635935076,0
1.1038475067088915,0.9509911111656668,0
-0.8122987645193351,-1.3719171662149676,0
-0.4021930045958268,0.0024054318821869,0
0.086290234110339,-0.7850056772003065,0
0.5698003211258617,-0.433419373922721,0
0.1408606519947584,-1.8534662564114044,0
-0.8007909980092488,1.6975992527536248,0
0.3815689014399639,-0.5011484821661806,0
-0.4926987437422738,1.72259289806673,0
0.0568742086151692,-0.0997836839285029,0
-0.9514398136300996,-0.0891853624468018,0
0.6137643626050175,-0.0760884059325694,0
-0.297235336774114,1.825889790561331,0
-1.525691456155411,-0.6678082722002615,0
0.2125391755131664,-1.8109891720855564,0
-1.2666788408291938,1.660757283728977,0
-0.2547906479646337,-1.8301545479186967,0
0.7284080974106774,-0.9620316356842136,0
2.2207535799464404,-1.3101658937033878,-1
-1.136697050684237,0.9824682510498236,0
-0.0329409373604229,-0.0515822066846194,0
-1.4453539999461686,-0.2502434106487682,0
-0.5092343620749691,0.9784459151706228,0
-0.1376235434838081,0.3997361397697386,0
-0.2747511376497968,0.3715493085950128,0
-0.2528222546644216,2.071961453371433,0
-0.8458780697340499,-2.4193737361248906,-1
0.1645361341519148,-0.215391491563506,0
-0.1704128093432124,-1.482619194329649,0
-0.6889764743553477,-1.718983302504424,0
0.0355653443240068,0.3848949322717937,0
0.1043191985290342,0.284909942242894,0
0.4143451640075308,-0.4625964830283361,0
-0.4129831583370104,0.608542416288243,0
-0.2970236748846821,-0.567968224348074,0
-0.5981230429045711,-2.3544213927964623,-1
-0.1159312858565527,1.8133903278166352,0
0.2961073521117839,-0.7923443705435864,0
-0.343105254943265,0.4071668036279298,0
0.3251498327065573,-1.549803083130852,0
0.2387416517813117,0.42425220203574,0
-1.5298135642263038,0.7620192330712814,0
1.0711239623478308,0.5474465212659573,0
-0.2197493198768741,-1.7933393249832184,0
-0.8051230698474166,0.1676900287877066,0
2.3001281165949443,-0.320956428295446,1
-0.476751351311154,-0.9183154546888348,0
-1.165453052838523,0.6551350248592613,0
-0.5152558572758955,-0.1652286019222798,0
0.6795545562132582,1.2947642473568006,0
-1.3179973473502815,-1.6916036096759677,0
-0.9331608807974582,0.7428210057947773,0
1.7650588537166942,-0.6362402035213385,4
0.3478940582799193,-0.3721442737976557,0
-0.7725062146137577,-0.7495833556424152,0
-0.7578471316835618,1.0909610247825217,0
-1.1475347358183403,-0.2296948448799989,0
0.2773001786989345,-0.0226445738161323,0
-1.376151784289689,1.0310743947693717,0
-1.1335897769656182,1.105498205219412,0
-0.0914769953098661,-1.092428897006419,0
-0.3716292691896265,1.2252261199413506,0
-0.0585733778324171,1.4377210909819564,0
3.06686713134689,-0.1249439301407339,1
-0.8424854663337101,0.6478009380904528,0
0.2113468735372543,-1.042371775379996,0
0.0645552365279679,-0.1754752048574112,0
0.5532445307622829,-0.0166975877320868,0
-0.7969911491943155,-0.6727362149679873,0
-0.2354668603131381,-1.885778323273259,0
-1.2333876006046445,-1.4103921864561455,0
-1.300307659362288,-0.3836199335662834,0
0.6268899408149334,-0.0637860081157728,0
0.2061759523763957,0.6411583586350588,0
-0.9986696529631036,0.3025650695215186,0
2.901632820804424,0.374013336315853,1
0.2044358427645763,-0.8086142648576151,0
0.7897128318271218,-1.052649035153431,0
-0.8432443864956591,-0.501389152521661,0
2.742966985511907,-1.2492084665631753,-1
-0.3521398442756494,0.9491257553411688,0
-0.7255062272756094,1.5920135634348698,0
-0.0908037590777423,0.7826316760621622,0
-0.2632110289836823,0.916443067565366,0
-0.6869451690691364,-1.0009207306908277,0
0.4282451969600837,0.3966618220882918,0
0.1751458694329136,1.6970230495881715,0
-1.491297227900406,1.0136490322859169,0
-0.7961939967117526,-0.856000214275011,0
-1.2339496901068503,-1.2757448674885363,0
-1.7134789719923724,-0.0431245027030409,0
-0.9284766832243594,-0.8216538184443746,0
-0.0393711847419123,0.25057191215977,0
-0.140739912255139,0.4464508536682503,0
-1.841056115970316,-1.895035017217945,-1
0.71362892668546,0.0575800864228887,0
0.1251375051972115,1.3941414864157775,0
-0.1221595157647127,1.216089185143004,0
0.8169849167834071,1.9317657094412488,0
0.7290215523410285,-0.7532337249132217,0
-1.2067269886532503,0.5438452144170015,0
-1.6191472476316229,-0.6139447819899152,0
2.278432574295854,-1.5844138510683492,-1
-0.1866155666012667,2.535678623155877,-1
-0.2096770444646813,-0.2182563162443137,0
-1.452827669584443,1.4428195041645056,0
-1.8031087782542816,1.160106174404974,-1
-0.949309141943141,0.2542479612447808,0
0.830267586566483,0.5686781007572417,0
0.0097806652571508,-2.086299257677881,0
3.073447561193881,0.8663760179547481,1
-0.8117925480797763,-1.159279144450523,0
0.6425301334112915,0.8656244323165156,0
-1.2129883141004234,0.4753259787417776,0
2.5923007331686176,-0.7006629926275697,1
-1.4337208846235745,1.2642270883169622,0
-0.5537818380178959,1.077544352254469,0
0.6413571202675846,-1.3545636777606926,0
0.5762480794336904,0.4174992717237779,0
2.934449921185355,0.4224765808876558,1
-1.1310186103374449,0.1827588064757611,0
-0.9341432932099956,0.982772278110878,0
-0.9987503596787446,-2.198669576689161,0
-0.0892273845866527,0.419784982976706,0
0.0732069763078417,-1.6637386653874158,0
-0.8238394225488402,-0.5921528398620365,0
1.863786988883872,-0.0812396551923733,-1
-0.9991504363542923,0.2341684611995097,0
-0.9753542428348236,1.1758318918190056,0
-0.3705449590874916,-1.5353919187705891,0
-0.1947489940203372,-0.6155766390880926,0
-0.2453797784234086,-1.1254154602671833,0
-0.1294539398734837,-0.4484861085818086,0
-0.7931899234291064,1.1165138386138689,0
-0.96497990436947,-0.0157317097092134,0
-0.8277920593220262,-0.857656774433391,0
-0.5570433322568363,-2.1846036565808293,0
-1.0524403370441249,-2.337896357025246,-1
-0.0454517578936124,0.8160959739461234,0
-0.9895045038327104,0.8902908685116087,0
-1.019104566295188,1.0916663295958282,0
-0.1619604815439176,-0.7290620579885368,0
-0.4285141360969245,1.1305988126656723,0
-0.5364166452629013,0.3255211487185225,0
-0.0054130179975209,-0.9809314850163936,0
-0.1199061507899821,0.0417317416556427,0
-0.5971806351387049,0.6032733153265198,0
0.8171484979165287,-0.9557343004807504,0
2.3977185201024818,-0.0158064916695216,1
-1.1039462211650408,0.8767788367452324,0
0.2789740174490197,1.2729753908001478,0
-1.1977970323189078,1.3480917090503108,0
-0.2929936902715901,-1.1394357319189672,0
3.0078210229226623,0.0964262083702992,1
0.00335130107434,0.0437915988625354,0
3.1422044904713413,-0.4276181949175493,1
0.3554835120983077,-0.9141338823491982,0
-0.8077885458784451,-0.5503299801405674,0
3.1757253171306585,-0.3752416196286682,1
0.9330867161910004,-0.5987463821374696,0
0.937853392805798,-1.527178450685887,0
-1.0074449191974424,0.101062071357426,0
0.894210307836226,-1.6151841239025169,0
-1.3296360690341589,0.1339726324755251,0
-1.593090995557868,0.9617500400441394,0
-0.8785787623675764,0.8469810938686746,0
0.0688386782464347,2.1854501094191967,0
-0.2740649222977497,-0.7776101251787971,0
-0.621509027509493,0.629388534823428,0
-0.6175467463202045,-0.5995102839966019,0
0.7670746162020772,0.5830722304702932,0
2.055233340326877,-1.0510747737922572,-1
-0.2988085063770768,0.826823245499585,0
0.0028878245898966,-2.192031083291701,0
0.0576631492436985,1.7146337225286008,0
-1.4941180231785371,-0.1941728606614991,0
-1.05090813507022,-1.1808370420936536,0
-0.8690932802948895,-0.4597125806713503,0
1.1771426931683622,1.9651908331633008,0
-1.0654493776909422,0.7967153044195205,0
-0.3486841990736163,0.6643429847761737,0
0.9789136106017337,-1.6890540460106018,0
-1.4341342984262475,-1.2993330317752212,0
0.1070378123142656,-0.5188167096101761,0
-0.9340920075655588,0.1145010349762701,0
-1.0539600850895825,-0.3264942516720115,0
-0.1410849990667181,0.7040668131288407,0
0.465780343836111,0.347709088422367,0
1.3275611689714604,-1.3673913501101078,0
-0.7915493342056427,-1.7592036162715734,0
0.6269744017820916,-0.2491226853755793,0
1.0676560672369448,0.9842667098692413,0
-1.2622285333057703,0.9839858228095922,0
-0.7639770883379475,0.4916604238797332,0
-0.2640349172609904,0.2842829857534061,0
0.5137430467154033,-1.2028374346799122,0
-0.7484208073453571,0.2817494562485439,0
-0.1749300669074545,0.532561708340431,0
-1.0948136979939782,-0.5430880154627632,0
-0.4725979200273055,-1.01173297643884,0
2.5515083341280635,1.2522845582520108,3
-0.7660687743213077,0.8116137632688452,0
0.8093603112966459,0.3355138043148192,0
2.5200155280831225,2.068167320050719,-1
-0.4857245969640025,1.625280796390932,0
-0.983867031114976,0.2485741938073928,0
3.4336534183351466,1.3934431366893942,11
1.9918532579227308,-0.3265179534233921,1
-1.595795457292495,-0.4196566319648293,0
0.2664592886767046,0.1271055684012477,0
-1.0206822435326524,0.7833303550047369,0
-0.3154733817614056,-0.3758258204233036,0
1.0291202380592477,0.4009435791142583,0
0.2170487149749718,0.5031601146159324,0
-0.0818524077498491,-0.1145244035879311,0
-1.03309301848601,-0.2161828131136226,0
0.2158751524678744,-0.3923699101379915,0
-0.5358105130592046,-1.161128162962331,0
-0.1897235937028703,0.4168079159864564,0
-0.3241772403524093,-1.226848342631732,0
3.178008023392885,0.6081903533560495,1
-1.2936772966492207,0.4478665918950566,0
-1.793929477073284,-0.4373013504669749,0
2.368272474140732,0.0041881857572921,1
0.4377567356484312,1.3979543292943393,0
0.2410997239579842,1.3920921658287513,0
-1.0475175877992398,-0.7806857885546898,0
-1.0874250386862525,-0.7261561676929462,0
-0.8602614673986274,0.1786293568873115,0
-0.0452606875827608,0.7398607981429396,0
-1.2245031195338618,0.2425776485176651,0
-0.8446796735739586,1.3246762755717667,0
0.3456588834106127,0.4627238335535051,0
-0.7972290772988105,-1.630676839374059,0
0.9571402508830552,0.4208345315552359,0
3.531461923260093,-0.8277544568382684,-1
-0.7107602318731134,-0.1105327245470341,0
-0.5082200770860856,0.7502465410527756,0
0.1637628523399591,-0.2232607158829849,0
-1.1427075987226858,-0.9844263517579156,0
0.7824268235919782,-1.394406896319255,0
-0.5536982602494162,-0.9357290627013646,0
-1.2844004013935333,0.3410217094210392,0
1.183664310624668,-1.1911640363815703,0
-0.6704290435882405,-0.5884670793350675,0
0.7151590725300049,-1.4523840193218982,0
-1.3556746803658797,-0.4565534403714459,0
-0.3206496437234589,-1.2091223418106354,0
0.1624925789568505,-0.7814166453388134,0
-1.2278818364436854,0.8471430469598921,0
-0.4926773487487234,0.0211903237833272,0
0.4845960629382819,0.7329227089500966,0
0.6312075767991944,-0.8809587714841406,0
-0.2833263627564577,-2.1847158988902717,0
-0.313927577100287,-0.0792417440304658,0
-0.5016054529733002,-1.4365315884967185,0
-0.4629837302663757,-0.5352664826287992,0
-1.578836780741024,1.393647717632077,0
-0.6451728091211868,0.1639344372605247,0
-0.6330550763721785,0.2719466939509863,0
-1.10851942599583,-0.249157773479555,0
-0.9617686768318936,0.2536548987409158,0
0.4598395553508256,1.7052692175401445,0
1.9051577653903045,-0.4752279553520137,1
-0.0061776743364468,1.37782918079252,0
0.9878481543542864,-0.3638216489747379,0
0.2313497078017509,0.7575171195399166,0
2.152259882006152,1.2539143723212216,-1
-1.0162404816985504,-1.048354523169832,0
-0.8420422360840506,0.55608953570451,0
0.4297798504391303,-1.8040328541271495,0
-1.3215469681198813,0.1050145762364139,0
-0.7945908864259178,-0.4034228262414839,0
-0.9833835124153428,1.4914321221786926,0
0.30865265071407,-0.3059053176229805,0
-0.2315582662414429,-0.2682723959886603,0
-0.0130719475657702,0.7688187028059575,0
-0.3508552890262425,-0.8457556543688465,0
-1.202771746387314,2.1517144843414515,-1
-0.5375843973891217,-0.5895567788295081,0
0.931402553845728,1.0925985072647233,0
-0.8417817400553237,0.6517142688075312,0
-0.9706718973714906,0.26483248522659,0
2.379383035028109,0.992034581448042,3
-1.569216984618811,-1.4699325296751056,0
-0.8926997562818672,-0.769173366593564,0
0.4480706136329278,0.0326901660956197,0
-1.2208038656621505,1.0640916148684394,0
-0.9843934937893184,-2.291597912497231,0
0.2084611899274724,-0.5214471866540489,0
-0.3596668556877208,0.8434364926126708,0
-0.4441271733508407,-0.1401416166671116,0
-0.9664367404289284,-1.1883830338325123,0
-1.134767377527535,-1.6356758072603503,0
2.722459990937212,-0.5947119625711527,1
-0.2799024361431623,2.21886875884661,0
-1.6098417644714242,-0.5588410009916854,0
-1.034288605133757,0.7026313488659315,0
-0.7575806156745555,2.21085031266084,0
-0.6444255097209919,1.352220333460852,0
0.4141384293002972,0.0837768913909349,0
1.8507018289396235,1.0731232624442677,-1
-0.6579409207949767,-0.4259253533589557,0
-0.4511435905045453,-0.5560194127980146,0
-0.592573785405512,-0.1242300667703847,0
0.1489153546236476,-2.024825073328656,0
0.7046281918548813,-0.2100884966161598,0
0.6073477179107418,-0.6344095256269346,0
1.8918093741088848,-0.5909510908676845,-1
-0.4281762922282916,0.3892521036264461,0
-1.0251292663842408,1.3099050506501282,0
2.8895488127415274,-0.3757224398230914,1
-0.7203094535186841,-1.1040292271572285,0
-0.8209660388798968,0.4185804776273192,0
-0.0021978822208188,1.302003126463379,0
0.505224448054374,-2.110547229897418,0
-0.7825386711556591,1.546277524572416,0
-1.42480932241425,-0.912535919236644,0
-0.7298351442576361,0.0798115894987629,0
-0.1083827996672224,1.4293934891349391,0
0.8098546973750487,-0.4565648259019266,0
0.1066550425454633,-0.2534047455537326,0
2.7073462610151964,1.0160497033011826,-1
-1.0492250714517286,-0.2228657608492783,0
-0.4527309121581124,0.6300473660022783,0
1.181382907108817,-1.5034133416897404,0
1.730144177187818,-1.5569186787831313,-1
2.8374288501229694,0.4664100748727584,1
-0.6538857627649026,-0.5173434168798033,0
-0.4456209389845375,0.6908438168052746,0
-1.2097993147230903,-0.761442064397731,0
-0.4493793505907308,0.3668119564605472,0
-0.9809794156117198,0.2858906603079185,0
-0.2846499037094629,-1.0532211522609505,0
0.1598655392660297,0.488608094136891,0
2.545708898615656,-1.7838099741418492,9
-0.0194085091116954,0.5479874610186353,0
0.4118851941412606,1.0902303195744916,0
-1.2455929992089376,0.0288454722604018,0
-0.0333872426825151,1.2341384185447208,0
-0.8121758672119691,0.4307909049292044,0
1.8525197559710311,-0.8504501144017989,10
0.5604453246472835,-1.485443802306288,0
-0.307594973825473,-0.4923380170957732,0
-0.0086170526241366,0.6130331442891269,0
0.5389240450837045,-0.6027479241964182,0
-0.7788043398194752,1.0176301509742414,0
1.109618070513485,-0.7070783311090453,0
-0.8650736192769848,1.95578476577623,0
-0.6736649507912024,0.9937456517721994,0
-0.2283783619168222,-1.335295771060069,0
-0.8131818105311251,-1.5065951420208803,0
1.7305985586195491,0.8486486714392054,6
0.0152927891623773,-1.1729700123792348,0
0.5540282103733257,0.4926096361958396,0
0.4255765660729141,-0.3390654368697938,0
-0.194225136838745,0.5822301318634356,0
0.9027452444929134,-0.3934882471744752,0
-0.1373761007789042,0.0311780260882304,0
-0.2764008961298728,-0.0713914220783656,0
2.729093088958724,1.411235882939478,3
-0.3202525679164437,1.040451696771012,0
1.6738720860317864,0.049814025339271,2
-0.2762982450572905,-0.5962174354743726,0
-0.7215940087680911,0.6908521825527869,0
-0.9188475082461324,0.6772365773766678,0
-0.2059141252239863,-0.584955026370241,0
-0.6500603269139904,1.9566818553411496,0
0.2116887554607068,0.0619255033066162,0
-0.362843555124215,0.5485466295368772,0
-1.0155744383773873,-1.0366451878569003,0
-0.4943272370444932,-0.2538463915862465,0
-0.4167310423284224,0.6180445402481584,0
2.6341726691167167,1.133375384771173,3
-0.2518957895184314,-1.309107331839535,0
-0.5032271729122555,-0.3928655703745658,0
0.9648999293821352,0.1793542361606277,0
-0.9510135505231972,-0.3819412338932054,0
0.6010551990663073,-2.207242760127501,0
-1.643231901517039,0.3505631591189574,0
-0.5846834172927291,0.5960703732345315,0
-1.22783505843375,0.6696023742959386,0
0.6119474545166825,-2.01354767260628,0
3.436550598470797,-1.2753596230746735,-1
-0.7701259142768416,1.724411259740234,0
-0.9687850939855984,-0.1622228973899873,0
-0.6110711534908491,-1.5824837278776878,0
-1.0033935896227857,-0.7921875223198559,0
-0.1805408038304437,1.9897024641636305,0
0.5514928745926093,2.061028447990373,0
-1.1882707922165654,-1.1604071929289648,0
-0.5195535808606605,-0.1731165770330441,0
-1.168475316226593,-0.977889691893418,0
0.8158722843368493,-1.3264383118386676,0
0.2785061631457684,-0.4400207361872387,0
0.1408801448465577,-1.5217729248710574,0
-0.8661498715126947,-1.9813979277760876,0
0.1583282802942326,1.3469374349992371,0
0.2203716886378423,0.0779760416019543,0
-1.1702282751426416,0.4286536761524947,0
0.3194182546055621,0.7716530222245549,0
-1.2882321969887132,-0.7887975746825227,0
-0.3169094222226897,-0.5456011453297076,0
-0.7223040947907451,2.0311448399531,0
-0.4472408865974355,-0.1306820555925181,0
0.2290507933595604,-0.7078049502591417,0
-0.1308678319582326,-0.3238232547717835,0
-0.9257798839803753,1.2327761740054373,0
0.5383990891753312,0.8487614754986219,0
-0.7526911159562922,-0.4032765383703258,0
0.3470129941935889,-1.3282016825541096,0
-0.6018351460805114,-0.3196193676086496,0
-1.36087877684946,0.5440421277688074,0
-0.0493030463405914,-0.6454166416977857,0
3.113735046541252,-0.6280268870127297,1
3.34839581837377,0.7610330420204402,1
-0.4992110005857796,-1.147670296976108,0
2.814829416181929,-0.5549808347459388,1
-0.6226812872702151,0.4050411777460517,0
3.442429154149168,-0.9414284233430064,-1
-1.0823827510097368,-0.7044436164311453,0
-1.2504636296426923,0.8109208865282785,0
1.013490443261977,-0.0270288617095824,0
-0.0693986832419736,-0.0943834382899594,0
-0.2726816000429719,-0.2428422095105283,0
0.3167650785153721,-1.478024892919022,0
-0.1033900253090863,0.4541853930114028,0
-0.4255162070304435,-0.029934054670652,0
-0.1537056635834504,0.2332197693999409,0
0.551764447599508,1.1655290800747533,0
1.7867770937557104,-0.4030026873552904,4
-1.455734228576108,-0.2508483791996512,0
0.2710388532517615,-0.0911638094913559,0
0.5326940428494872,0.6651428236498959,0
0.0185366426592844,1.10400924726898,0
0.2480957650612111,-0.35166010727672,0
0.978632942542123,-0.6238100100268811,0
-0.4758637178811536,-0.2626515764803677,0
-0.6075499166061664,-0.2205517389392,0
0.3660178814648602,1.0138726679941858,0
-0.2096458010354342,-0.093562805595985,0
0.7253743374967389,-0.4471781813987723,0
0.2971820975815247,-0.8468431829909331,0
-0.7381491199525854,-0.3849881318836679,0
-0.5132649702553517,-0.6138313455621209,0
-0.6383325568447449,0.4667548383324048,0
-0.9383433726880852,1.0858264572210317,0
-1.7170002088770553,-1.405056491641529,-1
0.0564933409881182,-1.8674676256958096,0
2.72517552965001,-0.2044293915808253,1
0.6403936513434558,0.5417390114190398,0
0.3208828829713573,1.1033770106032057,0
1.0967012831401626,1.4012693173312665,0
-0.3452859893119936,0.391470917874294,0
1.9150076973106755,-1.5399402425084767,8
0.9346274638542268,1.7132263500493068,0
0.0937724494379348,-1.3231551747583965,0
-1.0633117968963255,-1.5287154453295722,0
-0.9168852091300996,0.0666851702645792,0
-1.0456856444616218,0.7995768919530091,0
-1.3633018171414917,0.0932321727759499,0
0.1213979628755267,-0.761941810692239,0
-0.7342440145723192,-1.937784277648192,0
0.0271915372952993,-0.366546963231213,0
-1.0044162162813963,1.6015972728659231,0
0.5978578580192473,1.1951107040799398,0
-0.009871117827281,0.5367673116476391,0
-0.6733198639796232,0.7361296923116092,0
0.6126350468190049,0.9968784149233788,0
-0.7769519347189708,0.448174007679524,0
-0.5065547339933361,-0.488667399763142,0
-0.0328732339366196,0.6058491045645175,0
-0.2862775638449892,0.1778967839591139,0
2.2542185335431104,-0.9105039776824528,1
-0.5715559869730474,-0.0451026465954083,0
-0.1043790812691936,-2.4938726577514303,-1
0.1971516866391985,-1.803847543670176,0
0.4984355612060775,-2.069922401230697,0
-0.702211612745504,1.4624043865154617,0
-0.6051144965895878,-0.0896832172884362,0
-0.9852158753006574,1.067923511690473,0
-0.1548578310969972,-2.363712829637386,0
-1.3063156019079865,-1.0081492010209268,0
-1.04035878048637,1.7695934102607325,0
-0.1970667777470362,-0.2488472721238616,0
-0.4975117287873242,0.2921910810826076,0
0.669655790153592,-0.1300062134991627,0
-1.006631348935513,1.4435006264341474,0
-0.4984332111393221,-1.830531643127284,0
-0.7043994602414849,0.795073735879385,0
-0.43100084175794,1.8680015341495169,0
-1.5285218958496445,-0.381227411756293,0
-1.0603454065709024,0.4515946121551608,0
-1.0034449550509306,-1.135632752058457,0
-0.0324197357035667,1.1834797170908269,0
-1.8220479440272093,0.2968425680563566,0
0.6124830122437372,0.3568797656302436,0
-1.2104581151013076,-0.2894206501320265,0
0.1485788135013898,-0.6122956966128816,0
-0.8177496745607198,-0.1157050968432814,0
-0.6544373246523274,-0.0491621136075516,0
0.850101424692763,-0.7491625034301534,0
0.0513823309447264,1.3144211553130296,0
-0.133145327234958,1.3774754429496898,0
0.6090573875082845,1.3068898520402286,0
-1.0611388548339336,-0.6720922238312881,0
0.1210776299332332,1.132477662837876,0
-0.917948124238684,1.1259006346931164,0
-0.5083245802684335,1.928547972095519,0
-0.560373215027365,0.909444489873824,0
0.1904811894637658,0.7302159266113717,0
-0.0911228634775605,-0.1401690363580958,0
-0.6492435517639346,1.9372071722706683,0
-0.0563848511573518,0.6124896409909445,0
0.5275549144812663,1.1487083829899951,0
0.8580924619526684,0.2676913561292965,0
-0.6225687877619362,1.7063112492817762,0
-0.4900353238406053,-0.2264105136813754,0
-0.6309939602187892,0.6114241240401687,0
-0.7506799827009646,1.475654802530012,0
-0.3078645649069119,-0.4182180821306941,0
0.3006578592026476,1.3638121462880557,0
-0.1846935559352077,0.5905578852865463,0
2.7413614737529164,0.2763476483733179,1
2.896527546938009,0.0479513609036649,1
1.1145291192129074,-0.3224884299234845,0
-0.8014831777297814,-1.833812737178588,0
-0.0529203705339947,0.4937702329654586,0
0.0833968082262057,-0.8027742409067252,0
0.0635949724919659,0.3589142461751186,0
-0.6666766519623266,-1.2886997737656376,0
-1.3261051877333734,0.0015018680226284,0
1.843665165551135,-1.6702886182268146,-1
-0.8454886564176777,0.5032236228976,0
-0.4768239819171559,0.2717378745521623,0
-1.572057742328424,-0.4730731959663755,0
1.0789888176285352,-0.0882109250447713,0
-0.1963967761547616,0.3967895780416995,0
-0.7998748564584458,1.3034953215611302,0
-0.7184366723677021,0.4861446987844285,0
0.1838489746409327,0.5522048187967684,0
2.4327104146555705,0.2358045567538285,1
0.3927359347853644,-2.5648660007077826,-1
2.141283165588618,1.2455559620598071,-1
-0.7831515767226197,0.0128215284781398,0
0.4337092401089998,0.8163490723743441,0
3.2965055779343744,-0.9622777790255108,-1
1.1927672269481466,1.088053091457964,0
-1.6325553460109152,1.092472273823745,0
0.7640168558018378,1.456962923686042,0
-0.4707337643493532,-1.7881889406255758,0
-1.3295697981724244,0.288125291351919,0
-0.5954028425696621,2.045249934223341,0
0.1552215559390043,-0.1007506044936355,0
3.1300764397069543,0.1746480216567504,1
0.3298841671653263,0.0463875083189702,0
0.1943635173203979,-1.004076785419506,0
-1.0623974276715795,-0.0576274860021214,0
-0.0027390463091566,2.2716224293440783,0
2.8649313364375013,-0.6071806169014513,1
-0.9931719649117838,-1.131187672514121,0
0.0148919591038451,-0.7359727274903957,0
0.741255742869427,1.289976118165594,0
-0.908707059830454,0.3733763391682157,0
-1.622765874571401,-0.1459405750032187,0
-1.0151331900531877,-0.3069771572923017,0
-0.045440760699149,-1.3867445999457269,0
0.3141166938629863,0.1137819326630715,0
0.0007528492880303,1.4757650018104869,0
2.9722534361801545,0.8399377174533131,1
-0.2826809610458602,1.5242367637058951,0
0.1587615322925016,-0.4029660370146324,0
0.1162257389682929,0.2504056556462678,0
0.1824233319787358,0.883867493498812,0
0.8701251045874197,0.6739819025296402,0
-0.7615775789525346,-1.234866940393595,0
0.3418303724872679,-0.8172922158240501,0
2.885687879878446,-0.3428323020756164,1
0.4032567014647033,0.2236157881743567,0
0.1199027646797606,-0.4342350295925959,0
0.4482785212708427,0.3254034746567011,0
0.5574447400560664,-0.2876557821460453,0
-0.5151713963087373,-0.3505652791820864,0
-0.5658101028338393,0.1484272506872757,0
-0.0843181879969962,1.4578503018090032,0
-0.9935279988858406,-0.0503516273386941,0
-0.7023541327203632,-0.5040930008652529,0
-0.4701832214050011,1.6046623996219496,0
0.1891322654943761,0.3378487716212432,0
0.6273039039809972,1.1751160266531262,0
-0.688184928234068,1.4377994393057751,0
-0.3239985997980901,0.3964784030841912,0
1.0693591730706258,0.9492732373306796,0
-1.382964751407995,0.2190199894931908,0
-0.5814821680065434,-0.792735087943266,0
-1.2756360823216724,1.3657447932999685,0
0.7995525699679997,0.7016995164047746,0
-0.2217856821609778,-0.4960132410028759,0
-1.6116442367058523,-0.1492182803311102,0
0.0081337162894194,2.133624185324952,0
-1.34914827147177,0.2285764308093533,0
-1.0693319893508766,-2.0012072947459267,0
-1.1432755783894772,-2.041947602869409,0
-0.8701933289973064,-0.7173591969702441,0
0.2097419111416538,-0.8414737457667866,0
-0.6913527366374442,-2.3473339301612346,-1
-0.8231266012177418,-0.7579841772130582,0
-0.9557712619009764,0.5446501818909166,0
-0.5731720263468197,1.1469194840364425,0
0.1236766310829333,-1.6241538254333598,0
-0.8150732513672133,-0.2209051736298437,0
0.535884344973195,0.0995574481869348,0
0.0312936031510024,-0.8034097147198189,0
-0.8147177667565471,0.0229168665180134,0
0.1498010061281882,-0.5477817621696476,0
0.7606137247867166,-1.943745734833944,0
-0.8428226310232584,-0.1034144534974098,0
-1.1804286346757868,-0.7658447326328383,0
0.6899749193055624,-2.070180779835204,0
-1.3601009874030023,-0.1388192183823684,0
0.6532436184916536,-0.3961032105743821,0
-0.6795748296825285,-0.6765955314810054,0
-1.0729037584970116,-0.4990272875499746,0
-0.9206616810260227,-0.0857613692477522,0
1.6785952693084838,-0.8512741358191861,-1
-0.2141780382371655,-1.3774921856906188,0
-1.628921264274157,-0.8894825893484427,0
-0.795416207265295,-1.5388615604261868,0
-0.3074727000853977,-0.8533747142552377,0
-0.3909882882932032,-2.069108091255268,0
0.2983465650359101,0.2184315098310911,0
0.247433680011159,0.2705580722629779,0
3.628935319624849,-1.1331440212774142,-1
0.2668563644837198,2.376679606982895,-1
-0.904495229774916,0.0633223391660438,0
0.5266165447702198,0.0366576625928519,0
3.1540306079982616,1.5688581834714694,-1
-0.7319522132573809,-1.1240969727315746,0
-1.1479415858571522,-0.8169621147664571,0
-0.7174697147521444,1.7601440826538188,0
-0.5763909163750388,1.550556196027156,0
-0.0833274339147315,-0.9476863915750294,0
0.8374157920606717,-0.7029795383588995,0
1.9723827764971624,1.6059338280404214,-1
0.1212030585294495,0.7891482157082227,0
2.5025038570821576,0.219765621353322,1
-1.2550628168852425,0.8654009481843397,0
0.1446633103220365,0.4390624495431946,0
0.6462618092227393,0.3742322115422592,0
0.5181396671212333,0.9667958505053316,0
-0.12858272422285,-1.3185247847570865,0
-1.593376455055283,-1.8144906646978107,0
0.1298211534069199,1.15432474749991,0
0.1836631653475675,1.9335501771291297,0
-0.0661692655989734,-0.1644861659760305,0
-0.651137128513091,-0.6558427528878835,0
-1.1298146078160705,0.5867620770551959,0
-0.959810965134071,-0.8778824107737268,0
1.009955523906372,-1.7402020849825242,0
0.603134585108829,-0.9955381933013104,0
0.033514076606314,1.8715135871143436,0
-1.089167599803214,1.1818251999614138,0
-0.4688455284013916,-1.71196567086941,0
-0.5757120737816318,0.0855700279785148,0
2.7567027339803394,-0.8779113927013935,1
-0.1664901930366068,-1.8823425756032843,0
-0.3165806734067686,-1.1172031863008336,0
1.0931054337240182,2.050770090584317,0
-0.3125722933866297,-1.031080577157728,0
-0.4703270441262355,-1.0330176554353123,0
3.172669408840185,-0.1548263440596557,1
-0.4655380095355007,-0.6231990876978967,0
0.7093892621083958,2.2015261759526457,7
0.8142660191948734,-1.796722949902006,0
-0.7664728890516749,1.3988078134316777,0
-0.9074139588917256,-0.2665916532866154,0
2.6551773344416496,-0.4633965147115889,1
0.8596271154317152,-1.9330033200861447,0
2.740022273983337,-0.3987057871349863,1
0.8089152289372206,1.0807006243474984,0
0.7850546166657835,-0.6685908827951275,0
-1.0323222679629047,1.9377239294796815,0
-1.4183783216497758,0.7811507149187984,0
1.2841378220009598,-0.1579670627844659,0
-0.1211146609458583,0.3284590415468627,0
-0.4472453942319372,0.5600485148781366,0
0.1181457677088923,-0.8733356492725217,0
0.0417524025835146,-2.1803099935078447,0
-0.1369855387037653,-1.0751612737128609,0
0.1019856762020533,-2.3666253458037083,0
0.185062072215019,0.7864634213081028,0
-0.3180328478441168,1.7195342456053424,0
-0.266925737652373,1.6088797574000828,0
-1.111833853969379,1.3309397167896069,0
-0.930981449175105,0.0873342238718651,0
1.0706081014921696,1.829211252892897,0
-0.2743346431948827,-0.5355861749099132,0
0.0008995430621032,-0.4010630042987643,0
0.2509392580792682,-0.1740581209361592,0
-0.7265283045708296,2.661140273297365,0
0.9543325887124554,0.8889119582655584,0
-1.0608665284440502,0.4282491612529233,0
1.7960072110014629,-0.3323068971653544,-1
2.5846705213205734,1.0431318433632233,3
-0.7986052066426279,-0.302093517286678,0
-1.496170593642605,0.6212631265045027,0
-1.0154541465627716,-0.5763024520658235,0
-0.3532887271173613,-1.7980036089701514,0
-1.33417487557956,-0.8495632170711218,0
-0.6250498870616689,-0.8963327703516022,0
2.800345818949911,-0.7899057194847637,1
-0.2356734652046777,-1.5073089641577926,0
0.8184578868189298,0.0979042767519676,0
-0.0417201618658729,-0.8870127197013415,0
-0.8682583150394096,-0.8186765998780318,0
-1.757052501428375,-0.1271742823172703,0
-0.8112141706138978,0.3996801062694176,0
-0.1235948770469122,-0.4462482403904887,0
0.4995110600588028,-0.1285804606782116,0
-0.8801336620814069,0.7201416855439372,0
-0.1380654709870923,1.1626302098322292,0
-1.2465040837618482,-1.5924392523410422,0
0.8748432308662244,1.7882823971651216,0
3.3547525519505794,-0.1790044852789793,5
-0.7968305689297263,1.1221758515803315,0
0.3862674550832614,-0.9302577919442554,0
-0.3950324249568995,0.687492740177664,0
-0.0284502115713321,0.4383116478494332,0
-0.6724199306087845,-0.1398643356952263,0
-0.3805833057939783,-0.4316996086348602,0
-0.5300930870088137,-1.2974509444556983,0
-0.3768164783141576,1.2151496842688558,0
-1.660061321016876,-1.0042391074511676,0
3.204363682995065,-0.5455062820531008,1
0.4060448707835036,-0.5761549700763129,0
0.9096744653710154,-0.966735093833056,0
0.6079814190758769,1.901922469684236,0
-0.3374995750181682,0.9654147035986697,0
-0.6043431967030918,0.7395654399815837,0
0.3294416160947513,-1.354463189922176,0
-0.0146580406768622,-0.8623347043441227,0
-0.4582924195660245,-1.4481065419855104,0
0.8927588125779624,-0.2710087926234296,0
-1.0612375476354043,0.4866613044173483,0
2.4558465050504465,0.9783067339624812,3
-0.7938117942330851,-0.4151015047161119,0
-0.765274776694886,0.6106425139320103,0
-1.264651573597802,0.5331758678167349,0
-0.4132470688532662,0.83101846376302,0
0.514719099383673,-0.098582718878622,0
0.0287847991454374,-1.7400656601294175,0
0.4132282279460651,0.290428904485518,0
0.0849972629873045,-0.31294170004928,0
0.2234594695046621,-0.1306873357688044,0
-0.3134390014027616,-0.8517724714531051,0
0.1792158586926765,-2.072090438421804,0
0.005211498481181,-1.36659188017683,0
0.5877174096035689,1.4989709422883917,0
-0.3216802667080006,-1.294909049203324,0
-0.1825246519276354,-0.3984628809410085,0
0.3004317614593089,1.4105881738631747,0
0.3873461588241134,-0.3508290895389724,0
-0.0592524244454181,-0.4177915792925181,0
2.864636232523984,-1.889018568252017,-1
-0.5146575173785356,-0.8109505778584849,0
2.841062382496337,-0.1908867029761452,1
0.7618353680501244,-0.5545737150674256,0
-1.2982282733197663,0.8280846332599073,0
-0.969797397049022,-0.755402956222681,0
3.62764365124819,0.0101026235501601,5
-0.6034868864860471,0.058819334668513,0
0.3117344913843188,-0.3271167768958277,0
2.269457896080936,0.4559037476386746,3
0.0402430523371441,0.3325301114538376,0
-0.904826034720197,-2.03209904053921,0
-0.0046735109036627,1.0482817469285817,0
-1.267665291296551,0.0550645683192394,0
-1.551451381352981,-1.502198948080412,0
-0.3124967976564895,-1.214576601653239,0
-0.2226836336063569,-0.4413986459465815,0
-0.2374264241207264,-0.1007655961118799,0
-0.0155775967151943,-0.1501299925738297,0
0.1596758217335389,-0.1435945505603909,0
0.6126461237971766,0.0057543139047371,0
0.5192174876634068,-0.2817121847854126,0
2.6426515286911627,-0.6181422360918476,1
-1.6861049893464897,0.4206234754957999,0
-0.9948490085499956,-1.064894398983199,0
0.191536362297999,-0.8676926902495308,0
-1.338822692941811,0.0359329348956289,0
-0.7808356451056865,0.2995675791606451,0
0.925613046552726,1.0943165326758042,0
-1.0239046222523005,-1.983335006053672,0
0.5474557768522651,1.9808611906788256,0
1.0633311883097378,1.3177087236589728,0
0.4183620897169912,0.7784395433699536,0
0.0532120883372905,0.3955644304481537,0
-0.8944845877742621,0.6256181032540951,0
0.341080621581931,1.3521758791226566,0
0.3800035241433379,-2.3411423629725747,-1
0.0143857426642862,-0.94861074925484,0
0.5295004560539441,1.3809249643868502,0
-0.6201478035992646,-0.5099022164017457,0
0.5161207415595689,-0.0712081546503583,0
-0.1395398179728902,-1.1630938787819582,0
0.7053040836117414,1.6277169236285034,0
0.8597791500069829,-1.2930046707930098,0
0.57557622573165,0.4253378392049531,0
-0.0265470701897814,0.3252423467433918,0
0.0184481436373066,-0.5562980631970518,0
-0.3610261774561977,-0.0503686619859051,0
-1.0111590785027424,-0.5311593241311411,0
0.0211617004246455,0.6553639407438169,0
-0.3737853238929697,-0.6420691053696811,0
-1.69811363149494,-0.3447043098348509,0
0.1702983562867811,0.2921244872297139,0
-1.0451126077969382,-0.1582905127294367,0
0.4211834343585129,0.6616033509940852,0
-1.048372045906519,-0.7534151008883555,0
-1.2485521465914144,-1.4677338356456948,0
2.5464905963012394,-0.4531233172633812,1
0.2596307369457249,0.996905834614363,0
0.1559602298661695,-1.279094598421701,0
-1.4377015599378808,-0.4878835950499235,0
1.201893939738332,-0.3122658579559248,0
-1.2252223006092278,1.752614973986078,0
-0.8304462543552888,0.7536979539428095,0
-0.9375189350473866,0.3933284537097073,0
3.293878668059248,0.1398429451463888,1
-1.1652977335914203,1.144936908878403,0
0.2624578919681237,0.8605217394443877,0
-0.7442107496158769,1.8368873467663167,0
-0.5804176163162957,1.971826938324056,0
0.671801447057848,1.2358510122034216,0
2.49484881158112,-0.8849595295986181,1
-0.7765093836483958,1.84902470592067,0
-1.0911870747282688,1.468479280129008,0
-0.3460734973784538,-0.9196678362100666,0
-1.0208101978379107,0.9960109396545036,0
2.226926690174938,1.6302613427021293,-1
-0.4010221773971738,-0.2765258634131801,0
0.3491227404666792,-1.8197403427756167,0
3.1032327537706395,0.7762172991652558,1
-0.2472667116249949,-0.5304560623468012,0
-1.0263541943194836,0.0709297961576034,0
2.071687782364249,-0.2717878789103367,1
2.542714124405316,-0.6055698567757127,1
-0.0818537104962243,-0.7857070712644789,0
-1.0351165314658848,-1.7751727206718668,0
0.4945825746369413,1.82215972727226,0
1.0574526326313671,0.9837775239273058,0
-0.4642131658361201,-1.0835111666506696,0
-0.1852882713967444,-1.2823874469439305,0
0.1920081804521697,-0.7974554291632265,0
-1.0081713432157546,1.1273686472472026,0
-0.9629741119153372,-0.6536270242112616,0
-0.3518083601512841,1.551985034419333,0
1.6565614135610782,1.1629897086436305,-1
-1.2148570571965858,0.7307960405259594,0
0.3901669541022446,0.8569928034084435,0
-1.717888311886738,0.4756541883464972,0
0.6764863980139315,1.6672169409641018,0
-0.7799779023265725,0.1221001262203174,0
2.9772281502485605,0.0363149421621723,1
1.0461254886010598,-1.2837915822759047,0
0.1756408048747066,-0.4197136659518583,0
0.976284718801147,0.2344461111118392,0
-0.5813054537658902,-2.0043357782075275,0
-0.2157627543979822,1.1509399284627695,0
0.4702892597306257,0.4981136068202192,0
-0.5997064563190125,0.8451933890334743,0
0.5592153397141484,-0.7090304010048742,0
-0.7895213135912663,-0.8909442791839837,0
2.818908704513998,-1.1733401525008986,1
-0.0197127080779248,-0.5641058222638299,0
-0.8753174721482299,0.788630264380857,0
2.748759228113354,-0.0764651719249654,1
3.2059972332951765,-0.5844556481940629,1
-0.5784892459059691,-1.3174997876626655,0
0.6948599855932241,-0.505174206768794,0
-0.6839698135066954,0.97754867402961,0
-0.3389578436396958,-0.7105152728973725,0
-0.6620253459086466,0.996106147316734,0
-0.2990626426615362,-0.6130074757208271,0
0.1085302752015874,-2.02098481075911,0
-0.5058322682461351,-2.148901490505549,0
3.132564448114345,0.1084279678494539,1
3.316908069326722,-0.4384728519747901,1
-0.3245800523364013,0.0315283752076482,0
-1.467161288370553,-0.8191301519575637,0
-0.8673843640803316,-0.5142539560040188,0
0.4726438432158693,-1.704348502435892,0
0.7761396455487384,-0.4504134754174351,0
0.0605545189984717,-0.93462113444136,0
-0.9596121525488682,-0.4154244341445452,0
-0.2466572205455632,1.3211007143252729,0
-1.3157523240452784,-0.7003756320953964,0
-0.6063977490926195,2.3763808600981267,0
-0.2273789823615277,-1.3742025743157091,0
1.7964861422828855,0.3895651288033908,2
-1.6025466611835686,-0.3868278078939618,0
-0.7907481436682603,-0.0968236278527585,0
-0.2029185976306615,0.2326456092634547,0
0.9251295278530928,-0.1485413956954954,0
-1.1515229994193896,2.1796206458208798,0
0.237400470086273,0.570578199477977,0
-0.988457123304814,0.1333095873953539,0
-0.2710213139481147,0.5336325054674931,0
0.49534347672435,2.149970384933832,0
-1.6730906078984773,-0.1971615305465803,0
2.853003870584374,-1.4076483142179157,-1
-0.8488416505471285,0.263180380066588,0
-1.0938103601675726,0.0519326961342261,0
2.72224627291842,-0.8678773683381272,1
-0.2251580393265338,-1.2356538306780398,0
-0.7652461887903749,0.7725911774042573,0
-1.3238146891648104,0.1440065052626981,0
2.322685829523942,-1.1374135018067342,-1
-0.8910499978017913,-0.3262326359201856,0
-0.1896508332811745,-0.9411494285583452,0
2.0798471921950803,1.6990507114527844,-1
0.6747689361100522,0.5668448990415865,0
-0.7533032681402683,0.05910821853523,0
-0.9979581343783804,-0.5344489355060508,0
0.0407785358602986,-0.7854453039365595,0
-0.289801955585813,-1.2017424550091853,0
-0.3111802956268362,0.4906967404619199,0
0.2091506843715462,0.4558829950518596,0
0.1348548953941141,0.0211238815065268,0
0.014288901972581,-0.44333263865294,0
-0.6112178472649221,0.2943442782315633,0
-1.4607628337817016,0.0786803038730018,0
-1.393189111427441,-0.6164411803618349,0
-0.6692855015477235,-0.3581643704261337,0
-0.5445043933988178,-0.3539586155428323,0
3.170226326332964,0.3873284547304236,1
0.1519895328032536,-1.3730132121606595,0
0.3783512343744117,-0.6380455753721279,0
-0.9882841633156778,1.6082802206015792,0
-0.1926782334508454,-1.7705019623902951,0
-0.3960044395703497,1.4288820121022123,0
2.7685093586554603,0.786871654147278,1
-0.3293319533333035,0.9385718881976634,0
1.3883305496804443,-0.5079373494927327,-1
-0.7907947918625015,-0.0871869704926099,0
0.3518486769785648,-0.9280197721768424,0
-1.658652565713728,-0.3252297783404631,0
-0.5331190546164153,-1.6235248259149049,0
-0.4976565704516312,1.5155436695451223,0
0.8999849096956394,-1.4276095784513905,0
-0.6239769937016939,-0.2973561651522124,0
-0.4962673080002823,1.86285966711548,0
3.3320440274089806,-0.5430798662574875,1
3.1572650826391544,-0.5166332000085404,1
-1.134353963724862,0.927884312831833,0
0.2713890768449414,-1.152451951872676,0
-0.6528141721513029,-0.5895494793569612,0
-1.3256588824112812,-1.284218757206712,0
0.4318450046473392,0.3810885636878707,0
-0.1582067871716284,-0.7581120847425592,0
0.5700322292500773,-0.499743304291947,0
1.151148124538132,0.0226627676030855,0
2.9046379928138517,-0.3027887814418354,1
-0.5058009450331795,-0.8124915069840103,0
-0.8794884143584178,-0.2710249783600265,0
2.8390442103176574,0.7669500448679968,1
0.5590881387918748,1.499490936644724,0
-1.1732809785449887,-0.7128442864256951,0
1.0314340635148356,-0.5997133027026023,0
0.1927021324987597,0.8687646702490411,0
-0.684329755719878,0.0448367161753932,0
-0.7559556110637653,1.0169875292646942,0
-0.1718807223808426,-1.6641464174343066,0
-1.748977756584296,-1.2914978530174586,-1
0.3028962389600808,-0.8329691992103074,0
-1.3364808289451025,0.5218828018742997,0
-0.4513728431040251,-0.5269506352527069,0
-1.1565860826940797,1.155032095342183,0
-0.765773200828108,-0.4429228435770824,0
2.7699341181189787,-1.3727277582507929,-1
3.505874958051657,-0.1871744995121935,5
-0.990458408124445,0.0804743314267477,0
3.066645541238053,-0.7688984730362695,1
-1.2147829940285146,0.044021363657705,0
-0.949619700653638,0.4863606660797063,0
-0.6072717000516976,2.0719582162241137,0
-0.7219253630767625,-0.0799111118291825,0
0.0101246033099632,1.6850214416851106,0
-1.0513453453396,-0.0648610849324134,0
-0.4462220141903418,0.162104472692189,0
-0.4474969250236462,0.4625831290108198,0
-0.8467563243080358,1.287433028794867,0
-0.8540150473850435,0.4364411634247423,0
2.1607109070590718,1.3362888409857854,13
2.9275752706235245,-0.0227445808623644,1
0.2886648016668708,-1.083370310531891,0
-0.0850909204455613,0.1253229921662403,0
2.6300470723543943,-0.6070991830064066,1
0.3083725320178499,-0.565319366962544,0
-0.4940048479728399,0.5187575555600183,0
-0.2870397686787732,-0.8210965413790063,0
0.200176555520019,1.171542508435599,0
0.5391625225515903,-0.9694653851136308,0
1.1417908063701057,2.160488315062748,-1
0.8575571082452078,1.217762756215889,0
0.1029916195212094,-0.4292392988536238,0
0.7807173580140296,-0.0152074356633022,0
-0.8306970317640131,2.6520733210753247,-1
-0.1329127399316577,-0.1814105880466249,0
3.1901433968839266,1.7013713592335946,-1
-0.2047347523360118,0.2910270955895759,0
-0.1475887102209024,-1.0112829646588135,0
0.2444219442378701,-1.0289326601850586,0
-1.1701165290173476,-0.2659170053116125,0
-0.4329476860769931,0.964602285076114,0
-1.3660679623196426,-0.9213412557068584,0
1.25276661051701,1.789441102481867,-1
-1.0891104239941918,1.505722526905908,0
-0.2195542615431883,1.35568997511645,0
-1.356077492349872,0.8018232774679344,0
-1.213317062916344,1.0469280197129038,0
1.7305894635668373,1.0183933395073057,6
2.1818507696322085,0.0105671064318932,1
1.2602369954834496,0.2465749529425867,0
0.1718181043322388,-1.7192776181235203,0
0.4656197635715218,-1.447202978125952,0
0.2332770592690048,1.329223037072972,0
3.342150830922256,1.0064998878557525,-1
2.383236305400548,1.63216776414141,-1
-0.316328519047769,1.1440069678701197,0
0.401239078649414,-0.1432055493047853,0
-0.4184867365529156,0.8501265882447803,0
-0.9276500596386068,0.9849675834168758,0
-0.3221297268862337,-0.0268956740037951,0
2.453524813084622,-0.6685119021029312,1
-1.6956256230875493,-0.4109243636421474,0
-0.5351235443241731,-0.314446843736309,0
-0.9842366677762464,2.1898854775215746,0
-0.6703243363862984,1.553730327945305,0
3.624310279786232,-0.0661513030443092,5
0.3245513629935034,-0.7361770918908418,0
2.3930803471563333,-0.6247130930941549,1
0.466257218988174,-1.5974423062852674,0
-0.7786413580817295,0.8344087145525398,0
-0.6862960131070218,0.021460608434852,0
-0.4830182831196098,2.3532120507531644,0
-0.2151280342897744,-0.1737607197458366,0
-0.857384799057849,1.0391659091026737,0
2.965924537124872,-0.0539168447748522,1
-0.7094502936073219,-0.3815522326375998,0
-0.8588903950527024,0.8654346905938695,0
0.914476503253588,1.286886808865903,0
-1.2681143319270871,0.166323873499289,0
0.098612719641121,-0.4019873619785748,0
-0.7268234084843472,1.3793023219467997,0
0.1282739161837321,0.3544620187343291,0
0.4033274799609392,-0.3129621234199041,0
0.4198077745943778,-0.5461878851150269,0
-1.3942319843208355,-0.5501904697162348,0
0.8688711191679837,1.8094325427613611,0
-0.3118541312543365,1.3199147408936365,0
-0.753144744005039,-0.8130031355928306,0
-1.331611501257723,-0.9313752800701248,0
-0.1400597168833712,-1.726973134880857,0
-0.0561769435194369,0.9052029495520258,0
1.0270208895852446,1.3939202389442136,0
2.132410385063298,0.765206794370992,3
-0.8400428033741854,1.2624002093198523,0
-0.2958941550790754,1.679563793119094,0
-1.1137592235111733,-0.0621456336939898,0
1.1385846358304217,-0.1242869491813201,0
0.0841187246100162,-1.1383502463258477,0
0.0591978027227452,-0.4860609536868408,0
1.060655314479622,0.0982507151222509,0
-0.5981503280627071,-1.8451873885921612,0
-0.6719164494776698,-1.1016876339800723,0
-0.4521200627205117,-0.5035200585798253,0
-1.335063731972227,-0.9646932900829278,0
-1.227894969551217,-0.828756272697846,0
0.0949064768780433,0.233646272238117,0
-0.3747651308127566,0.9402475022995151,0
-0.090809099878937,-1.734194979340224,0
2.959327349734526,-0.2024688043613907,1
-0.4679533873368894,-1.7470323631315974,0
0.3895684843891907,1.6706187946484534,0
-0.2432302930637353,1.0422732955918357,0
0.3803103286023178,0.113316255662986,0
-0.6573789611084648,-0.3926686570227599,0
0.36799057837998,0.9047592604905452,0
-0.7487067364224542,0.041883309703087,0
-0.6459686588573744,1.018381104244096,0
-1.499926269940354,1.4716925862090662,0
0.3480358248717938,-0.401487639416773,0
-0.9115655380658084,-0.8266495491833467,0
0.9626081280671968,-0.6343330687559896,0
-1.2273115350874462,-1.2851856777718444,0
0.3128840534051153,0.9274504867884038,0
1.0174585348321423,-1.2754755833237192,0
-0.628050471652886,0.3014552498086404,0
-0.3370596294403435,1.0239000664867202,0
0.2809188056387129,-0.4906487808028289,0
0.7711954215265948,-1.5179379424777977,0
0.445424081090308,0.9710215740309772,0
-1.0924192456064576,-0.2542267239421529,0
0.8282109780475957,-0.4615298998025952,0
-0.9847968551367012,0.2914368906654334,0
-0.0848297452377499,-1.2716143753578275,0
2.8861387726187484,-1.107567024902402,1
0.4481192437526289,-0.7983259242150699,0
-1.112336316157421,-1.568269628445324,0
0.2791902667566618,-0.5998967217067028,0
1.2151702497771406,-0.3311474785225407,0
3.072602747502705,-0.6007560477703021,1
2.598385344375137,0.5794569333119152,1
0.4757700604228969,0.0750328685973278,0
0.4318156633598434,-1.7767008527842083,0
-0.4419823496132776,-1.981841616837568,0
0.0246645431843102,-0.963713572504611,0
0.7045340864716205,1.4696509340350312,0
-0.9030222597393938,-1.7705390935232377,0
0.1310036069471351,-1.4403887341373824,0
0.3848645899446986,-0.4170985509758581,0
-0.7739745972310702,1.6052639794494203,0
2.908307356034676,-0.3144061462398559,1
-1.5017985017279454,-1.4431394250558751,0
-0.4543825227479541,0.8405820529756362,0
-0.3809224524089865,-0.3615355672721816,0
0.6555450642226943,-1.076818659049149,0
-0.9705562430070708,1.583809806792126,0
2.8739807013877807,-1.1705281241730925,1
-0.6014343160219792,-0.7566166524974884,0
0.6863712775830814,-0.5797526708375049,0
-0.8411773801776844,1.0302568476466232,0
-0.1756532860376402,0.1969550460830053,0
-0.9478472488857902,-0.5884893704258589,0
-0.7495774824934057,-1.6244525723181282,0
-0.148046716088457,-0.8981830067144686,0
-0.5563396059784499,-2.1806903258637504,0
-1.572283840071763,-0.4262971683912564,0
3.062566252905984,-0.1505391552813097,1
-0.7206109171764692,-1.041661190390403,0
-0.2010199638836128,0.8103068786280682,0
-1.177396726871614,-0.6272227692715433,0
0.6646888683915226,-0.1673107739526699,0
-0.5927939929842654,1.1147145308838364,0
-0.29343288246643,0.7979196581928142,0
-0.9324877985529428,-2.0822377476367717,0
-0.956321521042026,1.684014152839716,0
0.4103806968731885,-1.732817069580881,0
2.616255450823316,-0.6311109161361348,1
-0.1406314508016797,-0.0979230625218634,0
0.8467738636116824,-0.8449643328187298,0
3.2496911343295034,1.1716533400844518,-1
0.68579188117413,1.7223207219623315,0
-0.475371183912517,-0.4012547890503772,0
0.7737504541787044,0.565835415591132,0
-0.7317274182604173,-1.8420556679832407,0
-0.9415833179458668,0.8223952006024603,0
1.0117536925258923,1.861404603150671,0
-0.2885231365133829,0.5113268917018273,0
-1.4271848313133615,0.454954206106377,0
0.8093317233921347,0.1735651408425722,0
-0.9301810120207072,-0.2461265407091517,0
2.7401444179077186,-0.591838468990646,1
-0.4919664295593763,1.888454892256056,0
-0.0572225517212759,-0.2030076598516647,0
3.026339112402274,-0.9308469849324232,1
0.8187398576249156,-0.2961570915552051,0
-0.0368136208009524,0.1883077519548738,0
0.1465962681505734,-2.329278374040973,0
0.7824303122834073,1.7758951767298676,0
-0.771122009160301,1.6131212977218807,0
-0.5894242413114598,0.5119897852059052,0
0.4002520788186665,-0.4242401793912389,0
0.1915812881981684,-0.3917579452667478,0
-0.6752082297432787,0.8278104378592482,0
0.4504000979050894,0.8385814664163841,0
2.3104323501633384,-0.1918178381027811,1
-0.5700887531145017,1.6289866771363382,0
-1.2845654892926242,-0.763159786656625,0
-0.6037929375620423,-0.3997985309672158,0
-1.2700974266412943,-0.2260007186055177,0
-0.568704282100957,-1.8651820660189748,0
-0.4823271405853644,-0.6434320235107794,0
-1.452378079590516,0.0069021136611719,0
-0.8216237405313328,-1.7587142787535446,0
-0.7993271230264383,0.0334824881324439,0
-1.041754686485289,-1.7657319103885587,0
-1.008130455370405,-0.2423405954958527,0
0.6571054345534136,1.3989433893741698,0
-0.994116694367098,-0.8990324047938733,0
0.1935357950078643,-0.1613820166341882,0
0.8731308259602375,-1.3274783005513326,0
-1.7173815460837882,-0.6363658752123421,0
0.6234271824856481,-0.4306380024332186,0
-0.1313798587786686,-0.5169133737421212,0
0.1063835993542586,0.4741906070580829,0
-1.3647853889956951,-1.894843232466333,0
-0.3867432829149443,-1.6962275253826389,0
0.1872101806244169,-1.205433344136347,0
-1.360105495037504,0.5519113520882862,0
-1.157423783258004,0.3395347944995742,0
2.998911992002188,0.1271516976500802,1
-0.8881311388692881,-0.1642226587713312,0
2.1538939816696536,-0.1096930791430248,1
-1.4008102282227737,0.957608987560858,0
-0.6553840360331012,1.0043725870632374,0
-0.3541210868800907,-0.0966742544103743,0
-0.4191165294789249,0.3273425959632525,0
-0.3470773845682501,-0.190030462483772,0
0.7246978963764883,-0.9603255163201512,0
-0.5697289648889277,-2.138420691509575,0
-0.2927091139728539,-0.1911317648730442,0
-0.9508628186943048,-0.413125252276618,0
1.9083032714295367,-1.6846520911015626,-1
-0.7379501775516886,-0.090434170558291,0
-0.5329376787536519,1.1742632398503088,0
2.379553389524495,1.1246398793011716,3
0.0922038672531822,-1.8012358174175882,0
-0.4525736907692584,-0.91324665580233,0
-1.2193444983138415,0.0907054207179131,0
0.5891681514788479,-1.8410451419905276,-1
2.8145741811706886,0.6545046146802175,1
0.3383106423685544,1.8124573012371257,0
0.2533435589024853,1.9408992555161828,0
-1.7313004483208498,0.3364272564343191,0
-0.8237028427705521,1.5617964656165897,0
0.0728347341538207,-1.0647927170263296,0
-0.1094628061544496,0.1787821190531084,0
0.1869113224593822,0.1993000279835738,0
0.6632164477193907,0.341892573413327,0
-0.9592812177878932,1.5120929302569035,0
-0.64820067887054,1.870956461625068,0
0.3805546164510806,-0.2729491080483334,0
-0.8378343642996241,-0.3878919791502916,0
0.7701252634750642,-0.9424532276278964,0
-0.4057329809493241,0.3046208644031836,0
0.1066655701602444,0.08012923875091,0
0.4079071243197047,0.6804849715607013,0
-0.4000273852600896,-0.8364185690713745,0
2.867740301354476,-0.4040753759352261,1
0.7847835930222755,-1.0977496002027916,0
0.992054174028947,-0.6543277461828032,0
1.046119128856792,0.0604144058414861,0
0.0151986837791166,0.5067694182719563,0
-0.3024895701433641,-0.3341800569873898,0
-1.0704403797230206,-0.0932684899768882,0
3.121945068417244,-0.3095838199108396,1
-1.20496089662967,0.8132011660288271,0
0.6381870643786605,1.5385557822424474,0
-0.5055468087487203,0.6273392142364017,0
0.8239414228196451,0.8492848585783671,0
0.6664400549815139,0.2913377485213625,0
-1.3398713762160823,0.1217315483353359,0
2.6922589330526385,0.2896406272731904,1
-0.6652764423484998,-1.764603861910117,0
-1.0277602143141873,0.5663817870961897,0
-1.6762401519925296,-0.83338138252287,0
1.202340245060424,-1.5979864831852648,0
-1.5304432273366193,0.0713312254859487,0
-0.5550458016887225,0.5548029228582636,0
0.4709921028103336,-1.3259098001587295,0
1.1765044843687256,0.1195894083227841,0
-0.6522046810718711,1.2620072973151129,0
0.7223080314071779,-0.7282009054382073,0
-0.3302742312834759,-2.187026835229124,0
1.7861105010711564,0.909946062655062,6
0.4108889694421071,1.146844372859943,0
-0.3932566885172166,-0.5375540616018948,0
-0.7838670035464687,-1.163712469523934,0
-1.0152910350093325,-0.92742790379133,0
0.0579787649520879,-0.5328676381002635,0
-0.9666875178376528,0.7099923333000029,0
0.5710050770302206,1.9664246496565452,0
-0.7187953118345095,0.2246154086067599,0
0.4894727133523159,0.9751118494575172,0
0.9020220253627278,-0.7290949094319009,0
-0.8522444477269613,0.0150665445659133,0
0.9369521566885836,-1.3223670903555993,0
1.0780881308747117,-1.2080576500377678,0
-0.714605630155507,-0.3798767701118413,0
-1.1913500273940636,0.2031696016969778,0
-1.0092994304592922,-0.6168847178472223,0
1.3635831371457,0.294664491029215,-1
-0.362564868990064,0.3046820265036976,0
-0.4447983534536047,0.6518212309406867,0
1.0480781433009898,-0.3999402359966088,0
-0.2165308994283371,0.3393985212225608,0
0.9780786453462538,-1.33009002680392,0
-0.1282628664400468,1.6001166806630036,0
2.3930894422090456,-0.7944577611622552,1
-0.6797903998110861,-0.2962855196012438,0
-0.041701971760449,-1.226502055837542,0
-0.6371435395406678,-0.1516657930991624,0
-0.3710244397323051,-0.93260585941605,0
-0.0254546839780073,1.255912283483129,0
-1.0697815793448036,-0.5652899042425928,0
-0.9545412769678416,-0.2317632194104972,0
0.0267628727152405,1.904342411185211,0
1.7948862368851777,-1.4249254973773386,-1
1.0305133345458224,-0.7265952739126618,0
1.411588783999702,0.04143214586026,-1
-1.1653672891249895,1.1409810152760025,0
-1.0554442063071767,-0.9899115715910096,0
-1.0801845057146686,0.4643250338133787,0
-0.7371029623873557,-0.6014356078032614,0
-0.9223796922932928,0.1385246741530165,0
-0.6261192917302147,1.6749926974981306,0
-1.5620867652104524,0.91839800566807,0
0.0525511020140195,-1.631533560658717,0
0.0039809641846554,0.7344796064478681,0
-0.4118780526367011,-1.1491996232068018,0
-0.0986673913957796,0.8777553171762297,0
-0.1752887063742619,0.2710324181627623,0
-0.4123302481233786,-1.0556475680565638,0
2.927484999275489,0.1821399991915489,1
0.2126965508896288,1.3458361326099646,0
-1.3693441579725778,-0.6736978553568337,0
-0.023408677277801,-1.535816553888598,0
0.5021828958340989,-0.7547664398673283,0
0.3638818689767066,-1.846387311099783,0
-0.057419512196713,-1.3189410541275828,0
-0.9734446118933116,-0.4493474127082316,0
-0.953929674147256,0.6305101090072311,0
-0.5795163801990817,1.7670155779937682,0
-0.584845979482778,-0.3774622603632463,0
1.1090450338488014,0.2507890735734003,0
-0.0928922401729758,-0.2593282226959281,0
0.3695746153617121,-0.1311107530357544,0
-0.3913820052244833,-0.980476041483988,0
-0.6536342319731937,-0.4198780310124869,0
0.2658680619065969,1.4244623092198938,0
2.318066600066202,-0.089968686367736,1
-0.8064487967454756,-1.1999346299555476,0
1.8703412322995083,-1.2300018735391591,-1
2.266058803120635,-1.0991609231554729,-1
-0.7796056601725515,-0.4768458221407688,0
-1.4965781970644012,-1.961844896381788,0
-0.0510274971358374,-0.2886410830528347,0
-0.3588123975804418,0.8161658049463366,0
-1.3457142308626897,0.601383776958357,0
3.24607230337013,-1.6808412912519677,-1
0.9029837219607992,-0.7602057080916877,0
0.168492525176618,-2.636458880462638,0
-0.1584282974967571,-0.190350154764886,0
1.1669736568481728,2.107102407899505,0
-0.2856505062274243,-0.473780543808649,0
2.70522468438095,0.5028717115415,1
-1.1230184780248271,1.029867997967111,0
-1.088504291790495,0.0190732152250547,0
-1.3324437312047583,0.6020500591858475,0
-1.2785329968972343,-1.8223258434555727,0
-0.1103627395252885,1.054776147059944,0
2.683232265842285,-0.1772317720620234,1
0.7464179885252702,-1.38056341780084,0
0.928476032422582,1.6036118505567123,0
-0.246117828783283,2.216673301964519,0
-1.5271235383455837,-0.2036560822540358,0
0.1247384474647366,-0.0340531192153285,0
-0.929519556117754,-0.7554031077987744,0
-1.6242494464256048,-2.134015980245501,-1
-0.9520986140083166,0.3828360518189026,0
-0.3643336165383803,0.0725812277157903,0
2.1582188605968606,-0.4431350929327564,1
-0.6927457533403104,-0.0080786042611055,0
-0.7389586521596949,0.1182173007654493,0
-0.4423480280034371,0.5933971817292432,0
-0.1211387412158677,-0.5242201923960389,0
0.5286146747337097,0.0717856685316467,0
0.7399469033304167,-1.0883205443904085,0
-0.59216432987395,1.8054025384691688,0
1.7726417381914128,-0.8778362815248943,-1
-0.7027848534297818,-0.9002270471252086,0
-0.8742890351087421,-1.6247024335990292,0
-0.0951636654374362,1.0866145416238289,0
-0.8810298412007285,-1.090435609919714,0
0.0178288783260784,-0.7455480711739367,0
-0.8519020164401184,-0.2052942620707587,0
1.9531108238534944,-0.5313717250629083,1
0.3050892232376623,-0.9693107314949604,0
0.8731866990228847,-1.6747636412833862,0
-1.4751196996711278,0.1716086396810713,0
-1.675954143131724,0.6182012368957958,0
0.0714662673006461,-0.4092327153797919,0
-0.8876840003805029,1.7576139418723693,0
2.601616614127903,-0.1441212120208925,1
-0.1483156836026051,1.3396816965542468,0
-0.9586737828378216,0.6966262862525981,0
-1.7499205096939587,0.39596436250596,0
0.7422301589560335,-1.429546656728975,0
-0.2959834074840379,-1.9765842703467695,0
-0.9493481276467391,-0.4091387018359139,0
-1.5029822580145358,0.4803913889048696,0
-0.0709763604794381,-0.4027194128810508,0
-0.979063894505622,-0.1471200741402165,0
0.5936205151316312,0.1492068177664674,0
-0.3041003429198416,-0.1137341245800737,0
-0.2448482587511734,-0.6006320097564982,0
-0.4052963200433345,0.5133029925652278,0
0.1531408671501074,-1.983637838996374,0
1.091029881716722,-0.635789326839151,0
-0.8857621195301377,-0.0196027806931564,0
-0.6857184688078364,-1.627137366718248,0
2.648995333180034,0.0864197552741106,1
-1.3100217648873558,0.8392009060689742,0
2.866307465781319,-1.9357639389888328,-1
-0.2962808330870032,-0.0685722458541059,0
-1.0020154041496083,0.5462525762691429,0
-0.3447465975497134,1.28704350551354,0
-0.5474783720109836,1.8271575010401988,0
2.6343343481080868,0.2789712806729237,1
0.6121120728360914,1.627008381667877,0
-1.6609494240265583,0.8764715725368583,0
-1.0844730044310278,0.1187883753307095,0
0.1384709910450423,1.6991571927936555,0
0.9685387227729892,0.8271676408409014,0
3.037660236452302,0.3124575664954896,1
0.8828530075949443,1.140988835265087,0
-0.6754343274866175,0.8745864654343672,0
0.7316193249482537,-0.6926450272340844,0
3.115139294209898,0.7417130125686294,1
2.6064355393695244,1.098828686865318,3
-0.6812271194514548,1.026501256119441,0
-1.0186445785021734,0.1571869387009422,0
-0.1171321335217861,1.427094307267012,0
-0.6041120419618607,-1.322599243387474,0
2.962091438783317,-1.854918796554962,-1
0.5350690023852084,0.622310783630159,0
-0.6509173905140199,0.6415872076543885,0
2.565314107709747,-0.9088370324802996,1
-1.4476645407299216,0.600216705894099,0
0.7261762072132056,-0.2773602936070464,0
2.9115413610958867,0.1364770284766272,1
0.6250093673576146,-0.8130325983127817,0
2.544314029803024,1.2089207694050166,3
-1.2794392900123408,0.3978741726686533,0
0.6060137791586494,-0.0043527786060615,0
2.608610253757974,0.0902600178436566,1
-0.4923680927846015,-0.8821050487281462,0
0.098027982430975,-0.6167406245811243,0
-0.2146218178502155,0.0388773020186079,0
-1.752367001108901,-1.0204664388798743,0
-0.1402500338112383,0.3451027939221591,0
-0.4826948751048837,-0.7352166456203478,0
-0.4531785202265798,1.2445853235550708,0
0.1928988889546027,-1.335800773798157,0
-0.973957188077138,0.6822205536447149,0
-0.3912889985680037,-0.0108993014886105,0
-0.2052486312662135,0.7514123942659747,0
3.060162705465751,-0.2696557787338197,1
-0.9089930686912592,-1.07820628025045,0
0.1542436511609687,-0.5515299026481891,0
-0.3866783147995852,-2.2132575341827927,0
0.1665036942854339,0.4791672838535828,0
-0.838294901456029,1.871245497067879,0
0.9834531705301192,1.2903225565358774,0
0.0804298685373921,-1.4584262130681742,0
-1.2761858718830397,-0.0312657939477249,0
-0.5973439507117383,-2.36610007127109,-1
-0.8449416021647546,0.7257728900960028,0
-1.2062040146703368,-0.0862847523274974,0
-0.4438289943648904,-0.0523128881599436,0
-0.3607967950410242,-0.2473414548350178,0
2.763885337759916,-2.0071682711393946,-1
0.2177108000250239,-0.1190580649237654,0
2.5464692513396745,-0.1313412311569921,1
-0.3812167231558109,1.5641837072502938,0
-0.7461848790930659,1.442722101897215,0
0.1836228768975938,0.5989808463718874,0
-0.3646396676143755,-0.3860366379199385,0
0.0119204319968215,-1.9126106020543987,0
-1.241415567438788,-0.4236092884199106,0
0.9477444963748212,0.5706153306109196,0
0.8284951347986353,1.643528137262807,0
-0.3984306347185223,0.9603648070795436,0
-0.0409461266709326,1.1166972576179692,0
0.1700391630044294,0.8676824218032408,0
-1.1006441729160386,-0.383377220181836,0
-0.1371173270442492,0.6123741615341834,0
0.4346058888080038,0.0905518096415018,0
0.5614935383418729,0.965132142450498,0
-0.2477638330118418,-0.912838752179346,0
0.2272528287596339,-0.988912800069221,0
0.2807998165704726,-0.2798088489173577,0
0.5541086332856643,-1.5383710287898056,0
0.8369084768943318,1.7336986105232244,0
-0.8282942377067652,0.775349191528003,0
-0.5703260020399125,-0.8215160478968221,0
0.0842429246637574,1.3355404924948726,0
0.4095783575770395,0.633739600823886,0
-0.7340871885592473,2.5436991123706134,0
-0.4606367350678748,1.4236975821828537,0
0.3231271528933758,0.0987642351839447,0
-1.03943484662923,0.53456214332359,0
-0.7381926132906856,-0.3576442244937078,0
-0.8150836491663006,-0.7223431732382913,0
-0.9147858606560968,-0.926291489565376,0
-1.0701738637140146,1.02662079790143,0
-0.773660284269056,-1.313420048855992,0
-0.0210797423690302,0.5947328317554507,0
-0.8885483069234784,-0.0412114553930279,0
-0.6581475256865164,-0.0474559942434892,0
0.3873993763620244,-0.6608592774471078,0
-1.1128195510537515,1.7210877543797012,0
0.1998925285846732,-1.101419543933608,0
0.8372526805072322,-0.3518540866333931,0
0.6640233744337499,-1.5036781945888855,0
-0.7533857471819668,-0.5769345371555045,0
0.0613297771560789,0.5285550376812895,0
0.0972741934708184,-0.292916517360256,0
-1.2690064729915895,0.2013905657614764,0
0.9848619258332676,1.969331885646582,0
-0.613670908023534,-0.8216929926062839,0
3.1955657190208004,0.2832106263896615,1
-1.0188901690973116,-0.1277303652642859,0
-0.5181221278175866,-0.5243271545291944,0
0.1616141203632706,-0.3951087187421719,0
-1.0286336159098748,-1.0626989421011075,0
-0.4965492788062682,2.2569210354226525,0
-0.4551279700383833,-1.0011792608714276,0
-1.6856573812780222,-0.1939144820569926,0
1.0022102812611988,0.8483601977463701,0
-0.2935492160099344,0.9715044372543672,0
2.7684150492526056,-0.8538877535246471,1
0.4640420863340571,-1.7555389527170435,0
0.2920325714142166,-0.8647156232592813,0
-0.961895408174485,-0.0741983218059787,0
-0.1724791920938964,-0.8505204261942964,0
0.0778093184065329,-1.7005114770136651,0
-0.4223055288562576,1.5641106391027613,0
-0.2672934721718923,1.5170951352905144,0
-0.6497323314810541,-0.6107609386298084,0
0.1752854500797342,-0.8314397214035202,0
-0.6178600403391459,-1.541858899210967,0
-0.4820919477893135,-0.8599527191539988,0
-0.6290393235933992,0.6738960373689236,0
-0.6741535264887278,1.7662763791948384,0
2.1290302355914053,0.8664935404404759,3
-1.1455458307232564,0.1430818444307009,0
0.2444108672596983,-0.0378085591664172,0
0.9084771063972112,1.817270958666443,0
-1.482006180594114,-1.2783291740501397,0
-0.1714998547537917,0.1035375243330003,0
0.35533147752304,-1.5541325316423331,0
-0.7288514290987234,0.51104298485921,0
0.424225739961773,1.3016633139638274,0
0.0477012671784391,0.153417852826055,0
3.16486493425663,-0.5571848089516355,1
-0.387057046513568,-0.1022015824005107,0
0.7140071888197604,0.4828986928370999,0
-1.1503919113073198,-0.7585380655550139,0
0.2357071384843885,-1.0567350966786504,0
-0.2394181943399488,-1.4800995901680656,0
-1.3043156198347303,-1.6264966127288685,0
0.9002663311382346,-0.4970128614352789,0
-1.256611906218196,0.7190136370654953,0
0.0940766484041642,-0.2110618914759312,0
-1.1818801299340504,0.578330598646249,0
0.0581294967809804,-0.5640516564836762,0
-0.775302176238895,0.8911147383529026,0
-1.5218427732011823,-0.5486609919094476,0
0.8596513997213187,2.2401747521798727,-1
3.212438427839144,-1.7098298527532894,-1
-1.1233934554872929,0.4543526262789065,0
-0.2377702081859303,0.8280330310252582,0
-0.3184759482780824,1.6433416326874803,0
2.008989198078245,-1.049472379414031,-1
-0.6484892932240958,-0.9229914931466928,0
0.5409384630108671,1.1259866514299262,0
0.6107083745308355,-1.0673896032367658,0
0.6875344422910916,-0.1856606456920286,0
-0.2058583819770331,-0.7643363517984898,0
-0.8796697160172812,0.4195898095016802,0
-0.2924861710856561,-0.2556150424779748,0
-0.5171455257859262,-0.7447305240511884,0
-0.6618877471872856,-0.7109771907244169,0
-0.743636410204818,1.5502026097604191,0
1.0861246433981766,-1.0399271308188187,0
-0.0447701299597756,-0.8540493622302407,0
-0.3322929528255462,0.0954679979383027,0
0.6574074475745892,0.0119172672840604,0
0.6118837891476987,-0.8253349961295784,0
-0.9916929006920818,1.547618303198816,0
0.4376884086573371,-1.423221750258434,0
0.5956472329996322,0.3462834871775092,0
-1.1853584228440237,0.5137127876410854,0
0.3572912453502223,-0.0186464204805964,0
0.0139148077087941,0.8090887273548825,0
0.8755942845179367,0.2899969698949624,0
2.4616996777124327,-0.2116239679253012,1
-1.4626252171335965,-1.0100556224602075,0
-1.5501425418139707,0.8760977144755906,0
-0.512535940744289,-0.2977725860988021,0
2.6802653261534712,-0.8328837442234721,1
3.495020385558506,-0.3886655916292678,-1
-1.337377008064424,-1.2886944935893514,0
1.128841942400843,0.9365852269816902,0
-0.2740363343932386,-0.61566146170655,0
0.0544491863976778,0.2707857940291808,0
-0.9123899757065068,-0.1341515456720225,0
-0.3576687257242308,0.8785644985514659,0
-1.0721174233612327,-0.0269752164459662,0
-0.1869776947595031,-0.8961527400709143,0
-0.2625548340982155,-0.8979436820534341,0
0.7334362330365887,1.244814239439626,0
0.5349396155178809,0.3317127159071825,0
1.1103167397939793,1.3122236554019715,0
0.2329455751446395,0.7263637579948076,0
-1.1565233005237745,-1.8611173188305452,0
0.084902404221059,-0.6290430223979208,0
-0.5987773856802721,-1.1935100608243985,0
-0.6472377593098018,1.2993118577686202,0
0.2887687554858282,-0.9370136562513504,0
-0.2831630471834242,0.7846574877073387,0
1.9989326612663347,0.3937092668578982,3
-0.2596177850602884,-1.07542304104078,0
-0.1916508153544303,-0.3228020168504039,0
-0.1531112319252161,-2.426050209565908,-1
-0.6127494256715361,1.3010297316036077,0
-0.4684139244932944,0.5121051130865731,0
-0.6897542638018052,-1.0361219563532484,0
-0.5522055933425004,0.8826016744728178,0
0.1833394735295389,0.4897635623063172,0
-1.02176026809442,-1.2886604480276351,0
-0.7760221106972457,0.4053113108214833,0
2.673372355670523,-0.7707115545334873,1
-0.835331999822035,0.681253481503489,0
0.677670154300522,-0.2563138729966426,0
-0.5544864474949609,-0.7543057161586364,0
-0.3844214611334257,-0.2173129046210312,0
-1.2538465144230295,-0.2622536874515284,0
0.6248346350424211,-0.4228113409990617,0
2.149261069740992,0.5865105019615191,3
-1.38335518366744,1.157455273990477,0
2.47884731841341,0.238042273369055,1
-0.4333934420356946,0.92566482498217,0
0.0707040624668622,-1.408226040717912,0
-1.377658133667527,-1.1384975767392649,0
-1.1911869158406243,-0.1479558500285285,0
0.0064916202999863,1.01766013421073,0
-0.4998007947938181,0.6529650962152811,0
-0.3208035804404781,0.1839749147199797,0
0.8350026002043367,0.6723065915799749,0
-0.435245847136199,1.4951209682768876,0
-1.6481891788630054,-1.1811441547259345,0
3.1968652594875047,-0.4892468813093518,1
-0.772037681131422,-0.5291493292821174,0
0.3942883829940531,0.9197273987639896,0
-0.7263270404804849,-0.2341557412204875,0
-0.4707506517084019,-0.7775169368128273,0
0.4718968276189767,1.6395809125601055,0
-0.7390379763452525,-0.5001182048954738,0
-0.194935352677093,2.090426804567553,0
-0.5039301458076573,1.5990618519081876,0
-0.2159394686386354,2.3625406187270306,0
-1.2794251379617363,-1.7872591511933855,0
-1.0625132118516931,-1.2087007922638526,0
-0.1073575675158612,0.3779740293022554,0
-1.2292847813659564,0.1485858150550807,0
-0.8440631435711746,0.3394649634993612,0
0.0492476212029482,-0.8746561561043913,0
-0.4386008973950097,-1.411945695230504,0
-1.8118035417925735,0.1393389841284456,0
-1.547279006580724,0.0607349470332144,0
-1.19309334189401,0.1153102163515061,0
-0.7645445186413482,-1.890518912555044,0
-1.1568715421914946,-1.6212086093997666,0
3.322353922370214,0.3207037344474623,1
-0.9571436369932766,-0.8133378194921889,0
0.054421901239542,0.7800197982334816,0
-1.2213685606571067,-0.143626401517047,0
-1.3567189858213438,-0.8935813820985886,0
0.3409473264754778,-0.951970191629963,0
-1.4560487455577162,-0.6526631892173552,0
-1.42855009327841,-0.2513990303942876,0
-0.2307955120442684,-0.593937155973824,0
2.5678125139162247,-0.4736190866791488,1
-0.7063240764002945,1.39782913839562,0
0.9843263681062128,-0.4010955525899416,0
0.3665582921702131,-1.9515873878863452,0
3.1317267475504207,-0.7070693329931552,1
-0.5805718368366173,-1.167291116341654,0
-0.3205098590570441,-0.4170862744792116,0
0.2056542811398574,1.9424709930561053,0
-0.8970857748690161,0.8831301861527558,0
0.618637178983826,1.6409555851721287,0
-1.380757615079809,-2.102454866653501,0
1.2106977140934736,-1.160530669192794,0
-1.864060763368504,0.3200842939727581,0
-0.6093374036232971,1.2114948837323771,0
0.6132639565463358,-0.3082743304911208,0
3.340804308426022,-1.364000770104397,-1
-0.1635563488868061,-0.697908696443428,0
-0.6683855681768845,-1.2341583984329692,0
0.08379531659529,1.950078450047665,0
-0.7685398953696496,-0.1328381867366066,0
0.0391839712637852,-0.0831092747149028,0
-0.6368484356271504,1.1301721582514033,0
3.2451710672529166,-1.47602993092168,-1
0.9539290233454788,0.1514479231051066,0
0.2831982272291043,0.6429799574558821,0
0.0554830940540544,0.206375736147876,0
0.4314037563231396,-0.3485794668767277,0
0.0762511340208675,-1.6771541200644098,0
-0.2841496274664751,-0.6531312123985941,0
0.8388343957995166,1.8021258756835368,0
-1.1815832536944757,-0.0050233405231307,0
3.394992709924624,-0.1712086322592195,5
-0.6034062595541143,1.348337508005984,0
-0.3262109971437625,1.412843076701706,0
-0.1716837619054054,-0.5482130231583884,0
-0.688271445330586,-1.043887304110798,0
-1.5579861319168185,-0.0217433981932789,0
1.2628231473289204,0.3462594562099376,0
-0.2311697361237492,0.8263882253378033,0
-1.7898450519596143,-1.8593328511426643,-1
-0.8336711643637874,0.1330701111582259,0
-1.3210920373247594,1.1859238411354664,0
-1.1329927398146338,-0.2114064383933409,0
0.4902354675494907,0.6494470894723535,0
-0.0725046542142172,0.4537692752169998,0
-0.6727182394104284,-0.0597890488985895,0
-1.2779564715411218,0.3901088249111039,0
0.9530115790483004,-0.1256308133789463,0
-0.6424046820175762,0.3571284327927918,0
3.535283321056185,-0.1993731723431539,5
-1.1216132114131083,-1.461424745971307,0
-0.6241764854659813,0.7327479588456949,0
0.4313030871760169,-0.6451328864312617,0
-1.040202991659585,-0.2769792639166188,0
-1.359169860634902,0.4895007524361388,0
-0.0602745017406383,0.6513351305699773,0
0.2582394183650161,-2.017433583632374,0
-0.685863859835534,0.9208733070675508,0
1.0642465764775564,-1.072235960533354,0
2.272244762653361,-1.015049678288543,1
-0.4306475430923275,-0.3872958310752007,0
-0.8195708862639626,1.9580650452767785,0
-0.6183953940466065,-0.5917874991243743,0
-0.6392110952220332,-0.3586537079441624,0
2.59408050766312,-0.0800658066812902,1
-0.2816887744015264,-0.3780212773053948,0
-0.7275583281599952,-0.1289250075956214,0
0.7461627535140296,-0.1710779683746835,0
1.2795648211897648,2.0365951653138628,-1
-0.4874901396241922,0.0312667594558222,0
-1.2226888169382772,0.8376715798382803,0
-0.9121170999532332,-0.358468245911095,0
-0.6635426924809479,1.029374749699948,0
-0.518363680357905,1.0363995292314157,0
1.247683151191842,-1.3947775172332035,0
-0.052027550290408,-1.0338585599238177,0
-1.052004145717817,0.407160329333291,0
2.558610984574984,-0.3823662133968378,1
-0.6925695884630477,0.1049787907979172,0
-0.4919814147766737,0.8660309902450538,0
-0.8454251208643878,-0.5170850382752967,0
3.3753629509808416,0.6375137503328229,12
-0.0181617666352056,-1.071193928791722,0
-0.0713364325083146,-1.167527355431463,0
2.7282950532774826,-0.2334368554495256,1
0.643036899214241,-0.2463956312423241,0
-0.7724561519319877,-1.077320793580362,0
2.5753559431076627,1.1577727304330938,3
0.3451318713728795,-0.7527901874278343,0
-1.3047397767802875,-0.0463378087830989,0
0.7530115514797932,1.2866558499523806,0
0.3033757196048941,-1.4357552585648463,0
-1.8383106866066303,-0.6716211150788232,0
-0.4191263779146215,-1.498753488968479,0
-0.7237603814868131,-0.4661645694934838,0
0.1943330773061211,-0.5125500312450164,0
-0.1209203059631717,0.1020271004696851,0
0.6498207290646453,1.7283681958848938,0
-1.0121167370459945,1.3455954622544843,0
2.450419595495363,1.87548156440386,-1
2.844159128600175,-0.4013907331111995,1
-0.2506247627523382,1.2448893506161254,0
-1.0088763722405163,0.4522726488535765,0
-0.5602855992040657,0.7418150626438286,0
-0.7075749867472979,1.3392705557839435,0
1.8070365158098085,-0.5210370623620002,4
-1.4469830426117785,-0.9020246149784604,0
2.929006050067322,-1.1580794384851378,1
0.1953150201389761,1.7838732546353755,0
-1.2750830878721784,1.4008421424004591,0
-1.3347855952014664,0.1161001922071768,0
-0.4048532196093689,0.5894956054830899,0
-1.6508843415253265,0.5882033435201128,0
-0.6562034166759076,-0.3185180652193771,0
0.4698129339419533,1.1186069162045695,0
2.251401776319799,-0.2726818829040301,1
3.120495345485037,-0.8306003791516975,1
-1.1784000646980195,-1.2222434808685327,0
-0.4217707245121878,1.938697324339453,0
-0.3143124029984492,-2.4808532006504023,-1
0.9686745491682924,0.9852761933196956,0
0.3001139598058657,1.1589701291194645,0
0.083235678598226,-1.27302822213176,0
-0.470098760437843,1.4193257223621432,0
0.4409094846306101,0.6722609431234268,0
2.9597218200487903,0.7047398988671613,1
0.7543526033591379,1.3082338678139482,0
-0.3390981776695012,-0.1778932549055123,0
-0.3744142336203004,0.6630836400448181,0
0.64451971768546,-0.2541609789998737,0
-1.4154621980257167,-0.2313006279816378,0
-0.507418287153327,-0.2916520440287075,0
-0.9116032210230314,-0.8188535445874936,0
-0.6455528435815449,1.6038077213662587,0
2.32857937041961,0.2189415999359349,1
-0.059874894644773,0.7548716508777994,0
0.1409654890123944,0.1208271355651633,0
0.0134962070925345,0.4288212783604424,0
-0.5460263273893293,-0.8416759155621725,0
0.2110940399991702,-1.81101982892386,0
0.1138403816334845,-0.2082003039424427,0
-0.4286553533254083,-0.1647159070384942,0
0.05626984873753,-0.478326262767595,0
0.6428439767936234,0.4833149622075963,0
-0.8043811112484164,-1.1608507304143525,0
-1.7363394513255304,0.1645179398985248,0
0.5978669530719591,1.0253660360118395,0
0.2627308975370916,0.4683010239015104,0
0.196955479546746,-0.9239401849462616,0
3.2980156815637294,-1.4792771309873611,-1
-0.5793019830012053,0.5476188831336539,0
0.0134812218752372,-0.593602623650559,0
-0.7788850965671018,-0.1039840070594247,0
-0.2426747673253911,-1.0686668735814986,0
0.9018816913329224,-0.1964728914400407,0
0.5360423197450338,0.5521041793821584,0
-1.033685548002493,0.4099912600284757,0
-1.2563163327249964,-0.5355229697804323,0
0.4764366531074508,-1.2379158814130249,0
-1.0477981260431564,0.1166542321252258,0
0.5731544881859937,0.6457105518886437,0
-0.9522143981884305,-0.7682372544428284,0
2.0656969311971936,1.4135096881453877,13
-1.43251893823156,-0.9987930617799826,0
-0.0685696581830647,-0.2658955393987294,0
-0.5865217203746147,0.3600136808442237,0
2.872698128063833,-0.1970261474136184,1
-0.8020781587514062,2.1501153271105444,0
0.8586881963572777,-1.7203959551600043,0
1.7550309048092947,0.968890106222838,6
2.2653845479454384,0.886811147295723,3
-0.1276248616600042,0.1252192671804042,0
1.3433204304197672,0.5628956313099183,-1
-1.2407398797015223,-1.906302706498363,0
0.1077565238099494,0.5075205231179043,0
-1.0195842509595954,-1.626046449372749,0
0.6129106578807233,1.9470230347335968,0
-1.001847784961667,-0.4956034459270181,0
3.151446987441641,-0.6768638380697067,1
0.3885053652610122,-0.5906645792461255,0
3.07464567355067,0.0782107184550804,1
0.984323083434378,-0.2508987873159481,0
-0.5503881358907748,1.495402855823244,0
-0.3310987987398684,-1.3266248164139942,0
0.2166029590162702,0.4642226545219885,0
0.6519343093729609,-0.2380253149338916,0
0.3128250254863271,1.2570285774906458,0
-0.5631446268028107,0.8664472596155501,0
-0.6245728078900117,0.4790146732638793,0
-0.9551110289606902,0.5759074199979551,0
-0.4088168035450326,1.1472117566265718,0
0.1323377497188216,1.2500533571648604,0
3.5786449845831614,-1.0419642161426357,-1
2.4936641720958503,-0.7893654533339006,1
0.2689453151586354,0.8822649475444925,0
-0.0874931651394185,0.677389036390278,0
-0.6903163533040113,-0.901474637385639,0
0.1288736886431612,0.2120186951708668,0
-1.2394123006936972,-1.1921534654018453,0
-0.2699049272500397,1.1052652032769228,0
-0.8072511360416247,1.1666220404492196,0
-0.1173049636952282,-0.215780341243018,0
-0.8189887545465668,0.8304529725262327,0
0.6804090143205372,1.2674935596904662,0
3.6191835311425584,0.0974728229536964,-1
-0.6810276276871674,-0.0036028678784659,0
-0.6665304277679359,-0.6291532216783958,0
-0.3633517534892335,1.1572880407229735,0
0.3339136024150277,0.7995780860713615,0
0.8813312034201268,0.4853675199419419,0
-0.868763778095984,0.9645261313573557,0
-1.278306145770911,0.1267388819691398,0
-1.0655351414044756,0.3108693140027793,0
2.854180168399916,0.6623430305852994,1
2.55386249806561,0.206576519015379,1
-1.476941664757355,0.2495380288012995,0
-0.843701768795923,1.7754555737263205,0
2.1189547552910857,0.6533237698487739,3
2.5398609869711564,0.7112309102751107,3
2.616084676779233,0.3930378560302147,1
0.3025837781078324,1.4322394114483683,0
-1.137654913247083,-0.4612758008876672,0
0.277510068262309,-0.551310698205592,0
0.5926102681975672,2.223050179610153,7
-0.4113594564725953,-1.256503034784451,0
-1.349767536782998,0.0393264228324682,0
-0.3928992219810907,-1.1151114544045788,0
-0.6085609169232149,-0.1425491300953462,0
-0.6902842767080709,2.43077609913573,0
-0.937280457579501,0.0266109927924946,0
-1.2133398404399784,0.8654314534465499,0
-0.2737836306708485,0.320890607141119,0
-1.6978544382125882,-0.9202622444083776,0
-1.3292987745289162,0.7172840087595829,0
-1.485508473990388,-0.9839097461249956,0
-0.4568517916865303,-0.757345314676552,0
2.3226443923152016,1.5569538262596057,-1
-0.1816052257049974,-0.9427635774074964,0
-0.9109507803890818,0.0533310292641926,0
-0.2214814831947484,0.6160800422795896,0
-0.1093711022443452,0.4771761913719379,0
-0.3604993694380586,-2.155353479327682,0
-0.0661998354289442,0.4949446035022634,0
-0.9991355309207032,0.0448758903373024,0
3.2118317462720567,1.101477544250848,-1
-1.6160009882094055,0.1724718352603678,0
-1.1562560311317835,1.254612722047605,0
-0.815295390839441,0.4597983687979048,0
-0.3968960312714614,0.1392906190411155,0
-1.5206810410552414,-0.6578476191367142,0
-0.8891291358944989,1.7575832850340656,0
0.924288752216736,0.2299705263052928,0
0.0853163673871229,0.6098590123709783,0
2.4070181928818037,0.058845192122815,1
-0.2200014000319736,-0.5661466255272506,0
-0.1291485179445875,0.1230733695039954,0
0.390626941895259,-0.0774865874864427,0
0.5069237198528297,-0.670685851838702,0
-0.299688267717032,0.5419485044196788,0
0.6160970517653055,-0.6321103437590073,0
0.144503483440432,0.6399911359947076,0
-0.862948288391221,-0.2176085659345736,0
0.4056238686940877,1.0217110838992678,0
-0.6700241754748887,0.8201796235019319,0
-0.0611777939872122,-1.8108769297761147,0
2.3097395710474298,-1.0189512545346964,1
-1.0888869317436032,0.1165811639776933,0
0.5178400555732141,0.3756884696254206,0
0.8744174373390043,-0.4553362895849681,0
-0.20842175629887,-0.682524288799487,0
1.328856875402939,-0.6649940072118437,-1
0.4824926764094593,-0.1197446189457867,0
0.464047427135252,0.761287702685343,0
-1.1745890647010144,-1.0953001959818658,0
-0.5442524430594123,-1.4132472996949952,0
0.6195111299429044,1.9453782290461417,0
-1.245106275621178,-0.0902098375155007,0
-0.4933460475946227,0.0467361412943138,0
0.4269476384188391,0.3477398968367639,0
0.1866260669815614,0.7435581615647402,0
0.0681705787959116,-0.4932826465701145,0
-0.7802125457592327,-0.9860372634597472,0
0.7654130273608448,-0.8645851521842758,0
-0.335986316532672,0.4661226016666306,0
0.019874335662894,-2.21261882322238,0
-0.0771084288749775,-0.0127365655294934,0
0.486868167381827,-2.1055821559967494,0
-1.087608866054158,-0.166190242311126,0
0.1639623441042464,-1.2533648398808923,0
-0.7865148388354638,-0.8965637292651244,0
0.2715541647440322,-0.0482704557950116,0
-0.8365685485190318,-0.5186259674008223,0
-1.7562167827899104,1.50970245147588,-1
2.5227978072373376,0.0762279917209478,1
0.0708691503659531,-0.3040445446402477,0
0.4749610775791777,-0.7464197840768388,0
-0.7374992848113863,-0.8551688933850767,0
-0.6183128352211996,1.255971729439569,0
-1.1384664273796523,0.8633090647119914,0
-0.764960933312554,0.2283330438230911,0
0.0087936654264033,-2.3673338877643344,0
-0.1256241262037637,1.5027126084722946,0
0.8316573983812228,-0.408663986995685,0
-1.7738169528128531,-1.999006557687549,-1
-0.7939202556865443,0.1292724114740019,0
-0.3987777776594615,-1.4490426541362458,0
-0.3629593393043287,-0.602526676724854,0
0.5126925113313657,-0.4635634035934687,0
0.5630385896200067,-0.734124534156496,0
0.1050884422861704,-1.5528648211634657,0
-1.217500384851079,0.307214210314114,0
2.898003122466282,-0.4435447364325208,1
2.527515180133158,-0.8053122666434026,1
-1.0836023381437845,0.573407784478716,0
0.2903646228287168,-0.9681670177964592,0
0.901114429501246,0.8199224390157778,0
2.616938381503527,-1.630073584635951,-1
-1.7506209513005104,0.2418542665148881,0
-0.4357918026623408,-1.3767444695680835,0
-0.7525409334907903,0.8901975285695456,0
-0.734119814518578,0.536106461172528,0
-1.3661648030113476,-0.4160631451049583,0
-1.1122015884888985,1.2391550946800385,0
-0.4929119921813836,-1.0869470658967375,0
-0.3126436212462563,0.8301554197598168,0
-0.7967000833356176,-1.2365422513432605,0
-1.2806252322439853,-0.1777144187431769,0
-1.6345365886153564,0.0466722640722019,0
0.6120281612323236,0.4876869736043998,0
-0.3675253512241574,0.1348879508060084,0
-0.4983453912964287,1.322337767965837,0
-0.6225624280176687,0.3621052611643853,0
0.0708573997885051,-0.0970447237482292,0
0.9825855793153088,-0.3583060754555266,0
-0.8207139587247975,-0.8086122218286483,0
0.345024163302405,1.7874244817621114,0
-0.1700769474000392,-1.402586470418334,0
-0.026626394375339,-0.2930931589175312,0
-0.3833714751127788,0.3680711496158094,0
-1.1827364401510951,1.2590767039593196,0
2.4589484379678708,-1.4154899672703167,-1
-0.7669935413451405,-1.160912195667053,0
-0.4828188711390307,0.1113914538820481,0
-1.0154151608591733,0.0870842110148709,0
0.4001117447888611,0.1083818386006213,0
0.5676813499843654,0.3957679696706915,0
0.297896975041983,1.6543489003344245,0
-0.2475286402157911,-1.1293594478225657,0
-0.2690908874084282,-0.0886707998428489,0
2.534591298804927,0.0651117189118811,1
-1.318720566480467,-2.0272102719333933,0
-0.9911965326882196,-0.065839759968471,0
0.0278861685209737,-0.1928889644460344,0
1.7616690598286988,0.95944929593953,6
-1.4464749740624538,-1.3428620108607523,0
0.6136563707312405,-2.0680890479389484,0
0.8735162012217905,-0.2505249292546804,0
-0.4684197348741714,0.5316530158806798,0
-1.1796604896454317,0.0456966746073705,0
-0.2022117164961341,0.2542661900103444,0
0.4444851620158707,1.1836289389571175,0
2.599005159049756,-0.555951144034484,1
0.5343190474602774,-0.5287199597462502,0
-0.2565150189761712,-0.261662516400537,0
0.6156662012401929,-0.8603403747151583,0
-1.1242511982664067,0.6318200792192343,0
-0.9512390989031452,-1.6598232916413702,0
1.2317018300550158,-1.4326444833522718,0
-1.497442299587783,-0.4401714553240688,0
-0.5775158487624353,-0.1759899190374574,0
0.3931688414398369,0.3303874509247482,0
3.1679085426062645,0.7540578216946547,1
0.4230468366534806,-2.110693366192483,0
0.9881814108047088,-1.626154260416519,0
-1.117074404867707,-0.4778888964246598,0
-0.5495167904244471,0.4574601643441615,0
-0.7524488100329894,0.0318375308688958,0
0.1374604603076759,-0.7592147565589836,0
-1.0214788466518243,-0.3580637310115237,0
1.1003075303553942,1.2532065436866635,0
1.1888573301300762,-1.2006355035031824,0
-0.614596144627049,-0.2578443933456889,0
0.4801650442470637,-1.5791113369132874,0
2.913824616721504,-0.2047490838619392,1
2.232742729243092,-0.8765314399130839,1
-1.0008593525688505,0.2887098365321783,0
-0.049202247377775,-0.5167672374470563,0
-0.0158464344136484,1.919830695391081,0
-1.058388164452762,1.8564318608370112,0
0.0413204533316209,0.2407761461825729,0
-0.0708678990259789,-0.9470933290711648,0
-1.0108998852203908,-1.106717258704668,0
0.8500040346376674,1.0807736924950306,0
-0.5138925772363072,1.362504067528926,0
-0.8456239334495906,-0.9795430149044784,0
0.3200453122231271,0.1199756944567918,0
0.6713692937863601,0.3364383135707231,0
-1.0181259823380675,0.0498835271232931,0
-0.2834562989871758,-1.1506558812899632,0
-0.5504557094988843,0.6700675292703027,0
-0.0061232338358689,0.5272651876877237,0
0.0670998713809904,1.4068601536030705,0
-0.0831817590837314,1.0365182458354962,0
-1.123167357743954,0.4075765987037874,0
-0.0129596520770854,-1.2504100639814342,0
3.031227383578062,-0.7277536500132161,1
-0.6443365411193319,0.4761530857303909,0
0.9092144775780012,-0.03225570293817,0
0.5758205135804129,0.0390724754936335,0
0.8937783585843326,0.8059020157879005,0
-0.1577141734192834,0.3150011755606398,0
2.632539118816605,1.1723247509121353,3
2.0557441441846462,-0.3174508496252584,1
0.5331254427379902,-0.4312852307172373,0
-0.5418825405215834,0.5593093160792069,0
-0.0867148263295705,-1.3301303950841818,0
-1.2397215566578192,-0.2888580928903719,0
0.1374260620222878,-0.901615517237124,0
-0.3982540502935631,-0.0833318678809127,0
0.9963363130010384,1.035414900417257,0
-0.0435466345866021,-0.1183527601104588,0
-1.62257821316827,-2.1807613509823165,-1
-0.3870562931305833,1.8936391705993207,0
0.3634264686019026,-0.3909220178023425,0
-0.5946381862307362,-0.3135107315855733,0
0.3469285332264306,-1.1428650052943032,0
-1.4289445635926743,-1.1586077336228395,0
1.084288526261345,1.2231355821634482,0
-0.2696983223585001,0.7267958441614566,0
-1.4124719314498788,-0.7188101748771193,0
-0.210268271234789,1.0791004245743323,0
3.058702035371067,0.0325477477401587,1
2.49572987566745,0.0710978791578358,1
-0.0504544604711537,-1.2465084877352806,0
-1.0915193122356188,-1.1302207519489884,0
0.2327862976264256,-0.3973656408769637,0
0.4119046869930599,1.4219236511148388,0
0.127390870171942,0.2197840429284163,0
-0.4753484063888828,-0.2197582227840233,0
0.773556229011712,0.6243633413645047,0
0.0047677188681309,0.0497776075323967,0
0.3254240112062064,-1.1029371156933765,0
-0.6758073230236233,-0.5223083392043785,0
-0.2682553727895578,-1.7722929043728146,0
-1.1765941037721626,1.5384358715200144,0
-1.3220162549852017,-2.111260203123716,0
0.3210323120538745,0.4010103245432453,0
-0.0273527683616657,-0.6464070712047683,0
0.5116995713040473,-0.5571461155820104,0
-0.1625153281031773,-0.1106839894422918,0
-0.10512828281114,-1.6490626481280075,0
-0.4351418933172416,1.641477622557428,0
1.7990267390810883,0.1262564995380342,2
1.052811175013384,0.5250676877766657,0
-0.5901365132791676,-0.6468369627663572,0
-1.6271843095184786,0.5425827841144198,0
-0.7980314165949596,0.7358798310307083,0
-1.6191791202079688,-0.6256966801881688,0
-1.1607824579526378,-0.0488645608411357,0
0.2032689238050489,1.4838650334673946,0
0.0171531905888124,0.7371453469045159,0
-0.4642319053049347,0.5806362548088151,0
-1.125875104150416,-0.823633308031188,0
0.5560081502313917,0.8672269782708351,0
-0.7322101037933574,0.1226436295184999,0
-0.193410547633743,-1.936363956579621,0
-1.0997239933104157,1.0681628363515077,0
-1.7485683808364425,-0.5735817206511136,0
-0.2165009587454651,-0.2070906358056579,0
-0.8853221739523132,0.0388825821948942,0
0.2723560344604991,0.1215474319967143,0
-0.0387486347588492,0.2896251548626616,0
2.3599254029067698,0.0681703713732687,1
-1.478894319457285,-0.6343133174779965,0
-1.127365585112278,-0.1428446398327952,0
0.5814975213651362,-1.2639156214531715,0
-0.3063154755739585,-0.2718307710118499,0
0.3842447752700798,0.7183095263705411,0
-0.6954591061080553,2.1007582301211416,0
-1.3022309727747226,0.8903181366264996,0
-0.0956453320273036,-0.809718804394207,0
2.4949507834746174,0.0827765576324637,1
0.0933683347075676,-0.7359611245955638,0
0.3663802751831845,-1.411169365298632,0
0.0174547840622915,0.5068732948338857,0
-0.1574639453739497,-0.2587161062485911,0
-0.2272424823669478,-0.4319697417102918,0
-0.9989172254837012,0.8390271985068317,0
0.8458480776447768,1.0435423517651492,0
-0.0961788336249984,-0.5131228219543509,0
-1.50726945398452,0.8060373980987481,0
0.3578078595888682,0.6954296008922958,0
-0.7615924843861236,-1.0455743695313882,0
0.1605062793545169,0.1881720007035821,0
-1.5461562601383814,-0.7118383432747465,0
-0.0456992005985162,1.1846540876276317,0
0.2706833686410951,-0.3349858496392133,0
0.1982544706500597,-0.371739607321991,0
-0.7347461929570585,-0.304778311686798,0
2.365117669029193,-1.9371418487481749,9
-0.6435060834983538,0.807919636994364,0
-0.3107026670917885,0.5413860987541176,0
0.0575578926783659,0.8970944005715125,0
-0.1778793658542347,0.8620784853660659,0
-0.6730788608026954,0.500061093874283,0
3.4743541134655964,-0.8578984865090161,-1
-0.1638221115128278,0.1780427686780853,0
-0.7539296465787486,-0.7817765543240958,0
-0.2483206614965613,0.5269187493174403,0
3.634043328799709,0.3673792741840648,-1
-0.9050553373516624,-0.6234097748168883,0
-0.5502691468225345,1.284562923937773,0
-0.2003929062660477,0.158629550860305,0
-0.6245481782566118,0.0070358218834968,0
1.9292047363184972,-1.4319398918650332,8
-0.5408897303099589,0.8207960433715534,0
-0.06499385098211,0.0775684411311568,0
-0.3341435058162847,0.0114487235862839,0
1.0439189016362649,-0.2869748114524968,0
-0.7340457513505069,-0.150668215695726,0
-0.7857162537908318,-0.576549076199405,0
2.544790775139393,-0.5683266099988129,1
-0.0837933619043167,0.1742449174177681,0
-0.2457046190002038,1.459734583733586,0
0.9969834128337932,-0.6092271811334428,0
-0.5287283744071563,0.7335603773682504,0
-1.203190296971588,0.3918265471699978,0
-0.6610183038627092,0.2841760236202505,0
0.7034877248867968,-1.6344004283684914,0
0.5593142365352135,1.452714909069605,0
-1.644752402945481,0.3661245114723601,0
-1.3984243215245744,0.0915568618262845,0
-1.6339491958804742,0.2241703738508332,0
0.7987454392340465,-0.7732285539161287,0
-0.659916353018541,-1.4912732659046055,0
-0.0259518053648542,0.8735295936505844,0
-0.8742018388331394,-0.635577790809545,0
-0.5673701393292705,0.8252600252832681,0
-1.049618239019618,-0.4588917964012824,0
0.1352226299136333,0.1129085036160953,0
0.0003025059111186,0.9158416393139888,0
0.5195497251707567,2.316987847292584,7
0.4274433272436169,0.2268439342965658,0
-0.1150684860795464,-0.3794657809176311,0
0.3088547479711078,0.0063558937322077,0
-0.3587416190842057,0.2795878933520758,0
2.0072607890118883,-1.3266243356217098,-1
-0.7088289721667339,2.4747211960156648,0
-0.0692017227665365,1.0215499559859589,0
-0.8627181525930625,1.581259394216146,0
-0.5875152097653238,1.591089054178966,0
-0.9463240121489034,0.5704105972700291,0
-0.912774597585075,0.7847358360311573,0
0.2222209388822055,-0.5091873517225745,0
0.3049819847468699,-0.9654706205015076,0
3.054566873976351,0.9981924062271722,1
2.5100490585996527,-0.0140344520543805,1
0.1066772707057069,1.2527499060359053,0
2.4964168444024817,0.9177791983838576,3
0.5958907674654104,-2.035822629533642,0
0.0971540314718968,-0.9211632684551374,0
-1.378632000390743,0.2563671128320199,0
-1.1369706798204957,-0.7890558017109359,0
-1.010220708791696,0.5808913962660022,0
2.689136124753332,0.4688448564158842,1
-0.983698862563644,-2.117939913712052,0
2.9150494648730376,-0.1774903022426232,1
-0.6441793197304778,-1.0671409360742177,0
0.7264920269411892,0.7956371840872054,0
-0.6784356654608192,0.0765337325947781,0
0.241802696853386,-0.599835256454002,0
0.3943045169701172,-2.0867853580485907,0
-0.1946923675747055,1.0329787731796856,0
-0.1622320545508162,0.1664373099270832,0
0.1322525353686787,-0.5604507185751648,0
-0.7465675190461742,1.5402300506498536,0
-0.5760194276040024,-1.0442305053337615,0
-0.5445856995098352,-0.1509146882532144,0
-0.988823555077958,0.7127076329623332,0
0.0060290270142215,0.6097741897525208,0
-0.3414035816716532,-0.1311053212833749,0
2.1601343817029584,-0.8761458273808912,1
-0.3586935383278953,0.7732298883646703,0
0.0748536597154851,-0.0267887118706395,0
0.1767766844245809,0.4836123633979188,0
0.726425756079455,0.6414845252108115,0
-0.8770486165230315,-0.6629830118761123,0
0.6669930494310079,0.3264350976218538,0
3.223227482853546,0.333349333487223,1
0.4209773788303639,-0.2845853752137327,0
-0.9604567622204506,1.4379423384535206,0
2.7534480131046637,-1.1199540937615629,1
-0.8119055969514457,-1.1358911306629635,0
0.0567416668917007,-0.4080890016812907,0
-1.4774296910914897,-0.3025893290993456,0
-0.6320544738542171,-0.3074939145013148,0
-0.7651988614170493,-0.7296075805829803,0
0.7341171817913411,1.0672310038903503,0
0.4117803571236246,-0.8840630724020762,0
-0.6697727744988737,1.085549024673053,0
-0.9988158771574944,-0.3569814825657232,0
-0.5032772355940255,-0.065128132436619,0
-0.4218683185868775,0.4481346819415213,0
-1.0076509747255913,-0.8451266548503916,0
-1.238373261835528,0.2164506745498319,0
-1.4567433767833906,-0.8263211880025337,0
0.2696606677785843,-1.4296039080803546,0
-0.1463565393427135,0.7114230394123475,0
0.6014600671796593,-0.7985960572905015,0
2.7769232501145478,-0.447615957915589,1
-1.3824715882922594,-0.032524835526894,0
0.8765807349852937,1.8956896853047,0
0.2580732317391439,-0.4722989090634702,0
-0.3361143506216388,-0.5329132865568116,0
0.5165015294029115,0.4847593142437393,0
-0.685697673209662,-0.624261367501353,0
-0.941680232841472,-2.1607295424225605,0
-1.4671949332729566,1.0343098403641278,0
3.2851052539346743,-0.7151354706644399,1
0.3730224682574084,0.4250338121438984,0
-0.6256370757769569,2.2466679581928823,0
-0.9042307698952696,-1.4838117936320174,0
0.0619215532895772,-2.093459788460641,0
-0.2441399450545769,-0.0757327766368654,0
0.1745621011338547,-0.9991423683571412,0
1.879988048019769,1.254057271468967,-1
-0.5282612734868899,0.450715751355805,0
0.211200729126572,-0.4902018545940288,0
0.0909402374176436,0.8286175762055173,0
0.3360883168034771,-0.2089905829503,0
-1.2599883014385715,-1.8662709403355076,0
-0.6755096934010638,0.8901784746260736,0
0.6161874028970491,0.374721549060288,0
-0.5548911115887187,1.1575464193274805,0
-0.5317388872177784,-1.1064641602764471,0
-0.5016332874948266,0.3973605010308663,0
-1.14086669014805,0.5939956759854879,0
-1.279490655440486,0.0544289429300523,0
-1.3852552499765585,0.076515352253121,0
0.0653401391016778,-0.2067017861261459,0
0.3916782306622811,1.1790801344269457,0
3.2601284589847563,0.2844391627066203,1
-1.023551589146776,1.6182410252412196,0
-0.790493877568107,1.1751030780638487,0
0.1252947265860656,-0.1491525353888308,0
-1.294839028795162,0.5570532191223232,0
1.878848130415075,-1.4949127456066489,8
1.0572465771032182,0.0375887977194878,0
0.598107956248887,0.7892974375745136,0
-0.2595301692369891,-1.243052468270775,0
-0.1793803744308779,1.2093331692598157,0
-0.0465389572918002,-2.297866633891357,0
-0.5982957190904047,0.7028232851936377,0
-0.8399557369142766,2.4194288674131417,0
-0.5000133398819286,1.2188863734286588,0
-1.1391254317774635,-1.98516835934542,0
0.6401966908680188,-0.5741943828568782,0
2.2673208646497103,1.456676412064483,-1
-0.1451643671824955,0.1107096580105914,0
-0.191304425796476,0.0907646913655537,0
2.737821497399419,0.578563080894315,1
3.0367109195787774,0.0236269318131832,1
2.517621075695602,1.7793060285301092,-1
0.0196976214222408,-1.0010181329581185,0
-1.312284978297783,0.1874622646246037,0
-0.6505587510472125,0.9031164978320572,0
0.6444034639256642,1.1311402729348885,0
2.784424408930552,0.6705859613899526,1
2.193644261199798,-0.0005491663771735,1
-0.3119983735232673,-0.1610112441441466,0
-1.0210499780521718,0.6915457328951684,0
-0.4658160721023608,1.7844102836389193,0
-0.7495384967898073,-0.9610659092374336,0
-1.2337339901625988,-1.8239588946721028,0
-0.8737034146999173,0.4179875666995475,0
-1.0686873410232638,-0.2880953851495922,0
0.1171919432008661,-0.4714357134841737,0
0.5531509747424125,0.3383837575958199,0
-0.6160977025670827,1.414068375871345,0
-0.2845621580704698,-1.3887545947947504,0
-0.6648766312330403,1.6594314967208212,0
1.0322852369502795,-0.4767872250949431,0
-0.5004150031071539,-1.5516735675555426,0
0.2829104460422414,1.0565892285571616,0
-1.1654778067078089,-0.9816684892102632,0
-0.8365379044851606,2.3103461167478043,0
-0.2678686947816299,-0.0241568653996147,0
0.4855759496417772,0.362322574154109,0
2.613055504283505,1.4288772127182106,3
-1.5245750694573357,-0.0961755743908317,0
-6.017161050832928e-05,-1.1913316385895183,0
-0.3369270877168751,1.332205384239508,0
-0.3701959640367867,0.220540124798464,0
-0.7883244241971442,-1.13857577348699,0
0.6386697499116005,-0.4261435152592936,0
-0.7064515611258705,-0.9258648351511062,0
-0.7956005839965912,0.3457624502789176,0
0.4368066653919222,-0.8867170583877991,0
-0.1180463729308378,-0.2118976673642433,0
0.3457244008893624,-1.3789642605699328,0
0.3087611919512377,0.3614372390601144,0
-0.8247067299603484,2.2914338393428846,0
-1.1657988930330867,-1.0830897686799803,0
-1.525936293367564,1.043115176834342,0
-1.374897798870253,-0.1043762454623495,0
3.167618026110957,-0.0067942272533566,1
-0.6328523055158645,1.3683321854327977,0
-0.715916321804283,-2.1046980150211074,0
0.0948875333896347,-1.4227051446255146,0
0.4074028100218971,-1.5652489560274934,0
-0.5761915544264454,0.6883560873330538,0
0.1189964715646541,1.7859649865316305,0
1.1973636788822524,-0.1408882902473877,0
-0.5597925158720385,-0.721446235249465,0
-0.3173226320057689,0.2113375729012251,0
-1.0512478310486186,0.2139850845923092,0
0.0207313992629234,-0.8975241755356183,0
-0.1740814191810526,0.5248389234682036,0
0.9646647365860844,0.3958749318038471,0
-0.6624647421230806,-0.387037300894601,0
3.261133648920928,0.2259844566568732,1
0.8874353074784458,2.0971807774217743,0
0.1966716566309944,0.1235966010076472,0
-0.4876395687067095,0.7336334455157828,0
0.1198949723734238,0.4066923061520521,0
3.187137471491515,0.3823327239914514,1
-0.1588888346531619,2.0687873214532844,0
0.5793313526660083,0.8995664648236739,0
-0.8402093238353454,-0.3450599391305549,0
3.5911988288747687,0.5993882540331544,12
-0.1417645950431096,0.17321222817765,0
2.0438285086926755,-0.1132018949605318,1
-1.3007625103737015,-0.2528127255921268,0
-0.9094970991857644,1.2082751033576804,0
-0.4568406405044585,1.7399334379317273,0
-0.5691161891376609,-0.4370606801114944,0
-0.045408888122803,-1.374992701747473,0
-0.0250778544057761,1.1779522375245972,0
-1.0797635036252526,-1.1335410201622018,0
0.2159324580925906,-0.2363765984973022,0
-0.354046270329035,1.2123918217212033,0
0.671801447057848,1.2358510122034216,0
-1.7751372090940236,-1.017708576332222,0
-0.3257075160126481,0.4510197784168597,0
3.30550323769252,0.4994000268569352,1
-0.3658091920666533,0.5640773250519762,0
3.4182509442438813,0.3781608630937731,-1
2.430734982432006,-0.8295433557918214,1
-0.6415437843823213,0.1973682298822756,0
0.9121015437178666,1.3297188488856395,0
-0.8066604586349075,1.1939233849538575,0
0.1143120699719611,0.0299409724476662,0
-0.984383645353622,-0.4655018275654992,0
-1.0903040287164787,1.6031572559349208,0
-1.1133179751869735,0.6675223968706087,0
0.6575191936998834,-0.6826534141800468,0
-0.8742064262513496,-1.1565636932120995,0
-0.8451990231210489,-0.5638610658504158,0
-1.013294886971302,-0.0709204649019939,0
0.8450280178228862,1.2132138001096238,0
0.1345584887342215,-1.9318967375205864,0
0.7747492843706083,1.851586697658776,0
0.8642420412745471,1.0307812732686277,0
-0.6459038205577093,0.6692551107477471,0
-0.9580590251610952,1.5766068647001377,0
-1.2829896641649252,0.1986516055812028,0
1.2791423123343793,-0.3572202867102201,0
0.7522706916075741,-0.0341195614921289,0
-0.4408061816134298,0.2560537432694515,0
-0.7539711635711974,0.7008743008690349,0
0.423916483997651,2.204958686475301,7
1.6474911231969305,0.8913652320021812,6
-0.997122415739916,1.1024277982870994,0
-0.3680724054770805,-0.0876613163923943,0
-0.9306324541244002,1.843266267440918,0
2.642225185800552,-1.5371028375186533,-1
-1.179514265451041,0.7052432266946124,0
0.0350305399799368,0.0103082470351021,0
0.6082853342388038,-1.5181995582296235,0
-1.4634991680926743,-1.3144782663342207,0
-0.6181602012505557,-0.8083081947675937,0
-0.2692461268718225,0.6332437890112185,0
3.1716259865834,1.2360824519092284,-1
1.09740152072712,-1.7651194250007776,0
0.8504536246315946,-0.3551436980083028,0
-1.4228698008218512,-1.704583892615086,0
0.3752121678631552,0.4388890451332388,0
-0.1709663531560969,-0.1930584581068558,0
0.7030277370937826,-0.699921037473605,0
0.370665698827111,0.1283765160274349,0
0.3678949662307499,-1.4071828148579275,0
0.6836657171216735,0.6881568278000945,0
-0.0567943567208993,0.0624775239284042,0
1.147711348620607,-1.524605898595209,0
-0.8543647216148328,0.1730712204827782,0
0.9436188996124992,-1.1698592371666603,0
0.5171863121928892,-1.1676787719028137,0
-0.9577712439742322,1.162997593598858,0
-0.451393688734185,-0.1502061462925882,0
0.1341211486491474,-0.6480167650555415,0
-0.5567787981732898,-0.2433349357519696,0
-0.7489042462612818,0.2506080007504531,0
-1.6629688989516134,1.1631256527044525,0
-0.5756335029790591,-1.291935219360394,0
0.1633614729180363,1.5383946543291382,0
0.8375945624306849,0.7524431920532191,0
-0.4326650360919227,-0.9220211838581476,0
-1.47478110241951,1.4261026836416768,0
-1.10004036240179,1.31982344398054,0
0.3626264509952016,-1.2142153232408048,0
0.7034027145562481,-0.1244056657854006,0
0.4302524219762856,0.2620451599589864,0
-0.9023313827652364,1.089690228732428,0
2.8608469113238315,0.8148508837742383,1
-1.2050167696923173,1.1604865067608805,0
-1.098584279725316,0.4966340151040073,0
-0.5857218325836074,1.3512110015864909,0
-0.3021957689762219,0.2764752266866279,0
-1.0233022443001212,-0.7834129942640384,0
-1.38830665063253,-0.3937999426485212,0
-1.538415321108116,0.7108287827901301,0
-1.2032833036280677,-0.5777501928253792,0
0.1757546071293607,1.552739073260414,0
-0.6517563938243192,-0.8450927608647685,0
0.1236948211883573,-1.9636431615695604,0
-0.7908448545442714,0.2405504674453367,0
0.8278010529363513,0.1452120531543442,0
0.0044539552695073,1.643803550514525,0
0.1355091083541211,-0.971883435161732,0
-0.4401958815392196,0.447144404010632,0
0.6047883816437245,1.2930465250979066,0
-0.3159828828727993,-0.4382670769137549,0
2.261647611116504,0.0730931855408017,1
-1.0589828799142986,-0.0165134713934651,0
-0.0936771427466855,-0.2281016414271931,0
0.086091421525136,-1.2474636538294883,0
1.2217869300192858,0.149097812604345,0
0.9164264226450738,0.996276835095908,0
-0.4247494945621576,0.2783287001968136,0
-0.1248372417045942,0.6501065942530188,0
-0.0148003566321273,0.4916667465982786,0
-0.6746274007722584,-0.9709843025678456,0
-1.518352859529455,-0.5231389864924977,0
0.3153161887498587,1.2085157737131609,0
-0.2659771741618333,-0.0981303609174424,0
0.7913749700317445,-0.929649737822146,0
-0.3087476109187021,-0.552896057936607,0
0.0386499203027,1.5381447930482373,0
-0.2217049754453367,2.005221405207804,0
-0.7539561783539,1.7232982028800368,0
0.6691215351729125,-1.8292509840591384,0
-1.4967911617002083,-0.2391695491489301,0
0.0137646252432922,-0.4843853395849888,0
0.0446356346881546,0.6565194089132429,0
0.5034882466816802,-1.5467718503604486,0
-1.0600497532939943,0.4087744781824422,0
0.1593165828713553,2.2991547327622386,0
0.3372923193248514,0.1950126876291345,0
0.0517183227035935,1.22654986392054,0
-0.655646513987288,1.7301272869107571,0
-0.2694664142342842,0.6604719137922307,0
-0.8533031092526236,-1.5573269116223063,0
0.3910123171568115,0.9994667838102094,0
0.0481769137880272,1.0254866440687938,0
-0.4891342175390849,-0.2633178587078583,0
-1.327176648531279,-0.0941960848040184,0
-0.9552761966434896,-1.7399905489529184,0
-0.6549227454937119,0.741075863844899,0
-0.591544515199331,0.6699944611227702,0
-0.5811916515112361,-0.0318830389952549,0
0.429756603335814,0.5508451378029894,0
2.8284807036832027,0.0016529163756496,1
0.1114348522677923,0.4940625055555883,0
-0.4273186792648715,0.3796886659899234,0
-0.842973492667845,0.0956735801898076,0
0.7252476859378557,0.4366850709275421,0
-0.294130119184855,-0.7181036759454601,0
-1.3479364766440587,-0.20834763435586,0
3.0070510257825416,-0.061639781223173,1
-1.0932100383447527,-1.4151687127525203,0
0.2374752866373287,1.8796442756095544,0
-1.791807351075647,-1.248781444030576,-1
-1.2386038672133688,0.9539572725956056,0
0.2681953602337045,-0.2687657958319168,0
0.4695841008901703,-0.009078376269602,0
0.2237831613226907,1.313099279054008,0
-0.3617702422165434,-0.0092308352832124,0
-0.5949468928314674,-0.7348734443973839,0
-0.7529017589026514,-1.870451166980698,0
2.5987830993612366,1.3364688712664734,3
0.3633601977401683,-0.5450746766787363,0
-1.175036672769482,-0.4807622384290733,0
-0.2941874248095713,-0.8740969875861494,0
-0.7669460099522208,0.6573878846688257,0
-0.0491606561814263,1.4889847609867335,0
-0.0295511434724276,-1.6472717061454878,0
-1.5891001264640685,-0.1052001153036434,0
-0.02667961191325,0.0169370289906042,0
3.054613651986286,0.8206517335632187,1
0.5155553673855281,0.2136359295912441,0
2.5203611642580923,0.4858932752668452,1
-0.238693542647694,-0.641214275537897,0
0.2370398486940059,1.1304283422508496,0
0.510147197299259,-0.5533366614268614,0
0.2835380530231969,-0.9197461845338852,0
0.2740096269758006,-0.9103666879271846,0
-0.2776518064768761,-0.129950004690042,0
-0.2561673266718417,0.8230868594919684,0
-1.0851585406039903,-0.2246142915225694,0
-1.252700237074068,1.1425103415066962,0
-0.5244924640816092,1.2761856113089798,0
0.5637131786304915,0.4324982184116194,0
-0.0784631632252443,-0.3855558177255154,0
0.1440622351162323,-0.0896768945698908,0
0.5217360659007683,-1.0073630080710032,0
-0.5535852113777469,-0.959117076488924,0
-1.3033635676527615,-0.1632046579972709,0
-1.046527852660048,0.6748101615810543,0
1.0347674349767932,-0.5234593761081328,0
-1.0151104125295531,-0.1254805910259479,0
-0.921347766562376,0.8954940492222531,0
-1.6443397425257924,0.9338438785647116,0
-1.2256018654899037,0.656113699895319,0
-1.2291567472769895,1.147621703278523,0
-0.7820073555030181,-1.2494378632400152,0
-0.4504839069276495,0.799895910632308,0
-0.5843039822277474,1.8604756626290957,0
0.0650523579148148,0.2069074849751336,0
-0.508715296331181,-1.6652320546035195,0
3.09027151007683,-0.1277443555737083,1
1.6200827422656594,0.2852164931252,2
-1.1448810901484685,-0.5163914879329151,0
-0.1714257915857207,-0.5832371525352538,0
-1.0345017737891584,-0.8951921422243272,0
2.8457400905094743,-0.2432515237941013,1
-1.571818041897871,-1.3803244620802493,0
-1.5970722202355652,0.5342974420005379,0
0.0711516705353295,-2.0227639982707046,0
-1.2290573808762424,0.7729924551565094,0
2.695173753930322,-1.3939933833037936,-1
0.014014723472932,-0.8901986060904152,0
0.8298354332949953,-0.330734597875457,0
-1.7964797182875896,1.3204100321897665,-1
2.926882491507616,-0.8498779972942795,1
-0.3831916060159846,-0.8258222906186402,0
-0.3573217868028858,-0.0325268785558608,0
0.6074121366627103,0.1732185508961956,0
0.2516130937067683,-1.0032761213678756,0
0.6495756878328979,0.1187928065963814,0
-0.3064707948210611,-0.7616326550309913,0
-1.4706413536065837,0.981443927557218,0
-0.1882218317432425,2.0653939850925385,0
-0.15277912423356,0.3405538378158936,0
1.81828884328906,0.4374659677096323,-1
0.4582877307094277,0.3844205863720092,0
-0.3457862655549815,-0.008619021988062,0
-1.7560518989104137,-0.7066148907695714,0
-1.310644314870419,0.8001476633660826,0
-0.7064860892269528,-0.9003615805254417,0
-1.0892065855068125,0.5184385368807194,0
3.3937283267061007,0.462804008364054,-1
-0.7865770716423784,0.7949275995843202,0
-0.5627672478671889,-0.5361708716662656,0
1.046275671066562,0.0096824846639666,0
1.9257623540396895,0.3608381830538952,2
-0.8706312184457712,1.8911788608180848,0
2.486929855563825,-1.7672086330757817,9
1.1733303904249817,1.1670648806000858,0
-0.662664233887368,0.6430668231033065,0
-0.5638846034763512,1.3736085858670677,0
-0.5791812716388931,-0.1487924510947489,0
0.8012842637061919,0.8286547073384599,0
0.718195018388997,0.5318819317652352,0
0.4405603597642113,-0.9157670851418216,0
-0.6554490041484603,1.521402595863391,0
0.6924727761486498,-0.3103047487107683,0
-0.309171767864259,1.0272627460091623,0
2.397741297626116,0.1656900745968322,1
-0.2662500499151072,0.1261863393216301,0
-0.0479683542055143,0.7203673642811731,0
0.3344047836053036,1.369412694001818,0
0.5482159255566892,0.3128310953405664,0
1.7469177236250082,0.1451689285190474,2
0.423062025890372,2.2322293741416352,7
-0.5046801007325884,0.4480311085317786,0
1.1166889281677677,-1.141764528082939,0
-1.1125135797614647,0.9679891471422212,0
-0.559724812448235,-0.0640149240003282,0
-0.8779971800135712,1.0440271064414128,0
3.1824330276836323,-0.3807265363095757,1
2.3961998707838053,-0.6537205569628552,1
-1.3547195531114784,-0.1872707084832461,0
0.0768223185757853,-1.981546107100119,0
0.139225249584881,-1.161041472623706,0
-0.823370339703114,-1.696376898825023,0
-1.2969269605270046,-1.8095647649590516,0
0.9816883812529144,1.6921492726005996,0
-0.5812343914663516,1.991301621394537,0
2.33219791757568,-1.4607790799239706,-1
-1.6181984801214888,0.9995439380156756,0
-1.294313319503804,1.101384572427115,0
0.3108456349916517,-0.4422468499076337,0
0.4288054343525238,0.9154899207674192,0
-0.8392365558389105,0.9093915419447288,0
0.1719234907132653,-1.069642311470237,0
-0.6349564454276717,-1.4801758954629176,0
0.5734463074276762,2.0777452685132025,0
2.309065315872233,0.9670208159164996,3
1.930889102683364,0.1972140570558896,-1
-0.0282617967852164,0.3993316248701673,0
-0.0623402053122379,-0.2091282019217593,0
0.5041583280576631,0.3105814726783215,0
-0.0546481004212673,-1.275943823869309,0
-0.3269641069248346,0.2441050832954854,0
-0.0166425679531386,-1.7579379488216724,0
-0.4312387698624351,0.9100609097434456,0
0.0730861351298356,-0.799423315855208,0
1.0864624872668098,-1.7812738398580452,0
0.8557973759658952,-0.3957991835133274,0
0.5287360652751063,-2.117187766323845,0
2.230924802211684,1.0470419369329826,-1
-0.0963917982608056,1.2095525252785062,0
-0.168366728439106,-0.7859451780744547,0
0.7145015748981629,-0.309179937379646,0
0.8658528140510247,0.8103353408613114,0
0.1580636163949921,-0.4264272705258177,0
-1.0932469679189911,0.5884680448431648,0
-1.0721194052866925,0.7944042165045748,0
-0.0734312733478158,-0.8652812660721619,0
0.598541208247156,-0.960606034439356,0
2.417515978017914,-0.6546684235845158,1
-0.763058341294394,1.439921828040334,0
-1.1843909158650752,0.4630540861871915,0
0.6764836627054872,0.492755620914811,0
0.3774065049190975,-0.4058903076518802,0
-0.4437268926556988,0.7475191837673336,0
3.108113911819175,0.3276758692020217,1
2.5893014513237755,1.1683076952092206,3
-1.065828393208227,-1.6244440549945227,0
0.2153698192269941,1.222928805793591,0
-1.0304925105703406,1.0188672046148055,0
-1.0632323929270593,0.30133653320456,0
-0.0217212358405021,-1.1006718278110723,0
2.002016483862044,-0.4488816253654899,1
-0.9557629202312492,-1.6209352391770155,0
3.15680509484614,0.4178461908863458,1
-0.7448294655637145,0.3229792534661478,0
0.7618100648174482,-0.8667191438136662,0
-0.9434918001286122,-1.5813621536938849,0
-1.0510120888891772,-1.3271936963741944,0
0.5608865729714833,-0.7557757717416895,0
0.7736951304794479,-0.4115373290000986,0
0.1614619559723089,-0.867203352731502,0
-0.4223966333709859,-1.438562006716366,0
-0.0343378623024148,0.2741251161858663,0
-1.1341182215654209,-0.6132944681346705,0
-0.5826145588649886,1.4742409557560794,0
-0.4017485513835004,-0.629839775700417,0
-0.1189106052699131,1.47767978899728,0
0.5782539516715317,0.9913204300949384,0
-0.7228897151995698,-0.0115451603454773,0
0.6836194884751289,-0.4589605848592363,0
-1.2002000303957496,-0.0956829997254835,0
3.560841698360108,-1.001901793141476,-1
-0.326413847783785,-0.8952588876533141,0
2.7788655070153903,-0.0652026112447404,1
-0.563875638239333,1.3717679331027723,0
-1.0999481091282948,0.2935594309760856,0
0.2930026838859156,0.4269910106399203,0
-0.0108191319544302,0.9191193446418804,0
1.684026216918387,0.0971950214652735,2
-0.293107418322344,0.3765143824956813,0
-0.1297282481888268,-0.7274480607154791,0
-0.3667716420477093,-1.400652629288069,0
-0.7183562494553635,-1.5448359662012163,0
0.219875116614386,-1.6290647335538746,0
0.3457843120068291,0.119394386423852,0
-0.1342565271194468,-1.3774499259574835,0
2.2118939325286515,-0.1146157417344645,1
0.3876762103864096,-0.2512484628335509,0
-0.7242054638462384,0.2790222505391952,0
0.5839291073464893,0.3418077507948697,0
-0.1019584924823041,1.3146912883884612,0
0.120720089193207,-1.778367797986361,0
0.1531533210785544,1.184823581288453,0
0.0837645427457252,-0.7109896187971568,0
0.1091235581010548,-0.6513181309013764,0
-0.8156000593853527,1.8840796437119325,0
0.6415267955848858,0.2706037207195259,0
0.0275574197050527,0.3787130765250917,0
0.1447275250544109,-2.073808312256791,0
-0.9318436995887206,0.9555322472828476,0
-0.2401965331497968,0.5274198413063941,0
-1.033114493263269,0.2735032882965712,0
0.6377880066461856,0.1103611766113413,0
0.1504788798105079,0.4686442251244744,0
-0.2306473115042261,1.5209163439165885,0
-0.5447637164968635,0.3895033343344989,0
-0.7829384822711186,-1.8777578340585224,0
-0.2746004058209043,0.3403652902116001,0
0.4926889978877849,-0.7708901978862921,0
-0.2187628694095171,-0.1876466095734806,0
-0.2228942765527161,-1.9085732745569537,0
-0.964697933563484,-0.4097930780163862,0
1.13012451572479,-0.0369167497777838,0
0.0550021808471718,0.3058831431296719,0
0.8311715579921417,1.5383280604762446,0
-0.3152383187810487,-0.4244425007627183,0
-0.5204384789822164,0.3456808648077795,0
-0.3751510554376998,1.1879522163261471,0
-0.1751192350765548,-1.4242990216801348,0
2.455067412857614,0.9899854124371088,3
-0.1010988475614388,-0.8958720703756163,0
-0.8198010220621209,0.1591970851260591,0
0.2681032367759035,0.5895942018687331,0
-1.248772354170168,-0.2287892379914737,0
-1.436231874574193,-2.171548262465211,0
-0.4748767180504061,0.0183830536060857,0
0.155610685452074,-1.7103685566674698,0
-1.3281532505629394,0.1262072847179756,0
-0.4457612730143429,1.2234658347971348,0
-0.250566438184549,-2.4601499812629624,-1
0.4881502711260919,-0.5427095745597302,0
-1.3680965322974097,-0.464942507471164,0
0.6428113508342926,-1.5242776889904892,0
-1.2516503252573212,-1.7605084578833838,0
-0.8543270386576096,0.165275215886925,0
0.4277980584712983,-1.5251747785554086,0
0.517885530836774,-0.4730348707150806,0
-0.7239675357417432,1.2369628749452666,0
0.3344521109786293,-0.1327860639854196,0
-0.9609142187246146,0.2263842110745815,0
3.234536232758836,-0.3800910624964822,1
-0.1170021972910679,0.3930342896667041,0
-0.6013225698966851,-1.451187333961596,0
0.7117915068022531,1.649460131728608,0
2.33985945263668,-1.8681639323932264,9
-0.2796738868946816,-1.1856612598755436,0
0.7802768630728143,1.250965286771931,0
0.1221457318554039,-2.110030472688405,0
0.4515782478303969,2.255097393572862,7
-0.0892747119599784,1.9219837409639435,0
-0.6558622139315397,2.278341314094324,0
1.212406080944641,0.1095860407978216,0
0.1901706307532689,0.9623286314462977,0
0.60474215299718,0.1459291124385757,0
-1.3230960574528348,-0.0413727348824305,0
0.4021039345557801,0.3309617626373278,0
-1.0179856483082623,-0.4827384908685672,0
0.2337511991126235,-1.790389677683953,0
-0.597120853836932,2.269535977624109,0
-0.1713106865846914,2.060398254353566,0
0.8576102459994106,-0.3039839045654554,0
-0.8528722587275112,-1.3290968806661558,0
-1.077339160586846,-0.0115483974927967,0
-0.4055913441731436,0.4431815140878712,0
-1.5131039669614,-0.8798957943461633,0
-0.1507258745904076,-1.9674442499771967,0
-0.6239788458114596,0.356119252494524,0
2.0939785097045585,0.3282403178965498,3
-1.6164936019617504,-0.9006414250428314,0
0.0339083429009846,-0.5417765479802207,0
0.4984454096417741,-0.2438263162989653,0
-0.9599571095447532,-0.3257124899877597,0
-1.6000864872977043,1.3808442278263269,0
-0.7605261603698186,-0.1462042337840115,0
0.1539798704604067,-0.4969578704772169,0
-0.3711102034458385,-1.4184518498327914,0
0.2205264585215544,1.89243601094438,0
0.5275073830883467,-0.6695916973458832,0
-0.3574985010435391,1.1790738117084003,0
-0.2954881882389423,0.438894325309525,0
-0.2973418960858218,0.3371678009276947,0
0.2023676876878348,1.6886763937976823,0
0.1337769450362467,1.4375359321010757,0
-0.9294623803087316,-0.4315057808542805,0
1.07805899360681,-0.0453482281867307,0
-1.1463216382442545,0.0045637576313355,0
0.7971672126331912,0.2430935568160638,0
-0.601374954267903,2.06640007981958,0
-0.3432886127314882,-1.569241829186743,0
1.3287756991076158,-0.6298540952260303,-1
-1.349918268611891,0.0705104412158809,0
-0.7250579400280576,-0.5150864947450114,0
-1.0078004038081083,-0.1427599687904312,0
-0.7160884486267262,-0.3721114223542919,0
-1.0026995077605017,0.706128561788607,0
0.950420370204937,1.790073339147641,0
-0.0338862161791277,1.5052311463589123,0
0.6810503037724149,-0.3576006190661266,0
0.5490182648528383,-2.0537255750642007,0
-0.8140686107944326,1.0452982056436932,0
2.7546891492198697,0.6009112575453027,1
2.608781027802056,-0.9338887543226928,1
0.0293514760658535,-1.3537270766944722,0
0.6068409521077924,0.4776105379319048,0
-0.0812740302839706,1.4444348471320092,0
0.1371589966498909,-0.6968467197921582,0
-0.4128500672501513,-0.4078103512822537,0
-0.607756521497706,0.1579176201762663,0
0.6272712780216666,-0.8324766245449591,0
0.5564013177992811,1.103253013822839,0
-0.7139241320373642,-1.8821180909844009,0
0.0031710981422577,-1.914909783922326,0
0.1554534640632201,-0.1670745348628614,0
2.6247246659816588,-0.8882257836077712,1
0.9785765201160852,1.0481334160284566,0
0.4539537567295088,0.8876072682298414,0
-0.5333873429514792,-0.878222223273278,0
0.8192155042345035,0.5759116996875338,0
3.1951843818140677,1.051901242818848,1
0.4787193593696769,-0.254483908428307,0
-1.0457207219260944,2.149738231901958,0
0.4406755945809346,1.5599643064431936,0
-0.2209552245399998,-0.1642466897389027,0
-0.0423698671913781,-0.5847359735037372,0
0.591404833114124,1.3157682566579754,0
0.5668918599924455,-0.093991351463128,0
-0.5272450065725466,-0.5988630557125832,0
0.9112756735150987,1.5189382000242209,0
-0.3645888515496209,1.2820666771419464,0
0.830708834890683,1.29834613132184,0
-0.5298012677671312,0.1345837721688605,0
1.8173967022245576,0.4725326599718198,-1
1.2947721071316505,0.0707521541136206,0
-0.8451722873263036,0.2515630152685675,0
-0.3272202251347536,-0.3743462049743856,0
-1.7836817901668134,-0.7450016996688792,0
0.8285293290644293,-1.5345699403821689,0
-0.4785824114500933,-0.6706413975005063,0
0.0279148862411788,-0.1988443162775921,0
0.6291693624053247,1.069842730142938,0
-0.5196029643633461,-1.337941239722186,0
-1.345730439042654,0.1194936801440162,0
-1.2049836741533042,0.6317045997624731,0
-0.4173477021469003,1.7711598676243687,0
-0.742524814944547,-1.7196494331558212,0
-0.149276701021592,-0.1217696054130548,0
2.5746027035108967,0.1569387523306782,1
0.1811738541938015,1.3285875632598785,0
-0.6239567474669101,2.0301779193879663,0
0.1521663212478069,0.903788951202,0
2.9528484722333355,0.9307014047936886,1
-0.8056766136603011,1.4572507650104998,0
-0.5512992204436856,-0.1258818687781997,0
0.2377701067475436,-1.3707330842362049,0
0.7030694581058253,1.13792694565638,0
-0.5485882691490971,-0.2565852001904268,0
-1.3555239485369874,-0.4877374587548587,0
-0.5829531561166061,0.2197469117954739,0
0.275188999863775,-0.0343845659673675,0
3.394579500141545,0.5857300859717133,-1
-0.6427288434152869,1.4497163761664724,0
0.3052244204858669,-0.6982605665660908,0
0.2656347212203119,0.9875075872163768,0
-1.1051216357819038,0.6347242296380448,0
0.0494263915729614,0.5807665743077272,0
0.0223372448572026,0.7295145325471997,0
-0.3754044383391746,1.743962248105567,0
-0.2623214934119306,-0.4609889600499171,0
-0.8698144432957153,1.871704177747604,0
0.3172485972150051,-0.2351669645477223,0
-1.0690869481191292,-0.3916319054574144,0
-0.7716458663418935,0.4153145267703527,0
2.27934496159514,0.7080535412096426,3
-0.5757730836258798,1.2365275516312983,0
-0.5210491986041232,1.3113442740860783,0
2.15484780617768,-0.5115930149313727,1
-1.3464432603737524,0.2853250174950379,0
-1.0694864754312865,0.7165480471079727,0
1.322823080261174,-0.2770106180894436,0
-0.7772184507279772,-0.6717152801987945,0
-0.0217784116495243,-1.4245691547555663,0
-0.2018888578447985,-1.5095044210398838,0
3.0778569010882464,0.3475973269052097,1
-0.5385692112748155,1.628527996456613,0
-0.5069815464636291,1.1287465570065456,0
-0.724043784854868,-0.575381853559054,0
0.3093966654424301,1.0325773438513404,0
0.2731245990385507,-0.2236652307825563,0
-1.5079549901574825,0.4626347312454691,0
-1.3428759988621193,-0.5261244192302595,0
3.660400291148264,-0.1151346935485378,5
-0.3975626239560152,1.452239369051468,0
-0.6119384609023573,1.3011029513272332,0
0.7417891146514279,1.1612841510295424,0
-0.4890341719592533,-2.130509207456961,0
0.0979721093683278,-0.2694552838490708,0
0.6148403310374252,-0.671121023576577,0
0.3532678300808002,0.2524275565423098,0
0.6983741093506546,0.2051230172872526,0
-0.9271132733690772,0.5381748357030265,0
-1.2615424477694173,0.002730404339587,0
2.899971231963192,-1.073644046338716,1
-0.7323029064302429,2.473565727846238,0
-0.4661501617194766,-0.1608143307923407,0
-0.2900930214445108,-0.637936418633912,0
-0.9209163666738728,-0.2009340051448802,0
0.008264201883528,-0.2250939175986401,0
0.0568709239433342,0.0504130813454904,0
1.0045898282151302,1.3265140601291872,0
0.5540717037114259,0.4652657288058796,0
-0.5912898295514811,0.785167097019898,0
-1.4864941710747606,-0.5937617085349014,0
-0.6010996270094873,-1.5156706115665266,0
-0.6437635044546482,-0.4817143189520547,0
-0.6145513485425736,0.3859943669408986,0
-1.0322594857925995,-1.0784254846930472,0
0.199592917036654,-1.6925269248135186,0
-0.1153238509064808,0.9979236838123298,0
-0.0950500672023763,-0.2614315574870147,0
0.2341112711414998,-1.0255817351335417,0
3.314382377962108,-0.3644567935716405,1
3.0217444327942258,-1.5670974937470168,-1
-0.0622218156393736,2.284310439693068,0
-0.991359644241659,0.2852856917570352,0
-0.1601086258068038,0.0261398840400297,0
-0.798774677940335,1.3932379225562193,0
0.2442887233353169,0.1553241226892425,0
-0.0170784754761434,0.0292206760161153,0
-0.7530822273948218,2.027720846754049,0
-0.2311710388701244,0.1552055576612553,0
0.81099891859465,-1.7188242176200816,0
0.5841648495059306,-1.1993710301716338,0
0.0523303450718756,0.9320691223187888,0
1.1215986741208148,-1.4283572945739256,0
-0.8080075304945317,0.1480808123169924,0
-0.7162606552328776,0.1487586974393148,0
-1.2312082987979849,-1.8979749530752523,0
-1.092359334488991,1.244131923051632,0
3.114927348517164,-1.3966442837182904,-1
-0.2342229888894868,1.0095483480828973,0
-0.1126849808545037,0.7326155963178158,0
-1.1842842267376734,1.783872060517023,0
-0.518595168934424,-0.0540306104188376,0
-0.7472075799555769,0.3481040434560735,0
-0.4838689869753717,-0.3060885850509878,0
0.3740600003496082,-2.158043553904088,0
0.0551885395039275,-2.4001203005259737,0
-0.1929503558211346,0.4496554908486094,0
0.4280041139994475,-0.5789860523475908,0
1.2108289530705671,-1.523408019116554,0
-0.0820076472132434,0.6073901852661362,0
-0.5120109848359156,-1.7492819857938422,0
-0.8093018043639412,-0.0510378782085286,0
-1.0061767019436936,-2.007805419863125,0
-0.6913557375059768,2.3350781463090837,0
-0.4441095326088072,0.8450271325199721,0
0.9733685951770878,1.2468974540122757,0
-0.2799148900716093,-0.9495926614382172,0
-0.0671777402069797,0.0441653053477096,0
0.2772943683180575,-0.0030966710220254,0
-0.2344408747787922,-0.9413570301061108,0
0.0917069498859295,1.1368803310729831,0
-1.3989260303296311,-0.8118117304088146,0
3.412705175436251,1.3182716101168184,-1
-0.4190333712581419,-0.5291767489731016,0
0.742881500863202,2.09195408776928,7
-1.4530342744759828,1.821288863279972,0
-1.4985215526920257,0.3050579275939323,0
-1.3413016062964895,-0.0675916793651748,0
-0.4901316151689198,-1.0457904884027591,0
0.4952010865651848,0.0155689822493128,0
0.954961498439786,-0.4162407871489412,0
-1.7826017836795864,0.5056096704129515,0
-0.202657552238544,-0.9963877429568082,0
0.4053579020484719,-1.4228362893023347,0
-1.4938606022222427,1.0954610952849195,0
0.9351582301434772,0.24216904756016,0
-0.3867627757667435,-2.027920856922986,0
-0.5363997579038526,-0.6851508550942258,0
-1.1840998500063775,-0.1007519501880813,0
-1.2612169836253315,-0.4186748713575458,0
-0.6463332385207528,0.944303732164339,0
-1.8049061934908173,-0.4456597607283891,0
-0.3054693591364067,1.866483962389748,0
-0.5289312250471786,-1.5745415869867698,0
0.2619354673486007,0.1659936208656025,0
-0.5135287509559135,-0.5592593133911486,0
-0.5315004097498927,-1.47318162119366,0
0.2903017108427176,2.2158864116800743,-1
-0.2197894543392392,1.572210670759669,0
2.647262416479175,0.4999983695370864,1
0.5761856426071817,-1.2115082377498936,0
-0.5714403326086276,1.2738746749701275,0
2.8428244364650976,-1.7671747390901582,-1
-0.9382889321875074,0.2352624641162352,0
-0.5856063322067963,-2.029931003348103,0
-0.6446697975697547,1.7384856971721716,0
-0.4592462440740508,-1.0462066061971624,0
3.6226481415816094,-0.189150600375594,5
0.2196944941346071,-2.4310120463192564,0
-0.1016965638915078,1.913594673864225,0
0.0240773544690221,2.179287156039873,0
0.2862235712694154,-1.194690929388548,0
-1.085128649953104,0.6085170396262254,0
-1.5519490521032184,-0.5599235525896724,0
-1.1222142866189126,-1.9901640900843924,0
-0.3668905013002558,-1.3577167127064027,0
0.3738359587356293,0.5557558943474109,0
0.1313875496466187,-0.8667140152134731,0
-0.7053768156561299,-0.9803636475984528,0
0.491802746987868,0.4563450644549973,0
0.0275321164723766,0.0665676477788513,0
0.7274641213383478,1.265964385035866,0
-0.1032482587172118,0.4248420273922855,0
-0.5771267192493654,-1.7856078712112915,0
-0.3779622062997286,-1.514272430012653,0
-0.5619093010684809,2.6068605137165224,0
0.1072730051103163,-0.7353374052533953,0
2.5380410038103887,-0.0322191335552023,1
-0.7313244022568313,0.2200664525004945,0
0.2684410806445365,-0.1517525071704933,0
-0.6435645620537513,-0.1871603576266779,0
0.6044128548178686,2.0421892387329863,0
1.101001408198084,-0.5689762105279894,0
-0.937665079458069,0.9454983744956744,0
-1.3314152941652704,-1.8112826387940384,0
0.1077474287572374,0.6772651911860046,0
3.237237959185018,-0.173145710536804,1
-1.113733920278497,0.2499997950522505,0
-0.3055487631056727,0.0364319838556158,0
-0.1609922211819845,1.216119993557401,0
-1.1373502447011714,-1.8855570758016948,0
2.068203679073399,-0.3168577871213934,1
-0.927948238624557,0.8971388549097079,0
-0.9211692002119568,-0.9695820586887444,0
-0.7316494468532205,-0.5152823418218521,0
-0.7808486984295098,-0.1646152676238841,0
2.736965736545765,-0.0653488991158986,1
-0.4434547702854097,-1.472638269471571,0
2.186691589198785,-0.3929231661115693,1
-1.1384775785617245,-1.6339696878962882,0
-0.4209721394675558,2.2587119774051723,0
0.3341102290551769,-1.2370833426720318,0
-0.0129483710793196,1.0789646733230405,0
-1.1220433085552362,0.3061859760723741,0
0.352872810403145,0.6698769386370421,0
-1.4285091256493516,-0.4093918002641342,0
0.1750105924010006,0.2142564117860932,0
-0.6773088809636569,1.1496044300126556,0
0.2760649327483128,-0.5513413550438956,0
-0.0599815837721748,-0.5659463234520321,0
-0.3961460763465302,1.290321362417525,0
-1.5528566479647004,0.9890937958580064,0
-0.845267146092549,-0.0645383070800733,0
-1.4216266827811843,-0.8050979742587616,0
0.8312378288538758,1.6924807193526386,0
-0.6871114855107026,0.7121179591818809,0
-0.1163492870774362,-1.2711556946781024,0
-1.0288526005259613,-0.3642881496435476,0
0.261807433259634,-0.8330422673578398,0
-0.380906164445314,1.332071002415368,0
-0.3763921915529067,-0.5329131349807184,0
-1.488023767555915,-0.4084556881133986,0
-1.489780764526783,-0.8475563077933244,0
0.2106717351633791,-0.8843364426248272,0
-1.3515237803708815,1.596066556152374,0
-0.4040149696820542,0.0803348210024148,0
0.3432454875346837,-1.4824888748307363,0
2.468500265106192,0.9203718706929732,3
-1.1411948896005804,-0.1590603683666701,0
-0.2932821506375376,0.7667356398094014,0
-1.0062675226551194,-0.4782627544859275,0
-1.259293670212897,-1.6926129415503288,0
-0.7676887219342056,-0.0099121091289474,0
-1.1334488935724223,-0.7517818980957323,0
-0.9995554342833382,-1.006574226333685,0
0.3300816770041541,-0.1623371827283958,0
-0.2371132599174789,1.0094870344062898,0
3.6231647558202553,0.5249254209972978,14
-0.3388370024616897,-1.57483062242958,0
0.3413463044242442,-0.7354920588720658,0
-0.6875273007865321,0.1266913420597181,0
0.1720554830733435,0.5633210916058351,0
-0.287358119695607,0.2519434992005672,0
0.1005531244321981,0.63390140233901,0
0.4771176816459114,-0.2037826440890911,0
0.0803949208886134,-0.2761688884230303,0
-0.1797461270249375,0.2961691141997062,0
-0.9772756541055068,0.4166740561880382,0
-0.2416318944319964,-1.1349175842270989,0
-0.352260006274571,0.3208790042462873,0
2.7344582352865747,-0.3308221768489496,1
2.950301985270547,0.0018414639799431,1
-0.5365764721445059,0.5264498351700355,0
-0.9380704969348116,0.8615097569819593,0
-1.6805364430152254,-0.3379907052608915,0
-0.5661123198746089,-1.7850454655457306,0
-1.1589987251870242,1.2056601399577735,0
-0.1124121051012298,0.5082988960787433,0
0.8953552824388125,-0.8816027626208398,0
-0.448871282041406,-0.0740254394217444,0
-1.0077209998388428,1.687292009743701,0
-0.3071426485231015,-0.7537940875498161,0
-0.1577739547210561,-1.3512614867369497,0
-0.1764973463458319,0.7256637333577871,0
0.3933247100503301,-0.5044687503793941,0
0.0700991532258324,-0.4621105342337202,0
3.0686176887897822,0.4466462047833738,1
-0.6601788309727277,-0.7655185660570855,0
0.223087097534947,0.6361626278960867,0
-0.9435807687302722,-0.7052949059634235,0
2.359696649638695,0.152201551772306,1
-0.2921865595376368,0.3354923384019361,0
-0.3460663842512015,-0.2680330713276258,0
0.6156558034411057,-1.361778374323606,0
-0.1833259722807117,-1.8929388540560184,0
-0.7803066511424935,0.6937021671914436,0
0.2721947750168256,-0.1808025339245157,0
0.886984210718549,-0.4585833380745559,0
-0.6788605757893609,-0.3391482164592843,0
-0.8227594160616131,0.6584585302197944,0
-0.1837247462098841,1.2110818515092,0
-0.3775078248679971,0.8912949202096838,0
3.0838848858491343,-0.0208381594230836,1
0.7625286965294237,-1.0520983839587947,0
-1.304448161558199,-1.934801930481656,0
2.647220695467132,-1.3378496135928988,-1
0.2669023891106701,0.2032981813191098,0
-0.4191074344262129,0.1575979278951523,0
0.1824324270314477,0.7141228254307117,0
-0.1631039493805345,2.52903808672945,-1
-0.1756778358873317,1.8806503703365969,0
0.9868242249493002,1.3587804785344937,0
0.8313182517662145,-0.3384999456330066,0
-0.359924276644015,-0.4461974633337478,0
0.000796891989521,0.1237630090972427,0
-1.366247282053046,-1.0521059007956928,0
2.877373983967205,0.4040844494151617,1
0.3294969397940079,-0.3770904453309456,0
-0.8628852224176131,1.2984573310890226,0
0.5278661523708479,-0.5759664224720193,0
-0.5871806505685258,0.9999391104137332,0
-0.0460665155703389,-0.063884604501416,0
0.8322318676079756,-0.8632527393053877,0
2.761853562894023,-0.1888562847564975,1
-0.328516480929623,0.2479145374506343,0
0.6570278826939135,-1.0845840068066983,0
0.0029730389400395,-0.3815270075516758,0
3.252791165105176,0.8109525446754042,1
0.2751695070119759,-0.3660778975077149,0
-0.3054947421527914,0.3426220607702986,0
-0.7084697333045504,0.0319719126930355,0
-1.1957021914794066,1.0458456196910102,0
-0.4908767786560465,1.6446635089465018,0
-1.4868001423670474,0.1593368987025785,0
3.227213844312844,-0.0428702513899051,1
-0.3576636687263384,-1.1368241572424729,0
0.4936241627107049,1.7030737606580533,0
0.208957008567944,-0.8102471644980518,0
-1.476668789004081,0.0252213285622269,0
0.2740895005247487,-1.6166892675895457,0
-0.7822508899687961,1.1326682534711363,0
-0.6255338753409841,0.3971838594735913,0
-1.4907573665584437,-0.6271529382713303,0
-0.3097169700074162,0.1512380611640232,0
3.028843328989629,-0.515176941925379,1
-0.7677817285906853,-0.9794888491243248,0
0.2722682888215059,0.4570808745305143,0
2.4167363364616907,0.6816683402133963,3
0.5607684671019216,1.2830008978398086,0
-0.3688528004162885,-0.747165305594314,0
-0.5856068815701868,-0.7052729180248187,0
3.61183125204568,-0.3984376970885215,-1
-1.0054962227686235,0.3509859027840925,0
-0.7039686097163723,1.0233037668355358,0
-0.8917426471020061,-1.3212700676559055,0
0.4141606574605408,1.5899315429805732,0
0.7622108948759806,-1.3037164287025051,0
-0.4420374692929401,0.3612844768943176,0
0.1945877629539709,-0.3973773953478888,0
0.5925672444391493,-0.28598047119638,0
0.1644198006084105,-0.041806712501953,0
2.374767090242204,1.8892826316130464,-1
0.1457076157775003,0.8760903912703376,0
0.5452529441389868,0.291106638031747,0
3.358532228734629,-1.3884711839138504,-1
-0.9999575670882456,-1.2407596091213935,0
-1.7246681036823226,0.3465343489451179,0
0.076177954051475,0.8375572944998717,0
-0.4916571735952544,0.9851595197445824,0
-0.343065719876276,-0.2541046186146599,0
-0.7279370598739779,1.9821309441866604,0
-0.3982054201738622,-0.9143479581916024,0
0.9878943830008308,0.783295763684593,0
0.0196677307713545,-1.8341494641069127,0
-1.239616849455877,1.8533393143900003,0
0.1578284235989414,-0.2099065748825983,0
1.9851397369888804,-0.3014851339483776,1
2.950743233594747,0.7315094945445416,1
-1.4373174874227037,-0.0821128914298191,0
0.0647936342121453,-1.753909138647833,0
0.6033937783911808,-1.571096127874837,0
-1.239564465084659,-1.6642480993911757,0
2.932114077168926,0.9607912686842826,1
-0.5879792356131577,0.6799244573480137,0
-0.9849975698636552,1.862074819860002,0
-0.3226028477867796,-0.7683156027666471,0
-0.2650155573474703,-1.3409576324504384,0
0.8865487727752264,-1.2077992714332613,0
-0.1257801190501427,0.2287864443265301,0
0.5975827963209195,-1.0796920010535624,0
-0.8038715359331223,2.38999337970302,0
-0.6696254015457163,-2.283841082063287,-1
0.2006301835687657,1.581269105658104,0
-0.2902996263360504,-0.2594670595184459,0
-0.4260665459552014,-0.1022865565950614,0
2.531470422399094,0.8025570032810474,3
-0.2937824268805254,0.3666456999470451,0
2.630013427451991,1.246340809315285,3
-1.249665797981045,-0.8649052134058339,0
-0.0942378794705306,-0.8018921429600501,0
-0.3606571401903032,0.7125986278002108,0
0.0564018410976079,1.1546371403084768,0
-0.2740428239532003,0.8964485417146457,0
0.0613440089903917,-0.4448618133075405,0
0.8717877921554331,-0.5276768854623591,0
2.380094553612832,0.1550205764204724,1
1.014359806802845,-0.2435921202381237,0
-0.3952189876332493,0.0729973455101935,0
0.4746141386578328,0.1646715930304877,0
-0.0594726320241715,0.8211530183617032,0
-1.1474906931168498,-1.5816968375932432,0
0.6149052991527841,-1.188151032376731,0
0.1471323752410186,-1.2835090211277331,0
-0.5834885098240667,1.1698183118820664,0
-1.2169182531336835,-0.8203978624364318,0
-0.2409749461635451,-0.9534635808460667,0
-0.5387520196996481,-1.672538721681344,0
-0.4316631308275862,-0.8302791246339012,0
0.6147591547421019,-0.6359811115907638,0
1.0653688533402166,0.6915653073551781,0
-1.3927109335290029,-1.8904099073929217,0
-0.3239049139625259,-0.1265069575475204,0
-1.535691570541284,-0.8965700519836698,0
-0.3024817778370273,-1.1751073927320377,0
0.6867976204736922,0.3392079305893005,0
-0.0241389353313388,0.9653448725984566,0
0.0051862694524049,1.8096655447038503,0
-0.079573659758734,0.2349800545441569,0
0.0200109154411822,-0.0586695177437532,0
-1.139142868499903,0.3501617297906121,0
-0.7796868364678746,-0.4417059101549556,0
0.5435018373327041,1.0441745884309237,0
-0.7800805533991547,0.6469261396163246,0
-1.2341290098402538,-1.4065095125773706,0
1.0433218644852795,1.029929832160256,0
1.978848520890821,-1.2031357007723962,-1
0.0098301785755301,-1.0893786102925438,0
-0.6502981252027915,0.8308372156312734,0
-0.6044354499765869,1.7658294529860383,0
-0.2371631927835551,1.169320457040432,0
0.8407966949155492,1.1915744685714484,0
-0.169110743167466,-2.124427839548776,0
-0.7436150152112675,-0.1511999645229836,0
0.4372069460870638,0.0009437420466458,0
-0.3873961931285761,-0.032037541037832,0
-0.4188930372283366,-1.061798766964962,0
-1.608464881744622,0.1084164299207655,0
0.955443714393044,0.1554344735458108,0
-1.0328065400455224,-1.30097475189145,0
0.2029821615612588,-1.9635583389511029,0
-0.7649804261643532,-0.1033602877172561,0
-0.9960132719847872,1.190329746517893,0
0.1422616149915699,-0.3335295915560518,0
-0.9210548485939124,-0.3217874047997563,0
3.636578664580425,-1.2010395376104692,-1
-1.0405284558036711,0.1444260117805139,0
0.4142924458010247,-0.0976038922664712,0
0.3372124457759033,0.9013352672914956,0
-0.6108741930154121,-0.4665503336017698,0
-0.8540586705388375,0.6316890861185073,0
-0.4620357161392265,-0.9176185156230404,0
0.8890597627258454,2.2279760793489123,-1
0.6816046009682841,0.3486793977109122,0
-0.0529484090751153,-0.9928365158300726,0
-0.3138308662242758,-0.4166158393285613,0
-0.6590806343800766,0.1456034678885446,0
-0.1158026523722098,0.1081476425397797,0
-0.4813342005580459,-0.5498493115222376,0
-0.3609391109962891,1.1066599961073835,0
0.6166064230610053,-0.4017650719647516,0
-0.8512614061673252,-0.3378263402002627,0
-0.744813880951041,-1.3588754180231482,0
-1.399132635221171,-0.4333423712933483,0
-0.4225637031955366,-1.721364069843489,0
-0.5019478044764349,-0.0044543089868375,0
0.4479776069764483,-0.9368865738997576,0
-0.1196936057018717,-0.5241895355577353,0
-0.5152994804296896,0.0300193207714851,0
1.3405185786300446,1.0114251552261335,0
-0.8366594990461516,1.17882071328018,0
0.6008994102395225,-0.1606700859501495,0
0.5480034305005642,-0.5008681156230693,0
2.6606666808232418,0.2684361643207036,1
2.3091308333509826,-0.8746672782069385,1
-0.5487922685478862,1.464249494278135,0
-0.0222573429309473,-2.146441180724312,0
-0.9810965025382088,-1.5363653136303603,0
0.0814736246294653,0.3032598139822527,0
-1.530781071205252,0.8126779345251752,0
-1.3560405627756331,-1.201813480127751,0
-0.8895554787851098,0.8386226836072603,0
-0.428504491680822,-0.3638039407257118,0
-0.4436482420694176,0.5817304093016338,0
0.5250130149366883,0.7408343445788043,0
-0.8763168517035244,0.8275370676364973,0
2.4678252565480103,0.9105031881443372,3
-1.3727528953489818,-0.7343597727595969,0
-0.0462926133136777,-0.0171085769262969,0
1.9527638849321491,0.3797196520444181,3
-0.3983015816864828,-1.901631948216792,0
0.2178505846914386,0.6729780024076585,0
-0.538354943892633,0.5770353169003036,0
2.6766589491225456,-0.5169169552750643,1
-0.5584355955767178,2.1504924223191315,0
0.1033730365116509,0.0137865575903988,0
0.4158467961514646,1.3538936013815503,0
0.3528981136358213,0.9820223673832827,0
2.299195007901384,-0.1278969661634119,1
0.2823430157388407,-1.325590107877615,0
0.9789462365610644,0.3185386051874838,0
3.2006411820200373,0.987857743526264,1
-0.7368333713059168,-0.6755555427683405,0
-0.4587622557947354,-2.339723236022356,-1
2.525418357368197,0.3183132556664389,1
2.684910612226872,0.4276576220836021,1
-1.1437764540278412,0.2622410307685329,0
3.167316013089782,1.380231894836753,-1
-0.556786041116236,-0.7270656853306057,0
-0.1477712348424326,0.2198656283995543,0
-1.304687108605767,0.9682900886320498,0
-0.7526422818169973,2.0862062096421004,0
-0.0378843282158735,2.088450552128059,0
0.0834157517146143,0.8535771759569062,0
-1.0835047440690948,2.063970426876648,0
0.0771635213201535,0.6153132722135822,0
-1.3004466906457182,0.8201847521021248,0
0.517875003221993,-0.8065688550197231,0
-0.1771919775715063,0.5520057345726086,0
-0.8563101333718167,-0.2270493762178817,0
-0.0220173586970923,1.4785228643581392,0
-1.738367471939907,-0.7037413971890647,0
-0.0426181133112521,-0.8323981246450471,0
3.31745382083327,-0.887106252452935,-1
-0.7112560505135851,0.1782672532969688,0
0.6204311055289329,0.0764194472563696,0
-0.2698707329842456,-2.072832874368053,0
3.308618173901782,-0.0505933394143193,1
-1.1484736548927776,-0.017087479953858,0
-0.2806486368165761,-1.6187333080002857,0
0.4001851287778478,0.9141692623594562,0
1.0654436698912724,2.0006313834867555,0
0.7027080833305737,-0.2980636645705792,0
0.6100982042723192,-1.4263842792817512,0
0.3977594829930655,-0.8790060279864967,0
-0.5895010397879751,0.0243031420248685,0
-1.1639747420018056,1.3381002475723665,0
-1.6129164920144206,0.1140052231636026,0
0.2663331066975035,-1.525405737468931,0
-1.1902563384359144,1.8050222061132624,0
0.3640066183938386,-0.6971546576023471,0
-0.1038884494423083,-0.5993799644976896,0
-1.4640625603412556,-1.8510136150431595,0
-0.1727604095168975,1.5393816951127082,0
0.6958673614744494,1.9354904925540335,0
-1.1786729404512937,-0.9979267806294602,0
0.1472376318063512,-0.4659696991706448,0
0.1467932286260105,-1.2133449797650546,0
-0.028302215050884,-0.7673336905832701,0
2.4501595690463183,-0.7565177268956542,1
0.2809377491271215,1.1657026360608025,0
-0.4066959802937707,-0.3354510046135772,0
-0.1790314535840732,-0.5231376407980518,0
1.0469326193350132,0.1911364880449985,0
-0.815274045877876,0.1380162826915157,0
-0.513043459930223,-1.1815932755397949,0
-1.7478360666535446,-0.4077197264617881,0
-0.5586365941069745,-0.8110849596826247,0
-1.1041431816404776,-0.2391545575306858,0
-0.902547082709488,1.6379042559159944,0
-1.544668854248952,-0.1986177886297417,0
0.7671532667883583,0.4172834560045934,0
0.5630952160656386,0.914430878111282,0
0.5196574332412313,-0.2232268218973618,0
2.411052005950313,0.2892092147083562,1
2.8810873898895206,-0.959534908096103,1
-0.4768967423388516,1.6296952190969642,0
0.5388345271186539,1.597977408857327,0
2.208522878109471,-0.1830736637330807,1
-1.1192193083889783,0.1520946308725876,0
-1.1474535595230173,-0.2648347568658123,0
1.652031702068389,0.0097091910288828,2
0.4250093397891074,0.5992540650185451,0
0.0057489083180015,0.350360140412957,0
-1.3835081014413866,-1.310480112998685,0
0.1832751845932643,-0.4857685295206179,0
-1.13979708145991,1.3431690464588708,0
-0.0313417853456994,-0.2329323335037219,0
0.6009007129858976,0.5105125817263982,0
0.9437306457377934,-1.864429918630768,0
0.1732073667835878,-1.371961620553163,0
-1.0715281785165849,-0.5029525243140711,0
-0.9273367656196656,1.9273161986312408,0
-0.508733486436605,-1.3257427184673192,0
-0.0746503111184731,-0.9120879504855846,0
-1.477373064645858,1.3459660831684326,0
-0.7204535418000066,2.1151641143051183,0
-0.799612378504259,0.5777406217136102,0
-1.789954062776464,0.0096991503707337,0
-0.3431605786425215,-0.5702059409633006,0
-0.2018056996240155,-2.366023765976238,-1
-0.5232066060858273,0.1524868692755124,0
0.9780871910355752,-0.175176609548736,0
-1.1773577411680158,0.0361638938091512,0
1.1051105871810396,-0.3542041971341547,0
-0.1050898464709322,0.3389821002759711,0
3.501212235255818,0.8876142233167645,-1
-0.7215479841411406,-1.4825292431109984,0
0.5837075970213608,0.9095696807725432,0
-1.1369921545977548,-0.2993697003007421,0
-1.0358488456487822,-1.941034714861192,0
-0.1884883477522489,0.94550469721422,0
0.1275947397550371,-1.3331466362363409,0
-0.7307045875822125,-0.9153416248459044,0
-0.127952177913856,1.2000999605242733,0
-0.8169465818815861,-0.4864210142482166,0
0.1058799884074501,1.6039179206467338,0
0.5728054931352888,-1.1102214916804096,0
0.0527240620031556,-0.1565629274524914,0
-0.9676464791272796,1.9155644520090804,0
0.0922137156888788,0.0248602675141434,0
-1.2194810780921297,-2.063243884760713,0
-1.704108520716815,-0.5050507305049649,0
-0.519612059416058,-1.168196571654086,0
-0.6970785043575626,-0.045425727599935,0
-0.8297991545225342,-0.8909441276078903,0
-1.4191379209908097,1.1245227249337737,0
-0.3435659961192639,-0.6541945584770158,0
3.222742741191246,-0.3689747896874155,1
-0.4270132573359753,0.9512481440757276,0
1.059716395405185,0.3108580800483917,0
0.995739745429736,-0.184055014166483,0
-0.4063060176140078,1.2624882690856294,0
-1.2523401650451915,1.907318284057108,0
-0.3075417062555763,-2.1819886931809225,0
-1.2811886244925663,-0.7142497674521155,0
-0.6295488247047931,0.6114547808784724,0
-0.4564209411614177,-0.529115283720401,0
-0.7510966811754729,-0.9377085522881776,0
-1.878263612757203,0.2316318461234215,0
-0.3331071224828517,1.4573080163618797,0
-1.2144770227362278,-0.7090772435797749,0
1.0393087672312369,0.5907253359184009,0
0.3314033658473935,-0.6403565117109801,0
0.0316705625389277,-1.0492737759821555,0
1.1885194862614434,-0.4592887944639559,0
-0.7944765348078733,0.2443718276475042,0
-0.4612818529751698,2.246960230783012,0
-1.1219601503344532,-0.5503333688639802,0
3.301367996514096,0.2533282124707398,1
0.0671570471900128,1.7307574805475647,0
2.702818401632273,-0.790706231960301,1
-0.7451496686903141,2.049494711692458,0
-0.4231653277647315,-0.9254453286332908,0
-1.3914384742008403,1.1668654274354815,0
-1.5625656964918753,0.1965259796993246,0
-0.4973311063075453,1.0941383938479898,0
1.9279229163775349,1.5374028378942726,-1
-1.0618952492868403,-1.690633451963515,0
0.7555721904931857,0.0303824669040869,0
0.4527048283079651,0.0076692526676236,0
-0.5359053718254502,-1.4772294853109718,0
-1.3949733935564457,-0.5463077958374601,0
0.1126675725093717,0.8921104243034653,0
-1.5115326494682029,0.7726461683623193,0
-1.4665128857914231,-1.792589565831716,0
-0.1175434411631139,0.1509371196741945,0
-1.2449691464794992,0.7390813826398414,0
-1.238279705815658,-0.1386306707780749,0
0.5027670836808545,0.7846449080585054,0
0.4031254624876098,0.5864931380981168,0
-1.4157423167219372,-0.4907146773212015,0
-0.37283470427307,0.3179441969891732,0
-0.1026948447200212,-0.6968146935267024,0
0.6601735927527401,1.026490695766869,0
-1.4513384913689564,0.0908481682895651,0
-1.1545660584056343,-0.4562800701486951,0
-0.165725802257769,1.6157701551074108,0
3.133753465418422,-0.5099926635821133,1
-0.1059715897363471,0.8754867921466063,0
-0.2677465508572484,-0.2172895472552745,0
-1.225602618872888,-1.339727053104513,0
0.7758452950182058,0.2635893262318313,0
-0.3831929087623598,-1.497004958295188,0
-0.8088250590275722,-1.8282852576123585,0
0.6258820155703175,-1.1797926221153163,0
-0.6889633412478162,-0.0430839828466857,0
0.6351453081387912,-0.4261622660505791,0
-0.0015760856207404,-0.6547843838335614,0
-1.2791047308155428,-0.1932757710965796,0
-0.6839165459367987,-0.7121020020555391,0
0.2089850471090646,0.6763595842974794,0
-1.2052183175859643,-0.4764327899175917,0
-0.3747287506019087,0.2612688300271141,0
-1.1150159442390537,-0.1011563135115594,0
-0.5580758073511437,-1.6169149463267816,0
0.2054554685546545,1.4800130164269236,0
0.377681986165122,0.7121583274621429,0
2.449964664700241,0.7945722995048073,3
0.6461369299899137,-0.6070964266513716,0
-1.340334099317541,-0.1182503808190685,0
-0.7874029418451464,0.9841469507229016,0
-0.5177479037381058,-1.9446525358408215,0
1.014119557008902,1.9883172311990345,0
-0.0655969081133741,0.3702085299686125,0
-1.3168938099564356,1.7363450796720492,0
0.3473983694551415,-0.2512483112574575,0
-0.64952956062474,0.4856245528520027,0
-0.4426307521924076,-1.008382202963416,0
-0.9097803727381254,0.9311538039883054,0
0.7335914724999829,0.5228996505855589,0
0.7382847651257938,-1.2113198417216933,0
-1.314551476380045,-0.3140796115457733,0
0.1453026178484545,-0.3646522962628572,0
-0.0313658656157087,-1.0856115674466231,0
-0.0635436584702217,-1.937789557824478,0
0.0298284254218167,0.1895243822248141,0
-0.2104561366575141,-0.2065776377696859,0
-0.3157268944785742,0.3480882266599208,0
0.8309427249403585,0.4106427680020729,0
1.7397909929080784,0.9271404662249948,6
0.2461374242162897,0.892818814687998,0
-0.9096700591749004,-0.2666955298485449,0
0.9302373330083582,-1.9685169385571328,0
-1.0554596611041562,0.5240390845944815,0
-0.4038265548959385,0.0413547980231489,0
2.9157668736223465,0.1776642628089092,1
-0.937025771931651,0.1417836286896225,0
2.371007375889636,0.8940681035917715,3
-1.3230297865911005,0.1127799239939633,0
2.548274329066853,0.8014013835355279,3
0.2008678278699585,-1.9930055811321492,0
-0.0956329523027566,-1.1296602377363008,0
-0.2908761516921632,-2.4719017278851227,-1
-0.0791719465015232,1.6259195073513448,0
0.8908015704598222,-1.67584604130528,0
0.1661392444377495,0.2371858964700211,0
0.1159073879514591,1.3234456962258414,0
1.0107867349103348,0.5874052192812808,0
0.5991346209623174,0.2411566301145726,0
-0.8581340005997954,1.8839759187260965,0
-1.062851605083717,0.8573040020986579,0
0.2286083164928854,1.3797472051266328,0
2.780773235815151,0.3427139900517725,1
0.5374821942415434,-0.7529753463087153,0
2.3994710094388485,1.114024698481059,3
-0.1030475940222432,0.2338245863747308,0
-0.7600557747777171,-0.57924562507045,0
0.5292398302095233,1.4532042465876338,0
-0.5732195577397394,-0.6713805962994361,0
-0.7189447409170268,0.9269820946667204,0
0.3303209078550244,1.4667861093542232,0
-0.6947379431072295,-0.2306585282978121,0
0.2362009751994005,-0.5241556415721123,0
-0.3980773360529098,-1.294932558145174,0
1.1254051664833185,-0.6106834392166041,0
0.6921445766961194,-1.0633607930629263,0
0.0085311874722165,-1.641579187916815,0
2.603776423082764,-0.9633973101803468,1
1.1637811687794108,0.1735683779898916,0
-0.95699475727415,-0.1910464202288654,0
-0.134149967807739,0.1112720636761526,0
-0.7847773347163947,-0.7891564411255458,0
-0.1555036281833767,-0.0478880804101382,0
-0.8640224047138627,-0.2760513659373023,0
0.1364857103857814,-1.192286804683726,0
0.4888117270290452,-1.0519861416493532,0
-1.306528017180403,-0.6101319391113535,0
-0.6923454726451687,0.8795821961733394,0
-0.6922227793573968,-0.6382085710056045,0
0.4500634825789314,-1.237292010494763,0
-1.3906497375919051,-0.3392160044305305,0
0.3736467905665291,-1.401104835673155,0
0.227731760041057,-0.2670407741004759,0
2.772706283277409,0.6661102250073129,1
-1.1725369638166288,0.6256383750486256,0
3.081558007069724,0.5156358756092476,1
0.3139223388802997,0.3402138737402491,0
-1.0358956236587171,-1.763494042197239,0
-0.5623460417581788,1.1864619126812694,0
-0.6557194283965924,-1.6120346950445703,0
2.271795722022825,-0.9037903731084932,1
-1.4967716688484092,0.0925237823914171,0
0.3526649027652302,0.3771636300759606,0
0.2092902650183667,-2.072579775939833,0
-0.9007544589107565,-0.5978145496763125,0
-0.0679054669716671,0.3992892135609385,0
-0.7565067033715078,-1.051205725659547,0
-0.6997898751998477,1.2420316738317712,0
-0.5115021629036063,-0.194278628676302,0
-0.4542423185338427,0.4758640502875806,0
0.3915879593142458,1.3839647144808591,0
-0.759366200549935,1.609801029508667,0
-0.0314267956762482,1.2770624290793688,0
2.475573858068919,1.6601469937683704,-1
-0.3005181759746195,-1.1144761321675785,0
2.07593729537701,-0.5896378835083619,-1
-0.6377758081437338,-2.1847191360375904,0
1.1184063900716472,-0.0413924861604235,0
-1.7838261622514382,-2.058023669402857,-1
2.207949841444788,0.7747937409493649,3
0.0260610485786055,-0.1326668253556175,0
0.2880832193128658,-1.2804163231046293,0
-0.1799430875003745,-0.8197642800762117,0
-0.3339459959774571,-0.1972759674610825,0
0.2315972803223486,0.2210549905546035,0
3.585305367762809,0.4547496251636943,14
-0.3287602194149951,-0.6904781841613301,0
-0.1323493476830766,0.3551247606623136,0
-0.4143471175556832,0.5733718474641261,0
1.3035837535768369,-0.4067235199946881,0
-1.066417638052875,-1.1484667471264176,0
-0.822439762298404,0.2566011573167683,0
-0.2534441254684003,0.5403461100414526,0
-0.616938557987148,0.5808638249989246,0
2.8675700766737844,-0.7045846890921605,1
-0.1533269318694677,-1.877836182382341,0
-0.5295192969611454,-0.2594775961383122,0
0.2756094525898003,-0.3075925346196642,0
-0.925771672126342,-0.76490523175869,0
-0.8291740788304288,-0.721242022425112,0
0.031709548242526,-0.385887112901461,0
-1.571513089548657,1.7276095742020476,-1
0.4813608349144045,0.8225733394302747,0
0.3077573047614414,1.0910746127864093,0
0.5866619529660333,-1.435335752047031,0
0.9281450976616076,-0.3239055138447365,0
0.3080320826564667,-1.1663379932764133,0
-0.3033607857939978,0.535858619187888,0
1.0290175869866658,0.9257695925102656,0
-0.9107765974372788,0.9877678572737568,0
0.8259009866272333,-0.935727868583012,0
0.6808813818380983,0.0130727354534865,0
-1.265240948258144,1.1770571909886445,0
3.2416442240069507,0.5020848212570553,1
0.6518252187724027,0.4192902137062976,0
-1.7252873689935506,0.1572843409682328,0
0.2592863293132303,-0.2380403065521358,0
-1.767493864138448,-1.085604092665277,0
-0.6116527358448542,-1.779529740450426,0
0.4148018671287101,-1.246879108649229,0
-0.4979470869469385,0.7546916205971113,0
-1.1090489693224137,0.6813657238129307,0
-0.0130127898312881,0.2713365967999103,0
-0.92768774259583,0.9927635880127292,0
0.5614155669346762,-0.3616411837108912,0
-0.6719782627368878,-0.5669503751501073,0
-0.5167587179623043,0.8355014996182066,0
2.2328103028512007,-0.0511961133601424,1
-1.180828161987944,0.3423352199325485,0
-1.585842120916557,-0.0133541795174675,0
-0.4922732340183561,-0.5660037263795052,0
-0.2492947322393713,-1.398715399434391,0
-0.0390968764265693,0.5295338642934405,0
2.683645475625364,-0.934170490292956,1
-0.5993309294931566,0.0960506753983947,0
-1.3899591444210504,-2.0112019933711904,0
0.4660714096948088,-0.216096947952906,0
0.6080177992867247,1.2229437974118351,0
0.1250653441708919,0.0478202574602815,0
-0.2529197189234174,0.4134947956696966,0
-1.1020157946253542,0.2544755314348902,0
-0.8414211186630566,0.0918641260346585,0
-0.7898495130437967,-1.6440003235361418,0
3.238471982172973,0.8960848758876205,1
0.1186740824930008,1.0133610393853656,0
-0.7411893694264852,1.6419753258229692,0
0.5497526351650959,0.7791598398015046,0
0.3967296133915087,1.0310480176206465,0
-0.7189950076183909,-2.065779305718449,0
-0.3050419973027233,-1.0755880797032238,0
-0.8061946604610163,0.2398960912648645,0
0.4391796430021836,-0.108169665456995,0
-0.6513788108691033,1.0727879461765315,0
0.2459528434653995,-0.5430560129300136,0
-0.8526285202421389,-0.3907041590541912,0
2.5779724551837027,-0.4457859933472533,1
-0.3907978173777278,0.5589353064418459,0
-0.8303196027964058,-0.1301652983835048,0
-1.115355090854062,-0.0309922721488808,0
0.5837562271410615,0.0785535904618531,0
-0.6729372240265149,0.6386217435589706,0
2.8646473837060555,0.6082601843562625,1
-1.2065185316519451,-0.4880995623452013,0
0.1804901701306048,0.3317094787598632,0
2.246161978804456,-0.0856697431184649,1
0.4931730659508084,-0.8526903548382767,0
-0.9703704337137056,0.2024644484597644,0
-1.176340720870688,0.9824258397405948,0
-0.129160817885426,1.654731275719298,0
-0.310533874973166,0.338616759538309,0
-0.773703573587562,2.034422696857084,0
-0.7076478213728938,-0.7911749532981751,0
0.2830929706637716,-0.1745593645012061,0
0.5851681873323363,-0.6043503185746443,0
-1.2814665572437327,1.5254555885808956,0
-0.9103528600394184,0.5643631233474671,0
-1.8603199925043443,-0.3410525948695984,0
-0.3339922246240016,-1.344393380120413,0
-1.222974825799083,-0.6139110395803853,0
-0.8296504046191013,-0.100748713040762,0
2.107236629637943,0.6488480334661343,3
-0.3546817438202274,0.5412517169299776,0
-1.2415240288922471,0.1207646277702034,0
2.549025382718565,-0.6968840437346312,1
-0.5678693168454773,-2.2241460852256565,0
-0.0053226668657773,0.0259004078029018,0
2.666516648597101,0.4404187005801236,1
-0.4918196059696095,-0.1562771291570005,0
0.3978470988163649,-1.046635455216492,0
-1.3305191150459486,-0.0007053433303876,0
-0.8433035442301412,-0.003907046515614,0
-0.4430231663773124,0.751432514484412,0
-0.8470735765980884,-0.2888431012721276,0
0.6402011985025207,-1.264924953327533,0
-0.9090163157945756,1.2766717116796893,0
-1.3515895018692254,0.1172558119526963,0
2.291183928426289,-0.1517860719399252,1
0.0326757524750992,-1.1077284820319029,0
-0.6783797923981721,-0.2707516081372755,0
-0.2907785576174733,-0.981339085487191,0
1.859453014903953,0.4219470266654584,3
-1.0071798357505053,0.7176727068630017,0
0.5370571540973078,-1.0007532800589731,0
-0.8865321166702584,-0.1776687702866288,0
-0.3981481145491459,-0.7583546465509132,0
1.2025476033349485,0.0193849106991007,0
-0.4299579688645454,1.8017508235039168,0
0.706910348753717,2.098001561691842,7
-0.7452571112007006,-1.2671640156372057,0
0.2825237680343136,-0.691546810416038,0
-0.2818687733140145,0.98377617823286,0
-0.066078994250938,-0.3693707460299441,0
-1.5997195061611698,-0.5232119030639368,0
-0.5366043066660323,2.3603419246976203,0
-0.6603691479005946,1.3065573627459304,0
-0.4182211037425879,0.1420791384270717,0
-0.8857320990635574,0.6456245351518336,0
-1.234879514128575,-1.2328821706304958,0
-0.4428982871444867,1.7327611526780429,0
-0.9509005016515276,-0.4053292476807648,0
0.397881626917447,-1.0721387098421566,0
-0.1657920731195032,1.4616174962310169,0
-0.7250307846856157,-0.8564164836455074,0
0.0726248445904461,-0.5361265926368697,0
-0.1535790120245672,-0.6506434829263734,0
-0.1903968299349943,-1.458252657082125,0
0.072931649049426,1.9183320259986911,0
-1.0076691648310154,-0.5056373187141912,0
-0.4871775247843353,2.4661774752972763,0
0.2717990019561856,-1.7591939048296152,0
2.8028937384747685,0.6422328737017247,1
0.4576704473236593,-0.6262088545554167,0
-0.2025458061132499,-1.6909584244209157,0
0.5447494630078725,1.252929936316593,0
3.5448325427017555,0.7941233302670405,12
-1.327349608520415,-1.5691667180102438,0
-0.5394530106695903,-0.5019907323491315,0
-0.3554335508549242,0.0436963912003048,0
-0.0488923678463624,0.7436821583451069,0
0.4276532168069912,-0.3018221900928939,0
-1.0206607687553937,0.293644253594543,0
0.2204588849134449,1.0671006843914386,0
-0.1052055008353521,-0.9799952212895648,0
-1.6800107337238674,0.2063406480439004,0
0.1572748797860568,1.0796541613401944,0
-0.2571539069548925,-0.6147018406139645,0
-1.0548698668961178,-1.276596308596908,0
-0.453960217912163,-0.0861013333233968,0
0.0476595461663964,-1.6844301303039302,0
0.5014468273996842,1.7659428894138325,0
-0.9132659085910448,0.3828052434045055,0
-1.0746736845558174,0.7064716114354777,0
-0.4783322334367452,0.1352618088672761,0
0.3354807520377112,0.7743800763578101,0
-0.9398198314150368,-0.2506141831388097,0
0.2493310110118326,0.1770366739510434,0
-0.0431463538914604,0.7693080403239863,0
-0.6269867531293314,-0.1415399497970783,0
-0.9226363598666024,0.8447314712064298,0
-0.2579992700094595,-0.7571758210157303,0
0.5076300516239665,0.675592814231472,0
0.1289562975005537,0.6801574355577966,0
-0.2891672354776052,-2.526443103217791,-1
-0.6598188887595451,0.1671933917971308,0
-0.8514784088579519,-0.4607949806932441,0
-0.190352503430201,1.7219606614009555,0
-0.1902089645122692,-0.1725745947381067,0
0.1555438652269493,-0.5398631302205794,0
-1.7298924464006862,-0.980404167454808,0
-0.7852332844545894,1.9909669374951784,0
0.342878506398149,0.4215672560595268,0
-1.1467725309845564,0.7692984804581213,0
3.1637062771831213,-1.6420074045677666,-1
-0.5527734932255833,1.0367968962345335,0
0.05931009821143,-2.505289720474232,0
-1.0413275902116936,1.1490694440380786,0
0.7714821837703851,1.9294854299407005,0
-0.7491127032625872,1.282552777512656,0
3.169195153985032,1.626199832661019,-1
-0.1670794378812547,-1.4063652677351794,0
-0.5854866397875568,1.1346903059432716,0
-1.1751997843229212,-0.1296367867035669,0
2.3772433981041323,0.6504419105207547,3
3.143191490302089,-0.1465835648310958,1
-0.3856605411192728,0.7288451647484829,0
-0.3197021789597004,-0.2668162894815921,0
-1.1573828156289458,0.1815420246297276,0
0.4591512838694188,0.1874052306375748,0
-0.8685539683163176,-0.7758564659053132,0
-0.758645167364803,-0.5537117136064817,0
-0.1755271040584392,1.849466351953184,0
1.7209557809541085,0.2102335141569178,2
-0.7080051580933259,-0.3815215757992962,0
-1.4959743865501527,-0.2586442322194112,0
0.2270339239272559,0.921214465261548,0
-0.319733971752338,0.9331482851933632,0
0.7940599389145724,0.1200636026464753,0
-0.2713292671658613,2.1081105456555145,0
-0.7899436184270574,0.0357391071150493,0
-0.1120562009428668,-0.4046331337928787,0
-0.8802910374578693,-2.436683619151584,-1
-0.1788164328189062,0.4212104326454703,0
-0.0162323590385917,2.167535409417713,0
-1.1520150638083442,-0.2181506998056041,0
-0.2186102854708587,-0.8723060456036297,0
0.9634067131118288,-0.3143184156902703,0
-0.0480386631220681,-1.2794292823210591,0
0.9609798387845714,0.70972647991415,0
1.879251695782052,-0.7574487104461969,10
-1.6791790531402226,-0.0024266058887875,0
-0.6971869658110218,0.4989481885901788,0
1.233542738629652,0.1457775443911315,0
0.3381495127405748,1.3422033200120909,0
0.1644875040322139,0.6156245987471839,0
0.1259431291651954,-1.122611949262983,0
0.8802979749428346,-0.942784522803842,0
0.4282224194364495,0.2151652558219379,0
0.3243052230349749,0.303563689467214,0
-0.5208984667752307,1.2801602557026657,0
-0.8756697518707697,-0.8171050139142025,0
-1.620981592442397,-0.2160739595275934,0
0.5641317292147655,2.1923861555830726,7
0.4419723997391944,-0.3869545213051103,0
0.2088510728235269,-0.1352243858280513,0
2.2270298906109107,-0.2192227560171619,1
-0.3669651138317173,0.6537160494851357,0
-0.9294169050451716,-1.2802291211947816,0
1.8057408093783291,-1.2234344052602644,-1
-0.6825813044383311,-0.6709760813998648,0
0.7550646713072516,-0.8534382225369053,0
0.0187685507835002,1.037685316899754,0
-0.2417454926670564,0.2131285148837449,0
-0.6246240935344486,1.3472859163984874,0
0.2851437688017821,0.8751965388527374,0
-0.8006573075270137,-2.0230320883171693,0
-0.1692171484915654,1.086969497317718,0
-1.325066902258189,-0.585734745025526,0
1.234790913668211,-0.9701251930464828,0
-0.7440152959064091,-1.0388607649574286,0
1.0238245674812576,0.9352410596318772,0
-0.8381740602780229,1.006930147535671,0
0.460570566787348,1.199948544052922,0
-1.3182570899960238,0.2086124102208434,0
0.2975687755894527,0.9012928559822668,0
-1.8081887488880208,1.1461896277390264,-1
-1.4677668712108591,-0.6571389255999949,0
-0.6878729369615019,1.7089653868435926,0
-0.0620660268125887,0.237737765515716,0
-0.8712012542419223,-1.833365810969788,0
0.1575841357501786,0.1763587888287212,0
-1.8688964461534805,-0.0800976164045091,0
-0.2503858157047702,-1.6582026684975804,0
-0.3394458699738307,-1.2626426307980176,0
0.7455480756210117,0.1606579260509858,0
0.0337634214529692,-0.5301404323909149,0
0.150860217017241,-0.3000463913047119,0
-0.4588582633197478,1.3731121004525852,0
-0.5044072249793145,0.2237144082927059,0
-0.5920611294379772,-0.044081560250122,0
1.8333929287949728,0.3211070552286813,2
-1.1876838690613654,1.5534654750461596,0
-0.4546685316087596,-0.6110005664430296,0
-0.0067496122743494,-0.3136195851716024,0
0.5712681043477978,-0.0839881355142585,0
0.5125299491413168,-1.437096037191247,0
-0.1896118475775762,-0.2777627654776509,0
-1.607343907628337,1.2010350301327497,0
-0.5287933425225154,1.2505903861684042,0
-1.5241891448323923,-0.3438802884174637,0
3.2598789101185077,-0.6344056561112377,1
-0.9649063905647892,0.6221516987458167,0
-0.7554402995714944,1.0598808829610384,0
-0.4728583418521322,2.38104514408506,0
-0.4275544214243129,1.9208674469564269,0
-0.9177973924097914,1.0947166163097035,0
-0.7285316455198206,-0.0587184033476208,0
-0.5514454446380762,-0.7854284208654416,0
1.307771033782683,0.9669178042567316,0
-0.2586476725885895,0.2162835928584215,0
0.8962241763999981,1.4382085370471118,0
-0.2765717999896488,1.1206613653917887,0
0.5201745968432678,-0.8338088858477537,0
-1.7886487119288828,-0.7823062601223865,0
-0.4452921901686166,0.1192417758341483,0
2.3680229252744827,-0.9146566330605658,1
0.1515366581374915,0.2131009436166671,0
-1.5540334951436323,0.2437605363780755,0
-0.8384972027326609,-1.7615145526104257,0
0.645586670848864,0.532267544297428,0
-0.730526570595184,-1.455759647433618,0
-0.0046515665467216,-1.977778912678105,0
0.0520892621112394,-0.0435787521170941,0
-0.1404326382164769,0.3645349141073181,0
0.4557997223020369,0.4506406401793058,0
1.9506832759269608,-0.2914511095851114,1
0.5906763529664517,-0.3249485881286275,0
0.3345041500060509,0.9947834458798044,0
-0.2221690012931706,1.0940568083768516,0
-0.5305399416942964,1.312927766096926,0
-0.4082293310264422,2.536426339278412,-1
-1.532437399028998,0.6701307343997835,0
-0.2381718714111556,-1.942526909958944,0
-0.962248157476707,0.8564409580954547,0
2.78912611742999,0.259183901641689,1
-0.2176873705567917,1.7536953309790049,0
-0.897322270411442,0.4284682141194273,0
-0.3874065909276633,-0.5334755406462794,0
0.2446616446684226,-1.9361839262989324,0
1.9014676065713048,-1.4664865897708883,8
0.1468535592911737,-0.871740402790749,0
-1.115401868863997,0.1465484005150726,0
-0.123584479247825,0.0551897592179586,0
0.2855822818175376,0.4304032493680449,0
0.1076349292489586,-0.6240048803497199,0
-0.141158462839413,-1.313437083503203,0
-0.9421551260680754,-1.0369575806654672,0
-0.682792966327763,1.7228819335095402,0
-0.3751310132225101,0.1949874625432104,0
-1.4318235536229007,1.1707056900050277,0
0.2837881512528367,-1.3255594510393118,0
0.7933594973080207,-0.0340464933445964,0
-0.4046211816694592,0.3552676598100591,0
1.086936910913731,-0.3686712434186455,0
-0.9243361810284484,0.729528178470998,0
-0.0010958515929424,0.7382703098117317,0
0.0622537907969272,0.5052402436173558,0
-1.198730345032062,-1.7793476671407713,0
1.0443914731734198,1.7791032026336395,0
2.243367999104778,0.7336489179263117,3
-0.8172194576348599,-0.2621043140091442,0
-0.1739618807494216,-1.0106590937405515,0
3.558883437298895,1.4542936016964507,11
-0.3882084606441301,-0.7032934284380055,0
-1.0767088182974458,-0.813422490534553,0
0.5758346656310172,-2.1460608483684056,0
-0.3721744713327837,0.3492014350962115,0
-0.615361634132668,-1.106640953409816,0
0.2837836436183349,-0.634828880568657,0
-0.956899349144514,-1.1996031832035086,0
0.4970670943529029,-1.4143623995841594,0
-1.152124074625194,1.650881301707794,0
-1.2784159099707455,-6.986951729408808e-05,0
-1.1352136828496275,-0.3499551820310101,0
-1.1232181738087088,-1.2605267163580975,0
-0.3966854681088104,0.3947487747782788,0
0.2292132257339154,0.4336316986424408,0
-0.3606616478248051,1.403329198270865,0
3.1214206618722606,-0.1827325055390836,1
-1.6571320642852854,-0.3407911306938657,0
-0.1780359080640043,0.9128104065435856,0
-0.4829664481117824,0.1602827222952722,0
0.4632902792993604,-2.2530942784467163,0
0.5813000115263086,-1.0551909304058056,0
-0.3299811092954182,-0.0838094509280166,0
-0.6185234781675588,-0.211202899170803,0
-1.2514214922055382,-0.632823165409212,0
-1.138283822974414,0.8438769445268323,0
0.1137195404554783,0.6561150455897649,0
-0.6489188410028333,-0.4800388564262961,0
0.260418170808285,-1.1803582649281972,0
-0.9712289298758042,-1.6159088515997395,0
3.2513778223838177,-0.3890426868378548,1
-0.5141012382572067,-0.9260499940319872,0
-1.6384710352831182,-0.558321006635353,0
-0.2338242149603144,-2.094472357482321,0
3.298081403062073,-0.000466386787683,1
-0.4076698470169866,1.0594136849577076,0
2.8566836316042865,-0.9178276794074884,1
2.8755130331773797,-0.1813728245453047,1
0.2054840564591657,1.6419616798991707,0
-0.3768048519725954,-1.1006325020730698,0
0.1577570957393147,1.6513294220349464,0
-0.2519185670420654,-1.490603898105889,0
-0.0351728275578946,0.6330891353925481,0
-0.7429834999911861,-0.1139873745843874,0
0.1086310241324181,-0.5127149183313668,0
0.4479282234737627,-2.1017112365889,0
-0.5426174601972314,-0.948918013463214,0
-0.5237323153771851,-0.3918444840292795,0
-0.1433450075890186,-1.309585066462732,0
-0.7591772364004288,0.2461629212061172,0
0.684579882326825,-1.1612540511955711,0
-0.4157700249094357,2.07949584221546,0
-0.3424723869448228,-0.2640584269339397,0
-0.323760671693595,1.3544190274902628,0
2.4574552216975643,-1.9091626191212148,9
-0.145656301755756,-2.4549657029196967,-1
2.7387037900282243,-1.2825996962996042,-1
-0.7771235919617318,-0.3556139578501536,0
1.7331624823047769,-0.5578214768830815,4
0.0940955918925729,1.4452895253877005,0
-0.8341877786024334,-0.581005910214666,0
-0.2169325626535625,-2.431161419761641,-1
-0.7450945490106516,-0.2936313820394275,0
-0.1766670216631331,-0.8995036651224315,0
0.4091066692385627,0.3955983244337767,0
0.5497786175768565,-0.401256832079344,0
-0.3415121229088208,-0.7984478779664698,0
0.2508125267366766,-0.5019113414830537,0
0.1830372564887692,-1.4437091539266893,0
2.102964339101548,0.7852014717978056,3
0.1051820725099408,1.5804566871355483,0
-0.2529289437918233,0.7511434790416017,0
-0.8285418102273632,1.3118113205133155,0
2.431271219338145,0.0483219818176132,1
-0.5579756077837035,1.2160130314242457,0
-0.3612004902236945,-0.8169014746916647,0
-0.6634146083599956,0.6487901497463767,0
2.7752201442808664,-0.4126224853770273,1
-0.5543934408384812,0.2152710238367408,0
0.7531600973636319,-1.2436475738036072,0
-1.5401269726311182,-0.4090911619264922,0
0.6015303760962131,1.2012005893117308,0
-1.053876926868799,-1.183013596608366,0
-1.2550868971552518,0.0127217142414379,0
-1.0187159063618,2.018422935618487,0
0.7862001406317605,-1.259667606836735,0
3.051165928906284,0.0966031530797611,1
-0.0796430854766093,0.0631201456379516,0
-0.5864177665556572,0.5063703351247645,0
-0.7763599545658786,1.1466580198607097,0
0.0473796314897706,1.376654658679622,0
-0.962936428958114,-0.6614230288071149,0
-0.8326010063122569,-0.4424146036916748,0
1.1889326960445228,-1.2162275126948887,0
-1.7229591874677648,0.2919929736124493,0
-1.4149455837870708,0.4827753933912541,0
0.1770424470506025,-0.3923391017235945,0
-1.7943050038991404,0.3118413631681047,0
-0.9770970877550876,-1.4484020517229594,0
0.7831871763159963,0.2580618466656016,0
2.8012711353371347,-0.1420378458721498,1
-0.4639590295516608,0.3563195545697424,0
-1.5927526023258445,-1.1042547543183712,0
-1.2993823429750646,0.2642479400463306,0
-1.0816191136138835,0.797828361279718,0
2.250813834221526,0.8744780926406227,3
0.1332349477812161,-0.8004019908912657,0
2.5178802689779536,1.2037480939565826,3
-0.8685534189529271,-2.100514551228597,0
0.949618296468876,-1.700243386967201,0
0.4938112747504453,0.9929110700022398,0
0.0762252814248007,-0.6646414634873657,0
2.125049010913708,0.4390409423968742,3
-1.5487813179037424,-0.2631930367495834,0
0.0993573337648573,-1.767783274004552,0
-0.6302239630786683,0.7694901136336411,0
-1.0671329906728235,1.1634021084984296,0
1.0909929521424837,1.3678474307565338,0
2.569179078627648,0.9039168174980636,3
0.594505543068881,-0.537494639378161,0
0.0232494281368944,-0.2985169134979247,0
-0.3346347370385462,0.8212346038328413,0
0.9131780615136648,-0.5899718540816522,0
-0.4318315033985121,-1.784263855437572,0
0.8665856775973129,-0.3484607502726471,0
0.9819137256132686,-0.3504675079743515,0
-0.9827573379964564,-0.9881819432850976,0
0.935255824218167,1.7327316899580916,0
1.116138669026718,-0.0024005571341393,0
-0.0607352429166373,-0.4100262315349686,0
2.488940988819153,0.1117227078245566,1
-1.0332646757287711,-1.0199707786433,0
-0.0899251706684682,0.2284197341617159,0
2.1454806395739574,-0.1998635524034419,1
1.7338720189640402,-0.5734560489601099,4
-0.4936417008715307,0.0895562752670324,0
3.267292872658909,-0.5053283795951801,1
-0.8281480932960831,0.2231792707420358,0
-0.7304172759750318,1.2074236622493089,0
0.6165388494528957,-1.2271003985176931,0
3.190420026888718,-1.209516664475964,-1
0.1966799983007216,-2.041988820060285,0
0.0751523880648258,-1.2636180686867555,0
0.9403552877037048,2.078341568164386,0
-0.2771137174609712,0.0944399152726561,0
-0.0880123848708151,-1.3790523203357097,0
-0.2337117154520357,-0.7932022859465967,0
0.31847399472993,-1.5325662682516903,0
0.7824171791758756,0.0999958570721293,0
-0.2088822934552749,1.576613187418683,0
-1.334588085362639,-0.0926244988401892,0
0.2071967269252408,-1.099151018903984,0
-1.3853351235255065,0.7828379319154821,0
0.7518716338750991,-1.4623141671232351,0
-1.7810430499305303,-0.8424057718595883,0
-1.2130768131224012,-1.184981331724254,0
-0.9775712275987064,1.6712106630339658,0
0.2895486010616457,1.0471484182738535,0
0.1154789889314886,-2.2625383258773435,0
-0.958171524669374,0.275336793164413,0
-0.4720469075032713,-0.1552561943878075,0
2.848345655423036,-1.0235901618596122,1
-0.2951132107764769,1.0144096969977296,0
-0.7464370334520655,-0.8184880522737382,0
0.0417167757556514,0.4945094317643883,0
0.4572281002726784,1.2934392855265529,0
3.070904229087234,-0.044776672829186,1
0.7194866867656562,-0.6113647130623391,0
-1.7138883477402262,-0.7610406350693857,0
3.46692141145638,0.6771716584344109,12
-1.0441451008179898,-0.2089492141833305,0
-0.7631012852691036,0.1426076501070099,0
-0.7307941055472631,1.2853837082078408,0
-1.2220962874217942,0.2114975066961818,0
-1.3900714399097351,0.008026773416201,0
-0.3655949246844709,-0.4874153545043335,0
2.017856921605673,1.4462654440687228,13
-0.6793018241135607,-1.068816247023883,0
0.5241916523684224,0.2393231252467307,0
-1.3887919416582204,0.2285340195001245,0
-0.8743128315754489,2.054833643654394,0
0.292299087423223,0.255173664619037,0
-0.1317743290929331,-1.4241220769706733,0
1.8012710090031068,-0.8783562758812268,-1
-1.5501705803550914,-0.6105090343199406,0
-0.8742382190439875,0.0434008814628558,0
0.233558276692006,-1.0606790842340326,0
2.7738907929469843,0.7384201640464003,1
-1.166710526949388,-1.3797164079581403,0
0.3021002594081992,0.1893814830770687,0
-1.48249071823682,1.339845541098338,0
-0.98104753858322,0.7852134190782611,0
1.1577114630064802,-1.2958441188118004,0
0.5781454104343641,0.3239778734118433,0
0.0254625788655515,0.6809591658843924,0
-0.3521378623501897,0.1277463223906275,0
-0.8388987119702778,0.1680448329055023,0
-0.6186846077955385,-0.6814568803958377,0
3.102012413253607,0.0582279470752852,1
-0.3187977879863453,-0.4539203997820686,0
-0.0963659456647388,0.1970398687014627,0
-0.5972066175504656,1.7836899872073682,0
0.7400404593502868,-1.4434018897183152,0
-0.0145568221663492,-1.8904393701128728,0
-0.4171437027481112,0.0503251731558069,0
-0.3222954939644093,0.3614849305456292,0
-0.997595536640462,0.3610078695242473,0
0.5379492951618099,-1.0358199723211607,0
-0.1036804119886996,-0.4745706712404131,0
0.3363443051977022,0.5773647206233756,0
-0.4933238992180875,0.3411743200107429,0
-1.1002560623460416,1.8680374711641068,0
2.3688209609557243,0.7300161053284379,3
0.7502856149679072,0.3949352793536054,0
-0.6366527778980886,1.5749228848507737,0
1.6826740880608706,1.0667411046223472,6
-0.1195605146150125,-1.5405423031282317,0
-0.1105188121553758,-1.4308664899590295,0
-0.6260075456049204,0.9804220160340232,0
-1.0411432134803975,-0.7355545666670256,0
0.3023940605753415,0.8000367667510865,0
0.4370789917818055,0.2136243266964124,0
-0.5880943406141869,-1.9637109495408067,0
-0.466400809312507,1.5696570210363696,0
-0.2645906470189286,-0.9252756833963758,0
-0.517321560847495,-1.0256919344140163,0
-0.2353647586039464,-1.085946251345982,0
3.524457336467544,-0.2389156009879811,5
0.4459322794553266,0.3622801628448803,0
0.8676877082251895,-0.9121935669242944,0
-0.2434915424754469,-1.0491921905110175,0
3.045417179642937,-1.103484048948409,1
0.1321888699996949,0.6277619579015369,0
2.5862155725987077,-0.6561248332437705,1
-0.9771074855541748,-1.9498400513314067,0
-1.4399966459246545,-1.1513741346925477,0
-0.4145018076556868,-0.0293716490050907,0
0.1488466322567713,1.1787762589419843,0
0.8996945972199262,1.1320372109237145,0
-0.2821949908410852,-0.5906592990698393,0
-1.0828114155897954,1.5664457579852784,0
2.7988579434808,1.2332482840667245,-1
0.5040893218874846,-1.018032506247363,0
-1.3029781923912092,0.9137487132993812,0
-0.0068645132557846,0.3632438462626935,0
-0.0234918354985841,-0.6792972089522433,0
-1.0179135670656512,-0.3481337347862802,0
-1.4988503015079464,0.8766599685650585,0
-1.5197198938205605,0.635699667526783,0
0.3273318698216612,-0.8629245297006682,0
-0.5061070461411604,0.1085111155572743,0
0.0349440228834187,-2.4713784963814707,0
-0.7244854527267645,-0.1482958141041731,0
-1.038636261584598,0.8545767963893093,0
0.9083977024279456,-0.0127810198676889,0
0.9917540131175372,0.07922295826057,0
0.8896600845486651,0.760874670462166,0
-1.6906210183682568,-0.3814158077844933,0
-0.6221596160336768,-0.8962714566749949,0
0.116222454296458,0.4006024209202611,0
1.0579217154770932,-0.1204465350356807,0
3.510113603685649,1.5299120544778264,11
-0.4041112610103688,-0.739045153718969,0
-0.5551660434713523,-1.285160301109827,0
0.6240413110152757,0.5622841884643962,0
-0.2786751865184715,0.2679940374959053,0
3.019077104653431,-1.6316420850285545,-1
2.211381276561117,-0.1947642482547269,1
1.0455097119812606,1.697260482796333,0
3.544917003668914,0.6087866530072338,12
-1.638418446892306,-0.7554095820934131,0
0.6647864624662125,1.3232518684452617,0
-0.2806926795180668,-0.2667313152870416,0
0.4492460282497912,0.2747447732028073,0
2.7911533846613823,-0.868397514270553,1
-1.266931674367278,0.8921092301851128,0
0.3335568150579861,-0.1154266217530436,0
2.581085619066907,0.8694125309014377,3
-0.5241837574808781,1.6975483241207905,0
-0.6913597755607964,0.489434158583245,0
-0.4761293506914814,0.4453958733373409,0
0.0991651647272245,0.9577680724452006,0
-0.8946880378096606,1.0217947123993727,0
-0.5597566850245811,-0.0757668221985819,0
-1.3386823589120056,-0.4966890830962314,0
0.5713044845586457,-0.7629668077866595,0
0.1502052506742494,-1.302879827636285,0
3.457606833243469,0.7918125455042816,12
-0.6992468590017442,-0.3810630466956644,0
0.835932424226062,0.6294438947219342,0
-0.3425342002040411,0.2706788318960252,0
-1.010549457607617,1.1524934372371285,0
2.6949749413451194,-1.8564513599329755,-1
-0.4241868556965612,-1.1809767040940795,0
0.9579688563942672,1.4060765004659452,0
-0.5851910662943571,-0.119846300902656,0
-0.8248218349613776,-0.3522015675459357,0
2.666516648597101,0.4404187005801236,1
-1.1207157295474113,1.020335217168892,0
-0.939798356637778,-0.7403002845490035,0
-1.2866686718018527,1.7046717237706075,0
-0.5652188760637316,-1.1489294901313705,0
-0.9431700902360434,0.6838038940794691,0
1.750335556054124,0.0360861778537102,2
0.7899279824079828,-0.2762049770137136,0
0.9102418956744164,1.4154442426017209,0
-1.1039189360069048,0.3675448325409315,0
0.6685017204982938,-0.6938429067127392,0
0.1959262891242735,-0.5064482399662074,0
-1.0449547628407934,0.4621602337695914,0
-0.6431578418306337,0.5680109275635852,0
0.1434540467831758,-1.2700510035654171,0
0.1080157170923011,-0.0680374114556223,0
-0.4957268972949294,-1.1026003887650515,0
0.1973428367337584,-0.6683662466001508,0
2.4280754465975485,-1.7350152828180072,9
-1.265777055348589,0.1312878380754052,0
-0.0793961921350962,1.0192201172797275,0
0.0538319030119093,-0.7398436468982453,0
-0.4071845559912961,0.4370797228090619,0
-0.4753034804887135,0.2561765221987596,0
-0.4112405972200489,-1.299438951366117,0
-0.3935073361102471,1.1929172902268157,0
-0.9574015275292532,0.4334027827578853,0
0.1121476735988907,0.3282311682045664,0
-1.4405188665245832,1.4745965850517833,0
1.0671490974144011,-1.2242120648950352,0
-0.4338424326342457,-0.3426963580147941,0
1.0384166261667347,0.6257920281805884,0
0.4170605729046354,0.095590103265796,0
-0.3825372632402837,-1.986733622590704,0
0.2300916843274952,0.0473237720457991,0
0.717837681668565,0.9415353092641144,0
3.443030229354972,-0.412689079229921,-1
-0.1414259977914921,1.4277062721382556,0
-0.6489888661160846,2.0523798081677964,0
-0.1421596147207648,0.5906616102723825,0
2.585307093538547,-0.9350442224921188,1
-0.3990376501208975,0.6190773810643698,0
-0.2600465794560411,1.3633703486794486,0
-0.5412541801576431,0.5788146559879916,0
-1.0360261092528262,0.595224060726353,0
0.0769288778874933,-0.4928241174664826,0
0.0538877760745564,-1.0871289876302992,0
0.8126274118968695,0.2576150720328948,0
-0.1767097616182486,1.1236809952673603,0
2.792397805448424,0.7022710717623192,1
0.1942726966089721,0.5254658799576917,0
0.023381969860363,0.0097884042548629,0
2.3973488834412118,1.92550479204466,-1
-0.0070120902285361,0.4121351146759176,0
1.1569609587181586,-1.1222167768649254,0
-1.120542299978593,-0.0410687078213758,0
-0.7653292171954639,1.4612065070368068,0
-0.2297617342035857,-0.490443198551324,0
-0.237866369698551,-0.1592509589999306,0
0.3005966453388056,-0.8057291683822768,0
0.1235793208115461,1.4174988433650335,0
0.7950643754677591,-1.934231856403104,0
-0.4885602976757228,0.6067514743057232,0
-0.916184767523548,0.2207952662556511,0
1.005040171592042,1.8864374226256853,0
-1.36774883999308,0.6198068684213414,0
-0.8967374033856018,0.475317461418172,0
2.942379275001736,1.8061636839732664,-1
0.917585079718582,2.081099430712039,0
-0.4048694277893331,0.1076055086687492,0
-0.8513458671344832,-0.1524896629404561,0
0.0780829475427915,0.0710125757470939,0
-0.791151709035237,-0.8342876630132101,0
0.5665612590667588,1.1310861071547345,0
-0.298129533967976,-0.8060669378528612,0
-0.2783846700231643,1.0288460864439166,0
-0.0032719485114751,-0.1360601617163636,0
0.6304390122211427,-0.5357461087048699,0
-0.4895700750301044,0.1442202779529159,0
-0.5844554674396245,-0.1041810719873239,0
2.057415377441981,-0.3641962203620739,1
-1.4969405907827258,0.4631971369110303,0
0.0806437163718779,-1.3531648226050044,0
0.4858963567879709,1.956305954250915,0
-1.6752355114197486,0.4328219967506672,0
-0.6295313879823538,-1.7238753082575602,0
0.4100572888584624,1.3556116267926313,0
-0.6191167610670264,-1.5808695790285363,0
-0.0450858754838589,1.5613560137024285,0
-0.8194019643296461,1.5873916907571657,0
-0.1505139288976732,0.1709130463097228,0
0.6731963158704799,-1.7568797313434437,0
-1.27012874985425,-1.5624107021270557,0
-0.3645233340708712,-0.5596214169814914,0
0.1429738869592777,0.8252971564162106,0
-0.1265618167357258,-1.1019002125519377,0
0.4890281803562813,0.3956405841669121,0
0.3096409532911928,0.6463119801400209,0
-1.1649903297370643,0.895116954013666,0
-0.1569356305898412,1.627980582409296,0
0.0369174731815232,-0.5846511508852797,0
0.6731489884971542,-0.2546809733562061,0
-1.225584428767464,-1.6792163892407133,0
-0.0649022768876995,0.5438665287537914,0
-1.2453259338365408,-0.1759233251845637,0
-0.0805521139001602,1.1088588417128873,0
2.8957211695870404,0.5688640435825936,1
1.717932418839257,1.2265249680508068,-1
0.1435969863057315,-0.460307686204182,0
-0.1410694144540446,-0.9777878583604552,0
-0.4398418294906225,0.1876877917857462,0
0.1312213630207465,0.6784206593554307,0
0.1197611279035801,-0.5727956792772834,0
-0.0230351323774048,-1.463579834573136,0
-0.1076686755897488,1.9347448194604653,0
-1.6050437646436713,-0.150863086018565,0
-0.4693217243743701,-1.2593763767888646,0
-0.0175248605819439,0.1032248283722466,0
-0.7951665786153376,0.59169973126488,0
0.3382785657726142,-1.519793435284244,0
0.5176566977849907,-1.6007201631892525,0
0.5952455197424216,-1.0446559656296786,0
0.5812818214208847,-0.715701594269605,0
-0.1959471861608346,-1.039127812461634,0
0.1718488781818039,0.9417904507213016,0
-1.3198653370634594,0.5597072051080461,0
0.4173620365624204,0.0332220664989706,0
-0.8366418583041182,2.1639894624672635,0
-1.2055047960264522,0.6083591488602357,0
-1.2663450350153806,-0.9262334130360876,0
-0.1435943524356737,1.092068953042526,0
-0.9732230217844748,0.194607130187304,0
-1.314819215351718,-0.8934350942274305,0
0.109260137879343,1.5026311745772498,0
1.7335529145642217,-1.4962567613803683,-1
-1.707344298104083,0.9092579852984972,0
2.4782722256193663,-1.471113742624879,-1
-1.2414401172884797,1.260086035833681,0
0.1145603160918351,0.2776031235889763,0
0.4096238328405993,-0.2149837395166152,0
0.7001083287978889,0.4627270707008244,0
0.2349084236240627,-1.208845734440565,0
0.5567104439477092,0.3678616566151704,0
-1.122472177154889,-0.7434234878343179,0
0.8524912896620733,-0.9812871143120976,0
0.1819737419848086,2.3197848840021456,0
-1.0782480591947028,0.8662862832783342,0
0.2934563119346623,0.8367176078624252,0
-1.1268861044674643,-0.745630699187334,0
1.182560507670734,1.2377606707900222,0
0.3292058739353101,0.1867155910443273,0
-1.1439507167633525,-1.88391227011424,0
-0.3504276433892565,0.7443876147345069,0
-0.4334065751432263,-0.7502344946755681,0
0.3302492961920952,-1.204193204924557,0
0.288001363838458,0.2472856895082729,0
0.1142730842683628,-0.6334456906330281,0
0.070146480599158,-1.9643092922209573,0
2.568709995781922,2.00814087646105,-1
0.7081213901984436,-0.3347632564732033,0
-1.28626531045447,-0.8783630793920567,0
-0.3674104002107367,-1.921595968805301,0
-0.8481546818120967,1.1098616992926098,0
-0.098386723336169,-0.1874887188074908,0
0.2109011175785528,-1.0813092354739398,0
0.0961982250384109,0.3021161002837516,0
3.443775676645401,1.4290722346171427,11
0.6121315656878905,1.9587017132082247,0
-1.089884459189132,-0.4979874504134028,0
-0.642671118242874,0.4489556177876824,0
-0.938466949174536,0.7756804867039486,0
0.0622699989768914,0.9871303404316965,0
0.2690694410084767,-0.1322471672617085,0
0.90756547248091,1.5206443193882833,0
0.6426236894311617,0.5105430869886087,0
-1.2926825045121364,-0.1120261137631379,0
3.599996792849033,-0.2293286544096081,5
-0.9539609973602116,-0.7058998745143068,0
0.7300130598062778,-1.162929665297423,0
-1.246392337636554,-2.287009933805149,-1
-0.0702577287674627,-0.5880986530261793,0
-0.7500166746882456,0.312902817793653,0
-1.005463880612595,-2.173636757214147,0
0.4822438809261948,0.9572513152361874,0
0.1184648721087107,0.0494650631477366,0
-0.9259768444558124,0.1168427797295193,0
3.4429679965480573,1.2788022496195235,-1
-1.5404375313416152,-0.1769784570915665,0
-0.4113594564725953,-1.256503034784451,0
-0.266000501048858,1.0450311581394878,0
-1.1620723540032396,-0.7708098065335067,0
-1.5652688554801273,-0.5136980246330964,0
-0.8290864630071297,-0.8888714496551073,0
-0.0970760316873928,1.5373325261017754,0
0.3485510065483706,-0.1906902704166238,0
-0.875434559074719,-1.033625709557422,0
-0.505612530247064,-0.8514715299632762,0
0.328606101475881,0.3291589146077896,0
0.589399040659991,1.953663571160024,0
-1.209162408669829,0.4129766927662375,0
1.9539938698652843,-0.3966937492569957,1
-0.633375279498778,1.9984621521772965,0
-1.4871374368722896,-0.4239744775814792,0
-1.4028701214134958,0.0775977522750146,0
-0.9984630480715642,-0.0759042895939477,0
-1.2065099859626236,0.6668138549099827,0
1.1288424917642337,-0.3880728583415939,0
-0.8088165133382507,-0.6733718403571743,0
0.3097033159138013,-1.2130833640132286,0
0.0326841683487266,0.2150889505270861,0
0.3891525392976673,1.2530961928300954,0
-0.7246343324458911,-0.7705872133674966,0
-1.0631583297589884,-0.385438143663694,0
-0.3752926922138804,1.0493915666414595,0
0.1655634724646216,0.0205919811031761,0
-0.2233262258046098,0.5125128651334637,0
-0.4427119284877308,-0.9732422909776024,0
0.4417125773097438,0.3015450257184915,0
-0.6087708064865894,0.3861169942941135,0
-1.275730391724527,-0.2750146143719567,0
0.6527206445087398,0.2340267561701168,0
0.3061777754142109,1.4362140558420542,0
-0.4187142668583235,0.3936239634471564,0
-1.0870077908483535,0.3625491018019594,0
0.2773910791940685,-0.3404707663201208,0
-1.278039080398514,-0.0780299154758258,0
-1.3572697943257837,1.570440674173495,0
-1.0245671768820348,1.175257731682519,0
-0.1953539032613671,0.3305388673960994,0
3.632344057001253,-1.0724821038746513,-1
-0.0860556921160653,1.3504430136694248,0
0.188400500674869,-1.1526713078913666,0
-1.4458615191321025,-1.1340641000897609,0
-1.0479007771157387,0.641480245521233,0
-0.6470642499572751,1.4496244056515613,0
-0.4528809648079204,-0.8313307162413979,0
2.312529926311284,0.680397392587209,3
0.4517172791138269,1.0512927079044545,0
-0.4079208284453051,-0.362709786232893,0
-1.595447764988165,0.6650927439276759,0
0.3019431678350391,1.5647714895778724,0
0.0191935909277357,1.285463250650012,0
0.0978603632430337,0.4251153976150364,0
-0.6157780488038738,1.012211002968319,0
-0.3930129500318446,0.4008386600100697,0
-1.4903024357633214,0.4537563266277222,0
-0.8438823912757019,0.9735082609609386,0
-1.3299506657994753,-1.4795586504153877,0
2.330725496903548,-0.9515757325579736,1
-1.0957071418048554,-1.1792039908771237,0
-0.0014539416963591,-0.8479170656892212,0
0.3983547478179928,-0.3307187810793044,0
0.397445719394442,0.7150199149956313,0
-1.224134705835258,-1.1581998299998553,0
-0.1211940649151242,-1.5015929369872694,0
-0.1924948756626221,0.2059066704243779,0
0.8000347859212575,1.2733747770995263,0
0.677365405970902,-0.0437490709558239,0
2.273204477325973,-0.2247810439977886,1
-0.733388253718665,-1.2938722976379784,0
-0.3494528934673619,1.177459662859249,0
2.864085973382934,-0.7496545973032173,1
0.1676484648684261,-2.107750193187856,0
0.5942711036558148,1.6748668092648902,0
-1.1023692973105603,-0.8107259416635081,0
-0.0308511535188141,1.6615603597500186,0
0.1827403802491942,-0.8603552147573095,0
-0.1571071580169081,0.6562886015758139,0
-1.4087377299293886,-1.079553533171489,0
-0.7374903195743683,-0.8570095461493723,0
0.3863084227123194,-1.088250561814102,0
1.0196177944236122,-0.7700935961598894,0
-0.7802858555443191,1.6965781664083386,0
3.117428490032086,0.2130349821321513,1
-0.0540735569906143,1.7578702774479091,0
-1.7323108992745078,-0.9102282200451112,0
0.6374254089082672,-0.7850956284189567,0
0.0907796571530546,-0.9662944903428016,0
0.0673011354713352,-1.488435860914782,0
-0.6719788121002785,0.757707710173177,0
-0.8623777032316793,2.1822780205300147,0
-1.2325695227082132,-0.7586842018500786,0
1.2102280818843567,1.2683514750934766,0
-1.4550817879421585,0.6213361946520352,0
-1.7124047758860224,1.2270347701728963,0
-0.6176695694236704,1.0861844984861468,0
1.1694672716168462,-1.299164387025014,0
-0.6297321027093079,-0.1532373790629916,0
3.513320793168406,-0.0463453247978825,5
0.9189235261051764,0.7603121132205114,0
-1.1980960945035366,-0.5676737571528844,0
-0.946342955637312,-1.0859408195936024,0
-0.6045479494848657,0.4645593814503138,0
1.1700061140157358,0.9210662859375164,0
-0.1205063427971078,1.340929135238584,0
-0.207910952441101,0.0510996353675115,0
-1.7074600822841968,-0.2418153209632342,0
-0.0902911828939156,-0.348936290290784,0
-0.4574975887729098,1.5584794345506956,0
3.507997084049295,-0.9986545930757948,-1
-0.4380529599434081,0.6385403096639258,0
-0.8440403660475406,0.5209615297657152,0
-0.2954055793815499,0.9070330656964548,0
-0.0769822468957764,1.6397747403406857,0
0.1443859269342609,1.3541097202529218,0
-1.5713350725616289,1.187191551614334,0
0.133215454929417,-1.1320953224316128,0
-0.5318193101301171,0.9245165047091978,0
0.0460722245128292,-0.4983633515036373,0
-0.2118798771779596,-1.9080108688913928,0
-1.7694567126178709,0.8496053997700954,0
2.980328181024233,-0.3243858532468752,1
-0.5593416231317362,-1.486180958076251,0
0.0778555470530773,-0.5533940643543347,0
-0.8041959811341357,-1.0496339881196248,0
0.7239974547699368,-1.1144356123112231,0
-0.8062127207507463,0.4114814120972602,0
-0.6127988091742216,0.1362050689144653,0
-0.2869467620222936,0.1484801986163709,0
0.5664578546111918,-0.3399286324490903,0
-0.6648897643405719,-0.016467822936917,0
2.817205129100635,1.3980278782341562,3
-0.8437538876070529,-0.5638304090121121,0
-0.2974419416656537,2.2043591496767974,0
0.4024262438437252,-0.1081507630896163,0
0.3144409350444054,0.2329104621626,0
1.2225693068839534,-0.0127776311442762,0
0.3971142352700768,0.1121606359174666,0
0.0089406430037786,0.288053417322739,0
0.9532234449573264,0.8010100100347647,0
-0.3514822168281135,-0.3619823419048883,0
-0.2542154253548961,-0.2889025472285675,0
-0.1824897042788567,-1.5807202055861522,0
0.4861080186774029,-0.43755206065849,0
-1.0068763901672604,-0.1660747628543649,0
-0.4906065083955231,0.0779814733543339,0
-0.2326083820777837,-0.6857524349216962,0
1.2517956148466325,-1.3302022691133617,0
0.1287592072094226,-0.2678719434143166,0
0.8895151631006495,0.7725107860514717,0
1.1439225767838452,-0.1453945318922378,0
-0.9183440271150178,-0.2845867209081785,0
0.6260835634639649,0.4571266745631557,0
0.2424500007057348,1.076021500318414,0
-1.306362929281312,0.4940495569663108,0
-0.6877242612619692,-0.9892420522161997,0
-0.6063926920947271,0.3609922043041879,0
0.0213038865642165,-0.5307334948947798,0
0.1071228226448144,-2.028811472193267,0
-0.7878083593218886,0.9001583332091861,0
-0.2452505213717749,-0.6669133772404021,0
0.6320928087560382,1.752838609694347,0
-1.3793175365637056,-0.0870355540212588,0
0.2836114370121834,-0.1139587607750505,0
-0.0712006061130112,-1.0094188029526685,0
0.0201889324282106,-0.5990875403314667,0
-0.9042404143113724,0.0105909597593669,0
0.6485899907485255,0.5089408441864758,0
2.918510870423962,0.8977995125752886,1
0.1273400541071873,-1.4483192721334688,0
2.3905488454108426,-0.5311491318968984,1
-0.6177416506662816,0.9515797424038598,0
0.8866332337423848,-1.393135948693068,0
-1.201485888391532,1.028015742307984,0
-1.265818776360632,-1.7065601450545802,0
-1.289664952778162,-1.1087696648629202,0
-0.594285357144806,-0.0324335386137978,0
0.6887586168433496,-0.9425261441993356,0
-0.8179757723040586,-0.0689290692681623,0
0.838812167639273,0.2959712240938987,0
1.207499619663429,0.2459820420148149,0
0.4338637261894095,-1.9014062694795557,0
-1.5423869013697102,-1.211026568644856,0
0.0386192762688288,-1.2908272911003893,0
-0.2018231363464548,-0.0306936768402057,0
-0.305022504450924,-0.7438947481628763,0
2.8381520692531548,0.8020167371301843,1
-1.117536374586181,1.2779699274207674,0
-1.2436734400480205,1.4414787255381054,0
-1.6690471504138655,-1.4612002613524235,0
-1.0932087355983775,-0.7439860450759724,0
-0.194046570488326,-1.282845976047562,0
-0.4443461579669271,0.5582691757904484,0
-0.6637428078125259,-0.1042658946057813,0
0.1220924642855072,-0.4203797966032556,0
-0.5985082141465298,-0.110875925769998,0
-1.0831514454034823,-0.1913269383480699,0
-0.4163724028616151,0.8795738304258272,0
0.0353061510416551,0.9604528668453204,0
-0.617559879427736,-2.27540960365434,-1
0.396022528237387,-2.31107140144936,-1
0.4023183317536565,-0.8884349322227865,0
-1.4957138905214258,-0.1630194991163901,0
3.011398682233383,-0.2135852287465507,1
-1.330388425432246,0.9610753920691368,0
-0.125505890518508,-0.7039680764130085,0
0.9901295578701372,-0.051572343666568,0
0.2561822604827379,-1.7229834988689268,0
0.1148468743160311,0.4045276576843579,0
2.4667607048577627,-1.854058838122985,9
-0.4257150196156463,-0.4923920312998336,0
0.2952387419539008,1.4200596409847863,0
0.0698639604297815,-0.2455898385905008,0
-0.033660118435789,1.458455118783793,0
0.2645833026375959,-0.1011551193932068,0
-0.0018970421303247,-0.9241096786070832,0
-0.3863592103997668,-1.2904568217625343,0
0.8424398896317633,-0.341777650960898,0
-0.2278045718691538,-0.2973224227426826,0
0.2232566986483479,-1.2270728272506155,0
0.600936543833355,1.1561919947772814,0
-0.7391138916230893,0.8401318896195167,0
-0.9052157135966574,0.9021769969579088,0
-0.2693006971880943,1.65171179741982,0
-0.0954946001984111,-0.8409028227776196,0
0.1375363755855128,-2.099464851073974,0
-0.8420903168403608,0.0624475406919155,0
-0.2006561376032191,-1.1114565022920069,0
-0.7001811906579714,0.3525302206330306,0
-0.0707620930972557,-1.4542120924373605,0
0.1194746494630924,0.511996259500544,0
2.0695525232590803,-1.1362071050044735,-1
-0.6628213254605281,2.0184568296041103,0
-0.3157926159769179,-1.130722517539757,0
-0.990688464138895,-0.5066771558507628,0
0.382062738154976,0.0314309729403574,0
-0.908711647248664,-0.1476095632343385,0
0.4317443355002168,0.0845351441333367,0
0.8835754733421455,-0.5192452554773189,0
-1.6236112376259682,-0.2884145554049844,0
2.5384360234880443,-0.4496685156499346,1
-1.1913409323413515,0.0334249336288776,0
-0.8446783708275832,1.9958589432483145,0
0.3456212004533897,0.4705198381493582,0
-1.7094509693047404,0.2067874226766073,0
0.2907667556336243,-0.7339816350087507,0
-1.3227918584866052,1.0707205484000346,0
-0.4726530397069679,1.3313931172930455,0
-1.2724261575304712,0.96394873407355,0
1.0536878612809062,2.0039516516999694,0
-1.118069746368182,1.406661894556819,0
0.7518456514633386,-0.2818974952423867,0
-0.7278156693325812,-0.2068424906688313,0
-1.0762235272717555,-1.435756452683199,0
-0.3278581000991025,0.9326471932044093,0
-0.328079740239925,1.6683131384858874,0
0.7250287013217693,1.1350958633851025,0
-0.2302139296902632,-0.396891143401086,0
-0.3966659752570112,0.7264421063186262,0
0.4250470227463306,0.591458060422692,0
-0.1348568489422664,0.0896514829292629,0
-0.626823641575892,-0.4926654015225846,0
-1.2192360368603825,-0.4536684954722007,0
0.322667714463752,-0.2914144592444532,0
2.519074003515935,0.938409349623765,3
-0.4513156672950027,-0.2030533083082128,0
-0.4749579741294378,-1.15819350728131,0
0.7318714051033532,-1.919837726690052,0
-0.3126879477510495,-2.350057898723264,-1
-0.0350924046455559,-1.3978915295930971,0
-0.1951363512073496,-0.8711505774342035,0
-1.4849632718472312,-0.1078850612798567,0
-0.3945956842672015,2.107891341212917,0
-0.6865812685848427,0.5657187420160183,0
-0.3856809171697505,-1.4307849044878915,0
-0.0220117523358093,-1.861523876759084,0
-0.9599550534153936,2.3413109306886195,-1
3.636888673927531,-0.1084941571221108,5
-1.8431782419679523,-1.0835549236543442,0
-1.5744087013778445,-0.7892783948769458,0
0.2234028430590302,-1.7792427480365829,0
-1.6251226440016984,-0.4425978711196822,0
2.6584828713820805,1.4467495014104654,3
-0.0423602227752755,-2.079138726895122,0
0.3117539842361181,0.0045765546445196,0
-1.1382800687228969,-1.8426943789436545,0
1.059731300838774,0.1215655091861849,0
0.9025985507188404,1.483339758934776,0
-0.1464877783198068,1.0743003893361074,0
-0.1979498237588264,-0.3835252479297744,0
-0.9289794109724892,2.1360102328403032,0
-0.6719886605359751,-1.0683883747585547,0
0.1002697210641432,0.52468411827344,0
0.2970529147337913,2.1830575876092064,-1
2.727773302257236,-0.1438406939016878,1
-0.7433688752527389,-1.1909407458810397,0
0.9000134976001506,-1.2656609149791431,0
0.3157917611555467,-1.407818288671021,0
0.4956891128993198,0.5676963401499581,0
0.5488053002170311,-0.3310502278313434,0
-0.2278032691227786,0.373860244933865,0
0.0594357308272402,0.4718796707192305,0
-0.8135163697279232,-0.9154451982556472,0
2.124134092325572,0.2926110683927079,3
1.1526069425230498,0.3739346587758433,0
-0.1458276751952145,1.2734616427469505,0
-0.1415177017015965,1.1293121998194262,0
0.2327799378821579,0.9468403472404274,0
0.0165255094039568,-0.7749220936313578,0
-0.4947866754741168,-0.6440250860146445,0
-0.3875327729068641,-2.1859868465164585,0
-1.1121673942231045,-1.9389429829649372,0
1.2468327311393823,0.4781371581589693,-1
-1.27117086936466,0.4996807615183765,0
-1.399226191241041,-0.0782610259654414,0
-1.0257921048172776,-0.0637175228100057,0
-0.9623366564986848,-0.8038663523705771,0
0.4503571539303798,-0.4587327115169402,0
-0.1488263576446803,0.4381537570834434,0
-0.9468484186938864,0.6972619116417851,0
-0.8169355049034145,-1.477545115266858,0
0.5686897448086635,-1.0245999745262575,0
-1.0799473309931582,-0.5735750947803816,0
0.6922485305150768,-0.9170041387823856,0
0.6634439780247986,0.7983951982109511,0
3.2122695059048274,-1.339156498233676,-1
0.2865048628963165,-0.0961901970686317,0
-1.3335465152156196,-0.8300578771623371,0
0.7540349315213885,0.8887118077664331,0
0.5966347821937703,-0.6973399680593213,0
-0.9180593210005876,0.4958132308339394,0
-0.6214714743679638,0.7894965455313796,0
0.3555283081827831,-0.2702951220626107,0
0.474163795280921,-0.3952517694660107,0
-0.3308940459580947,-1.0516187578827243,0
-1.2800917306462904,-0.4743104011830331,0
-1.022637503725333,-1.4428863266276546,0
-0.2443747183029309,-1.0159661510131257,0
1.2517900084853495,2.009844472003861,0
2.676285404222149,-0.5891536745905259,1
-0.7645801454692116,0.7843005127171889,0
-0.2006939503761361,-0.9357564823923488,0
2.9520076168132703,0.0974968539212679,1
0.4433057891278963,0.3076468169973007,0
-0.9420731963897674,0.9237432603485516,0
-0.5291632629870885,-1.340313641313739,0
3.075823070092993,-0.5011141073882732,1
-1.201393635118037,0.0017517293035293,0
-0.2868246180979122,-0.0446524832392889,0
-0.4785232537156113,-1.1681235035065536,0
3.176611647814284,-0.3907604090967488,1
0.9429745350881888,1.6492441644333302,0
2.7315231681741072,-0.9747222508121444,1
-0.3835481893534321,1.5796718398800706,0
-0.63118367775128,-0.0207785206571133,0
0.0755377633263784,-0.1866646973901036,0
0.748943679889884,-1.4545794762039894,0
-1.0989261616487689,-0.6076632635826047,0
0.0529819525391321,-1.4033035297025658,0
-0.1818683828382685,1.2755532230671125,0
0.4762996037494804,-0.8554906286951578,0
0.1146098294102146,1.2745237709743136,0
-0.3955938352800209,-0.6704220414818157,0
-0.9390933276130164,-0.0652042861553774,0
-1.115144527691411,0.2244658835882823,0
2.760890563549576,-0.8289281537732582,1
-0.0963659456647388,0.1970398687014627,0
0.176593406420066,-0.2810797965435449,0
0.4842815459566736,0.3311078989323927,0
-0.6365801472920868,0.3848695556097762,0
-0.4114886393203287,1.7733977358156887,0
-0.8458123482357062,-0.9405629919252122,0
0.4882614678879954,0.0873778292994465,0
2.90377847770868,1.7398705620184376,-1
2.6060286893307127,0.5115614169788599,1
0.0417245680619881,-0.3464179039802597,0
-1.778511548185039,-0.9359697330568448,0
0.255081612384945,0.7236484583324773,0
0.3068339702996777,-0.3781726937767458,0
-0.8046896138295535,1.738285395096953,0
2.575361000105555,-0.8576159253608446,1
-1.6147002247800344,-1.1405194776353067,0
-0.9887812847025248,1.2258975307690343,0
-0.5773006981815743,0.6004541391022602,0
-0.6449140854185174,2.124751060883491,0
-0.1398029751061614,1.0552229216926508,0
3.494986740656102,1.464774400692424,11
0.1739287338040077,-0.382879540649001,0
0.0700159950050493,0.3944088107026343,0
-0.3868120052818206,1.5073738068880016,0
-1.2499686942008994,-1.3058158290117514,0
0.2428591724339944,-1.5265612056383573,0
2.4227537936077974,-0.0203011304195399,1
0.2508112239903015,-1.1730940091596016,0
-0.4266804704652348,2.22529009083044,0
-1.1891297579583462,-0.4424059347919759,0
-0.9618655175235988,0.758933009342816,0
-0.8159763395941934,0.6373816043471804,0
2.9948294189982843,0.8957077806790337,1
0.2560927425176874,0.4777418341848185,0
2.742904752704993,0.4422828622862691,1
2.728462123102033,0.0493652076775975,1
1.0968993423423807,-0.1321134590393838,0
-1.1630580510876118,-0.3806617689434125,0
-0.7815997520812218,1.3336701596462748,0
0.8647397120247846,0.0885058777778883,0
-0.8980636796470516,0.432350887998202,0
-0.6605661083760317,0.1906239684700123,0
2.718610005236608,-1.3850419105385143,-1
-0.8702497514233442,0.9545842290850935,0
0.0065287538938188,2.334522214938161,0
-0.4225460624535033,-0.7361953206564055,0
-0.1185635365328744,0.3986843965861487,0
-1.534325085613569,-0.7307506206796663,0
0.3694147884801077,0.0698179334157585,0
0.469844726734591,-0.0813576584703858,0
0.2970962040522972,-1.1647851581038695,0
2.2004344507944698,0.6300086726326535,3
-1.0010472179915753,-0.99696822581184,0
-0.8584375203869403,-0.7206794651834576,0
-1.0233867052672794,-0.5980763170042318,0
2.882255142015741,-0.0444569805480721,1
-1.33250035765039,-1.0465053530819306,0
-0.8773091125517584,-0.7586077449791334,0
0.5417349919261392,-1.2210221161807342,0
0.1109968886154274,-0.3858022902830036,0
3.4828650496359828,0.7228346291493328,12
-0.1980017385503622,0.5976876076549089,0
0.1060086218917931,-0.1013247646301217,0
-0.7713113071450954,-0.1758354169948803,0
2.9798778376473214,-0.8843092157433733,1
-0.6239166130045449,-1.3353720763549208,0
-0.3144818742961561,-0.7855217608075047,0
0.2539737713761912,1.3069291777782313,0
0.3851414239690837,-0.007487736362301,0
0.211236979521726,-1.001276511562625,0
-0.2919338558152467,1.272044407249605,0
1.914091006396482,0.1788217740073022,2
-0.7257838944666876,-2.025154477051728,0
-0.3879887226450589,0.5941365321042664,0
-0.6236950228957081,-0.6914175334593851,0
-1.5287062725809406,1.5033965989488114,0
2.377292028223833,-0.180574179789935,1
-0.9411673728543432,1.2399178024208182,0
0.6837443677079544,0.5223680533343947,0
2.5776359140614447,0.9667433833685208,3
0.928035333461773,-0.4507142653311703,0
0.4493709074826168,1.2560734113964382,0
-0.8967654419267226,-1.0112892873773591,0
0.9389606844511612,-0.7858010848083568,0
-0.201396793455844,0.8882669245865998,0
-0.0745754945674174,0.396978125645993,0
-0.9550228137420148,-2.296000580732338,0
-1.671785257050896,-0.9891669410397006,0
-1.3291942713465683,-0.4610174222831605,0
0.1503949682067402,-0.6706771829390029,0
2.9425481969360523,1.4354903294536534,-1
-0.0658523471442086,-1.7408048589283471,0
-1.3711992983815264,-1.278703032111407,0
-1.1698909806373994,1.0119650524365524,0
0.625679998096988,-0.2803373605972959,0
-0.5326089299377309,0.6026611988791829,0
0.0155496607552811,1.441322028890468,0
1.040730451622322,-0.3748648536362724,0
0.292505013135678,1.3692664061306596,0
0.0762720594347357,-0.8421821361513192,0
-0.6202264541855458,-0.3441134419360462,0
-0.5453140554216215,0.3171508324100897,0
-1.0407077755370748,0.0136613666916795,0
0.7723930643037016,0.2302713162190282,0
-0.6714525534455299,-0.0226190218453153,0
-0.0492959332133391,0.006218123184655,0
-0.1714771570138659,-0.9266823822738548,0
-0.8962389792523798,1.5288828189272643,0
0.310383041705887,-0.8501327943658429,0
3.680297115464443,-1.1286258735855457,-1
-1.224908537010604,0.1585890310039499,0
-0.4916103955853194,0.8076188470806288,0
-0.3478597614329177,-0.0281550187351506,0
-0.2837473648458736,-0.5868498449146903,0
0.2378214721756889,-1.0272878544976036,0
-1.2503247281749563,-0.2249797838363248,0
0.0461690652045344,-1.0036414621055376,0
0.0824247936127555,-0.0613849689821769,0
-1.247386376390654,0.2687235248528771,0
0.9465423459632124,-0.4868633576152515,0
-0.7318655663451689,1.1896857553811937,0
-0.1621969770863435,-1.1837240300218654,0
0.4727921735716054,0.2426009821507156,0
-1.3572083149018537,-2.116891407675781,0
-0.0651705652227633,1.289169131395418,0
-1.0796939480916836,-1.1295851265598014,0
-0.294393276318126,1.5002131245291486,0
-0.3088761943710593,-0.2272738608367648,0
3.4827669061979023,0.5569300720746851,-1
-0.4698889506581767,-0.3210568749005256,0
0.5747177295695516,-1.3930354608545512,0
-0.3302059042923818,0.6341492443236503,0
-0.6314637964475002,-0.2801925699966769,0
-0.844055351264838,-0.5014623722452867,0
3.6851550264096624,0.7777106883813595,-1
-0.4789461079147931,1.0832179681157637,0
2.829361014386549,-1.0381304278677284,1
0.6782517366545271,-0.0592678604239044,0
0.7988157481506002,1.2265680926861036,0
-0.7372887716807209,0.7799097505291,0
-0.2204191174495545,0.8815226631743367,0
0.663190595123324,1.3544052299903706,0
0.9982798726482564,2.089010914764653,0
-0.9820359709760365,0.0009001366190645,0
-1.4759124743348824,-0.1679539161787547,0
3.54877663378562,-0.095286152416789,5
-0.7172866407672235,-0.7956625957278332,0
-1.33426843159943,-0.4944818717432152,0
-0.2166548954624843,1.1860066207249569,0
-0.5224353061993312,0.9817355265455324,0
-0.7924836658618698,-1.0256103489428785,0
-0.0877374529881814,1.0636544001015975,0
0.0623835972119513,-0.3609157586791472,0
0.8119476861047839,-0.1053354976144908,0
-1.5626963861055785,-0.7652547557001992,0
-0.2999229111496922,-0.566188885260386,0
0.1587719300915887,0.0984719625938152,0
1.0796366708442744,0.2629877464043607,0
-1.1197359226276244,-0.5619813905003044,0
0.958738853534388,1.5641424900594176,0
0.1735836469924285,-0.1252635811884108,0
3.2261418341515475,1.186089881106732,-1
-0.3736995601794362,-0.15622311495294,0
-0.4035919114632783,1.1494921877032138,0
0.4296753472567824,-0.6257314230844063,0
0.1638700908307515,-0.2271008268764376,0
-0.223557714381129,-0.5779172745167898,0
-0.8498337073757682,1.9975344057740727,0
0.6568331081635304,0.2986020042899583,0
-1.147816157260936,-1.1602915618961105,0
-0.6415469392384622,0.1796609798524643,0
0.1243330299879942,-0.1180417367290438,0
-0.0824035500895772,-0.8030971703351587,0
0.2689453151586354,0.8822649475444925,0
0.6529258168382105,-0.6477212553180924,0
-0.5890097287820053,0.4262337346515201,0
-0.94796084712085,0.7595567286849848,0
0.7244966322861435,1.9349704981977007,0
0.2920793494241518,-1.0422562959232349,0
-0.7803443340997167,0.7014981717872969,0
1.0337435055718072,1.1991427514010988,0
0.035100095513506,0.0142641406375026,0
-1.1925417800065852,-0.3528710869207457,0
0.4620719949116879,-0.3040602098603071,0
-0.4230391457855305,0.7270659772368882,0
-0.9972077599057528,-0.5401722621491211,0
3.531376912929544,0.6822403057448224,12
0.4522526328212876,0.1012213078178617,0
0.3731218346581557,0.0504045640218847,0
-0.3035070600203741,1.2559325552776597,0
-1.0866795913958232,1.1156051461541172,0
0.0578657160804186,-0.5094796243127039,0
-1.2987344897593254,0.6154466114954629,0
-0.8592249542495004,1.4565846343591022,0
-0.3869341492062019,1.7005064887436614,0
-0.1179534960900521,0.9255830879349388,0
-0.9169156491443766,0.5582119244390688,0
-0.165538140854638,-0.419050620871687,0
-0.2252735397033451,2.145488174256554,0
3.3555030562389008,-0.3526318272258544,1
0.5328797223271584,-0.5482985193786607,0
3.163369736060864,-0.2294780278519923,1
-1.2749603945844064,-0.1169486247784843,0
0.3067313192270954,0.1466533196192612,0
-1.4040767794596063,-0.2891503654805016,0
0.162578342670384,-0.2955706549220723,0
-0.9138300542226104,-2.149570858304265,0
0.3722868694026758,0.4093685832285663,0
-0.037877838655912,0.5763405487068632,0
-0.2538301799090374,0.9559548393718894,0
-0.77913527458045,-0.9098872134272074,0
-0.0840662376575907,0.3985616176568405,0
-1.3630107512827934,-0.4705738635993231,0
-1.262843290982497,0.1040052443620525,0
-0.5099607360612958,0.6251320028833857,0
-0.2822981912770579,1.2588247996494517,0
0.4562318755735249,1.3500533388120044,0
0.5523620341138833,-1.476033648861284,0
-0.7569570467484196,-1.6111290881560456,0
-0.901372970839,1.2087761953466345,0
0.9908858725393356,-0.2447475884075498,0
-1.090090514717281,-1.4441761766212209,0
0.3155286040222754,0.8104985118035877,0
-0.5463232036289041,-0.2583219763927927,0
-1.3628853226865771,-0.8139033107289763,0
2.781656281826941,0.4773919658576853,1
-1.4283596965668344,-1.1117584863240946,0
0.1476990521614347,-0.8971704376927879,0
-0.0296621362147371,1.0431397283184514,0
-1.1543827804011193,0.3084120897927687,0
-0.3747042007522171,-1.4224264942264773,0
2.607380818188229,-0.4579846661782137,1
0.7959704030227774,1.7024415239922792,0
-1.339438673581204,-0.3035138383552495,0
-0.7787180267425512,0.1788180560676984,0
-0.4368988902881098,1.2023770028775025,0
2.386939313523776,-0.232889592978302,1
0.0193716079147642,0.7450452280622986,0
-1.3075246614272529,0.6032361841935775,0
-1.7221080140323206,0.4149190512201084,0
3.148562526794526,-0.696473054540421,1
0.0041803261332488,-0.1277205022462345,0
-0.6489927743552103,0.0388318051381532,0
-0.7061837423704891,0.8652071204037599,0
-0.6568922375207051,-0.5117239667986625,0
-0.5478461065305029,1.7353728789306304,0
0.388967958546777,-0.1827786347879162,0
-0.7299656298517448,2.438529692422355,0
0.4959963869379818,0.4857804005890256,0
-0.8810640354665226,2.087662467725261,0
-0.0111531417878376,0.1856112030838289,0
-0.2014643670639536,0.0629315980336581,0
-0.3725995114770191,0.1014235013459538,0
3.170818306486056,1.0858124669116094,1
-1.3785085537199862,0.7344170986529082,0
0.3073751343880153,-1.3477919966574452,0
0.7715436631943151,-1.7578466519085765,0
0.3675842777045591,-1.0071660947191974,0
-0.5433568133034812,1.72198808109194,0
1.96865493472094,0.6224711982174,3
-0.8049262391876734,1.4515274383674297,0
0.6432480915239907,-0.1038790879552361,0
2.920048259211453,-0.1284338435908623,1
-0.5339545692352857,0.0600972786150607,0
-1.0550178634165657,-0.0709509701642043,0
0.9607075123946882,-0.3906149051700618,0
0.9654906067888522,0.2066555806652658,0
-0.4529486682317239,-1.4887620274905349,0
-0.6809022788746594,-1.5586487878813282,0
-0.8733466273428758,1.3329922745239524,0
0.184655771539598,-1.1254619339016396,0
-0.8193084083097758,1.2323103454292583,0
3.441212302323565,1.5108842976161456,11
-1.2228799670328372,-0.2978097172317446,0
0.2640583467292225,1.3503542803018331,0
0.2392120373734131,-0.0087891892506985,0
2.6243342337222137,0.0502095008895151,1
-1.5815263370420618,-0.1770515252390989,0
1.7741480875692508,1.291735689983742,-1
0.673817637311068,1.0993936973098208,0
0.0610225031174169,0.6104709772422219,0
-0.9616197971127668,0.8759462980042396,0
2.5178627580516144,0.0506753294656941,1
2.1825381579149368,-0.2995056443615643,1
-0.7193659470260368,-0.795650689680815,0
2.7265102217850874,1.1613546143981333,3
0.2968701063089585,-1.1180091305287505,0
-0.6996309315169218,-0.7868337503157686,0
-0.6848983347820453,1.691594038564198,0
-0.4685355190542851,-0.6194202903810514,0
2.889054426663125,0.4163561903936544,1
-0.9517139921297488,-0.5360513298842771,0
-0.9744530067176098,0.9710205314887178,0
0.2414349623338668,-0.6916198785635705,0
0.2206771903504469,1.8612519925609672,0
-0.8471125623016867,-0.952229764352822,0
-1.4295519985427465,-0.343141089618534,0
-1.0688568123209707,1.4072360546933051,0
-0.5049360891268134,-0.3383241950418972,0
-1.2005691974773385,-0.6907462742077948,0
-0.2341711538816593,-1.1833809803749948,0
-0.1654328842893053,0.3984887010854015,0
0.1833283223474671,-2.0075151903019623,0
-1.314880225195966,0.2575224294253528,0
0.5618118893587066,-0.1079078981290756,0
0.6062608023158566,0.7838431777319098,0
1.768069286743608,-0.0079321387498497,2
-0.7807402369760506,-0.708989183813998,0
0.3737507443854864,-1.2547481813926145,0
-0.4860423986174458,1.3736627516472213,0
-0.4659155182868165,0.9473230588877242,0
0.164918903920717,-0.4808034556199494,0
-0.0103844473940921,-0.3275054749992464,0
-1.1563822131109849,-0.3978985838225737,0
-0.2971289314500147,-1.3855075463051627,0
-0.5401041485571646,-0.7029926385242702,0
-0.8289062600750474,1.069829933129754,0
0.2614468916510753,0.9385243482882416,0
-1.212952483252966,1.121005391792661,0
0.0669114565948748,1.4458401765823363,0
0.4657363011346202,1.699711081135611,0
-1.7498360487268003,0.2106276852461533,0
0.4691559856735018,0.9371529128235376,0
0.5196243377022184,0.3055550851010456,0
2.4448449549799194,-1.878571663241667,9
-0.1854045251565403,0.1029138049908316,0
-0.0227713516768429,-1.5181518667441083,0
0.3813849942883502,-1.1528990296575694,0
-0.7143327544022331,-0.6041934703509136,0
-0.5598970190543865,0.4568551957932784,0
-0.8402846897497916,-0.3294679299388484,0
-0.7506352608203893,-1.368909290810321,0
-0.0851390012018717,-0.368319002846354,0
0.2233313853837097,0.249897264184767,0
0.8770179452546736,0.7797137281434602,0
0.9804394528313708,0.812211257038382,0
2.6746518539220374,-0.5502043084495638,1
0.4383069947894809,0.2585903583455398,0
-0.3138450182748801,1.7685174845334777,0
0.1599947221137633,-2.5412926764632484,0
-1.077029904622724,-0.91484377000427,0
3.1365156523254614,-0.1293467499519346,1
-0.713972762157065,-1.0511020006737108,0
-0.2870390152957885,1.174744211620825,0
-0.411096225135424,0.0135830183678608,0
2.885247934300621,-0.4013176649636671,1
-1.6357574784957796,0.6533409973055155,0
-0.9256027501920256,-1.1355785862783032,0
-0.3700678799158345,-0.1600444751551074,0
1.2199027321261438,1.9185185305740176,0
-1.212613336637958,1.0508413504299825,0
-0.8388595964509854,0.6635274806823922,0
0.9339692128394,0.8605896789917273,0
0.0068521619085449,-0.7539064814353512,0
-1.3881091407937023,-0.6025246336958872,0
-0.3384678353801011,-0.9797673479472684,0
0.1679799489927914,-1.5048909141096916,0
1.0405855301743068,-0.3632287380469664,0
-0.6217560506667,-0.1588074215145432,0
-0.8787657445916227,1.3892397692206837,0
-0.8929655189078888,0.1067780985279493,0
-0.8164507632411145,-0.7752209920922195,0
0.854299652061087,-0.198741264893571,0
-1.559851590341146,0.0835298983169091,0
-0.1929043311941842,-1.723725934815176,0
-1.5741889633787731,0.508151565665326,0
0.4644729368591698,-1.5273089217608924,0
0.4612475572709891,0.3884377936510172,0
0.6157079222522356,0.977507608414827,0
-0.4250866592517061,-0.4728866913910489,0
0.2131760315344423,0.7430500732554258,0
-0.7528568830344677,-0.0148959338209012,0
0.0065701911025591,-0.3598451131281786,0
0.8563172748763763,0.1680800725855712,0
-0.0662128887527674,0.0307617567177341,0
-0.4257578393544702,0.3190761562167492,0
1.1989322610670048,0.3371923524118039,0
-1.0018255568014234,1.0105512056626198,0
0.4036952144804586,-0.2211775013103355,0
0.0195860051126406,-0.4743514667978158,0
1.000885986925209,-0.0159858086241413,0
-0.9217455215484756,0.1384821112676944,0
-0.5915177794045857,1.4854185422417534,0
-0.988910072174476,-1.76897911045424,0
-0.1392058081394828,-0.4295857372239071,0
0.0265982543958317,-1.7362136430889463,0
1.0058152257300552,0.029114756425219,0
-1.4177395634867485,1.3020940544360309,0
-0.3868940147438369,-1.665043506999226,0
-1.7855915008920338,-0.3315388680148513,0
3.563004996006397,1.349124181748192,-1
-1.52675306851762,1.0625898599048231,0
2.656967426951531,-0.5530778020300706,1
0.6281674571409883,0.9781006709186918,0
-0.2064936514486315,1.8850223817334,0
-0.4347936516495214,1.401568913126649,0
-1.7680891289633751,-1.6338913395724697,-1
-0.4288820004321378,1.2067182058599089,0
-1.7489868516370082,-1.1217531849493585,0
1.06854239792057,0.9687479204011604,0
0.5626832348250345,-1.145850589608158,0
-0.4828298683334942,2.3142320277738984,0
-0.8636124796026186,-0.8827933188942414,0
2.337818033354684,1.444550807381055,-1
-0.5708600530009977,0.7997380198663181,0
-0.9310750051949752,0.442415569199772,0
0.0126444045099916,0.4188368132028588,0
2.36097012790993,-0.6515557569190678,1
1.0911715184929027,-0.4972286771544637,0
0.3239537764791282,1.9053856370451956,0
-0.4992096978394045,-0.4764876292995603,0
-1.0218934889969729,-0.1044036651533339,0
-0.0397194264096324,0.4904806215905488,0
-0.5901013616107949,1.491404550911615,0
2.744989195745407,-0.3614012266814789,1
-0.8447732295938287,1.6797576208996736,0
-0.4571421041622435,1.8023014746985528,0
-0.7659193452387904,0.1092470772088846,0
3.084046564840505,-0.8752422635213329,1
2.852224778391541,-1.3959696357432876,-1
3.67299565243232,0.0435669214341213,-1
3.1032385641515163,0.7566693963711489,1
-0.1535022135480518,-0.1629568397453368,0
-0.1790074530977722,-0.8821748797283592,0
-0.759474192423712,-0.3821996124977119,0
-0.7000063285270839,-0.205595051984494,0
-0.5798868500270453,0.5007696358349091,0
-0.9222749850913508,2.2807220814333893,0
-0.408514790523857,-0.2398143654635375,0
-0.3539852604847872,0.0614342980684198,0
1.543275617993812,1.059838952444094,-1
-0.6761191844804955,-0.9613783020460004,0
3.665418028975088,1.5902731819668543,-1
-0.2804302015638801,-0.9924860151345616,0
-1.010786082965737,0.8657354805076047,0
-0.3181044595070459,-0.9514450686734376,0
-1.0278914532912806,0.9292591370199496,0
-0.7570842476706934,0.5973922494935532,0
0.3242825252950492,1.3337835960740692,0
-0.073877578669908,0.4204393591571783,0
-1.7202359862643233,0.0092522241619335,0
0.0118977342568956,-0.8823906954475437,0
0.981904081197166,1.143935245417033,0
-0.208042740781585,1.738635070614556,0
-0.5280299889299646,-1.7793529473170573,0
-1.1796124088891216,0.5393386696199649,0
0.4029161222876259,-0.2094988228357076,0
-0.0067796327409297,-0.9788469010165924,0
0.5556662683079392,-0.2370703004157771,0
-0.9444253784018544,1.1480718666346423,0
2.708026456386964,-1.1573742852479243,1
-0.3537760000685115,-0.3542902138709645,0
0.2175958990435887,0.5578053665105305,0
-0.9963973444999644,0.7845590428977889,0
0.0473692336906832,0.8752166590711747,0
-0.5495349805298712,0.7969495004803621,0
-1.1103927565102027,-0.5146736140979278,0
3.1690527638258663,-0.5082015700235002,1
-0.7501954450582587,-1.1425199126184655,0
-0.3094663224143859,-1.579233290664687,0
-0.1575797295540635,-1.4097894125103223,0
3.304752733404199,0.6730273688038104,1
0.1117415027391636,-1.7515982023089804,0
-0.2142812386731383,0.4719919130286723,0
-0.4143737235347346,-0.4099562489586623,0
0.5072110314600102,1.4520794352565114,0
-0.3517909234288447,-0.7833450547166989,0
-1.5403211977981108,-0.3505632361531196,0
-1.2030759453535431,1.039621201058986,0
-0.637349465253123,-1.265758534610785,0
1.1768663287236594,-0.9807945396467492,0
-0.5393659442096816,0.6550379257441573,0
-0.6389713150077723,-0.0541885011848274,0
-0.8734546192166528,-0.6590083674824265,0
-0.5229524698013679,1.5923175904959244,0
-0.1515335546877515,-2.117714234974816,0
-1.534512951036294,-2.0164286830236846,-1
0.3309530224704818,-1.2002798742074785,0
-0.7372432964171611,-0.0688135898114013,0
0.5725020475520441,-0.2264740219630429,0
0.2035936345661502,-0.9333809952295696,0
0.1421240162702089,1.373553746485099,0
-0.3119717675442159,0.8223168522786416,0
-0.3974241420359756,1.5730927687063443,0
-0.9466332681130252,1.4737059697815025,0
-1.2333862978582693,-0.7392095187795975,0
-0.4427592558610566,0.5289564670096351,0
0.9936032633619004,-0.5079404350639588,0
-0.0948090640254486,-0.4975001559243408,0
-0.179721577175246,-1.3875262100538852,0
-1.2895934208989417,0.3504931765426511,0
0.8106279791870041,-0.4486956015824477,0
0.3592100511281549,-0.6018539202027247,0
-0.9420686089715572,1.444729162751106,0
-0.4750130938091002,1.1849325864505755,0
-1.0599086658812045,1.8719932131904136,0
2.5855346238439547,-0.4785415976944953,1
2.3359348544046146,-0.6470611181690495,1
0.3135864769371264,0.2601811498289342,0
0.5402210542615585,0.7708320863783938,0
-0.0664521196036377,-1.598361535364885,0
-0.7565976538986274,0.6462409550214552,0
1.1581903942879033,-0.573972092843055,0
-1.3514959458493552,-0.2378255333752105,0
1.036109919418207,0.001397294126178,0
-0.3431800714943206,-0.901899272503648,0
-0.423976212750202,0.2861979245162926,0
-0.926309631326553,-1.1571991670251929,0
2.5890063474102583,-0.1135302561413447,1
3.032726490012954,0.9580875719167842,1
-0.8555427917564321,-0.0317282338004911,0
-1.2931113731117894,-1.16163557766983,0
-0.2597826689397852,1.1408943012046715,0
-1.4842172751934113,0.4092181672439229,0
0.2472848002920324,-0.3517333270003456,0
0.1453157509559861,1.311247023394881,0
-0.2615579858317713,1.209187032964751,0
-0.2874453159712096,-0.7371811435889168,0
0.0924644930976032,-1.873515099618372,0
-0.4414344121616761,0.0686443880568619,0
0.5275925974384895,1.140912378394142,0
-0.8551814967648886,0.1925459035532592,0
0.6026609148448925,-0.4123000367408784,0
2.550709749083432,0.9322699051862918,3
-0.2841487442677964,1.174805525297433,0
-1.1805656840337573,-0.3834194799149715,0
-0.1742529466081195,-0.4468530573652788,0
-0.0405264273278918,-1.1523514640341592,0
-1.2725950794647878,1.334622088593163,0
-0.361257666032717,-1.1407988016361588,0
-0.8422586894112868,-0.8915371901117554,0
-1.569569733921033,-0.5392932497736719,0
0.0244202553355475,-0.5774482087932915,0
3.426147672100932,-0.2457446850187017,5
-1.4224381969137545,0.5194868913408967,0
-1.0092759793363817,0.3487361285457545,0
-0.3287412759265866,0.9658732327023012,0
-1.4166304197316195,1.3899960026668243,0
-1.0668028092948336,1.0950787199000462,0
-1.0964568927101923,0.9902641040695834,0
-1.0124287283185605,1.074429514716667,0
-1.5124429806381288,1.1472021967607071,0
-0.737349985544563,-1.389631564141233,0
-0.932609942477324,-1.8891050657811117,0
2.679167882943805,0.2518349748307293,1
-1.2070551881057807,-0.2092108299351565,0
0.1444228565084993,-0.6495270373427634,0
0.3106058547773908,-0.7467120566669686,0
0.5970312344334948,-0.6115106977813105,0
0.6002795955649037,0.9747379913962496,0
-0.6168463047136529,-0.4454001880055302,0
0.0219875706274133,0.4661445896052354,0
-1.2152130911706427,1.811632085701386,0
0.0017554337314514,0.0749449604076444,0
-0.304643488933639,1.6772646112511669,0
-0.8955751218762703,-0.9585272511323784,0
-1.533179561647592,-1.3218273447212738,0
-0.4731618616392772,-0.2236102398244943,0
-0.7830203377455263,-0.3500558214456202,0
-1.3997959432338898,0.729409613443011,0
0.1749502117038517,1.2522723229888015,0
2.139612481694674,-0.0323567525266614,1
0.4531278865267409,1.0768266193684226,0
0.0974185655554434,1.020105452373722,0
0.0860083931200469,-0.5588483241969385,0
0.5473120839467248,-0.8247228796822413,0
1.7633785254066474,-0.4197501647164229,4
-0.8354404612754943,1.2256273976936027,0
2.3915631303997262,-0.7593485060147458,1
-0.9353500310398144,-0.5956923125178473,0
2.158875808865312,-0.2616810895517246,1
0.1305616794438508,-0.6774946640748919,0
0.4142392282631136,0.2124262956416642,0
-0.8517649670821479,-0.5877195147886255,0
-0.2800175411441915,-0.4247666480422101,0
-1.3624713595205131,0.4249987240399228,0
-0.6472240768388796,1.6505530921030742,0
0.0772974956056911,1.4268972423391129,0
-0.8147728864362096,2.366042960249899,0
0.1977360043016479,-0.4323402110481467,0
0.2920262116699492,0.4794903648581095,0
-1.031196236848727,1.014953873897727,0
-1.4783524019859628,0.391908132641136,0
-1.1136021319380132,-1.4375356401947934,0
-0.6569857935405753,-0.1566426214707558,0
-1.427260197227808,0.4705462152980834,0
2.998328427722724,0.7514851180278833,1
-0.9849852699228168,0.3304169136446995,0
-0.6755994153857086,-0.2295950306432972,0
-0.8522425956171956,-0.638408873080823,0
2.102701861147361,1.5109561716453257,-1
2.3264078609192875,-0.1344029691896059,1
0.0886874218063037,0.6783169343695945,0
-0.7602681900501338,-0.1812283631608769,0
3.6233713607117943,0.1464560618818314,-1
-0.586099964902214,0.757988379868475,0
0.0327615161886326,-0.6218824916151613,0
0.7362099665014823,-1.902038506145329,0
-1.5184899088874255,-0.1407137337746309,0
-1.3124943184977669,-0.6085296963092206,0
-0.1335110798290177,0.4643113878895802,0
0.2862516098105358,0.2919158194069832,0
2.5679119601006803,0.3634681380720462,1
0.6721274605653247,-0.510212348816995,0
2.3683478400551783,-0.0114038234344143,1
-0.471200241702329,0.6584004536905063,0
-1.5530472486958695,-1.471045586535303,0
-1.1734499004793053,-0.342170931906082,0
-0.4994942741381407,-1.4247915963454831,0
1.047217874812834,-0.3531216455361676,0
-1.0886327954591437,1.5564118851981057,0
-0.3147462543920942,1.9733288448637651,0
-1.475526549709939,-0.4156586302053869,0
-1.2709414869494862,0.302707968669264,0
-1.5959916643849474,0.4602507267590844,0
-0.615435697300739,-0.4198662765415618,0
2.866204265345346,-0.0862798402695411,1
-0.2671037546394016,2.1492977799877964,0
1.112434278373406,-0.0202423405641838,0
3.167503674492913,-0.6545888811423447,1
3.08883361750578,0.3559557371666241,1
-1.3682654542317256,-0.0942691529515508,0
-0.6273363475754122,0.8068065801341666,0
0.4564671981852696,0.9656286278649804,0
-0.9226449055559238,-0.3101819460487541,0
0.6114356317158407,1.1138610467464982,0
0.0976166247576616,-0.513277323996928,0
-0.0835476414934849,0.2912582060791914,0
3.1746362155907195,-1.456108321642399,-1
-0.7532746802357572,0.2210568820074771,0
-0.2240825404738084,0.7056881098744456,0
-0.3704954457691121,-0.5384712713852516,0
0.5771979456706055,-0.6183281789171995,0
0.0919454273538152,0.7701628701557705,0
-0.0062628886865897,-0.4326748949475051,0
-0.7199884970091001,-0.8347039323837065,0
-0.6178936852415494,0.3115810931107247,0
2.193288776589132,-0.2443712065250308,1
2.223636058668096,-0.4691772442821322,1
0.0324931480698606,-1.0882963618467436,0
0.2064684507971627,0.5806309746325288,0
0.9715848624114743,-0.0076272467866336,0
-0.3102810414350819,1.1072648130821734,0
-1.0008049120682725,-0.5618541565726183,0
1.1673770181955552,-0.475932395263159,0
0.1811053973870134,-1.3246845009890902,0
0.55330499124314,0.1570029739384138,0
-0.017850454541724,0.6925341193731843,0
-1.01723657658201,-1.159644485188185,0
-0.0021296294336249,0.6347763523892317,0
2.721838873516218,-0.1304865529013014,1
0.5542901389641218,1.0915130216716036,0
-0.6723855323233962,0.002536424982914,0
-0.4981290121730927,-0.7184383598448184,0
0.8639606198319518,0.1001845562525162,0
0.088956259504758,-1.3916437535953166,0
-1.1936359385444166,0.5816508668594627,0
-0.4617830124168363,0.0189335532246286,0
-0.5305640219643059,0.4602485321540243,0
-0.0843853420574091,-0.5242390947634176,0
-0.7906096617482208,0.0240297718021176,0
2.2370150197794865,-1.0128848782447557,1
-1.5902587835375768,-1.1900227109197743,0
-0.9557335789437534,0.5368541772950635,0
-0.6640085704385476,0.7716855705157321,0
0.2215140077156925,0.8488125557075493,0
-0.0634174764910207,-0.2852782519542994,0
0.4560998832134469,-0.2829100642640674,0
-1.6503768223393924,1.4720240329611052,0
-0.8158205507674086,-1.4091910698301713,0
-1.1407354511709566,0.2311183260617277,0
2.666084495325613,-0.4589939980525749,1
-0.8379688879485525,0.1251821360474617,0
-1.0008016273964373,-0.7120509218466117,0
-1.4503487562297643,1.5463441184253093,0
-0.1853582965099958,1.2500312176501625,0
-0.8166763116210627,-2.053103049840385,0
-0.9428159083717522,0.2564432665507784,0
1.128659887358995,-0.3686407381564349,0
0.3365269096029408,0.5579326004382167,0
-0.2179492991475879,1.1547919455032405,0
-0.7833704315230122,0.543328305631895,0
-0.3882274041325387,-2.359644845301637,-1
-0.8226003425629932,-1.5383109092315508,0
-0.4934454937790783,-0.7903510834568813,0
-1.031131268733368,0.4979238650975732,0
0.3736779839637906,0.1032091631521873,0
0.0439051726150227,-0.162818002922819,0
0.7680603132864494,0.1929241928801989,0
-1.8206391887240607,0.9758518971670612,-1
0.1087558235815355,-0.7431027530109449,0
3.044377042057987,0.1372279817464819,1
-0.3412112086144263,0.4638421705899887,0
-1.1981707070349985,1.443759005038654,0
-0.8214054350943308,-0.9645629705840156,0
-0.6644101538800645,-0.7871578975952607,0
0.8386320945228847,-1.8306341739947676,0
3.568817280823034,1.5289027226034655,11
-0.0663849655432249,0.3837278612075359,0
-0.6835968921735898,-1.1139593749585657,0
1.974970700668691,-0.1595735592121728,-1
0.5214144302120995,0.2158737977825639,0
-0.2129297889947063,0.9950079304986876,0
-0.1911673764385056,-0.2916605613523133,0
0.5434705141197486,-0.2922353950906143,0
-0.9874668388022314,0.264147452207814,0
-1.5248752303687454,0.6373751300525415,0
0.4883535913457965,-0.7709821684012033,0
-0.5516130638260176,0.2564276013307192,0
0.3083348490606268,-0.5575233623666909,0
0.262253269002044,0.4176116656093129,0
3.113364107133606,0.6421017290249043,1
0.3746345437802612,0.8757705474131302,0
-1.3943319000849737,1.149096863729063,0
-0.5595409850803296,-0.6239808493821483,0
-1.563292200293896,0.0111160827158922,0
0.4002923672686401,0.9103291513660036,0
0.3546140687737314,-1.909287096693866,0
-0.5289870981098258,-1.227256246254716,0
-0.3923931353572257,-0.7345694173363293,0
-0.6145480638707388,0.2357976016669051,0
0.6764732649063999,-0.0086823786936364,0
0.3763675402648287,1.673908406023363,0
-1.2246882496481424,0.1313609062229375,0
-0.5253717558418823,-1.5450636879674196,0
0.6736226587610906,-0.837919129916638,0
-1.0660686430021702,0.6074652964426356,0
-0.0337939629056327,0.4789671333544576,0
-0.4543644624582241,0.6689967321432405,0
-0.8430572744559187,-1.2115518431774746,0
-1.144687334561158,1.961455144490205,0
0.110582376085973,-0.3000462397286186,0
-0.3165780679140182,0.2251621490522617,0
-0.0409078943503189,-0.2157568323011681,0
-0.1975208253434795,0.4981802006731128,0
-1.017322889658934,-0.320832390281642,0
-0.9516315130880502,0.0999914258064574,0
3.5641882029295973,0.7502514531107318,12
-0.4910950840930486,0.8505122007769731,0
0.3528247296468347,0.1762349436244477,0
0.6960049601958104,0.2284071545128827,0
-0.0492568176940468,0.501700770961545,0
0.0400369968089951,-0.6136586147539801,0
-0.1556601703931463,0.0028438407673812,0
0.4468861039633527,-0.0396197729434676,0
0.6480369962990316,0.4738434950859846,0
1.178416171439597,1.1614335244719267,0
-0.4705926769365632,-0.3249702056176041,0
-1.3512327145121836,1.032260519777101,0
-1.4729695351323695,0.8467352949130014,0
0.2439774112418353,-1.6084039254756637,0
2.33535785946882,-0.3231212283392334,1
-0.9236948915765708,-0.8955660002855949,0
-1.3551957490844568,0.2653185855972994,0
-0.2781247975617281,-1.039273948756699,0
0.0438648841650492,-1.4973873336800614,0
2.23143737839551,-0.0845260294199639,1
-0.0878037238499156,0.9095017412252036,0
-0.3905093570117803,-1.3472360652865227,0
-1.2418950480836015,0.1791767709346283,0
0.6713938436360517,-1.3472570106828683,0
-0.5451795317726932,-0.1959232827876637,0
-1.0512985673296649,-0.242401757596367,0
-0.6447355190680985,0.2596749529724937,0
0.1925207566359962,-1.9290233955161729,0
3.074800992797773,0.5680126024742221,1
-1.362184881080026,-0.6597932147379043,0
-1.613785306191898,-0.9940896036311402,0
-0.6847201879793231,0.98327200067268,0
0.4180470233719924,1.7012828186755335,0
-1.0108100834520377,1.224772719437912,0
0.2555383155061244,-0.0606341672884155,0
0.0945120065637787,-0.6735624309904347,0
-0.9736198935718956,1.2655319299287726,0
-1.4046070761691745,-1.354467621187848,0
0.3271909864284653,0.9943555736144762,0
-0.5589970856835474,-0.4191388322135571,0
-0.664192397806453,1.3316514958975525,0
2.720187682474073,-1.076705935947423,1
2.187505079677006,-0.2622010839080571,1
-0.8506525386551841,-0.6500143318318252,0
-0.0492042293032347,0.3046121955034848,0
-0.1315320231696302,-0.9890080077314514,0
-0.8351339406198168,-0.8521292948671613,0
-0.1301680639509574,-0.9538374389073346,0
0.1435910961411461,-1.652476256283284,0
0.4644931830939536,0.8002251627792868,0
0.2409521970172182,0.0613629460649616,0
0.3848458504758841,1.247048870483627,0
-1.357382843197453,1.5938286879610544,0
0.2923906615176335,0.7214717522416716,0
-1.8426993106865297,-0.3616828976855988,0
-0.2402517270333595,-0.6178569185886411,0
0.1160581197803517,1.2922616778424287,0
1.938917822900492,1.2062719120194865,-1
0.1715920065889001,-1.6725015905484015,0
0.1673256062170905,-0.3439795821376279,0
-0.1553269139427235,-1.2594887706743996,0
-1.0127178122517986,0.8168561181413989,0
0.1420291575039635,1.0574524241364582,0
-0.1888451351092904,0.0304999893898148,0
-0.6660403453044411,2.589997556898629,0
0.1231648082820916,1.5032548939194184,0
0.0761116831897407,0.6834046356234778,0
0.5861129965713588,0.3752108865783166,0
0.1809169826008978,-1.2857044780098243,0
-0.4907767330762148,-0.2225278398026006,0
0.2614442861583249,-0.4038409870648539,0
-0.3302694398456716,1.654457905496547,0
-1.0617131942449924,-0.3854074868253903,0
-0.5430020820757995,-0.0300306317600344,0
0.506149215078207,-0.1380212709615197,0
0.2370014123537981,-0.8576164061531292,0
-1.6638923632290712,-0.1382176385548978,0
0.1515470559365787,0.7145389432251148,0
-0.7384851117114525,-0.2971168404911778,0
0.6435807986110229,-0.0415536140737328,0
0.2926622345245322,-0.1740276156739488,0
0.1870496745637277,0.4880574429422548,0
-0.6212148067946541,0.0832897484779662,0
0.8928854641368456,-1.1548720449497438,0
-0.0593050128362302,-0.2207030038344578,0
-0.5661011686925371,0.7122332870625488,0
0.0010593699437078,-0.601991690750277,0
-0.1755954310495333,-0.9717097275995894,0
3.3794804716335243,-1.3132996573412743,-1
0.5446160380857252,-0.8833121191322215,0
2.405133111789983,0.0003291723964604,1
-0.6113304765888946,-0.8390217780003563,0
-0.5965418769756774,1.1242166548437522,0
0.2363444640853468,-1.0390704095341612,0
-1.5374796867055136,0.6484181831379826,0
-0.7330931498051476,-0.0120343462874127,0
0.0562399580866435,-1.3114575939163895,0
-1.1614575963265132,0.1091707719140329,0
1.0987207580652176,1.1146152371636722,0
-0.9081581034357796,-1.4371702994571316,0
0.2048340172983724,-1.2083563969225362,0
0.0724928522303682,-2.169089995712941,0
-0.8214145301470429,-0.7948183025159153,0
-0.4185622322830558,1.0336226127402914,0
-0.7225901036515506,0.5795622205344336,0
-1.3641284407272438,-1.7133892290853008,0
-0.4104893395487426,0.5227744596868397,0
0.0379117159552169,0.1801142287798096,0
0.7110319074612195,1.9928321417435837,0
-1.5189966746903747,0.9713063297842088,0
-0.4359477213048196,0.8377322199130728,0
-0.3024777397822078,0.6705365949938006,0
-0.9510512334804202,-0.3741452292973521,0
0.8975059963409608,-1.5311341927121942,0
-1.8091784840272125,-0.3093063223967177,0
-1.0979586546698203,-0.6583219650364985,0
-0.7873394062918564,-0.0361617104499954,0
-1.1044529869679902,1.988798900304072,0
-1.039996936131436,0.669209462291199,0
-0.8349713784297679,0.1214033387306163,0
-0.9099325371290872,0.459059169998975,0
-0.2410600863097878,0.7244351970408287,0
-0.864500582612301,0.9979173610937844,0
0.2580173586764968,-0.1250135683314165,0
0.2787693944829398,0.8300653169650732,0
-1.2553182559160772,-1.2456124407126203,0
-0.9923147714960606,0.0160029598688355,0
-0.8747022448918212,-0.8677637153680964,0
-0.2422076664051245,-1.351511499593944,0
-0.5637904980930903,-0.3061308447841232,0
-0.3800575965026203,0.1126317446699316,0
-0.8119184462556748,1.7204248608756232,0
-0.0897595334059868,0.0079431449160961,0
2.793380217860961,0.4623197994462181,1
0.7817167375693239,-0.0541142389189425,0
-0.3670159298964721,-1.0143872655767494,0
-1.0089277376686616,0.1088274191149755,0
-1.024109924397465,-0.9336829792616576,0
-1.259293670212897,-1.6926129415503288,0
-1.5625312982064874,0.3389267403774648,0
1.0356653864221723,-0.578073971164427,0
-0.0175189704173586,1.2953933984513486,0
-0.1728487787231815,-0.2888296306571284,0
1.6702105151172983,-0.7794959456073562,-1
0.5578086405403604,1.2789836905608007,0
-0.704975232214613,0.5784798205125399,0
-0.9178001277182356,-0.0797447037395871,0
-0.4498102011158433,0.1385819255043963,0
0.5461463879498643,0.9272226134461076,0
0.9055536600464976,1.1342750791150342,0
-1.6249405889598505,0.8626280940184429,0
-0.9109475755009552,-1.3085822088830097,0
-0.242035255779379,1.4481172189355656,0
0.2192716399354254,-0.1796705746969395,0
-1.1989361965406171,0.594962444974527,0
-0.8222181721895673,0.9005557002123039,0
0.8590872540897527,-0.292201349528898,0
-0.2305244884007603,-0.1647784385661602,0
-1.419503803400563,0.3792626851774688,0
-0.9629174854697052,0.9949283880565164,0
0.2040603159387201,-0.0594715512225357,0
-0.901623148852348,0.4028729889788516,0
0.5381308008402674,1.5940640781402486,0
-0.3883378475114576,-0.9938914961609816,0
-0.5927472149743302,0.9371738582198832,0
-0.9371505213487829,-1.0074490248078132,0
0.5648878398643702,-1.321287927481025,0
0.3117099415346273,1.3565785473577638,0
0.1627505492765353,-0.8164407747156788,0
-0.4986924044216738,-1.2549737085537571,0
0.0712232821982586,0.6482153160080757,0
0.2446831936495817,1.0625328259177944,0
0.0749407261753938,1.1302399462226491,0
-1.279489352694111,0.7256116106066003,0
-1.064546838827353,1.2630866117657804,0
-0.0618534817244782,-0.3281835116976621,0
-0.0184306043336598,0.998766759173189,0
-0.7862516074982924,0.3735223238871873,0
-1.1082367018068595,1.3526216112131042,0
-0.2911522323335636,-0.8856717894988478,0
0.9398665079865852,-0.4696265427360903,0
-1.425216721816452,-0.175145103799818,0
-0.2891191547212949,-2.032801108205197,0
-1.0946817056339002,1.0898753876133085,0
-0.7022130453075731,0.9591257341427188,0
-0.3280642854429454,0.1543624823003962,0
-0.4628453781620301,-0.2465090676701184,0
-0.2522077807909976,-1.5802732793773522,0
0.3217795316703613,0.3775797478703636,0
0.160734982590606,1.4837613084815584,0
0.1406449520505069,-1.3052522292278377,0
-0.3566026057275198,-1.5425642040242735,0
0.2201871078869521,-1.3578987860160572,0
0.9436028954521292,1.668749504342115,0
-0.1216526201460693,-0.0638348937196403,0
0.1374149850441161,0.0895085837815174,0
-1.0275841792526186,0.8473431974590173,0
0.9726648688987014,1.242984123295197,0
0.490154211470459,-0.5271294714150423,0
0.7218285507623646,-0.1254148460836685,0
-0.8769647049192638,0.476338396187365,0
-1.8061452734766648,0.5004983086411249,0
-0.6329081785785113,1.7156175261648512,0
-1.4227337704069536,1.774023498186824,0
-0.9108109957226672,0.8453670965956167,0
-0.2671817260465982,0.822524453826407,0
-0.5955184969340821,0.7262726126578047,0
0.3596258664039845,-0.0164273030805618,0
-0.3015674086122817,0.2959805665954127,0
0.2452712655635485,-0.2525311649306631,0
-1.3120538235565518,-1.874702418744454,0
1.3522463486992904,-0.4785018617826111,-1
0.3811751845086841,0.5874835676050992,0
-0.9162872887804364,0.5777172643478536,0
0.9865422541433142,1.7528418468416664,0
0.8495668243682875,2.1967496496562706,-1
-0.7908675522841974,1.2707703740521918,0
-0.9113281593247036,1.4559491605460086,0
2.383055682920769,0.8302204513760281,3
-1.1324301009490372,-1.6707118426842342,0
0.013259162186718,1.2988173916503984,0
-1.1200023588529222,-0.470154205505414,0
-1.0480515089446312,0.6726642639046457,0
-0.5860650172534353,-0.424268944776669,0
0.353733078891301,0.623058348176601,0
0.5110869995723747,1.0619927113430243,0
-0.6221406725452681,0.7600799601886367,0
0.2021616321596858,0.7424876675898648,0
-0.5105814339345931,-0.0673966574662424,0
0.6489154548926116,0.0875355684893429,0
1.1039188345685182,-0.910244885751878,0
-0.3934904487511984,0.1822452864140674,0
0.1070209249552168,0.4918552942025722,0
-0.9121302330607648,-2.034367565568833,0
-0.2644936023076295,1.88994504432484,0
2.032063055666207,1.384521126644066,13
-1.1392526326997374,0.2233529783041783,0
0.4781319666347949,-0.4319820182069384,0
0.4857623825024332,1.1447219841253844,0
-1.008965420625885,0.1166234237108288,0
-0.5593778735268902,-0.9751063011076548,0
-0.2634813734481058,-1.005277750469387,0
-0.7652928369846159,0.7822278347644059,0
-0.1339809160577286,-0.4273053061472652,0
-1.2465417667190717,-1.584643247745189,0
2.0355054379450146,-0.4082569482748625,1
0.2062973429177925,-1.547815076220433,0
0.9025854176113092,-0.1925595607229622,0
-0.9628960106924463,0.5052422866463226,0
-0.1660975748321078,-0.3216584547279959,0
-1.1796215039418334,0.7090833376880651,0
0.3673791053750886,-0.1254180832309879,0
-0.5499639289132322,-1.4643764362995388,0
0.4288158321516109,1.416927920375867,0
-0.3571652445931163,-0.0832587997333803,0
-0.809793115369911,-0.4529684708351805,0
-0.4371290260862682,-0.5964909572732169,0
3.317273951736475,0.3067871877815147,1
2.729879973457893,0.5586298687202021,1
-1.636696397570217,0.8659483622316565,0
-1.840188524755505,-0.2464063852265414,0
-1.182603349064236,0.2427239363888232,0
0.1582696719231411,0.519761455682,0
-1.0537501955262076,-0.8551603760614713,0
2.435473954340971,-0.0919873501164586,1
-1.097321199253168,-0.808561293195814,0
0.0117891930197279,-1.5497332521306388,0
-0.9642711210931908,-2.027207034786074,0
1.0062479283649337,-0.3961306302653664,0
-0.3043277434095556,-0.7381407646815024,0
3.4765361505807,-0.1710199330788326,5
1.8578245216017333,-1.554492262987518,8
0.0962535487376674,1.2794888448749822,0
0.2041109279838807,-1.7118670744837663,0
-0.028858364356519,-0.8201382897135727,0
-0.8865430638327363,0.6455513154282079,0
-0.1055784221684577,1.1115128276986104,0
-0.3152669066855599,-0.5863911642349652,0
0.5573615818352834,0.5688635627903091,0
-0.4181288504690928,-0.8841848745773828,0
-0.97282855147021,1.101815833415856,0
3.0352013653128127,-0.7840318015482507,1
-0.8454114383934656,-0.1658438039408427,0
-0.9390946303593914,-0.7363869538319251,0
-0.8161778874878406,-0.999537692331292,0
1.1116025977897614,0.1885249133685042,0
-0.6332553215194504,-0.6937899350509381,0
3.465236495728123,0.3726757948367722,-1
1.2876304709811313,1.0420162626817746,0
-0.1724147733419279,-0.0428923496711661,0
-0.348227495952437,-0.1199396408447191,0
0.0828842320423793,0.328793725446221,0
3.394649055675114,0.5896859795741136,-1
-0.4497738209049955,-0.5403967467680045,0
-0.478949596606222,-2.0870841049333597,0
-1.0294867712707785,-0.3642455867582257,0
-0.3800043789647093,-0.1973984432382036,0
0.9262050267058182,1.7928005448569897,0
-0.9788968246810716,0.1356819889869068,0
0.2368688706303296,-1.165921723905917,0
-0.6355456902723196,-1.0041985875948127,0
0.7497359051902484,0.2096411649791209,0
-0.2264997703849631,0.2353302520874813,0
-1.392306065415651,-0.4817632045559222,0
-0.3994339725449281,0.3653440954825542,0
-0.3677638286920431,0.5016054117232212,0
0.018340435566832,1.9839166059928937,0
-0.1390577318353264,-0.4235146027834016,0
0.0978771207863886,-0.4176525908939069,0
-1.247283175954681,-1.5807605738664143,0
-1.3898802898151752,1.143508070486226,0
-0.7835809946856631,0.2878701498947317,0
-0.9752010595007894,-2.2131061177114417,0
-0.9410166410254506,1.2087337840374055,0
-0.1077402872526779,-0.7362344948183149,0
0.6589949732477505,2.146349326806884,7
-0.6830888236242652,-1.5547967708408572,0
0.8142296389840256,-1.1177442776296052,0
-0.7328833400254814,-1.7524169435500816,0
0.0416909231595845,1.507022088341432,0
2.5550483104815607,0.9500691257310142,3
0.4035763552279122,-0.1782415847286692,0
-1.5299402955688952,0.4341660125243866,0
0.0556156357775229,0.5146810539006639,0
0.177518643023581,-0.8449283958041398,0
-0.6574334016090427,0.4578953360820366,0
1.0084253780618273,-0.2302379792377371,0
-0.0575611489728935,-1.4575017038122702,0
-0.3849686452020426,-0.2719581565156293,0
0.6477418923855142,-0.807994456264581,0
-0.4566529791013275,-0.2948873380473705,0
-0.7262775271621055,0.7627649061648498,0
-0.3377746367164959,-1.309388001534833,0
0.6074134394090855,0.8444012185727434,0
-0.3400078296603427,-1.2958993271342134,0
-1.5079395353605027,-1.051315924940022,0
-1.820554727756903,0.7905152199072548,-1
-0.329410678123485,-2.384042190963558,-1
2.7344678797026774,-1.8252249302403336,-1
-0.6186610768889197,1.495880438870348,0
3.077081093567249,0.2090792401058442,1
0.8697319370195302,0.437955866977636,0
0.7684735230695285,-0.5640145253507338,0
0.4080741941442552,0.9632870346878246,0
2.2797881918447995,0.6163421388236999,3
0.2215420462568131,2.3354193045030804,0
2.0367536129835737,-1.5241596857124768,8
-0.896467812304163,0.4011975264530929,0
-1.2683813972994842,0.3710926709442546,0
-0.070779529819695,0.8811179966986721,0
3.1585704334867355,-1.3086386105016607,-1
0.30904636764535,-1.3945373673942607,0
0.2696197001495262,-1.271611138210508,0
2.85210667252198,0.6428070338382109,1
-0.6107021162249545,-0.8195164380915716,0
-0.4177447779539154,-0.4784141709572785,0
1.3169692784520892,1.025861696248414,0
-0.1263597992623965,-2.001355474069958,0
-0.8000645739909366,0.6712926768638483,0
-0.8093264840293267,1.8005614613488674,0
1.9401068402045687,0.5878512805879195,3
0.0402366925928765,1.6767360995712286,0
2.4027173144408973,0.0332499669822393,1
-1.4876487900934494,0.1670596835748059,0
-0.2596242746202498,0.4366869623804156,0
0.1234077933844791,0.4458068625315511,0
2.0119224928646555,1.4596195850691094,13
-1.0169063952040198,-1.2279678737865682,0
-0.706352114941415,-0.088777610399911,0
-0.135237636785609,-0.4663159859648347,0
-0.2551231510320719,1.428018816522916,0
-1.0648510377935825,0.1509933284833152,0
-0.2737830813074577,-1.0037674781821653,0
-0.0445128388191752,0.6034886090199829,0
1.0853826847991768,0.2886136283832401,0
0.1912375041329645,0.5370406818703902,0
-0.8410279510951671,0.3278901615866627,0
0.1399230356666965,-0.969676223808716,0
0.0449045521703171,-0.2017248061784593,0
-0.4794153947801134,-1.1330568112443662,0
0.6975482391478868,0.3943423684258338,0
-0.8389753806310992,-0.487545825579339,0
-0.6102335827426189,-0.5990824117312739,0
0.7419468854036725,-1.70666795609835,0
-0.5473393407275535,0.6233528153717909,0
-0.894758896089605,0.3466561511204244,0
-0.657263176928351,0.7584046492389713,0
0.2491023077757435,-1.118552633826933,0
-0.1077402872526779,-0.7362344948183149,0
-1.0117393581103724,-0.0570226690273316,0
-0.8585856467230826,0.6528698885530506,0
-0.813957414032529,1.67538560950287,0
-1.3531231364051992,-1.5430821553516394,0
0.4348724048170101,1.21044109751982,0
-1.1310024021574805,0.664648903290102,0
2.757258333922584,0.499551291752193,1
1.7979227321075602,-0.7653176316134892,10
0.3909746341995885,1.0072627884060623,0
-0.9104458666958982,-0.4052136166479104,0
1.7054344476102967,-0.762112842857037,-1
-1.7292160052804355,-0.467256832533429,0
-1.037170534492022,-1.463015385878608,0
0.8210402046291754,1.6724436306165962,0
-1.0462608670713591,-0.7416751087371202,0
-0.0885522462127774,0.2617496502215374,0
-0.3767495282733389,-0.1232597574818393,0
-0.2008900276528946,-0.2237531389722398,0
-0.9673776414288252,-0.1543962359558303,0
0.7848856947314671,-0.2979175282755144,0
0.6523150972163035,0.3179421539602062,0
-0.0678801637389909,0.7114346423071791,0
-0.2088979522718486,-0.2299349947189417,0
1.727744667802405,0.169608685490197,2
-0.3646383648680003,0.2851460297566092,0
-0.5928610172289843,-1.0352788809923892,0
1.697468164219677,-0.1421631883469624,-1
-0.9116240166212056,-1.8217295438043888,0
-0.8925477217065996,-0.129174717300429,0
-0.9655471306532764,0.9225877921791256,0
-1.3132448227860885,-0.4349023543623457,0
3.214458656147184,-0.0006431799210515,1
-0.6062860029673254,1.6818101786340194,0
-0.9479797906092586,-0.8967946881786467,0
0.6246143476799594,-0.3955832162180496,0
2.149298752698215,0.5787144973656659,3
-0.2399242067599136,1.6277612263906056,0
-0.4280665280284572,0.5160608551128801,0
2.5702577823685,1.4833455199033467,3
0.2112566021892191,-0.8374871953260823,0
-0.398198177230916,-0.4306172086129664,0
2.4548073864085693,-1.6420138788624052,-1
-0.2348657851073339,-1.3570389791601736,0
-0.1868483078921756,-0.6055546723479379,0
0.1848261260359836,-0.9928566360485096,0
-0.4511907880621771,0.778275329885418,0
-0.6741970996105363,0.5819038137115895,0
-1.0266348623790942,1.136173832141324,0
0.5875100513290447,-0.1184004515959738,0
-0.2416961091643708,1.377953177572887,0
-0.4868169831757766,0.6946108596511948,0
-0.5006008124005192,-0.1703282092231813,0
-1.3691603306046722,-1.233663780738654,0
-0.4919313520949036,0.538293552307107,0
-1.2708107973357834,1.264488704068788,0
-0.7636029940741607,-0.7607609421280893,0
-0.458255285972192,-0.1312444612580793,0
2.593891543513614,1.2835723016212597,3
-0.8914151268285602,0.9243480773233416,0
2.2174977603439827,1.0971075758830116,-1
-0.8292008146251743,-1.5366661035440956,0
-0.7551265359728707,-0.5341450600210896,0
-0.3830141383923467,-0.0415822278830696,0
-0.7821826371816022,0.4654414793969888,0
0.7008952132970583,-0.3898789435184514,0
0.3731327818206335,-0.7728155216929518,0
-0.964428342482045,-0.4839130129814652,0
-0.8263618292416192,-0.6683335467328803,0
-1.0766920607540913,-1.6561904790434965,0
0.6446709988777432,-1.6100030827065706,0
0.3981876779934422,-0.6135208442064275,0
1.6621481499977664,0.0648861917507383,2
0.321199801426122,-0.4729416823491109,0
-0.0959344159605416,-1.0672922009694754,0
-0.1938119270556658,-0.1747085863674971,0
-0.7181266630205957,1.578690079272787,0
-0.5470579192849582,1.553949532387902,0
0.629303886054253,0.5567686149451849,0
0.1694166130213664,0.8286291791003491,0
1.137161728476669,1.3818370455700142,0
1.0146599677142547,-0.9771428246814968,0
2.615447770725972,-0.7813809011337538,1
-1.325263862733626,-1.701668139301444,0
1.1095239651302242,0.9726610995421456,0
0.134331242232116,2.1438159488781148,0
-1.3655609924970988,1.287137519057418,0
0.7219765472828127,-1.331060184516372,0
0.574721767624371,0.4526085268712874,0
-0.982176305005842,0.533522154610925,0
-0.8592017071461842,-0.8982933575710367,0
-1.553507236488884,-0.5365661956404166,0
0.3951916010367269,-0.1064633945168393,0
-0.6585824142664486,-2.121330012925479,0
0.1046628527785442,-0.4759846695904391,0
-1.0532376193423811,-1.9867283424144175,0
0.0758139237514873,-0.5611781629031695,0
0.7962847159847917,-1.216242504313133,0
-0.6392733280289479,1.332837620905282,0
-0.8939570263731382,0.5164740389121505,0
-0.0846686156097702,-0.8013603941327926,0
0.2157348184380691,0.1402521078538687,0
-1.2598704611290978,1.9518257866026036,0
-1.4439771172193667,0.4170140202636827,0
2.5329764879736296,-1.5600863364066413,-1
-1.5730948048409417,-0.4263703881148822,0
-0.6102581325923104,1.0846129125223174,0
0.1098675728294149,0.6871645305729446,0
-0.5519425660249232,-1.1678111106979867,0
-1.515250093445338,0.2906215381477454,0
0.3519298532738882,-0.9631596841626554,0
0.0210324433730118,0.1968618577170355,0
-1.8725170494389105,-1.0674003572209834,0
0.2143346088242423,0.6161561959983479,0
2.185345270722146,0.5570750142513975,3
-1.0666710209543495,-0.5924567153469978,0
-0.1115550415012004,1.8233935437655049,0
-0.6522995398381166,0.945905974966472,0
0.1993441215533895,-0.6155309906315446,0
-0.839436121807098,-1.5489071876842848,0
-1.0640355653899016,-0.5396640222637136,0
0.9995331046847078,-1.0422804784668998,0
-0.8347367349971078,1.2295407284106812,0
2.211007601845026,-0.0990969522663839,1
2.4459004116174548,1.0557350310937552,3
-1.370015338075342,0.1182649922509642,0
-1.302743548958549,2.021886102979446,-1
0.9674782091375612,-0.0917503977005821,0
-0.655246986675131,0.6219473343453705,0
0.150448309980537,1.1280749946027684,0
-1.0914621364265966,-0.8063234250044943,0
-0.1988673478397129,-1.872320457287036,0
-1.4559590235730713,0.4671103160520156,0
-0.4822581344151857,0.6851819554149051,0
0.4393427545556232,-0.4592951171825014,0
0.1363643198443846,0.9966866301717656,0
0.2000991334762128,-1.4798889030490745,0
0.2807244506560263,-0.2642168397256513,0
-0.3910668590957761,-0.6916028439163593,0
-0.8504537260699813,-0.1875563552026437,0
-0.2858199775251313,1.2215508960342485,0
3.1547803589035985,-0.6006099114752372,1
-0.4500485487680352,0.3373953711178041,0
-0.7240221060580152,2.2554308833538683,0
-0.9795992482130828,0.8029513259463762,0
0.3941818236823453,-0.5689945908696465,0
-0.9364292841440568,0.1495370704001538,0
-0.368896972933473,0.772740702422735,0
-0.8597650993947652,-1.4348287062799756,0
0.4685257731997959,1.5711229905614892,0
2.045490097533908,1.334455487694037,13
1.066730077250445,-0.4477254438699958,0
-0.4463233625165488,1.3581131537647435,0
-0.8336407243495104,-0.3584566430162634,0
-0.227790136015247,2.049759564591604,0
-0.2794860214719565,0.1000168024684749,0
-0.3388493024025282,-0.0431727162142773,0
-1.194250696221143,-0.2983297115880772,0
0.2708704806808357,-1.045148540295027,0
-0.5310851438374538,0.4369030812517868,0
-0.9105498205148556,-0.5515702709284511,0
0.8111685939119511,-0.0936568191398629,0
0.0869076473118013,0.0577197484233147,0
-1.0134424639440534,-0.0220291964887698,0
0.7631589090031297,-1.6860684616967463,0
0.1644398428236002,-1.03477146628489,0
0.0341202088100107,0.38486427543349,0
-0.8667008098328289,0.6505281437998014,0
-0.5252065881590829,0.7708342809834541,0
-0.5093850939038616,1.0096299335540353,0
-1.0480132766240176,-0.6597898260144918,0
-0.6462324395579363,1.0729531364150682,0
1.227884470313743,-0.2153817801215478,0
-0.249141944281119,1.237124002858576,0
3.176355529604365,-1.00921169736662,-1
1.8301531133528848,-0.1102282166936949,-1
2.920610218897965,-0.0951771472546666,1
-0.450180541128113,-1.2955680319582674,0
2.7816041630158117,-1.861894016880748,-1
-0.5241637152656884,0.7045835703378538,0
0.5538943659034818,-0.4868783492334959,0
-0.6991869478842776,1.1172956002981205,0
0.3915398785579354,0.8903227194682649,0
-1.4457146213384355,0.3096067321241043,0
-1.5512698756745238,1.1276851023809973,0
-0.0888460473799196,-0.3489056334524804,0
-1.123790661110002,-1.627317396998936,0
-0.6497629013110251,0.0486698308484856,0
0.4571278506732526,-0.1598682040474603,0
-0.3134357167309266,-1.0019692367270985,0
-0.503876458690064,-1.2473428941964408,0
0.140713408857295,1.3480198350211308,0
-1.1597772680164662,-0.1073192668908827,0
0.0976919906721079,-0.5288693331886344,0
0.8099944820414631,0.3354712414294972,0
-1.5417337871364842,0.4452822853334535,0
-0.0959622504820681,0.7665998885581097,0
2.246199661761678,-0.093465747714318,1
2.9290235609936617,-0.0050066739942494,1
-0.3560828366327328,-0.8107809326215699,0
-0.3092556794680267,-0.1120586620543151,0
0.0920930043265666,0.7212716017425463,0
0.2215680286685738,1.155002632622232,0
0.6804408868968833,1.27924545788872,0
-0.1600618477968688,-0.1514007886239236,0
1.126325346088941,0.8408566173167398,0
0.6313577592646963,0.4125152954557308,0
-0.1744673438059958,0.7725436374948357,0
-0.1808794010820613,0.7352084202030248,0
2.924469299651281,0.5254081326445947,1
-1.2714482527524356,1.4147280322281035,0
0.7387020129636925,-0.1226145722267875,0
0.2647607702612337,0.6830849433423639,0
-0.6072989852098336,2.5811922204284143,0
-1.0390079543752289,0.1288646594271112,0
-0.2043657150701173,1.053994385375692,0
0.2500165471847951,0.5204393408043225,0
-0.6779775297775708,-0.2044702406533716,0
0.4906954553425049,-0.2850323014225328,0
-0.5540374068644244,-0.865565021338686,0
-0.6824441752966524,0.1583151387554774,0
-0.556648108559587,0.7184457996475545,0
2.786950100295166,0.596569902986803,1
-1.851366035683701,0.1041566608334038,0
-0.9748682726300488,-0.9390641709567292,0
-0.9913980805818668,-1.7027590566469433,0
-0.4005653444603006,-1.2287125043378777,0
0.7879611756574483,1.0250770005690295,0
-0.3073882391182395,-1.0387113915150443,0
-0.3140900595066275,0.1589420952449652,0
0.4245999640412537,-0.1186620673477997,0
-0.4641683697516448,-0.4396724063640819,0
2.9259604597922277,-1.6479426361808869,-1
0.6471058695309311,-0.1544764757325225,0
-1.3526604133037403,-1.3031002261972346,0
-1.764277375583385,0.4888926983140294,0
-1.3781798049040657,0.1628150576817818,0
-0.0216373242367344,0.0386495802524052,0
-0.7753469723233704,0.2472759780663146,0
0.2797836794718233,0.6018659428472259,0
-0.0843852122417152,-0.6921431100672224,0
-0.4195459474419684,0.6023912173798447,0
-1.0401951993532483,-1.117906599661267,0
-0.6442806680566848,0.1288677449983372,0
-0.3295092911412475,-0.0135721898417122,0
2.941344194414678,1.0314870588742189,1
-0.3982611634208153,-0.7349666327633537,0
0.6182204805093179,-0.772407769646061,0
-0.2854770766586059,-1.535184468798917,0
0.917716868059066,0.3935639954649949,0
2.897810120261956,-0.9255506158558092,1
-0.030918177763533,-0.4884330521262072,0
1.6906929598423024,0.2497028746542124,2
3.497503336968004,1.5605030103573745,11
0.4824445956531489,-0.6133866139583811,0
0.0881507653524679,0.9572056667796394,0
0.2986864650339029,2.1441082214682443,-1
-0.1108260861940379,-1.3489505503980974,0
-0.6498180951945876,-1.0966069290465497,0
2.5612510275576423,0.1914123820890008,1
-0.6901751360755273,0.3938400823185276,0
0.8784064543230381,-0.8688110272860144,0
-1.5285309909023568,-0.2114827436881927,0
-0.3339219157074478,0.6554032664818195,0
-0.5879954437931219,0.1980343605336729,0
-0.726522568393853,-0.8468104831236625,0
0.502648224428308,0.8275808246401718,0
-0.0630120590142782,-0.201289634440584,0
0.2695853018641379,-1.4140118988886483,0
0.3646812074043233,0.4694680949657682,0
-1.052501267104664,0.0247776395007462,0
0.6842114686282211,0.2395234273219494,0
-0.5318493305966974,0.2592891888642076,0
0.6614867359066583,-0.6064420504708993,0
2.165673790766321,-0.4720505862865456,1
-0.413464071543893,0.7080498232700387,0
-0.8919752344053063,0.2376159633404093,0
-1.5866121180566777,-0.1714201691109399,0
-1.0464012011011647,-0.2090530907452601,0
0.3966256595725512,0.8846913633401058,0
-0.2095322028003742,-1.4416089047068288,0
-1.3097906101461243,-1.2229637773000837,0
-0.8852422206196567,0.5442764754057423,0
-0.50577884668863,0.8615671599094324,0
2.4103781703228124,1.1184272151400727,3
-0.1729286522721296,0.4174929490052324,0
-1.5318519826397672,-0.6076781036247558,0
-0.1563484418745532,-1.5150201461351884,0
-0.6467295609447832,0.6905704465825236,0
-0.4328151443535245,1.2729076028289017,0
0.2140299402783307,2.040437470912376,0
0.7567540946700104,-1.2396729294099214,0
-0.0733935903905927,-0.873077270668015,0
0.4760143482716596,-0.3112324951139916,0
0.4496371396883207,-2.1562526119215684,0
-1.3062193105796718,-0.1887692262995428,0
0.4419048261310849,-1.212289847858052,0
-1.4084381183813697,-0.4884461522915781,0
-1.5967993444822912,0.3099807417614653,0
0.1243303744632582,-0.0807865839051256,0
-0.5619055468169637,-0.0797108097539639,0
0.157254633551273,-1.2478799231999846,0
0.0260084601877933,0.0644217501024426,0
0.1341116340487386,0.678481973032038,0
0.8522424941788089,0.0957088198698764,0
-0.0368622509206533,1.0193238422655635,0
-1.0311761946335374,0.0219891201147902,0
-0.4997911503777156,-0.8414376571761033,0
-0.0910792403237665,-0.3354169590518607,0
1.2733261934825175,0.9378560230317842,0
0.3826994401886435,-2.11464910821879,0
-0.7474297694597899,2.408428074060836,0
-1.801954159235593,0.3992847822952667,0
-1.1843226630778811,-0.2041726878869557,0
0.0408474122147834,0.7110726902929299,0
-1.754113600280682,-0.9581290589513526,0
-0.4330574502768275,0.8377935335896801,0
-0.4784971970999505,1.139862678239519,0
0.0525746329206383,0.5458037586074692,0
-0.2554845258073235,-0.0079717937040434,0
-0.0294223059684907,-0.0320155530992271,0
0.0880650016389346,0.471359676362898,0
-0.5441574544774729,-1.265049992650159,0
-0.7634391291377365,0.8839543591462362,0
0.1344689707691707,0.2688285955331589,0
-0.2713794040515315,-1.0525548700334597,0
-0.4033299828724823,1.748395573178978,0
0.131967279890858,-0.0161925849939987,0
-0.8916477883357606,-1.0051687453072646,0
-0.8472144599912844,1.5684370020430167,0
-0.4291283444102604,-1.0740398511051512,0
-1.081827904450477,-1.3228216849773906,0
1.779396980137306,0.9349788821300764,6
-0.4482174886290958,0.0897213139294759,0
0.1338601032570298,0.5810165871647216,0
1.0741096415054587,-0.4610489280320787,0
-0.6822004368112802,1.096707860367442,0
-1.123302634775867,-1.0751900390982911,0
-0.6125441235263717,0.2513777048115934,0
-0.452224146355163,-0.4819726975565613,0
-1.1623315472855913,-0.1952518719599801,0
0.9328396930337934,-1.386942338475441,0
-0.5783248316061544,-0.9974425717116244,0
-0.9970224999757782,-0.5968595351581983,0
3.156175981099215,-1.597499902022271,-1
-0.9554165306732948,-1.207368530961058,0
-0.9584267596806144,1.484822242590569,0
-1.046642753641483,1.3516735930153505,0
-1.219468494347989,0.9373135202203092,0
1.117805314865843,-0.570131830273509,0
-0.7135061308164806,1.2024279315103368,0
-0.5575111123561874,-0.4091969299412952,0
-0.9395293149197296,0.5102378658092014,0
1.93930244477906,0.2873845303163067,2
-0.9208988557475334,0.9521387593460084,0
0.0806450191182532,-0.6819821549284566,0
-0.1754479838924758,-0.8526969807090087,0
-1.5271606719394162,-1.5205181629814668,0
2.697468290553705,0.5941552416621146,1
0.3739846344351621,-2.1424515447123818,0
-1.0333087184302618,0.3320312140699439,0
-0.0763837771827227,0.8261487491006754,0
1.13214727532168,-0.4737675952193714,0
-0.2432297437003448,-0.2823847897314486,0
3.1800952017417434,0.978967584437592,1
0.2078633196097947,-2.4120997689143366,0
-0.8624779027991194,-0.6506499572210122,0
2.421349076359469,1.146333528195594,3
-0.2369261478777385,0.2993243437504762,0
0.2113982389653996,-0.6989265456413949,0
0.948557986853042,0.701337412814432,0
0.6208774108510251,-1.2093011779729708,0
-0.4467346701578765,0.0819559661719265,0
-1.2838559526333606,-0.7787943587336533,0
0.1370999186991172,1.0123518590870977,0
0.1289562975005537,0.6801574355577966,0
0.2282866066003167,-0.8854188426467209,0
-0.6403416339707126,1.2548469181084465,0
-0.4452285247996328,-1.0689709006425532,0
0.7323361843341717,0.9871676231407324,0
0.0041952315668378,-0.3170130731084416,0
-0.4562163181953378,-0.0862052098853262,0
-0.146125933964873,-0.0260835586334261,0
-1.0293964999227434,-0.569130166812139,0
-0.0787082044569917,-1.995131207014028,0
-0.5822390320391325,0.7250982421209999,0
-0.1658514348735794,-1.361399236086052,0
-1.4809878575504112,0.3391154395578517,0
-1.3720016376776756,1.08785363829336,0
-1.0442894729026149,-1.521971183917309,0
-0.7636594165001982,0.9111824839272484,0
-1.588902616625241,-0.3139248063510095,0
-0.5972437511442981,0.4668279064799372,0
-0.1053217545951481,0.4053060306451971,0
2.823026508969983,1.4080617510213291,3
-1.160053428441575,0.2671941986221832,0
-1.392508632252371,1.7423501422853829,0
1.6470589699254423,-0.0080474666305176,2
2.804527838138271,-0.7213745777625217,1
3.1352421740542264,0.6744105587394393,1
0.6690365248423639,-0.3192562214760476,0
-0.7281561186939646,-0.8078611169827002,0
-0.6748612908219339,-0.0832809392480784,0
-0.4930659288984026,0.3061501906338774,0
-1.1032887235331987,-0.26642524519702,0
0.1155038225844825,0.58598166106539,0
-0.7304322611923292,0.1849997602383069,0
0.4262719506815731,1.8304333149152168,0
-0.8154324401974113,0.8422236215157717,0
0.4137252195172181,0.8407156096218679,0
-0.4646328651791611,1.1855375550014586,0
-1.0730550396892946,0.8568148161567225,0
0.3695909533573705,0.1828753284747815,0
0.4086843644027716,1.3222817107328098,0
1.0533270358690452,-0.7566970438502741,0
-0.3117241950236182,0.2858547232933284,0
-0.1451357792779843,0.2726583214828386,0
-0.8037709409899001,-0.8018560543693668,0
-0.2248545195393889,1.3690015532315143,0
2.426522603013078,0.8051687295336349,3
0.4105704144056794,-1.1006144248835994,0
-0.7140804702275396,1.4891126685162348,0
-0.9556185481466242,-0.3079132694430374,0
0.687103591765979,-0.4138906766481795,0
-0.5263508093786845,2.0330936727016087,0
2.559887747518054,-1.336320287362205,-1
-0.2027732066029638,-2.3153650645223443,-1
-0.4361379882007011,1.530187660539075,0
-1.1524576148789192,-1.6190013980467504,0
-0.3788794465773127,1.52914767182641,0
0.6030319340362469,-0.4707121799053033,0
-0.826002436391827,1.5890364964446202,0
-0.2285077487841496,-1.6258938387830453,0
1.81710563636586,1.0363386963470929,6
0.2170219791802264,-0.3122639665030511,0
-0.6834805586300855,-1.2875441540201182,0
-0.308846303720173,0.6058574703120297,0
0.7244017735198982,1.6188691758490603,0
1.1703594126813484,-1.3342310792872014,0
2.7014649700283813,-0.492342816479775,1
0.0296860352626514,-1.9448770204597048,0
0.2500744021729019,-0.6482254328782723,0
-0.9994487451559364,0.3142437479961465,0
-0.2656327665293387,1.1368157802490564,0
-0.4471440459057304,-0.6359601661944182,0
-0.6016973433395564,1.2937961326733154,0
-1.692893326831396,-0.8634097811607633,0
0.8172180534500981,-0.9517784068783502,0
-1.4099313346516755,-0.982118804142476,0
2.3730710233318755,-0.9124919845928716,1
-1.213367878981099,-0.6211752953489811,0
2.601479564769933,0.2383040406969742,1
0.5557221413705863,-0.5843556411478308,0
0.5480924788859328,-0.1652188904803216,0
-0.5548820165360068,0.98780175125938,0
0.1462038539656686,-0.5694636565931448,0
-1.7032500245547164,1.3133225695545392,0
2.881036104245084,-0.0912636649614949,1
-1.161384082521833,0.747054180369063,0
-0.7501206285072031,0.1665461635131122,0
0.5545617119710206,0.1960136537559834,0
-1.3140588626277,0.7590336487574262,0
1.1779496198827215,0.1196200651610879,0
2.2298147752578763,-0.8687967489938382,1
3.284019641086164,1.3742999003709522,-1
2.1606315030898053,-0.4937631375483466,1
0.401649757143643,1.2458932507381073,0
-1.179499360017452,0.5159506558324054,0
-1.358033431721637,0.0681686964626316,0
-0.7821078206305465,1.7745075555285668,0
0.6546738485720607,-0.2067799828738713,0
1.7591906958374108,-0.4687334036445582,4
-1.2433856588611576,1.0278694544368256,0
0.2829845092103125,0.3698145516889075,0
-1.042716303299652,-0.5229046388555628,0
2.075819189507448,1.4491387860731364,13
-0.1872192472998215,0.664573943689696,0
-0.8439468100276704,0.1658801844378082,0
-0.6130217520614194,0.2006883465193958,0
3.271997316466792,0.257730880705847,1
-0.2957707084083188,2.157613778939982,0
-1.0613220086025623,0.671997981677155,0
-0.8662861674876805,0.3968680779416114,0
-1.075964803569086,0.5250601709397678,0
-0.0136464909964231,-2.2649953985112607,0
3.1427724701381328,0.6299030561939437,1
-0.3507766384399613,-1.0115444288345463,0
-0.6888366896889331,-0.926947235173,0
-0.5718470528317452,0.5187033897798647,0
-0.5834561676680384,-1.3548043481161731,0
-1.6199073963360469,1.054085313348344,0
-0.913950142017632,0.7105852442277746,0
-0.8954611898059223,0.8460214727760891,0
0.1912018031012011,-0.2765427464842979,0
-1.585423100752601,-0.7898408005425072,0
0.0149303954440528,1.2520720209135832,0
0.7364959753622878,-0.4504558867266638,0
-0.8158842161363924,-0.2209783933534695,0
0.625451165045205,-1.4080226530714677,0
-1.0001121329523637,0.2652792598592968,0
-1.2025204196151993,-1.071318968114348,0
-0.85363110468556,1.0101158823486514,0
-0.3860732015389614,0.1611257976561314,0
-1.0820961927855408,-0.5775190823357639,0
0.4500193100617468,0.2826139975222863,0
-0.7379521594771483,0.7309452623922501,0
0.6866840222386321,1.6872540297001442,0
-1.478818200159854,1.3459354263301289,0
-0.0807776622801084,-0.1690232160352776,0
-0.0551368059344868,-0.3355090811428651,0
-0.1114967169334113,-1.8816457881135835,0
-0.1811082341338445,-0.3924768722711471,0
0.0578027298905191,-0.8138290484630912,0
-1.1748586557824534,-1.0211802610167866,0
0.4258942379106634,0.0804566231777214,0
-0.8102816910674365,0.3195622565874587,0
2.856360772952951,0.8459429316427399,1
2.010275809457013,-0.1773303684476666,1
0.8949992484647555,0.199233282554587,0
-1.4282122494097769,-0.992745739433514,0
-0.5304296281310715,0.1150784322600756,0
-1.4425886081510022,-1.2315107351657917,0
0.7501920589480371,0.7500166246815124,0
-0.3659216915749322,-0.7371927464837484,0
-0.3994541445758117,1.5262128645692958,0
0.4451090147453092,1.893864849336557,0
-0.467009676824648,1.881845012667932,0
-0.5287088815553571,1.0652537089085976,0
-0.1163129068665883,-1.950134366950504,0
-1.0204392584302648,-0.2741176763831304,0
2.6217766697812537,0.1124736610944113,1
0.0300390683681759,1.6566990108351862,0
0.9231300951432276,-0.854852069310838,0
0.4453143168904734,0.8442128225445432,0
-1.1638156685031855,-0.8586691918789784,0
-0.4093879880999505,1.4516037436622813,0
0.7272099850538883,-0.1738663361845462,0
3.2007405484207845,0.6132284954042504,1
0.4638934106345246,0.9426684863427492,0
0.5380792313925281,-2.069879989921468,0
0.4351250343355001,-1.3414096872594314,0
2.3150619774201653,-0.7378246539333316,1
0.0190224830483654,-0.8429828002029498,0
0.1067427881844565,-0.5889381880875325,0
-0.0008834363205257,0.3402530479021584,0
0.389613206269766,-1.1739452986918797,0
-1.0934874217325286,-0.5001214420427931,0
-1.5794846339567634,1.0424490461829448,0
-0.8515329791742238,0.5576730277153575,0
-0.8719608535829558,-1.4899938009548126,0
0.511537892312677,0.2972579885162387,0
0.6778104883303274,-0.7889358909885029,0
2.896256523294501,-0.381207356503999,1
-0.7956306044631715,-0.3194648655660724,0
0.8842337243569718,0.3333914155802605,0
-0.8978348465952685,1.5600361804723737,0
2.944912005289702,-1.104620463174363,1
-1.2975421877834137,-0.1531707852100979,0
0.7512336290950566,0.0125832463593644,0
-1.674724158198589,-0.1582121644056181,0
-0.5666281807302703,-0.5032807339187908,0
0.5736879897836885,0.3491145694487872,0
-0.9338958004731064,-0.7654063237476437,0
0.0876223207526656,-0.7615870065744432,0
-0.5582289906851783,1.772023063203665,0
-0.6750854066398129,-0.8578843446235005,0
-1.0314068797950864,-0.4522207547126451,0
-0.8210076801082312,-0.2075510326294573,0
-0.6483177657970289,0.0487004876867893,0
-0.4302348826726389,0.1804235360171507,0
-0.402262560129396,-0.0015504617202136,0
-0.1104789432530989,1.060456910817692,0
1.7753929779359747,0.326029717820121,2
-0.4384592606188291,-1.2733850455458164,0
0.2943738860475345,0.9458923290426734,0
0.2416785710035449,0.4146768583521988,0
0.6409375507402378,0.7465810285876311,0
0.1895350774783681,-0.920527946218137,0
-0.2945141917000325,-1.1238743795655646,0
2.5989479832407336,-0.8798484709789781,1
-0.0455116690110792,-0.6822626730476611,0
-0.5972450538906734,-0.2043547611966105,0
0.6040605750953287,0.4364539604379264,0
-0.0883085077274053,1.200142371833502,0
-0.0132102996701158,0.4800612878472764,0
-0.777715572114824,-1.0540979700313395,0
0.4830196884471925,1.0957694020355528,0
-0.6851810589710159,0.0898146538715389,0
-0.2558997917197625,-1.91805649614949,0
3.38879580322942,0.5679002085886871,-1
-0.6146070917895268,0.5653756923691476,0
0.2556663996270766,-0.4412187672419869,0
-1.5205465174063129,-1.1709217343344678,0
-0.738648093449198,-0.1138954040694763,0
-1.0381735384831394,1.0945587255437137,0
0.6977743368912256,0.3475663408507149,0
-1.0475720282998178,0.0698782045501066,0
1.054138000638224,-0.7566238241266483,0
0.0758315644935207,0.423990586283914,0
-1.063133026526312,-0.0732927149174535,0
0.0541627079571902,1.355577732807008,0
-1.6833195553361335,-1.5536086028041602,-1
0.1816869797410185,-1.1276384884163522,0
2.109740092842313,-0.9313226765266532,1
0.7283893579418628,0.7021157857752709,0
-0.949276046404128,-0.2745339457536268,0
0.1671171492157852,0.687965194624575,0
-0.0272961419160339,1.0021483410630097,0
0.186384310421649,-1.0162139929977656,0
0.6541825375660908,-0.6087105755005228,0
2.1831692535873217,0.8944610155965113,3
0.4471140538164573,-0.739871218165323,0
-1.1755370788281638,-0.7129481629876245,0
-0.6212927782018508,-1.2434835776834228,0
2.8331766018017643,-0.3902012405785069,1
-0.5243261476400433,-0.4368530785637288,0
-0.0894365949709428,-0.544110993260923,0
-0.5075376957692641,1.0759419578762428,0
-0.7272268440356299,0.4739342714825431,0
-0.6836968079377275,0.5853279584867325,0
-0.1826604783229389,-0.5565714334198026,0
-1.05056044276589,-0.0960876662011482,0
0.7957966896506568,-1.768369862213778,0
-1.51119480559957,0.0312994593230928,0
0.280414645328514,1.9637366181091065,0
-0.0128562476215186,0.2206046756223907,0
-1.2995798528138922,0.4729726310936967,0
-0.89858535088359,1.7336635224192485,0
-0.9844250825623624,2.2288655005008406,0
-0.217159809155668,1.64455126663706,0
-0.0803105613598418,-0.4518678420477229,0
0.1365456215032481,0.3060718423100587,0
0.7730927525272686,-1.611459340789732,0
-1.1403123929521808,1.3002756927625267,0
0.7087841488477719,-0.1728571558862782,0
1.6450122098422515,0.7878406177413774,-1
-0.0846164967986402,1.53792558860564,0
-1.173930813686188,-0.2426635249242861,0
0.2588893277101153,1.0007885084931376,0
0.8419745610375542,-1.924124915468398,0
-0.0730108706537761,0.2411312534525552,0
0.1846481090489551,-0.4524386134607965,0
-1.0555895973348743,1.5580991021947892,0
2.397887991400189,-1.7111379315124189,9
-0.8642303123517776,-0.5687646744983836,0
3.166601889012308,0.8748805645112272,1
-0.2689823461712606,0.5786717568402461,0
0.912899375379514,-0.3461072510484729,0
3.4982167076624933,0.0700135876830685,-1
0.4949717041500109,0.2125417750984253,0
-1.1331161864853905,-0.6894564242142289,0
2.4567444564958256,0.9236921389061868,3
-0.4508257888511021,-0.3044013680543042,0
-0.4821859233568805,0.6518826961933872,0
-1.0882704017408191,-0.8686301480947123,0
-0.8158478359255444,-0.8999570656258703,0
-0.547020236327735,1.546153527792049,0
-0.2869409516414165,0.128932295822264,0
1.980519754148156,-1.2498810715092117,-1
-0.678869670842073,-0.1694035483911841,0
-0.5607990085545852,-1.334174196876266,0
-0.598905889348921,0.3438286091486524,0
0.8012061624833011,-0.3302146035191246,0
0.891256501254944,-0.5949367764062272,0
-1.7011506760807131,0.3203459097245839,0
2.6080878291384506,-0.6042681007351285,1
0.6928991190392606,0.6086558527160372,0
0.058840466002313,-0.0764075761879616,0
0.4135946597192092,-0.2889691410814612,0
3.063353890788138,0.9926955834992464,1
0.8555381826835433,0.1797587510601991,0
2.577839913460234,-0.7540913111000409,1
3.366410217122865,-0.3482293105668405,1
1.985499809017757,0.463322808602034,3
-0.6485516558467044,0.9364038510065564,0
-1.1151191446750266,1.7483277852077317,0
-0.5013812073397271,-0.8298321984251011,0
-0.6682575340879178,-0.2351225102095269,0
-0.2449463224055455,0.4451799060420631,0
2.965841508719783,0.6346984848576974,1
-1.1700438984113457,-1.4559703345526096,0
-0.145241035843317,-0.5448810004742498,0
-0.9436080538884082,-0.1960609017591227,0
3.17845310575231,-0.1369964666766297,1
0.0774436400163734,0.8747273215531459,0
-0.6623990206247369,1.0917734433050772,0
-1.61258370514368,1.3880471699183148,0
2.7848843967235664,-0.2638934295049336,1
0.4803983849333487,-1.1421566149097704,0
-0.5856686948294048,-0.1705356591948535,0
0.0472366919672147,0.5669113413183868,0
-0.2160032879952276,-1.1493660312963976,0
-0.2934809632227404,0.3042776631802196,0
-0.4771696180921255,1.8540119193360367,0
0.5578781960739294,1.2829395841632012,0
-0.5627885928287538,-0.2143887855598768,0
0.5096327690056667,1.231706722572821,0
-1.2834945778581088,0.6571962514933061,0
0.1443429031758429,-1.1549209305536114,0
0.319951002820272,-1.5207837132151334,0
-0.6466152093267385,1.3383651004715116,0
-0.6757338092189428,0.1155750692506515,0
-1.337564669467555,0.7461262823897464,0
0.4606263100343012,1.0205672186246733,0
-0.2484940910653796,1.588322674307708,0
0.383717213868956,0.8274535907124856,0
-0.9743028242521076,2.264494598428589,0
-0.6735901342401466,2.302811727903777,0
-0.549203576189214,0.1880923066853175,0
-0.7263991217230962,-0.3687604973027745,0
-0.3315833363825744,1.2915498987344831,0
0.8945054117497435,-0.3333461725519513,0
-0.4604997599138045,-2.447130524161934,-1
-1.0058087634045805,1.4044780405695594,0
2.955428733914221,-0.1617826620180625,1
-0.6452741574473938,1.3599431183330797,0
-0.701631462953568,1.1561717467154569,0
2.4271268831070087,-0.028005164500482,1
-0.8694923380273644,-1.8879071863024568,0
1.9620504246039392,-1.2215279838209836,-1
3.566423377798904,-0.0846166542404291,5
0.8302703218749274,1.7431394208065325,0
0.6090138941701844,1.3342337594301883,0
1.773509878769614,-0.5538657348567745,4
2.910367798588789,-0.7590529962772966,1
0.746032063900327,-1.1328587037742075,0
-1.2086543401205043,-0.0278607031160541,0
1.7968988027025743,0.9572844958957424,6
-1.2211710508182791,-0.3523510925644131,0
-0.4091372106912262,-0.4467716234702341,0
-0.647921992736389,1.627091858591889,0
-0.4845519176555836,0.692874083448829,0
0.6299939298617174,0.2094407113278089,0
0.6381466461129931,0.3718904667890099,0
-0.3873513970441007,0.6118012192487557,0
-0.9299476713344222,0.1908281812943653,0
-0.6383798842180706,1.9689535963196425,0
0.1387489237962085,-0.5405481632393556,0
0.2207499507721428,0.5032946480161655,0
0.2949313380995447,1.6698795958495238,0
-0.811215473360273,-0.2715025614071302,0
2.528081177874489,1.0735884174186316,3
-0.5454719003777663,-0.3032999140889385,0
0.1910561282702009,-2.260747383894824,0
0.0965405765415456,-1.1299611792261293,0
0.0982131125452556,-0.5055238822863968,0
-0.9263083285801778,-0.4860164993486452,0
3.1307768813135057,0.3287581176478221,1
-0.3219830331121608,-1.9037236801130464,0
-1.1247106366960304,0.2416413847908362,0
-0.6095447618978215,-0.4058765101519883,0
-1.3312137462716234,-0.1743633421155664,0
-0.9867441690354364,1.924412199788524,0
0.3374944165818892,0.5072738989843227,0
-0.0865723063547113,0.6363669922965327,0
-0.1661898281056029,0.7046055582764584,0
0.3097728714473707,-1.2091274704108284,0
0.1714926401881528,-1.2978723424263878,0
-0.4418847555385878,-0.4912789744396363,0
-0.6181262725448498,1.87046712410704,0
0.8683785054156385,0.7363192824581619,0
-0.3797424503739132,0.4015049422375603,0
-0.8164552708756163,-0.084490421621565,0
-1.0971327844670524,-0.8475413161750799,0
-1.752474239599693,-1.0166263278864218,0
-0.699816610994593,0.4266075927127877,0
2.972638058058722,-0.0789496642498666,1
-0.3736123639038335,0.8329015278365441,0
-0.8077890952418356,0.7743281051827167,0
-0.7417715753477812,-0.7188154550534055,0
2.781120928119481,1.427463365944278,3
0.9552806028396046,0.5065599252713172,0
0.5551458998177758,1.7354250016818171,0
3.256047867906312,0.2316158127850322,1
-0.3968070626698012,-0.7367766286893453,0
1.1951389018120329,1.1954178167122207,0
-0.7102059346772442,0.5957472922300049,0
0.191944515083186,0.3907572473134751,0
-0.033045644562365,-2.1937796139649923,0
0.4321074826015259,-0.3446661361596492,0
-0.0874150639165279,1.8362583472478624,0
-0.0880558782089152,-1.3517084129457495,0
-0.6069306512949382,-0.0313017309623151,0
0.5517922821210346,-0.6683630094528312,0
0.3310246341334109,1.4706994400713018,0
-1.4898646761305507,-1.986877715856802,0
-0.0506696110520146,-2.022952545874998,0
-0.3281304264889857,-0.1676941918798024,0
-0.3145631804071734,-0.5824778335178867,0
0.3142297427346557,0.0903939188755119,0
-1.703497801094908,-1.470714139783264,-1
-1.5535317863385754,1.1471291286131746,0
0.9382101801628396,-0.6121737428614819,0
-0.0670355540674086,-1.141932130290887,0
-1.0185664772792828,1.3160562495585264,0
-1.1881822931945876,0.499900117537067,0
0.5310708903484627,1.2055301893993056,0
-0.6660742740101472,-0.0887777619760044,0
0.3357945954200432,0.3920706062488909,0
1.0818096129066663,1.1196109679026445,0
-0.2121688869072975,1.32281858816026,0
-0.536285406285808,-0.0373562012052377,0
-0.1676901575031614,-0.4407018584568805,0
-0.8772006510982991,-1.3029816611692475,0
-0.7371029623873557,-0.6014356078032614,0
0.0893507298190226,-0.4844350503667646,0
0.0545024539675745,-1.4188648820559684,0
-0.8384755239358079,1.0692981843024965,0
0.3561412137497438,1.263160874031665,0
0.0360240293706457,-1.2207671262996402,0
0.5593179907867308,-1.2338564144008817,0
-0.2176483848531933,2.4170819940596995,0
-0.3184481137565559,-0.1905504568401045,0
-0.2288259699852894,-0.7207578135072763,0
-0.199207643213488,2.2267802428992245,0
-1.3790115652714183,-0.8401341612587387,0
-0.3261058945660383,-2.4697369278413355,-1
0.57759241598487,0.2888805243113523,0
0.3880693779542989,-0.0152224272815468,0
-1.4176123625644748,-0.9064272832135676,0
-0.7314615814304954,0.7703957205221662,0
0.3049587376435536,1.3894073714286312,0
-0.951722333799476,1.6295340911836549,0
0.0704891159055952,1.1358287394654862,0
-1.152276109200462,1.0108826524146588,0
0.37265330117582,-0.1700294623384129,0
0.2629355205031715,0.9112110977365852,0
0.1240387592411697,1.8076775377934315,0
-0.904356198491486,-1.1404823465023644,0
0.2095861223148689,1.2050989284105649,0
-1.3052927712297815,-0.0814351578835901,0
-0.0175202731637338,0.624210730774801,0
-1.549269893601268,0.5093376906730559,0
0.8155377251400513,-0.7352883680734346,0
0.2190987597299976,-0.4429247350299559,0
-0.7278592424543897,-1.3912150561520802,0
-0.341682896952903,0.2257008941998796,0
-0.4048148574730613,-0.9108624997398522,0
-1.33368356457359,-0.4476326244444704,0
-0.5044598931538349,-0.7909134891224426,0
0.3765981456426692,0.9364018079775897,0
1.0162234929011151,1.516326473771633,0
-0.1198048024637752,-1.154276939416912,0
-0.5632538416392545,-0.585019577194168,0
0.340035013380092,0.2439652697189659,0
-0.3983860426536411,-1.7162952709569848,0
-0.4331621574787695,-1.3044038736906924,0
0.3977412928876416,-0.5395166918502962,0
-0.8776782796333469,-1.353671019461445,0
-0.7809104616567422,-1.0094984969709326,0
0.7944582432640626,-0.4475825447222503,0
-1.0850350939332338,0.2534356942983186,0
0.5521359363705446,-1.4292576212861647,0
-0.6364006977429891,0.3477301853948059,0
-0.7649096476681171,-0.6399381993115169,0
0.6570142800066997,-0.2241087682679438,0
-0.1611728436617635,0.4141726807920189,0
1.0163456368254964,1.3231937919159735,0
-0.5457883992848341,0.1162647088438988,0
-0.2299625287142482,-0.1315217422299645,0
1.0781063209801356,-1.5475469861739684,0
2.9000506359324576,0.7564079321954164,1
-0.0957914764379859,-0.2575488836082401,0
0.8444764559354612,1.6813951033818757,0
-0.4017108684262774,-0.6376357802962703,0
-0.4855766004435544,0.4196354579582284,0
-0.2441646247199623,1.7758665629205308,0
-0.0114027704377952,-1.9449500886072375,0
1.35092609241812,0.5027961195727162,-1
-0.2594078954969138,-1.6040891654302398,0
0.7255523544837673,-0.9875962039864856,0
0.5372156782325371,-1.8728646341870336,-1
-1.1882934899564912,-0.1301872863221098,0
2.79904046810233,0.0020996910083564,1
-0.9235441597476782,-0.9267500186690076,0
0.4704359535046987,-1.3787143992890318,0
-1.039811126838071,-0.7121358960411623,0
-0.5681583265748151,1.0066833718259962,0
0.102352861358182,-0.950182638370856,0
2.192034791169696,0.8910794337066903,3
0.7028211322022428,-0.3214516783581388,0
-0.9767089771850908,0.8030126396229836,0
-0.832512507290279,1.217892706774357,0
3.548723496031417,1.4264605083645554,11
2.3217977265142595,0.743297178181292,3
-0.4898001310445545,-0.4429312093245948,0
0.725660895720935,-0.3202536473033907,0
0.9754022221527474,-1.2248899500173578,0
-0.2345063922575417,0.9003310640173271,0
-0.2567425492815792,-0.7181651411981608,0
-1.3215456653735058,0.7761972439129617,0
-0.4092094217495313,-0.4134723642487163,0
-0.5016787627583863,1.2460838413713675,0
-0.6349401074320135,-1.1661898139523816,0
-0.4753762409104093,1.6141338667435614,0
3.4343766374653324,1.72904979894682,-1
0.8978660683698374,-0.7663262501617825,0
0.5288504168931509,-1.4693931124348567,0
0.3869479342583315,1.428533530702962,0
0.3591653292475795,2.2427101731376085,-1
-1.2603170502544925,-1.2946688993643811,0
-0.0417479963873995,0.9468793698262434,0
-0.0042830786442176,0.109846462431295,0
0.3128963533459538,-0.604207419426899,0
0.4119611094190974,-0.250019774940499,0
0.0282798854522537,-1.2815210142173143,0
0.1126616823447864,-0.3000581457756369,0
0.1820255769926361,0.1268555555442534,0
0.1542780494463569,-0.409129141970049,0
-0.1256878657766477,-0.7974775686779245,0
2.368774182945789,0.9075567779923912,3
-0.0321807886559989,-1.7196123020228788,0
-0.6496218138982349,1.5118885658564574,0
0.0826971200026388,1.0389564161020346,0
-0.1673034794952336,1.3074341805163194,0
0.5580625728052256,-0.601684426541903,0
2.0674622698377894,-0.3129751132426188,1
-0.3648080401853015,-1.3400213687236096,0
0.2017762568981331,-0.3344657037067873,0
-0.3793252823197227,0.2784937388592572,0
-0.8638560140683965,1.4993127978169098,0
-1.183138153408306,-0.1318627488478683,0
-1.004248597093455,0.5597412506697625,0
-0.8518189880350292,-0.8939095917033082,0
1.972894599298004,-1.521474891312357,8
0.1203031251586107,1.665142243715058,0
2.04310528956249,-0.4488085572179576,1
-0.0526968782834063,-0.8953711299627559,0
-0.5339350763834866,0.3917906101554079,0
0.9337403797876168,-0.2670956134824444,0
0.3618604919099005,0.4733626748915613,0
0.935622255991311,1.1533336443911122,0
-0.4376948698399913,2.2247276851648787,0
-0.6677254650522921,-1.0349971450221258,0
-0.1674718520661595,0.3534494497126483,0
0.427737128410759,0.8374992179705837,0
-0.8454368214098501,-1.689705705560292,0
-0.8958194097250332,-0.5722618874210589,0
-0.2330321194756439,-0.2623477009954063,0
-0.9366184523131572,-1.807323659620412,0
0.0190211803019903,-1.5141654678794976,0
-1.1582145759962992,-0.821407194310793,0
-0.390393023468276,-1.5208208443480755,0
0.3240224988460043,-1.298215695225445,0
2.133696996442065,1.6373488053373562,-1
-0.4426847731452889,-1.3145722798780983,0
-0.3415594502821464,0.7037508800207677,0
1.149358785411235,2.108184807921399,0
-0.2854327501538128,1.645028849684164,0
0.2191468404863079,0.0507172599826383,0
-0.9164725487104112,0.6344045373569309,0
-0.2914900762021966,-0.1443250804596215,0
0.2200512814916487,-1.5160073384948516,0
-0.3644375703573377,-0.0737754265647502,0
-0.2163879098737958,-0.2304786495932177,0
-0.3473815835344794,-1.3021237457662374,0
-0.5785742562365177,0.192494974920425,0
1.3042745507672855,1.2417893293877682,-1
3.498720188793608,-0.8918097106017775,-1
0.1818455038762478,-1.999749842544413,0
0.3961472776545189,-1.1618387479519237,0
-1.7823951787880463,0.1271403112974851,0
0.4611436034520318,0.2420811393704765,0
0.3704264679762407,-1.5007467760551845,0
-0.5864105236127111,0.9901010847034004,0
2.4718991540468997,-0.8450622968359952,1
-0.729874679324625,0.7410830117413526,0
1.0486175350632705,0.4956323516426372,0
-0.0481573183550205,2.084005472583723,0
-0.0879706638587723,0.4587956627942756,0
-0.5396538051802529,-0.143069276027772,0
-0.6850665775372773,0.5697052924567225,0
2.739130132918836,-0.3636390948727987,1
-1.1548708067352542,-0.2437152681078761,0
-1.227040511443938,-0.8560269603641802,0
-0.1699247830090776,-0.9304918364290036,0
0.2689453151586354,0.8822649475444925,0
0.1432858782318438,1.0964631039540276,0
1.2707479137270914,1.2089606568929938,0
0.6188215557151222,-0.2436684255329755,0
-1.0101766660902052,-0.7711105964472419,0
-0.2751656501792512,0.4573053591493978,0
-1.3094143299372838,0.0237342620646685,0
-0.1647213657045821,-0.4385253039421681,0
-0.4751436536071091,0.0552478357472466,0
0.6165011664956727,-1.21930439392184,0
-0.6278679470313557,-0.9296933432497274,0
-0.5614474111337152,-0.3607147830021139,0
-0.2251385464747346,-0.9039604991376924,0
0.229362105453042,1.0559230979057643,0
-0.1558050918411617,0.0144799563566872,0
-1.422686992397019,1.596482825522871,0
2.490143139230762,1.1692013960507277,3
-0.6957471710982204,-2.017847809973904,0
-1.2325513326027897,-1.0981735379862791,0
0.5536772333971611,-0.4419429744226723,0
-0.3951871150569034,0.0847492437084469,0
-0.9200366053339176,0.0839407359350258,0
-0.5171617339658905,-1.2266206208655293,0
-1.498020597269953,-0.7874142331708004,0
-0.12207437561847,-0.4618095927438916,0
-0.7157655899753905,-2.13588203340452,0
-0.7075580993882491,0.3285985519711954,0
0.9765581439178116,-1.3145286744505174,0
-0.8201019363565153,-1.1030929634303994,0
-0.4992427933784173,0.0522942776988469,0
0.7544739939005345,-0.8807395670415433,0
-0.2109751523693164,1.0574798438274424,0
0.108046286922272,-0.7274681809339164,0
-1.1137683185638851,0.1075990343741103,0
-0.3811466980425595,-0.9682349573437988,0
0.9956788153691964,2.178618982359509,0
-1.6955040285265583,0.7206010398254771,0
-0.5378754632478194,-0.0257507424542353,0
0.5466013187449861,2.00813187834516,0
-0.9814316110983972,0.3794427154581566,0
-0.7837929403783976,-1.850487146392188,0
3.4933868352583946,-0.3497162254883055,5
-1.0792896293417222,1.603719661600482,0
-0.750034315430279,-0.6722659313934306,0
-0.8652933572760559,0.6583548052339583,0
-1.006185043613421,0.157780001204807,0
-0.2842339586179393,-0.6356985504425924,0
-0.6838456876568543,-0.0369634407765911,0
1.0486225920611625,-1.5197563041513014,0
-0.1955202939068333,-1.4448252963581127,0
0.4512012142385714,-0.987441398791722,0
-1.1441337907482734,0.6718944082674122,0
2.5963982913898187,-0.4467951736455212,1
-0.7181910817725641,0.7710620027496569,0
3.245146517403225,0.2076653933319114,1
-1.1631334170020582,-0.3650697597517061,0
0.065234882536345,-1.0242411080832343,0
-0.0014754164736179,-0.3582309642790273,0
-0.5069588487237033,0.0985266503996904,0
-1.0648113729108994,-0.6781821090630792,0
-0.7931049130985577,-0.3934809239692221,0
-0.3020873075227626,-0.267898689503486,0
-0.1906474775280247,0.2722186947465854,0
-1.2349366899375978,-1.5567794975749898,0
0.4636134217539984,0.5153504216993806,0
-0.4931471849774342,-0.8704263702535183,0
-0.2911800668550901,0.948220300028737,0
0.6468543387392223,-0.2519418615998391,0
-1.2045009088366558,-0.1212782248660592,0
-0.373154358036279,0.7198015698921991,0
-0.9929223362618262,0.9993736191769458,0
2.6455117792525744,-1.2833082382602303,-1
-0.8040159080177474,1.0769714099690415,0
0.3103011862314791,0.6775692182470593,0
-1.133433234755849,1.0547662840418923,0
-0.4345838418698552,-0.3388136841360194,0
-0.8917873689825813,1.5232940256844276,0
-0.8529695689988985,1.7125557881322375,0
-0.0590517597504494,-0.6088090203100727,0
-0.387635973342837,-0.3365027477971671,0
-0.9088032213430745,-0.6139076508569727,0
-0.9183127039020622,1.0518232626133592,0
-0.8518253477792967,0.4502963964140826,0
-0.6144882325369804,0.5224397757874812,0
-0.3513139740728815,0.7599064042025875,0
-0.9902303284556464,-0.7876811290989125,0
-0.0251286704705307,-0.4901510775372877,0
0.5399904488837178,1.5083386844241673,0
0.0476557919148792,1.002141193166556,0
-0.0188918948730494,1.262063482391527,0
-0.1123095838443415,0.151376897986541,0
2.8021859741415627,-1.2073244447411924,1
-0.5483927412357292,0.3560695417127482,0
0.2612434916476622,-0.0449195307434943,0
-0.1950010741754367,0.6116160603678749,0
-0.2224315534512574,-1.6685913454025492,0
2.053599240663375,0.3125326776719891,3
0.586177964686718,-0.141819122221837,0
0.0234546004663649,-1.180264924986134,0
-1.4638655998658183,-0.7350802207672412,0
0.0519717056050682,0.6705398321411201,0
-0.8415081851229653,-1.0651645320586305,0
-0.1277728581804523,1.3308646056131077,0
3.1659182049491115,-0.1219975199887882,1
-1.403410736138443,-0.2774410301675701,0
0.240061908062482,-0.5570457793195871,0
0.6791398396642097,-1.9399785404119303,0
-1.7872872839990603,1.3989018269755555,-1
-1.2369794119659692,1.0847525745227438,0
-1.3766683985283352,0.3169983733964794,0
0.1812874524288615,-0.0194585358509652,0
-0.8110647415313805,-0.302686579790543,0
0.5927038242174374,1.8679688342822465,0
3.383202503028869,-0.3102891247241463,1
0.297832006926624,2.1713789091345785,-1
-0.4163283601601245,-0.4724281622874171,0
-0.9171398947779494,-0.0484874656325486,0
0.6518823945814252,0.7431875406507918,0
0.4270176635320904,-2.1846787677573287,0
-0.5624481434673703,0.3866298407539922,0
-1.1969648023718724,-0.1853336302056616,0
0.2348916660807079,-0.3660777459316216,0
-0.4493788012273403,-0.9578461288627368,0
-1.3361066048656216,-0.8984425794373276,0
0.290432949819811,1.853009061756314,0
-0.064398665940891,-0.5858607848348594,0
-1.87636683111992,1.462768533134771,-1
-0.4146311444910289,-1.699590204905081,0
-0.4328059194851186,0.9352589194569968,0
-0.5813319855410415,0.5007389789966054,0
-0.5652181226807469,0.8469112628684616,0
-0.3115480301463556,0.3989121183523515,0
-0.9857787181858478,-0.7932699223417496,0
-0.5653800056917113,-1.6191834713564053,0
-0.9030033162509852,-0.1141876766596059,0
1.0238291548994678,1.4562269620344317,0
-1.2390393051566917,0.2047413392369003,0
1.0469834353997678,1.8592398031068835,0
0.0703252509691712,-0.508886561808839,0
1.088514038787805,1.2643228164957303,0
-0.1334870793427166,0.1052741489592729,0
0.2218136192637117,1.4399199365874602,0
-0.3743142380724542,0.1755127794727294,0
2.9184913775721637,0.5661061810349413,1
-0.5608482380696622,2.201120466934721,0
-1.2314253014886114,-2.0209435935682336,0
0.2824120219090192,0.0030238710480691,0
-0.4986671011889976,-0.9428282798075166,0
-0.5054142670252517,0.9356445319891896,0
1.0346829740096348,-0.3381226988483261,0
-0.6983448695015455,1.4099663459738798,0
-0.9608233980131888,-1.303158454302616,0
3.0922904356384944,0.9102596495819816,1
0.5107398566314356,-1.3474147498727649,0
0.1420238167027686,-1.459374231265928,0
-1.347856603095111,-0.9146702140182208,0
0.3459759316810714,-1.281498874702616,0
-0.121828785023332,-0.1768922887786633,0
-0.2683734786591196,0.2664837652086835,0
2.2768511428068723,0.793821497811046,3
-1.0794716843835703,0.298493696462357,0
0.9905940532976534,-1.676782305032109,0
0.0300727132705794,-0.1967409814865053,0
-0.4994967256432826,1.932962394801551,0
-1.6342460721200491,0.8075243130202132,0
-0.0103005357903245,0.8118159330642312,0
-0.9094816443887848,-0.3056755528278108,0
0.3500001801171863,1.6549843741475183,0
-0.7957604108781957,0.5466911367304307,0
0.1054788745456154,-2.491300105660752,0
0.939871769004072,0.8354836397930872,0
1.015968807253265,1.4011538378745054,0
3.163719410290653,0.0338919150899716,1
0.2977513002109829,-0.3298557370761013,0
0.6929431617407513,-0.7433461399972068,0
0.1601838902828635,-0.5844319464426825,0
-1.5105840859776631,-0.934363949955206,0
-0.1852609862386084,-1.791621451148231,0
3.4785641711950763,0.6972394040087571,12
0.1550429895885853,1.7643255034173622,0
2.340049170169171,-1.2359612876959445,-1
-1.3095059040316943,-0.4425638255579658,0
0.0748737019306748,-1.0197534656535765,0
0.0659976367335196,-1.3499058680683982,0
-0.2660348993342462,0.9026303974613478,0
0.48542652055926,1.0646892602140694,0
0.53681615092038,-0.7646846816216468,0
-0.6433662988319391,1.599955704325788,0
2.339583371995279,-0.2819339940069515,1
2.1542188964503493,0.7935597304831268,3
-0.7690669074073829,-1.3483522077179464,0
-0.6439941098324887,0.255792279093719,0
-1.364429151002044,0.3448195606813565,0
-0.4604997599138045,-2.447130524161934,-1
-0.6597506359723511,-0.5000333822770163,0
-0.0681233528609726,-1.5516161646280695,0
0.1474787647989729,-0.8699423129117756,0
-0.1946066038611721,1.5188247635964267,0
-0.0131940914901516,0.9619513846616172,0
-0.4309626094373263,0.5355474442303797,0
-1.5108316584982606,-0.3979018209698932,0
-0.3713478477470312,2.155822836957462,0
-0.7591967292522279,-0.08553041033423,0
-0.4348710736933275,-1.249862498358024,0
-0.8205786816928844,0.6741544159734302,0
0.1239676969416312,-2.187959861808633,0
3.214992707108269,-1.6218972476841915,-1
0.2300923635065798,-1.4452383285812898,0
0.6562242406513893,0.610789995921521,0
-1.1544763364209896,0.6634934351206757,0
-0.5212969751443151,-1.4726924352517248,0
2.2069075179147832,-0.483613633728319,1
0.0731946763670033,-0.1320807591721131,0
-0.7794166960230453,-1.840483930443319,0
-0.4145595328280998,0.9713891093736992,0
-0.8739658926541042,1.1437422665470676,0
0.1200372883286889,-0.9473091447903492,0
-0.55002035133927,0.2075669897557988,0
-0.0377837332726513,-1.1033988819443277,0
1.138363125505293,0.4434749807963533,0
0.289750618534975,0.1476931567558329,0
0.2796329476429307,0.6330499612306386,0
-0.2100895008647759,2.534523154986451,-1
0.1760756934546387,1.6541603527301312,0
-0.5485700790436732,-0.5960745363266272,0
3.1167597114024783,-0.973135673230071,1
-0.6798105718419698,0.864583249485498,0
-0.2873035493793351,-0.766524509208034,0
3.264066739687744,-0.5854224171831023,1
-0.794290725514508,-1.1369735306848572,0
0.5838674239029652,0.7086409943210301,0
2.4314804297224355,1.0122179580552424,3
-0.3183565396621454,0.2757476307825298,0
2.8074103168599263,0.1196140716587336,1
-0.5211513003133149,0.5115122021588014,0
-1.6851602598911757,0.1884682077755524,0
2.466604916030978,0.1925138360543664,1
-0.7184348202579364,-0.1673307188623077,0
-0.206552130004029,0.8899423871123584,0
0.7474966922661221,-0.8011347153955566,0
-0.8168575334962177,-0.1507717891054688,0
-0.6320160375140093,1.680550833902664,0
0.806660357196521,-1.7366234381648042,0
-0.3020554349464165,-0.2561467913052323,0
0.8379051211411819,0.5203304872182932,0
-1.4874576399988897,1.3025409806448307,0
-0.7807538396632643,0.1514860547247567,0
0.0382586548765618,-0.7309771483275167,0
-0.6402339259002381,-1.2853677510814991,0
-0.7392738483203877,1.2089645913748344,0
-0.3616630835094594,-1.224787419149874,0
-1.3092712605990342,0.6655735641220991,0
0.7790026314185947,0.0588818424634729,0
-0.1108917334884814,0.6606415590291456,0
-0.1427692356158905,-1.0929911510958872,0
0.7123521637423899,1.0115341603882562,0
-0.8639607212703386,-0.6428846094634627,0
-1.0000784082662515,-0.3764442595891861,0
-0.9333174230072278,0.7935529269722968,0
-0.885861485930885,0.3550264674288571,0
0.0414081989706141,-0.0947572963512271,0
2.510424585425509,-0.76317716568946,1
-1.2737771876612063,-0.7158213534159447,0
-1.169939944592388,-1.309613680272069,0
-0.727085960642434,-1.3833458318326013,0
0.6665811423943039,1.7545564835293344,0
0.88951571246404,-0.5521472992718123,0
0.5931552663211302,-0.2214239738678239,0
-0.4253855174167406,0.931846680728872,0
0.3392007273036967,-0.8896328117014414,0
-0.3444015107381343,1.0294275460529496,0
-1.0445401204956453,0.2085001679114017,0
1.1514482854495416,-0.7108879368402875,0
0.4044652116205793,-0.0631115117168631,0
-0.6556751018917991,1.5681786234385102,0
0.443792512715656,0.1885915072213979,0
-0.5106367576338496,-1.044769402057473,0
0.0340162549910533,0.2385076211529494,0
0.1796420717675935,-0.9852258216911932,0
-0.0402522488282427,-0.7054854965966839,0
0.2548301316252215,-0.7534374157118529,0
-1.4572450855884476,-1.729689780237633,0
-1.5687842819839328,-1.895177916365691,0
-0.6459324084622203,0.5073064472755001,0
0.1242049458670418,0.2625428632245274,0
-1.6094323887235704,0.1590751313746592,0
-1.0174222560596813,0.0537968578403716,0
0.2738192302642252,-0.0500072319973776,0
-0.4344277692397679,2.146828952882954,0
2.9763736921412813,0.0635856298285066,1
0.2343426299023251,0.2327524198205167,0
-0.2277650368021649,-0.9585938449852722,0
0.5645299537805476,0.4130235353411382,0
0.0001796086037526,-0.8868664318301833,0
0.3809548971462222,0.6147116923861117,0
-0.5732916389823507,-0.8059853523817231,0
1.6759097510622654,-0.5763293909645235,4
0.2039830478825225,1.9892163637929208,0
0.1728657686634377,2.05595641195655,0
0.4802444482163295,0.2509406416208447,0
-0.3977991194984411,0.9975773970181396,0
0.052994332263679,-1.7232449630446594,0
-0.7047686273230733,0.2000104613970735,0
3.477015081862123,0.5508520928899125,-1
0.7669803067992222,-1.057687177201632,0
-0.8125812846887116,0.3468022874154892,0
-0.9286501127931776,0.239750106545893,0
-0.4087940260213986,1.3287083228929255,0
-0.566863373526321,-0.2867600382755715,0
-0.6606726676877397,-1.298098021163624,0
2.362764388290325,0.936502928184484,3
-0.137952292299729,0.971338180740865,0
-0.6309017069452941,-0.414839888964286,0
0.1565334705504473,1.0835368352189692,0
0.6862511155841599,-1.2079994219323864,0
-0.0798309508993344,-1.2225579167060667,0
-0.9579376346196984,-0.612366570155354,0
1.1785130121313026,0.6561554138700266,-1
0.7667769865795175,-0.8294145833601589,0
-1.433105108003775,-1.7168249767552752,0
-0.9204914563453312,0.2147479439091822,0
-0.5078276629011808,-1.0095681763950524,0
-1.2640967270385424,-0.0852022007295104,0
-0.7515553662221118,0.6679535062832561,0
0.7236031884752662,1.2988545227833408,0
0.0416952267744922,-2.5042073204523385,0
-0.2154957688092937,-0.2655453418554049,0
-0.560767135978239,-1.322422298678012,0
-1.3452411099621435,1.3428037057212088,0
-0.0056800035862094,0.4355537853017808,0
0.8227931635452239,0.2659002625706835,0
-0.2518047647874115,0.4818488411063835,0
0.0547116643518645,-0.4549689058183392,0
-0.9117526501055488,-0.1164868585275331,0
-0.882615180928836,-0.7257482640699622,0
0.8320420202597909,-1.327551368698865,0
0.652907077369396,1.016426166141392,0
3.230485452547569,-0.8114995541424842,1
-1.133040820570944,-0.7050484334059354,0
1.1099879909780583,1.883825696373098,0
0.363308832312023,-0.8885199064173371,0
-1.032201426784899,1.0734085799474742,0
0.9300138407577696,-0.5793755756289178,0
0.419995640017103,0.7394901772289912,0
-1.0002291400951442,-0.3452602412057733,0
-1.454124678762297,0.0692394935896937,0
0.0170108004296473,-1.3972560557800036,0
0.8088780953433881,-0.2361614563799327,0
1.1195273641879322,1.0512261140515606,0
0.4689447933637522,0.7946363695364498,0
-1.575513257714763,-0.3561944407051852,0
-1.1518421038192082,1.2568199334006211,0
-1.5245310267558452,-1.448177567104076,0
0.1018220950689316,0.5208746641182909,0
2.434398535271954,-0.821612817795735,1
-0.3081764263637842,-0.8572880449723163,0
-0.6218151286174737,1.550391157364713,0
-0.2307616631222707,0.8731216900276003,0
-0.3162720966217314,-0.5279364581852182,0
0.3382130482938646,0.3218946588391941,0
-1.4534768255465578,0.4204381650388258,0
1.007533236997325,-0.1951712869755497,0
0.065917213821181,0.681074796917247,0
-1.5411288778954546,-0.5008332211507385,0
-0.6231680108579748,0.5240964875219546,0
-0.6165903163194278,0.3409551155681456,0
-0.2623846094175239,-0.5974343688964995,0
-1.178260280031605,-0.4302074135371088,0
-0.0251454280138856,0.3526169109716556,0
0.5512360029997057,-0.5532635932793291,0
-0.2860851907877623,0.7728442758324777,0
-1.3500332994090198,0.9152778879539818,0
-0.460071360893834,1.1388534979412508,0
-0.1809957346255656,0.9087931992645776,0
-0.3387581478558144,1.579879441427836,0
-0.8138016252057441,-0.3711870646744813,0
-0.9981297916211412,-1.3382369010357285,0
-0.7672441889381709,0.5695591561616576,0
2.752538435317722,1.250442687636657,3
-0.0991171854093008,-1.0068261306435529,0
-0.2200435906236985,0.132379949539257,0
-1.6484807940850938,0.707319966972623,0
-0.8336607665647001,0.6345081107666735,0
-0.2341717032450499,0.1412771049482892,0
-0.142609408734286,-1.2939198375474,0
0.139475427598229,-0.3551382662559233,0
0.0918986493438801,0.9477035428197238,0
2.6081222274238387,-0.4618673400569884,1
-0.0934198015740996,-0.1501841583539835,0
-1.3006975422583429,-0.7698427343922807,0
-0.5517814363969434,-0.6975571294729517,0
2.891576833355904,0.4925368972644982,1
-1.6904331529455316,0.904262254559525,0
0.700557918791816,-0.973190319802509,0
0.2667853021841811,-1.6189577926191692,0
-1.597005949373831,0.6884501008769318,0
0.3021484699802036,0.5151194627858583,0
-0.7341755577655312,0.715487786600777,0
0.7771357404321979,-0.339123513399082,0
0.3099665472509728,0.0570026891390831,0
-1.1530357085414953,1.354254662429634,0
-0.9009343280075506,0.5960788905581372,0
1.776463685350896,-1.574113082353064,-1
0.5986291579057432,2.02435936134996,0
-1.534245681644303,1.0993013578544657,0
0.0791090628928312,0.8475298536104373,0
2.8818287991251306,-0.9634175819748776,1
-1.3619307447955664,0.7800375064825077,0
-0.8317959817396491,-0.2548894658701375,0
-0.8967446463285482,-0.0084132881604642,0
-0.990688464138895,-0.5066771558507628,0
-0.6138320376515137,-1.291946973831319,0
-0.2193925325198326,-0.8783346171588132,0
0.3003647372145899,-0.7394052380130508,0
-0.9735055419538512,1.9133265838177609,0
2.779053921801506,-0.1041826342240063,1
-0.944765827763238,0.5470532403207733,0
-0.0806855388223073,-1.0273832137359271,0
2.36835693510789,-0.1811484915025145,1
1.693327662023766,-1.6933451852623354,-1
0.063605370291053,0.8603522457835664,0
-0.7572739652031842,-0.0348103952037287,0
-0.2717368705876576,-0.4749974772307759,0
-0.7925881690442177,0.1526910820998652,0
-1.4653575133897498,-0.5575702049415916,0
0.3495594811563771,-0.3993417417403642,0
0.1255299193821162,-0.3656732310320502,0
-0.6582002438930223,0.3175365965183755,0
0.6013126200226017,-0.9176088041810824,0
-0.9135913727351308,0.8042105191016385,0
-0.3319778066968391,0.3843411955059314,0
-0.6090736229227354,1.156922851561405,0
-0.0236154119850345,-0.9894431794693266,0
-0.5645124144769007,0.0294451606349988,0
0.2357175362834757,-0.5552970970702028,0
0.1396852373778953,-2.095520863518592,0
-1.2122092219075906,0.4636473002671498,0
-0.2205243740148872,0.0639833412172481,0
0.3066286681545132,0.6714793330152683,0
-0.2024500641483259,0.4530796356237524,0
0.2556886277873202,1.064935884347651,0
1.0364667067752489,0.9164020019505832,0
0.0957296915560752,0.0816820739234539,0
-0.4579707096734556,0.8170595057878436,0
-0.2787596474856297,0.4533307147557119,0
-0.8898589985722545,-1.766032700302294,0
0.229915099902536,1.0910204470062554,0
0.0012355348209704,-0.4889342956912544,0
-1.4808943015305407,-0.015965905770055,0
3.164367263506392,0.3850905865391038,1
-0.7487222710031421,0.3441174930153693,0
3.468457367681802,-0.8523403501044827,-1
0.6900510386029933,-0.089932036027078,0
3.1364144338149487,0.8987579158168154,1
-0.6896126270256248,-0.8975613066685608,0
-0.8724830741828848,1.135976918789518,0
-1.0909845078915488,-0.7556340667122967,0
-0.0867512065404184,-0.651151722811781,0
0.7120181539089824,0.2780260188302049,0
-0.2986187888445858,1.459025890196867,0
-1.3431711027756363,-1.8079623705808248,0
-0.3899641548686232,-0.4712113804413837,0
-0.6377808651416261,-0.1693304802436517,0
-0.8576649177540692,0.7797518597631102,0
-0.5940579066231063,-0.7876473866893828,0
-1.0674955884107424,0.2679453034681311,0
-0.8152753486242512,-0.5331663849850319,0
0.2674917637710119,-0.4405831418528,0
-0.0638406645254905,-1.1865316033512936,0
-0.3717754933840172,0.565679567854109,0
-0.7177089456030147,0.1310207905711997,0
-0.4698258846845691,1.1950090221230707,0
-0.4250600532726546,0.5104414050317394,0
-0.6673490550277575,0.0437968790388216,0
-0.2366292716381637,-0.2840295954189035,0
0.4046374182267307,-0.5839816315104698,0
-0.0974146289390104,0.2828384821411697,0
0.3087131111949273,-0.1322047559524798,0
0.9952049410856658,-0.5586416994031745,0
0.4443200741167798,0.0794474428794535,0
3.669333532154441,0.538915035810778,14
0.1833569102519782,-1.8455665268297152,0
-0.8183512991299147,0.6802136443669173,0
0.6926339057766295,0.1599492325142664,0
-0.2576781836841814,-0.6557545415460133,0
0.0504856024620141,0.828501945172663,0
0.1934064081405367,-0.4519800843571647,0
2.694319295823043,-1.3667226956374594,-1
0.6300647881416619,0.8845792726067574,0
-0.5433907420091871,-0.956787237782693,0
-0.9909878716673202,2.2227143015924424,0
0.8483600865384684,0.6182850590275455,0
-0.3785059016769164,1.6013843911418717,0
2.510869871804528,1.8121348526009768,-1
-0.2037113722944164,-0.1069169465963715,0
2.6429951829406724,-1.3790368479251809,-1
-0.5158596677901441,-1.868429266084656,0
-0.574533454276642,-1.0342886030615,0
0.0344222218311863,-1.0021618466566196,0
0.1535475873732251,-1.228466553806111,0
1.7424861555703992,-0.8422070320210523,-1
-0.9396041314707853,-0.7988282103223763,0
-1.2047570270465748,-0.73972951313593,0
-1.166955364161541,0.3312070410764635,0
-1.1681653068794866,0.1146556885949405,0
0.0810226020734692,1.2358985521128436,0
-1.0165905754760365,-0.1549703960923167,0
-0.3227573338671893,1.949439739087252,0
-0.0803027690535051,-1.292795177792371,0
-0.8710952442936051,0.9800142639871324,0
0.7508528412517139,-0.5433842225347333,0
0.5162259981249014,0.7463311673067301,0
-0.4013826689737468,0.1154202640558875,0
0.2961281477099584,0.2105316286733085,0
-0.6147111754241782,0.5869230533924118,0
-0.1729260467793792,1.759858284358328,0
0.4003749761260325,1.3784678917529332,0
-0.8093876978931687,-0.3689798533214651,0
0.0739451806553248,-0.3057081011189881,0
0.1351785074284343,0.2531940234561305,0
-0.0310974974969367,-0.6191976972150414,0
-1.0513375530332634,-0.9057884206770614,0
0.0625499136535175,-2.073954448551856,0
0.8054448081172925,1.3868719504708955,0
-1.1994773606289546,1.5645817478552262,0
0.0981962251862069,0.5051481215263514,0
-0.8287360353943558,1.3703392462866886,0
-0.4248306708574809,0.3134686121826269,0
-1.013200781588041,-1.750659895553185,0
-0.05646931212451,0.7978263182507511,0
-0.5517890988875862,-0.0245338090321085,0
2.1676646777868647,-0.9206533299263868,1
0.4863568939443758,-0.3028315219672551,0
0.0871628823230417,-1.1517657010028417,0
0.3520085038601694,-1.1289484586283554,0
-1.001364266262034,0.7472544824442815,0
0.1465347887266434,1.3580537078083037,0
-1.66077140703953,0.3360535499491447,0
-0.5702884488983831,-0.6614080371888703,0
-0.343044874246116,-0.6308491075747782,0
0.020415783554534,1.349977185093246,0
-0.4852660417330575,0.1875227531233028,0
-0.7908389643796863,1.432719037524439,0
-1.3747638245847154,0.7072077246631813,0
-1.111378453594575,-0.1245255765078335,0
-1.7420328768896205,-0.0581965175384148,0
-0.0378876870916086,-1.2497555362248685,0
0.8019326662853219,-0.1448047065356922,0
0.9523455357271368,-0.1373401486918781,0
0.0768731346405401,-0.3134427920382338,0
0.1164986147215668,0.0260889554071952,0
-1.4725368324974917,0.4214899082224158,0
-0.9754173088084316,-0.3402340052045907,0
-1.4965942012247715,0.8767638451269879,0
-0.2081396556771903,-1.2444896724104648,0
0.4652533317983777,-0.8678049325589725,0
3.369765816745066,1.234179267617267,-1
-0.4237105299078886,-1.8014700134784296,0
0.2714975382984007,-1.69682586806279,0
-1.0463238532612589,-1.0460245328875075,0
0.1174316436314187,-1.3786869795980476,0
-0.0527722441978526,-0.8797791207710495,0
0.6757233099814689,-1.1597131220700456,0
-0.0650556142093426,-0.7673147882158915,0
0.4916065398954156,1.3362524231789112,0
-0.9609622994809248,-0.2672577839380128,0
-0.0349767502811361,-0.0789142080275612,0
0.3115624145938613,0.025849327593974,0
1.988476393122673,-0.3754279726279015,1
-0.1012990927087107,-1.861608699377541,0
0.0672270723032642,-0.8016611840465279,0
2.4611362854638514,-0.74815931663424,1
0.0441455522246599,-2.562631369663782,0
0.0533951623222114,-2.1602422479334984,0
3.130628001594379,-0.2935332816155015,1
-0.1752835695926611,-0.5326397647579674,0
-0.8880162378878528,-0.841086090205627,0
-0.4332440129531773,0.2232981389222096,0
2.0845794705244898,0.628217882226227,3
-1.3989260303296311,-0.8118117304088146,0
-0.2349229609163562,-1.6809363061046676,0
-0.1455098735417713,1.525079687490661,0
-1.4881236833200526,1.290831645331899,0
-1.5113533297347992,0.9034108134511536,0
0.6103437948674573,-1.141466975316523,0
0.6521162846311006,-0.1445158226689752,0
3.4723073533824054,-0.0620104021371213,5
0.2469211038273326,1.4021260386159242,0
-0.3503472204769179,-1.2865930502511382,0
-0.6120515097740266,1.3244909651147927,0
-1.2143171958546235,-0.9100059300312878,0
-1.048239374367356,-0.6130137984393725,0
-1.3019184321387658,-0.1631740011589671,0
-0.4906143007018598,0.918908809098982,0
0.1447477712891948,0.253725772283388,0
-1.161977495236994,-0.4547084841848658,0
-0.4762984024414917,0.9839732431607592,0
3.327033612308812,-0.5530405193210348,1
0.0506227316036929,1.6577931653280051,0
-0.2034240606872357,2.015848340498842,0
-1.4052081513749786,-1.8832069653009331,0
-0.9091574032073656,-0.1865470233282824,0
0.3593497059788758,0.3580861624325039,0
-1.139264463060894,-0.7813636736770121,0
-0.7589198952278428,0.3240804042793269,0
-0.386587210284857,0.7894151116363348,0
-0.0344106227241105,1.632082460730668,0
-0.5146053985674057,1.5283354048799478,0
-0.0141018913712272,-0.8095301052138202,0
-1.306607970513059,-1.1155258323222017,0
-1.5029875190320223,-0.8247187936243077,0
-0.5868764516022965,2.112032393696198,0
0.4541104287549722,0.668971331748517,0
-0.3802980503161575,-0.9759577422160264,0
-0.4842217362775936,0.6245506948504457,0
-0.2255933974861482,-0.7731532911635361,0
-0.6122575653021757,0.3783022389069748,0
-0.8575804567869109,0.5944151825033036,0
-0.3896191180890297,0.6507931482750396,0
-0.7153925146546765,0.4727292441074345,0
-0.4321615549608084,-1.8838444821429936,0
-0.0031992381217649,-0.1143970180841516,0
1.1200963627977965,-1.7522852783567235,0
-0.6915838913786755,-0.285169246792177,0
0.863816247747327,-1.212837413481462,0
-0.7892016598280573,-1.2928016520870098,0
0.1552098553935419,-1.2733712717786307,0
0.0645337617507091,0.3142108965527826,0
-0.876547457081365,1.5650436656822706,0
-0.7136219149965944,0.0513546252486055,0
-0.6798399131294657,-1.293206166986581,0
-0.1134908088420818,-0.0711298063265397,0
-0.17844090599305,-0.3279322809896092,0
0.8891310905854721,0.3667400824313673,0
1.1025004348492673,-0.0948514614711983,0
-0.6002711513139689,-0.3625246273520122,0
0.8537811857126751,-0.2593418686197266,0
-0.211977187449347,1.133641799907001,0
-0.9167064387600864,1.5221079006766978,0
-0.5220279865808374,-0.9673717617645022,0
0.29423211945566,0.9752356946617906,0
3.2165471372424173,1.041316718837039,-1
-0.0985523605986505,0.0329878704381289,0
-0.5212488943880047,-0.9790504402391302,0
0.1829508933798595,0.7747234291568673,0
2.302522568982465,-0.0320951367748356,1
-0.142645788945134,-0.614941165274999,0
0.1463742084620543,-0.4368583587400151,0
3.315330392089257,-0.7468088265658814,-1
-0.7719967135023639,-0.687142099151964,0
-0.3243481442121855,-0.0347955551615777,0
-0.8048607217089238,-0.3901606557560085,0
-1.404485481608183,-0.2229422177202235,0
0.2633046875847599,1.5062743722188967,0
0.3133758339907673,-1.2069934787814378,0
-1.1121802435273336,0.9173730085736492,0
0.4985779513652427,0.0644790014538224,0
-0.8296861056508649,-0.91433214139545,0
-0.8754604116707857,-0.0211130529803782,0
0.5502022251590228,-0.6567575507018292,0
0.2730668738661378,0.7770955275962339,0
0.456914806253737,0.3510906703121879,0
0.5035767457036581,0.1135354601055833,0
-0.7334160882401914,0.5400197918896066,0
-1.420622042208404,0.4611054050147753,0
-0.476508915572157,-0.6511054007534178,0
-0.8816677161650773,0.2165577882590807,0
1.130118705343913,-0.0173688469836771,0
-0.7560641523009328,0.3496449725815989,0
2.5759457373157013,-0.6428626627582951,1
3.182256313442979,0.8308741539546853,1
-0.6511144808051507,-0.3064421713177249,0
2.6722945351283496,0.4777964807572566,1
0.7134918773274896,0.4400053391407556,0
0.6060840880752034,1.995443867996171,0
-0.9807116766400464,0.8652461429895759,0
-0.1899606386086869,1.2868040292764122,0
-0.0208055638693812,1.041598799192926,0
-0.90795149854424,-1.815639658572598,0
1.784388451749067,-0.7114118816700076,4
-0.4445904458156898,0.944534539501768,0
-1.316185026680157,-0.275130245404811,0
0.180297167926279,-0.1502964006634252,0
-0.4601955609475753,-1.335037240879469,0
-0.8574978479295184,1.0625539228902332,0
0.0046832579009727,0.2351142847922034,0
0.1663289619702405,0.8693885411673031,0
-0.6736513481039885,0.1332704132334445,0
-0.069481292099366,-0.5625221786768891,0
-1.4767105100161235,-1.8126266545677585,0
2.376021625025031,-0.5708260939419587,1
2.4090649529649943,-0.7370428922490798,1
-0.0694059261849197,-0.5781141878685955,0
0.3079911948111168,0.2033712494666421,0
-1.2150163347147998,-0.392933358345812,0
-0.8716299188219812,0.4375235634466359,0
0.2024000298438631,-0.8359462662005569,0
-1.6826208860556395,0.4656933837068567,0
-1.089816206401938,-1.1652142244875503,0
-0.636435775207462,1.6978915253437543,0
-0.9484496268379696,-1.7884113822154923,0
-1.2246265662046183,-0.2354723373032229,0
-1.4167760945626195,-0.5942086347437016,0
0.1005809589537247,-1.1999906871885748,0
-1.5336453598214836,-0.3678000510322807,0
-0.9030278661006766,1.5695076475939855,0
-0.1802328506126971,0.4152244239756089,0
-1.310598839606859,-0.0485756769744186,0
-0.2072851975699113,-1.271760360076799,0
-0.7610890032550092,-2.0073976678162344,0
1.3152414187491226,-0.5759483452825489,-1
0.0044953924782476,-1.0505637775518148,0
-0.954191602738052,0.0316067235314668,0
-1.0926349455507094,0.2939873032414137,0
-0.5120109848359156,-1.7492819857938422,0
0.2054359757028553,1.1483196848865764,0
1.1535557100331837,1.9874233787814344,0
0.894059026643943,-0.25934202019582,0
-1.208298855509838,0.2159613370318032,0
0.3608358091219297,0.200124049400961,0
-0.2524967905203354,1.6505561776743003,0
-0.004715781279096,0.5350918491218806,0
0.9795187238623572,0.6853292858283224,0
0.6683841639921226,0.0202756775454748,0
3.463953922404176,1.3461777715962464,-1
-0.5589924982653374,0.1018470701889972,0
-1.04157406400551,-0.9637845976231766,0
-0.3308186800436484,-1.0672107670744306,0
-0.9044730016146726,1.5694769907556818,0
3.066835258770544,-0.1366958283389877,1
-1.7257572052222618,-0.7343323530686124,0
-0.4297513639730058,1.4232814643884502,0
-0.7243842342162514,-1.176400479872923,0
0.2591505029179268,-0.3961488590309301,0
-1.0208101978379107,0.9960109396545036,0
1.8531708938586056,-0.6494482082266602,4
2.522079175525362,0.2616072318660763,1
-1.2745373363656307,0.9522087419223146,0
-1.1784577898704327,-0.2214827224897426,0
-1.0642271850641438,0.8612292388627547,0
0.3020150450580564,-1.6211225926629569,0
0.7460047787421911,-0.623624699569907,0
0.3840199802731163,1.4362682216222078,0
-0.2592732976440853,1.3712395729989275,0
1.0969233428286818,-0.4911506979696909,0
-0.4319327219090251,-0.7561591896688221,0
3.1541019358578883,-0.2923778134460754,1
-0.305405693767423,0.6782712859130465,0
-0.5030101702216286,-0.2698969298815846,0
0.2181947883043392,-1.412574694748959,0
2.1199748506608462,0.4055764929368197,3
0.6295013958930807,0.3480439238978186,0
0.4175972293584712,-0.1832986291442487,0
-0.3737353910268935,-0.8019025280038231,0
-0.0008307181140195,-0.0247395428597066,0
0.8897068625586,0.5833339977982125,0
-0.2140493305489224,0.4056679826594463,0
2.7820409037055094,-0.4414954158454945,1
0.5339247811656067,1.884570175348314,0
-1.0759003848171174,1.3326882474628978,0
-0.6340225833511268,0.3226053954048803,0
0.4761392275044853,0.6700961430796394,0
3.200664429123353,-1.3670202484038754,-1
-0.2113495804683914,-0.842693613184046,0
-0.4838948395714385,0.7064240715260558,0
0.850069552116417,-0.7609144016284072,0
0.8869641685033596,0.534381415708381,0
0.5824748767797812,0.5115217620246663,0
-0.4961836004161088,-0.3183177631441587,0
-0.514223382181588,-0.7329173121763274,0
-0.476048174396158,0.4102559613515277,0
-0.7615820865870365,-0.5441363699229406,0
-1.09586238126825,-0.4572894020230563,0
2.778547705361947,-0.3168206559884509,1
-0.5297376023981474,-1.0536289043078413,0
0.7395754145593803,1.5064661569705096,0
0.4687556251946518,-1.1622243604841165,0
-1.019725134352791,0.2312336539423956,0
2.624582479842088,0.2978716520308253,1
-0.0937186597391342,1.2545492137659373,0
-0.9360309797945668,-0.4181090769685719,0
-0.5210740822891028,-0.1575552246796414,0
-1.6081048097157455,0.8732243724711771,0
-0.3522749914918683,-0.7015448977647144,0
-1.3805657116022645,1.0288671834163554,0
-1.4342465939149325,0.7198957350121705,0
-1.164539436996762,0.13038223118688,0
-0.8273358257805291,0.8944351581422094,0
0.7299475423275283,0.678758428826015,0
-0.3601574875146061,-1.0510562006410695,0
-0.1446952843367692,-0.9935144009523948,0
-0.1844837961875271,0.2297957762008911,0
0.1328313824142394,-1.5378660260517174,0
-1.238106745826522,1.3363399624281505,0
-1.1452644092806612,1.0736785614468125,0
-0.0933730235641645,-0.3277248310179368,0
0.0929877508838192,2.028570244833454,0
2.806266095640325,1.3818734633768883,3
0.2322711159498486,-0.6081630098771128,0
-0.9878477064292824,-1.5035364895594927,0
-0.0647683026021619,1.355450498879322,0
-0.0880591628807502,-1.2015116476717562,0
-0.5402326522258136,0.8343460314487806,0
-0.7971788105974463,1.36208456101111,0
-0.1069034698874323,-1.7486739316717328,0
-0.5474965621164075,2.166646837176399,0
-0.0867434142340817,-1.492079058556429,0
1.006982977856275,0.9441926839732498,0
-0.4171347375110932,0.0484845203915115,0
0.9679090596626736,0.1364796332555688,0
-1.303852143350287,0.6093260694253683,0
-0.7072421998765572,2.613312502538656,0
-0.9612358544132832,1.4496210169281485,0
0.455525543802388,0.0037746727418306,0
-0.8703433074432142,1.3096655744130004,0
-0.7340814523822703,-0.964251644050414,0
0.6631716516349153,-0.3019461868732607,0
1.0115931122613036,0.066492536602352,0
0.0613603469860497,-0.1308757317970045,0
0.4099311068792614,-0.2968996790775475,0
-0.6804655381849615,-0.1382501868460751,0
0.7256563083027248,-0.841239549705945,0
-0.8906451296884395,1.082414066916814,0
0.4675087529024682,0.6248610446300458,0
-1.1754875655097845,0.2839724843977127,0
0.0303832719810763,-0.428853686321431,0
-0.3202700788427832,-0.1126210677198763,0
-1.213571748564194,0.931755383815776,0
-0.4755926942376455,0.1665071409272962,0
-1.0400158796198449,-0.9871419545724324,0
3.130814564270729,0.3209621130519691,1
0.8678819333921823,-0.970721492697667,0
0.1545744561062496,1.5438914770570642,0
-0.8721667050915108,0.8843163111604857,0
-1.2148760006849944,-0.9255553763376722,0
-0.4861185179148766,-0.6065859921609039,0
-1.4650391623729155,-1.630610245521165,0
1.0107171793767655,0.5834493256788803,0
0.0531281767335228,-0.7437569776153237,0
-0.4260002750934671,0.0518661022813324,0
0.0696287676337309,-0.0290691429472815,0
0.1976164658700169,1.1031578061606084,0
-0.6328776087485406,1.0561867566865573,0
-0.7978274171961705,-0.9849548634378535,0
2.550625288116273,1.1176065824460983,3
0.4519602642162145,-0.0061553234834129,0
-0.2245465663216424,-0.2054764869565068,0
0.2357182896664604,1.440543655929629,0
0.2812859907948418,0.9257939266300236,0
-0.8066799514867068,0.8622300534135103,0
-0.1978062848408944,-2.278060504068837,-1
-1.6976387382683369,-1.4684762715919442,-1
0.9045328112937524,-0.6138183969728435,0
-0.1938211519240717,0.1629400970044077,0
2.766149853916718,-0.6842469620184762,1
-0.1222278427558069,-1.6050868944097696,0
0.2498268296523043,-0.1117633038929594,0
0.2206827967117298,-1.4787947485562554,0
-0.0487947737716727,2.2342448007430384,0
-0.8958907375846599,1.2889741094964855,0
-0.0553887562738923,0.7237796030092978,0
-0.5667743251409526,0.0488891868671762,0
-0.9988249722102064,-0.187236814497623,0
0.0126631439788061,-1.245310608256626,0
-1.1507305085589374,-2.01303210951562,0
0.5482159255566892,0.3128310953405664,0
-0.8205346389913938,-0.677847576739814,0
-1.063121196165156,0.931423937063737,0
0.4500941266128025,1.591680073653864,0
-1.0368618278912909,-1.0416526730667972,0
-0.9042567523070304,-0.303395121751169,0
-0.5217406749736567,1.155393525330711,0
-0.6456944803577253,1.465247071681571,0
-0.3577700740504377,2.0745731796240205,0
-0.8915289290832141,-1.048104661888931,0
-0.2101995488679128,-2.124500907696308,0
0.2481288606002241,-0.8804420142751275,0
-1.433476047411421,-0.4466963607176414,0
1.8518850358628236,0.4742505338068071,3
-0.5882384288955094,1.2554823919215403,0
-0.8389609447771924,1.8595361617549468,0
0.3871894867986499,-0.1321931530576481,0
1.251095377259675,1.836186473218682,-1
-1.2846070062850727,0.7194910685365058,0
-0.4610219805137337,0.1788401955823965,0
3.574363049630664,0.5887919755804203,14
-1.4958458828815038,-1.795982902192462,0
-0.6247171001909282,0.37770917640311,0
0.4286148336213544,-1.54464946162589,0
3.243043130874402,-0.6450019345639718,1
-0.6264174707161648,1.5871639689909625,0
0.3494191471265718,0.133280276251496,0
-0.2636859222102857,2.040215029322459,0
-0.3680946336373241,-1.5938159679820325,0
0.2514154540522467,-0.6266474150167046,0
0.4174186630080521,1.6817774787667488,0
-1.2167543881972591,0.8243174388378938,0
0.2941119574567385,0.3469889435669092,0
0.4614131945334705,0.1679612044053975,0
-0.608069735732939,0.4272854778351101,0
-1.3559826335836265,1.1179245998165752,0
1.117894363251211,-0.2344826051307614,0
0.0366205969419483,-0.0012972117159,0
0.0791044754746211,0.3265439512078829,0
-0.514255254757934,-0.744669210374581,0
1.1662846319837814,-1.4066023320028962,0
-0.2775036801407341,-1.5034993584265504,0
-0.260875808534544,-1.7856163885348977,0
-0.1868353046003378,1.238248662613605,0
0.1145558084573334,0.968333694059631,0
0.9751859728451052,0.6479821624894931,0
-0.1287871431693358,1.559063979730955,0
2.6146686785331386,-0.7697022226591259,1
-1.596004797492479,-1.2156485928986538,0
0.2441952971311406,0.3425014527133446,0
0.4120818207814098,-0.9464311091689016,0
3.025905730588311,0.9869605023852512,1
-0.4119253800100267,0.3529991347804356,0
0.332393650349976,-0.50951864689852,0
0.2821078229427901,-1.1090694122343965,0
0.383557936350742,-0.2962758081592856,0
1.088622500241264,0.7199489003056165,0
-0.2744755265880785,1.3216939284052311,0
3.0675766680061534,-0.1405785022177624,1
-0.7275674232127071,0.0408196604724788,0
0.3968777397276506,-0.3425013361158617,0
-0.8007111244603008,0.991276673091264,0
-0.5541464176812742,1.003466980174712,0
0.0850220168565901,1.3238618140202447,0
0.6174044587422467,1.242907666424252,0
-0.7394058406804659,-0.4239988117012375,0
0.6526900746787689,0.893457525648411,0
-1.6756203373179106,-1.968789459869269,-1
0.4519211486969222,-0.5016379712603027,0
0.0083013354773606,1.0917681631287908,0
-0.3096643816166041,-0.045850514294037,0
-0.6426157945436175,1.426328362378913,0
0.0630360378459009,0.5112688151725391,0
0.156947229696917,-0.9980599683352476,0
-0.5381378113863122,0.53209994208948,0
-1.1239360521376998,0.920693276786863,0
-0.0414731387086658,-0.0988167633633703,0
-0.1743115549792109,-1.2740290366825158,0
-0.6373455570139974,0.7477894684188582,0
2.933972971829392,-1.120774878031631,1
0.4458756530096948,-1.286275249422898,0
0.7582038176022166,-0.718656370169063,0
-0.3667313535977358,-0.0660832985308265,0
-1.208716572927419,1.6636306257333906,0
-1.1025246165576632,-1.3005278256826496,0
-1.601873504735153,0.2765162923014106,0
0.3731459149281651,0.9030837979647864,0
0.4931933121855923,1.474843729701902,0
-1.193038901393432,-0.7352537767532904,0
-0.170635548210816,1.9023629215983973,0
0.2262535289880479,0.261710476059628,0
-0.2763273823251923,0.5664919863766645,0
-1.5871006937542034,0.6011105583116995,0
2.1937209298606195,0.6550414921076679,3
0.1577472473036181,-0.1747666628967852,0
-0.6223636154324658,0.8245632377935671,0
0.0913814857418434,1.5582856067701158,0
-0.2518047647874115,0.4818488411063835,0
0.3580989254475662,0.1316235645170227,0
-0.7997820538215602,-1.0474267767666086,0
-1.7538731464671449,0.1304604279346052,0
-1.0354244846836314,-0.2006946804838456,0
0.7373212962016651,0.6849828474580392,0
0.4934602977742807,0.0583584593837278,0
-0.4647037234591054,0.5103989937225107,0
-0.4842068308440046,0.4352581239882386,0
2.754170682871458,0.5403106538191471,1
-1.209827149244617,1.0724500251298537,0
0.246828097170853,0.4325492986205471,0
-0.2231936840811413,0.8208181828862516,0
-0.0055787850756964,-0.592550880466969,0
-0.0073831094198903,0.4705472578403425,0
2.8215019694867216,-0.4220208843511067,1
-0.2589966676392943,-1.5396484507106316,0
-0.3274567206771796,-0.8290081770077139,0
-0.8350278008558056,1.793346764785954,0
-1.3259843465553671,-0.8628134815095789,0
-1.229223018138724,0.993469044402129,0
-0.578567816708542,0.0600054596762429,0
-0.7981017255115135,-1.263916815571524,0
-0.1026707144180262,-1.2237559477608146,0
3.117434300412963,0.1934870793380445,1
-1.371715159237188,0.0030616995155326,0
0.464867956536825,-1.9447583038556249,0
0.5385349155706347,1.006870027977416,0
-0.6955969886327186,-0.7243737430340322,0
-0.1394540542593568,-0.677247888365217,0
-0.7453362313666639,1.4349993170249875,0
0.9858663623864544,-0.0849635734029968,0
0.2117322487988071,0.034581595916656,0
-1.5709408062669583,-1.2260985834802298,0
0.2242780967644836,-0.8036374364860217,0
-0.512090105001879,0.9528813468683508,0
0.9590590566609876,-0.1623729681668925,0
0.8479669189705792,0.3822590234755412,0
-0.99956452933605,-0.8368295582655846,0
-1.0760169223802158,-1.8142258117986647,0
-1.0829942240146282,-1.7346209601526783,0
0.7123794489005256,0.5023001561839554,0
-1.590790099190218,1.6056926768926565,-1
-1.2986604265912542,-0.0713280653727913,0
-0.6640819544275343,-0.0341018532431027,0
0.5422579659090527,-1.8511520829252328,-1
1.0217399204212494,-1.5815736897234909,-1
0.6474717519406846,0.5907835640237823,0
1.093608161472148,-0.9068939607003608,0
0.7730871461659856,1.728587400327491,0
-0.3759023131090061,-0.6342611947268095,0
0.5236373551725532,-0.4669568915303081,0
-0.6566893868806827,1.7963779975563574,0
-0.5309104115222602,0.0466818239380667,0
-0.8055475606282616,-1.4047459902858352,0
-1.11500234155184,-0.9616315520503144,0
0.5123754630609072,1.2806593046626529,0
-0.827778376851104,-0.5064155400989369,0
0.6648917190315452,2.1407911904023504,7
1.666289201557068,0.291410103342827,2
-0.3764194767110427,-0.0236791307764176,0
-0.0926275762737353,1.5140364828291268,0
-0.9350939128298952,0.0227589757520236,0
-0.5161071605270334,-0.120250664226134,0
-0.2585157544324116,-1.6391558576924272,0
-0.319020601057849,-0.5573411374809428,0
-0.1424579235224089,0.6707368970690192,0
-0.1104504851642817,1.3903095895937438,0
-0.4266371811467287,-1.1225526548826363,0
-0.1301037750146828,0.0216946529196004,0
0.3964546815088748,-1.4116587028166607,0
-0.3074923227528909,-1.0171640304917804,0
0.7811813838618635,0.8959571611676501,0
-1.3151701923278825,-1.8279877048459423,0
0.0056799021478228,-0.9782538385127274,0
-0.533427007834162,-0.0490467857268838,0
-0.2850416387152832,-0.7859685354402115,0
-0.0702636689640336,-0.4006467349282679,0
2.768140191573872,0.1918083796649665,1
0.7865483822994808,-1.4995763162675138,0
3.0201875511549354,-0.872557469121213,1
-0.5828823776203701,-0.3168309997987868,0
-0.9790035138084732,-1.1851359853429246,0
0.9779941843790956,-1.1447533495441131,0
0.4909917822186891,0.4562718447313716,0
-0.222291145217552,1.2871894902325114,0
-1.59447444762834,0.5948861396796752,0
-0.601487453776182,0.7651300082838558,0
0.1211223518138084,-1.7120864305024577,0
-1.5680484791096063,1.440986150872757,0
0.5627176331104227,-1.003449828930018,0
-0.1337644627304923,1.020321419669,0
-0.6684141560813956,-1.396107061905216,0
0.3893942216536795,-0.4755345062343196,0
-1.5415175378288422,-1.427589827173397,0
-0.528504882156568,-0.6555809855599641,0
3.130185450523804,-1.6943839798566478,-1
-0.4273010385228383,1.364857415177007,0
-1.1439745132300594,1.7956238071391837,0
-1.1683914046228254,0.1614317161700596,0
0.3429343794607961,0.074281915327473,0
0.3118755787971088,1.136101958112144,0
0.8545484475443514,-1.275737199075545,0
-0.0464582505761592,0.2033680123193228,0
-0.2886556782368515,0.2030215739490394,0
0.6163193952571272,2.00768495213636,0
0.191065223322913,-2.4304920519629243,0
-0.5358760305379544,0.6805599311611074,0
-0.6725154685541143,1.0365964425832217,0
0.4016029791337078,1.4234339234020603,0
2.8786611447093624,-0.048431624941758,1
0.556674193552555,0.8789363135837667,0
-0.5639490222283196,0.5659805093439376,0
0.4817031864175393,-0.6095039400796063,0
-0.5973250072233298,-0.7097486544074585,0
0.2532201122317286,1.4628492696952948,0
-0.8287972492581976,-0.7992020683836439,0
0.9498718833899448,1.0642454195764954,0
-0.4507405745009592,1.506102707685721,0
-1.4822646204934813,1.293069513523219,0
1.0987258150631098,-0.9007734186302664,0
1.667158565097936,0.0748468448142855,2
-0.4681301015775427,-0.5354316728673361,0
-1.0317337765012415,-0.5340941313882552,0
-0.8329292057647872,-1.1954706480438329,0
-1.4025979990432065,-2.142559700963889,0
-0.5622232186547128,-0.4992328698014793,0
0.5237921250562653,1.3475030778121175,0
-0.547822310063796,-1.944163198322793,0
0.3867671819628587,0.7944902332413849,0
-0.3809256572971131,1.0003776708750207,0
0.1279593194184156,-1.2590692641565835,0
0.1220965023403267,1.4252641911225827,0
0.2510594200781899,0.4541886301587222,0
-0.0377602821497409,-0.1377780355513507,0
0.578671119725722,0.8683092267166354,0
0.2482510045246054,-1.0735746961307873,0
-1.0369358910593616,-0.3548779961985432,0
0.2630986320566109,0.560085646011079,0
-0.5036377772025842,1.7064384832094626,0
1.1443541806919426,2.078676252063745,0
0.1995845753669267,0.4730584962544133,0
0.4717188106319483,2.179998935147819,7
-0.6819106736989575,-0.1382808436843789,0
1.644952298724785,-0.7105180292524074,-1
-0.117273220934576,-0.0361244277409596,0
-0.5269708280728975,-0.1519970882751079,0
0.316992479005086,-0.8536182528175933,0
-0.4856310409441323,1.270199451063025,0
-0.0010782108509089,1.723439058998815,0
0.2299073075961992,1.9319477827509035,0
-1.0548853216930971,0.2373543475885834,0
-0.5813904640964389,-0.4943410156244367,0
-0.3677052203209517,1.328781391040458,0
-0.7250014433981198,1.3013729328265715,0
-1.3419181362992734,0.917619632707231,0
0.7850215211267706,-0.13980897579672,0
-0.5814059188934185,1.0196096405610546,0
0.5288777020512868,-1.9786271166391571,0
-0.4164128211272827,-0.2870914850276105,0
-0.4897915853552331,0.7119822079305894,0
-0.5281441865604009,2.272971725294084,0
-1.5692442697769473,-0.9606985254708048,0
0.0999682574063582,0.5870521550402652,0
-0.1958413802321114,-1.54624657582783,0
-1.1865936687946452,-0.014983993586678,0
-1.1498272163123633,0.4491799508304725,0
-0.5474564276540425,-1.1989031585664882,0
1.110763594479462,-1.2981550551506529,0
0.0268946610557243,0.2168069759381667,0
-1.4441837221109062,0.7954833793791494,0
-1.4008415514357289,-0.3788009959606797,0
0.6454359390199715,0.5634515626808406,0
-0.1788040530943593,0.1012689993033768,0
1.080105753690001,-0.8412363125586255,0
-0.3643200138511666,-0.7878940108229644,0
0.4845953095552972,-1.2629180440497354,0
0.999228436138796,0.382000796447128,0
1.022636099540571,0.2290036057401604,0
0.0325893095824812,-0.1010123718215547,0
-0.6203576931626391,0.0187639079877137,0
0.8339511816216207,-0.416356115029609,0
0.7341386565685998,0.5775449024801569,0
0.1682808632871859,-0.2426008655532329,0
1.0848011024451716,0.0915676158105018,0
0.1013872064889994,-1.5529993545636986,0
-1.6458038215281972,-0.7225381951372236,0
0.5124027482190432,0.7714253004583521,0
0.1096693096076026,-1.0999515313795216,0
-0.4897707897570587,1.714858207147484,0
-0.0085325916569784,0.4276964670293204,0
-1.0007631910562296,1.275993826557367,0
-1.659770255158178,-1.568045143826441,-1
-0.5487118456355476,-0.5667311707075099,0
-0.2052227786701467,-0.2611002623110691,0
-0.1668824774058176,-0.2904318734592614,0
-0.851319131339738,0.6629344181785273,0
0.5447876953284863,-0.079524153602544,0
-0.2408320066409894,-0.1437202634848316,0
-1.186298644664836,0.0551374848906785,0
-1.6186716010220348,0.2581240092528232,0
-0.6481850942578665,0.1891017901357723,0
0.1346351573950429,-1.276306079035745,0
-0.0323475246452614,1.1501804578693091,0
-1.1407959116518138,0.057417764391227,0
-0.4169494775811185,-0.0082027526175658,0
3.057381779089897,1.013845729095486,1
0.3566552224956393,0.6348715600514622,0
-0.6788892935095661,-0.3331928646277267,0
0.5853242599624237,1.8812923184443289,0
-0.0738426310211293,-0.7618179654879655,0
0.623257711187941,1.2646934374096783,0
-0.071117373688328,1.6224647057378982,0
-0.6230049790882437,-1.0387454370767608,0
-1.221434831518841,-0.297779060393441,0
-0.6235916184401412,0.7795972061444397,0
0.0146002140660628,1.320395409511966,0
0.299905298784966,-1.129583932441449,0
0.3436204649971491,-0.906973503142532,0
-0.8829244368929577,0.1775471084415111,0
0.3926353398421421,0.6269834333646045,0
0.3174655999056319,-0.1121983240547413,0
0.7170318536809869,0.1377899066197587,0
-0.4869365958113077,-1.2582939767669707,0
0.159397005783694,0.2681740677765932,0
2.779064319600593,0.3972553653844411,1
0.0765221576643756,-1.2479954026567457,0
1.2425467581320655,0.2632493621561866,0
0.6232187254843429,0.601306774328984,0
-0.2264238551071262,-1.1049198424275093,0
0.8790543075387776,-0.5176123558368825,0
0.8923170148903721,0.3239812621352562,0
-0.8965671787049102,0.7758267745751067,0
0.6359238509682333,0.8868171407980773,0
0.5938816903394426,-1.2477305497576003,0
-1.581845990805271,0.224805847663927,0
-0.5300164183479923,-0.6418602859708571,0
0.7962282935587541,0.4557009217422048,0
-0.9977130931466328,1.0751264537824612,0
-1.3676929669304327,0.2725215276892876,0
2.812255644061005,-0.9746067713553834,1
0.9494242753214774,1.678783377129288,0
-1.0647365563598437,0.6308839670684987,0
0.0237892894788568,-1.939318884055172,0
-0.686974436152732,0.3296927064640141,0
0.055431728625909,-0.1370694935907246,0
0.6531116261315756,-2.029066613650454,0
0.4498281599671869,-0.8528672995477384,0
-1.513429431105486,-0.4584905186490304,0
-0.4304336952578417,-0.282034440612031,0
0.2200806227791444,0.6417820779772274,0
0.0513270072454698,0.3370484107217992,0
0.4082975565791496,-0.2579503129365853,0
0.2114086367644868,-0.1974885460329474,0
-1.6595601615752094,1.2237875701072154,0
-0.7292666950111627,-1.399041717586237,0
0.6741314806933999,0.717084227200902,0
0.5027308332857006,1.2957195650271014,0
2.65754176636259,-0.8397625390359684,1
-1.4033645074918983,0.8696763824917608,0
-0.7045774772285134,1.3354917584670982,0
-1.3018157810661837,-0.6880000145549742,0
-0.6309516898433558,1.1246140218468696,0
0.4198909328151608,-1.4027072300513814,0
0.8181640856517876,-0.5127510069220501,0
-0.8599794965926416,-0.2154320114198611,0
-0.8762518835881653,0.3105070588363432,0
0.7331964528223277,0.9403490326802912,0
-1.2172919278497738,-0.7247305664480885,0
-0.4578751717281257,-0.3594012724906046,0
0.7122234560541467,-0.771626007961809,0
-1.3158276899597243,-0.6847836229036901,0
-0.5309629999130723,0.2437703993961269,0
0.8412189997513404,0.2648910822724155,0
-0.1728378315607038,-1.1120497163719651,0
3.081116758745524,-0.2140321549553508,1
-1.3684293191681498,-1.7389844542258763,0
1.6773503789417596,0.1144318363444348,2
-0.8035377301193091,-0.196997317062045,0
0.8572814971834899,0.2676181364056708,0
-1.8385959420844515,-0.1273629814976571,0
3.208094809443122,0.287759582495927,1
2.3600475468311517,-0.1249623104823911,1
0.526126666326319,0.1380057223389433,0
0.055839751595402,1.289284459276086,0
0.1819703831090734,-1.0184212043507817,0
-0.2912139955607961,-1.7305550188458962,0
0.4094471185999461,0.996616950747646,0
3.21788962168383,1.5661733890713496,-1
0.5631712611591694,-0.5937232317075131,0
-0.8092355335022069,0.1031147806678651,0
0.1935643829123755,0.0005666468380587,0
-1.012908412982968,-1.6432832642519102,0
-0.6510018514811781,0.8269238849141951,0
0.671994918841856,-0.8185176665697826,0
0.4390678968768897,0.5864010160071124,0
1.295123633471205,-0.3193533205911518,0
0.2617996409532972,0.0078850683868081,0
0.9151534937372292,0.4753760584639977,0
-0.2267025412412771,-0.8610552393943298,0
-0.5374718978808429,0.7117132927062163,0
0.1794985828816471,-0.4703110537291446,0
0.0699465192551884,1.6021693899734426,0
-0.2592746003904606,0.7000569053223799,0
0.7732915651124714,-1.14900136416055,0
-0.9021357250361745,1.534440955331798,0
-0.5506727121895112,0.5470988887773214,0
-0.4147084125472265,0.3490977101103754,0
-0.5494460119282111,-0.0791177472500991,0
-0.2527853250901831,0.068324695775748,0
-0.0199070630606115,-0.3376738811866526,0
0.8403046305265947,-1.206196877055035,0
0.4250457199999554,-0.079724607253856,0
-0.5780643355774274,-0.9018178386086032,0
2.72431197649002,-0.0074140358463907,1
2.675973412949584,-0.8603196221283433,1
-0.2721655351677163,1.795891897185648,0
0.3274729572344512,0.6002942053073035,0
1.1901758140851892,-0.3167415943385644,0
0.4771444174406568,0.6116414370298924,0
-0.414812366366184,0.2027410558298348,0
0.0799258380428871,0.8280551705399563,0
-1.1199601682611973,-1.168680780571922,0
2.8886885442533714,-0.3289038493626503,1
-1.0647625387716042,1.8113006389493471,0
-0.909927949710877,0.9800450724015296,0
-0.5510191017474655,0.1335321805613638,0
-0.3884936363382426,1.0526811780163694,0
-1.2736270051957044,0.5776527135239267,0
-1.4441753804411788,-1.370102041688783,0
3.52655087456067,-1.2123443580238291,-1
-0.6309453300990883,-0.2195919662705211,0
0.95983814885382,-0.1740516466415203,0
-0.3796949189809934,2.2198050225734387,0
0.0347537059555516,-0.3993025675784549,0
3.42741533999129,-1.0299540909159688,-1
-0.2196608208548963,-0.1330320145171863,0
2.94490291023699,-0.9348757951062628,1
0.0702071450996093,1.529890107772659,0
-1.8323859022817155,0.8094274973121748,-1
0.6677979942199074,-0.6977562374298176,0
-0.4138767319635816,0.1403304561776873,0
-1.626090150980647,-0.3919391696657883,0
-1.027517908390884,1.001495856335411,0
-0.1531539718803316,-0.4028655491761157,0
0.2469120087746206,1.5718707066840245,0
-1.347692188795296,-0.5946129980671795,0
0.123973037742826,0.3288667935937534,0
-1.3476869277778096,0.7104971844619978,0
-0.4326774158164697,-0.602079750516054,0
-0.0530542150038385,-0.4857177524638769,0
-0.0946101216245518,-0.2029461945989641,0
0.5228999839917632,1.3825697700743051,0
0.3275923658503881,-0.7672997965976471,0
0.3402766957361042,-1.484665429345449,0
-0.5956706613250436,0.2541779786684744,0
-0.6705700567971302,1.4367170392838815,0
-0.5682344458722461,-0.9735653719821292,0
0.7136580639533617,-1.1051293354281484,0
0.7146277568773638,1.3433313684905326,0
0.328452164758862,1.7222561711384048,0
3.1562339102912222,0.722238177922055,1
-0.955955089268882,1.104616107272737,0
-0.871749457253612,1.9730215806553912,0
-0.7128350304974249,-0.8012513889706702,0
-0.5353425289402596,0.383963948721251,0
0.4194803285248321,0.6965968235326468,0
-0.3001795787230019,0.140017911793027,0
-0.8017267121955595,0.5482933795325635,0
-1.1428757672740175,1.3820877557615294,0
-1.4178366081980478,-1.5131266732851851,0
1.0028573810939536,-0.7962818838043298,0
-0.9532736090774832,-1.0159726253077643,0
-1.6743147824507354,0.5597039679607267,0
-1.1286781789028055,0.1654300210816887,0
0.4841002442978103,1.0217226867940994,0
-1.2537112373911166,1.22051295035055,0
-0.7151123959584564,0.7321432934469985,0
-0.5598288960828863,-0.0424675629770641,0
-0.2259863610344435,2.3113195116075755,0
-1.5780012661221536,-0.2899743868978888,0
-1.1117430332579534,-0.1986029485875906,0
-0.5061174439402476,-0.3929268840511732,0
0.2897921355274237,-1.334957698437298,0
-0.1190516926827031,0.0144610539893084,0
-0.3695734140537237,0.2595933675013555,0
2.543057309075144,1.169910089587447,3
-0.5190928396846615,0.8882447850719017,0
-0.944688609739026,-0.1220141865176694,0
0.4002578891995436,-0.4437880821853458,0
-0.9512818388582608,0.3633613687484214,0
-0.1919060503656708,0.8866834325757523,0
-0.1874117001407568,-1.1420900210568767,0
0.3557063251698114,-0.8107131446503238,0
0.911957171633242,0.0166968791516614,0
0.4796134823596388,-1.1109300336410357,0
-0.8447277543302688,0.8310342805591726,0
-0.513300597083215,2.060988079710112,0
0.5220832088417072,1.4020444531447862,0
-0.1611338579581651,1.0775593438727136,0
1.0877154537431728,0.9443081634300112,0
-0.2237089955734121,0.7779248291899072,0
-0.3071405923937417,1.9132293331265635,0
-1.1948393917024005,-1.1470104890432564,0
1.1652743850497174,0.6672410298407898,0
-1.5544337758387743,-0.6439002640563694,0
-0.5158303265026484,0.2893601503874229,0
0.7384653876055728,-0.4093725289563111,0
-0.7455267022821396,-1.1930440806721263,0
-1.3396017851346436,0.0476116133702568,0
0.0855489546904232,-0.9490270186253366,0
0.2897628684438281,-0.0043442612824559,0
0.0795579737076739,0.9041745637341926,0
1.1711385048741811,-1.3459097577618293,0
-0.7626145616813438,0.023552340331107,0
0.4838774312263065,0.9183019490952252,0
3.461888218832576,0.4857144391045097,-1
2.883077727546674,-0.0834795664126601,1
-0.819444988088064,-0.9216389600493676,0
-1.2750299501179756,-0.1209045183808848,0
-0.3668184200576444,-1.2231119566241155,0
1.0461527737591958,-1.7930255864802054,0
-1.4585029050431093,0.8806157105913657,0
1.6983322667430585,-1.6638366294046811,-1
0.4993648358644121,-0.7881270127654535,0
-0.9993564918824414,-0.712020265008308,0
-1.1498942405570824,-1.7008134610457533,0
-1.073773201821588,-1.494180501894642,0
-0.5984198449402458,1.7173353999998386,0
0.3065533022400671,0.6870713422069747,0
-0.5342677834705188,0.3294651362739045,0
-1.218021506724227,0.2838687594118765,0
3.06793215261682,0.1032435379300949,1
-1.7200144759391944,-0.5585097058157397,0
0.2749856796440703,0.1938880278741053,0
-0.3625584294620881,0.1721925112595157,0
-0.5199981138566953,-0.7525878423236491,0
-0.7794523228509085,0.8343354948289142,0
-0.3970025905831691,-1.3494313705925207,0
-1.3048482382337467,0.4980361074070149,0
0.643041486632451,0.2745902711602302,0
-0.9117908824261624,1.215967231391604,0
-0.4846467764218292,0.3767727611001878,0
-0.3282825908799474,-0.6397888258691325,0
0.4691883278295303,-1.587469747174702,0
-0.956444418349392,-0.1186939183044559,0
-0.9458290767071104,-1.546326118270001,0
-0.7947013298048369,0.9623305228991712,0
-0.0609782280190248,0.6474217998528988,0
0.3959120848584681,-0.9453180523087042,0
0.1208184366508815,1.7080355974114023,0
-1.034335383143692,0.880172021529885,0
-1.2387072716689356,-0.5170574670082191,0
0.8672899532390901,-1.6692055048788528,0
0.4460412902721763,-1.5067518386685177,0
-0.0525226155478951,1.250782170920017,0
0.9750216383289988,1.5396414194116606,0
1.6214348711231756,-0.6843295900318735,-1
-1.37097825763608,0.6899095961074126,0
0.6601917828581643,0.6870013596306684,0
-1.08030664963905,0.6574577156690387,0
1.7898193993589702,0.237057275614452,2
-0.7606568499835213,-1.1079849691835355,0
-0.798071834860627,-0.4307854844227293,0
-1.041444677138183,-0.6731865299002003,0
-0.3666727452266443,0.7610926807864106,0
0.2320554160055971,-0.0599489826935462,0
0.1297703373421651,-0.5137785675619752,0
-0.8566936565236036,-1.9574781651612705,0
-0.2655190384785847,-0.3791343341655922,0
0.0243216423177848,1.793021792328554,0
-0.8986983997552594,1.7570515362068082,0
-0.5589243752938373,-0.3974756885813452,0
2.4708731685125533,-1.7894835900031434,9
2.468415804139034,1.1057085479527795,3
-0.373266104161573,1.4143722513563064,0
-0.5409944375119009,-1.3214013639088191,0
2.91801244629074,-0.155765844933804,1
-0.2704878123504199,0.2370365230276369,0
-0.1106914883412094,1.62637818803107,0
-0.7768511357561545,0.5768234119302533,0
-0.4688720601765428,0.7931090863347228,0
-0.4209552521085071,1.248039973592424,0
0.1594262728672896,-1.0624393693782486,0
-0.6561363924311887,1.8314753466568487,0
-0.2520089682057948,-1.1178153027481708,0
-0.9768533492697156,-0.5100093301109947,0
-0.2273082038652916,-1.9107804859099695,0
-0.4397482734707523,-0.1673935535421606,0
-1.2774997684199425,-0.3941738007097887,0
0.4380315135434565,-0.8594582767684831,0
-1.5924939584068831,-0.3551546035686136,0
-0.6460349297191088,0.8642284453677024,0
0.1310433460337181,1.218838681943144,0
0.6433514959795574,1.3671356516485886,0
-0.8528527658757119,-0.9974035491258084,0
-0.0709790957878825,-1.5771807329303416,0
-0.3683272209406242,-0.0349299369857175,0
-0.5548878269168838,1.0073496540534868,0
-1.4884518827725832,0.5377756009797413,0
-1.327443713903676,0.1105727126409471,0
-1.051611861348606,-1.1847503728107318,0
-0.5332463853543831,0.7529005270384984,0
-0.7220566020538558,0.2829662380945774,0
0.4550220626712735,0.9655979710266768,0
-0.0928389726030791,-1.9489788987810768,0
-0.7599282900521409,1.7444483484762765,0
-1.2624338354509348,2.033637849601606,-1
0.319140791434078,0.474983820061073,0
0.2248169391633733,1.416593236476508,0
-0.955313126217728,0.2636462086427667,0
0.6908237710515586,1.242595273615685,0
2.136735263990505,0.4317647805812602,3
2.3277203248941207,-0.2747736148002851,1
-0.5409818537677599,1.679156041072203,0
0.1342831614758056,1.6501739538655202,0
3.373649447348073,0.171069223262937,-1
-0.8669009251644069,-0.4831125005059281,0
3.5629769574652768,-0.137482567047339,5
0.7753645116270169,0.1951927179098225,0
-0.282411993531712,-0.7136279395628204,0
0.7463608127162479,-1.704460744745334,0
0.5587885272438554,0.9083835557648132,0
-0.0488267205519189,-1.265909951082136,0
-0.3864496115634961,-0.917668226404816,0
-0.052385016826534,-0.4563011671211338,0
0.1589948729787866,0.0339886849888846,0
-1.2528517222859454,-0.8221463931097228,0
-0.4458171460769899,1.5707511755291883,0
-0.6877507930371204,1.5158327049879328,0
0.1219989082656371,-0.0652984512753487,0
-0.0763129986864865,0.2895708375064145,0
-0.364306880743635,0.8880053088347739,0
-0.2341008449651055,0.8164156662272376,0
-0.722755740914032,0.8000388097800535,0
2.149255259360115,0.606058404755626,3
-0.0747906451482785,-0.3794659324937244,0
-1.4145459766912056,0.5863119136990763,0
-1.3544102971473566,-1.0905660809947195,0
-0.6677604127010709,0.147260179623018,0
3.2582238850411365,-0.1057701885600815,1
-1.4994045987038156,0.1703799517880194,0
-0.2401860055350157,0.860953825611037,0
0.9797162337011852,0.4766045947809561,0
-1.2271906939094397,-2.149501027304052,0
-0.4225680068104444,2.289865338950281,0
-0.8142655712698696,-0.0706351886322245,0
0.3327223991658969,-1.0811206878696462,0
0.0015206604830973,-0.8652884139686156,0
0.6991441064907753,0.3631890068807248,0
-0.4413168556555049,-0.6454741962013519,0
0.0260760337959028,0.8897570766553843,0
-0.4080045360294785,1.818467644026745,0
-1.1789463655679582,0.5510480049328965,0
-1.2357299341810348,0.6400325047616773,0
-0.5163995291321065,-0.2276272955274089,0
0.0952456234930515,0.1634822308754384,0
-0.8623654032908405,0.6506201143147123,0
2.58862172553169,0.8053571255618353,3
-1.3001855154379067,-0.576752615421943,0
-1.3689606348207908,1.056730933586555,0
0.7592375954428994,-0.6151624127465631,0
0.4706446145255982,0.9098396622718814,0
-0.9065991656671296,0.5353130965934446,0
-0.0878563122407277,1.1065903166832638,0
1.0097691652496164,0.9658013586731214,0
2.6922816307925643,-0.7405792793336645,1
3.210684036361026,-0.8065651370801195,1
0.1868495592321498,-0.6455832013634745,0
0.1646518385483202,-0.2760346581749837,0
0.9452337104437964,0.455338818151862,0
0.0573817278011032,0.7840370055124894,0
-0.4637278748104296,-1.7058451287993153,0
2.10548093541345,0.8809300814627561,3
1.229711696417457,1.0117990132874013,0
-0.1360245212847785,0.386290028254441,0
-0.5963451205198346,-1.080348789203446,0
-0.6287418979904339,-1.2341159871237406,0
-1.068372274678265,-1.2109386604551726,0
0.618660975450533,-2.0385804920812944,0
-0.3055104009693651,-1.4639261213673262,0
-1.2299326345816957,-0.2026128563940515,0
-1.564819061466606,1.370883423186686,0
0.8290019006015847,0.5315080737039675,0
-0.2798556581332271,2.0413280861826566,0
0.3324852244443865,-0.0432205592758857,0
0.5743045197864722,-0.6360967426236183,0
0.9793412562387194,-0.0989107769072484,0
-1.12039101878631,-1.3969108115280728,0
0.1522618591931368,-0.2726718270764482,0
2.543975432551407,-0.0455732745555889,1
1.8351205844783447,-1.397581741563472,8
-0.1049240793927567,-0.0493985042734535,0
-0.6784161726090201,0.4082270641351253,0
0.643112265128687,-0.2619876404340305,0
2.436982705191965,0.0994511184221571,1
-0.5947297603251467,-0.7798088192082075,0
-1.054612995303214,1.337695732672795,0
-0.2753125479729182,-0.9863654730644668,0
-0.4783985042984796,-0.0188908500091177,0
1.0293308810056072,1.8681182077246303,0
-0.766409223682691,0.210595136954976,0
-0.88409669665368,-0.046800248635865,0
-0.9304648349364588,0.8014102452447575,0
1.802407437916372,-1.299688331854734,-1
2.757147266976374,-0.2984401274107886,1
-0.0913307711154754,-0.4328823449191774,0
0.6531311189833748,-1.6973732821101066,0
-1.4669637785317255,-1.02785484300493,0
-1.1478252523136478,-0.99054689382801,0
-0.0452854414520464,-0.8969427159265851,0
-0.5671680420722327,1.1375212366384564,0
-1.36861643120789,-1.0288217635700627,0
0.2395194412277692,-0.2586091441154357,0
0.3801641044079272,-0.5462302964242558,0
-0.3261837119856266,0.9036090724974052,0
-0.7747517872821514,-0.416153247899702,0
2.919321755409433,-0.3138437405742947,1
-0.6792388379236614,-0.7644668228734954,0
2.477562139596712,-0.1308210852245664,1
-0.7650667392412771,0.7354518071892868,0
-0.8342682015147721,1.449974754770979,0
0.0459033025785128,-0.127689996984024,0
1.9477021044038345,0.0263137692422699,-1
0.2844079659274556,-2.460967528385711,0
2.3130334074423984,-0.2814259056976373,1
-1.5236108471502223,0.0033624894292679,0
0.1526212520429288,1.9846982161010525,0
-0.6588649344358248,-0.4026105592950219,0
-1.5501139539094595,1.0380463779478375,0
0.0210454466648496,2.0406651926785786,0
-0.0502250780559799,-1.443481280584393,0
-1.0196128388641066,-1.787995112844996,0
0.963171520315778,-0.0977977200470509,0
-0.8562433131466919,-1.397554802664772,0
3.529380764891513,-0.1742671331445137,5
-0.969773396562721,-1.1144401951529883,0
-1.662117929535763,-2.0344471080110043,-1
0.454360526984612,0.2631580652430905,0
-1.0629049468575138,-0.9414481754431138,0
-0.1589187253040483,1.2356559903044897,0
-0.8824859238772024,-0.2672461810431811,0
-0.1366606239230699,-0.1719084640867094,0
-0.5741798217757416,-0.1369911452669061,0
2.5122088675545133,-0.8333105502138348,1
-0.4567225346348967,-0.2988432316497708,0
-0.6923480781379191,-0.4627831391797563,0
-0.5684110302972053,0.070131302978327,0
-0.126590404640237,-1.2638488760241848,0
-0.0123312917131452,-1.2309047240726494,0
-1.0784359246174278,-0.419391779065684,0
-0.3279517859346665,1.4556325538361208,0
0.1224610820037052,1.49934156320234,0
-1.0348896803395613,0.1738920047528459,0
-0.2578575034175851,-0.7865191866348477,0
0.4825149045697028,1.386410032643851,0
-0.0203124805373539,-0.4216624987003678,0
-0.1013308855013484,-0.6616441247025856,0
-0.3537260672024355,-0.5141236365051065,0
0.1860009912894561,0.5738560563819619,0
-0.8911890290852214,0.8775720497482224,0
-1.37755472921196,0.33251716286456,0
-1.6278172573006289,0.0020915418030807,0
1.0068244537210462,1.8163040381013105,0
3.4416500619563357,-0.9297497448683784,-1
-0.8366049287298797,0.1603527048715785,0
1.013781509120675,-0.5908348980848553,0
0.1838449365861131,-1.2934391689290703,0
-1.434860802228268,-1.484742928758653,0
2.5249525591943054,1.2723405493554318,3
-1.4644185943153123,-0.7701775698677324,0
-0.8444945434596779,1.4358930178664944,0
-0.9837898130907636,-0.4204932330310498,0
-1.1596207258066968,-0.1580511880684023,0
0.5091121167122009,-1.3280132865259096,0
-0.1969978513605659,-0.131949766071386,0
-0.6095712936729727,2.099198247052144,0
-0.9800508943363696,-0.4281547042266698,0
-0.2338774825302111,-0.4048216813971723,0
-0.8071984178351186,0.8016294496873547,0
0.5845411297147713,0.0473270091931185,0
2.265949792303785,0.7698710783579252,3
0.7780500298732353,-0.0797520269448401,0
-1.0349000781386484,-0.3275459948556016,0
0.1357040127001983,-2.5229734615621937,0
0.201123266900793,0.1180078077648102,0
-1.1873837081499556,0.8199147706027865,0
-1.080494515061775,-0.6282203466749796,0
2.083345447536535,-0.4410127041981977,1
-0.2241293184837436,0.8832287825383991,0
-0.833202081518061,-0.9711539478047602,0
0.0557890653463412,-0.5467228710896038,0
1.394499621854122,0.5868458991869457,-1
0.1530862968338355,-0.9651698305877724,0
0.074705533379343,1.3467606418658686,0
0.7178486288310427,0.1183152235492775,0
-1.27267768832218,0.8664833482062334,0
-0.1341875209492682,-0.0488359470317988,0
-0.2534006321303001,0.5130022026514924,0
0.5579249740838645,1.1053989114992475,0
-0.3309004057023622,0.2925872302346668,0
-1.544349200485743,-0.6004751615327675,0
-0.7873139732434862,0.1080797029924401,0
-1.0227069794751935,-0.2351257473568461,0
-0.0313781655565474,0.4460463387686789,0
-0.8340728776209984,-1.257869341648962,0
-1.1161959462741269,-0.8641968230213011,0
0.292499202754801,1.3888143089247664,0
0.0164033654795753,-0.581789411775698,0
-0.9421311255817744,-1.3959948195957743,0
0.7694033470912538,-0.6068772222087745,0
-0.5249246173530971,0.376772912676281,0
-0.7666048814117529,-0.2341555896443942,0
-1.2850065335972298,1.8276710211018925,0
-0.792688968007034,0.0240416778491359,0
-0.7853853190298571,1.3509682882020435,0
0.7166568762185214,-0.4377254650684459,0
0.5785917955401646,0.2499737210557122,0
-0.1183570614570287,0.1881190527744871,0
-0.1266533166262361,1.9202045534523489,0
1.6701859652676068,0.9041993786462352,6
-0.260722471212901,-0.4744350715652146,0
0.9931622190572946,2.0828903726945587,0
-0.0904138761816877,1.16885447688816,0
-0.3667579595767872,-1.0494113949536148,0
0.4786712786133668,-0.7481259034409012,0
-1.4679454375612782,1.2079371823110026,0
-0.1988321163876319,1.4776375292641446,0
-0.5921565375676131,0.9644752027245213,0
-0.3423125600632183,-0.464987113385453,0
-0.2808349954733318,1.0872701356553598,0
2.9468801147866115,-1.7347197730805584,-1
-0.3323891643701525,0.4878044960901276,0
0.9278722219083336,-0.0995888136056639,0
-1.250246077588675,-0.3907685583020245,0
-0.4089682887569098,-0.8174449779898472,0
2.910955740687062,-1.9062129718219492,-1
-1.3822642300177352,1.5848465583574716,0
-1.257881630237914,-1.1638003777136174,0
2.6311725541051816,-0.2052111532650771,1
-0.757724308580096,-0.594733757700227,0
-0.4508126557435705,1.371497951603434,0
0.7056991032893966,1.2102675415337711,0
0.941594367689552,1.132183498794873,0
0.0224371606213404,-0.9697728008980984,0
0.8005901818439081,-0.669661376770003,0
0.1667186408467008,-2.064887496329816,0
-0.815111483687827,1.1115489162892935,0
2.93335896753565,-0.0049147034793382,1
-1.686564977139504,1.355102866390686,0
-0.8127600550587246,-1.108620442996629,0
0.4564852584749996,0.7940433070325849,0
0.2450243221900496,0.1709893516045747,0
-0.9501726951031318,0.4512633169792152,0
-0.4389523439508563,0.1898762523474771,0
0.1556015903993622,-1.5406238885993695,0
2.4736620912143383,-0.5934135952539812,1
-0.3453398804491809,-0.0826231743441934,0
-1.4553073363221063,-0.65654586309613,0
-0.2442615396155676,-1.20725818010449,0
3.027755530196065,-0.9248609762625618,1
0.4103612040213893,-2.0645104011212285,0
0.3652900749164643,0.1572801033342058,0
-0.6801569613999241,0.4510165412695403,0
-1.746587138232001,0.4722182891004292,0
0.5034882466816802,-1.5467718503604486,0
-0.8633179250524916,1.723702717779608,0
-1.104626700340111,-1.4820124859019854,0
-0.1910952154121859,1.0546606676031829,0
-0.9813985155593844,-0.1493391915402508,0
1.0395621501327112,0.0347153041389811,0
2.4120005694408526,-1.4178009036091688,-1
-1.153442558580307,0.7669873925431758,0
-1.5781896809082694,-0.2509943639186228,0
0.1296214576230384,-1.136069966825299,0
1.803246441226671,0.1869916366644231,2
-0.68967540919593,2.118588107504168,0
0.0338883006857949,0.4511882058027159,0
-0.5164327044548278,-0.9105618614022102,0
2.9221724413384504,1.7271094835219158,-1
0.3008540662951001,0.4839047875641418,0
0.5119147218849083,0.2192979425577069,0
0.5549170667659928,0.6077397092076456,0
-1.023853806187546,-0.3152316909917868,0
0.5176119759044157,1.2438439301510809,0
0.9314862614299018,-1.088578922994915,0
-0.331218756719196,1.3656272708142403,0
0.3005089794835208,0.7415207470247321,0
0.1324611963895782,1.7281033429857484,0
2.20294393397912,0.074102517415163,1
2.3844817451306626,-0.6581962933454949,1
-0.799260852164704,0.1876351470088379,0
1.0310676317416914,-0.0203152571356228,0
-0.7873334660952854,-0.2236136285479071,0
0.1913324927149039,0.6852379889152262,0
0.6770665478058676,1.360984301164097,0
0.393594430947463,-0.746492700648278,0
3.0027905656073037,1.0794303090896888,1
-0.8757956500466682,2.062598991411944,0
0.675864397394259,0.3035056129379261,0
1.759913365604206,1.1915313439361517,-1
-0.0746048358549131,-1.760811290826086,0
0.8755338240370794,0.1162964082244617,0
0.9818942327614693,-0.6821608395146986,0
-0.15974678145187,-1.074244063929504,0
1.7910642897256943,-0.7286486965491689,4
-0.3683836433666621,1.6370134890696202,0
2.351658285005464,0.6375464502000934,3
-0.2776913415438651,0.5313214175525476,0
0.113398583945894,0.3867897508162429,0
0.7552154031361441,-0.884622240920318,0
0.1760625603471073,-0.0217389669276071,0
0.2194314668170298,-0.3805992611484526,0
3.2527013633368225,-1.5205374334671755,-1
-1.247987451596458,-0.2600158192602085,0
-1.4035278230649315,-2.099697004105849,0
-1.0924269080971003,0.4187965964986902,0
0.9979658252463304,-0.8491784534495436,0
0.183190723626106,-0.3004318522608112,0
-1.3771792023861045,-0.4166255507705195,0
-0.2616703555243563,-0.2599870538747784,0
-0.6637433571759165,1.2203921907175028,0
-1.1243305224519642,0.0134845735583109,0
-0.2089688105517931,-0.90507355599789,0
-0.6614211158467013,1.542552741459631,0
-1.8427615434934448,1.3298084311638456,-1
-1.2466457205380288,-1.7309999020257296,0
-1.3069126390589711,0.3087554425918262,0
-0.2341294328696166,0.6544670027549906,0
1.2445786127816674,-0.3433461513535011,0
-0.3718189867221174,0.593023475244069,0
-0.8570846381464392,0.3056152046593005,0
-1.0920533631967042,0.4910333158141519,0
0.4137570920935642,0.8524675078201215,0
-0.784744708757064,1.2184362100725394,0
-0.0030530937110826,-0.6665669388701188,0
-0.2780676217527058,-0.7153766218122047,0
-0.4393051730367867,-0.0912009406242984,0
0.3903091402418157,-0.3291046322301532,0
0.7571531524024854,0.188521676221185,0
1.003904292042168,0.9831113932759084,0
-1.5063585734512033,-0.8931767156229239,0
0.4476248576742263,-0.0062472939983239,0
0.0152849968560406,-0.3320426766345868,0
-0.4501584427835635,0.3784906349351751,0
-0.967710897879248,1.1079363754859504,0
0.994570220977458,0.7660589488054316,0
0.1294896692825544,0.5514654684217455,0
0.5829765855848382,1.4148903542597653,0
1.1092361839433615,1.3862703706434252,0
-1.2993024694261166,-0.4420746396160303,0
0.0453795752126145,-1.4934007832393572,0
0.8063783863905349,-1.3425620698576315,0
-1.042468057179778,-0.2752424877142528,0
0.0382144823593772,0.7889288596895322,0
-0.8191149365257677,-0.8220583333439461,0
3.2578483582152806,0.6433725250749982,1
2.946651565538131,1.669810245641595,-1
1.7792091147145808,-0.3506991802139418,-1
0.2229773333351125,0.5093538764096528,0
0.5061745183108832,0.1741241577847207,0
-0.6865761318032418,-0.2379534409047116,0
0.4460524414542482,0.990526913939762,0
0.3260849975294773,0.9241608754134938,0
-1.490997066988996,0.2800983278425435,0
-0.8286179295247941,-0.6684374232948096,0
-1.4885090585816054,0.2138782740352471,0
-0.1650605123195903,-0.3683612625794895,0
-1.0002024043003988,0.4701638399132101,0
2.013580593014459,-0.2630251053254442,1
0.3760263375204606,-0.9229509732903376,0
-0.799592755836766,0.7415299379501525,0
-1.013826406643537,-0.5957039154126789,0
-1.3209258506988872,-0.3592108334334374,0
0.976839015997016,0.9407261278888782,0
-1.1035843768101068,-0.2236051112243014,0
1.0516648976644225,-0.8796963411815589,0
1.1026784518362958,-0.6352694840589117,0
-1.082937048205606,-1.4107236332081845,0
0.8263922976332032,-0.5337972759563603,0
0.4375969087668267,1.5988830157458522,0
-1.4721054326089882,-0.6749381461447173,0
0.0700946455913305,0.2286200362369345,0
-1.3092649008547668,-0.6786324239952919,0
0.073867832815419,0.5312633410232596,0
0.9080604079227028,-0.5960923961517467,0
3.013777679823924,1.5892267189595506,-1
-0.8160984835185747,0.8305142862028402,0
0.1278989387212666,-0.2210533529538754,0
0.1680579203999881,-0.1781175879483024,0
0.7601590777948972,1.5075603114633285,0
0.264549577951484,0.5405684000552757,0
0.7547177323859068,0.0576531545704212,0
-0.8857139089581335,0.306135199015633,0
0.7656028747090295,-0.4002865227907988,0
-0.3316640430982155,-1.2096847474761965,0
-1.234916443702814,0.7707545869651894,0
-0.8777528921648085,0.6577617427300934,0
-1.781953930463847,0.8568083418620837,0
-0.254264185290291,0.7100175583859271,0
-0.7521374979395076,1.795565579033802,0
2.6669520865404244,1.189634633938829,3
2.659759634325151,0.4927954274450982,1
-0.8185437519708498,-1.1264503203796554,0
0.2000414083038,-0.4791281446702841,0
-0.8476752011672833,0.5070756399380711,0
-1.311880110184431,1.596108967461603,0
-0.6276444547807674,-2.318834706177942,-1
0.2702870462170647,-0.5887191352210286,0
-1.156473787205395,-0.864196671445208,0
-1.4478802406741729,1.1484307330776655,0
-0.6878079688461427,1.1919353780434383,0
0.3457564774853025,1.9532864759514368,0
-0.9072156956699132,1.5205244086658505,0
0.1442520824644171,0.3746217348235862,0
-0.9142607007281291,0.9426979490627002,0
-1.1299686243167977,0.7681428607126021,0
-0.268318154959863,1.243856509799914,0
0.0475360994956398,-2.162480116124818,0
0.2384374528150822,-0.6878410812467252,0
-0.6449044410024147,0.6303483074921069,0
2.909243070220987,0.8348997269812056,1
0.6296885079328212,-0.362118766757995,0
-1.671803996519711,0.6749804804197841,0
-0.5157575660809524,-1.068597194157379,0
0.8622607986701059,-0.0150187364829155,0
0.484747344130565,-0.6229193947566002,0
-1.168067712804797,1.6052183309928725,0
2.1995708976344788,0.827024028367088,3
-0.99039158789932,-1.0900310950201428,0
-0.8423640757923133,-1.5411724967650389,0
-0.2490719191678675,-1.2952946617355166,0
-0.2851598744005388,1.4207121494450914,0
-0.4426756780925769,-1.4843169479461988,0
0.7355193733306274,-0.2300525172046697,0
0.4870977538165947,1.017943889477254,0
-0.518775791414203,-0.8559779231842196,0
-0.0512172647003137,0.4587767604268969,0
-1.1222089458177178,0.5266625653179939,0
1.8360971865100053,-1.617985111085466,-1
-0.8030406087324622,0.1853853727704997,0
-1.6756916651775375,-0.1075534629517243,0
0.5908297403200803,-0.3933877593359585,0
-1.2829370757741132,0.0015630301231426,0
0.8623510700181414,-0.2199033165368289,0
-0.0759361691142553,0.2116107915478828,0
-1.5742643292932192,0.5237435748570324,0
-0.1949854895627631,-1.070238611121421,0
-0.8739567976013921,0.9739975984789674,0
1.2317771959694623,-1.4482364925439783,0
-0.121518226312835,-0.4090049936135891,0
-0.0145332912597304,0.286897949153313,0
0.3585048922876991,-1.1090459032925464,0
0.0236249549627505,-1.0476596271330043,0
2.3410239200910654,-0.802889239571202,1
-0.4897442579819074,-0.7902165500566483,0
0.5514309073457828,-2.1043536196797907,0
-0.1998426471249982,-0.9807344200884944,0
-0.2127698322974078,0.62617522874337,0
-1.0940637430690472,0.6079427279136459,0
-0.5641784046434933,0.76295330219305,0
-1.151941000640273,-0.9049253766738584,0
-1.128165602718979,-0.9661379452712576,0
0.99610617720288,-0.7634530597334623,0
-1.3808413226639826,0.0787225636061371,0
-0.3446843647427988,-0.4044478233359045,0
-1.5945407184900744,0.4407334808032812,0
-0.5103045201264996,1.5539306300205236,0
3.001936107500024,1.106700996756023,1
2.477626977896377,-0.4799470787209154,1
0.2846901407530355,0.4654699416302323,0
-1.0055938168433132,-1.1395767396138392,0
0.1508725967417878,-0.6199878246468055,0
-0.3709197325303631,1.2095915478643224,0
-0.6836494805644019,-0.9168707995005052,0
2.70722281434444,0.5379997174802948,1
-0.6270121861777015,-0.285781363239514,0
-0.6600721418453259,0.5552994082727459,0
2.60304629484492,1.3698601010029023,3
0.4968695845140753,-1.205637708536793,0
0.3453002439438055,0.2011945433758365,0
-1.0594949067347346,-0.2096035903638029,0
1.14991287858751,-0.5060340136246778,0
-0.7819960745052524,1.0799368740644593,0
-0.94163906119282,1.001776526030709,0
2.713877726907199,-0.3142090813119568,1
1.0507449220783938,0.9892624406082132,0
0.8424575303737969,0.6433910982261857,0
1.3135552800581989,-0.3399104036835264,0
-1.65503448813734,0.5314240999961245,0
-0.1988814998903174,0.3128128665750025,0
0.5339389332162112,-0.300563148513725,0
-1.061800390520595,-1.3745321296148745,0
0.2838597629157658,1.3454198632394685,0
-0.096308090676632,-0.971624904981132,0
-0.5367980622533428,-0.1175047077255,0
0.662343046123703,-1.28718815578397,0
-1.0647918800591,-0.3464887775227319,0
-0.1156428254906053,-0.0927810439117331,0
-0.3131446508722289,-1.5657752731023713,0
3.2712837417527085,-1.572278534942963,-1
-0.8793928022091879,2.0409170969884465,0
-1.032317964347997,-2.073505479314089,0
2.719767359563741,-0.9714019825989312,1
-1.492499927675405,1.28082842938303,0
-0.0484940634968724,0.176036010976381,0
2.7525280375186343,0.7490046880282095,1
0.5471989052593614,-0.6334308505908769,0
-1.0433088328161348,0.1032694342865355,0
-0.1881295784697476,1.0391299720880838,0
-0.6656492338659116,0.1590001717742533,0
-1.4901271540847376,-1.261123016009282,0
-1.3087904772078456,0.733970172444108,0
-0.603293210682445,1.3249494942184246,0
-0.4525963885091841,0.1169732508045249,0
-0.0497552418272689,-0.5518645865475476,0
-0.8296023238627911,0.3928932819718323,0
0.5250089768818688,-1.1048096431470344,0
0.9113275085229264,-0.673991128433671,0
0.0416894905975155,1.0037434359686892,0
-0.6597792238768622,-0.6619820457492634,0
2.7401216403840847,-0.7733350352569998,1
0.4411056917230625,-0.2076464156004872,0
-0.8103688075593308,0.5421540866711836,0
0.8420547183898048,1.9017678160655656,0
-1.506649639309901,-0.3293706792476511,0
0.7246842936892746,-0.0998502777813965,0
-0.6854533853608992,-1.010526731212673,0
-0.2797115698519046,-1.1778652552796902,0
-0.1865051232223478,1.1699252740152215,0
-0.0738062508102813,-1.4407966377603667,0
0.2315737494157298,-1.9562823287115825,0
0.9603325349322228,-0.9661302768582662,0
0.4430809941309326,1.0256055122489671,0
0.6396663941584506,-1.6395116385642248,0
-0.8008312864592224,0.3630299219963825,0
-1.2388711366053595,-2.1617727682825447,0
2.439505111884744,0.1756318252930008,1
-0.9925663022877692,-0.081462425998481,0
0.8455815616357707,-0.0763469361131692,0
-0.3729151271854087,2.348924861974818,0
-1.082680176612702,1.2035684080615183,0
-1.0432003713626756,-0.4411044819035783,0
-0.9359588985519554,-0.2835043208862848,0
0.4423382821489478,0.3583055184511945,0
-1.4923337410495328,-0.264306245185874,0
0.5390689665317201,-0.6143840397857241,0
-0.2810332586951442,-0.6998459262971057,0
0.903102031849955,0.52151646064993,0
-0.5375621692288781,0.9165978727601298,0
3.2955784892210933,0.2550462378818204,1
-1.3942873080200922,-1.5275632143074651,0
-1.0203333226858478,-0.9491404550531308,0
3.705746481951517,-0.0621224928704696,5
0.7476234236087137,-0.4732814948486621,0
0.4742124254006218,-1.2262678597767005,0
0.8919465450624084,-0.942264680023603,0
-0.7367747629348255,0.1516204365488965,0
2.3712776461501592,-0.6726139320003963,1
0.5710407038580839,-0.7083947756156872,0
-1.0135841007202335,-0.1605898461734573,0
-0.3089289125775655,0.1377187299250998,0
-0.1815988659607298,-2.286969565524888,0
-0.064292860012168,-1.0929795482010554,0
-0.4250309160047528,-0.6522680168192977,0
0.4185211632156111,-1.4183298960813917,0
-0.7204393897494024,-0.0699692095569206,0
0.4501264687688308,-0.9329425863443752,0
-0.333388414109753,0.3588072840419632,0
-1.5819357127899156,-0.8949676576054436,0
-0.0610894247809284,0.0173343959937218,0
-0.2616573522325186,1.5838162810867649,0
0.2130715283520943,1.9213515042981693,0
-0.7093119415029765,-0.092794817678919,0
1.030632193798369,-0.769531190494328,0
0.4395877957873705,1.150280272106011,0
-0.3456140589488302,-0.5294891417816686,0
-0.9660346076240208,-0.9541976510448036,0
-0.6326373589545975,-1.1757225947506007,0
-1.6014198766864065,0.6862428895239158,0
1.9158752885254864,0.1086883894829273,-1
2.175373744240784,0.490261897940236,3
0.2719329762417233,-0.9476099347040844,0
-1.7772347852419692,-1.889923807022212,-1
0.4965630638583978,0.8721189840239711,0
3.513518303007234,-0.2550700158452487,5
-0.5253859078924866,0.6400696358946196,0
-1.0608042956371355,-1.263242167596521,0
-0.9897306015760492,0.9370668960867278,0
0.3198573169847081,-0.9977983525834214,0
0.6342812056154098,1.0955111750071396,0
-0.3391267655740123,-0.3398419183777593,0
-0.318599394948839,1.1652916468665924,0
-0.4495417829650857,-0.7746246924410353,0
0.2770129468754621,-0.9336933880381368,0
-1.4964720573003902,0.6836311632713283,0
-0.9078167708757175,0.9917850645527648,0
-0.9159794653783836,-0.8288567605363628,0
0.0735410659249576,0.2814859490438444,0
-0.2805348345619221,0.3537194312119866,0
2.499759310917151,0.824288456910227,3
-1.1147462233419208,-0.3431802637804433,0
0.3451591565310155,-1.2620241916321353,0
0.1304331757752019,0.8598440058981588,0
-0.2551570797377778,-1.2507565023517175,0
2.19159169073573,0.8148868207888282,3
0.2436473596795391,-1.7079845521810852,0
-0.5124481951052958,-0.6333060286326021,0
2.476747969939407,1.2310189331990102,3
-0.1731339544172939,1.4671449757972466,0
-0.3232344130388464,0.5740922954717704,0
0.6484216181775996,-0.4450438866171952,0
1.0580873527395749,-0.3409231242813005,0
-1.774789516789694,0.0670407995602832,0
0.6480188061936077,0.8133328312221851,0
0.8117774614240922,-0.4058448107714253,0
0.3851211777342999,-2.33502182090248,-1
0.2535956390575847,0.7137065560602154,0
-0.1789697701405491,-0.8899708843242122,0
-0.168099459047115,2.329784862803696,0
2.334661376133379,0.1566961905223243,1
-1.0297169070689371,-2.1631135469089453,0
-0.0040563017217944,-1.429491665770913,0
-0.4242731687734852,-0.3421646091875365,0
0.1142490039983535,-1.4861249245759298,0
1.1208418100882256,0.0894760354903402,0
-0.159802654514517,-0.7269587231974503,0
-0.7519769918788186,0.1020747919552001,0
-1.3295983860769354,0.1261766278796719,0
-1.166406327983159,-0.2676231246756748,0
-0.5770829421079628,2.719263532595073,-1
-0.7937323902638194,1.4149504738180203,0
0.8014784888731845,0.7701267815650872,0
0.0174670339711444,0.3548358767955967,0
-0.323767315241165,-1.8335902955886716,0
2.928968367110099,-1.150283433889285,1
-1.2716401562299804,-1.7165940178417531,0
0.4669811915013444,0.7340051089719902,0
-0.1695661435422701,-0.6689625462513351,0
-1.3693960727641137,0.3075150002278494,0
0.0801018731044558,1.109016580902784,0
-0.8002043586573514,-0.1207433904675756,0
2.743881354736653,0.2218794927642751,1
-1.2099513492983582,-1.401440713690866,0
0.0744612455305803,1.7330260055771882,0
1.715149306518349,0.0109070705075378,2
-0.4847397830783087,-0.5928039788951893,0
1.6827585490280288,0.8814044273625405,6
-0.6945578699908411,1.895946869790854,0
-1.1484114220858632,-1.7085788088033027,0
2.428417328521001,-0.630718004131395,1
0.4245667887185324,-0.8015966332226011,0
0.4975181911127994,1.1414017159121708,0
-1.1336282133058262,-0.8825465431845667,0
2.1589979527896936,-0.4548137714073843,1
-0.2952912277635053,1.554827719585443,0
-0.4737790708211455,2.254163172875,0
-0.1085069997209637,-1.0444972496857805,0
0.742211419487219,0.2346007647305096,0
-0.1197552891453957,-0.1573562920315748,0
-0.5730025550491126,-0.5484119558064549,0
3.142673573317068,-1.5318422538805356,-1
0.027869410977619,0.6498790240629092,0
-0.0292098109123656,0.7816836578644085,0
-0.3807118094626273,1.1056390613381903,0
0.6960322453539463,-0.2808268496914179,0
0.5117508569484841,-1.4254173587166186,0
-0.6190963850165485,0.5787604902078379,0
0.4093287289270819,-1.4968216908671803,0
-1.3237530057212863,-0.2228267382634624,0
-0.4969932624389123,0.3527916848087634,0
-0.6349102167811271,-0.3330584828035868,0
-0.5516779021256827,0.6055535948270684,0
-1.041002879450592,-1.268176584658886,0
-0.8025429379822248,-0.7568900227202395,0
1.024350826136006,0.1549143276133849,0
0.3017980423674295,-1.7440912331559375,0
0.8788957834035482,0.3544989982911782,0
-1.3735170821082254,-0.911973665147176,0
0.0383113230510823,0.2836507490876319,0
2.3493469908387263,-0.5078341862568714,1
-1.6718606229653423,-0.9735749318479942,0
2.261795607636952,-1.1325521528919018,-1
-0.0363496747368269,-0.1122441240873826,0
-0.5147366375444989,1.891212754803708,0
-1.6064049885538996,0.9884276652066089,0
0.1362200775754538,-0.4842393548660172,0
-0.7682220937162064,0.1187798580071038,0
-0.4024327848100877,-0.3020597748771482,0
-0.5272560835507182,0.392261045306058,0
-0.2776425816084703,-0.467598688061947,0
0.0538890788209316,-0.4159463199537513,0
-0.4983148214664579,0.662906998487543,0
2.17162135261487,1.190494592370806,-1
0.5174786807979622,-1.0603021406015387,0
1.0809362113109788,-0.5094697612946526,0
-1.4327847008575816,-0.1228415966584694,0
-0.7695483699776561,0.0758132845871337,0
0.4618627845273977,-1.2679561860979365,0
-0.8129158438855095,0.9379522311807224,0
-0.4965559223538381,-0.9310882876562812,0
0.1527031075173366,0.4569962034881502,0
2.199108853712105,-0.9055200014144056,1
-0.0492036799398441,-1.0200458898197993,0
0.6679514613572443,0.4455210642360602,0
-1.0037432638525747,-1.05555746526182,0
0.259462364374799,0.0429211038106919,0
-0.0054878345485765,-2.2899975611479717,0
-0.982118579833429,-0.4672386037678652,0
-0.8881837272601002,0.032865916686729,0
-1.3040685966775234,-0.8383006563908969,0
-1.0151072076414265,-1.48739382917315,0
3.0577540212439183,0.4148997807343998,1
-1.3116502581895748,-1.1372383835840023,0
0.0098600692264166,-0.2562472791437491,0
-1.1524009884332875,0.0295540142210278,0
-0.2927954270497779,0.6476803300334987,0
1.113790445285742,0.8558555640045811,0
0.0146866569586807,0.3136792993016184,0
-0.8171771872594267,0.2510855837975569,0
0.9113742865328612,-0.8515318010976244,0
-0.5414316477812811,-0.2054254067475792,0
0.2002030872951702,-1.3335322487685335,0
-0.7969631106531948,0.8138705338275437,0
-0.5506941869667701,1.036784990187515,0
-0.8210889361872629,-1.384127593516853,0
0.124764979239888,-2.539127876419461,0
1.6949898002283887,-1.5703458879310503,-1
-0.2435570599541965,0.7924959036124206,0
-0.2318558216601023,1.8076436438078085,0
-1.3287153400651457,0.2608546036855847,0
-0.4730857423418463,1.7566385039836312,0
-0.2469444523690356,0.4100519001032683,0
-0.0182930056122989,-0.708316578867962,0
1.7473367437889642,-0.631317692505992,4
1.002162749868279,-0.9699398825895086,0
-1.5319683161832716,-0.434093324563203,0
-0.2368007990652305,-1.2557215762523857,0
0.6475951986114412,1.0688335498446702,0
0.0457181724642321,-0.2389067392787517,0
-1.1333963051816105,-0.9488704735537924,0
-0.1628435275557077,-0.8637400337944497,0
-0.8047320882245809,-2.095403341032864,0
-0.2437150347260352,0.3399491724171971,0
-0.4153094877530308,-0.1796416340027099,0
-0.6089846543210753,0.2808556038309436,0
2.4989620286188945,1.1754564715210551,3
-0.4391244207413138,0.5428423568372789,0
-0.1324982274022033,-0.26716663860101,0
0.8809556765942708,1.2345102335770215,0
-0.3517979623521968,2.053423034027781,0
0.8273182876197032,0.8981948777828765,0
-0.7032994115390679,1.0527203521782789,0
-0.9323226308701436,0.2336602213141022,0
0.2202292984786772,-2.056425361082565,0
-1.7390621031655813,-0.8773993959742433,0
-0.3717476588624907,-1.268212521673476,0
0.1409087327510688,-1.3598242613988103,0
-0.9099370447635888,1.1497897404696298,0
-0.2564143498290488,0.034890903153997,0
-0.3343429177968637,2.2532693204574,0
-1.2097258009184102,-0.123558655942701,0
-0.9247344055942304,2.5088907987129327,-1
3.4374434929182835,0.6854144376629708,12
-1.684160880335881,0.149561404519912,0
-1.409978112661611,-0.8045781314785225,0
-1.4469309238006485,1.4372613677599724,0
-0.4698494155911878,-0.9823282971431152,0
0.1440726329153195,0.4117611050385566,0
-0.7531343462059518,-0.3115651359843831,0
-1.5936298379567575,-1.2584806329183906,0
-1.3470443355795565,-0.2434143266180475,0
-0.4603060043264941,0.0307161082611859,0
-0.112327094770681,-1.0016958665043474,0
-0.4426398472451196,-0.8386375348953156,0
-0.109653202866025,1.0391415749829154,0
-0.7560264693437097,0.3418489679857458,0
0.1012028297577034,0.3316246561414057,0
0.3872271697558729,-0.1399891576535012,0
0.4231866213198954,-1.3186572988610588,0
-0.7681383119281326,1.4260052813743862,0
-1.701591924404913,-0.4093221208400145,0
-1.5408039631147594,0.4024195884754127,0
-0.6880530100778901,-0.4176400112450736,0
-0.0376309453143989,1.532440520348639,0
-0.106019121129267,-0.9428132881892722,0
-0.9978652575375948,0.6030318197931313,0
-0.1047232848820943,-0.4083199605948129,0
0.2938409338132302,-0.0821697738407546,0
1.2964719282934962,0.1859554468490522,0
-1.417588831657856,1.270910036052618,0
0.4062300008977843,-0.4649382277815854,0
-1.4618987133315755,-0.8246457254767752,0
0.2512960454363097,0.740946586888246,0
-1.1584347835750524,0.417537403343428,0
-0.1222778256538685,-0.0656329835986137,0
0.5204314684361716,1.780483155421949,0
-0.031837603986171,0.0558676443402809,0
-0.6763766054367898,-2.251012257992419,-1
0.215095510911651,0.9439668536599206,0
-1.2454422673800452,-0.0023385461230108,0
-0.9804913892775848,0.8380180182085636,0
1.4287624071124398,-0.6893182847262321,-1
0.0174657312247692,-0.316346790880951,0
-0.6543884905130325,2.4403206344048747,0
2.668881210333736,-0.1038513390480606,1
0.7003695040057003,-0.9342102968232432,0
0.4381276750560771,0.1278257132567054,0
-0.1324967948401342,0.236112013771733,0
0.3985697685831599,0.613629292364218,0
2.4990892295411684,-1.033064866128543,-1
-0.110950212043879,-0.3344384355918964,0
-0.4784608168891025,0.4608840059671179,0
0.6448348638141673,0.034712218567755,0
1.0518909954077609,-0.9264723687566782,0
-0.8470000627934079,0.3490403071829023,0
-0.1932667249125086,0.701316098477642,0
-0.9185395550283856,-0.8972414628113534,0
0.642539777827394,-0.6287783210748689,0
-0.616523366278609,-0.9974543261825491,0
-0.933161634180443,-1.2530197472050546,0
-0.0949448106370437,0.5561077644700739,0
-1.0124755063284956,1.2519701873806206,0
3.015060802511261,-0.7089333431232074,1
-0.1120657155432755,0.9218656042947008,0
1.2465416652806849,1.0419431945342423,0
-0.2915960119466138,0.5306976982103789,0
1.9783781352987195,-0.7700943094859574,10
0.0831974462776124,0.0594258677873771,0
-0.6542748922779725,1.0922745352940308,0
-1.3468858114443272,-1.1155256807461085,0
0.8196132592206031,1.332923637642092,0
-0.4205765704265098,0.516604509987156,0
2.631675565656614,1.3693401066465698,3
-1.3267907239063357,-0.3419007988306505,0
-1.0468715866932663,0.2239883005411786,0
2.4764905489831124,-0.0586150227474085,1
-0.1464111096589853,1.7298910478209486,0
0.1341212784648413,-0.8159207803593462,0
-0.5134730077089604,-0.7386406388193976,0
2.47404350820478,-0.1503877388099585,1
-0.0133084431081961,0.3141567307726289,0
0.9195473788346148,1.4705480235999506,0
2.8408388902457484,1.1982546599520694,-1
0.0873566879423378,-0.0535395567567345,0
2.3683101570979552,-0.0036078188385612,1
-1.236386882449486,0.4585785013806452,0
2.689021773135287,-0.1789497974731039,1
2.9817383688894505,0.8579021282365724,1
0.4025983206341827,-0.4611168675794181,0
0.2325629351915312,0.8238717067474461,0
-0.890445637924152,0.0523099429189064,0
0.8280266013162996,1.4230941109025093,0
-1.1461396629861145,0.0980732498962516,0
-0.9476328516879138,-1.8078860652859736,0
2.67327113716001,0.2573931112352626,1
-0.4341569496158539,-0.7445111680324978,0
-1.4070065855545872,0.3720597430854804,0
0.5691740168912813,2.214098706844874,7
-0.922503818143134,1.1530367889592177,0
0.1554561993716645,1.007386785186429,0
0.5610803285587936,1.7220708606814308,0
0.8046649625414752,-0.5972901240543081,0
0.2560854995747412,-0.0059889153938175,0
-0.6294157336179339,-0.404897986692024,0
0.2510399272263906,0.1224952986183749,0
-0.8537545513563166,0.5320658965277635,0
-0.5991483250879179,0.0766185552132355,0
0.4069909029851931,-0.1371275701200127,0
2.458689244685519,-0.8399320326967901,1
0.6182907894258718,1.2273888769561714,0
-0.8439948907839807,-0.3277618105747861,0
0.3869348011507998,-0.247365788954776,0
-1.1174863119044112,0.9502324894828208,0
-0.4368639426393311,0.0201196782323585,0
2.960491817188911,0.8628058884606337,1
-1.0273093215738849,-0.1983529357305964,0
2.510484496542976,0.7351814813043249,3
0.2467235939885049,1.6108507296632903,0
0.1323628489319038,-1.7583000524120151,0
0.4808442206757585,0.1084973180573824,0
3.480232119780577,0.8006907985459351,12
-0.4147370004517376,0.1871490466381283,0
-0.3722043619836701,-0.4839298960525832,0
-1.7280196652497042,0.6097697584868489,0
-1.131336411990888,-0.0688592382679492,0
-1.1883122294253057,1.5339601351373748,0
0.6635257036835125,-0.5614027990981463,0
-0.4243725351742324,0.0324646389344771,0
3.039823330078997,-0.657015296937958,1
-1.7006489672756562,1.2237145019596831,0
2.852115767574692,0.4730623657701105,1
0.5648801773737273,-0.6482646070401817,0
1.2183814773147168,-0.0617608700724115,0
-0.8936868859283086,-0.8823039813762127,0
-1.3888290752520531,-1.0883280612273063,0
-0.4940842519421057,-1.311294422974114,0
-0.8781056414670304,1.5884010226315266,0
-1.7688088594021316,1.2008040712192274,0
0.1341673772956919,0.4991006476037891,0
-0.014364369325414,-0.0837754053663001,0
3.166889670199171,0.4612712934099475,1
-0.9964871462683176,-1.5469309352447909,0
2.6595262936388657,0.055840705441581,1
-0.2033611487012365,-1.1682050889776916,0
-1.517203297508659,0.7314282771917335,0
-0.5557008478154225,-1.6597469863465186,0
0.8004460137788771,1.3378154918191347,0
0.0499240623231988,-0.3615088211830122,0
0.8188210339202389,-0.3312970035410183,0
0.5639602017876987,1.2206941747495903,0
2.0694493228231075,0.7132769937148178,3
0.3558969259009809,1.649426237742985,0
-0.0634591975030635,-2.123126235084285,0
-0.3856976747131053,-0.5880169159789481,0
0.1947112096247275,0.0806725904729993,0
-1.1117117100449978,1.137807034933947,0
-0.7556145623070057,-1.086272417921735,0
-0.057121203395069,-1.3990163409242196,0
-0.2942340730038124,-0.8644603302260008,0
-1.000919263686317,-1.2096488104616063,0
0.0181082436393139,-2.4819747748342054,0
0.8382143771053037,-0.3829648852931802,0
-0.3728437993257819,0.4876888650572734,0
2.1576686014558115,0.6962288780160433,3
0.6468148036722333,0.4093295606427504,0
0.2812065868255759,-0.9042580519041084,0
-0.5357668899054105,-1.3563760856560956,0
0.3609266298333555,-1.329418615976237,0
-0.2995538738837976,0.1967784045257301,0
0.2449782975630991,2.34437077726836,0
0.3918777224265683,0.1489760104290385,0
-0.1208449400487255,0.0864350912779787,0
-0.5851357425951006,0.8575264436885746,0
-1.3779497488896155,0.7499665449592924,0
-0.2259884171638035,-0.355703909068804,0
-0.6208139767361217,-0.3537075364108728,0
-0.7963809789357992,-0.3137415389230022,0
0.1187246945381614,-0.6390344838758653,0
1.0163130108661658,-0.6843988592821117,0
-0.0655026729144193,-1.477434915986383,0
-1.4028695720501052,-1.2470603330482692,0
0.3396692607860325,-0.6691987853411435,0
0.2466070564254066,-1.5360633295982726,0
-0.3489910535645819,-0.4104951456823734,0
-0.5720315593787352,2.571231415788774,0
3.304748145985988,0.152041466401256,1
-0.5025079918368894,-1.9029028958429783,0
-0.4013216591294991,-1.0355372595968957,0
-0.2071941728388914,0.5191958128691195,0
-0.1699507654208382,0.2499248354518446,0
-0.6493320507859124,0.2768998618046366,0
0.3055843626990495,0.2344513912881255,0
0.1299229212808234,-1.1984380035921245,0
-0.956182489758596,0.4802094671713081,0
2.5321617689529337,1.1264117673402194,3
2.6143699501837983,0.46712713415699,1
-0.6368419460671889,-0.3819378451697926,0
-0.6070990238658641,-0.985286461765986,0
-0.9397535605533024,-0.0964615242624159,0
-1.2967350570494602,1.3217572851108053,0
-1.024992970409255,-1.0683609550675703,0
-0.6957360199161488,0.4794309426343757,0
0.7252757244789764,1.9232918197230733,0
-0.3907336026453533,-1.95393545535814,0
-0.2147231661764225,1.234885983091163,0
3.03702278103565,0.4626968946548052,1
-0.5631264366973867,0.5269579234793497,0
-0.3953066034565486,0.2406267727401886,0
-1.365580485348898,0.9554441875170708,0
-1.1663264544342105,-0.9739457043380356,0
0.0642991183180489,-0.7939264931272821,0
-0.7934966481043779,-0.1262283071484832,0
0.809768933661515,-0.9424108163186676,0
-1.04124182649816,1.6349154344548198,0
-0.3524185304098003,1.192990358374348,0
-1.1443535287473448,-0.6255355522748596,0
0.7383465283530263,-0.3664366123746448,0
-0.5353230360884604,0.7156572802615984,0
-0.8013206155397327,-0.8602801035808101,0
-0.7668511511859752,0.9734892070174666,0
-0.7240215566946245,0.930772798030584,0
-0.9818093238693072,-1.3705339762793387,0
0.4923570441837372,1.1626250812320362,0
-0.5897030572613046,0.9237584035428892,0
0.847444494351056,-0.3122690951032438,0
-0.784069021019798,-0.2642572080059132,0
-1.5319175001185168,1.234009990498682,0
0.6373123600365977,-0.7617076146313972,0
-0.5865957835426857,1.046788357712478,0
-1.2911991366775266,-1.4444495468439715,0
-0.3445276927173353,-0.6230837598172289,0
-1.718812325527586,0.498968982410431,0
-0.4133282451485895,0.8661583757488333,0
-0.9731027299698592,0.6549498659783806,0
-0.5956043904633094,0.4083306375448682,0
-0.1283253032665557,-0.0288908288106678,0
-0.9592884607308396,1.0283621806782672,0
-1.1591684005043252,-0.4195072585224452,0
-0.6018923218895337,-0.6435166945531436,0
0.2670758186794884,-0.8581057436711579,0
-0.7236519200333538,-1.0105384856835975,0
0.125742334654533,-0.7636904929416233,0
0.5380827200839571,1.1004220831276543,0
-0.8519780615336491,1.3028598477480366,0
-1.3565187406740715,0.0721552469033358,0
2.394932202893447,0.1304888489344117,1
-1.1062784407456463,-1.103573783624823,0
-1.1129093528221046,-0.6104022237628784,0
0.2823703008969766,-1.834824112081916,0
0.0067391130368756,-0.7305184676477917,0
0.7088576626524523,0.4650262525687517,0
-1.0054299519068892,0.5051385616604865,0
-1.509936782125314,0.7414928068172103,0
-0.7167206430258919,1.083238088334201,0
0.9520734133568478,2.082817304547026,0
-0.6985912134796681,-0.8707917109911804,0
0.090905759348547,-0.5254996573458317,0
-0.3529397320666565,-0.0420715654010983,0
-0.0764514806065261,0.1687174378515384,0
-0.0796703706347453,0.5723541498422524,0
0.802032032686069,-0.5194339546577058,0
-0.6008644342134365,-1.732191307209746,0
-0.866510962484644,1.1148267731932784,0
-1.197444283016686,0.4174524291488773,0
0.4720136307421634,-1.0703784246979406,0
-0.3963235439701681,0.5060812996819543,0
-1.126268821081696,0.264998741740092,0
0.0753389507411756,-0.6491226740192851,0
0.3062432928929605,-0.4054740382813838,0
0.0900403040468047,1.7046116042123527,0
-0.5200007193494457,-2.0949531776767447,0
-0.6845109775950329,1.9471679769103087,0
-0.6469869819010774,-0.5990635093638952,0
-1.4596582774447826,-0.3544036502987588,0
-0.8040543443579551,-0.9110733384349372,0
-0.5358773332843295,0.0093772634845594,0
-1.0384640549784467,0.3337066765957026,0
0.0757885407351028,-2.085040064522619,0
-0.1762738540952436,-0.6634776295704274,0
-0.5874997549683442,0.0771383979934746,0
-0.5445349632287887,0.3054721539354617,0
-0.8392287635325739,0.0684642062000807,0
-1.4906625077921982,-0.3110516159226894,0
-0.5085346738514022,-0.8632847418381374,0
0.3792669063455327,1.5042250516318705,0
-0.2195950993565525,1.3457787296824917,0
-1.18208673482559,0.9567999577617152,0
0.6992622123603371,-1.6755876627007733,0
-0.9910017581578364,-1.449025771065128,0
-0.1049298897736339,-0.0298506014793465,0
-0.0487611288692691,0.3808048084213467,0
-0.9372238311338692,1.6751664050602728,0
0.1197429377981561,-0.2333063431410829,0
-0.3457558255407045,-0.5001457761625514,0
-0.4497048147348168,0.7882172321576801,0
0.5170179396219635,-2.1216635027064843,0
-0.7692714561695626,1.6971405720738997,0
-1.312557304687666,-0.912879120459608,0
0.0525121163104212,-2.2949202237394117,0
0.0182714293966533,0.6553026270672094,0
-1.111863195256875,-0.826849699682472,0
3.078452165913174,0.8958845738124022,1
0.6973006666272892,0.9308044974111468,0
-0.3365743384146532,0.4015661043380743,0
1.0640063266836133,1.1596733909038042,0
0.597695845192589,-1.103080014841122,0
0.6642620559212297,1.4501031828170177,0
2.64477167276334,-0.6082428967049077,1
2.123555794643402,-0.0546317094540236,1
0.3413216247588589,1.1161072806853305,0
0.3981175730964824,0.707181347514456,0
-0.1194049913483158,2.269758419214026,0
-1.1675564393673457,-0.197532303036622,0
0.1172073979978457,-1.985386369669665,0
0.0064298570727538,0.1727769048636817,0
-0.7368228436911358,-0.3420215584636978,0
-0.8232663858841566,-1.5500202445444822,0
-0.4718195070135572,0.4691504457136212,0
-0.3544778742371322,-1.0116789622347797,0
0.3797255913921718,-0.1014370069395634,0
0.7369716219718757,0.4216129045160748,0
-0.8332793495742586,1.0775339672106965,0
0.7053872418325243,0.7711975786921492,0
0.1012554181485155,0.1345360806833455,0
-0.6677323741599503,1.6338669284185492,0
-0.171464907105013,-1.0787198003121437,0
-0.0623578460542712,-1.194296951108843,0
-0.2970158825783452,-1.4088955600927222,0
-0.2119999649729812,0.9521452336406472,0
-0.1485276292953396,-0.7986755997326727,0
-0.616012692236534,-0.0959263867117458,0
-0.0164151674634245,-1.1335313087202437,0
0.5632628352535798,-0.1274251440848788,0
-1.4685374177143706,0.509453170129817,0
-0.0383627101339059,0.0419204408360297,0
-0.3277095542152637,-1.5976562305515785,0
0.1221120869530003,-0.256590480366713,0
-0.4321263235087271,1.4661135044081872,0
-0.7544396970535331,0.480440274508737,0
-0.8352520464893787,1.186647374714337,0
2.816748895559137,-0.3540640543414443,1
0.4170741755918491,-0.7648851352729588,0
0.0854253782039727,-1.25917298914242,0
2.3721075544077466,0.9838107045868606,3
-0.3243994298566224,0.8334756879730304,0
-0.5084955583321099,-0.3678020940612477,0
0.1930405257307832,-1.1972401241134694,0
-0.0606234967913431,-1.104596912999076,0
0.6672904750339733,-1.5815769268708102,0
0.488571477235102,1.179923209787805,0
-1.259114899842884,-0.2371902111382101,0
-0.2039075793868688,0.7729904121275425,0
-0.2745744234091436,-0.8400513816692482,0
-0.4349315341741849,-1.4235630600285245,0
0.9872368853689888,1.926499845626845,0
-1.5870247784763665,-0.7391395362032912,0
-0.4999823004722756,-1.9769189542461283,0
0.3940362286350533,-1.3414827554069635,0
-0.3242844788432015,-1.223008231638279,0
-1.349832504898357,0.5563564316326223,0
3.2828329454715357,-1.19712944404071,-1
-0.7177316433429404,1.161240697178055,0
-1.354321248761988,-0.7549168558519718,0
-0.2821151172921371,-1.2969818787322005,0
-1.3247296077529465,-0.0024233687414682,0
-0.8954360905928402,-2.1623319368007867,0
-0.6760612552884886,1.3583597778983254,0
-0.260860069934262,1.2326482664759362,0
-0.1023379275472858,0.0502859989938976,0
-0.2767433274167158,0.1489693845583063,0
-0.528071426138705,0.9150143807492822,0
0.6123381705794301,1.5802323540927583,0
-1.068861399739181,0.8862501522907509,0
0.9386463714891468,2.132882943497055,0
-0.8939180406695398,1.179860701992845,0
-0.7273484385966207,-0.6575911319850812,0
-0.9568635182970566,-0.5539237701526253,0
0.131641685931078,0.5731167060069389,0
-0.7994180235215725,0.3513086806364325,0
0.3366568458336589,-0.4761274171620912,0
-0.9215992973540847,0.7980286633549366,0
0.8396099993009201,-1.3798548758402136,0
-0.3421150502243908,-0.6737118044328191,0
0.5090465992334514,0.5136748075975287,0
0.9446840006661374,0.2700447037773776,0
-0.4427788785285497,0.3651671507730923,0
0.6387373235197101,0.3991918112936479,0
-0.2071941728388914,0.5191958128691195,0
2.8018026550093698,0.3827456046385351,1
1.995161326152012,-0.562409455575163,-1
-0.4342329947093847,0.7636429417862973,0
2.47050934223216,0.1322797909169314,1
-0.8526439750391185,1.1232464971313,0
-1.1011041607090528,0.5511021707130501,0
-0.2973686318805672,-0.4782562801912887,0
-1.4913167207522051,0.6819557007455695,0
-0.4553917507389451,-0.9466072287004552,0
-0.0193500305562979,1.543067455639677,0
-1.395122822638963,0.1560588902225004,0
-0.5901871253243282,1.0055585604948738,0
-1.0286609010680108,-0.5534649378968068,0
0.1462364799249993,1.4381289946049407,0
-1.1342988440451998,-1.4152417809000528,0
-0.1592001467466436,0.305059273288378,0
-1.2277123651459785,-0.8481883928830052,0
0.2645242747188078,0.2284229713090353,0
0.6344111418461278,0.0614511574068318,0
-0.3553750722995266,1.0387763858213466,0
-0.8313656805779269,1.2979986504092975,0
-0.505993997269491,0.0851231017697149,0
0.9302848644012778,-0.150216858221254,0
-1.184606615809327,1.0112681133707582,0
0.9769617092847882,-0.5770646392900657,0
-1.285461464392352,0.74676175620284,0
-1.0094612392663562,0.4054234015548316,0
-1.008213613591188,0.6141787494405015,0
0.2284972495466758,0.5817557859636512,0
-0.9911998173600544,0.0843570053055223,0
-0.0749803626807694,-1.0116685771910063,0
-0.0109301989006398,0.1211279254788985,0
0.4044607039860775,0.6276190587537914,0
-1.1344846533385649,-0.0338964225676912,0
0.5914458007431819,1.157775486788129,0
-1.3667540478559956,0.0599141627631467,0
-1.4022566664831446,0.2863956630460066,0
3.206233728837603,-0.1297936761607346,1
0.08845803939113,0.8752897272187071,0
0.3762914209673977,-0.3063403377847623,0
-0.8857457815344796,0.2943833008173793,0
-0.1186851310938652,-0.7328410068814757,0
-1.2664939147345071,-1.5485248122994115,0
-0.881036200944996,0.2537703781976769,0
-0.3411408996978724,2.463638817192221,-1
0.1383493964840514,0.5676317893260313,0
-0.3828406290398201,0.1087303199998715,0
-0.9701058996301593,2.143733169288624,0
0.3808202992933939,-2.360617046043056,-1
-0.9921283386354044,0.7984023698401107,0
-0.0235742403363824,2.1730628889839427,0
-0.3021704657435456,0.5886206554328686,0
0.3011795304391859,0.0624995118670091,0
3.256974956619593,-0.985708204122299,-1
-1.555884048134371,0.1597412620260567,0
3.0309422078839496,1.0282209564411589,1
-0.901083757090068,1.2984455766180976,0
0.2328117306747957,-0.2531242274345278,0
0.0974516610944563,0.4913235453753147,0
-0.8511411143527096,0.1225163955908137,0
-0.4540492662975313,-0.4217505584661446,0
-0.8614790726072156,0.6351013248466318,0
0.616478468755747,-0.1890844873149849,0
-0.1226065744697895,0.5059690573725123,0
-0.2803391768328602,0.7984701578113569,0
0.7487769439006214,1.4152132836881988,0
1.07557153456281,-1.3037862597027183,0
-0.642188432709934,-1.5157436797140589,0
-1.2525280304679167,0.6216402217130899,0
-0.269931663044785,0.2898411221579394,0
0.0855021766804881,-0.7714863459613832,0
2.429652574471622,-0.1020212229036317,1
-0.4001027511745358,-0.820826559879668,0
0.3966203985550647,-0.4204188191890716,0
0.1790781301556217,-0.1971030850768481,0
2.632501435859382,1.1801207555079885,3
-0.2382400444146412,-0.0635836630115872,0
-1.1537070926638533,-1.174281328285684,0
-0.6501273511587093,-0.1933115565350761,0
-0.8781200773209372,-0.7586809647027593,0
-1.031404144486642,0.7222405653366457,0
-0.5902443011333506,0.6816612335503798,0
-1.6196911470284048,-0.8187867991585067,0
0.6673217982469288,-0.2451669433492723,0
-0.8098547988134351,-0.0861352273090199,0
-0.0283371626996627,0.4149236340618736,0
-0.5784482782769109,-1.4754925575325124,0
-0.0680062659344836,0.2706398093102092,0
-0.04643875772436,0.5350613438596703,0
-0.7905051585658728,-1.154271659240626,0
-1.0738841945638975,1.196230932569297,0
2.702600849578256,0.410983212870002,1
-0.6219348210367132,-1.6142301519266615,0
-0.3777528660997445,-0.7182804690788285,0
-0.4526457720118697,-1.0478514118846174,0
-0.5801610285266945,0.0539036683974337,0
-0.3659872090536818,1.1044953476396893,0
-1.2647010869161817,-0.4637447795686025,0
-1.016828423796823,0.0988054523748209,0
-0.7943984335849826,1.4032411385050885,0
0.2377422722260172,0.4631590052913802,0
0.1030025666836872,-1.2524593845684604,0
-0.8590476906454566,-1.079674141228443,0
-0.4046269920503362,0.3748155626041659,0
2.582591684641442,-1.4932308087862514,-1
-0.1443084765131473,0.5867176227170003,0
0.1417327508440708,-0.895568194890655,0
0.0545304925086952,0.0677418667395626,0
-0.2861585747767489,-0.0329431479263572,0
-0.145701777019316,-1.6062423625791955,0
-0.4800639271749372,0.0083066179335908,0
2.8248353409486797,-0.3457669577566372,1
-0.0217626730492423,1.5936955002552673,0
0.624938039497988,1.048203398604763,0
0.8391962401544506,0.7017419277140032,0
-0.6808795013510253,-1.3771522216149743,0
-0.292974197419791,-0.8077424003786198,0
0.2439586717730208,0.0557434959838209,0
-0.9709325232159116,0.3371117674273735,0
-1.0346057276081158,-1.0415487965048678,0
3.1595224856687043,0.1546533442299368,1
-0.3264520801043987,0.4371952022658231,0
-1.0053083573458983,1.6366639651281107,0
-1.114961373922782,-1.119624321920161,0
-1.322903055248509,0.4406331445408578,0
0.0024577274477687,-0.4244203612480201,0
-1.278399701790781,0.4818202272970466,0
0.5269584266936723,1.140954941279464,0
0.29453686778528,0.762670892620972,0
-1.213237189367396,0.3406054400505429,0
0.7058570780612352,1.6628142727289943,0
-1.3035552671107125,0.0259721302559883,0
0.2773189181677489,-1.686791995275617,0
-0.8368233639825756,-0.4658945879941455,0
-0.4783758065585537,-1.0491107566159728,0
-1.0369741233799754,0.977576093720594,0
-0.625069379913468,-1.2280261018919496,0
0.1294974615888913,-0.2894618673229028,0
-1.6620425636213174,-2.0500391172027106,-1
2.87433037561757,-0.9071581812311283,1
-0.1077707772989403,1.1349127475331882,0
0.3151796089715706,-0.9454335317654654,0
2.345196844226713,-0.5646134297808597,1
-0.1848697208124703,0.4775004902275234,0
-0.574877108526152,-0.2733939912281667,0
-0.4296546030650089,-0.293713119086659,0
-1.2449913746397427,-0.7670732689497968,0
-0.677180377295008,-0.3877342399603953,0
-0.0678378933635577,1.2246245401138802,0
0.0363958019449848,0.716661483535767,0
-0.6574152115036187,0.1184059999458362,0
0.1652762406411492,-0.8904568331188284,0
-1.0439091546389545,1.570370843173282,0
0.9313967434648512,1.1121464100588303,0
0.4249398640392466,1.807014644289353,0
-1.240125122024796,-1.0263221280508237,0
-0.8003614502305115,1.254646616033228,0
-0.9934389505004724,0.2852975978040536,0
-0.2372107241764748,-0.6489796232954465,0
-1.763024613126616,-0.1060241367210304,0
-0.7463037383456123,1.4856580184788812,0
0.44337151062624,1.7864575611969786,0
-1.0589002710569062,0.4516252689934644,0
-1.0969715250233787,-0.5451913502538499,0
-0.7645450680047386,-0.5658608272317598,0
-1.368692346485727,0.3114283309449277,0
0.4564085898141781,0.1384526485477433,0
-0.8428382156359321,1.5784402179918862,0
2.95595301064351,-0.1207299610860135,1
-0.9305947711671768,1.835470262845065,0
2.791603728038294,-0.308474151774055,1
-1.2220899276775266,-1.1327084814212092,0
0.6170504066936494,1.5023642786491376,0
-0.0905503761762674,0.2266216442827424,0
0.0804371114803382,-0.974695463489538,0
-0.431387519765868,0.1198654951763169,0
-0.3735293354987445,0.1442861982039945,0
-0.8339616808590947,-0.6277819377897851,0
-0.7069187918618312,-0.4751161938348564,0
-0.2702695069134179,1.0311878311971656,0
-0.4318755461000028,-0.4322618627243281,0
-0.0327361845786491,0.2234238518466505,0
0.5592570607261911,1.128817582125111,0
0.4169169542029952,0.7784088865316496,0
0.0886529437372072,-0.6758002991817547,0
-0.1901971341511129,0.8321420572430839,0
0.015988723134427,-0.3281293459175083,0
0.7991899722300813,-0.1937572886255237,0
-0.431553836207434,1.8329041850490253,0
-0.619988106533354,-0.542926887549454,0
-1.2061286487558904,-0.1018767615192037,0
-0.7579705783543184,0.6129110389616338,0
2.33401154099218,0.6268769520237334,3
2.941772309631346,0.0852557697810789,1
-0.0215274802531916,1.377174804612048,0
0.5758875378251317,2.189065887369859,7
0.0016800678170051,0.0905369695993508,0
-1.0413003050535576,0.639835439833778,0
3.312411533156754,-0.908818803714736,-1
-0.7376982272122832,-1.1497228547104537,0
-1.090294384300376,0.1087545025435364,0
-0.0380721936385987,0.8027724897840409,0
-0.6318770062305793,0.4767461482342558,0
-0.7278910352470275,-0.1912504814771248,0
-1.5909597745075188,-0.019474721587562,0
0.3015500002671498,1.3287454540258683,0
-1.3393484022331688,-0.5083984184091628,0
0.7369513757370919,-1.9059211800241045,0
-0.085933548191684,1.157310331813765,0
0.9712905118809416,0.7063755548626328,0
-0.99456956903286,0.6870817509834538,0
-0.7298148980228524,2.4073456740389423,0
0.6506479020137882,2.21033151242286,7
-0.9298490583166596,-2.1796418198274803,0
-1.403790850382509,-0.0492842189350447,0
0.0300160868249476,-1.8452963937542837,0
-0.3165248003441215,-1.4644885270328876,0
-0.4092658441755692,1.2584710618066215,0
-1.0000230845669953,0.6009284850020445,0
0.5087475370488227,-1.4020906586056665,0
0.2846869358649089,1.827383179777435,0
0.4619071110321909,1.9122571323851445,0
-0.0274191690390938,-0.6326557147773574,0
-1.4028799698491925,-1.7484983326567167,0
-0.3253137990813681,-0.6376122713544202,0
0.8472527948931055,-0.1230923068499846,0
2.891081144531126,0.6134328598046965,1
-1.2352082629444965,-0.6612801296593693,0
0.8507487285451121,0.9266942533422629,0
-1.1225675852845252,0.2651332751403251,0
-0.5500288970285914,-0.9473464274993848,0
0.3831406885128433,-1.384981077654191,0
0.183792348195301,-1.0963505934710098,0
0.4170377953810012,-0.0859064630005577,0
0.4482694262181309,0.4951481427248013,0
0.0894002431374022,0.5124855970185729,0
0.520571802465977,1.2478611374300883,0
2.64971855231022,0.4220264175315362,1
-0.8181057085347767,0.9651309483321456,0
3.005120599242855,0.560663524087169,1
-0.6367671295161332,0.9271282309617852,0
-0.4879794687047024,-1.1920432661213705,0
0.8156378449237831,0.8859231368043837,0
-0.225078635357268,0.5943981478560924,0
-0.6551274482435001,-0.9135506828633848,0
-0.6490331926208779,-1.1278335103152843,0
-1.1464010422135202,-1.8254882209027967,0
-0.665489406984307,-0.0419285146772596,0
-0.2190020204766791,-0.6050534287828909,0
-0.5639100365247213,1.229367172424632,0
0.6198853540223851,0.5250528477345147,0
-1.1760627881195218,-1.2572795162924164,0
-0.583133908412079,-0.4142963856661035,0
-0.0575689412792303,-0.6165743680676222,0
-1.2549447110156806,-1.1733757213971585,0
0.3030528609535586,0.3280153524853819,0
-0.8459404323566585,-0.5599783919716411,0
0.1180458519447545,0.8259516841727761,0
-0.3604973133086988,0.5116699413486979,0
-0.7073800824012206,-0.211819470616518,0
0.8655901320772441,-1.7844087976142846,0
0.2748549900303675,-0.7678927075254186,0
0.1287656967693842,-1.7799819468355125,0
-1.2842196490980604,0.9750650068826168,0
-1.514124611694551,0.692509567889075,0
1.717609276384619,-1.54191973209529,-1
-0.9340179443974876,-0.5722736418919839,0
-0.7385539880659372,-1.7936348347206672,0
-0.7864498707201047,-1.4135937380652783,0
2.2722597478706588,0.0073742237224589,1
-1.1115091432082778,-1.0863063119073575,0
0.9028246484621796,1.4365637313596569,0
-0.1385483105076408,-1.5727898191661591,0
-0.2016646122112255,-0.9028050309682664,0
-0.6709903797074618,1.5420209926323734,0
-0.5018762725972141,1.4548085324187336,0
-0.0060382235053201,-0.9827295748953668,0
-0.3733986458850417,1.1060669336035185,0
0.2165697836935489,-0.2187119113528128,0
-1.4244148520999853,-0.0053272160080921,0
-0.4905480298401257,1.0730614679753756,0
2.876458311996084,-1.7381861775888363,-1
-1.09675001469825,-1.1129532802315232,0
-1.1068509280469396,-1.4703644642656613,0
-1.049918399931028,0.2746589080420907,0
0.4462732781801005,-0.3613592961645347,0
-0.8476992814372927,-0.3456035940048306,0
-0.3562244734089133,-0.9493415823062576,0
0.4385889655954668,-0.1354710099616329,0
-0.8167314313007251,0.2900230438915008,0
-0.4937651475422873,-0.3884937105538555,0
-1.6296769053440794,0.0878169355191619,0
-0.8519487944500534,-0.0277535894068053,0
-0.8185105766481285,-0.443515754504854,0
0.3896566996078661,-1.2012892060818396,0
2.755956817110228,-0.1832981483519643,1
0.5355153077073006,-0.6634098415991811,0
-0.6951511528903086,0.5262801899331206,0
1.3131478806559966,0.3974804117532993,0
-0.4540357136423031,0.0973946911721143,0
-0.1663627083110306,0.4413513979434421,0
0.9816876278699298,-0.3036914803992324,0
0.0099458329399501,0.2295987112729921,0
-0.2247667739003957,1.0334681106977144,0
-0.0507981147206636,-0.4856138759019475,0
-0.357559714907381,-0.9904675029619322,0
0.3385586844688343,-1.2603793859446804,0
-0.9126167526289304,1.4051865825301857,0
0.9231060946569268,-0.4958148303805308,0
-0.5291774150376929,0.8448196825482999,0
-1.0846724961953151,1.148892499328617,0
-0.0763688717491337,0.6368561782384682,0
-0.4840710044487011,0.593366676467033,0
0.1538504835930793,-0.7875559382001934,0
0.2826452327796103,0.6078826083553911,0
-0.3812447616969315,0.0775769584547625,0
-0.9526334183523868,0.0082493665822109,0
1.0003448228368714,0.953633494256558,0
-0.0824793355517202,0.3692489088760269,0
-1.164062691660393,-1.6468651482169494,0
-1.4549545870198843,-1.5871851429975634,0
-1.2775796419688903,0.3121487789525721,0
-0.8574315770677842,1.2167065817666272,0
0.1938951136537562,-1.3924148270836088,0
-0.5885048150888217,-0.0323109112605829,0
-0.1713582179776112,0.2420981740176877,0
-0.5751804242937029,0.4424494631853951,0
-0.8310831604085506,-0.4207208032211594,0
0.6337982362791672,-1.4720048386874445,0
-0.7174165769979416,0.2383974218724744,0
-0.2419339074531721,0.2521085378630108,0
-0.1602567021109603,0.0200687495995242,0
-0.9579786022487564,-0.4543738002855074,0
-0.7959865086215345,0.5934671643055497,0
-0.9355365937161642,-1.2101877071853178,0
0.1794823747016829,-0.9522011505434852,0
-0.5502860341815833,2.295234927750521,0
-0.1176377505659687,-1.4898222879977303,0
0.0655259483950429,-1.5880471444585074,0
-0.0158614196309458,0.8974067933800793,0
3.515687207014806,-1.244090782072803,-1
-0.8430683514340904,-0.2204277421588333,0
-0.0123040065550093,-1.74013872827695,0
0.0644311106781269,0.8390369099487897,0
0.0601003415863345,-0.0196896463405807,0
-0.6728150801021335,0.4454890617033107,0
1.9543784917438525,-1.3155811309601757,-1
-0.0422568183197087,-0.6081239872912968,0
-0.7831891298641489,-0.1472864822298118,0
-1.3001913258187838,-0.5572047126278361,0
1.007433870596578,0.1794579611464639,0
-1.4123121045682745,-0.919738861328632,0
2.446986024465965,-1.033700339941637,-1
0.5174546803116614,-0.7012649016712313,0
3.1065529921250654,-0.823428093898013,1
0.2550835145266964,-1.309447447491273,0
0.3609546683744762,0.1571881328192947,0
0.0497909712363396,0.6548439463874843,0
-1.723601230302627,-0.0787536006307896,0
-0.975657009238984,0.5670172609092832,0
-1.6032789753664662,-0.5526898020832872,0
-1.3758471157437775,-0.3932068801446562,0
3.0590249738061117,-0.5195063904368605,1
-1.3501185137591625,-0.8952261877860436,0
-1.1947483669713803,0.6439456839026622,0
1.1205006815477578,0.98101950980356,0
0.1479322630320257,-0.2923117003854661,0
0.7117230499954649,-1.0038119325203607,0
-0.5445739489323871,-0.3579145091452327,0
-0.3630956352793145,1.7757393289928445,0
-0.13587113393115,0.3178508570471101,0
2.156021918048168,-0.9407210755007328,1
-0.4485248924834518,0.3395412687942129,0
-1.0657866721961844,0.2134039281354626,0
0.907012478031416,1.485546970287792,0
-1.3560782457328564,-1.1940174755318975,0
-1.882276710011246,-0.2075726501184337,-1
-0.9343253482518438,-0.322453687027247,0
-0.9840341009395264,-0.0342278693197302,0
0.077115440563843,0.1216712772009878,0
1.3872227086716906,0.0753433699530213,-1
-0.7341170792101335,1.7105677812218187,0
-1.604127623092868,-0.5449670172110598,0
0.1354246473869628,-0.7865467579019253,0
-1.4821900079620196,-0.7183632486683191,0
-0.9174641359593686,-0.1676159951320772,0
-0.8203045031932353,1.1210203834109054,0
-0.3865612278730963,-0.3910015602445136,0
-0.8189074484355496,0.6274090452366148,0
0.057640921083455,0.2084790709389628,0
2.987473855229572,0.5499940259108091,1
0.4311822459980108,0.2191824631009458,0
0.5142052204534714,0.3618025797977765,0
-0.3085715758571334,-0.2719346475737793,0
-0.9512436065376472,-0.9690927211707157,0
3.587020094358244,0.3806603470369189,-1
-0.0982241611461201,0.786043914790287,0
-0.132760575540696,0.2906840459427052,0
0.7927402319967927,-0.2232965013214816,0
-0.1470667551810615,2.2196197121164647,0
0.7134822329113871,1.93440809253214,0
0.4673249255345627,1.184826970011866,0
-0.9845156377136998,-2.098465230641571,0
0.9839753911300484,-1.3356481632084534,0
-0.4711152313717802,-0.8515943088925844,0
-0.2410035340680562,-1.115412244318314,0
-0.6775934572623933,0.2013004629667327,0
-0.5205964537540552,-0.1068658663874439,0
0.1681886100136909,0.7836631474512218,0
0.3727832374065381,-1.2040894799387207,0
0.272179320219846,1.3331481222609751,0
-1.1062671597478808,1.225800953679652,0
-0.0177528604670341,2.183096761771116,0
0.007227688734401,-1.503049195070431,0
-0.0622407591277822,0.6279590228294362,0
-1.5806496507745396,1.3018324386842046,0
-0.0372711570888248,-2.234966848297274,0
-0.8546942238137385,-1.2511674915459277,0
-0.4933324449074089,-0.8137390972444409,0
0.4010200940333274,0.5552052431527748,0
-0.1669266499230023,1.2294741345577875,0
-0.5146170991128681,0.3557147375949525,0
0.3165430188268528,0.4143951223819355,0
-1.56727923535247,-0.3967886125336023,0
-0.1833042934838587,0.9378738828569038,0
-0.7317079254086182,-1.510362336442894,0
-1.4965683486287047,-0.1357488114500558,0
2.0933677900826515,1.2939037271748486,13
0.0498013690354268,1.1562819459959317,0
-0.4783835988648905,-0.2081834208713248,0
0.374448660282996,-1.2312869478814292,0
2.413290465491454,-0.6958556579167977,1
-0.1220346365318869,2.197417823336635,0
-0.5402983737241572,-0.6444647127508976,0
-0.1973611282775689,0.4651555295254047,0
0.7669238843731845,0.614256248853706,0
0.4728713735212772,-1.2478458776382684,0
-1.1536504662182216,0.4742740839820943,0
0.1534380271929847,1.9652235330305716,0
-0.4916597790880049,-0.3572058156085134,0
-0.2230234594004496,1.1213274960431858,0
2.09400305955425,-1.3554550063570416,-1
0.7559380729029392,0.7756425066603919,0
2.3196721118251933,-1.6155248013042294,-1
-0.8884085222570637,0.750824611938396,0
-0.2843924827531686,0.2364128036854683,0
-1.638348891358737,-0.7514536884910128,0
3.1922323475588428,0.2069566997951922,1
-0.3252098452624105,-0.4912556170738797,0
-0.6254395659381292,2.037943267145516,0
-1.598390704190678,-0.3495964671640801,0
1.0448572713473112,0.8250759089446466,0
0.1190068693637413,2.287402986140078,0
-0.1323174751067305,0.3668766588605673,0
-1.7374318375373046,-0.7661519968412122,0
0.4685081324577626,0.5859542413744055,0
3.114636282658466,-0.8328382473430175,1
2.127110676430488,-0.5461397128372276,1
0.9906175842042724,0.500555014234077,0
0.3506081644306487,-0.4851403551800713,0
-1.4029540330172634,-1.0617236557884628,0
-0.5885211530844799,-0.3462969927711189,0
0.1039176892914175,2.214469327758822,0
-0.8870864138661276,-0.8839487870636676,0
-0.4724133392764154,0.4241418511791718,0
2.04349647520492,0.6085969112845877,3
-1.5743814162197085,-1.2985123990812466,0
3.0188953334148856,1.5953472610296453,-1
-1.5092734741125953,-0.4212591779191489,0
-0.1254390702933832,-1.8744735028598989,0
-0.0305672805710769,-0.7655969143809042,0
-0.8265815672406903,-1.9657635072751525,0
-0.9095837460979764,-1.105507624755088,0
0.9596887197713028,0.52831503941844,0
-0.1078124983109831,-0.702935235596797,0
-1.2677628853712406,-1.4354980740786922,0
-0.3432624763321191,1.9504608254325384,0
2.479202049641092,-1.5139764394829196,-1
0.125801492389015,-1.2611725989476703,0
-0.1667695583498421,-0.1459158719430161,0
-0.6561313354332964,-0.18391330913709,0
-1.7522676347081536,-1.395095687001888,-1
-1.12334031773309,-1.067394034502438,0
-0.4504333746661972,-2.064216085502132,0
2.657248848394126,0.3775189149860408,1
2.9159148701427946,-1.0279810756237944,1
-0.4991439763410607,1.0023231149001175,0
3.115024942591853,0.0939183586796412,1
-0.9630884635333816,-1.30142167810025,0
0.5095838050506778,-1.0898720101358004,0
-0.2731818762859597,-0.6429321493728842,0
-0.2806959641899018,-0.1165345500130481,0
-0.6754259858168902,-1.2909989556335648,0
0.079953123201023,0.3188211663356554,0
-0.0275861090479506,-1.0833617932082855,0
-0.0894965060884095,-2.042469640254708,0
2.5538683084464875,0.1870286162212722,1
-1.0680739658766207,-1.2910139472518094,0
0.9752431486541276,0.9718794894339874,0
-0.2809324597323278,-0.5711965220463766,0
2.8635582821661165,-0.4726065176574681,1
-1.156849314031251,-0.1150539578101284,0
-0.7980976874566937,0.5817271721543144,0
0.7300312499117018,-1.5024190014336234,0
-0.6612158137015369,0.4929007146676166,0
-1.6941142167118188,-0.2567410479274497,0
-0.1387287789998113,2.325382194568588,0
-0.7942068139107404,0.0023478773786204,0
-0.4902264739351653,-1.3618918107514002,0
0.0434613187980726,-2.234851368840513,0
0.4278865574932763,0.1351325319106231,0
-1.6504430932011265,1.3178713740847112,0
0.8534036769613593,1.311180277965894,0
-1.4778514465638903,-0.7005640281235967,0
-0.1389764257243091,-0.6265585300730194,0
-0.4873245023617107,-0.1892098297897975,0
-0.8306159296725901,-0.8714694445374093,0
-0.0428610984136396,0.22504990674282,0
2.517079627803962,-1.7832899797855164,9
3.139541200385367,1.3534812015267512,-1
0.6338672424493457,-0.1433908597617595,0
-0.4365546866752093,-0.8831756942791149,0
0.0758529094550856,0.1022085001775249,0
-0.1993800538392334,-0.5728484756302851,0
-0.7715905426426368,1.392687271361583,0
-1.5329345204158449,0.2877480445672386,0
-0.0802832762017059,-0.9611018462520236,0
-1.3270908848177454,0.3916499056127226,0
0.5913463545587262,0.3206882620369336,0
-0.9811223551342756,-0.5238526570533166,0
0.4267402801443148,-1.2696314970476017,0
0.1146928578153036,0.5859084413417642,0
0.280770679302571,0.8829005729336794,0
0.1591246793938107,-0.8321673173076183,0
-0.8154910485685027,0.0150476421985346,0
0.6455917278467563,-1.4831211114965108,0
-0.8115378624319264,-1.044106508553395,0
-0.2404583319248991,-0.2393875594731748,0
-0.3267602373417393,-1.3088255958692718,0
-0.6192439619893001,0.627651758621062,0
-0.7347988611315789,-1.3194062091019465,0
-0.691136283310208,-0.8997072043449694,0
2.083424851505801,1.3890392743359343,13
0.3863559541052392,0.7300495185217765,0
-0.9297117251553868,1.9701482386509777,0
-0.3881408870360206,0.122041898114936,0
-1.2584111735644974,-0.2332768804211318,0
1.0076222853826935,0.1404779381671979,0
2.2654599138598845,0.8712191381040165,3
-0.2481308141483765,0.9912173787109174,0
-0.5668561305833748,0.1969707113030646,0
-1.12412775159565,1.109870065040122,0
1.99721389661608,-1.3778454427411648,8
-0.6972955070481893,-0.1683943680929162,0
-1.170120567072167,-2.111560993037451,0
-0.6004276935237385,-0.3117927061744926,0
3.379888624418711,-0.0548497197782684,5
0.6422102756284884,-2.053017033103574,0
-0.4235122666860764,-0.014353951525964,0
0.0630718686933583,1.1569482282234225,0
-0.4721671993178868,-0.615598930178884,0
1.8214115718046584,-0.9534547343062704,-1
0.1965578543763404,-1.848856138204625,0
-1.255251231671358,0.9043809711636056,0
-1.5804612359884238,1.2628524157049388,0
0.8159134559855015,1.836067756614602,0
0.4240729520035205,-1.3341760883291394,0
-0.9536704808649042,0.0549521744337043,0
-0.8693421555618623,-0.594433119362585,0
-0.8238589154006394,-0.9238461714023838,0
-1.1117261458989045,-1.209274952400339,0
-1.4941433264112132,-0.5063182894077395,0
-1.122849556090511,0.6591946434474981,0
-0.3914365755407551,0.0379919669246134,0
-1.1548953565849458,1.4399800561457152,0
0.6064302736135636,-0.9114882621109875,0
0.4136667409618205,-0.1543643849991742,0
-0.6733102195635207,-0.7582730610797752,0
-1.3085103585116256,0.9933842217836716,0
-1.1294351227191028,0.4715468782727455,0
-0.5613960457055699,-0.0172695532635128,0
2.4746609214062425,0.6923376868136628,3
-0.7147166228978166,2.310534664352098,0
3.141383207686784,0.2825870586235862,1
1.721027108813735,-1.651002482760627,-1
-1.0956739664821342,-0.4962694250023222,0
-0.0065702925409458,-0.182854940082768,0
0.8812844254101917,0.6629081926058955,0
-0.9817766979099763,0.6370586749187471,0
-1.2887156359046377,-0.8199390301806134,0
-1.0909000469243908,-0.9409707439721032,0
-1.3457200412435668,0.6209316797524638,0
-0.8925690666681646,0.19260736880596,0
-1.3124149145285011,1.2215222822249114,0
3.689536327762907,-1.22767475146371,-1
-1.700220852058988,0.2774832128665432,0
-0.7692767969707575,-0.8196860833284865,0
-0.6580832367502417,0.9280760975834458,0
-1.0253879900869105,-0.650911572972838,0
0.4995032677524659,0.7123468750664363,0
0.0035169383368214,-0.1766849903830843,0
0.2869558854523128,-1.0288289351992226,0
0.928059333948074,-0.8097515042614775,0
-0.1647660875851573,2.4060387893981647,0
0.0647871446521839,-0.2417991352266371,0
0.8744396654992477,1.0508183620046698,0
-1.3534010691563656,0.6966232006813721,0
0.322925055636338,-0.2134969761712434,0
2.814234151357002,-1.103268081653131,1
-1.4058552512077334,-0.2385648837502336,0
-0.1723912424353091,2.13444496959502,0
0.4166141877988349,0.1695942556219274,0
-0.6375540140153028,1.779734245181061,0
0.825403315876996,0.0065475269077273,0
-0.0476219646475599,1.1339340724971303,0
-0.5444616534437022,-2.377143275932624,-1
0.5850799721136609,2.2675576821556485,7
-0.5997948255252964,-0.9830179367363622,0
-0.3289549939453783,0.6927078269353267,0
-0.5638092375619048,1.3580165766753614,0
-0.6446925750933887,1.5569891309058177,0
0.5578741580191098,-0.5627044035626372,0
-0.8147782272374045,-0.1507836951524871,0
-0.3818509736843365,0.3525097972624068,0
0.156824666224839,0.3518267835398916,0
0.1090158500305803,1.8888965382885692,0
0.1547478856750678,0.4824875520667964,0
-0.2529972707829175,-2.070032600511172,0
0.6725538034559354,0.4087482526098104,0
-0.1595003076580534,1.0386099777317512,0
-1.3124766777557333,0.376639052877863,0
-0.0254958556266595,-1.9065937849701404,0
-0.0863469619943572,-1.4062497882784182,0
-0.0553083333615536,-1.3072010619763474,0
-0.5863191535378945,-1.8640996659970808,0
2.751295317277055,0.3509567692803325,1
-0.1458603011545452,-0.7341310084511348,0
0.1274838768284217,1.1893607829237935,0
0.2049284565169213,0.2644989954455841,0
-0.7465669696827836,0.2155719653265695,0
-0.7384161055412739,1.0314971384345066,0
-0.991844385903959,-0.4170384314176031,0
3.205659389426544,0.1568910608451633,1
0.0257328491260749,-0.8857228697077756,0
0.6133238676638024,1.190084316502664,0
3.5953586199028846,-0.8382352558342415,-1
-1.0532186758539726,-0.3303769255507863,0
0.4553793993917057,0.5559445935277977,0
-0.3916054974750717,0.4086653214442265,0
0.5501925807429204,0.8376452026895552,0
0.0892662688518644,-0.299098373106958,0
0.9655568776505864,0.3608082395416596,0
0.2039582142295285,-0.8593036231498127,0
-1.3126872409183843,0.1211808971406998,0
-1.0266265207093668,-1.0294115889266082,0
-1.466973422947828,0.4665479103864543,0
3.07770802136912,-0.274694072358114,1
-0.935694234652715,1.48986038463877,0
-0.3892259505211402,0.886819183827044,0
1.7876128123941748,1.23387404643786,-1
-0.3831648702212393,-0.0103982094996568,0
1.01582847322346,1.9337758558663656,0
1.1163543689709698,-0.5506145843177059,0
-0.3139452178423204,-1.0644104932175495,0
0.5442197156616949,-1.137045404714037,0
-0.8739022272851202,-0.044470409929634,0
-0.0639069353872247,-1.340684262227687,0
-1.4539493970837132,-1.6456398490473103,0
-0.1197716271410539,-0.4713423735421106,0
-0.5784131266085382,0.6627489561454599,0
-0.4190566183614583,1.8257012429570372,0
-1.3791849948402368,0.2212697637315288,0
0.2586996101776244,0.3685858637958557,0
0.685779297429989,-1.2782366830186909,0
-0.5785365732792949,0.1846989703245717,0
0.043350326055763,0.4555600656234262,0
-0.7511316288242516,0.2445487723569661,0
-1.1737118290701014,-0.941074317381846,0
3.5192552219094235,-0.059699465798269,5
0.0469229283685911,2.160937284300515,0
-0.1388425812544653,0.3529294553563158,0
-0.9176084282602852,-0.2689214919928464,0
-1.529704553409454,-1.107012768442117,0
2.503776785990002,0.7406663979852325,3
-0.3874260837794624,-0.8651688721866269,0
-1.285817702386003,-1.4929010369448492,0
-0.4722975550963016,1.575215157440903,0
0.1495658133321374,-0.3312610665264283,0
2.5612510275576423,0.1914123820890008,1
0.2530712325126019,0.8405578704319713,0
0.325888790437025,1.8040682341374077,0
0.2470191674817046,0.3563141228173629,0
-0.333044759860243,-0.40208732779137,0
-1.021123491856852,0.0536623244401384,0
-1.4093484495512956,-0.11389012389319,0
-0.7672474736100058,0.719755921435651,0
1.0002985941903269,-0.1934839184027727,0
-0.6654998047833942,-0.543366514285707,0
-0.0387435777609568,-1.7257635009312773,0
0.4872282394107033,-1.3407742134463376,0
0.21831638286533,-0.2810492912813346,0
-0.4563520648069329,0.9674027105090884,0
0.5225957850255337,0.2704764867918399,0
-0.1816539856403922,0.0561565282069979,0
0.3458479773758129,-1.0688182900528498,0
-0.4483741606545593,0.3083572504108002,0
1.114360197278591,0.0481849245961287,0
-0.0025014020079638,-1.3026522574461754,0
2.278117507950855,-0.6615705757627689,1
0.2186932124375613,-0.3590093372398664,0
0.3978129045505708,2.131462622428484,7
-0.6679475247408114,0.8574228702788317,0
0.1122354192378839,-0.0073022743292335,0
0.4124140582887597,1.6522689229090948,0
0.1950790739599407,0.0045531972787629,0
-0.3817659633537877,-1.1574849653206838,0
-0.1713699185230736,-0.9305224932673076,0
-1.2305478618381045,1.4537811233549018,0
-1.1942696397095516,-1.9546811284517085,0
0.0775950510243504,-0.6490187974573557,0
-0.7232569003556986,-1.42798786777833,0
-0.4521369500795604,0.507151945232923,0
-1.5498555140100925,-1.533352309625521,0
-0.0869296430751435,1.0460203697954118,0
1.5920454516070577,0.9842204996627184,-1
-1.587344432239575,-0.3372821633002654,0
0.2339967897077614,-1.5054723737187248,0
1.896917383283744,0.9095722045937944,6
0.2157725013952922,0.1324561032580155,0
1.1712515537458503,-1.3692977715493888,0
-0.2995941623337713,-1.1377909262315122,0
-1.370452548344722,1.2342409494122042,0
-1.0325491190892282,-0.0113407959450312,0
0.2802299847939155,-0.6838546823821143,0
0.0524901719534801,0.7311404358672758,0
-0.0013246846447255,-0.3894149826624401,0
-1.4984469401605638,-1.706374834597606,0
-0.5321229597329559,-1.512234863896552,0
2.4179084664067187,1.073919712594577,3
-0.7426760961368303,-0.3638073294491245,0
2.383940581042325,0.3114230095352043,1
-0.2512926581832673,1.88665543294993,0
-1.6358978125255847,1.1859630152973757,0
0.01640411886256,1.4140513412241338,0
2.689637833558389,1.3722134486509832,3
0.0709821992376225,-0.3274325584278072,0
-0.5144613102860832,-1.6908579365823988,0
-1.1925104567936295,0.983538896600792,0
-0.0154650972069153,1.1511400789618949,0
-1.0656196023716338,0.4962059912625858,0
0.6825045343391227,-0.5273146302959231,0
2.9531000030250443,1.0281667906610052,1
0.3900733980823744,1.2120741487363502,0
0.7089272181860217,0.4689821461711521,0
0.8184169191898718,0.2558970466218142,0
-0.3474996894040412,0.736652923815261,0
-0.2278617476781761,-0.6212197496871767,0
0.8026993787536076,0.1634580483317734,0
0.2392152422615397,-1.370702427397901,0
0.2925601328153405,-0.973859687601226,0
0.1363240313944112,-0.3378827005854767,0
0.4636615025103087,1.0089924167119748,0
0.4290151941002043,0.554727811681764,0
-0.9108903996919328,-0.9846848819385152,0
0.3572255238518786,-1.4974571646802743,0
-1.372860133839774,-0.7305196617661441,0
-0.6964286692163635,-0.515606489101344,0
0.3390472601663598,-2.0329101133673197,0
-0.3770316288950185,0.4387056261291382,0
-0.9659506960202532,0.1851237570186737,0
0.0092349137506029,-1.637665857199736,0
-0.9527310124270764,-1.4823132758157205,0
0.356263357674125,1.0700281921760058,0
-0.5895381733818077,-1.2925589387025624,0
-0.0990182385562501,-0.2247013087460868,0
-0.7383056621623549,-0.3342562107061483,0
-0.0261806384166374,-0.2541556988235874,0
3.1584028142987943,-0.2667825883054996,1
-0.8666416520983469,0.1530460377937542,0
-1.3771415194288807,-0.4244215553663726,0
-0.434167477230635,-1.0780451523371406,0
-1.4197865275895334,-1.2225166995151904,0
-1.2754140226331532,-0.526675222000989,0
3.313465687047914,1.3543052229441384,-1
0.3878406246862242,0.0688087531174905,0
-1.5313485015086528,-1.569501401909602,0
-0.0455701475664767,-1.677342667668703,0
0.7175107849624097,0.8596619325885042,0
-1.1068006613455754,1.522396936119508,0
0.1290281747235708,-2.505736646683032,0
0.0583997670415038,-2.1307336920758444,0
-0.2114300831644384,-0.02342942107161,0
-0.4298424684877339,-1.5793911814306771,0
1.3438330066035935,-0.5686723350430283,-1
-1.5807159216362734,1.1476797798078109,0
-0.8363288480884792,-1.425877233514696,0
0.5133020024107975,1.3879933730786054,0
-0.3580568362942278,-1.3728501927944772,0
0.7093649778187923,-1.971651896313372,0
-1.2662221377080145,0.8764746581080843,0
-0.5708152569165224,1.4435767801529058,0
-0.3444964993200736,0.8812302390081137,0
0.4676887518149563,-0.7369364109082088,0
0.0918264883175604,-0.3986176861357723,0
0.0569599723287026,0.3860623064882382,0
-1.069758048438185,1.6120474150235928,0
-0.1344709243173232,-0.1580532310973691,0
-0.4743023286073615,-1.647922171576826,0
3.607442627965781,-0.088499479695297,5
-0.1890198674244839,0.4207212467035348,0
-0.5436714100687978,0.1084567982010273,0
0.3091867016751553,-1.9271593853861209,0
-0.6499662215307296,0.2769424246899586,0
-1.4634756371860556,0.8628590529319652,0
0.2832177200809034,0.9746732889962296,0
-0.0290585297200825,-0.5741584458422884,0
-0.4033013949679711,1.910344236651225,0
-0.0750928621890482,-2.312938648726731,0
-0.4604509257745096,0.0423522238504919,0
-0.5280182883845023,-0.606732280032062,0
0.3730568665427966,0.5674345728220388,0
-0.8058763094441824,-0.833143949314709,0
-1.7001363910918297,0.0921465356067367,0
-0.3075181753489576,-0.0046513739147366,0
-0.5677067546554284,-1.2506134516278786,0
-0.6237527480681209,0.3093432249194048,0
-0.2890319584456922,-1.043676465415713,0
0.5716566844974772,-0.3689480023648089,0
-1.4226156645373922,-0.2647531713946741,0
0.4469951945639108,-0.6969353015836566,0
2.7629276792166646,-0.130413484753769,1
-1.0921021973359992,-1.9984494321982744,0
-0.5549386429816384,-0.6607536610083982,0
-0.9406729867759406,0.4478391722040722,0
1.1460064704608688,0.3755794644632982,0
-1.444964117050114,0.1359793901772293,0
-0.8107833200887851,0.6279101372255685,0
-1.3876686458524872,-1.8686973561311209,0
0.4742690518462537,0.4222875524910778,0
0.2037892922952121,-0.4886302686301996,0
-0.2159519225670825,-0.8059208015577963,0
0.6711341009903095,0.5529590092139425,0
-0.4276546209917533,-0.9120605307946004,0
-0.2309091102793283,0.7541089431370196,0
-0.2964835297394172,2.323445116291004,0
-0.3071082502377134,-0.6113933268716759,0
0.0582614891410584,1.0689117465923956,0
-0.3196164152461668,0.2190297009351489,0
0.0555525197719296,0.3782356450540812,0
0.8576031328721583,-0.955618669447896,0
-0.4157882150148596,2.4189851783516607,0
0.8004634505013164,-0.9975145973168976,0
-0.9799014652538524,-1.1305213902866305,0
0.4140754431103978,-0.2205725327594523,0
-0.3659249762467671,-0.586995981209755,0
-0.7583532183074266,0.7104189877142725,0
-0.7608029943942037,-0.5558150483975685,0
-0.1123504216577057,0.1414656525525827,0
-0.6305975079790648,0.6972533943181795,0
1.188435025294285,-0.2739521172041493,0
-0.7184906933205834,0.1799546218697458,0
-0.3898615037960409,-0.9960373938373906,0
0.5900643305981695,-0.0304678465268763,0
-0.5746918485961775,-0.330081264237244,0
0.4103164821408141,0.7800536922191047,0
2.5153519721205893,-0.0646011829933632,1
-0.4514968891701577,1.699277952426703,0
-1.1631347197484334,-1.036252427428254,0
0.2372094498074069,-0.7328071128958524,0
-1.7472498968813297,0.3103121885135043,0
0.4545398467180155,0.3939227103319248,0
1.9628666503906045,0.0836554184318195,-1
-0.6957119396461394,1.3321101765772774,0
-1.6284423329927342,-0.1676105633796976,0
0.4859481917957983,-0.236623374206977,0
-1.0114228592033043,-0.4765872919601688,0
0.1200120592999129,2.228948280090331,0
0.2882139089265685,-0.3186355877051051,0
0.387639076792577,-1.5681105435609817,0
-0.7984694600310327,-1.3557014376810927,0
-1.2398242077304014,0.2359679205056351,0
-0.6480721752018909,0.3336177916520176,0
0.1939380576284657,-0.0951006491502843,0
1.05370605138633,1.6644623155637688,0
0.0955938651607717,-0.0764264785553404,0
-0.6479940739790004,1.4924871025096018,0
0.7221358248010267,-0.2073307856446008,0
-1.3220435401433377,-1.6020261989194151,0
-0.5026924983838794,0.1496251301659306,0
-1.332317079645875,-0.2818131931404668,0
1.0023316718025954,-1.340613237109122,0
0.1391851151225159,2.204508523119181,0
0.4706933744609929,-0.0890804433426132,0
-0.6957223374452265,0.83067217696883,0
0.1288905760022099,-0.7986533086418812,0
1.093940398979498,1.6918060713776355,0
0.2773424490743678,0.4905453239905689,0
-0.5286080825925408,1.193903113159327,0
-1.7838507121011298,-0.3743283451492661,0
-0.2745562333037197,-1.179540717805449,0
-0.368318675251303,1.1199834802694664,0
0.772195554464874,0.4389960072663944,0
-0.0532413270435789,0.2244449381919368,0
-0.5690317281705027,-0.622397357371301,0
0.0705663339298072,0.4667613126270435,0
-0.9685322604475142,0.6064251561538773,0
1.9620063819024485,0.1304740088922606,-1
0.3791343646220641,1.1959197338790826,0
1.162794922331648,1.88837450090327,0
-0.2280865426751396,0.0967389455644899,0
-1.08270055266318,-0.9560616611748556,0
-0.6009280995824203,-0.543978630733044,0
-0.0032043749033657,0.6892751648365782,0
-0.4876727440294309,0.0506988796409812,0
3.1598674426645896,0.0649414000731513,1
0.3128150472349366,-0.4011634921372811,0
0.5115210049536282,1.3079299923289869,0
-0.305546781180213,-0.7849474490949251,0
0.2487605056359993,-1.0111334396403362,0
-0.1379803308408496,-0.5152685680546663,0
-0.1821056317636792,-1.174949501966048,0
0.0302716556714762,0.0978129798388714,0
-0.0188641901672167,-0.4039245918322526,0
-1.0140544863123353,0.2724515451129811,0
0.1059150658719229,0.253756580697785,0
-0.6504542478648645,-0.2751849332106865,0
1.2317675515533597,0.0461662608474061,0
0.6384305988444384,-0.8435503344687039,0
-1.0592934386247956,0.2155992334414606,0
-1.672145878443163,-0.429316798266828,0
-0.689783401069707,0.1265874654977888,0
-0.6530831396654511,1.6483152239117544,0
0.6716221273244444,1.1050863671145874,0
-0.1513165519971247,-1.994745594481835,0
-0.908327025370096,-1.0664969449375183,0
-0.7007146422236804,-0.7304942851041265,0
2.332624260466291,-0.5418184784971651,1
-0.544126810443602,1.5639220914984675,0
0.4493395842696613,-0.0803365721250995,0
0.4083528802784061,0.7194224316546453,0
-0.6660039650935933,1.911018884626228,0
-0.9891224874468928,-1.3709618485446666,0
0.3287300975100282,-0.5174491848946062,0
0.0089666254155392,-0.8923632545581093,0
0.9333186243152164,-0.6650703125066955,0
2.8802271214013646,-0.9127163176356616,1
-0.2704742596951917,0.756181772665896,0
-1.1295086365237834,-0.1663365301822842,0
0.7732001950376548,1.7051993865399313,0
-0.6723563950554944,-1.1601729968681231,0
1.3157112549778336,0.3156683487542965,0
1.0288583094684518,-0.1979598063615057,0
-0.630645588735375,0.2036113993055849,0
0.914635576752208,-0.909882630585442,0
-0.1443208562376943,0.906659056059094,0
0.727760244194938,-1.3132303071333458,0
0.4257967736516675,-1.578010034524015,0
2.551958677504975,1.812207920748509,-1
0.5959388482217207,-1.5421806345210478,0
-0.9200438482768638,-0.3997900136436101,0
0.2285432741736263,-1.5916256397001345,0
0.0816360570038202,1.4446964628838352,0
-0.1613146102536379,0.4435160464111362,0
-1.4043432954686124,-1.40903965335882,0
-0.1414826242371237,-0.2208491401295226,0
-0.4760736074445282,0.2660145479090921,0
0.7178635342646318,-0.0709773473129294,0
0.3146469905725544,1.1790991883704178,0
-1.152345868753625,-2.3135720795108576,-1
-0.6798490081821776,-1.1234614989184808,0
-0.5737653092462872,-0.2227471958212912,0
-0.382342204906598,1.162295677508964,0
1.1158748883261562,0.0521714750368328,0
0.1590019861060387,0.6856234498713256,0
-1.4555789093290052,0.2389535048194902,0
3.2661701262165663,0.2672449107127809,1
0.2316908363422188,-0.1340263547733032,0
-1.2190085065549745,0.0028341293254231,0
-1.4765499297515348,-0.0177145880194394,0
-0.0418273205729569,0.3285438641653199,0
2.1673490620784754,1.3268480307024777,13
-0.9003041155338446,-0.0378911871798144,0
-1.0471244202313503,-0.5446597530026857,0
-0.8914457708624312,-1.904624006825285,0
2.4397956283800517,0.9364838742410122,3
0.2467026685746366,0.7758787457502003,0
0.1384800860977542,1.5294125247255552,0
0.230482795766025,-2.3836736130785763,0
0.3401110584736227,-1.2641888400998291,0
-0.342884498001121,-2.1564358793495755,0
1.2195464941324927,-0.3211442625736714,0
0.8372149975500094,-0.3440580820375399,0
-1.5906406701077005,0.9033259908326962,0
0.1619986124261447,-1.1460920851415468,0
-0.1359036801067723,-0.4780253212777665,0
0.3143746641826712,0.0787578032862061,0
3.0663694605966523,0.8173314653500052,1
0.5455068764038523,-1.589561479070957,0
-0.7723989761229654,-0.7534234666358678,0
0.6977411615685042,-0.3353682250240865,0
0.1008791379396748,-1.1121619586814069,0
-1.6987152560641348,0.4512144313753477,0
0.5206204325856778,0.416845047119399,0
-0.5115630929641458,2.16839536784969,0
-1.3337386842532524,1.8954934692874152,0
0.4421549243607247,-1.6181031143634783,0
0.2933002393045749,-1.6489250291565485,0
0.053697379362981,-0.226769531700492,0
-0.3202928563664173,-0.2941176339862302,0
-0.3845001117197068,-0.0515241301553314,0
1.005298611491409,-0.684961264947673,0
0.1405521494136213,1.045669869099901,0
0.2335999179203405,-0.4345475739772559,0
2.416188399010089,-1.3688176646810335,-1
-0.9381675416461108,-1.9537109707392568,0
0.4940100873356479,1.4553690466314213,0
-0.13570541688496,1.3090907406746992,0
0.8655655822275523,-0.1007134733606931,0
0.6311720797870249,1.6259566384842874,0
-0.9740080041418928,-0.9858827614171702,0
0.255290119418236,-1.6879168066067394,0
0.9252180268750708,1.5117659147705362,0
-0.8141290712752899,0.8715976439731927,0
-0.984969735342129,0.0281827303324172,0
-1.3722870971750902,-1.68838706644859,0
-0.7260476751672496,-1.970582444880756,0
-0.3947835496899267,0.8222132788688988,0
0.6557874999616913,-0.809608605113732,0
-0.4041897817809561,-0.741160394557074,0
-1.1580306688446853,-0.1696566468194044,0
-0.6963239620144214,1.6265909181790286,0
-0.7782949685237753,1.2479754227684974,0
0.1989186618614573,0.2934451456376769,0
-0.8609178663036882,-1.3274827318170044,0
-0.4680156201438041,-0.0555410342821527,0
0.4321042777133995,1.0172471019875533,0
-0.1106532560205957,0.2939240981119326,0
-0.1315995967777397,-1.814343334284393,0
0.978848093122984,0.1526340481128364,0
-0.8067391092211889,1.3597121594195574,0
0.2173579709390936,-0.400135257895541,0
1.1001378550380931,-0.371960854793555,0
0.1069923370507056,0.329906630730325,0
0.3826761930853272,0.2402288837113493,0
0.1681853253418559,0.9338599127252152,0
-1.0114547317796505,-0.4883391901584223,0
2.459958968705237,1.0428819820823223,3
-0.3235204218996518,-0.8774903239468954,0
-0.1633361413080528,-1.9368532940976493,0
-0.802909369755369,-0.1774919771532602,0
-0.0821856642002719,1.1478082078538496,0
-0.5447551708075422,1.544416751589683,0
-1.2246797039588209,1.2862743234781215,0
0.7516286487727117,-0.4048661357353679,0
0.1327677170452556,-0.3496533495750157,0
-1.028740854400667,-1.058858831107655,0
-0.6631586199657704,1.4351454533200525,0
-0.93755463607915,-0.4202549746449805,0
-1.262400943931516,-1.815642895719917,0
2.950288852163016,-1.6740578556777952,-1
0.3236937500300835,-0.7266136542543189,0
-1.906849390230797,0.2048079330897941,-1
-1.1837529110850324,-1.011843327295408,0
-0.5052726302490712,1.074205181673877,0
-0.8210135702728166,-1.3997196027085594,0
-0.2211246958377068,1.5310847501039946,0
0.1268600240989832,0.4791248725443544,0
0.4252549303842454,0.8841713689837734,0
0.3149535112282319,-0.8986575041903463,0
-0.4198949424926731,-1.1535408261892084,0
-0.8381844580771101,0.5054921479272236,0
-1.7599726631072536,-0.9603669271426724,0
-0.1796507188953015,-0.7123876487749369,0
-0.056561565398005,1.8240903312552057,0
-1.0634339408207067,-1.3355827634739124,0
0.121162640263782,-0.3775170997452149,0
0.0663713114496099,-1.4455731640567415,0
2.4646879623628117,0.1222459181297584,1
1.7208581868794184,-1.280329128241014,-1
0.5490190182358231,-0.0578848220643688,0
-0.1500967608434828,0.0479018429314196,0
-1.3989356747457338,0.6825910229825698,0
-0.9092750394972452,-0.6841449119432771,0
-0.3802922399352805,-0.9955056450101332,0
-0.2658302763681662,1.3455404712964223,0
-0.9011767637465474,0.3288688366227202,0
-0.1694731368857905,0.3006141937440421,0
3.215044825919399,0.7173887350542412,1
0.4444007010487126,1.3689656162169244,0
0.1433228078060824,-0.9071736536416573,0
0.0137704356241692,-0.5039332423790956,0
-1.2522025663238308,0.2002349460159569,0
-1.5115983709665464,-0.7061645758373588,0
0.1129904311607073,-0.8716601867467629,0
0.2521959788071485,-0.1350474411185896,0
0.3965346348415313,-0.9062648096058126,0
0.4712904116119776,-1.4059850869553665,0
2.559488973588881,1.7677004182030136,-1
-0.6695628849354991,0.5568829002835934,0
-0.491159502845017,0.0428841242538427,0
-0.149417788434382,-1.5849883404210263,0
0.6380037065904373,-0.4378528505722253,0
-0.3896322511965611,-1.0251061713826983,0
-0.4219431351379332,-0.8609313941900564,0
2.630060205461926,1.0688001366513316,3
-0.4041825888699955,1.122190843198576,0
-0.9938235723790404,1.2041849795072337,0
-1.0835717683138135,-0.0860229849995782,0
2.941487133937234,1.841230376235454,-1
-0.7921379554829999,0.8805184599001683,0
-1.1924545837309823,0.6362535558687384,0
-0.4935753001941025,0.0758049188396215,0
-0.8883468388135396,0.3839913684122354,0
0.1004790612641272,1.320676079207264,0
2.174945629024116,1.4364931870333757,13
-0.0223202549169464,1.0376122487522217,0
-0.7063652480489465,-1.7646769300576497,0
-1.513038245463056,0.5989149498535149,0
-1.5617580163945315,0.3467959646969438,0
-0.053100443650383,-1.6328351651232076,0
-0.7670388867930066,-0.4800928706303565,0
2.6530896067294005,0.4904843395301526,1
-0.09089225809972,-0.8776756344038694,0
-0.1997263135814938,-1.1543191991500474,0
-0.6366267954863278,0.394506212969925,0
0.677168445495465,-1.159682465231742,0
-1.2662747260988263,1.0735632335661445,0
-0.4312486182981317,-0.916035175188286,0
-0.235429177355915,-1.893574327869112,0
0.1087771685431005,-1.0648848391173338,0
-0.8424185162928913,-0.6906085036602423,0
-0.8083739622676758,0.7274788578839719,0
0.5013616130495412,-0.0445611863261926,0
0.1369029582236802,-0.1035815351888202,0
-0.9216883457394534,0.4623794382121886,0
-0.743590934941258,0.7014792694199181,0
-0.2831326071691472,0.2931307335328492,0
-0.0235308212021826,-1.3426838720329382,0
0.2747128038907964,0.4182047281131779,0
-0.1291348354736653,0.4743146038384496,0
-0.642121408465215,0.6342497321621671,0
0.535125424811246,-1.049632642425179,0
-0.1519337611789931,0.4830278182176596,0
0.2334705310530129,-0.7251456417002324,0
0.1012885934712367,0.817470646558147,0
0.8460169995790932,0.6728689972455362,0
0.0048099892435642,0.5629675053390981,0
0.2131714441162321,0.2220641708528715,0
-0.6290660593881446,-0.1415280437500599,0
-1.301160814723192,0.3148334217765987,0
-0.9584211533193314,-1.8552244985266535,0
-0.507863289729044,1.6652512488771805,0
0.7877636658186207,1.2338016916163954,0
0.7065008932221551,0.1683689564522882,0
-0.2235218835336717,0.0677621385340934,0
-0.1425937499177124,0.512628344590225,0
-1.3138236698316492,0.5425129531142069,0
2.703633874035954,-1.48136358270733,-1
-0.9391148023902752,0.4244818152548164,0
-1.157215196441005,-0.8603139975664333,0
-0.5047099913834746,-0.3851002226170162,0
-0.1516250545782619,0.9043905310294704,0
0.1250027775286892,-1.4132832367095851,0
-0.7710792692051855,-0.4100633626679111,0
2.499732025759015,1.3335224611145275,3
0.9780826834010734,0.5155539609219185,0
0.1693510213387165,-0.8180855804031337,0
-0.102161892485717,0.3312474093567253,0
2.275042780407859,0.0112756483925191,1
-0.3472327038153526,-0.6798323465029136,0
0.5720147746008939,1.2172393731361435,0
-0.4534508466164631,0.1442439384708591,0
-0.7573480283712553,0.6519642816645255,0
0.2193443503251356,-0.1580074310647276,0
-1.072768561248807,-0.227977122621105,0
1.026250892445124,1.2358542493507412,0
0.2597424830710192,0.3023351531502555,0
1.008622887900655,-0.4389626702851033,0
2.7559380776414137,1.4808492731075202,3
-0.8153383348141505,-0.8375158091354191,0
1.1717246746463963,-0.6278778427865366,0
0.4167857152259018,1.1412862364554095,0
0.7905713279892204,0.7657242649060731,0
-0.4197597952764542,0.4971298269166746,0
-0.1793621843254539,0.8698438331236156,0
-1.000288297829626,0.1522218648002737,0
0.0010120425703821,0.9002070672369604,0
-0.530610799974241,0.6377892048179777,0
-0.5452004571865615,-1.030895266700754,0
-0.1127235470104054,-1.0875251367823582,0
-0.653930558849378,-1.1611821771663913,0
0.7113839033804568,-0.933647891157682,0
-0.7233899914425578,-0.4116351002078336,0
-0.249392122294467,0.4312207964907932,0
0.0300836604330571,-1.0199610672013422,0
-1.7377196187241677,-0.3525427257399328,0
0.0782214294628309,0.1918659754019699,0
-0.1745662406270609,-1.389201672579644,0
0.7430132892036858,0.4044186525222356,0
-0.019587958660793,0.5851268312336058,0
0.1258612736907877,0.4050900633499192,0
-1.143087712966752,-0.7562695405253904,0
-1.4294109111299564,1.1200776453894377,0
-0.76324936157326,0.1365365156665043,0
-0.1571136475768697,2.1683986049970096,0
0.3017533204868544,1.1004728601843952,0
-0.436730851552472,-0.9962330893381378,0
-0.5313509064634753,1.3128545463733003,0
1.7225197757206507,0.167328254413555,2
-0.6686098138104575,-1.8408577885045865,0
-1.386021962444844,-0.2317474026143446,0
0.3753583122738375,-0.1132808756527282,0
-0.218577659511528,1.1352866055944555,0
2.82888426905018,0.7391169515361012,1
0.181960738692971,0.4759815490406026,0
0.3326555789407721,0.089384738577244,0
-0.1260054634104968,2.271403224901481,0
-0.5200844269336193,0.0862242525828938,0
-1.125551412332387,0.6201533067916247,0
-0.061080879091607,1.1722478132489058,0
0.5875255061260242,-1.632351107781465,0
0.9725705594958468,-0.3977752843767281,0
0.8612283235757983,0.5526699737711323,0
2.76931628536982,-1.0586991138549349,1
0.3071647752449584,1.7172486859285077,0
0.566134916176148,0.2121255057279289,0
-0.0458911040760609,-1.946667962442225,0
-0.1438763232416596,1.4861303213496988,0
-1.137931073672192,-0.0867623353746011,0
3.4160105083570884,-0.0920812120842433,5
0.541816921604447,0.7396787248332848,0
0.4818825061509429,-0.478739294990772,0
3.2657379729450784,-0.6321677879199176,1
-0.5343073185375078,0.9907365585164944,0
-0.0716165512045347,-1.426941404771026,0
0.1038397178842208,0.8876960015974329,0
-0.3053420283984391,-0.5099413905636552,0
2.309647447589629,-0.1605912568340464,1
-0.552869654738204,0.0495129062093447,0
-0.1619838084309422,0.4140994610683932,0
0.6036107810818077,-1.448127487381856,0
-0.2462893562103499,1.2449813211310363,0
-0.9441466922677036,0.9042072636014632,0
0.5502725340755769,1.343039095900403,0
-0.1135459285217442,2.271996287405346,0
0.7756128375305993,1.6545713419243413,0
0.9960920251522754,1.4216802641285764,0
2.432791590950894,0.2006646447680154,1
0.1505509610531192,0.6032489812067616,0
0.4449198465762088,-0.0629958806840088,0
0.2508340015139355,-0.9915974428932476,0
0.249106345830563,0.7270913538989056,0
0.2096787951360605,-0.9779191546133692,0
-0.4487573499710582,1.730523284486723,0
0.2847225626927721,-0.8474362454947979,0
-0.87252985219282,1.3135175914534714,0
2.816529237343775,-0.4397775420105071,1
-1.4661093204244466,-1.0551255306712644,0
-0.7389067373681593,-0.8629955548192338,0
2.215570408876729,0.525401658349956,3
0.1483358283990024,0.4451523347749855,0
-0.9719235611014788,-1.7895668503849185,0
-0.2085892456711174,0.1914277180928689,0
0.4673041299363882,0.1819509707949709,0
-0.7119324916338357,-0.3348800816244103,0
-0.1110508811910014,-0.6309918551464304,0
-0.135342139967957,0.7119854450779086,0
-0.3174317726383125,2.248273589718428,0
-0.5968297879782342,1.7057299412488365,0
-1.7476762397719403,-0.6086484129133012,0
-0.4074841675393154,-0.1540276580708489,0
1.7965478257264096,0.0227318852772303,2
2.906255334933999,-0.8236282443971383,1
-0.8377413576431445,0.5816847608450857,0
-1.3204755073219754,0.2007125290630607,0
-0.8717340024566325,0.4590709244699,0
-0.4625275765085869,0.005108977073592,0
0.1793756855742811,-2.273019124873317,0
-0.1113069994009205,-1.2494431434163016,0
-0.9613554670488144,-0.5032838194900168,0
-0.8241668686183858,0.6506318687856374,0
-0.7920729873676408,0.3634884511000143,0
-1.0252994910649325,1.0093957374931937,0
0.8610118702485623,-0.894956752045133,0
-0.0915627590233995,-1.5782748874231605,0
-0.91315361310236,-1.636423523382886,0
1.5974781715430182,0.0674977664272325,2
-0.9991635694618238,-1.441730858458229,0
-1.3589177804798025,-0.7376919470198287,0
-0.4143066992900157,1.7400371629175635,0
1.6301673176186906,0.3286415956488018,2
-0.100848749331799,-1.3016853368810426,0
-0.1070234278667598,0.9435781555565018,0
0.5837829629358069,0.8939776715808367,0
-0.2199941570890273,-0.0824158759486145,0
0.9462421850518028,0.2466873468281216,0
-0.8000372888328008,0.1620586726595474,0
-0.4449758210772426,-0.1324188317948841,0
2.8256652492062666,1.31065767883062,3
-0.7845543918291968,-0.8536397187304765,0
0.0591814647270871,-0.8000470351973766,0
1.0579743038679057,-0.317535110493741,0
-0.718196422573759,-1.7457646526527295,0
-0.4919412005306002,-1.287802532624625,0
-1.265382035670934,-0.2861615440193271,0
-0.0352300033669168,0.3091918084480538,0
-0.7642031860812862,0.5384364514548523,0
-0.9259593335294728,1.2699155442204078,0
-1.0412535270436225,0.4622947671698245,0
0.6131794955791775,-0.1229376532313141,0
0.7643787001567717,0.3565789757165082,0
-0.5568073860778009,-0.4052835992242168,0
-0.8191212962700354,0.522147654773445,0
-0.4439153074418145,0.7864992067465995,0
0.5255288757923496,-0.5409303870481356,0
-1.8386017524653284,-0.1078150787035502,0
-0.3164681738984899,0.1840668852348908,0
0.650972063411499,1.1177435690491797,0
0.1213342975065429,0.4262708657844626,0
-0.6373377647076606,-0.0931378673257895,0
-0.2176622713437096,-1.254658078597871,0
-0.7172079901809423,-0.9614513701935332,0
0.4471985147836155,-0.9252078954251296,0
-0.8191407891218345,0.1904543232330976,0
0.4516606526681954,-0.597262704363324,0
-0.8904547329768641,0.2220546109870066,0
-1.208398221910585,0.5905905851538169,0
-0.423988462659055,0.4382353425545814,0
0.756429383908909,1.1775730992870432,0
0.2668424779932034,-1.2950604656746751,0
0.599361472088641,2.1902213555392853,7
-0.7644852867029661,1.1004018350658298,0
0.3835936373825055,0.5173076201954026,0
-1.311175834542654,0.2753642128553973,0
-1.3723311398765812,-0.3363850737353457,0
0.9599875779363376,-0.876418332701481,0
-0.6735934931158817,-1.0353943604491502,0
-1.1688208225858687,0.4364803375866515,0
-0.6430298875253753,0.3553303429138185,0
-1.258870611994121,-0.6234555748495296,0
0.1675693447024627,0.5944131394743367,0
-0.3533230511988493,1.547998483978629,0
-0.3944144623920466,0.2055600804780012,0
-0.7316871298104438,-0.5074863372259989,0
-0.8318751816893207,1.2355573939188462,0
0.0371281161278824,0.8825234777250924,0
-0.0019620102456837,-0.4070796698069294,0
0.4470737653664837,-2.0744405489225657,0
-1.000455237838483,-0.2984842136306543,0
-0.3044109016303387,0.1183785802548519,0
1.138847867167593,1.1457991039709918,0
-1.2931469999396523,1.5131838476024029,0
0.2986480286936951,0.1560634730642656,0
-1.5370106038597873,-0.4558058758250039,0
2.995184150225966,-0.8563109321729411,1
-0.8524668412507687,-1.2451082631524404,0
0.0881643680396817,0.0967304282408843,0
1.1234714552717968,0.1618166313677312,0
-0.1164693748724575,1.589000407853937,0
1.1279932946744409,0.9443080118539176,0
0.1614652406441438,-1.0174001180054957,0
0.2690472128482331,-1.6384018188513467,0
-0.8691497027209272,1.2122308453839876,0
0.0804988747075708,-0.1298122341424895,0
0.6810315643036003,1.306546802393358,0
-0.9211788446280592,0.5248206947026399,0
-0.4526086384180372,0.2690106688428136,0
0.1070527975315629,0.5036071924008259,0
0.4056693439576475,0.1729877435587666,0
-0.1651150826358622,0.650106745829112,0
0.1643081842988102,0.4848599536583495,0
3.2502050132597047,0.7112680414080531,1
0.6313591918267654,0.9157939478284738,0
3.251034168134308,0.3718519249954783,1
2.5545018055920283,-0.5971382267906729,1
-0.2219505660404747,1.720304101242576,0
-0.3508590432777596,1.84081566910164,0
-0.1277781989816472,-1.1859620497892784,0
-0.6757683373200251,0.141078323876316,0
-0.375407043831925,0.4015969127524714,0
-0.2617009253543272,0.3994437156035157,0
-0.3268684947756044,2.5560471586439584,-1
2.707139656123657,1.394519062416649,3
-0.8082303435660354,0.0446600746181181,0
-0.4387177005181961,1.298013642027542,0
-1.4468323107828862,-0.9332086333618732,0
-0.2725814802592398,1.37836929536729,0
0.3681023245052741,0.2101885790264377,0
0.9678719260688412,-1.1803824474718625,0
-1.0412789600919927,0.3180533537273888,0
-0.0324964043643882,0.5278890586059856,0
2.2663234670198755,0.674203782369582,3
0.8490084891175984,-0.3551743548466066,0
-0.6285195544986123,1.4056793087716268,0
-1.2858377446011926,-0.4999362831619124,0
3.089852489912873,0.6487422654513313,1
-0.3926541807493433,0.4944639348839336,0
1.0730303884012162,0.2841804548859226,0
-0.8463984382242131,-0.4468784340272962,0
-0.1090891314383593,0.0831148230647652,0
2.798425790209312,0.3338355854340256,1
-0.8633569107560899,1.0603160546989134,0
-0.0468150379332007,-0.7116366955050821,0
3.2471990878672927,-0.6077705938340902,1
0.7211806975466253,-0.4766135175328006,0
0.3573407586686017,0.9782742269047412,0
0.3759522743523895,-0.2361762964220836,0
-0.9615353361456086,0.690609620744433,0
0.7406155521443305,0.2657541262756187,0
-1.0743722208980324,0.6441035746686522,0
-0.3739809816220315,-1.0868198319690514,0
-1.166587629642022,0.422991663186032,0
1.123430487642739,0.3198094012375779,0
-1.1648117633866453,-0.9699591538973314,0
3.2892086225367527,-0.4808155544764982,1
0.2618699498698511,2.00768171498904,0
0.6751925436922185,0.3113441804191011,0
-0.6901628861666742,0.2418026642802387,0
0.0717171189132705,1.1807947711146136,0
0.1855389473670821,-1.1586879733995317,0
-0.6764758976336368,1.6120198437565152,0
-0.0702505358565021,1.2752525847294705,0
-0.4517296304610666,-1.441955343077112,0
-1.7347372242383745,-1.2108414097639753,0
-0.4174705994542663,-0.0315482035198033,0
-1.057712476715496,0.3737384427585585,0
-0.9783698126433382,1.3511960099682463,0
-0.0872611271995088,0.4431610907172471,0
0.3278067630482645,-1.9866964914577616,0
2.006490791871768,-1.4846903252151822,8
0.275792056995039,-0.3270246548048232,0
0.6247873076690954,1.079387416988176,0
0.2345043088936955,-0.6216516842777323,0
-0.3149250247621074,0.517906114451647,0
-1.0953372213402823,1.41170003660502,0
-1.5812416309276318,0.6033484265030191,0
0.0875931834847638,0.4011224152765937,0
0.7048964801899451,-0.9553910992577864,0
3.623048422276751,0.6985102000588509,12
2.045537424907234,-0.1677432702932003,1
-0.7728602666623549,-0.4901267434175295,0
0.3600645092354339,-0.6291246078690589,0
-0.7019940606914867,0.2607149416851587,0
-0.4324381849655993,1.027043541566565,0
-1.284813061813222,-0.226697657671312,0
-0.1166253677188366,0.3150742437081724,0
-1.6957288235235222,1.4385597350771435,0
-0.8701353998052994,1.6023788829740817,0
-0.9827083740414674,1.333396789423524,0
0.7148252667161914,1.1346066774431665,0
-1.5350728545934462,0.6173380413164994,0
-1.3376367507101663,0.6115215263074594,0
0.0652571106965887,0.4819135435064035,0
2.961227885623326,-1.6579034408205275,-1
-0.9228260773990932,0.2125288265091477,0
0.1413286361137036,-0.3083741447278226,0
-0.9343071581464196,-0.6619430231634474,0
3.4429212185381224,1.4563429222834772,11
2.6262388076658336,0.440418852156217,1
-1.7998039946968352,1.0744114375271965,-1
-0.1617518205230182,1.559492003572376,0
-0.0545825087386174,0.3707709356341738,0
-0.896898113465885,-1.151690589826342,0
0.0199077150052094,1.790814580975538,0
2.519496308351726,0.0117259633247319,1
0.1766537871172149,-1.3190957077462533,0
3.5780810429711893,-0.2538414795282901,5
-0.8011082002673159,-1.2582973654903833,0
-0.6052107879179024,-0.90906319200982,0
-0.7263230024256654,1.6114882465053508,0
-0.8124767815063636,-0.8314991436272541,0
2.564905485344878,0.3690875881531872,1
0.9739843717968876,-1.7341546110599622,0
0.6754686243336189,-1.2748857579671735,0
-0.1961746366825341,-0.2839139643860492,0
0.4986391652290846,2.234020316124155,7
0.8511209706991332,0.3277483049811764,0
-1.3771524665913586,0.3987985303484641,0
-1.1028338725217852,-0.3972324531711763,0
-0.1455579542980816,1.0314376924780668,0
3.1947676833395597,-1.3614621119993418,-1
-0.5700635240857257,-1.547270747744342,0
0.2439138756885455,-0.5880952643027667,0
0.0118931468386854,-1.403376597850098,0
-0.8197119736767525,0.4948463102688069,0
-1.1573777586310534,-1.833846631164211,0
-0.5873585377398602,1.3724531176976416,0
0.3599826537610258,0.8985774047438431,0
-1.5074138260691448,-0.5069845716352301,0
2.856987830570516,0.1942656038749769,1
1.160810395055372,0.9927712564257204,0
-0.7918313050116285,-1.3651422479644009,0
-0.8249608662448077,0.8516031181224725,0
-0.5142448569588469,-0.2432312107661335,0
-0.787811094630333,-0.2743029868401045,0
0.0127503402544088,-0.2561859654671416,0
-0.5624026682038105,-0.4620934995865089,0
0.593656895342479,-0.5297718545059333,0
-0.9638544226186828,0.3861563200321162,0
-0.0035305924304364,-0.885160312466121,0
-0.028901987510313,-0.6248903670198079,0
-0.5340819741771536,-1.0518802220584569,0
2.706084199486121,-1.539787631918773,-1
-1.2665566969048123,1.4676246018733172,0
-0.1698436067137542,-0.9656317484148168,0
0.2747335994889708,1.421080727330073,0
-0.6483458043381496,-1.437906261108742,0
-1.2612896142313332,0.7713784578834515,0
-0.6133399732625593,1.1058243717951646,0
0.0805723885122513,0.5080711743125405,0
2.729757829533512,0.7517625505758618,1
-0.8350416873463219,-1.878393307871616,0
-1.3842558704212635,0.0376085489974808,0
-1.7501797029763104,0.9715222970794866,0
-0.5282696893605172,-0.8721016812031834,0
-0.0637917005705015,1.135047129357328,0
-0.4548302606321154,1.6230240258322333,0
0.0705351405325457,-1.037552686198299,0
-0.5369078264531773,-0.2443134592119339,0
0.37834672673991,0.0526849950985266,0
-0.1917085405268432,0.6779587415283862,0
-1.4898834155993654,-0.3227302943973174,0
0.0581717671564137,-0.0508617586769751,0
-1.4873913691371552,1.4566936395212249,0
-0.3860395566365579,-1.6923141946655602,0
-1.068650207429431,1.0287666955778387,0
0.5755567328798509,0.0936445076646058,0
0.7560349135946444,0.2703643960584915,0
0.0127561506352858,-0.2757338682612485,0
-0.0321813380193894,-0.3949542166995947,0
2.875053045384365,0.7531065663495815,1
2.266379889445913,-0.9977396436857556,1
-0.2052668213716375,1.090901730402175,0
-0.469147541422567,-0.3249395487793004,0
-1.3002309907014666,0.2719707249185581,0
0.1354097419533738,-0.5972541870397183,0
-1.1867171154654017,-0.493033979407566,0
1.0023511646543948,-1.0089199055687743,0
-1.3819185938427654,0.0025725135735972,0
-0.1122795633777613,0.8166042138315311,0
-0.4659344617752251,-0.7090283579759074,0
-0.5374621236490464,-0.9505934759889728,0
0.3993657481350414,-0.4087213899231582,0
-0.6419064619039482,-1.909805048021232,0
1.6907774208094606,0.0643661973944059,2
-1.562508520682853,0.5204233066438189,0
-0.3595647539785291,1.643268564539948,0
3.0870135045293186,-0.2195902913598842,1
0.0207002058656618,-2.401838174360961,0
0.0315477394354618,0.6364210065005932,0
0.9175752312828857,0.2550033457803073,0
2.6961712813758507,-0.7794247689126973,1
0.1667375843351095,-0.4085360794661841,0
0.4245231655647384,-0.6063487105288363,0
-0.0226178845395059,-0.3748745650782303,0
0.1935117945215633,0.197655222296119,0
-1.2084659253343886,-0.0668407260953199,0
-1.0204819983853803,1.7490669840066613,0
-0.8756689984877849,1.1787357390856292,0
0.6727110248447894,-1.134545769194798,0
-0.6542962372395374,1.41405662140042,0
-0.4800702869192048,1.3525126060509818,0
0.056054698156669,-1.2547703209073124,0
-0.3679586032224264,1.884791422819878,0
0.4312556299869975,1.0249698868597803,0
0.1265786026563879,-0.4514718444717572,0
-0.821356471139342,1.3570157621246055,0
-0.2247409213043289,0.0209554541206706,0
1.0448019476480546,-0.152296835646584,0
0.1018694224422573,-0.9813240938689468,0
-0.5389714738954169,1.562246628972709,0
0.0487318901629808,0.2392045602187438,0
-0.2572478825224594,0.8971335747334216,0
-0.2444896192843662,-0.3391027195788296,0
3.0179042955293185,-0.5313313567826464,1
0.8456192445929938,-0.0841429407090224,0
0.2866166090216108,-0.7907608785327389,0
0.0332989260254531,1.0950695289746255,0
-0.023500930551296,-0.5095525408841431,0
-0.7040838445330955,-1.4524276247494794,0
0.908539339204126,0.1257796298169985,0
0.0018321023922729,0.7305356188924859,0
-1.1516549917794678,0.5466572427448076,0
0.6136422186806362,0.1170442759230903,0
-1.019975232582431,0.637046920447822,0
0.7407449390116579,0.5563521939985951,0
-0.7156308623068682,0.6715426897208425,0
-0.818092105847563,0.1046557097933906,0
-0.5414511406330803,-0.5371187382879264,0
-0.734221033029091,1.5642111269412782,0
-0.8373092043716567,1.4810974594777844,0
-0.0363101396698379,-0.7735155463299721,0
-0.7163696660497274,2.017790698952713,0
-0.7021084123095312,-0.3870797122038296,0
0.4279287480850012,-0.5633940431558845,0
0.2234691139207646,-1.6250900891601887,0
0.5136494906955331,-0.8477560893520053,0
-0.5717471370676074,-1.180583943665433,0
0.5003181907927561,1.3463476096426916,0
3.692813276798827,0.5205226011860976,14
-0.2762026329080605,1.7157246398741,0
-0.780257267639808,1.8585268298805857,0
-0.6461293689376575,-0.608626947000418,0
-1.180184896190415,0.1725479889791263,0
-0.6358939319400398,-0.7642898781640336,0
0.5563050264709667,0.2838730391014551,0
-0.8307191301085629,0.9780146541818818,0
-0.7215017554945962,-0.3354118304516677,0
-0.5803353412941913,-0.7126291443083255,0
0.16580961242315,-1.01914880025488,0
0.8896133065387299,0.9384153431261192,0
-0.5282521784341778,0.2809710832877048,0
-0.9894519154418984,0.6932022930535484,0
-1.1764714104843907,0.0206451043410705,0
-0.2980138796035562,0.5129103837126749,0
-0.7173834016752203,0.921331987747276,0
3.124865230096122,0.5236088249145626,1
-0.668981302581494,0.7539289128563317,0
-1.2227396330030318,-0.8304317352236048,0
2.9101220781779573,-0.8760662849387201,1
-0.2769026049349298,-0.9747600143134646,0
-0.0531173310094316,-0.6221631613104592,0
-0.569331209902828,-1.3814087535550166,0
-0.6259633730877359,-0.5394839919830257,0
0.2306466607024489,-0.7389583118042509,0
-0.3487428074447078,-0.1628329945410634,0
2.826467588502416,-1.0558989915741472,1
-0.5330287034846718,-0.6166929330956095,0
-0.3002362051686336,-1.5085375004747512,0
0.0091439632234833,0.0597808234812661,0
-0.2854795281637479,1.8225695223481173,0
-0.0292130955842006,0.931880423138402,0
-0.4777727494272896,-1.3417508454534286,0
0.484590252557405,0.7524706117442035,0
-0.374875728179284,-2.39411847505996,-1
-0.845912393815538,0.92662835682389,0
-1.1585101494894987,0.4331294125351344,0
0.0091830787427756,0.555263471258156,0
0.6616979282164082,-0.4639255071838115,0
-0.3512748585535893,1.255389051979477,0
-0.5509892110965793,0.9666635117101584,0
-0.571615898090514,-1.5434612935891932,0
-1.1978705461235883,0.7102083005952808,0
0.0396206321697749,0.1255728534471411,0
-0.8488402179850593,0.7664590324393311,0
-1.0587287436298392,1.4233172498269469,0
-0.0202447771135504,0.235768812548769,0
0.5416045063320304,1.137695986742858,0
0.5943652090390757,-0.0048726213863007,0
0.4531260344169751,1.730302037015159,0
-0.0025428392167041,1.3917150706201642,0
-0.2588886757655173,0.4523521912957477,0
0.5417175552036998,1.1143079729552985,0
3.193734658881861,0.53088468357799,1
-1.454264463428712,-0.7227965737417301,0
2.133045105171506,-0.5594938538376141,1
-0.1815935251595349,0.2298570898774986,0
2.972260475103506,-1.9968303712911668,-1
1.0037599199575429,-0.3299105764580699,0
0.9834999485400544,1.112781883871924,0
-0.5132968428316977,-0.6255832437603747,0
-0.4347124753541982,1.3664290011408362,0
-0.563810670123974,0.8547379243026184,0
-0.8933099265403834,-1.1281680426385494,0
1.144250226872985,1.9323195977832044,0
-0.7348039181294713,0.6959824466919922,0
1.07664114325095,-0.554612889229335,0
-1.2470081142563534,0.6940421312670882,0
-0.7373128519507303,-0.0727694834138016,0
0.6912564736864368,0.8173498869250997,0
-0.8465296772013066,-0.0840010841035362,0
0.2070890188547662,1.4410636502859615,0
-0.9444117757146409,0.2875966280958876,0
0.3255216052808962,0.387625526704555,0
-0.538197722503779,-0.9662587049043048,0
0.2764293825959974,-0.3093599676603339,0
0.342551609691994,0.3396938793839166,0
-0.495583074573695,1.535079666292211,0
-0.2038504035778466,1.0968877390720364,0
-1.524105233228625,0.7954411196460138,0
3.4000850602829096,-0.4772335189353656,1
-0.7208883005642449,-0.1266139196806759,0
0.2036975883851076,-0.7870243409490291,0
0.9614312808882644,-1.37966632823592,0
0.5655488261876411,0.7058100636258454,0
0.1210900096577801,0.8125362294957822,0
-1.0890727410369685,1.4979265223100549,0
-1.7039577888879225,-0.5362347488883776,0
0.3183240162840221,0.4944585031315541,0
0.2117907273542046,1.029661590537698,0
0.6697135153260049,-1.1307669718779527,0
-1.6254422977649077,-0.0407404982166562,0
-0.554867784701694,0.01438490027055,0
1.0246355322504364,0.935314279355503,0
-0.2934010896737923,-0.4020449164821413,0
0.1494664469313901,0.0433681815955852,0
3.0944125616361315,0.0987795560183801,1
-0.9931712115287992,0.8646530804857109,0
-1.2270541141311515,0.0044482781745743,0
2.729590759708961,0.4689604874487386,1
-0.4606497383597125,-0.4201057527786897,0
-0.236336019834412,1.6512837735783985,0
-0.5428715222777907,1.0996541189432945,0
-0.5295003534727367,1.3968738207253193,0
-1.1917503080892056,-0.6844911987374671,0
-1.519657661013646,-1.055791661322662,0
0.1897416823699076,-1.2989973053336037,0
0.6717370283058796,0.4282229356802917,0
-0.3057325904735781,0.5963979092374362,0
1.2061434527510928,-0.6301158625539497,0
-1.6906528909446028,-0.3931677059827468,0
-1.0753963543226124,-0.9537931361452322,0
1.929608301685474,-0.6944758567045816,10
-0.1485997105379508,-0.9332803558149596,0
-0.92568502521413,1.5488774963540783,0
-0.3734539695842981,0.1286941890122881,0
-0.5673935904521809,-0.1403608211097087,0
-0.0871629837614285,0.6090656477918948,0
0.366323852757147,0.2607740607567058,0
-0.7514897189276684,-1.3416386031439869,0
-1.1427764008732706,1.0074585076395155,0
-0.5056013790649921,1.645807222645003,0
0.7046516429777918,0.7555323497768172,0
-1.5879078244881566,-0.873817512009204,0
-0.6210490397164787,-0.3050908560714582,0
-0.6448797613370294,-1.2212510320652894,0
3.3652925276784145,-1.591044676052818,-1
0.8573505033536681,1.5962321153313557,0
1.7368298636001418,0.251940591269439,2
-0.1795233139534336,0.3995898518985806,0
-1.3599970335840446,0.0075374358981723,0
-0.9081204204785563,-1.4449663040529843,0
0.5178814927819543,-2.318678858440919,-1
-0.5780530545796617,1.4275568986958715,0
-1.5731102596379212,1.087580268070609,0
-0.3654622531453084,-0.3470140520553506,0
-1.1306536111263696,-0.899917891463961,0
-0.6938658442579171,0.7272395332229374,0
2.7626475605204446,-0.3898275340933326,1
-0.5350871641133251,-0.9934255160087097,0
-0.6308081509254239,-0.7699212342921926,0
-0.2882612079225868,1.1102302771775914,0
0.1537419423559117,-1.4548984948832884,0
-0.5821818562301102,1.0489955690654935,0
0.9747647667360952,-1.0746506218580425,0
-0.8406147413120879,-0.42904855664427,0
0.8985015418610296,-0.0951861453705567,0
-1.428387531088361,0.7221336032034903,0
-0.464710083203373,1.8546049818399013,0
2.9369462712624728,-1.809328893987573,-1
-0.6744207958807187,-1.349453661683312,0
-0.8068261756810974,0.2026835013262685,0
-0.2145431672639343,-0.1269114724470918,0
-1.1624251033054616,0.1598294733679267,0
-0.955862082612402,2.074192847268114,0
0.8341921847985485,-0.652424713466935,0
0.2918669341517352,-0.6442390340136614,0
-0.5400256277865773,-0.7008773976861652,0
-0.169896744467957,0.5561149123665275,0
-0.2688447474498996,-1.128411581200905,0
0.2773280132204609,-1.856536663343717,0
-0.0619710382306494,0.385935072560552,0
-0.7699005699164874,-0.3182055208347168,0
-0.2482193131703542,-0.6690899317551143,0
-0.7539873717511617,0.2189842040546941,0
0.7923647051709366,0.5258462123135981,0
0.1465697363754221,0.1757963831631599,0
-0.0794742933579867,-0.1396491935778567,0
0.8352092050958764,0.2938372324645084,0
-0.5522763718387365,1.4191795860670784,0
0.9987580505466948,0.8150421877335667,0
-0.5424654256219638,-0.3089193641700793,0
-0.2248734630277975,-0.287349863632117,0
-0.6809373563391321,-0.2084874479323794,0
-0.9719430539532778,-2.121260181925265,0
-0.3053232147257245,1.3143140416037808,0
-0.8770945113342881,1.342494398483868,0
0.5528722886082617,0.5822483606289994,0
0.8878535742594174,-0.6751465966030972,0
1.1698708369838229,-0.5617003518645621,0
-0.8389915888110633,-0.9694359223936796,0
-0.0893821544703649,-1.3946749863657195,0
-0.0238302287306076,1.386707585410267,0
-1.6608222231042846,-1.33204976511274,0
0.2749278246559636,1.3625528015567,0
0.3265604401194712,-1.5242691716668837,0
0.1987678002168708,0.4925331793248945,0
0.0287861018918126,-1.0688829924528698,0
0.7895815928500287,-0.689771685229671,0
0.1077773194081237,1.510396522334799,0
-1.3738367358714343,-0.5101162922441501,0
1.1422222062586087,1.0640602606956149,0
-0.6753610177015312,-1.8080289644337184,0
-0.6452552881628854,-0.4721083184302098,0
-0.6526732145542069,1.041573270954815,0
-0.311255112177892,-0.8183693356696579,0
-0.7137362666146391,-0.5964400286403825,0
0.107391944146571,0.4334431510381472,0
-0.1700203209544074,0.2459689418494441,0
2.751699432007422,-0.2362372808824999,1
-0.1433877475441341,0.7135995939270598,0
1.9334024143234303,0.4431394319948336,3
-0.7705730527656267,-0.1974253409034665,0
0.6452993592416832,-1.5904977427977858,0
-0.9130210713788915,-1.328118205630098,0
1.8397496623717813,-0.618930472070738,4
-1.2078856457267588,-0.5409773811991293,0
-0.5799226808745027,-0.1449097772159742,0
-0.3134630018890625,-0.4927352325227977,0
2.38024453205874,-1.872004194962772,9
0.886162848150283,-0.960094557406629,0
0.0622686962305162,0.3159476727551487,0
0.5237218161397114,-0.6522935687901146,0
0.5948732775884001,-0.4457100172685925,0
-0.1443651029587791,-1.061837789550778,0
-0.6815657167030723,-0.2279927878411642,0
2.64048262468359,0.370878530135707,1
-0.8739413428044126,-0.5399530577065238,0
-1.204870625281635,0.6083165859749136,0
-0.5968110485094197,0.0415825197893518,0
0.474040897973555,-2.197959840610183,0
0.2626932145798685,0.4760970284973637,0
1.15947700566667,0.2981699181233094,0
-1.709616606567222,0.4272640119222269,0
-0.1728618320470047,-0.7530124774416576,0
-1.3036579181832946,0.5507981436519955,0
-0.5823040001544915,1.2421282509211535,0
0.855393261235528,0.1913948666495051,0
0.7215529397006464,-1.0755594658938867,0
1.7373029845006878,0.9933605200322912,6
-0.8968966809038159,-0.648411937453599,0
0.4823010567352171,1.2811486421806817,0
1.1354773621118026,-0.2473169033509087,0
0.0844151312699088,0.814670372701266,0
-1.419329824468354,-2.0067993251360834,0
0.2288935719707063,0.8354890715454668,0
-0.4658967788180019,-0.7168243625717605,0
0.2051037381955054,-1.45038034719142,0
-1.2884388018802526,-0.4103282155670564,0
3.01321804182686,-1.6338799532198744,-1
-0.9047758978345268,1.128566375149764,0
-1.0654020503176165,-0.705483453567717,0
-0.6609910187045733,-0.22505798058405,0
-0.2843770279561891,-1.277537852500023,0
-1.2893840806989574,1.1464851374764755,0
0.7799668537257081,0.1584199062835726,0
0.9041436019969744,-0.215916917672218,0
1.0044300013335257,1.5274427465807,0
-0.6281718621942828,2.490428684664132,0
-0.493039946486642,-0.8742664812469708,0
3.091079190174174,0.0225256294239107,1
-0.2952633932419788,-0.2790643699421419,0
-1.1138527795310436,0.292935711633917,0
-0.8797417972598925,0.2849850534193933,0
0.1905897807329191,0.0179379951174532,0
-0.9548700257837625,0.3398388215606289,0
-0.6842752354355917,0.4059891959438058,0
-0.0157341389249638,-0.0993980713963101,0
-1.0087855515290904,-1.077270016523621,0
-0.1012833541084286,1.1566559556332927,0
0.6553235538975657,-0.5090567290714755,0
0.0850253015284251,1.1736650487462512,0
0.504449393916361,-0.2532245636969514,0
-0.9693225038224188,-1.8791749179797743,0
-0.5212099086844063,-0.3156637771584357,0
-0.3200966492739648,-1.1740249927101445,0
1.20987457919915,0.2031500019950781,0
2.300860430777842,-0.1550944341061204,1
0.2438398125204744,0.0986794125654873,0
0.2622155860448208,0.4254076702051661,0
-1.3341462876750487,-0.6876145535988748,0
-0.7294920393715167,0.643575062988714,0
-1.3026494435752882,0.342146672328255,0
-1.2581051224885025,0.2253409852145972,0
0.9417223219948104,0.919502914145106,0
-0.0524693479779984,-0.438868505165132,0
-1.0138906213759111,1.9171668463873068,0
1.0235568285095844,0.3558855769502199,0
1.935649968917284,-0.7116701086984208,10
1.0409923802131182,0.2240385318394918,0
-0.5570112556608962,1.1476470799405405,0
0.0908615868313625,0.9944063506712172,0
-0.78605540040584,-0.5063850348367265,0
0.5702610623018607,0.6279419881822248,0
-0.670881368890612,-0.3270110088810247,0
-0.4428536950796054,-0.9438989253584854,0
0.3382117455474894,-0.3492880088373537,0
3.1009780860495337,1.2793920749760692,-1
-0.7057810602021909,-0.2252655821318156,0
-0.8600138948780298,-0.3578327720980014,0
-0.1317366461357101,-1.4319180815665262,0
-0.5358642001767979,1.6852765831422978,0
-0.2717536281310123,0.3677705112781675,0
3.269953841055436,0.9034221998037486,1
-0.5137418454074147,1.3313200491455133,0
-1.5003870111163529,0.4103312241041203,0
-1.3024747112600945,-0.0480745849854649,0
-0.3361774666272321,-0.6693586954033941,0
1.1599402781315191,-0.7865062380455701,0
0.0731713494799785,1.011080759884817,0
-1.3257764389174524,-0.5701001729484977,0
0.0349207757801023,-0.1165005044513317,0
3.0927355179979195,0.1650728295493024,1
-1.5424837420614157,-0.7057484580429557,0
-0.267144043089375,0.8147284492305539,0
-0.2982653603632795,-0.9641754903316556,0
0.4908814686554643,1.6541211785682215,0
-0.9491889799442192,0.8824947123396621,0
-0.5079594512416646,0.6779672588519918,0
3.203991440841044,0.0534396663079852,1
0.0689281962114853,-0.0152752236345485,0
-1.477723492258632,-0.9132446127733632,0
0.2807465990325614,0.0302213389907776,0
2.743626669088803,0.1067068568671471,1
2.6708597974134407,0.9792038235274008,3
0.2098049771152615,0.6745921512568097,0
-1.0961807322850836,0.6157506385565175,0
-0.7796966106996713,1.2206008585402337,0
-1.151076144733907,-0.430758064731745,0
0.6321823267210889,-0.4478867233593983,0
0.4544930687080806,0.5714633829958783,0
-0.6514159444629358,-0.2440741345508994,0
-0.4312946429250823,1.257346250475499,0
0.1038233798885626,0.5737099200868971,0
-1.0738472649896589,-0.8074058250263878,0
-0.2119804721211819,1.2838385651809945,0
-0.5791018676696272,1.6812595274393831,0
-0.1048792035245731,1.8061567288863432,0
0.1464495743765005,-0.4524503679317214,0
0.4247837914091593,-0.6786279927296199,0
-0.5562485014637215,0.8219823199553765,0
-1.206072226329853,-1.7738201875745416,0
-1.2830664626414408,-0.2890350375998338,0
-0.1244715633144348,-1.9251322043137928,0
0.9181722684338702,-1.0619012978324456,0
-0.6940733323481353,-0.7222278453576234,0
-0.6207852590159167,-0.3596628882424305,0
1.997734548909546,1.1818745663575658,-1
-0.83695775781581,-0.1207244881001969,0
-1.3973729029418582,1.1802195684358685,0
0.2751930379185947,1.811259421758471,0
-1.3928972921857583,0.8155935362627239,0
2.941712478297588,-0.201386404339497,1
0.1718605787272662,2.1144111180062968,0
0.655695796051587,-1.1080026774325618,0
0.9770683984121896,0.7437533350397658,0
-0.1109112263402807,0.3289482274887981,0
3.4617660749081947,0.6788471209601696,12
-1.5032078063944845,-0.7974906688432953,0
-1.1540527288388231,0.4079927164981905,0
-1.4907378737066443,-0.2954596067309831,0
-1.3898271520609724,-0.3782385902951186,0
0.3369967458316518,1.449549294475062,0
1.1393397275369537,0.2230716112743593,0
-0.1268457694671715,0.1135405887057762,0
-0.3021958987919159,0.4443792419904327,0
-0.1981954143539643,-0.6684425518950026,0
-0.5384257223888691,1.113613228494564,0
-0.9910367058066152,-0.266768446419984,0
0.358135305658414,-0.5473551077553782,0
0.1445813806437286,-1.521638391470824,0
-0.5549912313724505,-0.4636650855503381,0
0.3882486976877026,0.1155422178072875,0
-1.6993949818562204,0.0882638617279622,0
-0.3126059382890331,0.8223594151639637,0
-0.1945026500422147,1.6651814178769673,0
0.7176978970021503,0.1494992419326903,0
0.8731957940755968,-1.8445083093514865,0
2.6644132620682788,-0.4122486273157596,1
-1.4638279169085953,-0.7428762253630944,0
-0.234059407756365,-1.877951661839102,0
0.7225861681779384,0.3525925768518973,0
0.988163220699285,-1.286664924280318,0
-0.0821624170969555,-1.2070697840762896,0
-1.0207687606291704,-1.6983563884118362,0
0.1246299860112774,0.5103207969747854,0
-0.8522099696578649,1.3691837781172624,0
0.2229836930793801,-0.8348521117077381,0
-0.7648102014836616,0.1971490254396784,0
-0.0225729586393366,0.1010601799045525,0
2.6628115843445133,-0.3615473629765439,1
-0.2785556480868407,-1.26750397971285,0
0.4725907054616665,-0.1826018416545477,0
-1.029386102123656,-0.0676921672036914,0
0.9554249749242294,1.8195818950052955,0
2.141345398395533,-0.4459353667896374,1
3.04880136716965,0.6408731927079456,1
2.261424118865916,1.4622345484690162,-1
0.0531053992098887,-0.9252535438816776,0
0.1461590578811931,-1.2133024168797326,0
-1.169095130901212,0.1575183854529811,0
-1.0904393057483917,0.1203906181328423,0
-1.7369250717343552,-1.878172060400052,-1
1.6558200043254687,1.166872382522405,-1
0.3248926955535655,1.6927782721190543,0
0.4836064075827984,0.4891432316875613,0
-1.0087820628376614,2.0930320565255016,0
-0.9452012657065608,-0.202162693037932,0
-0.1328359414551423,0.3062760551344116,0
0.9087960067774354,-0.5804271672364146,0
-0.500718918270081,1.868448460358317,0
0.9949171598988028,-0.1450324283018951,0
-1.3449735750100646,-1.3983396499202498,0
0.3446711301968806,-1.8141515495327805,0
0.9675244377841056,1.0553670149587486,0
3.297360036041653,-0.989548466691845,-1
-1.323884998081364,-1.855790141339534,0
0.7471601511438646,0.6113946613202176,0
0.527596431473715,-0.3339424722031355,0
-1.5551231460469623,0.4875519196876291,0
1.079264978053644,-0.4627243905578372,0
-1.1570488057955386,0.9150501661877788,0
-1.6676824378122082,0.5698110604715255,0
2.2089886762833624,-1.1371009574220738,-1
-0.6198950998768744,0.4266498524459232,0
0.4201359740469082,0.2068681592371309,0
0.5671328631693733,-0.3300599499004542,0
-1.340480793091614,1.7585776252901826,0
-0.8446278385661311,-0.8682530528861252,0
1.1545601465863704,-0.0668720802681447,0
-0.1337275331562539,-0.9833153379266848,0
0.0422508267167367,-1.126744635998752,0
0.6081450002089985,-0.985577540237763,0
0.1977041317253017,-0.4440921092464004,0
-0.8006728921396872,-0.3411774168278734,0
0.0224293683150036,-0.1288454651534502,0
0.0587311213501752,-1.359970397693875,0
-0.2542376535151397,-1.7950571988182056,0
-0.1471175712458162,0.5515163970545798,0
-1.3856360378199006,-0.4794521166409767,0
0.1786949408391229,1.2250629489990743,0
0.9868573204883132,0.8299985715360862,0
0.1487133371503182,-1.1253698118106352,0
-0.7125022436266844,0.472790557784042,0
2.3451781047578986,1.0995339916786249,3
-0.559166007617864,-0.0484654776939438,0
-0.376485747572777,-0.1778317896528115,0
0.5171168364430284,0.0400818073679948,0
-0.4505820503657299,0.6339913535576606,0
0.327146060528296,0.5184208286316931,0
0.0802700416557876,-1.2574975266166613,0
2.850795980873204,-1.082014211071055,1
0.2847506012338928,0.6391705033007332,0
-0.1543254782580691,1.36862784674634,0
0.7678751831721686,0.0817074505854713,0
-0.7164346341650865,2.534820707752867,0
2.391844551842321,0.1712482110013656,1
1.9837246219414648,0.3637115250583086,3
1.948898444434566,1.1033403602625476,-1
-0.378017325979391,0.8288536637192324,0
-0.95880173714308,0.9093068709023646,0
-1.5497430145018136,-0.2320822380897964,0
-0.4672860412693509,-1.064140360142118,0
0.4051371451063281,1.1407663936751704,0
2.596760135744753,-1.547179121615055,-1
0.3251992162092429,-0.3849784204417097,0
-0.5795249258884031,0.6121021607385843,0
-0.0766093255626708,-0.4517333086474898,0
0.3163377166816886,1.4640471491739495,0
0.7678478980140329,0.5909414547897722,0
-1.0613129135498507,0.5022533136090548,0
-0.9732352716933276,0.3466445482255927,0
-1.0520873039386,1.2636796742696454,0
-0.7761495954228218,-1.9183826627252432,0
-0.5917901057944691,0.3850771571575418,0
-0.1306417342148938,-0.3705992823469025,0
0.2963738681207903,0.3275449173347318,0
0.420239174482881,-1.6426159394821602,0
0.3420096922206716,-0.6865275707352159,0
0.0785256284290603,1.3039592586844353,0
0.5112096928601465,-0.4557980558359193,0
0.5314178292698075,0.294438812291979,0
-1.2683500740865286,1.7075026544657923,0
0.9063236571866188,1.2923410687085066,0
-1.1036604961075378,-2.203853855032427,0
-0.424253675921686,-0.0104712776471892,0
2.90574453107623,-1.5572521685641372,-1
0.5179811429860041,1.8389072046333923,0
2.9322081825521864,-0.7189481619669084,1
0.0211286048856325,1.1841458477422242,0
3.230010559320966,0.3122724076146089,1
-0.1480585464496133,-1.9028996586956592,0
0.3629098543632565,-1.1049980391752343,0
-0.1831730545067653,0.5749965329331437,0
-0.637838720129733,0.9993342934389432,0
-0.5429526985731139,1.1347940309291076,0
-0.8267868693858547,-0.9161114804831378,0
-1.0894404755564877,1.4061419002004862,0
-0.0743416045177419,-0.4907252376737739,0
0.1892589968369676,0.6657019921681377,0
-0.8054337583736074,0.5677067489264371,0
-1.522593277489504,-0.3750336499625727,0
-0.1497687654105464,-2.5195409510395383,-1
-0.992813874808367,0.4549997029868318,0
-1.1972330907069362,0.5599689724359653,0
-0.2353075827949242,-0.7620489244014877,0
0.3558111621874475,1.1635802473262438,0
0.9059941549877129,-0.1318976433201991,0
0.0350219942906154,-1.1446051702200817,0
-1.668718950961335,-0.7081442170002651,0
0.5820226812931037,0.6050738171749045,0
0.3292435568925332,0.1789195864484744,0
-1.2580030207793107,1.0251730571418742,0
-0.9746564067210228,-0.0124233475430182,0
0.5494231329661902,-0.6450788722272013,0
1.3139588454251756,0.3975536314769251,0
-0.622392203336977,0.66261457432132,0
3.268949200482655,-0.3627811794697885,1
-0.3079255747511598,0.7327394415220894,0
-0.3703960793683649,-0.9131005195072652,0
-1.3113207559906697,0.2870003284447031,0
0.3701276098112062,-0.0960134039352632,0
-1.205983727307875,-0.1135128771085096,0
0.614852710761972,-0.9910624569186708,0
1.209091448951498,-1.6308153072561324,-1
-1.0087456826268135,1.414053384253101,0
2.449421444482544,-0.902831818290873,1
-0.749281075833513,0.3285680467089849,0
2.280302620138392,-1.1687012451759828,-1
-0.9788487439247612,0.6293239839995012,0
-0.0439943224387778,-0.715531275430875,0
0.4616134396807427,1.133697833407322,0
0.657442395223368,-1.1703400573610836,0
-1.2478248894064092,0.7135168143375694,0
0.0193807029674762,0.5753005599941983,0
-0.7237694765395251,-0.2964199014253835,0
-0.0040165626352114,1.2297357503096136,0
0.5342618716512552,-0.8526172866907442,0
-0.9708849918229918,2.155411847763252,0
0.4715256044080284,-1.6225057825985856,0
0.2000699962083111,-0.317179481198037,0
0.0585649347243032,0.1851642768750289,0
0.1971711794909976,-1.4721542121298283,0
0.5714455719714358,0.7002519272213122,0
-1.3376543914521997,-0.3736472228796243,0
-0.061144618664491,-1.1279423639013133,0
-0.437612465002193,-0.6276324127713075,0
0.5009393082137501,0.8821221999728404,0
2.149752930110352,-0.3362169907351134,1
-1.348405559489785,0.8958764246071264,0
0.2998228939471678,1.722776165494737,0
-0.6650867248160091,-1.1324012172128353,0
-1.2109525011797102,0.5026579800847195,0
-0.9671170155844044,-0.2266755181566141,0
0.184164590349322,-1.695296541832096,0
-0.1689501629028769,-0.3295157730004567,0
-1.2925004494702883,1.193199851374987,0
-0.5692201429566185,-0.583417334392035,0
-1.6821328597215046,1.0178207416075018,0
-0.0241728640370449,-1.713430446276177,0
0.5749746011624552,1.2212565804151518,0
0.361547197890959,-0.4689859403228037,0
-0.2339281687792717,-2.2408290117628624,0
2.9511772389760003,0.9774467755305042,1
-0.3920824468310349,-1.13458613747506,0
0.6651410638782002,-0.2608628291029081,0
0.631388329094667,-0.2469154740225632,0
0.480175442046151,-1.07767333730484,0
-1.1120131737027827,1.2001750717007726,0
-1.1618331231523693,0.8583134855491126,0
-1.2880391947843872,-0.3067916952592343,0
-0.9027668207085592,0.3404742953737225,0
-0.7818440399299845,1.7199355233575944,0
-0.2057522422130219,1.8811397078546253,0
-1.4058461561550215,-0.4083095518183337,0
-0.4502786047824851,-0.2497561161597061,0
-0.1071437196813754,0.4832354197654251,0
0.4119011983016308,-1.7483784219342835,0
0.2038042775125094,0.5337936333808023,0
-1.0600920236694276,-0.1044154196242589,0
-0.16155834873901,-0.4948766752008284,0
-0.5398889979763034,0.0734514196154472,0
-0.6404827213835027,-0.208371816899525,0
-1.284146469128668,-1.5396464076816647,0
1.0822286330706228,0.3431243468776049,0
-0.0236349048368338,-1.3211365110096738,0
0.5810888990002673,0.0140089991803153,0
2.394802396478423,0.9966448512309146,3
-0.9326372276354602,-1.3798710615768106,0
-0.2474921858010429,1.6800647335319543,0
-0.890294152712275,2.0169666775353257,0
-0.859754701595678,-0.933390706671528,0
1.8321571334809603,1.117068359324202,-1
0.2895373200638798,-1.2822263190306211,0
0.4480230822400081,-1.7856099142402588,0
1.7729836201148652,0.2264609971617177,2
-0.951172828041411,-1.5056706327649765,0
-0.2743806678218332,1.637795250753872,0
-0.8426361981626026,0.6789849564738655,0
0.206242353053824,0.6274070022076479,0
1.3462405920986455,1.3960882761353202,-1
0.9553306655213744,0.1788224873333702,0
-0.7465298360889511,1.5324340460540005,0
-0.302104948264796,-1.2530674386905698,0
-0.7890210373482783,-0.4908543393216276,0
0.4805777046667523,-1.011391969820936,0
-0.3656512172948146,1.016624056247199,0
-0.4046438794093849,1.3854875664169142,0
-1.003227952360304,-1.0126641115654758,0
-0.0300506663324308,-0.051520893008012,0
-0.0588515146031775,0.3569276086918518,0
-0.3713693967281903,-0.8428939152592647,0
-0.0208186969769127,-0.6343005204648122,0
-0.0197086700231052,1.2815381654620084,0
-0.6022048625254905,0.4099754432323231,0
-0.5364965985955578,-0.1798727444923255,0
1.1145668021701307,-0.3302844345193376,0
-0.7943594478813844,2.066627801585783,0
0.4141788475659647,1.2504422068443724,0
-0.1686264710848483,1.114270841822356,0
-0.2113891155353804,-0.1814221909414567,0
-1.0007022609956902,-1.0866801699686257,0
-1.5133391597574504,-0.6633750987029439,0
-0.6638754793516886,-0.2446671970547643,0
-0.9660078718292756,-0.1387735699258204,0
3.1860015919416407,-0.5209933053583257,1
1.348790833312951,-0.3616231065214208,0
-0.9131313849421164,-0.1302688717932478,0
0.5051635179938347,0.2521267666285745,0
-0.7568146565892545,0.523272314528474,0
-0.4887487124618384,0.6457314972849891,0
3.4008894557084184,-0.1767667686637529,5
-0.4977268793681852,-0.4842529770571098,0
-0.0919460781555924,0.0117951619565673,0
-0.1222447301148555,-0.5944148905970211,0
-0.040546049995385,-1.3161407802707017,0
-0.6055785224374217,-1.0008478141193886,0
-0.1999375058912436,-1.2968357424371355,0
-0.5400820502126149,0.9710660283691726,0
-1.552146012578656,-1.6758569468655906,0
-0.11657210014894,-1.374576432376977,0
-0.3668702550654719,0.9698173718337768,0
-0.6035317623542308,-1.7967358984912836,0
-1.3374900569360937,-1.265306479801792,0
-0.8130875011282703,0.1341642656510447,0
-1.3759687103047684,-1.5247322836122803,0
-0.8330955222063532,0.517568041828876,0
0.3690594336851353,-0.3419081220359035,0
-0.3253910171055801,0.0314551554840225,0
2.2564063810390915,-0.243173327046376,1
-0.1907963572471513,-0.3500727045167382,0
0.5733669034584102,0.2476932899790702,0
-0.2217888870491043,0.8658999971443265,0
0.0903846374753993,-0.5488451082480692,0
-0.24216143775858,-0.204394086934613,0
-0.8797055468647386,-0.2260896035492027,0
-0.9492070402339494,1.0540800331720577,0
-0.0792417060546865,-1.6985352245741716,0
0.5143623120266314,-1.0135874267030272,0
1.0976842449160906,-0.1633400403081183,0
0.501740344763524,-2.1556171381084743,0
2.0527921099294217,-1.1623953926489143,-1
0.3987860178908021,-1.259242820142633,0
-0.56929681161744,-1.2390079928768765,0
-1.3534569422190128,1.0439085414134257,0
-0.9027076629740772,-0.1570078106323244,0
0.1419946794348668,-0.2966648094148909,0
-0.4832861018749913,0.5621400951982982,0
-0.7270488270486014,-0.0664837511051702,0
-0.0098919134254554,-0.4661086875692559,0
1.832801498005271,-1.7020350422757886,-1
-1.1365989870298654,-0.0633436647487379,0
-0.8204111923206371,-0.1997975909189261,0
-0.510460592756587,-0.93171200699845,0
2.179129420538533,-0.3601675617643275,1
-0.360089160523512,1.770119878911704,0
-0.6337730344848777,1.2414502142227382,0
0.2580790421200211,-0.4918468118575771,0
0.1816538842020056,-0.5988565814179445,0
-0.2968664534958281,-2.1112622461526827,0
0.8369244810547021,-1.1049101309855511,0
1.1194993256468118,-0.4353806347439706,0
-0.1076630692284658,-1.4053019216567575,0
1.7876692348202126,-0.438069379617478,4
-1.2842322328422011,-2.0254923980984056,0
-0.2595851591009576,0.9321696101573056,0
-1.7443486786908595,-0.5128465835247248,0
0.6155299052652072,1.5179256310025402,0
-1.25677577115462,-0.9257016642088304,0
3.5029828349139,0.4662396044579353,-1
1.0998993775702073,-0.0052433938763423,0
-1.462622481825152,0.1644056975890831,0
1.0893548144241618,0.885810894494942,0
0.1025354657634206,-0.969614758556015,0
-0.0808335353427555,0.1782621246967759,0
-0.1786098279273665,0.0427410735300039,0
-0.0963658158490448,0.0291358533976579,0
0.4243855668433774,1.1007346275123149,0
1.2267725912501697,-1.477745048401632,0
-0.5395376014524425,-0.1487500397855202,0
0.3974494736459591,-1.9715514084748555,0
-0.3801374700515684,0.8189543243322926,0
0.7040915354010456,0.0688002357938849,0
-1.4399738684010202,-0.9698775684261934,0
0.5958103445530718,-0.004841964547997,0
-1.515901984715897,-1.9062211210272253,0
-0.7172471057002345,-1.4569340179704229,0
2.37920241254833,0.1900872686826598,1
-0.5314042482372721,-0.4858976311684714,0
2.7777777082218265,-0.4748866455819232,1
-1.3076391428609917,0.1233455456083939,0
0.3583010227046039,0.4438847758722108,0
-1.1215442052429296,-0.1328107670456222,0
0.2393999027961382,1.2768888730933197,0
0.026787422564932,0.2206470869316195,0
0.5363478214576384,2.335380130341171,7
0.0234319527584248,-1.5296655065562927,0
-0.558778230883155,-0.9496456093673122,0
-0.4242744715198603,-1.0133472768640843,0
2.4562123874602,1.723566773718786,-1
-1.543382242870185,0.6735242223366227,0
3.695667716979362,-0.1250954981881784,5
-0.4846427383670095,2.2224167488260265,0
2.321240144646556,0.1872139266782463,1
-0.6322201111166987,-0.0870173252556951,0
3.323151754031861,-1.35512236548665,-1
-0.7192762250413921,0.3241228155885557,0
-0.2259507342065803,-0.3634999136646571,0
-1.653460848954695,-1.0058839131386226,0
0.5441224053903075,1.9046072640843563,0
1.3740770882465851,1.0560057259191615,-1
-0.8644564100951163,-0.5219886469232644,0
-1.011233691034204,1.480273438060397,0
2.142481277945407,0.4573906625601396,3
0.8277691803600054,0.1334601549560906,0
-0.9823309951058457,-0.0692213418582919,0
-0.9654348351645918,-1.0966409746082662,0
-1.111979528800379,-0.6532649206209191,0
-0.991547509664384,-1.000392370586983,0
-1.120323864725897,0.5851785850443484,0
-0.8138529108501809,0.4970841784601267,0
-0.7490146396082151,0.2367408617140946,0
0.6964280184145861,1.2975645212136817,0
-1.361166008672932,-0.3670066864531973,0
0.4015645427935001,-0.5646108250019181,0
0.3018539154300767,-2.091376573887992,0
-0.6300849317952383,-0.4343145720347671,0
-0.8293267128010727,1.3430379017820504,0
-0.1273596483973731,0.573925887382175,0
-1.0964309102984318,-0.190152567811265,0
-0.0803690399152394,-1.4469478366687647,0
0.6132067807373134,-0.6321716574356148,0
-1.812877737898924,-1.130820288747492,0
-0.041575789781248,0.4260092500326366,0
0.5494881010815493,-1.1621088810273552,0
-0.8916828658002334,0.3449925946416841,0
-0.369561114112885,-1.2720645387139469,0
-0.6722711807053515,0.6503310788719022,0
-1.453967587189137,-1.3061505129111102,0
-0.2520089682057948,-1.1178153027481708,0
-0.2998462424888707,0.0894017732244552,0
2.726225515670657,0.3809546626560153,1
0.1715472847083248,1.1720625027919316,0
0.8032516198201167,-1.7972853555675672,0
-0.3465784110716374,-0.4611231902979636,0
-0.0452679305257069,0.2561300485643032,0
0.2087711992745788,0.5710981938343097,0
0.4135946597192092,-0.2889691410814612,0
-1.131274179183973,-1.7603505671173938,0
-0.5945251373590669,-0.3368987453731329,0
-1.4797143792791758,-0.4646418691335221,0
0.5303508761064035,-0.4919897110053225,0
-0.7224561293660129,1.3911461906599645,0
-0.6902324417002436,0.2378467706778382,0
3.6474931481910433,0.4988102015003898,14
-1.376678042944438,1.811401126787864,0
-1.3821284834061405,0.5312386379630569,0
-0.8475354165008685,1.2991117072694949,0
0.5929331268489029,0.4592795685599248,0
-1.201552159253266,0.8738630834315901,0
0.7489750031028395,-0.1181694926824515,0
-1.338453525860222,0.6309962093779405,0
0.891726337483655,0.2966799176306182,0
-0.5091499011078108,0.7931092379108161,0
-1.153236707071752,-1.6073227195721225,0
-0.4834907248410712,0.1192300213632234,0
0.0120802588784258,-2.113539288505912,0
-0.0612206637580216,0.3802117459174818,0
3.501653483580017,1.617282253881363,-1
-1.3481911622919087,-0.3235202702529881,0
-0.2351320173130376,2.055287044157833,0
-0.4775772215139218,-0.7290961035502533,0
-1.1257262244312891,-0.2013419087678643,0
-1.2626983695344816,0.0923691287727467,0
-0.3820516884112907,1.9231477264569756,0
2.7240786358037345,-0.4443687578499079,1
-1.2262937614071334,1.656917021159431,0
1.703853485700997,-0.920252052174135,-1
-1.1547628148614772,1.7482853738985031,0
-1.5920956540573934,-0.9228007509373392,0
-0.7988345890578016,-0.1051207244375655,0
-0.2614261974912874,-0.4783484022822931,0
1.0956966425673815,0.1350659380577295,0
-0.7467685175764309,-1.421347331351903,0
0.5040081455921612,-0.9828925942615496,0
1.1157863893041784,-1.608135835429199,0
0.5068269589448327,1.046308731636407,0
0.106964298509585,-1.156700118065206,0
0.1197839054272141,-0.3912991130109295,0
0.1584886565392276,-0.1786493367755599,0
0.3124382176627052,-0.3232034461787492,0
-0.6647103147914744,-0.0536071931518875,0
0.6200932616603,0.8177661562955961,0
0.2912093067041992,0.6668690632323955,0
-0.8677326057480517,-0.27434524657324,0
0.4751617422741463,-0.9374372250943936,0
-0.0199991865184125,0.5206861165139973,0
-0.2217583970028419,-1.0052472452071766,0
0.9043737377951327,1.5829510424785014,0
0.1402344775758721,0.6261478090523857,0
0.2752090420789648,-1.0273493197503043,0
-0.5514064589344779,-0.1220417577847471,0
-1.012951702301474,1.704559481461166,0
0.2187980494551972,1.6152840547367011,0
-0.0015416873353523,-0.5123836231554212,0
-1.2492427397622694,0.2042521532949648,0
0.2495481435181534,0.1321012991402198,0
-1.1021437489306125,0.4671561160846568,0
0.0808321311579936,-1.3921448455842704,0
-0.7132100079598905,-1.376766760658875,0
0.7433602281250308,-0.5066727245850909,0
-1.0998519476156745,1.2808434210012742,0
-0.5612940738120723,0.9504665339675692,0
2.935646810579477,0.1748450865846496,1
2.406225967581439,-1.6053754490602954,-1
-0.3076994770078209,0.6859634139469702,0
0.7870124081473144,-0.5884117194365613,0
-0.9547913751974813,0.1740500470949291,0
-0.7491893719234086,0.6269621190278146,0
-0.6642763094102208,0.1923300878340747,0
0.3032257411589863,0.5912695128183985,0
-1.7160390616423744,-0.1115092049780314,0
-1.094830455537333,0.2996799730461801,0
-1.3635045879978056,-1.0031533187058614,0
-0.5412554829040185,-0.0923680116885562,0
0.7687400390785348,0.5558747625275846,0
2.1849262505581897,1.333561635276437,-1
-0.989078240725808,0.5975349970652053,0
0.9024769561578498,0.3518143554671517,0
-0.711753171900432,-0.2041154365355759,0
0.5028125589444143,-0.0640784322819958,0
-0.2100447789842007,-0.3100409383538822,0
-1.1432338573774343,-0.2040996197394233,0
0.6707864086859799,-0.5317903666785627,0
-1.6490378265894077,-1.1734213698537068,0
0.2887518681267795,0.0736583475613979,0
-0.1492430561191884,-1.9752095977347464,0
-1.027598535322817,-0.2880223170020597,0
-1.61311850948775,1.013460484681623,0
3.1258431348741578,0.9743881230691164,1
0.6787208195002533,-1.163491919386891,0
-0.8355562454556081,0.0745540914318715,0
-1.7508497843522934,-0.8858310259592835,0
-0.7498730559866054,-0.3699159654722007,0
0.2428799680321688,-0.523685206421462,0
-1.3260953392976769,1.82759795295436,0
0.1877422496600425,-2.005307978948946,0
0.4143632242972607,-0.6341818038607318,0
2.523893348305253,1.024605178490496,3
-0.3236026969217563,1.806965758685486,0
-0.8634895822952525,0.9199147522499306,0
0.2969428667306544,-2.475966475073552,-1
0.981449150402044,0.0630259805179803,0
0.2338831914727015,-0.1574262746078811,0
0.074514383284783,0.2112793447958438,0
-0.4984046232348109,-1.6685829796550369,0
-0.455770482452928,1.1644487230818263,0
0.6480175034472325,0.1421501635456372,0
-1.0457513659599655,-0.6792338522466691,0
0.4632162161312894,-1.566319601578462,0
0.2482524370866746,-0.5702960437580442,0
-0.0409507140891427,0.5957113552154149,0
2.059312159079264,0.866940466649276,3
-0.2388911823022156,-0.2645855691867262,0
-0.9801808305670878,0.605905313373638,0
0.6454963197171204,-0.4745643485218677,0
-1.072998617263257,-0.8151286098986154,0
0.4070040360927247,1.538771749537725,0
-0.1002822022270768,-0.7474427381422927,0
-1.0366433926385947,-0.4154053802010732,0
0.4095284247109633,0.793573023458028,0
-0.9542995946118292,-1.9603939184749124,0
0.0826191485954422,-0.2878169100593544,0
0.6036714455822588,2.046071912611761,0
1.1852705757666435,-0.7208793983182319,0
0.2409709364860329,-1.602784475394523,0
-0.0083837119378516,1.049987866292644,0
-0.4169312874756945,-0.3476920887537663,0
-0.6583750559919243,-0.503958619041113,0
0.422840231761941,-1.7322240070770163,0
-0.0806120250176269,-0.3894998052808975,0
2.438650653777465,0.2029025129593351,1
0.968881154059832,0.6068068342042293,0
0.0840986823948264,-0.1453854925429106,0
-1.8448740250749789,0.6468857713360627,-1
0.1230808966783239,0.3639334858559409,0
-1.0925757878162272,-0.2034948027646334,0
-0.6875350930928689,0.9676186778043664,0
0.2950579896584278,0.7860163435232094,0
-0.1034381060653966,-0.0394566020011914,0
0.6427372876662216,-0.837503012122235,0
-0.1696693439782429,1.180521552467956,0
-0.7330352206131406,2.307703733656913,0
0.5699141233805156,1.5390333652895514,0
-0.6904475922811044,-0.5385972874618792,0
0.3553185484351024,0.0904669870230444,0
-1.831591355291903,-0.7162018373479443,0
-0.0230895728779827,-0.6130158414683394,0
-0.040921576821241,-0.566998066635622,0
-0.8794200873673236,2.550151101192747,-1
-0.293779821387775,1.7090110353001409,0
-0.6544001910584948,1.2676999671198794,0
-0.8886515073594512,1.8082726433262637,0
-0.3393670153679554,1.8920674330593987,0
2.3461805593856258,-0.1333820344204128,1
-0.4340535451602871,0.726503571571327,0
-1.1405293956428075,1.1773070522695457,0
-0.9683600538413626,0.0855550363602704,0
-0.6089945027567718,-1.5452404811007878,0
-0.6411493140680565,1.1045769331108275,0
-0.1320646415686464,1.1355247124044316,0
-1.2928709192982522,-0.073046090783872,0
0.2520801946270348,-1.286120747380321,0
-0.3757157504326562,-0.0197658000593392,0
-1.1175644131273017,-0.2086368213747636,0
0.2268513195220172,0.9406465854467072,0
3.028891409745939,-0.0215349469127847,1
-0.0729894756602256,-1.4602713208308475,0
-0.4260073882207193,-0.5997686626011084,0
-0.3502787636701298,1.3666790139978304,0
-0.8322767651308377,-0.3232860741921465,0
-1.141771210937099,0.9490038015897688,0
-1.0971522773188516,-1.1792346477154272,0
0.3231655892335837,2.0868089835879235,0
-0.1272206171139429,-0.6298787982862329,0
3.558902176767709,-0.2098538197630338,5
-0.901289812618217,0.3522568504102799,0
-1.403053948781401,0.6375636776568351,0
0.1588641833650838,-0.9277920504106396,0
0.1561046019507944,0.0339273713122772,0
-0.4463929180501181,1.3541572601623433,0
0.4855583088997439,-0.6228461750329746,0
0.2971178828491503,1.6660275788090526,0
2.834762071345565,-0.9227926017320632,1
0.9260925271975396,0.4915304733212652,0
-0.0349500144863907,0.7365098730914224,0
2.950752328647459,0.5617648264764414,1
-0.3915698706472083,-2.2661541038280064,0
-1.1177918136170155,-0.8330434614761922,0
-0.3230096180418829,-0.1438663997798965,0
-0.3670495747988756,0.8390527267449425,0
-0.7140663181769352,-0.6960206553458042,0
-1.4412448209632132,-0.0354713972549331,0
-0.5375003559696601,0.3818606139301643,0
-1.5985368486013602,0.2025734536218868,0
-0.5884990047079447,-0.0518588140546899,0
1.0363445628508672,1.1095346838062428,0
-1.075946613463662,0.1855708348035672,0
-0.3205534822108383,-0.2218383517854466,0
0.6442046513404613,0.6686822963057066,0
-0.431228242247654,1.243594894048088,0
0.4712404287139161,0.1334688238557896,0
0.4913381717766436,0.8698385529473291,0
0.5465211613927357,-1.817760853188804,0
0.3510690354223416,0.4083169916210697,0
-0.851649312717728,0.7312578067769104,0
2.3065206810192107,-0.6153145425439823,1
-1.0336836958927271,-0.2434841576182604,0
-1.296912524673098,0.5375172223752347,0
0.9067297538424456,-0.116232414404867,0
-0.1988847845621524,0.4630096318489959,0
-0.6867918317474936,0.310260586278855,0
-0.4759813541710332,-0.7602494650953623,0
0.6677916344756398,0.6464497506875734,0
-0.3681197328504061,1.4145374415948433,0
0.8772147017105167,-1.4248517159037382,0
0.5058763393249331,0.0862954292775527,0
2.6296715455285384,0.1420435306286728,1
0.9147544360047544,-0.9528185471671085,0
-0.5133858114333578,0.2504840039700865,0
-1.1182323085582309,0.433129260959041,0
0.4529361870687905,1.2660034076216815,0
-1.3309044903075016,-1.0776587146270398,0
-0.9206908182939246,1.0769480526032849,0
-0.722533681225513,-1.092381205520904,0
-1.3295075653655095,-1.4033660374975256,0
0.3771407422930758,0.4700611574696332,0
-1.5044845693375544,0.1564634051220717,0
0.2664196237940217,0.956281005947642,0
-0.6158071860717755,2.1749204248193563,0
-0.1829001787534915,0.350679832694071,0
-0.2568166124496502,-0.0313904643299067,0
-1.2157615779856348,1.0858041661302402,0
-0.30358646398964,-0.5741194232564724,0
-0.2102324403873317,1.7247798376252157,0
2.6606763252393444,-1.2259665890706806,-1
0.2499621066842172,1.371003333909119,0
-1.4169591685475404,1.9615980436379503,-1
2.4081917553889007,0.9543752168767392,3
0.0567578750716648,0.0738010951330499,0
-0.6012750385037653,0.3671127463742825,0
2.287434142293125,1.8908119578437403,-1
-0.6749476038988579,0.7555311556584646,0
-0.2660738850378445,0.239243734380653,0
-1.7478886550443569,-0.210631151003728,0
-1.084701837482811,-1.0088969171434623,0
0.5035026825355869,0.8003101369738375,0
-0.3978122526059727,-0.6783219226395985,0
0.5047399104116682,0.5076274852510598,0
-1.6946399260031768,-0.8010724012322415,0
0.1426339869612849,-1.1003795552209428,0
-1.7655730820148636,-0.2135046445842346,0
-0.0779414122049975,-0.475151979273353,0
-0.5356310635101071,-1.1982675331773012,0
0.8431709010682857,-0.8470983244481203,0
2.693739146031107,-1.0604900558374546,1
2.8344864602838475,-1.8729372215422817,-1
0.0267413237340814,-1.094374341031516,0
-0.1386672995758813,-1.3619498872806883,0
-1.118931447418407,0.9502018326445172,0
-0.4630610781062816,0.3017049595134482,0
-1.105392659425412,0.2055655122303807,0
-0.2949624789475843,0.9832256786143172,0
-0.1018031232032157,0.4248726842305892,0
0.1715186968038136,1.010113839319685,0
-0.184318708288436,1.3339772722785557,0
-0.8197627897415072,-1.1732570047930782,0
-0.7298943019921181,0.5772936955048101,0
2.866434950506895,0.3879300345578941,1
3.1617303753798747,-0.1709807589169233,1
-0.8979597258280941,0.5787075422787428,0
0.0160946588788441,-1.0031521245875088,0
2.29004935162279,-0.3839294336131547,1
0.1245583743483483,-2.1606585173039945,0
2.16197453689461,-1.29356455263732,-1
0.0611277596827495,1.4280102991993102,0
-1.37509475934569,-1.2203096397382676,0
0.6622698661543106,1.227523258780311,0
-0.2146341177910541,1.5705352082339108,0
-0.7794920619374914,-1.8248919212516124,0
0.3658957375404788,1.2070053498498456,0
-1.2230170163908076,0.0846155354861222,0
2.4612923580939388,1.7374833203847335,-1
-0.0133728618601646,-0.4934713457505013,0
-0.2578997737930183,-1.2997090844415489,0
-0.0797484718576359,-0.5865151610153319,0
-0.59049179387024,2.429839835408901,0
-1.2704905942091838,-0.4620267541575218,0
2.444920320894365,-1.8941636724333732,9
-0.5405349990822771,-0.9312226694804212,0
0.5426570236415276,-0.4229574772941266,0
-1.2341854322662915,0.2654339134779672,0
-1.393507462444275,0.4565988602177386,0
0.747283727630315,0.9215406318373008,0
-1.6904839690102862,-0.76384106050236,0
-0.9936119104896084,-1.1896730354021716,0
0.5426142039027038,0.3885107102224563,0
-0.1972479495902057,0.2738635004340403,0
-0.0518669700258189,0.7610535066245013,0
0.2521069304217803,-0.4706966662613374,0
0.472958439981186,-0.0908172195449791,0
-0.2386454618913837,-0.1475722805253027,0
-0.2820806392230406,0.0571353548191487,0
-0.6553962859419543,1.156410005101526,0
3.134425398904171,0.6938852418099204,1
-1.3998998970528471,0.5830529591624702,0
-0.2395550396783251,2.222824500872917,0
-0.3101283276807297,0.2547013617482195,0
0.0034252344267171,-0.4750790627019139,0
-0.4094821676871114,-0.3570596793134486,0
0.18067597942397,-1.0496358795724985,0
3.5864508917287856,-0.1363270988779128,5
1.0964626016526828,-1.5525120600746367,0
0.3206150642159757,-0.6876949449516603,0
-0.5138667246402404,0.3499914109518823,0
0.4622241593026495,0.1680344241290231,0
0.2419801644770238,0.1844048062815686,0
-0.7772210562207275,-2.0140806155518898,0
-0.6338055806605,0.4455740358978614,0
2.317244014535269,-0.0509461005031481,1
-0.8923534965396068,-0.1877026430738018,0
-0.1180509603490479,-0.7328835697667977,0
1.05641611948224,-0.2941777535444851,0
3.158171659557563,1.7953820950635582,-1
-0.4831034974697527,0.5427079750131392,0
-1.256161562841284,1.2789369995619932,0
-1.4008759497211172,-0.5212017566388198,0
-0.1595660291563971,-0.4402007664679268,0
0.369582407668049,-0.9720380887804024,0
-0.0553751535866783,-0.136695635529457,0
1.2838616615758511,0.2165464027286,0
-1.4677525151406607,0.4782265888610821,0
0.3048208551188903,-1.4357246017265426,0
-0.7508718861785093,-1.6556672475398446,0
3.081045430885897,1.647203841962194,-1
-1.5266407730289353,-0.956638906882568,0
-1.0683682366234453,0.634705327270666,0
-0.64455750208107,-0.2807430696152196,0
3.096486057514068,0.1183155527654687,1
-0.3388244187175486,1.425726782551442,0
-0.595715457409519,-0.3896607816181133,0
3.2362074660161704,-0.4268364332332977,1
0.3147864414036812,-1.1814595673174697,0
-1.193894662247086,-1.379165756763504,0
-0.2651700434278801,1.3767977094034607,0
-1.0387006803365666,0.0469487198661789,0
-0.3555380540372722,1.2219978222430483,0
0.8290967593678302,0.8476093960526084,0
-0.1990889879805356,-1.1366545120055582,0
2.601042824080235,-1.1820945603382789,-1
-1.271721881888694,-0.3567960205326558,0
0.1572449891351705,0.2465228301913997,0
0.2241182698828792,-0.6027087500345087,0
2.241540693217356,-1.7052483483558467,-1
0.1010207747158553,-0.9736013089967192,0
1.7784580610628686,1.1475862470562173,-1
-0.8696877917368321,0.9878409254212894,0
-0.700477597317864,-1.6004903983940826,0
0.2086808481428352,-0.435733698984986,0
-0.2978546020853422,1.636639782584446,0
1.0784352738156506,1.2013498111780214,0
0.1550680888016674,-1.2440279061595136,0
-0.8948413751313036,-0.2893866045703101,0
0.6751866535276331,-0.8808243896600008,0
-1.4191860017471196,0.6308807299211794,0
-1.2475247284949995,-0.0200338901058039,0
2.963021262805042,-1.8977814934130024,-1
-0.5938941715023762,1.0249719298887474,0
0.9987676949627972,-0.6793605656578177,0
-0.3582983888345462,0.1878764909661332,0
-0.6714680082425095,1.491331634340176,0
-0.4381427617117612,-1.692949668478654,0
0.135960754477408,0.2592225950113139,0
-1.2507170125441671,1.366930918307698,0
0.8891533187457157,1.8728947340210051,0
-0.7929800338657319,0.587847714224409,0
0.477055918418679,-1.0486658734361396,0
-1.2470548922662883,0.8715828039310416,0
-0.0398304933558421,-0.3075107975724327,0
0.368655318954768,0.2452859281269289,0
-0.956158489272295,0.1211722282410008,0
0.7556930316711918,-0.8339328826281205,0
0.4042663990353765,-0.5255694883460447,0
0.3346672615594904,0.6436579941542979,0
-0.6517497502767492,2.342916562214165,0
-0.6712459485539902,-0.4010883809607817,0
-0.805483141876293,-0.597117913762705,0
0.4441225642779521,0.2881721339268195,0
-0.0452288150064147,0.7516126963411932,0
0.1757148680427777,-1.1064883428201122,0
-0.3448083607769459,0.4421602761664916,0
0.0317517388342509,-1.0844136879679689,0
0.8042380702874738,-0.1915926401578296,0
-0.426177742717105,-0.7323739604542382,0
-0.0245528984974027,-0.2735571621704428,0
-0.5069633563582052,0.789257220870345,0
0.4187389192892225,0.7004794974114217,0
0.5710323621883565,1.4571906454522447,0
-1.5354518701107311,-1.803821318097544,0
-0.9110216386690262,-0.6218075320147554,0
-0.5760350122166757,0.6376241661555343,0
-0.1378192012128699,-0.0450145868296314,0
0.4687888005173732,-0.4792897946093149,0
-0.3660352898099921,0.6108533526270952,0
0.1861881033291966,-0.1363066342738517,0
1.5861487058232628,0.9897786360672516,-1
-0.9982473481273124,-0.6241183167775144,0
0.4409744527459691,0.1552309343232728,0
0.6063933440393251,1.0921484954846974,0
0.1114237010857203,-2.003216247052691,0
-0.0983379634007742,-1.1864088244219857,0
-0.0821110516688103,-0.8636245543376886,0
-0.522864803946083,0.0450676750889156,0
0.8492431325502587,0.7529630348334583,0
1.1578530997826606,-1.1572834691271128,0
3.5488079569985755,1.2411238311047488,-1
0.7574917496541028,1.4430157201817904,0
-0.8407967963539359,-1.7342745217823952,0
-1.1381245454562,1.9676063433986035,0
3.3396964674172684,-0.7807200506586428,-1
-1.754520999682884,-0.2207382435145266,0
-0.831493165303503,-1.0256953231374288,0
-0.9258819856895668,0.4329441020781602,0
-0.6206623617085507,1.4430451829017417,0
0.1415853036870134,-1.014580941781236,0
0.390823772555002,1.20635082209328,0
0.667406259214087,-0.4305036206090789,0
2.8693460171330614,1.3908673474513964,3
0.8041290594706243,1.6774393613555685,0
0.7930085203318562,-0.9685991039631084,0
-0.4911186149996674,-1.3268251184892128,0
0.6808690021135514,0.3330141687955801,0
0.2795230536274025,0.6741452250480097,0
-0.0246770243472438,0.7409549526357583,0
0.0196144632014579,-0.144498788021764,0
-0.8323331875568754,1.3486573518631912,0
-0.786156748732047,0.6896236462358283,0
-0.626550765822618,-0.7169821017616571,0
0.1162302466027948,-0.4403249148243867,0
-0.9502235111678864,-1.2168399980826698,0
-0.1157363815104755,0.2623003014161736,0
-0.7029355852586743,-0.869043028741796,0
0.4569738341725252,0.0215125796099457,0
-0.7792066024400767,0.9513487834903376,0
-0.3966821834369755,0.2445520095042854,0
0.3135559071071556,0.9196119193072284,0
0.201901605710641,-1.8895116237096492,0
0.0375231358055377,0.4650740956303599,0
0.8722037372469567,-0.1101542836440011,0
-0.1255404186195901,-0.6784648217873439,0
-0.7991301625510012,1.149415882408362,0
-0.8847010565313191,-0.4253428274749571,0
0.0536402035539587,-0.550666858644986,0
-1.134424742221098,1.4644622244260934,0
-0.2490120080504008,0.2030639852582681,0
0.045642676734092,-0.0554107147832405,0
-0.6925728731348827,0.2551755560719106,0
-0.9033125722151067,0.7891076958518676,0
0.2629492029740937,1.2624523320710397,0
-1.0616456206368827,0.4399278397275513,0
-0.2363731534282446,0.3344216928509674,0
-0.962137843913482,-0.3414083757413955,0
0.4441471141276435,-1.3955231903267715,0
-0.5739232840181259,-0.6752939270165145,0
2.17642714474896,0.7575451715992786,3
-1.8553472603613976,-0.3232959372101979,0
-0.9095375174514316,0.0416097879042428,0
-1.2128388850179062,-0.2270407073181827,0
0.2692300212730658,1.6626648992866104,0
0.0228043457774691,0.4466699065347542,0
-0.2585917995259425,-0.131001747873632,0
0.2070890188547662,1.4410636502859615,0
-0.3163747476943136,-0.0031104447892112,0
-0.6836468750716513,0.4254945358525904,0
-1.000140171493484,-1.2213274889362344,0
-0.9031852915091249,-0.207697168924522,0
-0.6607355796737387,1.8859554083129095,0
-0.4956942713355987,0.9049922624330344,0
0.5556877430851981,-0.726756401825971,0
0.8856125890092337,0.1792694135421704,0
-0.7530044099752337,-1.3456251535846908,0
-1.4240580647429435,0.909677491816313,0
0.4091066692385627,0.3955983244337767,0
1.7716560411070406,-0.4876882439348001,4
-0.2676782980700545,-0.8845163213294217,0
0.0544909074097206,2.108633777159166,0
-0.2500022925529833,0.072226120445808,0
2.076927030516202,0.8658580666273823,3
-0.2801747625330456,1.1185273737623984,0
-0.3086183538670684,-0.0943939749098258,0
-1.173386914289406,-0.0378215077556947,0
2.655525026745979,0.6213528611809165,1
-0.6590865745766475,0.3330553859864563,0
0.38600422374609,-2.200343845096567,0
-0.6256065857306944,0.3755207158413792,0
-1.161091164553369,-0.4702272736529465,0
0.3154615797775565,-1.3394949000726382,0
0.5938688410352134,1.6085854417809862,0
0.4974142372938417,0.9950450616316302,0
-0.2539880248651822,0.3355040928728611,0
-0.6413618091241815,0.2908777221471915,0
-0.5581380401580585,0.0745763825226629,0
0.0431814041214466,0.8262334201430395,0
0.0987974302077051,0.8659834503356321,0
-0.660451157362611,-1.8658599511412968,0
-0.2084195703538163,1.816595116573088,0
-0.7138090270363349,0.7615173159044193,0
-0.0841039206148138,0.4063576222526937,0
-1.025180631812386,0.9664598209115276,0
-0.984734542546078,-0.1883379653108022,0
-0.948383905339626,-0.3096006380158143,0
-0.5682044254056657,-0.3083380561371392,0
1.857518550309447,-0.8013936557500378,10
2.9704802310293217,-0.0810529990409533,1
-0.4707343137127437,-0.4635308553022916,0
-0.8724155005747753,1.96131224534246,0
2.8297873572771595,-0.1191698264409227,1
0.3888270751535811,1.674501468527228,0
-0.6344293035742444,-0.4325658897853827,0
-0.7097998380214173,-0.8128261908833687,0
-0.414351625190185,1.2641024179347804,0
-1.0007463036971809,0.2653218227446187,0
-0.7971732042361634,-1.977962180106113,0
-0.1404753781715924,2.38771957449711,0
0.455272710264304,-0.7648733808020337,0
-0.5071057465173704,-1.3451441818141745,0
-0.5853976711858968,0.2586230582128103,0
2.320442108965314,-1.4574588117107572,-1
0.7794211022191604,0.6070533067617178,0
-0.9591144817986308,-1.3576998296352845,0
-0.2539153942591803,-0.8545492363681358,0
0.2126848503441664,0.1732154653249694,0
-0.1257683684726947,0.0217866234345115,0
-1.293152890104238,0.3210152775233007,0
-1.5974608801689527,-0.3924591640221208,0
-0.4364389024950955,0.2678976119826162,0
-0.4793691661335688,0.0140606014149646,0
-0.5934808319036031,0.1001291963540099,0
-0.4703638438847801,0.8027150868565677,0
0.9196753331398732,1.257867438950184,0
0.9333122645709488,0.6791356756106955,0
-0.3529065567439352,0.640863000473703,0
0.4651779658839315,-0.8522129233672663,0
-0.171846244311746,-0.3100291838829572,0
-0.0700652759265274,1.218565311720393,0
-0.9245662370428984,0.1423766911934875,0
-0.2554981284945373,0.8525034448347113,0
-1.1515290936035691,-2.3330467625813385,-1
-0.0082714164491669,-0.9692409004947472,0
-0.5815757240264136,-0.4376537426153594,0
0.2106925307615534,0.1185395565920677,0
0.5675768468020174,1.574069400713435,0
0.5519384265317169,-1.2205329302387986,0
3.221260676103012,1.634631311069966,-1
3.00906864859783,0.305181556255969,1
0.2828510842881652,-1.766427503759907,0
0.4837844245698268,-0.0512747909001521,0
-0.9393403507702236,-0.8534002424933486,0
0.0072979976509549,0.4967474515318015,0
3.644015404644461,-0.8904656948280579,-1
-0.3416530063020166,1.0588322253486744,0
-0.7657646551387867,0.7119905736781015,0
-0.6312141677975425,1.8503687216943896,0
-1.0564349603894412,1.4156251217930231,0
-0.6006479808862002,-0.2845645813934804,0
-0.2430985047232514,-0.6452621396552085,0
-0.6387685441514582,1.0421969902969836,0
0.0616890958019709,-0.7024777727681306,0
0.5365245356982916,1.12377944007691,0
-0.871953061276619,-2.3309211366994607,-1
-1.1497258679861564,-0.7468287302420822,0
0.2982861045550528,0.0447309481605903,0
-0.9870469354395968,1.3155975688788015,0
-0.2751124326413403,0.1472751712412623,0
-0.8942091065282377,1.743666738368118,0
-0.5599691002969978,0.3222504397109912,0
0.9643137596099198,-0.5386776788146646,0
2.1115524135124377,0.4851506877445027,3
-0.320597524912329,1.1301636409277975,0
-1.2828279851735551,-0.6557524985170463,0
-0.9346149815484724,0.744631001720769,0
-0.1016523913743232,0.3936886658471765,0
-1.1216124580301237,0.5344160070285252,0
-0.3397564286843277,-1.0305299259630918,0
-0.3854916191849563,0.3581718102288696,0
-0.2752949072308849,-0.0011967238773833,0
0.51247866349688,-0.5688247940566384,0
-1.3551802942874775,-1.248632070588192,0
-1.147167001298821,-0.1379102227704305,0
0.7453037877722489,0.5469232897623053,0
3.7153579364040015,-0.7601173191097199,-1
0.683821036368776,1.177958711819236,0
-0.507171393811814,0.6644479276130685,0
2.9577855033445184,0.134874634098401,1
1.1468758340017369,0.1590162059347569,0
-0.0611861356569396,0.3547084912918172,0
-0.4026484847543393,0.2461542523064183,0
-0.5506364617943571,0.0360242318087251,0
-0.300546010496146,0.7194159573600065,0
0.2344575308837604,-0.4441110116137791,0
-1.3596922852544249,-0.2050273661426465,0
-1.1608891470800398,-1.3696825351709672,0
0.2428118450606688,-0.0243624476511196,0
-0.1555867864041597,0.8086312645262161,0
0.991950973592974,1.195156352536488,0
-1.078062929080422,0.9775030255730616,0
2.453530623465499,-0.6880598048970379,1
0.6162523710124082,-0.1423084597398659,0
0.230867621664187,0.0179378435413597,0
2.953340252818988,-1.203742560776153,1
0.4132899113895892,-0.0764043390406424,0
0.1946593746169,2.273601918930892,0
0.1747046211087137,0.9673550190235736,0
0.7707680596929112,1.424134099615174,0
-0.0981007144753635,1.2640939006111749,0
2.183627259454876,0.7813610576521662,3
0.406056571328966,0.5964656972086825,0
0.5247219490779905,1.3046403809540772,0
-0.0522230039998758,1.841889551799928,0
-0.8256586523266233,0.6602378693074825,0
-0.7341400607533618,-1.7914276233676512,0
-0.0062621353036051,1.5631658580523269,0
-1.6380330716307536,0.3215437892032389,0
-0.689897203324361,-1.845865273714484,0
-0.3545323147377101,-0.1611149691299827,0
0.3666553368815122,0.8636333398348706,0
-1.3452333176558071,0.501876369976561,0
-1.0584753607283648,0.8673072180475272,0
0.4600902029438559,-0.025202134288566,0
1.0166166604690046,1.7523525093236376,0
0.7250137958881802,1.324388434247309,0
0.643112265128687,-0.2619876404340305,0
0.1807494932286505,-0.4117524711174681,0
-0.2672258985637828,2.342430461843456,0
0.1843466453911701,-0.390070576693971,0
-0.3158212038814291,-1.2926711810120042,0
0.5016870771936274,-0.4659664620233255,0
0.1807657014086148,0.0701376256968723,0
-0.1375410644421096,1.0357788954604732,0
0.2125835020179594,1.3692241463975243,0
2.970591297975532,0.7169384201220282,1
-0.7574053339959715,0.495970970023836,0
0.7695386241231668,0.875889415593304,0
-1.6159360200940465,-0.344558173539786,0
-0.2535766671918688,0.2320407922886647,0
-0.5324640084897154,0.591025083289877,0
0.1596531239936131,0.8866253560464643,0
-0.6062705481703459,0.1678595224485282,0
0.1682048181936551,1.2655532442655624,0
2.4079194289990173,-0.1459661682074726,1
-1.0441261573295813,1.4474022026803008,0
-0.0153826923691171,-1.7012200189742914,0
-1.116661195084628,-1.2348276146555923,0
3.72543286734093,0.7777105368052664,-1
-0.7775444642354538,1.0743480808216224,0
2.225683572134271,0.7307754243458049,3
-0.5207932102098981,2.0976995776597542,0
-0.2089257867933752,1.6039570948086432,0
-1.468250389910492,-1.8999968539712944,0
-0.105785780442982,-0.5058585661857552,0
-0.4071463236706824,-0.8953743671100752,0
0.7038530579331599,0.4355176967110976,0
0.3820250551977529,0.0392269775362107,0
0.8681380516021013,-0.3522702044277961,0
-0.1609669179493082,1.5282654223036414,0
-0.3168717392654664,-0.5533971499255607,0
-0.7283855011091384,-0.6108883241335877,0
0.0670167131602074,2.263379498539425,0
0.5753292025744429,-0.3628581171330181,0
3.483108788121355,1.6612273507612971,-1
-0.5348298729727248,0.4641124552415137,0
0.5226626052506586,-0.9000289396550504,0
-0.2018853691533695,1.660797652009239,0
2.7407813239609804,0.5825802881733227,1
0.0178470684315023,-1.0850374073101374,0
0.2414127341736232,-2.1977745301532083,0
-1.0767548429243965,1.359958935129232,0
0.3688495441217608,0.1867580023535561,0
0.3031132416507076,-0.710000558717326,0
0.2601485797268461,-1.1062383299631182,0
-0.7984739676655345,-0.664970867210438,0
-0.1047727982004737,-1.4052406079801505,0
-0.778683628457163,0.3212188167458386,0
-0.5357251688933679,0.4814718974738897,0
0.4317916628735423,-1.4176636138539007,0
1.6684302710431138,1.1362814266428571,-1
0.2877734139853533,0.9475371347301283,0
-1.266033722921899,0.8374946351288184,0
-0.8492352376627146,1.1839084145340633,0
0.1388151946579428,-0.3863955043629618,0
-0.6459088775556018,2.6846437665416856,0
0.5768257035165844,-0.0193822305561133,0
-1.3259835931723825,1.1330272714902527,0
0.556665098499843,1.0486809816518667,0
-0.24132188508489,-0.0423722037387403,0
2.889458541393492,-0.1708378597691779,1
0.9081261294210468,0.8827183480479314,0
-1.0382665451396191,0.1249819855483364,0
-0.7710746817869755,0.1109225397346432,0
0.216927120413981,-0.6283652888516918,0
1.0212994254800345,-0.3154009672882573,0
-0.4180631289707492,0.5946258696222952,0
0.3249309278741791,0.3603241821999171,0
0.4697901564183191,0.9371103499382156,0
0.0320369943120717,-1.628671821549135,0
-0.3309096305707681,0.6302359136065718,0
-1.243988036813337,-0.1720525573528075,0
-0.2483214148795459,-1.4689220036823918,0
-1.0277733474217188,-1.109517532561549,0
0.2143093055915662,0.3040107672521074,0
0.4125965829102899,0.4211203298507266,0
0.5163422518846975,-0.6389700846280316,0
-0.0770973518968058,-1.0038606665481349,0
-0.2394627864048301,1.1965604878684626,0
0.2428273796413567,-0.3265966309634017,0
-1.5962359522337102,0.846516090470404,0
-1.0228772041558856,-0.5356350605137806,0
0.5199375519374514,0.0361872274422017,0
0.5863650767264584,-0.8519818128776507,0
-0.9083983532297226,0.7947390519800266,0
1.1297677283677483,-0.9519214576021888,0
-0.0877881392372421,-0.7723529302640921,0
0.525266397838163,0.1848243127993843,0
-0.4878734587563851,1.6213368088355498,0
3.640804177106885,-1.1598523032781871,-1
-0.6295657120638419,1.6221267846912204,0
-0.7213887066229268,-0.3587998442392273,0
-0.4204790561355285,0.7954506795118786,0
-0.169774051180185,-0.9616758548124164,0
-0.8127782451641486,-0.7691311068604286,0
-0.8722686769850085,-0.0834197760705962,0
-0.6284604765478385,-0.3035192701076291,0
-1.108483045784982,-0.928136445751956,0
0.3777092713232577,0.2029243232578421,0
2.4146198168253363,-1.8468983073402252,9
-0.3343209734399226,-0.7727913391492868,0
0.710539843072265,-0.4049392038829002,0
-1.6356581120950322,0.2787117491835018,0
0.1344675382071016,-0.234450056839584,0
-0.2799798581869684,-0.4325626526380633,0
2.038378068230973,-1.393364383785339,-1
-1.7638355778957948,-0.1060973564446564,0
-0.1912544929303999,-0.0690687312685884,0
-0.8379960432909945,0.4665121249479576,0
0.4056914423021971,1.8470464104522093,0
0.5026651117873567,-0.1830911791725764,0
-1.2211886915603123,-1.3375198417514969,0
0.5866368537529512,1.5730176575298451,0
2.912150098792333,-0.0078069478511304,1
0.0921494267526044,-0.9506718243127914,0
-1.7312685757445034,0.3481791546325728,0
0.6048960897141992,-1.2471681440920392,0
-0.1528901911797697,-0.4574375813470879,0
-1.4184746129780903,-0.0382292598025855,0
-0.721636199359816,1.3893787576192946,0
-0.4720051864912286,1.6825917887421775,0
-0.5064552878088805,0.3484198249880531,0
0.4772593184220919,-0.0652219944044037,0
2.870020402123952,-0.7630087383036038,1
0.5825340345142633,0.0140396560186191,0
0.2798446095323628,-1.7608080536787665,0
-0.5334873885313108,0.9889691254758246,0
0.934585742842184,-0.1246216330806784,0
0.3383338894718707,-0.5424206906930132,0
-0.3973229235254626,0.5449881029375944,0
-0.6852558755220716,-1.2192514222600388,0
-0.5198069637621352,0.3828934547463758,0
0.6437697627605291,-1.4051917223762829,0
-0.7801826551083464,-0.1529059323109525,0
1.0299097280511678,0.890702900248078,0
-1.277608779236792,1.4748582008036093,0
0.7264639884000686,-0.6909695647083258,0
-0.6433866748824167,-0.5596743649105863,0
-0.9121094374625904,-1.0314915663519382,0
0.2251780301353225,-1.6796314644928574,0
0.3876957032382087,0.0804448687067963,0
-0.8809921582435054,-1.0982316145155673,0
-0.061583810859331,0.809413026210468,0
0.6392299372720552,1.472305071596847,0
0.3433299485018418,-1.6678255520905432,0
-0.8460806365707699,-0.1952603892835857,0
-0.0437810739996682,2.0940086885325924,0
-0.6557681085482788,0.598601883443133,0
-0.0215307649250265,1.5273715698860415,0
0.8530215863716417,0.0840301413952485,0
-0.0320020182859857,-0.2641895716107604,0
-0.6582983873311028,0.1516320394437282,0
-0.2387844931748138,1.0562324051431051,0
-0.8745814037138151,-1.732079064900304,0
-0.092788705901715,1.0437825016040918,0
0.0333633447774215,1.902697605497756,0
-1.070069909895057,1.1729774521819707,0
0.4948228244308842,-0.4097496241648982,0
-0.2653832918669895,-1.4327422545600068,0
-0.9751522253614944,0.2763766303009847,0
-1.0110634663535123,1.7807827512173315,0
-1.3494810583425103,-1.0454655159453592,0
0.6076283859703525,-1.6996535616106552,0
0.0186736920172548,0.7215839945511133,0
2.395615133573659,-0.8684738195654048,1
-0.9371070280106826,-1.0347929321977731,0
0.0592451300960708,-1.9882597116740783,0
-0.9078258659284296,1.161529732620865,0
0.9111962695458328,-0.3111137785099112,0
-0.1398336191400325,-1.773749162455976,0
0.7808400513018017,-1.5329982028422462,0
0.4768642987444367,0.3522273876903286,0
-0.5877608003604616,1.3061717502137378,0
-0.5383984372307332,0.6043792242902636,0
0.3842583779572937,-0.1421657121682137,0
2.4574215767951606,-0.055722626799523,1
-0.6075758990179271,0.9598649329416484,0
-1.064828260269948,0.332489894749669,0
-0.3872532536060203,0.7777057763234032,0
2.749241444066612,0.4952100887697864,1
0.1350405748717853,-1.1923174615220298,0
0.1045362012196611,0.4078785827358752,0
-0.9000467743612585,0.0400262958933951,0
-1.0616021272987828,0.4125839323375913,0
-0.8468688238163147,-0.0138370427408576,0
-0.7659220805472348,-1.065214242840406,0
0.2257732949602498,-1.131344217585665,0
-0.2939897851550496,-1.2507256939373204,0
0.2725586012972191,-2.1025659148445905,0
1.074763854465466,-1.4540562447003376,0
-1.0333016053030095,0.9836659789523852,0
-0.7925374827951569,1.9886984124655551,0
-0.1739241977921986,-1.018455098336405,0
-0.0386556281023695,1.2592018948580388,0
-0.049737051721845,-0.891353922683748,0
2.4052675556552026,-1.7244614156745015,9
-0.9794113827903578,2.0886293882903946,0
-0.4448431495380801,0.0079824706540988,0
0.1875220420812891,-0.7663633812947248,0
-0.8417349620453886,0.4741735961435777,0
2.543523107249035,0.215882795898454,1
-0.0721337148065713,-0.8163593408206341,0
1.0382327987988291,1.1857579535624083,0
0.5950648972626424,-1.8466032783950608,-1
0.642533967446517,-0.6092304182807621,0
2.326394727811756,-1.810302288847344,9
0.7189513330581957,0.3387066870242534,0
-0.713718076509215,-0.9359293647765832,0
2.674961863269144,0.5423410720387947,1
0.9548797727810724,0.9435572101601564,0
0.4561291502970425,-1.613523501418909,0
0.4196004163198536,-2.1635592789993927,0
-0.8808256377823452,0.5092285339348401,0
-0.8040035282932003,0.757029976626948,0
0.3422528813426531,1.5765232362000328,0
-1.4401609804407605,-0.2597148777703799,0
-1.03908660496151,0.2946534338928109,0
-0.4660148846875637,1.3219523070097376,0
-0.388662558272559,1.4233545325359829,0
-0.1337262304098787,-0.3121326702501373,0
0.4158493274403148,-0.7921439168922747,0
3.592498369341473,-0.1730692536658589,5
-1.1602834844560252,-0.3199572886553273,0
-0.7228864305277348,-0.1617419256194708,0
-0.746384994424644,0.3090814575914855,0
-1.5594006976008437,-0.6812048245098767,0
-0.570145928923524,1.305089350191844,0
-0.9634548953065256,-0.7220236325332706,0
0.9602285811132654,-1.112486931138807,0
-0.807920334218929,1.1372054551064763,0
-0.4346124297743664,-0.5007623476082662,0
-1.4556074972335165,0.0770048413472431,0
0.6666056922439955,0.0708611592757428,0
-0.9791112218789478,1.355078683847021,0
-0.835389929014042,-1.6384845984408372,0
0.2907240156785088,1.2892030253810411,0
2.0275093436872167,0.590277847959626,3
0.5234034651228775,0.420746471789459,0
-0.7003827385516185,-1.2843890760454415,0
-0.1803640895897904,0.7781017738993691,0
0.2025507616727557,-0.8671302845839696,0
-1.2061994272521266,0.4347011500750569,0
-1.3938991974500952,0.7238514770384776,0
0.4121131439943652,0.389978874352636,0
-1.082783581068269,-0.2674463315423063,0
-1.081365730712409,0.241818329500298,0
-1.5840338383012516,-0.4425248029721498,0
-1.048689717744268,-1.172937160935871,0
-1.0043448884217696,-0.2596387240516215,0
-0.1767884122045297,1.2894697697330602,0
1.089928400452236,-1.396714595510788,0
0.9491868965803728,-0.6038153326000674,0
0.1331459791795561,0.0756652568391954,0
1.1603034252328284,-1.2157075183385562,0
2.5333995461924057,-0.4909289697058425,1
0.5682987631858278,1.238493395294313,0
0.0545551221420949,-0.4042369846408196,0
2.029185633942444,-1.471856178571128,8
1.4135361776821456,-0.3798266903896214,0
-0.6017474802252266,-1.8668692830156584,0
-0.8373503760203089,-1.6814086089754852,0
-0.0395555614732084,2.1351959228648747,0
-0.1861672793537149,0.4285785649759954,0
-1.6390663001080454,-1.1066082535425454,0
-1.516879136110948,-0.361159666181947,0
-0.4958567037099536,-0.2364443864685483,0
0.1230912944774111,0.8653714854643886,0
-0.1337302684646982,-2.157776657975976,0
-1.360594824118014,-0.6713986734889066,0
-0.511040118981232,1.5382654011051913,0
-0.1007778910518545,-0.6265467756020946,0
0.9305850253126876,-0.8837675626646273,0
-0.9230575659756124,-0.8779013131411055,0
0.2684747255469399,-2.005192499492185,0
-0.2974277896150493,0.0192258258147583,0
0.1977360043016479,-0.4323402110481467,0
-0.3330909885067876,-1.5492047404507006,0
0.572916010718108,1.0124280128058565,0
-0.4515976381009886,0.1910080599989597,0
1.250960100227762,0.353419835416604,0
-0.3346679123612675,0.1383000379580397,0
0.3932012633795735,-0.9825187362002822,0
-0.0253312373072508,1.733962269304017,0
1.6746271777383182,0.3971725857949506,-1
2.548221740676041,0.9984899589935884,3
-0.5601075822170373,0.2013970400561152,0
2.418894712854482,-0.6408864103188011,1
2.3097345140495373,0.9964374012592426,3
0.2166893221251798,-1.754209928561568,0
0.4715946105782071,-0.2938918036729009,0
-0.2967162710303261,-0.8177881792128111,0
-1.7317983230906813,-2.041796186398057,-1
-0.799657723952125,1.2585599467503064,0
2.3706038105226592,0.1566040684313198,1
2.28055818898492,0.7744081284171722,3
-1.6435732340771008,-2.078392204890939,-1
-0.68264627255369,-0.1539460725997109,0
-0.4379431957435736,0.7653490611503597,0
-0.9581429367648628,0.43728545663666,0
-0.7341387580069866,-1.1202449556911034,0
0.3286736750839906,1.1544942411607315,0
-1.31615719215863,-2.109022334932396,0
0.1236779338293086,-0.952971157756812,0
3.197137585877388,0.61109450377486,1
-0.6744536874001376,2.499827083638212,0
2.5120373401274465,-1.8050025310473168,9
-0.8672863004259594,-1.5600658718025804,0
0.1142621371058851,0.1897743950818084,0
-1.3679931278418425,1.0060722321326607,0
0.3258288793195582,0.3057095871436227,0
0.264914706978253,-0.7100123131882512,0
-0.5986512037010712,0.4590012450457804,0
0.3462261096944194,-0.4755956683348338,0
3.0305158649933386,0.1092603550143533,1
0.8134596418439048,-1.2758102672230776,0
0.3318783388577052,-0.5524120005948644,0
-0.7793782596828375,0.1475608179606599,0
1.8427542850178185,0.0289254954948574,2
0.8888205318749753,0.5988527872662931,0
0.1111521280788217,-1.1077168791370708,0
-0.0200350173658699,-0.1249932965368859,0
-1.0750830603036712,-0.0114445209308672,0
0.4133281437102029,-1.4088584289597796,0
0.0085760633404002,0.2139760452429819,0
-0.3227840696619346,1.1340156579682688,0
-0.0945887766629868,-0.524728280705353,0
-0.707339793951247,1.1227498601407244,0
2.916037014067176,-1.221113757479454,1
-0.1308146144203216,-0.6338534426799189,0
0.8905886058240149,0.0468293059275774,0
-1.125423458027129,0.407472722141858,0
-0.9009714616013832,-0.7207831901692936,0
-0.0541184828907836,1.2819355324651265,0
-1.1403214880048929,1.4700203608306268,0
-1.1369420919159847,-0.6271071382386888,0
0.0752013520198146,1.0579606640218655,0
-0.130452016682403,0.2616033623503793,0
-0.3458466462521303,1.029396889214646,0
-0.2739369679924914,-0.9902907098285636,0
-0.965940298221166,0.6865617566271214,0
-0.3852850142934167,-0.0202975488865967,0
-0.0375685826917901,-0.3269548238046103,0
0.2795321486801144,0.5044005569799094,0
0.4033956029324393,-0.8122848821902464,0
0.4657836285079459,0.1975123231483735,0
-0.9778839722542572,-0.5957960375036833,0
0.2928344411306835,-0.6948977354675553,0
-1.5796543092740645,-0.5827183522972738,0
-0.1159117930047535,2.1450836593569824,0
-1.3998558543513566,-0.7689490335507738,0
0.359970403852173,1.050614822782132,0
0.4558037603568567,2.2962846279051443,7
-0.4600734170231938,-1.5281699227351289,0
-0.8058776121905578,-1.5043266169912568,0
-0.8230226473987844,-0.6116275229325175,0
-0.5543362650294589,0.539168350781235,0
2.813905402541081,-0.5316660406820048,1
0.5316517193194832,-0.593264551027788,0
0.3405925952477961,0.8000485212220116,0
0.1910406734732215,-0.7467967277093327,0
-0.2184001918878901,1.9195266683300267,0
-0.9711227901117928,1.029567208053376,0
-0.3290603803264049,0.0430725202820429,0
0.0790238485426884,-0.9629742221295878,0
-0.4480186760438929,0.5521792905586576,0
0.2580712498136842,0.3490805238870708,0
2.6265189263620536,0.6998329014957807,1
0.6508777540086441,-0.5230158386227453,0
-0.0692792746260365,-1.46197744019491,0
0.5640146422882766,0.3701301816447939,0
-1.1511325671599446,1.2411853613235926,0
0.0724187890622971,-1.4823153188446876,0
-0.1997613910459665,0.1958421407989011,0
-0.1706849317135017,0.7375382589092556,0
0.950214314676788,0.8438846129398236,0
-0.9283050259815984,-0.0178658529146972,0
3.1725459621694285,-0.6328763298805438,1
2.6940640608118027,-0.1572372462113031,1
-1.4039410328480109,-1.342758285874916,0
-0.7235115860035485,-1.543160503675458,0
-1.556086065607701,1.0591965235440772,0
-0.6028059377312948,-0.1187639008807623,0
0.4241399762482395,0.8158173235470865,0
-1.3043596625362217,-0.2744946200156241,0
0.2568781944547877,-0.8781428324072003,0
-0.2857091145985157,-1.3009565231258862,0
-1.102475233054978,-0.1357031629935077,0
-1.009203818310062,1.6950573575012504,0
0.9114822784066384,1.1404688409087544,0
-0.0014369801334102,1.6298137841249514,0
-1.3277810084089183,-0.4727386636431106,0
-1.363113402355376,0.0542521497966839,0
0.993665700188409,1.1210670744097126,0
-0.37464832768957,-1.769711834958531,0
-0.5436038364606883,0.933792124753969,0
0.4507860225300327,0.5908767523897521,0
2.8500181914267464,-0.3991528649198796,1
0.3685454249392397,0.2863811919442997,0
-0.5783716096160896,-0.8199018990476709,0
0.3873312533905244,-0.1615365186767654,0
-0.6492175693521738,0.7567905003898202,0
0.5204041832780356,2.2897171596262496,7
0.6164199902003494,-1.1841644819360269,0
-0.646292350675403,-0.4254055105787164,0
-0.6691555653170053,-1.3922243880264416,0
0.0258672429593094,-1.2308929696017243,0
0.8900700096599095,0.1541327175052264,0
-1.291321280601908,-1.251316864988312,0
1.0351717537267544,2.2098454120521507,-1
-0.2151065595125155,-0.6634468211560304,0
0.7334607828862802,-0.4388810848139653,0
-0.2463920072829321,1.7698073345270435,0
0.2133904287323186,-0.4763466216046885,0
0.496364251273195,0.4096610073947893,0
0.5535006489722019,0.6017537005377842,0
-0.7676042609670475,-0.195248786388754,0
0.0279895729765406,1.2781257751577904,0
-0.1957834510401043,0.7734915041164964,0
0.5061563282054593,0.5136134939209213,0
0.50604122320443,-2.130021912967899,0
0.7903139070329259,-0.5239096910403455,0
1.87163112835011,-0.508056627846788,4
-0.6866184021786752,-0.7511433387114127,0
-0.2715730056512334,1.1697178240435495,0
0.1520272157604766,-1.3808092167565131,0
-0.1497381213766755,0.3094311331090883,0
-0.8476829934736201,1.348002975682719,0
-1.441208440752365,-0.7144500695273339,0
2.443943718862705,-1.6737603029113792,-1
-0.5965238166859476,0.9526313340113566,0
-0.2172683503928355,0.9772087099539652,0
0.486611030228835,1.136999199253157,0
-0.5726652605438702,0.0348994204776027,0
0.2992359707919679,-0.991096502480387,0
0.0199790428648361,-0.0704214159420069,0
-0.9849507918537204,1.6845341471960489,0
0.2184789450553788,0.6924833423164433,0
3.744850760375687,-0.957652669200487,-1
2.5572998233465256,0.4291870998903891,1
-0.1503910315903072,1.973621117453895,0
0.7693084883250083,-0.9229785445574152,0
0.1915467600970862,-0.3662546906410834,0
-0.0254819691361433,1.7651462876874298,0
0.1020233591592765,-2.3744213503995617,0
-0.8904112396387639,0.1947107035970467,0
-1.6551378925929068,-0.9395906396077004,0
0.4662540141000474,-0.2355290681380649,0
0.8368680586286643,0.5670332950697868,0
0.155259992279212,1.8872941439103432,0
-0.1722690985109277,1.94131228773936,0
0.1774192766228338,-0.4702991476821264,0
-0.1335474600398655,1.143290060161981,0
-0.8154455733049429,-0.8336756981419665,0
-0.2521693444507898,0.4077714690266264,0
2.173574556678191,0.7496878533268181,3
2.9104216897259767,-0.2849589040588092,1
0.0953346718784199,0.4991314560181862,0
-0.3030385265380385,1.4763665816379574,0
-0.3166838738427414,0.7322809124184576,0
-0.3469000467603061,0.7621136155556038,0
0.4506716709119879,-0.0569179014992361,0
-1.0784364739808183,0.9052663062576002,0
-0.2331951012133896,-0.0791262645737047,0
-0.7144691301609272,0.5623560624935761,0
0.5495179917324358,-0.3289775498785603,0
0.0685533485647138,-0.7586946106265579,0
0.0111816282539622,-0.5663625928225285,0
-0.3144696243873032,-0.9375591788457937,0
-0.1793642404548138,-1.7971795875527643,0
-0.6219231204912508,-0.4416094846416664,0
-1.470203593973813,-1.4591901149273063,0
-0.6849373204856437,1.0282073754835035,0
-0.8865066836218883,-0.0334273568441932,0
-1.2499686942008994,-1.3058158290117514,0
1.1527948079457748,1.6596127211198617,0
-0.1746701944460182,-1.5355583268601845,0
-1.8175410100581544,1.26862651940475,-1
2.57670403391036,-1.6574173404498185,-1
0.7975759147817685,0.1768854090557857,0
-0.9023040976071004,0.5804562245281271,0
-1.286904617980888,-0.0746483335860049,0
0.4044106413043075,0.9553564966917384,0
3.0985004754412304,1.8470501283918133,-1
0.1791776263720628,-0.7396363485026662,0
3.116189410046239,1.1591930515016653,-1
0.1050469252937217,-0.0702139659703348,0
-1.4571975541955278,0.0886103000982454,0
-0.0117601071582272,-1.5352967111083586,0
3.434188772042607,0.4433717366028015,-1
0.6145505679251024,0.5638676804752437,0
-1.042186086373792,-0.6693038560214254,0
-1.2483356932641785,-0.0201071098294297,0
0.5374970996751325,-0.9422679171709224,0
-1.4924245617609586,1.2652364201913235,0
0.2562421716002047,-0.2246248518751418,0
2.15733985263989,1.2678309189871693,-1
-0.384903127723293,-2.1136462506390674,0
0.2281859374531942,-1.181972262201255,0
-0.534496616522302,-0.798220156200267,0
-0.816122563788584,-0.0221649477400615,0
-0.351131369667643,0.7404742840174284,0
0.4515547169237782,0.0777600743066765,0
-0.5439073562478332,-1.6708632591555852,0
-0.2192294209663931,-1.2294600688843196,0
-0.3363482406713143,0.3547900767629553,0
0.1104873875040337,-0.4482435467734547,0
-0.5130226643320487,-0.1787172763228994,0
0.2345141573293921,1.2044444006539992,0
-0.3206170177641281,0.7984703093874503,0
-1.34457451727759,0.0298549557108563,0
-0.6500421368085665,1.617192519204949,0
0.6476847165764918,-1.1318917832090751,0
-0.5264087385706916,-0.2866444072427171,0
3.225790857175383,0.2515372704882201,1
-0.9141749370145956,1.4285439394794412,0
0.2768225501638867,-0.0733339321083297,0
-0.6206663997633703,-0.4025988048240969,0
-1.2196694928782454,-2.024263861781447,0
-1.1215325046974671,1.039809900239373,0
0.1770501095412452,-1.0653624221644378,0
0.0461403474843294,-0.9976861102739796,0
-0.0843593596456484,-1.7046557666442663,0
-0.7175218335632741,-0.5791419000846141,0
2.5349799587383144,0.9918683249345398,3
1.0016691171728611,1.8179795006270687,0
0.01068320412074,-1.619927950331621,0
-0.1979581654285537,1.7820601731381578,0
-0.1770724391398755,-0.9834922826361469,0
-0.9318813825459438,0.9633282518787007,0
0.1583346400385002,0.0027314468818462,0
-0.8866613737218921,-0.6361708533134098,0
-0.2509834022191455,0.9833600604384568,0
-0.1979752067752109,-1.907387149549224,0
-1.0495947878967076,0.5067290499916944,0
-0.4785166899517495,0.8081693466991716,0
0.2276291089684748,0.2577852392955312,0
-0.7688732316037807,-0.0822220481680348,0
-0.3336172471615361,-0.7688780084322082,0
-0.9801722848777664,1.7608187306288217,0
0.293162640583214,0.0581583088846026,0
3.1264538544960647,0.0087247137908173,1
0.8003271545263309,1.380751408400801,0
2.9121988587277285,-1.0067270534656252,1
-0.690045329660503,-0.4723159199779754,0
-0.3107248952520321,-0.9647685528355204,0
-0.0667905128356612,0.4676432589976254,0
-1.3715553323555834,-0.1978669869359803,0
-0.0160669257957043,-1.373440018151023,0
-0.5339754148654458,0.4368417675751794,0
0.2749530536847397,-1.81370462332398,0
1.0162702709110505,1.33878580110768,0
0.0963016294939777,1.7731308398875765,0
0.1547206005169318,0.9917215562710974,0
3.1322511540954032,-0.833920647364911,1
0.6319231334387371,0.1276712112141282,0
-0.5048703676284697,1.1404865491577807,0
-0.5592440290570464,0.0043816843216806,0
0.3926730227993653,0.6191874287687513,0
2.840792112235813,1.3757953326160228,3
0.7246056431029934,0.0659384966843031,0
0.6042755216565956,-2.107600819745472,0
-1.0776854203291064,-0.5930191210125589,0
0.0613608963494405,-1.4555338171202887,0
-0.0880279694834886,0.3028023511535863,0
0.5295086679079776,-0.616756441377277,0
-1.5744807826204554,-0.9238831509592328,0
-0.2474233836504585,-0.311820125865477,0
-0.6658454409583638,1.0389075304981672,0
0.3928406419873064,-0.4226685934274097,0
0.5122447734472044,0.3188785692631285,0
-0.7033025663952089,1.0350131021484674,0
0.0751341979594018,-0.9241287325505552,0
-0.3220557935338566,-0.5457663355682444,0
-0.5524465965194282,1.118670272910144,0
0.4700943553845486,2.049203633220681,0
-0.6818562331983795,-0.9888448367891756,0
-1.501297342286279,0.7848872525025083,0
-0.96704615730446,0.4484630431223342,0
-0.6095498986794222,0.3977956727687415,0
3.564752144541569,-0.0378712835036138,5
-0.6096466595874189,2.1147902562438503,0
3.3799535925340702,-0.5718797285784222,-1
0.8068773598871477,-1.613654797671823,0
0.9677447251465674,1.0281388901777364,0
0.3554529422683368,-0.2547031128709042,0
-0.406233387008006,0.0724349398446322,0
0.0226756380892261,-1.336490261815311,0
-0.7401381548633633,-0.5898608058905629,0
0.6232726166215302,1.0754008665474717,0
-1.172841162782858,-0.4864549082338398,0
0.2543642036356364,0.3684938932809447,0
-1.21162839293657,-1.335147440159944,0
1.1257969014891385,-0.8779360560373429,0
0.2485156684238459,0.6997900093942677,0
-0.4329276438618032,-0.0283624687068228,0
0.036673734696151,-1.5230438724972444,0
0.2552336969921984,-0.0159733805514014,0
0.6723223649114017,-2.0613023752174566,0
-0.4611695574864851,0.2277314639956205,0
0.1891718005613649,-0.3234226506213464,0
-0.4001976099407812,-1.136927882228309,0
0.4151164638940267,0.3666521742416839,0
0.1139584875030462,-2.246976973523941,0
-0.8130847658198259,1.3086255857003353,0
0.818477379670729,0.4295976082923148,0
-0.4190475233087463,1.655956574888937,0
0.0459227954303119,0.2040033345563231,0
0.7751533991009756,1.2643926474959433,0
0.9681637453105236,0.2516522691526968,0
-0.0716464418554211,-2.260072735919821,0
0.5188153548584991,-0.515897567573121,0
0.3045993447937616,-0.867962671748869,0
-0.463816090029105,1.1660628719309778,0
-0.9836780669654696,-1.1150639144951573,0
-0.6425236710858165,0.5679683646782632,0
0.1164128510080333,-0.4597570350095458,0
2.743184871401213,0.7016969116258328,1
2.1739768192987925,0.815969220810722,3
-0.4294979810715311,0.8672714326090306,0
-0.1913149534112571,-0.242769292939089,0
3.161248159426617,-0.742656019611675,1
0.4436403483246944,-0.2835031267679322,0
-0.3425627881085521,0.1087301684237782,0
0.8024355980530458,0.2180300805027457,0
0.6017706258901562,-1.0307087621254274,0
0.2019192464526745,-0.9043428745225658,0
-0.3991007160945052,-0.8969885159592265,0
-0.1777865632173492,-1.488843612961673,0
0.5826710838722335,-0.3683855966992477,0
1.2309262265536125,1.7493362681714788,-1
-0.2636502953824223,-0.6346043959497736,0
-1.3081570598460128,-1.261913143441046,0
0.7238811212264326,-0.9408508332496702,0
0.2750557047573218,-2.3385306367199874,-1
-0.2353231674075976,0.9198057470878084,0
0.1010202253524647,0.3510567763265648,0
0.7499035243781895,-0.8322148572170399,0
0.7363543385861072,-0.5890165364113512,0
-1.1527544911184942,-1.0356474588773708,0
0.0318057097551467,0.6013968771237278,0
-1.6617194211666793,0.718405582943386,0
-0.8991358938279419,-1.6591878178282768,0
-0.7604962697189322,0.6869270973647835,0
0.6685570441975504,0.2835298378784913,0
-0.3382526847992401,-0.203323289807551,0
0.7434823720494121,-0.6998054064407507,0
-0.6640871412411204,2.149190817854641,0
1.946448668347789,-0.162893675849293,-1
-0.371389568759074,0.3179748538274768,0
-0.8330668044861482,0.5116126899973182,0
-0.7894628350358688,0.1041357154370581,0
-0.4290294475891953,1.0877054589693282,0
-0.7261950481204069,1.3988076618555845,0
-0.539191211894488,0.2648166684304373,0
0.1001657672451857,0.378327463992899,0
-0.635114839747207,-0.7759685566386615,0
-0.3832110988677838,-1.1575156221589875,0
-0.2305335834534722,0.0049662295019399,0
-1.1915469878695006,-0.91276379257894,0
-0.0032478682414658,0.7166190722265382,0
-1.7320893889493791,-1.4779901500227846,-1
0.1223985653934881,-1.3413824191445405,0
0.4964500149867284,0.8955069978115305,0
-0.995675428116154,0.4489830374786667,0
-0.3555653391954081,1.731231826447349,0
-0.8332937854281656,-1.2695480201235898,0
3.209390515874601,0.9901569253941914,1
0.2517033650548034,-1.2081607014217888,0
-1.1458940723909763,0.3829905538614797,0
0.3540664151254322,0.5724422096080293,0
2.948322045412481,-0.3727758780950524,1
-0.9906994113013726,0.3165429298640738,0
2.2865601913340474,1.5863893139697272,-1
1.9876186503435591,-0.1979605196875738,1
-0.9001670661758743,-0.4203164398976813,0
-0.9195675224881912,-1.0202833230279604,0
0.5086463185383097,-0.3739859928369164,0
0.101304931466895,1.1314567280686827,0
-1.772987044555266,-0.3425819211002922,0
-0.5914165608940727,0.4573138764730035,0
3.158545883637044,0.3750567137519308,1
-0.6456504376562345,0.1132450789683272,0
-0.7838648176014147,1.335406935848641,0
1.1074120329120802,-1.0349196456089216,0
0.3712341480735847,-1.350476791057565,0
1.0272176460410876,-0.8106452051029844,0
0.0562113701821324,-1.4734062573886368,0
-0.3301012712943398,-0.7120562020228979,0
-0.1553976924389596,-0.7229108590801386,0
2.9469087026911227,-1.5727711096083112,-1
0.7144126062965028,0.5668873103508153,0
1.2073357547270047,-1.3987332592595103,0
-0.2899450249240627,-1.843581757066616,0
0.4406915987413047,-1.2786444350655817,0
0.4950652601698813,-0.1425395702294814,0
-1.4181899068636603,0.7421706919395326,0
-0.8178205328406642,-0.7908436581222296,0
-0.8566979601385114,2.0537512436325005,0
-0.1558024863484112,1.3568452917097826,0
0.2178161066223422,-0.6811392311436906,0
0.2592603469014695,0.9423763653287126,0
-1.361767633242127,0.4289120547570013,0
-1.1634530707652673,0.0367876131513199,0
-0.935379168307716,0.5670171093331898,0
-0.9111865225485232,1.5945098102306965,0
-0.8680127244442718,-0.5337592959128036,0
0.3495457986854549,-0.7505829760748183,0
-1.411123087264197,-1.5381594927601996,0
0.5860545180159614,-0.619869108042725,0
1.007782112264298,-0.060450748284315,0
0.3911707114763468,0.2952594449859534,0
0.0800856649244916,0.6271264840884433,0
-1.2023924653099407,-1.2839995527641146,0
0.4925423041137118,1.105937808222959,0
-1.585751849568522,-0.218238759571381,0
-0.2113326189054425,1.6350372366301262,0
-1.2545606385005037,-0.7676050177770543,0
0.4017094642415154,-0.5762469405912238,0
1.1388107335737605,-0.171062976756439,0
0.5355724835163228,-0.3395125146546872,0
0.4322958973876417,-0.3836461591389151,0
1.1363967883344408,-0.7916175998173968,0
2.6845298243835294,-0.1283098468104956,1
-1.085003301140596,-0.9465288803766368,0
-0.1594308319081924,-0.1691506015390572,0
0.2954453468454402,1.04159028186932,0
-0.640162314237309,1.385611563197281,0
-1.7014379079041857,-0.5907029044974205,0
0.4487665476049776,0.8775308325573463,0
-0.0776814655396612,0.9451308391529524,0
-0.8899848967481531,1.113671305023852,0
-0.0391274462565402,1.1889646337717346,0
0.4170851227543269,-1.5881052209877953,0
-1.5483114816750314,0.6284236572872622,0
-0.7002429538852037,-0.4923530087140176,0
-0.9007102121896715,1.3706822959335592,0
-0.7775522565417905,1.9152754165662704,0
2.4091403188794405,-0.7526349014407863,1
1.846035068088964,0.3022679975473871,2
-0.7416585264761117,-0.742203468840965,0
-0.9632715375183024,1.254385000281402,0
1.3698554097553508,-0.4600363590103981,-1
-0.697191553229232,-0.0220377138123754,0
-0.335181921107163,0.7665893519382433,0
-0.7630141687772093,-0.0799841799767148,0
1.1461440691822298,-1.3315038735778528,0
0.5185696344476673,-0.6329108562345446,0
0.0286366728092953,-0.3665163063929093,0
0.2661083117005401,-0.8074470422172639,0
-0.6728962563974568,0.4806289736891238,0
0.7658620679913812,-0.9758444573643252,0
0.4036153409315104,0.4851450783520253,0
1.3299179384017576,-1.0707340539936443,-1
-0.7283823462529972,-0.5931810741037764,0
-0.4961932448322113,1.1760849902472257,0
-0.429291925543382,1.813460158816848,0
0.3539110958783294,0.0826403255888875,0
-0.4482720589453676,1.1081893223380774,0
-0.2519263593484023,-0.6496765623612408,0
-0.9435853561484824,-1.226280808365978,0
-0.8923002289697101,-1.877353319158951,0
-0.1575147614387043,-1.926819421310476,0
1.077518378881863,-0.4003870106293155,0
0.4259242583772436,0.7456839390227116,0
-0.907508947473665,-0.4147889603314516,0
-0.4011287367088817,-1.7652478530468163,0
0.8239277403487228,0.4980436242439128,0
-1.5739550733290977,-0.3795517976544411,0
0.9405611392122596,-0.2959685439509116,0
-0.4648212799652766,1.2245175779807247,0
-0.7994070763590948,-0.471911405078404,0
-0.0498879133664314,-0.6922658889965304,0
-0.7421776720036081,0.6897580280599682,0
0.1798228240630662,-0.3511825242296161,0
-0.4445858583974797,1.4655204419043222,0
0.0209374547910725,0.0486645506721994,0
0.5799582804678796,0.4157931523597156,0
-0.6153193637572346,-0.5934510556031147,0
1.267771329622175,2.047711438122929,-1
-0.5257545256106845,-1.279651723910976,0
1.1447855805804457,0.982248197696612,0
3.650775703588247,-1.093039186967026,-1
-1.4648227090456798,-0.1829835197049,0
-0.2327637013248863,-1.175554318940838,0
-0.350142467695144,-1.0115869917198683,0
-0.1429953333592294,-1.046215123520768,0
-0.7859305211730143,0.4749436033569044,0
-1.060118759464173,-0.9198395007432422,0
-0.8958816425319477,1.1192294414283854,0
0.0307999704555846,1.984509668496759,0
0.3691075144414457,0.1517338729766907,0
-0.5169784559613756,-0.4619284609240652,0
1.8653965386976823,0.2388482175969717,2
-0.1734004704263002,0.3472556879189281,0
-1.3697963534592554,-0.5801458002065956,0
0.0925307639593374,-1.719362440741978,0
-1.2899734553592992,1.7903664606483851,0
-0.9476978198032728,-1.2908560564858196,0
0.0551380072424752,0.4639916956084662,0
-1.7348970511199788,-1.009912723312462,0
0.4138271172068156,-1.679951156773971,0
-0.5119479188623078,-0.233216088770246,0
0.1075076485429765,0.3727999844266694,0
-0.5563824757492593,0.0103983498298458,0
0.1096909884044555,1.7308612055334007,0
-0.6009475924342195,-0.8756719622733913,0
-0.1337658952925615,0.5170427672962572,0
-0.0842877479827193,0.966323547634514,0
-0.4200059352349827,1.5368706082747308,0
-0.4185258520722079,0.3546439404678905,0
-0.9838839184740248,1.2592461976201412,0
-0.6917347530232619,-0.0860812131049595,0
-0.0451470893477009,-0.6081853009679041,0
0.1256033033711028,0.4401141927267846,0
-0.1218397321858098,0.6463277969361734,0
-0.7066732012666932,-0.1901988898696282,0
2.85926144178003,1.3474422449277947,3
-1.529733141313965,-1.2689614319143638,0
-0.9442708923214448,-1.569683475219257,0
0.1450714631072233,1.6975123871062006,0
-0.3931435098298534,-0.7288460906932591,0
-0.1737863950512435,0.5949604019455601,0
2.2257023116030856,-0.9333719971136796,1
-0.5685904798463031,0.1072706731932974,0
-0.5054274001327833,-0.7402547876685489,0
3.1733549450131475,0.1885763227936232,1
-0.4533682377590706,0.6123826788577891,0
-0.8497655343722827,0.1185911588267171,0
0.135856047275466,-1.8829748122690584,0
-0.3270849481028407,1.1084204328276928,0
0.5082862465094332,-1.1387939353873282,0
-0.1651014799486484,-0.2103684927096429,0
-1.0472647542611555,-0.0120377350108255,0
-1.0382419952899276,-1.558713338705255,0
-0.7167577766197245,-0.23362399239323,0
1.731491249047442,-0.5110761061462663,4
0.2604285686073721,-0.6789202653197496,0
-0.7680804569400259,0.2573405076917914,0
-0.9026718321266196,0.4886716024185585,0
0.4163854345307602,0.2536254360209646,0
-0.9333019682102482,-0.7203977292131943,0
0.7155535428442695,-0.5451753160933462,0
-0.5840687894316966,1.6439549669858755,0
-0.0909897223587157,-2.5361422921056063,-1
-0.6239316482538279,-0.9781754901889088,0
0.6841583308740184,1.7612700881032937,0
-0.4030181214156099,2.1874655360206,0
-0.746560609938516,-1.1286340227908214,0
-1.484024352772794,-0.3204924262059975,0
-0.3872877316751169,-0.5764114572279458,0
-0.2074169859103952,0.4157750751702451,0
0.5216373730992974,0.1513905201776335,0
1.156716670869396,-0.7359514131536057,0
-0.6016505653296215,1.1162554600093622,0
-0.2861592539558334,1.4596189527007315,0
0.2939994579484595,-0.9542811279688151,0
0.7933127192980858,0.1434941793193568,0
-0.6280796089207877,1.4641646716596777,0
2.2256777617533943,0.7503233271399117,3
0.8500703054994019,1.2349263513714248,0
-0.5944444306434257,2.164335900837547,0
-0.2233951521910802,0.3956153590809879,0
0.4077550897444368,0.0404863222675662,0
-1.4291855667696023,-0.9225391351855132,0
-0.2258863154546119,0.4441281628584731,0
-1.1146650470465975,-0.3783201757662565,0
2.8591658296308,-0.964499830420678,1
-1.2082942680916278,0.7369472394343575,0
-0.1084880562325551,0.6118541671778508,0
2.626377159770179,0.7291762671148981,1
3.198823724568312,0.3750565621758375,1
-0.241847594376248,-0.5867035570435322,0
0.3803734446079113,0.2497616645095686,0
2.7769895209762816,-0.2934632990391951,1
0.0558963038371336,-0.5505629820830565,0
-1.181329870793001,-0.5610333723025505,0
-0.2172976916803313,-1.1805807065181138,0
0.0946881214090558,0.8191154522456019,0
0.2223307828657483,0.8293378726370684,0
-0.61918042643601,-0.3926569025518349,0
-0.7841651825324187,-1.251541198031102,0
-0.532823950702898,-0.3416868745643395,0
0.4320529122852541,0.6738018722489523,0
-0.606656472795289,0.4155642364751601,0
-0.4764231518586235,-0.1652594103366767,0
-0.0277810133940277,0.4677282331921761,0
0.3750646409223891,-0.8918401746305508,0
0.7017446144064449,1.5982390246091531,0
-1.354058017424817,0.5151691973003402,0
0.189879564894571,1.5261346678215706,0
-0.4172418461861914,-0.1155793839188402,0
-1.097538201943795,-0.9315299336887952,0
-0.3532575337200997,-0.2936896101448089,0
-0.0642447792558577,-0.5993375531884609,0
0.2337565399138183,0.7264369777184332,0
-1.1488051390171432,-0.6199467590320227,0
-0.8904929652974777,1.554508700906144,0
0.4591735120296623,1.6935598822272129,0
-0.229708262614095,1.140404963686643,0
-0.1601054209186772,-1.3357733541071726,0
0.1730892609140261,0.6668150490283352,0
0.2295537251272842,-0.344970163220704,0
-0.936768430759065,0.2197011117628323,0
-0.4307201736983294,0.8027574981657964,0
1.3178088311257792,1.1878835794442866,-1
-0.0929167900226674,1.424367101557663,0
0.898426725309974,-1.4042522215021345,0
0.4788741292533892,1.559976060914119,0
0.3430765656003672,-1.1118155203111235,0
-1.2311797108934737,-1.7360262896030054,0
0.175978099379949,0.1635977103321996,0
0.4888085221409184,0.3099270964978491,0
0.4300653099365452,0.9722078506148002,0
-0.1591416681912461,1.30013926790942,0
-1.2397443341814531,-0.470354659156726,0
-1.3449449871055534,-1.2363909864480027,0
0.5363288779692299,0.67902871347754,0
3.285029888020228,-0.6995434614727335,1
0.7024539470461143,-1.7378943857909914,0
-0.4218592235341655,0.278390013873421,0
-0.1173427764681452,-0.04008032134336,0
0.3581393437132338,1.2982888799704602,0
-0.0804476107178122,-0.0694425893298561,0
0.719058571548988,0.3348665760308006,0
-0.8133149016179844,-0.4902423744503839,0
0.7484740476807672,0.9743026680822812,0
-0.5977096291018978,0.2091387272957211,0
-1.149421669019927,0.3652645530403829,0
-0.6259407253797956,-0.190083410412867,0
-0.7350827340793161,1.107751065028976,0
-1.1681003387641276,-0.4023743202052133,0
-0.6329765055696056,-1.1055585533879224,0
-0.0010154286806036,-1.2927103551739134,0
0.9327293794705682,-0.1890930046385906,0
0.4648874493886242,-1.6130649723152772,0
-0.0044623983776213,-0.0209181826575392,0
0.960472868962028,-1.4987522948501266,-1
-0.914694156745992,-0.6278974172465464,0
-0.1535113086007638,0.0067878283227633,0
0.4939215883136703,-0.2049382638346105,0
0.5015539861067682,0.550386305547171,0
-1.215684230145729,0.2488327239879927,0
-0.8461910799496889,1.1704929598570692,0
-0.0942527849041197,-0.6125995720978431,0
-0.8859205138496731,0.6846045581310994,0
-0.20302849164619,0.2737408730808254,0
-0.3172459633449473,0.8669282313860666,0
0.196704078570731,-1.189309586117383,0
-0.1979998864405965,-0.0557878099918275,0
-0.2024722923085694,-1.0530750159658857,0
-0.3043583132395265,-0.0787099952032083,0
-0.5213033348885827,-0.1284864471343336,0
-0.8766150306894744,0.7397083391293293,0
0.0425029068718362,-2.3539373354547197,0
-0.3254196050100912,-0.1304935079882245,0
-0.4134258392232793,-0.6244042666490984,0
-0.5919850101405462,1.9361671835580037,0
0.6435527600699023,-1.528160362869264,0
-1.0058158765318324,0.7528432756871186,0
0.1539791912813223,0.995604230149872,0
0.1486470662885839,-1.2795224706870292,0
-0.8921168711814869,0.0990553136557218,0
-0.3921362637643221,1.8797226239333733,0
-0.1862213003065962,0.1223884880613128,0
0.0516688093852141,0.2296292165352024,0
1.0001673552132335,0.1693934315209871,0
1.1030580167169717,0.461231790031847,0
0.3354541460586598,-0.2089480200649781,0
-0.3410226640126167,0.2569581323069181,0
-0.9069917838716284,-1.0253710242818437,0
0.4657146223377672,-1.131101655777311,0
-1.8597884728321088,0.1837308556410867,0
0.1434007792132791,0.4195996725197318,0
0.6141638899171745,-1.184268358497956,0
-0.7112072905781902,-0.8206528523175255,0
-0.3717294687570668,-1.6077018578096764,0
-1.4448315753266456,0.4442847079300171,0
-0.734152910057591,1.0648883681709356,0
-0.2202724236754817,-0.9953053429349146,0
0.1248592886427429,-0.898368468747536,0
0.8532094517943667,1.3697082037392667,0
-0.0229987521665568,-2.1425585068455373,0
0.0146658613605063,-0.6891966999152764,0
2.9312932639640503,-0.8653780359710748,1
-0.2504526359298951,-0.4876972420506902,0
0.7455162030446655,0.1489060278527321,0
-0.4730905337796505,-2.084846236742039,0
0.2367344267651097,0.5588688641650456,0
-0.4797706753711856,1.9436199869308928,0
-0.983130129513868,0.9354220903992728,0
-0.7319762137436818,-0.765059733801267,0
0.3950680245502763,-0.4166093650339226,0
2.815652001712862,-0.5940034206105266,1
-0.7715478026875213,-0.6304973890282087,0
-0.2501803095400118,0.6126441430335215,0
-0.233501825888661,-1.3218684103360565,0
-1.2447021608908106,-0.6774038876783333,0
0.0387713108440966,-0.6508286418072542,0
-0.4788656850024544,-0.9477626968698816,0
3.241306380138318,1.2434315302962815,-1
-0.4265564243991021,-0.0009384968489699,0
0.1875987107421106,-0.1107727228098833,0
-0.5720200128208813,-0.9562672434263606,0
3.210721719318249,-0.8143611416759726,1
1.026082519874198,0.2818695185470703,0
-0.0257906757368745,1.343783574875619,0
-0.4319755916798345,1.4349294860247743,0
0.3541735738325162,-0.6431143742586323,0
-0.932609942477324,-1.8891050657811117,0
-0.770701136886579,0.1831592590501048,0
0.1909729700494179,-1.4042280389584696,0
-0.0766588388810504,-1.448653956032827,0
0.551957919383516,-0.8888395986984511,0
0.0514336165891633,0.4461499121784218,0
2.65433778176796,-0.6254183979074616,1
2.421401664750281,0.9492449527375336,3
1.113579802339383,-0.611319064605791,0
-0.7252834142041057,1.6954343011337445,0
0.2332371903667279,-1.1621003637037497,0
0.2177607829230856,-1.6585119757349214,0
2.224550977256232,-0.3227473702779657,1
1.6365429946839083,1.0449554852130136,6
2.552708428410312,-0.3572601741981976,1
-0.2961619738344569,-0.1115081624357722,0
-0.2272664828532489,-0.0729325027799844,0
-0.331022130079047,-0.6710341579291528,0
-0.6386522106079539,0.8686122112354309,0
-1.065824904516798,1.5458580180546,0
-0.1366691696123912,-1.3268218813418935,0
2.1991895604277456,1.5957146447962742,-1
-1.1272194407015956,-0.6950145606187621,0
-0.304317894973859,1.0879553202502292,0
0.7796555416322264,-1.6053081418813335,0
-1.2048187104900991,-0.3728962696097697,0
-0.3578474960942438,-0.5768582318606527,0
-0.8068430630401462,1.2133555051390166,0
-1.873938733829996,-0.1018101676663101,0
-0.6321063088620446,1.8854354139565768,0
-0.2397837429144144,0.9272351930949408,0
-0.675130128520388,1.9866797487168324,0
-0.2677673464554229,-1.2201655464721697,0
0.3073129015811005,0.3436993321919994,0
-0.7924791582273678,-1.7163409194135328,0
2.3952889902504886,1.0454935567588166,3
0.0664603598349784,-1.109923938913994,0
-1.4956352399351445,-0.3288082735820898,0
-0.5387239811585276,-0.1859319728858127,0
-0.1416737743316838,-1.3563304371995475,0
0.3961849606117419,-1.1696347525477768,0
0.6001079383221428,0.170950025866572,0
0.6542007276715147,-0.9481999116367232,0
-0.6803076932288167,0.482200559652953,0
-0.4057479661666215,-0.717803037607818,0
0.3894415490270052,-1.9777332642215573,0
-0.8574434074289404,0.2119899297854367,0
0.4495539814675377,-1.299733266985214,0
-1.316012820074005,-0.7960003651984175,0
-0.8680608052005822,-1.027401290925398,0
0.9319230021196,0.331819678040338,0
0.7366830874020281,-1.1606185773824775,0
0.2658094535355054,0.5972863299026568,0
3.0034493659855204,0.6074088948239844,1
0.6823369151511816,0.5145413919002378,0
-0.8016313040659234,-0.4602633834420798,0
-0.8344678972986536,-0.8404199595542297,0
-0.2763859906962838,-0.2606839929405727,0
0.1553605872224345,-1.3045552901620436,0
0.6480700918380445,-0.0549384119124229,0
-1.1601436997896104,0.4720787786760965,0
-1.087250775950741,1.419997133189827,0
0.2132864749133612,-0.6227032758852291,0
-1.0678542278775496,0.0064160132904625,0
-0.9869715695251504,1.300005559687095,0
-0.321870533603882,-0.6024536085773217,0
-1.012899317930256,-1.8130279323200105,0
0.5939778518520633,-0.2604465597324116,0
-1.2787069758294431,0.563736166857979,0
0.4000181887689909,0.4634631839285281,0
3.3903072096051496,0.7220835243033847,12
-1.3827471993539775,-0.982669455337112,0
3.17108659482112,0.3405098642699823,1
-0.5792943205105625,-0.1254044373071894,0
2.619184707554906,0.0323370606211671,1
-0.3981260162045963,0.9157040203425294,0
-1.0368142964983709,0.7766474072690812,0
-0.8408064407700385,-0.2398717683910106,0
0.4799066043476966,0.9922873506600712,0
-1.1788047287917776,0.689608654617584,0
-1.1803115477492978,1.0564112413054407,0
-0.1965065403545961,0.2699808265552655,0
1.0905003383901386,0.2947341704533346,0
0.6961207443759242,1.3794804607746138,0
-1.2526514771386732,0.1435902358922017,0
-0.94496607291051,-0.4186833886811514,0
-0.952919427213192,-1.4433332528364549,0
0.1396048144655567,-0.0645401985329469,0
0.0945256890347008,-0.3223211966559807,0
-0.5024109471255902,0.9123178318782372,0
2.7322989756951053,-0.836204164012779,1
-0.2472667116249949,-0.5304560623468012,0
-1.261223343369599,0.9255311167598452,0
0.6739767108096879,-1.097375742141524,0
0.3251089448612076,-0.1800938403877962,0
0.90974073623275,-0.8125824349566623,0
-0.4761184035290036,-0.3778242123774956,0
0.3470059552702368,1.50856640619037,0
-0.3614134548595018,0.9057738725411928,0
0.5289584087669281,0.5226075295715226,0
-1.2043066836696632,-0.1798061506394319,0
1.135406034252176,1.613919093566636,0
1.198250762948862,1.8394336732843632,0
2.92690068161304,-1.1893673334304802,1
-0.6228489064581564,1.4468971999422129,0
3.1052217886814173,0.9810899731721509,1
-0.9099878608283436,-0.5183135745922552,0
2.9457644814715214,-0.3105117178901562,1
-0.9192653054474216,0.913189393205046,0
-0.3218900264556811,-0.934146940117669,0
-1.059862641254254,-0.3013882124733714,0
-0.1369498376720019,-0.2615778453581728,0
-0.8986321288935251,1.911204195083202,0
-1.0684871756597,-0.5340752290208765,0
0.3349641377990652,0.060304054984918,0
0.1614697482786456,-1.70813068847615,0
2.420313995772411,0.371656903096546,-1
-0.7748765867312688,-0.1857654132201238,0
-1.5416487768059357,-1.0647124772496372,0
-1.3858055091176078,1.2158793232019205,0
0.1969862533963109,1.73712788389856,0
-1.2216583237694294,1.0913623025347736,0
-0.101186593200432,-0.5603386278418163,0
0.3208899218947093,-1.733391078141274,0
-1.0766404913063516,2.0077535890182205,0
-0.5883990091600985,-0.5394296746267785,0
-0.1138963561345182,0.0127855914635498,0
0.8925866059718113,0.2498613271701771,0
-0.8704376168460691,-0.3310938332589245,0
-0.041812285323674,-0.0286527220006917,0
-0.442740646207936,-0.9672869391460448,0
-0.0512113245037428,0.2713248423289852,0
0.4436612737385627,0.551468857145158,0
0.4245317112540597,0.5485647067263476,0
0.1495690980039724,-0.4814578318004218,0
-0.875732738060669,-1.12145443806459,0
-1.3099081666522958,-0.5088451930418696,0
-0.6503073500711977,1.1684858990031783,0
2.1173965709054205,0.6766811267980298,3
-0.7969638640361795,-1.1819702191722885,0
2.4666762438906047,-1.6687221608631784,9
0.7983830455157219,1.651813479376689,0
-0.6935807185957902,0.3508854149455758,0
0.3982415691306296,-0.1394267519879401,0
-0.0639411296530188,1.8374138154172883,0
0.5865997201591184,0.2561555768024141,0
-0.5407643017137426,0.4774665962419002,0
-0.9241100832851096,0.682752150895879,0
0.7400690472547979,-1.2814532262460685,0
-0.1071891949449353,1.3319587601059264,0
2.885147265153499,-0.697871084518201,1
0.6547505172328821,0.44881067561097,0
-0.5292586711167245,-0.3317568783390959,0
0.2999885312096493,1.5022995762491174,0
3.393715193598569,-1.2130953112936842,-1
-0.0891742468324501,-1.1019616778046384,0
0.5861447893639966,-0.8247536880966384,0
-1.3543635191374217,-1.268106753658673,0
-0.9489083118846088,-0.1827493236440583,0
-0.013190257454926,-0.5129034659356603,0
0.8078910955126406,-0.5171960864663859,0
-0.0341663348753478,1.2458170970193487,0
1.025865517183571,0.1589008780540891,0
2.0426230736092323,-1.0204838179127094,-1
0.4583196032857738,0.3961724845702629,0
-0.4777747313527494,-0.5203714125028872,0
0.1050565697098242,-1.5646167193617193,0
3.0881253835928915,1.0427729769202,1
2.599441899739454,0.8644474570007691,3
-0.0959558907378006,-0.5776060995592812,0
0.3338868666202825,-0.015845995047622,0
0.7279617920885852,0.3236889895451265,0
-1.1392702734417708,-0.7618157708829053,0
-0.8257308633849283,0.6935371285290002,0
0.517126684878725,1.8661778922997263,0
-0.4315233461611713,-0.0382430573024773,0
0.2132033166925782,0.2338160690511251,0
-0.8728899242216965,0.5487096489030598,0
0.2796914261983282,1.6281299558516804,0
0.1211529958476794,1.1168856536461695,0
2.412022797601096,0.0883537479804691,1
2.445559079057393,-1.373220332916141,-1
0.8322943044344844,0.7657547701682836,0
-0.1885058586785883,-0.2075680672766685,0
0.1480440091573199,-0.9868823818495732,0
2.8137728608176125,-0.8399713584347926,1
0.5544395680466392,0.3891463356116432,0
-1.062174614600076,0.0457932516967528,0
-1.1915365900704136,-0.4113257929704927,0
0.3201414737357477,1.1072596844819804,0
-0.9396013961623412,0.3756331097269142,0
-0.4530128829640983,1.0241087343094508,0
-0.8125890769950482,1.1877296231601373,0
0.2550153415232106,0.5694957994560834,0
0.2763040838154749,-0.1339345358344854,0
-0.7661377804914864,-0.5170002156568393,0
2.874724845931835,5.052199742343461e-05,1
0.481981402972008,1.6830060150837074,0
3.1267975087455744,-0.7521698980425156,1
1.0104008102853914,0.8351099333079128,0
0.4105041435439451,-1.2547670837599931,0
-0.8959810887164033,0.2821422166771903,0
-1.365439601955702,-0.9018359157980737,0
-1.1732152570466452,0.7659664577739829,0
-0.6631404298603465,1.095656117183852,0
-0.0467611467960134,-0.2375426032865947,0
-1.6016636151717785,-0.2521498320880491,0
-1.15018071899757,-0.6160215222679258,0
0.4915447766681831,0.4913691938318626,0
-0.4427684807294625,0.86660515038154,0
0.3856403974656964,-0.2785804641764925,0
0.9981382358720758,1.9504502650799656,0
-0.196844384223229,1.0113275355944922,0
-0.6318224359143074,-0.5417218601743454,0
-0.1059714599206532,0.7075827768428014,0
0.5387882984721094,0.4508599961979964,0
0.2323717850969712,-0.3116095903225787,0
-1.6129404925007216,0.4730424620939097,0
-0.5918454294937256,-0.5922955874336886,0
-0.255964006452137,0.5948142656504953,0
-1.314043957194111,0.5697410778952191,0
-0.8590105570516241,0.237187939498988,0
-0.7335844608111173,-0.4139649389140645,0
0.8249620675527962,-0.7231205036568711,0
2.3172134447052986,0.608484668975146,3
-0.2227973616571107,1.0745514684680668,0
-0.2412705994404531,-0.9106434468733482,0
-0.7690097315983606,-1.024454880773452,0
-1.1044737825661646,0.9859229010871768,0
-0.0683181273913557,-0.1684301535314127,0
0.6820041282804411,-0.7595005548544745,0
0.0510396956382892,-1.7857168763734144,0
-0.7773133094942225,-0.9878166025474354,0
0.1146434743126181,-0.5789162213473779,0
0.6846714564212354,-0.6949559635729367,0
0.616970249341399,-2.3235284528848266,-1
-1.2289547298036605,0.2481664417605021,0
-1.4690065005600967,1.6136772290928032,0
0.2792162491684226,-1.7803133935875513,0
0.6761549138895662,1.0643576618859374,0
0.244488968482589,1.121060751691167,0
-0.8379057719429592,0.2616275448940441,0
2.787241166153864,0.0327638666115299,1
-0.4205070946766491,-0.6911560692836525,0
-1.294002211429916,-0.4553862177310948,0
-0.2022234170415965,-0.9183544772746508,0
-0.7551017023198767,2.314374926921644,0
-1.1308769735612645,0.3213194561604486,0
1.9199753724557296,0.4932050709448625,3
-1.486592784092523,1.7767082925869442,-1
-0.2347396031281328,0.2954723267100052,0
0.1711710044994841,-0.0746355365728207,0
-0.7820923658335669,0.2605568993430755,0
-1.2074054116989603,0.8520773124461636,0
0.505752213475092,1.1008075440837537,0
-1.6323806136957215,0.7022510165100251,0
3.084472358367725,1.3683764232287567,-1
-0.5312658961329264,-0.1971402162097905,0
-0.8869511368342147,0.5988178507384109,0
0.4620181037745004,-0.7781543020787944,0
0.3159619858362383,-1.1073089755140868,0
-1.3685325196041227,0.1104996444934148,0
0.8050594328557399,0.3099185791742436,0
1.1078755093965236,1.2009030365453146,0
-0.3302338130178085,-1.0203615197756857,0
-0.8993852386745972,0.7424662016769816,0
-0.6657123498715047,0.0225547629276708,0
-0.7597970510750476,1.3815709985525164,0
-0.9149644270065156,0.938784618345622,0
-0.6108501127454027,0.3861289003411319,0
0.6269380215712438,0.4298559868968215,0
-0.094022179526279,-1.3501061701436168,0
-0.3806560662156741,0.926257735909942,0
2.7202839738023874,-0.257325961226039,1
-0.974814930856252,0.8596880065850426,0
0.2249585759395538,1.5551538861611958,0
0.3864305666367008,-1.281383243669762,0
-0.6654537059525437,0.7716549136774284,0
-0.7528607170696932,1.4599589167763762,0
0.6013224684582984,0.9084872807506496,0
0.2865776233180123,-1.4541475416134335,0
1.1956398572341054,0.1029456559474879,0
0.3523393088054503,0.9664729210768984,0
-1.232147217872422,-1.6853675881491117,0
-1.3426817736951264,-0.5846523450036323,0
0.6870640566989901,0.24738074559441,0
0.3121212992079406,1.2531152467735671,0
-0.190056380573611,-0.8572340307682558,0
-0.1569538206952651,1.967469918545497,0
-0.0706612941344393,-1.3255626881866311,0
-0.1771983373157741,1.8962117226899995,0
-1.1049709039530111,0.603540211254632,0
1.919630964823235,-0.7417410702216362,10
2.3268496586068776,-0.7293930239482916,1
-0.4933837305518458,0.0545321458901669,0
-0.2363582479946556,0.1451291219887604,0
0.3570105772906116,1.046597615503124,0
-0.2431503397310788,1.5476671888026834,0
-1.0558568667268653,-1.557630938683361,0
-0.6880704468003295,1.917690077890959,0
2.1366735805469808,0.7985980241074209,3
-1.591451085513489,-0.4214053142142137,0
-0.0296224713320543,0.213964290772057,0
2.4945472181076407,-0.6546874775279877,1
3.058065129317806,-1.14187100942381,-1
-0.0324887418737453,-0.1451342618348576,0
0.1553735905142719,0.5392480447994996,0
0.0716801151351319,-0.3039713249166221,0
-0.8738164635715868,0.441375580487107,0
-0.0503945493536868,0.2518501592585042,0
0.7186327780217678,-1.908752110719289,0
-0.9861965153871372,-0.5573171065133712,0
-1.449695296652742,-1.4425039512427813,0
3.4891613227319342,-0.3909034598205876,-1
-0.5495668531062172,0.7851976022821086,0
-0.1044322190233964,-0.9721259969700858,0
0.2033630291883096,-0.1958743971837961,0
-1.2603916627859542,0.716763862827157,0
-1.419423929851615,-0.3270598944848921,0
0.4230802159957961,1.8927400380054349,0
-0.1671489934148238,-1.41032116133758,0
-1.1422327054960826,-2.108198313515009,0
1.9687171675278548,-1.0690201306320446,-1
0.5696013787249647,-0.7279733352480977,0
-0.2009841330361554,1.4559862916789512,0
2.373655211178631,0.626919363332962,3
3.5327330798418792,1.558338210313587,11
0.3593211180743644,0.1961374989602569,0
-0.1205884022911097,-0.4518676904716295,0
0.9490407521696904,-0.0516454118141005,0
-1.4231100506157943,0.5273254588220718,0
-1.6139861007025609,-0.6351681473097808,0
-1.1634907537224903,0.0445836177471729,0
-0.4035555312524304,0.4705135154308128,0
-1.6615264987460616,-0.0113050105065346,0
-1.1033464487056115,0.73433551318177,0
0.1550018179399331,-1.3981805650359074,0
-0.775685569574988,-1.0072180658942909,0
-1.0606723032770575,0.3697212354795506,0
-1.118980830921093,-0.2146228300446251,0
0.3135864769371264,0.2601811498289342,0
-0.0451873777976743,-1.9427546317251465,0
-0.8206033613582698,2.5257537555308263,0
-0.7514740601110947,0.464909578993638,0
0.0178756563360134,-0.9230887438378902,0
0.6177779294387429,-2.173258467887208,0
-0.8610763904389175,-0.4553713776889438,0
0.3541885590498135,0.3793095277523694,0
1.892237489325553,-1.5371823799608244,8
0.6254162173964263,-0.2257653284263236,0
-0.9920224028909874,0.1233795911701103,0
0.2773728890886447,-0.0009814301839202,0
0.2357448214416116,-1.0645311012745036,0
-0.5496221768054737,-0.192175142309122,0
-0.5991878601549068,0.7378899774558253,0
-0.2723248126859303,0.6721624983138769,0
-0.9329841665568048,-0.468779684469484,0
-0.814582020144952,-1.0306910538764011,0
-0.8569366416259911,-0.9000301337734028,0
2.226884969162896,-0.207586640427856,1
-0.4435964070615902,-1.6111989191562586,0
1.2375838744248155,2.071588789428518,-1
-0.6138370946494061,0.7234416819626199,0
-0.047607059213971,0.9446415016349234,0
-1.1368609156206613,-0.662247050224502,0
0.9507554787651256,-0.1257346899408758,0
-0.4795445776278469,1.896843959355773,0
-0.1812953461735848,0.3176858183846666,0
2.3986600446696698,1.113951478757433,3
1.1126916993297005,1.2693916153822349,0
-0.9785063924216264,-0.8027532955103798,0
0.1599382996877254,-0.8693492504079107,0
-0.7236868676821325,0.1717188389615462,0
-0.0418117359602834,-1.353310807323976,0
-0.9359334655035852,-0.1392629074438491,0
-1.064495003819525,-0.9298427166921116,0
0.7290963688920842,0.555832351218356,0
0.4633578529074699,-1.4277589518937746,0
-0.907857189141385,-0.1748802509006727,0
-1.48527833819223,0.8149582140257238,0
-0.2787342144372597,0.5975721281981478,0
-0.5250585916386348,-0.4348110574492497,0
0.2051778013635765,-2.137155024059674,0
-0.8684585601866817,-1.7844132288799563,0
-0.5679998024395859,0.1345720176979354,0
0.7405806044955517,1.4480114509207629,0
3.61129589833822,0.551633702998071,14
0.1994475260089563,0.8554837489722804,0
-1.0767297437113144,-1.6483944744476433,0
1.0192554007052876,1.6549484371329284,0
0.2319494802611799,0.6150737959764544,0
-1.4092326653711815,1.0371831823685411,0
-0.0452328530612343,-1.0940312913846453,0
-0.9154550588334008,-0.9557080749081188,0
-0.0436498350225748,1.7311313386088325,0
0.4184329479969357,1.4535781046489018,0
-0.3376497574836701,-0.328059363341202,0
-0.9570968589833416,-0.9908784921561424,0
-0.2996720595370678,1.0238386012340193,0
-0.1616491694504359,1.034665990176369,0
0.2272119409142843,0.3807964426738345,0
2.894083581232109,-1.237830578002283,1
-1.214589522244507,-2.0103473151155,0
0.8696416656714949,0.6428404470315495,0
1.013946597019766,0.5133465979928091,0
-0.8281280510808934,-0.7697854830409009,0
-0.1738579269304642,-0.864302439460011,0
0.7482199113963078,-0.465528053138131,0
-0.9807169376575332,-0.4398640395396015,0
-0.9316383974435564,-0.0941197795091666,0
-0.5379812691765428,0.4813680209119602,0
-1.6499299676539096,-1.1383546775915194,0
-0.5762682230872669,0.0327654288482123,0
2.9528165996569893,0.918949506595435,1
0.9831426118196224,1.522435261370803,0
-0.05900224643207,0.3881116270752644,0
-1.7697381340604663,-0.0809913172460161,0
-1.5920299325590497,0.5560099932623388,0
0.2694756118682037,1.9475822032518384,0
0.5372728540415596,-1.5489673072425396,0
-1.0900624761761604,0.0424305721743105,0
-1.3508467898872405,0.7845558057504695,0
-1.4362220261384966,-0.3454521775334796,0
1.0266795570251828,-1.0350351250656828,0
0.9674587162857616,-0.4234437292409294,0
-0.7719179887121824,2.6354719800092568,-1
-0.5601354167385638,2.0352891295837,0
0.2352932495222248,1.1927657221793713,0
-0.481670192316913,-0.4619780201297477,0
-0.5994172425700806,0.9348627703049376,0
-0.4302161432038244,-1.483723885442334,0
0.4994091623692053,2.392086305717627,-1
-0.3397518412661175,-0.5095440235605375,0
-1.008782816220646,0.0971913035256697,0
-0.4929125415447741,0.2377110194265464,0
-0.7216142550028749,-1.6366819019873924,0
0.0362755101303693,0.2563187477446901,0
0.3241967615815158,0.8479376056573281,0
-0.2482920735920502,0.6888674127896873,0
-0.2180747277438041,1.4981213926328938,0
-1.2558328140253632,0.7073349585908674,0
-0.6383240111554235,1.6216682555875888,0
-0.1484768132305849,0.8694277153292124,0
-1.578940185196591,-0.0773670219717479,0
0.9482947555158708,-0.56874864033788,0
0.1525397919443031,-2.5123771831094595,0
-0.2356694271498581,0.3383350235680458,0
-0.99270793906395,-0.2200230756831686,0
-0.697548889949664,0.3876156636865035,0
0.045050147217609,0.5707633583588579,0
-0.5993158942438735,-0.2611459107676174,0
-0.608106115943787,1.106264150107511,0
1.3292078523791035,0.2695586034066681,0
0.2118258048186772,-0.3204997494112506,0
1.0418526487012745,0.1772199413790507,0
-1.1461287158236368,-0.725146835818585,0
-1.5137614645932418,0.2633082875960891,0
-0.3329031230840625,-0.2635266781066824,0
-0.4165875534424761,0.1031297722861095,0
-0.1645289926473552,0.1564221879311957,0
-1.5541927726618463,-0.8799688624936955,0
3.2349307030731,0.5271176407320698,1
-0.755948368120819,1.5007182788433302,0
-0.0048366224571021,1.399407198654088,0
-0.652363958590085,0.1382778984433416,0
-1.6975502392463588,0.1918310388740878,0
-0.5600062338908303,-0.9946116410164396,0
-0.8653563434659552,0.3540053810835708,0
-1.7725738347721869,-1.099520639331225,0
2.952899004494788,-1.9334105913407515,-1
2.727493183561016,-0.4032547432412516,1
1.0500353854191302,1.0048970126852417,0
0.7472438587280381,-1.569782768939421,0
0.3881888663539443,-0.1710999563132882,0
3.1394676865806863,0.7155977930717212,1
0.3402195199270819,-1.8085627562899436,0
3.243386785123912,-1.405896546397305,-1
0.0219648728874875,1.4963644962120903,0
0.7626171955514015,0.6082089265072371,0
-1.216885627174353,1.1871947887616536,0
-0.9895811724935318,0.2347002100267672,0
-0.9043281599503656,0.3461244022931669,0
0.8020697156432921,-0.527229959253559,0
1.9496929914243784,-0.4222889743975713,1
-0.6980740498776316,-1.4813737749415723,0
2.7083455607867823,-0.2345735728276664,1
-0.96739439897218,0.6883717525531132,0
-0.2769688757966641,-1.1289126731898589,0
-1.426889257820162,-0.7995824007395502,0
0.3697280824990491,1.0121665486301237,0
3.3059313529091883,-0.4468312622362045,1
0.3759231370844878,0.9265331254289536,0
-0.9751516759981038,-1.0482814550222994,0
3.198574175702063,-0.5437882566420201,1
0.3259868540913971,0.7582563183388464,0
2.5444620263234725,0.0032754309723131,1
3.433775562259528,1.2003104548337344,-1
-1.0398859433891263,-2.021201972172741,0
3.5604284885770285,-0.2449630749105432,5
-0.3656994278668188,0.6908860765384099,0
-0.8194014149662554,0.2627336054338813,0
-0.0517098784526588,-0.6143364998763023,0
0.0382241267754797,-0.7054738937018522,0
-0.0902475597401216,-0.5441842129845488,0
-0.9815863809821094,-1.435017253884269,0
-0.2754606743090603,0.3871838806720412,0
-0.0158809124827451,0.565713461839732,0
-0.9689811712623568,0.549780446030122,0
0.0771895037319141,-0.5651033996672662,0
-1.0802285484161596,1.816327026526623,0
0.1496517068613649,-0.0133190914134919,0
3.5604947594387637,-0.0908104160341493,5
-0.7816381884214296,-0.6543745887577038,0
-0.0301118004125644,-1.0093457348051358,0
-0.7579978635124544,1.1221450431659343,0
0.0778322999497611,1.8014839275758048,0
-0.3247236710380415,0.7143471584735019,0
-0.6647643357443556,-0.3597972700665704,0
-1.0904959321940233,-1.528164794134936,0
0.1644329337159421,1.634092607155785,0
-0.7080623339023482,-0.7054189027437903,0
2.616075581726521,0.5627825240983151,1
-0.644722465744275,0.7238577997570231,0
2.5609033352533124,-0.8933369938035044,1
-1.2370924608376386,1.1081405883103033,0
0.093563239053645,-2.287051150996026,0
1.0715338874590752,-0.0592954316909821,0
-0.8146074531933221,-1.1749324673188368,0
-0.874767762370571,0.9739243787553418,0
0.2659829628880321,0.747598877785598,0
0.3528310893911023,-1.1679710444929432,0
-0.9482382305086258,1.6746039993947115,0
-0.2602031216658106,1.414102269856968,0
-1.063621052860447,-0.6254200728180985,0
-1.5151891633847985,-2.072052458378247,-1
1.2333730633123507,-1.4793898540890873,0
-0.6309244046852199,0.6153800176425692,0
0.2373114217009045,0.2349289743352292,0
0.8936463662242544,-0.8270613872881712,0
0.3698079560479971,0.3058439689677626,0
-0.3543217515750593,0.0943431866071805,0
0.1152191164700522,-0.1944182906767281,0
-0.036454381938769,-2.2544415313677555,0
-0.0666364963349337,0.2862624753402193,0
2.1544255013418887,0.4150903713676602,3
3.2292099923508744,0.8136371874994308,1
0.6503982733638306,0.0797702207317935,0
-1.3806124896121996,1.2064078560803089,0
0.2820825197101137,-1.4212148409806369,0
0.7812572991397004,-0.4442929333473406,0
-1.510211843823642,-1.5333098983162925,0
-0.8781291723736492,-0.5889362966346591,0
2.0271674617637645,-0.514019430726986,1
0.2470932306497756,-0.3304605540508913,0
-0.0808925632615436,0.5078402153990184,0
0.5388577742219702,-0.756900583072812,0
0.8065862940284498,-1.04984876129655,0
-0.6945872112783369,-0.2618425466812248,0
-0.7951425781290365,0.2326624923345726,0
-0.0004928742453866,-0.7660862518989329,0
-1.6749249527092516,0.2007092919157413,0
-0.34840167890424,-1.0543764688542834,0
-1.024155269845331,-0.2528636542249612,0
0.8421942990366256,-0.626694954926126,0
-0.690388983910013,0.2885786918553578,0
-0.5101388828640181,1.3334540407749038,0
-1.691037512823171,0.525719675720433,0
-1.3498987757600915,0.4022037727562282,0
2.687044568585665,0.6208941805011914,1
0.4182138891769488,-1.3364139565204591,0
-1.1591711358127696,-1.593968578571736,0
-1.3454901892487108,-2.112415671293142,0
-0.5897043600076798,0.2525757358663414,0
-0.36646744308148,-0.2885593460056036,0
-0.1962286076034297,-1.9697245294777457,0
2.988451889823301,0.832869308761558,1
-0.6574996724707769,0.3037426772056427,0
-1.845249551900835,1.3960284849711422,-1
1.0951527431706,-0.0697760791108617,0
0.5355108000727987,0.0273207288714732,0
-0.3166470740841969,-1.1034518298734228,0
0.5045220245223628,-1.4432778929379486,0
-0.3040800966850579,2.213799959960105,0
-1.496950988581813,-0.0382408626974171,0
2.419590776642225,0.0360502408391203,1
-1.6004556543792927,0.7857809533440152,0
-0.0371345773105367,-0.0810175428186479,0
1.2384383325320945,2.044318101762184,0
-0.1343227979811811,-1.5316025848338772,0
-0.7110208577175344,-0.0382534423462504,0
-1.146729791029441,-1.2538861799316705,0
-1.2110837401568035,0.8655353300084795,0
-0.3272642678362443,0.9776557877388584,0
-0.92410810135965,-0.1386272820546621,0
-1.013387140244797,0.9553435481024608,0
-0.0161408591480814,-0.8545693565865732,0
0.4245667887185324,-0.8015966332226011,0
0.9129137314497124,0.7892582634126043,0
0.3531125108336977,-0.2373743274768318,0
-0.0401111614154528,0.7577332384112878,0
-1.6618079201886573,-0.941901727522646,0
-0.2176764233943139,0.9304752452641682,0
-0.8555863648782406,-1.21610079928374,0
-1.0530275257594126,0.8051043715192386,0
0.6861959959044973,1.135126671799499,0
0.0060485198660207,0.9414675212928684,0
-0.6356860243021248,-0.4715765696029523,0
0.0842902520370831,-0.1666582654923651,0
0.0458284860274571,-1.436756073115602,0
-0.1366827722996051,-0.4663466428031386,0
-0.9345046679852472,-0.4532183321160813,0
-1.6887242367309736,0.8497208792268566,0
-0.9736122310812528,0.5925086094879294,0
-0.2295192984645888,-0.2232331446159073,0
-0.4506463393020044,-0.3415407382692746,0
-0.7598484165031928,1.0381257688139154,0
-0.1591416681912461,1.30013926790942,0
-0.0934483894786107,-0.3121328218262305,0
-0.8630795273683143,0.1452687839891863,0
0.0769470679929171,-0.832313453602683,0
-0.4802367573483794,-1.6345680305764392,0
-0.5199569422080431,2.40991822612962,0
-1.4774979438786835,0.3646374449748017,0
-0.8201388659307538,0.9005437941652856,0
-0.9808332712010374,-0.2662792604780485,0
-0.4718752502605104,0.6485317711418701,0
1.2400251048222712,2.1829094082851745,-1
0.9821443309911092,-1.0879741060201251,0
-0.3748807851771764,-0.3787298192660208,0
2.0871200673226924,0.3649092529608701,3
0.9591298351572236,-0.6989508797611531,0
-0.4544977575646773,-1.6351493386093792,0
0.2371814854701865,1.268988991935537,0
-0.5331396962269813,2.073718501368329,0
0.8486648348680883,0.4057202569867266,0
-1.8711687546166196,-0.5620915897807792,-1
-0.2326557094511094,0.8164463230655413,0
-0.6572287786429628,0.9008054099171116,0
2.3763609014557328,-0.808894150608442,1
0.0699510268896902,0.9114388195027882,0
3.1485716218472377,-0.8662177226085213,1
-0.2995889013162848,0.167319256297665,0
-1.561413812781631,-1.7387567324596735,0
-0.4962069273031335,0.8248437559127716,0
-0.0155775967151943,-0.1501299925738297,0
0.0231253022870534,0.7159952013082762,0
0.051238638039186,-1.4911629150480374,0
-0.9924292529297992,-0.4638876787163479,0
-0.0072654731300108,0.9681451464553374,0
-1.5344940075478857,-0.3600772661600534,0
-1.684761955541685,-0.3791779395931735,0
-0.3194189054073392,0.0103050098877828,0
0.2979326018698463,-1.020470524937808,0
0.0169647758026968,0.776125369883782,0
2.175260695369115,0.5136499117277957,3
-0.3474756889177403,0.3776156848849536,0
-1.1256308163016533,-1.2098986717425075,0
0.2384387555614574,-0.0166584135701775,0
-0.9843636031384322,-1.458466581348436,0
2.5847626447783743,0.1847718456625737,1
-0.0561491089979105,-0.928689139975559,0
0.0943313340520142,-0.0958892555788031,0
-0.5695565542631821,0.6612080270199343,0
-0.0791460939054564,0.6134068507743013,0
0.1735764040494823,-0.6089943307670469,0
1.0006553815473682,0.7215207894216323,0
-0.5994757211254781,-0.0602172243161042,0
0.6943941874193328,0.4488530869201988,0
0.4737420398085205,-0.7932264684902617,0
-1.814047811714592,1.143951759547707,-1
-0.3029911991647128,-0.0258321763492801,0
-0.5821441732728871,1.0411995644696408,0
-0.7512479623677559,0.4181335514185191,0
3.1081515947763987,0.3198798646061686,1
-0.4451713489906104,-0.745073573698059,0
0.3103725140911057,-1.1836667786704858,0
0.2408864755188746,-1.4174477981347162,0
0.6892850795176924,1.597645962105288,0
-0.0372962563019069,0.7733865612796015,0
-0.0849500370523655,-1.731957111148904,0
-0.2704872629870294,-1.087621562295647,0
-1.0663260639584644,-0.6821686595037832,0
0.0642037101884129,0.2146302698473609,0
-0.4450797748962,-0.2787754860754248,0
-0.6111088364480723,-1.5746877232818346,0
0.5497791669402472,-1.7259149174026285,0
-1.2534858930307624,-0.8221038302244007,0
0.3350953767761586,-0.302573294938842,0
-0.2859961424023939,1.1084935009752253,0
-1.6122771844880028,-0.6897095226424493,0
-1.4722594491097158,-0.4935573624873112,0
-0.7398937371989067,-1.1440301849056873,0
0.2175723681369699,-1.619531952755655,0
-0.5567565700130462,1.2628197158376684,0
-0.8711029067842478,1.6530375844279757,0
-0.8599273777815116,2.123853971318572,0
-0.3349948090674227,0.0564266612824294,0
-0.4743101209136984,-0.8069948358321777,0
0.4009824110761044,0.5630012477486278,0
-1.5305972438373463,0.2527120091433548,0
-0.4109246977083571,0.9852749992013432,0
0.7767030377973196,0.0861218732915036,0
-0.3249360863104581,1.112364420383075,0
-0.9760248735741972,0.6431366541035195,0
1.0388897470672802,1.3672119569434404,0
-1.4345970215277064,-1.5393149609296255,0
-0.4542545684426957,0.6279014683258695,0
-0.2422309135084409,1.0033664923361951,0
-0.8696313693107945,-0.6841025006340483,0
-0.5261559050326073,0.4820036463011472,0
-1.36090681539058,-0.9425646210267238,0
-0.8804864911673371,0.4390644925721614,0
-1.2050648504486277,0.6668445117482863,0
-0.0130668107841695,-0.0348534801147725,0
-1.2441283708431423,0.3605694606390527,0
0.2177607829230856,-1.6585119757349214,0
-0.5140109669091715,-1.1309345740859007,0
-0.4928171334151381,-0.7708457435480967,0
-0.0916782594002109,1.8028671175114332,0
0.222912914583144,-0.2982742001134775,0
0.7320410804206544,-0.2946703282098333,0
0.6259106034748286,-1.0178439586430694,0
-0.3545310119913349,0.510067698546565,0
0.4744770892998625,0.5470968457483546,0
-1.1977615353067386,-1.1588237009181177,0
0.3948309796444597,0.4533867482560332,0
2.165084545921673,0.0039267215815593,1
-0.989253726423986,-1.0080844986209063,0
0.3693811435777043,1.92325792573745,0
0.901819458526008,1.495018437409404,0
0.4206766685555637,1.7736234145529246,0
-0.7175680622098188,-1.7262593127439447,0
0.0655682187704762,-1.074857246651806,0
-1.4645316431869817,-0.7467895560801728,0
-1.7130149461445388,0.8680400941279115,0
-1.5005377429452451,0.4415152424875331,0
0.2941787776818632,-0.8235164828799809,0
0.7090265845867688,0.0943528980491385,0
-0.0010412812766704,-0.2801976985968699,0
-1.055584540336982,-0.4572895535991496,0
-0.6454229073508266,0.5697477037659513,0
1.9947726662186247,-1.4891660615978215,8
-0.4594438837285722,-0.6695778998459913,0
0.1544029286791827,0.572199496223582,0
0.043838352389898,1.0076874235240711,0
-0.9321102155977268,-0.1643570405954709,0
0.3293935353384411,-1.8481051849347705,0
-0.8872344103865758,0.3216965513690357,0
-0.2733423823466487,1.0505586377057174,0
0.8720320800041959,-0.9139422491736786,0
-0.3693069778284257,0.167766182506465,0
-0.3934637129564531,0.997669367533051,0
-0.1165104167054159,-1.7414096759031372,0
-0.6259347851832248,-0.3775353285107787,0
-0.6750547626059419,1.971087739525126,0
-0.7273602689577771,-1.6623077839662717,0
-1.4590293677174515,-1.6595563957132582,0
0.8328908720057868,1.985224684752024,0
0.1997840671312141,-0.5570456277434938,0
0.8300511332392471,-0.8789486250590236,0
0.701312461134957,0.6988263259764544,0
0.5481658628749193,0.6405685332785133,0
-0.6649532998938619,1.0038408382359796,0
0.3793374808221747,-2.3528516982855066,-1
-0.7440249403225118,0.4555419884339556,0
0.5074467736194515,-0.0890993457099921,0
-0.1656894220469211,0.93679148283501,0
0.8782856131450321,-0.004495677753807,0
3.0409501145761597,0.4160554004799193,1
-0.2146387052092643,1.049549305831356,0
0.3982053187354756,0.371647904980656,0
-0.7100402176310544,1.586987175857594,0
-1.0668867208986013,-0.0442426881634312,0
-1.19112064497889,0.0061968088478653,0
1.0496272326339433,-0.2535529248777644,0
2.0669891489372434,-1.0543950420054709,-1
0.5313320655562741,-0.1914071781247621,0
-1.1735330587000885,0.5143484130302725,0
2.541630363666572,0.8303900966129427,3
0.0960370954104311,-0.1681378809412831,0
1.231401669143606,-0.6990937789088986,0
0.0117386607582757,1.314378744003801,0
-0.3392982930010792,-1.3115338992112415,0
0.5979213935725372,0.174802042907043,0
-0.7025236040180702,1.1912384389776445,0
0.977585012650836,1.4578293564126577,0
-0.1765343501239706,-0.7591023626734485,0
0.6513508749091902,0.2184040901401067,0
-0.0759473202963271,-2.2856679610603967,0
-1.187374063733853,-0.6744879827885978,0
2.592330623819504,0.1324683385212249,1
1.7928576669074103,-0.968526749141644,-1
0.0933859754496011,0.2492076245915197,0
-1.2249183854463008,-1.6675070539277816,0
-0.4089220601103652,0.3296724346694835,0
-1.1743915548621868,-1.304024887029232,0
2.7973692348449952,0.0488450617451717,1
0.4927480258065728,-1.1004682885885344,0
0.1984551853770139,-1.94237753651656,0
3.639817930659122,0.5549538196351913,14
-0.1380693792262179,-0.850917793197414,0
0.9078669361386952,1.4582762826214577,0
0.1550994120146229,0.0923820773620242,0
0.0283058678640144,-2.461937686098163,0
2.429562303123588,0.1028633571502817,1
-0.2994454124303385,-0.3475955116643838,0
3.0865813512578306,-1.119002989992583,-1
-1.4989405728559817,1.081544548618972,0
-0.4549024216584351,0.2767027968767374,0
0.1712177825094192,-0.2521762092367741,0
1.6315571294334303,-0.648700492104125,-1
-1.025985027237895,0.6659930706399149,0
-0.9188194697050116,2.1638433261721985,0
-1.0159967432131785,-0.1099618015578672,0
-0.3763967789711168,-1.0538990373832726,0
-0.6069722925232726,-0.6574332412190913,0
-0.48116582798712,0.4041354192814331,0
0.6848593218439604,0.5907220987710816,0
0.2177861659394702,-0.1346500741154719,0
-0.8367116178572815,-1.160465269458253,0
-0.8701626849634353,2.111612887178383,0
-0.4270313176257054,1.122833464908123,0
1.0682700715306868,-0.1315934646830511,0
-1.1272376308070196,-0.3555252244825619,0
0.0832792517200345,-0.0886556566485113,0
-0.5379326390568419,-0.3496480693987294,0
-0.3158230559911948,-0.6391957633652676,0
0.308787927745983,1.1768613201790978,0
-0.0579879614431865,0.1599122529574173,0
0.0718670973591784,-0.8462300002686307,0
0.5651452608206644,-0.0316539715346061,0
0.7654443505738004,0.4718248313372619,0
0.3833058561956425,0.930916891296682,0
0.1699520965445207,-0.2893462362900483,0
-0.2175639238860351,2.2317453167998926,0
-1.1234897468156075,-0.3650273484424773,0
0.7931905753737043,0.3366268611750166,0
-0.7705444648611156,-0.0354766774312195,0
-0.3115285372945564,0.7306054498926989,0
-1.1029274285416557,-0.0421511078432695,0
0.9118064398043492,0.047880897535074,0
-0.6847691519343119,-1.3383067320359416,0
-1.5503868296627334,1.26236307818691,0
-0.3310974959934932,-0.6554421487374463,0
0.4101662996753122,-0.5134203747207667,0
0.573168640236598,-1.5394227719733955,0
1.0390832188512884,-0.6871567218297642,0
-0.7690297738135503,-0.0314901269905152,0
-0.681117978818911,-1.0104347606977615,0
0.7773559480109515,-1.578068111053303,0
-1.2557307123161716,1.5071670305181444,0
-0.3433404477393157,0.6236874992711492,0
-1.498071962698098,-1.130859462909401,0
0.2370904607391665,-0.5219671810103814,0
0.8726845206381453,-0.0417576753219922,0
-1.2318521139589045,-0.4035296367985462,0
2.451189592635484,2.033547553997332,-1
0.5888692933138132,-0.4363117698706065,0
-0.6559423712837902,-1.54755141743964,0
-0.7614877771841815,1.0966230377489845,0
-0.2310501976921183,-0.709109791870952,0
0.3531969718008558,-0.4227110047366384,0
-1.3512744355242263,-0.8055874633528838,0
-0.891426278010632,-1.572930675284938,0
-0.0347927930975368,-0.806784148713186,0
3.200517735349281,0.5098077577053761,1
0.401217603872155,0.3464805521054084,0
0.9062521253073978,-0.1669217726970645,0
-0.5119166754330607,-0.1085225781219172,0
0.0304340880458311,1.239249628740454,0
-1.219930668086057,-0.6273264942573793,0
-0.2554233119434817,2.161569520966289,0
-1.0449423831162463,0.1422188004274977,0
-0.3464835523053919,-0.1450218679493226,0
-1.1940023703175606,1.1610489124264418,0
-1.329349590593671,-0.950819306302302,0
2.382049609785919,-0.939261580270252,1
-0.0670582518073344,-0.1117122236840318,0
-1.086764805745966,-0.6948989295859078,0
-0.1423962400788848,0.3039036535428586,0
0.1243571102580035,0.7346374972138578,0
0.9956176015053546,0.0090776676891768,0
-0.2403471351629954,0.3906998443860019,0
-0.7857129691189969,-0.7267458414733984,0
0.8407549739035065,-0.6462735145585367,0
-0.3163720123858691,1.1713508752600794,0
-1.0937127660928827,1.5424953385321576,0
-0.1630384319017849,0.6873499926060119,0
-0.3215385001161261,-1.3242524148224413,0
-0.534245085730593,-0.7007547703329504,0
0.9602943026116092,0.3663238130608708,0
1.875781274962124,-0.4512773843227996,1
-0.4730879282869001,-0.7424809013889436,0
0.109594826891835,0.7435772155082122,0
3.103560199840185,-0.4665674094824182,1
-0.3204376980307245,0.9292349544762846,0
-0.783751219366355,-0.0126391632622027,0
-0.822472857837417,0.785383064315176,0
-0.9012721718761836,1.3374255995973634,0
-0.5299128840767315,0.6612504383291631,0
0.3273200394605048,-1.8676411816818588,0
-0.8662785049970377,-0.2761552424992317,0
-1.0716679631829995,-1.2949885916454953,0
0.0976764560914198,-0.2266351498763522,0
-0.2098615009796857,0.4546512215875815,0
-1.1732230493529818,1.6068937935186307,0
-0.0836970705760022,0.993624892139152,0
0.1959757226589447,-0.7212440654540788,0
0.9847579720143104,1.8229752313660412,0
0.2594456068314443,0.8856890923196354,0
0.1066927255026864,-0.2612007501495859,0
-0.7837785045244907,0.4965948409420979,0
0.124489651981472,1.0429428149666455,0
2.9538496241146874,-0.973397288981897,1
-0.5684579381228344,0.4155759909460852,0
-0.8083565255452364,-1.6078512312520603,0
-0.2279052410162763,-0.5938758422972167,0
-0.4100267462629779,0.9306604041450492,0
-0.7794690803942633,1.6771034833378575,0
0.7908492607403868,-1.4739810911269382,0
-1.2253492359714135,-1.8957370848839328,0
0.4509991169815336,-1.29970261014691,0
0.743961303330835,0.0220666195279945,0
-0.0002381885975367,-0.650913616001805,0
0.1661223570787008,1.2478579002827692,0
2.740431649731191,0.3192103452313585,1
3.286964352614734,0.5237972209427629,1
0.155415781105997,-0.1592785302670082,0
-0.4427991247633335,-1.9623669337670868,0
0.3547297231381511,-0.5903097751283298,0
3.0500126126339704,1.5286072128660164,-1
2.703212871946538,0.1165024712682509,1
0.4735086991222355,-1.2301811904937787,0
0.7594831860380372,-0.3302451087813349,0
