Customer ID,Age,Gender,Annual Income,Spending Score,Age Group
d410ea53-6661-42a9-ad3a-f554b05fd2a7,30,Male,151,89,adult
9795712a-ad19-47bf-8886-4f997d6046e3,23,Male,55,57,young
64139426-2226-4cd6-bf09-91bce4b4db5e,24,Male,154,76,young
7e211337-e92f-4140-8231-5c9ac7a2aa12,42,Male,158,40,adult
43417ade-6b17-431e-ae76-d8ed26aa46ac,24,Male,70,17,young
86f73b1a-6a91-4d7e-ad21-0aefcf6111cc,83,Male,48,34,old
49ba3e9d-a590-4303-b443-e794d0364c11,37,Male,171,75,adult
eb0e4ebc-fcc1-424f-b083-81987583ecc6,25,Male,88,17,young
b43f995c-c9ab-4c58-8f71-949de233ac71,19,Male,199,82,young
51d7be3e-84c9-464a-85e8-0a95b568d90e,89,Male,39,97,old
8bbbdbbe-7f8a-4c9c-afed-f6969f49e9ac,65,Male,87,3,old
baa61fc0-4a1f-4210-916b-669d1ec44dbd,26,Male,46,12,young
05948202-e483-482a-9c02-6a655498002b,21,Male,200,49,young
6d6d557d-41c3-4992-9ef3-f7d113c78649,70,Male,164,36,old
dd6223b5-5aae-468b-b936-618b513d4e70,24,Male,109,6,young
1fd446a8-109c-4314-92a2-a1e731923744,61,Male,142,45,old
c2fd4929-fc3e-423a-8dd9-1fb239ef4de6,79,Male,110,7,old
5963ff82-b2de-453f-bffe-4fed059e18ae,58,Male,81,23,adult
ace9492b-bf39-47eb-8f28-6f85b9cc8973,79,Male,164,96,old
c5e56dd8-5a20-4bd9-bbc0-97c380553084,76,Male,189,87,old
96892d38-cadf-4409-83d8-1b7a3b37b05a,40,Male,64,62,adult
d5e8bfcc-51e1-44b2-a59d-9174d10efb97,55,Male,77,86,adult
d29643f1-551e-4353-a560-cf4e6797e003,24,Male,120,80,young
3e260c72-5788-4641-8dad-9cc7a4eaafef,45,Male,82,39,adult
f67d66e3-9403-4d69-aee7-4a75c2a92e4d,28,Male,150,15,young
b6e3dfc4-1a49-4424-a0d9-d0f796002933,45,Male,147,1,adult
92390e01-1df1-4643-b044-546283ae7773,46,Male,88,3,adult
38cb6a10-0af1-4505-b3df-0f8ff3a4e4d3,36,Male,64,23,adult
acb1f373-6d7c-46d8-8d72-7e5bf1ee9921,62,Male,23,39,old
9a359e4f-973c-4f8a-91dd-eb930fddedc8,36,Male,126,35,adult
4d4ce6bb-da34-4f9c-8f1b-4c05bfe5fcaf,21,Male,56,34,young
bd38959a-71ba-4d38-8a52-3c23ffcf5cdd,44,Male,101,55,adult
d240e1a0-b50c-4bbe-8387-3c6082d42f20,23,Male,169,31,young
80d67524-2ba0-468a-afaa-5cbfaa28a8a2,24,Male,154,79,young
52c8dde3-1956-411a-a010-c879dadab6fb,60,Male,99,27,old
3a626479-8b72-4500-a12d-97bb7d76e0e6,33,Male,68,27,adult
4679dd26-2bc4-4874-8d90-a262b803daed,72,Male,153,59,old
72292647-1690-41d9-a387-4b21980006fc,68,Male,168,24,old
d949c615-603e-4342-9d11-8fe87ee9c88b,65,Male,23,32,old
65db8631-0f2b-4e2c-ad67-be996981bcbf,76,Male,86,48,old
4f8704b7-eec8-4298-8db8-647c635bd27c,70,Male,187,14,old
65f74905-788e-4b8e-b2ba-70b6ab52fea1,57,Male,165,9,adult
835b35a2-e838-401a-86fe-85c3c181bbb6,65,Male,97,67,old
f4021ca8-b350-4d8b-9293-b2cf386bc0cd,61,Male,167,93,old
c66bcf0c-db9a-4201-8b7d-5c445e585b1d,46,Male,43,54,adult
f620a5e6-ee46-4404-9d96-603bbd1fc6e6,68,Male,114,42,old
b72a56cb-3430-4f05-9f46-6e0a2947bad4,51,Male,196,31,adult
e9798111-9781-437a-a9b9-232fe9055216,25,Male,142,63,young
3e51e22e-e3ae-42dd-a4f9-d771c07676ab,30,Male,195,27,adult
33577556-d045-41a0-9565-7f0f37a39727,65,Male,81,10,old
d41eea9a-569d-42fb-94b1-d4551204c936,21,Male,172,80,young
101fd379-ff5c-4ec0-8cba-f8a9fc0f42de,71,Male,149,13,old
36fd3a7f-6226-4d3b-baf5-e39833d9782b,53,Male,150,32,adult
81dfd08e-32f2-40a4-95b4-a406726d0dd4,55,Male,135,96,adult
83c5dafc-dd2f-4622-9748-23aefb000a38,84,Male,188,44,old
a81643c1-eaf7-4b97-9952-f6cc0881f37c,38,Male,130,71,adult
26852b46-dbfa-46f9-8d06-1b568551868e,27,Male,179,97,young
2cb233a0-5916-49e0-800d-01869340347d,65,Male,156,49,old
2bcc1223-2182-4117-ba07-1e3aa9d9b4bd,22,Male,158,83,young
ea1cdcc7-425d-4679-83b5-25b8332b5e6a,54,Male,47,42,adult
075acc31-0041-4ea2-8917-13a924da66e7,70,Male,160,34,old
2b971aba-879b-431a-8c60-df636ad45731,74,Male,191,65,old
3874580e-e7bd-4e60-bb68-c5110a04bd8c,78,Male,95,75,old
ad19c628-fe46-4ba6-9182-ad6278513ec6,70,Male,83,56,old
dd8ea81b-09a8-434f-a9cb-b0c4baf6f248,38,Male,70,24,adult
5f64caae-cb02-41a9-a648-273e0ed6d7fd,88,Male,189,50,old
052a6b92-7855-45d9-8903-5c9d69d6903b,27,Male,39,29,young
4884ace5-bbb8-4502-96e0-be564083da60,29,Male,48,53,young
e7d7ac8f-87c4-444c-9118-04d957987b53,33,Male,182,1,adult
1c8da0fc-e147-4a54-8ae7-b1bdeb6af340,82,Male,122,46,old
30a4fcce-b05f-4988-9d5e-0d580e9028d6,52,Male,30,3,adult
dd714097-4205-4096-b6f8-d9822acd3c04,59,Male,194,47,adult
edba12eb-e908-42c4-81c7-b6770912c7fd,29,Male,146,82,young
9526a9bd-1ea4-4aad-b4a7-adfc5775bf7a,83,Male,148,71,old
a0ab2029-178e-4eed-a816-277dd64035fa,26,Male,111,96,young
b5c458ec-1d54-465a-b97b-a149d7f32106,79,Male,27,48,old
46654e16-4363-43d7-b3a5-54120a7b27a2,49,Male,198,33,adult
0516205d-d816-4d8f-ab9b-d41f1a560e1c,22,Male,41,40,young
6557b342-6b66-4645-942f-b13f33f67e64,54,Male,88,40,adult
84140ddb-54f1-4b31-b51d-4aecb10b7ac7,83,Male,166,52,old
4fcb4b02-1609-41e0-b9e3-c9468853e577,60,Male,167,34,old
78883927-b348-4c79-932a-074dbf6af0f8,55,Male,74,13,adult
d49f5b80-4d55-4e37-889b-c7933c3ac0a5,79,Male,83,73,old
bc695e38-c5a0-46bd-bc6d-818403c82949,31,Male,84,8,adult
660979ed-b318-4234-9b06-779097557930,84,Male,155,80,old
7eab5cb6-b411-4003-9993-06061f62b7b0,27,Male,56,100,young
e5647be0-0575-4fb6-8b1d-13b06203bd70,20,Male,112,39,young
d4406fb9-a8c7-45f5-ac3d-85d9001719b4,36,Male,191,99,adult
d54d2196-da54-4eab-8ef0-0db3e9cdab3f,26,Male,83,4,young
d7896112-ac06-4c31-90ff-479f168d9ac3,40,Male,44,70,adult
6d4c5a7b-cc6d-4fc2-af14-2cc50e842f20,41,Male,33,95,adult
6c2dbd85-8fab-489b-b91e-6f148f53bbd7,57,Male,100,18,adult
461ab175-47b2-4231-a028-1d69a212bdea,35,Male,33,15,adult
54078f11-3d3b-4968-9454-50e676d473c4,77,Male,157,57,old
f78d1f58-e72e-42c4-ab4b-056bb0830791,25,Male,72,39,young
790ce395-417a-4943-a8ae-ce90da71ab39,28,Male,194,19,young
7f8da330-ce44-4a67-82e8-a39fd77d57ca,31,Male,86,28,adult
43137482-a07e-467c-9bad-d892e85677b2,90,Male,42,94,old
4e6f9bfb-77c5-4a14-95c0-497f123477a8,28,Male,160,71,young
df390aac-71a8-45bb-b664-62f451a4e17e,70,Male,46,54,old
2e3dc035-dc1a-4f71-915d-632f29333996,46,Male,74,48,adult
08d38acb-157f-450d-962a-0bf7fa70819a,71,Male,190,75,old
574ccc4a-f0a1-4f46-986e-257dbb8be849,35,Male,84,53,adult
5ee59227-16af-4127-a51d-8981576f48ab,37,Male,135,6,adult
5de60d87-18b1-4886-993a-966b6e185657,71,Male,186,6,old
16226691-d6ba-4b9e-b192-e96299023f4e,50,Male,141,83,adult
ce99e2e8-23fc-49ba-9e2b-a6f26706718e,65,Male,177,100,old
cfe84106-02eb-4f9f-b161-789528948f7a,83,Male,151,88,old
5cda82c4-cf88-4949-a8b2-0412fdc67680,26,Male,40,23,young
9db67b3e-286c-4fdd-8a94-53f5a0968f86,24,Male,184,21,young
29ca88b2-fc25-4417-93f4-823d9d8ac2dc,40,Male,181,23,adult
1a1b53ef-065d-4333-930a-760ee0908394,88,Male,80,9,old
206ad996-8643-4336-a3f1-6891e7cd470d,53,Male,170,28,adult
880df93e-6bc1-42bd-bd6a-e2b8d499b710,33,Male,99,64,adult
a2c7ef2d-cecc-4a3f-b2ac-6ebf6595ad62,86,Male,175,71,old
2392d7fa-9489-42aa-b50b-36f66ee9b423,84,Male,74,54,old
bb047494-340f-4cb0-b88f-e4c8148eb2ae,20,Male,189,21,young
12da3593-4e95-4272-9553-1fc6e36e47cc,19,Male,150,61,young
7c10963a-9c61-4f57-b314-e147b63d70e8,84,Male,22,48,old
24c83f90-919a-4b1d-9a89-d9a09b167951,85,Male,31,51,old
d44d49f5-41d5-4588-b27f-0fed752e5a8e,44,Male,200,4,adult
a51e2948-955c-4f67-9a32-a22dd3e3798f,48,Male,125,1,adult
42661bdc-2936-4e2c-827c-44abf525d1ed,87,Male,55,94,old
45d48162-ec3e-49aa-a8fb-bd41df8f113b,41,Male,68,37,adult
bf9aa1fc-9517-4cd5-8f27-ff4978267df4,67,Male,23,19,old
b14041ef-0432-438e-8737-e30c31b391af,38,Male,55,53,adult
7f57a91c-2edc-4f2c-ad13-835eeab36336,80,Male,152,50,old
a2510f77-4414-4a52-9632-3e6ecd05165b,60,Male,151,51,old
4cb3f773-9193-401a-b091-4f4eccc0d7c2,53,Male,178,26,adult
08568a01-b6c5-47b7-a64b-81822fc84c88,26,Male,52,75,young
ad11524c-2b5b-450f-bfeb-8937c257649a,67,Male,123,41,old
1e92ab44-1bba-41fc-a777-d52c72924ed2,81,Male,68,93,old
7ac29936-0673-49c8-b7d5-b760ca75cee0,77,Male,106,7,old
20e9a636-f643-4017-8a0d-3ce805d7b7c1,47,Male,71,66,adult
86cc129e-2e37-4d6f-886d-76030c177dfe,28,Male,83,10,young
e98c5f4a-b9a8-45bd-8482-44fbc183dc1b,63,Male,42,88,old
da000695-9784-4a92-af48-5d689ee890e9,18,Male,179,90,young
39a12692-e72f-4a0f-bd56-7cb781f7b6d7,55,Male,130,39,adult
9d9766aa-f74f-40dc-8f57-8725faea0047,62,Male,186,61,old
da1e6e16-b189-46cc-ba61-91f6ee561561,32,Male,95,5,adult
1b8ce4c9-6432-40c5-8ced-0e788b54d930,56,Male,166,89,adult
98b624bf-578f-4bf0-ab23-16a1e052919a,64,Male,159,2,old
5b5ce678-7380-4394-9026-2de0f63d5968,52,Male,57,35,adult
bd02bf04-5336-4472-8b51-195741474110,50,Male,191,46,adult
01dd3ddf-f994-4b83-81a5-67fff8ea7c0f,23,Male,142,37,young
864add3b-a2df-41ae-8ecf-3df893ff3820,59,Male,194,47,adult
0676e9d4-fa17-4af6-aae4-eaf61853e288,77,Male,65,75,old
9e2d5902-4743-49f8-a999-80179e122ef5,53,Male,30,26,adult
13b200fb-a8b3-4861-bc81-93ac906b37fd,57,Male,135,39,adult
223c155d-0063-4892-81a1-6aee11bf3fb7,34,Male,151,35,adult
90d41402-9e50-4d94-9246-af60acb95a43,89,Male,66,86,old
ceb6a4b1-925b-4040-a8bd-51c46be91270,64,Male,77,16,old
b0770f6c-a81a-42e3-b2d9-042406b6b39a,24,Male,143,25,young
bd90e06c-db1c-46e1-b016-1acaea80ba60,84,Male,142,39,old
ad8f1ca2-54b0-4070-a333-2fd5bf63c578,85,Male,162,26,old
be7031c3-7d61-4ff6-af8e-4a34db857585,45,Male,197,19,adult
d7a8d545-2907-46c8-84d7-fa841cf3f15c,38,Male,26,39,adult
232e7d0e-a8ac-484f-a7d9-977cdf8ad90a,27,Male,56,32,young
58ac92aa-cfd0-4cad-8678-a4b83664f302,19,Male,82,10,young
0399d445-cd05-4669-9fc1-c1e15d1dae0e,81,Male,54,17,old
253c1e99-a1f2-4a08-abfd-23886f6fd829,72,Male,55,2,old
961ce28c-1daf-4da0-80b8-2efd964311ec,78,Male,186,97,old
f17fbb93-945a-4d78-b6d9-d5e74f766f9d,53,Male,161,6,adult
3787f7ba-d2be-40b9-aecf-17eacd3dcb50,42,Male,193,89,adult
a0e67ffe-bdf9-4f19-9c1e-8b1fa3b1d509,70,Male,78,3,old
3b1f7add-30fb-4a26-860f-35ccd355a0de,88,Male,116,39,old
6f33b4ee-3229-4142-ba94-7bfad1ca0148,37,Male,122,4,adult
86020c4a-69f2-437a-b5a6-e6ac368e4637,50,Male,158,17,adult
a78e4455-ac5e-4661-a51b-08e7a98c21ab,53,Male,75,55,adult
a19318d0-9239-4cd2-aa2c-db80298d3a6e,70,Male,130,31,old
a89bd9bc-80df-43cd-8304-aee824e2f8cb,58,Male,38,60,adult
26949bbb-adee-4a4a-b3cd-4058d5d3d261,27,Male,52,41,young
c31c7f85-2eac-42de-8cf7-2cc98cb185b9,79,Male,117,26,old
14deeb50-9d65-427d-babd-137e86ccdb5f,18,Male,98,58,young
38520282-8c74-4bd1-b64b-ffb002dce3fb,54,Male,107,20,adult
470474a7-c418-46a8-a984-43abeb281407,22,Male,195,76,young
09145ff5-8f35-462f-8efa-80ce480c734c,75,Male,86,96,old
3751f31a-9dac-46ed-afbd-b99c326cd984,71,Male,64,75,old
8081a26b-3642-4230-830d-c904148c81d2,69,Male,175,43,old
a98dae0c-b521-4d87-9d67-73e1f6874982,70,Male,56,7,old
7150b9cd-53a8-490d-9654-64aa3333b7ee,40,Male,88,95,adult
35ae6135-3d36-4c36-90de-5a7df63f6439,34,Male,183,22,adult
91bc4e41-7d65-4a22-9f29-a862563247a7,40,Male,21,51,adult
5d1ba1b5-899f-43be-bdd0-9d03c2ebc539,73,Male,36,21,old
bf8c6ac0-85a0-4546-97b8-b8c80c7260d7,56,Male,98,74,adult
7091c54c-7dca-4eb1-87ac-ee5c42afb534,73,Male,81,70,old
0503efbf-1ecc-489d-bb04-0aa739aff1c0,48,Male,101,26,adult
156f1fad-9015-430d-ba9e-6cfc9015de4a,59,Male,195,40,adult
bc2f737f-f1f2-4db9-ab4d-2097eafb1867,60,Male,178,54,old
4c33493f-20fd-4437-a338-7990a2b1d797,45,Male,199,19,adult
032a65ef-055d-4c22-a863-8cb0bca5f018,63,Male,93,25,old
2bb15076-9b3e-4f3f-b9dd-cf877c455218,18,Male,159,56,young
54da95d0-b48b-4791-a6fa-bb9055f48d8f,71,Male,93,16,old
e1655d99-439f-4e90-a43b-94a215b53536,44,Male,184,2,adult
d32cb77a-edea-4e40-b976-bc0280bcfe93,70,Male,21,68,old
06d01f17-656f-43db-b2cb-abd0659a3a68,73,Male,38,86,old
2a2c40d7-ef91-4148-bae9-36a5377f27cb,64,Male,102,75,old
ead643a1-fc51-475c-a5a5-c745b4c114ce,85,Male,45,13,old
970e0af1-cc43-4103-9663-053816a63740,64,Male,173,84,old
1364c4aa-7a2a-41c4-a3ac-0cdaf54c2501,64,Male,171,72,old
cd405d75-c622-4f85-9a9b-bd631b7dd235,21,Male,130,7,young
031f8120-8356-4b4f-9b99-7b70a0e79817,79,Male,80,83,old
bf8c258f-b951-42b3-b198-51745a1e6ade,83,Male,160,8,old
de62a1ca-2690-4b16-b9ad-8c5bc1f78849,76,Male,89,16,old
f81d8190-7562-45fb-a558-ecbafba4fd78,67,Male,154,59,old
9b588ef2-105a-452b-b6e8-534b5885a18f,59,Male,79,19,adult
376d2107-1885-41a8-b612-99c09e400c92,55,Male,85,91,adult
19bbaf6c-2193-4a0d-b186-dffc1d475202,39,Male,194,85,adult
4022e1a8-dcc1-46f6-be00-fab67feeeba6,86,Male,83,60,old
42b811b5-777b-4bac-9a30-d0785201c5d7,79,Male,123,66,old
3411689e-ddc3-4fe1-b900-af67c14e80d5,29,Male,137,66,young
737b44d7-dc01-4230-81c5-7c23bf1c0346,83,Male,171,63,old
0ab046b0-8203-4251-a273-f791df0f288d,53,Male,58,10,adult
c40fc1a0-cc0c-4b6e-b1e3-382988c47593,78,Male,150,44,old
f8f96e7e-b48a-4651-a1dd-fafd9a7fd1ee,75,Male,50,78,old
2bdcd68b-f1db-4f53-895a-297b3fec0d28,29,Male,149,82,young
7212d4a1-753d-48d5-9a62-da5a970ea423,68,Male,39,98,old
028c46e9-3fd2-4e12-aa2c-73e69702672c,84,Male,23,75,old
edc7c300-5d61-4f15-9e60-78483ae2111d,84,Male,76,50,old
2e1b6415-3355-4704-a0fe-a539b8a9b209,67,Male,130,38,old
2bba0ae6-555a-4089-808c-81c764472be5,65,Male,119,93,old
470e5c53-d915-4137-b652-354b2463d671,78,Male,38,48,old
09fc6bc4-2122-4979-a6e6-125bc356da22,40,Male,98,52,adult
a17aac11-31ea-4c1c-87a2-8892d1f93824,54,Male,91,28,adult
9e96cf1e-496e-4547-a981-2e485c00dd46,55,Male,159,50,adult
e062a013-6961-425e-9dc3-cf22000fae95,51,Male,154,71,adult
064e51d1-8861-42a0-9b02-91f520d68e13,51,Male,192,41,adult
e3623cad-6a78-4f78-bda3-b8593c88a68d,34,Male,67,91,adult
ef3c14a1-1f13-4146-b661-bed3eea727b0,48,Male,26,52,adult
2270ca39-aab0-46b3-aa7f-117e931404d3,52,Male,152,91,adult
d2302991-5e2b-4d11-99c1-9080136cf58a,69,Male,165,27,old
04902637-1050-4e53-8117-60404df896e9,73,Male,48,82,old
4263a808-f25a-4ff8-98e5-e48d8c8ad50e,74,Male,54,23,old
71109abb-b79d-4e91-939d-1c42db235ce3,41,Male,50,43,adult
cb0d250e-0355-437e-837e-55ddc6e47f67,69,Male,167,54,old
28986534-01cd-4835-a1e7-405a6c3f1f31,66,Male,90,46,old
44ab91a1-6481-40f6-af9e-f2fb78eb9633,40,Male,55,16,adult
b1d0620c-9c96-41df-84fd-ee59eaa6f085,88,Male,169,100,old
403435df-95ad-4f62-9cc5-0729cd80e005,70,Male,56,22,old
9001d15f-7ec9-4ca4-ab4e-5005526c90f3,81,Male,197,74,old
3cbcce97-f541-4bf8-8e53-c44b6b2b88a6,58,Male,105,47,adult
d1119ba8-3b7b-48f9-aaeb-da3412dbc18d,86,Male,52,62,old
c1026f2f-c4a3-4914-8f48-9227d02606e2,40,Male,80,79,adult
e2166230-573b-4106-9bbd-8605a4d344a2,56,Male,49,47,adult
7a51308d-08eb-4f01-a82a-ede623afe19b,82,Male,135,63,old
c21bdd04-476f-4999-b417-bfd058cff096,52,Male,23,1,adult
55b58ffd-8345-4e23-b347-324baab8a7c6,36,Male,186,31,adult
da51938a-f65d-4557-98a1-7a9607362622,58,Male,125,30,adult
ce242490-c210-4116-a9d7-1b8fd610b0ed,56,Male,50,52,adult
26e32927-7255-476d-894d-e430e0eda8ef,74,Male,109,75,old
b5e3b540-dee6-42d4-8c91-22580c12a6b6,48,Male,71,79,adult
1a1193f1-6244-45e5-9633-954980ab46da,61,Male,174,57,old
8277a8aa-4d2d-4b2a-87b1-ba1c37f4670c,42,Male,124,64,adult
c5e1f96e-0d90-4ed2-954e-ace917275673,20,Male,190,69,young
9dd88f36-3a4b-4059-8a9f-16736cdb3405,34,Male,100,59,adult
ee28a141-7239-4b72-a0dc-5bf203c3bbc9,33,Male,55,96,adult
0f40a665-7975-41ad-89d1-4f7352dccfca,38,Male,156,41,adult
61d639a9-5457-40f0-ad53-54d98853c0de,51,Male,60,59,adult
e7e22028-a1c3-49ba-b4c3-3348ae98515d,22,Male,145,53,young
8f00444e-1da2-43d9-886b-b197c82eb336,67,Male,65,99,old
ce34bc0c-3f65-4ed9-8989-c482f03a1d23,69,Male,160,40,old
f8647746-21db-4c51-971b-1be0c59a881e,19,Male,45,53,young
d601e997-b16a-45eb-8c2d-358dad6653b8,41,Male,144,21,adult
6ecaf16d-4bad-499d-9bdb-51f7b54ed43a,69,Male,20,39,old
c5dc7337-a6c4-45b4-a2a4-b60912d8be20,24,Male,199,65,young
3b6b7da7-d27a-4316-bbeb-060382c5305f,31,Male,93,2,adult
b2d3e4f7-bc9b-4aa1-acb6-c775ddb37697,25,Male,171,70,young
8b1f6a4a-3dd1-431c-9b20-82d9e21fb68f,55,Male,84,34,adult
1467a2a9-cc1b-404b-b7d5-b3c0d3659bed,54,Male,172,23,adult
c392c8b2-eebe-49a7-a236-e9e8675bf558,39,Male,60,27,adult
a5ad4f09-3d73-4f6a-8613-7bc910a2b09c,31,Male,145,81,adult
2d30c536-1459-45f2-bde0-2129ff246c59,72,Male,196,11,old
ce368066-c0d8-4217-9bb5-43c60585a337,71,Male,169,99,old
ac37ebe5-c003-44b2-83d4-f76596986d38,52,Male,188,59,adult
b8565c5b-1304-4d1a-ac05-0badf0b675c9,74,Male,185,29,old
873d22c5-8cfc-4d79-a7cd-5acf68cbb501,34,Male,161,50,adult
b72f7c21-6d65-4a36-bf5c-7e37fc36e93e,72,Male,74,65,old
60a3ee00-4efe-4278-9940-d8b9d252cc40,28,Male,145,88,young
8d9a2d3b-75b2-4f1b-8f2a-81e3bb22109d,47,Male,87,24,adult
5465e3bf-f711-4fd2-b45c-717147f38548,86,Male,61,7,old
a7c83132-1dbb-407f-a7d2-e3ee8ebe1fc3,67,Male,61,59,old
19daf9f7-1b0b-4d34-969c-48078c418f78,78,Male,20,44,old
5e4fc500-dcb6-4942-abe3-b33ad82a2883,64,Male,109,63,old
3bf895e5-5e0c-442c-b445-3c28ae227c62,34,Male,125,85,adult
25df3e32-d769-428d-a240-4ddb51efcb70,59,Male,111,52,adult
ac4c7f60-6985-414f-9ec3-8a4c6f77350b,57,Male,64,57,adult
3e2bbad6-c766-4c20-a183-49621025d0eb,71,Male,194,63,old
4a731454-9e35-4850-951e-ca2e08e0f7ad,31,Male,31,48,adult
72c92f43-a16c-4d71-b966-c6ea64d31370,82,Male,117,58,old
1093b0bc-3a07-4dd3-8036-66fdcb9bd901,41,Male,114,14,adult
7e99ebf1-ab7a-40b1-9656-c3cccdd12b5f,80,Male,96,47,old
e150c0aa-997d-4e8b-ae35-d0b78549bc19,67,Male,122,19,old
90173a4d-c9dd-4995-8e4c-361e4705d988,87,Male,140,44,old
15b576e2-b7d0-4f1d-8d18-734c2383dab4,61,Male,195,66,old
c296cdc8-4444-4a08-b6ff-9126a7284cc3,63,Male,171,73,old
7a9f8d8c-a039-4fb8-aa26-c8861b758819,31,Male,153,58,adult
eac0eabe-545e-49df-b14b-bdcf8919905f,22,Male,76,13,young
adda497d-25b5-4cb2-8384-f78d3f441068,50,Male,91,27,adult
44faad8a-2306-4ee4-991c-c9c516a4dbb1,75,Male,129,21,old
50c50d06-8e52-463f-af64-5850b1217e60,57,Male,32,43,adult
8456b5c3-2974-4fac-b31f-a1c56c6a60d2,54,Male,175,37,adult
f3f9a1a3-7712-4c6d-b7b7-c0cc1bade333,74,Male,134,26,old
5284802a-97a7-4ad2-a565-5f0f51f3653e,44,Male,163,79,adult
0c122e0f-5de1-4aa0-aeb5-79d285a9a73e,21,Male,145,36,young
5b6b4a30-7df2-4cc9-ac8e-a5085e81561a,82,Male,110,16,old
513c5543-3d49-468e-b04c-fd765cae21dc,22,Male,100,28,young
99c167a9-5178-43ef-9f1c-6d3f7ef003b7,53,Male,72,100,adult
fa7ea57e-76ea-4cc3-a633-b7a66f3b7ade,69,Male,193,71,old
892c0f4a-7037-441c-a126-637a31596f5f,56,Male,98,53,adult
c1e51247-0b72-4b6c-a766-3a36e4b2624b,41,Male,95,78,adult
767a2cad-d10b-4666-ac94-115312952d3e,21,Male,64,88,young
ad4bc127-0aa4-4d33-9d87-a5c478c3a302,47,Male,40,10,adult
1ce0ef0f-d256-416b-8097-32c19859a7a5,87,Male,143,72,old
c7565eb7-2b6d-4aba-ac41-cbb1b6b0c3df,86,Male,183,24,old
c06d4970-01f5-4d1b-995f-557a8682d0ea,20,Male,150,99,young
7cb9db97-859c-421c-bbbc-125aa6607c8b,33,Male,140,8,adult
7a5d005f-46a1-4c7a-83d3-63c8dd6fde17,64,Male,196,83,old
118f87cd-439c-4940-be45-cdbd1d4f6d96,84,Male,197,86,old
ec9b5114-6215-428f-9baf-f0800a7467aa,66,Male,153,46,old
d947cee6-2d54-4c52-aca6-50e52af21aeb,48,Male,34,72,adult
4340286f-6182-46ad-84e2-ebb118a3cf62,62,Male,181,48,old
fb5fe281-ca63-4020-8980-3adbe75d84b9,82,Male,168,92,old
877a2daa-1668-43cb-b65c-443afaf23416,84,Male,90,96,old
bec321ab-eb0c-4ad9-934a-3e6dd5656a59,90,Male,133,62,old
2b3f121b-d6b9-4211-8c14-2a04a9f96086,39,Male,190,50,adult
eb7cc479-6b17-415b-8635-b706ebe7b6f3,39,Male,119,38,adult
e194d33d-68a3-40a5-9412-10a8f260c541,85,Male,129,61,old
a6307da6-a752-4870-900e-35128acf878d,37,Male,196,55,adult
f19c3a5e-633f-4634-8591-ca1510bc74c1,57,Male,104,14,adult
c47ed47c-1df7-45ae-a560-d3bd30146eb8,89,Male,62,22,old
8dab4b99-1e55-477d-be17-5a0073b6a78b,63,Male,89,26,old
6ad7b55a-7ac0-4cb1-9cf0-5187b00dc396,58,Male,167,29,adult
e7c07127-d469-41d8-9637-bb1feb142b29,19,Male,144,36,young
e9882678-855d-4934-8eab-93dcf5556261,39,Male,195,46,adult
bd6a3954-7968-4276-8341-afd08f404e0a,58,Male,100,11,adult
fab2c9b7-0354-4f3b-8939-7f9effe104ba,72,Male,97,89,old
d7550ef4-119e-45a2-9caa-4b6d38518952,24,Male,180,17,young
bc5affc5-63c7-4556-9a37-3929333b34a4,84,Male,95,78,old
e4b89bc2-a2ea-4742-919a-a7eec1a060cf,55,Male,181,58,adult
de51b33b-9c36-4172-ba4c-0340036a8aae,79,Male,152,95,old
7f8d4f1a-b00d-4b2b-aa68-5e1907edbbf6,75,Male,87,9,old
fd8eba67-7e17-408a-b240-c84144f977ad,88,Male,39,67,old
0d36da47-c4a9-4f79-96a0-b1e1815ed928,48,Male,71,1,adult
74b9d76d-d0b0-42e1-8507-e457a5ad2053,64,Male,146,16,old
851801b1-4db7-48ea-83dd-9500f64871f7,39,Male,34,11,adult
8d51ba5e-a9b7-4d3d-8511-1b27831642d5,70,Male,180,41,old
2a570f1e-468f-4a39-88b1-73258edd6ab9,83,Male,181,80,old
f90b2c9b-d9aa-4ef3-a1ae-e38586a45255,18,Male,132,87,young
1cff38e7-d3ee-40ae-9c83-712334839a57,86,Male,68,32,old
8c0c4a01-ebaa-4217-8270-af67fef75783,82,Male,100,77,old
2c8bc215-6724-4e79-91fe-eb52d4b9fa18,86,Male,97,35,old
04cb5f97-255b-427e-9729-3abea413909a,49,Male,88,96,adult
18fd22d7-1aae-455e-a77f-5ca125e64fd9,62,Male,154,17,old
93c48680-8ee9-4a6b-9694-f4b9c1782888,21,Male,33,93,young
bdf224e9-4a98-4815-a0a2-7b759b3f5f38,65,Male,163,64,old
30a7f47c-ceef-4daa-b8e1-a72e8c48c8fb,83,Male,75,82,old
c1b20dff-0ce8-429a-9d0d-f93b7eed447d,90,Male,163,4,old
aeff892e-3d2c-4111-b4a2-c90770558d75,18,Male,154,30,young
63b6849d-5055-4779-938e-b52ad603f667,58,Male,31,37,adult
281c29f3-2439-4bdf-8444-a61d269fe5fb,78,Male,160,80,old
7afa3f08-08ed-4bb8-ab54-65cf873b6a1a,71,Male,129,61,old
024f02e9-2e17-4861-bb0a-d948bf93667e,54,Male,112,44,adult
53bb078a-d5e7-4f7d-8ffd-9080a0705149,67,Male,114,5,old
a3223eba-f48a-46f2-9fc7-7968facf126d,19,Male,121,56,young
54b18a0d-34d2-4a10-8d23-7f3322cf9041,35,Male,182,42,adult
0b3b5239-c943-4338-8b48-7452c90e9dbd,27,Male,60,34,young
40f2d403-15a2-4c8f-831b-eb67bec3d898,18,Male,123,85,young
001b8f2a-e3e5-45ca-8a5f-05473b923a05,63,Male,114,99,old
d0eeb412-7c8b-4618-be53-40d44cc2529d,29,Male,30,79,young
bf9a6be0-8229-4093-aa08-b8de4ebf7228,89,Male,176,34,old
8e385975-3e18-404c-ad90-8e89a804b49e,66,Male,49,54,old
6067e832-e7c1-4872-a629-e0961262c1cd,89,Male,66,49,old
6efe87e7-df82-440c-88aa-5a061297ce50,71,Male,154,32,old
3fbc0386-d580-4fa6-b2a8-c65d816ff4b0,24,Male,150,24,young
5dcdb919-9cd2-40c8-a22e-2107faf899a0,85,Male,75,14,old
0851f7bf-4d8a-4aa9-b74b-f69cd8475f53,23,Male,95,66,young
ef66c8c9-98a3-4522-a5b1-98406e85fac5,35,Male,94,74,adult
2d07c0ba-4c28-44fd-bef2-36970a896beb,50,Male,165,73,adult
324c3b11-4fad-413b-a6e2-d4f47b99f412,31,Male,166,39,adult
ee92d65d-1a60-4a0c-a65d-367cd2ac9a67,74,Male,161,5,old
feec35e5-1e51-410f-9866-6010428bd72b,85,Male,103,34,old
fc7b5c7b-101d-48a5-ac05-dc6fe89f12b1,90,Male,154,36,old
624dae60-8690-4490-80a4-bab02819c453,87,Male,144,83,old
b0f14b1b-6e33-447a-9411-607f2498cf62,79,Male,94,33,old
fffb7aa3-2653-40d7-a23c-b32fa5686a9a,70,Male,198,85,old
89bf9b0e-f6d8-4c7d-b7da-73ad476eaf8d,31,Male,178,20,adult
369e9ce0-f9ba-444d-9fb7-263ebc7d22ed,64,Male,171,24,old
74eaf8be-ce98-46a7-bfcb-60a8b6bc2ba8,58,Male,166,39,adult
a4b537db-c8b4-4f89-a607-3c8b5d45e0b9,48,Male,55,99,adult
813d3971-3548-4c8c-9d72-dd7aa891ad04,62,Male,75,94,old
61a0bb1c-5d17-4dea-b9c0-0840b6994904,20,Male,57,4,young
4d286e1e-fc53-4b88-9434-7a0433ba813a,46,Male,115,75,adult
38bf96da-e32a-42b0-bde4-b6bcd51d8381,68,Male,140,60,old
a2180229-cf3d-4f0a-9dfe-026ea26b7407,55,Male,169,82,adult
7650550a-2ec3-4960-958c-35742c663668,88,Male,60,53,old
0762163e-a3f6-49f8-8ee2-063e4bcef5c9,49,Male,195,99,adult
52bdb73b-72f6-4b58-969a-b65fb5c7cd6c,88,Male,122,65,old
29536ca7-7c17-49dc-a34c-d16815f7908d,78,Male,133,19,old
ec8d5d1f-c9c1-4968-b38e-14aec374250f,41,Male,93,8,adult
56303594-e40b-4230-99cd-3025840a67d2,31,Male,153,44,adult
f85f0c7a-4965-4287-bad6-efb7aa78e4f6,43,Male,145,17,adult
8b0f436f-59f7-45ad-b524-2a55fc9e49d8,83,Male,133,7,old
6e30d7c3-f6ba-49bf-92dd-5a36ee3b466e,36,Male,135,100,adult
2c014337-436e-4203-b8e2-1ae072bb198e,80,Male,191,21,old
3cd6949b-d080-4591-8f26-f3d54769be1e,34,Male,179,93,adult
3b12d2fa-127b-41ef-8558-30392ecea17f,23,Male,188,53,young
baf57f9f-2d6e-472d-84d2-f23d78227669,61,Male,119,78,old
5ba37926-9dac-4d87-a98d-db4db9102dca,86,Male,100,41,old
6b88c566-2c7f-42f8-b3d6-7476bc4e6336,32,Male,63,17,adult
3ee790a8-0905-4a37-a20e-cdb76eb6420c,67,Male,111,22,old
be51be55-613a-43a0-89ac-9d7bb10441a8,76,Male,93,65,old
a2bb5f0d-5df6-472c-9d03-8acc1b4b6dce,47,Male,185,68,adult
fdf1ad0e-e6d3-4647-9113-5d24119d727f,42,Male,171,75,adult
d47cb82e-9996-44c5-ba12-504752362109,72,Male,188,3,old
035ac236-18b2-42b1-ae83-4ef877f6f10b,51,Male,157,29,adult
d9cea288-907f-46ec-a3f3-02f003d5880e,47,Male,106,82,adult
b843ac29-c681-4ff8-9bdb-e91cc8d41872,46,Male,68,72,adult
8516150e-ff32-41b0-983e-aa05eded307a,82,Male,139,41,old
152024af-5701-42e9-91a1-2ca0ba71b81a,67,Male,27,71,old
c8bdd7fd-16d2-4d54-b966-115ca35fc4e2,55,Male,125,58,adult
c43f1b4c-1275-44b3-894a-dc4665646bb8,51,Male,178,34,adult
bcef3e72-a1ac-41cb-8f06-888728b41357,77,Male,56,76,old
452c7bc6-cde7-472f-b22a-6c7bc9119917,74,Male,22,98,old
eaa76e3d-93c2-4dac-8519-17a869b17876,37,Male,115,67,adult
1b21be3e-15b2-4043-8485-a7ccca1c62c6,32,Male,122,40,adult
de22bfcf-e96f-4b16-b16d-8abc82c9105b,87,Male,105,94,old
16a4a3bc-a5fb-42a0-8755-642314421bdd,44,Male,174,91,adult
e4f1fb68-5c87-4bd6-a7fb-ae2fa5d04565,26,Male,187,42,young
fe77cc36-8f72-42cc-8229-192a8951d10b,71,Male,115,77,old
4cc12057-c7ce-416c-afb4-bffbe37427d1,28,Male,80,38,young
e8c9e658-ff82-44fc-b6e0-a80bb8ad4a48,55,Male,53,29,adult
ebfef848-e04f-4394-9d88-03fb9305bea2,87,Male,56,84,old
b55e4804-739d-487e-9ae8-0f319d56ff1c,19,Male,154,6,young
765f084f-ba37-4e9c-9429-0f9cb70d8434,52,Male,117,29,adult
95796b7a-8211-44a7-8156-66e1af359b79,38,Male,77,80,adult
827d8c24-3da9-4442-932f-e74a50bc28b2,63,Male,102,19,old
7372e1af-071a-4a23-ae7b-fc8d21cfdef1,38,Male,191,38,adult
38df72c1-7433-4e50-82a6-068dd51de1ab,71,Male,84,27,old
1bd7ff3e-1a68-41ec-8e66-338904bfd864,39,Male,163,89,adult
97f0da04-431e-439a-9ee7-2122c54b8f47,80,Male,33,63,old
f5d07d0d-e950-4a85-add9-6105a2652793,80,Male,81,75,old
02a83cff-acb2-4966-88f7-a862fc4b48d0,87,Male,75,83,old
b6ce3fcb-f159-4a07-8032-b66310693cd8,50,Male,68,79,adult
4d703cec-c2b8-43eb-a825-344a7086c710,83,Male,72,10,old
f5e7faa5-fcde-4262-a376-a2bee2270017,71,Male,109,31,old
f28be95d-856a-4307-a139-dafe8d6c3162,19,Male,59,23,young
6114f765-a939-406e-a95e-e57ccb3c3a0c,89,Male,178,62,old
bd39c2c8-86f9-42a9-9baa-b1fa41602875,90,Male,85,83,old
775bd4b8-3bb4-4529-ac72-1e056e5f12ea,90,Male,140,79,old
f6617ef0-5c53-4b8d-8e83-778df95f656b,47,Male,162,86,adult
c6640a1a-5900-4306-b7a7-ff6fb20e44ce,71,Male,153,11,old
c9849dbf-bfd4-4daf-a174-52e4091ef0ea,26,Male,142,84,young
1e8cebba-6168-4c92-b3fb-33921c32eb53,28,Male,76,96,young
408e82de-d2c5-46fe-aafd-bde2d14682dd,36,Male,162,9,adult
e0fd256c-607f-4771-a026-7f834419b11a,67,Male,48,34,old
fc386c14-af64-48f9-a2f7-adfbbf33186a,66,Male,55,98,old
7f503c0e-59e7-45d5-8b2e-77a9cc4282b7,67,Male,170,51,old
0364303e-96f0-4b0d-a427-5735695592f5,41,Male,80,57,adult
694254fa-5c10-4217-9f73-9e7c14ef9dde,80,Male,80,35,old
034efaa3-0a01-47a6-b07a-5ce8405a6c5b,39,Male,169,91,adult
f253ab93-9c59-43f3-90a6-e86dec9ed294,71,Male,47,27,old
2f6088d6-b6b1-4099-91f3-2d93b70751c5,83,Male,123,97,old
d16d12fa-b86b-4898-9af0-7bc041e5bdee,78,Male,120,34,old
71b1ff85-8ce0-4c78-aef9-dde5e995f57d,66,Male,46,1,old
f4d82b77-e780-4e8c-9f67-7f550527aec5,41,Male,162,7,adult
408b98f1-b98e-4b3a-aa33-d823508c0d6a,46,Male,108,5,adult
b9d2a8b3-1333-456f-891e-43b25754dafa,27,Male,42,53,young
8943f570-518d-4985-a1e2-0bd23665b800,46,Male,63,15,adult
55d16308-ee69-41f0-9186-6a8a78932674,59,Male,135,49,adult
f193faa3-4591-4bb9-bc91-71d4d5ade367,83,Male,152,78,old
f15fdb51-abef-4eed-a312-6e9102a1d076,32,Male,36,27,adult
1d84b5c1-d3c3-46e5-91b7-007f7fb6760d,75,Male,65,50,old
000b81bd-76fe-4c9a-8c23-cafa695ee51c,36,Male,141,9,adult
58aa6e36-3eb1-4c37-aa3c-f30f06a43cc1,31,Male,161,11,adult
bfc9f33e-4e97-4b10-91bb-62ccb595f048,35,Male,131,27,adult
102cc8b2-f550-48df-bb80-4ec1fb9cd270,41,Male,59,74,adult
aab4462d-15d9-4fcc-abda-cb8d22918845,66,Male,121,27,old
d3e6872c-ef1d-4eed-a6a7-6c2efa0056bc,43,Male,59,57,adult
eb16a3b1-a636-4d03-b237-13e81cd1807a,49,Male,93,73,adult
e98e29ca-d9ec-4268-8410-e15c38e93ede,25,Male,113,1,young
3a19d2b5-f19a-4e8c-b482-d256e06894e3,37,Male,157,7,adult
c8b87957-e271-48f4-a50d-f997ec73d36e,58,Male,50,81,adult
646f9887-fa10-4c77-8835-a6de2d2eb3c2,68,Male,46,20,old
45d89db2-bb7d-47cc-833e-4b05c2eac93d,76,Male,103,27,old
ec0c157d-a1df-49b7-a912-09921b285915,39,Male,166,34,adult
b0d00aa4-be98-47b3-881c-529ff4cf51bd,86,Male,120,94,old
1f63c073-8963-44bd-90e6-2efebd447f2c,74,Male,28,51,old
90a642c5-7194-47b2-9448-d44e4e11665d,33,Male,65,45,adult
a0718f39-4b8e-4857-ab21-eea79372c456,43,Male,76,71,adult
7357c4b2-24af-4cea-8b99-e3541eaab65d,30,Male,28,79,adult
864f8277-42b7-4ae7-8459-4513801def0d,22,Male,53,82,young
2f5f358f-b696-420c-b813-7f4b77c5f2de,41,Male,188,18,adult
66fc9b89-7d4d-4307-a90b-b6836ca02d6f,88,Male,127,84,old
c8ad0183-0b73-4f5c-9a9e-08be6a33d126,84,Male,37,35,old
b525575c-7e32-4203-86cb-c87551491a27,54,Male,172,85,adult
a0d7752c-b02d-4b7d-ad75-586bee029552,45,Male,49,79,adult
ff72211c-17f9-4820-aa63-111bc19fb12b,64,Male,131,65,old
f2b0d086-96e9-4533-97c2-db2affe8013c,45,Male,169,37,adult
818e5040-edd8-476d-a56c-915816eb5ac9,77,Male,57,78,old
8c23533c-27d9-4fc1-85b4-3bf76c926328,32,Male,147,21,adult
f037dce0-9066-4a49-9e41-0d78893fd749,79,Male,102,50,old
b8d2ce63-7c0e-4498-9c40-a3a83f293b06,61,Male,136,89,old
5f198475-4f9b-4b4c-b27e-f7feb078c187,79,Male,105,48,old
3bc577a7-b9ac-4940-9481-1c3b92a8500d,78,Male,136,86,old
11c67857-4319-4e86-887b-40a801409501,39,Male,197,78,adult
5402c63e-ce6b-4b6e-b467-d9df733134c5,33,Male,139,7,adult
e43c03b7-dfc8-4f87-8dc7-21abab1dcff0,41,Male,192,68,adult
2373092b-e117-41e4-a56b-b6bc834f135b,63,Male,135,66,old
d33f5dd1-a4ca-4343-9b7e-899cc9565115,46,Male,134,94,adult
173fa8e7-c12c-452d-9d50-383bab6e84ed,31,Male,124,60,adult
d70e819f-b3ec-476f-b4f9-dc7d48aba1ab,90,Male,192,59,old
51a9b5d3-6864-410a-b0c7-69f72457b534,43,Male,177,14,adult
a15fac92-ec6e-4ef0-9b42-061117145e10,65,Male,130,37,old
23f3025e-ea1f-4dba-95f1-66dec69f92cd,36,Male,46,2,adult
676ede6b-0aee-4926-b7c1-bdd64e723fb0,36,Male,109,70,adult
6a3fcc1a-36a5-4c24-9904-ced12a7c87d9,56,Male,180,2,adult
72bf704a-0349-42f3-89a7-bd27e946f857,70,Male,142,82,old
b496b2d3-590d-453a-943c-de7af307347e,49,Male,136,98,adult
47e1e029-fd78-4a4b-8811-13553301b06c,82,Male,94,88,old
6450a6e4-573a-41b0-8e71-34c56eb9539f,21,Male,121,37,young
45ed2b80-1787-4780-8ad6-057658abfac2,20,Male,149,1,young
531f40d2-9af2-4c8a-844b-3f5b93b176e5,41,Male,160,90,adult
dc70e1c9-8835-471b-9c75-232fe18701a9,77,Male,59,78,old
dab020f8-bacc-4e07-9e86-b9092778e85a,27,Male,56,32,young
9cbd9354-2d5b-4772-90ba-47e2380d9c98,60,Male,130,98,old
a5b28ece-21f2-4922-b004-f2f22cce9941,80,Male,94,45,old
05bd890e-7223-4090-bcc5-9629d69ac5f0,47,Male,161,77,adult
106ec1af-5ba6-41c7-9a5d-5e4da805e9d4,37,Male,143,3,adult
741ab5eb-d5e5-485c-a29b-5cd25d1269ca,39,Male,83,77,adult
935f5208-92c8-4f19-ab99-113ea3af41cf,69,Male,82,69,old
87bbefc0-381b-4673-bc44-f368d5635c1f,61,Male,32,51,old
a5b1cf9c-715f-4c16-9d79-3e01d0c39114,90,Male,30,81,old
8e5eec26-7449-4b11-ac01-13f32f9f99b7,64,Male,189,31,old
0ca1b574-00f5-4b57-9e0e-600775a8a89a,75,Male,130,64,old
7e42eab4-4ddd-4e63-814a-e71c90860d27,77,Male,96,61,old
f2443117-c8f5-48b3-853f-3a8d3d9a59c2,77,Male,192,22,old
587863d1-fb64-4a9e-af4f-bab22762d818,59,Male,143,51,adult
7ed0b5dc-3f79-4f05-a99e-5e2b4a2c2e22,72,Male,46,74,old
02366cad-6f82-40aa-bbf3-6dba096ca2e5,27,Male,122,24,young
a10bbd63-ba28-40f6-935a-c35581b59b72,50,Male,110,78,adult
5f94b4f6-96ab-4d3e-a680-faf25c3a6650,33,Male,82,53,adult
61f403aa-ebf5-47dd-91f1-9eea5e3d0e22,19,Male,37,59,young
8b9d51a5-2d72-4305-a80b-295b48839c91,79,Male,190,81,old
f2b78598-19d9-44bd-8bb4-b9edf843fb1a,41,Male,40,87,adult
a026516e-1ea1-400d-9ba2-e861bd258b2b,61,Male,193,39,old
683bc491-73a2-462e-b502-95fe873dc7a9,31,Male,170,86,adult
dd29b83e-9e9f-4bd4-aace-d3e388e6307d,48,Male,86,29,adult
27020b71-c0d5-4199-915a-d1e8ec9a3b1e,48,Male,31,47,adult
c26b46c2-a3f6-495f-b888-bc5c95692e87,61,Male,171,29,old
544be311-fb2f-4ef5-84c4-e50c014d2268,28,Male,123,98,young
bfffa993-667f-4f17-b397-d46b9119a99b,64,Male,32,29,old
9b573f1b-3ec3-4321-a3be-1da491f88dfe,76,Male,58,28,old
79e355a8-f59f-4696-af01-e5cff29a5904,52,Male,26,90,adult
e45836ad-cf11-46a9-ae3c-16360e6bd39e,44,Male,182,32,adult
92e50a54-47e4-4b4a-8be7-7fc48d84e498,46,Male,98,84,adult
9fd81de7-cb34-40a0-8ced-e074f2333b0f,24,Male,155,64,young
2e335dde-8a2c-463c-b6a0-df9d5b3998c7,47,Male,88,17,adult
f5a4e437-c837-4a46-afae-1e6f202cd843,59,Male,72,51,adult
6b96d5f6-423b-422c-abfe-f1a867bb1377,46,Male,84,64,adult
92e20d6b-3b95-4585-94a6-594e84a4aad2,58,Male,57,13,adult
bade0b63-1dd3-48d3-ab48-e535bd08b015,66,Male,37,59,old
3814ef4c-a481-4284-bf85-bfd88b165861,50,Male,49,28,adult
2aa246b4-5378-45c1-93a0-6dfecfdc6c85,81,Male,95,41,old
ad71283b-6156-4668-9679-1f9c6c5e714a,63,Male,80,97,old
a2cece43-e14c-4731-b863-6ef0ef6bcc88,38,Male,150,77,adult
bc36dd93-33c5-4ca6-9446-b307f2d77e50,42,Male,51,76,adult
4d3db59a-c66f-44cb-bb20-27480f774597,23,Male,42,56,young
33579f99-a0ca-41de-8a2d-4840e02241a0,64,Male,181,82,old
486e4d5f-549c-4cc9-86c6-d74224ad8cc4,74,Male,199,31,old
1d138158-365b-4631-a806-8e0272793cd7,35,Male,112,99,adult
1b37aa6d-326b-4b90-bb47-0daddb278c2f,79,Male,168,52,old
f943d69d-e9e6-47a6-b3c5-60bd1c22f0d7,86,Male,119,28,old
e5794b2a-2167-4d0e-abbd-b69ecf78a952,37,Male,186,5,adult
fb7f7e1c-b8dd-4bac-94f7-6a286e3e0981,58,Male,154,32,adult
97ece0da-e15f-4710-8e71-b1275f6088be,86,Male,115,51,old
386f5901-66db-4457-8cff-f448dfa59bed,51,Male,188,4,adult
b956781f-db25-4217-8d35-6d0e52d18300,71,Male,144,38,old
1222857d-4f58-46e7-bb0f-593d0c5ff88e,89,Male,60,13,old
ee1f3a34-30d6-49c2-87c8-ca13ba725381,77,Male,198,6,old
c52d0fde-76bf-4ee7-8bbd-d883c304f339,78,Male,83,22,old
f8cb7e0b-511c-4262-90ae-95a17e7394f6,64,Male,49,56,old
510189cd-7b01-4809-b4af-3a2f57ef0015,19,Male,113,97,young
89329c48-4973-42f0-a413-55de399231c8,26,Male,58,80,young
df6bd3bd-ee9a-4029-9751-16a22b70f711,60,Male,138,99,old
bdfe43f6-8fb6-472b-b99b-281b29aa32fd,65,Male,119,97,old
f30463f1-213e-41a5-9b8b-7643ffa604af,40,Male,41,7,adult
9b915a65-cfe7-4ac6-b08d-58a0294d7b6b,47,Male,128,87,adult
dd42b852-b68a-4f77-8c26-103943d153e8,45,Male,91,59,adult
8973d450-ab41-447e-9dcf-bac97889d06f,21,Male,125,19,young
0d5690cd-d2e1-4260-84a9-ad4cf79451db,55,Male,194,56,adult
3e76530a-08dd-4c67-a729-fcd5431e72f2,39,Male,56,44,adult
7edb76be-dacc-46b7-b4a7-e481fdde7941,50,Male,49,74,adult
bd8c8d04-50e2-4f02-b990-90453c1e0312,70,Male,52,94,old
3896640f-d3c7-441c-81ba-35cac26d2387,38,Male,93,96,adult
94ab83dc-d7ee-4652-96db-a8884d349797,85,Male,50,56,old
d88805f1-3ca2-4f5f-9e1b-335d5b98778c,55,Male,184,47,adult
b495c6fb-e3fa-4e7f-98b9-ba1ee5b02202,52,Male,44,4,adult
dab0b90a-4da5-4904-aa60-02df4b735eec,32,Male,115,87,adult
1152a2ea-eeae-4e6e-b645-7e379e9b5036,65,Male,164,78,old
86911c8a-e12b-4287-9166-d3035664815e,22,Male,187,6,young
e3af6c13-d308-455a-add0-cc5b122333ad,79,Male,83,13,old
f53817bf-86e9-4273-8bb3-db82dba124f1,23,Male,37,97,young
6e6a9c08-341c-4463-913a-3dc7e622e384,22,Male,67,13,young
7d1e0d9e-6a86-491a-8821-a22655696171,84,Male,87,34,old
2a74150b-f591-478c-81e9-f0b956fdfb04,20,Male,74,96,young
31ba44ac-c573-4b76-83c2-ab0fbddd0d24,40,Male,173,68,adult
640adc97-4c87-42ec-8874-43dd8a59fe60,88,Male,118,46,old
3ae0b8e5-38fd-4ed2-85fa-db17ddff2b0c,51,Male,69,21,adult
7057d904-e4ba-4697-9fce-fed7e1b79e99,46,Male,69,20,adult
6f7757f4-e0af-4acb-a40e-2c56ee830bc0,55,Male,172,98,adult
cdfd596c-a873-48ad-a972-801124122902,84,Male,165,76,old
34970139-e7e4-46c3-b74c-1a05ff9dc324,18,Male,34,13,young
af53a6f7-6460-468c-8a37-c5a9a84448a7,41,Male,119,36,adult
21801254-a966-4efd-9ba0-2dc023c1f6ba,56,Male,124,54,adult
0093f504-e3ba-4b30-a5a2-47b7ae0dcce1,82,Male,63,19,old
c2213386-f806-4557-a9c0-8f332d6ccb31,42,Male,90,57,adult
c8c82e11-3aec-416a-ae8a-69ef236546eb,23,Male,159,70,young
a3ecb035-17ed-4678-bbc5-a044f72d2489,33,Male,140,75,adult
428b1bf7-fdcb-4573-bd0d-50d69e8a7f95,60,Male,173,79,old
ae57abd1-622d-4fc0-946f-7881a714124d,80,Male,131,52,old
abd31464-949a-4ad2-9199-c855406b5d53,20,Male,44,86,young
e7497c9a-7221-45db-90cd-36583d070f11,44,Male,130,5,adult
120b878b-8315-4b51-bb0b-456d894bc0a5,50,Male,75,29,adult
e099b97d-3fae-4742-80ba-f6b392619271,20,Male,196,98,young
18223e28-a763-46da-be78-1401a71207dd,54,Male,180,41,adult
513e68ae-c88a-492d-990d-5bbc3c36b026,64,Male,123,28,old
dd5c03fe-d5cb-4ec1-9b11-368c7f918e00,51,Male,71,76,adult
e4502c6d-e7d5-43af-ba66-3d0048308a0b,59,Male,152,21,adult
ca3d6509-ad9a-462b-b3c6-0e4d5c4622c7,72,Male,190,59,old
bd039e84-1859-4782-ad04-12f8363da5ed,43,Male,36,39,adult
71fcae75-4f45-4eb5-9ac9-3715e931598f,74,Male,137,14,old
45ab6677-81fe-4519-babd-d1e37f877a96,83,Male,198,38,old
96028839-4704-41ff-8670-37d76cc11ab2,37,Male,184,28,adult
b1a1d4e0-c677-4615-954a-6d37c3f8af95,64,Male,87,27,old
2b0fa6ba-6c9a-4939-8460-382cf5ae880a,45,Male,61,29,adult
c97eabd2-e9bd-4f5f-a632-fc4429156b7f,31,Male,198,34,adult
e0876d2f-deb1-43e5-9415-d0d204e43334,30,Male,46,91,adult
757f30fa-6204-478c-9f9d-757e18a51a62,29,Male,41,20,young
1e5d1e15-3b61-4a1f-b16d-d60b7950e9ad,57,Male,151,72,adult
19470a5e-a5af-4150-a86f-14e488d092ae,69,Male,69,65,old
8f199938-402c-4eb4-9d77-380394d82b93,89,Male,96,54,old
9346a8cd-2eba-4145-962d-63894a6cc9c2,76,Male,24,38,old
a38ec5c7-d6d4-470b-8f6b-b2c6d54444d9,19,Male,85,83,young
e1337b15-7eea-4e87-a9ac-db2dd5e6d1c8,57,Male,112,71,adult
d12a949d-9626-4fe7-ba46-613eec1eaa10,56,Male,137,59,adult
60062b24-d876-4272-ba67-c6b4c73aa399,90,Male,40,35,old
24c6bd0f-158a-46ee-8b0a-c23ea59e5965,30,Male,50,15,adult
b248a68b-2ddf-45ba-892f-5a5299b5b4f2,25,Male,121,50,young
56913d7a-6fcd-482c-a397-70a240783df3,87,Male,148,71,old
4d52f7ee-f3ca-4159-aa44-0d658a9c07d1,70,Male,30,65,old
781f89bc-3c9a-46ae-85a8-5ec8e89a610a,37,Male,109,11,adult
1016c497-7398-43ed-a5cc-2f967503ea2a,73,Male,65,2,old
eece7408-112e-42d9-ba22-a53bbf5987d0,39,Male,58,85,adult
c5606dbe-390c-4784-8d86-c3418df4c9a4,72,Male,80,35,old
b3128ef7-d49a-48e1-b865-6df355a8fece,51,Male,65,89,adult
f1792bd8-b2a0-434b-9944-0df518a10539,72,Male,21,51,old
e479aa63-ad8d-46ad-b91f-1c94c06f2d80,77,Male,165,73,old
c1e3909d-6c3d-45cc-badf-de3cbf6709ef,69,Male,153,11,old
69e2507d-25db-4d5a-98e4-1ce9376f03e1,21,Male,29,23,young
7ea446c0-2b52-4fac-8620-4b84ce1edbde,27,Male,182,9,young
3c8a1ed5-aac0-41db-aa89-e902781ca351,33,Male,119,57,adult
3a0d58b9-6e24-43b3-af40-dc11a0e527e9,82,Male,157,49,old
8b99b631-2d37-4eba-aee1-2dfab8a58a67,89,Male,68,18,old
d5b9ba7c-086b-49f8-91c9-0a9d02c57287,65,Male,94,27,old
80e96e4f-d1ef-4337-a71b-63f1ef1a5e68,82,Male,69,54,old
ffc947dd-10f8-4e9c-95d0-30f12c2063c4,53,Male,39,42,adult
0dbdb3bb-682f-4cb8-a371-8e421f39319a,52,Male,69,16,adult
7a84b56f-2659-4646-b659-ee526cc3e04c,90,Male,180,65,old
108b0bdd-5fa1-4bbf-9cda-ce1aa63a7ed5,71,Male,153,1,old
11ff5174-3949-45af-aeb8-106302090fb9,29,Male,45,65,young
8c5577bf-e15e-4c12-ade7-7bca3085d55f,21,Male,87,87,young
0fb5bd5c-47f3-46e8-a3df-9e226a190015,20,Male,46,67,young
daef080e-33ef-431b-9d56-7a89eb3fd2a7,57,Male,80,54,adult
83c7e0b4-6731-4a8c-a3cb-d81a0873a070,89,Male,113,80,old
67bb4839-0fa1-4c2b-82ff-e72a5a7d7a23,32,Male,90,71,adult
fbda7a0f-9d5f-46cf-a33b-45de85cd4464,63,Male,78,9,old
18f12df7-c7d7-44a3-9c8b-52713a8119ad,60,Male,32,98,old
7c972bc6-1804-4496-98a6-95e368b546e2,88,Male,94,40,old
00ede4c5-6ad4-4a93-b3dc-1637ecf1ed31,54,Male,46,39,adult
638dcdbc-595d-4502-adb5-f39a93f13ebd,87,Male,56,20,old
d390ba4e-40f7-40f2-a5b3-2f2e9f29c72e,32,Male,58,85,adult
1404033d-2181-48e0-9852-a61faf330e85,47,Male,50,52,adult
a2f384ae-688f-43ac-8e80-61e520a690b0,75,Male,147,24,old
3e65f017-5b6f-482c-82b6-cd7298e6bc9b,80,Male,198,28,old
0ad6e390-5b63-446d-92ed-590af3721c56,85,Male,134,46,old
d3010d98-726e-4077-8274-b6f85a26a530,34,Male,82,48,adult
d3a7b184-3de5-478d-b769-0f44ec530995,76,Male,182,22,old
a7c44755-be68-4978-a331-98420604623e,21,Male,37,9,young
685aad63-2c16-40e0-b0ba-fc8e22fe3f90,49,Male,198,84,adult
2be27074-ba0b-43ce-a341-5c075644868c,71,Male,134,70,old
4a4032a4-e68e-45e5-ae04-881870afbf0f,44,Male,23,44,adult
77b3de49-e860-4292-a9cd-cb2ba3ca4c27,50,Male,193,63,adult
f4a2e7ce-e86a-48e7-96e1-af08006d3038,50,Male,155,93,adult
edb4edb8-b0c7-43a8-8e20-fc9cd049678f,41,Male,154,92,adult
892afd20-d6b4-401e-af01-73b2c16094e5,40,Male,50,77,adult
7b303a00-5394-4ff1-94a8-3b162fd755cb,63,Male,66,14,old
5dfe913b-b2c9-4b63-81de-e03e8b97d2fa,23,Male,198,70,young
dcd3d2aa-d032-4556-a228-b5eb7909bf7f,76,Male,147,98,old
8250e071-8a4f-47fb-8897-41508c1ed393,79,Male,85,20,old
4a5ce3f5-50d7-48e3-95d3-591d94641e29,50,Male,181,59,adult
e56f4d4c-3a2a-4c52-8caa-448ae13bb9d3,37,Male,121,82,adult
63961924-20ed-434e-bb0a-9367d2462840,27,Male,63,51,young
c04ccc79-139a-415d-bd5e-cd1738650f66,82,Male,71,38,old
4e4f6dd9-1303-4256-a91b-c45349b4dc53,44,Male,129,16,adult
9c3d83b5-6ee7-43ac-804c-61139dc551f6,25,Male,86,84,young
de392eb0-bc48-4fd3-90b7-06446aa1551f,31,Male,31,64,adult
e83be0fb-297d-4aef-a039-3de03c756311,70,Male,109,5,old
e094a3bb-4b65-42cd-9187-1c69cb30888c,80,Male,37,31,old
a8d250f5-57e5-4131-88bc-b1a5ac22f2be,43,Male,190,58,adult
1cda516d-bf10-42b1-898b-c90344fa3c43,40,Male,137,78,adult
4d683302-c4d6-4495-a33c-ae563c600207,70,Male,122,87,old
d1f30c08-c843-4aa2-8f61-bac987e552dc,65,Male,176,60,old
4f92a82a-668e-4a1d-8537-0ac37c2e2ce5,75,Male,23,90,old
58276323-89d9-4074-8850-eb9f3cdcbd32,81,Male,196,59,old
4c823f88-5965-4c0c-b933-2aff5ee3eb11,47,Male,38,99,adult
09db9dfe-d927-44c2-9c8c-c638dca3d66c,86,Male,109,60,old
121ec49f-3474-4da4-908e-c866b3b3d37c,51,Male,110,74,adult
03a90569-3cfd-43fb-93b9-5286db351aeb,65,Male,32,69,old
13681230-31f4-4370-aa06-23aa117cf7ea,42,Male,181,46,adult
5f78f80e-5709-495a-8268-a37627416505,83,Male,101,91,old
3f886052-810e-4468-8591-180d4fe7d68c,52,Male,25,48,adult
11392a5c-eee1-44e2-a5a6-d1032b0ed9e9,68,Male,97,46,old
c334aa5d-932e-48af-b38c-11ac7b47c522,62,Male,154,15,old
b4f92752-ca1d-4e18-89ee-09756151a8da,31,Male,59,8,adult
2773014a-ed51-4e6f-9cfa-2bbac787a5a3,63,Male,74,10,old
721a2545-e19b-4d03-bdcf-d0fd97c35787,25,Male,179,93,young
9301be2d-6c4c-4877-a089-708a1afcee96,75,Male,82,1,old
e0f2f5cc-26a4-4f64-805e-7b7f5c596e7d,62,Male,124,53,old
1bb397e8-f3c1-449f-88de-19aa444f731f,90,Male,175,36,old
c2b25be3-2fe0-4e96-8c71-a64562da86cd,66,Male,89,53,old
1f27f717-423d-4170-a922-89e2d9043bae,46,Male,195,98,adult
68f3b77f-0539-4723-a748-c597a2c474de,32,Male,101,41,adult
c03ceddc-a154-4fb6-b17f-628b86a0453b,62,Male,100,60,old
a4e8523f-e0f0-45d4-9bb2-ea98678f535c,19,Male,94,91,young
a85016b0-1ac7-4e82-b482-c349b3f06d94,85,Male,188,38,old
dce16c16-dc4b-4a54-9eec-304e35c33241,70,Male,36,23,old
e7d96553-e078-4b40-9787-0c35ab65c822,73,Male,175,44,old
41952d80-916d-410e-9ac8-9cc30fce0ad8,64,Male,94,8,old
feb1affc-0c8f-4dfb-84f9-5dc31dd86ed6,44,Male,123,89,adult
fc0e4bc0-b55d-48b4-af4e-8fe1d76bd037,35,Male,59,48,adult
2c23947d-b3ac-4c6c-8ed6-d3b1677f0c08,89,Male,125,36,old
3bca7aff-99aa-4b70-9c7c-8a8473d0dcfb,86,Male,41,35,old
ed94572f-d9fb-476d-9bb7-f00b2e551bf1,87,Male,69,17,old
f9dc2141-81f9-4109-b677-0aacf22d8bac,55,Male,114,52,adult
6778511c-be9f-45da-9927-3de63645873a,57,Male,74,41,adult
97b52c70-9452-466f-8fd4-e29fef8d5633,80,Male,103,63,old
11a7d17d-a844-499c-80a5-0b31f8921fd7,81,Male,175,47,old
934fa856-2d1d-4b2a-a7e3-cac0438c936e,78,Male,102,38,old
c1be3d1b-dee8-4eec-985c-a9a25602bc6b,50,Male,24,57,adult
b1dcf6f2-2894-4562-b025-4fcaf8f6fc93,82,Male,39,11,old
f17a55ed-0c45-44af-bd8c-66c2e08c3378,43,Male,187,76,adult
66208de8-0486-4192-b63f-0062b56df9c5,26,Male,162,61,young
2da8723c-5b66-436e-9f06-0f5efdb43231,61,Male,41,77,old
015b026e-af9c-4af6-a087-c7966bec8b53,87,Male,109,53,old
5da73c6d-1677-4125-b744-1ed97e1f8de8,65,Male,46,15,old
3cfbdbc6-4bd3-46d9-ae9c-9a0ec779a7e1,27,Male,169,64,young
0d71f159-c030-4ecb-84b2-efd4920f1b64,59,Male,137,23,adult
776864a1-42f8-4d6f-8da4-eab5c427740f,33,Male,159,82,adult
73fab2de-7209-4c39-bdfa-be6142fa4212,64,Male,55,5,old
04895ca1-b834-4888-9ca7-c528daca4a1b,86,Male,100,35,old
acd44af4-82ad-4e39-b68d-c3f703460078,88,Male,85,30,old
311f036d-2e53-4ff2-94fb-3e5dd194856a,75,Male,135,35,old
5e2efc89-a808-4005-b533-b6d7d247a297,61,Male,35,77,old
c37c4101-ce48-47ff-a887-735b8c0419f7,44,Male,53,89,adult
44cb64ae-786b-4ef6-ad7b-c84edd01cb0f,86,Male,145,25,old
2dff184b-b27e-45e6-97cc-01e6982e6a1a,32,Male,36,6,adult
085bcbd2-80cf-4753-8504-0da7c5060ecc,26,Male,194,42,young
3d5cb7ea-d4c8-4472-bc53-8e758f845847,90,Male,190,1,old
4622f39e-5ad9-4473-8e09-1b855c72303e,65,Male,187,51,old
30fae8a3-bf0d-481f-8126-42e9f9bc5eac,81,Male,146,90,old
1ccd9cf5-4efb-4334-89ac-1537dfa938e0,83,Male,151,50,old
8d825ba8-34c4-45d7-b470-b28dac656b5f,77,Male,136,64,old
36e5e1db-fa30-4edc-b86a-85eb39627c12,37,Male,162,92,adult
dd142f71-a027-4567-977d-e7d39d25c232,31,Male,119,79,adult
aa0b5717-2e68-40a4-8d91-bb650c1de7dc,53,Male,182,22,adult
cb7b4e44-f352-45b8-9a34-91e32d5e347e,58,Male,122,41,adult
64359206-d6ef-4857-bcd7-d77a4c2bd69b,24,Male,172,23,young
7f24deb5-9c8e-4ccd-beda-2d3a43acbbb7,75,Male,128,93,old
0feb4957-141a-4f3d-9d35-ba362a7a93db,85,Male,116,70,old
f5231748-147a-43e0-ada4-93d3dd74652d,40,Male,123,73,adult
68721170-0c08-457a-aa43-9d0be9e6cd41,83,Male,25,24,old
e48e8e39-bef5-4659-8070-b59d881f6d74,42,Male,149,40,adult
e4d6174b-0311-43b3-ade0-99807929923b,60,Male,108,8,old
14b8164d-7292-4cef-b578-c28f04221863,61,Male,36,12,old
5695382e-f364-4b9e-a4a4-39b4a544c6a0,20,Male,37,99,young
687de3ea-5c97-40fd-8ef6-e4fa9db7c864,28,Male,52,68,young
46b69081-8e64-44ef-8582-fbfff340ec16,24,Male,199,100,young
a14b4852-eebf-4920-8b24-d8aff2bac3ca,21,Male,62,81,young
0c32c9a3-325b-4d5b-92a6-b7e82a9d0e48,66,Male,54,11,old
283bfa61-c9ae-4e8d-bdcf-2326f33d81c2,83,Male,148,39,old
e86d1f29-c699-49fc-9b25-a5161fe5b655,74,Male,180,5,old
add1dcb4-5ad0-46ad-be92-b7dc832eed7a,23,Male,24,89,young
c3d3b95d-14f5-4abd-b413-a809f0657a9a,51,Male,184,78,adult
c8ff17ea-4aa2-4aee-9ae6-703738850a34,20,Male,156,55,young
cc64a2d1-d30c-4694-84cb-5e26f3dbbbf0,73,Male,176,68,old
c1961005-6d0a-4553-b192-b55351f598db,63,Male,178,70,old
8b15533b-9c87-44e4-8c13-03f30885bca7,66,Male,122,79,old
c9fba8f5-d45e-4ef6-972a-2a52a636da01,53,Male,68,87,adult
7da639df-d886-41ef-ade1-8455396e15e9,41,Male,21,74,adult
f43e3443-d7af-40f4-a10d-eda97aa32134,28,Male,121,76,young
cb1c2ca2-f753-43b2-8265-614b43a967be,48,Male,65,30,adult
2b54d649-dd39-4d73-a312-8d5e58c4eb01,84,Male,79,89,old
303b3aef-6022-4c0b-8405-5861a33b7da7,74,Male,88,49,old
b989749f-9f73-414a-a21b-8c95c865b617,67,Male,63,25,old
23933ae2-8bb0-45ea-b742-425a493ec94f,84,Male,192,29,old
c6c096d7-b8c1-4bde-adcc-6919f0fca84c,68,Male,116,31,old
bca98482-e9f4-47d0-abea-35a6e2d7881a,33,Male,200,89,adult
441cbf7e-916f-4e50-88e0-c2833ba812fd,59,Male,136,91,adult
baac694d-6140-4cfe-a286-fc2c8576fd60,22,Male,28,21,young
fe52fbfa-4632-43f0-b43e-73c9a7d86136,33,Male,186,41,adult
23de6046-a251-4660-af31-ed8f0cc358c0,60,Male,140,35,old
6e2b959a-5966-4bc0-9751-485cee88e2b9,28,Male,164,96,young
f85d6c8c-426a-4e75-89f9-e52d2970c7d4,66,Male,143,76,old
5a0c438b-653a-4761-8bd6-3693266446e9,52,Male,155,13,adult
24cd0014-5d32-450f-9cf2-765a1b3f0667,36,Male,35,78,adult
a3a9bb88-8cba-4ecf-9cb8-d8909e42a95c,55,Male,197,30,adult
861e3cf8-50d7-49e2-9887-3d29a2bbf5fc,29,Male,120,1,young
1e362db1-826f-4d5e-a6b8-027e8205e531,38,Male,102,37,adult
4c3a7681-f383-4fce-93fd-b6cc89b447e6,35,Male,39,96,adult
ff011277-675c-4cfa-ac3f-b1777572d1dd,18,Male,167,51,young
aff06b3b-435e-4870-b8a1-6ae36f737f30,55,Male,91,70,adult
1be85e5a-9dff-4747-af8e-a690afca5dbb,30,Male,34,78,adult
4973c155-832c-40b9-87ec-535b01cc07a7,44,Male,121,55,adult
51dffd4e-4e3f-4318-b12c-27ad347ba5b9,76,Male,126,93,old
b1750e23-89d2-4f90-9051-d48331769657,56,Male,108,97,adult
1de07ac6-c611-4f3c-adb5-4583e46a31a8,70,Male,162,36,old
b234e9fa-1b27-416c-b0b0-a94240b7aeec,19,Male,51,21,young
f546cf08-7f10-4224-98e5-e7021e88eb88,81,Male,90,36,old
1d72a544-ba61-4459-b843-6f79694e20b4,79,Male,170,8,old
a523c141-7d32-438d-ac4e-1d79b00c2853,27,Male,160,44,young
cc26142f-8e32-488c-b6fa-39f0ac33c786,29,Male,75,15,young
201138ed-6bef-4de5-865e-8627ea06b4f2,34,Male,82,85,adult
cb0c09ae-b701-41d7-96f7-78eeaa2e9fe9,36,Male,84,29,adult
b4cc0772-c9b8-4a33-aa4e-509c952115fe,44,Male,71,65,adult
f0fc69d0-ce6d-4dcb-b027-1b21dae7ce2f,26,Male,196,6,young
6b3947bc-3b1f-4f24-8e22-93b404df0082,76,Male,110,86,old
63848b36-c946-465f-9378-7b6366328f05,68,Male,194,87,old
3fd5424a-ab6e-44df-b789-5c878620af23,75,Male,30,43,old
b3fd96f2-7bea-4d4b-83ab-63188189aee7,32,Male,42,4,adult
6281e95b-c194-45b3-b8c7-5e06b2a5c2db,25,Male,104,49,young
b5f4c9c7-82ea-4ee2-b548-1b20dfa6241f,32,Male,176,22,adult
743e751b-db43-4ca3-8423-c2180cbb524b,79,Male,79,92,old
03aa7ea4-d7ec-49c0-924f-e76e36350c19,75,Male,36,39,old
75d2eed0-d139-4026-9d6d-cdcdf2eeac36,31,Male,21,17,adult
fd6a0202-4397-4191-8354-df128fd40c2c,46,Male,41,16,adult
426f5597-21d7-4683-8f17-88d2654bd0ac,33,Male,57,80,adult
ef2e40ed-7e35-48c1-9abe-4fd45acb5c26,84,Male,38,10,old
3bbf585d-0082-40af-9609-01e6ac692395,32,Male,91,6,adult
392fc678-0c33-46c3-bfd2-34bab68c85a4,30,Male,188,67,adult
62c3b00b-d385-490b-8fa9-4b4f346f8d4f,72,Male,100,78,old
01f83618-9a08-4da9-a902-898702f97561,38,Male,193,71,adult
6526d5c2-f4a3-4a87-81f5-282764472fd4,51,Male,164,63,adult
1ae9262b-c524-4fb0-8ef1-4b94bb67ff56,85,Male,59,28,old
1f32f90a-23d1-475a-a472-7fd9e691a883,89,Male,174,34,old
a51e4119-d08c-4a2f-b4af-8eeedc216de8,29,Male,66,18,young
1e4edb5f-3d19-411e-80c3-b306d3e5a2f1,34,Male,135,47,adult
468b8389-fcaa-42f1-9b21-af38a42deee2,56,Male,135,73,adult
9c667907-b508-4887-968a-70496d3d7b77,38,Male,137,49,adult
342b7328-689e-4aeb-88ab-8fbed6f685c7,37,Male,193,74,adult
8f38ca44-ee3b-47e3-8ca5-dad47d85ad63,42,Male,27,80,adult
dc63e575-0690-46e5-be2f-0e0198adbea5,41,Male,46,96,adult
e40fdb6d-ea3f-44ac-9117-8893ca7cf19f,24,Male,43,90,young
053cf771-1ca1-4f74-8624-b9648d9d5ad3,55,Male,112,53,adult
9eb48313-1b90-4c09-b5b7-db66c3519a4f,69,Male,189,51,old
43deb3c8-4963-4ab3-9b9b-71febf8ee284,34,Male,50,34,adult
c8e82cc3-8391-4597-9d6d-9e5dd7b8e650,43,Male,187,8,adult
37680eb9-6a4e-4a3e-8445-5f29385f4614,45,Male,71,12,adult
599816e6-3a1b-4a5a-a22b-b5c8405e5064,26,Male,169,77,young
d4e25897-0936-4510-9fce-5a01d9f8f7ad,62,Male,22,17,old
3bc105ca-77c5-48de-a367-8ca131534ad6,39,Male,43,21,adult
1b7996c1-cb8f-4899-970a-fd458511177b,25,Male,136,18,young
6532fc21-4d28-415e-944e-df63cd7a630e,34,Male,48,93,adult
3f200769-b622-4556-b1ff-90c590545b5c,60,Male,143,93,old
b6c54c8e-046b-4fd2-95d5-394f1548e302,75,Male,108,67,old
15c9e7c1-d65a-4146-87c4-de5423cd94c5,66,Male,39,35,old
8d8f8140-5090-48c9-8491-ad3946a60812,37,Male,160,76,adult
17c80863-2ce6-4440-96b1-2d74c0e0ec51,65,Male,186,4,old
37624003-861d-4253-83ba-6dde1807c60a,86,Male,152,42,old
427c5fb2-beeb-42e1-a042-31f1a981c7c7,84,Male,170,47,old
5ed925b2-e279-4276-8b48-8df74407f2a1,41,Male,178,18,adult
2f8d000f-6b93-455f-a6c5-69962b7a3b7d,60,Male,21,100,old
4025f1dd-0979-4387-996d-e88e574a7015,72,Male,151,8,old
c8238d99-38a7-436c-9add-a7d84b8b0864,87,Male,190,23,old
d9123174-b3af-4fdf-9429-1e13c54605b6,25,Male,81,2,young
89c25357-559a-449a-9e08-4bfbbfa80229,80,Male,64,38,old
0f57d13e-c9a2-4342-b586-966b4fa653cc,88,Male,29,84,old
6abf7602-6008-48aa-ab58-10ec656a6042,79,Male,40,15,old
2507c6e5-34a5-4e8b-a986-826c51313c8d,71,Male,180,57,old
6f15efce-725d-46dc-a58b-92cec2021069,61,Male,23,55,old
63b09694-6926-4c99-b8ed-80d2078df2e3,43,Male,123,22,adult
75bc15cb-040f-455d-888c-0b35c7084aeb,82,Male,166,81,old
d996b947-a27d-4ac1-8531-907881059e16,37,Male,169,52,adult
1c5b340b-e1e0-428d-ae97-1ce377fbc4ce,65,Male,104,35,old
c87b599a-d057-479a-9b85-3353071f3640,27,Male,156,3,young
a6b63619-69eb-4b13-b83f-483be39d49e8,90,Male,100,56,old
635ef891-c951-4782-be2b-4549c12c3ff3,64,Male,69,88,old
923b6f99-8676-4614-8b0a-effc3365d844,53,Male,196,26,adult
8a063ec1-784d-4a26-84b7-ff355fceaa63,72,Male,21,82,old
fa0a3585-ad34-4b77-b5c4-57a7b3230d49,32,Male,89,88,adult
8a4de93c-0da9-41a6-aa00-45140185acdb,38,Male,87,97,adult
306fb848-0980-4455-bda4-bd77eda84dfe,43,Male,173,76,adult
cd79d04d-c6c1-4138-9d7c-eb3769133038,86,Male,39,25,old
9d06db78-265e-443b-92d7-957bf86ae277,52,Male,102,40,adult
45b17609-a825-4104-ae69-efc008e42d34,51,Male,78,43,adult
0744db90-41e5-490b-badb-676f7ff5c09a,69,Male,146,95,old
05e70edb-d73d-46d8-9ee7-34a185950a6c,31,Male,175,79,adult
7bb02aa5-6f50-4fc6-81ca-6b9f672c4ad7,34,Male,88,13,adult
44c20ef8-4741-44ee-acfa-36a3d7227181,48,Male,172,8,adult
1fa86db3-ddf3-4ea9-af52-afc4e4c9c716,42,Male,142,33,adult
42dc0679-8668-4772-9e77-c8cdc989f8c1,84,Male,36,66,old
6bd7ef8f-fab0-4964-9419-7e1bdd918cba,24,Male,98,40,young
0f073327-e283-4e8f-801b-bf4a2a88625b,40,Male,67,16,adult
e21b806d-e0ba-43be-90b7-cca1da66b305,29,Male,44,1,young
1cb85d57-8e3e-4407-8616-7f1370016eb1,36,Male,27,34,adult
552a1af1-4caa-4ed5-91bc-2b7824e6a572,48,Male,33,29,adult
da574638-4cf9-43c4-ba14-4f54d6dbebec,73,Male,163,70,old
e2d33179-fc71-4a2c-8b02-c1e455ea43e5,32,Male,64,81,adult
5bd3a6c7-3671-4b02-8f51-4e40297b9b01,76,Male,99,73,old
081b1135-1a3f-418f-ad33-cd27c0159143,42,Male,35,66,adult
bf1757e3-1fde-42ed-b6ba-f6702baedb49,40,Male,53,42,adult
b26a593e-db9d-4dbc-9069-ffbc3c1f79eb,80,Male,166,49,old
dccdf258-e300-4ed7-8d97-700efba80b4e,18,Male,113,21,young
ee581790-8526-460a-a01f-df3b087569d0,78,Male,141,67,old
4d201aed-059e-4507-a5e6-e1ac496bb4c3,81,Male,181,46,old
2e9a4009-678d-4383-ace7-cc1cbfc3f771,26,Male,178,27,young
e4b449e8-d504-4db8-beb8-789c2f702d68,19,Male,41,23,young
57ca7e90-9396-4cc1-92ea-b65aec1bd30e,46,Male,42,10,adult
c461a6bc-201d-406b-a40a-d6596ec5ad02,63,Male,122,73,old
d5f1d840-7361-405d-9662-4f79a816c875,84,Male,135,17,old
138da96a-c7aa-4635-884e-d9a557d43add,36,Male,198,37,adult
37d14e7a-41cd-4888-8b8b-66e33608633c,19,Male,88,85,young
76b409c4-9e6f-4112-b3c2-e694bd5fdddf,89,Male,99,67,old
dd6c7b08-6e46-4ae1-91ab-e0a814f7cc72,57,Male,41,80,adult
b88882fb-22fc-477d-8fe3-67373fa8f72d,59,Male,145,19,adult
3281a11e-c934-4ac7-a10c-92c46e6495eb,67,Male,159,14,old
6585097b-b707-4701-8784-e3e73706f652,22,Male,20,34,young
70e89c36-0107-47ba-8bd8-0f89d37f9a7a,23,Male,154,20,young
75c439b1-ba03-4c50-9fce-7e1c429810cb,83,Male,106,43,old
0339a550-d218-451a-bf72-fb5b3dc7f4ce,64,Male,74,91,old
c10604d3-7061-42ca-87e4-3350ac6e51bd,33,Male,114,89,adult
42113192-8292-4e41-b63a-7d627a90f8ca,41,Male,23,9,adult
6887cd28-7da0-44d6-a03d-a6c7b722b9ed,56,Male,152,8,adult
1073a151-576d-4e3e-9b81-c8c032dee413,66,Male,151,42,old
f2a300cd-a5cd-4e05-a391-c892fee9bd26,88,Male,171,83,old
321c4077-d702-45e3-8cad-6e14afbd4d15,78,Male,52,84,old
e6854eb5-77a3-47e3-bc99-43fcae1a2e1d,63,Male,26,58,old
9ce7e0cb-64b8-4a1d-a8c2-b72fdf4ac18b,28,Male,107,66,young
31b01315-f580-4a90-99e6-30ac1ab60e04,61,Male,199,3,old
0f0a74fe-4f82-4cf8-ba49-88162c96d8c0,83,Male,53,4,old
50e133e1-6dc7-45c8-b796-e6de7182d04e,79,Male,133,71,old
12a9d783-db31-48ec-83bd-f54dbe17aeaa,44,Male,150,87,adult
2abc2228-3ccf-40a7-b4f8-c80a23a64427,59,Male,56,96,adult
f602ac49-640b-4638-b19e-4f210e06879f,31,Male,153,43,adult
d22a3d1b-83f6-42bc-8d84-48e121a9065f,37,Male,40,3,adult
e4a54505-a011-49fd-935b-5efeee678e31,30,Male,140,7,adult
00ec5ae3-2e8e-4a4d-a132-7f95884648a7,22,Male,32,99,young
cd033cab-cc7c-496e-b394-6c3cb3ddf045,66,Male,98,26,old
feede958-e01b-4b73-bbe1-a379954355ca,39,Male,80,47,adult
1c77e9cc-2545-4379-a910-bc75173fd9c3,86,Male,136,90,old
3e498cc1-6c22-4a29-a3b0-df42a0a7d0ba,72,Male,176,60,old
12d5de9d-e2dd-49d5-9901-5fc95ac4227a,27,Male,137,51,young
525c3328-34d0-4f65-90c7-ab93c414b994,71,Male,36,49,old
ecb468f5-437d-4e12-bbd2-2d3bc60e12b7,42,Male,24,95,adult
10b5823d-7a07-4956-b9b5-3e8af0256d89,24,Male,150,90,young
f3d7423b-2706-4a15-930a-0f3b69fb3c63,78,Male,135,61,old
c3f10d65-9c39-4a5f-9274-0ec5aa8019f2,34,Male,151,18,adult
a4aa0b2e-848a-4a9d-b9a2-5fca0acba590,45,Male,163,21,adult
52a4759a-93a6-49bb-85bf-43751ba450ee,46,Male,148,90,adult
4ce28ebd-4def-4af0-ae3a-c4b34be00367,72,Male,126,11,old
769fc3a3-2314-459b-bcd8-59a2f076b23d,71,Male,70,90,old
79962564-c912-49b9-9ba4-7fb0de9b96a8,80,Male,125,42,old
ac1e1df4-fc52-4e25-aeb2-bb3830c7074c,51,Male,71,1,adult
3fed7750-eb59-4471-8695-74c143907455,83,Male,173,52,old
879bdaac-e903-49b3-9b49-c7ecc93eceaa,79,Male,195,63,old
f5ddd23d-f779-404a-b546-a0b11bc69e3c,46,Male,97,15,adult
4ab244c6-d795-40b7-b7cf-a309670535cc,47,Male,172,86,adult
5d9f918d-0346-484d-8a42-517ba162d795,28,Male,138,62,young
42104444-b6d8-470c-b457-cbae571b14bd,90,Male,119,42,old
b7a8469b-b4c3-4a9c-8d17-7ff514a968b4,79,Male,60,42,old
343feb0e-452f-4804-a538-59170c6b0db5,51,Male,179,18,adult
f3fc3388-9ee7-42ca-b03c-dcabafaf1342,53,Male,118,28,adult
e98f6e9f-4518-4922-94fc-b4ef346bd67e,34,Male,28,7,adult
50a833e0-b5e0-4fc4-8933-adc4a3dfe9de,79,Male,163,75,old
21c471c1-1a09-47a1-9b94-26629ad514d4,86,Male,68,58,old
38fd6dcb-4ec5-44cf-8507-a5f80aebd24f,28,Male,155,58,young
f96e1051-3141-45aa-a865-321614e11dab,34,Male,162,81,adult
c67b9659-905a-49dc-bbb2-873fba5bad08,18,Male,118,20,young
730fdb51-7f5a-4df1-bb76-d4b52d6c8fca,32,Male,66,84,adult
83fdbd13-40d3-446f-9081-84c51760b089,77,Male,196,71,old
5b7574fb-bfb8-4cbc-87a8-b14913898ba7,70,Male,159,43,old
73e32acb-aa4b-4995-b99a-65504de94991,37,Male,99,86,adult
b27e34d8-5e67-4461-b76a-d79731d760bc,24,Male,56,62,young
8f2769ab-e721-40cb-a6e8-45a0b33a89b7,19,Male,74,43,young
ffaa3f6f-68bb-416c-862f-b1c195f9500b,53,Male,66,80,adult
43b2230d-4d0a-4000-b0a6-dc8f44e18746,18,Male,150,57,young
5a8cfe95-9780-4f00-8b0e-335078d92790,53,Male,44,64,adult
de8b3ce2-e152-444e-be22-9a64396eb01c,83,Male,101,78,old
6971d452-fceb-4a8b-b116-6110ba1f4eed,84,Male,168,69,old
959bd3d5-6af0-4318-8d3c-9fe0ea5273a8,51,Male,33,31,adult
d35ad420-44f9-4b5a-9f94-01bd16c86679,64,Male,26,57,old
06018158-48e4-4201-ad8f-b472efc3ea76,49,Male,77,80,adult
d0df87a0-62c3-4ccd-84b3-b49f831535a3,72,Male,172,53,old
daaf39ca-b115-4b82-b22a-8a1901f2a1c1,71,Male,58,29,old
c3b600ee-a67d-45b9-ae27-cb0c71cdec97,83,Male,200,5,old
c45610ca-61ef-4fa7-aecb-dbb788cb7bc2,30,Male,137,27,adult
64c10618-46fd-4a39-8cf9-e197638a94b4,37,Male,151,63,adult
7c39ab18-c66a-4834-8143-776a0be10b78,70,Male,148,65,old
646c79fe-64f7-48b0-bb77-94ae50b92834,88,Male,55,91,old
75cd5430-7720-4114-b7bb-a3aa6746977c,26,Male,71,11,young
923a3a3b-3661-499f-a789-a02a3ccfd9a0,71,Male,53,32,old
f683d03d-134e-491e-a232-4f3f549f1923,52,Male,160,95,adult
4659026a-e439-47e1-bff8-3b4eb353580e,28,Male,41,72,young
d96719d4-9e23-4cae-8c68-6cae6bdbc8cf,35,Male,189,38,adult
de1c20cb-c065-48b6-8a00-9545e99b11c6,84,Male,77,49,old
d75b7b83-3434-40ed-b333-94fda100ff5a,27,Male,112,11,young
9e90f99e-aa4e-4ee1-a0a7-144b1d7ce40f,41,Male,138,79,adult
e7276fb9-137b-4ba8-8d90-6b200842c717,84,Male,28,86,old
89491886-2900-4ded-88c7-4e80d3a4e2f1,28,Male,46,45,young
0e055ffa-e927-48c5-b1aa-c245c596a920,45,Male,28,98,adult
f520eb76-cc6e-4dc2-a19f-7d5a465f0198,86,Male,74,95,old
31cb92d7-71d7-4d1b-bcb4-d45292700dee,41,Male,110,66,adult
e60ed6ba-3be5-420e-aa6c-9dc688e58bbb,34,Male,103,53,adult
4474efe2-e9a4-4cd5-912c-6c04048bba8e,85,Male,54,84,old
5d23e5ab-147f-4625-8bcf-2686cc127253,18,Male,93,47,young
df4fd3a4-54ac-4cc7-b710-2ad0b297f5ff,74,Male,84,17,old
d5f5fa20-7888-4c1c-8411-bae8508dc1af,25,Male,110,4,young
a937c9d8-ab77-41e4-a8a4-d596845798ab,41,Male,33,98,adult
a6275e04-8b35-4299-9e6e-8557b81367d1,42,Male,177,46,adult
949c19e4-9cdb-49f2-a8b4-081f33c8bb74,81,Male,101,23,old
da35ac9a-7e78-4ac4-b28c-4076a4e1cf73,26,Male,95,40,young
d5b40102-e3cc-4523-be4e-098d976f507d,24,Male,191,97,young
824342e5-c3cc-4048-b9e5-bce67e50f4bc,42,Male,80,33,adult
7d21a469-40e8-4b02-bf39-cc16c1ba2e42,63,Male,141,23,old
d72666af-4475-491c-a89e-a787a7975ba4,54,Male,162,1,adult
6206423f-e12a-4302-8cb8-0d59fde3def9,89,Male,127,93,old
94c57a38-4ef0-4aa3-a2c4-3f45dd0edf5c,75,Male,59,76,old
c1d971b2-45e9-43e6-a359-9ecf7c1e2db2,57,Male,162,28,adult
db93f9e7-850e-424e-91dc-abcf75d49070,86,Male,99,55,old
9ca4b264-5cc9-44e2-9559-d9363408e62f,39,Male,81,3,adult
8925d097-a288-4a4c-ba75-5e80f5b9fcd4,56,Male,178,90,adult
ed52322b-90f4-4516-8363-e2893166cb27,75,Male,125,25,old
d815669b-90ae-4329-bd9d-ce5bfd160b23,57,Male,194,33,adult
16f66cee-166a-40a2-afcb-38196ca5d9f4,22,Male,48,92,young
76ca5b14-eeec-4b8a-aed3-5b99628061c0,77,Male,43,43,old
bf3b1a0b-d6ff-4923-b7ec-54e5b1d06a95,83,Male,138,11,old
175b74c4-c685-4595-8fd6-985a837bf311,37,Male,152,100,adult
35a64932-7b19-45d0-af9c-2169583e48ca,70,Male,32,24,old
ef07ec94-2bcc-4d28-b98b-544321efeee6,38,Male,146,76,adult
0e70c376-9b6e-41eb-ad7d-afb539ebde1f,58,Male,103,93,adult
8629c4c9-02c5-48b2-8d69-69e0f6efff7f,53,Male,149,6,adult
08493a97-b8dd-463b-8f95-628320333dc6,77,Male,43,27,old
1bfde287-439f-49a1-b109-1e26207fd853,79,Male,105,76,old
a1e65736-0a5d-40ec-a791-e7dd0a734cfe,30,Male,179,74,adult
ee0450a0-d9a7-401f-b2a8-e9035b94e922,42,Male,124,57,adult
78dcdf56-2974-46b5-ae3e-d79840b79d75,26,Male,49,89,young
151f5527-61b7-4544-81ec-d745c8ea51f9,49,Male,112,34,adult
54189c38-79f6-45f5-9aac-f64c1f170a5b,78,Male,28,3,old
2d85bc37-18bd-4a7b-868c-848f61544158,32,Male,83,70,adult
6da147fa-4817-4591-8777-9d3d039a4360,43,Male,102,33,adult
2cfca9ce-000b-4b44-9a79-afdaa0261cc3,50,Male,27,22,adult
58632e7f-58a3-4b22-aafe-1698d616c4a1,43,Male,140,19,adult
6f237536-6e99-402b-ac2c-f966d7c83d35,51,Male,32,59,adult
55752641-9489-4f3f-965f-d8c84bfd559f,86,Male,25,27,old
a888768f-fedf-4fa8-ad81-8b940ae09c98,52,Male,199,48,adult
b1702cfa-9638-48b0-9fe8-c69e8ba619f5,43,Male,99,20,adult
bcdd3d98-a099-4e1e-930d-73f140ed7dbb,56,Male,187,47,adult
53088c96-e896-4ed7-b36d-fa6b2876e5c4,89,Male,170,30,old
ee179277-2ff1-45d8-81d0-629c8f48c5d4,20,Male,61,99,young
1219e38b-d584-4026-bbf9-aefcbd741f08,77,Male,151,61,old
7cba37a2-4601-4405-a15c-120a116c2816,22,Male,156,37,young
a267a3cd-620b-466a-9403-a395530ebd32,52,Male,116,92,adult
72b4074c-068c-4a4f-b9cf-fda61382d639,37,Male,66,69,adult
86eab062-49b1-4c60-a543-249d695acb54,66,Male,98,34,old
080be73e-75e1-40b3-a381-d574a766bd9b,25,Male,193,61,young
fd31230a-8d4e-456d-9c88-59d7c1a3353e,83,Male,53,29,old
d85f134a-60d7-4dde-b174-3e6aea919cb0,37,Male,59,29,adult
1776570c-c087-4841-b308-07b45fd6bb82,48,Male,180,78,adult
ebd06776-3327-4735-ba1f-2e7c66946968,69,Male,34,1,old
f0644ab1-0861-456b-b5b2-dac70a3f04bb,84,Male,42,92,old
a5297452-7d41-47e8-b592-b95540af7dbd,34,Male,44,39,adult
3d1d20b6-62dd-47ee-ab16-fdc75e93ce2b,78,Male,185,73,old
04abfc73-6e8a-4b69-b92e-83f9eaf7accb,69,Male,41,23,old
ef5877fc-99b5-4609-bf21-17292f821a24,31,Male,25,63,adult
2482d8db-ec48-47fb-b239-3ff5b4bc003a,79,Male,78,32,old
99a2ad14-b6d0-4d75-9c2b-9f78cc7857b0,80,Male,130,44,old
b98d0b5a-d672-4b36-8264-6a1b1957e2ef,61,Male,108,71,old
3f096746-db66-4132-8e17-d9169cedfff9,89,Male,130,54,old
a63e96bd-3564-43d3-be56-f81c4daba69e,19,Male,76,60,young
7bc86310-f650-44db-a11c-8623c4173e49,20,Male,94,25,young
fc177a45-8d89-4b8d-8ec8-ce253e78ed47,22,Male,39,69,young
c88c1208-8075-4d31-bdd8-db60f7c3c087,53,Male,86,13,adult
e7c48580-6a89-46b8-b7d6-0c3cc059c1e0,72,Male,41,20,old
d91cf7f8-aac1-4059-8a99-3a23176967fd,77,Male,78,82,old
a8c6409e-3309-47fc-9a0c-568ba3fc4a3a,63,Male,94,30,old
ab54859e-6004-4f1d-9393-c03966091b5f,81,Male,141,1,old
d061bc7e-ff26-44c4-8eb3-f3090e869c1b,41,Male,175,32,adult
b3716065-b648-475f-a77c-f568b532d890,39,Male,55,21,adult
daa44e6c-7395-415c-b918-5e828a5d4e9a,90,Male,70,55,old
315c3c68-c75d-47b2-b5ce-34c92a2ea9d7,41,Male,57,16,adult
5a6beee5-21c6-4b7d-8a3a-a94566d10ff3,86,Male,158,92,old
b44511ec-7967-4298-a8e6-99e1d76a7dd6,19,Male,177,36,young
70b3d75c-71f5-40ff-a73a-0ff1af4718fa,74,Male,58,2,old
e906c8b9-9bbb-4735-8f47-3cfa1e997c04,84,Male,148,44,old
78bcfacd-ac34-4e7b-a796-2d1a01139fc4,19,Male,139,44,young
3a9ffbc5-cb68-41bb-9925-986bc24e4846,83,Male,88,80,old
d15c8513-b592-4da1-b358-4937e79dffb8,38,Male,141,26,adult
ee323804-1192-40ca-a030-7bd55930ce3e,39,Male,39,57,adult
88f6fde6-88ee-4028-a085-6ad8de948e36,61,Male,113,93,old
97bf8b9c-5e50-49ee-a5dd-3f302cb8f2b9,84,Male,190,1,old
ddcf0ca2-c844-47c2-97be-2633b474474f,42,Male,36,18,adult
067819af-1701-4d49-b8d8-2761d321d1df,32,Male,78,83,adult
e45cfebb-c0ff-4f99-9f7b-d9ad64867d7d,68,Male,134,22,old
177c71d2-d9b3-411f-8141-97386dd07f4a,30,Male,137,91,adult
6ffb4c40-5db4-4b98-af05-6348942a2f10,48,Male,138,85,adult
4ced209d-af9f-46da-b4c6-c6f073cf24ab,22,Male,150,94,young
7ecadba6-25a6-4b11-9ecb-94979b0392d7,20,Male,149,20,young
74a91485-8f53-4e5c-baff-142c2220930e,85,Male,199,49,old
9600474a-4cf6-4a4b-b5ab-05d08dd51b8a,84,Male,178,48,old
37d4fda6-7e9b-476f-a5eb-1833c116ec70,89,Male,140,58,old
9bb3aa50-3be7-47fd-bfa6-ffd34a9887a6,65,Male,47,14,old
36e373d7-c3fa-41f3-af5e-a6ee04a5202e,74,Male,187,14,old
b09c7d2b-9f12-468b-9616-2f7b1440e14d,53,Male,113,11,adult
c95f13ab-a024-4e4c-91f3-d0770eb397e1,58,Male,141,84,adult
603e3609-0031-4320-845c-08e2a541b0d3,31,Male,41,12,adult
53c0da22-86ed-4cbb-9840-2863930820f1,28,Male,106,88,young
d8098b7d-b339-453f-b3b0-0033367cc727,43,Male,49,94,adult
578c7533-8207-4f92-92ec-9126098dcb1e,38,Male,163,61,adult
9e41efd1-fde2-48ab-a415-1039450041c4,52,Male,109,7,adult
64510ca6-49d0-4c0c-900b-f12043cd9bc4,35,Male,106,93,adult
b479f57b-82f7-46e9-8fa0-83e630fac56d,63,Male,143,31,old
87c2f6c9-2dfa-476c-971b-b38d226e67af,58,Male,81,37,adult
8b8f50d4-a516-46e2-a645-16e66be0dcc6,29,Male,179,50,young
e9cfc52b-e010-485c-aeb6-3bb4e8b20ffd,78,Male,49,65,old
2d03c29f-556d-4878-8b41-b0947f78b46c,24,Male,58,86,young
75591cf4-4d10-452c-b1a7-a54e43c4ac5b,20,Male,165,56,young
3551e4a1-8f89-400d-801f-958503ebbb6c,21,Male,30,34,young
a41e2b18-8f9d-4781-8d20-abff7a73ebe5,29,Male,145,43,young
22e30f30-4fa1-4fed-8eb1-e5b4280bee70,77,Male,166,86,old
2ce7c1e9-381b-4026-aa4f-31314bf41da6,22,Male,94,38,young
208809e6-b2e6-4b35-8fe7-690dc88de7be,42,Male,113,42,adult
c3d26ac8-9c40-47e9-9b24-b1741b67e99a,54,Male,148,27,adult
835ce212-36f6-4c63-bdf7-581e604c310a,84,Male,154,63,old
62ff4a60-eaea-4cc1-a269-f4f831a5e9ec,37,Male,34,27,adult
2052605c-e2de-44c7-a379-8536eb96b4d7,74,Male,25,34,old
c0af734d-97c2-4482-a5e9-a36a8e7eb556,55,Male,145,64,adult
ee87d65c-b628-4c52-b281-a5c3485b6038,34,Male,185,83,adult
38fb278d-3a70-4ee0-af16-463631d5fec2,27,Male,109,14,young
f6c6ee65-3b42-47a8-810c-bf12ae66ecc0,77,Male,81,39,old
32d300fc-ad45-48e4-81cf-4930305a11c8,19,Male,27,95,young
1415091c-a074-4e26-b8f9-5445bf3b4904,70,Male,108,46,old
e0465096-d05c-4709-8529-78b7d6813da2,78,Male,157,75,old
46f5873e-c020-4a47-a63c-e09804d71806,71,Male,144,28,old
91097734-1781-45b5-8101-a05c768bc8f6,22,Male,192,40,young
913436ea-aab2-4801-994f-8125865c32f2,76,Male,99,88,old
231d6d3f-6e33-46cf-a2aa-d5475c91f51a,71,Male,72,12,old
102f18f5-8787-4711-8f0c-e4a57b8dcf94,77,Male,145,60,old
b8118b64-5b6f-4d9a-8349-d14a4280b136,81,Male,109,56,old
c732cee8-1121-4012-bdad-43db7bc03b9e,25,Male,43,47,young
8fac37d5-d8cb-4b77-847d-0150bdc1309b,39,Male,80,20,adult
0ed5c058-6e90-40db-a14d-8d8e9372bd93,77,Male,125,8,old
91f55a4a-d832-4910-86db-0ebf8d5a6c10,52,Male,70,81,adult
67ef4a5e-bb03-4aec-883a-01e9874729b8,52,Male,25,90,adult
e93bfd1e-9967-4505-a5b8-c753f1c9916d,90,Male,196,23,old
9d41bb7c-708d-4ad3-8453-0627bf0d9851,57,Male,149,14,adult
6943b4e2-60fe-4e00-8aa5-cca42c32accc,87,Male,51,67,old
f33d7418-4740-466f-8580-a7cbea3c4432,33,Male,61,89,adult
20fcdd0e-c48b-4245-ad18-7be994045749,71,Male,148,90,old
6154eeea-b15a-445f-96ee-95208f4338ef,19,Male,128,78,young
62dbb94a-a88c-4626-ba28-39a069403f10,24,Male,153,54,young
0e65beae-01d9-4131-a88a-d1529ca51a18,57,Male,171,45,adult
c538f796-5d13-47ad-bcc9-a86299a3ae25,32,Male,169,39,adult
82702861-eae6-4e8a-90f0-b62d05bb5128,66,Male,25,11,old
df2cfbf6-29da-4388-97f7-7be8f3bd0e91,49,Male,76,100,adult
af328a34-f1ac-4c48-80b5-23882f4b4211,80,Male,157,97,old
2de818ad-b9fb-4bb1-97f6-8a903253831f,87,Male,181,69,old
a25c533f-45c6-474d-95d1-4e2982c87fb4,79,Male,110,39,old
8d390530-3858-4eb4-b78c-f0e443aaf0a5,23,Male,93,56,young
107e0f11-a21f-454f-9409-f8f7fa6f95e4,44,Male,136,95,adult
20e1f929-6ef3-4d4d-b24a-86ef54af32b0,18,Male,58,52,young
231f6a6e-5be3-43a0-ac00-7a5e561dcf8d,28,Male,100,60,young
53b43cd2-98c9-4934-a6d2-313f47d90152,39,Male,149,71,adult
6c36277a-ddec-4e7d-861c-fe56d10751eb,59,Male,43,70,adult
877ee396-be9a-4a46-96bc-5d7a483afaea,26,Male,77,46,young
d1a5123a-563f-4f2e-9ff5-1f7e452b8f61,32,Male,174,70,adult
2f86a36b-b7b2-47bc-943f-75d51b0dc945,29,Male,128,24,young
d596d9d2-3351-4cee-a3d7-f6c43cabfb0e,30,Male,129,43,adult
d870f035-d857-40b3-b362-87946e5d240d,90,Male,24,73,old
dbf1504a-02bd-4d11-8e3a-59c12656ac05,21,Male,137,24,young
32d3c918-8d30-4586-ab40-d92362e7c088,66,Male,63,40,old
3b7602c1-7a2a-49cb-ac14-0941a5660459,39,Male,56,48,adult
acd3ade8-0f7b-4100-8b42-0ca1c7b6de00,81,Male,122,8,old
92f3c236-8eef-4fed-9b92-04f718b7a487,90,Male,185,55,old
9b63b0c1-2b81-4094-bb30-c6015c6ebcbb,50,Male,42,77,adult
e1183352-f0b5-40f1-9a68-25a84e17800e,77,Male,32,76,old
d0b928d2-e185-4470-b15e-74488d30be0a,71,Male,113,65,old
7da69ca3-44f3-4549-b72d-fb34c7b31eef,28,Male,196,2,young
f7633ac2-c86e-4f17-beb2-a85550232590,76,Male,81,13,old
848340b6-b521-4096-a2e7-9a1f0a5db1c8,86,Male,130,68,old
67aa6d9d-3048-4d3d-a404-9ea610203ad0,86,Male,132,57,old
d0f58463-7d4b-41ea-91d9-e85a8ce23059,34,Male,69,49,adult
d667b612-ef58-411f-9c84-4e74818ed12a,46,Male,122,80,adult
1d1565fe-05a5-4195-b3a1-f04f4e9fe5ce,84,Male,171,10,old
c1129e2f-d112-446b-8978-bfb46035be58,31,Male,131,6,adult
9a95cb77-d757-4a97-a5cf-5d7ceed7b346,57,Male,135,46,adult
f415514d-a0b4-4249-b551-642606159994,38,Male,69,22,adult
9ac40d4e-c119-46b8-be3e-117f2e2b771e,36,Male,180,92,adult
78520c7f-7d9d-4d91-9c06-79878212552e,62,Male,126,74,old
43568f15-7d21-4676-a66f-58fe035ab75b,71,Male,69,84,old
a959cec5-ad83-41c8-b8b9-681551b8ad8f,20,Male,24,42,young
f5635307-3c21-4e2e-ad9d-a67507bafb60,55,Male,78,57,adult
1eb59be0-0a7b-46f5-9789-00e0eeff1353,24,Male,77,89,young
81669a58-1235-43b3-bfd8-c25d6a406dcf,53,Male,24,20,adult
a06896d4-ed75-4fb4-a5cf-a10c7cbb3219,71,Male,33,33,old
0ebd3ecc-4491-4471-aa15-a6a0eb28a937,18,Male,187,55,young
c813c84c-057c-4a7d-bf90-e3bec9ce0082,24,Male,115,30,young
7f785422-1a16-4c31-9485-eb1d4e2afdab,21,Male,84,6,young
dc26efa5-ff46-4788-a5c1-4be49976dfb1,68,Male,39,98,old
e6d3cfd7-551d-48a5-9932-43c6e0a97a0a,51,Male,175,45,adult
d93aad6b-4022-46bd-8da8-f58650da1d5c,67,Male,56,95,old
f7443a45-8212-46ec-b3eb-fd7299242ab6,57,Male,74,48,adult
40ba130c-d008-4537-8a3e-902190dc3929,90,Male,146,10,old
a335aa43-2095-44f4-8867-5bc94d4e2899,77,Male,76,94,old
907099d9-6b9c-4250-91f8-49f90ddf5c00,26,Male,198,47,young
ab102deb-4bad-4429-aef8-f015d2d5245a,82,Male,59,51,old
29ad1249-76db-4e57-b949-ff6b24a9d848,36,Male,185,43,adult
a31b4e99-24d7-438a-ae07-6151e8cdb8ad,22,Male,28,27,young
5c98dd6b-e7ac-4b23-b60e-94288634ccea,47,Male,159,23,adult
61a30408-8221-43f1-a526-fdf0c1502194,54,Male,149,6,adult
0b525f19-5c84-4a99-b267-922d20f9929c,77,Male,25,89,old
ce3f8223-5d4e-4486-b361-d1cc053a6a54,36,Male,40,48,adult
c72573e2-605f-458e-a21f-dba5d6bc9ee1,46,Male,174,56,adult
3b7533ef-b22e-4a13-a77b-c6a05d614a6d,86,Male,133,64,old
ceba2360-9905-4fe4-b093-f88a653d5ae1,63,Male,31,75,old
37bf065c-a82f-4cf1-8a99-0fe3215c3106,63,Male,58,55,old
3f934639-1ff0-4401-a882-4bf9510131b6,89,Male,164,60,old
5d8961dd-171e-4fb9-bd6a-6d53c44f1fa3,27,Male,198,70,young
f02b65c7-38b6-4084-adfc-546285eb6927,49,Male,115,55,adult
d9aa87d3-aa8e-4001-a91f-4acc984b5dc5,22,Male,108,65,young
f7d8dbe1-43f4-427c-be15-ef16e3c8bef0,56,Male,186,9,adult
c9bf2049-7077-431a-b3a9-9d899b1b114c,80,Male,29,41,old
266edb29-ea89-471c-97ba-d8bcceb2ac73,24,Male,78,99,young
a8a38d5a-1f27-4a12-8421-0e256e841479,78,Male,93,6,old
d28f10c1-44a6-4510-9c05-98bce56f3b33,72,Male,179,39,old
4d7891c3-108a-43ca-9d49-1ce22e3259fd,74,Male,97,8,old
6baef5cf-99f3-4774-8972-0f85a71651eb,86,Male,95,52,old
2d87c272-f2d9-4cf9-9182-bca31520b693,19,Male,195,89,young
71dc96e7-34a2-4928-bf6b-fd64b96c2312,57,Male,166,30,adult
ee2a7ec7-c199-41ea-a07e-99bfcb9d923f,81,Male,162,72,old
7b371826-6984-42b2-9138-fddc55ac52c7,71,Male,106,18,old
abcb2819-c53e-4d3f-9e07-5411c2cacaec,39,Male,110,82,adult
306fc9d8-314f-448a-940f-a71db59d9916,85,Male,62,26,old
b1869ecb-8208-4fc0-97c4-ebba73d6e9ad,38,Male,192,15,adult
971420fe-afe3-48cc-b2a6-de8ebdca15e3,59,Male,100,61,adult
9f133051-03ed-4754-82e2-e311b52dad84,87,Male,49,81,old
9fb07d48-d8ef-4a8f-8653-500f1e5d332b,49,Male,20,83,adult
06072a9c-fe0a-46b8-baf8-95982209f6cf,73,Male,200,42,old
9cfdc790-9c02-44b8-9d2d-19bf25c614c8,58,Male,180,74,adult
2ae7ec6d-911b-48cb-9e9b-38f48d5bbfe4,21,Male,173,9,young
cae1ade2-e248-4ce8-b81a-63a48017b1cd,33,Male,193,74,adult
25a507e4-0b31-4881-be16-ad02de2301ca,36,Male,37,39,adult
4689bf9f-8f41-42d3-bbf8-63029dd04d4d,38,Male,105,46,adult
813e0594-af60-49b2-92f9-7d23ee921369,63,Male,71,48,old
73e8d464-6d59-422d-a7bd-e28ec6960e6e,78,Male,21,58,old
64c33d34-e8c2-4b0d-bd30-28ed9b9c01bd,69,Male,92,66,old
9b5c8eb4-7257-40f6-9e02-acd2a91fbbc0,49,Male,60,74,adult
6fa05de9-6cbc-4e71-ba9e-13073d6a96ab,65,Male,129,69,old
79415f6a-0198-4f60-8cea-7f2f7edf8cd7,83,Male,140,54,old
663d0a9f-c20b-41d2-8a64-2fe50944fbad,37,Male,70,41,adult
a591be49-6604-4bb2-8e0c-c4ecd939a1bc,28,Male,87,47,young
819e2d17-8e93-4bb1-8199-c41ba30c99d3,31,Male,66,95,adult
5ec9fd8e-c095-4888-9854-f752284a0fb6,18,Male,186,2,young
bec6b969-3d3b-4454-8584-f40c4497f28c,51,Male,57,51,adult
4f12516e-d2a2-45e1-a80c-0abe6235033e,45,Male,99,11,adult
2a9f803d-a1bc-4e79-927d-66fd73d7cfbb,86,Male,112,19,old
d63e87c4-859b-4c13-8161-37b89df85a17,33,Male,149,32,adult
ca32d8e9-02e8-4adf-ab00-ee916bf76d94,66,Male,166,29,old
9ceec476-f39f-4bf7-84e0-460df8e04a06,65,Male,63,1,old
f76b5472-830d-41b7-bb87-0d14d20c92b8,77,Male,129,28,old
7e75d30b-9427-48b6-827e-c29f3c2ad23e,80,Male,198,96,old
c110fb40-b9fc-4092-9684-703949c53826,88,Male,105,26,old
5ccdbaa4-f7a2-4cb1-bd2d-23b887aefffc,21,Male,189,48,young
507ebff9-7e3c-434e-978e-ad49b60a1f6b,38,Male,179,23,adult
2024ae27-b02c-406d-bb5a-ceea9e5f24d3,66,Male,140,43,old
9a3b4f44-4214-43e2-8cda-ff43d958119e,85,Male,82,5,old
1028c509-d169-42ce-8881-7055049f71ca,71,Male,22,39,old
08fa7759-306b-4063-82cd-ee365d2d550b,81,Male,45,3,old
86499697-8e20-478a-a31f-0f59d692dc5b,39,Male,66,14,adult
78674ea2-973d-459b-aa25-4112180a36e9,65,Male,60,19,old
43b21cda-cb3b-4b92-af99-374653c694c4,78,Male,32,24,old
d77ff7f7-fd4c-49e5-8bb7-0287fc7b32ac,47,Male,21,70,adult
72aa80bb-185d-4e08-8e55-34a8771b0cba,88,Male,189,56,old
a267af23-f88e-4fc5-9c2d-2af8210d1ffa,87,Male,82,9,old
f0da96e4-99aa-4394-960f-e1d71a1e870f,77,Male,118,81,old
266d01b1-4175-492a-b326-11cacc43eb09,85,Male,136,97,old
7e7a1f2e-16ee-4598-9498-4846feb9e5f5,31,Male,149,44,adult
05b83c78-1caf-45e8-81b1-5176a1b4c035,76,Male,129,1,old
bf24c46e-99ad-41ff-950f-cb42511a7318,81,Male,190,44,old
a651cbe3-1c64-4401-b372-0af2e7ce4e39,24,Male,81,35,young
9d20b009-7681-4c50-b04b-33be0a0d3e32,22,Male,169,10,young
b5075017-45f7-436b-8c46-a9f1281d1c7b,22,Male,132,6,young
03db7e1a-103e-4979-b516-f122fa03f75b,33,Male,87,88,adult
7b46d921-2952-4995-bf4e-94fe31062ae9,34,Male,123,8,adult
c2249d91-255d-49bb-b0a9-d8ad46d8c5fb,85,Male,142,97,old
98acfb05-45d9-471c-9d4e-6f972abce801,57,Male,51,47,adult
10c42f01-6b6f-4a67-bd5b-46371306f4f8,18,Male,94,26,young
86bdb59e-1905-4e65-b17f-1f33e73689f2,44,Male,75,92,adult
1b7e8d3c-0d4e-45f4-9a87-3133840323d2,67,Male,95,3,old
3658c8c9-2ca8-49dc-9b87-ba6c92a512cf,71,Male,150,38,old
bc87ba39-1d8f-4aad-bf7d-9a06b6f9e0e2,67,Male,118,78,old
7df52657-7a0f-49bd-a627-d6fe236a161e,68,Male,108,63,old
ecf94955-c200-471e-8cee-d5558d73ecd8,23,Male,153,17,young
83032761-59ff-4ccc-948f-0ef110d58e5c,35,Male,74,6,adult
e92e7a3e-5c58-4db6-b997-43f02109f73e,74,Male,83,41,old
5b8b498e-3c54-4300-9523-35c7a73a4ccb,38,Male,164,10,adult
6e75783e-0c53-4bc5-9379-74759c6c6f17,26,Male,59,50,young
53b4d32a-28d1-41a2-bb05-7586c5ab66e2,81,Male,147,30,old
61cc71d0-5d68-47fd-a9e1-cee2646a120e,50,Male,142,44,adult
2d4a1c2d-8b3e-4432-87e5-a6195dabd24c,84,Male,134,38,old
21370ccc-6496-44d6-8a4e-10bbb19afe05,20,Male,43,65,young
12b62cc4-d2f5-4ebc-809e-63115f0a3d75,49,Male,151,16,adult
6ac670c2-a10f-41b2-9ff6-7f9941b9e33b,39,Male,64,23,adult
f552ec7c-2436-4f7b-9e8d-56bb3502efb1,85,Male,129,63,old
39b7a23b-1860-4358-8c30-e0e71c508486,86,Male,48,44,old
552d7996-3e32-4afb-bd9e-0fdf9896ccdc,20,Male,137,78,young
63583f8f-11d8-473d-9014-0bce26a7313b,60,Male,167,99,old
56c6c8fc-474f-422b-a044-3dfffcd36adb,49,Male,138,77,adult
860f2469-2336-462d-9658-30ae2d7b1a71,75,Male,31,62,old
50926323-bd08-4cd0-bc7d-58ad30d7046f,45,Male,45,48,adult
d8cd5153-a99c-4245-84dc-c7a96ca84e21,71,Male,152,42,old
4a5d87b4-376b-42ed-9c61-91b25b0bd1c8,49,Male,143,51,adult
2643bb35-7030-41ec-a885-a91fb3597001,47,Male,91,83,adult
0f3eeca2-7c74-48f3-ba75-f6b44dfae065,59,Male,87,78,adult
39ef3b39-b649-4715-80c6-d961f98d66b3,65,Male,169,49,old
1e153c88-9b23-49c9-8b68-106d24cb3308,45,Male,54,36,adult
f8a8073b-828c-44f6-b605-d1e969394abe,21,Male,152,18,young
82af91c8-a50f-4760-b6a0-a454b0dd78a8,46,Male,74,77,adult
a7383ce7-3591-4c39-89a1-e08903aab145,45,Male,129,15,adult
4ee84a53-ddd9-43b5-a1ca-5da2a05c6bf7,53,Male,47,25,adult
dc23946e-298a-4503-a3e3-f218ce9fa740,42,Male,153,41,adult
c14e8c33-c689-4063-b9db-0eccfa60c2f6,79,Male,160,34,old
ee46bbf2-561f-4be5-85e4-86504885e83b,84,Male,36,30,old
e65d3cbb-1e4c-463b-87e4-7c65fb7a43dc,19,Male,54,55,young
16fc8b03-5f1c-457a-be7c-d229722fd62a,36,Male,121,16,adult
0b0881e1-4cec-4941-9cdb-c35fe5d9b437,28,Male,157,80,young
a65dbac0-175e-4e32-841e-b454b5f75836,58,Male,54,29,adult
b7adb911-571d-43b2-bd85-5d6ab339a4a7,65,Male,47,7,old
b23306b0-218e-4b41-97d0-0143df8da34f,25,Male,37,68,young
315a093b-a71b-4dfa-8e9a-cbe77889b9b7,77,Male,77,80,old
0fa8b841-5dd9-40ae-bd30-e2d2d13ab073,81,Male,173,18,old
7f0154c0-a890-4c8e-82d7-eb745ceef822,26,Male,147,50,young
d9683152-fbc1-46ed-84f0-a1626e653caf,62,Male,39,100,old
88fd17b8-aa80-4d4b-823b-85af417732c4,45,Male,92,38,adult
46ddc781-c902-4afe-b7c1-597b22e98ba0,55,Male,130,24,adult
d3a66826-f9e6-4636-a7d4-465e594d41dd,50,Male,28,64,adult
892b622c-7c8d-4bd4-86b2-6539242a8e52,53,Male,151,9,adult
b7751ecd-3dfb-4345-b649-9f6d97eb5b98,60,Male,178,86,old
797fffac-da41-4e16-b63a-dbfa3ab7becb,57,Male,57,57,adult
031558ed-d00a-4552-83b8-88ccd0c8c2cb,89,Male,42,42,old
141aeed2-4a73-456a-a315-a5d47a7c3d03,33,Male,79,3,adult
523c9481-b944-410f-9cc4-77396b4197c9,71,Male,79,45,old
61597cdb-d17d-47a7-a68e-8bd612d936b1,50,Male,129,89,adult
15d4c573-b472-42d8-be9b-eb9b50f3853c,55,Male,141,7,adult
c3235ad5-4067-4fdf-8624-91b74b8ca74d,77,Male,194,59,old
083dd542-e47b-482d-bb30-359db7f423b6,41,Male,176,44,adult
e302a989-94c7-4583-bd0e-b182abb552fe,70,Male,166,36,old
b3b471d6-d055-4747-ba06-3f90ecba97a5,35,Male,97,77,adult
c66aedbb-d853-4ff9-a34c-c0601caa35f1,67,Male,109,64,old
a4924013-698f-4da3-a6fd-d0e827132a6a,48,Male,49,69,adult
55459e4b-a000-4ead-9f2e-e5d65ad7a769,41,Male,172,22,adult
29c3a187-d461-4223-b064-c43d0f34e84d,65,Male,50,53,old
7642d34a-49b3-4d57-8e69-3a200af868eb,37,Male,118,32,adult
ec27068f-7fa5-49c1-bd5f-4a106ae4d4dd,84,Male,174,23,old
cc152aa3-5fa9-48d4-a116-da1dc30b889b,83,Male,144,44,old
f6d4914a-275a-43ff-a18d-c57824441d24,40,Male,138,11,adult
8a66728d-2985-4e6a-8e0f-cfcb17cc7483,32,Male,88,48,adult
56f55a0a-0566-4788-afd8-f6357e244c18,38,Male,168,93,adult
db3ed60b-a17e-4e98-a927-71ae493ff126,83,Male,44,80,old
b230bc6c-2b6d-411f-9ad0-5b39609bfbf8,75,Male,73,43,old
aeb35f98-5286-4d22-96fb-644aaa39386b,31,Male,49,64,adult
78820846-ad3e-4f6b-a605-0591385897de,77,Male,183,70,old
d6c9fc99-b679-48ac-a8c4-02c74837c1fc,79,Male,121,11,old
b3ff0cfe-194f-4ea3-a96f-06afda7b475f,74,Male,46,62,old
86423b1c-f276-4d6e-979d-d42f45cca67b,72,Male,64,95,old
bb05ef5e-7591-4f12-b998-ba471604d994,44,Male,89,16,adult
5614bea3-5cfd-409a-b160-af14bcf37b00,56,Male,151,19,adult
7e53e0e3-d496-4f54-8e36-8d55382b925a,36,Male,170,44,adult
b6c6be5f-8711-4b4c-82f9-f1dbbff994b8,75,Male,84,71,old
1cd5d7f3-653d-4025-a4a1-cceee9c9b2bb,82,Male,41,94,old
f21b23b0-b171-4c63-bd16-61285d11c4b0,64,Male,142,8,old
e8ec5f7c-4aea-42a7-a6d2-ae7bf987097a,59,Male,162,8,adult
07980fdc-54e2-4b13-8f1a-1fe1c1f402e6,68,Male,113,90,old
5165f139-223b-4532-907f-1db2edf24ac2,68,Male,86,52,old
cf20a84e-4b8d-41bb-b791-a2c816c4bc9b,33,Male,175,12,adult
d454e5eb-a4fc-4fdf-a1bc-1751c2f37add,57,Male,91,41,adult
0ac0534e-02cd-4fca-969a-13ea57cf462b,24,Male,152,62,young
21d82345-92a6-4b39-ad7a-7f0358a44f77,34,Male,36,7,adult
e94a43c2-cfa4-419f-ae7d-652bcef42133,53,Male,135,57,adult
8470025e-1f16-406a-91e6-036ad837abf5,46,Male,158,33,adult
9706f528-c44d-4434-842f-b57a08748682,32,Male,71,77,adult
80b9d8fd-2cac-448e-b82d-e521d69e8c83,79,Male,193,54,old
e13cc5f4-c481-4497-83e3-e31c62aa3c3f,68,Male,189,37,old
89153cc7-57ce-4844-a54c-c0f2ece80aa4,56,Male,87,70,adult
0b22d1b0-a5ac-475e-b06c-04e4e716e50d,72,Male,140,19,old
bc21d155-b993-43e2-83b9-8c49b77501fd,63,Male,168,16,old
1518ab96-e3ce-4b59-bc8e-1af4b4d085ae,32,Male,111,23,adult
9722ab99-a891-461e-9e64-f408c47c1bde,41,Male,107,59,adult
0ce7c5ae-fab0-4bb5-acb0-cb503675b2f6,22,Male,87,100,young
09c7d05c-fe94-487e-8bf8-c1e8d0316fae,54,Male,101,21,adult
62ebcb47-a4c8-4190-8046-226a7e92b30c,45,Male,77,32,adult
678a3ce6-f263-4744-8df8-5739583008b6,22,Male,192,93,young
3130f9c3-18ec-4981-ae1e-23e5831e76b9,77,Male,59,93,old
12f9a9ff-289e-49a3-bf42-571e18976da4,66,Male,142,96,old
b1e6d25c-ff58-41cb-82a4-95a6041efd67,26,Male,178,65,young
c269173f-cdcc-4433-9b76-abd03d9380a6,78,Male,134,68,old
aa636f0d-aa55-4f13-be01-9e73bcc729a0,73,Male,138,72,old
31142d72-444a-4865-9830-06bbfa007e19,18,Male,80,51,young
36e0abb3-5f6c-4df7-9bb4-826c7e113d43,45,Male,91,76,adult
9b213669-84f2-4c24-9352-242bec7eeb67,61,Male,64,79,old
ea116d87-85cd-4f62-8c6b-5c15abcbe7da,83,Male,41,28,old
a9ffd94f-8fde-4ab4-80a3-039196c5132c,84,Male,163,57,old
9d537bdd-18ab-46a3-bb2a-d1c8d014f640,76,Male,157,14,old
d3ba7687-e3c6-44d9-a246-c0f813fdf15b,83,Male,132,72,old
6e4a710b-8c2b-42de-bc08-05563a3e49ca,40,Male,169,20,adult
6c368444-c7d8-4243-acca-5f9a0d7d9c4a,58,Male,65,20,adult
055067f1-2417-46e1-914a-fc4e3f2ca0a2,50,Male,110,69,adult
83a936a7-b88f-462c-bfa6-0bf1597e02b5,45,Male,117,33,adult
a79a563d-e818-49c8-a8af-25a8448f132a,81,Male,40,40,old
8434c0f7-e5eb-4992-8c65-347c7e086171,50,Male,156,82,adult
d0fc0de3-a054-42bc-8b62-a269ab845892,26,Male,179,1,young
61194085-cebe-4d75-a57c-1950c963a472,60,Male,79,64,old
cd0a9668-3a40-4b21-b73f-f029cd10b926,25,Male,163,3,young
dc7e3c6d-e910-4995-8b94-718de7e42963,82,Male,42,60,old
76c8560c-0038-4624-aec2-1d8e0f28c9c7,56,Male,29,57,adult
4b7d4c12-b525-45ff-9547-86db1569e78d,27,Male,95,7,young
98001ccc-a6c6-4141-bcdf-949e724f4eeb,70,Male,34,14,old
1cd4685e-9caa-4a18-9594-2865ab567db3,73,Male,58,38,old
afbacd89-07a6-4d7c-9bb6-33154804eacb,86,Male,170,37,old
36cffeae-1e47-4399-af39-365bd4f3f013,71,Male,192,5,old
512350eb-6775-4334-be9a-cb44347b55cd,76,Male,38,5,old
7cdb9fa3-20ec-4051-a3ea-431bcec1278c,82,Male,59,85,old
f1f28eef-570a-40fb-9ebd-512ff501f068,50,Male,60,22,adult
2a3ac8cc-935f-4558-a283-22b40a8b04d9,72,Male,182,36,old
0237a2b8-dd90-4013-acc6-5ab3ef7fc514,23,Male,56,89,young
5b4b2f7f-f3bc-4277-86ab-cc8402be51f0,85,Male,23,48,old
01df1743-b011-481e-9f5f-8470e19307f2,83,Male,170,84,old
9e0b7fc8-b6dd-4865-ab4b-04f29aacad8b,60,Male,48,61,old
a9d2ab98-ca7e-41fb-aac7-b48f6de34a16,25,Male,181,88,young
a2fbbcbf-c4fb-45a9-a49a-ae20dff9e452,88,Male,121,1,old
6eb9fa0a-4dc7-4c39-a850-2f08421300d0,81,Male,71,54,old
95ae77ee-d003-4793-9886-8c6dc0b049b5,61,Male,116,85,old
646c9b72-3346-453c-81ff-80975f1f7e7b,77,Male,39,40,old
846df040-51c1-4759-a501-14d8440316d6,46,Male,92,61,adult
e768efa4-7e19-45c3-8c73-ebe925cd8c5b,30,Male,72,36,adult
f57f5455-b9c3-4e5a-a4b8-1cfaeb8bea77,63,Male,173,54,old
f5dbcd9c-99d1-4cf9-b123-204a7ed74623,43,Male,190,76,adult
001d5a38-5b76-4966-97b0-4c8a2d592a8f,78,Male,119,92,old
edf12a16-7b04-4265-bd16-5027171aee02,82,Male,38,56,old
9bc82d88-4215-48c4-8991-23a0c63216df,84,Male,155,69,old
bdc8c8b2-0afb-4d76-be41-01ac3910015a,24,Male,44,23,young
74145541-f11d-436a-a4f1-4b1c2362287a,47,Male,150,50,adult
6bb4ba9b-4689-46f4-bdbf-b7d88105219a,33,Male,187,99,adult
15ef6c00-b23a-4d13-8955-e0eb1b0a8363,27,Male,170,53,young
85917fa7-fa4f-45b2-9179-f5331cad1b57,31,Male,71,2,adult
3373f198-313b-452d-9e44-78397b65f764,37,Male,118,76,adult
3b81b6bb-1177-4b44-952e-2da3e2296de4,79,Male,69,59,old
0a611bf8-ac56-4d0d-b699-c4e60d6c49ef,20,Male,121,76,young
c6dd6408-cbef-4d6e-953b-12637b0e019d,85,Male,156,56,old
5b81f1cc-26df-4ab9-821a-042c6ca41353,53,Male,145,62,adult
d882f89f-e6cd-4843-a7e2-698f708aa5cc,25,Male,75,60,young
e66b920e-d127-48df-9563-ee4b22dd1570,67,Male,31,78,old
e9d906df-0b80-470e-be7e-a4ab81df9686,75,Male,86,45,old
8d3ed208-84e8-4b64-9777-8e6ced671c3f,22,Male,173,70,young
3aa96bfb-1aa2-460e-b283-da6b9a502540,58,Male,158,46,adult
fa86b1b1-ab56-41c9-b75f-163e8b304bc3,43,Male,199,5,adult
603ed91b-b6a6-4dcb-9e98-48d49304446c,75,Male,50,38,old
be52d057-d222-48d8-bdf0-80f5c24d5590,34,Male,169,65,adult
6981a652-c21a-4bf5-b879-ad6a482636bc,81,Male,78,5,old
b7dd4671-fb94-4351-b422-29887d60152a,31,Male,177,71,adult
27179810-7f76-4183-a226-e03c2c4052d0,56,Male,60,80,adult
fcebaa2a-45aa-40e5-850f-b77aa4872a34,80,Male,154,10,old
f157cff1-c37e-41b0-86b6-39d7d4350ba4,33,Male,187,95,adult
f0fb453b-cbf5-4c4d-9be5-1afc74f33297,59,Male,40,59,adult
4a2abae9-74cd-4db2-b228-af444131a7f5,48,Male,72,88,adult
c5c8c976-7069-4adc-9ca6-7affff0b1833,87,Male,172,45,old
e3bf3503-f825-4e51-96c9-ed6e29788e06,61,Male,105,88,old
bc2e6ef2-9d1d-482e-977e-e62691c542ef,74,Male,131,3,old
1db42743-4963-4d17-be8a-d0caedae9217,59,Male,150,45,adult
14a37843-8d27-42de-aa2c-3e573d8c4e66,54,Male,55,8,adult
73ad802c-f6e0-4d2d-833c-d5338a97d9a5,76,Male,68,46,old
51a1417d-7662-4650-b6df-eb940747554a,39,Male,85,40,adult
071b1bd2-a161-4ace-8d44-8ed038a23f38,29,Male,192,91,young
644a20b3-0872-4567-94cc-14ea109e5c60,81,Male,178,82,old
302318f2-c705-4ec6-b4f0-cb6756c4aebf,18,Male,73,15,young
a13689e0-7ec0-4d53-9072-07573b928af9,31,Male,172,36,adult
ac55508d-5eaf-46c2-915f-d9f8bf28c8ef,44,Male,90,95,adult
264c8eeb-eecb-46e6-83e4-5316869faef9,80,Male,78,63,old
e79c088e-8be8-4e88-8fe4-d0840eb7b725,39,Male,126,41,adult
ff93e682-f29a-4d2a-90d3-547d280ffca7,26,Male,48,37,young
98f5d6b6-84a3-4475-9807-d60df48f655e,54,Male,148,15,adult
dd37f6a3-1cd2-4643-80ba-36f62c19ef86,20,Male,59,94,young
a24cfb56-ac4f-456a-a4fa-dd311a2ee81a,56,Male,127,60,adult
0bc1cb82-9b2d-428d-b535-8822d7a67c23,43,Male,33,51,adult
7269ada8-f470-4e51-b6d6-a98859b3a70c,34,Male,128,94,adult
d7cb3d60-d5e1-48c2-a9cf-a27eb44ce696,58,Male,32,79,adult
fc5a37cd-6b30-44d0-b660-f134d165f6e6,38,Male,187,1,adult
5ab5e389-5fb9-4271-9bd2-22e5a1d360fb,76,Male,69,60,old
38cf953b-e660-45fd-bdff-e7ad0da82753,48,Male,125,25,adult
af1d9bda-d0b9-448e-9fe0-07a147df68a9,63,Male,189,21,old
8d8f8c2e-15e8-48c9-b7b6-189b613afe6d,64,Male,150,80,old
0d8b70bd-f84b-41cc-aad1-61548a565d26,39,Male,147,83,adult
527196c6-66e4-4f9e-8da1-c3cae32524ce,88,Male,47,14,old
47044aac-9bde-49db-b19d-c450be8f19b2,44,Male,104,71,adult
c8176bf5-0f7d-475c-9f61-9636329b3eb4,87,Male,23,58,old
dd78495f-55a2-45f5-bad1-79f3b7a706f2,40,Male,50,77,adult
a3b11006-a0e4-4253-8e43-7aefca00c2ae,89,Male,193,10,old
21478e0a-ad85-4886-9e51-6f74f15ff100,40,Male,27,54,adult
0b01fed9-b6a7-4bec-a030-9956d85b349d,56,Male,117,55,adult
b4f58bca-536c-4378-81c1-d5cf639d31aa,39,Male,167,24,adult
f28516da-5f5d-4e60-a9f0-0c263af7b496,26,Male,50,71,young
b26d740e-018d-4e20-b0de-dd1dbc8e576f,40,Male,177,60,adult
5ee38180-3211-4bdd-b605-47d878d4ddda,30,Male,116,18,adult
d0c48e46-df15-4248-a702-b17d02ddd678,69,Male,157,97,old
8cb773a1-428a-4d0a-a076-2a510ea21bec,70,Male,160,63,old
e8a55350-2748-4fdc-938c-547502a56b94,53,Male,37,17,adult
970f2664-75f9-4662-a515-facf09408d4f,39,Male,41,100,adult
effe62d8-1e42-49fb-afa5-d9da11e24d9b,36,Male,40,68,adult
7887ec20-cd52-4abc-b1bf-22084c726a85,44,Male,183,76,adult
538e2b41-0cff-4d39-a746-3239bc25dd2b,90,Male,146,61,old
d9ff5dc7-eafc-4deb-a05d-efffffdf01cf,22,Male,29,9,young
fa25518a-9307-4c7f-9ad2-df65f9f16576,39,Male,48,30,adult
fed9b1d7-f5e7-416b-82c6-84ad8495bd61,21,Male,97,94,young
af7a5179-21a6-45ea-a6a3-15cb9bc5f3a2,69,Male,125,76,old
e679f833-2249-4723-a09c-4e30e843bb89,86,Male,125,94,old
9bb47821-0932-4246-8d2a-539411f1603e,62,Male,110,36,old
7fec3186-9e90-40e9-b6fd-9601d664c749,52,Male,168,93,adult
ad03ee9f-a38d-419e-b6b2-150a3c8b05b1,61,Male,179,56,old
1a627438-143d-4eb2-89b3-5156a3c9e551,53,Male,113,56,adult
dd9b5fd8-bdc1-4bd0-abd7-2762152c2f20,39,Male,38,79,adult
0b14d686-3deb-465d-8dec-3dc9e3bd0716,29,Male,94,35,young
51f16f98-fa03-4a79-aa2e-ca9804272627,77,Male,71,47,old
635958f4-51b5-4204-94f0-56cda47b5cc4,60,Male,49,50,old
7fb6fcd3-d1cb-40b3-b2de-2c6ec9d9ae2d,75,Male,31,6,old
0eebfd40-4a36-4ac5-92bd-a758a445340f,19,Male,147,8,young
4317f10e-7455-43e1-8f51-7f4ffb1d1248,26,Male,171,2,young
61f2b51b-d2e5-4bdf-8eb5-8c2a54374946,31,Male,188,18,adult
2ca8c4de-3f3a-45eb-840a-bcf8bd8e52eb,88,Male,179,91,old
12ddbefb-32c8-4b17-a695-e6bd79a73ea7,60,Male,63,100,old
cc350e83-42b2-4e19-8bbf-126ac47d2ad6,32,Male,49,54,adult
8374cdfb-b9fa-4ec6-8be0-ae88b01c1656,86,Male,82,25,old
679de2d9-f5d5-413f-b8c7-f28f298a8cfa,72,Male,186,89,old
9183f2a0-426d-46c8-a9a4-dbe6dcfa113e,58,Male,175,77,adult
fb6b1390-5013-40f4-a7e7-c323bb70f159,57,Male,48,53,adult
28052bd8-df88-4473-9c4a-99855a11efe4,41,Male,184,56,adult
e8d506ca-c316-4205-af19-84f99ee50ca7,61,Male,33,79,old
164b32c4-8926-4c44-ae79-3ff326d53a8a,65,Male,174,76,old
cfaa1d79-5729-4c0f-8dde-fedb6a30472a,48,Male,192,38,adult
3c036622-0520-4450-9a85-98ae7872ad02,27,Male,177,57,young
27465bdd-6de1-402f-8c0c-6ab025524b67,77,Male,81,63,old
cdf98713-31af-440d-8165-433a000a3925,85,Male,174,73,old
ff70bce2-0b15-416a-af61-2ba845764ec3,35,Male,47,34,adult
27179d48-7330-4e87-b5cc-29ce83fb057a,20,Male,136,68,young
32e41c11-1bba-4b37-aabf-9d08c71bd372,90,Male,73,79,old
abb78d7a-0c73-4e71-ba1d-7a17dfbb8c95,29,Male,72,69,young
bd597f25-149a-4caf-8648-b9a96405b894,70,Male,73,53,old
139b3ead-62a0-4e97-9174-24a8a42fb197,25,Male,142,2,young
dfbb875c-a475-45d5-b4a8-d21c0e9a5f1f,21,Male,109,56,young
0178f60e-311e-4b52-b1d2-9dc4bafc1b82,32,Male,146,11,adult
fad6218b-5bfd-4fbb-8727-2a93104d03a4,44,Male,133,4,adult
231eba38-37d2-413c-a5fd-8192312a00b4,37,Male,108,79,adult
f2c2b761-0771-46d4-9037-5545a461bf6b,27,Male,144,85,young
a2dbd9f9-be48-4dd4-b9ba-a9d2ff096cc0,34,Male,180,75,adult
786725a4-5fd1-4106-bd55-2d8cc3de5e31,87,Male,170,40,old
9d1184fc-8ef2-40f9-9f4e-2dc2c22aad36,85,Male,44,45,old
43978224-3b76-44d9-893f-dcac01befe24,56,Male,177,42,adult
34af4128-8f25-4443-91e4-34e1e826b8af,26,Male,112,99,young
e90a5a29-bb56-4db9-b275-bd40c89f1a79,69,Male,60,95,old
6bae1c03-b52f-462f-92cf-a1ebb4df1128,29,Male,179,72,young
406ec6c6-7559-41c4-b162-2fe2e8005aa9,70,Male,30,91,old
5e28f56c-9f2a-4f30-93e8-7efa3d385ef5,81,Male,164,42,old
78d98336-1476-4472-ae0a-e17cb6c192a4,18,Male,198,26,young
af737e4a-49ce-4496-aaca-7f4d225cb1f3,46,Male,151,48,adult
ec534586-3f48-49d8-93e4-3d932c0d0142,27,Male,92,38,young
25fb65e2-d0a5-474b-b518-e39a9e7b884c,65,Male,32,52,old
004b453a-5742-494f-89aa-c5cbd55a87a7,25,Male,169,21,young
e65e1e32-0188-454e-ae56-8625bf53a78b,33,Male,58,42,adult
62992688-258b-4add-9a28-78f7d9c03d4a,79,Male,80,28,old
016c3657-773c-459c-990b-9b5fe81b9340,71,Male,181,29,old
8feb1513-24b9-4931-9308-b469956ce6a2,35,Male,93,92,adult
ad43504c-9cab-4a8a-b444-c9b866a37ec6,72,Male,167,74,old
830967f1-0c6a-49c5-a003-e9b98b257469,69,Male,45,100,old
acec7b55-a68f-4a99-9b13-641239c29f9f,34,Male,151,15,adult
7a8661e2-1c2d-419e-a718-02561c56e015,51,Male,69,87,adult
bb4574ea-fd9a-404b-b6e0-db6607cbf60d,67,Male,41,31,old
1d5a82b1-b416-4561-a75e-a97471a4a202,83,Male,149,31,old
edf7059d-313a-4382-806e-66db7311b046,18,Male,144,60,young
8cd1b697-0dd8-4e96-af66-aefffbb111cc,80,Male,188,38,old
b36597dd-3639-45b0-a8af-fcc53daeb6d5,21,Male,76,47,young
aba64b18-d1e4-4326-95ce-3188923d9280,49,Male,81,53,adult
c566efa5-18de-4a2b-9f4b-4fec44ae9cb6,75,Male,81,28,old
1e7fb170-82be-49a2-87b3-fb7c42dfd20c,83,Male,25,30,old
4e42b8fd-4ede-419b-96a0-5bbb291489e9,50,Male,75,2,adult
26da2a0f-75c8-4845-9fce-45cc940a17ca,68,Male,89,76,old
e18a8a30-9248-4239-911f-d4a155aaf823,72,Male,157,32,old
43aef8c2-af18-414b-8baf-29f56549b1e5,33,Male,163,60,adult
cc4ae0ab-4560-4c80-bd8e-34830d0aa589,50,Male,54,1,adult
79ba2b6b-1f82-46c8-9667-e47af42285b2,65,Male,186,26,old
2682c564-97c8-4128-bf12-15bebf711af3,42,Male,196,40,adult
fdad207f-6fc9-4cd0-8ee3-58fc8338d1b8,31,Male,37,8,adult
0b64f4d6-2f52-4158-91d6-811ac20d492c,47,Male,188,15,adult
94b77ad7-8b38-49b1-918a-9cf373311620,80,Male,128,82,old
9f59e571-8a52-4cce-995e-8909ee8e422a,86,Male,181,81,old
05e9649f-c597-45dd-899e-2e7157a6e42e,53,Male,194,65,adult
fea54c47-8562-4266-8683-798d5c24ce05,41,Male,146,50,adult
088b960a-9613-43c5-9f35-e5b06ec1902c,26,Male,177,75,young
f749c3c5-601d-4206-bffe-72bd456fbec0,58,Male,78,48,adult
b0260b7b-1635-4f92-939c-4fd7c11c82f0,71,Male,126,55,old
0bd239af-1f02-474a-ab61-760aa8f4825e,67,Male,87,24,old
40868ac6-f35b-43f7-96a5-b9954cf93786,77,Male,147,12,old
9c6bdb1f-34e6-479e-91bd-7c650dedab04,45,Male,61,26,adult
b1da419e-a1ea-4c30-a5b4-a57347da1cd6,84,Male,181,65,old
91106fbc-677c-4144-93f3-de39361c12ae,84,Male,196,92,old
1853ceb0-fd8c-4db6-aa3e-b2fa30966171,70,Male,97,45,old
16c970d6-b7f9-4367-b7ff-209958333d53,87,Male,22,30,old
ef0d8ede-7076-4f4e-b408-ec0bfb4d2a4b,50,Male,40,44,adult
0bad8d4c-a4d8-462f-a254-c73bac37d440,90,Male,160,88,old
86ac7ad2-ab3a-408e-bda1-38b23f4b1af2,31,Male,135,91,adult
f2304d60-3f0c-40e5-9530-6a008caf5b2d,62,Male,122,55,old
1e055b9e-d3cc-40eb-9b28-2fce5510f206,89,Male,130,74,old
49c30d6f-7fb2-4ad2-b38b-ba5a05f77d60,37,Male,24,51,adult
770cb707-031e-496f-9ecf-49ed57c55663,57,Male,151,60,adult
88ecaa0b-9e04-4a11-97b2-1f32cf4550e9,64,Male,110,55,old
447f21e8-8c9e-4fd3-9b59-323fcb3b63e9,27,Male,200,74,young
88be2e4f-8cd1-4d38-a512-a8f8df0d0079,24,Male,31,66,young
bde6e64c-0424-4fee-a148-95c28171ac20,76,Male,102,100,old
dae267c4-c8ee-4742-b550-0867547de460,42,Male,37,65,adult
6647acf2-5ed9-46b9-a5f3-fcfb704185c9,50,Male,33,60,adult
71b9f2a1-7a16-4e31-89ac-9db3c27f1f40,24,Male,187,60,young
1289b673-7aa1-4bd1-93e9-ee8c582c4215,68,Male,93,83,old
866b77da-49d8-462f-8af8-984a9b6e5599,62,Male,73,51,old
a483b469-b3d4-4a1f-8730-d2ac73534375,41,Male,132,27,adult
2ae2eb39-dca0-42bc-8346-3036c65e7c48,22,Male,140,35,young
24291a70-3023-4664-9190-c28620b4bb97,29,Male,95,69,young
31ef4a71-dada-4e35-ae84-3de21f84f811,30,Male,78,33,adult
018d783d-0aef-4803-aab9-3187b7a83cb6,72,Male,114,52,old
f4d4f475-4981-4d4e-8a5c-b87ab1610472,21,Male,97,95,young
3f1b138b-d82c-4f42-ac99-030f0f93cda1,30,Male,168,27,adult
d4d8bdd6-fd68-42cf-b0fd-d77ef637c4d5,75,Male,107,46,old
4971dfaa-d553-470e-8dc7-e24ea41377f5,48,Male,28,27,adult
908afb63-9663-44c0-aada-2c0aabebcb50,20,Male,52,80,young
b97a75b4-bd75-47d4-8151-85a68b1b684a,39,Male,157,91,adult
841c958f-1c86-4d49-94db-c680284f1f84,77,Male,192,76,old
b4625672-8629-4366-8e2d-d9dd8a675347,85,Male,152,90,old
e1424e56-be3f-4f37-93f5-5dd91e12f826,41,Male,84,12,adult
ac26f203-56f7-4f06-a279-afe9bcfc832e,72,Male,24,90,old
7091e1bd-442e-45c7-b7f6-e5a9c17cf59d,85,Male,32,25,old
21a4248e-4799-4181-9395-888154bb1fd0,20,Male,86,90,young
2ec13d4e-1c39-4837-8764-71392245af5a,67,Male,71,84,old
24abeb85-0baf-4107-86c2-2312ba0fe558,64,Male,110,49,old
ef20133c-6eb0-40a8-8724-40280cdeab01,59,Male,84,55,adult
b5e5af76-26f6-49a8-a421-bd22298ff53d,54,Male,46,53,adult
ef3560d5-586f-4e84-a3a2-8e6de0239069,85,Male,52,15,old
c7570282-8595-4b60-a341-cc2ae4c38157,53,Male,119,41,adult
b4ad2a0e-4d8e-46ee-a24b-7052d06f8f61,68,Male,76,87,old
cbee33ef-192e-43c1-9b7f-13b2f154138b,40,Male,116,68,adult
b9b62514-296f-4f02-91b0-8dd402e1475e,61,Male,75,20,old
eee9c4c7-aa26-4529-852c-ad559144ae7c,76,Male,26,44,old
cd62fc98-1020-43f4-a706-b4d3778a5590,51,Male,28,55,adult
5b0c0304-faa0-485c-be1c-3a3e4332e965,21,Male,115,55,young
3d015cbb-f015-4bbb-815c-cc306ef6bf40,73,Male,40,100,old
f5bea533-7eb7-43d6-8ed4-d3c26af4429f,76,Male,143,82,old
31965af2-f244-4acc-90d6-f5d3b3048074,49,Male,188,32,adult
f374a192-7f6b-403a-830e-add10772233d,49,Male,128,13,adult
980d35b9-290a-4320-812d-74c74bfa8d2e,36,Male,180,25,adult
fb00ac06-314b-430c-a38e-d79a7f119eab,48,Male,36,7,adult
162bde5e-deeb-40d2-96b1-b1f38b508898,75,Male,61,64,old
a3288fd3-b07b-442e-9e31-3b8be4472953,38,Male,160,71,adult
c0364c13-d06f-4d9d-b583-47aa32c5a2aa,19,Male,90,49,young
3599fbb5-c47b-4912-bc70-cb4d6aa96b00,69,Male,171,33,old
b1355de0-3423-425b-a0ae-a042f8b10966,72,Male,26,55,old
f1d6d777-8113-47d9-9702-c81b4bf407bc,86,Male,136,63,old
3760a187-ea71-491e-b384-e141e93c9345,69,Male,124,47,old
30051eb6-d661-4768-834f-333b6f55637c,42,Male,78,34,adult
f40f50f7-bbc9-4817-bca8-94108a380a2f,39,Male,124,19,adult
3c816d88-da88-4daa-9b89-89539eada1ab,18,Male,149,53,young
1e19e677-8b5a-4220-bc25-85be3acdfe92,50,Male,161,94,adult
75b88eb7-f926-41c7-8baa-16fb40e55782,53,Male,169,61,adult
9dd89444-583a-406f-a725-1a67df7ff804,62,Male,64,62,old
cf18f8a7-879e-4cd1-b535-08c2990ba13c,19,Male,188,15,young
048b2e01-8be7-47b8-baf8-54d00c19a0b9,54,Male,174,11,adult
6bf2a517-e0e8-48b9-b9d1-f380069fd1fe,39,Male,37,89,adult
bbb5f427-61b5-4ff1-a2cd-68bdc19d6b65,72,Male,107,59,old
4eb24116-fe33-4ec1-a871-e3b4ea8510d1,42,Male,137,66,adult
801b2f5f-9881-475b-bf0a-2cae1e6f89db,21,Male,127,47,young
acc091a3-5fa0-444d-adb0-0eed8162bc1e,89,Male,49,32,old
b45b220d-9768-45a5-98aa-39f4c1772d51,53,Male,67,60,adult
0726e1d5-e558-43d9-9c64-1887fd88b1a5,66,Male,180,25,old
d29e2ca6-b4ed-4104-873b-964274757181,19,Male,183,2,young
2b96928b-b82e-4791-9558-f089ac5c7d7f,82,Male,162,51,old
7176541d-686a-432d-92c6-e24bda26395a,46,Male,137,70,adult
5ece4900-a47d-46e8-af32-ccb4a319f2da,35,Male,78,5,adult
453845d4-fb2e-4e3f-8936-d0eb042b73d6,80,Male,170,27,old
e7d6efe9-dda0-4e6f-aa1b-66efd665c473,62,Male,35,31,old
75ace29b-d8fe-427f-8fb8-2a0a3a92fc1a,64,Male,134,83,old
d9ecddfb-4224-4cde-91d9-2a20088fe850,25,Male,105,10,young
9e3a6d5e-13a1-4982-91bd-0be732194601,58,Male,166,38,adult
bdadebaa-46b1-454d-a045-aac9240f7114,45,Male,28,25,adult
5b189bb9-413f-4c91-ad91-87f8f5b3abb7,44,Male,114,41,adult
817edd90-2379-40e3-991b-a2204a755d5d,45,Male,38,97,adult
0d0cc51a-a886-4eb5-855e-96433aeca81a,22,Male,93,97,young
399d2d2c-db9b-4d74-9fc5-327dafdc6b93,43,Male,109,97,adult
d4da8e82-e111-4598-8f97-b4c1d16d5238,24,Male,185,88,young
1a821453-c2a1-4dbe-8759-89dae354c02a,32,Male,104,55,adult
f75677a9-d92c-4771-aa0f-229e1560549f,19,Male,90,18,young
ef157f2b-182a-47d3-8968-ce5d86a00efa,31,Male,89,33,adult
3ae73661-5033-497c-ab7b-3e96a6ce0500,80,Male,140,30,old
7c1ff81d-4579-4886-833f-7d1b8a161d2f,26,Male,177,90,young
f34a6b5c-b952-4238-af45-3a64fe96935d,24,Male,144,85,young
92130020-6422-4963-b276-fb8b6c04f18a,29,Male,161,27,young
360d10f4-34ee-40dd-aa17-4aed34112c3a,88,Male,92,72,old
97e79427-2557-4470-857f-d60ebd449361,47,Male,121,41,adult
a70f465d-a8e2-4fb8-893d-adfac37225f7,37,Male,114,2,adult
a501e421-bfe7-46ed-9af2-55e36743c454,69,Male,151,27,old
d91d34de-20fd-4242-9b2e-e372dc5df0d4,86,Male,176,98,old
bade8299-96df-428d-bdf8-d7b1fada43fc,85,Male,32,46,old
186faae7-fc08-4c9e-af69-232e14526c7a,44,Male,81,100,adult
bb5cbb87-5e23-4a82-a6d5-783b11e06377,41,Male,137,65,adult
5e79c6b3-ad9b-47fc-bb02-8328db6c36bb,22,Male,162,22,young
f476654a-c148-451d-86dc-a148e85839dd,86,Male,67,73,old
f7f3fd68-1a3b-43f4-a82a-3a3e7658816e,32,Male,101,82,adult
5b67c224-dce1-4725-9d1d-93698c9003bc,25,Male,118,66,young
45a2285b-1b93-4e67-ae92-6d9fade81e76,57,Male,184,27,adult
1b465021-0fca-4445-ab93-d940c10ec322,36,Male,163,91,adult
2c6578ca-c505-4143-a9ae-697721623f1c,25,Male,21,2,young
78f61b2f-c622-4d8f-bb1c-b29a40f9cefb,80,Male,167,47,old
566c0bf9-1592-4f6f-8ea1-4aa93c8c32c2,86,Male,106,37,old
858309ad-09ae-425f-bcde-fba6f46edc32,47,Male,163,9,adult
204efe04-80e9-4636-aee5-c11551761d65,81,Male,134,75,old
1ebe4882-dad5-461b-b6e5-8464afe2e8bf,29,Male,41,91,young
c3469c1a-2702-4963-a65a-9bedd4d5d3f6,58,Male,83,95,adult
d0bd1beb-f4d3-40da-b48e-028d86588ccf,41,Male,52,19,adult
90f1860c-55ae-41b9-8707-7673226329bf,36,Male,184,51,adult
0f705fae-60da-4750-a6eb-523010e16f1e,40,Male,74,52,adult
500661df-0985-4ed2-8673-a75e92469fe1,85,Male,45,13,old
45fe398d-8ecf-47bc-866c-b56e1e83920d,32,Male,126,70,adult
6aeba0a0-83ed-4a28-86ec-47edad376741,39,Male,149,4,adult
259cb601-8824-42b0-84db-2f372fb2c1d6,67,Male,20,94,old
bae9db42-58f0-451d-a4f3-e0cb50d1b3fa,25,Male,92,49,young
81a3b3b8-c2f7-4c03-ad29-0edf32d15147,83,Male,95,23,old
892e5336-45b5-4613-996c-298c05dbc594,42,Male,32,75,adult
508c32c6-142c-432a-bda1-8f1bb23d645a,46,Male,186,98,adult
8dd268dc-dc36-4d07-978f-afb765533c76,44,Male,63,90,adult
889a259c-c806-4e6b-8ab4-e9fa2b2712f4,53,Male,111,27,adult
e3d128c3-edee-47d3-80c5-7b4419a7650e,31,Male,76,19,adult
06859056-7b97-4ed2-967c-5d19f729dc17,58,Male,131,12,adult
48d4a055-8319-4aed-9f7f-e172833a0734,19,Male,60,72,young
434d1c35-133f-42bf-ac4b-af242f91b440,60,Male,109,85,old
ba888ab4-2acf-439c-bbe3-e74cc83025a7,64,Male,119,58,old
d21790ae-5f3e-42a4-84dd-ff2ab9bda578,89,Male,193,20,old
9de1c08f-e35a-44ac-b574-ce0c261704f8,83,Male,45,54,old
9ca5e221-baea-4d74-af37-0741e6a9f689,77,Male,104,1,old
8b49de87-5e89-4ae8-8142-171ad57aa052,79,Male,168,48,old
e72b38ac-1d61-46ef-8f2f-fc10d0b3356c,36,Male,148,82,adult
691cee03-5ced-4923-93af-176eb6307c53,83,Male,60,55,old
1e8a9dfc-d468-4971-991e-bef1e2e098df,56,Male,68,89,adult
479bfa4d-5d4a-4a09-b87c-6775ce4618af,32,Male,171,86,adult
c338e9a6-09b4-43c0-8028-d883ebc52e51,28,Male,74,56,young
254c059c-cd56-49fa-9781-de17b827c177,73,Male,127,98,old
9e84ff8b-729e-4c0e-8f84-5a3ae64b1f4a,25,Male,181,1,young
9c6e1f15-15ed-4711-8777-50d91f91c58c,31,Male,61,66,adult
ab273520-2cc7-4aa0-ad8c-efecc778a9d1,68,Male,117,33,old
4b6ccc2b-65a9-43c7-bf8f-74f33e0654fe,82,Male,166,28,old
43a31e77-e3e6-4d35-a85e-d971996a2b04,49,Male,147,34,adult
b9eb25e8-c311-4790-9358-bf178269c1f8,69,Male,119,96,old
4d8ffb4a-12f5-49a1-92fc-93185c58e7cd,37,Male,90,61,adult
36aa16d8-c482-4219-92f6-1b58e40da0c4,83,Male,140,73,old
159f36f0-1878-4e98-b712-5a32ee1295fb,85,Male,40,90,old
c766e3d4-f0e2-4408-a7e9-ec765922c889,39,Male,140,84,adult
8d0c93cf-1f18-40ee-82ce-2f1f73ce5bd2,29,Male,197,75,young
aa6adf94-ef4d-4993-ad37-759250b86750,53,Male,65,30,adult
bad2b132-8e1e-4652-a76a-cca7de94d259,30,Male,191,23,adult
904e37d1-ade6-4af4-b8ba-0aa2c3b46dd1,77,Male,97,99,old
a1f42d9d-245e-47fd-8e69-a5c2be45bbf6,66,Male,187,43,old
f66bd73e-aa98-47b3-bdbd-5974be9552f8,58,Male,174,55,adult
f037a7da-5db6-4ac1-94e7-52cce525e972,18,Male,31,9,young
aa588b0c-6432-4805-8466-f963731a9626,60,Male,123,96,old
0b788b7f-f8fd-487f-a25c-aeaee8d88b66,45,Male,144,65,adult
aa0a4641-bec1-4660-96f2-297b93716227,79,Male,181,59,old
41337334-6c6d-4a05-9a73-ae257a8cd696,80,Male,168,25,old
22cf03d1-4868-4043-aa6a-c695e162e8de,18,Male,174,55,young
9c76dbbe-5fde-489b-8e8d-4b8b675a41bf,40,Male,160,66,adult
c0805093-9f52-414b-a047-9717609814b3,63,Male,69,35,old
07921320-1f5e-49a0-9d92-df4589e8e5b8,42,Male,77,39,adult
afb0a32a-afcd-4ea8-9811-8dcae02eeb44,41,Male,49,40,adult
c38a26b5-9160-45fa-a016-d6db8eb557e6,85,Male,122,73,old
7f46d268-fbdc-406a-aa3d-ac87ab9adc5f,69,Male,176,36,old
f7783810-6590-452a-a828-163d36c8e0b1,20,Male,197,91,young
2e26cccc-3ab7-46d6-ab01-fca8f08b6757,86,Male,69,37,old
ebb8df0a-879a-4e61-9161-584a7fa7b545,90,Male,116,50,old
a59898aa-f55f-4e85-b348-5d128fe87939,54,Male,90,28,adult
a81da0b5-72e1-45ce-a1c6-449c460e1f72,18,Male,54,65,young
8510754c-a859-46d2-a0db-99fde76c34b8,27,Male,179,36,young
999f7670-4810-41c2-9777-3179eb1b18d3,58,Male,93,29,adult
cf76e6b3-a0a0-4e1a-81b3-b0cc9cad5bce,80,Male,34,23,old
d9aebab2-e2ce-485f-9a43-3c2c5e89f060,20,Male,140,91,young
e3af1d9f-3287-4e91-bcf0-fac957557823,23,Male,150,9,young
64e71072-f764-4f1a-a3f1-9d1442c050cf,64,Male,140,88,old
b57daecb-f46a-4b05-9fd0-9a3b1b93ce37,55,Male,90,38,adult
979d1501-8270-4a16-bde0-6f9aae69d87b,22,Male,197,76,young
a43b3b23-a7b3-4ba0-b6eb-f536be4941df,51,Male,114,37,adult
4fd8af2f-1730-4748-9e13-0c92661a53ff,42,Male,101,61,adult
dc85286b-988b-45e7-9dc1-d2d024111223,53,Male,182,70,adult
3b7a328c-4afc-4ebc-8836-459d0c31f961,55,Male,106,72,adult
3dba30f1-b3e5-4c59-8a0f-e879104dfc67,76,Male,65,81,old
3041b26d-c27f-4967-8871-bd943c467bbc,60,Male,178,95,old
c6b713bc-6c71-47b4-afcb-538d43464be8,25,Male,178,4,young
0dbb96f3-c2fb-4553-bac8-f41d7a306223,77,Male,119,61,old
94bbe982-16c3-4372-869b-7df58f07df1b,53,Male,97,57,adult
f13f8224-64e1-4f2e-9a33-d8822a96f05e,88,Male,109,55,old
0bce28ef-b2a6-4533-a5ad-6f31bc1c8f21,36,Male,170,100,adult
299e823f-017b-40c9-a079-96e56ce19ae6,60,Male,117,68,old
a18404bd-8b64-4637-92ce-3322b116ea97,30,Male,39,72,adult
b0a4e026-596b-4aca-9301-35bed5e998dd,90,Male,63,29,old
a88e8598-0147-4b94-bbc7-ed6b6443a64a,75,Male,35,57,old
cac2e651-df18-4049-bfea-d52ce71657be,29,Male,32,76,young
4846ac44-222f-4143-a0f7-555764a61fcd,29,Male,58,100,young
c47fee05-3c31-4cf5-ba68-8ef3e3c1d1ac,64,Male,195,97,old
4657bb7e-c958-4e4d-ac7f-9075f5ffa56c,47,Male,58,36,adult
c205405f-9d8a-4bae-8660-2d145c01fb69,84,Male,197,62,old
371b1540-925b-4ff0-959a-7145fae111e6,69,Male,193,74,old
4c1f0e0a-d071-4d68-a385-50eef02efad9,56,Male,135,7,adult
1849e3c3-c01a-40a9-a145-797c4a0aeac4,50,Male,149,61,adult
b5485353-8cbb-47e7-a7a8-2f6bd91255ec,20,Male,162,73,young
48dd786a-eff0-4661-b6dd-da337255b8b4,34,Male,97,28,adult
8d0f15e0-ffc4-43c0-b038-53067e966a90,90,Male,82,41,old
a0f854f9-aa3c-42b2-9bf5-9e3404541c96,90,Male,86,7,old
fb4bef35-5c42-4702-8951-87ae9716519f,28,Male,98,99,young
a0206871-1dda-47fe-9613-67c7aab7f0b6,27,Male,145,69,young
a8171512-1528-4add-b00d-7b303cd6c13f,41,Male,82,48,adult
b35e6345-b668-4f44-8bb6-ac94723a65d0,64,Male,29,6,old
f6364427-2f5e-4698-b7c0-4aee40973bc2,29,Male,173,56,young
75c63bca-c518-4f90-aa60-3efc4616f153,25,Male,184,69,young
57ae9db1-41ae-41d7-9444-96dd65f145ea,73,Male,104,9,old
8797aa7c-fce3-4a0e-af66-8b05dd052f35,25,Male,24,19,young
50d1216a-c449-40a4-9a48-8faf2f11b204,33,Male,125,88,adult
2ce6a4d6-ea69-48a8-ae4e-3f7f40d8c11a,34,Male,112,100,adult
23cb82d6-2f05-443f-82e5-2a7d992e5abd,82,Male,27,19,old
c58bb76e-a21b-448d-b4ea-26be6ae76dbf,43,Male,198,38,adult
9c74a4b1-8317-4cc8-9a48-a3c8d02df730,83,Male,82,7,old
2fb96ee4-1fcc-4ace-8262-37219233b270,79,Male,116,14,old
314414f9-6338-426f-afc8-d1625b345361,35,Male,75,42,adult
8c25f2a8-1960-4eb9-bfde-9fac133a1913,47,Male,98,33,adult
056494a4-eeb9-45c7-8f23-a200b3bf9ed5,24,Male,69,65,young
5f47251e-282d-4111-9e26-7081f18fe688,74,Male,68,68,old
d2702c15-eb1a-417d-86ca-dcddb161ca62,18,Male,185,96,young
190ff1d9-f95d-4ae0-a47b-da2f87c4ae39,63,Male,60,46,old
68e4fa90-31c6-4ad2-a4cc-0cac8a77d8bf,57,Male,63,36,adult
fd3293c1-8e9c-4d89-8f46-07dea5411ddc,72,Male,119,38,old
70b73e4b-ed5c-4d44-89d0-6ba4aa0aec2e,27,Male,73,95,young
a2c86079-a610-485a-a549-e861c20d19e7,38,Male,21,13,adult
87d2b8d6-cfa2-4233-84ad-9ecbb0ca0b8f,50,Male,174,58,adult
802f62af-5732-4aca-84d9-9c6e94baf906,50,Male,85,59,adult
30ae9bf8-f52d-4b38-96bc-fb917450741d,37,Male,126,65,adult
0fc5410f-88d1-4042-a929-f390f91d5801,53,Male,116,22,adult
f0815d17-af35-454b-8442-a586d10c7eec,73,Male,139,76,old
3a19ce3c-cbcb-47d7-ac2c-bc25a18f4cd0,80,Male,133,13,old
cce5db95-8f61-4e36-8a52-b8fcefa068c2,47,Male,168,16,adult
61c5a238-e875-4b09-b3f6-3d001a00246c,49,Male,112,17,adult
71c1be4c-94a8-49a8-8ece-5f3e803f4cad,36,Male,147,100,adult
ea074df6-4181-4926-859c-7ac1a187daf4,75,Male,57,94,old
0eebd0e2-2e4e-47c8-a0ae-887f00ee4ddd,52,Male,61,63,adult
5aae9162-1ac2-4f05-9fcb-18f26ae5dd53,76,Male,181,25,old
3ab3a6fd-a1bf-416c-a604-4de94d7dcc7b,38,Male,169,58,adult
edf94271-a69c-4449-9eed-9a7a4f27db75,66,Male,50,29,old
475988a4-72bc-4872-b454-f2ebf900693b,39,Male,143,67,adult
b8a2dd9f-043b-48bc-9524-4556c0620385,86,Male,173,84,old
32884b7a-1925-4bf0-b604-fa50e4171eae,79,Male,177,13,old
ed447a56-5618-45bd-8c33-366bd0a2f61b,30,Male,50,87,adult
3141cbc2-263d-4c3a-a102-916c3d1d90b9,36,Male,174,40,adult
f083ad85-11a6-45ce-b096-20d3b852d6a4,30,Male,155,61,adult
e82006d4-97ad-4d68-b371-2f5c754917c5,72,Male,97,28,old
27483416-2456-42b9-8dff-cdd43fcf2adc,76,Male,169,100,old
3ae4df52-fa29-4184-aa7c-b58967587b03,47,Male,135,29,adult
ad1001a0-a96b-4262-98d2-d488367e246a,57,Male,184,21,adult
66f0c522-a598-4cff-bd48-b94896de0b82,30,Male,149,41,adult
f41734f7-c255-407a-8256-3d30adb719e6,82,Male,136,32,old
713ee1fc-c748-4e68-8bb7-37c3d1e6c3ed,65,Male,173,6,old
16da6712-7f40-4b80-a661-1e026e481858,27,Male,148,48,young
6ae8f024-76f4-4655-a772-3e84104f6d0b,21,Male,28,42,young
2984c6b4-f6ec-45b5-9ff7-42ce7c4d2207,80,Male,110,56,old
283af3c6-a712-4865-a38c-1b303690c3ac,74,Male,44,76,old
a9dce21a-7f8c-498d-ace2-a2f1657abb21,44,Male,129,34,adult
44b78793-58f1-4c41-bfaf-8686db626598,80,Male,41,83,old
3fcee86c-8c51-412f-bd29-e3dace8e8e69,31,Male,84,14,adult
26aff95d-698b-4b57-98ab-d9b6321ddc61,60,Male,75,32,old
5a347333-28aa-4952-b8f7-940e0bad6d01,84,Male,60,71,old
ee67bed1-f382-485a-a061-a681c2cc078f,66,Male,96,2,old
c6e8c480-31d6-462a-8d9f-3c0380b893d4,57,Male,115,47,adult
58fba147-d27e-4246-a577-3fc8b25fc4d9,60,Male,29,49,old
442ae596-b772-4f1c-bba5-0ba5f8ba0696,27,Male,175,27,young
05470644-876e-404b-8ac6-2bcf284c14e2,77,Male,134,78,old
d619f650-245f-43ac-8185-b8a18176dd22,83,Male,192,31,old
388df614-5a16-4b56-bbd8-19d2c5c7a95c,73,Male,158,85,old
13c03979-a399-4adb-8625-f616cd730367,67,Male,79,65,old
aec19734-a157-4b9e-9f12-cf3361ca1d06,48,Male,181,83,adult
5b23cfa2-72dd-4659-8ff7-fbba69c9d541,55,Male,117,6,adult
03ecb91b-1dcb-4570-8329-e26204efd358,79,Male,70,6,old
896a200b-eb22-4061-8f69-cdbf510b5491,31,Male,92,2,adult
39329c88-0ff8-4248-a6bc-ca72d44d93da,56,Male,170,2,adult
3d7a4fcd-5176-46e0-a7ca-c489887e1e73,28,Male,127,21,young
3eaa0f47-aeb9-49c7-91db-7fbad06fabbd,79,Male,77,67,old
3c5895c8-df63-48ca-a406-b1fd1e8a1936,87,Male,106,82,old
7268a546-1f3b-444e-9122-fabfb4a50c3e,30,Male,51,8,adult
5059a74b-8664-4a8e-a2bc-bf3ed0199259,79,Male,112,38,old
28188e87-1d9c-4475-ab91-fc72b6e0d1bd,41,Male,122,68,adult
c2446240-6681-4f69-9d72-594c6ffb9521,42,Male,138,55,adult
5195e89a-4f65-4751-846a-5dab5ea4d112,37,Male,92,32,adult
b5e649c3-acf2-4977-9cc3-85f9924672d2,51,Male,77,62,adult
5ad1230f-d832-41b8-a47b-f40cc327a0e4,20,Male,148,99,young
2bd8091f-ff48-4fa2-adb6-a0e4e125caff,40,Male,121,92,adult
f86e0896-df13-44f4-b572-535f69bbf595,25,Male,45,72,young
39d2955e-ff12-41f4-85d1-f19299e7d57d,89,Male,158,13,old
18111868-9e40-4e33-8556-efb36c54de05,40,Male,64,46,adult
299bdb9e-0503-4281-a0d7-63b0a670194f,35,Male,189,59,adult
b978874e-cc2b-4829-affb-95ce54935dbe,71,Male,21,35,old
94f2647b-27a8-46bf-bfaa-3781b05327ac,54,Male,21,13,adult
9578a36a-27d7-4831-acf0-0184d503010e,39,Male,77,22,adult
e1c074c7-52f5-491c-ab06-584258668d3a,19,Male,62,47,young
e43f9f8d-1a89-4fa0-9d84-5731b6236333,64,Male,175,71,old
dbd5eaab-0c19-4960-9b9d-bb7fcebce20d,19,Male,180,62,young
a13672f2-b25f-4065-ba2d-490a40f64a77,79,Male,180,48,old
d2dc09aa-a3d6-42a8-a292-6f8839de4b15,20,Male,65,16,young
adba2de1-8f1c-4fb7-b891-610beb1a3f06,36,Male,70,89,adult
8dfcc306-6e8f-4b35-9592-04d046c4906d,71,Male,49,23,old
5b742e87-fe4f-44ff-ad22-476308a67be5,80,Male,178,44,old
292028f9-6141-42d7-a93a-3fa1e7be2cee,29,Male,180,23,young
f53afa49-a8ca-4a19-85f2-77d06571cb14,79,Male,79,60,old
dde58823-ab52-48b0-aa38-67474d548383,64,Male,67,72,old
b65f1bc3-297f-475c-bb6e-50f60e582bde,51,Male,43,87,adult
945b8e8e-b97b-4a16-80ea-c69f6a0d7023,80,Male,85,27,old
8db183d6-024a-4ee2-bdcb-839b2132ca58,26,Male,24,12,young
23b62b36-c3ad-48e0-a57d-aa061c005556,59,Male,168,43,adult
95f11925-c5fa-475c-8706-6b4e604010b9,80,Male,109,89,old
ddd064ba-3148-435a-a102-6aa4b68f2c2a,89,Male,118,8,old
ed1cf8ed-c0ac-4e2b-abd0-5f3b04200cdf,22,Male,98,72,young
92347507-9fc9-4e9c-9275-53f4e34cf502,24,Male,127,82,young
88bf421c-68a5-4a96-aee7-4911b5d86a1b,83,Male,32,95,old
1c1e19cb-9675-4e0e-bb97-e61e78752b02,81,Male,139,3,old
8afa72ab-3c88-48c6-ab1c-abb89a500752,89,Male,185,61,old
3ad91893-705f-4301-81ea-19f83d6424bd,75,Male,50,86,old
38434327-82f4-4e22-8ce2-a6cb1f8e062b,37,Male,155,53,adult
ecab9fab-c1db-4888-9664-294634813082,28,Male,159,1,young
93d04fe7-32b8-497c-9218-37f5649ac93f,26,Male,189,78,young
cc86ef40-4fef-4aa5-aef6-56d7e9947a9c,30,Male,39,55,adult
0e058fb5-d261-4e20-80ad-f7980273725d,53,Male,193,91,adult
b6e6a7ee-2bb4-4f39-a333-ae13be4dd91c,60,Male,27,76,old
c59f6ca3-2a04-4754-91b5-600993bfb596,90,Male,160,49,old
ef77d157-4cda-485b-8e93-04348c17a409,62,Male,25,86,old
d62edc2d-c1e0-44c1-b2e8-666c487ade3d,39,Male,192,82,adult
825f2a20-a474-4e0a-b693-a56e7d6892b8,22,Male,148,16,young
1e0ff09e-32dd-474b-b888-5b446a7a7b25,35,Male,181,100,adult
85cfcee8-3a40-41e5-a322-0dde226c2f60,39,Male,91,84,adult
2da5ec73-b93a-4bf5-9587-9755c5172a4d,86,Male,68,51,old
20c15ed5-53bc-4d27-916d-56240f965c35,27,Male,112,46,young
f5cb4d8f-8f9b-470e-829b-eadbb96ea435,73,Male,86,63,old
fc833cbe-f923-4c71-8042-d01e1356875c,44,Male,77,78,adult
dfc62be5-5b5f-4a87-b712-094c77a1297a,90,Male,146,22,old
2e44e730-bc00-429c-97a6-deeb0cd2bfd8,30,Male,147,46,adult
f0c4e55d-8753-49d5-9496-cd978f5e7bd2,50,Male,92,17,adult
112eeff6-8d68-47d1-acf0-1d2388677257,54,Male,93,66,adult
d4525cec-cf57-4549-8be4-6a536b7c31af,50,Male,143,70,adult
db6dca95-f12b-46f2-8138-ac8b4f4c2796,71,Male,88,13,old
0866e99d-b56e-44ee-b07e-2fc6ce86686c,48,Male,48,14,adult
588bfb54-c6ae-420e-ae75-6615d083db7e,19,Male,49,43,young
58c9ec58-52f6-43c1-bd2b-dc2b029af0ae,83,Male,75,53,old
2b88d098-67f6-4d27-a98c-7c4cad8dcf08,75,Male,193,5,old
9011d5f8-4bdd-433f-b6c5-09335fdced79,26,Male,72,32,young
7cef4adb-ccd4-4d56-a36f-a3e23439b306,45,Male,103,64,adult
fa460b2f-5c9a-425d-a33e-4d2731c6e095,21,Male,134,75,young
1a59cf48-8a11-4e6b-b184-7bd6dd916754,20,Male,147,15,young
759c4ea6-df08-44b1-991b-0b349d14c01a,49,Male,96,30,adult
3ecd543b-0ef8-46b1-9d82-9418ed822e4e,87,Male,109,40,old
df211d02-768c-4ed6-9084-05de1bc291a8,37,Male,66,66,adult
c84237fb-984f-4183-8315-522f77a149b3,75,Male,124,70,old
4c1c5c0f-6412-4f65-96b7-f9fa361a8de9,21,Male,47,57,young
18171787-b1e4-4806-b2b3-f707775a5826,89,Male,40,26,old
93cdec47-9bce-485d-8f84-ec8e083efcc5,90,Male,90,91,old
ba656e4d-8eeb-445d-b600-625597a2470d,28,Male,176,73,young
c8fc6a12-f163-495e-b61b-deb8964adca9,75,Male,76,95,old
27525b2a-2653-4e81-b205-ac593b3b928e,27,Male,55,66,young
6fd98079-8b6e-4469-9500-86f9962bb37e,61,Male,113,37,old
b795dd96-d8f3-4817-8a16-4544105960df,33,Male,39,34,adult
997a47b9-59bb-4007-851d-90abc5cbc29a,50,Male,162,21,adult
a6981e04-5b72-47a7-aeb3-1b6baac76069,67,Male,153,81,old
c0b88001-147f-4945-8829-f26bfb4a435d,52,Male,173,13,adult
a28b45e4-5785-44d9-a520-9db40803002b,52,Male,182,29,adult
83ed536d-c44b-4a0d-8973-636edb723ead,19,Male,107,7,young
cc839395-0d9b-47ae-9172-92d446c2cb0c,27,Male,99,50,young
e98ccf4a-d103-440b-8aed-fcb17de3996b,31,Male,196,31,adult
057a0204-bea1-41be-9665-9b49190b6547,85,Male,86,24,old
233fb3bb-1548-454e-9e8e-23637365047f,19,Male,60,98,young
10479e73-7334-491e-8e55-7103bb1c1f50,35,Male,59,40,adult
1d79ffb2-5775-429d-8447-04eb3d36d99f,82,Male,58,63,old
9270a59d-b4bd-4f91-bf77-53e269ba7056,46,Male,176,8,adult
60cddfb7-5243-4f65-a600-52972f2a9d52,90,Male,104,9,old
6221c388-81d2-40ef-874b-25939637bdbe,32,Male,166,12,adult
0092ccb9-d846-4426-85c0-423005a204cd,26,Male,176,8,young
838e6a81-c986-4348-99a4-5351e755abef,27,Male,199,48,young
e79f4024-bc9d-4641-8290-c96b3921348e,58,Male,33,40,adult
774f9d19-9fd1-49d1-8bda-291df1456038,73,Male,67,21,old
f96e6251-4f56-400c-b751-f8984fd65889,24,Male,178,59,young
61435a10-ed95-4665-9e69-93dd0e5cacc7,77,Male,48,68,old
dc085efc-7fb4-4e88-8154-62da2e5ca0a4,77,Male,185,70,old
7fca7b67-61b9-4853-bd21-1768fd33ae26,86,Male,162,5,old
1abb3ef1-8214-4b1a-b267-77346569b3aa,70,Male,104,32,old
3e2d7f95-4306-4710-be1c-58986c5b22ab,41,Male,146,42,adult
2fc6b8dd-5ccd-4acd-b3d9-e00b32586fae,48,Male,52,64,adult
bdd6c53c-25f0-47eb-ab3e-99b2fd9a00e4,64,Male,62,81,old
53eb3733-9ce0-42b6-a671-2a7876e644dc,66,Male,192,5,old
1014b697-dd74-49b4-9fce-36d846282283,43,Male,86,54,adult
857f41b2-c595-48e9-839d-ae867c2a434b,26,Male,174,86,young
a83ea2c2-41a0-4b78-9611-e0a7ccb5aff3,32,Male,114,19,adult
d2ad89a0-d68f-40ea-aebc-4948b1eb5912,28,Male,44,36,young
03f06118-5531-4d04-ace9-88e4e49e047d,19,Male,66,53,young
151b1f9e-cfb1-4493-ba54-fa0c6eb69b3d,47,Male,198,28,adult
10bb5583-ed5b-4fbd-b574-0746deaa73c8,41,Male,35,86,adult
1164e5ce-0233-4268-a367-cd5a9b55bb41,32,Male,135,24,adult
47950201-2f59-4434-a9b8-a72ffa40d426,57,Male,195,61,adult
c727e6d8-ed93-40ab-9c0a-dc09011273a5,44,Male,164,97,adult
9be9ed6c-7b34-4c16-8ba9-b4005fc62084,27,Male,128,90,young
bb26063c-d20c-4e3d-99b5-db26b1dfa885,49,Male,185,97,adult
e5ceb6e3-4d14-486f-ae7b-389d98b234eb,52,Male,91,89,adult
31ef8c62-fbef-4b23-b235-9cc89b6802db,89,Male,189,22,old
a75b540c-20fe-48da-b6b8-ae39ee336744,54,Male,96,5,adult
d7414cd6-8afe-41c0-89d4-96a13c0bff70,37,Male,62,31,adult
a1b8d396-130e-4baf-b0c2-74d1dcffbcc5,86,Male,141,51,old
6224b123-f49b-40bf-908a-c152f55ec31e,22,Male,41,94,young
49652a67-2726-45da-8148-17c3bcb0eaf3,65,Male,170,83,old
13c52581-658a-4230-989c-e20b81332cea,65,Male,171,100,old
a64299ff-a0c8-4afd-834a-7d49f13eab65,34,Male,55,98,adult
e8ab3760-2030-42d6-b817-2ab2f154cf3a,70,Male,39,96,old
d89bba51-da1f-4bd1-8c1e-bdb73e2ae3e7,68,Male,86,27,old
6073f488-2f37-4db9-8bc2-61809d746831,53,Male,187,15,adult
ec692e9d-2f45-45f5-9f64-ae9480a122a8,36,Male,190,72,adult
ea16cfff-8cde-43e1-a69f-b2ebc961d27e,87,Male,174,41,old
3682e7b4-ef04-4620-80d3-86930b45b822,38,Male,47,46,adult
f8280db8-3041-43f5-82dd-a2c173e0faf6,37,Male,152,77,adult
1def0c9e-7f0e-422c-abe4-00b8a1142771,47,Male,50,95,adult
67f73134-e931-48e8-92c2-248824a08e9a,42,Male,120,19,adult
4982db81-7355-4cd2-843a-fed61f9bd06a,35,Male,117,33,adult
ed15310d-4022-430c-bf0c-7a014f3599c3,90,Male,22,51,old
0bb2533c-d740-417d-8609-70aa487986c6,75,Male,153,92,old
d5b2db88-b115-4b58-bb19-6eabcb16047a,63,Male,80,35,old
72300be0-ce05-467d-9d2b-3b210612fcfe,36,Male,64,46,adult
f33507a2-d09d-4a0a-940f-0e82b52d5ba3,53,Male,166,97,adult
4b786bc2-a7af-4779-882d-3a1df262c39a,79,Male,176,92,old
2c58607c-c91c-4432-b967-f49b07cafa29,26,Male,188,83,young
4031c55a-7d9c-4f96-b6b5-8690d6141ff2,88,Male,193,47,old
6142ddd2-1a15-4edc-b09b-59ef76443abc,44,Male,136,3,adult
06ace772-308a-444d-bb8f-4219655aa9e1,43,Male,151,27,adult
081728f4-ecf0-47c5-8df2-f68802591e94,22,Male,36,55,young
cda783a0-bf19-438c-ac70-422adcc31a43,47,Male,48,70,adult
45b59be6-ec16-4592-9df6-55b7291f942d,70,Male,74,93,old
7dc7e995-f56a-4a8a-905d-0c57d7513787,31,Male,111,77,adult
ec756cda-a94d-477d-9a88-cbba01ac3afd,62,Male,32,8,old
58c9a754-4812-491d-80bd-c2a1e9e99802,54,Male,86,31,adult
e335339b-4c5a-4ad0-8cd9-4849bc59356d,54,Male,168,97,adult
f6dbdf5c-0f29-41d1-a000-dae48803093e,72,Male,111,3,old
b2f3191b-d896-48c7-b481-a8d7e69f6f0c,86,Male,116,22,old
99bd2a1c-ba51-4563-9ae8-1068d6302e65,68,Male,188,75,old
31d30c82-5716-407f-a47a-785e447cdcc5,71,Male,96,23,old
ff0eac6c-71ed-44ad-b1ba-b135c49cd7cb,47,Male,26,27,adult
bb58660c-ef52-4e0f-bbce-36ae3d0b3e4c,18,Male,52,28,young
4abecd94-65a6-429b-bf6e-a0866945d3a6,45,Male,135,71,adult
556451ff-ed13-40e8-a67e-ce1aa19b73a0,59,Male,185,98,adult
ac6ad0e6-944f-4107-a5b0-4ea6982d69a1,88,Male,80,41,old
10a49098-7931-4c10-aa68-aaaffe8f4f4b,90,Male,197,56,old
55dd041d-971c-4f4a-875a-9d020a54b11b,87,Male,41,26,old
5720eb62-943f-4d30-83f7-f9483373d924,37,Male,149,100,adult
1b966b87-ced9-4ecd-92c8-eeffb18d501d,33,Male,111,83,adult
6ead60cb-6ea6-4298-a420-7d11e190d9c5,49,Male,156,100,adult
9ab4808c-7a8b-4e20-b3ca-44c6479e06ad,67,Male,187,76,old
e0a7bab7-7b53-4cd4-a621-637e248df613,90,Male,170,58,old
1c28970c-2faa-4fd7-8adb-cae0ad47052b,47,Male,132,84,adult
38c153f5-7c26-4708-a794-1d0d321b8ae8,28,Male,90,19,young
11c7e7a7-e238-410e-85f7-825135603c48,50,Male,84,67,adult
e9387821-f150-4726-830e-3bee4b52305b,82,Male,176,73,old
9ea02084-3635-445f-b4dd-156cc8e9dec6,58,Male,189,54,adult
967406cc-1685-4196-b007-018c53879722,62,Male,42,69,old
4920f135-0751-4f39-9a23-3d76193f53d0,63,Male,177,15,old
b219d5e5-3d3c-44e2-a37a-922842c5d554,56,Male,97,96,adult
2aa709e7-ad32-4b3d-b8d7-a459752fa2c4,71,Male,124,42,old
2df26d23-7713-4152-bc39-a4397972222a,27,Male,77,4,young
82855cf1-1259-491f-b8ec-36421b63f3ad,54,Male,92,12,adult
7de4c301-83d3-49c6-9c04-eedc7d1f5919,71,Male,45,78,old
e31b1b58-3287-45d1-acb1-42595b2ccf90,47,Male,132,36,adult
9c486901-9cb0-4d2c-9ecc-885842635b62,46,Male,198,14,adult
42af006b-68b2-4125-8ddd-c5ea6f91cf96,55,Male,67,94,adult
700e20da-17fb-44d1-8aa1-546929c017d4,23,Male,102,40,young
4e62ed12-a370-43ce-9610-bbedbdffface,50,Male,161,61,adult
a8f7e52e-f8d6-46e7-9918-2066821c5873,29,Male,35,99,young
8042511c-e9de-44f0-bce2-30be295832db,59,Male,191,91,adult
c4c7bf35-a2fc-44e6-b34c-f8339520ad2b,58,Male,55,34,adult
30191523-c405-41fc-8656-ed72af5b2b9a,90,Male,112,92,old
8aba0f4e-5a7d-44af-b14b-e577ae52ed94,29,Male,146,5,young
58bd5977-45bb-4635-88e5-c563c464f7dd,71,Male,114,80,old
956b4bb1-cb81-43cf-a00b-cfeac13f88e5,79,Male,142,66,old
8bfe1f69-9a33-49a9-8ee1-75dc164bae5c,37,Male,150,19,adult
94636762-f821-4e62-a9c4-8b6b2251eb00,61,Male,30,56,old
5899c850-ec15-4d17-a7ba-9e204030125b,38,Male,194,18,adult
d325fe85-dc5e-40ee-a49a-deb0b58102b0,71,Male,76,8,old
ee9be16c-8048-4d55-ab0a-5474c90071e3,51,Male,97,93,adult
39898da6-98c5-4848-a903-e6f475acf520,87,Male,26,75,old
17a1c8c7-6c40-40f3-bceb-f84be1de3a57,43,Male,93,77,adult
9754b6bc-f18d-4e5c-8777-371b56626475,23,Male,48,42,young
2bf997e1-ace5-4395-bdd9-44bec729f2fb,50,Male,44,48,adult
3e03dc31-ffa2-4768-8781-d349fd57c914,33,Male,190,79,adult
7212d786-c7f5-4cc1-af12-c03282c5d6e2,45,Male,65,47,adult
d5e55b59-fde3-4b91-9abb-908f5676005f,54,Male,46,14,adult
e6dcaabe-30e1-4614-8e89-8bb1b65bef39,28,Male,121,57,young
b4f8eb8e-c5e2-4428-b29d-f2afe2196040,18,Male,152,13,young
a137574a-252d-4144-a08e-2747bc3efe1b,23,Male,87,69,young
d4a041d3-c5db-4645-a153-db9b5accf685,75,Male,118,81,old
23f0d88c-d7e3-4265-8789-682b260acaab,19,Male,110,64,young
04229da6-07cd-4cef-9c31-ce61d4f7a639,71,Male,125,35,old
239fb132-43f3-404d-8fe8-9c6271262f4b,36,Male,22,10,adult
6305eee9-f9bb-4fa5-8100-73d6b9a36af4,25,Male,33,30,young
24abe99c-a982-4a27-bde3-851623e642fc,54,Male,165,17,adult
582de7ad-3a09-47cf-9b9f-071137f00143,68,Male,183,12,old
7b651f83-da52-484c-a108-a5d68e331e4c,76,Male,22,14,old
0d1b6bee-13b1-43a1-9976-90a7a6454032,69,Male,188,22,old
1e7399fe-ae20-4212-92e2-8f44ebcbfe59,65,Male,35,76,old
36c845bd-ca59-4851-8389-288b97e1e409,48,Male,198,42,adult
03b6245d-4d7e-4430-ae74-ec83efe94a77,75,Male,187,42,old
9ce8ba52-c07f-4f9e-8bf9-d180adfe378c,74,Male,29,71,old
bf79d68b-b971-429a-812d-2c6e5391e3d2,52,Male,172,3,adult
231e29db-ad5b-4ef7-a6d5-02955e7ee409,70,Male,71,64,old
ccafc098-8cee-426e-b599-0c541d290f2f,74,Male,117,92,old
5ed3e840-8a5e-41c4-ac84-671c5cc38d9b,23,Male,99,65,young
dcd81028-c59d-44bf-92ca-f4a16cbd50ff,60,Male,142,93,old
f0c55c77-e5a4-4f1a-b3f0-78c606247311,69,Male,67,96,old
911a0096-38f4-448a-a02d-591c09cd8e54,28,Male,113,78,young
9f529f84-d82b-4874-a1ef-d408d1b741b8,45,Male,113,57,adult
002cce31-388d-4895-8d8a-bed3e83fb24d,74,Male,39,9,old
4fe91c9b-9322-45ad-941a-998905f17eee,82,Male,66,28,old
7c9db488-97e3-41a7-978e-669cf4fb9a91,39,Male,92,34,adult
2d3872f4-9291-4fd8-9991-fd48aa888ca9,28,Male,21,45,young
e42391c6-ba60-45de-9804-37d61802715d,18,Male,33,4,young
23c54fe0-293d-4252-b7fd-ba44206eedf7,86,Male,137,10,old
d358b8aa-7fb1-4461-a6f6-cda879723791,65,Male,94,63,old
ed4fa578-27a8-4015-b161-f1403c285893,60,Male,38,22,old
4dcb635e-1f77-406f-834b-6dc74df97236,63,Male,75,30,old
0224c2d0-4eec-400c-a19b-dee484349302,73,Male,192,100,old
d0440d5f-c5f6-457e-ac08-0f17d8998264,45,Male,60,64,adult
8e3cd5e5-3e00-4751-b4d6-bdc3462c00c4,25,Male,104,55,young
6e101917-c59c-4877-8bc5-7ed02a48d3a8,88,Male,64,82,old
a9fd1555-5dea-46c2-8bd2-26057467e50f,39,Male,54,31,adult
b9ceaa3e-babb-4797-bbc7-aa6021db3615,51,Male,200,64,adult
3da80cb3-0caf-477f-aef3-3ee5ee7a921a,43,Male,28,56,adult
93415209-1ec5-42ec-991d-78114e24fee7,82,Male,196,48,old
6f0684e1-aa21-468d-9e5e-672d0cbd1144,55,Male,67,31,adult
8c8ff490-7de8-4cea-a217-0df1bc7c74ef,86,Male,197,5,old
6a52a6ec-9596-4ecd-9347-37f6520fee08,19,Male,183,29,young
85ec4558-b62a-4a79-8905-242bf5b69616,55,Male,89,47,adult
bafcaf75-6f96-47cb-9c93-b1a841ec292c,66,Male,25,39,old
113cd3fa-3aff-4659-ad56-4fa83cffe246,87,Male,83,90,old
a16c56f7-ea3f-4c97-84e7-11107d9d068e,51,Male,195,34,adult
189cd6a7-8130-468a-8a59-ecacb3d47ffa,83,Male,183,44,old
1604105c-e55b-4e31-94c1-8585f24c89c5,81,Male,75,5,old
37d3b666-0595-4330-a559-6a6a0bf4e4f3,50,Male,98,52,adult
cd6e335e-a00e-4d8a-81ed-4dd4231c0169,71,Male,38,21,old
ed1eb27f-78d5-409a-b4cd-2b555563ac95,39,Male,57,75,adult
b5c851f9-9dc1-4ca9-acf3-5e008f76025b,88,Male,60,78,old
b7e720a0-ce5d-4e3a-b504-4e3b91283545,46,Male,174,24,adult
6ab1e40f-9d9d-48ae-ac2c-a054b7dcbcca,19,Male,63,50,young
a51dd080-1882-4356-b8c6-49db7378d199,59,Male,63,23,adult
63d45862-d77b-4b6b-9c93-c6fbdbfdd31c,64,Male,171,32,old
154d6532-8a03-447b-bdf8-5763c91260ec,21,Male,89,17,young
742eca0d-1616-4478-89c2-019628ae43fa,58,Male,189,9,adult
4d1e4ed4-ea0d-4465-994c-5673f614ea6a,29,Male,111,29,young
016351f7-441d-4ed0-af12-d35cb2f8f476,46,Male,62,3,adult
b24b2e5e-608a-4ba7-a4a3-e04c7db1f350,72,Male,146,49,old
de0f3ef7-b7bd-427e-a23b-b7ad78fe5535,63,Male,175,68,old
632b4fb8-e279-450e-8b3b-fd51b25697a4,27,Male,137,73,young
40d0acdd-5a4b-4d94-8a5e-71d090cfba54,50,Male,157,100,adult
15dc3440-3d10-437f-974e-eb3f45709a24,58,Male,147,3,adult
ff9b4cd2-d593-4cd1-9416-168a52463948,56,Male,193,81,adult
7376b97e-c938-47da-bb31-71cad1b9a9ff,86,Male,119,75,old
918776d2-c2a5-4e75-9a7d-d7c8345dc657,90,Male,197,35,old
3d8babd6-b952-43bb-88c3-0c5615502f25,47,Male,119,53,adult
d793252f-728c-4231-936c-5314aa78b65f,44,Male,134,44,adult
155dc5a4-66c6-4ee6-a63b-48afca0c4a26,73,Male,168,44,old
2fee8469-4c40-4b01-a81e-eb46bf085a85,55,Male,89,38,adult
4af4ad93-9100-46b2-9e35-adce068d0b04,84,Male,88,51,old
b44f7dbc-a698-4770-997c-a973a5129133,77,Male,170,42,old
1ca5e9d2-2ae3-4cdf-bb11-6f0f1133a12c,45,Male,177,9,adult
3aba6e35-84ac-4b07-b1e8-faf062b7a7c9,33,Male,196,56,adult
cc920696-633c-420b-88a5-8e0c6195c244,78,Male,170,47,old
9e16c3b1-d653-40ea-8912-dde2b7a093ae,79,Male,53,17,old
1de20819-ab81-4a3a-85d6-9e4e598e425f,48,Male,158,14,adult
f5bdfbe3-e957-4917-b6aa-9902da101d0e,88,Male,67,26,old
22fd37fe-9658-4c5e-99d6-2429c1107fbe,61,Male,120,54,old
785888b3-ef2c-45ff-88b2-b8461eb8b402,75,Male,95,22,old
d436dc10-d11c-41b2-a622-0cfd92420ad4,36,Male,149,83,adult
b9118cb7-3f81-4195-821b-815fe4c6a6c8,21,Male,73,93,young
3a0baa34-87be-410e-be79-0dc641b2d400,86,Male,20,41,old
2d6cb175-301b-4ee2-8f2e-eb410224c702,76,Male,196,19,old
26f25ef4-9b9a-4485-8b40-44bc68cbd36c,19,Male,182,88,young
3dd30764-97d6-4f96-8c15-3fda08f15ccc,24,Male,188,52,young
56ed73ba-ffc7-4f39-8336-e39f3e372e36,41,Male,145,26,adult
9772c69e-ecff-474e-bb0f-a0200d82a8db,67,Male,145,62,old
4fb30965-92bb-4d0c-9963-c447373711f2,59,Male,116,100,adult
8c030b2d-313f-4ed3-86bb-b8eff6c3695b,65,Male,84,98,old
ceb77c22-e765-4cbe-a8aa-2eeb2e0e43ce,33,Male,110,90,adult
67cef2c7-5270-4141-aa19-d40d517d3167,22,Male,173,95,young
f410c7b7-86a2-4327-9cae-6a4e638e9f71,68,Male,28,78,old
ade1e8b7-50eb-40df-8751-7994d3055c59,53,Male,54,17,adult
42f7f90e-3d39-40a5-8bb0-a9f24f38de79,56,Male,37,90,adult
11322fd5-7bb8-4782-81a8-da8edca9cad0,82,Male,96,36,old
ef79a91f-147c-4f7f-8afe-fcc2c917ebf2,55,Male,119,35,adult
c62681d1-6cd8-48aa-80f9-d90cc72c5954,30,Male,90,9,adult
c19a322a-e1fb-4b84-ad60-dd41eeaf97bc,64,Male,162,45,old
c2015bfa-dfeb-469c-85bf-b627d62b7d88,75,Male,37,96,old
353dfd52-75ea-4437-9846-a7e4d567eeba,84,Male,189,52,old
baff20e8-b3d7-4979-a01a-7ec5e32dc6bc,77,Male,95,48,old
099cc13b-71cc-4b15-9501-1b28e140f1b9,18,Male,96,76,young
8fe3bcc1-0936-4de9-9703-44411634a13e,21,Male,180,8,young
d0d8e03c-7bf3-47d7-9f8c-e76926e5656c,87,Male,28,91,old
4cbf6962-b351-40e2-bf86-96f4be2935c7,63,Male,151,18,old
375d7029-7bee-4bd3-b32b-da36f27a718a,19,Male,154,68,young
f5468909-4e94-4c27-b1c9-a1bc0fc32d96,38,Male,176,88,adult
88ae672c-9bd8-4483-aca1-4ea5465b6aab,59,Male,179,57,adult
c1a6b14f-f4e1-4963-b837-8fb46d89723b,25,Male,178,44,young
949a3e1d-2d5d-41e2-abbf-c302c9544e75,67,Male,157,79,old
7342c622-c226-4341-8aa7-be2f30be17b8,31,Male,53,96,adult
2dee76ed-f261-4f75-bdad-f66209737d2b,60,Male,142,81,old
39485910-47b5-4311-98ce-9b960c7911ea,21,Male,64,78,young
521d85d8-31db-42a4-ab97-49f3fc80affc,85,Male,62,9,old
886c64bf-c71a-4bc7-a56f-3c5050277d69,20,Male,188,43,young
53352ca4-8a85-4fe4-8b47-b4f427514d41,67,Male,66,73,old
6ad677ca-81d3-4016-9cfd-bf9c9cdddfc0,83,Male,78,84,old
535a4926-06da-4cf3-a95d-3a448c3691f0,60,Male,180,36,old
971f3bbb-5227-4d54-82a0-605c243ad01c,32,Male,133,84,adult
d9934b7b-eed0-46d9-af39-d7c3f21e739f,66,Male,125,49,old
94935578-98af-4314-894b-424704937185,66,Male,134,25,old
9610a723-3e8c-49ef-80b1-17d71618a898,89,Male,167,41,old
3777999f-1620-4185-a91e-95f35f446da7,38,Male,92,59,adult
3cd1cf10-bc17-4dea-8d3c-c091444001ee,50,Male,121,64,adult
6cc871cc-9b60-4331-bfe6-e395edbeb84b,29,Male,145,90,young
3352b41f-9f28-4cf7-8e53-76fdda42acf1,35,Male,114,100,adult
03d6f551-73a6-441d-86a5-f885565e7c44,24,Male,53,9,young
f74f4247-f6ed-424c-9def-8b162b0a41fe,43,Male,165,38,adult
e5fddd5d-fa4c-4f56-b7b4-d33ab81bd20f,57,Male,53,92,adult
157546f1-d6d4-4898-8e0e-09e031aabae7,73,Male,46,77,old
3dec3d95-6d58-49f1-bf5e-1aa97370a169,75,Male,51,14,old
5550b1dd-3b77-4e6d-a0fc-bb51e6a1d906,44,Male,32,2,adult
fa0ca1e9-5f36-49c4-926d-080e7d94979c,69,Male,109,91,old
6a0279c3-8360-4ecb-9baf-0dbfce81caf9,21,Male,85,95,young
7d8a943b-a5c9-44ea-b302-416ae8569412,30,Male,89,6,adult
ecee4660-40d4-4a55-9569-a40b101176d7,41,Male,120,17,adult
67c0142c-0f31-4def-a692-bce3d8b86619,72,Male,93,72,old
b948e7d2-6231-4504-9013-33acc8718d8e,79,Male,73,63,old
8d0592bc-5fa5-494b-9f30-0f178de447ff,44,Male,155,71,adult
973b2c36-4ecb-463d-80a1-ecd11c5ff2c4,79,Male,26,93,old
59a97a87-5f2e-47e5-8151-23f1ff599bb4,31,Male,136,55,adult
10332bd3-6b4a-470e-a487-63a514061201,82,Male,115,14,old
8d8745bc-39cf-4914-9d5e-78d9d809ed87,73,Male,131,81,old
bc13f570-2768-42a5-9862-4b7b09cd7f79,71,Male,22,100,old
218ce344-66af-4fe0-a1db-7fba67f68803,90,Male,149,61,old
6ff0e328-8f43-4837-ba81-2355a235fd7f,38,Male,86,59,adult
9509252e-fc8c-48b1-b908-052baf1200d1,87,Male,193,88,old
cff35464-ee41-4168-b76a-80fe74367e5d,72,Male,191,12,old
cd7613f7-0381-4bcf-944d-f9080ce3e4af,49,Male,152,88,adult
15eca141-ef43-44d3-b83d-c14797d4f1bb,33,Male,57,32,adult
bbbad962-5b1f-4b3f-a88e-7ae746b33428,21,Male,175,54,young
9972b1a3-7f00-4327-a280-1bdcc5641542,21,Male,182,11,young
db558ee8-04ed-448f-8a8c-f0968b04e436,50,Male,147,25,adult
352986ec-bef6-4eba-96e0-e776a6029038,70,Male,164,95,old
131e1e12-5262-40f2-be35-e0c34bb67172,51,Male,96,22,adult
589b7ab4-a428-4215-aff9-495d84b8f86c,20,Male,92,10,young
c34f3268-c33b-4cc5-95dd-169abc5f41d8,40,Male,128,12,adult
659d38a2-c2c0-4868-85e1-12cf4dd34241,74,Male,195,81,old
805f267e-acee-4271-8d1d-bba8b41e3a91,40,Male,153,65,adult
a4896404-bc30-46d6-8af6-f2803492f2ae,72,Male,195,23,old
1463f5a4-a383-422f-8be6-f784619231cc,44,Male,28,15,adult
548f748b-dc12-44a0-b15a-39c36bfc6e7a,83,Male,128,74,old
a6310576-5d92-46ca-960b-a7410931321b,44,Male,167,59,adult
e8a12c0d-c48e-41c2-b931-01cd932ebd5d,22,Male,172,92,young
774f9225-c564-401c-b1e5-08a66637aaaf,39,Male,144,90,adult
8006398a-eb77-4ba4-ba92-31088e2542a5,62,Male,154,74,old
23165a6c-9062-43c1-ab2b-f4eab00e0874,78,Male,117,47,old
38942878-8d52-4d62-a05d-9382d9b7bd55,24,Male,20,60,young
87b1e6c4-4934-406f-a7b7-1f96af66adcd,18,Male,63,68,young
2c3924e4-dbf7-486f-9bca-23a2a867ad7e,86,Male,198,16,old
5752e371-95cb-4384-887c-866435852e71,54,Male,128,36,adult
3a909ee1-29a4-4899-b92e-4d790271ca44,67,Male,71,15,old
b7b0b738-c69d-40bb-8a1a-16388775db71,24,Male,78,37,young
8078d3d8-775f-42dc-967e-fa274619351a,51,Male,129,20,adult
d47ddf68-338c-4f10-ae03-ea926f8dd97e,22,Male,88,3,young
f19718aa-764e-4a7f-a61c-89360e28bb0a,42,Male,150,69,adult
6cd1cf1f-5fa8-44ca-985e-70f37eea9085,18,Male,172,95,young
a91a0f2a-a82c-47f0-b9fb-83bcc671e63d,67,Male,151,69,old
597326c0-6f94-42d2-8296-1b8f2c6fe6a8,46,Male,116,92,adult
9ce63464-1e5b-4466-92cb-58a0e3c5db3c,78,Male,89,33,old
e20ddee7-1964-4a6b-95ac-235c052d4cf2,61,Male,175,36,old
a09ffa41-8596-4a0c-b2dd-6ba3193a9f2d,47,Male,111,31,adult
9e06b96a-6133-47b2-8a96-19efd28448a8,49,Male,90,10,adult
8e46e4a1-67b6-447f-a16b-8aa656bc43fd,82,Male,132,12,old
674f0341-d993-41f0-b5aa-d276186b2758,46,Male,156,86,adult
48ffaf46-22a2-4cc2-8b4a-1ac969f17d3e,23,Male,168,13,young
9303e169-756e-41c6-996a-2aca122b9402,72,Male,183,80,old
4db91a73-2f4f-4b27-aac7-d23598855d48,42,Male,40,33,adult
1de3d21f-95bc-439e-8331-eba3a52a1be2,19,Male,50,4,young
60b06915-5959-43bf-8f2e-e92591180f96,30,Male,124,43,adult
6a0edab8-3011-4a47-b738-4355e0dea224,65,Male,67,65,old
bf14a995-1986-41c3-95f3-f2a2063bc79d,33,Male,27,95,adult
d5e46c03-ff66-416f-a7ab-66285d244f86,37,Male,122,49,adult
26955e99-d515-4fdb-a891-747ddf783024,82,Male,66,21,old
2421b03d-2a95-4273-bdd6-4e1692494bc1,19,Male,34,74,young
53be2bad-0e58-4368-bbe3-8ec7d10b4d07,88,Male,134,24,old
8f789c33-6e34-4652-9a7c-025b5b3d6fed,42,Male,139,35,adult
92d38457-210d-480a-8828-8da4955cd991,59,Male,60,20,adult
781b0fd5-b961-46cb-b15d-5759884852f8,49,Male,192,81,adult
58b94da1-8977-4e1b-87bd-000870d22ffd,74,Male,170,40,old
583a251c-67b6-4ddf-8c07-d08b333c3198,57,Male,184,14,adult
7f6c0706-4ddf-4eb5-8213-89256c50a397,24,Male,114,29,young
b1c6fbb8-61ba-454f-aa9b-1fa5e6366d60,22,Male,165,57,young
844abddd-53cb-4c25-b571-3a880276a648,25,Male,67,14,young
540b436b-37bf-448b-9e7e-a59129729db0,62,Male,91,75,old
ef5ffefb-48f1-491b-93f2-9ead7b7e3996,87,Male,150,28,old
ec5e7631-d563-4510-8edc-56b33977e1ac,51,Male,190,53,adult
f5534be8-9a25-4c77-b5c2-fd29026ab4c2,45,Male,92,54,adult
0df7fc02-ffb4-416d-95be-8e6d357f7eb9,86,Male,89,24,old
983cfc4a-8a10-4053-8a5f-74ca1aa35792,85,Male,186,25,old
71ae9a64-4a57-43e9-b752-7ccd1ef04ae8,83,Male,79,96,old
1d5ed42f-a586-44df-bb1e-2945fdc7cf87,70,Male,21,50,old
44337e9f-f92a-4d3b-9491-c60f8a4b2224,48,Male,77,94,adult
ed4282a6-4689-4fbe-af69-71fe1363ade4,65,Male,109,1,old
9e650e0c-9adb-4866-8e94-092b1ee8588a,40,Male,93,87,adult
f4aad71d-fa2e-48ca-b00d-4660a75c50fa,63,Male,78,67,old
f771af08-58a6-4e9c-8721-519963d72d39,36,Male,109,3,adult
e13ac5f6-f2ef-418e-932e-12bf7508d025,85,Male,93,22,old
9f1683c0-9613-4dc0-a52e-20c3886ddcbb,42,Male,154,6,adult
d796cea7-9ca1-4581-a819-8c1f96378f9c,43,Male,171,28,adult
0cd83ab3-43f8-4760-8ba3-00d04c0937c6,57,Male,30,3,adult
71d1801f-db6a-4eac-8cba-855b4c32e95e,32,Male,153,90,adult
0b072a0f-4c3e-4aee-965c-c57e1a64f5f3,26,Male,156,59,young
71844abf-c2fc-41fc-8df5-d32a2f8f1fe2,64,Male,129,19,old
57e29607-9351-4499-aee0-c8e6466f912b,38,Male,102,77,adult
f8d78973-987a-4050-b635-fafe38884da4,72,Male,128,33,old
1f451fd6-f461-4ce2-ac23-d75ddf4ea577,62,Male,42,62,old
3c914f61-f75a-480a-861c-cd1781eea82d,47,Male,119,58,adult
582b2acd-3712-4d66-88bf-c3cdd49c24bc,69,Male,60,53,old
c8a10a5b-7752-4a77-8f4a-ab766eb87d4a,29,Male,172,54,young
80e5bafe-ac7b-4b3e-96a7-d5cd2539699f,77,Male,111,73,old
c591e858-659c-43c4-92c0-856b70837a5a,26,Male,77,63,young
48fece83-205a-4df1-bbb3-3c3dd6e57894,42,Male,190,90,adult
c14e1fa9-60f2-4e1e-80cb-6366e840185a,50,Male,35,45,adult
f4cea7bd-639a-41db-b54f-91e18e3e00ac,80,Male,58,60,old
814e14ab-2c5c-46a1-9de7-39b628a5edf3,46,Male,151,42,adult
d198ad07-f1f4-46e5-8d74-7f5739b6e2bb,37,Male,179,56,adult
9c13c9f9-4cea-451c-862b-adda3e4827ee,89,Male,185,59,old
a5a85f11-ee2c-4880-a90e-684154a4b6ac,58,Male,70,27,adult
d5dc83f4-e850-4b40-bd26-a2a9aa2373ff,40,Male,72,25,adult
0e3c8396-a63e-446c-bb00-5c9595ccfba2,58,Male,123,48,adult
e49af1b0-af2b-4b68-8e86-88e787389055,80,Male,191,1,old
76e4705a-0975-4410-9a0c-bf84ad01bbe0,64,Male,186,41,old
e61d3090-ebfe-456e-bfc1-562502be5b93,78,Male,145,75,old
d6df5ef6-bef3-430e-8c9a-06b338939a43,39,Male,118,56,adult
1e38c67c-b95a-4f99-8a14-e2fd0ce6f69f,48,Male,54,73,adult
ea47ae8d-02d5-428e-b610-9296e25b1fa3,71,Male,60,27,old
6d914abf-af4f-4ad5-8669-f6418a7ea254,43,Male,124,42,adult
47a6aae0-cf1d-473d-b6ef-7680006846d6,84,Male,179,36,old
32aaae35-9913-4486-ac80-e9555f1ce64d,21,Male,42,70,young
3c2e2e8a-5374-4367-a773-3845a526420e,28,Male,107,51,young
031be724-4caa-4c0f-a0b0-246ef2133d62,51,Male,45,20,adult
7106a871-a9aa-40bb-a808-d0be875d7330,64,Male,74,34,old
4fc7f3d4-b8cd-471b-9354-a1033d82bcf2,41,Male,136,52,adult
5143a34d-1f7d-48af-9015-1802b397e4b6,23,Male,53,7,young
2ad28fcc-df6f-47ac-9728-8091d4dee39a,34,Male,35,93,adult
b5d5a5a8-0cb6-46ef-9584-03a457bbd04f,18,Male,48,17,young
6ebff380-4467-4eb3-8620-58ae159385b8,87,Male,48,72,old
4cd238c1-73de-4583-8e02-c9a0c7353169,47,Male,118,22,adult
41c0ee37-e9c7-41b1-a3da-902a68d63b82,49,Male,157,69,adult
73ac91e2-6b57-4fbb-89f2-ef50b757a980,19,Male,56,93,young
11ed2655-a480-483c-beb9-1db6b02239ce,39,Male,136,24,adult
4bda599d-7997-48d3-a7df-8de1de096f07,66,Male,189,61,old
3e69f650-977b-4bf3-be2a-66569e449b77,85,Male,199,13,old
429281e2-5239-44f7-acf9-c1ae66029b4c,53,Male,171,87,adult
8cc23003-05f4-46e1-b507-f3596d9b3775,61,Male,52,84,old
805291ec-f885-4bdc-b878-12af1a19f200,43,Male,188,27,adult
32e0d708-63e1-4e41-98f2-c7a31ad53577,31,Male,147,51,adult
841e7938-b640-4aa1-85ff-85077e41fe48,69,Male,134,11,old
c4f83352-ec03-49ed-bfb8-a457d09f06ad,67,Male,28,100,old
f32fa206-86fa-4d4b-bd62-acbafa3f7b2a,29,Male,65,22,young
265cc2ea-436d-477b-96be-95951e7d7395,83,Male,196,15,old
3d0a150f-5b0c-4529-bb21-625f2023ae59,21,Male,41,46,young
fb912473-373f-4fe8-a1a7-4fbb7ef30d5e,79,Male,143,39,old
a4d34340-4505-4f62-8ade-430646c377c1,30,Male,191,13,adult
a190f11f-67a8-401b-a468-43a388dce2a2,69,Male,127,89,old
a23cebf3-e924-4779-816b-bcb28f8be66d,63,Male,181,39,old
31fe8a9b-66f5-44f2-a2f5-605fddc418a4,44,Male,129,79,adult
2f58ad98-0890-4500-beb2-7fe91987c5ab,79,Male,114,11,old
0510ab1d-4c95-40fd-ae38-236608f31c6f,90,Male,155,61,old
4bfc99df-d265-4651-be7a-9b9504449b66,41,Male,179,92,adult
9f9974d0-0953-495d-9f4b-d60d5518cdc1,73,Male,36,65,old
4f47373b-b447-4c52-8710-964b2d50633f,83,Male,62,7,old
75ff2ea3-7e87-4fc8-b24f-1268a0d767f0,78,Male,189,18,old
577c7f54-1fd8-4d66-8300-8b674d3f10cd,52,Male,168,27,adult
db697143-4c03-4b05-ad59-7efe1432fd65,64,Male,58,8,old
1d7cc96f-ce57-47a8-99d9-6e51056cf60b,42,Male,69,59,adult
9e165275-7fa9-4369-8c8d-88f37876ff2d,84,Male,169,96,old
41a07405-1d61-4d02-b5c8-d9c1bb2b18ff,89,Male,120,85,old
deb35368-ea21-40fd-ba33-6a0b99753293,56,Male,117,39,adult
3bc048bd-4255-41fd-9730-43d942fd832a,23,Male,71,21,young
057f30e8-141a-4ae3-b3ea-8d0127b22275,47,Male,147,90,adult
5418e31f-ef9a-4a81-ba5d-62efbf7516c1,80,Male,87,56,old
fb2ce14e-821c-48e0-843a-148347d69d30,21,Male,166,18,young
c9d49e8c-8470-46c1-9eaa-96cd296a2f60,79,Male,63,39,old
79ed9b6e-2a4f-4b24-95c6-3d9d06bb014f,53,Male,181,93,adult
36099d84-eede-4e23-b1d3-144b44104e0b,66,Male,68,75,old
75a776bb-02f2-4829-8fca-440ffa980d55,53,Male,142,87,adult
0d6dee30-7db0-4842-ab27-f9de60d5794f,68,Male,123,82,old
08603701-2370-4869-ad24-70054a497d80,54,Male,62,69,adult
326712c1-300d-4ac9-99b1-b668165e53d7,52,Male,55,47,adult
269b232e-b00d-4174-8c4a-4c400b2ce195,64,Male,111,98,old
2790b576-1e82-48f6-957d-c5113bb6c49f,81,Male,97,16,old
d0f6b8a5-95a0-4e75-bd41-00599e558652,70,Male,27,68,old
86613b2c-a6f1-4a2d-8676-3df455681adb,44,Male,33,3,adult
2e26fb51-853a-42cb-9ce2-6c50fdca1b81,74,Male,84,12,old
a3aba60f-0151-4697-bae2-1211a8c0a8ba,46,Male,89,54,adult
6dd12ebe-4afb-4dcf-937e-d1150856fc6b,25,Male,169,6,young
842a01d0-6194-4792-8e56-998508c14f5f,36,Male,101,66,adult
bd0740a4-aec1-4ea8-a700-5c5faf18abdb,64,Male,101,20,old
16452979-2a33-4406-b7f5-335c63ee6a84,74,Male,149,100,old
d2c8e3dc-aee4-4042-915c-b68f7ef0c3aa,39,Male,70,75,adult
0de5a60d-5a42-4887-8b49-23094dbf7157,57,Male,195,59,adult
99656987-5967-4e15-9881-dc0f50c9d2b2,86,Male,42,77,old
50670600-c2a3-4fae-828b-2d4a72fa0a0d,60,Male,85,16,old
ee6da619-f0a5-456a-a9bf-6248498de83c,74,Male,189,61,old
a5af3c61-3c4c-49a2-92e0-fb7c78d8de3e,73,Male,36,24,old
cc563259-c62c-4932-ab60-9d1cac5ad248,26,Male,175,11,young
e7041517-a3b4-4e9d-83f0-96855f646adf,90,Male,99,54,old
4564dfab-43b3-4eb0-baf7-4aa848b58026,23,Male,51,23,young
5201f3a5-bd3c-4e34-884a-d8dff34de388,31,Male,46,54,adult
9f62104c-f064-42f5-8d5b-994d6e1efb99,85,Male,190,31,old
d15a2bf0-66dc-47c5-b402-377771c78d4c,39,Male,22,30,adult
9cb63a29-a762-4f68-87a2-3f1f6abd195d,21,Male,35,78,young
5f055aa8-6259-41ae-bab6-235057397746,19,Male,48,80,young
f256f336-7666-4da9-b339-f55294bff42d,55,Male,28,93,adult
753ab1eb-268a-42f1-9f7f-e6695c62708f,64,Male,100,32,old
9ca1c5ba-b656-4899-a41a-6e73e2b08f4e,61,Male,186,62,old
16cb82a0-a158-4fc4-a7ea-755ae23614e8,78,Male,26,56,old
2c9321b3-e02a-4441-8614-fda44fdb7fd1,20,Male,118,43,young
3d29a2ff-9191-4d87-b255-ca76f531ac89,51,Male,135,91,adult
532b627c-ada4-4f6c-82ba-da49dba5479d,80,Male,91,70,old
344f052b-d379-4fb1-bd93-0e4539bccbc6,52,Male,82,71,adult
a6e504ba-1640-4ced-90fe-22e6d5bcca19,38,Male,188,51,adult
083c63b2-da8b-4826-8bad-a2f1d989a82c,40,Male,64,2,adult
08b64fc1-b8d3-4dc5-943b-91a5a11367a1,86,Male,33,17,old
c4dd3f58-3f0a-4954-b237-0d4f4377ae58,22,Male,40,51,young
0ce8046b-e06d-4e44-9c21-70713ac68241,35,Male,45,52,adult
e2586eeb-3d51-4f21-9d2a-8dd463c47ed9,84,Male,129,94,old
97e81e1b-1936-4d3d-954a-e20c01b33e5b,42,Male,22,88,adult
fbb27798-6ec7-4936-9ac2-be3b76db8991,72,Male,135,30,old
ff716af2-34ad-416f-8772-b1d3e6e205cb,49,Male,191,58,adult
51c8d860-da86-4414-9b6f-9c1a398c25bd,82,Male,131,23,old
e2bad84c-27cd-4159-b31f-b75e31198891,60,Male,187,91,old
40df2979-5819-4efd-90b7-777e51ea6ec3,72,Male,114,48,old
aab6cf14-2f26-4218-a553-1dfac84576f5,34,Male,38,81,adult
01b30056-c23c-4466-ad59-dabc80bf7608,70,Male,160,52,old
0113127a-f99e-4217-810f-fbfece4d0ae1,37,Male,100,5,adult
680a2a82-b953-4a20-be36-f100f7217d88,23,Male,190,24,young
18ba310a-c41c-44cb-ad1e-9001377a437e,87,Male,32,19,old
b3074ada-7fe2-4609-a425-069d704a864e,58,Male,69,17,adult
e8eb92d8-3f27-4b38-bc68-6fa1c342eab9,67,Male,179,39,old
84afcbb8-b70d-4443-8562-97d84f68a5d6,34,Male,124,56,adult
a1035c53-8c57-4a80-b331-88290699ff17,57,Male,83,12,adult
8e31d442-3889-46b7-85e7-63386b57870a,87,Male,81,69,old
ed05ea41-c94f-4b04-aa5c-3e00d69fcc22,35,Male,149,60,adult
7b6c0e5c-a5c7-4db2-9682-1167f50d54c3,42,Male,189,32,adult
24748cc7-4913-434b-9d28-f24e3cce4c0c,80,Male,171,98,old
ed8b9d25-5e19-479d-92b1-182e6bc7f87a,48,Male,63,39,adult
f8a25661-09cf-4a93-88e0-0d1a15952ba8,58,Male,20,82,adult
5201ebe5-9c8c-44a3-88e4-9b91d7359142,65,Male,82,97,old
13e1035c-3d9f-43be-a148-8914b57bd7c9,22,Male,188,78,young
8eedea05-262c-4309-9047-a7926ced7b81,86,Male,53,84,old
2b87c6e3-9514-4788-b882-652e2f5a38f0,33,Male,154,37,adult
0c3f1f06-76a5-4d8f-a616-affd7d22cee3,54,Male,135,52,adult
4f47d347-803e-46fb-9b7d-ca706303c4f1,65,Male,72,6,old
659fd819-9c9f-4c7a-a4fd-9a1f5ceac22a,35,Male,48,38,adult
51de7156-3420-42e8-881b-a4a1d09b3cfb,26,Male,144,52,young
e32e1916-5ad8-4256-be4c-8a04c879dc8f,41,Male,69,57,adult
2c8fc283-88a5-4c53-86fa-2c3a9575b4f6,52,Male,75,56,adult
c3737be9-6dee-46bb-83ef-ea13f9c473c2,46,Male,100,30,adult
513c468b-6ffc-47ac-a1c0-74178379a337,28,Male,119,87,young
4778940e-6595-4d45-98f2-d59f0038d367,43,Male,106,42,adult
1bdd12ee-d53e-42bf-802c-1f62f3a0271c,70,Male,128,96,old
d90290fe-9851-414b-94f5-c4314f882b75,38,Male,135,2,adult
545004c5-db92-4d9a-ba82-5673868a85b8,60,Male,102,33,old
594cd3e1-3777-4d6d-bee4-4ce851b14e81,33,Male,107,72,adult
7357bfe2-fa87-43b1-9ada-32237e764527,65,Male,114,63,old
d02f2eeb-6d87-47a2-a9ac-d4100caf50b3,23,Male,45,90,young
c3276a54-03e1-43c9-95bb-b3e433aee34f,74,Male,176,62,old
c9bbe3e1-4460-4f97-ac0b-379f479bd74a,78,Male,130,65,old
66a258af-f413-40af-a7e3-27aef4da9f2b,23,Male,80,84,young
cac92066-106e-4900-9ac8-ec84e48604fb,25,Male,49,98,young
a8dcf247-7ad7-4d1b-adf8-439567bd8579,47,Male,135,30,adult
63391829-65c9-4e38-bb06-eae7a5f12fce,45,Male,177,14,adult
dee39490-946a-4261-b652-f6e279343a0f,61,Male,28,90,old
19e80bc2-ea44-47b6-a45b-52f014cc5ba5,70,Male,94,17,old
9a5e96db-bce1-4878-8a11-1f5eb53dd003,61,Male,27,29,old
177f7669-ee66-4763-8a81-8c1a8f1880ef,49,Male,148,22,adult
78d4a320-4a8c-4e41-8040-3e29e51e8a04,47,Male,126,15,adult
e77ce475-6b16-41c0-9110-fdd398550843,73,Male,189,54,old
0d494483-cfe9-4ca4-b5d7-75f302bf5094,38,Male,67,100,adult
4be91476-bd05-4e5d-a315-b4252e486f52,24,Male,96,65,young
a951132f-c2e6-413a-9313-abdb241de7fb,23,Male,136,67,young
5dd29504-4483-4e42-b63d-ed16b2525da2,36,Male,183,71,adult
04a42645-5a10-4d66-8b2b-d49d5e8b8ffb,47,Male,113,35,adult
a3d070c5-ba2a-4ef4-89a9-c8901161cafc,66,Male,105,22,old
f8595492-8279-4d5f-99c3-b418d83fbd2c,62,Male,92,1,old
216a8817-2d28-4cb3-8de7-ba718e7f379e,90,Male,134,88,old
832d9aeb-b992-43e2-92a7-e761b716264c,32,Male,132,76,adult
12724861-dd38-4b7c-a692-21b3d1024994,59,Male,190,21,adult
04cc6edc-8f7c-4817-9eb2-8621edf1cb94,50,Male,100,73,adult
62dc41f3-4952-4d8a-b272-311169a9272f,42,Male,59,54,adult
380ff6fd-857c-43f7-8ebd-b1b482eeb0ec,63,Male,127,84,old
b3a3862e-f56c-4c6b-8c53-ec85a5032003,52,Male,82,19,adult
73bfe821-f101-4a6b-bb4b-17d47061629d,72,Male,78,14,old
2a42f759-172d-49a2-9079-3eec73fd7889,52,Male,80,61,adult
2adde089-dd69-4f54-8790-79dc4e0355c6,38,Male,118,93,adult
5f99583f-79e6-4033-89ff-b035803c2cfa,81,Male,188,37,old
4bedf81e-85fd-4fa7-bab8-ae371891552d,80,Male,95,7,old
7428e26e-4135-46cc-9a45-6be28833ef06,25,Male,200,25,young
ea9c0f4d-43db-41a4-8cf5-4400a1848a04,74,Male,43,90,old
fbd27c4b-a284-4317-b0a9-c84f07dc868b,32,Male,87,23,adult
06157480-77b1-43ff-bcf3-48ea0b6d500a,44,Male,171,99,adult
33f2b5a2-1839-4bff-a72a-34450716c99a,62,Male,180,53,old
3e97f271-111a-487f-9072-7a3649c170c8,55,Male,98,76,adult
3f9a6534-4461-46fb-8ce7-1f779c21f1b5,42,Male,191,23,adult
b78014f9-fe2e-4f13-b124-755a760db0c4,71,Male,180,4,old
0aa209dc-281d-4696-8507-c4aa5c45950e,33,Male,108,75,adult
5fa1fe5b-d6d2-4e17-ac08-d01dbe8dbc46,89,Male,182,82,old
aa29d057-a7d8-4a30-9789-3078daad3e6a,81,Male,153,93,old
fa714433-1a8b-4f16-9196-e62af137079b,51,Male,60,30,adult
b22f28c4-b058-45f1-b60a-01ed873bfbdb,61,Male,178,3,old
dd6a986e-02a9-4627-96a4-b4dbecce7eb9,26,Male,110,100,young
90be5382-dc78-4ed0-bf4c-bb33ce49fe23,75,Male,149,75,old
21f16386-6fc0-4794-a70c-1376256221e1,35,Male,91,54,adult
739a70be-e14f-4eec-a0e7-30e5d71c8245,74,Male,159,14,old
d00c14fa-255e-4fb9-b94a-198abbe75ca5,22,Male,33,67,young
eacc7ae3-4e98-46fc-bbfb-0455b604249a,34,Male,148,43,adult
eae0e35c-5fb3-4b52-bf05-d5f2464ce41e,29,Male,102,27,young
b2943001-b2f6-4d08-bc24-c8b7a7fc23b4,54,Male,82,14,adult
fb9f13ee-bff8-42a5-8b75-da85629c424b,20,Male,116,85,young
67f38c60-166d-4752-8775-f7b682e4a886,28,Male,69,9,young
7bfe0d9a-9ccb-4327-8286-8d691f0c4333,70,Male,179,4,old
dcea9b1d-1568-4792-8ba9-d4d659b28fc1,64,Male,145,77,old
88027cd9-81c8-4610-9afe-61f611ed25b7,64,Male,60,7,old
6335dfe5-36be-4bf4-8872-f9182db76489,50,Male,87,45,adult
055f865c-7a22-4104-8637-553eeaf6a168,25,Male,35,77,young
da34c981-a807-4d40-a414-2082f52fa022,20,Male,83,86,young
b4d8ece8-2429-4955-9417-bd95b6f0a551,48,Male,153,41,adult
7a1315a3-96e1-40a1-a091-1a505914e7dc,69,Male,45,47,old
f3e572a4-723d-44ee-81b2-3e0c389d4474,40,Male,29,90,adult
37c7137f-83e7-4252-b5df-3b55b08b572d,38,Male,70,63,adult
6ccc4fe9-7277-4d9b-ab81-e3754742c873,81,Male,129,54,old
e44756a0-f9b6-42ce-8cdd-f21b3c479826,28,Male,31,74,young
4ca8b323-7139-4136-968e-bbc4f0c5a6be,78,Male,93,6,old
ec9b7846-ec3a-4e20-903f-85fa90e6b2a7,74,Male,196,18,old
dfc7c7bb-fda4-437a-a9af-90961f6edc59,20,Male,145,63,young
caeadaff-981d-42ab-9f5f-de75d31ca0cc,78,Male,100,20,old
823882e0-e97e-4454-9f20-c1de23411d42,24,Male,79,89,young
4ae99568-731e-4242-9c0b-0820dd00f325,44,Male,154,95,adult
38173875-290c-40bc-ab9c-875960496ef7,68,Male,198,17,old
2e364f07-609e-490d-9eda-74225dc8ff54,54,Male,176,23,adult
2f822ce0-f2a0-455e-863b-e5416013e29a,70,Male,168,62,old
1f7fe7f3-66c1-4599-82cd-38a905138c17,24,Male,39,8,young
04a3845f-32ca-4c63-83e3-cb10cb9c4ce6,69,Male,132,13,old
65c0dff9-b51a-4aee-ba0f-a08c940988c5,67,Male,163,22,old
98503845-f957-4967-8f83-cc3a68f8b94f,55,Male,118,72,adult
53df6508-bc11-44c1-905a-5a87f70b8e41,86,Male,83,23,old
035eb050-c0d2-4b29-a3a0-a3450dccdf6f,73,Male,172,29,old
24b13632-4f48-4d87-8b10-83ece1075cef,59,Male,26,56,adult
b1645ca2-d2b9-4730-ae34-1837996c779e,58,Male,54,96,adult
f692caa0-3c50-4c15-8256-fc450201c698,63,Male,169,46,old
64d8cbef-f16d-4f3d-bd41-7715c80f4b1f,30,Male,103,6,adult
24742e29-aab1-43e8-81b9-a57a777e4d0e,54,Male,200,20,adult
529562b9-9925-4e24-9532-3b7fde65d49a,69,Male,180,93,old
d6ad83ba-e1e0-4487-aed9-bbac356be3a1,68,Male,154,81,old
f824fccf-a3b8-4926-85d3-0b0f52eb1be0,70,Male,70,99,old
4a94b5a3-1b38-4035-a287-dfe105ba3dac,83,Male,174,4,old
2e76bfa0-62e7-49b4-8cd3-f8429e7c791f,75,Male,147,67,old
2781731b-c94f-44e3-99a9-712f23c86062,27,Male,182,60,young
cc0179e3-a10c-43be-8bcb-a03419237713,87,Male,82,29,old
19b05fd3-6374-41e9-a98c-f5788bbab610,70,Male,67,76,old
781549a5-22a4-411b-8b5f-ed41e076c3e6,53,Male,50,79,adult
d8e6dea8-0e6c-4946-a359-53d7700ee965,44,Male,141,10,adult
0afcdd2d-cf9f-4ee3-8c42-4606651439bf,83,Male,182,69,old
a2a0abd8-ccfa-4bd5-a7bc-a33d91ece4fc,56,Male,57,99,adult
0646da52-a52a-4eca-864a-48bb601dfb86,54,Male,85,84,adult
a671a472-8a09-441e-98c8-2aba001107e1,47,Male,91,47,adult
a45f8eaa-d635-41bc-9497-a3a44e90b44a,28,Male,179,45,young
3c9d3491-4072-4864-8825-6d09858c6b08,78,Male,181,58,old
8f6d5c3a-d6e0-4605-b260-175b5487d780,64,Male,145,72,old
4b367e6c-5da5-467e-84cc-9e41641d7e04,53,Male,94,4,adult
70094b30-59d1-4aca-b3c6-aa5e0fc0cb2e,76,Male,24,47,old
8a946454-b74b-47a8-9452-bec244b251ff,46,Male,66,60,adult
08137f6a-7a68-4f0f-92c6-aa441fa554e7,79,Male,161,2,old
799719fa-b313-4ef3-8c6c-8a53c064a2a2,46,Male,118,35,adult
3cd729ac-7fbc-42c6-b21a-2770aba8227c,52,Male,21,90,adult
3a3026de-be91-4844-97d9-10b42d363ba6,62,Male,105,83,old
31d41909-5d23-4df5-a4bd-f0a8240a4b10,69,Male,25,28,old
573e9c97-06b7-407e-aa67-d7e439701ec2,43,Male,51,95,adult
79337a8b-1761-48b3-8197-f0009a8440cf,66,Male,169,5,old
a90633ab-b02e-4f03-b2bb-49a035ebc70f,22,Male,136,70,young
a6dd7eab-ecc8-47ac-bdc8-0f31da51b001,84,Male,32,32,old
63338763-b966-4e80-bf76-d71c95a89044,74,Male,72,76,old
82e19237-c649-475c-89a0-30dd8aca303d,68,Male,39,12,old
ee5b870b-e975-4f2f-8d7b-01b2e2dc85b3,53,Male,154,90,adult
49e02689-ad3a-44e3-ab00-952a04d28606,50,Male,29,50,adult
09376097-57c7-4db5-b4be-61c60d1043f3,52,Male,93,99,adult
c6bb6ceb-9371-4020-80ad-a99b16415fde,85,Male,195,11,old
b4d76321-d559-4702-b803-5f82f37bb0f3,53,Male,39,13,adult
1d613499-b283-48a7-9f9e-f5eb9ba90289,64,Male,70,10,old
e150a58f-4b33-42f4-99ce-6c12c6212b86,26,Male,200,84,young
a90f9557-1009-4c95-b39b-bf42b9a6d631,75,Male,182,62,old
9209c9c9-3fbb-40d0-b875-4d13d5300718,80,Male,195,86,old
957bfed9-e20f-4bac-915f-9be7d06bb1c6,47,Male,155,18,adult
0787f9c3-a7d5-40a4-9094-ac4e2e66c5e8,59,Male,187,7,adult
5fb1b242-5f90-404f-8bc4-91503dca5078,83,Male,131,11,old
8259f501-f6ff-4f25-9831-6e8267d823ff,27,Male,181,24,young
e578a758-b02c-48d3-84d9-206109a3ee77,30,Male,23,62,adult
7c620215-9f8e-4441-b065-eede4ae96b77,72,Male,70,100,old
13d7f740-fdad-436d-b2b6-a7aa05ecffd4,19,Male,160,6,young
9423eaa7-a63b-40e9-a517-53ccfc8b50bb,34,Male,155,72,adult
f44b9e07-5875-47aa-b9b9-9a90d32727cb,56,Male,123,57,adult
91b6c49e-28bc-4a68-9981-6323073e6b22,38,Male,185,33,adult
ca98e81b-9a7b-4fbe-a292-f0f298931b54,52,Male,116,65,adult
43db411b-1164-478c-ac13-cf8b035eee47,20,Male,143,67,young
3e31848e-e64f-4113-9b64-a02bbc5c7c70,46,Male,86,81,adult
a37787a7-4f33-4c3d-85c5-5620fb313dc8,80,Male,183,86,old
b39c8474-794a-49ef-8b3b-ba32751d93ca,81,Male,93,88,old
c29acd06-a92e-484c-b378-9c974766e275,90,Male,186,80,old
d26da234-0c9d-4b79-99fe-83717bb021a7,58,Male,25,6,adult
4b62fd66-6bcd-41d2-a001-9ada4f401d5a,89,Male,106,73,old
ce492113-78c5-41d7-948f-5efa9254330c,73,Male,86,55,old
93bfd597-a9e7-435a-9aaa-216877f05045,65,Male,26,39,old
ec1fe9d8-3a91-41f7-b275-8352e215c462,41,Male,65,83,adult
ae4a46b5-ca63-4e4b-a7e4-33ce433688c4,31,Male,144,95,adult
3c11f477-de6b-4311-b71c-ae74025129bc,55,Male,61,49,adult
c1fb5417-4ecf-4f6a-a1c2-e3306b0307ff,30,Male,21,28,adult
a6d40558-58f8-4977-aa6b-20f43bcd6dfa,47,Male,99,41,adult
a71c32e3-54fc-4a95-86d9-c5414c806701,83,Male,78,44,old
0a93bb17-0693-4fe7-bfdd-d4948702b07c,88,Male,62,52,old
8dbe7d2c-bab6-4e76-a617-7bbb0ddb2db9,58,Male,171,23,adult
ce0c8beb-698a-468c-99d4-2099c40b087d,54,Male,132,34,adult
14ed5943-e856-48a8-9ae6-f66d0fcbeaba,64,Male,97,17,old
874b3797-be1a-4934-9c33-73665c05c8eb,18,Male,46,12,young
9d827cb0-8d1e-4fcc-8ac7-dcb05b918fb2,38,Male,59,46,adult
6f42528b-139f-4d92-a64e-3f66bee19318,65,Male,50,88,old
3c057dd6-8a4e-4edb-908a-9468f7be5dfd,78,Male,116,13,old
76ca6d55-11d5-4c0e-865b-61c52ff65604,77,Male,121,81,old
968d6480-2b55-409e-b50e-8421673456df,38,Male,55,94,adult
2dbc0e17-0b9e-4179-9b05-24d87144d64e,86,Male,161,46,old
02995e58-17a4-4322-9543-55e70c79a29f,62,Male,87,5,old
9c96d8f4-ca6e-4ef6-993c-cee7b272b65c,56,Male,87,16,adult
19199b7f-6397-4d15-8094-d2a1160b13ce,90,Male,114,58,old
9bbc3b79-b96b-4a26-9ffe-ed0342e9a61c,46,Male,45,55,adult
4066347c-8a31-4547-81da-cdc79d107158,24,Male,83,51,young
8092ab8c-6ab7-4ccc-8beb-113af3dbacb3,63,Male,74,26,old
d24e85fe-8570-49de-aa60-5b6313a841bf,47,Male,151,59,adult
8f810406-9d28-4e3e-8552-beb130e0d7d0,59,Male,183,66,adult
da938cb0-68fa-4157-9c76-8612929a7110,80,Male,165,4,old
3aa2e244-b176-4a74-a0f6-8fc804af346a,32,Male,174,10,adult
973305c2-92a9-4338-8658-72f0fa94f651,51,Male,38,6,adult
e8ec5d9d-ef30-4f96-8aa9-f1d3db9a31fc,55,Male,159,26,adult
d956e701-905a-476b-a18b-77026b1560d7,19,Male,38,28,young
c8bf523b-f1e8-4aa3-9701-4475c66dbf9d,84,Male,181,1,old
9d0702ab-5496-4a84-ba57-f600bc8f6bfa,81,Male,50,12,old
ca8800d0-573f-4bf1-a7e3-4ff834020256,63,Male,32,80,old
46602d03-79c9-4ae9-b1ca-6df6b6a3ee40,58,Male,187,80,adult
c0038869-8826-471c-9c90-59de1544e463,87,Male,61,15,old
0b59dae9-1f06-49a9-b058-a370b55de7d3,71,Male,122,40,old
d02d8b56-a446-46be-b725-2a018b10c8c1,57,Male,119,67,adult
07221147-86b0-4a1c-885b-e3e8b326540a,55,Male,83,73,adult
669c826e-1e53-412f-aba0-57c4ad2ba997,58,Male,52,11,adult
4f713fb3-0218-41da-b3d7-d2ee0de880b7,88,Male,151,87,old
07136fae-6b6e-4411-b840-8a4972c38767,24,Male,50,19,young
711f7a2f-6f14-4248-8e95-fb04513f1c36,36,Male,106,37,adult
c76ff56d-b8a1-4a14-9148-cfc5de7cca49,58,Male,122,17,adult
5a6d9f99-45a9-48e2-b237-5a3bd68de3b0,60,Male,52,97,old
4dc34ed3-e301-4b85-86ef-bcdeecfd6c66,46,Male,101,83,adult
fe8170f6-0806-4446-8774-f71c983fd23d,35,Male,96,19,adult
18275df8-57d7-43af-ada5-000fe49f5593,82,Male,51,26,old
cb91495f-b2a3-4203-a26f-0391ac38e1cf,29,Male,56,11,young
50dcf59e-63f9-4ff8-b828-bd5712e16c9b,83,Male,31,18,old
90901571-323d-49d0-b703-12a3cb0ec562,63,Male,22,93,old
f6d186bf-c8bf-4ade-bc47-7048ca574e86,79,Male,114,81,old
e22b747b-76c6-4025-8a9a-a81ff7ce9d20,69,Male,143,73,old
f29ea683-be48-48dc-9f9b-d2dc9a5b716b,23,Male,155,68,young
710aa98e-c000-46e3-970f-4a28354012d1,87,Male,113,58,old
2fdf220f-1ce2-4e67-a216-f3b38f797854,75,Male,79,11,old
a428f319-8c1d-437f-b67e-958558dd41ed,26,Male,191,18,young
43795b2a-73e1-48bd-8a4d-00db26af8275,57,Male,74,59,adult
251a2f10-d57f-448c-b666-b8769ccab6dc,47,Male,152,98,adult
80e667f8-9913-47b8-8ffc-41ee93006b16,55,Male,175,8,adult
b10b0d2f-abb3-4eb5-8906-b6a41d257b70,74,Male,23,61,old
0e7757cb-4157-4d11-987d-e8867d1cfe65,35,Male,44,10,adult
15e1899f-a5e7-4c37-b3ee-f678df2d3423,53,Male,76,22,adult
c3194028-aff1-4ad1-a09e-c70fdcf27055,28,Male,196,79,young
b002b27a-3edf-4154-be89-895de9932932,82,Male,159,86,old
081c4362-1d6c-4093-bb2f-a079b55a8987,44,Male,142,72,adult
c5a92c65-2451-4c4c-b10c-2bee4d3174f9,86,Male,149,86,old
1fc8c15c-63df-41b6-b4a2-14971e3103ea,22,Male,42,94,young
3d3e96e4-343f-4355-96ab-2c9418ac8403,79,Male,145,98,old
f1510e0c-024c-4e89-88f7-f6ec71ed4655,40,Male,174,9,adult
a2491fab-9763-428a-95c7-e67a2dd00855,84,Male,71,93,old
74a6c8d0-a282-4078-acf5-28b71cd39fde,23,Male,160,68,young
bc4245c0-640f-40f6-9f1c-76f6c460a98d,62,Male,99,26,old
ae41f799-4398-4d5a-920a-1f146c77c945,85,Male,99,38,old
e567c26b-d0f8-486a-a6d9-efe828674c0c,32,Male,96,10,adult
046f691d-3249-42b3-845c-9700733674bb,61,Male,62,80,old
274979f7-31ca-42f6-a6f5-5471dee2a6b7,20,Male,169,81,young
5b759407-9a13-41fd-9010-8e883cace412,32,Male,199,94,adult
aa41756d-3fd0-4091-94bd-35b35ab2870b,42,Male,77,84,adult
ca398376-3bab-49b1-91c7-035dd834ba62,37,Male,34,86,adult
bee3d212-1182-42e5-a366-89f19ebe368c,78,Male,64,95,old
4c58aeb3-a163-4414-b180-571a235460a8,40,Male,129,8,adult
682a8948-35fa-4691-aed8-4205d3b379b5,44,Male,179,97,adult
aacb874f-96ed-40ef-83b5-52b80b92f796,27,Male,99,97,young
d125cfa4-d5f9-4cc9-ad5c-81f8dafdb404,78,Male,31,8,old
a7c8289a-211a-47a8-8302-2646fd53bc7a,50,Male,52,59,adult
9e9bb707-09e8-48b5-acc7-8e9686d8cf19,66,Male,26,40,old
cc923c8a-9386-4685-9a99-63edf4d9cbc0,84,Male,39,80,old
3f666b0e-d42a-4c17-b50a-e8962aa21f4b,67,Male,143,5,old
3e62620e-f9ec-40aa-a073-17b3f7be42a7,34,Male,20,45,adult
9979b54d-9050-4422-98ab-7204c9c3040b,32,Male,132,63,adult
360a8445-00f4-4cf1-8681-3a71a363b3d2,30,Male,135,56,adult
697ba732-ddbd-4e94-9b60-1d98a876d2d0,45,Male,81,66,adult
dd104e73-53de-4dfb-a3ee-b390a49a101e,80,Male,52,30,old
baca7714-6a9b-4280-b4f9-5a14a6198979,19,Male,34,37,young
2d2d4c95-50d4-4c77-9f6d-1b5bb3020341,33,Male,84,6,adult
8f5a4653-1293-4611-9425-d9b3eb036153,88,Male,51,80,old
becc2c6f-719c-459d-9dd9-c30fc8cb09d7,55,Male,168,53,adult
df0af79d-2c44-42dc-9552-e2a56e12b508,89,Male,112,3,old
5b8c991c-59ed-48a7-a031-00a476f531d2,73,Male,156,20,old
25e2aacf-f07f-468f-aa00-51aac042721e,52,Male,34,71,adult
440740b3-46ef-4b85-8212-dc3da2603b58,54,Male,23,77,adult
49c63ae0-0389-4a12-94c6-e13884a6353a,47,Male,178,39,adult
08492599-2adc-4137-954f-58f2c0f3331e,24,Male,22,98,young
11d8b566-2cad-4bea-83be-fd53d109edd4,48,Male,72,14,adult
167ac54c-6ae5-415e-a3d2-7c5156fb5a33,28,Male,90,30,young
4afab6b7-78b7-4108-84c1-0f5d9489eecc,51,Male,33,24,adult
3364562d-cc91-4412-aae3-8bd4a2f672f3,87,Male,144,52,old
7fb99190-61c5-4157-a3a2-81aeffba8929,72,Male,88,47,old
930f3e73-23c8-4a2b-81bd-14214a391817,75,Male,103,6,old
0d97f250-1bfb-4b90-a3ff-c0c18abc72f6,45,Male,33,24,adult
630afd01-fef3-4b01-afd9-ddcfc2a00346,27,Male,45,84,young
d4643eaf-78cd-47ca-8dc1-6d7352e5ce6b,71,Male,34,20,old
b4f04e2f-9cfe-477d-9dfb-d449420fe6be,51,Male,56,7,adult
5d6db90b-7266-4480-a2ee-4397e3f69bd9,72,Male,50,100,old
96a6d8d1-f6b5-4442-82b2-8a36f1bf362d,70,Male,102,21,old
0f7f436e-e2fa-4b4f-84b5-f41af99b3d6a,68,Male,150,36,old
9d6eae80-d087-4788-b550-e06370019f07,31,Male,110,8,adult
7e6b6089-2674-4103-af18-d66e96cda3ca,37,Male,73,39,adult
880c5332-f42c-4ac0-ac79-4f24cddc739f,37,Male,146,83,adult
9b8d9ade-cb58-4c53-993b-c9ccecb2fa26,58,Male,42,48,adult
143245e4-98fc-4b25-a956-47e92b9e96da,24,Male,82,82,young
c97c79fc-a08f-4070-aa0a-763e5468cc4e,24,Male,111,40,young
b8fa21a6-b6d4-4d1d-bd4e-77371b06868a,78,Male,29,46,old
1ffd9ccc-5eff-491b-9d0f-f6f196089b37,55,Male,153,93,adult
6495cc4d-01bb-49bb-870a-d0581b6d60db,35,Male,200,55,adult
80dae463-6989-4fe8-a570-978491608a52,50,Male,144,49,adult
ee76edb0-0b13-44ca-9c12-c67e8c92f7ca,27,Male,180,85,young
b2c6289b-78d8-4821-8dae-9f162d7f6545,24,Male,32,78,young
a91577d8-a61c-450b-a0f7-59aef01b3ee3,26,Male,161,64,young
4932920e-f615-4ba7-8235-1b858ac93667,27,Male,161,91,young
b830db27-56ae-4601-b197-1717363d6664,71,Male,168,22,old
adf1179d-9ce7-4025-b1d2-1f03d3543a49,63,Male,145,59,old
4b6a1f70-8e67-4677-bb9a-976c5304fc48,29,Male,69,56,young
9386b6f1-7330-40d7-bc96-3046cabb228d,72,Male,40,72,old
160fce68-d077-4c4a-941d-1ebef7c4de5d,47,Male,65,52,adult
48bbff5a-34ac-4426-979f-c55af2313d5e,70,Male,33,57,old
303f5480-98ce-41fd-bb94-1250da30564e,18,Male,50,12,young
3ee322cc-35eb-48c9-970a-11116444caeb,43,Male,170,68,adult
024f431e-a51c-4dee-9e07-670e9f8332f0,37,Male,41,34,adult
790d893a-6559-4458-a511-44f0f605a067,22,Male,194,9,young
06923fa0-1d69-4265-8bda-10a701ee1bd2,85,Male,116,89,old
44983f4a-1733-4943-994d-2da2aca314e3,24,Male,128,97,young
6be74d72-8540-493d-9934-9680089cfa10,87,Male,50,78,old
62019488-026c-4173-a094-382786ed9f2e,88,Male,128,18,old
ea48c56c-4ee3-4fd9-9df6-b5b8a63ca0f3,86,Male,118,28,old
bd0345b9-3e86-4710-ab85-003c7ebbe661,64,Male,29,50,old
723e91b2-6858-44cb-979f-d37ce9ed7297,79,Male,170,5,old
922e02ef-1d79-47de-bc7e-49e415b2358c,61,Male,157,5,old
f461886d-569e-4000-b348-34111163cfe3,66,Male,29,7,old
c9a1ffb7-3766-49df-af5a-e0f149f289df,41,Male,101,12,adult
5792e091-d9b7-470d-ac3f-2fc4ac090ea9,20,Male,41,47,young
811df947-7cfa-4d8f-9c4d-22be4022de9a,79,Male,44,55,old
6a9ed1ef-bb0d-4e75-9971-6b2545ba4640,21,Male,114,59,young
6a58e0ee-76e9-47f2-8b47-860f36d7aced,65,Male,110,49,old
cd82be43-c588-456d-8946-9f152ccd76ad,76,Male,89,73,old
c3ef2ec5-160f-4bbc-950c-d318e0ca67d1,55,Male,144,5,adult
8893ac77-26e6-4152-bd45-4fc8737eb45c,81,Male,177,99,old
4a1e036a-08c0-44b3-8c87-0150d77dcaa3,41,Male,107,20,adult
a4dd2b4d-9c51-428b-bc6e-1328ab538176,49,Male,175,68,adult
379cd2ed-b2f7-4ed3-a41f-3daeacbaab1c,52,Male,33,61,adult
8d7dc8ea-35e0-49c4-980a-66b9a2ed1931,35,Male,40,13,adult
5c8b3ec1-ab2b-4df4-9121-6174dba94751,36,Male,75,72,adult
f916a495-3942-4fed-bcee-14aea3950755,78,Male,134,10,old
f7faa867-e443-4849-b683-666e5f19b0a1,54,Male,105,67,adult
20835be2-0cc7-4c71-8dc8-e4caf5f52f45,83,Male,193,7,old
c83ba410-fd82-4e7c-a6a1-58c3b83dd2f2,63,Male,192,13,old
6109cbfd-52a7-4913-8cf0-f275f8afc9fb,54,Male,79,13,adult
99e5032e-d27b-466c-8aac-6f1df0daee87,25,Male,78,72,young
f35a638f-8165-48a8-9324-91429e530e74,78,Male,152,82,old
137170db-321a-4e50-b792-5e7e14db0fe0,36,Male,64,17,adult
15187078-1816-45e2-8cd2-0db2f4f66953,66,Male,67,100,old
b65135a7-1465-4eb8-a9ea-c4e26a243b14,21,Male,51,5,young
30ff52ee-57e4-46f6-9e4c-3c8b891baa86,74,Male,56,23,old
bedb58bc-eb2b-4a25-ac51-dbb80f31bf96,67,Male,160,37,old
2fa9281a-a8a5-45b6-9dcc-2ed6b5de6aba,32,Male,56,34,adult
c5e18644-8273-4de2-8764-18e75eb311bc,64,Male,148,92,old
c12b4a6d-2853-4f7c-86a1-95acb4414c51,82,Male,24,32,old
6c0d9872-d11d-4f84-92c4-333057917f83,40,Male,151,49,adult
acabd04e-5285-4b97-8757-6554c5b3efcb,59,Male,65,5,adult
5163706f-895a-4b1f-9e26-6e3961cb0ef9,72,Male,62,15,old
4dd10f75-f9e1-452e-9cea-8d79e1eefe41,32,Male,116,16,adult
e05f6d28-c9c7-42ea-9191-a1d31cf73e6b,34,Male,40,11,adult
e4e61de6-65ed-48cf-b19a-6460da381e56,86,Male,102,100,old
f98bf8d4-750f-462c-9ecb-5472f7561898,87,Male,58,19,old
d6d4428e-4ee9-45ac-a725-512c7ada4296,28,Male,131,61,young
c4804878-5d9a-4404-aa6e-e5d459da41c8,76,Male,153,2,old
1ca7bf3d-7973-4ca5-a2c2-109c12fcb64a,21,Male,22,52,young
3697ed50-8d2f-405c-96d2-9758eb3cf418,77,Male,94,91,old
b4bd1637-7077-429b-a9fd-b8d8aa452ed5,48,Male,41,36,adult
a83851fb-17af-43fe-a782-abcdb584a037,26,Male,60,66,young
8466af73-a02f-4383-991d-ef9f52799cac,22,Male,199,30,young
b1af3e32-7e27-4588-968e-e36a443372d6,37,Male,132,52,adult
a8baffca-64a7-4e91-ae28-5884864ba500,49,Male,37,89,adult
e52c982f-26b4-48e7-9f78-638cd9f6ae4d,19,Male,51,94,young
1cce327e-79c2-4ab3-9e98-69392a4e4d66,53,Male,107,77,adult
1d6e2dac-52c7-4a0d-aefd-22ee64f807e2,20,Male,183,38,young
6016df08-c36e-4acb-b275-a18471341d9d,68,Male,140,2,old
c4b13937-bc01-4162-b240-6d54ba827da2,79,Male,189,13,old
29be0d9a-7ba4-4c20-b5f8-6c3e30736fd7,69,Male,95,25,old
4d8ed47b-f48e-4bca-9e09-ffbe816deebb,30,Male,112,21,adult
cb186d7f-a766-4bab-9680-c754299a594c,41,Male,23,93,adult
8ebd6bd8-1086-4cb9-915b-f77bbe3977d8,44,Male,26,82,adult
35946481-a551-40f8-be88-c660c975a483,37,Male,147,60,adult
fd1188be-42c1-46a4-acbf-7b2232a5f6db,37,Male,102,15,adult
e87df5d4-923f-4aca-b206-93309250160d,35,Male,186,85,adult
813b3194-ee51-4e60-947f-f6884ef0110f,62,Male,21,61,old
0fb52b55-ff47-4055-864e-d707ac144583,84,Male,147,7,old
82a22e33-ad01-4ca1-8b4c-8ee8812a1700,90,Male,91,67,old
079e8b3c-ae88-418e-90a0-50dfe91237fa,53,Male,141,45,adult
258f95b9-6944-4ffe-89a5-25015a69d4e2,29,Male,60,94,young
63eb45fa-8a11-42c8-a85e-d871ea846bd1,89,Male,103,84,old
5d8737c4-c63d-45cf-a01e-fe1d879798af,36,Male,25,76,adult
76d25977-a3db-4804-ab9c-6dd720df0b20,48,Male,96,32,adult
d1a94658-f688-4003-aeef-2a58ea90d665,59,Male,117,63,adult
24bf5e13-878e-4bb3-aba2-41402cd4a5c7,52,Male,54,43,adult
7ea3c354-86d4-4547-8415-6bfc5343eb10,23,Male,159,53,young
6b0f8916-973b-40e7-81a4-71cf9446e374,69,Male,158,79,old
cd6dbe46-95e4-4d42-abb9-ab9e05a04dd7,64,Male,185,54,old
a22b39b3-aafd-40f8-a85d-65caac50c2e5,62,Male,148,88,old
1ec9446c-9e43-4732-b8d9-43e0d29480ab,27,Male,159,72,young
876af573-2813-4aec-a7d5-4bc28cd5d9b3,77,Male,133,67,old
862b03b4-df8a-470e-a4f0-0c3ae121255b,61,Male,95,25,old
7aabc30e-0df0-4a19-85ec-0190a9583f89,35,Male,132,97,adult
55274a44-5379-4ef1-856d-474ee20149ba,40,Male,25,23,adult
3767a151-4675-4701-ad84-a81e2aee0d5c,72,Male,173,34,old
43a02cca-33b6-4da2-9032-70aa575c56d4,67,Male,44,56,old
67a18d6b-a8f6-4622-9d79-00921020b015,67,Male,192,22,old
c630f1d7-a1b1-448d-88c7-9deaeb129d96,76,Male,59,76,old
65cfaf70-4d87-4864-8594-75c7a8ca6ad7,89,Male,80,84,old
c2f6b982-3654-4921-857d-3d00d9100455,60,Male,102,85,old
4cc74728-61b2-4b16-adc2-a88dd08f73c2,30,Male,200,51,adult
9ea411e4-2435-487e-8ac0-49d73c8bd00e,33,Male,169,3,adult
7d2a69ff-396d-4745-a1b0-3313d48cac1f,81,Male,169,15,old
ea825924-7398-4efe-9193-93ca0e1dbe6b,38,Male,75,46,adult
167a6331-ddea-4faf-b5aa-ff263e7ed7c6,90,Male,162,11,old
cc6c5659-37b8-4249-8a5f-f852883a79da,72,Male,53,20,old
1215aa54-d838-4d63-8007-bce5e9e036be,30,Male,53,87,adult
8ed8ad57-9a18-40d2-98a9-b68f4990a3a4,68,Male,185,23,old
98735baf-b5ac-4bfd-9e69-57cbe702a4bc,59,Male,149,39,adult
5782bcd5-9072-4612-927b-e828a5ff1803,69,Male,102,89,old
4d2beb85-78bf-47f2-ae75-69c219931fe0,61,Male,76,70,old
8802a51e-96c7-481a-ac40-b33593442b6b,88,Male,150,74,old
07af291d-5d0c-475d-9456-660a9e0af33d,44,Male,105,23,adult
90ebc383-03dc-4bff-b71d-9a42c9d2260f,88,Male,95,60,old
cb42aa55-85aa-440e-999c-953ffb2e6496,67,Male,129,72,old
05254ed8-c056-41f7-b1b5-0e7b796b0f5f,59,Male,125,99,adult
96a8f4c5-010c-4bd4-b10d-f548e32c1969,30,Male,93,13,adult
c9c00284-aeb3-4948-b2e7-13077d0c62de,32,Male,179,100,adult
115d8804-e4d9-4a8e-9178-345d506bbf6f,42,Male,178,94,adult
75e3629d-21da-428c-9992-2d8146efde62,47,Male,101,37,adult
a445cc45-0b0d-4d1e-837c-c86a84538a32,85,Male,61,63,old
cdef49e5-b583-4c59-8a23-77f05d31f37e,42,Male,34,76,adult
324fed2c-8661-4806-b188-d256eae922b1,61,Male,196,55,old
702fbc03-cf68-46f4-a60b-d17909703e96,42,Male,150,84,adult
eee6b24f-2c10-4f3d-91d7-edaf2541dfbd,51,Male,125,54,adult
ee99553e-87ef-49ff-b581-3ee92dbb6c82,34,Male,65,22,adult
08fedeaa-d5ae-4a93-8d7b-a140caaa54f8,66,Male,23,49,old
fcc7f2dc-df59-4e03-9417-21ad4cfa7ba3,72,Male,154,38,old
8f5a4cc7-53ea-4c3a-ac1c-463cbbd44f0f,33,Male,38,36,adult
f1c01d62-f81b-4b81-88c6-1401c96bf18f,57,Male,157,79,adult
128a687f-0a75-479f-9ea3-4d895edaac00,42,Male,175,63,adult
38e3dcbd-6282-4e44-b2d4-69aceec87f35,25,Male,35,80,young
9d770b84-f037-4029-afad-5039eab82409,19,Male,116,59,young
69a57de4-e3ca-41a1-8a16-5aff2c6dccc9,43,Male,86,29,adult
0b9a82b0-42ce-464c-a661-4f3850436727,21,Male,115,14,young
c163a562-ac1c-4f25-9e4b-adadc476a224,63,Male,122,87,old
4d84cc02-df8a-46f2-a3b3-b25da7f602e1,85,Male,37,86,old
e5d8c1b8-d1e3-4f28-ad58-c37921f3c02d,79,Male,133,80,old
f9a8d028-87f4-4f38-a04f-943120f9d9e9,62,Male,63,48,old
78beb8fc-941f-49c3-8f5d-7a23e466c2fc,56,Male,151,1,adult
82f59e51-e58e-41a9-bb9a-7bf221840943,50,Male,60,81,adult
e054028b-32bb-4e0c-9dba-094fff4b9261,44,Male,57,50,adult
44923756-42ad-4022-ba41-2104dc990701,85,Male,127,33,old
15139dd4-a628-4a20-811c-e766c46c454c,40,Male,192,50,adult
97a1fa0e-8cf0-42ae-9115-a255e4ec53f3,83,Male,28,38,old
2d1ecc64-429f-4d9b-806a-6ac48892cd64,36,Male,93,92,adult
95793ae0-91db-4cdd-bf6a-dfb505c839bb,69,Male,143,5,old
2096d9d9-cf74-4b6c-889d-a8c022eef7d1,86,Male,166,36,old
64578db2-3efb-4d2f-b17e-28dbf6df1fcb,48,Male,187,72,adult
884c39d1-9418-4442-b426-55322921aab7,71,Male,109,33,old
e1876a17-c88a-47bf-9783-ddf330eefcc5,28,Male,142,27,young
cb0d127a-773e-46dd-be3d-02838f4bfbaa,34,Male,72,21,adult
a95a2082-9ff4-4a40-8793-e54cc6746dd9,58,Male,30,75,adult
32a0819b-a690-4e84-a2f0-25235b1c10c5,40,Male,149,70,adult
97ef76a5-9935-4948-a3b3-8056d9fb55a3,83,Male,34,45,old
c2b71531-a131-463a-90a5-3191c1e7450c,68,Male,71,36,old
84d746f5-93d2-4582-a1a1-106833c3b2be,69,Male,136,80,old
91668075-e372-48ca-994e-084dfdfd6c34,38,Male,89,60,adult
a24db02e-b250-4eba-9a37-fb687c759883,89,Male,139,95,old
f124704b-b41f-4c60-81b2-6f0b31759a22,57,Male,76,93,adult
3949523f-ef7f-43c2-81cf-0312f57474a4,47,Male,56,98,adult
c54798ee-c72f-48b6-b56c-bea73e10ee9a,18,Male,101,45,young
c5e3d517-0036-4839-8c76-3dbfbd0e84a9,33,Male,76,35,adult
e836b2fd-9213-452e-ba2e-8b77a07c813c,27,Male,146,15,young
f0c31f74-bf5b-420c-8a63-e0c19986ea9c,50,Male,159,3,adult
6ac66f49-532d-401e-aeec-5a983c84f6a8,42,Male,181,5,adult
c096d19a-39e9-4647-83f7-ad86e1807409,87,Male,109,6,old
60835f02-5104-4ffb-bc05-2a05f7023205,23,Male,50,50,young
c64cfec4-f316-4ceb-afec-7a5450d34233,44,Male,78,12,adult
f3dc163e-42fc-4c22-959b-3da77697a53f,22,Male,160,71,young
73534234-b335-4483-b452-3fe11f7da4a3,45,Male,125,69,adult
9f056792-ca2a-499b-bdad-cd1a07cdff93,71,Male,100,47,old
96f3be16-3576-4144-9aaf-9144f2e94d06,84,Male,184,69,old
03c731be-9b0d-4fc6-8faa-81eae80d1f8c,26,Male,22,96,young
dfd2b1e1-a1a0-43e1-9f19-b68506899190,71,Male,166,77,old
277e389c-7e14-4a94-bcca-3cda15f8d9e0,75,Male,129,70,old
b32839e9-fbc3-4613-b8c5-fba707c55545,39,Male,30,65,adult
6453ae4d-5554-4051-8f78-6b04b795c394,78,Male,86,17,old
49581d6b-09cc-4964-ac73-0993dd4334bf,84,Male,35,8,old
2d581649-fa69-4c98-8b19-9ad692b54f0f,78,Male,126,99,old
42f43c10-f015-4902-a52a-723e824cda22,18,Male,71,7,young
3926cce5-462d-43d7-a6eb-9a8caee0b507,82,Male,182,47,old
f2b4b3de-aa1e-4617-805d-36113baa6da2,72,Male,197,54,old
6b946657-fb1c-4a5a-aab4-53493c0f799b,57,Male,45,58,adult
ddfdfb6e-af13-447f-8d64-8289b130840c,39,Male,57,66,adult
e9c211ee-d95e-4d22-895c-077d4391ff01,70,Male,104,28,old
1077e439-064a-4a3e-8711-5fdc2ebf226c,19,Male,122,36,young
13f32015-847e-40d6-9e87-00801cbd7d9a,25,Male,198,3,young
5cd8ca04-adcf-44bc-a7ba-dd55223d3037,36,Male,43,36,adult
7d8a634c-ea52-45f7-a357-78d58d083178,31,Male,130,17,adult
14646cce-15e7-42aa-818d-3244f5585c4a,69,Male,151,76,old
88f05d01-f69b-4b36-88d6-ea7883d80230,88,Male,39,48,old
653bc000-046d-4635-af59-5356354af088,68,Male,116,97,old
269ca764-6e36-4cbc-9f1f-a823f9f48fe6,79,Male,171,91,old
c352b297-78ef-4ed2-afa7-82d04fa29721,27,Male,22,77,young
919c0d56-c85e-4c4c-9851-13e3976b74f2,79,Male,181,81,old
d32a5ff7-1a9d-411e-8679-6d573293f9e4,47,Male,44,73,adult
b36c770c-49fb-4038-b20b-c21cfb1f5b35,25,Male,146,79,young
3fe43561-5496-47ef-838a-4f25fe66f4ff,37,Male,149,69,adult
b3c6fe42-46b9-4de6-83bb-fa6e9d3eab48,85,Male,197,3,old
825dc0e8-4311-4f10-9df3-72cde46f7b48,21,Male,45,55,young
4be90558-ce3c-4978-b454-c54223ca5c68,66,Male,27,10,old
0f8b7765-853e-47dd-99c1-651008326cf6,18,Male,179,86,young
77764ea5-742e-43db-9a31-b7aed6bc9556,39,Male,109,78,adult
6ca4d5b6-922e-4179-aed6-04025cf50a9e,60,Male,128,65,old
36e49b9a-8915-490a-bcd4-921cb9522388,74,Male,139,60,old
f5219765-9c25-41ce-bfbf-2683d4338da0,21,Male,47,1,young
ad826641-30a7-448c-b229-fdfc0a4821b8,34,Male,87,93,adult
048d3f79-4450-4e94-9007-60e65e471db4,49,Male,64,24,adult
76e56e43-fe44-4905-a292-faca30076af6,44,Male,173,81,adult
2d2ed15a-a8d6-4a9c-86f8-44152defd2ac,55,Male,123,99,adult
b6ad2971-2958-48c6-9bed-97167ba25913,49,Male,163,28,adult
41ce09d2-f8d6-432f-96be-ce5900cfcc18,19,Male,28,23,young
6d0500b3-a200-4172-b8ee-bb820f15479e,86,Male,56,56,old
22e96ae6-21c6-4520-b5e7-a1c1ce147804,84,Male,106,47,old
473f9db0-a312-4e87-8e87-07457dc2d438,40,Male,184,99,adult
7a9df5c5-dfe1-46e8-aefd-74a742ae0bea,18,Male,174,4,young
627a9dcd-11cd-4b6d-bdd0-7ae0b40a38d0,70,Male,132,82,old
ff20c781-6569-47f2-96fe-a7fce115a5b1,86,Male,103,21,old
d254e302-089e-4962-9197-99620e75b7de,20,Male,23,81,young
21d74cb5-305d-45dd-a795-acae99dcf0eb,72,Male,90,12,old
b1396fb2-5658-4dda-a5ca-1b6abc1ed31b,74,Male,146,77,old
9812955f-4eb9-4db3-b084-4ffcdfafce4e,57,Male,149,53,adult
096a3341-1b4b-403c-9e98-aefd159a0878,33,Male,90,71,adult
cbaf744c-cec8-44cc-8f18-113f501a7b30,75,Male,64,69,old
209fc8c0-7321-4a76-90b8-ab3073ce4ccc,86,Male,190,46,old
1fbaff98-4a23-44c7-887c-468630526df5,59,Male,84,8,adult
248a0d5a-6905-412b-8fd5-07a94e008b61,25,Male,46,64,young
7c561f73-a826-455d-a7a7-abc918de2bb1,22,Male,151,71,young
b9f729d4-893a-4ff8-afc7-cbf16ec7b14e,46,Male,180,62,adult
505844d2-ffbd-45c0-b122-ce9a29105c79,62,Male,58,66,old
65de8371-2f75-428c-b92e-4ff58942d3f2,53,Male,175,54,adult
2d05b018-616e-4ca3-ae4c-c8d7f95439d5,40,Male,156,48,adult
a8025580-60f7-4b24-87ec-7c82a67b0900,49,Male,28,23,adult
4ddb1da0-cf29-4876-a6e3-cfd4940815a8,29,Male,43,51,young
cf0609fb-ac3a-4917-9f23-5525d62da52c,85,Male,61,78,old
fafd8592-b72f-4339-be0a-a749acea2e02,80,Male,88,39,old
302315ef-c907-4235-b375-798a6ea049cb,35,Male,71,79,adult
ef34f9f7-538a-4630-b5aa-696feb90de32,65,Male,106,13,old
fa06f740-50f0-4418-884d-7c9d64a1e090,83,Male,180,32,old
5dfb45be-3022-4e8e-a7d1-ad1fce602550,87,Male,99,11,old
7f05b791-00ca-45ab-9e78-a6306935ec8c,39,Male,157,42,adult
7b511e66-0526-4153-b1f7-229b25df8a50,44,Male,160,19,adult
fd642f67-a28c-4d67-91ae-bb25eefad0a8,31,Male,165,70,adult
e040513e-d948-4078-8fe3-9316ad66e5fd,47,Male,164,20,adult
43d627ef-bb0a-4f19-93c1-316c213f2dd7,30,Male,110,68,adult
020165bf-f431-4404-8fec-65a552d89ffd,56,Male,117,92,adult
4b1148b0-f548-44c6-aafe-5bd88012c18c,67,Male,148,92,old
5ec01c16-b952-43ca-b56a-136012cb0bfb,90,Male,73,82,old
e0830150-2eec-43f7-ad91-686db34a0672,32,Male,39,9,adult
e5e4102b-b4be-4863-ba4a-454c958a6ba2,27,Male,62,5,young
1f867929-5e7a-42f4-a322-b2002e58c41c,66,Male,43,28,old
f9323f24-d235-405c-b864-bf99291b92ea,46,Male,179,73,adult
f15d1a6b-a414-452b-9298-47313f88bf1e,50,Male,182,91,adult
a29fad21-92ec-4c6b-807f-e7dd2017ce87,49,Male,78,18,adult
c904f357-cd69-4a8e-b3b3-642b1cda6cd9,55,Male,61,50,adult
68d61c19-12f1-4a9e-9f5d-a32f5d33b843,84,Male,162,39,old
3f071fa8-df42-4ea4-9c20-bfc8cb6498b3,34,Male,31,30,adult
adef451d-3848-4155-ad3e-6ff493f04fbb,56,Male,119,1,adult
641036ed-c4ab-40c9-975f-b8ac36acb083,29,Male,163,21,young
6243518e-5f61-42d8-9fc3-66e75a0a7397,20,Male,79,51,young
8e2e074b-6904-42b6-a4bb-e1cc008c7941,41,Male,183,15,adult
028b0a5c-ec24-4df3-8f6e-a22554f6c43d,87,Male,155,8,old
5da51df6-8129-4484-a948-03a80b03a44a,73,Male,81,92,old
9b3de383-9637-4f63-b07d-f3f1101f0dc9,67,Male,197,47,old
5b8a3f37-fdf4-467f-901e-202564084d4e,42,Male,92,76,adult
6844bb76-99fd-4e50-8190-caab691eadfd,76,Male,95,53,old
c78c5932-9490-45c7-aa19-bf5a80d331c3,27,Male,110,51,young
8dac7236-aa49-4452-9d18-593621e3421e,73,Male,83,93,old
114a03f2-a052-483d-8198-6f13a7840099,59,Male,185,14,adult
8b153b4d-a4ee-47a0-b13b-a757ecd0f99a,81,Male,66,41,old
a45fefa4-f641-402c-9e4f-cf84969f7ab7,90,Male,43,24,old
a9ff1904-9e53-46d8-85c4-2f498d37bbc6,84,Male,151,98,old
2e5af209-3d4c-4c39-b1cf-e20547a124ca,78,Male,129,15,old
4eebaedf-125c-425e-bc79-ede25c487f15,81,Male,186,23,old
f7c3c74c-a7c3-4432-8b54-9d5976461b46,60,Male,199,78,old
7fd01894-b327-43bd-abf2-847927d87563,86,Male,131,93,old
3c0e60d8-ed10-4b55-8519-8e592abc041b,74,Male,187,80,old
68aa0060-e8a8-414a-a6b8-dac4bbb41341,49,Male,68,46,adult
6b23d5fb-f7f0-4704-be85-8470da38e2fa,81,Male,154,39,old
01d302f6-8054-467b-a717-331ec7d3eeb9,59,Male,72,18,adult
c5a95440-39a4-4ed0-84ef-ae139b89a607,53,Male,42,19,adult
49e791e5-8c94-4533-bb20-1c3ed42c01e7,58,Male,30,82,adult
31aa2d74-109c-4857-9fda-e3aee0b23acb,51,Male,194,88,adult
d3295615-ba79-489f-a9e2-91ab384a9e6b,82,Male,48,63,old
e729c7cc-9582-447f-b097-ece893e3f8cd,27,Male,152,72,young
15e213d5-1b7d-41c2-a5eb-a23c20d28a51,75,Male,100,41,old
d72b5cd4-ccda-4892-bb36-92505d0ebe35,79,Male,171,70,old
83ed2c36-a344-493b-90ad-293920d1e6d7,29,Male,109,63,young
d5a0565b-7105-4ff9-a883-bf3345ef4a26,41,Male,127,23,adult
42dee5f3-9f47-42ae-9613-ec7d00c2ba13,18,Male,102,50,young
798543ad-7497-45c1-b84f-380bd959a89a,54,Male,79,75,adult
da10db40-6033-4469-80c5-a325968803f9,85,Male,38,43,old
977d392d-0ee3-4843-afc7-20e11e7a1ad5,71,Male,20,26,old
76f59a4b-c9bf-4f50-bcb1-ce439a1ef32b,60,Male,132,21,old
786310df-39a9-4aca-a288-6077b5fcdc8d,53,Male,160,72,adult
21696f7d-084e-485c-aee9-d443b8d3ad51,60,Male,79,15,old
ae76c13a-e710-400c-90fa-53ba8adce864,79,Male,78,39,old
960489a7-ce23-4fb7-a572-814a2cfaaed3,66,Male,188,48,old
dcc83e44-ee01-4e77-8840-a0320200fa34,30,Male,177,70,adult
72abb80f-41a2-4e2e-a536-ca9f5aa283bf,39,Male,102,77,adult
a48d58b1-a7f7-42d8-83a7-f8c4f8f28153,35,Male,182,99,adult
49e96bcc-b6f4-4f0e-af0e-7109c6247763,77,Male,40,42,old
1c44fdbe-7206-4d08-b164-99b32e7e515d,82,Male,22,81,old
48925f9e-275a-49ec-aab3-53cdb0ea5d5f,68,Male,155,75,old
fd90ec3f-da54-4d96-a508-09cf75a4d8dd,73,Male,183,55,old
70b4e66f-6803-4c27-b888-7c095249692d,31,Male,183,1,adult
bcbd87b2-f390-4fae-8861-ab0a5b8e032c,39,Male,129,78,adult
299b8ce0-2b39-4dad-84d3-a1d3cf8ad5df,70,Male,68,46,old
64d31013-6e40-4661-9d97-ccfacfc01f9e,35,Male,109,46,adult
62db8827-513a-434e-bb19-a5e7a5264998,72,Male,129,37,old
4a95c162-0ca2-45d9-a1bf-975a206e87fa,21,Male,29,28,young
640185ea-5bfe-4b0c-8581-d562b952b5ed,69,Male,116,71,old
38b9d27c-5a9b-4da5-97f8-69a66006fbe6,58,Male,83,17,adult
7a10968a-61cf-4994-826f-b0f6c069c562,76,Male,188,34,old
8547a69c-58f7-4abb-90ed-805b8badcec3,75,Male,69,70,old
d42c486c-ba6f-4f65-a73c-451e225a038f,82,Male,23,74,old
2f07e618-cf48-4d41-99a9-06e0702fa32f,21,Male,119,25,young
dd639236-f3bc-4dc8-b0ca-861894b3f6f7,84,Male,147,37,old
f8b260c0-13a6-4974-9f97-8e34393f5a01,34,Male,31,17,adult
0a71bd69-1d0d-41de-915c-6dc51f19e20e,71,Male,154,97,old
f96c9f58-949d-42cd-a7a1-f68bba1f3ba1,19,Male,164,76,young
859e7e18-4d96-4549-9049-a83911873867,69,Male,176,47,old
3f6f0ebc-8023-4427-9feb-081230639bd1,72,Male,199,52,old
dc46cd7d-d260-4ff7-bee7-768db6f23fd1,26,Male,149,89,young
063f0496-d00c-4593-a469-a46094337cc3,46,Male,33,15,adult
17688a33-0175-4de3-8d1d-121834325173,78,Male,172,39,old
864064e0-7493-4c4b-9d75-2c063f0cfad8,23,Male,188,33,young
fce02750-d9fb-4061-9149-65361f6bbd3b,73,Male,20,93,old
02b04696-933c-4a88-b239-934ba6dee1b2,39,Male,57,71,adult
8405ae7c-7def-4e8e-bd77-64dc96eba8ae,42,Male,101,8,adult
601e7ace-f293-4f2e-bfdc-579aa7ffe0cf,55,Male,95,47,adult
e302ea4f-e21f-42eb-bd8f-89b1d88b6066,61,Male,97,66,old
70d2857a-b99f-4ca6-949b-dd70632e74d6,71,Male,98,27,old
6405170d-79c1-4e7f-bc81-5b4c82413e8d,38,Male,104,52,adult
96390c78-a8d8-4384-8cf9-8ba4671e0be2,76,Male,59,39,old
f8ca4775-a304-49ba-8510-f3cfae813002,77,Male,108,61,old
4becaeb1-2554-4680-8059-2ee2779ecca7,74,Male,41,77,old
38c4e928-5f43-4afd-bac0-7b2da9d7a318,27,Male,47,23,young
37908e59-d717-4b2a-9340-9b9f34b4fefd,32,Male,24,12,adult
5ae91415-7fd9-4de1-a8e9-4c32c37e04ad,32,Male,75,29,adult
9f38aa0c-f3c2-4d63-9476-bec408bdf970,45,Male,102,52,adult
560e98b2-d6a9-4d3a-b56c-4974ea86f99f,43,Male,56,73,adult
95857a25-15c5-4004-ae31-5816ada0e783,78,Male,99,25,old
5ef230da-b9de-44b1-b863-1387c9164bcf,33,Male,47,31,adult
a26fa0bc-fdb0-42e3-bbe2-1025250b7f6f,56,Male,188,47,adult
b5bcc859-cf25-4070-95d1-9e73994bb874,19,Male,121,40,young
6c4d0312-928a-4d67-81dc-a11884006420,75,Male,65,43,old
dff4f317-fa4e-4a56-b5e7-2c3d05ec6b2c,78,Male,192,94,old
1f7eab30-6e60-4315-b63c-502ef1370579,67,Male,168,44,old
89279162-715d-4e38-916f-8fe1a3cbd596,64,Male,163,8,old
bdd87e4c-2f81-4432-818a-c6a4367d72b9,63,Male,197,86,old
82cf8991-bbc6-4c32-a299-e0da6161a077,37,Male,128,66,adult
44411742-9f27-47d8-b28b-0d7cebf34300,29,Male,97,39,young
bb97d49e-fea4-4f66-af42-77e6f84c8906,31,Male,140,57,adult
4ac84009-c8d3-4b8d-baae-33c9c0cd1730,81,Male,137,67,old
ad87c11b-3f5b-4183-a266-5cea6176fc1b,84,Male,199,79,old
4804e00b-2ad0-4da8-840d-46e4fc08f94d,53,Male,31,49,adult
996a5774-e333-449c-b590-8737733e1dcb,48,Male,198,72,adult
f48a94e5-406c-4d27-99ff-9b44161cfaa2,83,Male,106,25,old
afc6e3d7-8a82-488e-b36f-720f8ca28793,25,Male,24,82,young
e245baac-a714-4c9a-a1c8-1dd6b6b8c59d,80,Male,56,72,old
963843ff-cfb0-4e1a-a8f5-b5549209dd2f,38,Male,198,22,adult
b2293e9e-cc0f-4442-a3e2-4043d96a0497,81,Male,179,67,old
34605dd0-85f5-45f3-8e66-46ea76e3bf04,57,Male,62,57,adult
df4b3427-c7d9-47e1-b553-29a67e435a10,28,Male,61,47,young
438b152f-d3a8-4b92-8833-794d56fc8f41,90,Male,153,95,old
eb17a258-9d7a-4f69-8680-3353b9c59033,20,Male,104,45,young
f79bd0d8-cb61-422d-a800-f459a911a122,30,Male,178,18,adult
efba7ab7-2393-43a9-8605-51672077d724,20,Male,104,73,young
78e6ca26-999f-48c5-b0e1-cae4eb386fc2,70,Male,171,42,old
a135530d-f651-4454-806f-73c4ff3bcaa6,49,Male,42,8,adult
34fd75c6-74be-4ab4-b229-60113cac5c3f,58,Male,174,51,adult
679651ea-2a09-491e-8327-a5017dc4abb1,86,Male,44,81,old
3ef38371-55f1-4070-a72b-fcd81a04c922,86,Male,118,10,old
7b1ebf1e-00c7-4f89-aedf-ad3c2dbbea16,46,Male,195,90,adult
6f6ef3ae-c626-4a69-8e47-4f9c2adc95fa,63,Male,68,34,old
6ec1e2f1-57e4-45e0-ac93-e6dc6c4e47b7,35,Male,145,25,adult
43566a2b-ec9e-4c01-a6d7-b541ddb7c6b9,32,Male,127,9,adult
d262473b-2129-4c2f-a551-df4b8a75cbfb,86,Male,58,80,old
69daaa0f-bf30-4fea-8c52-5a0f4391a822,26,Male,25,54,young
1c4f3f0b-a546-4286-9ec9-a4439a72be0b,58,Male,124,66,adult
1df710ed-d1c3-463f-84d3-573102c674eb,71,Male,34,61,old
4d5df56f-66f8-47c4-b3c2-3b4c471937a5,56,Male,90,56,adult
8beda348-6534-4239-a4b9-d893ebd9b025,59,Male,96,39,adult
3450b275-4a66-4cfb-9048-99257c607106,30,Male,69,40,adult
ad9de79e-f721-47d8-bed6-aa1117860740,77,Male,169,80,old
4f8b0d56-adae-4a6a-a1b6-50e993afff25,83,Male,171,77,old
41c6c767-5c73-4106-b2c8-62e67ed7b22c,43,Male,108,16,adult
0d6fdffc-8d37-456a-8ed3-5bc9521dab90,78,Male,136,14,old
f335eb83-a773-4129-b5dd-16680f9b24ad,88,Male,155,61,old
3a6f6ddf-67cc-46a6-9d36-29525fed636b,63,Male,124,31,old
3ae78159-6cf0-49d0-8116-dbec6862fe93,56,Male,178,18,adult
e25d0938-d5e6-4913-aa1f-31dcaf652ef7,27,Male,185,16,young
553d6b19-8f15-46ac-bfe5-4100579c6fe7,27,Male,66,43,young
d16a285c-77a6-4d60-9b44-5463c2d4cab7,79,Male,194,4,old
446f244f-2cf9-45ff-84d7-3763d15801c8,85,Male,100,92,old
9bdaf2e5-94db-4916-ba62-d47c72a0779b,37,Male,75,89,adult
b090e1b2-a1ed-44c5-b8ef-37dd73eb4506,47,Male,184,65,adult
aecdd974-8487-4d8a-a89e-1b2e5d64ec30,81,Male,130,96,old
fbec4d82-0534-4531-9324-021f22258322,71,Male,34,91,old
59365083-9425-4783-8803-4ce37e44d9ee,51,Male,148,76,adult
41c5ffef-73ae-41fd-a6f4-39d7851072d4,70,Male,141,17,old
3649c7cf-7bae-4e5b-a29e-c6647ee42832,72,Male,77,15,old
07e6225a-0654-468a-95ba-2f013e358a3c,29,Male,91,65,young
d3363002-a357-42db-b855-67cb01c256be,75,Male,171,99,old
e93160bc-b980-471e-877a-39912a06cadd,67,Male,93,22,old
bd0a9f17-0b70-4471-a425-ae308287eaaf,35,Male,105,69,adult
2d9b9ad1-505a-4ef0-a596-6c4062160f0d,53,Male,123,77,adult
a36d12b0-696b-436f-bf76-1738575f14e1,35,Male,105,9,adult
e2a2b2cc-2da7-4c26-b770-06c632a7acd7,74,Male,145,73,old
6e1849f4-7d78-4bc8-a8df-db7d4ba6f443,46,Male,87,70,adult
7684a04f-9b43-4cf9-b0a9-86bb9d8f1bf7,20,Male,191,96,young
863603a4-a6da-4b09-b7cf-1f5a5fb3f496,55,Male,74,94,adult
2b8c8f1a-1511-48cc-a74a-2eb554d98b30,84,Male,37,88,old
a0b7a2e3-ccfe-425b-b9ce-038d2e07f5d0,21,Male,88,28,young
ae4e1705-34e0-49e7-bc49-8079d29d291c,74,Male,103,40,old
8424c7e1-5dab-4f88-af33-3a89c91102fb,82,Male,27,48,old
340819e9-5de1-40fe-8171-7b36432f073f,54,Male,114,94,adult
c0fa4b30-c329-4786-bee8-066764384177,81,Male,142,34,old
bcb4d451-5412-4d30-83d8-19a9670be1d2,78,Male,101,50,old
4211c987-c248-4e05-a499-c1add833a23f,50,Male,53,33,adult
8c5354fa-4f8f-4a48-ba6e-096bc26d1f20,32,Male,176,14,adult
a38c3873-6c4f-48e5-8528-db801df748d9,78,Male,60,48,old
84e8ac9e-a4d8-4fc5-a187-f68368a17471,78,Male,72,19,old
29af35dd-da73-421c-872e-33fe72f66d85,27,Male,125,15,young
e801377a-69d1-405c-b8bc-afe0f4318a1f,79,Male,101,93,old
24ee7248-26ee-41d8-85d7-e64fd1371e28,48,Male,162,23,adult
d841edcc-008a-4151-a19b-e3617996a9fe,55,Male,188,29,adult
7d34459a-2ab3-4245-a141-d219bb606d80,19,Male,45,59,young
7f3f5deb-7a4c-41c4-aac1-3a8c474d1d45,29,Male,61,96,young
e3900e3a-73e0-4dd8-b020-e15575b3dfb3,70,Male,194,70,old
b9664a79-154b-454b-bdf7-773f72545c90,24,Male,170,37,young
b410acda-1506-4b25-8c9b-f34ceb72ef26,81,Male,74,81,old
e7ce6301-d935-45f8-bc56-431d5ad49d71,49,Male,187,94,adult
e3ea7777-4a19-4f48-8cd6-9c80b3330c6e,61,Male,151,38,old
e6240833-dda8-4b09-8335-4cff0d6f3750,41,Male,181,53,adult
f78fa36d-5190-4c0a-9051-778e192c2231,77,Male,34,54,old
46e870dd-0738-4131-8e49-a98d2e1174c7,60,Male,55,75,old
2424ecb4-9510-4034-ae7b-87af45a44aa4,89,Male,149,7,old
f4343697-7351-498d-9f44-89ea6a70e83a,85,Male,129,53,old
a88a10f2-c1ea-4310-9bba-4a655c1760a1,75,Male,108,37,old
19435965-b3bc-424a-8b87-95c689da7f6a,36,Male,182,76,adult
496333dc-11f9-45f9-b98c-f8fc992e55df,36,Male,50,27,adult
cbf70ef5-1342-45e5-830d-afd393d4a285,40,Male,109,72,adult
79d6a99c-ff8f-4595-a07b-4e7d683e37c2,83,Male,184,76,old
9532a064-6c3d-45ca-af78-71ae00b4f924,56,Male,104,89,adult
8e4e3869-de39-4fea-a112-788f5987706b,26,Male,200,37,young
9d299400-86b1-4ef1-9167-937cb0a3bde6,36,Male,44,19,adult
d9782d8c-2402-4b07-9ba6-55b57131494a,73,Male,82,44,old
669307cc-deea-4825-af02-596f31c495c4,64,Male,196,44,old
0801d474-f3eb-4707-8ab6-38388d21d6f3,39,Male,62,88,adult
f030876e-2065-49fb-a9b4-50590bf32bb7,59,Male,131,69,adult
5eb8f48d-4cdd-40fb-a6dc-39f746829224,83,Male,130,14,old
4f6e5a46-9a21-4ddd-837a-04866b0d5153,31,Male,94,70,adult
9683914b-8662-421c-8aee-d956f4ebe812,73,Male,50,24,old
7ff0308c-b1b6-46e4-81c2-8e51d3fcfe1d,79,Male,99,6,old
a179b024-a8b2-4034-a22d-1badeafa354f,26,Male,124,37,young
27400c0e-cf29-4646-870a-250fa82a4367,39,Male,103,66,adult
44111cab-2b9e-4f3e-b9df-bc7eb50f6914,46,Male,190,65,adult
c0f99772-7e14-483b-8f72-aed7b67c0e76,54,Male,89,73,adult
ca6ada17-7cff-4b24-a6f3-d82b693e04d1,45,Male,195,67,adult
6df6a14f-13dc-40ad-b836-e7d6407e49a1,57,Male,113,3,adult
f967e6d6-b3be-478a-b2ee-bb7695156410,31,Male,45,9,adult
f8054827-1355-4453-97b4-b9dbaf36a8ce,18,Male,126,62,young
dae2361b-1bf9-4a7b-8aae-29f26a758888,70,Male,51,2,old
9937c88c-b14f-4b79-b4fc-f64294a99c19,39,Male,27,95,adult
b5149c8d-084c-4cdb-ac29-3cf39ebbe0f8,86,Male,53,60,old
48ddd640-2a50-4ba8-befe-dfb149b7c56c,22,Male,51,65,young
09dc3d4c-6066-4040-b25d-cbc5e026157b,55,Male,27,40,adult
eca51636-b43b-4d1c-b437-aadb6a2a5241,61,Male,197,93,old
eabf531c-ea04-4b0f-b16c-1ff89e6a9330,54,Male,166,58,adult
71cdd204-697c-456b-875a-0cb1ccca1b61,74,Male,81,81,old
0628a2df-6473-4a24-ae93-518dddc841ca,81,Male,99,80,old
2e938dbd-af52-4065-88f8-660726756309,22,Male,107,12,young
70b634d5-118c-4502-b691-7a407cce826f,89,Male,63,74,old
cd8f1c20-28e9-49e3-aa1f-8dbc69a31036,19,Male,108,32,young
efa90f5e-bb29-489b-8bc0-9c1768ba1b90,89,Male,115,78,old
5731942b-134a-45fd-a072-8055883c853f,29,Male,38,90,young
0015128e-5ee8-496e-b14f-d75fd6127a19,22,Male,59,99,young
a830a323-abc6-4b50-bd4a-51a190d04b00,47,Male,165,69,adult
1393d318-ac6c-4127-ad5a-dae7b14f10b0,65,Male,148,90,old
f5249832-4f13-4937-ae46-75a583efaad1,65,Male,68,78,old
15de8101-32a7-41f5-84fe-ee692bab00e9,57,Male,81,87,adult
7d8d5264-072c-46b4-9242-7ca40a642cf0,55,Male,186,8,adult
a9dde00d-7172-41c3-b447-a019e7a84bd9,83,Male,135,75,old
6c114479-35cc-471a-b7f0-c49e742fb4da,67,Male,24,92,old
6430a43f-241d-43c8-ba03-46db46cff7a0,25,Male,114,41,young
07317d3c-f5b9-45c2-ac0a-3c747d4e6441,67,Male,104,50,old
098d0093-71c5-441e-9674-50a5f74e25f8,29,Male,145,82,young
49c7b688-3a00-44cc-a59c-e802fcedbcb8,50,Male,119,82,adult
d0d3e35f-c4fd-4870-b970-09c0d54284e0,79,Male,150,54,old
7d9796ba-88f1-4e7e-9e39-ebc3ec4e4e32,28,Male,89,3,young
19d4233a-3e05-4975-8e3f-d35857943a3b,84,Male,96,20,old
07efa5b4-1aa8-40a6-bf1a-49828ee50ce2,63,Male,102,4,old
af2ad1f4-9f5f-476b-8ce6-4fbd467b1b66,90,Male,100,88,old
17b9b688-e5ac-4319-a77b-d67dee80bf3f,82,Male,61,43,old
91377dc9-6393-42f7-b09b-cfe56dd06a01,67,Male,152,56,old
d99714ba-b932-4bb4-b176-7b2dd2a96107,64,Male,44,44,old
058c7687-e198-4700-804e-c512ea15abf2,55,Male,48,94,adult
374522af-c2e6-458a-bcbf-afd2671d9a25,69,Male,33,75,old
86941773-62d0-4a96-9002-3267604a7b8e,83,Male,185,76,old
036c13c0-fc3f-495b-a1f6-456bad9019a4,88,Male,198,37,old
706fe591-c76e-4537-aaaa-805eca511865,60,Male,182,38,old
3f3b13d8-0f80-4dd8-a46e-1da1f722cc0d,72,Male,156,9,old
2d39e2e1-add6-401b-9b37-9c2c5baeb6b4,87,Male,69,34,old
424b27f4-7f91-4c4a-9ddd-54889f42d0c2,26,Male,35,19,young
6b3e9450-711e-4723-bffa-a6d6492754b9,65,Male,62,94,old
adb334f6-3dae-42f4-b471-68276afb6249,89,Male,25,5,old
2d7277d2-0a7c-4e8c-b2b2-7d2293112b20,27,Male,81,40,young
63d95b62-c3c9-444f-a366-25b8810b7007,69,Male,106,12,old
c0cd702c-7c2f-43ec-ad5e-931a155a7209,39,Male,193,54,adult
2ac6f3ac-657d-476f-a348-c4579fb3501a,42,Male,181,11,adult
af206f2b-c722-4d83-ac80-43b7bf1c3aa5,90,Male,119,30,old
43bf3e57-b97d-431b-a163-bc226842805c,32,Male,27,36,adult
492905e1-941a-4419-b86e-03e701a68ec3,21,Male,26,60,young
389f7147-4f58-4851-aba9-b2ce51c553cc,42,Male,100,39,adult
462c2b7c-1654-4359-b22f-aeca5b807f79,28,Male,37,48,young
d71162bb-269e-4124-afd6-29847ddd0c50,61,Male,169,18,old
b9c58bde-5565-46f6-ad04-9196d0b4c7b3,26,Male,165,1,young
c3ceeb5e-a3ad-43a0-8519-a2685500b356,21,Male,55,84,young
b654ffee-d8bd-4d46-aad7-4c31191c85c4,82,Male,132,55,old
8c032504-706e-428a-996a-97ce0f92d623,71,Male,122,7,old
5929a520-2cc5-481d-89da-ae64c1d13e2d,32,Male,58,33,adult
f7f1aa81-1327-454b-b2f1-2259f6830880,65,Male,107,55,old
94020203-74d7-4c82-9ddb-e50cf89a8112,32,Male,116,91,adult
add1621d-b329-4f0d-9f63-1d8da937c241,34,Male,133,2,adult
8cf0409a-1f5b-43f9-9553-9c8909ffc69d,75,Male,175,82,old
63b4d5ac-019a-424f-9627-5c675a55be71,45,Male,170,31,adult
06cf253c-e326-4370-bdb8-281a669d7862,41,Male,187,60,adult
85be91f2-983f-4ddf-b813-4ce1fadb0779,23,Male,74,96,young
3c96cfcc-5185-4f17-8bcb-777c704b8688,57,Male,78,95,adult
9d45e6b4-98d6-4a5b-a4fa-4f771434f4e4,18,Male,123,44,young
4f4de699-6061-4df3-84c2-dfdda645706b,60,Male,47,39,old
d887011c-9b5e-4d23-b492-a3b0551e2e88,60,Male,75,61,old
c57dcab8-a1c4-4a69-bff0-7aff4de4e482,77,Male,111,66,old
9506c7b8-074f-4417-96ed-6688f82ea274,44,Male,145,12,adult
0723c19b-f702-4daf-af89-93eb7f0a7557,67,Male,131,68,old
3c5694e7-afad-4a41-a850-a5c162c2731f,80,Male,84,7,old
1151eaea-4cb9-4d3d-bead-07e4e007ca8f,85,Male,198,73,old
6c55acba-b4c1-4697-8fb2-968ac8bc3a3e,34,Male,169,68,adult
0c76cccf-d896-40b3-a515-a73f4f47ad4b,53,Male,28,52,adult
a4badcec-d7ce-475f-b3fa-b01ec32e2e3b,55,Male,51,77,adult
c95a48f4-7f52-4e14-ba86-d51a0d8f99e0,72,Male,67,75,old
0bc523de-6c7a-4e26-8af9-6a62434c9bfd,19,Male,117,95,young
fd59e9a8-96c6-4fe5-97ef-2e830c1d351e,37,Male,70,52,adult
f8fef299-b57b-4931-87a7-f7a5e81a1ee2,83,Male,84,39,old
edc9bcdb-279b-4fbd-8d46-af9d53bfac0e,29,Male,192,73,young
e98339e1-3bef-4634-8dae-b8737a10aa5b,38,Male,106,85,adult
4b10e8f3-8dc4-454c-96d1-e363672aefe6,70,Male,61,53,old
c768f240-0bab-420f-b718-5b376ca9da13,75,Male,47,72,old
3af3026a-951f-4727-b34c-0fc2b90f3b66,47,Male,125,82,adult
9ad4cbb7-e79a-45eb-b0fb-7f66f16005cc,90,Male,127,11,old
c2c9abc0-23a1-42c8-8a75-0051f54b26a8,58,Male,145,29,adult
cdaf4d36-bef3-438c-b0b8-1f785b87b148,58,Male,97,21,adult
157d6d7e-1316-4979-9b7a-143043ac86b2,36,Male,135,71,adult
0a7af577-d645-451f-8543-4ab2524aa5ee,20,Male,143,29,young
b88b25f6-170b-4fd9-85de-2ce62d437cf5,65,Male,145,49,old
22dd1a94-50dd-48c0-a007-b6e56f4353b9,21,Male,136,1,young
4d45a066-dea0-4605-a0b2-fc36e26a0979,77,Male,100,9,old
d4c5fb27-010f-4e09-8ebd-d26f63c461cd,34,Male,59,41,adult
457aecd9-1af2-46e0-bcd7-17908b987d9b,65,Male,119,63,old
2c57ee63-3322-4ff6-872e-2c7d1a449939,57,Male,140,60,adult
2fd6ce48-d3f8-4693-876e-b3c152d56edf,44,Male,192,15,adult
81631fbf-f346-4100-9aab-4d16f7cf11f6,50,Male,168,48,adult
73d59cc7-a6a6-492e-8231-28491b286da4,59,Male,148,94,adult
b6b56e1c-aaca-406a-8193-38d6e39af7cf,51,Male,54,83,adult
c1f4b8c3-14ee-41f3-8441-9184cf785b13,64,Male,124,12,old
77996d0c-5d78-4b6b-94c3-59a0060185d8,72,Male,27,93,old
21733b9e-7d57-48e6-bd3b-4e30763626b7,73,Male,141,28,old
1cff8dee-786b-4287-b719-5af3e2b89c92,72,Male,120,18,old
752f4ea6-f6de-45b4-b0c6-a33eee6f82ed,38,Male,39,93,adult
6bd805c6-1bfa-40cb-bd4b-6bae9ff03e06,54,Male,97,45,adult
907fc1de-826f-427e-9136-5478803bc3a9,80,Male,84,50,old
b68f382c-24c0-4f6f-8ebf-76ea96439211,60,Male,99,31,old
8933a971-1e14-4a96-92f8-0f1f1df7157f,37,Male,134,11,adult
4ab313b5-ced8-4dd5-8541-99c0ce0bd6f2,63,Male,129,45,old
ded1fd98-0553-4fd9-91f3-dd5d5e2f04d4,80,Male,105,14,old
bffa193d-c4cd-48bf-9567-1c901c750988,48,Male,176,17,adult
4c3d2ec5-9d0d-412a-8f0f-4ef9e214d9ee,41,Male,157,81,adult
f01e1976-2e27-48d7-ab98-0dea989ff2c3,45,Male,80,87,adult
bdcaf795-016b-44c9-bb42-1b45750b79a7,85,Male,28,34,old
32f79d1c-9f80-4a2b-be61-5c462f900b8a,64,Male,62,10,old
89d02636-c187-4385-a60f-88a5fbb5e5bb,84,Male,82,86,old
e5b2e947-7294-4eb2-bc7b-e26cd9367ee5,54,Male,40,38,adult
cdff4238-a258-4b66-a0e6-c0e176de50ce,38,Male,131,71,adult
3d520cfe-bd79-47be-afef-436b96a3a2ba,68,Male,110,63,old
73246614-5c22-4d0b-ad96-de39c5170036,80,Male,157,92,old
118713b3-45be-4738-87ef-0eaeeb605bf8,44,Male,80,79,adult
d6140ce2-ba3b-4b4e-b185-ce80e609256e,66,Male,80,87,old
eb9d04a1-9c35-432d-b146-eff410ad5779,56,Male,153,47,adult
9a98770e-de77-4f4e-8cda-1ca37b396c31,74,Male,133,20,old
ccf5ee1d-7df6-43ee-b074-f867fa6a0261,45,Male,71,10,adult
47e34265-577e-4206-a831-239a0e8d1994,73,Male,120,49,old
65f48eb3-0c31-40c5-af56-716266b0616d,87,Male,52,24,old
4352ccdd-70f2-400e-9f2d-31b7840e0165,87,Male,58,56,old
25e60a59-e293-47c5-815c-c3cb6bb541eb,55,Male,146,88,adult
3f02112a-a2fa-4ca4-9cc1-405e2c80d350,68,Male,112,100,old
d17ca235-0a91-4c3f-a84c-9b68ff8f4368,43,Male,51,54,adult
9e7c234d-d887-42cd-8a04-f6e9ad87dd84,21,Male,38,71,young
f27b0959-0ae7-4747-bd15-323e455481fc,19,Male,125,87,young
44052024-411a-4e43-88c5-152c4d252c29,72,Male,177,85,old
0419ba94-204b-4b78-ae4d-c0d11f50d4d8,47,Male,50,53,adult
c7b0f6b1-a66b-4852-93a6-f425de200840,57,Male,52,39,adult
22546907-73b4-4fab-a956-a0032dee9440,42,Male,103,6,adult
ec2fa439-8444-4a59-8849-651cfc58d1c3,67,Male,122,90,old
f73b40cf-bef4-49f2-9552-1413cd00d8ed,61,Male,155,52,old
e7198065-3895-4bb4-9e81-57774d4e4227,56,Male,190,97,adult
569e7896-6999-4a36-b11c-0c58fd3cd6f0,47,Male,150,64,adult
cf231bff-6971-4c3c-9e7d-fb9e2bda723b,69,Male,197,44,old
ed8512da-b558-41d4-9c2f-4fbd2d1fe8ee,80,Male,49,66,old
ae6219aa-36f4-47f8-8333-5a2f69941b6d,90,Male,200,8,old
59e2bc32-48a5-4dc0-b7a0-ad2cb41bc2fe,83,Male,140,28,old
6b98c871-919e-462c-a66a-0c9197cbbf22,23,Male,141,76,young
6a4eb421-0078-4888-a122-eac9426df617,37,Male,100,1,adult
2c2a33e3-ee86-4c41-81a5-d681b427ea01,61,Male,148,79,old
0a960de6-ceea-4914-a759-0d6ebe597206,65,Male,62,87,old
e8620c9d-27f9-48a4-a99f-79a6ef57dbca,57,Male,192,100,adult
6901f4ab-b31e-4aaa-a5d7-07267cecf39f,37,Male,155,42,adult
d097e42d-d71b-4d8e-b9c5-535bb07b1eb8,39,Male,76,11,adult
2ced4734-2f2c-4577-8a40-8c64f41d9544,29,Male,104,8,young
fadfc3f8-8016-4f11-8bbe-46e6d8361c4c,51,Male,130,4,adult
8ff43b40-6be9-4521-80c9-3a71d9cd9417,43,Male,180,11,adult
5a433160-9908-4b26-aca0-f726c4a61c41,71,Male,86,93,old
c41e95b2-ede8-427e-89df-6fedbff5c0c3,52,Male,25,22,adult
e8d37dd2-9ee2-48b9-95d7-a3f7e16ecde3,34,Male,176,95,adult
07a744c5-cfea-43ae-b5ba-3b1998b061c6,52,Male,175,54,adult
d802b2c7-7aaa-41bb-a7bf-2cedb526a315,33,Male,151,43,adult
e488a93b-6a52-47b2-a771-58bdc553ad2c,35,Male,74,83,adult
65401b38-9322-45d9-8711-a4c16a416631,52,Male,115,82,adult
021f852d-4399-4355-bc66-4f9c148d8f78,25,Male,43,6,young
90075cbe-27d6-4d42-a75f-4c92979c1788,25,Male,168,57,young
4c4a3743-3716-4c1c-8ebe-c73dd4784810,38,Male,128,96,adult
64da2a19-88aa-4ce1-bb5b-ba36b6f51e0f,20,Male,170,2,young
4fa21c29-b108-4c31-be0f-1b91742d3db7,53,Male,136,46,adult
91e9d8e9-8455-4c69-9dba-529f310eaf79,84,Male,125,32,old
3b34b7da-8d7e-4037-bb67-37b81fb20fc1,42,Male,151,49,adult
00c355ab-f2d5-4c54-b836-8b2c5cfe5d16,42,Male,149,58,adult
24bac456-4100-4612-9896-dd3094758391,74,Male,152,18,old
af0a610e-7b7a-4183-a8e4-edf46cbeaba5,90,Male,89,100,old
ff071d02-5908-4f90-8fdd-024450a80390,20,Male,36,12,young
627a2db7-aea8-4ed4-a997-bd5525e3f460,36,Male,135,64,adult
e8ff8f60-4c04-4336-8dda-cedf4bf3b184,32,Male,166,38,adult
f6679752-ca86-47ce-9741-73e9a88aa9c3,68,Male,23,36,old
86d9c475-a90f-42a0-8e34-74f9cd3e0e1c,42,Male,165,60,adult
e13b83c2-c1d1-4665-941e-4939b7ae9654,42,Male,72,63,adult
bd5e1ad9-915c-4579-a92d-062c21a599c3,87,Male,171,90,old
7c9796da-44e4-495d-93f1-0b6e2ab043c7,20,Male,102,6,young
b222d03e-0336-4c3b-8208-7c417dbcb48a,88,Male,69,25,old
aa758c9e-647e-44bc-85fc-5d6dce06ad85,65,Male,58,97,old
39156294-5441-4a6a-b1cb-20705b5d5cfb,62,Male,178,27,old
c5da496c-62dc-4b72-8b61-8c8ea419dbc5,38,Male,107,4,adult
e1757156-caca-4fbc-871f-45dca55291d4,79,Male,59,85,old
80397e53-f7f2-4c87-b056-edbc260fcdf8,60,Male,108,34,old
39b31ea9-85cb-4187-88df-a90f17e7ffe1,81,Male,40,87,old
d9c53643-0e01-41a0-92ab-9eb6983c16a5,56,Male,65,83,adult
842cf544-71db-481c-ae21-f7672f249e6c,24,Male,73,65,young
e46a3f73-6f89-4d26-8ead-3bc6933b8da7,26,Male,146,5,young
ef2d2806-b73d-471e-9973-98d681b53e7a,34,Male,21,62,adult
f47eaf80-0193-4dbf-9ff5-01a9e715b098,54,Male,103,63,adult
999124aa-23d9-4d78-b449-950dd1b3d2ea,37,Male,129,47,adult
abb066d2-135a-4c51-a8f4-8571fdb8a5fc,63,Male,182,83,old
689662f9-8e78-4aa8-90dd-502f68c8c10e,50,Male,33,36,adult
c1512ad0-08b9-44fa-82f8-bb46270c5f08,49,Male,73,60,adult
024c086f-191c-49ba-a466-8d7378c8ff4d,22,Male,183,98,young
dcf07d5b-99fc-454e-a479-6604594b7d43,62,Male,167,37,old
44b1775c-5f2b-4067-861f-0bd1f2be31f9,72,Male,122,37,old
10022562-b3c4-4842-8b4a-bae554326324,25,Male,92,6,young
a66592f8-5343-49f7-b740-b707bdfc3c00,26,Male,190,11,young
52659e50-d434-4710-85d9-0cef2f36fde3,69,Male,28,77,old
9116cdf7-472e-4830-8cae-c6c0098cbf9b,77,Male,142,11,old
2ba71ab8-e6f2-4254-a30d-f41896476570,29,Male,57,61,young
320340d3-c3d9-43fd-8ad6-6f0d438b3664,79,Male,82,16,old
6b161eb4-01be-48df-bf4d-977e1a34b2e4,39,Male,139,26,adult
15167e52-7ed9-40f8-8180-64ba60c3af9b,56,Male,51,38,adult
3c88de4d-b7bf-4f52-8186-43e9c5183f09,56,Male,32,39,adult
8ed030c5-203e-42cb-a762-b8669c7fa7bc,88,Male,159,3,old
493eea3b-eabd-4919-9879-d816bee0a825,60,Male,199,33,old
d8cf51c5-25ac-4add-92a1-c3b1bb7d4aec,56,Male,153,39,adult
bc180328-0eba-4111-8278-859e5b7a2812,57,Male,60,64,adult
fd903b93-cdd7-46a7-b35e-8211923c22ce,87,Male,50,38,old
40bf127e-5e15-4c61-a4ca-1763b6f1cba6,55,Male,123,55,adult
cc75dc05-4324-417a-b0f2-b9d3c789e21f,63,Male,105,40,old
8dd4727a-0584-4a52-8880-33877723e9e9,60,Male,27,87,old
597ffce0-52f2-4d2f-9e7c-fc23b64c6c31,81,Male,86,28,old
89fd3c79-c383-4697-839b-61eb14754414,22,Male,58,33,young
e8edeaa0-0c24-4fa9-986b-af233394f5f4,46,Male,106,11,adult
e5ea74d4-c9bf-4f70-9f58-310b2dbc48ff,67,Male,126,51,old
6e8a2409-95b8-4970-b5a5-cc2867159efd,21,Male,36,79,young
8b115485-8ae7-4667-b15b-e0335bdba964,58,Male,74,76,adult
5fa587d6-a259-4fab-9dd5-17cd1ca8eb0e,31,Male,93,99,adult
e64a6379-c0be-4c0e-90e4-2c434d630c7d,83,Male,60,10,old
50d77051-4be2-4365-b0bd-e25247e2076b,74,Male,119,6,old
6547e671-bcdd-4dbd-b025-31a743bab691,79,Male,111,65,old
4c191079-771c-426d-a63c-3af03731b223,54,Male,117,57,adult
14e5ce99-d0b1-4084-be52-a3a5456dcc42,50,Male,146,34,adult
72faed59-33df-47e2-b1de-2f8063cab3e4,84,Male,110,23,old
07af22ed-4db3-4240-830f-b0b3f2472013,27,Male,85,49,young
3c0294b8-1a83-47ca-a22b-ab85e40c1f94,48,Male,105,23,adult
7a9e5f75-9bf4-4ef1-b9ae-7e7644290dea,80,Male,32,9,old
61c0f89d-04d2-48e2-9340-0a01e7d2847a,69,Male,158,39,old
3cf5bd0e-64ae-4a2e-8f10-a73c77970af3,52,Male,169,34,adult
7fc1a59f-882a-4869-8e6b-d6a1caea3ee8,84,Male,182,39,old
3e1a5670-a38f-4636-a695-18320839e7cf,41,Male,184,36,adult
647fe33c-1cd7-401c-8ecd-cc0643ac0d11,32,Male,164,44,adult
b8fa42fc-fde7-4448-bd3e-f543efa876ed,74,Male,74,67,old
d06e4e00-2a1a-473a-8413-5a233d25ad7d,87,Male,174,26,old
c57db8e0-aa1b-420a-a089-94279758d1b7,82,Male,102,79,old
b0a85c8f-c27b-49f5-b23f-075fde3e8a12,26,Male,108,90,young
e43c9c3e-9812-40ec-ae26-23129b008171,86,Male,155,43,old
20b9b470-3585-4eb7-839a-c0a2b4cc12fd,61,Male,45,2,old
459f41d3-22b8-4763-a943-885985149a9d,75,Male,195,49,old
8ee869a2-aba3-4e86-8d11-de95254f1fa0,37,Male,105,20,adult
99efe0be-8e22-4b98-ae04-96d65d35fb7d,88,Male,37,68,old
0eb4fece-e9b7-4371-8c31-2157486b13a7,80,Male,38,85,old
2e3e018e-90e2-433e-af33-ae333b9e6f90,31,Male,51,29,adult
3c6ff802-edc6-4ec9-98ed-248cb17389eb,51,Male,95,71,adult
511d372e-1ec2-45cb-9631-427a74bd12a9,49,Male,186,22,adult
c0943c8a-67c0-4fa5-ae41-8fb65059f1f5,81,Male,95,23,old
b3b6647c-158e-412e-ac95-ad576c4571ca,74,Male,69,40,old
efdd713c-9332-4ea5-9885-b09a1ba3c722,23,Male,194,91,young
15a0529e-c6a5-47bf-b4f7-830f046e370e,90,Male,190,63,old
c1f36d73-0232-4532-ad2a-236235e13f19,77,Male,158,36,old
5d5e69d3-0428-4a2d-9474-34999e56dbba,33,Male,116,45,adult
c017c477-343b-4b83-af85-d3cce07e48eb,85,Male,197,9,old
55322d8f-1bb7-44eb-a26c-c3be190273ed,52,Male,128,61,adult
8025cc66-f8d1-4424-8398-34a5972cc43e,40,Male,105,45,adult
161d738e-40a0-44cd-ac55-8b1d7c67710b,79,Male,44,76,old
48c44c22-c8ee-4b0e-bd04-643670aae1c5,87,Male,91,12,old
2d460090-ec36-47b8-a34d-2e970c436110,26,Male,195,37,young
1143c0ad-09e7-408a-9c0b-9295f995bcd3,72,Male,51,63,old
578a361d-f59c-47f1-8b11-a7b1b49aa2a2,85,Male,70,21,old
f7c22df2-e434-499e-9e14-8d93dea205b8,52,Male,123,95,adult
25ba6dab-fdbc-4b2c-ad21-14e3a006f09d,73,Male,141,6,old
10f1f53a-9163-4317-9ab2-e2d2f2b33807,43,Male,175,76,adult
2edf9c79-220a-4e86-9b3b-91fa0a5cdc35,62,Male,124,73,old
32c1fc0b-099e-45e8-b8ca-4b720eedcff9,48,Male,86,54,adult
feca05a2-d9f0-4b0e-a075-705b17ece841,36,Male,26,15,adult
363eed01-dfa6-4f9d-9876-301fb6ffb7b7,31,Male,180,50,adult
1813ecc4-9621-44ec-8697-dad2d20064c6,67,Male,171,28,old
e9b08e76-5df5-4e16-bfa2-a0110673fb3e,63,Male,129,1,old
41013696-45ab-4402-bc84-691c70f7a7a0,69,Male,146,94,old
8bb786eb-bcea-4c5e-8c9e-245d949f0c7e,77,Male,142,95,old
7316ee14-6160-4e6b-a8cf-30956f5bd766,83,Male,149,83,old
14a90ead-0675-4ca2-bc0d-51c066930fd6,42,Male,166,63,adult
3c937738-d4c4-4a85-a44d-dc449f87d02c,60,Male,115,49,old
bbaec149-44f4-40c6-af7d-8a7ae42113ef,48,Male,67,58,adult
3b13c578-2519-4f51-a2ed-968c8c7c9432,66,Male,160,48,old
cc5ebccb-6581-4bc7-b7f5-269a39c7a902,61,Male,84,72,old
6808a46a-f25f-4018-bb54-fe19d7b912b6,30,Male,30,10,adult
d2e1d37e-abba-43ef-9d55-9247d485ad81,43,Male,32,73,adult
0055fa7a-f74d-4e6f-be70-27449862a5ef,24,Male,125,55,young
df670cb3-b2d1-4f74-b7c4-bcbb4b7840d0,39,Male,132,32,adult
4a552475-a526-4288-97ab-fc0bcab33362,72,Male,47,28,old
5e18fdd9-ff19-470e-8061-c0a1facf89eb,41,Male,95,64,adult
c867cacd-d01c-44df-89a5-1c8ab5325931,87,Male,28,91,old
77050144-313a-4807-8ea3-d2a1f808c40f,33,Male,173,58,adult
ab745753-b225-4fa4-9818-cbe4ec9f71a3,89,Male,79,22,old
fd9b7f9a-7ded-492f-a4fa-6c3ed695f44f,43,Male,41,71,adult
55855796-6332-4738-b5e5-2962138cc65e,40,Male,159,45,adult
5de002f9-51c4-464b-a678-da48b58af5f2,77,Male,182,53,old
2283e0e5-175d-4a71-9fc0-5e582b367dd5,62,Male,193,69,old
51062a3c-65c1-49ee-a48a-2c3ea87c4eac,75,Male,196,26,old
dfccf143-3475-437e-a56c-6d3bca73bdde,42,Male,158,37,adult
03a7cb6d-d4fe-4978-a95c-c1c1fa8e2803,48,Male,107,45,adult
875bd181-3cf0-4c20-a169-b1a347c725f1,44,Male,60,86,adult
3c937da6-ff1c-489a-a490-8c0cb217a3ca,62,Male,193,93,old
46abadb8-4f4f-4932-8f10-4e529bfb0ba8,74,Male,120,47,old
f6f2f945-b5e1-4e19-bb2a-a8a8b5318139,65,Male,36,25,old
cd189bf8-8b6a-4a80-894a-035bb4c22cef,24,Male,65,45,young
f42e32b7-03b9-4433-ab2c-ef785e482225,80,Male,116,21,old
cba4daee-110c-472c-8eb8-8e9685f9d8d7,43,Male,148,33,adult
01690c2e-a82b-405b-add7-b68acf3affd7,53,Male,187,14,adult
e4fe8cca-23a3-44ba-bacb-33336814242c,41,Male,98,48,adult
33359b16-8c1c-4144-9655-c6fab4192e50,43,Male,65,99,adult
5c5ce394-802d-44ad-878a-62ce69d2f6c2,74,Male,128,76,old
e778b1ff-b606-4825-8581-675f02ab7de7,21,Male,176,47,young
adbe743e-896e-4a6c-a148-ee66affb39e9,66,Male,162,67,old
2ad8e3cc-38f2-477b-a22e-eeade6aad104,57,Male,47,92,adult
df6733c6-c244-4ffd-b9ab-4e5548cc8e15,44,Male,131,35,adult
cfcd2686-4ece-416f-bab9-f74f627a12a7,83,Male,118,23,old
0b5659c5-5bce-41ad-be83-e47af2807d5a,27,Male,121,45,young
b6cc1d44-e7da-4a4a-b275-281f1cc03b50,67,Male,128,95,old
d0c76e30-a6b4-44fa-8899-e6adbd9fd7d1,60,Male,164,20,old
60b0eebe-aa69-41d5-a19c-e6dde4bdc1f0,19,Male,182,76,young
250790a7-45a1-465e-bf43-a94d43f70c34,63,Male,110,96,old
f2702739-fd68-4254-84b2-ca87b373397c,53,Male,120,88,adult
52d04ec3-59e3-4fdf-a188-a6a0291dc280,41,Male,59,14,adult
eb3480bb-3c70-40be-a804-8940af4934d6,29,Male,194,65,young
6871f0ff-5105-4c82-81e1-2e82cb0dd9d3,63,Male,119,78,old
036d1d82-f359-4bf0-92a6-b7d3542bd20b,85,Male,106,8,old
283c1748-8374-4c05-88fe-c2165dd428aa,45,Male,37,96,adult
c0332eab-e2bb-44a7-80ad-d776e7f9a57f,67,Male,51,26,old
ae92289a-0ce3-4d4b-80a8-b400602ff043,50,Male,181,34,adult
97357b4c-9819-4a98-9252-03e8fb0f3257,89,Male,78,38,old
1c54d67a-1ec9-4d26-9c15-45c990c957c0,86,Male,190,14,old
475f24dc-6f49-4982-ab97-f7efd7fa7ceb,51,Male,27,7,adult
2641774e-a4ee-42fd-89c6-af50b103587d,26,Male,109,25,young
e86f3ea1-1bfe-45d7-a939-dcec3aa4ffa9,53,Male,45,35,adult
c8de26cc-8bd7-4b58-9241-6588f6e2e422,82,Male,191,91,old
16731f7a-4902-464d-b82b-637b0fe52ad6,38,Male,68,26,adult
b4e62b0e-dddf-4fa0-a5a9-a8f67251fa4c,80,Male,149,74,old
c1d1b63f-de29-4acd-992b-7a6f46e41bbe,56,Male,39,51,adult
6039c064-35f2-4ec4-ac64-e7949c5bf33b,72,Male,174,66,old
e9df3ecb-52f7-4df5-a72e-306481212efb,33,Male,20,35,adult
9f5fac6f-96cf-4729-b8f5-a25149732e8a,41,Male,25,87,adult
5afd7c8f-aa2d-4b12-9d68-a89de018f7b0,59,Male,145,98,adult
42588fe4-624b-4ae3-858d-7c770f2dbc2f,57,Male,30,38,adult
a9f4c5cd-171c-41a7-a309-c450d76f38cf,61,Male,131,20,old
0ef1243f-09a2-426e-b07d-67326873579e,74,Male,35,70,old
8d8404e6-d8b4-4caf-a988-c9b6e7ba27a7,54,Male,181,6,adult
30156b5b-6c43-4e6f-96c5-2d534475c806,42,Male,127,78,adult
be97f622-07ce-4c60-b5b3-9f57096cbf32,67,Male,85,70,old
7cd9d128-b516-4be3-aa50-bb566c3283f3,44,Male,177,25,adult
4d63cd45-4aef-4d4b-a0cd-4b40f233455b,33,Male,141,95,adult
788ac9f4-baa0-48a0-844a-00c26d048e5c,67,Male,144,53,old
1273511b-8736-46e2-8d0b-06116f24c352,50,Male,187,41,adult
1bad13a4-3c3f-4daf-8293-662bc8df48c0,27,Male,60,46,young
82c2adb3-ff1d-46ec-a1e7-d66bc2823dfd,62,Male,111,2,old
9fb639dd-d082-4431-a5fc-acdf233c0514,78,Male,102,70,old
21bc8665-54d2-4e03-a72b-f30e2783b8f3,77,Male,192,78,old
0013ced9-6c2c-42dc-b882-3d7555c250c2,90,Male,111,89,old
e9335c2f-727c-4fc5-8fd2-b0bcb0ad87ca,61,Male,64,34,old
f8e9d5ce-bfd7-4c91-9ad4-5c4fcbe6b71a,59,Male,78,87,adult
7b43477a-730b-46fe-93d5-d2b67f29f48b,42,Male,46,17,adult
f1959f0e-517d-4cf2-a16f-ad5f815ab24b,89,Male,144,14,old
7f108cda-05aa-47b6-a588-f49427a4355d,76,Male,90,57,old
89467455-546e-47f7-8682-56cff49e00d6,51,Male,189,1,adult
45a238a8-7b40-46f3-81a5-35e0cb94ae75,29,Male,88,30,young
3d09b73a-8082-44e7-9e79-1930f08aa954,39,Male,49,93,adult
e2a6c192-f927-4e8d-9f8f-997b9f2e2c7a,65,Male,197,80,old
d606cd77-2c59-4342-baf2-c224b87df209,55,Male,96,30,adult
c4bb9de9-fcdf-436e-8b8f-f7e45d651e0f,73,Male,59,23,old
500164d5-1cc4-4734-bd4a-a3fd7acdda10,90,Male,140,17,old
6bf3bf82-2862-435d-851a-5212fbc15f3a,27,Male,84,51,young
c9fd4e13-a3fb-4121-a91d-f113f07c4e09,55,Male,122,6,adult
1a0800af-4eb7-4618-a912-1ecebba151ad,19,Male,99,81,young
5352675c-225e-4c8d-be10-3c4ea2c7a2c5,40,Male,146,89,adult
6cf8238a-a04b-4cff-8284-87cdb120a865,41,Male,152,59,adult
b07f1fe7-43a7-4b4d-8809-01a565a79045,46,Male,95,91,adult
58de0a8a-ada9-48a6-b444-afafd5dde2c1,41,Male,69,61,adult
4d250a8c-2897-4e35-bcaa-a4134f169c76,77,Male,158,12,old
fcf39591-dc10-4bf7-a168-3f7ed5f99ada,36,Male,55,22,adult
0afdc260-6c8f-447d-9a01-7000e946ad2c,69,Male,34,4,old
73cb5c5d-f48d-4fe9-ab14-433a4096c25c,51,Male,87,13,adult
41a35b1d-4bb3-489f-9514-e0ac94b70049,74,Male,30,14,old
565e4f54-cb54-4afc-b175-9d5c95e6f38c,77,Male,151,26,old
6e458430-caa8-4ede-a547-57a936eb88f0,70,Male,199,72,old
41a2a3c3-6614-4cd8-9e8f-520e5982d3eb,33,Male,193,30,adult
e93eb08b-2c7b-4096-b386-267c7f603c2c,65,Male,29,62,old
fb1e0d43-278a-4cbe-9e88-8f4321d4b26b,48,Male,43,9,adult
431b38ac-d6d7-42c9-8cc3-8bf3ebb46a83,41,Male,63,18,adult
1e7ebe51-1bef-4197-9e62-11983ddc15eb,18,Male,67,27,young
75579e89-cc16-4c92-b6ec-653cfab1cb5d,58,Male,157,88,adult
f88c2e6c-ad7d-46f6-ac9e-d596c514b17a,67,Male,22,14,old
194dcf6d-383d-47ba-9594-6ae6f5a59e74,68,Male,181,29,old
03a57f54-02a9-4677-81da-63949c6d0d38,81,Male,194,36,old
2f5e799e-6cc7-4002-85d8-26b55f62d4d1,62,Male,28,62,old
abdf980b-ef4f-4d20-94ff-2361e5dbdf78,26,Male,175,72,young
62548c53-efb7-4da3-b4fc-37cf47af74ce,71,Male,125,12,old
32ded7de-b418-4d70-ad6e-a8b568fca320,40,Male,182,8,adult
b17823a9-40d1-46b7-bb6f-0dda4e0cee6c,84,Male,52,100,old
89742e82-c033-4557-a507-b54dd38b666d,77,Male,28,94,old
c67b2e8e-3a1f-4a36-b91a-92f6498165e6,44,Male,48,62,adult
e9e45e1f-6725-483f-8423-273883224f19,65,Male,102,1,old
4cba5c06-dde3-431b-9839-6cc3c728f401,64,Male,127,31,old
7d236d1d-3d02-49bb-a2c3-4ab1f6ab0527,59,Male,87,84,adult
7828d006-fcee-487a-ba2e-4812a7376005,60,Male,81,59,old
ed3ce275-1b91-495e-97ca-d7d2f35ad570,73,Male,113,67,old
de74d216-dc9e-4a0f-aac2-3c227bb6372c,82,Male,182,1,old
b2b963ae-d178-4160-bdda-8516c04d2ddb,81,Male,136,89,old
63d97680-a515-4dc6-905b-89f535683b1d,22,Male,77,29,young
9fb07e91-ca38-4c3d-952c-decfb9684cd5,74,Male,150,45,old
8d3c6c71-4190-4361-9160-a542f0e5191e,35,Male,30,3,adult
5b6ad677-ece9-46bf-8b79-9e311059debd,59,Male,75,57,adult
b09664f0-80fc-4ad9-aede-d2b2cf2ff9c3,19,Male,134,57,young
06fb605d-5f51-47f9-85ea-df5846b56331,64,Male,59,72,old
09f95001-d0ee-4159-ac60-29babf40fed4,82,Male,48,97,old
09d66a9b-9f6a-4e49-80f9-75ac0e1d98ca,72,Male,50,16,old
d5805eb4-7563-49df-b4f9-c85d60b41e26,67,Male,82,80,old
9f814391-84d9-40c3-bef2-841acf0d078a,80,Male,108,6,old
793debb1-d2e3-435d-9235-5c9388c21d34,48,Male,58,23,adult
51dbcfdf-b113-4520-a9b5-05cd0e6f97b9,79,Male,99,36,old
d4221a0e-be35-43d5-92d6-650b92c4c001,83,Male,56,40,old
300b91db-e27d-42a7-ab98-f204cae4a63b,80,Male,92,93,old
c7347012-d90c-4b54-b816-7192713bb3d3,83,Male,108,71,old
28ebf241-d4b2-4c85-87ed-b6390078bc0a,87,Male,98,79,old
d8a089e8-8d03-4a18-9125-ad8b1562398b,86,Male,172,49,old
31dbd18a-a6b5-48e6-95b8-43e9457eeda6,25,Male,104,87,young
424d0717-01cc-4aed-9418-2c84b9b42cdd,69,Male,178,53,old
680f5a3e-586d-4eb3-89f5-48fdaf7fa359,47,Male,173,85,adult
0584ea55-4d5d-495e-b9dc-3e861d3abb31,43,Male,185,99,adult
1c8c32ea-f772-464b-b9fa-439b12cf699a,18,Male,158,64,young
4b92140b-a323-4238-81ef-c25ff488d096,47,Male,88,43,adult
2ab01ef5-f860-4387-99c2-1d5b426a844b,57,Male,180,75,adult
be8fb28e-161e-4769-92ec-fadd26cdbf01,70,Male,124,73,old
d7e9227e-a363-492f-ad9f-88cccbffe30e,28,Male,132,70,young
d3afdd98-09ec-4315-9eb3-c87c8ed82078,29,Male,133,23,young
0648689f-2338-48ec-89f6-e9251896ea3b,57,Male,71,24,adult
df52f5ae-f357-4090-a017-628c8a718985,53,Male,178,82,adult
430a1f19-63f4-4da2-8d19-abcba7899646,76,Male,133,25,old
f539fac0-1eb4-4fb9-9035-ec7c3abdec20,50,Male,23,75,adult
f8a7f3cf-1eea-47cf-bb30-cf40e06b2b30,39,Male,134,42,adult
0110f019-a84f-4222-ba2d-feb230f08eac,33,Male,44,15,adult
ed754a65-605f-4e86-bbd4-c4f7ab96a00c,27,Male,31,29,young
4df217c6-ff4c-4ce2-94fb-c875a67307ce,84,Male,85,81,old
f25ec2dc-898b-4f6d-88fd-cf4c0fc728ff,66,Male,115,98,old
140f8506-9ca6-4a14-8166-422d3d488f1c,74,Male,119,40,old
6c5acfcf-b340-4ec7-bc16-7cd6a6245e8c,45,Male,154,35,adult
e50103cf-4c4e-42ad-80ec-943dd9bb0300,30,Male,51,3,adult
c45dcedf-b649-4454-b8e2-6f16322942df,60,Male,60,23,old
004cab8c-c72d-4265-ab98-aba690e15bbf,54,Male,29,66,adult
dee65923-0090-4a3b-8d99-12ddcf8f7d3f,67,Male,36,41,old
da6f3fce-eb17-4fce-a208-11e8be30aa1a,45,Male,39,74,adult
231900f7-d3e3-492f-8e1c-f820be18f795,32,Male,49,33,adult
cb50e92a-cbcf-4475-92e3-f11697b117b8,53,Male,121,50,adult
f16d9196-5785-43c8-922a-bf79b452ace5,42,Male,199,79,adult
3f0ff41a-37a8-49c6-b060-8fc35b7f6aa4,44,Male,163,12,adult
691fa765-656c-4447-83df-d411adef27f6,62,Male,98,57,old
2b753dd0-aa31-47ba-bd42-cec929287ea2,64,Male,20,76,old
1882ba8f-0aed-4a19-bec7-61ecd34048fe,41,Male,191,8,adult
bbd8051e-0391-4373-aaf7-8e5cdd730c68,27,Male,59,18,young
e5b26d79-5851-4a1a-a444-28092589f692,52,Male,147,68,adult
4c015f57-b278-47a1-bc2e-fe2ad635b390,80,Male,186,93,old
0d1d4738-d2c3-4ec7-8ec1-653e6b75cd8b,70,Male,29,46,old
1784e7fb-8e7d-42a4-81ff-556102c6590c,57,Male,110,47,adult
1fc2795b-16cf-4cad-be1e-035970a7e92d,46,Male,138,93,adult
aeb45b22-537f-4f21-b2ab-f47f1b8fdc99,23,Male,85,63,young
b21924a1-ff91-44e6-b6ce-28cf5e7289d1,48,Male,52,82,adult
c379d1f9-38c5-4b0f-afa1-6e69aefbccb8,55,Male,197,48,adult
64b32980-89d9-4cd2-abfe-4a16c47dffe0,84,Male,22,9,old
0e537782-5ca2-4a2d-a977-41df796574c8,54,Male,142,79,adult
114c45af-1a54-41b4-81f3-14da8b83b8d9,78,Male,112,54,old
3b18038d-dc09-464a-9fd7-8d63d7d3065b,36,Male,134,77,adult
1d91a9e1-8955-4939-8cae-d03c495c08ab,60,Male,46,76,old
9e3dc285-4a82-4be5-848a-da9cd9a05663,39,Male,190,97,adult
78ca6151-ce48-4ca9-ab9d-20c60f232e98,29,Male,179,93,young
c135e318-59da-488d-96f5-0c2b3822bd5a,61,Male,143,21,old
5148c163-5989-4af6-bead-bb6511d51f77,44,Male,130,72,adult
eb7094de-d534-427d-81aa-967b8a8e24b0,28,Male,53,11,young
d1993113-8fd5-47c0-ba23-a0790c4eba72,60,Male,29,43,old
31c1874c-707b-42ef-9c82-046ec6c9ce52,20,Male,36,18,young
3f0af352-30aa-4c5d-8b3f-83ecd91a8e3f,36,Male,41,94,adult
a177bbdc-eec1-4607-afe0-dbda71a1ab3f,26,Male,76,68,young
b946bfa8-c816-4927-9d64-b14c91fe8d48,61,Male,130,17,old
f122c45e-2b7c-4756-a72f-91775995c152,63,Male,30,23,old
e5c152e1-14c2-473a-9f6c-84c4463313eb,69,Male,112,80,old
cc6a9ff6-73d7-4fe6-89ff-a427ce897500,65,Male,153,43,old
5c8aeff7-108d-48b0-bf0b-f0821fe37259,43,Male,156,93,adult
8a2116e9-3463-432e-8f09-4e0c3c228520,76,Male,37,76,old
e342d700-c809-478e-99b8-31712b2ef5d6,20,Male,111,72,young
895bccb1-2f60-437f-9846-fe66b7548e38,59,Male,153,22,adult
9332a6c4-acef-4fb1-b871-2da1cbdf581c,20,Male,122,50,young
7238ab7f-a552-43bc-b503-2d64ff32cf8c,84,Male,93,45,old
5162e4c1-cb1b-4ea4-adb9-4026f9597fb8,53,Male,145,14,adult
779c7222-1c0f-4d37-80a5-29569f4c7137,74,Male,175,33,old
59597348-0a7d-46cc-a7a4-d2fb2f77a97e,41,Male,189,86,adult
f0853eb2-394f-4922-87f7-57747785d9d9,23,Male,106,32,young
e91ebdc1-c5ca-4c0a-bfa2-e55482568aa3,74,Male,66,76,old
6e81c94e-c8d8-46f9-b14b-634c6aad82c9,80,Male,28,17,old
fb990075-bc36-4b1c-889c-2133aff707fd,68,Male,58,2,old
576e7c45-1b10-4b83-8af2-c81cfa4b28c5,71,Male,104,28,old
2c969ca5-46b9-4f3d-80b6-fe882da9970e,40,Male,159,87,adult
9cbc74d4-b4e9-4a54-ad61-bf4612f56146,41,Male,141,36,adult
1eae9b6b-d08b-47df-a1dc-4a4d89a9a6ec,65,Male,144,34,old
72b75973-6302-4f12-a238-49072437b9d9,52,Male,152,43,adult
ffe61482-d934-4f0f-8d8e-a871f3cda1d6,62,Male,108,70,old
f9d38cdd-c75b-4384-9f92-7d8989b01c74,71,Male,132,71,old
e7301875-c0ec-4183-bd61-882338efe42c,88,Male,105,31,old
6606b738-297f-4233-b8f0-06934dc7166b,39,Male,71,82,adult
7aaf8edc-a0fb-4c5b-af07-1c44e5956606,21,Male,87,78,young
ebca9a43-9694-4948-9f46-5a2ae2296259,44,Male,26,47,adult
d1c31e79-bdca-49f0-8b13-8bcdbbfc8ec9,45,Male,86,45,adult
56a4cf8c-a3bb-4fa0-9793-43ea1dc183e6,35,Male,121,87,adult
0c583d0c-de82-43cc-99b0-1c20160c4dbe,77,Male,67,5,old
8c51428c-18cf-4449-86c0-ebed6cd01b27,49,Male,52,13,adult
9a691a3d-e5ab-4f28-85d1-6b7378397c60,27,Male,98,71,young
36856f51-b7c4-4a52-9092-250db954e6ac,86,Male,71,54,old
68753d4e-cf91-49d8-9372-9c4102fde212,71,Male,195,77,old
cf0f61cb-537b-4f7e-97cf-6fb00b0d6cc9,56,Male,171,76,adult
47339eb6-5424-4d9a-88cd-4d88ef455a74,84,Male,146,68,old
de7732b6-bc7b-48b7-8c09-02f0d367982e,22,Male,89,59,young
efe49a32-0bf0-4800-b948-f0f39f575425,28,Male,99,32,young
d769e993-7a38-4768-8ba6-369b042f0c07,26,Male,36,65,young
f7d23bac-3282-43d0-9165-bf8ef27a0b56,28,Male,175,7,young
69720d86-e18d-4ca4-8893-08b563bbf816,90,Male,52,49,old
e49aa9bb-4659-4dc9-a85d-6ecffb0b5cc1,56,Male,152,8,adult
0c7eea7a-badb-4b75-b142-20e212d71f96,89,Male,107,97,old
ab880be8-7cd4-4a85-9bcc-eebb756be486,38,Male,80,73,adult
8a0b6fd6-92c9-4a6e-b4fb-42ca29dd8461,22,Male,150,96,young
1334bb7d-4c95-473b-9b97-4b9e519bd4e3,60,Male,109,31,old
23f14b4a-d34c-4626-9ef0-751dd5b519ed,90,Male,58,38,old
8119b2ff-46a7-4961-a8ed-1ca311bcd939,30,Male,137,96,adult
13344a1a-bfab-42ce-979d-82102104cb2d,32,Male,93,72,adult
b7160757-9fd6-4224-8452-d3d87fd476dc,65,Male,151,96,old
9dad2820-7fcf-44a4-a5e7-4d5fea376fa2,54,Male,81,79,adult
9e62eb82-b1e4-4186-952b-b4c7f2266386,79,Male,149,83,old
4c419334-2cb4-4e77-9ba2-9b7102e92988,43,Male,91,95,adult
66625795-9fd7-42b4-9ed5-5113b5bf91bd,68,Male,48,95,old
f292d5ab-333c-4e22-902d-6298c45a823c,62,Male,78,66,old
d01f3b39-07ba-4514-b474-d7097230169d,88,Male,171,68,old
6aa03d98-8623-48e1-bbe7-e84ffb83ee8a,44,Male,37,9,adult
3d451d0a-7139-451f-a843-271cff354d37,55,Male,71,23,adult
b7ff5255-3c0d-48a9-9ee4-ac0f84a17d47,77,Male,93,18,old
becf9ac3-264d-4557-b709-18365dc3721b,80,Male,167,28,old
a9611026-c6a2-470c-89f0-43b97560ce9a,19,Male,51,73,young
ee75a078-4e43-4d1d-bada-ded2dc931fdd,52,Male,143,7,adult
1b29810d-deab-449c-a3bd-c2b826066989,78,Male,95,4,old
e30be644-8cfb-4c68-9771-33d05e2f6fae,40,Male,44,16,adult
6458d39c-f143-45ce-aa32-f20416822c93,49,Male,190,30,adult
2204b68a-93a2-4890-badb-534995e9fe08,78,Male,108,63,old
22a3b4ac-3e93-4a70-ba98-2741ac9020f8,18,Male,88,4,young
158ae7c1-6202-4e0b-a9ea-b45e59602222,74,Male,73,67,old
ec8869bb-bc5c-48b5-bcac-0fe73d40bfbc,18,Male,53,65,young
5afb2893-be20-473a-a604-a76f51822373,39,Male,159,22,adult
7a42c2c3-09c6-41a7-b1d0-2c9dcd788684,28,Male,79,49,young
02283363-3707-407a-9a42-636d3e6d04f8,52,Male,102,24,adult
0469510b-f579-49ab-9ca9-bacf42ca1b00,42,Male,31,97,adult
108879e3-1233-4fe8-9d9f-87eedb7fa1fa,22,Male,154,72,young
8fab657b-e3fd-45e6-a619-c1d7180b0930,19,Male,25,39,young
dbbfebd6-d2c8-4fe6-bfcb-b54623a35d34,90,Male,63,5,old
46131c15-ac03-43cf-a7be-ea80746b5012,61,Male,182,25,old
9e76365c-45e8-4617-af5b-127fdc5ec141,70,Male,148,6,old
0b0704fc-bba6-458e-bb90-d36dd7d5a973,39,Male,123,56,adult
7062e86b-9e70-422a-abc8-0c6d68806bb8,80,Male,133,78,old
5ff42466-3ce4-44d8-ae7a-d17d9399bc7c,79,Male,121,94,old
4d28ed65-5120-4914-8284-758c8309be1e,25,Male,26,78,young
f7973208-8b85-484b-9d6d-0db516950399,66,Male,72,75,old
770396a2-f35b-437f-9e3a-952b5f1db963,73,Male,105,31,old
73715cf6-668f-4c24-81bf-a54662d9e841,33,Male,60,14,adult
73fb635b-0860-4a8b-a7c3-74c1770b4113,47,Male,137,85,adult
a20ff143-867f-424e-97d7-cfbe081784f7,25,Male,35,88,young
e645c1e8-fe9a-4680-b245-8df171b1654f,42,Male,33,7,adult
353aeb70-a079-45d8-ac06-7598bbf0de2b,48,Male,62,88,adult
b43d4c5b-3f3f-456e-ab45-f6cc3c37c27b,26,Male,95,99,young
d46de573-7b3a-4f5b-a497-add06d8ed5aa,63,Male,42,39,old
4c2590e0-7f5a-41e2-b277-89cc13cda265,50,Male,109,2,adult
862a9eed-1bcd-4ff2-99d9-c8b2a9852fc0,63,Male,72,79,old
5eb819a9-8dbf-4f0c-9f0a-4a4808a9d884,30,Male,116,55,adult
b6e218d0-844f-478c-86b7-096c7ac8ae67,60,Male,92,88,old
1ed3cb86-324b-4e4c-9c2a-13b254ad79f1,47,Male,125,17,adult
53e55f6d-ad87-4952-9c06-006955fdfd42,33,Male,105,8,adult
a66961e3-60b7-4efe-83a9-106c241e05ad,54,Male,192,19,adult
ea3ddf31-2fa8-44ea-b797-b41a105b0a43,78,Male,139,67,old
8d1b65de-4517-4b48-a3b7-6128afd554d9,20,Male,126,70,young
4e844ee8-8ba5-4185-99d4-681769d09d57,52,Male,120,16,adult
9413c86e-f9df-43cc-9e8e-9037cc53120b,23,Male,104,31,young
8055b502-7db9-4f25-a96f-af58a0e07164,31,Male,41,69,adult
77cd0ba4-4e5d-4b51-9080-5811854308a0,33,Male,153,96,adult
9154089b-410d-4e3b-aae6-3a3bee0594d0,51,Male,108,45,adult
9f685c97-3959-4b61-83b4-f4830ccac5a4,38,Male,75,58,adult
276d8110-8b7f-4229-806e-b1908396cedf,88,Male,77,5,old
1b522d49-207b-46c4-b973-b656ed1c9b6b,39,Male,126,83,adult
136e6954-a1e8-4371-918b-053902432fef,21,Male,35,98,young
aa8897e5-fcc8-4977-9272-166f57872540,34,Male,140,77,adult
55660ecc-af98-4deb-8a40-339c68a98438,36,Male,98,25,adult
850f5149-919a-4950-908c-0774e946f9dc,48,Male,176,45,adult
61635511-4213-4155-8ca3-a67b76d3a398,53,Male,117,27,adult
7acbd787-baa9-4864-b379-2acc7e7ef364,45,Male,135,22,adult
1a2ba56c-a5b5-4e13-a3b4-31fe5f637bb3,84,Male,198,48,old
f048dbc6-7caf-49bd-8881-5d0ac391b9d4,68,Male,29,62,old
542f9515-4ae2-4756-951f-4ef2e60027a1,80,Male,99,89,old
a904ed6b-6790-4fd7-86ff-9e58b4630c68,82,Male,109,80,old
15ad4638-042f-488f-a829-642c8e94d2d2,23,Male,45,39,young
f00a61aa-deb7-4e51-9f1b-1f96c1a7e0f2,39,Male,111,100,adult
c49705e9-b784-43c0-a031-50c5dceea858,63,Male,83,60,old
2eddd0fa-9fbc-4bab-a6df-24a26adf617a,69,Male,125,63,old
9279ff7f-5b5f-45c0-a694-b558dc4e7bfa,48,Male,66,23,adult
c4f5be36-c8c6-4d52-b084-705c6b6ed662,89,Male,55,30,old
0a6987ad-84af-42b3-8894-136bd7c664d8,70,Male,51,92,old
af16338e-e314-4175-ac77-562f74014de0,21,Male,27,66,young
fb5b7ece-4012-4116-b9bb-032fb01ca5a0,63,Male,92,26,old
adf9b6e4-7974-4307-a789-6ba318e2c3c7,84,Male,86,59,old
6123d20e-2e91-426b-b3ce-58c136b69747,45,Male,81,70,adult
a740ceaf-9b27-4ebe-9728-7167f12ae2e0,64,Male,193,89,old
19403396-977c-46ff-bf50-ecef8ca54231,21,Male,173,7,young
c7e682b6-ef63-484d-bf6f-644a8781c108,78,Male,102,6,old
8183f953-7c54-436c-acdd-6dc78b2d1f3b,78,Male,185,12,old
531fe666-52cc-4ea2-9bbf-97873ebb816a,74,Male,72,35,old
9d3d2c0f-add3-4c6c-9ba7-53d387d66d9f,19,Male,185,3,young
c8ab66e9-1bf6-467b-af43-7ae02d1f4c54,69,Male,83,86,old
7ab26cee-dc4e-42c4-b916-e3c9206ab8ad,78,Male,47,31,old
bd40d4e5-e205-4b03-860c-a5637effa18c,65,Male,169,38,old
6f7a900a-4496-4976-be3f-13a2a622fc57,21,Male,48,99,young
d909ff76-65ae-44fa-86fa-b72877787b79,90,Male,180,76,old
11dfb3c1-0292-4843-8069-61b9acc7796d,21,Male,87,88,young
bc30082d-b040-4492-8864-0571ded587a4,75,Male,142,58,old
7f9d2ac7-ec17-4957-b567-957369bfa98b,63,Male,165,92,old
62b4ecbc-7f58-4549-99a5-f71c802575e0,87,Male,67,38,old
5bc0f9d7-1df0-4e11-b66b-10bae3aae45b,66,Male,131,38,old
e1beb964-6c7b-446a-88fc-1369bbfe23bc,80,Male,72,3,old
ed5a4cfe-9a29-4b1d-84d8-aad55435c6d3,50,Male,60,1,adult
327891d7-e592-451c-aa9f-82af84291bb5,55,Male,185,50,adult
332d95e6-00e5-4cb5-a1e9-7cd0337efcf4,51,Male,74,21,adult
cb5cd940-e59d-4344-979d-185027661659,35,Male,178,41,adult
ba590833-3ae8-498f-9747-04dde2bbe7b0,44,Male,27,46,adult
097747c4-5097-4779-8c24-66cae5328fb3,75,Male,152,18,old
831603ae-e703-49f8-a2c0-6616da3c9532,84,Male,61,70,old
eb770170-41a4-4b8e-9aaa-da6d00e174c7,62,Male,37,67,old
c6135253-b841-403f-b515-0ca1e3e06e3f,49,Male,120,64,adult
2d8c20db-df8e-4bb6-a9b5-f2ad69cc5e22,24,Male,80,8,young
52d4cbad-b3e1-477c-b841-151db13d0d0c,76,Male,161,38,old
90378715-0c35-42b3-ba6f-f852157cc615,39,Male,195,50,adult
4c94d016-b1a5-4209-9543-b59ab0a91481,37,Male,87,50,adult
02ec7685-eb34-4bda-83c0-e73a275c6943,49,Male,170,79,adult
d071c6e8-eaa1-4f56-b84d-f9fa37abdbd6,31,Male,193,71,adult
47080720-a01d-4432-b548-a1cf9bc1e7e3,82,Male,128,28,old
7e91f3a6-20fd-491a-b529-c26f6a77d1f1,44,Male,181,57,adult
0cb8245a-ed6e-405d-b942-0ca20b423496,54,Male,162,44,adult
e0ec6eb7-2199-4cf5-b441-79b815e57810,87,Male,128,25,old
973805f0-6f91-4f4c-bd8c-f08a06cc6c9e,31,Male,74,78,adult
a4d96f4a-2e9b-4784-93ea-911a4c2d1909,18,Male,137,43,young
991552e6-22a0-435e-a474-76d09b996d82,73,Male,60,99,old
6d419296-15ae-4cfa-a2e9-9a2822f9f3fc,32,Male,138,38,adult
75ed2f87-480c-49a7-bf57-5b29e7f216af,90,Male,60,3,old
a805a906-0545-498b-bfd3-ecfdb3c84fbb,34,Male,70,20,adult
be170847-7841-4844-94e4-57668bc0a455,72,Male,57,77,old
8ee0ed68-e2e1-4440-9804-2546386510ac,89,Male,113,18,old
0d89e4af-82eb-4a45-991e-fe868a84ea64,55,Male,96,85,adult
2395bcb9-faf3-4ce7-a1d4-1f502098e555,23,Male,66,15,young
3efa5f66-f6f0-4bc3-946a-c55e92561b9f,77,Male,177,31,old
52996960-eebb-43d9-8559-937c3a558701,84,Male,195,95,old
be615f9a-2018-48f2-94e7-cc1c73b92f85,71,Male,168,78,old
7a92f46b-8cce-4ef8-8a07-3c6dffbfce1d,65,Male,191,43,old
1ed4a105-4d30-43a7-a6ac-f9957fd0c1c0,43,Male,91,28,adult
2953ac34-cf0e-4a2d-abcb-906b5200bfcd,51,Male,165,14,adult
a08a9b3d-0f3e-4f9f-bacc-9e71afcca9fe,30,Male,70,91,adult
2e857222-b7f4-40b7-8d86-ad2ccd7514d7,39,Male,24,24,adult
d8a15b72-0a87-4cb8-98ae-4bb3a62249eb,31,Male,93,100,adult
1bf534e1-28f6-417e-846d-7ab059791b3d,60,Male,160,30,old
90b7b8aa-341e-4891-a1fa-7e110f596b07,62,Male,59,32,old
d763289f-8798-4931-b7df-7b152f0ce741,89,Male,155,19,old
ffd29b86-ce82-4896-b9f2-748defe60fbc,32,Male,93,89,adult
da1dcafb-2b82-462c-b47a-1c303cb9e39f,87,Male,198,99,old
3ec461a0-0e2c-4417-b4ac-1afdfcb0c81f,84,Male,80,92,old
ee7c8322-0a4e-4182-b1c5-c082b808c391,80,Male,77,70,old
cfbd39c6-dea8-4222-abb6-97e458f12947,72,Male,150,12,old
8dd4ef0b-3a97-423f-9f72-e76801ed8c7d,18,Male,52,70,young
c9967824-b2dc-46e0-a25f-99d60ee395b0,26,Male,37,92,young
50d2b901-aa37-48b6-8b3a-c75e4448274b,22,Male,41,67,young
2b942a5d-834a-47b2-8dc1-bfa9b16248a4,32,Male,100,73,adult
634b7220-eccd-4b55-aa94-75b4dccc59c7,25,Male,165,14,young
74d65748-03dc-4c6e-ab79-044a9e4f8276,36,Male,66,49,adult
9d4235c6-f9c2-4bc1-bb01-691f492be870,18,Male,186,81,young
2dc47c88-3fef-404d-bf93-5e82e3c0f90e,70,Male,42,53,old
aa70c8dd-73e9-474c-85c0-3fa444e1776d,58,Male,125,69,adult
37ed6c82-bf02-439f-80da-690f6e6b22f9,30,Male,38,14,adult
49b40e79-65bb-45ef-801c-8cc2c804e329,66,Male,32,2,old
b4da76ba-4d56-4bcc-ac2d-6dda94ef2643,50,Male,107,25,adult
e636f79a-96b1-4799-bd45-b371ece1ca66,63,Male,99,51,old
9078d828-f299-4ae5-be57-b8c72cf1226c,41,Male,113,55,adult
75667ebb-553e-4c14-ab2b-a12c04ffd01d,23,Male,174,76,young
75cf899b-18a4-44eb-ab67-08837e0ac981,89,Male,176,79,old
f72b107b-319e-415c-9c10-c743f6b271ed,76,Male,56,85,old
1b886e22-fd34-40f7-bfcb-6a4f3383c358,41,Male,75,90,adult
a945dda9-eeda-457d-9835-fa83eba56c4f,62,Male,145,55,old
bd814d88-2a64-49bc-9fdb-e0145c03598e,38,Male,23,85,adult
859cbbe4-d0f6-44f9-9296-7d3f45108909,49,Male,27,43,adult
0e0cca23-9afe-426d-ac65-e75ee8d6493b,81,Male,182,9,old
dd8b3218-05b5-458d-8ba5-f6bc0efb9459,27,Male,31,52,young
6bc20010-091f-40ca-97b2-6a88242dbe6a,48,Male,81,98,adult
b7c9fe4a-7c7d-475e-be78-e24a42557b09,90,Male,150,37,old
0defd65a-fdcc-4446-9c4a-19db354fb41a,63,Male,73,7,old
7481d4a6-f38a-4fa9-bcc0-4cdf7d658c19,53,Male,112,66,adult
7ac757a0-e0c7-46c9-99d6-d32cc3abc121,45,Male,59,73,adult
f11b37ae-f06c-4cdc-801d-2b5b34a0a1fd,44,Male,61,5,adult
1e6f6ada-6b28-459f-82f9-3acb5982af83,52,Male,144,87,adult
41ef0990-85f5-4061-ab03-2bb3e2cdfb86,40,Male,112,15,adult
c3ec6ae6-577d-4214-9ccb-227f1bd97ec9,84,Male,115,4,old
5cb774f1-cf22-4fd0-8782-93b8056f387d,33,Male,176,21,adult
c0898f6a-28ac-4631-8ef1-e111828484b8,46,Male,160,4,adult
08bb1369-efde-4d39-87f7-9aa83bdc55fa,29,Male,140,69,young
6dfa0a99-e5d2-401f-b24d-e97234c99111,37,Male,151,37,adult
2e7a4b7c-ca69-4838-b962-9fa4df5b47d9,34,Male,146,95,adult
ad1c5de8-1d52-4ec0-a927-c981edf10363,55,Male,154,26,adult
8746f2a7-55d0-4997-bf93-e0ed1b2ca13d,78,Male,95,6,old
5d5bd22b-ebcb-468d-863e-8f304f361889,86,Male,111,80,old
46d1cd70-7dbc-4326-9aab-0ea64882e5d7,83,Male,31,10,old
ec1b6b04-eac2-4e01-827d-d2f9d960bf77,38,Male,56,52,adult
4ff3270a-8395-46a6-b475-fd05d51f1a93,48,Male,112,13,adult
47449c12-a885-44f6-b210-233a584b8ef3,34,Male,114,15,adult
4dbda48e-2e00-48f0-b597-3d80e2b51c37,46,Male,135,61,adult
9b799baf-6aa6-477b-8c67-2582bc27e908,50,Male,168,66,adult
018dda6c-d6ea-4d4b-8980-a7ed0022d9d1,71,Male,57,17,old
c8e0e9e3-d60e-4a97-91c2-54c3f9fcaed8,75,Male,65,13,old
ad65888d-180c-4a6b-807f-4defbeb3f526,30,Male,27,44,adult
a3a48b42-d701-471b-aef9-7e444e2a687e,65,Male,48,72,old
a989d19b-32d7-452f-976a-4b7f0f34ff31,18,Male,155,97,young
b2dad626-4356-4b3a-96a9-83276074eb83,49,Male,78,95,adult
cb0fb94a-53d4-47b9-ad58-dd67c16f5469,78,Male,103,29,old
69182da9-9538-460e-9f62-23feae7df985,74,Male,87,22,old
b9b1f7fd-a5ca-48a4-b8fd-497ef486edb1,43,Male,29,16,adult
fd935c3a-940e-429b-a11e-459291622a56,44,Male,53,60,adult
54af0d5e-3dbd-42f9-a21f-46ecf50b8682,25,Male,123,51,young
48a45931-b431-40d6-bc5c-c1f3f0c4968b,66,Male,32,57,old
39b18789-42b6-43c5-9588-2cf98e6b6432,59,Male,126,54,adult
a82078e8-eca9-4772-952e-449ccd113f2e,60,Male,70,51,old
efa28f9e-72e0-4636-9e13-0a01d3f836fa,30,Male,188,2,adult
77242586-d390-49e6-ac31-874ee625e9a4,61,Male,95,73,old
28028afd-d566-4ecc-a8d3-fcff44ed92fb,41,Male,180,11,adult
8749c8f9-f1c2-4a07-a203-d75a2d5ecaf6,86,Male,69,51,old
688df0ed-bd81-4956-9308-604fcb9c3262,21,Male,66,36,young
aa56f6c9-8415-4a7f-b5e2-a41f600a4fd7,81,Male,174,92,old
445af05f-12ee-4e4c-8e1e-0657ab22b28d,31,Male,191,14,adult
15882dff-3e42-44a6-beb1-e764c3ff752c,90,Male,147,78,old
ed022725-bf3e-45e5-b80c-05ac81fee5d5,44,Male,38,38,adult
79d31269-e7e6-4d60-a493-d302346a8eed,77,Male,71,14,old
2c9ddb43-9d62-437a-b50f-ace4ce1a55c2,60,Male,168,17,old
4ad320d2-0faf-41af-8df3-2161c7e0296d,46,Male,180,49,adult
e9cdc280-78f3-47bd-b7ff-718608d4a32f,34,Male,195,23,adult
5837eabc-c39f-4ffd-a3cd-caefab887980,76,Male,54,52,old
405e389c-adb7-4fee-a7e0-388231c5921c,71,Male,176,11,old
7de4c766-2926-4b45-851a-153caaec622c,85,Male,110,4,old
619703c2-ab16-4b29-8547-dbc552c560a1,34,Male,58,91,adult
d0c87ba0-038b-4b39-b87a-40269d916c33,21,Male,89,6,young
96894e06-8adc-4f47-bc3b-762cec43b3e9,42,Male,142,56,adult
c5a01845-40e3-44b3-960d-bd711b687702,67,Male,44,18,old
2a05804b-f2c7-4c6c-87c1-87569fe31188,66,Male,99,81,old
d756d8ec-957d-418b-b096-b7f788421de4,89,Male,127,63,old
30cb8047-5870-4ae6-9609-5fc1a435c149,36,Male,169,72,adult
c3d56363-7ae6-43b3-8649-9b49c590bb77,53,Male,53,47,adult
0016d8f9-477c-400c-92e3-39c01f65ea8d,59,Male,88,14,adult
9aafcfe5-c5fe-4aa6-a430-4e8d88cd1417,79,Male,140,49,old
c4a21596-f26b-49bb-9f6e-ddc0d87656b2,41,Male,141,100,adult
719c2aaa-5061-4398-9d07-06bb1bb9f7d9,57,Male,88,6,adult
39ed3bed-1c65-41c5-a4d0-cca251b753ae,57,Male,137,3,adult
351e03cf-5b6b-4f32-86c4-84dd0c3d07e8,26,Male,109,88,young
bc1bc1b6-bceb-4b39-977e-a2e5447e3715,27,Male,110,91,young
6faafe9f-e929-4137-96cd-32b3183d9fa8,30,Male,84,30,adult
464a88f5-c91d-47a7-8b20-ff6edcfe0eca,47,Male,132,63,adult
68a75083-ade5-4dbd-9d9e-2932af6bda01,89,Male,38,3,old
fd8b7cdf-78da-4446-b599-c271471a0d14,24,Male,36,44,young
80ef8a5b-1370-4d4b-a675-16c2099ec32c,36,Male,196,20,adult
c7f454e2-cfda-40bc-ba1c-bcff7f61ce3e,41,Male,141,70,adult
94175efd-7340-4ef6-acf6-f25ed096bde1,77,Male,116,1,old
0487bb02-ae40-45da-a209-3428400f9290,70,Male,62,86,old
b17736d5-0e01-4051-a6ed-a0fad069c7c8,73,Male,71,87,old
a69ef19a-0d61-41f7-b680-f891118f5bd4,59,Male,27,3,adult
d4b64d57-0b98-431b-8004-fced1da36f15,83,Male,57,15,old
966b20f4-448e-4806-bfb7-203dc2330493,58,Male,168,7,adult
ab9ed2a5-92cd-4cdf-bf3a-de0adbe94971,32,Male,20,54,adult
6ed5f080-0dff-4564-8ed2-d74ee102c531,51,Male,31,11,adult
4c3f4df8-58ee-4784-8b83-065e7582ded2,51,Male,173,32,adult
016ec6c3-4748-461c-983f-d55e29ec8aab,65,Male,120,3,old
132bf014-a58b-4a55-9da9-71b527fb505c,74,Male,169,37,old
7021f5f8-766e-45f5-a214-f4fbbb239f37,53,Male,26,91,adult
20f94aac-8d7a-45a9-8cf4-4b3292e4216e,78,Male,106,2,old
a5416e13-7b4d-4b22-b8b7-bb9bd83bf591,60,Male,193,77,old
55893ac6-283a-43f9-aa2d-4f68aa86fa50,63,Male,76,60,old
b86fa914-af65-4818-9595-8635b25373c1,76,Male,135,19,old
194b3148-8e1a-449b-8581-c3913ae40223,23,Male,36,91,young
dbf918b6-7ba6-4e64-99b9-b9b5eefbfd95,76,Male,143,84,old
b4f411c3-1aa7-4f68-8fe2-497f295f6937,68,Male,156,25,old
ca4eb6d5-c0fd-4b8b-8417-70f4c2506a4f,86,Male,167,51,old
759f2cfb-0257-4842-95ca-7377e74fcd1b,32,Male,24,68,adult
b148e7e9-4b6d-4efb-a1de-e033f7f10159,79,Male,189,28,old
8efe0afc-05d5-472c-8df4-914eff0aa588,45,Male,199,63,adult
ed641698-1bea-466e-bfbf-4945a6bdc4d4,58,Male,74,60,adult
37ff186d-ec92-4e82-91e5-e9cc67927dac,61,Male,74,14,old
625db59c-1a90-4c6e-9277-b9a2ebd7fa36,70,Male,95,15,old
3e92af96-f434-44f0-9a82-a214c0d13b03,20,Male,190,58,young
eeb4ce8b-788b-4261-bd4f-7b959bde6636,86,Male,166,64,old
cb02d5b0-ac13-4e84-bded-9d478f9a8ea3,41,Male,102,51,adult
1f3d2e37-c21b-40cd-bc84-e8d2f5345a5d,86,Male,176,29,old
91eaeb1b-2521-44d6-8ea8-53b14ac4a533,34,Male,172,32,adult
4fcb3d38-be9f-430e-b293-58978f9ae0f8,75,Male,60,67,old
37b9d347-0513-45f9-b753-64119bc5f19b,51,Male,131,71,adult
bc991f92-b7b8-4c81-aff2-b453dbb026f8,62,Male,103,98,old
ed71f8f2-e7ad-4e09-b83a-ea1c0793db27,63,Male,141,57,old
af8c6e0e-8f23-41a5-977a-a7144a39efcd,47,Male,62,82,adult
17f368e7-3b27-42c9-b918-13254a03afb3,39,Male,131,26,adult
092da456-fcc9-49b4-96bb-014138f92a5f,90,Male,176,76,old
453d77af-a7a8-46b9-a57a-a2c27b8aa50d,74,Male,76,4,old
72f4cacb-8960-4d2e-8c2f-d373ecd21a9c,44,Male,94,16,adult
faaf02bd-5c95-4cae-b20e-0ff12082fb20,35,Male,108,56,adult
a605195d-05fe-41c3-84b7-9c0672e74c61,76,Male,171,13,old
557b3286-eb76-4452-8ac9-57d30b7ef57a,82,Male,191,76,old
378ab098-0878-4e90-b383-dec2c5fac080,75,Male,194,63,old
039277dc-54c7-4f15-8206-a71656afc1b6,78,Male,27,79,old
838d5b64-3ab5-4c5c-9c3a-b3a7a5a9a5c6,89,Male,99,85,old
7fdf91e4-048f-4987-bea5-a4a2a537818d,18,Male,78,1,young
f3ef2131-e2ec-4fea-9300-50bccdd8e143,63,Male,172,82,old
187a21a7-e868-4dca-875c-2462327f8622,74,Male,136,66,old
821a4a0e-e0d2-4ad6-aba7-a85bcd04dd4b,22,Male,81,90,young
a8bbef53-ee92-48dc-9d22-b71ba86a0608,74,Male,189,78,old
0b834c85-7d5c-48dd-aa63-a6de67b7488e,50,Male,87,65,adult
11e5600d-35ec-434a-bb27-184cbc0e0c6e,34,Male,192,1,adult
68d23e3d-fee3-4b13-a8d0-b0ee23f4c4ba,44,Male,182,18,adult
4c3d5b47-b985-45a7-8c32-40dd8e9a54d6,55,Male,175,8,adult
52dbc5e4-b3e5-4df9-88ea-1c1ff1cc31d4,75,Male,35,30,old
1f8b9c5e-b06c-44bc-99f9-47cae6886094,53,Male,170,96,adult
196d5cc6-7a16-4d5a-a7a3-cd554cbade5c,62,Male,41,45,old
e34dac07-aa87-40c9-bbb6-6d36fcf13663,86,Male,122,74,old
d025e8ca-1a37-43f3-b829-87c7d1cdfd3d,73,Male,54,85,old
d0fd9fe9-2f5d-45ec-a8b4-0b0c0c1b661e,89,Male,103,57,old
d63fd05c-b9a2-4811-81c2-68f416a671bd,86,Male,110,61,old
2e4353ae-c708-42de-a9b1-010943cb8c38,34,Male,91,8,adult
82d061f6-8bb3-49ad-8a57-09dc00014ca6,75,Male,49,42,old
6703f33b-9839-4025-bff5-6d05f3c2f9ff,27,Male,186,18,young
f3432f13-ba8f-4eb1-a4fa-5129424b3b60,58,Male,35,12,adult
f49a8080-3e2f-47b4-b794-f3143d9bb72e,71,Male,141,71,old
ba0e5f5e-a784-4c83-ba13-419da3b85ad8,47,Male,128,41,adult
cadc7413-ac16-47fa-bf21-c8a2c0984e24,24,Male,184,47,young
a1b5e7f5-d9a2-4397-b622-f8242ed997cd,57,Male,134,34,adult
a3bc7606-24a5-4790-9d02-5de6eccd62b8,69,Male,49,31,old
39b45286-6d70-4783-8670-f4bad2ef41a5,66,Male,175,51,old
244206c1-4040-474e-b60a-220b3c2a6d88,70,Male,85,50,old
4ca76722-8e4a-4e59-ae30-31ce5a8541b5,56,Male,59,66,adult
7f29be4a-2ab2-4042-9dcf-984a730fdce1,81,Male,66,74,old
25e44643-e250-4a8d-8658-426155ed3347,77,Male,31,98,old
0d2265bb-e8a4-4161-8c6b-cd7c908b35e8,33,Male,30,63,adult
f3670c26-72cf-4aab-8c19-75dcba0f9d7b,35,Male,110,24,adult
d578afbf-1c8e-4f2a-8260-62027160f592,61,Male,57,85,old
805097a3-ecc1-4957-aa64-cae0befc6ada,83,Male,174,45,old
b7f5d1cb-7994-439b-b76e-4094c6296ddf,49,Male,26,56,adult
27c14390-4aaf-42d7-b747-4e48c9da6b1e,47,Male,30,73,adult
2ae87fed-c030-44ac-823c-40d5725c8955,62,Male,150,76,old
f448c5ab-3810-47c2-814e-3dde55a883a2,26,Male,70,30,young
f993d429-df5e-4482-95a3-7be976919ec4,77,Male,111,43,old
e67bcf01-5cd2-4fbe-b24f-7ad896048f46,41,Male,181,45,adult
d63f3c41-b848-4b9a-b4aa-8ec1f721ca75,54,Male,181,35,adult
896493c6-6dab-4b2f-9ab1-b0c253e92682,73,Male,40,39,old
dae9914e-5c99-496e-9a95-93bcb6f8137c,30,Male,163,55,adult
31f5ba76-58ef-4b07-a2f2-2fe29835a17d,81,Male,107,54,old
bb3cb581-7f2a-4882-8294-c4a09331b63f,60,Male,48,24,old
c8278f2f-e44a-487b-ac1b-dd05695210c9,31,Male,132,26,adult
d69341a4-8016-4b8a-80d2-9f2d9305ddad,58,Male,58,38,adult
f8f2cf17-ab92-446e-84d3-4e45c553ab7a,25,Male,95,19,young
53270789-8f29-4ee1-8f66-8817b520c33a,21,Male,24,43,young
1889c8e6-888e-4f86-a015-086bdfed31df,53,Male,160,52,adult
589c49ed-9de3-4ee2-ae34-be572ee40b53,56,Male,111,11,adult
fd100374-927d-410e-b72d-2f17ecc89020,37,Male,59,61,adult
3a1e43a8-4b7b-4f01-8597-6073d7cc65f7,34,Male,199,91,adult
404336a8-94e6-48d5-bebb-adb76f8497ea,21,Male,120,78,young
c803b605-c574-4dc5-b09b-0223a3c6ded9,68,Male,123,12,old
53f8cd18-fa27-4f21-ad25-57c491ec52c7,47,Male,123,99,adult
45527a41-9fca-43db-a098-c6408ba2faeb,40,Male,48,12,adult
1dfcafaf-553e-4ed9-9f2c-a2f1865b87b0,21,Male,93,41,young
b81e5a2a-e830-4069-8ff9-5d377b09760a,30,Male,136,79,adult
e93187bd-2dba-4364-9aac-88703d762124,50,Male,58,88,adult
f31fc82f-b632-467b-90f0-08bc81145452,45,Male,98,18,adult
13f1b809-79b3-424a-ac05-d0c4b2c0bb7f,61,Male,84,19,old
9bc5328b-0d2f-45c0-9eef-029281371864,80,Male,144,14,old
a5d13f03-68fd-4b57-a814-0131275ed361,26,Male,59,72,young
ab9de0ed-d6e4-468a-99d1-6d6c41a3ed96,72,Male,162,97,old
617edf51-b1d5-4fdf-9c32-03c1adff3d89,49,Male,165,74,adult
6df543c3-f40c-4ece-9ae5-2073b035c079,29,Male,163,22,young
f5e8b700-fba2-4c13-b0e4-2dccea6beff5,76,Male,60,84,old
46479d9d-4d13-455c-84cd-c031bfc826bb,51,Male,142,27,adult
9bd60480-4b80-480a-b501-2de4ca776a95,34,Male,79,13,adult
7f7c3334-696c-45ed-bca9-819a84b7ffd1,62,Male,51,5,old
0fac2b9c-3093-46a5-846e-39c42d3cc2af,50,Male,180,50,adult
3d444b53-a752-4ffb-9c0c-4ac0bf0506c1,68,Male,53,100,old
5ffab046-e11b-4801-bd1c-b8af3bda168f,84,Male,187,57,old
f33d44f1-e323-47f1-b64a-927023f1f5c8,29,Male,122,65,young
b360b1da-ec8a-4d9a-913b-891339011f19,40,Male,175,69,adult
17b1c1ab-9a8d-4e1b-ae01-475224844532,89,Male,154,78,old
8a494a1c-db74-47aa-bbc5-d619999adfe8,86,Male,49,17,old
857339af-625f-4cab-b6dc-efe55e1ad472,35,Male,50,23,adult
dfb1240d-49d8-4065-badc-7b4b055b5c54,27,Male,49,18,young
b423c093-24f3-46a4-a0f7-082a0d8d0ab7,71,Male,59,40,old
cbea498c-ef28-4589-84b3-92f4b0cfb801,50,Male,86,35,adult
4981f71d-bfa2-480c-b3c2-ec20e9f1539e,71,Male,190,51,old
665cd864-705a-48b5-b327-02e84cf57923,89,Male,164,83,old
37a09231-a2d6-469a-92d6-19f9c71a9f9c,75,Male,80,6,old
7d7e2169-e2fb-4078-a5b0-c220f2588c4a,39,Male,21,81,adult
1173b9c2-6f35-4434-9d04-2021c5fff700,86,Male,135,14,old
8fb72ba6-e488-4ab7-8a50-c52d091fdcc8,18,Male,98,60,young
a2c73b34-c565-472e-aa2a-e9afc8b28ba2,77,Male,139,36,old
39fa8b24-03d2-4ca7-8f4b-0ed12c497657,53,Male,123,19,adult
0720ed57-0d79-403b-bc23-7fdc9844b254,45,Male,120,7,adult
8f4d3cea-614f-4184-91e4-1ecb83d85eaa,33,Male,158,22,adult
8be38cd4-cd91-4165-bffd-ba02ed9638cc,47,Male,121,52,adult
fc493338-7e63-440d-8675-9e20a612be6e,55,Male,97,92,adult
f1f729cc-0cd7-4fe0-9679-848714b29c6f,71,Male,189,83,old
0c71d358-acbe-40d5-862e-fcbdf1ecbdca,67,Male,198,65,old
57924640-b608-4bdc-a250-787ae025623e,38,Male,89,77,adult
67e64576-680a-4bbb-94b4-e8f8d706dbfa,46,Male,151,72,adult
d409d6a4-95bb-4bc9-890c-237c731a2bf9,86,Male,134,30,old
9167c9d1-649b-42ad-9674-a4b3ffb0d969,79,Male,165,38,old
e385ce12-04c3-469a-8280-25e9c334dfc3,27,Male,170,42,young
279338b7-f558-4ad1-94fc-8aeb57845cb0,42,Male,25,17,adult
c13c3f16-b3a4-47b9-8b50-fca9a5fb287b,20,Male,132,69,young
49af3de5-23c8-4967-b449-c15ca51e08c6,38,Male,126,95,adult
0ce16e9d-d23b-4099-876c-47e0ac81d20c,39,Male,191,7,adult
c8f18f9d-0a34-42f7-8465-2875563fda5d,36,Male,148,46,adult
d4fb4042-6f2a-4358-bd8c-354b18577ef0,35,Male,117,80,adult
5853fc18-5c79-4c67-ab6c-83063c993134,36,Male,157,72,adult
fac43242-c79d-4f84-ae75-81c6c13de98f,55,Male,92,7,adult
936cb0e0-937b-48a9-ad9c-ba6b0c8e9853,75,Male,190,8,old
891c3834-c099-4094-b879-1728a59c1886,21,Male,184,80,young
28a7987e-4d27-4c78-ba47-602dc0051bc0,73,Male,21,82,old
a3dc320c-ab7b-40e3-9021-1101de74e7c1,69,Male,103,9,old
4511e45c-f219-4dbb-b07e-47ac82689c6c,56,Male,127,56,adult
4121f10c-2958-46b5-bb81-340b9325aeac,49,Male,119,1,adult
9915d037-ed00-43bb-ab1d-73e3df6a61a1,39,Male,164,31,adult
ac00dc6f-4038-4120-8f64-f43ad03bfcc1,42,Male,180,39,adult
22244611-a14e-4cae-bbfe-b3d7981f3cb5,21,Male,171,28,young
d6d1bde1-500f-45b8-b47b-d977e34f1c82,28,Male,189,24,young
d4beb366-1b53-4bf8-93b4-95bc65cdf7ff,33,Male,122,14,adult
5d6850f5-4f82-4ea8-a4c3-7f3aa5d83eac,85,Male,104,45,old
65a39592-0f80-40d3-9f6c-7646cb036461,87,Male,31,19,old
ffe083a4-ad6d-4d51-a68e-3c4bd7b40969,40,Male,182,73,adult
ae4abfd9-be7c-46c9-8e46-7157fda6c4e3,50,Male,106,29,adult
82ba7c9a-9fad-4ca0-8407-f70cf22a1f6a,51,Male,22,33,adult
a67ae12f-c116-4def-b101-5ac7fa5388b9,26,Male,147,52,young
14112864-fb0e-448b-b030-ad4272363287,33,Male,196,65,adult
ebaecfdc-c77c-4dfd-ae5b-4d884e4193ad,20,Male,63,56,young
3246beaa-1b8f-4d51-95fe-bb23b6171671,57,Male,94,39,adult
2072f0cb-1883-42d5-b69d-a038db6c3712,18,Male,126,36,young
076e13ab-069a-43f6-9715-f8820438e923,39,Male,116,23,adult
655a0d40-4f2a-4012-b940-5cc6a5aa01b4,54,Male,104,12,adult
d17106bd-5b8b-469a-ac08-e70fa1e0c025,86,Male,31,49,old
7b403bd3-bcfa-4dea-b9c4-6745f202adab,87,Male,109,31,old
b81665aa-0328-4545-9ca9-e24877e72c9c,59,Male,56,99,adult
82daa76a-d260-42b4-9cd8-af34d0667915,44,Male,198,50,adult
f9a0993c-b193-4688-b8cd-1181d295ef5d,80,Male,125,16,old
5f4c689a-e080-48d2-bd48-a504c908b2ce,77,Male,131,46,old
48847c9a-7dfd-4e94-8cc4-945729b3c63e,45,Male,60,38,adult
c9ac29bc-33d2-4d68-97f6-19f11da96ca2,78,Male,175,59,old
a9d5bedf-ab00-4f63-b9ce-2c1721c97b3e,89,Male,113,65,old
c61a004a-6713-48de-8f3b-d7f28c66bc08,36,Male,20,32,adult
39ce36e1-f504-4898-8ef9-3d517b57c491,19,Male,68,47,young
89d759a2-7828-48bf-87d8-2cd9730698ce,51,Male,65,56,adult
776b1f97-20fa-4e69-b3d4-884fd4e20596,33,Male,59,42,adult
fd67e537-ad90-4b36-9279-70c2fcb10bc6,29,Male,70,95,young
d1ba69e4-1c2e-4c64-9b82-458114fda0bd,60,Male,94,87,old
ea365512-70a3-47cd-99bf-e92761512df6,44,Male,104,66,adult
459c761a-3aa9-46c6-8387-2374d66ed7e3,89,Male,81,12,old
8d608cab-6cb8-488f-9c70-b89bb5defccc,72,Male,134,82,old
21aadaef-22d2-461e-8df7-8a3d02d43524,55,Male,72,71,adult
5bf00065-3234-44bc-81e6-a4dad6680347,45,Male,111,7,adult
e79a9363-de5d-4952-882c-d88bb822fac8,67,Male,67,22,old
49ced4a6-2e1a-454d-8432-fda21c4969be,41,Male,117,3,adult
4c41378a-42db-435e-916e-83bade060731,40,Male,84,35,adult
3ace17f2-f559-4747-b04c-0b890587ff92,61,Male,185,15,old
d97a3c44-f707-41bd-8d60-0f0e76cc0a86,84,Male,119,69,old
c54298c8-f719-4e07-a4fe-114b8d10942a,81,Male,193,59,old
361334b9-8574-4a6b-9e12-d9b3ec71c6ec,80,Male,148,4,old
08dbc024-1b60-4249-93ef-ff1541902cd1,36,Male,167,77,adult
c69737f9-ec0d-4fac-800f-518c51c5f607,88,Male,34,22,old
043163e3-0289-43f3-bf23-fa79eb4b8921,86,Male,175,34,old
011682be-4758-46d2-b367-f716a3f38cfd,67,Male,144,96,old
0a048b40-bb6a-4be2-900c-31367c9e1eb6,59,Male,97,54,adult
9641c0c5-77ac-4aae-b2cb-3c8374e4af84,75,Male,80,5,old
f99a5ec8-20aa-4d6d-8261-a61eccac5ac6,64,Male,157,36,old
b205854b-05b5-4022-82b3-a6abb6c2c456,67,Male,50,92,old
9a866825-fcde-48f7-a06c-439018242c51,25,Male,29,97,young
0b794177-f88b-4091-b7ab-58c1578f7566,43,Male,75,38,adult
043d9c2b-55ad-457c-941f-254ba1ab80f8,32,Male,37,53,adult
05de84cd-0b42-4051-8785-bdc271d73daa,33,Male,64,26,adult
ad305e7e-1d94-45cd-839b-865cefd3f4c0,26,Male,32,75,young
81f611e5-3d2b-4a22-bd92-8cee41890e74,76,Male,105,53,old
bf017858-f6b1-4778-b62d-8aef7dbbcb2d,53,Male,165,84,adult
afaa6462-ede8-452b-971d-0fa1af5a10a5,89,Male,188,21,old
16526842-8a3f-4e27-8125-30e9b65a01e9,36,Male,150,69,adult
e2366119-b16c-4dd2-b6dc-0a5b7ad3bb0b,50,Male,181,59,adult
70bf8ea3-26d6-4ff9-aa6b-678775138432,70,Male,110,22,old
16737426-b43b-4602-bcb0-d8e2749ef1c6,54,Male,74,49,adult
24f85087-2d35-4092-a1cd-af9a0fa13967,62,Male,185,65,old
c8bcbd73-0b2f-4672-a908-24e7223562ea,40,Male,200,45,adult
a0899d68-33ab-48f0-8cd2-d03f34aa4a78,22,Male,101,66,young
dda0311c-145d-4209-b0b3-5429afbe8b58,35,Male,137,68,adult
d19b1d5e-3bf0-47e2-bdb5-8bc09f3c758f,87,Male,80,32,old
0fe3a53a-c676-4858-bde1-7b45cc92ef63,55,Male,113,59,adult
7a3f936d-2c3c-4207-b055-b29c07e02726,54,Male,134,21,adult
4dac7355-e1d0-435c-b443-27252526c358,38,Male,59,42,adult
51dc55be-b43c-4e50-b4cc-709d28119bea,25,Male,98,9,young
161d0c9e-ed37-4437-8402-32f5064d3803,34,Male,42,50,adult
490d2133-7cf0-4a2a-8c0a-a481e935da41,45,Male,67,18,adult
008e30be-3e1a-4f64-a739-9781ef62380f,30,Male,75,91,adult
7a5e6b3f-3ee4-4357-bba0-8a3f8070aabd,70,Male,155,88,old
68923abe-eb94-42c4-9d4c-f325d6ef2b93,37,Male,169,27,adult
ff6b3ee9-cd43-472f-93ef-ab17ce121b83,61,Male,37,72,old
b7ef3f3f-6e96-4662-99f7-2ff0e0bd3cb4,53,Male,112,2,adult
56f6764c-9c47-480f-812f-a130cab9de43,84,Male,85,83,old
8ba7f89d-73d9-4daa-8cc3-922583b23dd4,49,Male,20,61,adult
1534c4c7-4966-4b99-8379-d1e78fc40c10,49,Male,141,15,adult
2c8f8ab9-611a-4955-953f-bd1fbdfe8e74,87,Male,87,32,old
50bbea35-f1b3-43bd-a951-75afaabe534d,62,Male,145,15,old
847d2ba9-69f3-440f-87fc-9544f1b9a2b2,67,Male,166,19,old
f1a2c001-0778-4864-b1ab-b2bd42119577,49,Male,61,26,adult
5919f7ac-bc36-4f25-976a-ce540eddd87a,45,Male,36,92,adult
42b0bd93-6ee4-4212-b432-185e72467c6c,47,Male,182,5,adult
e0b88528-55c0-4cc0-8bf7-6fac1eb09965,26,Male,177,1,young
5eed363a-ebf9-419b-a420-d4701c86146c,80,Male,187,74,old
176fb9ee-cab9-45e5-b300-d569238cad6b,74,Male,176,77,old
bfee721e-5530-424b-bada-930dd820d809,81,Male,171,71,old
3a4328a6-358f-4e18-9641-8a6e9d8a7bb6,88,Male,139,58,old
f46db34a-217f-4d32-9aa1-09d20bdf3072,31,Male,193,41,adult
17e2efde-0b08-4147-8837-0432ca293d3f,72,Male,97,9,old
c6291445-75fc-45e3-947c-32a39a0e1e8d,18,Male,159,12,young
41e7e83a-56d0-4c16-bb7a-4b87cc49665f,80,Male,154,95,old
125008fd-589a-499e-8520-3f68c349bdc1,35,Male,105,96,adult
acaab6a5-dc5c-47a4-b22b-4144e0add923,43,Male,63,84,adult
187f14d5-2811-46d7-833d-7b9f621dec3c,76,Male,39,35,old
d97e0c54-984e-49cc-8291-a080ce2515ca,52,Male,95,84,adult
36ea607b-cf64-4023-9946-b7ea1778a5b8,85,Male,88,88,old
c7cfc576-f03c-4318-be40-7b17882127d9,70,Male,131,92,old
1c798021-7bcf-4150-a8e4-ff5b00a8e739,24,Male,176,85,young
24fc9d43-e908-4ac0-b635-0d92221ffa71,38,Male,25,68,adult
104edcd6-1e44-4b36-9241-4a62761d0750,69,Male,178,58,old
1e8a477d-69a6-41f7-9c5c-623cb7645e78,23,Male,190,99,young
f7407286-fd3e-4692-ac73-efba03c1d7d8,79,Male,124,97,old
288fcb1e-f069-432a-861d-245fa3635d00,88,Male,105,22,old
04d2e557-8a6a-44cd-9bcf-9696d4ba7b76,54,Male,34,32,adult
3faa000d-318f-40ab-9567-9b10869cbb5c,42,Male,21,39,adult
dfae118a-acc8-44d5-ad6a-a2591e735f0a,89,Male,33,62,old
f646c071-93c1-4b56-96ca-35bb018f36e8,68,Male,128,36,old
a08fa49a-f9ab-4f1a-ac7a-cd0e81a261fc,85,Male,144,61,old
967c99e0-4401-4d1a-b984-69de982808ed,66,Male,100,39,old
6953d538-bac4-4ba9-a52b-810d06be8548,82,Male,150,82,old
d2399b85-24af-4f1b-91aa-9da12c79defb,57,Male,126,40,adult
4cd58a74-1126-4be6-8fe2-7fa7dabc6198,33,Male,104,77,adult
2021780f-59fa-41a0-a3b3-6296b4f2ade5,70,Male,173,3,old
5de91ef0-f2c2-4d14-9e82-6ddb7e3f3364,59,Male,126,13,adult
cb9299dc-9f0a-4a2d-80ba-0a72f9e72472,49,Male,95,5,adult
0ef1667c-e599-41fa-ab03-3272fed3a606,34,Male,100,62,adult
bbf64356-afaa-4e0d-b634-78168c8b2a39,45,Male,155,61,adult
5959ffb4-a9b6-4355-9daf-528ec0420dc4,85,Male,115,18,old
ac9b0896-2626-4d9d-b65b-68a34d05abe3,26,Male,111,57,young
b3757354-9040-4f44-a909-1b77a224db5d,73,Male,23,57,old
76966eb4-80f0-4527-8d0b-6200fa2b7df1,54,Male,66,92,adult
ca76b19e-85cc-47df-8484-d3513ca65742,57,Male,59,76,adult
32cb6f0f-f952-462e-8a2f-8fa063ca7d22,52,Male,160,58,adult
a4a0a60c-ce7a-462d-8274-4d74fb80ee68,40,Male,35,11,adult
4078898a-58f2-492c-8780-5d27e1ecdf56,22,Male,136,91,young
67df4c56-1f24-4c26-a92b-1227d3b85452,51,Male,168,72,adult
4efe55a7-06a6-4d9b-bbcb-11442d4de14c,64,Male,78,71,old
cf43904b-39c9-400d-b441-1c3983ec4675,41,Male,158,21,adult
2044e6a5-4bfa-4162-b2e0-f43eb0e479b4,30,Male,78,33,adult
8e96e8fb-8832-4731-b445-3dcfd7da07b6,72,Male,152,75,old
6e7050b5-d139-480f-af95-7e51dd3db0a7,32,Male,80,81,adult
11fc0b6d-c974-45a7-9f30-221da7b1db67,51,Male,173,13,adult
56e0b405-5b10-4df7-af2a-be393d4cf47f,23,Male,178,47,young
6f2a4203-6167-4f26-a996-66b569594a8b,45,Male,155,76,adult
dd976efe-43e3-4e45-bf1b-b421afdc66c4,28,Male,154,87,young
b69838a6-ab59-4855-beaf-d34a8832453f,73,Male,186,21,old
dc006809-07ef-4a6c-bdcc-ae2594426ca6,60,Male,122,55,old
26bddd3e-6b93-4700-a462-30e8ba6daf1e,30,Male,173,56,adult
1cb6197b-319e-445a-9bd1-f43243123f01,42,Male,175,86,adult
7a549007-219d-4b4d-b2f7-66091464247d,21,Male,27,89,young
ec245963-e960-4fb1-86bb-84dc931c3632,89,Male,77,68,old
528a101e-72a1-4fab-8c5f-8d9de4f9a134,31,Male,177,24,adult
a90cea24-1f00-4853-82af-5f4bc17a1023,47,Male,25,17,adult
5b03d26b-cb1e-4d76-a395-56bbf4081dee,43,Male,156,79,adult
ba75b90f-f270-4194-a48f-999286964558,25,Male,103,20,young
7a1825b3-6d34-469a-acd3-6b5f7f049294,26,Male,149,85,young
2b0d8e6a-787c-42c0-9821-85fbbb82ffe7,25,Male,93,78,young
50905d39-4b56-4acc-b29b-52ff7db18c91,75,Male,161,72,old
985ac88d-5c46-409a-bcff-3ea3a949949d,62,Male,52,59,old
02effb81-dd2b-44db-bf4e-097257e6f520,38,Male,165,32,adult
9b8ba760-2fd6-41de-bc7d-5a6b24921385,57,Male,199,66,adult
0abef408-944f-4b76-8391-0dffb280b283,21,Male,44,11,young
3e7e602b-ba30-407b-b085-e2a188fb3f80,58,Male,81,40,adult
c742fce2-a43f-447d-9d49-a62cf6ad552e,35,Male,106,57,adult
979d70ab-4d7d-417b-a8ce-2816403dc41d,58,Male,91,96,adult
e6d69388-a478-459d-94cb-88b4621d70e6,85,Male,22,78,old
7d52d628-1d40-4723-804f-9223db41a55f,60,Male,54,26,old
233f0619-88a7-4979-a1b1-4002084e848c,56,Male,55,31,adult
ddb8937b-41bf-4ba8-a5b4-aa16e63454c1,42,Male,128,72,adult
1f8706a3-234f-4c0c-aea4-32b239eef897,58,Male,129,71,adult
ac6d2ca4-5550-466b-aa13-ff3712a2e9a7,59,Male,79,81,adult
e8df9f9f-af92-442a-b583-b49130b763f4,63,Male,128,90,old
2bb1a55f-bf1e-4bdb-9ae7-cb152033f56b,18,Male,137,25,young
cd37766c-379e-4c21-b05f-9d9e452829c5,70,Male,111,64,old
26264c3c-3383-41bc-a04c-587b98851914,44,Male,199,50,adult
31cb840e-8968-4782-9f1e-3d241918a929,62,Male,82,39,old
cbdd5669-eaef-469c-80ff-4642c0a57aac,21,Male,192,29,young
53778865-9990-4946-a72d-c094ba804def,69,Male,20,15,old
d64c441a-77e7-48ac-947e-4ac72c7970d1,77,Male,21,13,old
8a5bcab4-962c-4bc4-8eb7-678e10f70949,58,Male,21,21,adult
70214abb-ba02-4ec0-926f-ab75d00ead66,69,Male,167,98,old
11cfa274-609f-474c-b68d-60124aeb015f,37,Male,81,59,adult
37df2e8e-c2a0-4f3c-a0a7-572a6d244ae3,19,Male,96,66,young
a314bc12-1c95-405b-bd8f-7f0813e81187,39,Male,122,92,adult
8f3bb5bf-8f0a-416f-a55d-b7bc447071fd,56,Male,67,50,adult
ea2ffc1f-491d-41f1-a4fb-18801a27c13a,77,Male,78,74,old
17ca072b-9df5-46e8-8eb4-437e25c53794,88,Male,174,71,old
b4c1e9f4-fa97-4f5a-be69-33264343009a,50,Male,83,28,adult
f9e6417e-38d1-4141-b466-67681cde6499,46,Male,90,88,adult
b02076a9-7bfa-49c5-ac0d-af4dcd4cf0d0,56,Male,22,71,adult
cc49ee1b-3aa3-4c02-b152-234fdd66997a,73,Male,25,78,old
417118d7-5b36-426b-abb8-70af2542bcc2,25,Male,111,30,young
cf4d3c89-4f44-4174-85bb-6735ee5831c0,60,Male,148,99,old
fedb8c99-0758-45e6-95eb-c1f92b6e0c5a,85,Male,160,17,old
d136a54f-44f1-4cf7-b4b5-40c4bf584c88,62,Male,181,67,old
eb5caac0-4a16-4ac9-9e2a-2d266387cefc,43,Male,156,23,adult
7b581815-9c76-475f-b519-c882e06df29a,34,Male,71,62,adult
1e421606-5a74-402e-9a90-cc49df9ce3a9,66,Male,86,20,old
db43f686-7773-4366-a2f0-110386f7e7d2,30,Male,186,61,adult
358d8888-794c-40ef-ac42-7593eb39cda8,29,Male,43,22,young
4792e091-ef0f-470d-9a57-e223c765ec53,85,Male,182,1,old
bf8b60c0-557e-420a-9358-70c42633f93d,55,Male,130,67,adult
65592189-97c2-4399-a854-7cfe28705ef2,28,Male,47,18,young
154fdade-a739-4cb2-8d89-5eb8953e33c1,75,Male,191,97,old
d57f17d2-2c66-447d-9245-1c6cbe8a2e19,82,Male,160,44,old
a4993b54-01a6-4872-b927-29e81aa4453e,89,Male,95,58,old
9c83b99d-6451-4d71-be4c-98b8cfac6be4,60,Male,24,70,old
df794152-63af-4be7-8a72-112e4a65f0f2,42,Male,37,98,adult
5ddb8dc7-a7b8-4e4b-955d-c63fd16c223a,46,Male,136,2,adult
cb0f269b-6e7e-45c5-8e0a-919fd690a79d,39,Male,164,83,adult
aca58048-10e4-4bc6-aacf-332d1b1c1644,33,Male,74,71,adult
b1744459-3f9f-465e-8f15-f83d089365b0,53,Male,164,8,adult
32875e14-dbf6-48c3-9154-1935b34f8ad0,22,Male,75,95,young
63cc12a2-b668-4fe6-a9ed-9ad5a8974683,69,Male,125,54,old
3a622d3f-bbf0-4373-900d-ed341b1d1ede,57,Male,118,34,adult
e155956b-e41a-4878-88cd-78b487116eca,56,Male,91,93,adult
523e27d5-9f8d-45df-9854-e74eee75ad40,77,Male,136,47,old
b8239e3c-230e-4685-bba3-a83dec8a3475,29,Male,172,5,young
382e9214-a077-4d5d-ae48-7c29e75f381c,88,Male,66,2,old
8c68e55e-7ee2-41e2-bb93-0f628bac1d36,56,Male,116,14,adult
6f05b00d-69f1-4e98-a6f5-45684d3f263c,51,Male,105,57,adult
4fa561fc-c4fa-4fae-859a-221d73de1a2f,37,Male,46,63,adult
fffa24f6-7f30-4a63-b1d6-e95004a080b8,90,Male,63,35,old
e3ab211a-48d5-4f30-a3ec-744776db227a,35,Male,168,42,adult
06b8489a-5edf-44a2-b508-7d8b6ebbc8f5,76,Male,188,92,old
b30e5000-2a5e-433f-9e6a-2df89468e2d3,72,Male,72,88,old
7f3ed015-3a86-46de-b998-09528bf7f39d,85,Male,91,33,old
4e878449-44dc-46f4-b1c4-d448bad8ecfb,42,Male,141,72,adult
66b8467f-6ba7-4e89-841c-ef147a609171,59,Male,176,95,adult
03b218c3-b84c-4fe4-9c4d-35bf168fd1ee,49,Male,101,39,adult
96060fdc-e093-4ad3-99ef-bc5e520a9ac2,73,Male,86,57,old
b8e53550-d031-4260-b881-d25df1fb8517,19,Male,84,87,young
6be3fe5b-6c5d-4435-8844-3d8cba9f9488,28,Male,83,19,young
5ddb35af-abd5-4fca-8ccc-f0d24effb936,58,Male,34,78,adult
1a1aa6fd-bf42-4e78-aa9a-225da822b453,56,Male,134,53,adult
9009fa4b-1a29-4113-a8e2-341a347fd7a1,61,Male,54,99,old
b6d79eb3-0d9e-48c3-873b-32ed913707f6,72,Male,187,84,old
f626860a-6e69-4b8f-b646-cf2a67a220ce,88,Male,89,41,old
26346428-ca80-4406-a352-25824d296e28,51,Male,46,89,adult
c85299ee-b7b3-4c09-8b58-cd79047224db,42,Male,138,59,adult
04c0486e-6f38-4343-a79e-0150aa12203c,21,Male,125,62,young
36983634-7d2c-4132-8b3b-db3f846769c8,52,Male,69,58,adult
1798665a-e992-4947-932a-82d731703328,27,Male,169,71,young
97fb62d5-fd18-4569-898b-253e8fc5315e,20,Male,37,96,young
7bab6a71-f045-4c2c-bf3f-265577b33d53,25,Male,87,97,young
74a6089e-2786-4d3d-a7b3-4cae2c12a13b,54,Male,149,24,adult
c2de76f0-aa0b-4c80-b748-d57922261fdd,24,Male,145,8,young
64dc36bb-2fc3-4f38-94a0-34f7f599baee,27,Male,176,2,young
e015aa26-7bc1-4d98-9a41-c9072cfa74e0,69,Male,106,91,old
600b3fa9-de3e-4035-9374-54e0496bf408,47,Male,96,94,adult
496a0eca-4b45-45cd-a2b4-b07d2463e7a6,34,Male,95,93,adult
d4b7eee3-d9bb-487d-b28f-af3cf529cc6e,54,Male,180,34,adult
6d18dcb0-348e-43b6-b273-28147293f67d,44,Male,133,73,adult
c9750eb4-4e17-475e-ba4f-0d40c23e3aad,76,Male,170,75,old
1dc01e4e-48dc-47d5-a0ac-63885f238194,42,Male,41,29,adult
69006ce3-cf57-45b0-b268-52ec1fdffa57,81,Male,97,91,old
bd635550-37a2-43cb-9488-7d9433785342,85,Male,84,84,old
f36ba0c9-31bb-466a-a2b2-c506e7886860,18,Male,183,84,young
5e464cfc-9597-4d2e-8757-ac6d6b7d3548,56,Male,189,25,adult
37bea153-b91f-470f-8d56-cd752acaf234,30,Male,123,24,adult
55c1084e-a8ae-42cb-b741-d1e26cdddda3,32,Male,66,45,adult
5f2d5ad5-2d37-4e9c-8f9f-2e3f6616a16f,34,Male,135,21,adult
63397ec3-4ff2-4d8a-acf9-f9d11f680c77,18,Male,57,30,young
50b0e68c-6c5f-4ab7-8a24-b474e2a5af2c,29,Male,39,34,young
1f749ef0-ada9-4582-8257-8f073bcf6757,37,Male,45,15,adult
018edc45-128d-4926-a3f3-112b3f6426b7,49,Male,33,61,adult
2ece9536-3f7d-42b4-913d-09b2385cba07,75,Male,45,47,old
8797a611-5d13-440c-9212-fd3526d942cf,77,Male,199,12,old
b3990ccc-6adc-4b78-a68d-8751428be08c,48,Male,53,65,adult
efd09d24-2f33-4221-834c-cfb93778dab2,51,Male,132,92,adult
fcbc54ea-30ee-4167-8884-65270eba3fa1,33,Male,121,34,adult
b58209de-83e4-4043-9688-bef5c5d93134,47,Male,183,67,adult
606547ec-10ff-48f6-93dd-9b597fda39c3,87,Male,56,52,old
dec3b2d7-c9c4-436d-a451-b5a3ba67c465,67,Male,142,63,old
4950b712-94f2-4824-aee9-4904aa573548,47,Male,54,33,adult
1b1a6a64-8c3c-4bd9-bed5-17b674a151d5,36,Male,138,13,adult
5de23da7-31c5-4f12-8626-e73f014194b3,85,Male,99,63,old
9fc319f5-4685-497a-99e2-31c2f1f61ef7,78,Male,54,99,old
341cf60e-8b60-446b-abd3-bfdcc77d1d1f,50,Male,32,79,adult
a7c268c1-c1a0-4768-a553-bc088aa061c8,78,Male,22,84,old
390d4584-3595-46ee-9fe1-62c7eecb03bb,19,Male,87,82,young
1ed00517-a807-4434-a3f8-6b7d42aded33,30,Male,69,69,adult
99459ace-3e44-4914-bbb7-cbcff2e042fe,51,Male,146,56,adult
e620636d-b4ae-4c3c-b65a-be8aa695f590,65,Male,51,7,old
d75d7815-9b70-4b95-8692-25ea15941fa2,65,Male,149,43,old
96a9390d-a164-48c0-9a75-803be0cf1f5d,36,Male,90,20,adult
7509ae85-5cd7-48be-b546-766806122f16,32,Male,61,30,adult
94dfa67a-24fd-4df7-9d86-d36bdf742197,79,Male,98,6,old
3f558416-ef7d-48f2-830a-d2f97fd73a2c,45,Male,65,49,adult
11623ce2-bb53-4ecf-8aed-a04298f2a816,54,Male,35,65,adult
1cdcb3a9-763a-42fe-965a-315be32a72e1,37,Male,38,43,adult
7eb8039a-1a26-49d0-b3a1-151616346aa6,58,Male,159,59,adult
182cd2ac-6c3b-4739-87ba-111b826e704a,38,Male,57,62,adult
74bd69c2-d7b6-4a37-b770-c20fbeeab080,72,Male,146,81,old
8ca897e2-b39c-461e-8c11-97d50acf3d76,82,Male,165,56,old
f701da9a-531d-43ba-9c1d-7c8eb236e3b0,63,Male,39,14,old
11c25ae7-8595-4576-b52e-a243922b1527,42,Male,22,98,adult
83985030-b1f7-4027-a83d-a2efb391c037,78,Male,144,69,old
caf4ae9f-891a-44fd-b70c-8dac83b7a3c0,85,Male,175,30,old
b1b03b74-6428-4f50-9503-6c709a4f51ef,21,Male,134,21,young
f9653e30-bb87-4d3b-be7d-48eb850208e2,55,Male,71,32,adult
f456edd5-efad-404c-aaa9-ad821a893fd5,83,Male,186,89,old
eb065f9c-09b7-4a7e-9ca1-b464f30f312d,18,Male,84,39,young
176a652b-a419-4186-9146-6ecfe4c5f34b,57,Male,39,92,adult
e9ce9a90-4606-4e19-80f4-227f65aa64d0,87,Male,159,82,old
9d47ff63-5357-4abe-a409-f562df31296d,56,Male,144,80,adult
8c0f4ec5-545f-4381-993a-f763eb674d58,90,Male,150,28,old
0068c9f1-7ee7-4863-a637-f0d0923867ab,28,Male,180,49,young
9fcd55af-0d44-4d6e-8213-fe1c4fd6154a,69,Male,108,31,old
7baf13bb-b6c1-451c-84a7-acebc0ce2aa8,48,Male,40,10,adult
8028c712-e500-4532-b8e8-ad5f16bc91cf,52,Male,138,38,adult
369424d2-00e8-44a6-966a-b785f13193a0,32,Male,50,36,adult
6ee1ecd5-7f75-45cf-9bd4-00e4347319a0,66,Male,129,45,old
1b52a357-dd10-4ace-83d7-790d9ab5eaa1,48,Male,24,52,adult
180e51c0-545e-44f8-9a07-dc4816587295,85,Male,31,27,old
a2954bd2-a7ba-4711-b5a0-16172beeac64,22,Male,100,50,young
b0c6f227-b0e3-4989-b102-f37f2de5e366,23,Male,57,78,young
326e13ad-cda6-4e5a-af2a-27d2c96c8227,69,Male,21,33,old
8a19655c-215f-4c48-a8ea-08da9fb6fb10,79,Male,122,53,old
b5121a97-8805-4b68-8153-b46fcf4da7ec,82,Male,102,84,old
8cc07169-669d-463a-9d7b-3170e9597829,19,Male,32,8,young
e967ae55-a7eb-49e0-b9b2-b72197474a94,22,Male,58,36,young
1f69ec36-4a26-4544-9a06-28fced34698c,68,Male,91,14,old
012af73b-5f16-404b-9cd8-083577281d47,21,Male,129,68,young
cc76e68c-07ab-4b9a-8c5a-ef36b167dced,57,Male,106,62,adult
2a202698-c719-46f1-ba5e-f23838b38b1d,65,Male,147,93,old
4d71c963-84a2-4c6d-9aa5-5b56979504d6,66,Male,118,61,old
c718564b-4027-4f7b-9057-420c4f8d8b5c,25,Male,168,20,young
87f7baba-4a74-4335-93b6-2f60e1c3e7e6,41,Male,131,25,adult
b9f64e02-b7e9-4010-bf8a-5c080b7a3281,69,Male,35,54,old
f60abe2b-7de5-429e-9825-ee40c7df026e,39,Male,131,87,adult
009eb422-cd9b-44d4-a4ae-0e0b979ad7d3,67,Male,41,73,old
6d19d5b4-1810-4662-99f2-2238ea49bc89,19,Male,41,7,young
07a1f9f0-cb00-4fe6-9f8e-873a243e435b,53,Male,49,63,adult
2d991971-7eca-48d7-8849-619839dab49b,36,Male,152,24,adult
71aea59f-40d4-467e-872a-493458851326,52,Male,84,66,adult
1dc744b1-5eab-40c9-917a-d9d248ab166c,40,Male,65,19,adult
acf50dc0-9c43-4e25-814d-a944ecfeeddc,41,Male,196,81,adult
7a4eb09c-c226-4ecf-b33c-b635f20fed72,47,Male,176,57,adult
0a431c09-8b99-4b54-af49-0b8e0e5e6278,50,Male,143,32,adult
e5abd44b-901f-4c92-aea6-80308d52b419,41,Male,140,60,adult
706dec8e-1f50-4f09-8c09-aacd9318d36a,70,Male,174,58,old
b9801585-b3a0-4f25-a13e-4fb76f1284a8,32,Male,41,21,adult
f620a3b6-f567-4b31-b2c6-b756b4052cf6,29,Male,154,93,young
2c36b4a8-b02e-4f7f-aeca-2170c8cb621d,32,Male,121,3,adult
efaed737-8287-4e60-a1ce-14dbecc879d4,75,Male,78,47,old
b24cada8-2b35-49ee-807b-de042ced4a77,62,Male,29,16,old
a5ffd0d1-77f9-4aa7-9eea-f0fbd5c98da1,58,Male,74,97,adult
76779545-0927-4765-8678-5129695ae2c6,89,Male,193,77,old
63f7171d-578e-434e-9f63-4d9358a010c3,73,Male,76,36,old
82e2af03-813a-4930-a56e-ac15bbded6fd,33,Male,96,79,adult
598d8f76-5494-4bf8-a076-c6809e314997,69,Male,185,13,old
dfc4e3a8-f3b2-41a0-a8f9-32fc48d928bd,45,Male,92,42,adult
d1e45d9a-9b50-49ee-8b7d-a7c5b65dbd23,80,Male,60,50,old
91ddbca6-e243-49f8-8c93-0699b84f364a,53,Male,43,92,adult
24f8b9c4-efcf-4789-93ad-6e8119dd7629,36,Male,52,78,adult
810eea6e-5849-451f-9670-16a14d97b0fa,22,Male,105,76,young
68dd42b4-4904-4395-a062-f5ff8e88a0d0,34,Male,199,50,adult
537e7c65-3a14-4862-9e4a-71578b3615d5,41,Male,179,89,adult
18467f4c-7d2f-4e4c-b8c7-0420c30313a8,57,Male,180,78,adult
c4777eec-0ff1-40c1-a0be-ca829551c8b0,51,Male,191,28,adult
43e3b56b-ece9-429a-9bef-bb3719553a3b,63,Male,181,76,old
847a17d0-0b31-4201-9ccb-19124222a9d1,53,Male,151,55,adult
042829b0-d3d6-4f9c-ae3a-d3ce4a109850,22,Male,151,92,young
8f2ee6cd-a74d-4d0a-b6e1-c43e757d109d,75,Male,195,27,old
816a274f-f268-449d-b5d5-817a34c86a21,43,Male,151,7,adult
93c1fc28-9571-4838-8d0d-9ff659e5a0c8,74,Male,39,7,old
a390cc93-b4ab-49ac-84e6-7cf3b5fbb157,40,Male,142,30,adult
95747d95-86ad-4664-9c82-b4dc48b41eab,25,Male,113,58,young
ebc3155a-6682-4a97-916a-e8b3e47a8b75,24,Male,177,38,young
cf0e45ce-a44d-40ad-9d08-1913fa2f2db3,53,Male,173,21,adult
40bec55c-4fcb-4620-b596-b354f84c3127,80,Male,132,62,old
a984d3cf-34b8-4615-81d0-42b9f551bbb6,89,Male,52,97,old
01eef235-8c24-458a-979e-fecb66ee18d2,62,Male,40,7,old
f0071b3e-3e8b-4057-bc2b-e191b1db4c0c,69,Male,138,71,old
5ea2bcaf-c9ed-489d-af47-156df2f74142,41,Male,148,96,adult
8c504e5f-ec9b-4832-9276-dde8a220623d,51,Male,46,91,adult
cb48d163-9f97-4869-adbb-b8d1e352cdf7,50,Male,107,71,adult
047f3b72-5cf1-49f8-92b3-01a29fe2bfd5,30,Male,30,62,adult
00fbc6be-c928-4800-bc53-9197be55ca87,18,Male,165,73,young
5124535d-c41d-4fc8-a986-e5ead026ecb4,84,Male,151,7,old
38d91eb5-ead4-487d-a2db-92670199a41a,20,Male,39,44,young
69400dd0-fc10-4cc0-91d3-4f53afb53c87,83,Male,182,21,old
45347545-3d2f-4f65-a664-1c0d7aa91c90,77,Male,123,4,old
9d1abf54-1dd5-49a3-9fbc-aa860c16bd80,75,Male,54,20,old
bc24ab29-aa4d-4238-b0fa-571ad6271d35,55,Male,154,30,adult
d9f81479-8c9b-4f96-aa40-832998a0529e,42,Male,64,65,adult
79039316-ecad-4b48-a129-d68c2c0c5210,27,Male,33,44,young
208222c5-00aa-48ed-81c3-b25c7a60e2a5,78,Male,142,20,old
031c8eff-79af-47d3-8293-cf3e7fb1081e,60,Male,53,70,old
82c5159d-9291-4816-96b1-e8e35d08beab,46,Male,147,36,adult
f926339a-08eb-42c2-8c5d-b47e6e540b87,68,Male,173,46,old
7a911220-fc1f-4873-9926-93441a2db0aa,56,Male,63,48,adult
174f4ce4-4cae-42bd-91a7-221c6e387ee8,25,Male,164,14,young
c4c3ea9f-8e3c-428b-9cec-75e2c0268250,76,Male,95,1,old
f412a305-d21f-4ea7-96cc-0f58a3a6b4ab,82,Male,159,65,old
522fd426-640c-435a-a579-b572c687222f,34,Male,64,36,adult
809df492-a2fe-4ca9-b678-ce79348cc437,53,Male,174,21,adult
64d77b6c-a145-4189-8d39-b376e842c06f,38,Male,99,87,adult
e38dc9f0-4a82-4d82-aac2-53f41a7da26d,76,Male,165,23,old
288a0f61-4d70-47a8-bb21-c77a38eae531,26,Male,133,58,young
e452c0aa-f503-4971-8943-14f1bd6f8389,22,Male,50,76,young
77b2a0f0-e023-41ac-92d8-f9513ca67e22,72,Male,127,20,old
b96b1e12-d4c9-4ca7-a344-c27fc618aa50,64,Male,191,56,old
b3bc1295-9c58-40d4-818a-a9b8ce2ff6cd,64,Male,122,49,old
15dc53c0-42ab-4d88-a43d-69f5ca838efb,51,Male,124,58,adult
38423731-9ed6-4861-adc2-600721cb805a,71,Male,45,51,old
a227b6aa-1057-4286-b2e1-855181b11fc3,64,Male,99,28,old
daae4d7b-2829-4b33-a731-6c38bde967bd,32,Male,116,84,adult
6f7467ae-6245-45a6-b05c-dc131bbcaf7c,53,Male,164,91,adult
05fbd97e-977d-4e4c-9a02-4d03bb785303,38,Male,163,2,adult
4f97a661-6c18-4852-9dac-e2cee70c8d5f,38,Male,65,24,adult
1d86cec9-fd5c-4b2c-9eea-31a4c142002d,90,Male,59,73,old
66ed95cd-4c8a-423a-9325-dbac3f09c28d,28,Male,134,73,young
806f1bff-3882-4776-aee7-4befc0dbde01,85,Male,109,76,old
bf5eb941-a505-48a8-aa08-aa1c57fddfb4,68,Male,102,90,old
ee667545-6216-4af5-85af-3b941291b179,79,Male,42,20,old
b5d186ea-0c63-4090-977c-4a25f838a02c,55,Male,140,98,adult
3811d944-2117-421c-a9f8-e181bc6dfa73,85,Male,97,88,old
1799217c-bcd9-4ce6-a8f2-5f09ce97733f,45,Male,89,75,adult
d59a0a3e-9f47-4bb2-9430-c8ae8a5abbea,30,Male,67,73,adult
7476756b-e5f4-485f-a5a5-6a01766d69b5,52,Male,138,66,adult
f13ddc79-41d9-449d-834a-58e6f79bbb9e,65,Male,200,50,old
63f30e52-ac52-4b7a-a4b8-b4e4fd58285c,59,Male,41,81,adult
b27133b9-a2bb-4220-8e8a-985d18bd65fd,39,Male,173,80,adult
eff423f7-3e57-41fd-90a3-76eda474d261,56,Male,190,100,adult
22c7fba7-0e7b-4c56-82aa-4418c6feff7a,54,Male,67,91,adult
9744742d-ea19-4987-a8a5-ea4727e9f2c4,57,Male,23,92,adult
f234dfbd-71a7-49d1-bbe9-426d6b333284,52,Male,135,91,adult
efca7f6e-ae4b-4f27-bac0-7598415fa205,38,Male,98,85,adult
6c7609c0-d3a8-4611-b770-52bd0660a771,27,Male,26,22,young
058f8560-c59b-4cf6-ad7f-2027132f75d4,81,Male,76,30,old
466b83bb-7f83-4081-a64a-cc9cfe7877a6,31,Male,74,56,adult
1798ea9b-800a-46ff-8b38-ab284c55461d,88,Male,47,18,old
63f0354f-0e23-4a9c-bfae-6abcb97ce0ba,69,Male,54,52,old
b707e412-2cf1-4fee-9621-4dd5f770f84f,38,Male,148,76,adult
5dc2e89d-0dbf-4180-9359-efe5917d686e,48,Male,154,80,adult
30296819-1eff-4bc1-bdd3-b69a01710a84,56,Male,116,67,adult
7522e721-c4f3-42dd-8e1b-6c7d6724ecef,54,Male,108,64,adult
bb556ec2-2af0-4c12-8fd7-28c3b6412d12,56,Male,147,60,adult
1152ea33-01ec-410e-9f9a-532004dab641,46,Male,117,51,adult
3d182cce-0a74-4b30-b986-0e90faeec395,62,Male,198,50,old
fa34eaef-9427-4eba-94b6-5b76641e87ca,52,Male,150,33,adult
a0712171-e3b1-4cb4-8086-cd1b9944024f,65,Male,92,75,old
0d18be3f-b0b0-4a66-9965-a30fe83c25c6,27,Male,45,41,young
3a095516-9b42-4e19-99ee-3be8a0c099e5,30,Male,156,96,adult
5bcd6583-a799-4985-8408-bb8d10443879,34,Male,190,8,adult
f0c658ef-f0e4-4863-a9e2-52d3f57e83ef,59,Male,57,4,adult
06bfdb6c-122a-46a2-9864-4b93ade5f8da,40,Male,50,45,adult
509ccfd8-2b03-4876-9825-a9ebf8db2a4b,57,Male,81,72,adult
14119680-452a-450a-988c-c75ab64269c6,28,Male,159,77,young
ab2c4cb4-14b7-44f1-ac7a-bf6227933bab,61,Male,184,53,old
d64603f6-1551-45f3-93a4-330d42b5e7da,50,Male,141,19,adult
c2caf48d-9a66-4209-8e6f-4aeeac616093,82,Male,163,85,old
1d75fcbd-b16b-4134-8acc-6f761f0d9b13,43,Male,43,12,adult
7c8eda2a-517e-4e51-a601-967f6aac27a4,35,Male,123,60,adult
651fe35c-0099-43d5-a874-95fd86cf75b8,46,Male,95,59,adult
76d3ded3-ce9c-4100-bcab-0b03abe8701e,44,Male,123,59,adult
9cb017ae-aac2-4b4b-af19-ed16c4c9700e,27,Male,141,26,young
31de57e0-6af9-4637-8fd8-9165a2805a74,89,Male,92,20,old
47e121f2-cf61-4996-8e4c-e359a35a3be7,81,Male,80,2,old
e0ab17e7-e6db-424e-86ca-87260e4f601a,86,Male,173,98,old
e16bf957-80dd-48a1-9ef3-58c22078ea26,51,Male,22,62,adult
4c43f4b3-6926-4921-859c-c538458d77a2,39,Male,131,96,adult
ae8d5035-34e9-4ec6-aaef-3d1088b10e5b,18,Male,60,12,young
9f95f4da-2c77-4758-a824-89cca4433caa,80,Male,39,50,old
310c67f2-dd51-4a7f-9b79-2385f4a6945d,60,Male,64,43,old
e4d67c3e-c7b9-48a6-9939-6cd53572ee26,28,Male,186,22,young
0b3ba10d-3727-4a93-9e13-71544feb94ac,27,Male,122,19,young
fe3f1006-57b2-4898-bf07-f51e98218f45,83,Male,100,26,old
9cf8b907-4f12-409d-aa88-64e73ec89734,52,Male,180,73,adult
8e8f6ff5-8687-4966-9427-0906913b2402,67,Male,97,8,old
3b608a83-bc5b-4104-b823-962da4308c6a,30,Male,167,10,adult
411abcc1-c06b-484d-8a97-fe3f64c12cdc,27,Male,37,93,young
1e76077b-0965-417e-be55-f9b59c39b8b1,75,Male,124,54,old
332342d8-8370-447f-ad66-6eb6a9a8a865,42,Male,184,15,adult
97fb7bb8-cb1a-4e1c-b7e4-5a984dbba23e,76,Male,135,75,old
61bc5e7a-bf42-46a8-8c92-742c46b165c6,73,Male,27,47,old
288b2de7-b658-4239-9121-cbc571d48de3,42,Male,117,9,adult
c96b1097-a2a2-4906-be79-c669b1636587,79,Male,154,9,old
2b93f8a7-e43f-4791-9b9b-a9754cafe8f7,65,Male,80,12,old
a643e947-6f26-4a9e-b03a-1aa818ac1a0e,29,Male,173,51,young
d45af7fe-6fc3-4a66-85b4-4db65622157b,83,Male,27,54,old
33ddceb2-2c88-4079-8acb-8082b4fa8314,35,Male,144,50,adult
913dcb13-380f-4ca3-b819-cc68f898b5d6,68,Male,58,46,old
cf13e426-7669-4cae-8ec4-1a7bc6254125,78,Male,118,76,old
2f2fd438-998a-40b9-ab7e-2b8980e4e672,76,Male,125,100,old
694c25f6-18fa-4b54-8d4f-056d1112eb11,35,Male,100,95,adult
9be8c9c1-e453-441e-9293-62b47d09bfb6,71,Male,195,73,old
d7dfe310-508a-47ec-a135-e82cc2d3bba3,19,Male,135,82,young
8b628d12-b419-413d-9c33-ddd8b0da1433,77,Male,64,2,old
27efb71a-931b-41da-bef8-cf9da81fb306,31,Male,42,23,adult
f0222ece-3863-4c15-b69c-082b2557e852,29,Male,26,22,young
65916984-32a8-4440-9874-58ddc56dea39,70,Male,160,4,old
b5da1148-af4b-4fd9-ab7c-138d54bce465,63,Male,87,88,old
36973a5d-83b6-459f-8fa4-85ae8ae5412b,88,Male,88,62,old
8068c05a-7854-479c-b7b7-e084195e38c4,69,Male,82,1,old
5ea17bb0-1202-4f6e-ac77-69edde6b4b50,78,Male,148,30,old
33929683-6cf1-4d45-bf96-078d58def415,47,Male,86,87,adult
615ac726-a21c-4f05-b81f-0006e84a95e3,71,Male,89,19,old
44cc2c16-696c-4b96-8d84-945a9c150a10,58,Male,39,96,adult
14445f53-8b41-477b-b858-53a1ec203fb0,45,Male,114,3,adult
7cc0302c-5257-4a29-a071-75be4a76ffaa,43,Male,89,50,adult
96795d0e-c83b-494e-b6f1-cd27b1c173df,19,Male,51,84,young
98677ac2-ba83-435a-b999-e6345409ae7c,57,Male,157,36,adult
3324470a-9b99-492b-a2df-cfadebcf88cf,33,Male,36,7,adult
d9ae67f5-788c-4402-bc13-133956562ff9,50,Male,77,83,adult
860d6a64-2a95-4271-bd6c-d73395282e98,23,Male,183,81,young
79cef024-eaee-4ae7-904c-060eaa4e0e6b,69,Male,153,23,old
3f8c8c91-5459-4dfc-be7d-ddb6ae8354b6,85,Male,111,84,old
ccdc7ab7-a6cf-4af8-aa5f-0abc25456bbc,41,Male,114,54,adult
30f139c7-d6c3-488c-a290-00cce495057d,76,Male,157,73,old
37473411-5bb7-4b4a-bb3d-12fe62fb7856,58,Male,101,70,adult
c98acc04-66a5-453f-a402-ffa6f0c06ff2,46,Male,92,80,adult
9607c24a-9660-4b0e-b302-eb3ad41a2d0b,34,Male,58,31,adult
cad1455c-2605-4777-8463-8e691c21e9b4,54,Male,197,55,adult
447bad13-c9f9-479e-8b20-821ceebbcdb4,82,Male,60,57,old
017d8894-b9b5-40be-b432-4d8718c434f7,26,Male,81,59,young
6fe9811d-0678-4159-a4a3-24ca29870191,86,Male,70,71,old
7b6c5106-6ea5-4912-8788-a70ab17fbbbe,81,Male,184,21,old
cb66338e-a2c1-4755-b793-f4f956f1e817,53,Male,180,16,adult
846b6bd1-e498-4d4b-a565-96be0cfbab13,43,Male,108,43,adult
07ddaaf3-6127-4127-a9c9-e80e563ff80e,24,Male,106,65,young
cb045f13-ce5f-4dd7-8edb-265f68fe4e99,81,Male,50,38,old
060419cd-1ba8-4b69-946a-8e42f663a422,38,Male,158,31,adult
ed00ff5b-ac6f-4dd6-ba48-72d2fcbc6ff4,51,Male,161,17,adult
39699c09-7b26-4fcc-85f0-efeed280693e,57,Male,191,93,adult
692ba44c-aed2-4ea9-99cb-ce1c4dd3d31c,46,Male,170,22,adult
6c34133f-4e2f-4b9b-a1c6-5e1b99ec6c62,68,Male,133,90,old
cc72a070-5e48-4751-8ec0-a3443b567fc4,23,Male,76,1,young
646b656b-1e39-42c9-9995-0dc3e11057c2,23,Male,86,25,young
6dcc3b9b-004c-4742-bccf-4f602d4c4fe3,19,Male,148,76,young
d6f8a9d1-6001-471d-bf47-101647219e25,67,Male,126,75,old
6b3b88f0-fc0d-4d0e-97fd-eaee454efcfd,24,Male,44,98,young
72893b53-3028-4ddc-82c6-10abe1d82a62,65,Male,108,3,old
4e987633-3228-4cf9-b64a-e7ec3a1e8ffc,72,Male,186,81,old
59ef36e1-aa8e-41dd-bc64-4550a394905f,32,Male,136,70,adult
2db68e2c-5ac1-483b-8a47-b37fef2500f9,73,Male,110,82,old
fd86bcbc-df4d-4c2e-b651-e5cd6039b5ad,18,Male,171,20,young
edb2ea97-e413-4b41-855e-958b7f846f46,59,Male,191,13,adult
e64d7fb3-e96b-4917-8118-e5e9b86469c9,57,Male,200,83,adult
5886294a-f4bd-4740-8b83-951ecbaf7c8a,89,Male,149,10,old
2233ba54-0007-424c-b985-b3c23c9722b4,84,Male,112,32,old
6eb2766c-b090-4f7b-bbe8-eb35df47efd5,42,Male,143,72,adult
a19abfc5-b6e4-44e4-be16-8bcaf75a97a8,22,Male,74,61,young
8f3f27c1-09d0-4fc4-a3a2-392a279817d2,26,Male,48,64,young
c2908cbf-8374-4c93-81ba-fe0f67b2d6ca,32,Male,56,1,adult
a8cf8516-7bad-4e39-bed2-1bdce67c3d4b,46,Male,169,62,adult
ac09242a-6ac9-4f41-91a3-993cace81709,87,Male,182,97,old
f8896814-e82d-4f0d-a0a9-104fbdc9dd6e,41,Male,88,34,adult
a9af4d57-ea04-4b7c-8eb7-65feca24ab9a,61,Male,160,49,old
f423a980-e57c-43b0-b8f6-ab3722e007ab,24,Male,172,13,young
d84d147c-ef23-48dc-a9ab-42fe84263ab2,58,Male,114,33,adult
75d9f418-4ffc-4a63-91e2-411b3f5d0f41,80,Male,178,19,old
3b607ec3-17d5-4aad-b47e-53f028234bb3,75,Male,83,7,old
31d37c97-6679-4039-97d7-441e18bd1c04,47,Male,170,85,adult
8b496eb0-8ca7-4cf3-a484-e49335460252,35,Male,132,57,adult
cba99c8e-4058-4282-b8dd-121829e0347d,85,Male,180,37,old
fce03f97-a498-478d-b270-0888ec76549d,66,Male,118,49,old
8b3bfec6-5c1a-41d6-a3da-1774ea40e3ef,43,Male,160,98,adult
71471fd4-d32e-4ed4-bb20-ae78c3aa974f,56,Male,83,55,adult
947f329a-ed41-48aa-9865-28c6bfcc4452,29,Male,73,86,young
4998f72b-faeb-4cb1-a923-26b04b66de85,56,Male,60,59,adult
35c18858-ee6a-44f4-a476-765b36014214,45,Male,59,42,adult
8c3f3528-1415-4602-889f-c4619cb7b685,74,Male,149,31,old
efdd7063-e1ef-4e06-b92b-64d8264e469b,70,Male,91,97,old
e3dff245-ae35-443e-8653-fb771d685630,18,Male,116,36,young
908c2540-9ed8-4ecb-9f88-51f7eb6f1bf7,44,Male,89,93,adult
8c21b64a-6cf3-4fd1-bd4d-0b20c7458959,66,Male,84,49,old
481ede94-31c5-4020-b783-a7e356be37fc,32,Male,191,16,adult
08ab1322-38c0-497f-919f-53608adf07ec,35,Male,30,30,adult
c363cb88-a0a7-41da-969f-cfbf83f0e1ea,72,Male,45,79,old
b6fb7ac3-3384-45b7-a446-4121249905aa,73,Male,30,29,old
f26da447-3d32-4473-bcfc-971ef1d37529,49,Male,38,80,adult
f39e942d-60ee-4a2c-93d4-17bdea01e21d,29,Male,197,82,young
e9ec073b-33f2-418a-9197-fcfa07913ad2,64,Male,122,84,old
a03d3752-83a5-466f-876f-faf379f63f6c,35,Male,36,5,adult
2c381351-e8d4-46f9-b57c-59ce283633d7,41,Male,107,50,adult
dd87a5ca-8cb8-4b7d-8449-08651fa290ee,73,Male,51,68,old
5a2f5343-d025-4624-9fb2-32bc61ca02c6,84,Male,138,66,old
967ea0da-0814-44f6-9355-1313ec1fbd80,89,Male,23,57,old
df450d2c-7f0e-449a-aa7e-86cfc8df9711,81,Male,73,47,old
796d83de-1b75-49f9-a910-80287f1377f5,78,Male,108,95,old
267431a4-54f6-4bf5-89e7-112bbd4cef49,47,Male,197,19,adult
8fee28ce-228f-4969-8e53-12d18638c5f7,29,Male,180,65,young
41c9cd37-3fe4-4b9d-b0db-bebcb01a72ea,90,Male,191,97,old
66253242-a8da-48c7-a997-1f586ef24219,61,Male,191,40,old
f264c939-60ff-48b6-93bb-ba1291bf5cb1,61,Male,98,64,old
b643a931-4fba-4081-8bc4-cab53b841ba0,30,Male,20,16,adult
bf096fc0-3c8d-4db2-b51d-0358073d0692,63,Male,107,62,old
9f94390c-111b-4676-9ba4-146b507e892f,72,Male,136,54,old
6b91c384-8dac-48c1-9b67-806e19e915b6,20,Male,103,43,young
9f4d2acc-2601-4a41-9f02-1f07b139fde2,34,Male,184,56,adult
03c16b06-269c-45d6-894c-0cee4ddd1149,55,Male,56,29,adult
b62876c3-9b84-4b73-9ed0-1dfac40ed9e2,41,Male,44,40,adult
fccd063b-8901-4132-b57a-d732f4b73f23,20,Male,52,54,young
50496d91-6d69-499a-ba2b-00cb9dcd40df,78,Male,186,8,old
a012e1fb-aa45-40a6-ad7d-f39401cfb180,31,Male,86,21,adult
9aa1863c-130a-4c08-bd5f-3470ca00f6cd,34,Male,200,50,adult
1da8726a-8306-4989-86a6-f5183720529e,33,Male,34,57,adult
efdf7bf9-ecee-49f3-a83a-54436e2de57a,24,Male,81,69,young
dbfc90ce-5569-4eb9-9fa6-ee219ff211fe,34,Male,21,82,adult
4f139c4d-6cb0-4359-905f-9266ba4506bd,85,Male,44,8,old
f0d9ff7a-6965-45b7-98ec-e6d0dfd46957,23,Male,80,79,young
318b8440-d6c6-4896-83ce-353573336119,65,Male,123,28,old
d9af3f65-e7a5-4397-8f3e-c5e3c32fb877,43,Male,86,48,adult
51ab3515-78dc-436d-a2f4-8bec357f194e,35,Male,178,4,adult
8ba818e3-f916-44a1-8637-119ee64db160,39,Male,82,61,adult
15fa5856-2bd4-40c3-8569-bab6692e4127,75,Male,186,49,old
19528a53-a824-4603-acfb-b81a39ebafa6,79,Male,180,50,old
daf56d0e-b063-48ae-aaa5-b565c65e1fce,81,Male,65,44,old
65118350-d786-4beb-b0c0-6d4cbd6a1f7a,90,Male,121,74,old
a11c9f57-115b-472f-81ef-76b29acd8659,75,Male,29,24,old
d00816b1-40dd-4363-a248-fe3bf83183eb,84,Male,112,81,old
782952fd-c842-43d6-b27d-4297b2aa575b,86,Male,131,31,old
cd08db21-0853-4480-80e1-854de7edb6f1,41,Male,40,14,adult
4a4c7abc-7798-49a4-8fc9-f1693c4629ec,26,Male,90,76,young
3d76b885-8690-4843-bd07-40a66aa2899e,81,Male,178,19,old
083de5dc-cab0-4863-9413-60d06101f275,57,Male,79,48,adult
b3517ce2-f4f8-4a90-877a-fe67d88403ac,28,Male,67,81,young
23bfde87-be6e-45de-977c-2d7f1af08192,64,Male,143,67,old
4d864af6-dbd2-4cb3-89a2-38e63c3518aa,29,Male,117,8,young
2b52288b-5128-45a6-a9fd-a1ad3512e7e6,36,Male,103,16,adult
a07f609f-b29c-41fa-99b3-18ed9755dc0c,19,Male,73,70,young
5d893c3f-fdc3-400a-ac58-a7ebccbf0bad,77,Male,131,58,old
96d7d365-2475-47e3-865e-e1a43bffcea7,57,Male,21,32,adult
6d9b7dc6-7644-4703-afab-dd8df94e9ebc,84,Male,196,75,old
c2dd0cd4-e68c-4a36-b216-8b3c80795331,46,Male,71,78,adult
8d2b4b76-7daf-4926-ba86-08a38c7843a4,47,Male,72,53,adult
9142de98-a34e-4200-8151-89ecddd31fda,55,Male,160,47,adult
c10badfd-32e3-4ad9-9fd5-a161a00068c1,65,Male,182,91,old
51ed4a68-667a-4401-b40e-e8b03ba4d4e0,90,Male,138,23,old
62d5b6bd-2422-4c45-9f07-1e0425648db3,79,Male,174,85,old
ae87f0cf-97e4-411f-9ba5-494ac941cceb,62,Male,134,80,old
5ce8f7ef-6097-4128-9822-6f2756a1ac27,34,Male,85,95,adult
8507da28-724e-49ab-8603-cf8f9981f842,68,Male,143,95,old
c6dea07f-2a46-44ea-9f3b-d4a794d5b7af,86,Male,29,79,old
13ce2082-19aa-4a93-8af3-14a03b00a851,78,Male,74,100,old
6724384c-f1f0-44f1-a6c3-3b1c16098a70,25,Male,187,28,young
13d18fef-2d2c-4133-81af-0e0a9d2adc09,28,Male,78,52,young
0d25443a-d357-41b3-ad0e-b31b342179fe,50,Male,43,26,adult
16b099fd-7d2a-48bb-a0ca-0268ed2feec0,80,Male,193,66,old
a1216efe-624c-4c35-91af-5d166c2d3b7d,38,Male,40,31,adult
94f3112d-92dd-4a39-aab6-17e6c3b91c1f,50,Male,192,80,adult
7fc1e0ba-e62a-4643-b496-7235a7b6c2fe,25,Male,154,61,young
3183a51d-25c0-42a3-9329-10b29d9f971b,43,Male,44,26,adult
89e9de5e-cc1d-4076-94e9-d95d76a8f52e,47,Male,56,73,adult
c069d42d-247a-47d2-a6f6-aeec0cce3c3a,62,Male,125,6,old
d71ea899-591b-41b4-b24e-7ee6ff29a372,24,Male,138,27,young
255d96ff-4dee-412b-a422-40c0e0d5caeb,54,Male,185,44,adult
4c3b772e-1fe3-4527-820b-2c0a819f099d,87,Male,185,43,old
434119a9-1eb8-4c03-9853-a9348c487f22,76,Male,191,58,old
a038972d-7e39-40ce-80ff-a2432588ea22,86,Male,62,22,old
7b4f693f-407c-4d47-8d7e-08c0408117a2,55,Male,161,64,adult
5200abf3-5d86-4594-a9e9-f070c436b9b5,39,Male,124,7,adult
88b40cc4-8a5d-4dfb-8b5b-1d819decbdcc,45,Male,104,39,adult
e6c839f7-d119-476d-a46c-2a28a74a3076,66,Male,73,8,old
80d35885-6fa7-4a9b-9013-029e29ad1d74,81,Male,94,25,old
4f1707b7-b33c-472f-954f-4b0940e5b6f0,90,Male,53,88,old
fd2108d7-c75f-4dd1-b116-c6c1d73eea43,29,Male,167,67,young
8dac62d1-7947-4d56-99fa-eb4eb52d2efd,49,Male,38,81,adult
924fd9a6-6adc-4ac6-b3cb-8d027d478f72,74,Male,49,32,old
138fbb19-6340-4f43-86cc-6af3ac20c777,83,Male,108,20,old
c70ad9a5-3a6a-4e5e-b6eb-fa0519780b30,69,Male,35,74,old
396744de-3f99-41e1-8c41-fd0fa0ffbbec,81,Male,105,73,old
5b89e7cd-6162-4656-ba7a-7ecb420f0682,46,Male,76,84,adult
ea1490f4-fd8f-4c73-ba5f-7dee0e43558e,43,Male,198,8,adult
d28a62f0-8191-4a9a-bbec-5dce67274f56,23,Male,39,3,young
8c81863e-b696-45b5-9896-90fd81a10320,75,Male,123,86,old
1d5e3534-94c1-43f1-8c85-00e2d9f4e148,85,Male,122,90,old
b1573234-2454-4d14-aec8-f917b588ebc8,46,Male,28,62,adult
42730369-5b23-4290-95aa-e588699d2e61,22,Male,26,10,young
7c312701-0da4-4dda-859e-83fb867f455d,86,Male,183,66,old
823999e6-e95a-45f0-9cd0-c3eea88f4494,73,Male,78,62,old
b51de829-a5cd-4941-a37e-ad71fd23842e,40,Male,83,77,adult
b8df6590-5d06-472d-9e5b-221c39c7661a,56,Male,98,1,adult
da234e02-f194-4b94-9bab-d6f6faddd845,63,Male,169,20,old
a38cb7ba-8a7a-4ac8-b439-a243efe7d3d4,79,Male,63,53,old
71e98cc6-7f17-4116-a95f-395874d3b269,89,Male,69,5,old
be081c97-c7c8-4f5b-a141-7fe5d371f334,44,Male,175,94,adult
ec1fee36-fe86-4bdb-9403-bd15bea4f96c,71,Male,35,20,old
6f2fd281-eb91-4109-94c6-931544698d00,82,Male,173,92,old
f6d6572e-098d-4ad7-85aa-99036f2714b2,21,Male,143,14,young
c61f2429-61a4-4281-8502-204597c3620b,64,Male,38,78,old
ff6bfb40-4a13-40e4-a2f2-e296ce1cad8d,69,Male,157,42,old
79c07c94-9725-4811-b027-77ee9ce44093,59,Male,96,77,adult
43407786-c5b0-4496-822b-2295706654e4,76,Male,114,54,old
f1a0cf90-d927-4496-b218-9cbfbefce691,59,Male,193,54,adult
f6e5722e-39ca-465e-8cf1-c1fd5242ce94,39,Male,151,23,adult
7786ec3a-be94-4b99-a926-645f8e6927d6,70,Male,72,29,old
8594429b-9ea3-4ce7-8efd-9774af1dbe36,53,Male,150,4,adult
866dc8b7-789a-4eec-a223-12b3c873063c,76,Male,20,52,old
e99420b0-3b45-4864-9545-26b563d36586,32,Male,191,29,adult
682f9ae8-f019-46da-8df9-35b410fc7e4c,29,Male,50,94,young
cc6d8c66-b046-4b29-9df5-caa79ce6a95a,77,Male,186,28,old
835e94a6-8393-4584-adf1-db855480164a,34,Male,58,23,adult
3a627b86-dcc1-4ccd-9cf9-a2739fcd4dc0,58,Male,97,81,adult
09d2b7d8-2607-46fc-a1c7-7cc6fb44a384,18,Male,103,48,young
9f047332-6867-47c7-a5fe-e93b863fde20,70,Male,134,55,old
c9466733-4b5e-4f8f-b60b-9f7cca646b43,53,Male,177,22,adult
0c91698a-bac6-4394-a808-7ca36ec0579b,21,Male,165,91,young
71e2c63b-d55a-4612-9af5-c409fe2bd1eb,78,Male,144,90,old
bcde46e0-09f4-405e-aaf1-ff1774ead358,34,Male,81,37,adult
60065ed8-4433-4808-a5c5-b42c427ae04b,55,Male,44,20,adult
52f78ebe-aa4a-4623-99bb-6126005147df,23,Male,180,38,young
7961fb24-2bf2-40fa-8c3f-ec8b2fbde298,39,Male,30,44,adult
4e94fed7-f8c8-420d-b7cb-97086ca36e2f,85,Male,134,17,old
782c6407-a386-4b7f-8f1d-15de1d489e08,22,Male,21,22,young
337802c2-1ad9-4025-a847-4160c600ee26,30,Male,63,6,adult
ce29e8bf-b33f-4afb-a4ee-5ba580f4aa88,62,Male,141,41,old
e3e8b57d-9e45-4af5-a620-c3d2c3ca2794,54,Male,43,16,adult
ddd1cc82-8a2e-4ff7-8d2d-33d76425c516,82,Male,76,70,old
03f5598f-4689-47ae-ba23-8f820ffa5d00,79,Male,191,8,old
69f4368d-3f26-46b0-b927-c09bb328bd8e,20,Male,159,63,young
50236b92-b7bc-4808-b7b0-22dc7f9af549,37,Male,92,95,adult
8e307b99-3545-4844-bab6-7454ea290750,22,Male,97,56,young
10629c88-b5e0-48d0-b8f8-1ed0f8208e57,89,Male,69,43,old
3586e799-c00b-4346-a093-5756048032b6,88,Male,175,74,old
e1a7cfa1-fd01-4588-8eb0-c718597c1e96,61,Male,116,43,old
9ce57b22-b972-401f-9414-2529ceb34610,75,Male,38,22,old
03395b8a-fc71-4bfc-9160-40783b9904d4,38,Male,69,60,adult
86c3b004-c5ce-4a53-bc0b-c728886b06c6,57,Male,129,57,adult
04d05643-af3b-4a20-a648-ca8e606c9b91,51,Male,177,58,adult
9bac0c63-75ac-4139-91a1-723c0f5ff95c,29,Male,70,62,young
2c4028bb-b15d-477f-807e-46ee2739e662,75,Male,83,94,old
d0c1d791-eccf-47ea-b3e4-08971950cb08,72,Male,42,20,old
d36e4606-7b85-483e-aed4-4e89cf2b76df,88,Male,166,75,old
ddf99328-bc38-4f1b-86fe-88a0acfd3baf,71,Male,140,78,old
444a2589-e702-42f2-9a8a-9b89db8ab3d5,50,Male,89,44,adult
06266959-3504-4e2d-9205-c162c8a414de,65,Male,58,79,old
beafb171-5869-4aef-88c6-ac49b2ab771d,88,Male,136,41,old
21c1fee6-df60-4650-b08a-3fcf238094ca,43,Male,93,60,adult
b7dc0260-e013-4d01-935d-a7018afeea75,68,Male,80,78,old
0e09a204-1486-4a20-9ddf-ebc7eadae210,78,Male,100,28,old
2622cc14-f98b-45d7-9aea-0be23bf23d68,22,Male,123,57,young
64946a2a-67e1-45e8-9fbb-37cddea9e009,52,Male,104,87,adult
0a1ce627-c2c7-4855-8524-8aac4c91406c,20,Male,167,25,young
9496ccc2-acaf-452f-9cfe-8d952725083c,37,Male,61,12,adult
9e19bb5e-ca82-4d1c-a32f-5e0aa330cdee,83,Male,199,45,old
7c58f369-6666-4415-9693-6e60c99feb54,20,Male,83,44,young
5564d0b1-b521-4c59-a01b-92b9480c1096,63,Male,53,73,old
4608eda9-4ea6-4f4e-9a14-9929c4876142,24,Male,143,95,young
e965b34f-e5bc-49dc-a03c-966b6b85dbab,69,Male,68,56,old
d38c6129-5937-41c4-9d6e-9fd7a31e502b,77,Male,60,3,old
d0c8ec40-9fff-417d-a0c2-0fc723ddaa61,35,Male,22,35,adult
5c736689-1ac4-42fc-8c71-aec08a5956bc,69,Male,132,45,old
ac0d2dbe-f2eb-46d9-9d54-2254425662bf,68,Male,183,39,old
5e4a29cd-080b-4e58-9924-4bec94ef7d61,62,Male,179,21,old
e2b4530c-735e-4a35-ad37-467e09795353,18,Male,186,100,young
bfbde377-ca65-4102-a5b6-f642cee66c0b,63,Male,141,88,old
7eb8521c-582a-4a19-a55f-4a3cee283ce2,37,Male,113,35,adult
dfbd09a5-7b97-4a1f-b438-88bea35be773,68,Male,22,13,old
eb638ec0-256f-4171-8ec2-003e38950bf0,59,Male,99,14,adult
ed70811c-1e22-4dbe-afc4-5b93ceb17cf1,46,Male,67,43,adult
b4b32c47-e632-4372-920f-840288409055,48,Male,88,96,adult
9c5d2c75-9f5e-43c2-b87b-7e96bf60b535,69,Male,122,76,old
82d49e63-0f5e-451a-b6ad-10c794847ef0,41,Male,164,88,adult
e202fbe2-3c46-4e4a-9413-45f7b1416205,61,Male,74,21,old
1b78f624-fa02-4613-b5f6-b2d0fe9643b4,80,Male,151,14,old
41b170e6-bda3-4ead-ace8-86e89cf46a51,24,Male,156,65,young
da148b86-c301-4cc3-b050-22f2a1a7a7c4,31,Male,159,95,adult
d6006327-8da8-4239-90c2-20488e0fd5b3,85,Male,56,23,old
93d27253-dbb2-4408-b25d-bbf14251471b,76,Male,68,48,old
4c5f1aaa-1cb5-4ea4-87db-4987a9d23529,58,Male,80,64,adult
32214ee2-977d-4382-aa04-98a4bcb282e9,53,Male,92,64,adult
8be84a3b-a470-4e57-a33f-cefe825c91b2,76,Male,87,92,old
1d282ba8-0fb4-414b-b852-9d9484f1367d,90,Male,88,82,old
f5bf85c1-3f6a-4ad1-9126-d622da07cfd0,74,Male,106,70,old
6285ab24-81f6-48d4-ab3f-d61538fd4e41,48,Male,95,42,adult
d67ec3b6-a5b7-4089-a556-dc54c548e0d4,66,Male,73,29,old
22d5f316-fcba-4f42-878d-63bd7916ef0a,87,Male,187,11,old
7d6921e0-add6-4dfc-a1d6-5539c9cf605d,32,Male,162,82,adult
b3b62aa3-6676-4566-aa94-c078c2119e63,75,Male,194,74,old
086d07bf-0f01-428d-a941-b54354f23e6a,86,Male,108,60,old
54679c17-df54-43e5-822c-517ce4c4433b,89,Male,63,46,old
e6f01e6b-c7a4-41ff-9609-aaeddb26b3df,43,Male,103,12,adult
722682c6-9591-4576-bb19-24650d65a39a,44,Male,146,47,adult
fbd09a98-6ace-4f9e-9922-0246aa35fd74,45,Male,115,72,adult
39e15fed-03e8-47b0-9ec1-756e7a8cbfe5,31,Male,33,9,adult
3c662dd9-fd36-4e58-8f6c-00a591d75659,71,Male,132,77,old
cbb2f894-4229-4e56-acfd-3ecc97ebf581,80,Male,37,77,old
934b596f-d299-4636-acd4-047cf9e09b30,45,Male,45,52,adult
7cdd6575-994d-4075-b499-33565169b936,83,Male,123,53,old
e1bb3f20-96cb-4746-8395-62b67fc4bced,79,Male,167,13,old
131cc961-6673-4291-a527-c272a1b8081c,60,Male,81,32,old
c8320f22-43a5-4d0c-b643-ca9d29ac6f03,55,Male,112,58,adult
4ec25576-bb99-4da3-90a4-b7e972eab9a6,30,Male,28,59,adult
056d1b8e-47ef-4ca0-be79-36e6679518e0,54,Male,88,48,adult
2ffc83a9-3dc5-4e15-96b2-41a5c4080561,47,Male,170,31,adult
b4dda8da-4634-4223-82b4-3e6bbeaa50ec,40,Male,158,11,adult
e784e56f-de97-4403-be52-91a456401cb9,75,Male,125,76,old
a7a2d720-67ff-42de-91e8-9f1b3968d219,68,Male,88,75,old
8c0625f8-624e-427b-b534-0f3f9d094e3f,38,Male,129,87,adult
000e3ff3-5342-460e-8576-64223122666f,61,Male,193,38,old
a831e574-05db-4ab8-97e6-799e777ed4be,56,Male,123,98,adult
648de47e-d93d-4d95-bfbd-d62750765d13,32,Male,143,30,adult
26106148-1376-40fa-9956-ac91e5865a29,37,Male,57,68,adult
380078ed-ab9d-43b0-ae9c-2cf1285900d3,74,Male,57,45,old
4391196d-cf3b-482b-9ab7-b211d285a40f,65,Male,90,12,old
06940bb6-a960-46f8-b96d-f4e2b10cffdd,42,Male,128,36,adult
f63c395e-6048-4bcd-85ca-540103cf6627,28,Male,165,3,young
1de565cf-6144-4051-9a7b-0297041983db,51,Male,78,80,adult
24b112ec-a802-4456-aa38-2d7c17514c96,73,Male,98,68,old
c8a2d67f-46c1-495b-ac31-fbf5adf37fd7,34,Male,41,74,adult
93822895-133f-4c7a-8b3f-cdce6006d2f1,23,Male,161,82,young
14ebed53-b9e7-4d0e-a95e-351e70de92ef,39,Male,170,55,adult
2abc68b7-074f-4ab2-9d58-8b51ccffd411,55,Male,168,36,adult
a4e055af-1ccf-44a6-b2fd-077a20a33579,86,Male,194,13,old
ff4fa596-bbc3-443b-a69b-361e4e89c873,42,Male,183,59,adult
19ca2296-97b3-4096-91d1-9e14e338250e,27,Male,153,93,young
ccfd8f9f-fd38-4e65-b373-fff6912bc01a,29,Male,200,98,young
146c4308-9ff0-4a1a-839f-dc2dda951a89,83,Male,191,49,old
157b7bf8-8a4c-47c8-9e32-01913297eb2e,63,Male,197,82,old
c055dde9-b02f-49c3-84ba-9d69c702598a,69,Male,184,26,old
9c8f4641-1ad6-42f7-91a1-f5ef1a72b77f,51,Male,134,30,adult
0e5ca0bf-1c80-40fa-93ae-208fcc1ef1dc,61,Male,92,4,old
6c866111-2370-40b6-a5ec-942c651353a0,51,Male,85,47,adult
37e59866-707e-47d6-9f30-3174fd0a0c94,79,Male,113,35,old
fcc15bde-09ea-41bc-a746-310496a35147,30,Male,125,72,adult
bded8580-1ed6-4a09-acab-b1b06e4e48bb,89,Male,48,50,old
0e6a1120-4bd8-4c51-bd4a-2691d19a5002,42,Male,83,26,adult
7eb20a30-4383-46a8-9d05-e336107faec8,71,Male,183,83,old
2a6545bd-8dbc-4a3b-99f8-0073bf07ac99,78,Male,182,11,old
02cb535e-f534-4a4c-9192-2a142146c375,49,Male,74,62,adult
910df706-ddff-4fe2-ad0b-efb610b0e93e,65,Male,172,49,old
8310696f-dcae-4e44-8ea9-b70713b75661,23,Male,147,6,young
d9564ba6-68a5-4045-aed4-a06930342173,37,Male,66,93,adult
4bd250b4-f3a4-4dd3-98e1-2679715421a8,33,Male,124,20,adult
fa62122e-c905-4388-ab18-45087e0734ed,54,Male,172,57,adult
8fbac64d-6b81-4567-b776-0297fdeeab36,59,Male,82,29,adult
ac6bf81e-5f1b-43a4-8fa3-1ad12cfa3e33,31,Male,174,100,adult
d71ba156-3d9c-40d4-806b-02f9a223f259,72,Male,74,59,old
82de71b9-1f07-463c-b9f4-ddf5c6cf4365,35,Male,63,28,adult
d78d993d-5cc0-4aaf-b214-9b75984b66d0,70,Male,138,54,old
75dadab4-dcbf-400e-a685-b43ee46835b8,76,Male,72,79,old
96ce1136-22b1-4097-96d0-f4852b7628c7,71,Male,146,8,old
566ca747-4eb5-46b8-a49b-666337df73c6,88,Male,95,22,old
0d960ce9-3a7e-4fcb-bbd1-192cfc378a62,25,Male,140,31,young
3319aa6b-54ed-40f0-bf10-28d913ae70c1,83,Male,54,94,old
794e4fd4-e2fd-40cd-92f2-2e89a3dfb0a8,18,Male,34,57,young
c5220954-d475-41a7-aaa4-732767228cec,18,Male,197,39,young
449187c6-6ea3-48c2-a1ab-bb26e42d72e5,88,Male,158,10,old
100312c7-7ddf-4c67-b58d-ec0200a10df3,34,Male,46,77,adult
f2eb06f1-95de-44cd-9489-dba5fe5c0c76,19,Male,177,21,young
bd9e45d9-c958-4e60-bb51-3f284121ec92,41,Male,81,80,adult
97b3cbd3-178a-42b1-a0fb-f88921aba0b8,66,Male,187,20,old
3e2ab768-0ded-4126-bcb2-a5b9701f22c2,52,Male,101,97,adult
9e7c9db0-63ee-437c-a245-73a45cb0aba4,78,Male,45,28,old
da7f598a-3fb0-4ce7-90aa-b9aeac40720e,28,Male,118,11,young
4ad78ab5-332a-49c2-86fc-cd461a5d178b,28,Male,46,78,young
ebb63095-7f27-482c-bdf7-85f2c9588d4f,40,Male,65,75,adult
5a01bb5c-7f70-406e-acb6-3778de95138d,56,Male,192,42,adult
840915e6-1c4f-440c-bd39-021c394b81bf,60,Male,24,81,old
0a97ee94-4886-4f9b-b2f1-601cb9eb964d,62,Male,56,76,old
bf48c09e-8757-4a53-9df4-298c730664da,67,Male,147,40,old
e5c40dc3-3d23-4b7c-8159-76788a929e47,30,Male,51,77,adult
a764bf55-5f12-4a14-9da2-b34214160a44,50,Male,67,47,adult
69fbf43a-5ecf-4e54-bdc9-b919e0a6265c,69,Male,107,17,old
d0905fc4-c5a2-434d-ae91-d6e5573b32e1,70,Male,186,49,old
7efee499-570c-4c8c-a3e2-eebf62aecbd1,20,Male,86,95,young
400e7e6a-baa0-4895-aa46-9d170c91a6c3,48,Male,83,70,adult
b734ffae-8fb3-4e8f-bb88-09660956c046,18,Male,91,75,young
306af2e9-b7bf-43e2-b940-70af35daa47c,37,Male,48,8,adult
f6d6c1ee-2454-4129-855b-21b5c711e602,38,Male,92,25,adult
720808de-0a29-4135-bde1-180be4d6207e,18,Male,195,2,young
d05f4a78-b858-471d-a8ba-571d4db3363d,65,Male,66,17,old
ff658e9a-2f13-4599-a632-f9fe12817e75,27,Male,74,65,young
3c8d2555-f09d-4613-a2d1-e4bc3712d09d,63,Male,150,23,old
c73a275f-0a5a-47b7-83ed-1a712b506be2,59,Male,176,64,adult
2a8b4f1a-cbff-45ef-be83-e42bad63d22e,25,Male,78,51,young
326e64f7-121e-46a5-8e5f-75490330d2e5,76,Male,146,37,old
c15e6c84-4ef2-42b7-98f9-ed2d67712149,29,Male,111,45,young
8a7684c6-c9d5-4e5a-bb93-5982fcd82005,43,Male,81,89,adult
727cdd2b-9bb7-4f30-90b7-0c928c8a28c2,49,Male,56,41,adult
1327a38a-e7bf-4424-ac29-4417e134a1c9,32,Male,158,20,adult
df0643bf-e162-47cc-9ef7-d35c2ee1bf1d,71,Male,98,29,old
1ad5f7b0-0ffc-4c39-a4e2-99f76338820b,80,Male,198,63,old
247080eb-6fd8-4530-b963-964e2994f851,67,Male,168,33,old
0da7813e-f19b-4782-ac19-835384da07c7,58,Male,182,84,adult
8c46f29a-516a-4973-b22f-76f6a1514dd1,61,Male,116,39,old
ff970a71-c91e-4547-9082-4313375eddcd,50,Male,38,17,adult
6b60a8b7-3637-4621-8c91-9512bb666beb,80,Male,194,86,old
0f3ee62c-0fc0-462b-ac37-888377780165,42,Male,63,50,adult
ef9f9f97-111f-4d81-b00e-b9ed7285fc9b,69,Male,21,31,old
f24463f0-b275-4c9a-9b6e-76de786ba9ae,31,Male,20,27,adult
2eeb1116-8745-49c8-8a6f-c8773e4e1a8d,85,Male,166,8,old
0d435e6b-f502-4398-8f01-c9307dfba0ed,32,Male,194,67,adult
5e09df98-3096-4388-ac67-599afa65bade,90,Male,185,93,old
a4901a67-cd84-4f31-8ae1-bc3b57dec901,47,Male,102,27,adult
ffada2e4-336b-4ce6-9001-14503549bb37,25,Male,106,18,young
84d5d904-9bde-4446-80f6-c68f015a65d4,88,Male,60,20,old
ec2557fb-8c22-454e-a575-36f74635e0e3,71,Male,193,62,old
773640bb-719e-4f47-b6e9-81e2af761ad0,63,Male,25,95,old
c10b1687-6535-4abf-ac47-5f9521341476,40,Male,76,89,adult
0b8358f5-8d1b-418d-94a9-32aa2b6a0c47,78,Male,89,31,old
50ffe180-02f5-486f-94be-012b708f72aa,59,Male,175,71,adult
dfcfaa6a-7f93-4008-b061-f85c65c8e2c6,90,Male,64,32,old
090424f1-4abf-492d-8e65-04c508f7e153,32,Male,52,12,adult
90e76b21-9efc-43f6-a1c2-5682c3835d6c,42,Male,122,51,adult
fb19e82a-228e-41f9-bbc5-e900e85fa057,55,Male,32,59,adult
f0b42554-5bbe-4457-a66b-b53e1bf072aa,22,Male,163,13,young
eaaf7171-114f-4ddc-95f0-6823029f9dfa,23,Male,109,99,young
a8862d27-f69d-4096-a953-f5b278e89ffc,46,Male,68,39,adult
3e1a41dd-add4-4e8b-9374-82233d1f1f72,83,Male,57,63,old
cab7c7c6-3949-41d9-a7ea-d003bb7702bb,59,Male,103,25,adult
c355ae1a-e26b-49cf-b040-d3955f16d632,77,Male,125,36,old
17d32552-4e0b-4d33-9804-27524d6dc226,39,Male,104,1,adult
872fdf53-b207-4308-8146-77a6c9f3ffb7,88,Male,49,10,old
2ff299d0-9003-4e2c-a60e-48557fd8c665,82,Male,21,39,old
588aa3f0-0b88-4fe3-b48f-93a70d4de536,36,Male,148,2,adult
7fae0f5a-f7a2-4930-a49c-2e8c2e943591,22,Male,180,98,young
009dcc8f-bc1f-4476-8996-3b5d5ddaaebe,73,Male,99,10,old
99f868cf-bd74-4d97-831d-e9ced7f167ca,52,Male,107,42,adult
8e1625ef-e201-4fe3-a5bb-cda21cd46a57,68,Male,150,56,old
71c1d979-69b5-4036-9a4c-3044913650fa,51,Male,70,55,adult
07b34343-2ac9-4763-992e-eabf9306c425,78,Male,110,36,old
4e152ff8-37be-4d2b-980e-bc8e354eeddf,72,Male,171,87,old
203249fb-cbea-4181-a80a-dea481b8bbae,33,Male,54,97,adult
262d4b3a-9a2a-4c01-802b-e646e8b55f6d,84,Male,160,83,old
c16f9e16-c1af-453e-b093-3d41976375c4,49,Male,166,19,adult
50a001e1-a73b-4f21-a485-460712f0cf27,46,Male,187,79,adult
4d9d9599-a5ba-4944-9b1f-e53eff16c958,38,Male,141,63,adult
f701cc69-19c2-46a3-bf91-54955c84f2cb,29,Male,65,9,young
0f60bdf5-3ca8-4816-8e2f-c0abd57f0623,89,Male,109,26,old
89ffddca-672e-4a99-b1e4-3089a5b3a28d,27,Male,190,40,young
f75dbafb-6141-4ef1-8d56-88215d0476ba,29,Male,82,63,young
db687043-3c13-4b58-acbe-a547bc20f137,28,Male,177,42,young
c4859900-d4ce-41ef-bf64-0b43e290403f,30,Male,54,13,adult
02369ab4-b433-42cd-911f-a7cad31f20c5,42,Male,176,8,adult
1e7912a1-384f-4f6a-aa9b-fbe8a2810046,81,Male,178,89,old
ddc1eda8-7bb6-4147-9a86-37cd3adbe29a,59,Male,30,19,adult
d14a6c47-6f3a-4d4a-800f-166621e96b7a,39,Male,160,56,adult
af5c9464-e446-4018-bfc9-26e453d71e42,26,Male,165,40,young
92b6e722-298f-4532-b17f-a9091bf2e4ea,70,Male,148,64,old
9a6bc908-9b6e-464a-8c20-3201dbfc1952,32,Male,134,15,adult
6006432b-7a58-49c8-a16a-4cb7eb23ed42,35,Male,198,48,adult
1bd531e3-4d1c-4cef-b0c6-e32defa1f26c,86,Male,143,36,old
db99ab13-ad30-4515-9231-2c12b9368b1c,55,Male,142,7,adult
331cc7d4-29e4-4dbf-80be-148a8db1fe69,58,Male,35,86,adult
3043431d-1fec-4735-8079-524be7432129,73,Male,178,41,old
69e541d0-694d-4888-a104-ad9676e5b3a9,50,Male,181,41,adult
9ea5f270-3aab-4653-b74a-aa929826b63e,88,Male,167,77,old
9ef27ffb-7ff4-4955-a5bc-6dd045e66032,21,Male,52,95,young
4715816b-1ab6-4160-9de4-be68fd0322ed,65,Male,79,66,old
9ecc9fe8-2aae-4de5-9215-5ceace684ef5,57,Male,157,71,adult
7b4a51bf-aae7-4069-9524-25aca7ce9306,25,Male,166,26,young
7e3d939c-345e-4c52-a222-2f0de8884bcb,64,Male,50,33,old
67b6734d-0a16-4012-aa4e-cef0f1bef766,21,Male,127,72,young
ba915151-d131-4f84-b745-dc6ae0dd6d21,41,Male,163,90,adult
673abfed-8d30-411c-93b2-1a590fa822f5,73,Male,150,54,old
2719d196-6128-4811-bab1-3a86d4948e59,53,Male,55,95,adult
6411f5dc-f58b-4580-87ba-cbbca222d076,73,Male,77,100,old
33faa32b-4b85-47f5-a17b-ea54bfef4ce8,56,Male,186,61,adult
c8874a71-9771-46ba-afd1-4d3f1bd182a5,89,Male,47,64,old
cac78615-213e-4fc1-8519-273967fd0ce4,50,Male,172,85,adult
30892fc1-948a-424d-8c7f-b0134ff2eee1,45,Male,140,53,adult
f8f4409b-f7bc-481d-be41-4684649d2e5c,47,Male,162,85,adult
50c5c282-9141-4834-b410-a7329fd860f7,87,Male,156,17,old
f78f7272-a615-45b8-ae0d-b60cec3495cd,82,Male,146,18,old
e2155798-1943-4214-b170-b1c9e2069919,49,Male,32,74,adult
1947efed-7b42-41f1-be37-3a2ad83262af,35,Male,24,74,adult
db468a55-a43b-471f-badd-d0ca2fea7632,32,Male,62,78,adult
72a15fd8-da66-4c1e-b31f-0ebe9711b09b,48,Male,118,28,adult
830a724d-f4c7-4720-967f-2697ca6a5d27,26,Male,136,95,young
a8808f45-b82e-4b3e-a0ef-d2dd229a51cb,81,Male,114,39,old
3f2bcc04-b121-479f-a1f0-25566f85a53e,78,Male,22,57,old
930899bf-385e-4aa1-b22d-bdaed70754eb,29,Male,196,46,young
fa6e16a2-87fd-478b-aa94-9fc69f13c7d9,55,Male,26,73,adult
c270fa9b-074d-4961-b1fb-dd2a5e627e70,52,Male,146,88,adult
466f4908-75bb-4ed0-8c30-1a4dd5afe79a,28,Male,182,4,young
02c32d43-e622-4678-951c-5146c6738e09,80,Male,176,62,old
61e2fb75-4e76-4063-aaa7-2cf64dcb37f2,22,Male,141,10,young
4f52643e-d0bd-47de-ac7a-4275ee83f3f7,75,Male,49,46,old
adb48651-6001-4fb5-8632-5f717c4690c5,26,Male,165,62,young
c5d98715-d081-412d-bee8-87646494816d,43,Male,175,62,adult
b36bc7b0-f2be-4d2e-bb1c-c22b16a97a75,62,Male,73,81,old
bc240568-76d4-450a-b21e-5a3369eddf64,31,Male,150,44,adult
c09c893a-b6f5-4d04-b1c0-367d5f51518d,84,Male,90,43,old
8765ea2f-86ab-4e76-a57c-bfe1e0822df2,54,Male,45,85,adult
37f93a58-e752-443f-9646-28f9e7ba76cc,32,Male,33,99,adult
9d93c9b4-13e9-48c0-9da8-85ce61154202,77,Male,194,12,old
9bc8ba8a-6466-4504-87ce-6aff0324c8bc,66,Male,42,1,old
aeba8307-4419-4c84-9ce1-1003d71da10a,59,Male,197,47,adult
cfbde093-5d1d-4f82-8a56-178cf9327b60,45,Male,162,64,adult
a89f9626-9718-4f5b-8b6c-384dddb12dde,69,Male,186,7,old
01a4ca7c-404b-4a80-a6b4-4443f2f6b94a,57,Male,140,82,adult
b5b3a6f6-c11f-406e-8f3f-808962b9751e,34,Male,139,62,adult
5a3f9bda-2fe9-4c5a-b023-76e3c0fe0bb9,82,Male,57,61,old
112cbb2c-fcc3-419c-a7f3-f4de5deb6377,58,Male,127,68,adult
100f8252-7052-434f-a05a-06a8720f7ad7,20,Male,84,72,young
eae6254e-6c50-4598-8436-28343bb07f09,19,Male,56,95,young
a9a6ad04-c531-40c3-8a13-55a65c1a73e1,37,Male,189,56,adult
7841e836-0cd8-418a-b60a-08280859d177,77,Male,120,24,old
6e2a80b2-7879-4462-9a59-77cc2dfe3c61,55,Male,61,23,adult
b62dcee2-4f00-4e04-b491-a9a4e7005129,48,Male,176,51,adult
0da84a38-25c0-4452-9b59-98b00b5824ce,20,Male,59,27,young
f8e5b7f2-2cb1-4fca-b221-219ae30e5cbc,61,Male,111,19,old
b8506381-4453-4e64-a9db-daccb3ee4285,81,Male,120,92,old
673fe0a2-c7e0-4a37-ae9f-077edd5df865,64,Male,102,24,old
c4cde894-a9a5-472a-86ed-269a7cb39828,81,Male,176,69,old
30dbb985-7e2d-4293-bcde-07e1f786ffd3,41,Male,107,82,adult
2e554521-b55e-45b2-a909-0224572d6d4d,68,Male,159,17,old
11045609-b61b-4b13-b154-08bc3d8f4a7a,33,Male,105,73,adult
12f9962d-04df-4562-84e4-46452786c4c3,60,Male,94,51,old
0995733c-3196-4799-8014-2aabc88ff8ef,82,Male,156,16,old
cc755da3-4959-449e-b539-57cc3c900e6b,78,Male,31,68,old
9e7db6ed-cf87-4330-a8fd-6fbc02b79c16,55,Male,34,46,adult
85d2f908-8d5c-4c45-a475-e8ba12437027,19,Male,170,41,young
930a5502-8fd8-467e-9005-a853ba9416ce,58,Male,152,79,adult
d08244fa-3e87-48ef-9a06-08bc3aa8154d,20,Male,184,5,young
59f36d85-3585-4017-8b4d-e3833d623e19,62,Male,57,67,old
290b841a-e4b0-403d-910c-895f2c2c5496,86,Male,43,68,old
9818e806-092d-4fba-841a-49ddaff96920,31,Male,88,44,adult
9700d00c-900f-4b2a-8d0c-324a3e506233,28,Male,75,63,young
75cd1077-0548-43a9-b0de-1a456763950f,83,Male,164,49,old
0f8b3da0-ced3-4ae7-ac81-2aeb6687c865,90,Male,156,63,old
65bf7027-15cc-4de7-a049-535a9e9a83d0,39,Male,81,16,adult
b2e04ff7-e733-4d2c-af41-814aa55aacac,81,Male,62,31,old
d8474576-98fd-403c-bfc6-9f0c0bf4e4f2,50,Male,171,33,adult
01af20ef-79b3-46d2-844c-d68774e3e7c1,25,Male,156,99,young
c4c22f71-6148-4c58-84da-04a5796cd473,31,Male,111,39,adult
7a694848-547d-4840-a18c-9b7fad55e483,35,Male,151,20,adult
737c5cf0-aca7-40f0-9160-c00d483f47ac,43,Male,184,96,adult
b8134ff9-69e5-407f-8ba2-3e7576866936,22,Male,134,89,young
b2eb45da-9030-4c59-8376-d530d46f648d,24,Male,73,57,young
af717748-2af7-44f8-833c-954049d1fca2,60,Male,155,80,old
60543af6-e1ec-413f-9371-7de21f6e9f85,74,Male,133,49,old
e66facf9-214b-4fb8-bcde-bbf96469aae9,73,Male,134,67,old
da26a2bd-d5d2-4030-8e71-f80aad0022aa,31,Male,72,16,adult
103eb13f-d02f-4af8-b9ca-9013dd154a49,24,Male,144,28,young
3bc147b2-0fc3-47b8-88be-b427733cca37,50,Male,28,93,adult
e62da088-4a40-4bb2-bd3f-cccd06c965b0,62,Male,184,53,old
28672587-e450-456e-83f9-be70b6be0643,55,Male,111,45,adult
a96e446d-ccc4-457f-8161-7bff2985c5be,72,Male,58,24,old
655883b4-23d1-42f2-99bd-ec94cf475ae9,32,Male,90,6,adult
4a210c19-e24a-49ab-9f1f-95a0c1118f80,48,Male,71,79,adult
a9d94bf0-4096-45e1-b6b4-5e3ca3f9b96c,29,Male,148,10,young
061c43a1-718d-44ba-bcec-0c8effb94196,63,Male,133,30,old
b22a1cbc-bdb3-42dd-b94d-f3db83a441fa,90,Male,123,83,old
bf040305-ad87-4938-a2d0-1b0f5fd70352,75,Male,200,7,old
1076abca-6170-4f37-9683-3899d63a5577,55,Male,32,35,adult
89c19431-10df-468c-9c5c-70916525c350,72,Male,133,40,old
f4510640-be5a-446e-a00c-61e2cced9059,63,Male,78,59,old
28059d09-6542-461f-b466-2cb5103dfc25,86,Male,96,3,old
7bff6c18-e352-41bf-a242-6b2a902980fd,30,Male,131,25,adult
beaa9561-58e3-4cc5-97d0-22e3b5236d2e,37,Male,118,41,adult
8712437b-d027-4ab7-985d-e9327b45c4f2,59,Male,117,10,adult
0bbb8037-cbe1-4097-aea9-5277d541079c,80,Male,93,15,old
99392e3e-718b-457a-9f42-507b3f97f42f,49,Male,126,69,adult
4ebffe22-8729-4a0c-9ea4-d25f0a43f4ea,42,Male,195,19,adult
e274d07e-1e78-446d-895c-71de8f846a9e,53,Male,156,79,adult
8f81a9f9-9992-48e3-a8a6-6a5c47cb5fc7,84,Male,122,13,old
a499ad6e-6e67-4e94-bb5d-5a2fd817ac10,74,Male,94,63,old
b2a927b2-6d58-4ad9-8abc-16f897a1c7b2,64,Male,86,65,old
5397d8fe-5660-428c-b043-371a1c2602ee,82,Male,73,56,old
297573e7-eeeb-4faa-b605-2c4be14b2eac,33,Male,119,77,adult
a35b7b37-2400-4c5a-8d36-2c5d3f507354,37,Male,59,67,adult
531cf5ef-62da-414f-9337-460631ff8b31,83,Male,109,3,old
965314b5-f426-4d83-9292-47fa1f1c1500,63,Male,104,11,old
b3baa8f3-2262-4939-98b0-5cee70aa2963,51,Male,177,36,adult
c5cb6896-246d-44f4-bd0b-03555234b0da,88,Male,131,16,old
d27e9ee2-1091-49ec-82f3-7d1302d04b66,45,Male,33,44,adult
43a8855b-8a4c-4982-9ea8-add71e1fc73b,56,Male,169,88,adult
c9a49309-7c8e-4cf5-80b0-19a0583909c3,76,Male,156,2,old
1b7c3ba7-2487-4857-97c2-1d57bbc4a7c0,59,Male,195,43,adult
8928bbb2-1826-4162-9dba-d7613445b1eb,19,Male,94,54,young
0716d63c-f657-49af-8a26-c356460aeeab,23,Male,109,41,young
0be689f7-3da5-4bcb-8cc5-847042eb2fc3,48,Male,34,100,adult
e263946e-0428-4fef-9fef-0b862c95ff08,64,Male,32,18,old
18ccbd98-7e43-41f3-a25c-b94445e4236a,20,Male,147,48,young
3e396654-b4ac-49c0-b99b-949995ddbf87,65,Male,75,26,old
6887a652-a2c3-4862-b42b-2e1b2c0c95b3,33,Male,136,34,adult
aac49b19-80e7-4c7d-bcf9-7eb60b024785,34,Male,170,3,adult
8a0a7933-91c6-4da6-8206-9f6504ad5835,39,Male,115,68,adult
10a038b0-4cc7-4d85-828e-f809496320de,48,Male,94,58,adult
a71337b4-a0fc-422e-93d2-8cd9f7947681,87,Male,97,62,old
58a03c5c-79a9-46f6-9155-b7dda9c0b1d6,75,Male,47,23,old
305e2e55-b1a2-494b-8cf7-93b30c2b2c4b,57,Male,171,86,adult
7d35bcc5-3bbb-403c-b990-27681f850d83,34,Male,37,70,adult
c968b3f1-9bbf-42f2-a831-176dd52b7024,23,Male,95,81,young
20c5a930-8529-4bc0-8837-5c9b390ee8d9,77,Male,165,5,old
29762f11-1d7e-4478-bcb2-cd35550ef43d,63,Male,142,82,old
db4bf21a-6f6d-4f8d-b8cc-99deed4445ef,43,Male,191,27,adult
2c016c5c-f7f2-4856-ab49-563e3897f9de,87,Male,63,38,old
863f9125-7aa1-4f78-9c77-ff15232c6021,88,Male,191,43,old
44f3f5ae-cf8e-4421-a9f0-d4c97a74beb8,36,Male,177,68,adult
5f795e9d-d77f-476e-a5b9-c9290152c167,26,Male,89,83,young
4ac258b3-6144-40b8-98d3-857734819528,86,Male,138,32,old
a026460d-99be-4dae-b70f-e3e3ad5f5ea2,32,Male,191,67,adult
60a183b3-7fef-4f65-b573-9f46de18e931,50,Male,171,91,adult
529aa24f-d94d-4ede-9996-ff62044e5f0f,42,Male,51,88,adult
1ae50f7c-5799-4b51-858a-6a8c456cdfc4,24,Male,142,18,young
ce2cb329-fbec-4bd8-988a-a48a4f4c254b,76,Male,94,55,old
65853597-4ec2-40ea-b3e0-562f03cae366,51,Male,115,69,adult
e00de922-c537-4604-a048-69f6b75eb59e,73,Male,100,32,old
96dbc4f1-3485-4a62-9ef6-e3d70635e2c9,46,Male,51,77,adult
fa007b77-381c-43be-a9a1-6825d66881e6,89,Male,52,95,old
22b70834-ed5a-463d-b6d3-61de17f3747a,50,Male,28,34,adult
6c978c12-d76e-43cb-9c95-b53f735c6614,30,Male,158,79,adult
3e03f046-6bbb-4b86-a620-4eb3ba9976c9,26,Male,130,63,young
44bef4f0-489f-4147-b276-12a0f372a762,21,Male,84,95,young
7c95134b-f581-4080-a2af-5c3c78139d90,86,Male,42,67,old
672340b5-24fd-42f3-a3dd-11ad2b3d9798,82,Male,136,73,old
328624f0-cd7e-4b27-98fd-073281003d9b,67,Male,164,40,old
335ec8df-2da0-40e9-8384-e36968efc8f3,30,Male,127,45,adult
9668523d-ce3e-4489-9165-e4db14e13b34,44,Male,168,13,adult
f4d24f61-75d5-45f6-99d6-041660fefff0,88,Male,176,48,old
3fd502f8-c06e-4e08-b8f1-25ccc3279d22,37,Male,86,74,adult
e7a8be68-b516-4d02-94b3-6905595ac4a2,69,Male,72,91,old
f436cc35-b18f-4178-84a0-045fcd84c0ff,24,Male,191,92,young
2b692e6c-18cd-4931-ae4e-f232f9e87beb,18,Male,82,94,young
d29bc4f3-95fd-45a7-8e4d-64f9c916d7aa,87,Male,72,7,old
19cc5f8e-71c7-4228-b5a0-5132a151a511,75,Male,143,66,old
afbbe90e-2fc0-422b-8665-3c670dfc1a8c,25,Male,104,82,young
7fb2306d-82ab-4cf5-9bec-c7927a23d2d4,18,Male,99,81,young
9a39725e-bac9-4fb2-b753-aaa426b847a7,67,Male,22,77,old
4e73b51c-8e51-489e-b0af-b6ebfb978d80,43,Male,31,70,adult
5cb9fb62-91f3-422d-93ee-40f5a489fcd1,84,Male,141,60,old
85c1b579-20a9-49cb-9081-77a840e4f719,79,Male,40,19,old
03cb6266-be89-48a5-87f9-48ddf29279be,48,Male,90,51,adult
72aec022-f455-4478-9b0a-7a49a8db1b6c,46,Male,54,81,adult
6e9cd4df-9d41-4f2f-9c6d-5292a0bc11ee,29,Male,195,42,young
9ff44218-3827-4d65-a155-9c63592928fc,27,Male,72,42,young
ee36d61b-4eb4-4cd7-bbfe-7a6f71fb566c,81,Male,102,87,old
7b938b44-0b8a-407a-966b-f96b20a720c9,89,Male,83,17,old
13b3ccd9-ddcc-4237-8ec6-f50e0897ca6f,74,Male,78,73,old
06d6f9cc-557c-497e-b071-1cbe5354fccd,73,Male,119,44,old
0f7296a5-c319-42b5-aef9-875b58a0afad,51,Male,115,9,adult
b050f8ee-e665-4e67-a8ea-9b6086b18c7c,32,Male,168,57,adult
ff74bfea-0821-4043-8c20-16d2c3bea1ea,55,Male,34,63,adult
0ef99a4b-bf2e-4b4d-884c-581846214cee,30,Male,99,31,adult
f612b05f-9297-4d89-ad62-5e77f8a79e4e,82,Male,36,92,old
cc403bc9-f71f-4b57-84b7-b5e04342e011,45,Male,82,3,adult
27fb244f-31aa-4a1b-abfa-0bdea9cb8241,88,Male,147,88,old
995aad8c-0c89-4438-8154-5b284386f9c5,89,Male,166,76,old
d06908a4-beeb-4ff5-bd99-a6499ecc50d3,40,Male,117,25,adult
1a41a3c0-7d79-499e-bed4-51f20f20a790,25,Male,52,74,young
f1a9038d-cf5f-4c96-a98d-6c50f7c174a6,49,Male,151,82,adult
4162f851-21bf-4e1f-8dab-dc669e6c3597,69,Male,190,34,old
14cd3199-2244-4810-81c1-64702f3f016b,18,Male,183,40,young
185be973-f1f4-4264-810e-293656a14bcf,57,Male,175,38,adult
8bfdc1b9-a811-40b4-9e13-b373b566e56e,23,Male,99,1,young
35bb457f-eb01-428f-8cab-867dcb55dfb6,77,Male,129,46,old
c3f38250-f88b-4a48-b8d4-754daf9d3883,49,Male,169,7,adult
62871bde-e4e5-48f3-bce1-3c3cf29a1718,40,Male,76,23,adult
dcc03be1-fea3-475f-bd75-3bd30be34afb,71,Male,123,63,old
dd942451-aec1-4351-8f34-79ab2592371f,32,Male,136,32,adult
5aec9e73-7209-4d06-ab61-21c0efdb75a7,35,Male,35,19,adult
8bd5a480-57c9-47f1-b7c1-173e6e886ab7,39,Male,111,32,adult
18cad26c-bd35-4894-b61e-8643a5a2ce1e,41,Male,126,61,adult
76e81cfc-dcfa-4b96-a360-f5d209e9242a,80,Male,57,40,old
aba7f270-be0b-4db1-9da9-421c207d6376,30,Male,48,7,adult
0ebc2aa4-bb61-4c3d-bf98-0ca1281f0c6d,26,Male,175,38,young
0be8ba70-5054-4b0f-8268-b44f912ed645,48,Male,139,48,adult
863826d4-a4a0-4f99-94d5-cca28df76040,52,Male,82,7,adult
c9f947bf-22b9-477f-9763-513dad94572a,41,Male,142,24,adult
395b98b4-b64b-4aea-80b3-e0ac1ffea085,72,Male,145,42,old
ac607b89-c633-42c6-a2ff-b8c184c617b0,33,Male,33,64,adult
0fdfcca6-6e0b-47a8-950a-9d25aa421c89,89,Male,44,79,old
55be771f-f043-4272-ac27-4b768d8dc036,64,Male,184,43,old
2a5197df-3f85-42d5-b670-6614cecacfb8,63,Male,147,80,old
73a5f8f8-a505-4c74-8a69-036bee148b78,87,Male,28,15,old
6f89946b-f858-4043-a1f6-fb11a425f874,88,Male,90,58,old
83d400d7-b974-4c81-8e67-527ae3332652,36,Male,131,28,adult
79eeb453-22fb-4d95-9189-28c67e14ecf7,79,Male,101,68,old
ce90bdf2-7755-44dc-a258-a2d4e96afeaf,47,Male,173,6,adult
da5b408c-730b-4c79-8176-c9f92b64bc15,89,Male,58,73,old
c80d2c7a-7ed6-4e21-8c20-d147a0be0ad8,74,Male,127,67,old
22e6b398-54b3-404b-8e58-82eb8fa37b9d,81,Male,37,26,old
d561ad99-bcdb-42a6-811b-009be5a6bf97,36,Male,158,100,adult
6701baa4-66c3-4148-bcea-9d2a70fadf08,86,Male,110,50,old
e89abcb5-11c2-4e12-ae72-d40515c7531e,89,Male,151,32,old
20300755-fb31-4203-a6fe-3d612c17da69,36,Male,30,38,adult
42914a99-d2c2-4c41-bc2b-38645a14874a,78,Male,178,8,old
71a5bb4c-b7d6-4c7d-a532-101384e360c1,45,Male,61,8,adult
9993367c-c407-402e-8f27-33c9cc33d103,75,Male,141,65,old
21277565-222e-40bf-91a5-df3125258b7c,89,Male,177,29,old
3ad8417b-50c6-46d4-9ee7-899f0f987a5d,52,Male,33,24,adult
de37a789-e5b8-4275-a0ee-bec10a18ef7e,55,Male,115,99,adult
13ca50d8-947b-4996-8051-1b50f6a48ffb,54,Male,181,33,adult
0dfa13a6-1db1-4643-9bd1-739b74e65aa3,24,Male,53,75,young
de091f91-c759-4809-b5b6-7fb12f88620a,88,Male,159,7,old
e6652043-8d1d-412f-902b-46215009c715,53,Male,150,91,adult
72ecc986-6131-455a-9627-7185629d6f85,83,Male,176,19,old
bdc5dad6-3217-4b1a-95e8-a1c530169096,55,Male,156,70,adult
ff123b33-8823-4d3a-8e4e-960c216a208f,73,Male,96,34,old
ea1a7c28-34b5-48c3-8714-530a6e3e1212,88,Male,108,80,old
d69574b4-baaf-473c-b68b-1bdf22166005,53,Male,54,48,adult
9466e66a-24b4-4941-a515-fc9d9fb8755f,54,Male,45,55,adult
1b3a84ba-ec08-4057-9351-fb4f37bcbd75,71,Male,149,5,old
9b70dd5c-44b1-45a7-ab01-6ecd299294e3,63,Male,83,72,old
f23dbdd8-25e9-42f3-9b6d-501bdf3004fa,86,Male,53,73,old
f9e19c28-ec18-482c-96d1-fe13b1e5ee77,35,Male,51,20,adult
ead335d1-6fd2-4403-b84e-ce610fc458df,25,Male,140,92,young
e85bfd2a-b2e2-4256-832a-3329cf259a1d,35,Male,52,99,adult
a1929761-af5a-4f0e-bbf6-1ca6c36e6af8,19,Male,99,55,young
2f36a129-e465-4c80-b984-08e647e4528d,78,Male,78,13,old
91dd4573-c65d-4adf-a235-16432f816f5d,86,Male,100,64,old
e2ef0c4d-50fa-4183-b2c2-19819cd10a74,46,Male,147,20,adult
5115399d-f580-4120-94c8-c01413141cf0,47,Male,84,61,adult
d6e52358-0dee-4a07-ac87-3eb9f14bbe53,36,Male,90,73,adult
3fcc2b0c-f395-4c55-b646-1b58dfe63736,82,Male,140,94,old
0cc5e4d7-aac5-44e9-b884-24de724ef262,25,Male,129,92,young
0c90974b-346c-42a6-854d-f688e9c88ebf,25,Male,137,34,young
abe95c21-ce9f-4d65-aff8-366d2b82164e,81,Male,182,91,old
fccc36b1-0c5e-4f57-bb99-aedfe1486ab1,40,Male,122,68,adult
15f16fe5-4925-4b0f-a8fd-019359d4e1b7,75,Male,102,62,old
58baee7b-018f-4575-9698-ee7165e658eb,74,Male,32,72,old
5242e0c7-c0da-405a-a66a-09aa334632cb,90,Male,172,36,old
72ea50a4-22f2-401c-b53e-66600b2b39d5,75,Male,72,87,old
7bbb7240-97e7-4e78-b45c-1307cbe4c916,52,Male,111,81,adult
b6054993-e2e2-4fe8-b3d9-42d71f444e05,79,Male,24,16,old
09b9510b-2c2e-4702-8277-29d8e56d6503,64,Male,71,21,old
8bc4c67a-4dfd-4382-a527-45439a2e719a,35,Male,123,100,adult
56e80876-ebfa-40f0-aad7-bc846bf3204d,87,Male,89,35,old
31b34474-efc7-44cd-adbb-5f32a7a46680,68,Male,32,7,old
60f45750-9a77-4ed9-94d0-1ca3f6f9d7de,37,Male,97,96,adult
d02692b3-75e1-45a9-b2b7-dcb8fe718f5e,81,Male,93,41,old
193e00b5-490e-45b2-9a69-6d6337ad6f22,73,Male,136,71,old
ffc51691-d0b8-4d85-bff9-751a798b53d1,68,Male,93,54,old
46cf2920-6a4b-4864-87e0-3c61ee59b8f2,84,Male,188,17,old
f0c0406b-3c0e-4c26-9119-ce9f526190fc,20,Male,189,76,young
d336fbc2-824f-4b5f-97fe-e386e937cd0b,27,Male,114,99,young
7133ff70-3a3e-4727-80a8-4853d1c2c3ba,57,Male,96,51,adult
5bd36e27-29c8-425b-8f3c-ca8bde719cbf,18,Male,102,32,young
0063dca3-394d-4f2c-96ee-50a27efa5c4b,27,Male,44,42,young
03756702-6e9b-40ad-b0ad-9aaadbcba85b,49,Male,149,13,adult
acbcc154-ea2d-40e9-96da-5ce3d4103fbc,28,Male,114,97,young
cb804aa8-dc4c-4d9e-8594-fe20d4bf5a4c,23,Male,74,77,young
89c22d42-5018-421b-af34-36085dd6d77b,18,Male,60,35,young
ec3c384f-51e1-4890-aecc-82ccd291fe89,18,Male,168,74,young
00e90496-c43c-40ba-966f-aa0e137097fd,88,Male,32,20,old
a917d924-bf72-49d2-a727-32660c3ba7a7,47,Male,34,43,adult
bcabcc5e-4a90-44c6-99bc-4c534d6e45a6,79,Male,78,31,old
b898b18f-cb64-4011-9ff9-855dd0cf134d,67,Male,63,60,old
1cf60c8f-3518-4112-afed-a6d6d6b50fd0,67,Male,76,7,old
84b3f93e-de65-4400-8b6f-2cf3fc969a20,88,Male,139,49,old
a2a5f39a-59e2-4646-b22d-0e9ba5d735ba,50,Male,163,46,adult
a896dc8d-cee0-48b2-8a42-04853cfb93d0,51,Male,150,45,adult
78db2be4-c3fe-4575-88ed-f6d314cbb2ce,89,Male,184,39,old
49338990-4ec6-4c06-a962-73930893e712,25,Male,139,96,young
7360a2d2-3f93-4194-af1e-dfc708cc8eab,52,Male,56,44,adult
34b29ea1-0dfa-4fc2-b770-488c0058859c,87,Male,179,96,old
0e97ee70-018d-445f-87b9-e124e966298a,74,Male,189,12,old
bf9d699c-3ab4-4a0d-903f-c31076b5e4ea,86,Male,56,39,old
b3bcd050-7236-4b35-aa51-4e6f56990b79,84,Male,119,21,old
ceee0846-4fe1-4539-bf58-1aefa6f4b774,34,Male,123,27,adult
51fbf09a-aac1-48b0-9aed-5b0ab8c1ac86,46,Male,30,89,adult
86218084-27c2-47f0-b5e8-977a28fb2ba3,44,Male,51,29,adult
42ee5dc0-ba7e-43da-963a-e5d2ab51bd4d,18,Male,137,10,young
c2e28eee-d0a0-46dd-994b-bb9eb7de8b4b,45,Male,166,72,adult
712ba0e6-aba9-4335-8ff7-1013b649ecad,60,Male,194,42,old
55419213-4ff3-4bbc-9f9c-d1c0779ad573,86,Male,128,34,old
9c0a8430-4083-437e-8f0e-e9c0219dced5,66,Male,39,4,old
427e8531-375b-4993-a4f8-9200327348d4,39,Male,86,59,adult
824f5684-0a9e-4e53-b585-3acf202c43d8,67,Male,92,36,old
e213075a-6f06-41ea-923e-4013866dd6ec,47,Male,152,47,adult
097d2b11-ae1a-4d9e-aeec-b5993c0048ff,41,Male,128,75,adult
74142d6b-f2b8-4656-ad35-3ca0d9c8c945,56,Male,52,69,adult
81da9d9d-676c-4524-bfd6-0fc526d41abd,43,Male,181,90,adult
3a1c0a94-9a72-4469-99b7-844d35f31477,26,Male,45,28,young
e282981c-00ff-4883-9763-9622181b79b2,67,Male,75,80,old
efdab50c-a453-42c9-8f70-da7d8b16cacd,84,Male,64,96,old
9d7812ed-23d0-4459-baa1-adfa6402dee2,57,Male,138,21,adult
4c14c82b-686d-46f5-a9eb-6bc7066b10e5,28,Male,40,24,young
6a25b409-a1ed-4fba-9459-2bac3e039fe7,45,Male,95,72,adult
04e115f3-3db9-4349-ab91-af84e09f3f34,65,Male,179,66,old
667b92f4-e7e5-4ec2-9424-d6fb69393369,71,Male,197,81,old
e9a55c3f-1277-4148-8f0a-32bfe74113aa,38,Male,39,99,adult
15414d26-4b77-4de3-811a-b16c6b5c225a,77,Male,23,11,old
e3de2044-0782-4d7f-8b09-1183acad863d,88,Male,169,31,old
9a7468b4-5b69-46f6-9b41-655ec7ed88e6,88,Male,134,78,old
1b4b7bb6-7d3b-432f-8041-373a55c5d90b,71,Male,160,92,old
28826c6e-1131-4e59-b745-660b78cd6929,53,Male,42,8,adult
e41ada66-96e7-45b9-95a4-fb031c3aac91,62,Male,138,8,old
2f3487d9-401a-4ee7-9c9c-a6380e30759d,84,Male,155,85,old
b2a991cd-2454-4403-a133-2fbdba52fc89,73,Male,110,46,old
70cc710c-e0c8-4b07-9b8f-78604b57896b,64,Male,62,73,old
0cb0e739-96f2-445e-8d19-d46e9fbd4ee6,28,Male,184,92,young
f7320923-3804-4e82-bf8c-886c316e4c69,21,Male,70,28,young
bc886314-3f9a-4260-8332-d96d0d5d871f,57,Male,181,9,adult
dc354b93-5117-458f-ae89-9103b5edb145,36,Male,118,14,adult
f0ac2951-dc48-419b-8b36-7fd74c39d9a6,33,Male,44,52,adult
4824c759-35d5-4ab7-be41-58bffe6a0c6d,37,Male,198,35,adult
bda2268d-7fae-40ea-8e75-7b5f0427456f,64,Male,188,1,old
cbdc5e86-8813-46c5-81ab-6da2fe848087,62,Male,192,52,old
b3b53931-60e5-49bb-b567-55df49549d04,89,Male,114,64,old
9e6a8179-4203-49bd-98e6-3618a121c737,59,Male,192,72,adult
40264e1a-5c91-4005-82e2-bf990fd95d05,18,Male,99,37,young
502b064d-0832-4357-8dcd-96d0c19e716c,83,Male,25,26,old
6a7fd132-b05f-4b76-8e3a-1fa0c5aa2ae6,23,Male,144,97,young
b5f94d82-e43b-4616-8ff6-9edacf669c46,28,Male,51,62,young
93f53132-07d1-4f65-a0c4-d90e2e6fdc69,67,Male,185,59,old
a00a5b53-7860-468d-8626-eef5e51ca60b,36,Male,126,98,adult
7c4a529a-0d8f-4c6a-87b6-303607853bd9,50,Male,146,92,adult
38db0eef-c0de-4eef-b241-aa63c7678856,38,Male,115,64,adult
edba339d-2d95-4636-9290-9522037a6d67,21,Male,83,98,young
670e9867-8f06-42de-b64d-ffb18a2466e5,57,Male,112,61,adult
81d503aa-217a-493f-aad5-b906bf5ba7e9,72,Male,108,96,old
9f8107bc-b23b-4fa2-94ef-0ef754283bbc,88,Male,25,80,old
aa590845-657c-42af-869f-f0fc3dc60041,35,Male,104,91,adult
13680909-d0e2-4b0c-9920-00c2319f4db4,22,Male,79,31,young
4181c7eb-ab53-4fe4-98df-c51cea6febfe,54,Male,101,73,adult
8f3d1aec-359c-4a89-9574-a47587cbbe1e,77,Male,67,3,old
e55a27b3-cb75-4abd-86ea-edcf1660b98e,58,Male,70,85,adult
5e7f5c78-bef3-4205-b05f-79cb36dda728,76,Male,39,67,old
c3e36bd7-9b3c-4181-ab9f-ce7ff0adf7c9,43,Male,170,27,adult
c78073d6-15ca-491e-b60e-2bd033969f73,31,Male,185,47,adult
53e91d80-fcaa-4f12-9365-1499407194fd,71,Male,151,25,old
ab965189-9900-466f-8c9a-c4b5da79c2cf,24,Male,79,61,young
71ef4af3-7003-4074-94e0-beb6d021ccee,51,Male,54,59,adult
e63611e4-d93a-4152-b408-56e5944125f7,24,Male,51,34,young
10631e67-64da-4411-b82f-112f5ccc5a0f,61,Male,192,33,old
5896c889-ae48-4a0a-b559-8f49259e0333,65,Male,150,91,old
ae7502ec-f71f-4ed9-85b9-d0e37fd7275e,40,Male,142,53,adult
ab9313d6-32d2-4140-85dc-94f69165dacd,63,Male,121,85,old
33da1c72-4f0c-4c65-ab68-dd4de6430dfd,29,Male,35,97,young
be6a73a9-a9f7-426f-a3b7-0dee4fb5caef,23,Male,42,1,young
77f38c8d-08ac-4253-84b7-e493f47d37d0,85,Male,119,52,old
6445ab49-6359-4803-80db-47bddb48de11,37,Male,127,3,adult
53a4fae3-9d68-415e-9802-fe2e7ac75b58,36,Male,148,84,adult
c10d9aea-edae-41de-a3bc-83ac24c7f132,68,Male,187,42,old
ef79a7f5-abec-48a2-af39-cdafa50be7f1,64,Male,139,46,old
68a6ab43-9b68-44b7-925b-7edeebe7f3be,69,Male,171,2,old
4e81ca36-4a80-4e50-8319-2bfd09a5c14d,24,Male,125,91,young
8c3a82d1-e530-4b5f-b669-a8bbbafb2729,46,Male,113,41,adult
63b2ff4d-a2bb-4da2-b4dd-22cd302bf459,45,Male,183,9,adult
715ae9c6-ea97-4c6e-a909-7ad4b163fc4b,90,Male,72,31,old
1aab82c1-e560-43ca-aed7-e2aa85b28786,65,Male,110,99,old
b3d04bf2-3ef7-433b-a9d2-074acc956425,40,Male,87,58,adult
58bb324c-6d78-4b38-b964-abcba5b3a952,22,Male,105,79,young
55e5e0fc-c920-4571-8de4-3103981c9044,23,Male,51,13,young
7304e61f-f62c-4f72-8a9b-de440c4b072d,90,Male,95,40,old
25930e56-5433-4291-8c50-3c3f6d3865e0,66,Male,34,2,old
b66eb0a5-e586-4eb2-be07-090597f7bdec,35,Male,155,51,adult
259321a0-63a4-4676-8f54-6bb612851252,77,Male,29,20,old
46bae934-4c7c-441f-89c3-b4910834a7a7,63,Male,84,20,old
c7fe2916-acea-4ef3-bee0-4452f41f42cb,28,Male,89,97,young
8b8679e0-961c-4d3a-8118-6af393cdd9a6,40,Male,166,49,adult
c945b78f-d2a8-4615-84a3-013eeb1ae3f0,55,Male,79,38,adult
d2ab6280-4d41-44e8-80f2-a487fe0173de,24,Male,95,76,young
56b809bf-8bae-48c5-a186-cbaa15a5a032,71,Male,48,53,old
7803bbaf-b8dc-4d82-b959-1e94d4ddb92d,75,Male,76,18,old
fa4a1638-82af-4bf5-853e-2512b3a7aa63,76,Male,159,96,old
a6e05e63-c9ed-41a4-bc78-50dfb2579b26,89,Male,33,43,old
8cf034f5-4391-4765-a775-1652c509d468,49,Male,135,46,adult
faa133e6-b641-4e09-a8ad-1fec45467c0e,82,Male,53,98,old
0b6773bd-d37c-48a9-b769-9772c1e87d30,68,Male,131,78,old
880e56a3-c650-4812-973f-591472003dd6,83,Male,184,32,old
c691a520-26ad-4738-bcd9-17f44701d547,64,Male,111,75,old
ae394d00-af58-4100-805d-862ac935b72b,68,Male,98,3,old
eee72451-d381-4ef0-b7d5-ae5994929ece,65,Male,188,77,old
2d4e00a6-fb14-4b0a-99ef-1f5b2258ca99,82,Male,137,49,old
ec691947-038c-47ca-8268-608ec6ff8bf1,39,Male,106,51,adult
937af3a0-d6eb-4b92-8231-0a4b8192155c,29,Male,123,28,young
b0894ead-c2d6-4bf7-9ab9-77263395bdaa,43,Male,123,94,adult
a3a44357-a407-493b-a154-abcbda40e5dd,75,Male,196,81,old
36a39ee1-8ab1-40fa-bedb-6369ce055dda,66,Male,67,99,old
5ebaeb99-82a9-43e4-aa81-e295236b9b4f,39,Male,79,79,adult
55828fa4-c1c4-4b22-b1d1-0e32f91b6530,76,Male,157,79,old
b2301994-83ce-4136-920b-d050d2be9787,85,Male,134,70,old
b6179878-7bc2-4ed6-8e8f-260329ca38c7,60,Male,24,29,old
0904a39b-cb1d-4aec-b3f2-b71a933088b8,60,Male,26,87,old
5eceb295-c15b-4a30-82e1-cc1e18b10ca5,69,Male,31,98,old
5b47806e-0fdb-47a7-9c5d-dbc79ac9dbc9,54,Male,28,61,adult
9a858367-1eb7-482f-9ed3-c570665fa43a,60,Male,109,65,old
745acbe7-e842-4faa-95b0-e5364ecba9cb,43,Male,64,69,adult
a425d323-b5bc-4208-a20b-a119e7259796,21,Male,101,33,young
bc6e688a-a4b0-441c-be8b-1d0507676168,81,Male,111,33,old
a5c19171-19f4-4b2a-a3d1-44ac4fe80a07,37,Male,82,65,adult
feb8dcc6-bca9-454e-8052-f42b6e6fe5e8,69,Male,132,29,old
47b347a3-c31d-41f0-959e-62ac4e631dba,46,Male,176,26,adult
0fdf41d1-24b8-48aa-b76b-551db055ef99,83,Male,172,1,old
f63a0d20-7574-4192-9b72-fa22be41e4fe,38,Male,27,84,adult
27ebeb0c-e24b-4e3f-af43-bfd975a6fb27,39,Male,79,30,adult
0773d989-94da-4a57-8ef1-7a82b1164175,30,Male,62,55,adult
a314334f-4723-4a71-81a1-2d465bd85087,54,Male,181,81,adult
197d3740-133b-446a-804b-ed47d1fbc559,90,Male,169,93,old
c7e4d84e-11dc-4f5c-bbaa-f10e4e793f54,60,Male,43,19,old
d9593100-5747-4cc6-be71-809816d53036,34,Male,114,34,adult
1d8bbc95-772f-489d-b2d0-a15deb795e4d,45,Male,191,77,adult
020982d1-f6bf-4d3f-ac4a-9b6eaceadc47,32,Male,138,31,adult
18f256d4-3f41-47b2-9505-7af447e0a787,38,Male,169,26,adult
7060e44d-d250-409b-a235-515f794f29a5,67,Male,194,64,old
05856f50-a30c-4c61-a112-6f212cbeb6c7,38,Male,118,1,adult
ac609e47-2950-410b-b684-ff7609e1b3fc,45,Male,133,95,adult
77a0e8e9-caca-4fba-b5ae-b870d8bfab49,53,Male,118,32,adult
3baaa389-3907-4f24-8082-6d14cc7f0e71,89,Male,90,14,old
f6ced9a6-44fc-4678-8840-0fe9ed0390bb,76,Male,110,60,old
e31f8704-b846-4d84-90ec-39bff3fe918c,86,Male,70,22,old
2b03777a-47c5-4e42-b855-436da5527411,41,Male,73,4,adult
bd8089d0-0e52-40d7-afdf-56aeead962fa,27,Male,31,39,young
380df282-43f5-4256-b135-c4c923e16be6,54,Male,158,51,adult
e206ca47-f41b-4360-9adf-71dd9104a83d,76,Male,78,23,old
5e8deea0-dbc5-4cbd-bbc1-ab842f3e2b4c,52,Male,34,62,adult
028f2f51-5434-4fd4-bcb9-8c67d15abac3,66,Male,90,72,old
ce829e51-7364-40b4-9c13-05e18cae20cc,20,Male,160,90,young
825c5e5b-c4dd-449e-8b74-d73eeec709ec,18,Male,138,20,young
7d280326-5790-4edd-b89a-dee9f03a0ee9,46,Male,31,3,adult
e3110387-6716-41d1-8fdf-9239f57bca56,22,Male,167,94,young
2f2aa304-f3b4-4b5d-8494-8b3886a6ded8,83,Male,134,9,old
a18f452c-a9f0-48d2-84a9-5b75e406f04f,36,Male,82,17,adult
2e9d4598-18b5-4a46-b5de-57aa71e87e86,79,Male,116,76,old
1f985931-8dbd-49db-8bb1-12411c049f24,66,Male,139,18,old
9997b07f-e684-4767-b54c-dd4669bb454f,71,Male,117,70,old
04322102-f666-4240-a640-5e767986acc7,22,Male,199,8,young
1398b3e7-4b58-4a2f-9fb8-22523e013624,49,Male,47,37,adult
ebb2692a-5ef7-463a-87f3-198c670e6c5b,75,Male,109,36,old
3d6c0c16-2a5c-4cf0-b1d5-1b08f3cf14b3,22,Male,172,67,young
5828c693-4e0d-48f3-a67e-259194b661df,86,Male,24,39,old
6f765f0f-a27f-4be2-b6fd-c201e627dde8,85,Male,193,56,old
7e759895-864d-44b5-a4d0-cc451bced177,28,Male,185,56,young
876a98f3-2720-450b-bf77-91e4681102f4,75,Male,199,31,old
15409d9a-31b7-4d12-a432-010bb14906c1,89,Male,126,38,old
65ffd31a-c02f-4be9-89ee-8ec28f5d6f17,19,Male,126,90,young
b13a4af7-4393-4003-862a-6fff0a998878,85,Male,20,54,old
d33a4c8b-2d15-4abf-a50b-3ff1b0978123,68,Male,175,44,old
40bf0918-e8d9-4bfe-99d1-43211b656af5,32,Male,28,90,adult
aaa1ecde-8daa-4fc0-9a60-13162c718a44,31,Male,176,65,adult
28171f5b-e1e9-44b6-8109-a7c11e36da75,28,Male,111,97,young
7f0b0a21-1fc9-4f02-81cf-3c0cebfaa3c5,60,Male,41,43,old
158197ec-f29d-43ad-9a82-d6e608a34d88,45,Male,161,52,adult
f077d819-2e32-45a1-8a08-5591df3fc69e,89,Male,29,38,old
115301b4-d4f8-49e2-8215-ebf1583aeac3,35,Male,20,94,adult
5420e55a-b8c3-4ae1-a8e1-309a2a1011e5,56,Male,62,59,adult
2d373328-7533-4f0d-a9ba-4129ee3c7968,81,Male,92,98,old
144fb99d-2638-48d2-9b1a-78178d36b276,87,Male,195,32,old
44c82568-6dad-43c0-81cb-309a55cdb0bb,37,Male,48,46,adult
ab300105-f8d5-4872-ae5b-98685eb6234a,21,Male,132,26,young
835349af-54a6-4efb-9017-1be630f2e36a,63,Male,109,46,old
d86a8234-6b58-40b1-89ea-debb496262ac,71,Male,29,99,old
113bac0b-1f36-4947-8011-96197bdca944,28,Male,24,96,young
f0c2baa3-db1d-407c-9c52-53f0ad955b3a,33,Male,74,72,adult
bfa54382-dc1c-4578-af9b-aa6291e43f32,61,Male,108,10,old
e93e5a9c-1bd5-446c-8007-cca91f13a21e,57,Male,67,4,adult
79323a8b-3689-451a-9682-e083c06c0291,73,Male,75,32,old
2be8e668-8bb1-40a4-9170-b743e323ffdb,83,Male,44,65,old
9df17e7a-cea0-4beb-a13e-05dc89e333da,73,Male,52,63,old
bd40f59d-c830-4e79-9ab1-017b20833ef1,35,Male,175,3,adult
4280bd0f-54ee-498d-ad83-b9fe26e2d8b1,45,Male,51,4,adult
e9ade86c-3738-4978-87b9-b3ecdb00624f,29,Male,179,69,young
add0fcd7-9c3b-4db4-b878-2cc9b80d4cad,55,Male,28,85,adult
58bc3bef-c038-49ed-9cd9-5f9ee6d5a419,63,Male,79,25,old
6b8a5024-af93-4e7b-bfef-7a8ac54db243,43,Male,149,79,adult
1f53fd6b-c587-44ad-b6f2-a32bbfc098e1,40,Male,163,88,adult
a8b20526-a3a6-4223-9b24-e47330f87bf7,90,Male,125,6,old
874e408d-3ec2-48c9-8aa1-ea25c0aea325,84,Male,47,29,old
035ccc14-9aeb-4384-8b4b-f1c210850e7e,63,Male,33,17,old
443ac441-a492-4282-86a9-3a7ec69bf15f,22,Male,159,34,young
1a98fb79-6291-4b37-8a01-dbd2adf350f2,36,Male,46,92,adult
2f7d56e9-59d3-4ef4-b2f7-bf10d5302027,90,Male,90,68,old
f45c847b-ebbc-4965-9b6a-7023f3d5424d,48,Male,23,7,adult
8e1cf5e3-6a8b-4bad-9ab1-9d17e0dd7b0e,24,Male,112,81,young
8de1745f-0941-45f7-84f9-a638efbfb911,80,Male,36,2,old
94d226e4-2aa5-4412-a6a7-f8c57b319b86,30,Male,115,70,adult
c804834c-7ac3-4fd5-a0f2-acfb65398136,72,Male,76,42,old
4084ea91-1292-4853-b150-d66e4c71f8fc,62,Male,48,90,old
dcede8fe-4ec7-4d40-8123-73179680fc24,21,Male,169,47,young
18c25bad-9b3d-434f-9d80-f21c1ddd98dd,32,Male,27,31,adult
de17f831-d871-4b3a-830c-0f052de585ed,67,Male,195,41,old
8ffdb54d-5035-480d-863b-8dcbc883dd9d,40,Male,31,45,adult
663f643d-c672-42de-96e3-ceba0090e72b,45,Male,84,26,adult
bb5eb055-86f3-4c2f-8d0c-b6f953c4ef21,86,Male,147,51,old
9840f202-eb93-4dfd-a3ad-ed35b5662613,19,Male,145,18,young
b133619a-e07f-4378-9c37-91329e84547e,45,Male,115,77,adult
1115cda4-ab33-4480-8b9f-38c741307763,57,Male,163,28,adult
3a8c0dcf-7279-4409-aaf0-4a141e67e646,42,Male,92,84,adult
1e489c07-965a-4790-bdc5-7ebd973be901,75,Male,33,11,old
afffa92d-c229-4fd4-8934-31ba0415c433,20,Male,37,8,young
cb253871-52b8-45a1-98cf-1a7345686ad7,89,Male,172,83,old
a0dc7ae6-deca-4700-bc7e-80710e4dff25,48,Male,112,12,adult
6b0333b4-db7f-4ec4-8040-28018b0649b8,64,Male,48,51,old
b3b78b7d-fd12-4c65-8b0d-f357aec88220,21,Male,75,47,young
e3407e67-aa92-4d1b-b927-0d37b83aa1f4,63,Male,145,8,old
b12fbae2-4225-43cc-9a7f-a50e0aaddcc2,90,Male,181,66,old
fca96742-9d9a-4cdf-8e85-1bb163c72f5c,20,Male,95,28,young
d39ec14e-e5b9-455c-b94a-888ce655f0aa,34,Male,158,94,adult
c70f4afe-bb50-4843-9841-ca92f25767bb,57,Male,195,95,adult
6b79907d-4faa-4e7c-a674-3be51bb3baa8,21,Male,93,67,young
b1931d91-e855-4ad8-8c14-3262a8f0236e,28,Male,137,61,young
190a76da-e4fe-4b33-95cc-f779bc1f7dce,44,Male,31,33,adult
2875f5e4-0fb9-4eb7-9937-60ca86d1524f,47,Male,42,97,adult
b06ba650-d849-4f52-9b37-09a732c2531c,39,Male,29,89,adult
f1511c04-c25e-4a1c-9c53-f7effff63e47,47,Male,185,21,adult
3ef80885-9fd3-432d-b422-d320f5e1b344,23,Male,168,36,young
68be522a-9b5a-4ad6-b940-50384d12d82d,60,Male,181,23,old
7c2f0016-015b-4b7c-8a00-143784d8f57a,55,Male,144,90,adult
2b98a672-247a-4f06-88d0-6f2490c62e34,49,Male,161,70,adult
1d8b1082-0b3e-4d46-84d8-20474142d609,83,Male,29,74,old
77051b8f-70a4-4ce0-be92-76917bb32299,63,Male,117,37,old
bb5167d4-4c52-414a-906b-e03f3cc4ed12,22,Male,98,51,young
06865716-2056-4165-afca-95df6dc46936,19,Male,151,16,young
e2acf96d-2d0a-490b-980a-abbd3d5e74a3,33,Male,28,16,adult
88d77ee6-0886-415e-a850-66b1a51427f3,41,Male,76,38,adult
e488eee8-e5a9-4ed2-9f25-1bdd1d94dfd1,28,Male,116,55,young
5c5c51ce-04ef-4c5c-b509-40e7edc37eb2,46,Male,106,71,adult
731c024e-c2cd-4892-9a0e-d0161dd4cde8,31,Male,167,68,adult
90afb50a-1567-4084-af1d-d0bd41d570fc,82,Male,150,95,old
12f7f6e6-26ff-4a13-8069-41c0dd91f3dd,36,Male,170,67,adult
2b48c477-fc6a-499e-b415-b27693b961dc,88,Male,121,40,old
eca7b0bc-12ec-4338-9e35-bda5775c2d2d,45,Male,144,63,adult
0b61b9ef-3513-4821-b54e-6a3dd460c31c,58,Male,99,94,adult
973dcee9-6d93-4c15-8cd7-33408f292f90,83,Male,86,14,old
f7e62482-9c23-4175-827c-992b7f042607,90,Male,107,77,old
67abfd08-783b-49f7-8100-c04df27a83fb,84,Male,199,8,old
25c7a80f-ab43-42b3-aa50-209fb8fc1f35,61,Male,97,14,old
fedd1e5a-b90b-4142-b6b9-34d575df509b,48,Male,99,98,adult
743f2da5-bc97-468e-ab32-19666a13b5f5,47,Male,177,33,adult
2e21f443-b598-4937-8360-b6db8d78a4bb,72,Male,77,61,old
fa367916-6307-4a56-b005-55b94db4fc5b,20,Male,64,44,young
e7e6e760-3f67-4b5e-9b3d-2d8df273dc64,83,Male,37,29,old
c0d112b2-613d-47af-af9b-c0c0b6b28894,84,Male,177,20,old
ff36cb36-3cfd-4e82-add3-d4dd224c8437,74,Male,39,51,old
70081996-978b-482d-a3ed-06d5fe21169e,53,Male,60,6,adult
a55588f6-b53c-4761-801a-3361902d3bd0,27,Male,107,82,young
f7baa89d-d6a9-4fd7-8dd4-d9ed2a417a19,46,Male,158,43,adult
bfbf5be8-779d-4f84-b8b4-5837e4dc5cd4,38,Male,156,19,adult
6a36747e-c68f-4852-b260-9d5ff51943b2,89,Male,55,6,old
6be1a71c-6ca7-40c9-8605-917532a0c4b9,47,Male,73,74,adult
9eac6133-5589-47cf-b52b-f0926ed83808,23,Male,168,47,young
dacf2454-a78e-44ef-a824-5a9fb73ee744,36,Male,199,55,adult
648b7483-2e95-44f7-b081-9896c41abdd7,73,Male,155,38,old
9d8e01ff-c0f5-4daf-9d21-be60336b9790,25,Male,77,87,young
62ac91ff-ae34-436a-bf35-ca81863f5837,84,Male,146,73,old
cd3e55ca-c790-44eb-b038-a9374d972dc4,81,Male,92,57,old
883be0b1-cac8-42db-92ec-6319a3e80574,62,Male,66,93,old
81f42386-3a73-446a-9351-11f9eab3a844,39,Male,123,76,adult
8d6a3d5b-bec0-4cde-a004-dd8fc1af2835,87,Male,174,61,old
9f50093b-d003-433a-8924-bc385e122346,85,Male,111,37,old
741bc706-8e39-49d7-9c54-2c5dff956db0,71,Male,85,6,old
e089dbff-ea72-40ae-8b95-c1dff85fb443,90,Male,90,75,old
574721d5-913a-4bfc-91f0-f585e5bc7419,66,Male,178,73,old
600c4b8a-f551-4663-ae70-5b8f45447e49,81,Male,124,25,old
ae1a38fc-24e3-43d1-b973-566e9878a61a,32,Male,80,21,adult
1df42f42-38ef-470c-9dad-1181cb457c9a,39,Male,101,21,adult
e6fcd949-f616-42ab-b842-33de98828c6b,50,Male,158,51,adult
affbe35b-e881-48a0-aa8c-b26a0f49c6ab,41,Male,133,33,adult
102f30c1-e54e-423f-bf77-a1e1c39686d6,84,Male,51,12,old
1cab8997-8fc1-43f5-8d8b-0fbb0fddc423,65,Male,49,64,old
1484e2c5-83f6-46e5-a41b-ca8383f24641,64,Male,85,61,old
6d62c44f-d57c-40b7-b9fc-01573ee023f4,54,Male,47,3,adult
78812154-d615-4a94-845c-964af2cea4ed,30,Male,115,47,adult
850c6ea0-e51e-480d-8824-8aa02f802009,33,Male,47,52,adult
5c879c23-bdc5-4401-808b-33c382c257c9,34,Male,118,40,adult
70c93743-a48e-40c3-a0da-fb9c6d989188,57,Male,140,27,adult
ba84e2b7-d1af-4c63-a033-7435447a1bb6,30,Male,165,72,adult
e12ce8fa-68d0-4d21-b72d-649db3f17a51,34,Male,49,73,adult
eb659359-806f-4aac-a14a-09ef67b940d7,65,Male,185,52,old
ee2d8c23-7f8c-48e0-8823-ddc00b6d8813,84,Male,147,18,old
406b0d31-597d-4779-a726-da54e7e29cee,59,Male,127,21,adult
9ace2991-bb01-48a3-b19d-e4c498401b36,50,Male,79,85,adult
89eae5cf-3e2e-46bf-8168-d1e91e603212,23,Male,51,39,young
1f77cd42-87b4-47a5-8b2b-539ff06153f9,80,Male,39,30,old
e4d32d19-310a-4228-ac71-f2a16cf8de66,39,Male,151,24,adult
661e1d9b-b136-4626-91ac-1544a44805a2,71,Male,128,67,old
53fb13ed-2afc-433e-a817-879596cc5d6f,31,Male,106,13,adult
f1036e10-326e-4a5c-afb9-d26c5dabbb61,31,Male,33,73,adult
8c887d76-0d2c-4c90-87a7-10eaaae4d00b,37,Male,76,82,adult
7ccfb3b1-eeea-4e5f-b39d-94dfd0167975,73,Male,134,13,old
6e5d262c-3e4a-4024-9179-2d10312e0fc9,28,Male,30,3,young
7c778df8-92f9-4f24-8470-d1e98d661fab,32,Male,53,54,adult
aafb4d3f-3756-44bb-91ff-c0a019efcfee,21,Male,174,22,young
923410f9-ee37-4115-8ea5-12ba136b7bea,71,Male,124,1,old
bfd4499c-995a-40ad-a30f-e8c5d2e41000,89,Male,188,35,old
679f18c2-684b-4547-adb8-6ebc0bc29b47,26,Male,67,35,young
553757b4-bfc1-4d94-b574-6ba6db12f7b3,30,Male,114,32,adult
d9fee5b4-e09f-49e8-8a71-69433d2ed9a1,80,Male,171,85,old
67d16d2b-a2c5-4982-bb6d-1a03ffcfd457,25,Male,141,90,young
2a6d24c8-c36d-4c6b-855e-0f9c5850ea98,90,Male,156,44,old
5831a12c-c53a-4cdf-b3c3-498b5c069356,19,Male,158,46,young
d33fa7b7-6fda-4c64-b6e3-ed4d7b368409,67,Male,27,81,old
3f326044-a4e1-4120-bab7-27540de64364,87,Male,24,84,old
7e14945d-41fe-48f7-b63f-e4b66efe7150,75,Male,30,61,old
3f5e2dfd-2370-4037-8d44-47f0e57b70f7,19,Male,147,89,young
93065609-1d9e-4ae4-9516-cb3be4f33628,50,Male,191,44,adult
fb56fd48-1e96-4d95-b38e-fc3b757c5a82,31,Male,42,12,adult
3cb8067a-4f69-44e6-a35c-7fbe90751c4a,31,Male,49,46,adult
70f72ee1-898b-4897-a7bb-78f1e60011e9,73,Male,28,19,old
df8af3d4-d27d-4ea8-a8b8-3f140c5d623f,40,Male,80,91,adult
f6597582-57d4-42ce-a0fb-691a66d20c2f,59,Male,91,94,adult
08a9f159-83ce-4810-be86-5f0304a6d87b,28,Male,37,23,young
dc6fd81f-98d0-487b-bc27-9b7f4c4ed9fe,45,Male,26,16,adult
3fba7668-10e8-4224-83e4-43ffccefff23,77,Male,99,87,old
f5349f20-2f30-48e4-b495-82c7fe6a742e,76,Male,46,89,old
45a8d5f7-2ac5-4770-97e2-c73d525c1253,90,Male,64,45,old
4e962490-8a4f-4739-950e-ad9981e79e54,69,Male,71,44,old
36f9a71b-8ce6-4f1b-8dab-74d82c04444b,63,Male,124,40,old
d6b23513-faa6-4172-9653-8f9155eb123b,66,Male,90,90,old
c8469b3a-7ccc-462d-a04b-3cb8e700aa6b,24,Male,84,66,young
b61bea7a-8c90-4661-98ab-ba8fdda71df0,27,Male,134,96,young
f5d1f1bf-461f-4233-8988-1480b7fc4abd,44,Male,34,97,adult
83b62ddd-0af0-474d-b91c-55cbf5d45ab0,21,Male,50,71,young
3cfa0fac-939b-4924-840b-e34528f6621d,44,Male,67,30,adult
a903492a-ffec-4f85-9422-7566df49d864,83,Male,28,27,old
c9b5c678-e39e-459e-b31d-6fc6fc11bff3,80,Male,28,88,old
c4593f14-c0f0-474c-b9ab-b9a8e9569eb6,58,Male,118,99,adult
32432a5f-3e68-4615-b9db-01362308af03,60,Male,59,13,old
9e5cdadf-9f1e-4868-ae62-d075adb66132,59,Male,154,80,adult
144c4877-fccc-4ba8-a26e-c2a610bf516f,41,Male,70,15,adult
88aec597-e972-42ad-8acf-f3509f939355,72,Male,129,12,old
ad2d8561-2b5a-4043-b59e-8349c921d078,55,Male,106,42,adult
fafca31d-d33b-4f51-9759-bf94ed1a5dfe,53,Male,51,47,adult
7966ac57-c8cc-483a-93e8-e2fee41e1a09,73,Male,73,28,old
98ae98fe-45fa-4c57-b374-462ebcc79f3a,76,Male,67,80,old
db0b2df4-c74b-4d83-b94b-9cec6ee9f6e4,20,Male,162,87,young
591e301e-5b5d-4d4b-90ba-74ccd351d3b4,27,Male,177,70,young
bf9a043c-9724-4f53-b532-846bf8f6fc45,60,Male,35,18,old
1f2b64ce-c810-43e9-8c67-664557e3d1d8,61,Male,150,55,old
c288c8e1-6990-4b79-8e43-4dc0507c36d2,58,Male,168,11,adult
5b2d3133-5fbf-4ffc-a5a4-369c0985e287,67,Male,156,74,old
1f6b7811-930b-48d1-9983-8f07d77ac713,41,Male,38,1,adult
1f586115-f555-4ec7-92f7-fee05a1ee44d,56,Male,118,98,adult
cfcec0fa-4c57-44ca-8d56-754a34e45c60,69,Male,128,55,old
46f4b5e9-775a-42a9-bfdf-70d6604e169c,82,Male,55,94,old
7f0c3704-a7d8-42c7-a9e1-9b0f1dfe1fa4,43,Male,54,66,adult
36abb3b7-e525-4c57-a926-a42e393fd97f,28,Male,47,33,young
908c2518-907b-4353-940d-abd6963bab9b,40,Male,66,79,adult
94f1eb3f-76c7-4d42-b296-827f7708a65a,78,Male,100,4,old
e8bf3f85-96bd-487d-93d2-c467130a1c94,57,Male,195,15,adult
77a16dec-f688-4cba-8ae8-6e90f4651100,77,Male,58,67,old
c359277d-e079-4b69-adf2-59359a3bb786,83,Male,111,73,old
a8c7eba9-fc37-4f00-bdfb-14cdea437df3,85,Male,132,69,old
77e26dbb-fd63-4399-8ff6-9cc98dfd6845,54,Male,159,47,adult
efa0af74-06aa-4f01-bf52-90d32c29fb0d,59,Male,39,26,adult
3726769b-3b3f-4fee-8d5b-c5af865c6790,89,Male,196,43,old
8f12a2b9-a008-4f06-8720-4aa54667687e,80,Male,78,62,old
82dde06d-c547-432f-905e-ed5bef5d2149,49,Male,86,49,adult
dc7106b7-2fab-4941-b028-b249d28d5a3c,48,Male,154,21,adult
6b14d67b-da28-491a-bfe5-57c868aebb6e,83,Male,111,18,old
34565522-6015-4e90-84ce-0902bec16c88,66,Male,142,45,old
cf5190a0-2c37-4209-8f2b-6aca90e35021,60,Male,44,24,old
40600635-a36d-46bd-b99f-ad5a4f892651,62,Male,154,42,old
eb85da27-e48d-435b-b6c8-19419a89768d,85,Male,146,72,old
90a6be04-d26e-419b-bbd6-8f05df9c4459,75,Male,94,66,old
1e2819d5-7599-4752-984c-77c6b37d0279,52,Male,25,86,adult
046f5ec5-b7de-4782-8c46-f8ac9718655b,23,Male,79,97,young
d248ea25-c34e-4aad-b443-471e1b98965c,66,Male,184,43,old
481b7e6d-0974-46ee-a2c5-801078f703cc,78,Male,173,30,old
018496a4-c207-427d-9750-f3f01cdf9285,46,Male,22,7,adult
2816698b-d8c8-4c6c-a9fd-ec7038b4b55a,88,Male,100,20,old
24915470-d8c1-4797-ac6f-5323183c4e3e,83,Male,146,65,old
c8bed4d8-f378-4abf-8b18-227022abd06a,40,Male,95,48,adult
be352edf-ff1e-4d5e-b713-48d0bdd1eac8,49,Male,92,65,adult
abde54d8-914f-45aa-9fd8-cd282c6ec046,69,Male,69,34,old
87e47272-0dbb-4ad7-983c-191ce0e229e5,80,Male,138,37,old
6b1c2cc1-f56d-42ae-8197-6706a80f94fa,64,Male,101,46,old
5b608c34-d735-4aa4-9b2d-8c5d3be07b93,52,Male,200,77,adult
e93fb88c-7ec8-49f2-a9d7-1c2ce98070ab,48,Male,73,40,adult
ee124688-97fb-4312-9ae7-a9790804d356,65,Male,20,22,old
1fe4a4bd-2b0e-413e-9dda-e334336f5b3c,26,Male,35,30,young
e38e07f4-8cfb-47db-82c1-4c1a651429f3,56,Male,76,2,adult
050f11c8-76ce-415d-9f9a-0926b3747262,61,Male,151,78,old
098ed937-7c62-4348-8f44-ff25307be459,49,Male,91,28,adult
9244e61b-bbf8-4cf9-a614-e12acec96b7f,38,Male,52,78,adult
50487259-1eaf-4256-8f59-17d64066773c,82,Male,126,70,old
49b237e0-892c-4aed-9123-4e451953df1b,85,Male,82,68,old
02c795ce-bfd9-4a39-b977-be8b88b26c09,47,Male,90,50,adult
2af53de5-aa5c-4384-8788-4dd26fd39ed9,74,Male,25,64,old
646ce98c-72d9-4949-ba4a-951afa85a9e6,51,Male,107,56,adult
ceadef1b-2bb3-487a-ac48-190fbb6a45ce,88,Male,24,85,old
33471a47-8ad6-453b-aae5-af2d085633b5,59,Male,26,81,adult
b095144f-ead2-4f2d-85b7-356ff86d37bc,38,Male,35,47,adult
d15d5555-e9a5-462a-af08-6cbb3e71252d,51,Male,78,15,adult
e58adbaa-47fa-4747-9a30-16aa49c5bec6,51,Male,109,95,adult
234630ac-45a7-40b4-9f75-17b9d10fb3eb,24,Male,160,75,young
ef7df90c-26d0-41e9-b42e-994ccc4b08d7,29,Male,185,13,young
2e68657f-7758-4f3b-88d7-5dc7d991974f,83,Male,78,72,old
1c20e82a-aa7c-46c7-bd68-74411019f006,22,Male,159,100,young
b693e6cf-708d-4714-a8ea-33f9581bf5c1,46,Male,67,86,adult
7ad5d49a-95b6-44a1-bd1b-f263b4bb0506,71,Male,134,44,old
f347ff17-ed29-46e9-9e12-5520c2647749,24,Male,169,54,young
c8b86baa-938e-4d2e-b527-132897c9b7a4,60,Male,49,53,old
b23f4e43-d606-488b-aaa2-cf911fcf15b5,41,Male,198,26,adult
0ef283de-9af2-49c4-b0f4-4b6ef16140c8,57,Male,87,58,adult
bec08860-0a2f-43df-b1e4-b15e86dd0667,72,Male,68,77,old
09fbe823-9e57-4788-a70f-f1c810a4aacb,24,Male,185,56,young
340084fc-faa1-4c87-8299-45d211d43a7d,28,Male,63,47,young
72ce3793-2abf-419e-bfd4-470cf1664676,57,Male,118,53,adult
3106b125-3602-46e8-897a-1a5be3150978,26,Male,39,34,young
d418c782-3d1c-44bf-b602-563be46ba3dd,60,Male,155,16,old
5581dced-384e-4fa0-8c6c-5b0324cdc90e,83,Male,56,63,old
b8804be2-4656-42ce-85b6-fccd3acec3f7,44,Male,65,46,adult
0c9d7170-1090-45d8-bccc-47f73a4a0663,71,Male,136,81,old
d6c49a96-e1f7-46fe-b4c5-b4590eb62a7f,50,Male,102,6,adult
3a03234d-e6d7-48e8-898a-19ca8e076fa6,55,Male,28,27,adult
c673c077-1d65-401b-afb4-4435504f36aa,76,Male,24,95,old
adf27c80-c845-4d22-bc71-c01f5a575041,57,Male,54,34,adult
ffe1a413-e95b-44bf-bf97-7ea381dcfab8,80,Male,132,74,old
a622a877-f065-46b4-bb6c-490a4e8e7d7b,90,Male,139,19,old
0b787942-2c5d-4928-a9c4-88f83f4e2184,28,Male,101,91,young
3899a5c3-4f43-43a7-a880-7a349c0ad430,18,Male,85,24,young
8bf35be7-e1fe-494f-ab2a-1c8b75c7cd40,33,Male,180,20,adult
254c57fd-e4bc-4abc-873b-30660154f334,77,Male,43,15,old
80f5bfdd-4a89-4de6-be3b-4d84fd4658b5,31,Male,127,63,adult
5b7f1467-d44b-4248-85df-f13fe35d65b9,52,Male,129,29,adult
ab7cd4c9-bc43-4b74-b7df-d4fb1011fecf,68,Male,159,51,old
fb6ea251-df6e-49e7-af52-57e45fbab43f,61,Male,160,82,old
c8e1692e-857c-4e77-81e4-ec4066b63996,75,Male,36,45,old
4718bd36-cdf7-4b7e-83fb-86370e68ee16,45,Male,47,75,adult
e147ac57-a524-40dc-b14e-bee579e6ae21,27,Male,156,29,young
98cbc898-bb5b-468b-bbda-3488ab0a4593,75,Male,149,95,old
3e7e9d7c-5b5b-48e4-8592-f1be30910b4b,89,Male,172,72,old
fa8a844d-49dc-4639-acc6-12cf03d09444,48,Male,125,23,adult
55d9b523-d33d-4066-9088-e0ec89923ac7,82,Male,116,34,old
3245a229-8511-426d-a4c9-3329dc1f199f,66,Male,43,27,old
8c403c79-148b-4443-9a90-5d39e66f61a6,37,Male,175,24,adult
7d7304ed-5432-4a3d-8b33-75211606f8af,59,Male,117,74,adult
2db945c4-d7f7-4112-9e83-f8505fe123ce,24,Male,144,21,young
c1976fb5-bd70-4454-b047-f27d8ac4e147,80,Male,193,94,old
31112d13-52a0-4b27-9638-f44d231743dd,57,Male,156,89,adult
59b6658f-f408-48b1-a5da-7714d41eb2b9,70,Male,147,89,old
928ab85f-8c19-4b84-b608-08d847f248db,31,Male,60,66,adult
55e2d8c8-7429-4019-b9fc-42d3f756b3aa,89,Male,168,73,old
a7800af3-5c4a-43f5-b829-60437618ec43,81,Male,163,68,old
53ad6e4c-ccfa-4977-bbe3-55b5c0ae80f3,87,Male,34,83,old
d4135f95-b7ea-40ae-90d6-d5e5b25f0f87,25,Male,35,78,young
8f2c33d5-7923-447f-b0a5-6354d81292c6,45,Male,78,49,adult
11190772-e741-447f-b1df-bb04f658e713,90,Male,188,88,old
d5b41e4f-9b62-4bf6-bb0e-f2f4541dfa86,21,Male,149,64,young
5a3d1731-7459-493e-bf82-b74ee4053712,45,Male,97,95,adult
3b9dfcae-1d0e-4864-af6e-093dea8c92fc,66,Male,57,50,old
3a6c6cc9-0895-4c3a-b8c6-d8bf200d6570,42,Male,166,78,adult
a886e145-38b1-42c2-8d11-360e1bbf275f,50,Male,76,50,adult
84bdf79c-52d9-4940-a727-790f08b631ca,31,Male,142,4,adult
d2b83bcb-c905-43b7-b345-17e40a266bf6,20,Male,92,95,young
05ae21f5-682b-44f8-9920-616a9011b775,74,Male,70,90,old
b08b8277-2a56-4a7b-93b6-f5048d32ba93,89,Male,91,3,old
a28e0a64-6568-43e6-a1a4-487838403cec,82,Male,29,41,old
0a91512f-b2f8-41ff-b4a9-a39ddfa1078d,40,Male,180,34,adult
bedba49d-2be3-497d-a7bc-1ac80a63943e,74,Male,107,98,old
918a612b-29e0-46fa-b72a-467d692fc5ee,21,Male,106,45,young
6f33792c-41d1-44dd-91b5-a2037f21f90e,61,Male,35,56,old
5ac7ace4-bc0b-48ef-a770-a741170527dc,41,Male,178,48,adult
1f0f4f13-0227-4d48-8fba-0aa169059142,88,Male,39,56,old
dd5b0cc6-121d-4ae1-8ee6-75dbc2f2e69a,78,Male,136,61,old
5681bc92-dac4-49e7-9c73-b73806bcc87d,78,Male,57,24,old
9aeed72a-ae85-40b4-a1b9-a886b91241ce,80,Male,100,14,old
8454e2ea-c47b-4a1a-b421-cc8ae6ec9950,70,Male,171,91,old
cade9f73-a571-403d-bc89-f02b2c4e4b49,31,Male,97,72,adult
f43d2c26-8ede-4f38-bc81-adc70e35b7ea,79,Male,159,73,old
35f5881c-08df-4085-8799-23685e5eceb2,80,Male,101,93,old
f4fa351e-3c32-4427-9df8-4244e29575e8,74,Male,52,73,old
44a85e65-1eb2-4e94-acc4-8a9c46d078dd,70,Male,31,83,old
79b1bcac-36aa-44df-903b-b05d4b630f5d,76,Male,176,42,old
d0f4084a-8cb7-4037-8c69-d21bcb959fd2,88,Male,187,83,old
11303a80-3f83-4405-a378-e7633a77a9dc,78,Male,102,19,old
e130025b-e4b5-40f2-973c-6cd703d8d2e5,51,Male,97,75,adult
fa4a33d2-0e09-4afd-9922-9d9cd042d8ff,23,Male,171,65,young
2c6924b8-5785-42b4-a4eb-6b17202f2ce0,72,Male,60,14,old
db8c50f5-aa9d-481f-93c9-4a83ccc04181,72,Male,110,37,old
9f5a94e3-440b-4ee5-9397-e17aec260603,55,Male,56,43,adult
613eeac2-c35f-40ac-a3cc-8c1851442421,84,Male,60,85,old
f5f821d0-f65c-4d24-822f-66e8b54eaf99,26,Male,127,11,young
6763e0d5-427b-4aef-82ed-be2dd43d9149,72,Male,187,90,old
d42728f0-390b-45d9-909b-a6d1721d6982,48,Male,188,58,adult
9fb2481a-1d34-4747-b926-21d417ffd73f,59,Male,33,50,adult
f22c6deb-d67e-47ef-a88e-1f6399b85c4c,55,Male,23,55,adult
201be07a-06e0-4947-9564-f9ea5d2bf7d0,67,Male,23,82,old
acae3cc9-8f6f-4145-8a17-6d266e7e6aca,73,Male,71,16,old
1975cf6e-ae1b-40d4-8163-440013697b94,78,Male,69,95,old
2d61be3f-8079-4b40-af75-cb8a1ea66fdd,44,Male,95,7,adult
952cb905-a7cf-45ec-8221-ecace48d670b,79,Male,156,27,old
14087ea3-9128-476a-bc6f-b7aee2219540,88,Male,158,51,old
ef3334ec-2218-43df-bd8d-5170888ae5e1,49,Male,105,61,adult
39ef8a10-4260-428f-8174-03eb8f5b762a,78,Male,103,16,old
6a81864c-aa26-424a-a960-cfc62c6d0064,68,Male,125,45,old
2028a1cd-67ae-41e0-a2cd-da22cb7637f4,76,Male,190,58,old
2274a9d3-c83d-4d17-ac3e-e41a4c8bda25,49,Male,124,89,adult
1841adba-5c1d-46a4-a436-949302298fd1,35,Male,39,39,adult
e2ea7227-4d5a-4540-8dc7-d2aafa5e5a9a,70,Male,38,26,old
52b90fd6-cd6a-4808-b12e-1f446903d373,48,Male,102,17,adult
7560e328-a91f-4118-8d51-9c6247c64f9f,58,Male,67,49,adult
ccb73cce-70f0-4ae6-86bb-680d7b483dea,56,Male,170,92,adult
f32413f1-3491-4c10-9a41-6c42f1269633,63,Male,22,9,old
ac6ce9c4-1361-45c8-9d95-098fce5e97c1,59,Male,135,86,adult
1ec8d182-c77e-4568-ad79-b82d16884c14,35,Male,156,65,adult
9fa5a1fb-5c5c-4e28-98f3-5a493714d939,41,Male,136,91,adult
8080103b-2be9-4b4f-9a6f-ae4b3394d5ef,60,Male,148,83,old
ce1f47e4-d36d-4b24-8b9b-0f85ca2e2439,54,Male,84,1,adult
8f907307-8398-4556-b68e-fb591f4c0670,36,Male,159,73,adult
f121db42-9034-4746-b3f8-1bc42b0d4933,79,Male,48,67,old
6d0533f6-f2e8-4f56-91c1-78549b6162ca,80,Male,71,89,old
24a25352-33c1-4cc4-a39f-4b776f012eae,20,Male,135,48,young
2c22b762-f11f-4140-8bdf-a286b3750374,55,Male,92,18,adult
69446afc-ab29-4843-892b-04bf7ddb9bc9,56,Male,85,65,adult
b5b93d07-d6d5-43c0-9b03-6f45c8aca2c4,57,Male,183,47,adult
38819171-4521-49a0-bdcf-3f8b2af601aa,40,Male,58,35,adult
d8f1728c-5951-4941-a31e-8781bcb4b83a,62,Male,164,56,old
1a8b24b7-ca8b-4cc6-b589-c00122eacf41,86,Male,102,81,old
41a1f643-e083-485b-908b-a594deef0831,52,Male,141,9,adult
af231c92-44a0-46d1-a229-6f1bba192605,64,Male,134,95,old
15d0ee9d-9a9f-4260-b980-c06134e7fa0b,56,Male,155,84,adult
e1a74a4b-4353-43f8-ac1e-65f9d96884ee,36,Male,173,88,adult
ee06d1e4-cee4-472a-8280-54c265805b88,65,Male,135,24,old
e3228ff9-7d4a-4984-8812-65aab09c8a56,49,Male,51,87,adult
274f407e-3e0b-4238-aa72-c3873502bf63,32,Male,142,78,adult
b3513586-f83f-4d36-b1ab-9a5763af668d,46,Male,164,90,adult
03cf0aad-26e0-4cc2-bba5-b61076158d6d,84,Male,102,27,old
1d34a1b4-0450-4ed9-b940-4b6b86cf290f,80,Male,120,86,old
fe96fe6a-0950-42ea-8b7d-5c86d3919c43,28,Male,50,58,young
b90ebad3-db88-4e12-b64c-702364cc27e0,52,Male,194,23,adult
46ce51ed-8964-4035-8996-0c644deeb826,20,Male,165,23,young
cfa5fb5a-a700-402e-ae8b-963e97a72e04,32,Male,182,44,adult
3e13c00c-0d2b-442a-89cb-d451fd213e41,47,Male,32,59,adult
95c3fa98-303d-43c7-adda-648832ef2db0,55,Male,144,58,adult
0ff1675b-b6d8-4b65-8120-e87532321cc0,90,Male,89,10,old
088258cb-4ead-4482-bb81-38d6af0a60a3,77,Male,38,31,old
7cc3823f-5bf7-4fe5-8db3-592b1b460a0e,53,Male,139,7,adult
b67fd14b-f60e-4e42-9d46-7927471895c2,31,Male,144,81,adult
a4a20a7f-9951-4c82-9423-947f8d94adb5,86,Male,87,9,old
47a9ee6a-63ee-4302-be4b-5c881bb8f4ed,55,Male,45,70,adult
7aec7126-7056-4256-9210-8d5a142a3c55,69,Male,166,53,old
a2ce8872-22ed-456b-9fba-5a48bc5e3fb6,74,Male,58,74,old
9d102bcf-afe2-4bf6-b905-91df7062ebec,47,Male,45,20,adult
bfa850c6-c223-464c-aa15-f59efa82dfd6,68,Male,96,91,old
278d896c-9ab1-40f8-9df0-cc3dac4b0c38,21,Male,184,38,young
0a71b6bc-6b5b-4162-bb66-eba6a7cbca04,54,Male,191,50,adult
9ba90eca-1877-4fcb-90e4-aada75ebce53,66,Male,143,66,old
33b4d00d-45d6-47e2-899d-316ea026affa,87,Male,42,73,old
65a86efb-9f8b-4a81-9c94-bcefce63b9ac,47,Male,51,78,adult
671dc5d7-0137-4d5c-a4e4-4db7912f144b,42,Male,57,32,adult
439e7491-7867-490d-82eb-8a6c596be2e0,47,Male,57,99,adult
6a4ef790-1e39-4f56-a579-8eafa2cee8ca,45,Male,100,80,adult
8418e57a-e6f4-4245-bc86-52602bdda9b4,42,Male,129,40,adult
fac33535-cb9a-4c79-97a4-809c296b958b,41,Male,60,72,adult
5f8ca1fb-fcf8-4254-afd5-3d19cac5946c,70,Male,193,8,old
0161e53e-d18f-4f12-a8fd-cd698850c230,46,Male,117,36,adult
c78f765b-94e1-418c-abcb-d45ff5cbf5f5,31,Male,37,68,adult
bb3bfcaf-fba5-4d8d-98c4-3e7bd741b058,76,Male,137,4,old
0c6b3c88-53c8-432a-82e1-eecb8a4c4844,31,Male,21,100,adult
c0fb0133-ade4-4e9b-9723-03da561db0e8,77,Male,117,74,old
514baef9-3618-46a0-b8a6-97716f76b8c6,81,Male,155,72,old
8c47be22-caac-4a2c-9585-0c6dc1143568,45,Male,42,66,adult
8a6ec40f-e3ad-421d-8355-a9deb7ef62d5,56,Male,160,26,adult
2d556f0f-bb01-4655-aefe-5db52389bb26,59,Male,61,96,adult
f424fc53-3bca-4b62-b763-991b1a3748f8,40,Male,82,42,adult
bd49f47f-a5ab-40ec-b9a5-158058fdb816,53,Male,130,87,adult
b5f8db0f-6c74-4735-b2ec-f659f89ec998,80,Male,180,72,old
919a618c-c3a5-4941-a057-8c3c1fb448d8,39,Male,23,18,adult
122412be-a7a8-44f4-9c59-647ba501e3cd,75,Male,121,42,old
b4f1c306-3bd6-4a05-a275-3fdb379ef4b4,35,Male,68,52,adult
54d66442-2953-4383-b0d8-cb8b42074621,51,Male,82,65,adult
97a2ec06-152f-44f2-9822-2952423df11a,49,Male,187,76,adult
da0b2cdc-ad21-4f61-ae20-09e2dc6823bf,33,Male,169,13,adult
fd548910-663b-42a4-8c00-915d6c0096d6,37,Male,25,67,adult
e9e318f9-f39c-4ab5-98f8-1fdc1b852ab6,36,Male,104,24,adult
226e1886-4937-4b89-8cf6-964417d299fc,65,Male,179,33,old
8e8a46a5-d2ae-4619-b899-1ea65123494b,39,Male,78,46,adult
879eefa5-c269-48d0-b442-5003e4099fa0,60,Male,97,100,old
ddb5ba41-6805-4266-8fe6-0f0ac678d2ef,85,Male,148,25,old
fe2f31f8-cb8c-4fee-8efe-18a50bd9e463,20,Male,82,30,young
9e3fc7cd-a8e5-44bc-8b9e-f6f64278bada,27,Male,155,32,young
5556425d-e347-47cf-bcb3-bbb0f8cdc03d,69,Male,83,13,old
a73ae90a-1c44-4266-b1e9-9193ba9231d7,67,Male,146,95,old
1947c3b8-b373-4a82-87fa-5c8bba734fc4,34,Male,169,8,adult
81cce4c7-a7be-4ab2-923f-5d3158820078,60,Male,87,63,old
030f6e4a-f68d-442c-a429-36777af25bbd,87,Male,109,7,old
063a5dad-5563-4e69-afa0-1f191d2c021c,46,Male,141,85,adult
7ac7d163-45fd-4885-a105-f55fa81addc1,84,Male,184,13,old
7a3e3983-e3b7-403b-925f-5b55555fe38e,85,Male,98,45,old
d545ad24-514b-4a61-ac8c-ed06d74c8eef,84,Male,104,10,old
96f2e5b8-4b86-4770-b350-5a0e7b720d83,28,Male,51,82,young
2e6d7a26-cc6d-4d37-8a79-efd8814b1366,68,Male,115,95,old
7c36c864-1125-4c98-abcf-043601feffee,89,Male,170,90,old
51c06ef2-942d-431c-aa6e-76e994615025,65,Male,106,29,old
1f169cff-c796-4050-8f19-f36a726f3688,88,Male,97,85,old
4487abc9-825a-4abd-ac2e-051b13de1e07,88,Male,88,23,old
1231b858-8864-45f7-8f14-2f2649319f7c,70,Male,88,88,old
163273ae-7729-48e2-9946-c7ea6be010d9,26,Male,179,45,young
c5579dbd-e8aa-4847-ac5f-6647c241a6cb,65,Male,147,21,old
07170f9d-a742-45c1-bb81-9f1c6a55f0e0,82,Male,169,72,old
5b17ce5d-cbd7-4a59-b9b0-cfd8c61827d3,54,Male,125,100,adult
d5f5946d-8277-494d-9997-75920f01fe8d,70,Male,85,43,old
3bda3bdd-c70a-4c6a-a362-e5be1e9c3724,61,Male,179,36,old
2d78caad-e18c-455c-99d2-7ae594abe8ab,47,Male,177,97,adult
2be893a3-689e-42b6-a345-d03efdd1faf0,78,Male,31,36,old
86dbbf89-28d8-4a15-9e0a-6f1f898d6477,89,Male,51,85,old
0335d9c5-cc02-4c12-897b-ab34482b2800,67,Male,75,61,old
86d45098-ee97-434e-82f7-c72517a738d5,50,Male,163,13,adult
4569c346-dcc4-413b-99ac-6a4c2cb92be9,85,Male,108,63,old
1f135136-90e0-4179-9ffe-6017600388ca,33,Male,52,46,adult
19a129a8-3823-45dd-9f2d-94ab82a01752,39,Male,40,43,adult
551a1eef-45eb-428a-bde3-a9b09f469ce5,33,Male,165,65,adult
b0753a91-0073-47f2-836b-12bb5ee29c64,32,Male,35,58,adult
6a40ae57-fa29-439e-abaf-0aebb23322ab,55,Male,136,20,adult
0040a8f9-4122-4baf-8903-7e5902b99c2c,80,Male,123,99,old
cbbc2e9e-b421-4fcd-b161-4dff88e76fb1,44,Male,56,55,adult
4206a17a-0ce3-4c16-a43c-ee68dc8844a7,86,Male,117,19,old
7edd97a0-c948-47f7-a972-9540acb6b82d,63,Male,75,95,old
d1434b3d-3f27-40a5-9592-17877f941712,21,Male,126,65,young
bcab3378-bdf4-4eb7-9ec1-f817e2d4088f,30,Male,25,67,adult
f8db12df-f473-4d96-a26e-7216c072550f,82,Male,105,36,old
86a43505-97e9-4c75-ac58-3737539334cd,52,Male,122,1,adult
ac192a4d-bfad-4658-98e4-c9b4881e54db,29,Male,117,32,young
39450c8d-687b-4565-a97a-93545f76b9d7,55,Male,99,62,adult
fd86a71e-78d9-43fd-8686-f036b1f00e38,73,Male,90,31,old
a48a347d-adaf-4a14-9ca6-668ef840e447,26,Male,82,2,young
e4b39abb-dcca-426e-8837-c624b0a93e61,71,Male,80,10,old
b09e9322-0010-485a-8a34-d88acc0ac15a,49,Male,71,50,adult
cbdb0ab4-7b7e-4bcb-ba6c-b6c2bbd7ddc8,30,Male,177,11,adult
1f22713f-1c8d-4cf9-b956-822e9cf9cc90,79,Male,29,78,old
f941ff2e-1d4f-4aef-bdda-ec2515914372,90,Male,182,65,old
3aac87ce-3fb2-4276-b54a-2f6cd121141a,58,Male,101,10,adult
c1a8c61d-0da8-4e89-a062-2b1315a4daad,27,Male,177,53,young
cbc0d8dd-99ba-435e-a77c-d2b6bb24b51f,67,Male,120,79,old
b3d29a44-d68e-475d-beee-51d7dd1d951a,74,Male,139,20,old
ac165c13-40a9-4ea0-b3a3-33f8df480db2,24,Male,90,63,young
e19477e5-4650-48e2-a224-ce2d706c58ff,35,Male,109,51,adult
15b1dd33-682e-4809-881c-1eea8b7723b4,30,Male,104,49,adult
131c0da8-8653-494e-9baa-0df8ade6453c,61,Male,173,5,old
0a41888d-ebd6-4c8f-b530-9d3647d40d2b,61,Male,137,27,old
c3ee857b-178a-406f-bb91-fc1c0b21ac42,90,Male,144,96,old
705efa76-e99a-4999-a971-e698e920a4fa,21,Male,49,75,young
be6e79ed-e5fe-48cb-92c3-4a672099c634,18,Male,191,91,young
7e6809d7-2bf6-466e-aef1-73ec79e1dbe0,80,Male,96,21,old
8e7e6cfe-ab8e-4837-89e9-452578b0f26f,32,Male,149,4,adult
4f05bb3c-7d0c-4685-b0b3-e09c40ce385e,64,Male,170,44,old
11553c8d-170c-437c-9c88-b8b97f825b6e,72,Male,138,53,old
2119e59b-2fbb-47eb-ada5-cf384623f0f9,88,Male,23,68,old
4bb5927f-a3de-42bc-956f-161a18ae3eab,27,Male,188,21,young
407f2ea2-5eef-478f-8d3d-e0914e0a2d88,29,Male,129,11,young
5d853ce5-d584-4bbc-a25e-fb82b990d81c,33,Male,127,60,adult
fed28ac0-1c24-4fa3-9111-21be2901cbdd,28,Male,74,2,young
8b0f8310-e714-4f66-b625-158fbac27199,37,Male,105,66,adult
64f90f65-a52e-49b3-b872-478a76c05154,55,Male,46,33,adult
4b713a77-d3e1-42e0-bda9-d409ac469215,29,Male,23,35,young
77098550-99b4-4e51-9b81-6e577ecf33ec,42,Male,112,21,adult
c7b7d2eb-7f05-43c9-b4ae-5b30593d485b,64,Male,54,51,old
0adfab99-1394-4c3f-bfc7-1a1fb6487756,59,Male,59,59,adult
adc7c605-5f67-4d81-99fc-a1339a705f56,56,Male,198,37,adult
0c4b5412-e77d-4980-95fd-2c86a2c423e9,57,Male,193,34,adult
f9646ae2-6db5-46d8-a1f2-e2f0db8bf332,78,Male,60,40,old
6362083c-2c1d-415d-b975-3f3cc66f2448,58,Male,166,100,adult
7138c7f0-c986-4a49-b600-4df7d7744ceb,20,Male,52,31,young
27078f84-a5c1-44ea-b527-7a977c1020ee,60,Male,118,12,old
d73d49bc-06eb-4f54-a2ac-2165460cd83d,36,Male,27,40,adult
83a01024-aed7-484d-ac7b-cf495488e459,74,Male,105,90,old
6f70a2b4-b0ff-4e03-89df-111c42ae344d,57,Male,35,68,adult
a220b12c-2377-46c6-b024-d7c814eefb44,45,Male,35,85,adult
4e056ced-dcfe-4177-85c8-90ca212e3412,68,Male,144,26,old
abfd60a2-1db8-4e53-be6b-b38d5f605f5e,81,Male,65,5,old
ebe5f244-a290-4b9c-b12c-76c6a2cfc73d,47,Male,142,87,adult
a1e60efe-1348-4ebc-a6e3-682c51a9e4ee,61,Male,102,53,old
119f92ec-627e-4e01-87e1-196985898b35,44,Male,23,72,adult
732a7c66-1d3b-4787-bc2a-612fb23ee81c,41,Male,150,69,adult
167927b7-4f8b-48aa-830f-0246f2edc40b,80,Male,179,58,old
5fa9f32d-ac15-43fa-9d9e-0a87a5ac5e2f,35,Male,21,3,adult
33755dba-bafd-4a1b-98a3-87e5e5366b9d,63,Male,192,9,old
add6a253-5848-48af-94f1-cd8e6728019a,63,Male,74,40,old
59ea6c53-6089-4d94-9c24-c189375487b0,22,Male,73,24,young
a4f832c8-5c53-4939-b955-25b5eb333e9b,72,Male,84,79,old
d0a7c97a-c5d0-4783-a77d-d067bf6ebc34,51,Male,48,100,adult
92e01454-613f-46ef-a68c-3ed662dfabd3,68,Male,111,68,old
ecda0c71-a938-40e6-b42b-b2188ef1d03f,50,Male,22,45,adult
1fd19ff4-0fa3-4346-bbfb-34164369cd4d,65,Male,39,55,old
10465544-ed7a-4275-8ec3-bb55f0180b9f,20,Male,110,48,young
21978e30-aa5e-41dd-ba66-a940ecf88b08,22,Male,118,36,young
3f418681-c033-47eb-960f-210b4173467e,51,Male,187,45,adult
f27ca2f4-4430-4f05-9b45-11fda2df1ea3,37,Male,105,44,adult
5a9a7766-50d4-475d-b27c-16328aeabe24,22,Male,183,65,young
48b892e6-3a8b-476f-bfb5-c85af89f8023,26,Male,136,78,young
7dba760c-2391-4a44-9f74-d3e11bc2ba74,82,Male,37,45,old
511d1819-b9fe-4926-9946-c3e61b88eeef,39,Male,158,48,adult
7f2a469c-c4fa-4970-ba59-3e6fb344ca25,71,Male,119,31,old
3949baf7-05c8-4ca2-9ff2-56ecde00af33,51,Male,121,75,adult
ee07cf0d-1892-468d-bdac-3386844141cf,70,Male,183,79,old
c736d8ea-1298-4b5e-9fa5-3889df1cf7ac,41,Male,81,95,adult
69b51a75-6fc8-456c-95ed-7f729e5e8217,28,Male,78,14,young
cf01dd35-0bf8-445e-ab78-bb454a0b6c1a,35,Male,98,100,adult
e5d0dd79-d9a3-4229-bf7c-a260a339c2d3,26,Male,46,50,young
d8c1db39-04f1-4481-bb22-d79000503a10,28,Male,31,52,young
731c380d-e733-4391-b944-116eed934ee8,22,Male,105,66,young
0e63af47-ffac-4f72-918c-222680bcd592,29,Male,29,35,young
a066ac48-ed8b-4fb5-a3f4-97453f3d6724,64,Male,94,18,old
9a925b5a-b4cb-452d-af4d-b32cc1ebda48,18,Male,187,41,young
3b1f0a9c-bfb2-4185-bf8d-68126e910201,68,Male,155,28,old
3d1d25d2-3012-49d1-85c9-a5e1710204e9,78,Male,46,2,old
096cc1b4-41eb-4d56-ad22-737dff6aad04,56,Male,136,15,adult
1826648a-b827-4c53-bff0-94351a3f8e66,29,Male,152,42,young
99bd2264-b263-4486-b12d-49b1d0a68c63,18,Male,156,65,young
f8bc74e2-2c20-48f6-9d67-f1226c94c8b9,42,Male,46,39,adult
be993c21-ab9b-4bde-88d1-48f209bdd015,50,Male,84,53,adult
5a94e098-c0bb-45fc-b351-1d8ff0671617,47,Male,170,72,adult
3b54bff3-a132-4f27-913e-4d521a88bad9,30,Male,191,15,adult
cc0b81bf-81e7-4f1a-b030-5b763e083e8e,80,Male,53,62,old
6bc94fe2-c711-425d-a91f-860364b2f7d6,43,Male,80,18,adult
a1c58ab0-031f-4c16-b03e-e4ac6e956b10,50,Male,56,31,adult
3e078b6e-7de6-4d5d-8f55-dff944086dd2,30,Male,39,93,adult
a72ec4f6-0776-4b29-b15d-8d9fedfbf1ba,23,Male,74,42,young
8ce166be-fecb-4de7-93e0-74649386df97,38,Male,117,77,adult
c3051bfb-99c9-47ec-bf11-067098c4fde5,74,Male,51,10,old
06e00b4c-3164-4e12-b71d-4cfd71954961,64,Male,131,82,old
da46915d-d7cf-4348-9cca-eee73525ef61,35,Male,86,86,adult
77657934-c605-4ee1-a74e-0703d50ddb7c,22,Male,95,32,young
f7f32ebc-852f-4fa8-a9cf-641f54dda127,48,Male,180,98,adult
9e44462e-c613-4a8a-8406-aafca807749a,90,Male,47,77,old
13c98daf-ba05-45d5-9db0-acf66b454c66,35,Male,42,8,adult
fdb31755-076e-45ee-a38c-6dc56d2bb2e4,48,Male,137,95,adult
5fca5fab-0c61-4af8-994f-510baf2de81a,42,Male,23,31,adult
6d24b84b-18d0-41ef-8813-b9d427731e4a,29,Male,83,8,young
4c2f0c21-846f-4b23-a7e2-ce236eed3edf,29,Male,36,9,young
6e65b9be-2790-4ecf-b6e1-1420029f89ff,88,Male,181,69,old
a1b67088-0d5e-4deb-9ef0-b1f84807d658,63,Male,187,95,old
19aa175b-71b5-4513-aaba-b424f2a2766b,32,Male,24,27,adult
8a27302f-621d-4dd4-9fdf-e7fddf921e92,85,Male,58,25,old
1aad4a86-8530-4f80-a4b8-5c56af661cc9,75,Male,179,22,old
b9a6787c-d99a-4ec9-8275-5120f1a85b44,57,Male,67,86,adult
b5827675-0791-4311-8c4c-5ecf4b7bb0e8,69,Male,58,9,old
49b82ab4-864f-47f1-8f7d-0750ca83fb49,56,Male,147,48,adult
5ec9a296-a8c7-4315-b507-bc2277d03044,62,Male,75,85,old
af50f2fc-247d-478d-b818-4499a6e0a929,66,Male,105,36,old
b0f29526-3385-4008-8536-44b638eec77a,41,Male,65,32,adult
bb30cd10-6257-4ee0-a362-6d5e06013856,39,Male,83,46,adult
98fc7b4d-d1cb-45b6-89d4-61efeeafc825,60,Male,55,68,old
7ce36683-832d-4824-b5ac-f91b5fca46d3,35,Male,128,69,adult
87166c1d-5508-4bf2-9a98-bbd3e56f4511,56,Male,21,49,adult
1c880c7c-1e6c-47d6-9026-2ab35cb9b213,23,Male,191,96,young
15fe0e1b-6563-4745-b122-64084d441467,63,Male,72,52,old
5cc09c50-413f-4833-921b-93aa7f204415,62,Male,108,54,old
44969277-facb-43c5-bfe8-6803080bb683,62,Male,109,81,old
6ac2fd89-0c4b-45f9-a459-1b79308b734a,60,Male,161,65,old
80eef9b9-be90-4e58-ab6d-b62b50e34123,24,Male,97,57,young
6b2e7e04-2732-41e2-b472-051a20683226,32,Male,171,34,adult
502b7ee0-ddbb-4244-ad4d-95788e255b3f,66,Male,80,29,old
1da2a34c-072a-498e-b2cf-674128cacb63,52,Male,62,92,adult
9d8a29b2-3bc2-45ea-bc8f-34154648e35a,41,Male,42,55,adult
2d478570-b965-4b9c-a4f4-e396452d9534,88,Male,122,68,old
bd96e29a-5469-45f7-b353-338dc24acd42,54,Male,177,72,adult
20cc73ed-8ca9-475f-9ff7-9b9ad4bc0a73,70,Male,116,58,old
758623f5-4b24-4507-9a95-8ad7d0211f73,78,Male,28,72,old
d474174e-697f-48b7-b437-9a5b34c6d35c,43,Male,79,5,adult
d690acb6-b2af-428c-9537-7ef89b394f6b,70,Male,56,99,old
604b8134-09dd-41a1-b506-a2124724607f,59,Male,40,29,adult
dbf90b1d-c08c-4d99-86f2-0a0f2420870d,31,Male,78,33,adult
1b83b448-6e16-4cf1-a12e-5ae10df8457d,69,Male,172,99,old
f8e47881-a295-40a1-b27d-08d842434899,31,Male,75,90,adult
cee6a071-fade-48fc-9666-78309950b201,61,Male,31,23,old
e43306e6-6460-4e9e-8255-f74f53340149,42,Male,103,70,adult
0936149b-fd7d-4b95-b6cd-6c8ea049e894,42,Male,31,48,adult
1569d54b-b515-4069-a2da-325422287345,62,Male,50,6,old
45ec9f3d-b45a-4aa6-9940-15d711b30e41,79,Male,67,77,old
b8894c74-51e1-4118-9e7a-708193f108a7,37,Male,159,58,adult
4fa37696-1276-4340-992b-3f136f70f8c8,74,Male,150,94,old
5a3fab64-b4d1-4f95-81e6-d38b0eefca12,46,Male,84,56,adult
bbb44ced-3f4f-4a20-aa86-fc03634c645a,78,Male,186,27,old
b36052c8-2320-4528-a465-8381e4d0d500,71,Male,166,59,old
08db92a0-6248-461d-952d-d8c272255bf6,61,Male,46,89,old
926f3faf-e48a-4255-b76c-611eb29c8571,75,Male,164,79,old
01b9dccb-231c-4caf-9582-b5c7f77162f9,24,Male,21,39,young
831b4f9e-ba87-4007-be7f-5ba434402018,45,Male,25,26,adult
cb6bf17f-256a-41a4-95ea-87729cbb8f73,64,Male,179,28,old
76d175d9-4480-4690-9137-40e5489bd39f,54,Male,40,6,adult
50f437a8-ad65-4999-9c16-71e1574300bf,68,Male,152,90,old
694f93ab-a5bc-42fc-974e-c16344b029da,69,Male,61,18,old
6baf771c-2b09-423e-b00f-6263166db5fc,51,Male,158,38,adult
fc1fc634-bc55-4ba5-b755-b08d7e8299fd,63,Male,159,57,old
05af057c-14dd-4965-954f-e8a975929237,61,Male,37,89,old
78ad784d-fad5-4675-8fe3-65b1ac82fb84,79,Male,158,71,old
80174d23-530b-40b4-b2c2-32dbecc69598,66,Male,69,68,old
27e462af-7ff5-49f3-bc77-a59e8bd3bbea,52,Male,156,16,adult
fc8323be-beec-4eee-92c0-091bbce8d4a2,38,Male,111,68,adult
7b5725dd-c895-410e-bc78-4a8f953e9c87,49,Male,54,6,adult
5b290092-6b52-433c-a5fe-ad4e4a221fed,39,Male,190,93,adult
891bc3d5-db8c-49c8-97bc-5653f7d983a2,45,Male,98,36,adult
0f713928-abd6-4dd3-ade7-c09cc19fd5a6,34,Male,69,51,adult
ab55e706-26b0-4b4e-bd5b-f16ecf6d4652,64,Male,191,17,old
21ab5613-f56e-4a8d-aa58-86e5132a365e,67,Male,79,5,old
9ffebdb1-4d54-477e-b8ec-ac318ceeee8a,71,Male,104,23,old
63c99888-65a1-4a79-bc34-f8683e9d363a,27,Male,85,51,young
f7a6f0b2-21b2-4f94-82ce-783827386858,47,Male,118,17,adult
b0992c63-ae62-4c6d-a9e0-3e2c7a01a0c5,63,Male,190,63,old
c02d57ac-0026-45f8-a39f-820cf1d1d0e5,27,Male,100,80,young
8cf24164-94b1-4ca4-b442-954382c4cf4a,90,Male,139,73,old
724b78e2-129d-4c34-877a-5627233dbaf4,74,Male,168,84,old
2557df77-d9dc-4c80-b103-877b5e865c03,84,Male,187,82,old
953113a7-8155-4a30-8ece-ee147afab627,57,Male,33,90,adult
e575e9a7-01a9-46f3-978a-e00cef4f3f3d,26,Male,77,56,young
6211966f-8c9f-4f18-82ff-a9d5e10a06b2,76,Male,94,9,old
1c97cded-1ca8-466d-82e6-05e21890b7a3,45,Male,50,26,adult
39ee0d14-e579-4c86-a2f9-4237fcf05249,75,Male,151,87,old
2a3cea13-f935-4752-a04e-2fbcb122b693,53,Male,189,55,adult
6686c299-94c3-4c8b-9280-92bdff2e07bb,57,Male,197,14,adult
e491f48c-4411-4bae-9dd7-2a2c42bb6f7b,45,Male,166,84,adult
070cc280-4742-4a2e-8bda-9d2ee56492b8,31,Male,137,84,adult
a76b97a0-3ce5-402c-aa17-6097faed63e5,63,Male,116,30,old
e8deea8d-c7da-4e79-a3e0-835ae920aa1e,54,Male,98,53,adult
0bb13937-dcff-4f53-bd8a-d02eabf0e25e,34,Male,101,41,adult
80881bf1-fb60-4557-8244-a44548b99140,39,Male,168,9,adult
34a8ec20-926a-4833-9498-8ab626dda923,32,Male,73,24,adult
f49a8bb9-3786-4cfc-b5a9-9a78e5960804,60,Male,74,80,old
347b05b5-11b3-47ce-a8f0-a920c1a84b42,44,Male,176,93,adult
1de28acf-e62d-46d3-a6e5-ee038c150f54,64,Male,116,82,old
f7093c9a-837c-49d1-bfd9-e87806b6e320,67,Male,119,51,old
f6168a03-7582-4cfb-821f-7351b55384ff,26,Male,151,70,young
69de5027-76fd-444b-a676-e1e0efd68688,86,Male,23,89,old
c8b51850-20ab-4405-8f3e-317b2c0ba5df,19,Male,23,72,young
78c1bde5-f836-4fc2-b093-f2e9627e98c4,39,Male,30,40,adult
c0a43c31-9231-4e61-8da9-323c22bc691a,48,Male,159,80,adult
86a26364-5e74-4121-9084-84f5d93326ea,82,Male,77,94,old
4a3857ae-797d-484d-a951-b19c40364435,42,Male,139,73,adult
a77ff6a1-b864-4472-83d5-a385f66090c3,32,Male,127,30,adult
9f4e901c-7477-4eae-8d09-2203f0fe30dd,83,Male,81,26,old
4a1a032d-6701-4000-8132-2ca84fdede98,71,Male,63,98,old
7dff0aed-5a2b-4e81-b945-5a31d5adef2e,29,Male,190,83,young
7b01216e-075f-4e8c-971b-2f365087a924,32,Male,84,68,adult
a2aaab12-85b7-4e8a-ac74-1b29185c9bde,45,Male,115,68,adult
9f3c1817-f8f8-4ee6-b74d-24542dcd0b4e,84,Male,64,53,old
9ec3f769-6a95-4aa2-946e-19ce88ee75e0,40,Male,40,15,adult
be38001e-d800-4721-91c7-23213da0fce0,74,Male,139,39,old
19cc9001-9eb0-44dd-90bc-9b93c0aedc14,46,Male,58,44,adult
394eb401-1e9a-49c3-a78c-002e004d8571,75,Male,99,73,old
03fa5358-b264-49f8-8b64-f4ca3f746d26,76,Male,71,3,old
994cd74d-6d77-46ca-af3e-0067d568729a,56,Male,116,70,adult
5c8596c1-8e0b-43e8-99ee-4fe5aa2f1579,71,Male,34,42,old
52df6953-e3ad-448e-bef6-d6d639d3c16d,63,Male,94,29,old
9257c48d-8af2-4a91-8d6b-1ff1a0579a42,19,Male,159,36,young
3babf233-a489-4027-8aad-5ce6e2bc9e15,74,Male,54,34,old
009f90fe-3b3e-4d4e-a263-010931ce6120,84,Male,124,91,old
783934d6-0ad4-4374-b378-ed36a17e92a4,59,Male,196,65,adult
2627dd1b-599b-4449-af4e-65daea43e733,54,Male,168,21,adult
d9f9467f-66f6-4ee8-afcd-c83b88843442,90,Male,99,57,old
d67e7cb4-0098-48e8-9797-e7287c9fd907,26,Male,158,74,young
31d115fd-53a2-4106-934e-090ca052ae77,40,Male,97,4,adult
39c17850-731c-4915-ace3-82657eb431dc,32,Male,28,13,adult
6f056cb6-80e5-4c8d-a977-e1fec5cb5626,64,Male,124,24,old
70935aaf-df25-41e2-8b8e-07ca3230099c,68,Male,89,80,old
157ab355-f468-430d-b05b-fc77abfd57c3,89,Male,189,29,old
efa45d95-40d3-48e4-8cb2-efe006726f65,32,Male,66,80,adult
5fd439ef-0065-404b-bfe3-b8c0230bbebb,89,Male,163,57,old
fa79b50e-7d9b-4678-b11e-6842a4c10721,64,Male,69,10,old
6bf62a0d-2852-40e9-a1cc-87313d36f029,47,Male,107,36,adult
d3bf9c3e-3740-4995-94c7-942789c1a99b,77,Male,64,56,old
76260882-aba3-4d47-bad0-4480f8084186,29,Male,88,60,young
1d2d826a-ec7a-42fe-be23-d69870ccb17b,51,Male,125,60,adult
2b0b05c4-253c-4be8-862d-b44d90d240b1,55,Male,28,47,adult
6f49a422-1fe4-4795-be06-5c9299b65729,77,Male,182,5,old
b241cdba-9cb0-44a1-9dd1-bdab057b7445,56,Male,36,44,adult
446df8fb-5693-4110-b2e9-c3715618700c,52,Male,140,11,adult
3dfc2b71-0524-44d2-aaf6-7fcd21eecfc0,50,Male,60,21,adult
76232374-e466-4a51-b2b4-0801ccb4c498,36,Male,85,41,adult
87cc34fc-75ed-4f51-a3b3-a93b6e3c147a,86,Male,139,47,old
ec83f25d-8055-4506-bf11-781b1a1b8a45,40,Male,87,74,adult
f13d8405-81cd-4d05-9758-6913167988aa,21,Male,87,100,young
cdd83c99-05b2-4ae1-b5ac-554c2c40bf55,29,Male,113,81,young
0581e74e-3e7a-46cf-912d-172c020c0251,82,Male,179,69,old
020d888e-a1ee-498d-8721-67cd58e93e5e,29,Male,163,92,young
f644a716-bdc1-4a8e-b6de-ee00382566e0,43,Male,161,17,adult
2c3ce1f1-a992-4ced-bb9b-3708147ccf9c,57,Male,106,23,adult
764fbea0-888e-4dc7-9fa2-ea1086107084,22,Male,86,85,young
806abb91-a291-461c-94f1-d0493bc6de0c,88,Male,115,37,old
ae58f5d9-32dd-4141-87be-f7261baa1c3f,64,Male,158,89,old
a6cec230-0118-4e83-a636-447ecfc85361,43,Male,191,14,adult
4106b2e7-a392-455c-a950-36707bb99ca2,90,Male,131,77,old
45b1c49e-462d-4f3e-9d6d-ad769fc87a2f,41,Male,178,35,adult
8d825f1b-f0f2-44b8-a1b9-3efe6aeb5dd2,64,Male,193,17,old
e71f2dd6-7f9f-40b1-a80f-2ab0e2eefadf,35,Male,186,61,adult
c9c7e57b-b4e2-4839-aac2-f407f2dd3cd2,55,Male,98,57,adult
8c6e8f9b-2dfa-4ca5-b44d-655baab28a98,51,Male,97,49,adult
cc7ed94d-9c1e-45e0-ae2d-02ea356f37b0,31,Male,200,20,adult
4f93da52-2869-4cd4-9316-9ffe2ae8edb1,43,Male,132,27,adult
153ffe79-3dca-4867-8150-9da563cfdce7,44,Male,136,7,adult
a77cbf3c-43b4-46dc-b6f3-889b82a73528,37,Male,96,45,adult
9645fe64-89ea-47e6-9c8c-e0c9b542042f,67,Male,36,41,old
0bbc5543-6d6a-43ad-9474-632054c3667b,69,Male,126,93,old
ef11e6a1-00a7-4454-9442-6eee4bc1ba11,23,Male,23,43,young
acb33237-f337-4de0-916a-f56998ba60b4,67,Male,184,100,old
4467a6f0-80aa-475e-9588-698e37a8061a,71,Male,134,90,old
59c6ce62-e152-44a1-bedb-709e4c3a596b,68,Male,170,68,old
fc39fd83-a6bb-43e0-a350-13338c357378,38,Male,50,26,adult
e4699c10-5a2e-4569-b94d-27279c46d78c,79,Male,166,67,old
6f3a2497-d126-4406-a5bd-380eb8d66bf9,23,Male,59,30,young
afccbaaf-edf2-4d28-90f1-d074ff50f357,35,Male,160,44,adult
81c93e0a-8e1c-4479-82f8-54cd889b5171,79,Male,94,57,old
bddc2fb5-c54a-404b-81b2-50cc5b775b75,22,Male,34,82,young
d92ccd40-b851-4d66-a384-408de43e7e70,90,Male,153,41,old
a702ead0-6bdb-41c6-93e3-a68ccbc54aa5,25,Male,148,85,young
7fb813f3-e8f8-4863-be63-a70eb1179501,85,Male,152,53,old
6e03ed50-bc49-4f1f-bbc0-46cfcd525d83,29,Male,155,82,young
0ee87902-5831-43e2-bf1e-0e851d88600b,47,Male,69,19,adult
0b540ce8-b212-4e71-93a8-4ba2878e6a0e,66,Male,173,95,old
9d7baf46-8ba1-4a3e-93c2-608b0229d691,53,Male,186,88,adult
95307767-a87a-455e-bb33-3ae9e0063ecf,85,Male,183,12,old
def3f01b-aa45-4496-abde-b31650dbb8a4,31,Male,30,33,adult
8822ab15-15c5-40a3-9db9-0d68c7023587,55,Male,48,6,adult
592f40a9-44e7-48b3-8dd8-9c22680cd7b8,21,Male,93,52,young
7ab9caa0-3ad5-43be-8c13-1f473ed0e6db,68,Male,60,35,old
bc2a296d-5876-4e86-92a5-e47472073df8,56,Male,74,33,adult
f3d1913f-2752-44f6-9501-81bcbfd1af7e,77,Male,113,47,old
1374e5f9-52bd-42d1-b629-feeddcbadec7,33,Male,66,55,adult
f6225c10-bd9e-47f8-a1e9-022221fcb102,75,Male,134,35,old
d483d7e6-b86e-4d22-9441-92dbbb5a2640,63,Male,77,63,old
3dd6461c-9b8c-4159-8dd4-013314fc2831,28,Male,47,82,young
3d8c83df-9fd3-4102-aafb-567c319f1ca6,67,Male,57,72,old
2606a01a-3d50-4275-ab84-dd49191e7154,59,Male,165,93,adult
c2c7ff76-a429-496d-915a-25439d48ec8a,56,Male,64,100,adult
3aa39e42-9b15-49c5-bad6-505882b72a1b,80,Male,158,53,old
7269274c-3c65-4ed7-86b1-98587db45180,73,Male,40,60,old
366ca6de-350a-41c0-877b-d54e40864861,61,Male,173,48,old
603e5bfe-4e0b-49b4-80b7-6699262b4bc0,35,Male,56,9,adult
45329900-5b73-42a5-80a0-e9b29f10ac1c,48,Male,190,67,adult
79716e5d-7c13-41a8-9e20-c7689e55b64c,27,Male,79,27,young
f77146d1-4953-41bf-9a1f-88934802c5ec,38,Male,48,9,adult
965f690c-9256-4041-90fe-3d5193014380,45,Male,185,25,adult
84395721-2afc-4f59-96bf-01fbfe7ea041,86,Male,105,79,old
00d47412-156a-4931-a3fc-16a343dcac87,43,Male,163,27,adult
34728dd5-1162-43f0-947c-238db1b155c9,90,Male,184,45,old
f057423e-d28c-411e-99c8-1e0eb27db09c,81,Male,143,59,old
7bffb415-7994-4130-b976-d1e652924a54,74,Male,180,2,old
7fe2663f-5915-4875-91cc-8aebbb32dd22,76,Male,104,46,old
822b8e1d-4449-414d-90b8-a375b567827c,39,Male,45,52,adult
a5636339-df6f-45ec-b9bd-418d2da2e4ca,48,Male,109,80,adult
f5683840-0475-4efc-8001-c3cc7f3c6bf7,31,Male,46,39,adult
772ae796-99be-4037-b651-c0f5adb31b0b,58,Male,103,26,adult
96a93085-892e-4d92-8990-3ce8b2076581,80,Male,150,39,old
922ba522-6808-4b33-8c12-7be6e1df6725,58,Male,28,27,adult
a222dc39-68e8-4f34-9794-46affa257a6b,40,Male,86,30,adult
c3f09f86-a01c-48ed-8a9d-3f2b3897f554,46,Male,191,8,adult
2b91cfd4-e658-41f9-bc50-84e4eca8bd86,74,Male,196,74,old
a2556b51-76d6-4ca3-8b21-d8b0778e0c02,24,Male,65,56,young
0443991b-d69e-4d3b-a776-6c2e207204a9,56,Male,32,2,adult
fef5aa13-f81f-44c5-8de7-5eb9d73ca114,59,Male,148,19,adult
9bed98a6-c491-43e4-8c2b-c00cee63bc2a,54,Male,199,90,adult
b0eac63b-0066-4695-b573-94a23a152f52,21,Male,121,49,young
787c79c5-5992-4ebe-afe3-b3cf44dc3c7f,52,Male,116,98,adult
ed076013-243d-4f24-81e7-8b2e95a36490,44,Male,141,66,adult
129de669-ff95-47b0-872e-c8292bafae61,42,Male,52,38,adult
d61ab014-a5cf-41c5-8275-8d508b67ff59,90,Male,128,31,old
85c354b5-ffae-4caf-81a4-b771697fca18,73,Male,42,34,old
25d8221a-826a-4fbe-a998-65ce0cfa0e62,44,Male,127,58,adult
66ee0a05-6791-41df-8597-59a71fcd15f7,43,Male,189,39,adult
1bcae4cf-1241-4e1c-a2d8-dfaa9d8cdc8f,67,Male,165,6,old
b3fd6a44-80c9-4ec6-835d-e1bd0ee2eaf6,50,Male,57,94,adult
8e4cb90c-8d69-46b2-938a-50d7b33f8841,89,Male,128,40,old
7ccfd130-0015-4c9c-a3ba-a8c068e94d22,74,Male,23,87,old
b610116a-5002-4b05-b974-a52921ee7d0d,78,Male,48,47,old
b297c477-6cd8-4a98-b7e8-037ae31c3b8c,21,Male,82,90,young
09a6732d-76d7-4aa2-82dc-438f4aee25f8,54,Male,88,75,adult
6ff35925-9963-41a9-963c-e6473a9989b3,18,Male,59,38,young
04596ae0-aedc-4189-b547-9f0cc8a43a62,88,Male,196,70,old
d85dc3d2-a9a8-4ea8-99a7-815293e5d4b6,47,Male,89,45,adult
19d38348-a4b0-4ca2-835f-14e0cf16ddbb,63,Male,171,25,old
97470e7b-efe0-49d4-8d6e-99597c560f42,53,Male,148,64,adult
20631563-abed-4bda-9db1-5815e2f00f91,55,Male,100,79,adult
ec44c743-ddc9-47c3-98b2-578bf3236a35,19,Male,199,84,young
4a891247-7d5a-4ef7-a122-cf1b925ff3cd,48,Male,46,94,adult
3fb4a473-7e91-452e-9c0d-afd6748b5121,84,Male,49,39,old
1df1a1e4-7753-4d6f-a0ac-8a7af75aa11c,29,Male,196,100,young
7162c1e4-720a-4c7e-9e47-6b992a4175e8,29,Male,148,75,young
18984b14-119e-4ad3-bbfd-74836971bfa7,70,Male,119,90,old
e0081a4b-7d8c-47c6-9ce8-a7ebada3733d,53,Male,163,93,adult
d505d780-f83a-420b-9aa5-96f97941c7aa,38,Male,138,89,adult
7cd5b938-1320-4f71-bba6-06680285a3f3,65,Male,109,68,old
5ba3154d-c720-44eb-8938-3f278cfefce3,74,Male,155,85,old
74dff928-e441-423f-b850-af4255601215,56,Male,170,31,adult
4065ca27-65eb-4bc4-b74c-e8331a56ad76,36,Male,169,55,adult
fddabfd8-4e1a-40f1-b29b-308bc90bb620,67,Male,79,88,old
8b7949c3-5123-49e7-80e5-10a84f0887e3,65,Male,106,41,old
6608725f-f08b-4192-8c84-c5ea9f346d0b,79,Male,91,31,old
f96c0340-b68c-4e28-9081-2867724f4456,55,Male,115,84,adult
d7da3ed0-f26c-4752-a660-1a7fb39fdc78,65,Male,146,25,old
2e64f94a-600a-449d-a8df-8f0030c99b94,25,Male,100,92,young
35a234e0-e26b-4ec0-9bd0-6ccc53bb289d,86,Male,55,39,old
92ca2916-7439-4bcb-a621-421aeab3a898,22,Male,34,15,young
48281e81-af79-44c9-9312-c8b4b4494054,53,Male,168,39,adult
0bd47ccb-651d-4d91-bfbd-406774d94c55,76,Male,176,64,old
e55914cb-f1a5-43c1-a6ff-fc494c4129bf,58,Male,73,7,adult
52423570-4dd3-4cd4-b563-2633930d9b35,41,Male,96,28,adult
c3ffaa46-ad4e-40be-a132-5070da15a750,42,Male,68,8,adult
f6c5e807-9825-4ec0-9860-819740d2e5e3,40,Male,81,89,adult
b62c26c1-e802-4f16-aa85-3b2563b1e48b,71,Male,25,23,old
1f93ff07-0e7b-444e-b833-ebbb53560196,20,Male,60,35,young
56e79fd4-12c6-47c6-be34-5948f2b9e309,65,Male,20,74,old
49912fb5-4ec7-4b88-8cff-67343db1ff60,30,Male,154,7,adult
9dd13629-43f0-48e1-9449-ba1b15e871e5,71,Male,94,78,old
bfcae79b-e7da-48f4-959e-5f61e85b02aa,87,Male,86,73,old
80141bd7-3f62-4ff5-b567-0c792abd364c,82,Male,185,51,old
6b5eeb75-1f48-4e1a-8d9d-c842bc8bed05,34,Male,28,71,adult
d2a8fa7a-7a2d-46cb-b634-dfb7173b0c77,60,Male,173,37,old
c90911af-e4f6-44c1-913a-0c7d5598ff73,52,Male,36,66,adult
e554a8ce-a4a3-4848-8acd-cfd4add84d09,80,Male,85,100,old
2833e814-3cd8-40c3-a904-8d34222a2b66,20,Male,100,17,young
40e0fb65-3442-4f33-a9a4-32f79f3162f3,68,Male,38,67,old
f184dcae-adfd-48ec-a4ff-aa34ec7f5dd8,70,Male,71,28,old
e0a517d2-1fbe-45e2-9574-387ac93183c1,57,Male,175,19,adult
25969595-8ec2-4bc6-9a83-538db0a080c9,58,Male,194,46,adult
76be2b9b-f9b8-4a04-8d4e-774c4ed8cead,43,Male,29,32,adult
c9f37a51-5bd7-41c5-b2e7-932cbd50455d,30,Male,184,20,adult
f54c4a01-8c39-4100-845f-8af53601c6a1,48,Male,40,62,adult
a7d1c4a1-5cee-4c75-b925-e1b91f4a8674,66,Male,100,95,old
789daba9-dfce-4075-bbbe-b1834025befa,59,Male,39,49,adult
d086e721-03f9-40be-8913-b550da2abe2c,55,Male,132,41,adult
3880c223-5529-4adb-b176-7833f5ce81bc,85,Male,161,9,old
a77a905a-1f87-4d6c-8f4c-061a1f983527,85,Male,120,93,old
72065e19-9a83-48a7-a67f-bfa05fc4afda,42,Male,155,100,adult
0d2c54a3-e26e-476b-bc19-55c8d7b026de,70,Male,81,61,old
b0bab2a4-7eb3-42d6-9935-1d2b062b03ad,53,Male,105,97,adult
924fba3f-4f29-4d66-a52c-4ed0a315cb16,58,Male,59,93,adult
491bb25a-3a79-4cc9-a5ce-e4ac2f78508f,61,Male,196,100,old
5aeb1844-d565-49fe-b6f0-20b451c16a0a,64,Male,67,82,old
c0e469a4-c416-4ffe-bdd1-c6ea25a9a5f8,25,Male,133,82,young
4ccc8130-0371-418c-b637-1b4606498891,77,Male,78,62,old
f8795a7a-c53c-4a99-b2df-789ad9728d63,90,Male,187,41,old
fc04978d-23dd-4caa-ae07-8af6ba2fd9f0,27,Male,85,48,young
b7b6d6d1-af02-44c5-be62-11bfda1362e3,63,Male,32,68,old
0f7f193a-7b51-4765-b350-0a4852705afb,88,Male,187,18,old
b1b66656-b0f3-4959-981f-6be8f7d90672,46,Male,110,11,adult
795cd2c5-8a68-4d8d-b61f-e9dd448cec33,77,Male,105,6,old
533f4828-ffe0-4121-aa9f-a0a1d2cd8abf,52,Male,23,12,adult
ffc22f0b-c429-4a77-9450-ec595a6f5d97,74,Male,33,19,old
964723c5-8649-49cf-9f10-379ea46ce9e7,82,Male,49,20,old
6d091968-e758-476a-8836-168ea99cd51b,45,Male,197,52,adult
111a5c11-6df1-4051-aa3c-23ca7a3df86b,63,Male,171,40,old
9de76632-2b3b-4517-a0d5-316a224e16fa,23,Male,159,43,young
849fcb23-401c-4566-9028-f6f32da2ac12,88,Male,47,80,old
0fd6280f-6b1c-4e5c-bf51-36762801e241,42,Male,62,47,adult
9671b3f6-f11b-4f7c-a80a-35b04393dfdf,24,Male,65,14,young
9fb753e8-4bdb-44ba-9a9f-ad1dce53ef42,63,Male,78,7,old
b7d59f96-2bf7-431b-a44f-2c8e1e3f4db2,52,Male,84,88,adult
b91a3f10-d4cb-40e8-ac20-7f9cbad9266c,58,Male,24,92,adult
948f3dc0-21ee-4a6a-9f22-9355ee38857b,20,Male,155,63,young
3febbf8f-ef99-499e-94b3-f02006e4298a,59,Male,48,89,adult
96dab232-43ad-4b33-a919-8316551eaba0,72,Male,168,42,old
851456b6-1b45-40b2-a99d-9c22099eacbe,26,Male,117,79,young
fc2724dc-6027-4bb8-8a45-20cde440492d,26,Male,176,96,young
6581faff-4703-4d60-8675-514a77ba1b5b,67,Male,181,17,old
09b8c9ae-1887-4c6c-bdea-d89e6e252dfe,35,Male,73,10,adult
8d3095a7-0c89-4592-8d5f-b0a4377127c6,55,Male,22,79,adult
538d0e4f-4fc3-4e3f-a4e7-0fae8b86a627,77,Male,72,64,old
e9741fb3-36b8-4e9a-8c51-fcbeb779ad53,53,Male,94,63,adult
5efd834d-af42-4bc8-95b4-64a5fa18538c,25,Male,93,13,young
0c0cc8a8-1496-4c5a-b1d3-afeecba92cdd,56,Male,108,30,adult
d3a84550-2b1a-4724-9e63-4b2d36cb2291,36,Male,141,20,adult
5c708fc0-dc89-4fe1-8acf-cb2b829985b2,83,Male,100,97,old
93f3db37-0eb0-4b39-bc46-d69d136ea377,22,Male,68,44,young
6546b48a-3252-40e4-b1e8-f2abf7978be3,90,Male,155,74,old
de3f65f5-7bd6-4287-b94e-27d557e98d62,33,Male,136,98,adult
06dd29fe-bcd5-43df-80fc-f7512f461b06,50,Male,122,39,adult
1c1e7085-9e24-4c92-8b75-20fa546194df,87,Male,77,47,old
74eb261f-868d-4d77-aab7-ee14189cf9a2,63,Male,64,7,old
5d0893e9-3164-42f8-b8c9-ec3e55795e11,29,Male,21,24,young
85f104b1-e2e2-4a79-a8d9-8921b14e3467,56,Male,47,49,adult
3d16fc7f-123d-4f72-983f-d18179e8b5af,72,Male,42,61,old
f9659729-36bc-49f8-8669-62960c87ed6b,20,Male,194,17,young
b96621fb-0acb-467e-8bde-0770531444db,63,Male,79,43,old
3148e718-4353-4d85-b85d-3fcc9c331033,22,Male,63,85,young
cd9d6604-ee06-47c1-afb5-e8657ebf5704,42,Male,148,41,adult
94891796-76a9-4954-9e0a-121c7e4281d1,57,Male,190,73,adult
557e68c8-0c57-496c-a927-34d72dc491b9,84,Male,167,28,old
a1327874-7cdc-49f4-b603-bb0581a8e27f,56,Male,102,20,adult
17e91974-e399-4a3e-8d33-4142ca92f14b,20,Male,73,77,young
4d30d5a0-9f1e-47d4-982a-9682c5d6add4,88,Male,173,14,old
56e3a021-99b6-46b2-9f97-ceb6f2d68a07,44,Male,195,40,adult
7f355b48-1b92-478d-94bd-5be1ec2a2a51,34,Male,176,2,adult
17d6a861-8fdf-4468-9799-6c8eb1799690,71,Male,90,100,old
bec5d528-5e59-41ef-805f-31551d2925f1,79,Male,105,37,old
615a0b4b-1740-468e-9b5e-a42a9014acd7,47,Male,25,25,adult
d94ab04c-f76c-4428-93fe-7d73e179feeb,36,Male,136,69,adult
81e3856a-4f4c-47c0-a3f4-1185410b2aab,73,Male,89,94,old
952cbff8-9077-4c90-9219-82fbfa776d68,35,Male,45,60,adult
789a7cee-f94c-41d1-9499-cac09efbb994,87,Male,151,38,old
baca9ddb-78d9-436e-83fb-ad7d8712e6b7,61,Male,125,80,old
86d39eb6-4b6b-4aab-86a3-d7df1d5a5165,24,Male,156,68,young
cc703202-d9d5-4a09-a74f-15e3bb6f694f,90,Male,114,47,old
b6f7cfdc-4e88-4993-a653-6cc524abd0db,87,Male,161,73,old
ec5644c3-7972-46f6-9672-788b3652d6f5,85,Male,151,49,old
56f417d4-4171-42ed-bb17-34333028f3a0,30,Male,42,1,adult
8eb46ab5-61f7-427e-bfdf-1f19053cb512,71,Male,95,54,old
dfb62f60-7a4f-4bf8-af9f-ac4da6c49d40,29,Male,181,63,young
7fd1f0e0-909b-4705-91b1-3af844f608f6,80,Male,155,96,old
b049af8b-0541-4f4f-99be-9aa445cd8286,25,Male,52,90,young
58bde2c6-669e-4957-9ff7-c6c3084dd795,45,Male,170,42,adult
cfdd6340-e41b-4598-8a09-f5596ff92167,78,Male,159,76,old
a55c943f-c395-4499-a096-5395148be2e7,71,Male,69,39,old
6b4d910e-d478-409e-8b74-236a5d7ce5c1,76,Male,25,68,old
aebc012a-e9ba-45e0-96c8-4d6795b0f6bc,37,Male,85,49,adult
dda58154-1b3f-4aec-abcd-eadce103244b,27,Male,180,93,young
1d1bbc47-8d9b-4529-a5f5-0aa3c17f4032,30,Male,87,31,adult
c89aef0f-c649-47a7-a67a-983f90ecdc3e,58,Male,86,67,adult
7edbc597-e220-43bb-bf6b-b120d1c7143b,60,Male,84,31,old
a48dcff8-ae25-4a09-81ff-393c1d6ef80b,55,Male,130,61,adult
286ec58c-6b88-49f5-9b0b-0e4f1a6f73df,34,Male,67,79,adult
7896b26f-4d3d-4813-a5db-ef51beeae2f2,48,Male,111,28,adult
a629af16-2531-4b38-894d-f20b9b41b6f7,36,Male,78,8,adult
75280805-f45d-45ec-8617-aa75d7152854,68,Male,99,67,old
765d6ad1-8fdf-4c93-b455-9b5a80644dfe,55,Male,73,34,adult
27a9e362-ed4f-4751-9887-9f63f9fb99e6,69,Male,130,79,old
ea55c1a7-932a-4875-94d1-9ce2f6b377ea,59,Male,170,7,adult
796119cb-dfef-4934-bd53-3aa518ebfb97,72,Male,25,62,old
bdc33a57-fd0a-48da-bb93-83218204e4f7,40,Male,56,71,adult
77dd81a9-f019-4292-9491-1e9c8009b615,84,Male,57,17,old
af1a0cb7-ca08-43b1-ba21-7ed29ce8128a,57,Male,95,6,adult
620c7a5d-9185-4165-8250-563e4dea4a83,26,Male,25,72,young
2beadd96-e387-4979-9104-eacdbaeddd99,30,Male,57,77,adult
8c5a6bbf-4af5-4334-9c1c-c6fca4f137e7,55,Male,181,98,adult
4445712d-0e92-44a2-af2d-d2ce4e0d1cf0,65,Male,152,52,old
de61bdcb-9004-4bd3-9f22-17942a292085,55,Male,138,84,adult
a10f5cb4-88ea-4075-8dec-56cc8e306c91,90,Male,27,31,old
26bdb3fc-b871-4574-a40d-5bc6646d6515,56,Male,31,29,adult
208e6edd-3573-4bda-bc9c-052337061b36,36,Male,68,79,adult
a9fb9b9e-70c5-4a1f-a2c0-07b91dd303ad,45,Male,30,99,adult
5adfb331-86bc-4876-b54b-482f4cee298e,20,Male,115,35,young
3cc7103f-f599-4924-896d-d8d2fceb7269,64,Male,143,86,old
c5401bf2-e46e-4c40-9b2e-d0db305b858a,76,Male,113,22,old
812b3da2-c2ef-4b11-bc29-a7c62cada83b,73,Male,71,61,old
7ffc2d18-e795-4cc9-8edc-8a680cefc760,80,Male,114,19,old
4f2f4d63-3f7c-4a3e-90de-343332b0a9cb,63,Male,141,71,old
34e4d6c6-da03-4c2a-849c-81e8c5b07166,55,Male,122,42,adult
b6cc7490-95ab-41b7-bbab-405bc0416f3b,39,Male,108,41,adult
a3366ec5-35cb-47e6-8ff3-87d91f365edb,49,Male,23,37,adult
39801a05-4d0a-48fa-8317-c9beb4fa105f,43,Male,172,61,adult
bc454e1a-ec5e-4f33-b978-18199924adbe,51,Male,188,76,adult
a399df0b-3ea5-4b49-9cd9-d0bbbdfe4dee,62,Male,99,48,old
76281a27-02b9-4df0-b772-c0f1335d51ea,38,Male,88,72,adult
b6330acb-fa99-441d-a8a8-11b60b338711,50,Male,186,38,adult
b44e9a77-ce0b-49e8-9c95-739d19205537,55,Male,108,47,adult
bee2afa4-519b-40ad-bf61-6b0f9f95ac8a,73,Male,74,80,old
44012f2c-c811-44cf-a6a1-c82c97532323,76,Male,162,34,old
5368dde8-143c-47c6-84f7-447aa82f3123,51,Male,67,98,adult
d4196c55-b0ea-4d1a-ab4a-014609991c37,59,Male,61,96,adult
8253d688-37c6-47cc-aab8-ac205e538ea9,39,Male,170,32,adult
918756ac-0c84-4190-9431-97e3008d6792,34,Male,198,2,adult
1d05aa72-0ee9-403d-9654-56f7877149a6,27,Male,182,76,young
4856b714-da3f-4e52-80e3-4511d454e7fb,30,Male,166,44,adult
55563930-ddc6-435c-837c-b9f757dcd4e3,69,Male,22,28,old
ae137857-3a93-4bbd-a43a-d1a963f8e89f,41,Male,33,41,adult
3d8bcee0-89e1-479c-9674-8d64038bcf53,68,Male,189,67,old
4e03fe8d-aa93-4eb3-8921-32e83d54f236,62,Male,42,62,old
db2bcd56-63bd-464e-8898-f16c86eca28c,59,Male,108,5,adult
95315d09-49bf-47bb-be70-28613b4c7835,25,Male,123,90,young
abd8b5c5-7092-4480-bab7-1834bd7474a6,45,Male,124,59,adult
141d1792-85e4-45ce-8f3c-18b04431a812,38,Male,135,61,adult
0a5c381d-757c-421f-8b33-ca036e42cf4b,45,Male,75,56,adult
1a33c9f8-34b9-4895-9fce-f7877e08e204,52,Male,194,5,adult
908dbcd4-c61b-40a0-84b5-5be1a394215e,19,Male,87,72,young
ea8ea497-ab35-4b25-a289-9adc6a508307,54,Male,111,46,adult
d492e5ca-65a8-458c-a581-65d1922fd50e,76,Male,105,52,old
650aa517-a1da-4b86-a1ab-d5d7c0016fdc,77,Male,45,89,old
9eca4612-092a-457a-af40-decffc61c284,42,Male,121,91,adult
6921cc9a-217d-4a7e-83af-62cd9ffb0bc3,40,Male,196,7,adult
561f4fda-c944-4448-a2f7-2ef190e67db5,88,Male,89,48,old
33becd19-56ea-4f4b-b7f1-b39c1f5dee7d,66,Male,116,13,old
be1bf64e-f3c0-4d6c-8e62-545aee11d02b,61,Male,26,47,old
eefa3ac1-caa3-4a04-9a3d-16e01059fa89,31,Male,194,80,adult
48a1942a-ed80-47c0-9483-65e66467f3c5,41,Male,68,27,adult
57a51e44-98a4-48bb-8e3f-56a33a0e3b4c,28,Male,91,80,young
b25ac459-8564-4b82-82e5-9eece251c7d0,86,Male,98,41,old
a71d3a9e-2df4-458e-8968-9fa179cee136,87,Male,104,27,old
57895e34-2f89-4d84-b6f4-96fa2300e12b,24,Male,167,53,young
8c923f02-c6b1-4e92-8d5f-de00e300d215,79,Male,138,57,old
610d09e1-9c9c-4eaa-b485-98c2876097ba,27,Male,136,100,young
f88cf84c-1dbb-4b99-8e8a-f1e3fbe9d24a,83,Male,94,6,old
244fd37a-7360-4db8-b09e-ff7a710d0081,67,Male,52,56,old
2c876af7-4dff-4fb4-85fa-5793dd340637,72,Male,100,57,old
a17cf664-a9cf-4f65-b9c5-3596e424bed0,87,Male,82,60,old
2f24fb70-559c-4e96-89de-a1107416f279,80,Male,102,56,old
a11f1d85-fc4d-4253-ad6d-34103a3b2b86,75,Male,97,79,old
543b9cec-9307-42b1-bec5-572f967791ca,34,Male,38,54,adult
6734c177-1182-433c-8aac-e85e33f229db,35,Male,147,40,adult
c3bee31f-6c8c-41da-b64c-b832ea28a52b,33,Male,137,5,adult
f448de75-b937-47aa-8fab-9d147995ed25,72,Male,66,96,old
fe3feb86-f232-493d-a35d-602f49e2c2ee,46,Male,181,25,adult
f9a60a02-253c-4daf-86b8-97c335a8a340,27,Male,150,42,young
25a697b7-176c-43d1-a925-e33004441fbc,63,Male,80,8,old
3f40cac8-88d9-4f90-8aae-3cdc3354f840,36,Male,64,85,adult
ea6f2617-9a11-4776-b23f-f55f4555b8b9,20,Male,61,78,young
c9daa459-ee9f-44a8-a622-305680ac5df4,29,Male,86,18,young
0dab695d-e804-49e8-b735-0d11b38c6137,38,Male,112,41,adult
6635ff8a-4196-40dc-badf-1f5136e0a485,20,Male,190,69,young
3a696f5e-aeb8-42ca-91f4-c66cdfc297af,58,Male,171,81,adult
3fd96751-f78a-4ff2-8d12-9afc920d4811,88,Male,36,40,old
81566d0e-e749-4b1f-ac68-c84a3d23aee9,50,Male,47,80,adult
0edd3713-2a29-4c0a-b963-ff71dbb450c4,79,Male,134,96,old
e4189764-e607-43e9-9578-462cfec06404,18,Male,167,8,young
7c74dc96-8132-47f5-a169-8b05446d600a,36,Male,189,76,adult
06969434-e24e-47bf-8c63-49e0f4fcefc8,77,Male,103,62,old
a6609e6a-d832-427d-bd09-127f62e2582d,45,Male,128,67,adult
727fe833-afe8-4a88-9041-12f3e0c73f4a,58,Male,196,2,adult
95d0311c-b07f-4a06-8510-202e93991b57,75,Male,137,72,old
80847316-4dcd-40f2-badb-aee4dd01bf0c,80,Male,59,72,old
ea3af3f3-d243-4e45-b734-8ee205dd84ff,85,Male,76,72,old
68c5c103-ceb0-46ec-afcd-65af96c70ea3,84,Male,69,59,old
33db02db-40e7-4de2-a3b3-91e73b02f6a9,37,Male,73,6,adult
dd172922-22f9-4194-b187-50e4a3b60c4e,62,Male,177,26,old
b692e588-fcdc-457d-b272-fd4d2c6b1fdd,35,Male,53,48,adult
04d9905d-4e8f-407f-834e-09c75a4c5c74,26,Male,70,63,young
48d255da-7639-4b2d-a704-9abae7e66d16,60,Male,28,54,old
c7448618-669b-4a69-957f-fa73664bdd94,71,Male,182,29,old
fad3de43-92ab-4cbe-8c37-9c0f1dea417d,25,Male,45,66,young
e9a4bf22-0465-4c3d-bdd9-47225465a7c6,43,Male,54,28,adult
45fb04c3-51f4-474c-87d3-b62c13e6ca89,22,Male,115,95,young
0d2c26d3-a9dd-4649-b284-178889b82bdf,53,Male,74,73,adult
6cae82b7-e690-4d6a-80dc-572dc3255117,40,Male,41,85,adult
cd90e91e-01c3-4ab0-8a04-b5bec8434806,40,Male,116,70,adult
48c4a218-a551-4e40-a17e-5b5e0a52b72f,37,Male,79,48,adult
43db418a-2aff-43ee-99a9-326998983183,47,Male,52,84,adult
7ee425d0-69d0-4e50-bfaa-222ce27cfdf1,39,Male,112,91,adult
bb7332f4-5e4b-439e-a436-b97b954222be,89,Male,107,82,old
8db16662-878b-472b-82d7-0fa23d0faca2,61,Male,76,100,old
4ed38853-f11b-4cf8-a594-625122a07273,58,Male,115,30,adult
6b91fabe-c5ed-4b4a-8120-7903e7a8df9d,75,Male,25,90,old
c185600f-af49-4470-8191-a316b367963d,87,Male,155,69,old
083739ec-bcd6-40d6-9ec2-1c2723f94659,38,Male,22,98,adult
ef1fb54e-ed0e-498b-9ff1-e9a278157e3d,18,Male,78,62,young
7383e73c-a062-47d0-bfc4-ad97d88ef8a3,88,Male,25,52,old
030f481c-ab29-4f33-a49a-a8b9572aabe8,27,Male,147,97,young
953625a8-a8f7-41aa-afde-b0a7658a8773,73,Male,47,40,old
bf19debc-52c6-4e2b-970f-44a2f1798fdd,34,Male,98,72,adult
5ace9fe7-682b-4bad-aa2b-8e44e3719ae7,31,Male,56,57,adult
4a2dd86d-e9de-424a-af1d-2b4ee24c2e94,86,Male,182,34,old
00bfc515-82fe-406d-a997-c8f8eb4f9008,83,Male,68,67,old
7f5e922b-2c6e-4bba-a2ed-b4e1a80a8e7d,30,Male,170,32,adult
bbbc7028-7dbb-4160-ae4c-c622f4c578ef,52,Male,77,69,adult
5d5d2a3d-bb59-456c-bd36-ff9ab28e42bf,66,Male,67,43,old
65c082e0-d5c2-4a12-9b5a-39432c6083fd,74,Male,146,96,old
b0819e42-f4f3-41cb-ab1e-22834ee5510e,81,Male,149,2,old
bc132a29-fd93-435e-9539-3212914c2929,60,Male,145,73,old
86c55c35-0b5a-41e8-b972-bdb101e8dd14,36,Male,156,93,adult
a2694a73-1a53-45e3-8314-94f934169d78,29,Male,141,72,young
acc31450-d522-4b16-8d9c-22285930eb4e,49,Male,24,28,adult
4635df4c-1afa-4842-8227-4ac308cb501c,78,Male,83,33,old
1f958089-26e2-4267-b83c-df799ba1af4c,24,Male,123,95,young
d8bcfd66-3aa3-47d4-bb00-17302155701d,25,Male,31,86,young
da30b615-bc13-42ea-9fe2-199adb5abc72,25,Male,178,23,young
27bcf773-4e57-4fcd-bf36-14802786fa76,58,Male,97,99,adult
4a8baba5-eaa2-435e-b755-890894f8a5a9,69,Male,32,76,old
aea62e39-f9d0-4237-85ee-7fc49da07634,70,Male,155,89,old
199a86b0-b763-40c8-94f3-1590c2b6e915,82,Male,29,22,old
fecd4a79-8560-4919-b6c8-ca91b1ba4832,63,Male,147,11,old
8876251f-f309-40fe-8391-e17ede0b1b7b,78,Male,99,69,old
0ca3f91e-051f-4faf-b504-86c3085ff328,70,Male,33,2,old
f435f8d2-04e5-4e60-bc73-4c1ef541b81e,64,Male,130,81,old
98e1f8e1-a61a-421a-86b3-ac2af774b11e,70,Male,39,88,old
9de7b61e-bcba-405f-9621-4c2af051bf4a,76,Male,127,90,old
6d5cc17b-73c5-4b4a-8bd2-1ede33248a67,18,Male,192,98,young
9e46adda-5e0f-4744-8bca-17c0cc054f2e,37,Male,66,27,adult
0d8e1da3-c19c-42e9-8400-219930e1afff,70,Male,177,78,old
dfb1b43e-16db-40ca-a123-678feca36915,53,Male,41,80,adult
3e3053cb-46b6-45f1-9d46-d891afc54c36,62,Male,99,39,old
abbf7687-a31b-4c87-b49d-6e75dd153227,39,Male,66,24,adult
462c2848-3bce-4955-93f1-9a11fdbd1775,68,Male,158,42,old
1ff0771e-2839-4c27-b253-7492661b4ec6,56,Male,153,34,adult
842b0fa9-159f-4f50-854b-d71877888a4a,67,Male,105,65,old
7ff3f42f-f9c2-4430-8347-a74950170f60,26,Male,103,29,young
f049fd42-44dd-4906-9090-31b51344de3e,84,Male,47,2,old
6bee9951-3a92-46c9-a528-a48d9887b68d,66,Male,53,60,old
76d2e79f-2dc1-4297-aca7-25311359456f,63,Male,86,6,old
81ffe3e8-a264-4dff-ba39-64158617de6c,61,Male,97,84,old
a11f3c33-ff7b-45ec-8849-18d1922cd890,38,Male,94,13,adult
b12571d6-d992-4370-9c34-4f1c4b0356d0,74,Male,195,68,old
d1762e6e-47e5-4323-ad6b-c059803b084e,73,Male,151,22,old
90fffade-ec29-4f49-ab49-d6e93a1cc878,46,Male,54,4,adult
084d20d5-788e-414a-b325-59eeeb64a219,62,Male,154,63,old
690b418b-e5db-4df2-b03d-990d0cf83181,51,Male,49,46,adult
3bb81fda-d605-4e82-9b5f-eb2bac02dc0d,41,Male,147,80,adult
d55e5353-6c22-4d6f-a4b3-882005102e06,81,Male,67,22,old
81cfb2a1-be7e-42d4-939f-d28df49c0595,89,Male,113,54,old
1eaa8ff8-846d-4d1c-b828-777357c06d96,84,Male,143,16,old
d01979a6-bebb-4be8-a1f6-6cf4eae42404,38,Male,81,34,adult
7afd9082-620b-4a94-9fc0-47f18e8bfc32,77,Male,81,37,old
e90e5dd0-43d4-4e35-8978-172ae950fd13,31,Male,141,12,adult
45b73c05-20aa-41d6-9f1f-70f5a6ffe06b,80,Male,122,67,old
d41af8b2-7695-41ca-b523-6fe9a6f654c7,18,Male,104,78,young
2afbb3e4-ea82-4398-9dbe-bdbb23139087,59,Male,40,39,adult
aa2e68f4-1448-4f4b-84b8-0f32fefa721e,51,Male,40,98,adult
68a89ebe-920e-4034-a0e0-5927a961c2f5,82,Male,43,26,old
0250c274-bac0-4098-801c-f5045e0b7878,82,Male,196,55,old
d9d95309-9ba1-475d-a937-82befaaec754,59,Male,97,22,adult
7c420d83-f004-4a0d-9e4c-77097353634b,20,Male,199,51,young
85d97cab-e09c-4b1e-914c-2dde2fa9c849,44,Male,141,85,adult
8737ca5f-5283-45ea-b896-f7e748c8d176,39,Male,155,31,adult
ccb86004-28b5-4ffe-8a93-17d28c9d2c89,18,Male,103,8,young
2a0a60f9-3fea-42c2-87d2-e10655e3ca40,66,Male,29,25,old
c79af57e-e5c2-420f-9b2b-07ba40b95e98,46,Male,52,36,adult
9b33e382-e692-409a-9a20-0f50813ec57b,28,Male,172,45,young
2371e0b1-b6ec-4ec0-a2be-66160c14f967,33,Male,165,27,adult
ea396b11-c5ed-40c3-bf2f-6a7d733ae6d6,57,Male,153,25,adult
14cc08e8-43de-4794-87b0-dca3c9d983fb,78,Male,160,98,old
6001b2d1-ba93-4b44-ae0a-26dc44150df9,30,Male,129,45,adult
46365542-315b-4248-a840-005ef1193bb9,22,Male,79,70,young
4d858144-b51a-4841-93f2-c769871d51e8,83,Male,120,45,old
ee12059f-a753-45bf-8038-3c578c3ab9db,28,Male,127,91,young
85069ab0-1012-49f8-b1a9-f23ae02ac852,23,Male,191,25,young
c19fb1b6-6221-4482-ad08-674c4b309016,35,Male,45,32,adult
47ee6a72-360b-47bc-9259-d0021a0604b2,25,Male,151,48,young
df9f4212-6c45-47a5-beed-ad00dba06a9e,81,Male,55,97,old
e15e326f-812b-44d8-9417-e14888b76f0c,40,Male,103,95,adult
2b889c84-50b6-4be9-b6dd-d45802cba269,78,Male,143,89,old
07dc39d0-19c8-4a28-85ea-f15d30526bb7,44,Male,187,83,adult
aa651e16-05c9-43c2-a023-02feb4869d6d,66,Male,147,80,old
aa3191b2-85c9-4967-9335-0f4b8eea082f,28,Male,87,32,young
424ee51b-c7ca-422d-a548-a4f054687228,50,Male,143,75,adult
e5db7cde-2538-42cf-8967-366d2ea5bf25,33,Male,166,35,adult
9425ad32-9a8f-4fb4-b61a-fad72057f4f5,65,Male,64,46,old
e6e95ac9-860f-46d5-a44b-537d34ebc948,43,Male,197,28,adult
154dc9b8-b9a4-4986-a977-af6cdd399192,26,Male,163,37,young
45566db4-1e58-44c9-b302-0bcda092f5f1,68,Male,33,72,old
64d52c1c-8e16-4614-8046-40c243c15497,50,Male,86,49,adult
a924ade9-0978-44b1-908b-0fa9eb779439,74,Male,133,44,old
0b289a68-dd8c-4f83-b338-8b5b9f2d927f,80,Male,35,19,old
32df5b07-99e7-4b52-b33e-862baacc4ccf,88,Male,68,16,old
dbb47ba9-55f5-4613-93c8-48609d44f7a9,23,Male,199,75,young
84b0bd3a-21f3-427d-b1e0-ac90a2e36fbc,80,Male,69,19,old
33adb5f8-87a0-4ce2-b317-1931f69525f6,50,Male,96,79,adult
d556b507-32e0-4b29-8df9-07ce52a8781a,80,Male,58,25,old
c97ad670-bb81-49a1-a418-1587efe8fc14,49,Male,176,99,adult
be98d510-9187-4b99-92d9-dfebbd32cfdf,81,Male,88,55,old
95224003-4f99-4261-8214-1ae78f0f3281,46,Male,88,3,adult
81ebad7d-74a0-4822-a0b3-0347b524f4fa,19,Male,50,61,young
e3d23e7b-4a62-4f21-8b1e-196c83b2a7b8,43,Male,53,11,adult
27dc4aa2-9d78-471f-9341-9098df5afd0e,40,Male,81,49,adult
a82475b2-74ec-47c1-91f8-7db83623354d,41,Male,25,70,adult
eaf4d955-3011-437e-82a0-125c7bd4e304,77,Male,21,1,old
3eb4d00a-31f5-457b-82ae-a2e145f9c49d,46,Male,169,49,adult
c94f4d50-bde3-42ea-9e9d-d7c04f07b998,55,Male,55,99,adult
2cc57c80-e90e-484f-9e7c-143807f92905,65,Male,198,21,old
21df4e0f-2c51-4ded-96fa-9ae898478d2e,49,Male,134,76,adult
3008360f-87f2-4d35-8635-6fd7cd5522dd,39,Male,142,72,adult
6ab2c001-54a9-41aa-a13a-157fe330c935,63,Male,89,31,old
87245802-5ba8-4834-8c8b-4b499de1b32d,49,Male,64,7,adult
7f0a4a63-cb00-4878-a2e1-229bf8fce90b,20,Male,34,15,young
33a34016-2af1-47a8-a93c-59e1d9cbd58b,49,Male,198,8,adult
d32e0623-6f33-45c9-85ce-3f508ab28c56,45,Male,166,15,adult
a7d0312e-4ed6-4688-bc1f-74e4529cfa3a,80,Male,187,17,old
c4ce9e84-02ca-458e-a832-96be518454b3,51,Male,140,76,adult
88e0a2ab-c62d-4907-b186-2ee7c777fac2,67,Male,137,81,old
e38664c1-577e-4369-84a7-841e855f9887,74,Male,185,41,old
2cedbdb4-c83a-4606-84b1-27147d25d7a6,55,Male,169,77,adult
17877e3c-8847-49c0-8fef-558da039309e,33,Male,93,69,adult
fd0ab3a9-c224-422e-941c-31d245160e00,47,Male,126,50,adult
cbc8bcc7-df45-49d2-b426-94ee1ff55736,55,Male,102,64,adult
0b239552-716c-4948-aba9-e7b8e976a8e0,59,Male,185,44,adult
eaab4ec8-eacf-4d62-8e96-9332c3d456d9,78,Male,172,69,old
f9f3978f-6d80-4b2f-bfc0-3c526c4e3e87,33,Male,85,37,adult
0bf07d3c-4f0e-41e9-9297-fccfbb89eab1,82,Male,142,39,old
1bf21ce5-52e6-41c1-a3ba-3f584a225e84,81,Male,142,57,old
b725d2d2-9d72-45c3-920c-7ff156369dee,81,Male,143,5,old
855bc30b-19bc-41eb-aeb3-cdacb3a03ce7,57,Male,74,43,adult
01584b3d-95e1-4b7a-bd09-35c91f48a6a9,54,Male,38,88,adult
afa914fe-659c-4cf9-ae23-bd72733504dc,53,Male,88,21,adult
43026c6c-bf39-45bd-a717-3e25db54ad96,19,Male,22,7,young
4ca65483-5d75-4900-9c2c-cd8555bd0006,25,Male,131,90,young
79b75448-9130-49ac-8206-40d7cfe18681,62,Male,93,57,old
2c58cf32-ae5e-4318-b359-fb6025681c02,77,Male,99,42,old
0e6a32bf-cfb7-447b-97bc-72c067b01040,30,Male,113,49,adult
a62d858f-82b3-43ec-9eb7-f26b37902c43,90,Male,155,28,old
c6ec509f-a462-44bc-bb0f-885ed993d161,61,Male,90,18,old
14bc5dc7-3452-4fd9-b5d9-1bb9db77544a,77,Male,40,42,old
edbeea68-0905-460d-b60a-b9f435afc53a,54,Male,59,4,adult
933c471e-93b8-4f13-b7ff-c49447393ac1,41,Male,107,89,adult
03e47fd5-94f1-4aad-abd7-4df68b753f8a,69,Male,124,58,old
2a6d19db-e219-4308-bf71-30d595c20535,23,Male,116,50,young
987daed8-3838-416b-bbfa-1bd706aa4e79,39,Male,160,25,adult
bfbc32c1-8d2d-4adf-91de-15f7caa4da0b,26,Male,132,50,young
ac89bce3-ec13-47e6-8b3e-0a764b1e5fdf,63,Male,37,38,old
cfa2394c-5a85-4a97-9e08-47bf219cd10b,71,Male,130,89,old
1d02f1ab-b452-43cc-8c5a-7e1939e3447b,71,Male,68,80,old
8035981e-d2b2-4757-b61a-cf2c6ef45089,36,Male,198,27,adult
31356c8f-ec12-4f54-a00e-db247aff2c8e,40,Male,36,57,adult
c94bf68a-ee30-40be-9283-59c6d29e92a6,24,Male,186,96,young
208617b4-8c1c-444d-89e2-5644df425cc5,78,Male,44,65,old
79264914-995c-46bb-a528-0927c9abb19d,76,Male,172,78,old
a57e98c0-79e8-4861-8f50-5c32d23ef6fb,26,Male,182,23,young
b9cf0873-dafd-4f67-8b09-f222dd3c88f3,35,Male,90,6,adult
80db55c1-6e8f-4434-b779-85cf39b3a9b5,42,Male,81,9,adult
cd8b9b9f-7d93-45ae-973d-78d0e1cee946,36,Male,119,16,adult
6cc10627-5fa9-48a0-b3f6-07851cd0490d,65,Male,166,34,old
6c78e7aa-6fa6-4402-9977-6493d252db40,21,Male,138,16,young
55e94fad-7287-4c78-a068-d90c61428039,25,Male,158,50,young
c39883c2-896b-4f24-81b4-3ffe5a8ad832,39,Male,122,3,adult
edc2056b-24d3-49a6-acf0-a42987f8b860,50,Male,109,8,adult
b073b1cd-5512-442f-a4c1-5219330d2bd2,49,Male,21,43,adult
3b43f45b-8367-4383-8720-38766ba33fb2,69,Male,147,13,old
86a17aef-453d-43a4-b221-db008f3aeed4,20,Male,142,54,young
95146a68-781b-42c1-aabb-d5865c3552a6,52,Male,187,77,adult
ac2410f2-183d-41d9-8aea-c80f623e78ac,69,Male,167,14,old
5dda1e60-a39d-4eb2-8c67-63c2f4815e3e,76,Male,48,95,old
445aa5c6-0465-4556-b157-e330f6f2cf6f,52,Male,120,69,adult
87c4a7cf-1ef1-4609-a7b3-3983a7ef4eb4,85,Male,77,58,old
0ab62fed-b66d-4e87-8055-baa4db1e76f0,87,Male,45,52,old
77f1b44a-0eb3-4fba-82e4-d3acda6b2539,25,Male,108,33,young
a7fd5ac7-6b4d-40dd-8b90-66dd126994f9,43,Male,66,39,adult
b591058d-b803-4ea2-baf9-6ca1a5a6a7fe,72,Male,40,29,old
e2078101-fd9a-47e9-a1f6-bdf4b33faff5,83,Male,184,23,old
d2805525-14e8-436f-838d-bed6fe9b1e92,22,Male,142,87,young
ed856669-0e8c-4b58-9baf-946101b52ab7,67,Male,37,90,old
f57c7554-6fcd-4c03-b571-c0fe071b8ebd,19,Male,97,96,young
04cb8c5a-07ef-432e-8261-3b0011ba2750,88,Male,83,4,old
f337c834-e977-400d-86df-f436853c0dd4,46,Male,58,13,adult
af41c096-a0b6-4b48-858c-39bddd66360c,29,Male,96,48,young
118320fb-da6c-41f5-926a-fdd1fbb43d68,86,Male,28,38,old
d378154c-bfaa-48e6-a58d-47afecf46846,33,Male,135,87,adult
fd33dc9b-e3f5-437f-ae5a-c7ad9c548a79,90,Male,117,95,old
52f6fb8d-d9ef-4f4a-b411-4c568d2355f2,64,Male,71,10,old
8dd279fc-4f60-40a3-bb69-ca2c31504c6e,70,Male,40,80,old
81f4ee6a-3459-4a4d-bee2-3fea5aef4255,29,Male,144,20,young
5d2a522d-5fe8-4a12-ac66-64943338fcbc,80,Male,64,84,old
be9ffb28-da75-4624-b33b-4d250901a393,22,Male,54,50,young
3c455033-95f5-4da8-9946-7dc34eaa9ef0,74,Male,140,43,old
021a2260-0476-4a95-8800-ed080d752349,45,Male,34,15,adult
7b8c21cd-0cdb-4745-a021-bdfb2eb7fff3,76,Male,188,78,old
59ef99fd-4f30-4af3-932c-3b62ac7b5e54,53,Male,53,70,adult
ba68e110-8e16-4f92-8a9a-a2faea7be530,78,Male,167,33,old
a6167669-fbbf-4c37-a579-61adde214e02,36,Male,199,73,adult
c06cd5ff-5340-4aa4-bd2d-962a3007e2ba,19,Male,61,58,young
8a7a8df6-c91e-4e7d-8523-beb4b5866a6e,31,Male,92,31,adult
01f96417-ed33-44bd-8e21-5a7574dbd20c,60,Male,133,5,old
5e6c946e-aec6-4a3e-859d-41df937c8e9b,77,Male,23,54,old
d97c5473-07fa-43fd-bb44-ae3a4ec022d6,78,Male,108,78,old
f4df1f41-0405-4e3c-9e1d-8e7c5827f122,22,Male,87,99,young
c04fc275-f75e-42b1-859f-cbee7cf5cb83,67,Male,21,10,old
a33c088f-f274-40f8-a095-f05ebe981104,18,Male,49,98,young
dc465387-4576-497a-8da9-00d8873ecc72,71,Male,85,24,old
1f6d39a6-58c4-4735-8817-4b6b538ef310,55,Male,105,100,adult
af7836ba-a1c8-4744-80bf-416b938803fe,46,Male,85,14,adult
e87bfead-edbe-4cc3-97d9-cd1d629b0004,65,Male,30,66,old
88e85231-da15-452a-a78d-b24a7473c624,56,Male,38,66,adult
27c3ec61-130c-4104-9eb1-495457599ca7,66,Male,114,24,old
f6eb4804-40f8-4cad-8783-ec2ca1793f54,24,Male,155,51,young
9f3cc0a9-fb4f-4422-acaa-8df8d2f12790,80,Male,42,9,old
1d3a6955-1f67-40cd-ab54-7514776e570e,28,Male,198,55,young
33003401-ffeb-4f01-af52-2e0230213a0d,22,Male,93,56,young
974d8b08-a61a-4fcf-8383-e4498db17068,42,Male,188,78,adult
e8ce1e05-d59f-4ff2-8084-7869effe2a56,55,Male,68,65,adult
eb0961aa-2f19-415e-b5ac-47efc7f38fc7,51,Male,75,53,adult
b40bd3ce-b506-4451-be56-2522ab07d629,31,Male,132,88,adult
0cc6c73b-e7ea-4a97-aab4-cd352ab1fde2,49,Male,95,97,adult
5fca1925-6e28-45ce-a48b-b1a7f38370d4,90,Male,181,15,old
99bd0734-1d7f-4553-aa2b-2fb8e952092f,29,Male,88,11,young
a1dfd339-8cfb-4290-a15d-68990a36f4e4,31,Male,106,88,adult
cd13e430-323f-4207-b4fd-56796610b583,35,Male,128,90,adult
3b145bb1-c897-416f-a120-c503850dd924,38,Male,100,7,adult
891f4d6f-b1e1-4801-a2f0-18aa7d16c1be,55,Male,97,78,adult
b6832882-8616-4624-998b-d76525791a3e,43,Male,119,54,adult
aac98609-039a-477c-b826-be81b72b6f33,45,Male,94,48,adult
b685b0e7-0f9d-4df5-bd59-89b18a119d36,38,Male,136,74,adult
5c1676e3-de54-4876-9fb1-b872d99e20b7,75,Male,84,78,old
9127b429-3b51-4581-ad3e-609bc459197f,85,Male,134,85,old
29848893-6961-43d6-a17b-08b3fbef0b0d,81,Male,46,32,old
20e0b18c-2786-4634-8dee-327870323366,31,Male,21,90,adult
f4cb184c-cdc2-41a8-89df-10da4e818f06,90,Male,189,95,old
c3ca1417-2b8e-4fb7-9edd-014d672bc0b1,34,Male,51,34,adult
b7f59bca-1255-44e5-8d7f-6d39be0e0d6f,56,Male,163,50,adult
7e324fe8-0768-4ccf-a737-d1724f5d0659,82,Male,159,44,old
aa6dbde8-6833-4b8c-9447-29760f08714f,24,Male,65,88,young
4554b5d3-0e02-4980-ba83-11e7394728ef,43,Male,37,79,adult
b91bb08b-0f1b-4764-9325-0587a3dd53ac,28,Male,34,43,young
6c0db6e3-cc77-4943-81fc-910d22133377,78,Male,179,88,old
57665b51-9e4a-4b96-a256-fe9ef796986c,86,Male,21,58,old
9e311903-6172-4c4b-b964-5bfa586d5b25,43,Male,119,73,adult
9afc8ff4-ca2c-4877-a975-e8f9bf5d569f,88,Male,23,24,old
452daccc-e816-495b-bddb-66298df94465,26,Male,160,36,young
3346b474-d62c-4810-93f6-f63f26c7d34e,85,Male,66,15,old
0ffedf3a-b3d0-4d68-933c-69d5756931c9,57,Male,111,65,adult
023a7b92-daf4-4bea-b0ff-933ddf3eeda3,63,Male,192,31,old
c03cc535-f424-4749-a59f-38a001d2c497,49,Male,149,85,adult
9644a0ac-5dfd-495f-86d5-8468fa8046c7,48,Male,145,15,adult
f9778bae-e3bc-4d86-9d13-124a77c01979,47,Male,194,57,adult
6090d6c4-c5b1-40d3-8cda-2cb0b68201df,62,Male,59,83,old
06e4400c-f50f-450c-9f12-88b1d386b1e4,26,Male,41,90,young
b94635de-ce4e-4766-a483-21409499e0d9,20,Male,153,71,young
4c3b1d8d-14f0-4e49-a79f-b4f3ca102f89,55,Male,166,63,adult
051ee949-c130-4050-80fa-1e121d7ab2b8,64,Male,153,12,old
b9911c2c-da90-4801-bd43-99af8b34afce,54,Male,109,70,adult
f2611d0b-0ad0-4b73-9f36-f966fd2e0c58,55,Male,168,92,adult
05a5d808-3f84-4a9e-b3ff-b6b4d4af5c62,78,Male,29,62,old
63969ed4-bebc-4a22-9668-5ee6ce06a546,19,Male,75,16,young
4e398c55-e6e2-4061-82f4-f9908b712271,31,Male,52,76,adult
b239afc6-42da-4bfc-8735-9a6eb0a0b455,62,Male,32,13,old
01806c3b-6035-4131-bdb0-779f08b56853,25,Male,178,22,young
56306b2d-c36c-4d65-b7f9-2e0ef4e64f2f,22,Male,47,69,young
767d1706-4a82-443f-a50e-fa6a4c36496d,46,Male,89,96,adult
7cd336cc-1b00-45ff-bfa4-9be4b6cdebe0,51,Male,40,45,adult
138973cd-ba01-4557-924e-3f70010a6eae,69,Male,108,86,old
259d2060-5c74-4826-89ea-13642e77d833,44,Male,153,22,adult
60ca6a8f-1449-4b1e-bf35-46bb61ecac1c,37,Male,69,79,adult
a8cd4fac-d146-4ae3-a267-7eb4c9f37e6b,89,Male,132,33,old
bcdde737-7e87-4a47-b1ec-0446d3d04fde,82,Male,47,7,old
f1df5f1a-fa30-4582-b107-55473b0373ca,86,Male,180,13,old
8bc1c92a-7a4d-48a8-8e0b-50050d3776fb,34,Male,142,5,adult
4a17cfd8-a00a-4a0f-99f0-c0f78ed0320d,59,Male,137,72,adult
a0c956ef-4a3a-4c63-bd14-6efaf36b4db2,22,Male,93,26,young
f9f95d80-9603-471d-969d-f73781ec4e14,90,Male,94,98,old
9aa4b601-f182-4900-8ffc-e4deb4e135ec,53,Male,136,71,adult
eb560fb9-fbfb-4ac9-8940-74de1f6da782,26,Male,86,93,young
fcc674e2-f7c3-422b-9be4-86a86f388b39,72,Male,190,65,old
4a6f9a5e-505f-4cec-8cf0-617eae940a34,66,Male,154,53,old
146c3cbb-0ff6-4aa8-a042-6866d6e73eac,18,Male,39,18,young
955f05f7-9e7f-434c-b6b0-352b12cca195,27,Male,177,85,young
9367daff-ea18-409d-9e55-7feca4d6bbf8,41,Male,22,16,adult
da38632b-7615-4001-a49e-b195d163a5e6,22,Male,52,57,young
f1e4e694-e973-4adc-9a76-76b17f9ca8d9,82,Male,50,11,old
11298ff1-1882-4239-aebc-6904b148cb84,90,Male,144,5,old
c1eb955b-ec5f-457a-81c8-ad8964f1515f,66,Male,49,75,old
6e0d8ff4-f63d-4598-b8b6-3f024b3d0967,46,Male,141,33,adult
56c0f97d-d544-49eb-b072-3dc4194511b4,55,Male,52,55,adult
50570522-498e-408f-8210-d0e5f2db847e,69,Male,134,89,old
b6ce300e-2dd2-4c38-a240-d3a865c401e7,31,Male,53,41,adult
2df2c359-9db4-4d8c-aa98-f4de2d9da7b7,41,Male,141,82,adult
d39bae03-91b2-4010-8e80-80626a53d9a6,34,Male,50,74,adult
99ec2f25-1e47-4fd5-a856-1c72f64ebb57,58,Male,41,26,adult
152bd69a-55b9-462f-9fb0-e8cf3ec19e79,77,Male,32,27,old
502974fd-0cab-4e98-b48f-14f0aa529c7a,23,Male,173,48,young
a5189727-c7b6-4ee3-ae9a-3284328e79bb,71,Male,56,35,old
2092abb7-9c37-486f-b180-70307a6c5a50,72,Male,27,83,old
e34f23fe-61f4-4178-98ef-ebfc0cc10eda,67,Male,83,77,old
db638bab-1de1-4a8a-96ca-1864102b33b5,39,Male,147,51,adult
10ad8683-e8b9-49ce-aa45-f129345368ac,25,Male,23,89,young
77eef12e-df54-43ee-a279-0a1dfcd3a054,61,Male,104,16,old
b663e93e-b7e4-456b-93f2-7b2aac914784,56,Male,25,15,adult
ae638153-50d9-40b0-8612-43adaa658f79,55,Male,27,23,adult
9a3ea8df-ff2d-4694-9e06-1013bc3a1dcd,74,Male,162,3,old
05352e2c-f9e3-414d-a37d-6b298460a4ae,25,Male,129,34,young
a3e4e46c-f1cb-4a14-9e11-6a49740443d0,78,Male,195,66,old
ba5d710f-583d-4e0f-84f1-2fc3505514da,90,Male,66,56,old
0c63f795-19e2-46cf-8a3e-822c81dd1e6e,34,Male,58,1,adult
f93ff113-504b-4133-8cef-d6ed43673538,18,Male,195,78,young
931b39e6-1073-4b40-8ed8-006838189506,49,Male,132,23,adult
a7b2730b-6d70-499e-8571-8662bc28b550,85,Male,114,73,old
919a7912-42cb-4e1b-9ebe-6f678e0d4322,54,Male,124,72,adult
8924c469-f28d-45af-9cb1-a69470e712bf,88,Male,96,30,old
f94dfa5a-4225-4e18-84b5-d0e0560b3e60,68,Male,89,46,old
f63e2973-68c0-4cac-8d1d-de1c77d04841,59,Male,81,67,adult
4188aaff-2186-4000-bf8c-8f1e4fedd13d,44,Male,60,66,adult
dd8166db-3321-4511-a044-90e5d99c0824,71,Male,149,57,old
86b74472-8cf7-46fa-b55f-64e588df06b1,58,Male,110,100,adult
abe7bd14-f0a3-45f1-ba0d-ed67d5294d1b,48,Male,22,78,adult
4fca0292-fe9b-4b34-90b3-9d1d2b37598e,34,Male,88,44,adult
a82dd754-479d-450d-8604-f257dd095b2d,40,Male,60,18,adult
30316280-0fe5-4529-a67a-a039071e26c4,79,Male,137,59,old
a23e3074-e86a-462f-8326-4810f1972be3,37,Male,116,81,adult
3f7b294b-b66c-4825-b013-24aac13deeb2,59,Male,40,32,adult
da4fab6d-adc0-439c-a419-5812fe7be15c,69,Male,56,92,old
feaafc40-31dc-4e3f-a92c-4000d2ebd180,89,Male,191,35,old
f96c2d8f-6cc9-41b3-96ac-2d096d0da706,46,Male,31,53,adult
58d7eeb8-8a10-488f-b68c-8dfc762518ff,78,Male,118,98,old
983f60c4-ea05-4795-aec0-08da3854cd06,40,Male,25,5,adult
e49a5ec7-6c26-4ef8-8db0-a40c67821095,71,Male,95,21,old
af413c55-2e99-445d-9eba-55d6adf9664f,67,Male,86,19,old
efdd60fb-c46b-462c-b0c5-e2ff5f45c8b0,24,Male,72,39,young
b8a2f13d-e4ce-4393-a23d-ebe64e9c1499,74,Male,180,66,old
4cf4ec37-0029-42fb-a014-5ecf66df8ce5,42,Male,176,93,adult
0a91aab3-d603-4ee2-a589-2af6b0e4d124,18,Male,119,43,young
8d0e20df-1e6a-4d5f-bf5c-739acf8783cd,74,Male,176,55,old
c69f631b-059d-4eaa-a3e1-8b73a5e9cf54,52,Male,167,84,adult
35197ede-d5fb-4eb5-91a4-5e2903d03c9b,50,Male,172,4,adult
8ea29751-4ed1-4783-bbd0-9ff11392d0bd,57,Male,37,22,adult
b839f5bb-560a-4666-988c-48986c8dd23c,23,Male,50,18,young
931daa16-3102-4155-a0c7-4fcb518a20a2,49,Male,89,56,adult
71845470-7cd5-4b8b-a77c-45c9dd1200af,70,Male,21,96,old
fde57d98-fa4c-477a-9e25-7154fcc1b65e,34,Male,87,2,adult
8ffaca7a-739d-4b47-a284-a54a690d27de,42,Male,79,26,adult
d01dbcfa-6617-4fec-a73d-66be0182a12e,60,Male,53,83,old
f2fcc54e-c45b-4c09-b007-a49d6e669aa9,18,Male,195,50,young
8c967acf-c8d1-4ed0-9739-f14689d10680,86,Male,190,24,old
b5d66321-332b-4092-be16-3909526d3571,55,Male,162,69,adult
4b0d288c-d4c7-4686-859d-9c64aaa4feef,77,Male,187,63,old
8b7013f6-e266-40fa-ab85-f86ea71341a9,33,Male,183,81,adult
2f26ba47-bc24-4a4e-8b83-91ac8a176712,63,Male,73,18,old
3d49af7b-6d9d-4ee6-8baf-1a1c7bb40473,64,Male,117,52,old
1d416713-d3fa-4fe1-8f09-260b1a1dce01,82,Male,114,25,old
8af88d59-8e14-4d8a-b2da-bc5e3976647f,65,Male,153,82,old
affffef3-0803-4e9a-b610-6e7d0bae4d58,23,Male,20,7,young
1857262b-89f7-4dde-a92c-1297ccafdc63,47,Male,157,41,adult
d71ff6a5-dba3-42bf-8548-0063a78d4e8c,36,Male,81,43,adult
41c4049d-0c18-4ebe-b760-2ee26a09d856,51,Male,134,72,adult
9c649f9e-0d91-4b5f-acfc-9146eab7d0d2,46,Male,134,92,adult
fdf305ea-995c-4277-9422-b587ff952168,31,Male,33,13,adult
e1e0ca93-56cc-428f-ac43-b49038a136d4,49,Male,59,64,adult
417a4669-dbe7-430b-a335-2901d348c737,87,Male,177,34,old
d074fad8-7d74-4c37-8c81-f46c32f15626,34,Male,40,18,adult
3701320c-c6a8-4d7a-8fba-0d321d356868,31,Male,161,57,adult
09395d3f-a110-4134-861b-e1629225494d,41,Male,95,14,adult
a968d445-d93d-439e-bd65-b180a220e877,18,Male,178,55,young
eb2d1a79-155a-413a-9b1b-bf25c8447e4f,53,Male,146,7,adult
ac6ce493-6052-4cc0-977a-ca2b1da35ca0,21,Male,25,97,young
53e7a24e-5bad-4651-863a-95762a882592,30,Male,25,64,adult
cc33cfb5-3e96-481d-bf8b-1a4cdf6d5abc,89,Male,53,26,old
142c6e79-f8a7-4d46-a40d-9238f7c89fbf,79,Male,119,67,old
970c79c2-d63d-4269-97ae-5460f00683ea,56,Male,161,70,adult
7a82e1f9-1931-4dcf-b905-32bd1af28586,40,Male,103,98,adult
cd6919d7-f880-43bd-84eb-211b89ad3c80,52,Male,61,44,adult
d539f7d3-3d52-4d46-872a-9639dc8ebeea,63,Male,117,49,old
19d933b3-5000-43ef-befd-1b97c3eb39b6,85,Male,163,27,old
e70f5c92-9aac-45e2-8549-e5b756a5128f,54,Male,196,89,adult
61a779d5-196a-4343-8308-ed357688f4c1,40,Male,105,42,adult
5e65a797-4d4a-43e5-8aca-8de7fefe6f44,35,Male,163,6,adult
14e60502-e828-4120-83bc-2f3c21a9afae,50,Male,82,98,adult
8f3a48df-6bc2-4fee-b3bb-90207b3f4b33,27,Male,135,48,young
6e142445-bbc1-469c-9593-8b1763296907,52,Male,125,87,adult
2764746d-2388-4d51-8e95-eecf3252d9f8,74,Male,69,76,old
d0e52fc0-b4e9-4881-bf0c-b91a126df400,38,Male,66,79,adult
b33fa7f0-b04f-4298-9a6d-ff5ed680191c,44,Male,88,92,adult
05bddf0c-8046-45d5-9ff9-56a8fe9dad37,76,Male,93,24,old
67faf92c-738e-47df-b842-6efac16e6fcf,20,Male,69,24,young
67aa0e1f-5470-41bf-81a9-fb06df62f026,69,Male,105,67,old
4140caf4-b760-45ac-9d76-43149bb624bf,32,Male,148,55,adult
0cf85e61-d2bc-47fe-82c7-fd126efdc490,62,Male,132,19,old
1e62402a-7f32-4553-a1c9-358285435ab0,73,Male,127,54,old
5b1b112e-075d-47a4-ac8e-61907b7ab0c6,81,Male,126,68,old
ef0624fc-4a08-45d1-9b41-a3f73a3bd70b,33,Male,85,32,adult
6d96c0d2-6b18-42af-8e6f-99d9becfada3,19,Male,188,61,young
e7e5f87a-ca91-4727-8e62-020028f4ac28,37,Male,52,94,adult
3800d006-6c7f-48c0-a76e-590a82bb0ffc,19,Male,171,83,young
06e846e9-bff4-4118-bd8e-1ba042a98698,78,Male,71,70,old
67e79246-7f4c-4fe8-bb7e-1bc1314894bb,61,Male,57,10,old
9ae8634f-63b2-47d3-82d8-c73b89203570,39,Male,44,37,adult
03bd0f2e-1e22-4651-9318-098ea412a67d,46,Male,152,77,adult
cd6a1a72-7c84-4fb9-aac7-20fe4c2ab46d,40,Male,119,52,adult
0e8556db-06bf-4781-a646-e8ad3a6af816,20,Male,186,81,young
4310faf4-dbd1-4e4a-aa37-ec82a3ebef40,30,Male,144,28,adult
2ff48566-e69f-4fda-b62c-e4f945dea74a,54,Male,55,42,adult
51cdcaaa-0ba3-4bd7-a67e-282766cc9497,83,Male,172,12,old
a408d980-1fe7-4ad4-88ef-b8fe5c62b214,77,Male,74,70,old
a0e6f1e2-a6ed-43bf-a623-b6e95b2e2f12,69,Male,26,20,old
8d5ec9ce-8709-46fd-95b3-23e514c4184b,74,Male,162,68,old
3dfa922e-0714-4574-9479-4eda854a26e0,80,Male,59,80,old
70835d8e-7e09-4207-aa2c-a50f9ec7e906,61,Male,102,18,old
926e4937-7ba5-44ae-961d-808c3046407e,78,Male,21,70,old
cf94d4a1-0bb8-456e-b6dd-9cb81223347f,41,Male,73,20,adult
0a49a39d-4322-462a-98bc-a5208b143830,78,Male,51,37,old
2b7a32fc-7124-44ae-898f-6c3af1d8f724,23,Male,126,41,young
57a43677-10d5-48a3-9a06-87bd500086a1,21,Male,118,41,young
e91e158d-72b0-48f7-a433-2716307234de,80,Male,122,4,old
7d6e991e-afab-412f-98b0-bc8ce8894ee6,82,Male,95,42,old
16f8ef99-91be-4510-b958-b36e3a48da72,28,Male,130,31,young
e298904b-1c2b-44a1-b542-c4765a3acd55,45,Male,39,95,adult
b3835323-800e-4359-89bd-f9ed2119a141,62,Male,193,48,old
c52f777a-1eb4-4f73-b167-ee3c01a5c727,31,Male,104,75,adult
343766d6-5dfe-4899-aec4-33ae2c667a1b,44,Male,83,57,adult
78ce8e2c-0f31-42c2-9c61-268ce7b4d4be,71,Male,137,99,old
bd13c4a4-4586-4e2c-8314-7ea4f258b9bf,38,Male,70,90,adult
5b01455d-bb45-4923-a2b9-bc6b37f68022,82,Male,65,100,old
3c23b96c-4537-482b-848e-d7e2eec11f9b,59,Male,66,67,adult
0abae60c-ce48-4307-92b7-50de65a4c361,64,Male,110,70,old
29125849-956a-4592-9126-ee81d8b77874,19,Male,26,64,young
81d31610-9b7c-4e30-8286-3869d3bbb9e8,26,Male,136,64,young
fa306643-1097-4a47-a447-ad56c93e6a54,19,Male,97,69,young
a424bcb8-acfe-40d8-8940-4f38edbbcc27,18,Male,101,22,young
82ab9967-9fcb-4df7-b262-2d7a74de8668,45,Male,64,69,adult
16ea94b0-ad40-4658-a67a-f8304b9833d9,24,Male,145,57,young
f21ba175-648d-4c03-aa31-95d0032c78e8,26,Male,84,43,young
c18487ab-8aa6-42d5-b4bc-3b2b0cdb1feb,68,Male,35,100,old
fe0cf3a1-7157-4cfc-9f1a-3c18cae0b98c,32,Male,130,14,adult
234d492d-049e-4e27-a0e2-94453d1fa489,55,Male,26,57,adult
461d471d-4dbf-4cf5-b21b-22f0bd494e9e,80,Male,149,60,old
4a6e5fd3-6ffc-45ab-a6ac-061d4d0e8273,30,Male,186,49,adult
51a302de-0193-4ad1-84df-db12793fd7d4,47,Male,21,33,adult
2398fe9d-f793-4019-b980-d36362d244c1,81,Male,63,58,old
569da121-db5e-427a-aa63-e25a07dc9e9e,80,Male,155,55,old
7e432437-9427-435e-bdab-a32bc2281cef,45,Male,173,63,adult
ad6c22fc-a989-4ba8-a08d-ec1984511f3d,72,Male,73,28,old
e7134897-f91c-48ea-a2cb-ec23966da4b8,77,Male,130,72,old
24868c93-7a64-4ab6-8b6b-11c8640849fe,21,Male,156,16,young
625c5b77-2db8-4959-be54-f18c6f8a61d7,54,Male,115,65,adult
23338bdc-27d4-46db-8d81-fb37947ed24f,63,Male,63,2,old
94315708-2e89-4aca-8d20-7f022dac22fd,89,Male,83,56,old
766cb4d7-90ce-4386-882a-21ae82e225b6,71,Male,138,69,old
33ddc928-085e-4197-abed-8a07404255d4,31,Male,170,82,adult
54bc4209-7fa9-4092-a67c-e70cde7781a0,65,Male,158,63,old
3f3472d9-9015-4c7a-a881-e2e9bf90f5f7,78,Male,45,11,old
176f08c8-7adc-4d91-ac7d-b6c1b5467c16,65,Male,150,40,old
ecd43bdd-2b30-4473-879b-56b32cc6dac7,31,Male,153,82,adult
9d9b96db-25a2-41ac-85d3-742cc202772e,25,Male,149,14,young
0f299a13-eb05-46a3-a7cd-28ef3069f134,19,Male,56,23,young
977bdb6c-58c0-4875-b6e0-f715d25123f6,32,Male,27,46,adult
8151016f-ad67-4872-aea6-56e5ed1ca5fd,68,Male,41,44,old
9486996c-260e-4edb-b0e0-ec65764350c5,90,Male,65,73,old
372d9537-766e-4585-b837-6da7d0f8dd71,35,Male,105,37,adult
e290b472-9914-4b06-ac43-8c40040cac5c,71,Male,128,13,old
1bdffa2f-5696-49d4-96f9-cd62a73dc899,26,Male,192,44,young
084501bd-e9a4-4907-afc8-62b590deff9d,32,Male,46,77,adult
26528c3f-d663-4a37-88ae-c645673e46e9,88,Male,40,40,old
7e02b7a4-1bd5-4732-a968-fbdcc4a95fdd,22,Male,116,32,young
f3b9dc57-0271-4e87-9dd1-a25365db60b2,48,Male,135,98,adult
8522e619-92cc-4f25-9410-c5c9e7fa3fd6,58,Male,166,64,adult
752702b4-f1ab-45fe-89cb-af00845dbe3b,56,Male,152,2,adult
6f37fec3-738c-4846-904c-7bce465957c6,88,Male,63,14,old
f380b3c8-2528-4616-9a39-8d50a8b38344,51,Male,93,10,adult
e60e2c45-09cb-4abc-bf3b-e97877c717d2,39,Male,32,80,adult
3e04491d-df2e-43d0-ba0c-322f424680cc,20,Male,125,5,young
01c03241-bb2e-4cce-8907-72c3a024aa6a,22,Male,49,30,young
7b53ba74-bea3-4bd8-9e13-c3ecbdcf28bb,31,Male,123,66,adult
f419b2d0-bafa-4dfa-a640-82e8a62400ac,18,Male,177,54,young
f4829244-7d48-4367-af55-c98e4d2fba31,42,Male,119,14,adult
d0c754fa-8e1f-4730-ba86-1847c65f80a1,66,Male,130,79,old
67755c82-a68c-4857-b268-94fa996ea0b7,50,Male,79,23,adult
d54b4c76-e002-4393-a1d1-6d47e52655ae,76,Male,77,50,old
59615e11-addc-47a3-b887-435e74e44d6b,45,Male,156,54,adult
16295903-6c7f-4b76-ab40-3f8257dd6824,63,Male,164,90,old
df2d8ea2-a1de-4229-a50d-afd4b520cfa5,40,Male,119,83,adult
c5aa241c-8146-4981-b248-f847b180cc07,77,Male,79,93,old
9f35878b-6b93-4407-9dd2-10882810c0ed,53,Male,196,9,adult
b5182b3e-f0ef-41e5-a634-337e5557e817,69,Male,100,24,old
40db1252-ad43-4a9e-8955-4850d08a1035,22,Male,187,72,young
bf413686-fe13-4d13-be53-daa8420e22bb,89,Male,56,98,old
ea934378-dec8-4912-8a59-29b055e77b12,31,Male,177,83,adult
60cd1504-99b2-4ed0-9557-aeb783aa1ba4,76,Male,30,71,old
5970ddbf-3aae-4ce7-b316-c82fc5fc6db8,67,Male,68,7,old
e4f1ac05-383d-44a7-884c-c5e74ac36fe5,71,Male,194,23,old
c1376422-3cb6-48d9-ad1c-53f338ec83ad,89,Male,153,23,old
f49324f9-d1e6-4501-9845-c3355983274c,69,Male,145,2,old
62884a9c-abae-45a8-9122-0df425ea3c28,28,Male,48,36,young
9b17880b-a85b-4ad0-94ec-db00d2210271,54,Male,30,1,adult
c526826e-6f3f-4e85-b5f3-eace57fe5919,25,Male,75,42,young
517d35b7-cc33-4763-ab68-0ca5f03a454b,36,Male,57,47,adult
c07e4f7d-09bc-4a51-a85f-8229a2e13e2a,79,Male,43,11,old
e1faceef-f2b8-45cc-8325-829e8fc98c29,65,Male,172,51,old
802d973c-baff-4dcb-9bc9-ac58d83ec4e0,43,Male,196,68,adult
911efb4d-9aa3-4690-9677-56d0b9c3dec2,57,Male,69,18,adult
34f71449-fb0b-4d7b-ae48-8611695b1208,84,Male,137,51,old
e5b4c702-a17c-4d74-a58b-0a1cc2645816,75,Male,140,92,old
c1e5022d-6699-4298-bb59-6bb5370ad1f3,73,Male,170,60,old
96089c2e-d88f-476b-a286-31aab80ac65b,51,Male,59,55,adult
a81aac52-c69c-436a-aced-3ca254d227b9,19,Male,174,36,young
1ff63b68-f51d-4afe-bfc3-5406df317086,26,Male,88,54,young
7e0e0708-50bd-4b34-9847-c7c109b3f15b,47,Male,199,57,adult
f32f9dda-237c-4fac-a54a-bf299172b8f6,83,Male,63,69,old
2eace085-5b01-4e3e-ae77-21b5e810d0ba,37,Male,52,80,adult
d85f3644-2b4f-4290-b194-08bba00407e1,85,Male,151,55,old
9aa539df-2541-4264-be11-f5a52c908563,77,Male,44,55,old
369ebe31-4249-41b3-882c-a3a8b7c6fee5,70,Male,59,39,old
27a51dd5-b947-4bc8-8cc6-e8ed7345fdb5,80,Male,92,87,old
3cc7b1e1-eaba-45e0-bc24-dec2dfa48625,82,Male,71,38,old
8042bce0-8684-4335-93e8-6c3ea8f8333e,70,Male,172,71,old
a6b9429e-28ff-46f6-801b-3b3ccad76344,33,Male,94,15,adult
2757327a-7e95-4ed4-bf92-d39ee45e68e3,56,Male,129,19,adult
48766198-c93f-4243-9e85-d5b804b500be,24,Male,101,70,young
b55cd1a1-cb5e-4e18-8b7f-31ec70e77931,33,Male,150,48,adult
495a2962-d351-46e4-b898-b93f50c26a30,20,Male,94,32,young
559d6576-d205-43cd-a771-182624165516,18,Male,42,77,young
f95af1e2-c637-4aab-8559-917ba12a30a9,18,Male,36,86,young
dbd2b61a-04db-43a6-868f-1b1dfef47bd7,35,Male,168,67,adult
2c0dcc71-d5b3-4593-b608-caeabe60abbf,52,Male,25,80,adult
4c45f54a-bd7c-440c-8e67-c1053a24d298,68,Male,161,26,old
c4ec8c71-eee4-43fa-91af-d44db27dcd89,44,Male,177,89,adult
d021f1f7-eba5-4b6e-835b-f5c57a6524ae,61,Male,72,58,old
7e000886-522a-44b2-b559-e5a81521fad8,42,Male,175,11,adult
59d3ce04-f385-4c50-8772-6143c849f6b6,80,Male,167,89,old
bc2e2840-767e-4595-91fb-c648aa249b16,51,Male,73,100,adult
1ed6df15-b665-4c3e-9ac8-a50d01f067bb,85,Male,21,2,old
55e96c60-26af-4016-8cc1-eaec13f00f13,42,Male,195,89,adult
fe70a2e7-a113-4535-894c-73151ab557e9,48,Male,151,5,adult
0cf8361e-5d87-4c80-9025-fc1ee8d6e122,88,Male,115,44,old
8a0bc7c7-8dd8-4827-93ed-7f2cb0e228ad,80,Male,55,57,old
a4ca6a87-6819-4f04-90d4-73ee53c4fb31,80,Male,55,68,old
8c495f3b-a272-47db-8859-bd7848036df0,49,Male,58,57,adult
448d299b-8993-4807-adb2-40dfe8fc08a6,47,Male,89,14,adult
9c0d6ce5-15c3-41be-a729-3a197d3e75fa,79,Male,131,7,old
1551283e-b864-4680-b997-2ade0a076641,66,Male,186,14,old
73a92117-888c-44c5-a216-6e3c70492850,41,Male,127,49,adult
25f52fac-10f5-4609-8c93-18b81dff158c,90,Male,108,15,old
4d84aae1-8ba9-4a54-9a32-8c24846e10d1,38,Male,41,92,adult
9d582973-af6f-4620-8d4d-7985332ff9ea,33,Male,180,24,adult
fba2b401-f4f5-4b18-9191-3c1b64c702c4,37,Male,116,89,adult
dadd70eb-97eb-4cb1-844d-1fd55f671e15,46,Male,51,45,adult
799e137d-4d5a-4eb7-9472-502649b0a19c,28,Male,174,26,young
3e76f787-a7fa-4609-9358-05c63bdd6965,29,Male,133,63,young
49d3e09d-6776-46fd-bc4f-0cdc17cb4a8d,63,Male,32,25,old
7a887c6c-dab4-4a0d-b251-8d97bbafcffa,31,Male,67,40,adult
50e95371-9c1c-4c7c-90e2-efb064864f10,41,Male,112,6,adult
eae48f5a-0a2f-4c00-8a75-fe16f351a8fc,33,Male,121,64,adult
cd808f16-9729-414c-8a83-ed851feb59cc,39,Male,24,40,adult
a7b6c4d8-2b0e-4ed4-be3d-dea69639b70f,31,Male,84,36,adult
cd6c53b5-2a60-417a-90e1-b38948536e31,18,Male,77,53,young
922885ce-373a-40f1-bf11-7da126af6d4b,27,Male,106,49,young
318eeec4-da13-449f-ab50-6161e4853baf,55,Male,60,40,adult
5ef7e796-ac50-4b23-a3a4-c2a885133810,25,Male,70,31,young
51e6e9e3-07a2-4681-8af2-3dc36363dfea,62,Male,178,3,old
d8902054-4c4c-4bad-acfa-c3d5b0947458,42,Male,177,43,adult
6d313e07-a02d-4e20-a45c-170c3ed51434,31,Male,75,91,adult
37add442-fa7e-4d95-9e47-ed5d00274280,34,Male,101,30,adult
757ec749-762c-4784-8fef-64f7580b2475,29,Male,99,78,young
b77d8e4d-0036-47d4-9515-643f0c5c1630,64,Male,69,50,old
779ae66e-94c7-4225-9709-da85a829280f,72,Male,80,42,old
754bcb91-a8e4-4657-be04-685b7fee3efb,57,Male,37,59,adult
f393d61c-34ef-4f00-a60c-9f9ab0b7c37b,37,Male,85,66,adult
bf90967d-e9bb-4238-a3cc-7a831911f021,84,Male,125,66,old
b084007f-d01d-4fb1-bb60-431586bc2bee,33,Male,98,42,adult
a5493097-8a9d-4412-8a9a-8168eb1e1757,61,Male,34,49,old
489fa873-9698-4ce2-86e9-2a362e4f4288,30,Male,80,83,adult
22535881-d8ae-4652-9f99-e16abb4e6cb1,38,Male,25,64,adult
61644b57-81ac-4114-998f-7232971b7a52,86,Male,162,16,old
9982f8ee-f7b4-450c-a912-9ad3d4cd3cca,84,Male,144,78,old
f2e21c3c-c52e-412a-92bd-8d20ea37ba5d,46,Male,156,63,adult
6dffd33c-1a67-4a1c-96ff-3529eb766213,83,Male,185,35,old
3c82d7a8-1583-416e-ad92-55a7cdc89629,57,Male,186,4,adult
595c5942-6556-49ce-a750-f2ef140f853a,32,Male,32,100,adult
582b84db-2f86-4952-84d7-b23f7b52fb01,79,Male,67,93,old
731ad62f-a858-4013-bcc1-f27919eb787b,77,Male,63,81,old
032cd5d7-38c9-4c8b-ab31-a8d8a19c54bb,37,Male,68,44,adult
317c4cae-ebfb-4107-a291-e9c76def640b,81,Male,187,60,old
7381d379-6906-45ee-8ad2-e023e7cf0d9e,55,Male,141,9,adult
73f7ae1d-9410-43f9-ae72-5b55669422a3,89,Male,111,66,old
998e7003-a9b2-41d9-a479-2a5c433beeec,70,Male,135,4,old
7ec2d64d-ac10-4ebf-b708-8ed518f3122c,83,Male,139,86,old
d2bcad6f-8c78-48c7-b948-29852cce56e1,63,Male,83,37,old
9054550a-19c1-4463-a8f4-ca9d524c1214,72,Male,185,96,old
fd669b86-c261-4ff9-ad0d-bdff852114a9,42,Male,84,70,adult
60d54fd6-28cb-4b0f-b8e5-1a0a60816033,70,Male,28,57,old
afd224fb-13eb-426d-af9f-1b2677632f8b,67,Male,183,17,old
33506c8a-8655-4015-baf0-6acce9b69580,62,Male,98,7,old
fe45355b-9c20-4a7b-83c4-2211192fa114,33,Male,180,96,adult
2f00e0da-1bf2-4144-908a-bf1ad3865eb4,77,Male,152,56,old
62f4330d-9e7d-4abb-932c-b3ecdd008aec,64,Male,198,95,old
2f2429e5-a659-4919-9bf8-4b6c8b345354,59,Male,102,49,adult
b3b1e6ff-8e2f-48ca-96bc-2590e51614de,25,Male,66,71,young
b998e05f-71d8-461e-b669-2aca6c2b57d2,41,Male,184,38,adult
1f78e1db-b703-4a08-a803-9acb5f724d87,49,Male,60,8,adult
6376f3de-7fb2-4895-a75d-3c7ef7aa0da2,58,Male,60,2,adult
a79dbedc-b56f-46a7-9cbe-33c172ecceec,34,Male,50,39,adult
bb38fcf7-e5b9-47fc-a77c-6a8dab821786,21,Male,41,64,young
d5ec7ba2-b443-4d39-ae0b-4b83d49f1b38,89,Male,69,25,old
835e031e-9b6b-4264-bd68-d35d451db283,77,Male,131,74,old
c81e71fc-82f3-4cfd-b9ab-9d406f7e5242,34,Male,177,13,adult
9ed3c7cf-9820-4b42-8541-625ed115838b,43,Male,168,70,adult
0b05c7c4-0a5b-42b4-962d-df3bace0d3a4,55,Male,140,45,adult
945a9f76-c3c5-499a-bc40-5a5709626d21,38,Male,59,45,adult
765a089e-4d6b-4bee-a0a6-813fbcf9518b,67,Male,39,43,old
9bb2f2c7-d0de-4b96-9bd0-9d4302011ad1,41,Male,86,85,adult
536ba3b1-a87e-418d-99b9-3f2719af46a3,67,Male,41,4,old
6981a06a-9c02-4506-85e0-c94fc013fb4d,48,Male,45,71,adult
ffba0c3f-15dd-46cf-b31b-ffb38c8c21fd,30,Male,23,32,adult
6fe6069e-ca8a-453e-90bd-39b0f3d641a4,24,Male,102,50,young
90f6cc54-29e0-43ce-bb66-d9ed02ae6109,60,Male,51,91,old
7a00a2b7-457a-47f1-a9c4-923ac705e1fb,22,Male,146,80,young
8b587212-7f80-4824-ad4a-eedd268f2298,30,Male,136,84,adult
d2d5cad0-4281-4642-bec6-ff2505c0907a,75,Male,152,65,old
04fb0ae4-3adc-46af-822d-81930cf51370,65,Male,112,15,old
04b75842-dd10-41e1-9aa2-7f589bea7178,63,Male,80,18,old
5b7cb150-e338-4f26-b241-4139b14bc3ee,20,Male,183,4,young
b054817e-e5b6-4172-9fe2-89467a86c549,19,Male,159,61,young
a4ea5b0a-d989-4ccb-8021-29c240ab5831,54,Male,144,100,adult
4ff40101-6cfd-486b-9bb2-550f8dd4667e,39,Male,128,52,adult
2d8a997b-d0ce-4329-8b52-05e48f82ecc4,46,Male,104,37,adult
11d8346e-291a-458b-9964-bcedb3759694,18,Male,129,27,young
54bc9e8b-ab96-4d67-8929-2c953aa8c379,80,Male,46,48,old
fdc92c86-6a13-49aa-a3e6-84c513c1ae2d,64,Male,149,52,old
aeaac1ba-36f0-4a45-8fd3-729f86b4012f,82,Male,52,69,old
25bfdf7d-7aac-43f7-86b8-0abbd605ea5c,90,Male,48,30,old
61bd3f7a-3832-49f5-9eec-bd723dcdc54e,34,Male,103,14,adult
7496e943-3bfe-43a2-894a-cebb7a6e1e20,31,Male,83,91,adult
8e9d8a88-f1e6-4da0-b75a-43c37c570920,61,Male,93,94,old
98f345a6-1e1b-4a10-9e39-3728bab2ac86,23,Male,30,81,young
a93d3f6c-d7c4-43bb-a0d6-39dcacce0716,35,Male,130,2,adult
41b1a359-0348-4e08-899f-f4d2c6e59eb6,21,Male,58,16,young
748269f3-1b05-44e5-b1a2-d24097417242,74,Male,181,58,old
61a977cf-5035-4253-8ff2-747130189914,57,Male,119,52,adult
b16c8441-9cd8-4460-9920-16bc8a4847b6,74,Male,153,69,old
189976ea-a084-4ff8-a94e-597681c04d9b,67,Male,140,2,old
1e52c35e-3ca1-4f8b-8bd3-1eabc05a9bea,86,Male,139,44,old
3da0586f-dd6f-4df1-9bee-4a975fd5e6c3,55,Male,61,50,adult
3b060e96-a4b6-44a1-b6c0-a551c8ac9915,27,Male,194,98,young
43c76a0c-d850-49db-acfd-42ae75eeebb1,33,Male,90,36,adult
4ac1acb9-e161-4564-a08d-b86009aeccd5,50,Male,43,31,adult
bd2bd951-381c-48c4-b128-f10e105e1cfa,64,Male,160,39,old
245ba095-455f-48dd-a021-c74b0734eef7,20,Male,117,10,young
6c8e7b99-0a07-4ba3-b1ca-3560ce37bcdc,84,Male,28,25,old
1357b004-b932-49a9-b3b5-d0bedbb33e0f,49,Male,147,53,adult
245915e0-b884-4d3a-9dab-537a9099ddda,35,Male,140,42,adult
921e19c0-ccfa-4466-9c5b-73bf5381bae2,18,Male,32,95,young
60e5841d-443f-423d-beac-569e381b33d1,72,Male,114,72,old
535f7c0b-9b56-4618-bce4-8fda23e82738,36,Male,153,86,adult
0d9acb1f-820d-4ff5-a897-df66704c5f90,32,Male,24,76,adult
6fa4326c-6d73-49d5-9dca-59626abc8c7b,82,Male,110,59,old
5c436f4a-d8a0-484c-a149-4e178353e725,73,Male,69,2,old
57439a55-99f9-4eef-b830-378c03957773,50,Male,32,61,adult
33e82be1-57f7-494c-a59a-9e4a9e969c13,67,Male,196,62,old
4c1f1168-3c79-46dd-bbfe-f1194c8899a9,37,Male,48,83,adult
cfe716cd-002a-4c91-a999-30a06c48f06e,27,Male,20,48,young
ee0ee786-b587-47eb-8f5a-054be21725a2,33,Male,102,52,adult
9c2c2912-58ea-4620-9c0f-e2037ee36b20,34,Male,28,91,adult
c70ccbb7-517a-4679-b9e4-c22859486f0b,81,Male,168,83,old
28f3878a-c95c-4926-9e61-2cd779a90dcd,32,Male,122,81,adult
32ea65f6-83ec-4652-bf83-c85710788fd0,22,Male,98,67,young
83724d5a-18b3-4000-880c-281919d7013d,58,Male,114,24,adult
0151eb28-1390-4967-9e59-2bcbc7e06663,32,Male,134,54,adult
1b9a2917-91b7-407c-9d11-ae651574c483,45,Male,83,45,adult
7802a35a-bc0d-4731-b2ce-5bcb2cfdac66,27,Male,54,46,young
0635b150-135a-42c9-8bb3-9b1e48880d61,71,Male,82,17,old
bdd9e44b-59ca-4a34-8031-c848ea72a5ec,59,Male,168,14,adult
b24f8097-cf7c-418e-aadf-ed5be3d66fb7,75,Male,139,41,old
74fba2c3-eee7-4686-8911-34bf043f9589,57,Male,135,34,adult
9a7f6ea1-5395-4618-89eb-6ec64405e331,39,Male,24,90,adult
934b5e4d-4b5f-470d-bb37-d27227eb0501,40,Male,115,38,adult
107998e0-0a8b-4d2e-877a-17b532884d1c,87,Male,193,43,old
6192ea8d-4287-4045-8037-b0c40a291cb9,83,Male,182,65,old
f686920c-1b33-499f-9f75-cd32586a9c0d,27,Male,102,88,young
91ccdbe8-d2da-4e06-a9dc-549405074e29,62,Male,192,58,old
eee4e68f-5834-4e2e-a3e6-0c4f02ee8b88,24,Male,194,100,young
da9d6d93-d01d-494e-b812-904e3ef6999d,31,Male,167,86,adult
aefa93a9-9d37-4e4f-b727-043cc693a69a,19,Male,93,100,young
f22ab49e-ee18-4fc2-807c-700270d1be7c,39,Male,143,1,adult
a1f7eede-cacb-419f-ba6b-83b902ff509b,63,Male,163,37,old
bdd015b8-3130-44af-a4b9-4fee7e6f0497,20,Male,137,17,young
73a9fe1a-2aee-4236-963f-a6aba1c8ab02,54,Male,60,71,adult
ae8ffa8f-2b7d-4b19-ae91-1adb20caad98,56,Male,193,51,adult
9aa82139-797c-48a1-9641-f969d0e871d6,51,Male,145,87,adult
bff2197b-3d59-4404-bb41-db015967226c,53,Male,102,66,adult
57e1ec42-6289-4785-a850-3108cf461c4b,74,Male,196,34,old
e1b7a47d-c1a1-4713-b39c-c356ede40037,63,Male,96,54,old
8523e177-6679-4097-a06a-500f0f61bcfc,66,Male,158,28,old
1f69db4b-3abc-4410-a339-c972aa38293e,18,Male,193,40,young
4d1e01fb-8f2d-400c-9d9c-dffe2fd6e536,20,Male,26,31,young
43921cf4-d572-4431-8b58-8f2cea110c35,45,Male,139,28,adult
c4732b2b-2ad4-4b07-b39e-cb1c1697abb7,42,Male,30,56,adult
c615c9a6-097f-4928-b4d3-3f675f9c0bbb,60,Male,142,89,old
b44857bd-0da5-4c15-8939-84fd80100035,79,Male,198,47,old
976c12fc-6fd4-4125-8c88-f1d3c5f443c0,72,Male,114,9,old
7b9a8e16-49e1-4367-a5ec-13237202e04d,63,Male,150,48,old
bd3533ba-0cd0-4ca2-9cf5-20ab636ca6c7,89,Male,193,7,old
00bd11c3-9f5c-4060-bf5b-73cc2ba0069e,22,Male,45,57,young
4be3e104-cd9a-43c8-862f-a9b3f6892053,26,Male,99,10,young
dd2e6488-1811-43cc-8267-16bce7a3a47a,21,Male,69,44,young
469ffee3-a14c-4aea-ae41-6773994f669e,32,Male,117,73,adult
40e5ec73-108d-4ab2-bcc4-8412a1e75ffc,52,Male,26,65,adult
2a3c3178-4941-4b07-9e9b-2f4482fc0f81,71,Male,166,82,old
1fa3e39a-b3f7-4cda-ad22-4e8c513670ef,65,Male,158,44,old
f55f1607-cdf8-44ff-9915-281f603224cb,79,Male,134,73,old
46a3f60f-155a-4699-9c57-45fe2cabfcf8,37,Male,81,63,adult
1d6efcea-0b71-47f0-84b1-5ca9bfde1925,71,Male,30,89,old
d56432c2-8e22-456b-814e-f71c759f0375,42,Male,36,16,adult
b7f96d1a-33ce-4633-ab3c-c331aa9fff78,28,Male,32,71,young
b8263d9f-dcd2-4922-8cea-5304f6bacd55,29,Male,197,16,young
7f8151a7-4ea1-4413-819f-5da970bb8bad,31,Male,147,28,adult
6795a9bd-c28a-4f28-a14b-ed846f5556dd,78,Male,136,67,old
df11d3b0-7f81-4cff-bc94-7551bb579d80,62,Male,166,99,old
6f2db4c1-3a95-43f9-a29d-fcaf0c2bee00,77,Male,43,57,old
f7e2e322-5127-46ca-8c5a-44e225a3334e,60,Male,150,9,old
3ff3c70d-cfaf-47d0-b03a-3fc8da0df6cb,65,Male,79,8,old
999918f3-8398-477d-8afd-a83dbfd20dff,45,Male,92,96,adult
47e2a188-51ab-4371-93c6-de7313c6686c,40,Male,169,4,adult
5ed2bf9f-1ef7-45e9-a7f6-0ceded3a63b8,43,Male,88,89,adult
7ba47ed4-6c59-43c3-9b12-761c36b82e81,80,Male,114,25,old
d6ad3fff-0e84-4405-98fe-fe17f446c7f5,77,Male,159,84,old
ddac6428-ad45-439d-bde3-cd1f667ff99b,24,Male,110,41,young
3b7ab907-4c04-4f1a-a0a7-a6af6fcbab81,56,Male,164,90,adult
d9908820-3867-4e20-86fe-75a984eebc0f,39,Male,131,73,adult
c6064a82-c6f9-44d2-8b86-e58340eb3c30,43,Male,159,43,adult
94baee99-92fb-40ac-8ee1-11fccf8ad6ff,48,Male,104,41,adult
800c7523-a4e7-4b4c-888f-9786755e3176,71,Male,180,81,old
8a9432f6-1119-4617-9607-9fe725f3c834,86,Male,22,14,old
bf2af1cb-a930-4bbf-90a1-d8910819dba0,26,Male,66,4,young
08381083-a6db-4f1c-9549-6b42665d2e77,90,Male,42,85,old
9e36db28-84e9-4351-b511-a50def97a9eb,63,Male,137,27,old
f9a5d68b-a9aa-4df1-9b4c-04e44bad20ab,72,Male,96,9,old
0ef07765-2c96-484c-9af9-47ca9990e3d3,90,Male,125,47,old
e1c266c0-c983-4b43-9fe3-c41c9fcb30f4,53,Male,21,21,adult
0eb60c70-21c9-45bd-a5bc-71460effc602,45,Male,162,32,adult
0842ccd8-3aad-47b4-9338-639723b3cf53,68,Male,184,49,old
9b3f0e1d-9674-49a2-ba94-79416727365e,68,Male,38,76,old
a7331c9c-cb84-47bb-a5d5-ef84101f4b26,76,Male,25,10,old
23a80854-2365-40fa-ae56-82c8b890bf53,50,Male,146,36,adult
9093fd3b-5b92-4c63-8f42-35e2659b9f55,73,Male,94,38,old
8441b4ce-1915-42be-864a-13a658813e36,61,Male,22,81,old
f136359f-f32b-40cb-bc6b-72e672136b90,86,Male,98,68,old
e7a44cbc-881c-4937-a80d-0ec7118e630a,86,Male,197,96,old
8541d8c4-9b61-40fe-bdaa-7305e8f43909,20,Male,47,16,young
5243f1a0-ee2f-4dd5-8682-6578bae0c572,46,Male,56,36,adult
81e781c2-1c86-489f-a26a-daf5c142ea58,26,Male,152,91,young
72674454-3341-4c4f-8a40-9ccb248ec567,90,Male,165,50,old
2d2754bb-ad7a-4fec-8360-723eba6c933b,65,Male,67,49,old
293ffbf3-edb3-4760-9b07-90abbe90e1a6,53,Male,95,32,adult
bc148b1b-bcd2-4970-90be-2c54bfd8d090,18,Male,32,94,young
071c54f4-02d8-44aa-99be-7c4dd646eba9,86,Male,144,83,old
94b4c1d6-8370-43f8-9308-2e3de50b4be2,47,Male,126,63,adult
7da18946-c341-43e2-8435-2167653846be,78,Male,134,42,old
41375012-0699-4941-b73b-b7a077b9b2fe,78,Male,58,25,old
149047e1-1ec3-4930-b2db-9d2d11c6d666,53,Male,93,63,adult
0b988238-a81a-42ab-96f9-1bfd4032986b,22,Male,154,41,young
0a8607ae-096a-405b-b99c-8c9d16bac474,75,Male,147,73,old
21fb18ce-bd5a-4c64-aec2-b7a4adf8eb0e,36,Male,55,70,adult
1b2c44e2-cf1d-42ab-a054-21968cf41ad1,48,Male,96,66,adult
110d4ab3-33ca-4ff6-87ab-93bd4e18024b,62,Male,134,19,old
ee9de321-cc8f-449f-980c-316cd24dbfb0,44,Male,118,9,adult
741a94e6-f36c-4139-90d9-d8e4e70056f1,82,Male,191,74,old
c4b3343a-249a-40f0-bca8-1fe0b6abd8d5,65,Male,94,35,old
c42cd8cb-c2ee-4b5f-89f9-99e3ce7c7ce2,88,Male,79,48,old
5e6b3525-888d-4eed-97b8-9fd29baf3dec,24,Male,145,57,young
b84c5655-8ee1-48f2-ac93-f91c996489e9,26,Male,170,96,young
cc85f81d-0102-43bb-8ee1-00d03c957303,70,Male,105,69,old
f6ffbe9c-b92c-4579-9255-a9948dd958ed,19,Male,30,100,young
0065969f-c6b2-4e88-9433-9268a4fc9900,77,Male,89,38,old
045349b6-1a5d-4cae-8106-0c153c31dc41,22,Male,178,80,young
16c55c9a-00a4-4bd9-bad3-53c55882c2fc,34,Male,46,43,adult
4e751916-c96e-49d2-a82d-8586a02df278,68,Male,87,76,old
7da5fa45-5d6e-41cc-89d5-768e1c8818aa,67,Male,70,19,old
45b9c2d5-0d91-4f2e-95b6-1eca02b88088,86,Male,42,9,old
63953485-ed6e-48b4-81b9-b6f6d502163e,40,Male,109,60,adult
c6c59b0f-49cf-4889-96c4-aaedc4164b4a,86,Male,188,32,old
9ad97a4d-42e2-4995-b163-4c96e3e2b3e9,79,Male,30,23,old
e16d732a-c43e-48c8-93c9-7cea53f63df9,63,Male,84,9,old
6bcbf921-c778-478d-a16e-1c74cfe6508a,24,Male,127,8,young
18a0f161-8b9b-496a-8f4f-d28bbf91796c,87,Male,88,83,old
5035fc62-9e44-4ee6-8273-32c619520f0a,22,Male,50,46,young
42853e4a-75b9-45dc-9891-9ee7b7a03964,20,Male,80,31,young
c5cce9e4-d383-4e11-abde-d17e0f8ae601,86,Male,195,87,old
8c455da9-4492-49ed-b0d5-a17ec33095ed,34,Male,146,15,adult
bd762b9e-2d58-4dd5-be46-43789a4ab587,24,Male,182,43,young
d2ded680-95a1-46a6-a30b-1608f20e2e37,49,Male,31,53,adult
808b9607-cbc8-44ec-9fef-1ea318032cca,75,Male,99,22,old
2b78c00b-43d7-445c-a955-83b3265e2035,37,Male,52,88,adult
44565010-949d-4e92-a6ab-60ed20603a20,85,Male,45,91,old
deb21b61-10e4-4ceb-a5da-afc948c06aec,83,Male,73,18,old
b4f97da7-a88f-4ff3-8c21-125897f5b883,66,Male,182,3,old
e2c4fe52-9216-4b08-bfd8-82b588f60d96,35,Male,140,58,adult
11a25273-4509-45ac-986a-ece004017275,90,Male,103,17,old
f4a40c1c-9218-4df9-bf88-c7cfdce11727,55,Male,133,78,adult
4484e665-d2a2-4ec5-a298-846ed20be1e6,63,Male,147,96,old
997d861a-c20f-41e7-a2a3-b13b73a26f20,32,Male,191,87,adult
e7fbc4c5-119d-4527-bcc2-7658519a9d88,29,Male,160,47,young
c208ff8d-7ad3-462b-be91-db1c92caff14,30,Male,59,27,adult
da1a5db9-e428-44df-a17a-cb59b8c70e69,54,Male,115,74,adult
7245babc-5cf9-4a31-9389-1b71da5937c5,24,Male,42,72,young
8ffac173-dacb-4de9-b9b3-c31196c890ee,32,Male,141,52,adult
393286d2-7ab8-4d58-9923-e8c6cfb5c1b3,58,Male,128,52,adult
3ac6a77b-3854-4ecd-8400-64428a8e529b,84,Male,147,74,old
971ae077-e987-42a2-96e5-3f8bc1e73816,18,Male,145,4,young
3e22464a-8318-4870-8114-4aab789802fa,40,Male,114,90,adult
4eb67446-c170-4104-8ca0-94f5183777a7,23,Male,118,1,young
c7766aa9-7de9-4316-9949-1e268c013feb,36,Male,146,36,adult
044312de-3383-4468-a8cf-11b60c5258ea,64,Male,33,70,old
88348c2c-3036-4c25-98df-c5f137e3ff33,73,Male,77,52,old
92e8579d-145b-46a9-85d1-49e58192abc4,86,Male,130,16,old
451c84d4-4540-4d05-9227-c392824da0dd,28,Male,92,89,young
280aa2ec-f555-4c13-ada7-2b9a6de51839,33,Male,40,83,adult
45937f6c-ddec-4520-9e9b-b536dd02aa7a,28,Male,88,84,young
f62c53f4-6bb5-426c-90e3-74596a911943,69,Male,65,10,old
73cdfee7-6a48-4cc4-b4a1-6e5b614bb643,78,Male,199,71,old
57ab102a-3b54-4401-b75f-c0cdb2d9bed4,88,Male,167,66,old
6a7b8032-413e-4a40-ac5b-0dfdfeadbf2f,46,Male,79,2,adult
a152d2d6-91ef-4134-8f04-18b59a34198c,60,Male,82,31,old
e78f7179-223a-4676-aa35-919d23a4dd3c,58,Male,138,54,adult
bfd981fb-a09e-4f31-82c0-ea0bcba80b47,75,Male,44,77,old
46bb26c2-bb93-4dfb-a745-1d5bd7cbf50b,67,Male,146,50,old
0ac48298-c04d-47f1-a822-f09fef799ee8,89,Male,69,99,old
76d69667-3409-46e8-8079-cc79441c4c00,27,Male,183,79,young
98d8ef80-41fd-4de2-a98c-8b7c507b37de,22,Male,61,91,young
24c9e84e-f473-4c59-8eea-58fbee72e5f8,59,Male,67,22,adult
c387810d-09ec-4de6-bc69-66616ab1c996,50,Male,34,66,adult
fefa03e9-518c-49ba-a641-f77bfe0599f5,57,Male,140,69,adult
785ab9b9-b22b-4461-8165-d2e5bccd6c51,84,Male,108,71,old
cd68544f-d3c3-4cb8-9b2c-6ebfdfa5b326,21,Male,96,10,young
a4ea2ad8-59ba-4604-a2b1-862a798dd1e8,76,Male,69,88,old
5ea935a4-5597-474a-97b7-f991c3bfc76f,48,Male,38,55,adult
6db21e95-930e-4592-96d4-04cd38168cb9,62,Male,43,61,old
5ad184b2-1682-43c9-974a-00cdcdc38e65,23,Male,193,61,young
cc28cb7e-b67e-4f21-be3b-b96c02f72b86,78,Male,146,44,old
9197dec9-eca9-4994-9b0e-74f7beb63388,75,Male,161,42,old
a382e664-c728-4c3e-9f00-f7d32e129bc2,52,Male,48,33,adult
faba0a9f-50a0-412f-bcf6-82a001a9c08d,61,Male,179,49,old
3280436c-f8a7-4380-b0e2-9c7efef7af33,21,Male,120,42,young
52340233-48f6-4e98-a462-cdaf8b686d83,75,Male,51,49,old
1ffc08e0-b53e-4d60-b2b1-8f9363b46234,47,Male,96,79,adult
8caab713-8f0f-49a4-9e11-6cb8dbd792f0,22,Male,50,73,young
57ee79a8-ac88-4580-b859-3786286409b6,77,Male,73,26,old
fc8d9a7b-7ecb-4a49-b486-823544c3c81d,41,Male,53,40,adult
22b02e2a-dd70-40bb-910a-18d60670bf9e,74,Male,164,16,old
72ecc095-c468-4434-b4e0-0faa8d7dfb5c,24,Male,53,74,young
f8ca3674-47ca-4b77-ba84-6a2e602df6db,49,Male,84,37,adult
aa0121c0-8be4-4eec-9b7a-48bfec123d8b,69,Male,60,55,old
57a1445f-a731-4aff-94a6-c1241814d089,72,Male,189,76,old
f5137291-c15e-4bc1-80f1-a0d5c5deeaf0,68,Male,132,18,old
93fcf206-8da9-4b6d-a763-2a93b03c8079,69,Male,154,63,old
1f6474b1-c0e6-41f3-bfce-dd928a6b0108,38,Male,187,93,adult
4c073d30-7e88-40e9-8e85-402df3896a76,58,Male,138,9,adult
6a637f72-88a2-4cee-a832-bcfaa4d22468,23,Male,118,7,young
caa320e5-b719-466f-abae-9fdb15bb33a1,42,Male,177,95,adult
65fc9fc5-872b-4b92-b5c1-91a90107a219,84,Male,79,99,old
0bf33378-559f-4b29-80f9-90dacbfb37ae,23,Male,45,16,young
60a2c599-7c2b-4b0a-a4f6-ec511aa34714,32,Male,116,15,adult
07e88bae-8076-420c-b17d-7bc67c4d085f,61,Male,50,89,old
50d2ce1c-7821-4d03-98a5-e89c27c7b426,37,Male,120,27,adult
c0f4421e-a5f4-44ca-ac97-425d017fb2c7,33,Male,73,23,adult
49ee7547-68ad-40b1-bbe2-435e481cacbf,38,Male,47,48,adult
eb580388-f68c-41eb-aa7e-e7dfd5e04492,31,Male,89,55,adult
b0022cb2-ef29-4564-98fc-ec96576e9df2,77,Male,42,47,old
a80f582c-f910-4bb7-804e-c0c7b2687c64,23,Male,149,90,young
bd84a394-9759-4107-a655-289043dd4f96,40,Male,42,45,adult
1228ff76-e4f1-4e60-b431-0c1660c9422e,68,Male,94,72,old
adbf683d-7f7d-42a3-8673-405a160daa17,80,Male,181,89,old
28b349ce-2d91-4f77-9673-c24f2b72aac6,89,Male,104,57,old
b784670d-9c05-416b-bd09-8b4e30de8e8f,74,Male,164,96,old
9e979cb4-4732-402c-987f-6a50fdc03f8c,66,Male,100,66,old
ba6c5144-f91c-4dc4-8e0c-368689e197e2,36,Male,98,4,adult
991d9975-eab9-4d37-ab25-cc52602bef49,18,Male,69,13,young
6c839340-d05a-496f-9fed-9dc42c0a3055,64,Male,182,17,old
8f05d102-9073-474b-a5b5-d58aff587638,18,Male,129,83,young
fbf44dfa-8a90-4309-8afa-7d27f48040fe,53,Male,154,68,adult
a5a92243-7b94-4875-9e2e-094373879c1c,72,Male,85,23,old
246319b2-00f9-4e69-b650-d632555abcec,42,Male,33,55,adult
a9e7b213-4714-49b1-aa54-e8b75d9332f2,23,Male,59,13,young
4d3da458-b675-406d-9678-f5bca2fa7b46,36,Male,111,67,adult
0999158a-5ccf-4368-b4e8-5954c0e89d90,30,Male,142,93,adult
ed1f3c36-3bba-49cd-9a5d-ed803e024520,65,Male,163,40,old
507445df-b7a1-4d9f-84ee-bf0efc19edb8,28,Male,159,5,young
febe37ef-1d45-4eaf-acd2-eb63f5c519f2,59,Male,182,71,adult
61faf9da-bc0e-47e7-8aee-77de451223cc,36,Male,123,16,adult
4da2930e-a8d0-4c34-bbcc-f39d8e6a2679,83,Male,142,24,old
1e7fece3-cd79-49a6-b7cd-036c160a8323,59,Male,70,69,adult
a52a7e05-e4a4-490e-a8bb-29bfa0c1960d,90,Male,56,79,old
999d35c5-e0bb-460b-95b5-a5f68fd86c52,55,Male,158,2,adult
e7b4dfbe-500c-43dc-897d-a53e1b9a44ea,42,Male,132,66,adult
0277e2c0-a689-422f-8410-a046522e431a,74,Male,150,99,old
073d6744-4d96-4637-afc5-a2637bc43f18,26,Male,144,36,young
e69b965c-e1bf-45ac-a1d2-bba77313e112,81,Male,81,7,old
bd8de061-c7fd-4479-9c1a-87d6d4175fdc,67,Male,112,27,old
faeaa314-a5ce-433a-9736-0fa307679346,88,Male,28,94,old
dc4c7e7e-4f7d-40f3-a233-c9cddc375926,48,Male,35,23,adult
0d0b8227-02d2-47d8-9948-cb17a767d95c,42,Male,133,57,adult
c3fa8156-8544-4409-bdfa-8d0d99c61b47,65,Male,141,37,old
12bd1d18-57b0-4be2-a8d5-fc464de550a8,45,Male,172,49,adult
f76d1290-30df-42a2-abf5-88750da83269,70,Male,140,90,old
b906ee76-92f7-44e0-8ef7-98cab54d1d08,76,Male,101,74,old
fd3e05a0-fc2e-459e-852c-865b6d347fd8,57,Male,182,86,adult
4390d80e-240c-405e-b7e9-b99f8e2a233b,41,Male,114,61,adult
e7dab8ef-f73a-47b0-8cc5-46025c426fe5,33,Male,32,96,adult
dbaccc32-ea18-45d4-a547-de7918107e75,59,Male,58,76,adult
38fa5453-b383-4758-bb59-36ee6c83a599,50,Male,162,43,adult
75ddb579-ba92-498a-8eb4-d58b8b1bd27c,41,Male,96,65,adult
690747f5-9039-43b6-b959-3575661f532a,81,Male,71,35,old
194debf0-4a09-4381-9dec-e8ce2edfe187,55,Male,151,91,adult
33f77ca2-9eee-4e60-b5dc-9b95365b10f3,32,Male,59,26,adult
5ba45b3d-8dfa-4b93-8f81-5e0a40aff47e,55,Male,71,85,adult
a08c4e0e-d1fe-48e7-9366-aab11ae409cd,22,Male,73,74,young
b8b8f561-ebca-4401-8afe-544c906554ba,19,Male,78,2,young
