Customer ID,Age,Gender,Annual Income,Spending Score,Age Group
9795712a-ad19-47bf-8886-4f997d6046e3,23,Male,55,57,young
64139426-2226-4cd6-bf09-91bce4b4db5e,24,Male,154,76,young
30661d57-eeb5-4886-970a-9c7d0f260ad8,27,Female,164,37,young
43417ade-6b17-431e-ae76-d8ed26aa46ac,24,Male,70,17,young
eb0e4ebc-fcc1-424f-b083-81987583ecc6,25,Male,88,17,young
b43f995c-c9ab-4c58-8f71-949de233ac71,19,Male,199,82,young
baa61fc0-4a1f-4210-916b-669d1ec44dbd,26,Male,46,12,young
05948202-e483-482a-9c02-6a655498002b,21,Male,200,49,young
dd6223b5-5aae-468b-b936-618b513d4e70,24,Male,109,6,young
65348b4f-9170-4edc-b035-cc484416face,19,Female,192,57,young
ea4a4765-11a6-433e-8016-110bc0bc5ed5,21,Female,118,43,young
d29643f1-551e-4353-a560-cf4e6797e003,24,Male,120,80,young
f67d66e3-9403-4d69-aee7-4a75c2a92e4d,28,Male,150,15,young
a6fac89e-e7a4-482d-9bb6-d32cd2abc346,26,Female,81,29,young
8e6a7fa3-bf7d-47dd-9e50-e3e7133fc39c,27,Female,199,25,young
04c9da15-a924-4beb-bcb3-3f2e3f6fcee5,25,Female,198,29,young
4d4ce6bb-da34-4f9c-8f1b-4c05bfe5fcaf,21,Male,56,34,young
d240e1a0-b50c-4bbe-8387-3c6082d42f20,23,Male,169,31,young
4729da16-d88d-4476-949d-404f5f54adb3,19,Female,96,93,young
80d67524-2ba0-468a-afaa-5cbfaa28a8a2,24,Male,154,79,young
e9798111-9781-437a-a9b9-232fe9055216,25,Male,142,63,young
716588b1-f862-4c02-a2cf-115cd43f654c,21,Female,175,33,young
d41eea9a-569d-42fb-94b1-d4551204c936,21,Male,172,80,young
90b18bf2-2413-4212-8934-e67ffc233192,22,Female,106,74,young
5ddc5df7-2656-4cc8-a95e-a0618d7cb8e6,27,Female,40,77,young
3d95829f-3d62-4ee6-a67f-d6efe7029686,21,Female,116,55,young
26852b46-dbfa-46f9-8d06-1b568551868e,27,Male,179,97,young
2bcc1223-2182-4117-ba07-1e3aa9d9b4bd,22,Male,158,83,young
6abe4dbc-1b70-4a8f-b0b1-7d1bff27fc65,23,Female,115,25,young
0947cfd7-72d1-456a-8524-947bf653fa57,18,Female,96,64,young
ee835638-95d5-4dd0-a912-227ec001ef06,24,Female,185,95,young
333c0b32-e155-4d2a-abc5-041ec4d25a9c,22,Female,138,20,young
052a6b92-7855-45d9-8903-5c9d69d6903b,27,Male,39,29,young
4884ace5-bbb8-4502-96e0-be564083da60,29,Male,48,53,young
edba12eb-e908-42c4-81c7-b6770912c7fd,29,Male,146,82,young
a0ab2029-178e-4eed-a816-277dd64035fa,26,Male,111,96,young
61ebc7d9-15c5-41eb-adfb-9b772d36cbd4,19,Female,55,32,young
0516205d-d816-4d8f-ab9b-d41f1a560e1c,22,Male,41,40,young
f9437183-0091-4f94-b9d5-5a97779b7e70,27,Female,41,50,young
69fae815-5e3e-46de-8e87-4adf49ab06fa,19,Female,166,44,young
587c0ede-8f38-48df-8df8-bcf74df93862,22,Female,100,51,young
7eab5cb6-b411-4003-9993-06061f62b7b0,27,Male,56,100,young
e5647be0-0575-4fb6-8b1d-13b06203bd70,20,Male,112,39,young
d54d2196-da54-4eab-8ef0-0db3e9cdab3f,26,Male,83,4,young
f78d1f58-e72e-42c4-ab4b-056bb0830791,25,Male,72,39,young
790ce395-417a-4943-a8ae-ce90da71ab39,28,Male,194,19,young
4e6f9bfb-77c5-4a14-95c0-497f123477a8,28,Male,160,71,young
5cda82c4-cf88-4949-a8b2-0412fdc67680,26,Male,40,23,young
9db67b3e-286c-4fdd-8a94-53f5a0968f86,24,Male,184,21,young
bb047494-340f-4cb0-b88f-e4c8148eb2ae,20,Male,189,21,young
12da3593-4e95-4272-9553-1fc6e36e47cc,19,Male,150,61,young
29b970a5-f3b9-4adc-a32c-4e6c47292284,21,Female,43,48,young
08568a01-b6c5-47b7-a64b-81822fc84c88,26,Male,52,75,young
746683ed-cdeb-427b-89ad-5c61f76e5b44,27,Female,125,17,young
86cc129e-2e37-4d6f-886d-76030c177dfe,28,Male,83,10,young
da000695-9784-4a92-af48-5d689ee890e9,18,Male,179,90,young
01dd3ddf-f994-4b83-81a5-67fff8ea7c0f,23,Male,142,37,young
67daafbe-c602-46ef-b49c-7d09fa737824,22,Female,129,92,young
b0770f6c-a81a-42e3-b2d9-042406b6b39a,24,Male,143,25,young
1508894c-0fec-448d-b4fd-42995713fc5f,19,Female,130,21,young
232e7d0e-a8ac-484f-a7d9-977cdf8ad90a,27,Male,56,32,young
58ac92aa-cfd0-4cad-8678-a4b83664f302,19,Male,82,10,young
5a70b81e-ce1c-4a1f-9261-189df19aad74,29,Female,119,34,young
5a1ea26f-eb79-45aa-9f7c-8de30082eae2,22,Female,144,41,young
ccf68e64-dd0a-42c8-af5a-b9c63279585c,21,Female,102,83,young
26949bbb-adee-4a4a-b3cd-4058d5d3d261,27,Male,52,41,young
14deeb50-9d65-427d-babd-137e86ccdb5f,18,Male,98,58,young
470474a7-c418-46a8-a984-43abeb281407,22,Male,195,76,young
39edec99-c6c9-4b6c-bf07-9ea2aa10eddd,21,Female,91,56,young
65013305-e804-46ec-a7c7-e568dd71a6dd,23,Female,134,44,young
fab1d2ec-7db0-4d26-9f6c-a26659d20511,20,Female,41,30,young
f6eb2491-0ac4-4822-84b7-896349f6ca46,23,Female,107,22,young
2bb15076-9b3e-4f3f-b9dd-cf877c455218,18,Male,159,56,young
e87795ae-1dc1-4eb6-b208-c55be553f799,24,Female,42,74,young
b50a462c-c086-4b39-b802-11530bff89d6,26,Female,22,59,young
cd405d75-c622-4f85-9a9b-bd631b7dd235,21,Male,130,7,young
3411689e-ddc3-4fe1-b900-af67c14e80d5,29,Male,137,66,young
2bdcd68b-f1db-4f53-895a-297b3fec0d28,29,Male,149,82,young
ee1aab8e-8116-4158-8b20-df700e20fade,19,Female,162,9,young
4853da47-603c-4169-91c4-d68305ad6ca4,19,Female,122,46,young
2e72afee-b14d-40b1-a4f9-c2d642f17011,26,Female,155,83,young
49374728-9fb7-4f33-8cee-0cb83eb2c8f5,23,Female,175,85,young
34e84fbd-bc66-4a42-b41f-6698d3d8b095,19,Female,169,95,young
acd44010-74ef-4fbb-950e-bc92c59caed4,20,Female,184,40,young
6a28d182-4618-4412-a59e-7b68dee25833,25,Female,136,44,young
f330001b-caa9-4233-af3e-4f134f342bbe,29,Female,80,38,young
c5e1f96e-0d90-4ed2-954e-ace917275673,20,Male,190,69,young
e7e22028-a1c3-49ba-b4c3-3348ae98515d,22,Male,145,53,young
4968c704-bb0b-401a-a63b-a16f36aed604,26,Female,155,57,young
f8647746-21db-4c51-971b-1be0c59a881e,19,Male,45,53,young
31ccf237-208e-4c1c-8733-c5cd379cb3db,22,Female,132,14,young
c5dc7337-a6c4-45b4-a2a4-b60912d8be20,24,Male,199,65,young
b2d3e4f7-bc9b-4aa1-acb6-c775ddb37697,25,Male,171,70,young
60a3ee00-4efe-4278-9940-d8b9d252cc40,28,Male,145,88,young
d5a441cf-dc26-485b-a638-9711e3a15436,23,Female,74,98,young
c95b7ca2-84fb-45b4-bee5-c300aa055d16,29,Female,98,38,young
df8e8372-4d90-40be-8ea5-7fb1f623d785,27,Female,131,99,young
eac0eabe-545e-49df-b14b-bdcf8919905f,22,Male,76,13,young
a5faffb9-ca97-499c-a93d-36856214d075,26,Female,159,77,young
0c122e0f-5de1-4aa0-aeb5-79d285a9a73e,21,Male,145,36,young
513c5543-3d49-468e-b04c-fd765cae21dc,22,Male,100,28,young
b3d859dd-f5a9-4853-bc94-5588fcdfa94a,22,Female,140,51,young
cb4927bb-614b-47ef-b8f1-51d6dc375d89,21,Female,146,85,young
767a2cad-d10b-4666-ac94-115312952d3e,21,Male,64,88,young
c06d4970-01f5-4d1b-995f-557a8682d0ea,20,Male,150,99,young
b6122d1a-d442-40f1-98aa-21b562650f5f,21,Female,66,71,young
e7c07127-d469-41d8-9637-bb1feb142b29,19,Male,144,36,young
d7550ef4-119e-45a2-9caa-4b6d38518952,24,Male,180,17,young
253ced9e-55d7-4fc3-98f0-22eca7a924f4,25,Female,143,45,young
9a2cbd51-5e86-4812-b9ab-b05e075755af,28,Female,71,59,young
f90b2c9b-d9aa-4ef3-a1ae-e38586a45255,18,Male,132,87,young
93c48680-8ee9-4a6b-9694-f4b9c1782888,21,Male,33,93,young
aeff892e-3d2c-4111-b4a2-c90770558d75,18,Male,154,30,young
f1965d4e-b109-46a1-bbbd-54478a0c96b6,18,Female,33,2,young
dbe6c63b-35ae-4e3d-b545-a53033c7825e,20,Female,46,88,young
3e862737-2a79-45b5-a2ca-7929b1655460,29,Female,86,9,young
a3223eba-f48a-46f2-9fc7-7968facf126d,19,Male,121,56,young
0b3b5239-c943-4338-8b48-7452c90e9dbd,27,Male,60,34,young
40f2d403-15a2-4c8f-831b-eb67bec3d898,18,Male,123,85,young
d0eeb412-7c8b-4618-be53-40d44cc2529d,29,Male,30,79,young
3fbc0386-d580-4fa6-b2a8-c65d816ff4b0,24,Male,150,24,young
4e4e1cdf-ad7e-48d9-8e29-a17281e21d36,26,Female,58,78,young
0851f7bf-4d8a-4aa9-b74b-f69cd8475f53,23,Male,95,66,young
cd7f6ce2-25a1-4327-9687-bec0200efbad,20,Female,57,66,young
623b3901-db48-4ef9-a7a7-4bed97a763a2,23,Female,36,26,young
d77a575d-38a6-4f69-bce9-5d800907fea4,23,Female,84,17,young
61a0bb1c-5d17-4dea-b9c0-0840b6994904,20,Male,57,4,young
ed581b9c-8870-475b-83ab-a89bf75c51ac,20,Female,188,13,young
dec2b6fc-9050-4821-a863-e5d4f645ddca,25,Female,127,83,young
3b12d2fa-127b-41ef-8558-30392ecea17f,23,Male,188,53,young
4f8fc22c-8062-4a78-8ada-9dbe48d8f531,19,Female,106,47,young
dc20a8f4-3445-4cb5-a9a6-4535ff3e2827,21,Female,179,16,young
25f3eb8a-8909-4cdb-87c3-92a7b338461b,24,Female,131,92,young
319bb1c0-2a6f-465f-894b-1fe69db38b17,20,Female,72,32,young
db2cf5ce-8beb-4ee6-b3ae-bc00b94a6a66,27,Female,167,65,young
b1b6dac2-db00-47d5-a7db-f6eec4afa490,28,Female,31,4,young
b4c9b32c-dadc-4a4f-87e6-821dfd85bf3f,20,Female,168,19,young
561fed88-6c03-43f9-9919-f15fa3ca279d,26,Female,38,31,young
e4f1fb68-5c87-4bd6-a7fb-ae2fa5d04565,26,Male,187,42,young
4cc12057-c7ce-416c-afb4-bffbe37427d1,28,Male,80,38,young
b55e4804-739d-487e-9ae8-0f319d56ff1c,19,Male,154,6,young
a2441000-51df-4d4e-a750-d38157e1412c,24,Female,159,79,young
f28be95d-856a-4307-a139-dafe8d6c3162,19,Male,59,23,young
c9849dbf-bfd4-4daf-a174-52e4091ef0ea,26,Male,142,84,young
1e8cebba-6168-4c92-b3fb-33921c32eb53,28,Male,76,96,young
b9d2a8b3-1333-456f-891e-43b25754dafa,27,Male,42,53,young
a6dc9eba-6e1e-471a-b42a-ceadc72f080a,29,Female,35,26,young
bbe8a989-3074-4836-b7aa-34df7f6d61ab,28,Female,136,63,young
e98e29ca-d9ec-4268-8410-e15c38e93ede,25,Male,113,1,young
16c2458e-f9e4-42e4-8a3f-428cce54de0b,24,Female,52,31,young
864f8277-42b7-4ae7-8459-4513801def0d,22,Male,53,82,young
1a79cb43-792d-4886-9aea-3b480deaabd6,28,Female,127,34,young
fc3e48b0-95ad-4aa2-ac89-25e3a7cb20d9,18,Female,88,82,young
31fca8f9-463c-4ad8-b2b0-a9cc0d2b1957,20,Female,148,90,young
351b2b94-5104-4771-b787-260a805dfa87,21,Female,83,96,young
6450a6e4-573a-41b0-8e71-34c56eb9539f,21,Male,121,37,young
45ed2b80-1787-4780-8ad6-057658abfac2,20,Male,149,1,young
dab020f8-bacc-4e07-9e86-b9092778e85a,27,Male,56,32,young
74f0335a-cbd2-4937-9b96-204d03bc429e,21,Female,44,41,young
1c2e9319-d702-4391-b4fc-11faf9a37967,21,Female,142,59,young
ba90ceb4-cab2-451a-a13e-51c473c104b1,29,Female,192,88,young
02366cad-6f82-40aa-bbf3-6dba096ca2e5,27,Male,122,24,young
f2913b6c-b7a9-453d-aed9-3b27464b1254,25,Female,200,37,young
6f6402df-1078-433d-9212-4027b8ef2b60,20,Female,61,16,young
61f403aa-ebf5-47dd-91f1-9eea5e3d0e22,19,Male,37,59,young
544be311-fb2f-4ef5-84c4-e50c014d2268,28,Male,123,98,young
70296d7c-1003-45f5-963e-a41cd483ebfe,22,Female,81,81,young
9fd81de7-cb34-40a0-8ced-e074f2333b0f,24,Male,155,64,young
e163f18a-f1d2-4f24-b6c4-a7d7c4d9a78d,28,Female,89,64,young
964ae54b-3fbe-45a1-8250-cbe06ae14a9b,27,Female,178,46,young
4acb9ac6-2d12-49eb-b188-b186cd8e9a15,23,Female,191,89,young
5f688778-fc25-4bb9-bc5f-d4ca3e7e94fd,18,Female,170,50,young
4d3db59a-c66f-44cb-bb20-27480f774597,23,Male,42,56,young
b9806ee3-81bc-4a2c-90f3-ad7c957f53a3,18,Female,97,48,young
417f1400-72c8-4883-a04d-5f0b45bb14b4,29,Female,187,16,young
a9b17e09-c450-4e4c-b4bd-c18d74c41ba0,28,Female,21,20,young
510189cd-7b01-4809-b4af-3a2f57ef0015,19,Male,113,97,young
6bab9428-2116-4888-a8e4-714bcc42144e,22,Female,92,49,young
89329c48-4973-42f0-a413-55de399231c8,26,Male,58,80,young
8973d450-ab41-447e-9dcf-bac97889d06f,21,Male,125,19,young
86911c8a-e12b-4287-9166-d3035664815e,22,Male,187,6,young
f53817bf-86e9-4273-8bb3-db82dba124f1,23,Male,37,97,young
fa8be8a2-f3a8-43ad-b9c0-122b57141660,29,Female,170,5,young
6e6a9c08-341c-4463-913a-3dc7e622e384,22,Male,67,13,young
2a74150b-f591-478c-81e9-f0b956fdfb04,20,Male,74,96,young
e334bf53-3b99-4f1b-be45-1aaa618ef8f5,26,Female,59,94,young
34970139-e7e4-46c3-b74c-1a05ff9dc324,18,Male,34,13,young
c8c82e11-3aec-416a-ae8a-69ef236546eb,23,Male,159,70,young
abd31464-949a-4ad2-9199-c855406b5d53,20,Male,44,86,young
e099b97d-3fae-4742-80ba-f6b392619271,20,Male,196,98,young
1a1928b5-2176-4271-b1c3-e9ad39520b96,22,Female,53,85,young
88be2d29-8bd3-4f00-b856-e889dfb342f2,20,Female,149,82,young
757f30fa-6204-478c-9f9d-757e18a51a62,29,Male,41,20,young
a38ec5c7-d6d4-470b-8f6b-b2c6d54444d9,19,Male,85,83,young
b248a68b-2ddf-45ba-892f-5a5299b5b4f2,25,Male,121,50,young
1500c10b-fb53-44dd-80f8-640e20282687,19,Female,175,66,young
69e2507d-25db-4d5a-98e4-1ce9376f03e1,21,Male,29,23,young
7ea446c0-2b52-4fac-8620-4b84ce1edbde,27,Male,182,9,young
78fa3ee8-0757-4459-b153-b5cd3801684c,28,Female,124,60,young
c0f0086a-efc1-4fc8-aaf9-90a1dc98e640,18,Female,145,33,young
403a207a-df69-4496-a840-a38f081d0d87,23,Female,92,38,young
11ff5174-3949-45af-aeb8-106302090fb9,29,Male,45,65,young
8c5577bf-e15e-4c12-ade7-7bca3085d55f,21,Male,87,87,young
0fb5bd5c-47f3-46e8-a3df-9e226a190015,20,Male,46,67,young
44a4cb85-4a69-4324-9f95-2acc07ce1f29,24,Female,64,5,young
31dee36d-62fa-4522-8273-59ebdbc23a99,20,Female,124,27,young
a7c44755-be68-4978-a331-98420604623e,21,Male,37,9,young
396cee31-afcd-4fc4-bb24-86d0fa7d8739,27,Female,105,81,young
5dfe913b-b2c9-4b63-81de-e03e8b97d2fa,23,Male,198,70,young
5f8ff7c6-e105-4b76-bb40-13f1cd72844b,27,Female,165,32,young
63961924-20ed-434e-bb0a-9367d2462840,27,Male,63,51,young
9c3d83b5-6ee7-43ac-804c-61139dc551f6,25,Male,86,84,young
e998b5c6-ebdb-44bc-a565-7d2f6e62bb49,26,Female,45,9,young
2c7f8b8f-112a-46ff-b962-436a02679dd4,23,Female,185,68,young
9970e628-1cc4-431d-bcbc-455a254d8a39,20,Female,82,29,young
721a2545-e19b-4d03-bdcf-d0fd97c35787,25,Male,179,93,young
a4e8523f-e0f0-45d4-9bb2-ea98678f535c,19,Male,94,91,young
604e0abd-2e16-4cc9-b724-8f0b722f884b,29,Female,199,49,young
66208de8-0486-4192-b63f-0062b56df9c5,26,Male,162,61,young
1da14839-f471-4e80-899f-c17d9160fb53,18,Female,169,70,young
02a306d0-73b5-4c2b-b5b9-2aaec5473dae,21,Female,21,37,young
3cfbdbc6-4bd3-46d9-ae9c-9a0ec779a7e1,27,Male,169,64,young
944297db-60bd-4724-9a30-eb9dd9331e47,29,Female,28,61,young
085bcbd2-80cf-4753-8504-0da7c5060ecc,26,Male,194,42,young
587ea447-5f7d-43b1-b8d0-8542ba80d22a,26,Female,32,52,young
64359206-d6ef-4857-bcd7-d77a4c2bd69b,24,Male,172,23,young
6d690709-a7a6-4474-865f-c3040bad3716,26,Female,111,91,young
5695382e-f364-4b9e-a4a4-39b4a544c6a0,20,Male,37,99,young
687de3ea-5c97-40fd-8ef6-e4fa9db7c864,28,Male,52,68,young
46b69081-8e64-44ef-8582-fbfff340ec16,24,Male,199,100,young
a14b4852-eebf-4920-8b24-d8aff2bac3ca,21,Male,62,81,young
add1dcb4-5ad0-46ad-be92-b7dc832eed7a,23,Male,24,89,young
c8ff17ea-4aa2-4aee-9ae6-703738850a34,20,Male,156,55,young
295e6dd0-f8e2-4716-bd74-0100f9a16933,25,Female,24,67,young
f43e3443-d7af-40f4-a10d-eda97aa32134,28,Male,121,76,young
baac694d-6140-4cfe-a286-fc2c8576fd60,22,Male,28,21,young
6e2b959a-5966-4bc0-9751-485cee88e2b9,28,Male,164,96,young
c2597372-fd53-421e-8e68-5eb2c1e666f2,28,Female,75,53,young
861e3cf8-50d7-49e2-9887-3d29a2bbf5fc,29,Male,120,1,young
356ed623-b725-4bc2-b9ee-9bb988b8059a,26,Female,190,89,young
ff011277-675c-4cfa-ac3f-b1777572d1dd,18,Male,167,51,young
b234e9fa-1b27-416c-b0b0-a94240b7aeec,19,Male,51,21,young
a523c141-7d32-438d-ac4e-1d79b00c2853,27,Male,160,44,young
cc26142f-8e32-488c-b6fa-39f0ac33c786,29,Male,75,15,young
f0fc69d0-ce6d-4dcb-b027-1b21dae7ce2f,26,Male,196,6,young
6281e95b-c194-45b3-b8c7-5e06b2a5c2db,25,Male,104,49,young
b41e6617-42cf-4a3d-a5e2-75c202b3c97a,27,Female,89,87,young
bfa9b4c7-bba4-4a0e-b83a-6bb7acbfdce8,27,Female,60,38,young
7cdf80df-34be-4968-bc8f-1932ede1c803,24,Female,98,19,young
3a6c2979-7a9e-4f7a-9055-16ff2ed3567a,28,Female,106,28,young
1592cd08-e043-44ca-ae00-c26fdc8537bd,28,Female,182,13,young
b094f832-0dcb-4af0-99ec-175862b106eb,28,Female,71,33,young
a51e4119-d08c-4a2f-b4af-8eeedc216de8,29,Male,66,18,young
17bb035a-7259-4160-b4be-45d4d40d2cbb,21,Female,117,22,young
e40fdb6d-ea3f-44ac-9117-8893ca7cf19f,24,Male,43,90,young
599816e6-3a1b-4a5a-a22b-b5c8405e5064,26,Male,169,77,young
1b7996c1-cb8f-4899-970a-fd458511177b,25,Male,136,18,young
293ac435-4a45-4f79-ad83-9c34aee55a24,20,Female,196,64,young
d9123174-b3af-4fdf-9429-1e13c54605b6,25,Male,81,2,young
38f4b4a4-39fb-4a34-8b57-80dc1d3077a4,28,Female,159,40,young
c87b599a-d057-479a-9b85-3353071f3640,27,Male,156,3,young
b2b791d4-0460-4d6f-86d9-f742fe26e0ee,27,Female,72,66,young
6bd7ef8f-fab0-4964-9419-7e1bdd918cba,24,Male,98,40,young
e21b806d-e0ba-43be-90b7-cca1da66b305,29,Male,44,1,young
dccdf258-e300-4ed7-8d97-700efba80b4e,18,Male,113,21,young
2e9a4009-678d-4383-ace7-cc1cbfc3f771,26,Male,178,27,young
a3d8b4d2-3b72-4b68-b44b-6bf4c1befe00,29,Female,90,4,young
e4b449e8-d504-4db8-beb8-789c2f702d68,19,Male,41,23,young
c5f81291-0333-499a-8ede-1a52a3a36ca7,28,Female,90,94,young
784b05b6-acf2-4e25-9722-c5aab2e74a62,23,Female,171,19,young
37d14e7a-41cd-4888-8b8b-66e33608633c,19,Male,88,85,young
06ef8d5b-1e53-464c-8021-3ab6ffd5c65b,29,Female,50,9,young
377d8f08-beb4-4f5a-b564-0b86084f1cc0,20,Female,51,7,young
6585097b-b707-4701-8784-e3e73706f652,22,Male,20,34,young
70e89c36-0107-47ba-8bd8-0f89d37f9a7a,23,Male,154,20,young
f1f486af-64b3-4810-a77c-0747e32fd479,22,Female,144,100,young
579f2045-8792-4bb0-8013-b0a409d60f45,18,Female,22,55,young
f5bf45a8-09e5-4511-a899-866cca2ad151,19,Female,191,95,young
9ce7e0cb-64b8-4a1d-a8c2-b72fdf4ac18b,28,Male,107,66,young
b9a956b7-5b16-4b61-b242-c2690d02a57d,29,Female,31,69,young
c2b0b7a2-e3d4-4c90-a6bf-a4c5bdd44200,26,Female,140,35,young
00ec5ae3-2e8e-4a4d-a132-7f95884648a7,22,Male,32,99,young
12d5de9d-e2dd-49d5-9901-5fc95ac4227a,27,Male,137,51,young
34450f3b-58e8-4ffe-9da8-ed1b80a12744,28,Female,68,4,young
10b5823d-7a07-4956-b9b5-3e8af0256d89,24,Male,150,90,young
124fc7c4-7813-4d0c-8772-4f7129fc6027,27,Female,108,45,young
5d9f918d-0346-484d-8a42-517ba162d795,28,Male,138,62,young
d397ee21-71ad-42e1-ba83-c6d860eb6bda,29,Female,67,3,young
63eb6191-61a8-47a4-9d91-969571f905b3,28,Female,77,59,young
38fd6dcb-4ec5-44cf-8507-a5f80aebd24f,28,Male,155,58,young
c67b9659-905a-49dc-bbb2-873fba5bad08,18,Male,118,20,young
1ebf8f7b-6a70-4e3d-8dad-0b75e925c99b,28,Female,43,88,young
b27e34d8-5e67-4461-b76a-d79731d760bc,24,Male,56,62,young
8f2769ab-e721-40cb-a6e8-45a0b33a89b7,19,Male,74,43,young
bf4bf769-4e9e-47db-b699-8d7210d94017,22,Female,193,73,young
43b2230d-4d0a-4000-b0a6-dc8f44e18746,18,Male,150,57,young
75cd5430-7720-4114-b7bb-a3aa6746977c,26,Male,71,11,young
4659026a-e439-47e1-bff8-3b4eb353580e,28,Male,41,72,young
8b5b2c6e-a8dc-4370-bb4f-d4300a377a61,19,Female,180,33,young
d75b7b83-3434-40ed-b333-94fda100ff5a,27,Male,112,11,young
8c477b74-ce92-4ab7-85cd-0a6288947cb9,27,Female,190,92,young
89491886-2900-4ded-88c7-4e80d3a4e2f1,28,Male,46,45,young
5d23e5ab-147f-4625-8bcf-2686cc127253,18,Male,93,47,young
d5f5fa20-7888-4c1c-8411-bae8508dc1af,25,Male,110,4,young
bffd4fc9-6d28-49a3-963c-41f711babfa3,25,Female,122,95,young
da35ac9a-7e78-4ac4-b28c-4076a4e1cf73,26,Male,95,40,young
d5b40102-e3cc-4523-be4e-098d976f507d,24,Male,191,97,young
fe9962e1-45bd-4743-b95b-34134e2c3a6c,22,Female,173,90,young
16f66cee-166a-40a2-afcb-38196ca5d9f4,22,Male,48,92,young
c63df72c-e37a-4115-b465-386cc7bff378,22,Female,49,84,young
9fe8b1e1-5ffa-4f82-8c06-5497f45cc339,24,Female,178,7,young
78dcdf56-2974-46b5-ae3e-d79840b79d75,26,Male,49,89,young
d36f4ee6-6674-4766-b327-3e82511a8cbf,25,Female,194,56,young
80f66953-cf2c-4b94-9764-d65f84a187c2,29,Female,191,73,young
ee179277-2ff1-45d8-81d0-629c8f48c5d4,20,Male,61,99,young
7cba37a2-4601-4405-a15c-120a116c2816,22,Male,156,37,young
c58992fa-f692-48da-adf7-d9078e9f0012,20,Female,160,10,young
080be73e-75e1-40b3-a381-d574a766bd9b,25,Male,193,61,young
b6cc4226-cf9c-4935-9896-1e0b8bbbfb85,22,Female,87,18,young
16bd9a3a-93c4-4b8b-8c53-5998f8ac7a33,29,Female,29,47,young
a63e96bd-3564-43d3-be56-f81c4daba69e,19,Male,76,60,young
7bc86310-f650-44db-a11c-8623c4173e49,20,Male,94,25,young
fc177a45-8d89-4b8d-8ec8-ce253e78ed47,22,Male,39,69,young
1ec94818-3059-4c33-82be-6ad890ce69c5,24,Female,108,20,young
2e68cf01-3abe-44d7-8a9f-6e8b340655d0,26,Female,119,57,young
b44511ec-7967-4298-a8e6-99e1d76a7dd6,19,Male,177,36,young
78bcfacd-ac34-4e7b-a796-2d1a01139fc4,19,Male,139,44,young
8f81c7fb-9e98-45d8-a180-f52b4b172842,24,Female,98,82,young
4ced209d-af9f-46da-b4c6-c6f073cf24ab,22,Male,150,94,young
7ecadba6-25a6-4b11-9ecb-94979b0392d7,20,Male,149,20,young
46f6baca-5b38-482b-bcb4-f825f55af4c3,19,Female,135,69,young
5571460e-1501-4dca-9144-9ea16829d8ff,25,Female,67,28,young
53c0da22-86ed-4cbb-9840-2863930820f1,28,Male,106,88,young
b758b1a6-c9ee-462d-92b0-8a639c7de6ab,21,Female,38,11,young
d21f4039-06eb-4608-88a4-181b934b341b,23,Female,84,38,young
8b8f50d4-a516-46e2-a645-16e66be0dcc6,29,Male,179,50,young
d00008e6-dcce-48ed-ae5c-2fb480370a67,20,Female,58,56,young
69b1f10b-0cf4-479c-a6b4-b09ffab3297d,29,Female,153,21,young
2d03c29f-556d-4878-8b41-b0947f78b46c,24,Male,58,86,young
6be522b8-2a58-4b60-9172-9c9bc4875e50,29,Female,37,54,young
f9b02e2b-9c23-4168-9e57-66502d314f4a,27,Female,178,90,young
75591cf4-4d10-452c-b1a7-a54e43c4ac5b,20,Male,165,56,young
3551e4a1-8f89-400d-801f-958503ebbb6c,21,Male,30,34,young
a41e2b18-8f9d-4781-8d20-abff7a73ebe5,29,Male,145,43,young
2ce7c1e9-381b-4026-aa4f-31314bf41da6,22,Male,94,38,young
61e15ed1-079b-478a-ad2f-9af6d2687390,25,Female,31,51,young
38fb278d-3a70-4ee0-af16-463631d5fec2,27,Male,109,14,young
32d300fc-ad45-48e4-81cf-4930305a11c8,19,Male,27,95,young
91097734-1781-45b5-8101-a05c768bc8f6,22,Male,192,40,young
b064b380-92d7-41a3-833f-a5522aee518d,26,Female,28,7,young
c732cee8-1121-4012-bdad-43db7bc03b9e,25,Male,43,47,young
6154eeea-b15a-445f-96ee-95208f4338ef,19,Male,128,78,young
62dbb94a-a88c-4626-ba28-39a069403f10,24,Male,153,54,young
f7144320-75c7-4d3a-a03f-c4a05e7cd064,27,Female,163,64,young
8d390530-3858-4eb4-b78c-f0e443aaf0a5,23,Male,93,56,young
20e1f929-6ef3-4d4d-b24a-86ef54af32b0,18,Male,58,52,young
231f6a6e-5be3-43a0-ac00-7a5e561dcf8d,28,Male,100,60,young
877ee396-be9a-4a46-96bc-5d7a483afaea,26,Male,77,46,young
97766415-c39e-4927-af9f-54fafae3dd5c,18,Female,75,95,young
2f86a36b-b7b2-47bc-943f-75d51b0dc945,29,Male,128,24,young
dbf1504a-02bd-4d11-8e3a-59c12656ac05,21,Male,137,24,young
88cd2439-c92a-4f60-9315-962bc0a4ec3e,19,Female,179,29,young
7da69ca3-44f3-4549-b72d-fb34c7b31eef,28,Male,196,2,young
a959cec5-ad83-41c8-b8b9-681551b8ad8f,20,Male,24,42,young
1eb59be0-0a7b-46f5-9789-00e0eeff1353,24,Male,77,89,young
0d1fea91-7b6f-4900-aae0-c7920d443d85,23,Female,52,44,young
0ebd3ecc-4491-4471-aa15-a6a0eb28a937,18,Male,187,55,young
c813c84c-057c-4a7d-bf90-e3bec9ce0082,24,Male,115,30,young
7f785422-1a16-4c31-9485-eb1d4e2afdab,21,Male,84,6,young
3ae05c20-e0dd-471b-9217-61ccd67bd53d,20,Female,37,16,young
b8cb0d5e-77c7-4262-b2e2-42297422d94c,27,Female,119,20,young
4ca1fcbb-177a-4efd-8da9-bf15b9bbd64a,24,Female,140,68,young
64162f8d-2283-4a6b-bb12-6d9c04374867,26,Female,193,5,young
907099d9-6b9c-4250-91f8-49f90ddf5c00,26,Male,198,47,young
52bef379-ca76-4d62-9718-e84f217e3623,23,Female,74,97,young
a31b4e99-24d7-438a-ae07-6151e8cdb8ad,22,Male,28,27,young
5d8961dd-171e-4fb9-bd6a-6d53c44f1fa3,27,Male,198,70,young
3451411a-76bd-439e-899b-d11fb007ff91,27,Female,111,76,young
d9aa87d3-aa8e-4001-a91f-4acc984b5dc5,22,Male,108,65,young
266edb29-ea89-471c-97ba-d8bcceb2ac73,24,Male,78,99,young
2d87c272-f2d9-4cf9-9182-bca31520b693,19,Male,195,89,young
2ae7ec6d-911b-48cb-9e9b-38f48d5bbfe4,21,Male,173,9,young
bd561c63-caa5-4a01-a154-fece68049dad,25,Female,59,37,young
2d9edc67-6be6-4756-ace7-9ef6d30bc61b,20,Female,160,13,young
6c94038b-8b63-4ca9-9b61-efac9736de20,18,Female,31,28,young
a591be49-6604-4bb2-8e0c-c4ecd939a1bc,28,Male,87,47,young
5ec9fd8e-c095-4888-9854-f752284a0fb6,18,Male,186,2,young
9c0723ab-7b4a-43fb-a21e-2334a4d839b0,28,Female,135,46,young
5ccdbaa4-f7a2-4cb1-bd2d-23b887aefffc,21,Male,189,48,young
5e330158-4f01-4aa1-9167-f34615d98c6d,18,Female,150,93,young
300d98bf-de0a-43d3-9a7a-2ad7d1e40f30,20,Female,70,34,young
f6e27e04-1d31-4ded-afc5-16c6cbd57ecd,28,Female,82,26,young
a651cbe3-1c64-4401-b372-0af2e7ce4e39,24,Male,81,35,young
9d20b009-7681-4c50-b04b-33be0a0d3e32,22,Male,169,10,young
2ad9b4a8-b355-4e18-b78f-0c30747b0eb7,21,Female,178,85,young
b5075017-45f7-436b-8c46-a9f1281d1c7b,22,Male,132,6,young
10c42f01-6b6f-4a67-bd5b-46371306f4f8,18,Male,94,26,young
40639d49-7b4d-4a97-ab2a-2ad9ca09d52b,22,Female,63,42,young
ecf94955-c200-471e-8cee-d5558d73ecd8,23,Male,153,17,young
2b2e06fc-7e4d-4c58-aa6d-df688ecad20c,26,Female,90,94,young
21b2f700-60f0-4d27-b003-3bf25ad97a7e,29,Female,25,8,young
6e75783e-0c53-4bc5-9379-74759c6c6f17,26,Male,59,50,young
21370ccc-6496-44d6-8a4e-10bbb19afe05,20,Male,43,65,young
ea11aca2-0998-49cc-958e-5302b4e5475f,23,Female,37,11,young
552d7996-3e32-4afb-bd9e-0fdf9896ccdc,20,Male,137,78,young
539b8587-e549-4b42-9888-bc25832ecc2d,29,Female,51,97,young
f8a8073b-828c-44f6-b605-d1e969394abe,21,Male,152,18,young
e65d3cbb-1e4c-463b-87e4-7c65fb7a43dc,19,Male,54,55,young
0b0881e1-4cec-4941-9cdb-c35fe5d9b437,28,Male,157,80,young
b23306b0-218e-4b41-97d0-0143df8da34f,25,Male,37,68,young
7f0154c0-a890-4c8e-82d7-eb745ceef822,26,Male,147,50,young
7ce4303a-824b-4935-8dc4-0fe6ef3e4e18,26,Female,118,51,young
11feeda6-52b3-40a0-83ca-e2c5421a08c4,19,Female,50,70,young
d2182bb1-ab40-441f-affc-f460f504f003,22,Female,124,48,young
0447d657-1cef-4a8f-a997-8bf097e8ff63,26,Female,109,36,young
30115de9-2f8c-4b66-bacf-7cf8b05be3dc,25,Female,38,26,young
6580f19d-5f00-4bdd-943f-56499be685ca,25,Female,21,73,young
1612bc50-d236-4431-ac3d-28bb2117197a,21,Female,183,66,young
d85b4821-3543-4ae1-be4a-efe637f50c27,25,Female,44,45,young
cb3665fb-e26f-4396-b229-7176a7b57398,25,Female,117,27,young
a6e54b08-4678-4d23-b00f-6909c4e4e27e,20,Female,147,46,young
0ac0534e-02cd-4fca-969a-13ea57cf462b,24,Male,152,62,young
0ce7c5ae-fab0-4bb5-acb0-cb503675b2f6,22,Male,87,100,young
02598d54-9293-42a6-bdfa-1353d9906adc,22,Female,100,55,young
678a3ce6-f263-4744-8df8-5739583008b6,22,Male,192,93,young
b1e6d25c-ff58-41cb-82a4-95a6041efd67,26,Male,178,65,young
31142d72-444a-4865-9830-06bbfa007e19,18,Male,80,51,young
faf01947-bff4-44cd-ae0d-3805da6ab5a4,26,Female,117,48,young
d0fc0de3-a054-42bc-8b62-a269ab845892,26,Male,179,1,young
cd0a9668-3a40-4b21-b73f-f029cd10b926,25,Male,163,3,young
2a5750c4-492f-4585-a79c-3f45f230162a,22,Female,166,67,young
4b7d4c12-b525-45ff-9547-86db1569e78d,27,Male,95,7,young
0237a2b8-dd90-4013-acc6-5ab3ef7fc514,23,Male,56,89,young
a9d2ab98-ca7e-41fb-aac7-b48f6de34a16,25,Male,181,88,young
92620daa-2655-47d4-96e1-3d1596de66f6,22,Female,125,7,young
e21e3ad2-c8f7-4d64-90e9-10018d63714a,21,Female,102,89,young
bdc8c8b2-0afb-4d76-be41-01ac3910015a,24,Male,44,23,young
2c5d3d10-3d2a-4456-a0a5-e82ced51159f,29,Female,139,91,young
15ef6c00-b23a-4d13-8955-e0eb1b0a8363,27,Male,170,53,young
769181d2-f5ad-4a8a-a58d-375629907b62,27,Female,142,49,young
0a611bf8-ac56-4d0d-b699-c4e60d6c49ef,20,Male,121,76,young
d882f89f-e6cd-4843-a7e2-698f708aa5cc,25,Male,75,60,young
8d3ed208-84e8-4b64-9777-8e6ced671c3f,22,Male,173,70,young
9d7b2c29-e7f6-4d4e-92f2-2e4621676fe7,24,Female,47,37,young
0ce2f0b3-6cc4-4a3b-aaa0-234a76101c09,25,Female,164,49,young
071b1bd2-a161-4ace-8d44-8ed038a23f38,29,Male,192,91,young
302318f2-c705-4ec6-b4f0-cb6756c4aebf,18,Male,73,15,young
ff93e682-f29a-4d2a-90d3-547d280ffca7,26,Male,48,37,young
dd37f6a3-1cd2-4643-80ba-36f62c19ef86,20,Male,59,94,young
7c2583dc-72ea-4b4e-bd57-6209c7b47e6d,19,Female,33,76,young
f1a15234-c3f5-4bd5-94b4-a7dec161f9b3,18,Female,170,52,young
8d046368-c901-4f00-b91e-cd1ae8f8628c,26,Female,38,72,young
58d6d30e-eaee-4502-9990-0a339ad1792d,26,Female,126,17,young
f28516da-5f5d-4e60-a9f0-0c263af7b496,26,Male,50,71,young
47eb373a-cd2b-492f-86dd-326a39eef927,21,Female,63,95,young
d9ff5dc7-eafc-4deb-a05d-efffffdf01cf,22,Male,29,9,young
49a32033-2b53-44da-aa57-c8b0d06693e8,29,Female,164,53,young
fed9b1d7-f5e7-416b-82c6-84ad8495bd61,21,Male,97,94,young
0b14d686-3deb-465d-8dec-3dc9e3bd0716,29,Male,94,35,young
0eebfd40-4a36-4ac5-92bd-a758a445340f,19,Male,147,8,young
4a695848-b7b3-4cd3-b34a-4b939788c2a8,27,Female,52,13,young
4317f10e-7455-43e1-8f51-7f4ffb1d1248,26,Male,171,2,young
2d6fc652-36f8-458b-b2a1-55df6a5ff392,19,Female,132,17,young
bbd8f2a9-38d6-4ba2-a27e-298ffec36f51,29,Female,99,7,young
3c036622-0520-4450-9a85-98ae7872ad02,27,Male,177,57,young
06d2e0af-058f-4117-8a95-e85b7872080f,18,Female,124,98,young
27179d48-7330-4e87-b5cc-29ce83fb057a,20,Male,136,68,young
abb78d7a-0c73-4e71-ba1d-7a17dfbb8c95,29,Male,72,69,young
139b3ead-62a0-4e97-9174-24a8a42fb197,25,Male,142,2,young
e9f7bd3b-e1db-460d-885d-77e0f86bef7c,18,Female,38,57,young
3ccfa46d-ef84-4e43-921b-348a9ee8275e,26,Female,50,92,young
c6b9926c-54ee-4dc6-9b39-2399ba7e8df6,22,Female,173,48,young
dfbb875c-a475-45d5-b4a8-d21c0e9a5f1f,21,Male,109,56,young
f2c2b761-0771-46d4-9037-5545a461bf6b,27,Male,144,85,young
34af4128-8f25-4443-91e4-34e1e826b8af,26,Male,112,99,young
6bae1c03-b52f-462f-92cf-a1ebb4df1128,29,Male,179,72,young
19674f52-dff2-4621-8800-c33497dd8b9c,24,Female,177,29,young
78d98336-1476-4472-ae0a-e17cb6c192a4,18,Male,198,26,young
ec534586-3f48-49d8-93e4-3d932c0d0142,27,Male,92,38,young
004b453a-5742-494f-89aa-c5cbd55a87a7,25,Male,169,21,young
036cb089-fa6b-4d14-a3b4-705fe37f0253,29,Female,70,54,young
85833d32-2ffc-4d41-b30c-d07856a225d7,22,Female,115,35,young
ec8b8947-d5d4-4155-b838-93020c60a5ba,20,Female,100,45,young
edf7059d-313a-4382-806e-66db7311b046,18,Male,144,60,young
b36597dd-3639-45b0-a8af-fcc53daeb6d5,21,Male,76,47,young
6045028a-677e-4e54-9857-624d09bca1fd,25,Female,88,58,young
23ffe1e7-b259-4df5-9314-3e1dc8b01a9d,22,Female,95,27,young
e0aeb55a-a9da-4233-a6ec-541cb9b25c8c,25,Female,157,37,young
088b960a-9613-43c5-9f35-e5b06ec1902c,26,Male,177,75,young
6f64e440-99d7-4400-9bab-10195211ca0e,25,Female,69,49,young
754a5d07-7b55-4d3d-a281-7ca130b26d57,26,Female,61,42,young
fa3e7602-cba0-433d-961a-5880257fca09,29,Female,79,24,young
d74ef516-c160-43dc-a640-c74a5cf051d3,23,Female,148,54,young
0274c078-a183-4c1e-93bf-729f2c760736,18,Female,193,13,young
5a60e219-1480-4d07-8652-8f7457d75ec4,25,Female,43,56,young
447f21e8-8c9e-4fd3-9b59-323fcb3b63e9,27,Male,200,74,young
88be2e4f-8cd1-4d38-a512-a8f8df0d0079,24,Male,31,66,young
3168cffe-9ebb-40aa-9c12-f5161016dcb3,29,Female,182,65,young
7f6a9a4d-161f-4dcd-ac92-1f2e66806d13,28,Female,93,18,young
71b9f2a1-7a16-4e31-89ac-9db3c27f1f40,24,Male,187,60,young
2ae2eb39-dca0-42bc-8346-3036c65e7c48,22,Male,140,35,young
24291a70-3023-4664-9190-c28620b4bb97,29,Male,95,69,young
f4d4f475-4981-4d4e-8a5c-b87ab1610472,21,Male,97,95,young
1d3a78b9-de2f-4917-9e85-e007fa29ac63,19,Female,49,9,young
2db0ea48-0991-4566-b1e1-38cf25a57d26,27,Female,127,24,young
908afb63-9663-44c0-aada-2c0aabebcb50,20,Male,52,80,young
21a4248e-4799-4181-9395-888154bb1fd0,20,Male,86,90,young
ecb83fff-b96d-44e5-a5af-73eba3bedef8,21,Female,90,12,young
5b0c0304-faa0-485c-be1c-3a3e4332e965,21,Male,115,55,young
2f143832-a04c-40df-be64-c23ff4e7302d,22,Female,72,35,young
3b1d6f87-8f29-4f11-a980-146c2eab2790,19,Female,148,93,young
c0364c13-d06f-4d9d-b583-47aa32c5a2aa,19,Male,90,49,young
3a3aafa1-e3f2-4cce-8908-257e1ebfb714,29,Female,25,25,young
0d6428d4-d35d-4077-91a0-ae23b7ab514d,22,Female,182,87,young
1c016954-4cd8-4edc-b03a-5c876e23793a,22,Female,111,61,young
1b7b5da8-702e-4925-88da-ad96cfc91fc9,29,Female,151,59,young
3c816d88-da88-4daa-9b89-89539eada1ab,18,Male,149,53,young
ca66ce79-355d-4a95-bd40-202eeb102da9,26,Female,115,91,young
1e7da513-2e5b-49b2-86dd-c67886fc488d,20,Female,135,15,young
3e441099-f7e5-4d00-b36e-c043fda24bea,21,Female,83,58,young
f6ebb693-9ab3-483b-af4d-485ae9e28d65,23,Female,155,60,young
3dfece69-34c9-4f72-bba0-ae3dfff83359,22,Female,153,96,young
cf18f8a7-879e-4cd1-b535-08c2990ba13c,19,Male,188,15,young
a830fb4a-0271-48f0-b067-f2ba23c5e13a,28,Female,151,57,young
3b79ec34-d2df-44b1-91c4-ca636b4fb3d6,23,Female,164,24,young
801b2f5f-9881-475b-bf0a-2cae1e6f89db,21,Male,127,47,young
d29e2ca6-b4ed-4104-873b-964274757181,19,Male,183,2,young
d9ecddfb-4224-4cde-91d9-2a20088fe850,25,Male,105,10,young
98573c80-1754-4a8b-985e-1a089d67c8f0,26,Female,61,100,young
0d0cc51a-a886-4eb5-855e-96433aeca81a,22,Male,93,97,young
d4da8e82-e111-4598-8f97-b4c1d16d5238,24,Male,185,88,young
62d6e78e-a821-42e2-96cc-4dd11bc32428,28,Female,24,64,young
f75677a9-d92c-4771-aa0f-229e1560549f,19,Male,90,18,young
7c1ff81d-4579-4886-833f-7d1b8a161d2f,26,Male,177,90,young
f34a6b5c-b952-4238-af45-3a64fe96935d,24,Male,144,85,young
7cde97d6-ec3f-47dd-8808-4d86b5fd308f,21,Female,66,39,young
92130020-6422-4963-b276-fb8b6c04f18a,29,Male,161,27,young
5e79c6b3-ad9b-47fc-bb02-8328db6c36bb,22,Male,162,22,young
5b67c224-dce1-4725-9d1d-93698c9003bc,25,Male,118,66,young
2c6578ca-c505-4143-a9ae-697721623f1c,25,Male,21,2,young
1ebe4882-dad5-461b-b6e5-8464afe2e8bf,29,Male,41,91,young
9b70ce1c-692d-460c-9ef1-2870ee4a0d4b,26,Female,111,15,young
61974b15-718c-4517-82a3-7420491eee6c,25,Female,111,16,young
42e2ec98-3f63-4e6f-ba00-80f52c4b3376,23,Female,49,92,young
bae9db42-58f0-451d-a4f3-e0cb50d1b3fa,25,Male,92,49,young
acdf79bd-77ba-496f-b6be-9213e36dd376,29,Female,55,78,young
d4ceffb0-b7d3-400d-95f5-bcbdae753b15,22,Female,83,97,young
48d4a055-8319-4aed-9f7f-e172833a0734,19,Male,60,72,young
0ad660d1-69b6-4962-812a-c95e2cc3bafd,21,Female,64,98,young
d9e152f0-0e44-46c2-9a8a-28d62321ef8f,24,Female,23,60,young
f9b6a72d-839a-4f28-aeec-a374a1fb15b3,26,Female,111,55,young
c338e9a6-09b4-43c0-8028-d883ebc52e51,28,Male,74,56,young
9e84ff8b-729e-4c0e-8f84-5a3ae64b1f4a,25,Male,181,1,young
3e9b8e90-9819-4388-8387-b26bd70fb61f,29,Female,35,82,young
c1ddf561-ebb9-4ece-945a-947fd4fdb72d,23,Female,130,65,young
8d0c93cf-1f18-40ee-82ce-2f1f73ce5bd2,29,Male,197,75,young
f037a7da-5db6-4ac1-94e7-52cce525e972,18,Male,31,9,young
95e7a9f3-e3c2-43a5-92cf-6d2b994ca733,24,Female,198,15,young
54f437a8-b147-4dac-93e7-35cdeb07cc69,26,Female,102,87,young
89b83c25-ff57-43fb-a020-09a07a59f2ec,27,Female,107,41,young
031f584c-db8c-42e0-8735-331e8bdd90e3,21,Female,26,52,young
22cf03d1-4868-4043-aa6a-c695e162e8de,18,Male,174,55,young
8901ea49-2b59-41ca-9be9-fb3f3b1bbbaa,21,Female,72,92,young
f7783810-6590-452a-a828-163d36c8e0b1,20,Male,197,91,young
a81da0b5-72e1-45ce-a1c6-449c460e1f72,18,Male,54,65,young
202c52d0-2cb0-4b38-aa5c-7e231b14ce50,23,Female,87,66,young
8510754c-a859-46d2-a0db-99fde76c34b8,27,Male,179,36,young
eb2f65f5-0158-49c4-95fb-1d174f661b55,22,Female,189,50,young
62cf07b7-41f7-4925-a55e-56160ad74756,21,Female,146,77,young
d9aebab2-e2ce-485f-9a43-3c2c5e89f060,20,Male,140,91,young
e3af1d9f-3287-4e91-bcf0-fac957557823,23,Male,150,9,young
979d1501-8270-4a16-bde0-6f9aae69d87b,22,Male,197,76,young
c6b713bc-6c71-47b4-afcb-538d43464be8,25,Male,178,4,young
e22ec57b-708b-40ee-88b4-605b1fe1cc91,25,Female,33,1,young
9b15de0a-169f-4629-b82d-adf15bd1d504,28,Female,151,10,young
cac2e651-df18-4049-bfea-d52ce71657be,29,Male,32,76,young
4846ac44-222f-4143-a0f7-555764a61fcd,29,Male,58,100,young
739ffd59-c75f-4815-9318-9484505dbd45,27,Female,49,41,young
b5485353-8cbb-47e7-a7a8-2f6bd91255ec,20,Male,162,73,young
fb4bef35-5c42-4702-8951-87ae9716519f,28,Male,98,99,young
a0206871-1dda-47fe-9613-67c7aab7f0b6,27,Male,145,69,young
f6364427-2f5e-4698-b7c0-4aee40973bc2,29,Male,173,56,young
75c63bca-c518-4f90-aa60-3efc4616f153,25,Male,184,69,young
8797aa7c-fce3-4a0e-af66-8b05dd052f35,25,Male,24,19,young
056494a4-eeb9-45c7-8f23-a200b3bf9ed5,24,Male,69,65,young
d2702c15-eb1a-417d-86ca-dcddb161ca62,18,Male,185,96,young
70b73e4b-ed5c-4d44-89d0-6ba4aa0aec2e,27,Male,73,95,young
fad1e073-c272-417d-bdfa-6ccff667810d,24,Female,58,48,young
18c338ee-66ce-4782-ad1d-23208dced64a,25,Female,197,18,young
01cc9ffb-5315-4fdb-b179-f934583cc958,28,Female,103,5,young
1da32963-670d-4a81-9834-73dc774e4866,26,Female,138,24,young
70db8c44-c45f-465a-8bff-8a785006b223,20,Female,127,77,young
16da6712-7f40-4b80-a661-1e026e481858,27,Male,148,48,young
6ae8f024-76f4-4655-a772-3e84104f6d0b,21,Male,28,42,young
442ae596-b772-4f1c-bba5-0ba5f8ba0696,27,Male,175,27,young
7ea47dee-eb56-452a-be8c-0915ea34147c,20,Female,179,33,young
56308215-83c6-40c5-a7be-9c2ba6ed7e8a,23,Female,149,68,young
e664303e-2f3e-4722-b07d-a2d28e327fa9,29,Female,106,74,young
3d7a4fcd-5176-46e0-a7ca-c489887e1e73,28,Male,127,21,young
5ad1230f-d832-41b8-a47b-f40cc327a0e4,20,Male,148,99,young
f86e0896-df13-44f4-b572-535f69bbf595,25,Male,45,72,young
74d7226c-1f41-4449-9d1e-aeb415c026df,22,Female,185,73,young
e1c074c7-52f5-491c-ab06-584258668d3a,19,Male,62,47,young
dbd5eaab-0c19-4960-9b9d-bb7fcebce20d,19,Male,180,62,young
d2dc09aa-a3d6-42a8-a292-6f8839de4b15,20,Male,65,16,young
292028f9-6141-42d7-a93a-3fa1e7be2cee,29,Male,180,23,young
8db183d6-024a-4ee2-bdcb-839b2132ca58,26,Male,24,12,young
ed1cf8ed-c0ac-4e2b-abd0-5f3b04200cdf,22,Male,98,72,young
92347507-9fc9-4e9c-9275-53f4e34cf502,24,Male,127,82,young
ecab9fab-c1db-4888-9664-294634813082,28,Male,159,1,young
93d04fe7-32b8-497c-9218-37f5649ac93f,26,Male,189,78,young
da37dd2c-a9a3-43ae-af1e-73150e3a72a1,27,Female,57,11,young
825f2a20-a474-4e0a-b693-a56e7d6892b8,22,Male,148,16,young
20c15ed5-53bc-4d27-916d-56240f965c35,27,Male,112,46,young
bafa7f80-0cd5-4051-ba36-12be6bc850bb,20,Female,174,39,young
588bfb54-c6ae-420e-ae75-6615d083db7e,19,Male,49,43,young
9011d5f8-4bdd-433f-b6c5-09335fdced79,26,Male,72,32,young
fa460b2f-5c9a-425d-a33e-4d2731c6e095,21,Male,134,75,young
1a59cf48-8a11-4e6b-b184-7bd6dd916754,20,Male,147,15,young
4c1c5c0f-6412-4f65-96b7-f9fa361a8de9,21,Male,47,57,young
ba656e4d-8eeb-445d-b600-625597a2470d,28,Male,176,73,young
27525b2a-2653-4e81-b205-ac593b3b928e,27,Male,55,66,young
f6f697d1-2c1e-4f38-8504-a5e73fa01a26,24,Female,123,33,young
e8c88bd6-6792-4694-a2e9-3f81c018d780,25,Female,25,15,young
83ed536d-c44b-4a0d-8973-636edb723ead,19,Male,107,7,young
cc839395-0d9b-47ae-9172-92d446c2cb0c,27,Male,99,50,young
233fb3bb-1548-454e-9e8e-23637365047f,19,Male,60,98,young
ed236ae0-80b0-4e5e-b65f-6695ac163837,21,Female,146,4,young
b2930357-8bff-4200-8c99-d6ef3ff5a1a0,27,Female,78,38,young
0092ccb9-d846-4426-85c0-423005a204cd,26,Male,176,8,young
04c56efd-3a71-4595-be0d-e2156424fe9d,19,Female,24,91,young
838e6a81-c986-4348-99a4-5351e755abef,27,Male,199,48,young
f96e6251-4f56-400c-b751-f8984fd65889,24,Male,178,59,young
82ab0356-996a-4042-ad8a-884470046ce2,28,Female,173,63,young
b561f234-4c83-469e-b7d1-b642f8a8b66c,20,Female,113,26,young
857f41b2-c595-48e9-839d-ae867c2a434b,26,Male,174,86,young
5dcfd4dd-9a07-48fd-ac62-8c8cb4425d75,26,Female,92,100,young
d2ad89a0-d68f-40ea-aebc-4948b1eb5912,28,Male,44,36,young
03f06118-5531-4d04-ace9-88e4e49e047d,19,Male,66,53,young
00804270-549f-4b71-9d16-2464515f5173,18,Female,193,6,young
9be9ed6c-7b34-4c16-8ba9-b4005fc62084,27,Male,128,90,young
ae3235eb-a6be-47c0-9f46-5f72a07a88b9,20,Female,132,64,young
39217831-eaaa-4159-8670-5a43715e71ae,20,Female,98,16,young
17d4af51-0663-446a-b8e1-a346b72b2a80,20,Female,154,59,young
5d4b9864-bf72-403e-a687-5607e6c0126c,20,Female,59,19,young
71088e2f-cc65-4a12-9418-c24e9ed170f5,19,Female,59,49,young
2a05cd70-c52c-49c9-abb3-527102f860bd,23,Female,99,81,young
6224b123-f49b-40bf-908a-c152f55ec31e,22,Male,41,94,young
e15ab5fe-2811-403a-9722-4c6256d466b6,24,Female,145,99,young
4ae99350-6f93-43bb-9d44-fc3df634505d,21,Female,88,81,young
2c58607c-c91c-4432-b967-f49b07cafa29,26,Male,188,83,young
081728f4-ecf0-47c5-8df2-f68802591e94,22,Male,36,55,young
bb58660c-ef52-4e0f-bbce-36ae3d0b3e4c,18,Male,52,28,young
ddbb7a14-78f5-4739-9739-36d2873dab22,26,Female,156,96,young
65e6cd44-59a8-4f58-a652-b645415611f3,21,Female,48,74,young
9eb450b3-fa5b-4085-b661-fcdf7b6fd77e,19,Female,41,35,young
b15dac14-842d-4b23-8851-ad6f35e5b6e0,21,Female,110,17,young
1b14915c-c8d6-446a-820f-69a67f7064fa,18,Female,183,74,young
38c153f5-7c26-4708-a794-1d0d321b8ae8,28,Male,90,19,young
3fde09a0-a45e-45e6-a222-a2f3dba827a6,18,Female,98,73,young
64d421d7-b802-43cb-b68f-113082823c15,29,Female,158,56,young
760d19ce-1623-42fa-aaa8-fa860526c58d,24,Female,145,17,young
df38e209-7ead-418e-89fe-bd9f63aa8383,18,Female,150,70,young
9d29561f-c532-4b47-8db2-f3b10387cc07,22,Female,70,60,young
2df26d23-7713-4152-bc39-a4397972222a,27,Male,77,4,young
700e20da-17fb-44d1-8aa1-546929c017d4,23,Male,102,40,young
079af316-89f4-4d89-aedb-da10341ffe4a,28,Female,117,79,young
8293e5b8-a62e-4f95-a8bf-218b044cb505,25,Female,79,29,young
a8f7e52e-f8d6-46e7-9918-2066821c5873,29,Male,35,99,young
8aba0f4e-5a7d-44af-b14b-e577ae52ed94,29,Male,146,5,young
6b1ba563-62d0-48f7-af5d-ef10a696d373,27,Female,156,56,young
40b72393-68e5-4304-af8c-3f7bb33786bd,27,Female,125,81,young
648b8508-db5c-4176-a732-d32a99c302f8,23,Female,116,76,young
9754b6bc-f18d-4e5c-8777-371b56626475,23,Male,48,42,young
4a41bb80-bf25-4bfa-8486-4ce12b6d622a,26,Female,108,99,young
e6dcaabe-30e1-4614-8e89-8bb1b65bef39,28,Male,121,57,young
b4f8eb8e-c5e2-4428-b29d-f2afe2196040,18,Male,152,13,young
a137574a-252d-4144-a08e-2747bc3efe1b,23,Male,87,69,young
23f0d88c-d7e3-4265-8789-682b260acaab,19,Male,110,64,young
acf32874-06d6-4091-9630-81437c5f3f7d,25,Female,113,13,young
6305eee9-f9bb-4fa5-8100-73d6b9a36af4,25,Male,33,30,young
7936a941-c6fb-4a0e-9abb-eb7e39cc161b,21,Female,150,44,young
10d5497d-62ed-45f5-a126-8b98cd116295,23,Female,71,71,young
411cd9e4-e3d7-4d4a-82d4-ad88191e8c1f,29,Female,99,64,young
8f33c916-9351-4030-a375-014358482252,22,Female,175,55,young
5ed3e840-8a5e-41c4-ac84-671c5cc38d9b,23,Male,99,65,young
911a0096-38f4-448a-a02d-591c09cd8e54,28,Male,113,78,young
2d3872f4-9291-4fd8-9991-fd48aa888ca9,28,Male,21,45,young
e42391c6-ba60-45de-9804-37d61802715d,18,Male,33,4,young
a81b2cab-91de-437c-a310-fb6986e1ee03,29,Female,173,33,young
8e3cd5e5-3e00-4751-b4d6-bdc3462c00c4,25,Male,104,55,young
d9bae061-3cac-4b44-b035-8af2723f523b,21,Female,60,39,young
8a251e82-972b-4b8b-8ea2-87938d64360f,23,Female,45,88,young
6a52a6ec-9596-4ecd-9347-37f6520fee08,19,Male,183,29,young
ba1aac69-07ab-4968-a088-06c7f8e62e8a,23,Female,195,15,young
38386740-89b8-47d1-bdff-f074f562104a,25,Female,184,42,young
6ab1e40f-9d9d-48ae-ac2c-a054b7dcbcca,19,Male,63,50,young
14de6f03-20d5-4f6e-abac-0e373ecf1dd8,23,Female,195,96,young
7f64f6a1-fd95-4f69-8c60-2af86dce4df9,20,Female,91,75,young
9fa858dd-2d5e-4702-b07e-9d4e0e47a8e4,25,Female,96,87,young
154d6532-8a03-447b-bdf8-5763c91260ec,21,Male,89,17,young
4d1e4ed4-ea0d-4465-994c-5673f614ea6a,29,Male,111,29,young
632b4fb8-e279-450e-8b3b-fd51b25697a4,27,Male,137,73,young
051c3393-c641-4838-a543-4a434dadbd21,18,Female,169,48,young
9c697dbe-bf64-462f-a53a-1c6feb0dc5c5,27,Female,114,24,young
ca6a4312-6f8c-4418-b992-73a5ecb88178,26,Female,100,11,young
76f4811d-f09e-4e3c-b706-d320a171e42d,18,Female,40,52,young
b9118cb7-3f81-4195-821b-815fe4c6a6c8,21,Male,73,93,young
26f25ef4-9b9a-4485-8b40-44bc68cbd36c,19,Male,182,88,young
3dd30764-97d6-4f96-8c15-3fda08f15ccc,24,Male,188,52,young
67cef2c7-5270-4141-aa19-d40d517d3167,22,Male,173,95,young
a4eb431c-f21c-4c3e-b390-651d94d7f8ad,24,Female,29,87,young
3e8953c8-77ea-4788-ad33-3165dd3dd24e,23,Female,138,70,young
01acb3ea-eca8-4f45-8dd7-20ad08fd12d5,20,Female,164,15,young
099cc13b-71cc-4b15-9501-1b28e140f1b9,18,Male,96,76,young
8fe3bcc1-0936-4de9-9703-44411634a13e,21,Male,180,8,young
d12cd415-6554-4fc5-93a7-ffa63e4c58d5,25,Female,157,14,young
65a60cf2-7552-41c0-ab6b-32ee3f5d71bb,25,Female,189,44,young
375d7029-7bee-4bd3-b32b-da36f27a718a,19,Male,154,68,young
c1a6b14f-f4e1-4963-b837-8fb46d89723b,25,Male,178,44,young
39485910-47b5-4311-98ce-9b960c7911ea,21,Male,64,78,young
886c64bf-c71a-4bc7-a56f-3c5050277d69,20,Male,188,43,young
9ca4115a-3d3f-4117-9181-364bbeea0b7f,24,Female,66,48,young
6cc871cc-9b60-4331-bfe6-e395edbeb84b,29,Male,145,90,young
80e43768-eb37-4ba4-a24a-cc71dce5d483,22,Female,148,26,young
6efa0091-ef5b-423d-a752-ff3d7e1ce6c6,21,Female,153,55,young
03d6f551-73a6-441d-86a5-f885565e7c44,24,Male,53,9,young
31e52134-f6d5-48b3-b0c7-a77ea5150c29,18,Female,37,57,young
2ec401a2-d8fc-46b9-8e88-144fa704954f,26,Female,94,58,young
6a0279c3-8360-4ecb-9baf-0dbfce81caf9,21,Male,85,95,young
dc2ff2a3-4a71-4796-b93f-11d2e4621ede,24,Female,139,52,young
bbbad962-5b1f-4b3f-a88e-7ae746b33428,21,Male,175,54,young
9972b1a3-7f00-4327-a280-1bdcc5641542,21,Male,182,11,young
589b7ab4-a428-4215-aff9-495d84b8f86c,20,Male,92,10,young
e8a12c0d-c48e-41c2-b931-01cd932ebd5d,22,Male,172,92,young
38942878-8d52-4d62-a05d-9382d9b7bd55,24,Male,20,60,young
87b1e6c4-4934-406f-a7b7-1f96af66adcd,18,Male,63,68,young
edb3f833-9ecc-4ae3-96f6-fc77d9dcd19d,20,Female,161,79,young
b7b0b738-c69d-40bb-8a1a-16388775db71,24,Male,78,37,young
eb16cf29-0d32-4865-b8ee-a0473df679af,26,Female,91,67,young
d47ddf68-338c-4f10-ae03-ea926f8dd97e,22,Male,88,3,young
6cd1cf1f-5fa8-44ca-985e-70f37eea9085,18,Male,172,95,young
f5c8e38d-e243-43b2-9123-6b23f58a9f4a,18,Female,133,8,young
48ffaf46-22a2-4cc2-8b4a-1ac969f17d3e,23,Male,168,13,young
1de3d21f-95bc-439e-8331-eba3a52a1be2,19,Male,50,4,young
2421b03d-2a95-4273-bdd6-4e1692494bc1,19,Male,34,74,young
ebbcf844-5ba0-4bb2-a861-5aef2cc56afd,29,Female,88,1,young
7f6c0706-4ddf-4eb5-8213-89256c50a397,24,Male,114,29,young
b1c6fbb8-61ba-454f-aa9b-1fa5e6366d60,22,Male,165,57,young
844abddd-53cb-4c25-b571-3a880276a648,25,Male,67,14,young
581e33da-3bd1-4491-961e-4803cb80a563,28,Female,182,33,young
0b072a0f-4c3e-4aee-965c-c57e1a64f5f3,26,Male,156,59,young
37c75772-90a6-48a2-9d15-984278bf92a8,28,Female,196,26,young
2a63d159-0cef-4114-9166-a1dc11e4727e,20,Female,127,100,young
30f63ab3-d327-44c1-bc74-768839c48854,24,Female,154,69,young
c8a10a5b-7752-4a77-8f4a-ab766eb87d4a,29,Male,172,54,young
3431d110-7921-4b7b-9b8f-3c12a509c405,23,Female,169,9,young
48cc07e0-591d-418f-94ad-c67a279e0eb6,22,Female,76,4,young
c591e858-659c-43c4-92c0-856b70837a5a,26,Male,77,63,young
363dac5a-049f-4166-93ef-5604ea443178,19,Female,134,91,young
37bc81cd-c41d-4c7a-8f0d-9f65a0262f2f,19,Female,43,7,young
39f421a7-aab6-4c5d-986a-bf046255814c,20,Female,122,88,young
32aaae35-9913-4486-ac80-e9555f1ce64d,21,Male,42,70,young
3c2e2e8a-5374-4367-a773-3845a526420e,28,Male,107,51,young
d037a07b-d47c-4ccc-8b57-5344cf2c9965,21,Female,62,29,young
5143a34d-1f7d-48af-9015-1802b397e4b6,23,Male,53,7,young
b5d5a5a8-0cb6-46ef-9584-03a457bbd04f,18,Male,48,17,young
91d4377e-ec29-4c6d-b1c6-2369b237ab67,29,Female,114,55,young
73ac91e2-6b57-4fbb-89f2-ef50b757a980,19,Male,56,93,young
f82085ae-21e3-49b1-8432-4b8a7186b5cf,24,Female,148,100,young
f32fa206-86fa-4d4b-bd62-acbafa3f7b2a,29,Male,65,22,young
3d0a150f-5b0c-4529-bb21-625f2023ae59,21,Male,41,46,young
8f68d9ba-d2d0-4544-942a-7eb25749fe11,24,Female,167,22,young
3bc048bd-4255-41fd-9730-43d942fd832a,23,Male,71,21,young
89d9bd9f-0409-4061-bb0c-0ffe82f1bcb1,18,Female,151,45,young
fb2ce14e-821c-48e0-843a-148347d69d30,21,Male,166,18,young
42653538-c423-4b91-9de5-65131006a25e,23,Female,161,6,young
43fb8ba4-6d1b-4b16-922c-36a8a5a20f30,21,Female,38,46,young
05e94e91-6b30-441f-99c3-b1c22f1e258f,28,Female,71,15,young
6dd12ebe-4afb-4dcf-937e-d1150856fc6b,25,Male,169,6,young
521714cb-8c0e-48cd-a134-e5256c1e2301,18,Female,63,90,young
cc563259-c62c-4932-ab60-9d1cac5ad248,26,Male,175,11,young
4564dfab-43b3-4eb0-baf7-4aa848b58026,23,Male,51,23,young
9cb63a29-a762-4f68-87a2-3f1f6abd195d,21,Male,35,78,young
fa4379a6-e902-475e-977a-9c412d2ffbb4,26,Female,168,14,young
13c416c9-30be-4b82-84fe-d9cb8db9f9c2,23,Female,159,50,young
5f055aa8-6259-41ae-bab6-235057397746,19,Male,48,80,young
872c74c1-7e60-425a-adbb-a54e53f520d6,25,Female,28,81,young
102cecbf-1ab9-4636-87a1-a5e009848672,22,Female,98,57,young
2c9321b3-e02a-4441-8614-fda44fdb7fd1,20,Male,118,43,young
c4dd3f58-3f0a-4954-b237-0d4f4377ae58,22,Male,40,51,young
05e3913d-9e2c-4ba2-ad5a-092d4cb151e2,26,Female,160,52,young
680a2a82-b953-4a20-be36-f100f7217d88,23,Male,190,24,young
a21660b4-5514-4d8d-9299-94fe8e139784,22,Female,49,8,young
3c7ecb8f-98f0-49e2-8423-1cc9b333dc4c,23,Female,45,77,young
b8cf1052-6891-4ad8-9f01-9ac018ada6a0,26,Female,38,43,young
13e1035c-3d9f-43be-a148-8914b57bd7c9,22,Male,188,78,young
97c939e7-2cba-4983-bd30-83c4c85db096,24,Female,116,13,young
4b1dc47c-5b6c-42d6-8ace-b62a9450a1a6,28,Female,147,95,young
fe0e8a87-ee23-48f0-ad09-c084ea214846,20,Female,135,23,young
51de7156-3420-42e8-881b-a4a1d09b3cfb,26,Male,144,52,young
513c468b-6ffc-47ac-a1c0-74178379a337,28,Male,119,87,young
f6d09236-068f-4c69-a131-1b462aa25675,20,Female,44,11,young
d02f2eeb-6d87-47a2-a9ac-d4100caf50b3,23,Male,45,90,young
66a258af-f413-40af-a7e3-27aef4da9f2b,23,Male,80,84,young
cac92066-106e-4900-9ac8-ec84e48604fb,25,Male,49,98,young
1ac8af03-b7bc-4839-a279-85a55aaf3c11,29,Female,197,9,young
4be91476-bd05-4e5d-a315-b4252e486f52,24,Male,96,65,young
a951132f-c2e6-413a-9313-abdb241de7fb,23,Male,136,67,young
8774a2fc-720b-4130-8f5e-cd1dc20f6ff6,24,Female,106,71,young
7428e26e-4135-46cc-9a45-6be28833ef06,25,Male,200,25,young
d07eb8bf-7344-4d63-835e-b25266def6c3,20,Female,92,8,young
1121a381-84e0-4ef5-a2b9-66ce9d194a59,26,Female,70,70,young
bfaa2a23-fb34-4ecc-94c6-98515d719527,19,Female,93,59,young
dd6a986e-02a9-4627-96a4-b4dbecce7eb9,26,Male,110,100,young
d00c14fa-255e-4fb9-b94a-198abbe75ca5,22,Male,33,67,young
d577e1e0-e4d0-46cf-b731-d127f9e168ee,21,Female,178,9,young
eae0e35c-5fb3-4b52-bf05-d5f2464ce41e,29,Male,102,27,young
fb9f13ee-bff8-42a5-8b75-da85629c424b,20,Male,116,85,young
67f38c60-166d-4752-8775-f7b682e4a886,28,Male,69,9,young
055f865c-7a22-4104-8637-553eeaf6a168,25,Male,35,77,young
da34c981-a807-4d40-a414-2082f52fa022,20,Male,83,86,young
41f6ed1f-422c-4514-ab0a-8e2f9baefb02,22,Female,30,48,young
e44756a0-f9b6-42ce-8cdd-f21b3c479826,28,Male,31,74,young
dfc7c7bb-fda4-437a-a9af-90961f6edc59,20,Male,145,63,young
823882e0-e97e-4454-9f20-c1de23411d42,24,Male,79,89,young
1f7fe7f3-66c1-4599-82cd-38a905138c17,24,Male,39,8,young
1ad5a8c8-39d2-48c1-8075-d983a2e10556,19,Female,105,90,young
de0ba253-9055-43ef-b130-3e28be4705de,23,Female,28,18,young
2781731b-c94f-44e3-99a9-712f23c86062,27,Male,182,60,young
a45f8eaa-d635-41bc-9497-a3a44e90b44a,28,Male,179,45,young
f9a604b4-d3ec-43be-8500-5794f0ccdd63,28,Female,161,58,young
a90633ab-b02e-4f03-b2bb-49a035ebc70f,22,Male,136,70,young
e150a58f-4b33-42f4-99ce-6c12c6212b86,26,Male,200,84,young
be70a4fe-32ff-425d-959c-cc785153877b,20,Female,33,100,young
fde5e774-3ef0-4566-b862-6e4b57e7d947,28,Female,28,59,young
8259f501-f6ff-4f25-9831-6e8267d823ff,27,Male,181,24,young
13d7f740-fdad-436d-b2b6-a7aa05ecffd4,19,Male,160,6,young
17d91b8a-4099-421d-b794-e2ef24ef6542,24,Female,143,30,young
a1086321-0b20-4988-b96e-fdf4e11e0338,26,Female,34,22,young
43db411b-1164-478c-ac13-cf8b035eee47,20,Male,143,67,young
b2575e82-4513-44a0-a76e-d00650eb665e,29,Female,73,44,young
b4f51c69-b7ce-4bc6-a9d9-893212e9892a,29,Female,23,12,young
35d5421d-206a-48c7-a12d-613e9318f11d,26,Female,121,37,young
874b3797-be1a-4934-9c33-73665c05c8eb,18,Male,46,12,young
4066347c-8a31-4547-81da-cdc79d107158,24,Male,83,51,young
74c3c65b-daee-459e-9cfe-83d37dede8a7,28,Female,56,5,young
200c2505-0bc1-4060-8d36-71d0705da59e,21,Female,66,61,young
d956e701-905a-476b-a18b-77026b1560d7,19,Male,38,28,young
370d0ee4-bcb0-4167-948c-6f428dcbb174,25,Female,161,14,young
4ba2004f-654f-4987-8bf9-4d74fbaa40fc,28,Female,119,33,young
9d1789e6-3350-4635-8f72-113895119292,25,Female,76,45,young
07136fae-6b6e-4411-b840-8a4972c38767,24,Male,50,19,young
cb91495f-b2a3-4203-a26f-0391ac38e1cf,29,Male,56,11,young
f29ea683-be48-48dc-9f9b-d2dc9a5b716b,23,Male,155,68,young
a428f319-8c1d-437f-b67e-958558dd41ed,26,Male,191,18,young
e7e66cf5-c16f-4fe9-9dde-303b83d7e320,29,Female,157,3,young
c3194028-aff1-4ad1-a09e-c70fdcf27055,28,Male,196,79,young
1fc8c15c-63df-41b6-b4a2-14971e3103ea,22,Male,42,94,young
b0b1ecc8-1c0c-4fa4-91cc-07429343d5de,19,Female,78,37,young
74a6c8d0-a282-4078-acf5-28b71cd39fde,23,Male,160,68,young
657b59fe-8dbc-49a7-9d4c-ca515870c05b,20,Female,75,90,young
274979f7-31ca-42f6-a6f5-5471dee2a6b7,20,Male,169,81,young
58c58fc4-447e-4c81-8082-3bc4b52b1387,21,Female,28,52,young
17133882-764c-4822-ba4c-44f6db78d90d,19,Female,115,43,young
6d69a27e-0f01-4698-baf8-bba7337d6486,20,Female,49,56,young
aacb874f-96ed-40ef-83b5-52b80b92f796,27,Male,99,97,young
95aed614-f568-45c3-bf57-4eacc8c76dc5,27,Female,56,9,young
6ddc12d9-12a1-43d4-bb24-b12906e21e1a,23,Female,180,14,young
baca7714-6a9b-4280-b4f9-5a14a6198979,19,Male,34,37,young
e34740ee-af41-412e-aa0b-69da29d4c711,26,Female,107,45,young
9cdc4c93-6867-4506-aece-29c46bdf7989,26,Female,82,26,young
2c89ee1e-177d-4449-b2c3-c1f38e6f639e,21,Female,190,64,young
0de1b13b-d209-4301-9eea-a2b04676faef,21,Female,109,35,young
4264ac59-8005-44ab-b9e1-e1a13dbefcd7,22,Female,161,2,young
08492599-2adc-4137-954f-58f2c0f3331e,24,Male,22,98,young
1615a4d5-9753-4588-a266-32cdec085c17,18,Female,163,2,young
167ac54c-6ae5-415e-a3d2-7c5156fb5a33,28,Male,90,30,young
630afd01-fef3-4b01-afd9-ddcfc2a00346,27,Male,45,84,young
3b0b7591-de87-4e30-82a8-ae2462624f4c,26,Female,160,100,young
f9b91895-95b8-4b61-92b0-9081180aeba4,25,Female,145,90,young
a5dfc186-59ae-401e-8ddc-63150adfad5c,18,Female,151,45,young
143245e4-98fc-4b25-a956-47e92b9e96da,24,Male,82,82,young
c97c79fc-a08f-4070-aa0a-763e5468cc4e,24,Male,111,40,young
ee76edb0-0b13-44ca-9c12-c67e8c92f7ca,27,Male,180,85,young
c557e244-b61b-415b-bd3d-eeffeabce1d9,27,Female,139,84,young
b2c6289b-78d8-4821-8dae-9f162d7f6545,24,Male,32,78,young
a91577d8-a61c-450b-a0f7-59aef01b3ee3,26,Male,161,64,young
dc72e55c-c2cf-4815-a1e3-0e140e2bbf63,25,Female,126,46,young
4932920e-f615-4ba7-8235-1b858ac93667,27,Male,161,91,young
4b6a1f70-8e67-4677-bb9a-976c5304fc48,29,Male,69,56,young
303f5480-98ce-41fd-bb94-1250da30564e,18,Male,50,12,young
790d893a-6559-4458-a511-44f0f605a067,22,Male,194,9,young
44983f4a-1733-4943-994d-2da2aca314e3,24,Male,128,97,young
5792e091-d9b7-470d-ac3f-2fc4ac090ea9,20,Male,41,47,young
8fa86256-a540-402e-befb-4d225947b8ee,26,Female,198,31,young
587eb2ee-b228-4201-b942-58352050ad89,24,Female,82,19,young
6a9ed1ef-bb0d-4e75-9971-6b2545ba4640,21,Male,114,59,young
674cc9da-0bb8-4fed-badb-3a07949859a4,19,Female,119,79,young
99e5032e-d27b-466c-8aac-6f1df0daee87,25,Male,78,72,young
b65135a7-1465-4eb8-a9ea-c4e26a243b14,21,Male,51,5,young
f6b56aed-a8ca-4c10-b91d-cecfd7839068,21,Female,110,95,young
1956c2b5-8e4b-4725-b366-13d1dd42b0a9,24,Female,192,36,young
c3fc4963-dad8-4b1b-b913-9d9609146a37,21,Female,143,41,young
c9aecd51-1552-4db2-81dc-d9e2a554c72b,19,Female,30,13,young
d6d4428e-4ee9-45ac-a725-512c7ada4296,28,Male,131,61,young
80099b01-b712-48a3-bafb-18de796bd50d,19,Female,163,92,young
66320b12-3f8b-43d6-bd22-3d89d15a7e18,28,Female,29,81,young
1ca7bf3d-7973-4ca5-a2c2-109c12fcb64a,21,Male,22,52,young
a83851fb-17af-43fe-a782-abcdb584a037,26,Male,60,66,young
8466af73-a02f-4383-991d-ef9f52799cac,22,Male,199,30,young
e52c982f-26b4-48e7-9f78-638cd9f6ae4d,19,Male,51,94,young
3be9f62a-c5a8-422a-b47d-73de1f6bfd63,18,Female,40,49,young
1d6e2dac-52c7-4a0d-aefd-22ee64f807e2,20,Male,183,38,young
2a0cd52f-ade9-4c55-b010-83d72d761c51,26,Female,136,84,young
d45f6489-a0b4-43d8-84aa-d9b398c5934a,18,Female,164,15,young
b1116d4a-fd51-49f1-bbe4-8852aa804e9f,19,Female,151,9,young
5794e2fc-3a43-40c7-af99-ba37cd178d3b,22,Female,83,25,young
258f95b9-6944-4ffe-89a5-25015a69d4e2,29,Male,60,94,young
21c0b5a4-0f37-455a-94cd-f66196c2aa1e,27,Female,91,40,young
c19ce92b-ad55-47ad-8ec6-4630468aa64e,29,Female,23,87,young
7ea3c354-86d4-4547-8415-6bfc5343eb10,23,Male,159,53,young
1ec9446c-9e43-4732-b8d9-43e0d29480ab,27,Male,159,72,young
baff35ac-8f45-497e-b2b8-67e0ab7feabb,18,Female,99,24,young
83428bb2-5467-4c55-a459-dc8a49b3001a,25,Female,63,46,young
7289a581-d04e-47cd-acc6-0fe87f5862fe,21,Female,158,74,young
6339333a-a019-4c68-916b-e769a83a06ad,29,Female,133,62,young
0ff04674-2ce3-4632-b60d-7f41f077544c,21,Female,96,96,young
49c1c51c-654f-435a-bede-936f08f3434e,18,Female,114,72,young
391e647e-94bb-447b-8d76-c9afe8680578,18,Female,143,77,young
3ab08a86-072e-47da-9492-6f5fa3671fec,22,Female,70,26,young
87e28ef0-5469-4772-96f3-63b59a3c9104,22,Female,169,42,young
f0d231a6-c61a-499f-b465-5d30b8d47618,27,Female,101,13,young
fa6b7777-508b-4270-9af9-f5237e0b14a0,25,Female,198,90,young
65c2572b-e785-4f5a-aaba-a8d6e49e78c7,25,Female,120,5,young
38e3dcbd-6282-4e44-b2d4-69aceec87f35,25,Male,35,80,young
9d770b84-f037-4029-afad-5039eab82409,19,Male,116,59,young
0b9a82b0-42ce-464c-a661-4f3850436727,21,Male,115,14,young
827cd9a3-0dda-48f9-9a20-3f02ba3d30c1,21,Female,78,89,young
68548eba-e54f-47c7-aced-e4a2eca444ce,27,Female,192,10,young
6fa3a8f2-7e38-40f3-8059-85fcbbb93414,19,Female,196,95,young
e1876a17-c88a-47bf-9783-ddf330eefcc5,28,Male,142,27,young
c54798ee-c72f-48b6-b56c-bea73e10ee9a,18,Male,101,45,young
e836b2fd-9213-452e-ba2e-8b77a07c813c,27,Male,146,15,young
0f203138-4683-4b1b-ac9a-3b870cb3ae38,27,Female,110,58,young
60835f02-5104-4ffb-bc05-2a05f7023205,23,Male,50,50,young
aa172ecc-1482-4dab-8e93-f64d0561d471,24,Female,96,58,young
f3dc163e-42fc-4c22-959b-3da77697a53f,22,Male,160,71,young
cfc7c56c-7f77-48d9-bfb9-196b919cd587,21,Female,71,46,young
03c731be-9b0d-4fc6-8faa-81eae80d1f8c,26,Male,22,96,young
f2e7433d-bc45-45a8-950b-1293167f28e6,26,Female,43,43,young
42f43c10-f015-4902-a52a-723e824cda22,18,Male,71,7,young
1077e439-064a-4a3e-8711-5fdc2ebf226c,19,Male,122,36,young
13f32015-847e-40d6-9e87-00801cbd7d9a,25,Male,198,3,young
c184b32c-d3d0-4a9b-8c5e-fe7a0053a78a,23,Female,32,68,young
52892211-33c3-4e85-bbff-4fc490f962e3,29,Female,41,58,young
c352b297-78ef-4ed2-afa7-82d04fa29721,27,Male,22,77,young
b36c770c-49fb-4038-b20b-c21cfb1f5b35,25,Male,146,79,young
825dc0e8-4311-4f10-9df3-72cde46f7b48,21,Male,45,55,young
0f8b7765-853e-47dd-99c1-651008326cf6,18,Male,179,86,young
64a6deb2-5452-41e2-b9ae-5a05ccb8cb77,25,Female,133,22,young
f5219765-9c25-41ce-bfbf-2683d4338da0,21,Male,47,1,young
5ba81f0d-9825-4c80-9a05-43d8ffa3d929,20,Female,79,17,young
41ce09d2-f8d6-432f-96be-ce5900cfcc18,19,Male,28,23,young
d6241abc-03c3-49e0-b1cd-fe29f14ca1bd,24,Female,67,81,young
7db797ae-e78c-4041-9311-52368fe15a15,22,Female,173,29,young
7a9df5c5-dfe1-46e8-aefd-74a742ae0bea,18,Male,174,4,young
d254e302-089e-4962-9197-99620e75b7de,20,Male,23,81,young
248a0d5a-6905-412b-8fd5-07a94e008b61,25,Male,46,64,young
7c561f73-a826-455d-a7a7-abc918de2bb1,22,Male,151,71,young
b6107347-a1df-458d-89b9-3a83852fb7f1,21,Female,142,5,young
4ddb1da0-cf29-4876-a6e3-cfd4940815a8,29,Male,43,51,young
e5e4102b-b4be-4863-ba4a-454c958a6ba2,27,Male,62,5,young
e8b11923-faeb-4843-ae15-743038992e2b,23,Female,199,59,young
236a038b-d7b7-4218-9e7e-06f873e9a5aa,29,Female,29,39,young
641036ed-c4ab-40c9-975f-b8ac36acb083,29,Male,163,21,young
6fa0dec3-cdb0-4827-991b-a636dceb56a2,27,Female,109,46,young
6243518e-5f61-42d8-9fc3-66e75a0a7397,20,Male,79,51,young
98ab5bce-c3c9-4ee8-adb0-9941685eb247,20,Female,120,30,young
00e203e5-c1a0-400a-b286-43939b10f6be,23,Female,155,85,young
4d3852fc-f35d-4b1e-a14d-d9254b36db57,28,Female,155,17,young
86af4537-d751-468e-9caf-82d831a2e720,28,Female,80,95,young
c78c5932-9490-45c7-aa19-bf5a80d331c3,27,Male,110,51,young
8f34c2e9-92cb-4568-b1a2-bb861bcbcdd0,26,Female,39,49,young
e729c7cc-9582-447f-b097-ece893e3f8cd,27,Male,152,72,young
cab3c7c0-312b-4971-b215-fccd447434f2,29,Female,195,27,young
83ed2c36-a344-493b-90ad-293920d1e6d7,29,Male,109,63,young
42dee5f3-9f47-42ae-9613-ec7d00c2ba13,18,Male,102,50,young
4d349595-9d91-43b4-9ff2-ff58daef0f4c,22,Female,79,78,young
4a95c162-0ca2-45d9-a1bf-975a206e87fa,21,Male,29,28,young
2f07e618-cf48-4d41-99a9-06e0702fa32f,21,Male,119,25,young
60751fce-ef3e-43a5-81fa-f924a5776bf9,24,Female,78,32,young
69d0daa6-456d-4aac-86ce-3a51ca23b0e9,26,Female,170,65,young
f96c9f58-949d-42cd-a7a1-f68bba1f3ba1,19,Male,164,76,young
dc46cd7d-d260-4ff7-bee7-768db6f23fd1,26,Male,149,89,young
864064e0-7493-4c4b-9d75-2c063f0cfad8,23,Male,188,33,young
38c4e928-5f43-4afd-bac0-7b2da9d7a318,27,Male,47,23,young
3067ddf7-0b14-4884-96bd-98aa897b194e,28,Female,152,85,young
107b302f-f809-46b6-9756-65399b3c2afb,26,Female,131,71,young
57af1afa-7772-4f5a-8142-9152f613eb72,28,Female,137,27,young
b5bcc859-cf25-4070-95d1-9e73994bb874,19,Male,121,40,young
44411742-9f27-47d8-b28b-0d7cebf34300,29,Male,97,39,young
877bb710-189e-44ee-bbab-900b9eab1e2b,28,Female,96,55,young
923b46dc-0d5b-4362-9b8e-3ae21abe7403,26,Female,128,40,young
afc6e3d7-8a82-488e-b36f-720f8ca28793,25,Male,24,82,young
d6a3aaed-b3ef-441f-8a56-e04fea93d90a,26,Female,86,59,young
4d6818e6-8ff7-4dd9-aae7-f6110e83e4d8,29,Female,81,43,young
8036fb80-0d59-461f-a3ca-9a68d1b6a572,27,Female,90,23,young
7be70de6-631e-40f9-ba4e-097289aaf520,28,Female,175,51,young
df4b3427-c7d9-47e1-b553-29a67e435a10,28,Male,61,47,young
eb17a258-9d7a-4f69-8680-3353b9c59033,20,Male,104,45,young
f1576167-c30a-4028-b79d-faba19fcd7fc,28,Female,164,16,young
efba7ab7-2393-43a9-8605-51672077d724,20,Male,104,73,young
e0d5d01e-4afa-4763-bffe-1f7517bda767,23,Female,173,63,young
69daaa0f-bf30-4fea-8c52-5a0f4391a822,26,Male,25,54,young
017089be-cdac-49e2-8e69-115a76a24f7c,28,Female,68,63,young
e3d5da36-4cd9-43a8-b6a0-7730bc43ba69,21,Female,137,19,young
05b82abe-d441-4b2d-abdb-b586b338d0b4,18,Female,39,94,young
e25d0938-d5e6-4913-aa1f-31dcaf652ef7,27,Male,185,16,young
553d6b19-8f15-46ac-bfe5-4100579c6fe7,27,Male,66,43,young
325ebc3e-449c-4cf3-a6df-ae1737753024,19,Female,120,40,young
07e6225a-0654-468a-95ba-2f013e358a3c,29,Male,91,65,young
7684a04f-9b43-4cf9-b0a9-86bb9d8f1bf7,20,Male,191,96,young
a0b7a2e3-ccfe-425b-b9ce-038d2e07f5d0,21,Male,88,28,young
65332d8e-e3e8-4bf0-a961-ca3bc3e3dedd,25,Female,197,26,young
f77c7b00-8d9e-4438-8f44-e6530f7a5450,26,Female,178,66,young
29af35dd-da73-421c-872e-33fe72f66d85,27,Male,125,15,young
e3012024-3991-4601-b7de-805d8808261d,20,Female,195,3,young
7d34459a-2ab3-4245-a141-d219bb606d80,19,Male,45,59,young
b5a39763-69ea-410d-8cc6-16c615dfffb6,26,Female,117,3,young
a1d2ecbe-358b-4b31-8bda-30b8d6dd08d2,29,Female,160,82,young
7f3f5deb-7a4c-41c4-aac1-3a8c474d1d45,29,Male,61,96,young
b9664a79-154b-454b-bdf7-773f72545c90,24,Male,170,37,young
7699c578-327d-4b67-947e-85f442f1777a,26,Female,199,36,young
26f62af3-82ff-4fce-9c10-bd64bdbfcbaa,18,Female,162,63,young
d4fd2c0e-afa9-4f09-a556-c722078eec57,26,Female,44,35,young
7f3857a1-18ff-4372-9465-224303daff72,24,Female,83,97,young
59c7e836-a838-4c24-a41c-3f60b2291e7a,19,Female,180,40,young
0acf6fbf-a10a-4194-a6ab-8d17178ca2e0,19,Female,61,91,young
8e4e3869-de39-4fea-a112-788f5987706b,26,Male,200,37,young
a179b024-a8b2-4034-a22d-1badeafa354f,26,Male,124,37,young
927f609e-c15f-4371-a177-461a4a2abfc5,29,Female,103,90,young
03fcf515-2b9f-4f85-9a07-039b2f8864ea,24,Female,192,72,young
f70737e4-58bf-4b1f-af54-07aa0dc8ff3a,18,Female,171,41,young
f8054827-1355-4453-97b4-b9dbaf36a8ce,18,Male,126,62,young
48ddd640-2a50-4ba8-befe-dfb149b7c56c,22,Male,51,65,young
6ff1eb3b-e49c-4de0-acf1-ad4e54a708ec,22,Female,187,99,young
2e938dbd-af52-4065-88f8-660726756309,22,Male,107,12,young
73a84b2e-9611-4bf8-912c-ee4b4c09b3eb,19,Female,27,36,young
cd8f1c20-28e9-49e3-aa1f-8dbc69a31036,19,Male,108,32,young
5731942b-134a-45fd-a072-8055883c853f,29,Male,38,90,young
0015128e-5ee8-496e-b14f-d75fd6127a19,22,Male,59,99,young
6430a43f-241d-43c8-ba03-46db46cff7a0,25,Male,114,41,young
a9a793bf-e843-42d2-8bd6-6f6a0a4f68d3,22,Female,45,20,young
098d0093-71c5-441e-9674-50a5f74e25f8,29,Male,145,82,young
7d9796ba-88f1-4e7e-9e39-ebc3ec4e4e32,28,Male,89,3,young
de89732e-ad08-4ca6-bb1c-4c4500d24745,19,Female,97,87,young
ab32836c-d226-49c7-a820-67eacd7222da,22,Female,52,38,young
424b27f4-7f91-4c4a-9ddd-54889f42d0c2,26,Male,35,19,young
2d7277d2-0a7c-4e8c-b2b2-7d2293112b20,27,Male,81,40,young
1956ff57-6c53-46f6-981b-7c5788815261,26,Female,74,25,young
ac352ac3-a759-4514-9ef6-2f13ef2ce4ab,21,Female,195,9,young
2998069f-b81e-4042-9101-3fd95d7b2ddb,28,Female,31,74,young
492905e1-941a-4419-b86e-03e701a68ec3,21,Male,26,60,young
462c2b7c-1654-4359-b22f-aeca5b807f79,28,Male,37,48,young
b9c58bde-5565-46f6-ad04-9196d0b4c7b3,26,Male,165,1,young
c3ceeb5e-a3ad-43a0-8519-a2685500b356,21,Male,55,84,young
14728282-fbc3-40f2-8ae1-79c05e43034d,21,Female,169,56,young
ecd9afc9-b4ae-4560-a3b0-2e7f2fd46dbd,20,Female,133,26,young
85be91f2-983f-4ddf-b813-4ce1fadb0779,23,Male,74,96,young
9d45e6b4-98d6-4a5b-a4fa-4f771434f4e4,18,Male,123,44,young
48aae04f-3c09-4322-b479-ec2fe08d24fc,25,Female,57,70,young
0bc523de-6c7a-4e26-8af9-6a62434c9bfd,19,Male,117,95,young
df91c860-b4ba-45b0-9694-85357fe9780c,22,Female,141,74,young
2840b072-870f-4aa2-af6a-dc5c60a8bbb0,21,Female,23,93,young
edc9bcdb-279b-4fbd-8d46-af9d53bfac0e,29,Male,192,73,young
42787f3f-73dd-413d-9ec3-99b959406f0c,23,Female,162,3,young
0a7af577-d645-451f-8543-4ab2524aa5ee,20,Male,143,29,young
264c36c8-9338-46c0-9020-d3512fc65d76,29,Female,109,70,young
22dd1a94-50dd-48c0-a007-b6e56f4353b9,21,Male,136,1,young
b688db6a-e220-4224-bba9-d3cf263dcd94,27,Female,73,65,young
6c1a346d-bfe8-4461-9370-a61f16cabb14,25,Female,58,55,young
46455c78-8699-428a-90b1-1a3b4ff32949,21,Female,155,99,young
ab460ea5-8234-49f2-bbf9-8f4a782da34b,22,Female,111,28,young
2f1e843e-ab53-4285-9440-69bdf85985f6,19,Female,125,72,young
9e7c234d-d887-42cd-8a04-f6e9ad87dd84,21,Male,38,71,young
83a9fe92-0446-44e5-a2e7-8ea581056fe7,24,Female,113,19,young
e5d2468d-3494-4978-9e21-c88e7c54e812,27,Female,32,94,young
f27b0959-0ae7-4747-bd15-323e455481fc,19,Male,125,87,young
400591b9-6d03-4d59-9b73-893f29dec99c,20,Female,129,67,young
6b98c871-919e-462c-a66a-0c9197cbbf22,23,Male,141,76,young
d9486b71-e3b7-48f8-8d32-ebd7a3e6a0b4,21,Female,56,48,young
2ced4734-2f2c-4577-8a40-8c64f41d9544,29,Male,104,8,young
021f852d-4399-4355-bc66-4f9c148d8f78,25,Male,43,6,young
90075cbe-27d6-4d42-a75f-4c92979c1788,25,Male,168,57,young
64da2a19-88aa-4ce1-bb5b-ba36b6f51e0f,20,Male,170,2,young
c198ccff-2f6b-4108-b0a9-1bedaa622191,26,Female,120,9,young
ff071d02-5908-4f90-8fdd-024450a80390,20,Male,36,12,young
4b66ad2e-b1d4-4895-89d2-eb3e52d86612,27,Female,61,19,young
30c44979-7388-4cae-bcb6-361c82a12d3c,28,Female,79,51,young
7c9796da-44e4-495d-93f1-0b6e2ab043c7,20,Male,102,6,young
0cf8f920-2860-4c9a-81ab-ce9b3a0e24ad,24,Female,84,51,young
548df5a0-bbd4-452f-bc5b-0182a8bc33a3,18,Female,176,5,young
842cf544-71db-481c-ae21-f7672f249e6c,24,Male,73,65,young
e46a3f73-6f89-4d26-8ead-3bc6933b8da7,26,Male,146,5,young
d995d05a-a7b6-4097-9142-048e3013d040,22,Female,82,64,young
b9965dfc-57e7-47fe-b7a7-2ef337818eda,28,Female,77,74,young
024c086f-191c-49ba-a466-8d7378c8ff4d,22,Male,183,98,young
9d12b08e-8d64-44c6-b310-90c82d33d28f,22,Female,152,79,young
ea370122-04fb-4b8c-ba22-91528bdde7d5,29,Female,104,70,young
10022562-b3c4-4842-8b4a-bae554326324,25,Male,92,6,young
a66592f8-5343-49f7-b740-b707bdfc3c00,26,Male,190,11,young
2ba71ab8-e6f2-4254-a30d-f41896476570,29,Male,57,61,young
89fd3c79-c383-4697-839b-61eb14754414,22,Male,58,33,young
6e8a2409-95b8-4970-b5a5-cc2867159efd,21,Male,36,79,young
881d6a88-8559-41cd-9163-0f4d367ce4f0,20,Female,121,51,young
07af22ed-4db3-4240-830f-b0b3f2472013,27,Male,85,49,young
ff889f0d-49e3-4ce5-b3c4-ab4dcde82ca7,25,Female,124,88,young
d3dc8a6b-7d05-4d58-9cfa-2dd15d5d3ef7,20,Female,174,83,young
b0a85c8f-c27b-49f5-b23f-075fde3e8a12,26,Male,108,90,young
217af061-4290-442a-9efd-7d936320dc55,23,Female,24,91,young
efdd713c-9332-4ea5-9885-b09a1ba3c722,23,Male,194,91,young
2d460090-ec36-47b8-a34d-2e970c436110,26,Male,195,37,young
79f3cf53-a68a-4c6c-b7e0-5addb865a93f,26,Female,55,4,young
0055fa7a-f74d-4e6f-be70-27449862a5ef,24,Male,125,55,young
dd8aa225-de5f-4322-a9e8-421c5b48fdf7,22,Female,54,78,young
cd189bf8-8b6a-4a80-894a-035bb4c22cef,24,Male,65,45,young
4e5c7530-4db4-41f2-8324-92a40de91d9a,29,Female,185,38,young
8cac8548-dc8d-4178-b977-14a64ac946f4,19,Female,104,75,young
e778b1ff-b606-4825-8581-675f02ab7de7,21,Male,176,47,young
dcdd6644-3f5d-450e-a311-f96a66c9a109,20,Female,152,49,young
0b5659c5-5bce-41ad-be83-e47af2807d5a,27,Male,121,45,young
5c8f9f88-cc39-49fe-94af-a8998a7a4890,20,Female,108,4,young
614c2dd4-1b6d-4d58-acf3-e5e0c2a50caa,29,Female,69,40,young
60b0eebe-aa69-41d5-a19c-e6dde4bdc1f0,19,Male,182,76,young
eb3480bb-3c70-40be-a804-8940af4934d6,29,Male,194,65,young
40bb7633-870d-4908-86f7-ac9eab936bfa,21,Female,121,32,young
5660bb0f-1108-4211-8aa6-51317a7945df,29,Female,30,11,young
fc06a5e1-65e5-4a88-8c43-0a5f5ba1e9c4,18,Female,163,78,young
cdc8e60c-3aed-49f9-977c-d27c735e51c8,27,Female,178,88,young
2641774e-a4ee-42fd-89c6-af50b103587d,26,Male,109,25,young
d82d0e6a-72a6-4323-b1ed-a34867faebdc,25,Female,95,95,young
1bad13a4-3c3f-4daf-8293-662bc8df48c0,27,Male,60,46,young
45a238a8-7b40-46f3-81a5-35e0cb94ae75,29,Male,88,30,young
7db7ee21-a76e-4c6c-b383-99993c0b0ea8,19,Female,105,47,young
6bf3bf82-2862-435d-851a-5212fbc15f3a,27,Male,84,51,young
43b74c1d-2888-4035-9506-797ea3c7ad1a,28,Female,51,64,young
ea7d5e36-4c74-4385-a09e-88835d110e64,21,Female,184,40,young
2be21b7b-2820-4360-b0b4-f849b420e0b4,25,Female,163,97,young
1a0800af-4eb7-4618-a912-1ecebba151ad,19,Male,99,81,young
9439e970-759a-4a0a-b624-21ebfdc67509,18,Female,119,47,young
99d0abec-4646-4559-b71b-a8d2fbc71e17,19,Female,173,89,young
71073bf4-5985-46a1-9b2d-838682082c54,22,Female,62,75,young
96f91eda-f51b-431d-b1eb-1e697397da47,28,Female,86,87,young
1171c81b-8258-4868-9446-50365261ca4b,27,Female,129,59,young
670a6b47-6d6f-4d31-9c26-f005bf32bac4,29,Female,196,28,young
1e7ebe51-1bef-4197-9e62-11983ddc15eb,18,Male,67,27,young
abdf980b-ef4f-4d20-94ff-2361e5dbdf78,26,Male,175,72,young
dc81fc0e-6282-4dd8-811d-b1364689e4f0,29,Female,105,66,young
2a6804b5-8b76-4431-ac1b-2bf7fe958f2c,18,Female,149,13,young
37c93f4b-8e21-4f16-9c75-d055749bb3a8,24,Female,43,77,young
63d97680-a515-4dc6-905b-89f535683b1d,22,Male,77,29,young
b09664f0-80fc-4ad9-aede-d2b2cf2ff9c3,19,Male,134,57,young
31dbd18a-a6b5-48e6-95b8-43e9457eeda6,25,Male,104,87,young
1c8c32ea-f772-464b-b9fa-439b12cf699a,18,Male,158,64,young
d7e9227e-a363-492f-ad9f-88cccbffe30e,28,Male,132,70,young
d3afdd98-09ec-4315-9eb3-c87c8ed82078,29,Male,133,23,young
ed754a65-605f-4e86-bbd4-c4f7ab96a00c,27,Male,31,29,young
fdde8cd0-8755-4366-8385-482411414a84,20,Female,128,77,young
c11e284e-db7e-497e-a376-822ed8dcc50a,29,Female,180,76,young
bbd8051e-0391-4373-aaf7-8e5cdd730c68,27,Male,59,18,young
2bb8406f-7208-4cec-8cdc-f5fc0de430d7,20,Female,191,28,young
aeb45b22-537f-4f21-b2ab-f47f1b8fdc99,23,Male,85,63,young
3de1afed-ab87-4097-860e-3f85e6a2b611,20,Female,98,83,young
78ca6151-ce48-4ca9-ab9d-20c60f232e98,29,Male,179,93,young
eb7094de-d534-427d-81aa-967b8a8e24b0,28,Male,53,11,young
ddb60042-41a4-4089-ba1b-14ba5ba5ca8e,20,Female,192,84,young
31c1874c-707b-42ef-9c82-046ec6c9ce52,20,Male,36,18,young
a177bbdc-eec1-4607-afe0-dbda71a1ab3f,26,Male,76,68,young
c9e46f6d-848d-4972-a48d-f481f95ce1b6,19,Female,193,93,young
046c8fe0-a3b2-49bb-8db3-4a71d25bd7d4,20,Female,180,61,young
43cfda69-fa4a-45e6-8f7a-4a154ef74dfb,19,Female,86,60,young
e342d700-c809-478e-99b8-31712b2ef5d6,20,Male,111,72,young
9332a6c4-acef-4fb1-b871-2da1cbdf581c,20,Male,122,50,young
f0853eb2-394f-4922-87f7-57747785d9d9,23,Male,106,32,young
1af769c3-48da-4189-9935-0e7cc2e9bb5d,29,Female,73,53,young
4bc390cf-4bee-421a-8a48-ee5c32c36591,28,Female,45,76,young
7aaf8edc-a0fb-4c5b-af07-1c44e5956606,21,Male,87,78,young
29e143ed-67b7-44a3-96c6-955b09716fb6,21,Female,33,98,young
9a691a3d-e5ab-4f28-85d1-6b7378397c60,27,Male,98,71,young
de7732b6-bc7b-48b7-8c09-02f0d367982e,22,Male,89,59,young
efe49a32-0bf0-4800-b948-f0f39f575425,28,Male,99,32,young
d769e993-7a38-4768-8ba6-369b042f0c07,26,Male,36,65,young
4ed759e9-d0ae-4737-bd40-3c6f16fd0640,28,Female,143,94,young
f7d23bac-3282-43d0-9165-bf8ef27a0b56,28,Male,175,7,young
8a0b6fd6-92c9-4a6e-b4fb-42ca29dd8461,22,Male,150,96,young
f5cb1ae2-e048-49a9-a1fe-e8e55813c3f3,28,Female,78,64,young
779673e7-f5d2-4941-883c-5e714effdaef,22,Female,198,63,young
8bfbc368-0bcf-41b9-a746-04cb9258715a,27,Female,95,85,young
a9611026-c6a2-470c-89f0-43b97560ce9a,19,Male,51,73,young
7177f6ef-eaed-4b5d-84a8-801c89b08171,27,Female,100,59,young
22a3b4ac-3e93-4a70-ba98-2741ac9020f8,18,Male,88,4,young
ec8869bb-bc5c-48b5-bcac-0fe73d40bfbc,18,Male,53,65,young
7a42c2c3-09c6-41a7-b1d0-2c9dcd788684,28,Male,79,49,young
108879e3-1233-4fe8-9d9f-87eedb7fa1fa,22,Male,154,72,young
8fab657b-e3fd-45e6-a619-c1d7180b0930,19,Male,25,39,young
4d28ed65-5120-4914-8284-758c8309be1e,25,Male,26,78,young
1f98b354-4906-4712-a656-a91ab2306a47,22,Female,155,73,young
c8879991-6574-4139-a516-ad5d288f1d4a,19,Female,178,20,young
abdb869a-a85b-4607-a3da-480e75a6c042,22,Female,177,83,young
a20ff143-867f-424e-97d7-cfbe081784f7,25,Male,35,88,young
b43d4c5b-3f3f-456e-ab45-f6cc3c37c27b,26,Male,95,99,young
d21996fc-a23d-4135-bd39-547406e2ea50,24,Female,186,93,young
97770c6b-81b7-40c9-ba85-20d3d8531ba1,20,Female,94,24,young
8d1b65de-4517-4b48-a3b7-6128afd554d9,20,Male,126,70,young
9413c86e-f9df-43cc-9e8e-9037cc53120b,23,Male,104,31,young
b7a591ba-664e-4a47-9aab-0f5131a0ded4,22,Female,158,30,young
136e6954-a1e8-4371-918b-053902432fef,21,Male,35,98,young
cbeb3902-9217-4dff-8296-340efb4aeabe,20,Female,25,100,young
9b0a01fc-9ec0-4f54-b749-c419045faacc,25,Female,36,25,young
28b19b5a-cf88-436c-ba62-8375f929fc71,25,Female,124,16,young
15ad4638-042f-488f-a829-642c8e94d2d2,23,Male,45,39,young
af16338e-e314-4175-ac77-562f74014de0,21,Male,27,66,young
919bf49f-253a-45e3-88ea-224329709e4d,23,Female,120,89,young
a5a71d4b-a7f9-466e-99c1-231d25c83201,26,Female,85,35,young
19403396-977c-46ff-bf50-ecef8ca54231,21,Male,173,7,young
f3f71366-91e6-4d46-9a6b-c772b89ccd86,20,Female,60,2,young
9d3d2c0f-add3-4c6c-9ba7-53d387d66d9f,19,Male,185,3,young
6f7a900a-4496-4976-be3f-13a2a622fc57,21,Male,48,99,young
01c87e1e-c884-4b75-a19f-8a4c6d1d2147,19,Female,188,33,young
11dfb3c1-0292-4843-8069-61b9acc7796d,21,Male,87,88,young
069845f5-941f-4d41-a095-4253f343b3c0,25,Female,35,45,young
06587c36-b470-4680-b089-d8c7c3493d03,25,Female,199,12,young
2d8c20db-df8e-4bb6-a9b5-f2ad69cc5e22,24,Male,80,8,young
9ff2a966-9281-465d-8457-8009f11224a6,22,Female,144,19,young
a4d96f4a-2e9b-4784-93ea-911a4c2d1909,18,Male,137,43,young
c639f9fc-99ae-4bad-b77e-5fd4a77c8e14,19,Female,151,44,young
88d01388-e7d2-4824-b5bf-9db9841e00c5,27,Female,131,3,young
2395bcb9-faf3-4ce7-a1d4-1f502098e555,23,Male,66,15,young
f02fa3ba-a464-4987-b412-6b576028f32f,19,Female,189,48,young
fe380d5a-8c11-4b55-8f67-03c0ec23dc8a,29,Female,168,8,young
478df417-96cb-4e04-b820-ae3a2ccf12db,19,Female,188,65,young
8dd4ef0b-3a97-423f-9f72-e76801ed8c7d,18,Male,52,70,young
c9967824-b2dc-46e0-a25f-99d60ee395b0,26,Male,37,92,young
50d2b901-aa37-48b6-8b3a-c75e4448274b,22,Male,41,67,young
634b7220-eccd-4b55-aa94-75b4dccc59c7,25,Male,165,14,young
9d4235c6-f9c2-4bc1-bb01-691f492be870,18,Male,186,81,young
e62d2e6f-8e6b-44e3-82f8-de040cf5699e,29,Female,183,93,young
23c88cbc-c3c3-47bc-9476-4af2e38dd268,21,Female,72,84,young
75667ebb-553e-4c14-ab2b-a12c04ffd01d,23,Male,174,76,young
dd8b3218-05b5-458d-8ba5-f6bc0efb9459,27,Male,31,52,young
08bb1369-efde-4d39-87f7-9aa83bdc55fa,29,Male,140,69,young
a989d19b-32d7-452f-976a-4b7f0f34ff31,18,Male,155,97,young
2431a672-f2d8-47a7-a5d2-1159afa572a0,25,Female,69,18,young
54af0d5e-3dbd-42f9-a21f-46ecf50b8682,25,Male,123,51,young
603f10bc-50de-47f7-a93a-778cb3c0fd4b,20,Female,190,96,young
688df0ed-bd81-4956-9308-604fcb9c3262,21,Male,66,36,young
21c0b65c-44ec-4998-883b-7dd1810872a9,23,Female,196,80,young
74bcf30a-4de9-4622-a505-fc44acb86e53,18,Female,151,62,young
49bf1117-631a-4752-be25-0ac6d6dd0ea4,29,Female,63,93,young
c72189cd-80bf-4792-b89b-6f4ca2447229,28,Female,116,22,young
8c92bfc8-3347-4de7-81e9-e48aee6c4499,29,Female,52,37,young
d0c87ba0-038b-4b39-b87a-40269d916c33,21,Male,89,6,young
52f8be83-741a-478e-9237-063eb3d6dd43,19,Female,129,5,young
171dfa86-c2ea-46f0-87b5-d72dc77e9955,28,Female,94,74,young
351e03cf-5b6b-4f32-86c4-84dd0c3d07e8,26,Male,109,88,young
bc1bc1b6-bceb-4b39-977e-a2e5447e3715,27,Male,110,91,young
fd8b7cdf-78da-4446-b599-c271471a0d14,24,Male,36,44,young
e38826c0-865b-4848-9cbb-40ed965a18b6,28,Female,112,89,young
d3b52820-427c-4813-ba8b-ccc99326faee,22,Female,200,59,young
6c749806-e132-4a2b-8076-211835b89c98,26,Female,60,64,young
0dd159c2-d43c-4f0b-a81c-98895ce29e70,27,Female,62,6,young
fd74bd6f-077b-4401-8732-66bd9011d697,19,Female,83,84,young
194b3148-8e1a-449b-8581-c3913ae40223,23,Male,36,91,young
ab59cd8a-dc9a-4a10-9df7-88fd22777b57,18,Female,65,27,young
c9bdd118-2e9f-4a2b-b1ae-dd62e2578d7b,21,Female,70,41,young
3e92af96-f434-44f0-9a82-a214c0d13b03,20,Male,190,58,young
47e34f5c-0d0e-406d-a3b8-869b49a91825,25,Female,87,30,young
46d2a443-eb57-420a-b9d3-89748df497a4,21,Female,150,3,young
e241555c-385b-4341-90f2-0a13d9169684,19,Female,191,8,young
7fdf91e4-048f-4987-bea5-a4a2a537818d,18,Male,78,1,young
821a4a0e-e0d2-4ad6-aba7-a85bcd04dd4b,22,Male,81,90,young
bc41a897-c217-48e1-8a79-304376daa945,24,Female,144,5,young
6703f33b-9839-4025-bff5-6d05f3c2f9ff,27,Male,186,18,young
cadc7413-ac16-47fa-bf21-c8a2c0984e24,24,Male,184,47,young
6e19ebd3-c14f-4d4e-98e2-3d2c37f9d903,24,Female,139,7,young
4c9a1e7c-99e0-4316-8931-a2fd715da1ff,22,Female,160,56,young
754e55df-67a2-4cd4-bdc8-fdf54da0f866,26,Female,37,27,young
d89195b3-405e-4008-ad3f-7e7c335042c2,23,Female,145,18,young
f448c5ab-3810-47c2-814e-3dde55a883a2,26,Male,70,30,young
a79912ff-7b03-4efa-ba30-9b1610d69571,22,Female,159,93,young
7ed75857-a2c2-4149-a9c1-f3f3451a6fab,26,Female,140,1,young
f8f2cf17-ab92-446e-84d3-4e45c553ab7a,25,Male,95,19,young
53270789-8f29-4ee1-8f66-8817b520c33a,21,Male,24,43,young
9a441349-0b54-450f-b2c7-0244acdcfa8b,25,Female,161,100,young
404336a8-94e6-48d5-bebb-adb76f8497ea,21,Male,120,78,young
1888514a-4724-44dd-87a1-d4f2149d99c8,18,Female,143,2,young
30fac779-cfbf-4488-bf20-06ce7ec6cf35,20,Female,130,87,young
1dfcafaf-553e-4ed9-9f2c-a2f1865b87b0,21,Male,93,41,young
ba7091cb-3823-45ac-ace2-5f30bdf1c3e5,25,Female,184,60,young
a5d13f03-68fd-4b57-a814-0131275ed361,26,Male,59,72,young
1b78ff63-f21a-487f-9294-9d4bff22bc31,21,Female,129,61,young
6df543c3-f40c-4ece-9ae5-2073b035c079,29,Male,163,22,young
5d171284-ec85-4fc0-9bfa-1505fdb72903,20,Female,191,10,young
f33d44f1-e323-47f1-b64a-927023f1f5c8,29,Male,122,65,young
f26da73d-1004-4839-bc0c-7ca2f4977cc3,29,Female,168,50,young
dfb1240d-49d8-4065-badc-7b4b055b5c54,27,Male,49,18,young
8fb72ba6-e488-4ab7-8a50-c52d091fdcc8,18,Male,98,60,young
19e26376-a810-4025-ade9-de17c077b313,21,Female,142,38,young
301e0c3f-1c5b-4e74-b952-5bd5c5783d2c,27,Female,63,45,young
10774dcb-8023-44de-aca7-4c6db1c0d638,24,Female,85,8,young
bc41cc91-4e5a-4442-9710-ad0ef563c761,21,Female,42,52,young
e385ce12-04c3-469a-8280-25e9c334dfc3,27,Male,170,42,young
28dbda2e-fdc4-4ed5-a53c-892ca73a4c59,19,Female,180,71,young
c13c3f16-b3a4-47b9-8b50-fca9a5fb287b,20,Male,132,69,young
d820f518-5efa-4371-9f7d-7f8c1c7b4a1c,23,Female,104,60,young
891c3834-c099-4094-b879-1728a59c1886,21,Male,184,80,young
22244611-a14e-4cae-bbfe-b3d7981f3cb5,21,Male,171,28,young
d6d1bde1-500f-45b8-b47b-d977e34f1c82,28,Male,189,24,young
f39aa20f-314f-4296-8ecc-082280514e48,23,Female,152,29,young
e29429f7-3888-4561-8dbe-704f8e8540aa,22,Female,60,65,young
a67ae12f-c116-4def-b101-5ac7fa5388b9,26,Male,147,52,young
ebaecfdc-c77c-4dfd-ae5b-4d884e4193ad,20,Male,63,56,young
2072f0cb-1883-42d5-b69d-a038db6c3712,18,Male,126,36,young
5a9234f4-6a44-4ff3-aa26-cf8ad5bb2b5f,22,Female,119,22,young
39ce36e1-f504-4898-8ef9-3d517b57c491,19,Male,68,47,young
26977df5-7900-4d47-9b02-f38fabb8ee79,22,Female,194,24,young
fd67e537-ad90-4b36-9279-70c2fcb10bc6,29,Male,70,95,young
feacfb74-9840-49f7-94de-4166ccf4ab45,26,Female,130,26,young
b3063e22-6557-4c1f-a33f-06deae41b154,26,Female,20,38,young
9a866825-fcde-48f7-a06c-439018242c51,25,Male,29,97,young
07235747-855d-43d9-b69a-9c6a1ab51177,19,Female,159,98,young
ad305e7e-1d94-45cd-839b-865cefd3f4c0,26,Male,32,75,young
2d102153-7455-4960-951d-7a6fbe114b9a,21,Female,77,45,young
2fceb2fd-281c-480e-bf45-914445166c30,28,Female,66,32,young
a0899d68-33ab-48f0-8cd2-d03f34aa4a78,22,Male,101,66,young
60057501-26ce-49aa-bba9-e3f04341778d,25,Female,40,38,young
263332e2-8439-49b5-840e-63941aa2ff4e,29,Female,58,47,young
51dc55be-b43c-4e50-b4cc-709d28119bea,25,Male,98,9,young
ad7c7df3-3d48-4c5a-82fa-7266b59f5429,19,Female,176,6,young
ed34a620-e567-4b23-a859-c9ec113172cc,26,Female,136,91,young
e0b88528-55c0-4cc0-8bf7-6fac1eb09965,26,Male,177,1,young
c6291445-75fc-45e3-947c-32a39a0e1e8d,18,Male,159,12,young
1c798021-7bcf-4150-a8e4-ff5b00a8e739,24,Male,176,85,young
a2735880-e6bb-4a72-80ae-13303ff77fa7,26,Female,167,43,young
1e8a477d-69a6-41f7-9c5c-623cb7645e78,23,Male,190,99,young
995a7872-a784-4f3a-ab9c-0fb674e36333,23,Female,94,71,young
2e06cd28-579a-4d6f-9a65-8b255c13439b,24,Female,46,76,young
ac9b0896-2626-4d9d-b65b-68a34d05abe3,26,Male,111,57,young
9b049078-60f0-41d0-8f0e-15db25d83e6c,23,Female,152,47,young
4078898a-58f2-492c-8780-5d27e1ecdf56,22,Male,136,91,young
56e0b405-5b10-4df7-af2a-be393d4cf47f,23,Male,178,47,young
dd976efe-43e3-4e45-bf1b-b421afdc66c4,28,Male,154,87,young
7a549007-219d-4b4d-b2f7-66091464247d,21,Male,27,89,young
60ae7e7d-4be6-4d39-8bb8-eba4b4a9be3c,22,Female,30,78,young
ba75b90f-f270-4194-a48f-999286964558,25,Male,103,20,young
7a1825b3-6d34-469a-acd3-6b5f7f049294,26,Male,149,85,young
2b0d8e6a-787c-42c0-9821-85fbbb82ffe7,25,Male,93,78,young
0abef408-944f-4b76-8391-0dffb280b283,21,Male,44,11,young
8e2f8297-f63c-4d14-b3fe-06ac8e826a9f,24,Female,38,4,young
2e03e366-f7fd-4a19-86fd-53032c6c9532,22,Female,150,86,young
cfd664bb-1342-4de4-8146-9f227a848d37,20,Female,119,16,young
6b45fd79-83ff-4bbf-ba64-db3740152b69,25,Female,100,14,young
c39fef3b-32f5-4898-a4d4-ae8a5c679d86,22,Female,76,87,young
f21a4176-1bea-4c19-8a46-aa8630d3cd22,27,Female,68,50,young
301dc2e3-6c3e-4720-9cb8-92ad5a0710a6,29,Female,116,98,young
2145cf37-0351-4f69-b81a-2c6d9c1b6434,26,Female,75,98,young
2bb1a55f-bf1e-4bdb-9ae7-cb152033f56b,18,Male,137,25,young
9e47b17f-33f7-4d99-aa88-836c80170c34,21,Female,128,6,young
cbdd5669-eaef-469c-80ff-4642c0a57aac,21,Male,192,29,young
b7faa9c3-8f76-4451-8848-51a4ef9e2b67,28,Female,160,41,young
37df2e8e-c2a0-4f3c-a0a7-572a6d244ae3,19,Male,96,66,young
d4845967-193a-4ff2-8695-aee6a61a19f0,23,Female,187,67,young
417118d7-5b36-426b-abb8-70af2542bcc2,25,Male,111,30,young
358d8888-794c-40ef-ac42-7593eb39cda8,29,Male,43,22,young
65592189-97c2-4399-a854-7cfe28705ef2,28,Male,47,18,young
ba7d90cb-db99-4bf7-9a17-9ed4f83c0a49,23,Female,62,66,young
32875e14-dbf6-48c3-9154-1935b34f8ad0,22,Male,75,95,young
b8239e3c-230e-4685-bba3-a83dec8a3475,29,Male,172,5,young
9441ee4c-0d52-407b-809a-3f61e4eec5ea,18,Female,149,89,young
fe3ce49e-9033-4a7b-85de-ba2e6da037e1,29,Female,129,12,young
8f1b1228-817d-44ff-b70b-31c4ebac3d94,23,Female,80,19,young
f5cf0bcd-85ce-40c8-adc9-6645a36490df,29,Female,46,16,young
a714cfae-b3a1-4949-8b47-c586fed3a3aa,25,Female,103,90,young
b8e53550-d031-4260-b881-d25df1fb8517,19,Male,84,87,young
3bdbf9fb-8fb9-4925-92e5-495de0263a4c,27,Female,174,66,young
7e435171-c0a5-4fa5-8533-5ab62779a894,22,Female,99,99,young
6be3fe5b-6c5d-4435-8844-3d8cba9f9488,28,Male,83,19,young
40d8939c-93ea-43df-bfc6-0d97db5a2995,26,Female,96,79,young
04c0486e-6f38-4343-a79e-0150aa12203c,21,Male,125,62,young
3bbf2fe1-147e-418e-bda9-deef37eeb513,19,Female,119,59,young
1798665a-e992-4947-932a-82d731703328,27,Male,169,71,young
97fb62d5-fd18-4569-898b-253e8fc5315e,20,Male,37,96,young
7bab6a71-f045-4c2c-bf3f-265577b33d53,25,Male,87,97,young
c2de76f0-aa0b-4c80-b748-d57922261fdd,24,Male,145,8,young
64dc36bb-2fc3-4f38-94a0-34f7f599baee,27,Male,176,2,young
4ceec485-ce01-4682-b6de-b3aa38fc6967,20,Female,199,81,young
f36ba0c9-31bb-466a-a2b2-c506e7886860,18,Male,183,84,young
0ba1bf7b-cd8f-4932-815c-b4f332f881e6,27,Female,38,10,young
63397ec3-4ff2-4d8a-acf9-f9d11f680c77,18,Male,57,30,young
50b0e68c-6c5f-4ab7-8a24-b474e2a5af2c,29,Male,39,34,young
d21b4f0e-9d8f-4836-9b64-bbbd520027c2,28,Female,35,62,young
937a1cd1-3bb4-4b0f-ad7a-4ee062a01a30,27,Female,189,27,young
390d4584-3595-46ee-9fe1-62c7eecb03bb,19,Male,87,82,young
0b589709-bd15-4e5c-b532-fba8984031c5,18,Female,145,98,young
7e34735f-8643-46e0-8cac-8c114e38970c,23,Female,131,92,young
2c1f36ee-eacf-433c-83f1-34a771f5481b,28,Female,21,70,young
70eb434f-0eb8-498c-a739-4f25a9361194,21,Female,186,12,young
f8dd8811-db56-46f8-b0e4-30f8927b6e29,24,Female,98,17,young
b1b03b74-6428-4f50-9503-6c709a4f51ef,21,Male,134,21,young
ec2a8190-2bc1-463e-b54a-7080878561a8,28,Female,94,42,young
eb065f9c-09b7-4a7e-9ca1-b464f30f312d,18,Male,84,39,young
d830df1c-021b-4737-9a32-a0a263e33367,19,Female,117,13,young
0068c9f1-7ee7-4863-a637-f0d0923867ab,28,Male,180,49,young
38eb59ce-1603-419b-802f-6a99b440ed0c,27,Female,61,36,young
51a1037a-339b-475d-8eec-de57dd922d66,23,Female,73,44,young
199d9cf2-20ce-4577-bfb2-0fbcdc0afecf,22,Female,63,61,young
f21a1884-7a9a-47a4-a89f-9fd0388eef43,18,Female,135,87,young
a2954bd2-a7ba-4711-b5a0-16172beeac64,22,Male,100,50,young
b0c6f227-b0e3-4989-b102-f37f2de5e366,23,Male,57,78,young
f7db57ed-aac3-47ca-a120-e38aa7cf5d27,18,Female,104,65,young
8cc07169-669d-463a-9d7b-3170e9597829,19,Male,32,8,young
e967ae55-a7eb-49e0-b9b2-b72197474a94,22,Male,58,36,young
ad45a742-ef55-408f-9340-838b27d189b5,21,Female,183,62,young
012af73b-5f16-404b-9cd8-083577281d47,21,Male,129,68,young
5d61a695-3330-4e72-af29-a71a4e93bd6e,20,Female,77,6,young
c718564b-4027-4f7b-9057-420c4f8d8b5c,25,Male,168,20,young
70a6fe14-b05b-45da-932f-e22480a98de1,22,Female,111,15,young
6d19d5b4-1810-4662-99f2-2238ea49bc89,19,Male,41,7,young
66b9c556-f36e-4ec3-9069-681ef42b6817,28,Female,30,16,young
e48916cf-edb5-4ed0-9d88-d5259f93571b,18,Female,198,24,young
f620a3b6-f567-4b31-b2c6-b756b4052cf6,29,Male,154,93,young
f491811f-88d1-42dc-a1be-57a9b62e48c0,26,Female,41,20,young
15a57edf-4d7b-4886-8024-8eccfeaba34d,29,Female,162,49,young
51ae93d2-645d-49ac-999c-502de4585c6a,24,Female,188,90,young
c72b0082-76d5-47c0-b30d-bc9de617eff8,20,Female,82,7,young
810eea6e-5849-451f-9670-16a14d97b0fa,22,Male,105,76,young
a3a8def2-9fe8-416f-9763-aa146338d920,19,Female,70,76,young
276ed9e5-c64a-4c48-932d-7700bd7a30bd,22,Female,93,85,young
6cf0f7e9-ff6b-4e0d-916d-6d158498cd4d,27,Female,178,39,young
042829b0-d3d6-4f9c-ae3a-d3ce4a109850,22,Male,151,92,young
1eb78ddc-9d73-4fe9-865a-adce754386bc,25,Female,143,44,young
95747d95-86ad-4664-9c82-b4dc48b41eab,25,Male,113,58,young
ebc3155a-6682-4a97-916a-e8b3e47a8b75,24,Male,177,38,young
c77e738e-d820-4a2f-81b1-4b46024911b1,28,Female,100,21,young
b0055a70-ce2b-4187-ab08-4a8c649df414,24,Female,56,54,young
00fbc6be-c928-4800-bc53-9197be55ca87,18,Male,165,73,young
38d91eb5-ead4-487d-a2db-92670199a41a,20,Male,39,44,young
d308e15b-011b-4764-812b-f76fd9b7eb72,20,Female,78,33,young
684a1be6-1c94-4d3a-86fb-0bbc7653c0eb,29,Female,102,51,young
9f44bb10-87b7-4262-88f0-49aab221f497,18,Female,134,73,young
79039316-ecad-4b48-a129-d68c2c0c5210,27,Male,33,44,young
4e0b85cf-f25a-4159-b36a-10da15388f1d,18,Female,190,96,young
174f4ce4-4cae-42bd-91a7-221c6e387ee8,25,Male,164,14,young
538b2b6f-6ea7-4a84-8854-89023ae1fd17,28,Female,175,14,young
4ce4df44-d4d8-4778-ad8f-99ff3e33e3bf,28,Female,193,70,young
288a0f61-4d70-47a8-bb21-c77a38eae531,26,Male,133,58,young
e452c0aa-f503-4971-8943-14f1bd6f8389,22,Male,50,76,young
09462cb9-90e2-4d48-b0ca-05881bee4386,28,Female,198,23,young
6fc8d0b3-1d70-40d0-bb9b-5a1bf95c6dfa,19,Female,128,83,young
2f5d64e9-5a2a-4efd-b582-4517033c5d1b,19,Female,170,88,young
66ed95cd-4c8a-423a-9325-dbac3f09c28d,28,Male,134,73,young
0c42b1e0-b692-4d52-9890-f8d8cfff1cb8,22,Female,169,37,young
a2916447-4a64-4fe6-a124-ab3835d49c9c,18,Female,187,61,young
6c7609c0-d3a8-4611-b770-52bd0660a771,27,Male,26,22,young
8fc26311-b125-4883-9f29-55861cbfa076,20,Female,146,23,young
c803369c-a506-4296-b4a7-82aa0afd70da,22,Female,127,41,young
0ee8ae85-ed8b-4cc6-ad00-102a382c5ed8,22,Female,59,49,young
0d18be3f-b0b0-4a66-9965-a30fe83c25c6,27,Male,45,41,young
0b1937ff-7a80-4918-94d4-33e1a851cd0c,23,Female,138,11,young
14119680-452a-450a-988c-c75ab64269c6,28,Male,159,77,young
a4c70c8f-3327-4550-97cd-554d9a596040,20,Female,117,74,young
c189d8ff-d7f6-472b-969c-1b43257dee1a,27,Female,87,85,young
e4e97cb4-070f-4c05-b166-35bcab68393d,18,Female,54,85,young
6a962854-8be7-4691-b27c-3a2b862d001d,26,Female,59,26,young
d391de3e-72a5-4485-949a-5e38f044baa5,28,Female,46,74,young
4ce8b51e-66c9-4a9d-9dd4-1e8b7c669214,18,Female,35,89,young
9cb017ae-aac2-4b4b-af19-ed16c4c9700e,27,Male,141,26,young
ae8d5035-34e9-4ec6-aaef-3d1088b10e5b,18,Male,60,12,young
e4d67c3e-c7b9-48a6-9939-6cd53572ee26,28,Male,186,22,young
0b3ba10d-3727-4a93-9e13-71544feb94ac,27,Male,122,19,young
411abcc1-c06b-484d-8a97-fe3f64c12cdc,27,Male,37,93,young
a643e947-6f26-4a9e-b03a-1aa818ac1a0e,29,Male,173,51,young
d7dfe310-508a-47ec-a135-e82cc2d3bba3,19,Male,135,82,young
f0222ece-3863-4c15-b69c-082b2557e852,29,Male,26,22,young
50867e50-56b3-4760-b566-e8b121134a40,24,Female,122,16,young
ccd900fd-72d6-4b7c-ac03-b613ecb672cb,19,Female,166,90,young
ce9513ab-fad3-45aa-b187-6970316422c8,18,Female,175,16,young
96795d0e-c83b-494e-b6f1-cd27b1c173df,19,Male,51,84,young
f533812e-0e27-46c5-86f3-842057b20cf9,25,Female,41,23,young
860d6a64-2a95-4271-bd6c-d73395282e98,23,Male,183,81,young
207aab04-5ea2-490b-85f9-9855cf35ecd5,27,Female,151,29,young
aa58e72b-e22e-40c7-a101-39de058137d8,22,Female,87,50,young
3c6ae8ac-bef2-4305-969d-4d50c47935a5,18,Female,22,75,young
017d8894-b9b5-40be-b432-4d8718c434f7,26,Male,81,59,young
07ddaaf3-6127-4127-a9c9-e80e563ff80e,24,Male,106,65,young
cc72a070-5e48-4751-8ec0-a3443b567fc4,23,Male,76,1,young
646b656b-1e39-42c9-9995-0dc3e11057c2,23,Male,86,25,young
63ae41a7-8750-41d9-8b03-9df7a5ba3edd,28,Female,138,53,young
6dcc3b9b-004c-4742-bccf-4f602d4c4fe3,19,Male,148,76,young
6a60540c-b02e-432e-ad6b-217510e3dc16,28,Female,152,27,young
6b3b88f0-fc0d-4d0e-97fd-eaee454efcfd,24,Male,44,98,young
f5c9d0ed-4c11-4b3a-b0fe-9d3f14b4a6b2,25,Female,154,82,young
fd86bcbc-df4d-4c2e-b651-e5cd6039b5ad,18,Male,171,20,young
a19abfc5-b6e4-44e4-be16-8bcaf75a97a8,22,Male,74,61,young
8f3f27c1-09d0-4fc4-a3a2-392a279817d2,26,Male,48,64,young
3c39b2e5-bedf-40f0-9bd2-fd4f3730b94b,24,Female,93,78,young
f423a980-e57c-43b0-b8f6-ab3722e007ab,24,Male,172,13,young
3afb0426-7453-421d-90a4-4a81ae8315e1,24,Female,78,18,young
bae23619-4fc4-4407-a833-38e4b9dc0b91,27,Female,187,56,young
0b449d2c-e52a-4112-a4b5-d473486e1e95,24,Female,45,56,young
947f329a-ed41-48aa-9865-28c6bfcc4452,29,Male,73,86,young
8138a3df-ae6d-4357-8d3d-90bc71d70b37,18,Female,94,67,young
fd233c4b-73dc-4ff9-a8f6-ce8ee2b0cf18,19,Female,94,91,young
e3dff245-ae35-443e-8653-fb771d685630,18,Male,116,36,young
04c6e0d5-6548-4fd9-a70d-2407ee4bc978,25,Female,131,22,young
fd5914af-d0f1-4e6e-a9a3-0cf209045796,19,Female,80,97,young
f39e942d-60ee-4a2c-93d4-17bdea01e21d,29,Male,197,82,young
6388a6d4-6d01-48c2-b221-9678d737f7a2,25,Female,74,63,young
80d32e52-67d0-4199-8b03-83445e3427a1,21,Female,166,98,young
8fee28ce-228f-4969-8e53-12d18638c5f7,29,Male,180,65,young
6b91c384-8dac-48c1-9b67-806e19e915b6,20,Male,103,43,young
fccd063b-8901-4132-b57a-d732f4b73f23,20,Male,52,54,young
efdf7bf9-ecee-49f3-a83a-54436e2de57a,24,Male,81,69,young
8a315f43-5f37-4d48-84fb-6e56578a6163,20,Female,60,75,young
f0d9ff7a-6965-45b7-98ec-e6d0dfd46957,23,Male,80,79,young
4a4c7abc-7798-49a4-8fc9-f1693c4629ec,26,Male,90,76,young
9e716c6b-a7d9-4594-95e8-d00ec0659453,19,Female,134,60,young
cf9b32a8-e28d-4149-8cfc-5968b8862d85,26,Female,55,33,young
b3517ce2-f4f8-4a90-877a-fe67d88403ac,28,Male,67,81,young
4d864af6-dbd2-4cb3-89a2-38e63c3518aa,29,Male,117,8,young
a07f609f-b29c-41fa-99b3-18ed9755dc0c,19,Male,73,70,young
b42c4339-65ab-4e6e-9c0b-340b48bacb69,20,Female,200,99,young
6724384c-f1f0-44f1-a6c3-3b1c16098a70,25,Male,187,28,young
13d18fef-2d2c-4133-81af-0e0a9d2adc09,28,Male,78,52,young
7fc1e0ba-e62a-4643-b496-7235a7b6c2fe,25,Male,154,61,young
d71ea899-591b-41b4-b24e-7ee6ff29a372,24,Male,138,27,young
51a5dca9-8a41-42cf-bba2-31eccf9de22b,25,Female,31,4,young
ec3666bc-2c8c-42fd-b135-0bb40f3842d4,21,Female,111,4,young
5b57d495-93dc-4500-b030-75f72433ce48,26,Female,162,27,young
fd2108d7-c75f-4dd1-b116-c6c1d73eea43,29,Male,167,67,young
3c3905e6-dec0-4ab5-b658-5091055356dc,22,Female,127,27,young
d28a62f0-8191-4a9a-bbec-5dce67274f56,23,Male,39,3,young
ed78b168-5b8c-42c6-a523-cbcc7fa238ab,27,Female,37,94,young
42730369-5b23-4290-95aa-e588699d2e61,22,Male,26,10,young
f6d6572e-098d-4ad7-85aa-99036f2714b2,21,Male,143,14,young
51771a3f-3f94-425b-b0d1-afbbd27211ee,18,Female,98,21,young
8a85e153-4845-48c3-8758-b02f09cbb6cd,21,Female,187,84,young
5c1fee0c-5ef9-4466-b65e-137057af3d79,29,Female,197,54,young
fb53dafe-882b-47e2-aaf8-1ab7be6accf6,20,Female,134,78,young
682f9ae8-f019-46da-8df9-35b410fc7e4c,29,Male,50,94,young
e9647628-6c83-4a16-afa1-58e533a3c956,25,Female,53,19,young
09d2b7d8-2607-46fc-a1c7-7cc6fb44a384,18,Male,103,48,young
a7e4a7bd-3828-4205-85eb-b0c2f4fdfc98,21,Female,130,50,young
0c91698a-bac6-4394-a808-7ca36ec0579b,21,Male,165,91,young
52f78ebe-aa4a-4623-99bb-6126005147df,23,Male,180,38,young
782c6407-a386-4b7f-8f1d-15de1d489e08,22,Male,21,22,young
731f239c-0b93-4383-a0c0-ca740ae7d908,29,Female,153,50,young
04e4d277-70d7-47af-9d40-4fae03cd3b47,19,Female,180,11,young
e9d9998a-817a-4b48-a237-5ceb63fad5ba,23,Female,141,43,young
69f4368d-3f26-46b0-b927-c09bb328bd8e,20,Male,159,63,young
8e307b99-3545-4844-bab6-7454ea290750,22,Male,97,56,young
bff97d53-37a4-4b90-a236-52dbeb20b7f9,23,Female,36,47,young
b52e7520-bff0-475d-8aa8-10e85f2d2aa8,19,Female,117,6,young
9bac0c63-75ac-4139-91a1-723c0f5ff95c,29,Male,70,62,young
2622cc14-f98b-45d7-9aea-0be23bf23d68,22,Male,123,57,young
0a1ce627-c2c7-4855-8524-8aac4c91406c,20,Male,167,25,young
7c58f369-6666-4415-9693-6e60c99feb54,20,Male,83,44,young
4608eda9-4ea6-4f4e-9a14-9929c4876142,24,Male,143,95,young
535b07ad-abb5-47a5-a8b4-fa741a9a7cca,26,Female,147,17,young
e2b4530c-735e-4a35-ad37-467e09795353,18,Male,186,100,young
fd0cc77c-1858-481f-8f9d-e3f277584063,29,Female,56,85,young
12589f06-30fa-413b-a16c-740bd62bba45,29,Female,117,90,young
c5000292-e887-43b7-8801-a1bb578c614c,23,Female,179,16,young
86dffede-3f00-48b6-8464-ee705c1c0483,19,Female,96,87,young
41b170e6-bda3-4ead-ace8-86e89cf46a51,24,Male,156,65,young
b9d1bb21-5fb4-4f53-a50d-889df6a77775,26,Female,67,62,young
61c8a05a-d333-4336-be24-07febfdfb341,28,Female,179,21,young
ef35a491-1314-4a16-90d4-8e9fe9d850de,22,Female,179,50,young
aa05ec5a-8c5d-480b-a573-49a5ebcb4d2c,26,Female,43,62,young
b7a830ae-5074-4ff4-bed4-3b423a1c9c40,23,Female,180,52,young
f63c395e-6048-4bcd-85ca-540103cf6627,28,Male,165,3,young
93822895-133f-4c7a-8b3f-cdce6006d2f1,23,Male,161,82,young
19ca2296-97b3-4096-91d1-9e14e338250e,27,Male,153,93,young
ccfd8f9f-fd38-4e65-b373-fff6912bc01a,29,Male,200,98,young
e7cb63df-6520-445b-b8db-ff21687b9910,23,Female,40,81,young
75579ead-4bec-483a-9227-84a3bb0fa80a,29,Female,94,47,young
20a8129f-38bf-492b-bafe-7fac81d230c9,19,Female,30,60,young
8310696f-dcae-4e44-8ea9-b70713b75661,23,Male,147,6,young
53a2c203-c802-4562-8bb3-64444010b2a0,19,Female,21,29,young
2d7fb423-8813-4e90-a39f-9650de2e0e54,29,Female,91,75,young
664ffd0c-7010-49ee-94d8-eba05455ee4b,21,Female,51,18,young
0d960ce9-3a7e-4fcb-bbd1-192cfc378a62,25,Male,140,31,young
0d75c8c4-ce95-43f2-b460-25d90a83057d,23,Female,80,25,young
794e4fd4-e2fd-40cd-92f2-2e89a3dfb0a8,18,Male,34,57,young
c5220954-d475-41a7-aaa4-732767228cec,18,Male,197,39,young
f2eb06f1-95de-44cd-9489-dba5fe5c0c76,19,Male,177,21,young
45c7bc9a-78d9-4e43-8848-b64cd42cc2d8,26,Female,120,46,young
da7f598a-3fb0-4ce7-90aa-b9aeac40720e,28,Male,118,11,young
4ad78ab5-332a-49c2-86fc-cd461a5d178b,28,Male,46,78,young
82335953-7a3b-4fd5-804a-129014a830a0,24,Female,101,31,young
7efee499-570c-4c8c-a3e2-eebf62aecbd1,20,Male,86,95,young
b734ffae-8fb3-4e8f-bb88-09660956c046,18,Male,91,75,young
720808de-0a29-4135-bde1-180be4d6207e,18,Male,195,2,young
ff658e9a-2f13-4599-a632-f9fe12817e75,27,Male,74,65,young
2a8b4f1a-cbff-45ef-be83-e42bad63d22e,25,Male,78,51,young
c15e6c84-4ef2-42b7-98f9-ed2d67712149,29,Male,111,45,young
db81a986-f1e6-43d6-ba08-6fbb36f92e09,21,Female,39,84,young
d9120f37-cfc3-4a39-802f-861ae15c2db2,29,Female,114,68,young
ffada2e4-336b-4ce6-9001-14503549bb37,25,Male,106,18,young
f860e026-4cb3-481a-9262-e207c22a5d1c,22,Female,65,100,young
ba8bfd1f-8f00-45b1-b269-1b67a05ea44b,24,Female,131,31,young
1c3fbdbb-4db6-4c8b-8d15-b9cddc67bba1,24,Female,165,58,young
f0b42554-5bbe-4457-a66b-b53e1bf072aa,22,Male,163,13,young
eaaf7171-114f-4ddc-95f0-6823029f9dfa,23,Male,109,99,young
e88187d8-6502-4438-ac9e-a4d3988efc19,19,Female,196,20,young
7fae0f5a-f7a2-4930-a49c-2e8c2e943591,22,Male,180,98,young
5d73aef9-74be-45ba-82a3-a1ceea850dea,29,Female,100,60,young
de0b337b-3a98-4642-9971-63b97865da3e,22,Female,118,87,young
d8af4e4b-e244-44e1-aac4-80a7ed828a24,27,Female,69,72,young
f701cc69-19c2-46a3-bf91-54955c84f2cb,29,Male,65,9,young
f3047deb-9cb2-478e-b93f-bec5a11f0948,23,Female,199,71,young
89ffddca-672e-4a99-b1e4-3089a5b3a28d,27,Male,190,40,young
f75dbafb-6141-4ef1-8d56-88215d0476ba,29,Male,82,63,young
db687043-3c13-4b58-acbe-a547bc20f137,28,Male,177,42,young
af5c9464-e446-4018-bfc9-26e453d71e42,26,Male,165,40,young
f7bc7714-a837-40a1-8cee-0de0aaef16ed,27,Female,125,53,young
9ef27ffb-7ff4-4955-a5bc-6dd045e66032,21,Male,52,95,young
7b4a51bf-aae7-4069-9524-25aca7ce9306,25,Male,166,26,young
67b6734d-0a16-4012-aa4e-cef0f1bef766,21,Male,127,72,young
33dfa6d2-d516-4bab-ba73-6b1762793f04,21,Female,189,38,young
9ce7fe12-f9ef-4ceb-8184-0235755ca93e,27,Female,133,60,young
831e7858-81cf-4e71-8d28-7cddd5015e3c,26,Female,128,70,young
a241a18f-c9f3-4a18-9d16-c0bb8e9596b8,28,Female,66,89,young
bf0662fe-a0a4-4927-b423-2b37e94820d2,26,Female,83,11,young
06812a36-7085-485e-b2dc-58abab842428,22,Female,113,24,young
0de993f8-0ae3-4f2b-b7d6-14a9b7b19425,22,Female,105,87,young
830a724d-f4c7-4720-967f-2697ca6a5d27,26,Male,136,95,young
a4254b99-3362-4564-84b5-d45a4a431c90,19,Female,181,52,young
830a8a6b-8c24-4b3b-b289-e24f6d67b83a,29,Female,160,7,young
930899bf-385e-4aa1-b22d-bdaed70754eb,29,Male,196,46,young
466f4908-75bb-4ed0-8c30-1a4dd5afe79a,28,Male,182,4,young
61e2fb75-4e76-4063-aaa7-2cf64dcb37f2,22,Male,141,10,young
adb48651-6001-4fb5-8632-5f717c4690c5,26,Male,165,62,young
9cd1ad71-65f0-49d1-94c9-232f67cfab81,28,Female,115,5,young
100f8252-7052-434f-a05a-06a8720f7ad7,20,Male,84,72,young
eae6254e-6c50-4598-8436-28343bb07f09,19,Male,56,95,young
9df92a69-4338-4bb4-a196-da0cc3a11974,27,Female,117,69,young
d039205e-c4dd-4a6c-9461-a743a5f550af,28,Female,60,5,young
0da84a38-25c0-4452-9b59-98b00b5824ce,20,Male,59,27,young
89165853-5790-4bd4-a428-cae21e1e0dbf,21,Female,174,65,young
e41bc406-2f86-4eec-bafa-64013938b59c,26,Female,120,53,young
85d2f908-8d5c-4c45-a475-e8ba12437027,19,Male,170,41,young
d08244fa-3e87-48ef-9a06-08bc3aa8154d,20,Male,184,5,young
f839384f-9c08-4275-89da-736e8ec6fe46,22,Female,55,31,young
9700d00c-900f-4b2a-8d0c-324a3e506233,28,Male,75,63,young
18e5efaa-274e-49d6-a517-7a6e20ec1821,19,Female,68,45,young
01af20ef-79b3-46d2-844c-d68774e3e7c1,25,Male,156,99,young
b8134ff9-69e5-407f-8ba2-3e7576866936,22,Male,134,89,young
7cf4f1e5-f9a6-4557-88ff-2bec51e506ff,25,Female,57,19,young
b2eb45da-9030-4c59-8376-d530d46f648d,24,Male,73,57,young
103eb13f-d02f-4af8-b9ca-9013dd154a49,24,Male,144,28,young
35c12dce-d70a-46d3-9663-bf4ea961230a,23,Female,47,6,young
f4c863e4-15da-41c3-9eda-4236bdef5ace,27,Female,115,41,young
a9d94bf0-4096-45e1-b6b4-5e3ca3f9b96c,29,Male,148,10,young
d228f533-aea0-45af-9c42-318a0b6fb050,25,Female,174,40,young
8928bbb2-1826-4162-9dba-d7613445b1eb,19,Male,94,54,young
0716d63c-f657-49af-8a26-c356460aeeab,23,Male,109,41,young
18ccbd98-7e43-41f3-a25c-b94445e4236a,20,Male,147,48,young
99d9e010-9c8b-4d67-83a1-a0f1059a0a58,27,Female,189,25,young
c968b3f1-9bbf-42f2-a831-176dd52b7024,23,Male,95,81,young
5f795e9d-d77f-476e-a5b9-c9290152c167,26,Male,89,83,young
319f091c-f96e-4791-b187-053f7d30d9cb,24,Female,82,47,young
1ae50f7c-5799-4b51-858a-6a8c456cdfc4,24,Male,142,18,young
9a78ec36-1679-41d3-9e81-208b49f0098b,26,Female,163,47,young
ed95ff8b-a452-4bfd-b729-6e0dcc637071,26,Female,186,19,young
3e03f046-6bbb-4b86-a620-4eb3ba9976c9,26,Male,130,63,young
44bef4f0-489f-4147-b276-12a0f372a762,21,Male,84,95,young
584ede24-c3bb-4295-8028-c1a1775c8288,21,Female,58,19,young
868b9426-23bd-4c88-9601-9df58666793e,18,Female,58,75,young
f436cc35-b18f-4178-84a0-045fcd84c0ff,24,Male,191,92,young
2b692e6c-18cd-4931-ae4e-f232f9e87beb,18,Male,82,94,young
6da8a62c-72bb-4f44-b0fb-7889f7469883,18,Female,175,81,young
afbbe90e-2fc0-422b-8665-3c670dfc1a8c,25,Male,104,82,young
7fb2306d-82ab-4cf5-9bec-c7927a23d2d4,18,Male,99,81,young
4e8094c4-4dee-42dd-9433-3bb016ef1b87,23,Female,96,66,young
6e9cd4df-9d41-4f2f-9c6d-5292a0bc11ee,29,Male,195,42,young
9ff44218-3827-4d65-a155-9c63592928fc,27,Male,72,42,young
077cd7b7-b9b3-46c2-a643-8f3590b8b44f,27,Female,181,25,young
1a41a3c0-7d79-499e-bed4-51f20f20a790,25,Male,52,74,young
e9aad1db-be15-46c3-869a-c0c86efad42f,27,Female,169,95,young
7e31e7c2-4029-4aa0-9f7f-7656d1692b53,27,Female,133,10,young
14cd3199-2244-4810-81c1-64702f3f016b,18,Male,183,40,young
8bfdc1b9-a811-40b4-9e13-b373b566e56e,23,Male,99,1,young
418cf7fd-05d9-4072-b116-e37b7c077f31,20,Female,103,40,young
f9335e8f-c4e1-44f5-9f8c-c7ce6cfed238,19,Female,28,68,young
cf087d23-e537-4791-9997-34ff3cf7912b,22,Female,176,41,young
0ebc2aa4-bb61-4c3d-bf98-0ca1281f0c6d,26,Male,175,38,young
5227d899-71ab-4aaf-af9b-c2e819915194,26,Female,34,13,young
34d41b6a-6646-4b08-9869-056d0565fe25,21,Female,131,73,young
99ee1771-4c9f-4364-ac1d-c344b2391815,28,Female,65,26,young
23cf235a-6ae4-4cab-9233-d005dd96b369,23,Female,37,91,young
0dfa13a6-1db1-4643-9bd1-739b74e65aa3,24,Male,53,75,young
0ec063a5-34ee-451b-9405-b0561636aadd,18,Female,24,56,young
6cd8f692-0564-4592-b9f8-76b93a8656b0,25,Female,76,73,young
41b8780d-7186-4c61-bfc1-1667eedc5e42,21,Female,166,28,young
2de9d844-7dbe-4d6e-ab16-b12093920c33,25,Female,25,73,young
ead335d1-6fd2-4403-b84e-ce610fc458df,25,Male,140,92,young
a1929761-af5a-4f0e-bbf6-1ca6c36e6af8,19,Male,99,55,young
e111f0b3-6e43-4619-95ef-82954fce94f5,29,Female,46,9,young
00bc61f1-5514-491e-b7e0-e5e1ba734b6b,20,Female,183,4,young
0cc5e4d7-aac5-44e9-b884-24de724ef262,25,Male,129,92,young
0c90974b-346c-42a6-854d-f688e9c88ebf,25,Male,137,34,young
58666c4c-7e25-45a2-81e5-3c8c60f56a33,24,Female,150,59,young
a777abde-19c6-4728-956c-a12b6abc7ef0,19,Female,171,18,young
f0c0406b-3c0e-4c26-9119-ce9f526190fc,20,Male,189,76,young
d336fbc2-824f-4b5f-97fe-e386e937cd0b,27,Male,114,99,young
5bd36e27-29c8-425b-8f3c-ca8bde719cbf,18,Male,102,32,young
0063dca3-394d-4f2c-96ee-50a27efa5c4b,27,Male,44,42,young
61a9cd0d-d166-44f1-91e2-56423a004858,21,Female,110,27,young
acbcc154-ea2d-40e9-96da-5ce3d4103fbc,28,Male,114,97,young
cb804aa8-dc4c-4d9e-8594-fe20d4bf5a4c,23,Male,74,77,young
89c22d42-5018-421b-af34-36085dd6d77b,18,Male,60,35,young
885f9586-7c4f-4e07-9449-53ce2bece53d,29,Female,138,21,young
ec3c384f-51e1-4890-aecc-82ccd291fe89,18,Male,168,74,young
25ee77d6-c4d3-4a60-94bf-4aaa0717e3e3,22,Female,152,35,young
d1d48136-fa7d-4722-a4b5-345c1c6f2f7f,29,Female,167,80,young
ffd388d1-66dc-4e40-853b-7479a8c1c394,23,Female,95,8,young
93b5a3fb-329f-4dce-a746-6fc3a9fcc304,24,Female,48,90,young
49338990-4ec6-4c06-a962-73930893e712,25,Male,139,96,young
b1ff330b-750c-43df-be90-c0898481f714,19,Female,65,97,young
42ee5dc0-ba7e-43da-963a-e5d2ab51bd4d,18,Male,137,10,young
59fe48e6-5177-4ab5-950e-ab09c6067d82,28,Female,147,24,young
3a1c0a94-9a72-4469-99b7-844d35f31477,26,Male,45,28,young
4c14c82b-686d-46f5-a9eb-6bc7066b10e5,28,Male,40,24,young
8c8b163f-b9c7-458f-b46b-66be46ddde50,25,Female,175,17,young
0cb0e739-96f2-445e-8d19-d46e9fbd4ee6,28,Male,184,92,young
f7320923-3804-4e82-bf8c-886c316e4c69,21,Male,70,28,young
365caa3b-63a1-4540-8316-79137c8a4987,22,Female,25,12,young
40264e1a-5c91-4005-82e2-bf990fd95d05,18,Male,99,37,young
6a7fd132-b05f-4b76-8e3a-1fa0c5aa2ae6,23,Male,144,97,young
b5f94d82-e43b-4616-8ff6-9edacf669c46,28,Male,51,62,young
2275842d-aad7-4582-92aa-1a45e1720193,29,Female,56,57,young
edba339d-2d95-4636-9290-9522037a6d67,21,Male,83,98,young
734310f1-0790-44ef-9156-1522af54d963,29,Female,178,99,young
13680909-d0e2-4b0c-9920-00c2319f4db4,22,Male,79,31,young
ab965189-9900-466f-8c9a-c4b5da79c2cf,24,Male,79,61,young
40b2b73d-0b74-455f-8151-24e4368e589e,18,Female,38,22,young
85f8d86e-ca70-486f-a717-569b84b44b93,29,Female,120,38,young
e63611e4-d93a-4152-b408-56e5944125f7,24,Male,51,34,young
b35a140c-4c00-437d-a0bc-9a591b9f3411,28,Female,66,46,young
33da1c72-4f0c-4c65-ab68-dd4de6430dfd,29,Male,35,97,young
be6a73a9-a9f7-426f-a3b7-0dee4fb5caef,23,Male,42,1,young
f9012abc-3fbd-4f2d-944f-1bde3561938a,25,Female,32,56,young
4e81ca36-4a80-4e50-8319-2bfd09a5c14d,24,Male,125,91,young
35b10348-3f2b-4ae2-bb72-2a1312afea32,25,Female,117,75,young
5f1747b5-4440-490b-9d85-88c087706658,20,Female,121,51,young
58bb324c-6d78-4b38-b964-abcba5b3a952,22,Male,105,79,young
55e5e0fc-c920-4571-8de4-3103981c9044,23,Male,51,13,young
ecb89a27-2acd-4020-b322-afc89aa16720,28,Female,166,54,young
9df98b62-a5a6-41ae-b8ec-fc33e017043b,19,Female,46,53,young
b8ae4bba-cdbc-40c2-8754-be931e77fb98,23,Female,118,32,young
c7fe2916-acea-4ef3-bee0-4452f41f42cb,28,Male,89,97,young
d2ab6280-4d41-44e8-80f2-a487fe0173de,24,Male,95,76,young
b9b43b8a-85cb-4878-8cf2-05eaf9ce7268,27,Female,33,8,young
9529aa20-4715-4b56-8203-1043ae99d176,27,Female,131,32,young
5a1a5f10-8558-44f4-8d1a-163b4961be36,28,Female,119,89,young
937af3a0-d6eb-4b92-8231-0a4b8192155c,29,Male,123,28,young
4f08241d-8242-4eb9-a823-ff6803283c33,19,Female,140,82,young
18d8d1e3-34d9-4613-a805-977f42617c58,26,Female,62,60,young
a425d323-b5bc-4208-a20b-a119e7259796,21,Male,101,33,young
bd40bb41-7d9e-47eb-b561-5a21d8272891,25,Female,164,57,young
9370e5a8-43de-4006-8355-cebf9dc9f235,22,Female,68,42,young
ef853d33-f264-44f9-8ed5-68bab7fe1997,27,Female,170,2,young
b9ea091c-3b1e-4474-9926-9c9c82b00964,23,Female,22,36,young
95351f0c-2f9b-4485-8481-169fbeda28a7,21,Female,91,98,young
59c39eba-aac8-4404-be7b-3f91e6156fe8,23,Female,163,72,young
15c86465-e150-4514-90b9-87ce2b6861ec,24,Female,26,55,young
bd8089d0-0e52-40d7-afdf-56aeead962fa,27,Male,31,39,young
ecc0df59-8ccc-4443-b470-2e0014536d6c,27,Female,88,67,young
ce829e51-7364-40b4-9c13-05e18cae20cc,20,Male,160,90,young
825c5e5b-c4dd-449e-8b74-d73eeec709ec,18,Male,138,20,young
e3110387-6716-41d1-8fdf-9239f57bca56,22,Male,167,94,young
7f5cd612-2d3d-4faf-b81a-97f3ea00933b,18,Female,42,41,young
04322102-f666-4240-a640-5e767986acc7,22,Male,199,8,young
d06f5526-27a2-4fd8-af37-3c8d06249958,24,Female,97,77,young
3d6c0c16-2a5c-4cf0-b1d5-1b08f3cf14b3,22,Male,172,67,young
7e759895-864d-44b5-a4d0-cc451bced177,28,Male,185,56,young
65ffd31a-c02f-4be9-89ee-8ec28f5d6f17,19,Male,126,90,young
e03bbc3b-ce92-49de-87eb-6895b27c0e4f,20,Female,195,46,young
54563154-bdab-4773-b0d5-78b17277c99e,18,Female,186,39,young
28171f5b-e1e9-44b6-8109-a7c11e36da75,28,Male,111,97,young
ab300105-f8d5-4872-ae5b-98685eb6234a,21,Male,132,26,young
113bac0b-1f36-4947-8011-96197bdca944,28,Male,24,96,young
940330a9-215a-4c91-a81f-6438ba08924d,24,Female,64,56,young
f878b4f1-59d0-462e-a1ca-e37372047a86,19,Female,116,28,young
10f40cad-e252-43ce-b7da-edb8ce13c6c1,22,Female,140,27,young
2916346b-b8cb-4b53-80d8-392c37defe8e,27,Female,24,61,young
e9ade86c-3738-4978-87b9-b3ecdb00624f,29,Male,179,69,young
5f14a5cd-0214-4bcf-b802-78fc4146363e,28,Female,90,49,young
f0c430c6-436d-40f8-8a66-d9e64e621725,25,Female,106,29,young
a5e7a13d-9bf0-4b0d-99c5-c0410001a771,24,Female,56,29,young
443ac441-a492-4282-86a9-3a7ec69bf15f,22,Male,159,34,young
a8d2d059-e76a-4619-8316-4bd42b9f8402,19,Female,28,65,young
f3cba7f7-78fa-4f0e-9b47-a4b8ba7b4246,19,Female,54,43,young
8e1cf5e3-6a8b-4bad-9ab1-9d17e0dd7b0e,24,Male,112,81,young
5c00c7f2-8a2c-4fd8-a290-af654fc9678e,28,Female,141,62,young
feddedfc-62d4-4050-9b7a-7955db0638ab,29,Female,167,53,young
dcede8fe-4ec7-4d40-8123-73179680fc24,21,Male,169,47,young
9840f202-eb93-4dfd-a3ad-ed35b5662613,19,Male,145,18,young
a027e4fb-0005-4b6b-b11f-24f4e4b320ab,29,Female,116,85,young
07a6d922-80ff-4589-a55f-dc2292f92822,18,Female,120,70,young
afffa92d-c229-4fd4-8934-31ba0415c433,20,Male,37,8,young
4ff238d0-e28b-4351-8e1c-c445eb7fef4d,25,Female,122,4,young
b3b78b7d-fd12-4c65-8b0d-f357aec88220,21,Male,75,47,young
fca96742-9d9a-4cdf-8e85-1bb163c72f5c,20,Male,95,28,young
6b79907d-4faa-4e7c-a674-3be51bb3baa8,21,Male,93,67,young
b1931d91-e855-4ad8-8c14-3262a8f0236e,28,Male,137,61,young
3ef80885-9fd3-432d-b422-d320f5e1b344,23,Male,168,36,young
bb5167d4-4c52-414a-906b-e03f3cc4ed12,22,Male,98,51,young
06865716-2056-4165-afca-95df6dc46936,19,Male,151,16,young
e488eee8-e5a9-4ed2-9f25-1bdd1d94dfd1,28,Male,116,55,young
ddfd3678-4077-488d-bdc3-3b6598730347,23,Female,125,50,young
23eaf4fe-ce46-43e2-85e2-9ace9df45a6e,23,Female,155,90,young
fa367916-6307-4a56-b005-55b94db4fc5b,20,Male,64,44,young
f2d95320-73bf-4623-b899-e1e30416b5f7,25,Female,91,100,young
a55588f6-b53c-4761-801a-3361902d3bd0,27,Male,107,82,young
b8db8ba1-012e-4853-9615-d9a24847e780,23,Female,172,1,young
9eac6133-5589-47cf-b52b-f0926ed83808,23,Male,168,47,young
9d8e01ff-c0f5-4daf-9d21-be60336b9790,25,Male,77,87,young
3ad94a32-cb68-4767-9d7c-43dbd78707e8,27,Female,140,13,young
5da50a0c-4578-4942-80e4-7819616233a6,18,Female,155,55,young
89eae5cf-3e2e-46bf-8168-d1e91e603212,23,Male,51,39,young
6e5d262c-3e4a-4024-9179-2d10312e0fc9,28,Male,30,3,young
c9f1846b-a54e-4c55-a42d-a6302bb8be64,27,Female,91,93,young
aafb4d3f-3756-44bb-91ff-c0a019efcfee,21,Male,174,22,young
5538dab4-b28c-45cc-9eac-11cb43cb77da,27,Female,130,9,young
679f18c2-684b-4547-adb8-6ebc0bc29b47,26,Male,67,35,young
67d16d2b-a2c5-4982-bb6d-1a03ffcfd457,25,Male,141,90,young
3343e3bf-bd45-4bb0-a6c9-130085acaee9,29,Female,98,92,young
72536cd2-9eca-4390-9d98-434c2c392245,27,Female,170,5,young
5831a12c-c53a-4cdf-b3c3-498b5c069356,19,Male,158,46,young
3f5e2dfd-2370-4037-8d44-47f0e57b70f7,19,Male,147,89,young
08a9f159-83ce-4810-be86-5f0304a6d87b,28,Male,37,23,young
c8469b3a-7ccc-462d-a04b-3cb8e700aa6b,24,Male,84,66,young
b61bea7a-8c90-4661-98ab-ba8fdda71df0,27,Male,134,96,young
83b62ddd-0af0-474d-b91c-55cbf5d45ab0,21,Male,50,71,young
275058b7-372f-49a8-9aa7-37aa7e6ead6f,20,Female,132,50,young
db0b2df4-c74b-4d83-b94b-9cec6ee9f6e4,20,Male,162,87,young
591e301e-5b5d-4d4b-90ba-74ccd351d3b4,27,Male,177,70,young
36abb3b7-e525-4c57-a926-a42e393fd97f,28,Male,47,33,young
76db53b0-d824-4315-901e-daedd8fcda7b,22,Female,85,44,young
046f5ec5-b7de-4782-8c46-f8ac9718655b,23,Male,79,97,young
83d19ccf-d936-44f2-ba7d-f2b4b30c0971,28,Female,191,80,young
6438b947-991c-40b8-81fb-8772137514d6,24,Female,100,67,young
75e55c15-12bd-4f00-bf9d-a93f3795d720,19,Female,196,46,young
583a3251-2915-40ca-80e4-cf45f1d6d107,27,Female,156,100,young
c8412afc-c360-43d3-9787-dafe5a639b50,27,Female,194,20,young
2e333f66-fbd6-4d4f-9dcd-e9350fbf89a8,25,Female,32,99,young
1fe4a4bd-2b0e-413e-9dda-e334336f5b3c,26,Male,35,30,young
67f6e887-3ba9-4238-acf6-c79e3980d32f,20,Female,146,98,young
4af3e0bf-20c1-45ef-8666-42d72dec5674,28,Female,29,94,young
045bab85-6fb4-4e9d-9158-73f07deb00a1,23,Female,56,80,young
234630ac-45a7-40b4-9f75-17b9d10fb3eb,24,Male,160,75,young
ef7df90c-26d0-41e9-b42e-994ccc4b08d7,29,Male,185,13,young
1c20e82a-aa7c-46c7-bd68-74411019f006,22,Male,159,100,young
f347ff17-ed29-46e9-9e12-5520c2647749,24,Male,169,54,young
c82e039b-f438-4a69-977c-d56ec1148df3,24,Female,154,92,young
09fbe823-9e57-4788-a70f-f1c810a4aacb,24,Male,185,56,young
340084fc-faa1-4c87-8299-45d211d43a7d,28,Male,63,47,young
3106b125-3602-46e8-897a-1a5be3150978,26,Male,39,34,young
207cdd2c-e543-4052-a831-d5e051d0811f,20,Female,76,58,young
f68d0d95-adfe-4df0-be28-b8805d669aac,20,Female,43,64,young
0b787942-2c5d-4928-a9c4-88f83f4e2184,28,Male,101,91,young
3899a5c3-4f43-43a7-a880-7a349c0ad430,18,Male,85,24,young
74c2899a-e548-4bf2-b540-23ce9a1397f1,26,Female,122,90,young
92072c4b-dd3d-4efa-9c42-90f89c2976b4,20,Female,194,93,young
e147ac57-a524-40dc-b14e-bee579e6ae21,27,Male,156,29,young
5ca84982-f91d-4bd0-9745-1140a702c528,19,Female,30,80,young
2db945c4-d7f7-4112-9e83-f8505fe123ce,24,Male,144,21,young
d4135f95-b7ea-40ae-90d6-d5e5b25f0f87,25,Male,35,78,young
d5b41e4f-9b62-4bf6-bb0e-f2f4541dfa86,21,Male,149,64,young
7cf2b501-1bca-423d-b2b7-417ca2a42594,24,Female,138,57,young
39e5b377-decf-474b-855b-78fb222a1a76,28,Female,23,52,young
d2b83bcb-c905-43b7-b345-17e40a266bf6,20,Male,92,95,young
918a612b-29e0-46fa-b72a-467d692fc5ee,21,Male,106,45,young
c0b1f924-d588-4f91-8a5d-c0d2002646af,22,Female,35,91,young
1b64a9a1-4371-49c8-8d9a-e075962b8103,27,Female,134,23,young
fa4a33d2-0e09-4afd-9922-9d9cd042d8ff,23,Male,171,65,young
f5f821d0-f65c-4d24-822f-66e8b54eaf99,26,Male,127,11,young
87ee1807-f300-4def-86af-32a87f05bbd0,24,Female,51,17,young
11444513-b9c5-4091-ab2a-bd93184b164d,22,Female,74,43,young
0233125f-d738-45af-8e2c-1f22f5f9b24b,23,Female,101,25,young
716d804f-4167-4729-9dad-9fe5489a2637,19,Female,102,82,young
4b6ed01e-151a-4a39-8486-ec84d63af67a,19,Female,161,38,young
a9823489-bf2c-4591-a4f1-a4acaecabb20,18,Female,54,44,young
b9c0036c-24d6-4cbd-b597-2ad455734eb0,28,Female,56,53,young
24a25352-33c1-4cc4-a39f-4b776f012eae,20,Male,135,48,young
ff1fa07d-0c68-474b-b31d-14d2ba258d72,24,Female,56,58,young
467481af-c148-466a-8090-722a9ea8313c,23,Female,141,14,young
bfe86858-55e2-4f32-87be-80a26a17ea38,23,Female,94,17,young
ad1bcb8b-7862-40c4-aae6-029d4879b1fb,20,Female,23,75,young
021b6974-3fd8-44b1-8d22-1d73c02ad87e,20,Female,192,8,young
fe96fe6a-0950-42ea-8b7d-5c86d3919c43,28,Male,50,58,young
46ce51ed-8964-4035-8996-0c644deeb826,20,Male,165,23,young
032db5d8-6cdc-447f-a601-cde770b04e8a,28,Female,82,22,young
04868dc9-8e0d-4989-93aa-76426936b085,19,Female,148,16,young
278d896c-9ab1-40f8-9df0-cc3dac4b0c38,21,Male,184,38,young
3ef496e6-b54c-4cba-858e-ec89a0d87406,18,Female,58,37,young
fa755445-3b2b-43df-87bf-225aa7306a57,24,Female,104,60,young
4d6566c6-15be-4ded-86e9-1814813761a7,23,Female,57,2,young
d24bc446-b5b8-4f03-ad74-7bc5baf2b82c,21,Female,74,54,young
0c79d508-e8d9-43be-b5a1-51c6a323c964,24,Female,176,90,young
fe2f31f8-cb8c-4fee-8efe-18a50bd9e463,20,Male,82,30,young
9e3fc7cd-a8e5-44bc-8b9e-f6f64278bada,27,Male,155,32,young
68b80900-a736-4fe1-8eb1-d00ad30f6aeb,25,Female,31,34,young
7d9e4502-d0f7-43b3-9f39-bbbd8b57a39f,22,Female,169,43,young
96f2e5b8-4b86-4770-b350-5a0e7b720d83,28,Male,51,82,young
163273ae-7729-48e2-9946-c7ea6be010d9,26,Male,179,45,young
fbdb311e-26c3-4a9d-b855-154dc75376c8,19,Female,61,10,young
7b80a961-0e23-4edd-838d-33fad9c4bb74,29,Female,50,54,young
79cde7e8-377a-4ce5-9336-622e870eb9a8,27,Female,60,31,young
8451d96c-062e-405f-9fac-3bd571f0233b,19,Female,190,8,young
e45215c2-3dbf-4e95-ad9c-119a50e5da89,23,Female,143,37,young
665e021c-c153-40e4-b7d3-cf435cfa0525,26,Female,154,91,young
8bf5df5c-e2cc-4a8a-b400-8892610dd216,18,Female,116,92,young
d1434b3d-3f27-40a5-9592-17877f941712,21,Male,126,65,young
e9404ccd-7f6b-472c-a121-75332ac44052,21,Female,192,73,young
ac192a4d-bfad-4658-98e4-c9b4881e54db,29,Male,117,32,young
ea145b43-a376-4c97-97e8-738b4f00a15e,27,Female,180,35,young
a48a347d-adaf-4a14-9ca6-668ef840e447,26,Male,82,2,young
3bd1863a-c58b-4598-956e-92a393d38892,24,Female,34,67,young
c1a8c61d-0da8-4e89-a062-2b1315a4daad,27,Male,177,53,young
ac165c13-40a9-4ea0-b3a3-33f8df480db2,24,Male,90,63,young
4962a4c7-72d5-431b-a969-b92069a13c45,21,Female,42,44,young
705efa76-e99a-4999-a971-e698e920a4fa,21,Male,49,75,young
be6e79ed-e5fe-48cb-92c3-4a672099c634,18,Male,191,91,young
a559c05e-12a2-4a22-84d3-b0fb3550c1f9,22,Female,73,52,young
4bb5927f-a3de-42bc-956f-161a18ae3eab,27,Male,188,21,young
407f2ea2-5eef-478f-8d3d-e0914e0a2d88,29,Male,129,11,young
fed28ac0-1c24-4fa3-9111-21be2901cbdd,28,Male,74,2,young
4b713a77-d3e1-42e0-bda9-d409ac469215,29,Male,23,35,young
7b1ac13c-814d-43cb-921c-0fccecb41abe,22,Female,54,86,young
7138c7f0-c986-4a49-b600-4df7d7744ceb,20,Male,52,31,young
af160c3b-77f3-43bc-bd18-e4ea53b03b65,25,Female,194,29,young
c96dccb1-a736-4eeb-89da-c7989ef7ffac,28,Female,159,19,young
59ea6c53-6089-4d94-9c24-c189375487b0,22,Male,73,24,young
10465544-ed7a-4275-8ec3-bb55f0180b9f,20,Male,110,48,young
21978e30-aa5e-41dd-ba66-a940ecf88b08,22,Male,118,36,young
8d399c2d-a307-431a-a174-21adafcfbe8c,18,Female,158,84,young
5a9a7766-50d4-475d-b27c-16328aeabe24,22,Male,183,65,young
48b892e6-3a8b-476f-bfb5-c85af89f8023,26,Male,136,78,young
69b51a75-6fc8-456c-95ed-7f729e5e8217,28,Male,78,14,young
8e8ac0d9-7a4b-42b6-9a33-002d48d39bd2,22,Female,84,8,young
e5d0dd79-d9a3-4229-bf7c-a260a339c2d3,26,Male,46,50,young
d8c1db39-04f1-4481-bb22-d79000503a10,28,Male,31,52,young
731c380d-e733-4391-b944-116eed934ee8,22,Male,105,66,young
0e63af47-ffac-4f72-918c-222680bcd592,29,Male,29,35,young
2f891d49-826b-49ae-97b0-5d54e018eab2,18,Female,168,52,young
9a925b5a-b4cb-452d-af4d-b32cc1ebda48,18,Male,187,41,young
1826648a-b827-4c53-bff0-94351a3f8e66,29,Male,152,42,young
99bd2264-b263-4486-b12d-49b1d0a68c63,18,Male,156,65,young
191a8643-d56b-4dcd-82b6-cf014b17f1df,28,Female,47,10,young
a72ec4f6-0776-4b29-b15d-8d9fedfbf1ba,23,Male,74,42,young
77657934-c605-4ee1-a74e-0703d50ddb7c,22,Male,95,32,young
08dc08b3-fd79-43f5-b06d-9c5e22a643f6,20,Female,61,15,young
80e0553b-3bda-4dc1-be70-ab7377021983,19,Female,76,70,young
6d24b84b-18d0-41ef-8813-b9d427731e4a,29,Male,83,8,young
4c2f0c21-846f-4b23-a7e2-ce236eed3edf,29,Male,36,9,young
767697a9-dd77-4b75-9da2-75ee2eebb435,21,Female,91,35,young
a57b9be8-ef15-4d65-8db8-cdccdbeadfa2,29,Female,138,67,young
1c880c7c-1e6c-47d6-9026-2ab35cb9b213,23,Male,191,96,young
e95e09da-4de3-4981-9f2a-1c957c3cde95,21,Female,169,68,young
80eef9b9-be90-4e58-ab6d-b62b50e34123,24,Male,97,57,young
f83ed133-8a15-49ce-971b-83f26f4c2aa0,18,Female,62,96,young
01b9dccb-231c-4caf-9582-b5c7f77162f9,24,Male,21,39,young
5e79a68b-459b-4a32-ac52-234368199774,20,Female,87,4,young
63c99888-65a1-4a79-bc34-f8683e9d363a,27,Male,85,51,young
c02d57ac-0026-45f8-a39f-820cf1d1d0e5,27,Male,100,80,young
ff2a2059-e07c-4870-9a9f-99bec1e36cc1,19,Female,112,26,young
e575e9a7-01a9-46f3-978a-e00cef4f3f3d,26,Male,77,56,young
fb115deb-7120-4569-b958-a66065171c5d,24,Female,96,9,young
8afe8271-bd5d-4c36-b464-8862289978fe,23,Female,151,23,young
a5e5bbee-b13e-4b6e-b175-6a20658d6006,23,Female,42,67,young
6794d1d5-e4ec-4d21-8896-fc3a354d7290,20,Female,157,100,young
f6168a03-7582-4cfb-821f-7351b55384ff,26,Male,151,70,young
c8b51850-20ab-4405-8f3e-317b2c0ba5df,19,Male,23,72,young
256211a3-df8d-4a75-b18b-eaec6cd5967d,19,Female,47,39,young
7dff0aed-5a2b-4e81-b945-5a31d5adef2e,29,Male,190,83,young
69520892-fed4-4d68-9dc9-125fd8d77d0d,21,Female,24,42,young
b2ab9889-d1a5-4c89-b60f-6f2ace511a98,28,Female,38,53,young
ce4bd485-c23b-4ffb-957c-94ba21ff74e8,18,Female,187,69,young
9257c48d-8af2-4a91-8d6b-1ff1a0579a42,19,Male,159,36,young
c7d4bed8-6615-491c-a0f5-94e0c0c6d877,19,Female,48,45,young
294c1523-667c-4eb4-9edb-45cd143f1740,27,Female,99,4,young
d67e7cb4-0098-48e8-9797-e7287c9fd907,26,Male,158,74,young
d0367b7c-4b6a-4699-b054-9e0ff1824f9d,29,Female,58,16,young
6cd7e30f-1225-491e-80d8-ed2fbfc0acaf,27,Female,29,77,young
a0c0c2b2-90ce-4579-83aa-e8db0f8c8ec9,21,Female,154,41,young
76260882-aba3-4d47-bad0-4480f8084186,29,Male,88,60,young
246faad4-51eb-41a8-916c-a2879ba53858,24,Female,33,2,young
5de61cc7-41f1-4cd6-aef5-609cb06bd12f,22,Female,184,31,young
f13d8405-81cd-4d05-9758-6913167988aa,21,Male,87,100,young
cdd83c99-05b2-4ae1-b5ac-554c2c40bf55,29,Male,113,81,young
1c42c3b0-c17c-4c4a-ac70-b0e629c95718,21,Female,23,52,young
020d888e-a1ee-498d-8721-67cd58e93e5e,29,Male,163,92,young
764fbea0-888e-4dc7-9fa2-ea1086107084,22,Male,86,85,young
2d1a0bbb-d22b-481c-be03-6fbbc57805b3,19,Female,21,93,young
c631f909-51bf-42e1-969a-4d99b4dc0bd6,18,Female,80,94,young
d23f0410-55ea-493f-a99c-86b191defbce,23,Female,139,52,young
ef11e6a1-00a7-4454-9442-6eee4bc1ba11,23,Male,23,43,young
6f3a2497-d126-4406-a5bd-380eb8d66bf9,23,Male,59,30,young
02e75f7c-4420-466d-a6cb-615469bcd340,19,Female,146,53,young
bddc2fb5-c54a-404b-81b2-50cc5b775b75,22,Male,34,82,young
a702ead0-6bdb-41c6-93e3-a68ccbc54aa5,25,Male,148,85,young
6e03ed50-bc49-4f1f-bbc0-46cfcd525d83,29,Male,155,82,young
2e897087-a397-4b86-a878-c298a9bf635e,20,Female,164,20,young
592f40a9-44e7-48b3-8dd8-9c22680cd7b8,21,Male,93,52,young
e85bf3cb-c523-41de-bf90-9993f00c0058,21,Female,112,69,young
4b67305d-c6a3-4c20-b5f8-8b164ebb401f,18,Female,105,9,young
3dd6461c-9b8c-4159-8dd4-013314fc2831,28,Male,47,82,young
a7344bc8-c318-4727-8356-686b17b1a88b,29,Female,106,13,young
e7fa140e-7d77-4feb-ae69-b111afea4406,28,Female,176,37,young
79716e5d-7c13-41a8-9e20-c7689e55b64c,27,Male,79,27,young
a2556b51-76d6-4ca3-8b21-d8b0778e0c02,24,Male,65,56,young
c87f3d66-b27f-4629-91c6-c91b33d067df,29,Female,93,29,young
b0eac63b-0066-4695-b573-94a23a152f52,21,Male,121,49,young
4b8c327c-e338-4be7-bf04-d50b878f4560,21,Female,160,29,young
b297c477-6cd8-4a98-b7e8-037ae31c3b8c,21,Male,82,90,young
cc8b7cda-8ecc-4db1-ae5a-fa626c974aa8,21,Female,39,27,young
258454e2-34c1-40ff-837b-10ba7fec6d35,21,Female,130,51,young
6ff35925-9963-41a9-963c-e6473a9989b3,18,Male,59,38,young
ec44c743-ddc9-47c3-98b2-578bf3236a35,19,Male,199,84,young
90d21b83-f8c7-4780-b169-b9cba2b55cae,22,Female,198,15,young
1df1a1e4-7753-4d6f-a0ac-8a7af75aa11c,29,Male,196,100,young
7162c1e4-720a-4c7e-9e47-6b992a4175e8,29,Male,148,75,young
855e5957-c1f2-42df-a02c-7ffd05102ee7,27,Female,71,54,young
2e64f94a-600a-449d-a8df-8f0030c99b94,25,Male,100,92,young
92ca2916-7439-4bcb-a621-421aeab3a898,22,Male,34,15,young
6dc4d441-fb8d-4c10-a9e5-3a913ad0e4a2,26,Female,166,91,young
1f93ff07-0e7b-444e-b833-ebbb53560196,20,Male,60,35,young
2833e814-3cd8-40c3-a904-8d34222a2b66,20,Male,100,17,young
ea958f43-1ab0-44f3-a8ad-a464b2a78f8d,20,Female,98,92,young
c0e469a4-c416-4ffe-bdd1-c6ea25a9a5f8,25,Male,133,82,young
fc04978d-23dd-4caa-ae07-8af6ba2fd9f0,27,Male,85,48,young
9de76632-2b3b-4517-a0d5-316a224e16fa,23,Male,159,43,young
33860819-eefb-4215-b154-1b2f49ca8a97,19,Female,154,87,young
9671b3f6-f11b-4f7c-a80a-35b04393dfdf,24,Male,65,14,young
948f3dc0-21ee-4a6a-9f22-9355ee38857b,20,Male,155,63,young
851456b6-1b45-40b2-a99d-9c22099eacbe,26,Male,117,79,young
fc2724dc-6027-4bb8-8a45-20cde440492d,26,Male,176,96,young
5efd834d-af42-4bc8-95b4-64a5fa18538c,25,Male,93,13,young
93f3db37-0eb0-4b39-bc46-d69d136ea377,22,Male,68,44,young
5d0893e9-3164-42f8-b8c9-ec3e55795e11,29,Male,21,24,young
cdbf07c9-82cb-4865-b23a-46530aecebc6,27,Female,173,54,young
f9659729-36bc-49f8-8669-62960c87ed6b,20,Male,194,17,young
3148e718-4353-4d85-b85d-3fcc9c331033,22,Male,63,85,young
697cb3e2-79c4-420a-85fe-84c199e4ffd0,19,Female,31,61,young
17e91974-e399-4a3e-8d33-4142ca92f14b,20,Male,73,77,young
9bd7d00f-4879-4f10-9650-5a96c63b4344,27,Female,106,6,young
205be026-4a21-4b52-ab6e-8b0d6ab9a652,29,Female,147,4,young
86d39eb6-4b6b-4aab-86a3-d7df1d5a5165,24,Male,156,68,young
2972fd81-20b8-4555-9c78-a60c2962c20f,21,Female,43,97,young
14682b61-ec0e-4839-a47d-5f1adb4b78e1,21,Female,187,73,young
dfb62f60-7a4f-4bf8-af9f-ac4da6c49d40,29,Male,181,63,young
b049af8b-0541-4f4f-99be-9aa445cd8286,25,Male,52,90,young
dda58154-1b3f-4aec-abcd-eadce103244b,27,Male,180,93,young
f8262789-f390-47de-a65d-4ccc86d9060f,24,Female,193,22,young
92abf4d8-e86a-437a-ba25-e6bc55fefe43,25,Female,95,75,young
6a6b007e-a22d-4a66-bf58-82064c0b1425,20,Female,188,58,young
69a4cda6-3c3c-40f2-a988-80789becc43b,18,Female,47,8,young
620c7a5d-9185-4165-8250-563e4dea4a83,26,Male,25,72,young
7ad3d1a8-be3b-4b1b-9630-7a20deec5e14,21,Female,102,90,young
969fd2e9-7edb-4dde-92ce-ca9695ab8b66,26,Female,72,65,young
5adfb331-86bc-4876-b54b-482f4cee298e,20,Male,115,35,young
e272e8e3-a5ef-4834-a350-6902581dbed2,22,Female,136,37,young
77b917cd-0005-4462-b407-a3a38bed36c7,20,Female,101,46,young
44626ef3-3953-4b5a-af86-88e5a5185dfd,19,Female,138,38,young
68ddb1ce-827b-475d-8133-18bf3a110f20,27,Female,157,43,young
1d05aa72-0ee9-403d-9654-56f7877149a6,27,Male,182,76,young
95315d09-49bf-47bb-be70-28613b4c7835,25,Male,123,90,young
96237917-9c2d-4deb-a182-70064548a873,18,Female,170,32,young
3fca14e7-00ad-44e0-b99f-278af04056f0,26,Female,187,51,young
908dbcd4-c61b-40a0-84b5-5be1a394215e,19,Male,87,72,young
8af35998-65d0-4dc2-9550-a6fad4db64a7,21,Female,198,62,young
57a51e44-98a4-48bb-8e3f-56a33a0e3b4c,28,Male,91,80,young
57895e34-2f89-4d84-b6f4-96fa2300e12b,24,Male,167,53,young
610d09e1-9c9c-4eaa-b485-98c2876097ba,27,Male,136,100,young
b1de3275-fde1-433e-aab5-d0fdb57204d6,24,Female,52,100,young
f9a60a02-253c-4daf-86b8-97c335a8a340,27,Male,150,42,young
ea6f2617-9a11-4776-b23f-f55f4555b8b9,20,Male,61,78,young
c9daa459-ee9f-44a8-a622-305680ac5df4,29,Male,86,18,young
f6480d7d-3a0e-4d7e-96a3-eb06a7251726,22,Female,28,24,young
6635ff8a-4196-40dc-badf-1f5136e0a485,20,Male,190,69,young
e4189764-e607-43e9-9578-462cfec06404,18,Male,167,8,young
b2b2db95-aeb5-4e55-b4d3-69c2c1e09b53,24,Female,53,34,young
532a071b-c254-4526-bf27-1b4fefd6ced6,19,Female,26,27,young
04d9905d-4e8f-407f-834e-09c75a4c5c74,26,Male,70,63,young
6601eade-294d-4f4f-a919-fd57f18573d2,18,Female,185,58,young
9ef966cb-dbb6-4e81-8e4b-997ab38fa830,29,Female,28,66,young
589e6157-9633-4994-82c4-bd5714e44c88,27,Female,177,42,young
75f91735-fa15-4bf6-bc64-94d76a44e2ad,25,Female,144,73,young
fad3de43-92ab-4cbe-8c37-9c0f1dea417d,25,Male,45,66,young
45fb04c3-51f4-474c-87d3-b62c13e6ca89,22,Male,115,95,young
ef1fb54e-ed0e-498b-9ff1-e9a278157e3d,18,Male,78,62,young
030f481c-ab29-4f33-a49a-a8b9572aabe8,27,Male,147,97,young
8b5d63b7-455c-4a61-95bd-4f213cadee1c,23,Female,94,31,young
8b1aa5bd-3295-4ce6-a66b-84f31649f9fc,25,Female,77,79,young
ee7fb4b8-33a9-48f5-b39e-fc9115be15b7,26,Female,195,56,young
44bc4c38-1234-4865-86a9-d8d3babd2744,27,Female,112,95,young
bbe9f4ed-f67a-4bd6-9625-0c6ceeaaf396,19,Female,21,84,young
a2694a73-1a53-45e3-8314-94f934169d78,29,Male,141,72,young
74c0d4d9-13e0-4595-8113-e9795fe95cca,22,Female,147,97,young
1f958089-26e2-4267-b83c-df799ba1af4c,24,Male,123,95,young
d8bcfd66-3aa3-47d4-bb00-17302155701d,25,Male,31,86,young
da30b615-bc13-42ea-9fe2-199adb5abc72,25,Male,178,23,young
6d5cc17b-73c5-4b4a-8bd2-1ede33248a67,18,Male,192,98,young
35618a65-2cde-463c-88d1-af96e79d3400,24,Female,54,86,young
9f7bc0ce-9460-478d-b319-a481781fcc71,23,Female,49,42,young
7ff3f42f-f9c2-4430-8347-a74950170f60,26,Male,103,29,young
adf32102-c7f1-4bfa-b2ea-dbf40fa6c5b2,27,Female,87,86,young
984f1611-e26d-4197-b052-5e6b7b3f18bb,22,Female,164,62,young
41e728bf-8a6f-42d3-b6e8-eb0a16ab0c3d,22,Female,29,14,young
ec81f76b-75c0-4938-8c86-4e40cdad3c4b,26,Female,181,99,young
d41af8b2-7695-41ca-b523-6fe9a6f654c7,18,Male,104,78,young
a57c6c66-9c3b-416a-9023-1608d3f54b4e,29,Female,78,55,young
7c420d83-f004-4a0d-9e4c-77097353634b,20,Male,199,51,young
ccb86004-28b5-4ffe-8a93-17d28c9d2c89,18,Male,103,8,young
9b33e382-e692-409a-9a20-0f50813ec57b,28,Male,172,45,young
efe17c9a-7312-4f21-a177-c71438029a5c,21,Female,48,85,young
be5e4545-cd77-4e96-9b98-7031030b2913,20,Female,197,13,young
46365542-315b-4248-a840-005ef1193bb9,22,Male,79,70,young
ee12059f-a753-45bf-8038-3c578c3ab9db,28,Male,127,91,young
85069ab0-1012-49f8-b1a9-f23ae02ac852,23,Male,191,25,young
5fa3b63b-30fc-495f-8424-7b7dcb10a114,18,Female,141,95,young
47ee6a72-360b-47bc-9259-d0021a0604b2,25,Male,151,48,young
aa3191b2-85c9-4967-9335-0f4b8eea082f,28,Male,87,32,young
154dc9b8-b9a4-4986-a977-af6cdd399192,26,Male,163,37,young
64824f1c-34dd-4e0a-b53c-262b27b1092c,26,Female,43,3,young
dbb47ba9-55f5-4613-93c8-48609d44f7a9,23,Male,199,75,young
9b09cb82-a8b1-4e41-8d54-dfc3a380b3f8,25,Female,115,56,young
81ebad7d-74a0-4822-a0b3-0347b524f4fa,19,Male,50,61,young
7f0a4a63-cb00-4878-a2e1-229bf8fce90b,20,Male,34,15,young
339d7923-9b11-4d99-bb94-4b5eca1023ea,22,Female,149,88,young
7090404d-6b18-4d73-8f00-90b1c7bf5600,21,Female,49,1,young
8719bcae-1a6d-4b20-bc82-5b9d92cec3b6,27,Female,50,34,young
4f67f154-715e-4d99-9f7b-1a15c0024c7d,24,Female,38,11,young
43026c6c-bf39-45bd-a717-3e25db54ad96,19,Male,22,7,young
4ca65483-5d75-4900-9c2c-cd8555bd0006,25,Male,131,90,young
8f520b21-b4d7-4458-8784-0147d75469e4,20,Female,180,92,young
e9811e41-3068-4919-99ba-99e65c191051,24,Female,26,70,young
2a6d19db-e219-4308-bf71-30d595c20535,23,Male,116,50,young
36c85b14-3f48-4c54-a057-f4325a1d4446,25,Female,128,23,young
bfbc32c1-8d2d-4adf-91de-15f7caa4da0b,26,Male,132,50,young
0154494e-0854-4a5e-817d-b4dd39ad2c15,25,Female,130,52,young
5cd197f9-7e13-4e8a-994b-a0c3b87426c5,24,Female,103,90,young
c94bf68a-ee30-40be-9283-59c6d29e92a6,24,Male,186,96,young
cc12a98b-6f80-4962-98aa-9723d399bb96,21,Female,110,56,young
a57e98c0-79e8-4861-8f50-5c32d23ef6fb,26,Male,182,23,young
c08e5cef-5330-4cc8-9469-1dcccfaa8949,26,Female,72,58,young
6c78e7aa-6fa6-4402-9977-6493d252db40,21,Male,138,16,young
55e94fad-7287-4c78-a068-d90c61428039,25,Male,158,50,young
7749aa5d-c025-42ba-a9ba-b38535bd2cf1,24,Female,192,78,young
86a17aef-453d-43a4-b221-db008f3aeed4,20,Male,142,54,young
77f1b44a-0eb3-4fba-82e4-d3acda6b2539,25,Male,108,33,young
d2805525-14e8-436f-838d-bed6fe9b1e92,22,Male,142,87,young
f57c7554-6fcd-4c03-b571-c0fe071b8ebd,19,Male,97,96,young
af41c096-a0b6-4b48-858c-39bddd66360c,29,Male,96,48,young
81f4ee6a-3459-4a4d-bee2-3fea5aef4255,29,Male,144,20,young
be9ffb28-da75-4624-b33b-4d250901a393,22,Male,54,50,young
c06cd5ff-5340-4aa4-bd2d-962a3007e2ba,19,Male,61,58,young
1c02493e-2201-4c09-b8b8-f6c11b7d664b,18,Female,139,99,young
eb4ca15f-c10a-42a8-81f6-6ebb3f4c7822,22,Female,49,94,young
449d6b9b-24f5-43f3-b265-dad0d37e00dc,29,Female,171,77,young
d00a37ad-8c10-44df-916b-b78cd951a885,20,Female,100,67,young
f4df1f41-0405-4e3c-9e1d-8e7c5827f122,22,Male,87,99,young
237b30c6-ff95-41b7-a5bb-fd19a89b15ed,23,Female,59,58,young
a33c088f-f274-40f8-a095-f05ebe981104,18,Male,49,98,young
aafe10e2-5a9b-4b06-b581-0808a284b8b0,19,Female,80,31,young
d6ad416d-8e5c-4863-a87f-8ca5f31eb2df,27,Female,124,94,young
c89039b4-2d5c-44d9-a4a0-b903a8d8203d,20,Female,155,67,young
fdc9a78d-9363-4b5d-9e57-fae7f084c5b1,25,Female,88,69,young
f6eb4804-40f8-4cad-8783-ec2ca1793f54,24,Male,155,51,young
1d3a6955-1f67-40cd-ab54-7514776e570e,28,Male,198,55,young
33003401-ffeb-4f01-af52-2e0230213a0d,22,Male,93,56,young
45c51c58-c62d-42af-8870-554937c1ffb8,19,Female,24,20,young
99bd0734-1d7f-4553-aa2b-2fb8e952092f,29,Male,88,11,young
413571f5-98f3-47dc-8f06-89f3a68e4c9c,28,Female,55,77,young
4f5e7bb1-672a-4e04-8ddb-12387eee3828,20,Female,168,65,young
06e571ea-9d84-4f33-a213-7f0739ded0ae,20,Female,94,34,young
3e6b4557-d4d1-42c0-930d-ad0d848901b0,20,Female,103,80,young
aa6dbde8-6833-4b8c-9447-29760f08714f,24,Male,65,88,young
b91bb08b-0f1b-4764-9325-0587a3dd53ac,28,Male,34,43,young
4d150f21-fab8-4ba0-88ff-67e13fe9f5b3,18,Female,89,66,young
452daccc-e816-495b-bddb-66298df94465,26,Male,160,36,young
31bc0185-36f7-4360-8577-40c576f5624e,20,Female,132,25,young
36b6ee65-17e7-4429-a19f-133e19d6c378,26,Female,119,8,young
43bdbbd5-a207-49e0-a1ea-929792c302d2,20,Female,139,4,young
06e4400c-f50f-450c-9f12-88b1d386b1e4,26,Male,41,90,young
b94635de-ce4e-4766-a483-21409499e0d9,20,Male,153,71,young
63969ed4-bebc-4a22-9668-5ee6ce06a546,19,Male,75,16,young
01806c3b-6035-4131-bdb0-779f08b56853,25,Male,178,22,young
56306b2d-c36c-4d65-b7f9-2e0ef4e64f2f,22,Male,47,69,young
f673bc1e-5ccd-4093-8fb2-08268132728a,18,Female,150,49,young
a7feebbb-c890-40e0-a1e9-16b9d169c015,21,Female,95,24,young
a0c956ef-4a3a-4c63-bd14-6efaf36b4db2,22,Male,93,26,young
eb560fb9-fbfb-4ac9-8940-74de1f6da782,26,Male,86,93,young
cd25f331-67b0-47c1-b4fd-5ebbad0559fb,25,Female,194,1,young
146c3cbb-0ff6-4aa8-a042-6866d6e73eac,18,Male,39,18,young
955f05f7-9e7f-434c-b6b0-352b12cca195,27,Male,177,85,young
da38632b-7615-4001-a49e-b195d163a5e6,22,Male,52,57,young
b435f5c0-1ac2-48db-9c23-1e53159bf7c8,25,Female,103,39,young
f4b76d31-16b7-4039-b15c-3ace0abc7d36,26,Female,166,44,young
02bc6b6a-1604-4db8-ba96-844ff523ef10,25,Female,110,61,young
ef6ce7e9-ac95-4cb4-9125-47634b6e8430,18,Female,49,18,young
2d27fe2e-3cf2-403f-bf50-e02d7999e048,19,Female,179,34,young
08cbedc3-cf6b-4066-838c-33eb880ce6a3,19,Female,58,59,young
502974fd-0cab-4e98-b48f-14f0aa529c7a,23,Male,173,48,young
c963216c-3045-417a-bce6-35793843cedb,18,Female,75,21,young
5eb1c261-14f7-4fc9-a8ec-c0f10a6a7026,24,Female,97,38,young
10ad8683-e8b9-49ce-aa45-f129345368ac,25,Male,23,89,young
3b2c33ee-d5bc-43d1-b02d-f35a49e2dfc7,20,Female,158,72,young
05352e2c-f9e3-414d-a37d-6b298460a4ae,25,Male,129,34,young
f93ff113-504b-4133-8cef-d6ed43673538,18,Male,195,78,young
a582cf00-43ee-4aaf-97b9-a7a1a2da4d6b,18,Female,51,12,young
efdd60fb-c46b-462c-b0c5-e2ff5f45c8b0,24,Male,72,39,young
e84f6d75-bc9e-4463-80c1-55fac487d97a,29,Female,27,9,young
31a683a5-1b3d-437d-996d-d993ac088b51,20,Female,150,89,young
0a91aab3-d603-4ee2-a589-2af6b0e4d124,18,Male,119,43,young
b839f5bb-560a-4666-988c-48986c8dd23c,23,Male,50,18,young
670a88a0-c21d-447b-928f-398bcb5ef7cd,18,Female,157,97,young
bf0a20ae-608e-42df-ab6f-3f297e681eef,20,Female,43,46,young
f2fcc54e-c45b-4c09-b007-a49d6e669aa9,18,Male,195,50,young
a44a8093-82cf-48f6-b344-0ada6ddab50c,27,Female,130,90,young
affffef3-0803-4e9a-b610-6e7d0bae4d58,23,Male,20,7,young
cf395421-5ca3-4337-9595-13397751b7ce,22,Female,164,67,young
06324136-54bf-4f93-a3e5-d1ad26e9a64d,21,Female,44,4,young
77acc4e1-8edb-43d8-b45f-a025458922b8,23,Female,93,25,young
fb28f231-8de0-4baa-87a2-753989115be3,18,Female,32,13,young
56873757-7648-4c2a-8095-be358c22bac7,29,Female,133,22,young
a968d445-d93d-439e-bd65-b180a220e877,18,Male,178,55,young
ac6ce493-6052-4cc0-977a-ca2b1da35ca0,21,Male,25,97,young
74a5365c-ebf4-4d8b-bcd6-398b8c3dbb86,26,Female,22,20,young
1bcab1cb-6734-431e-b44d-bfd31e4ecece,20,Female,188,35,young
8f3a48df-6bc2-4fee-b3bb-90207b3f4b33,27,Male,135,48,young
c310d27d-9066-48e5-91c6-79e443b6048a,27,Female,191,32,young
67faf92c-738e-47df-b842-6efac16e6fcf,20,Male,69,24,young
f5766198-0327-4c47-b11b-3c4732c7b8b7,29,Female,189,32,young
6d96c0d2-6b18-42af-8e6f-99d9becfada3,19,Male,188,61,young
5a521234-9623-4add-b5eb-e2e7cc100f5b,25,Female,189,2,young
3800d006-6c7f-48c0-a76e-590a82bb0ffc,19,Male,171,83,young
60b95468-ffd9-4c9f-b998-124e0cc78ef3,22,Female,40,27,young
bb5cc854-35ab-4dcb-969d-f14a31fe9ed5,20,Female,64,95,young
0e8556db-06bf-4781-a646-e8ad3a6af816,20,Male,186,81,young
f2fac304-1af3-49b4-9364-3e723eb4964f,24,Female,108,75,young
2b7a32fc-7124-44ae-898f-6c3af1d8f724,23,Male,126,41,young
57a43677-10d5-48a3-9a06-87bd500086a1,21,Male,118,41,young
1627daa6-5f21-4448-8d3a-bc446a91ebf8,23,Female,190,22,young
16f8ef99-91be-4510-b958-b36e3a48da72,28,Male,130,31,young
29125849-956a-4592-9126-ee81d8b77874,19,Male,26,64,young
81d31610-9b7c-4e30-8286-3869d3bbb9e8,26,Male,136,64,young
5fb99ee2-fb68-41c4-a10c-980a43791281,26,Female,58,3,young
fa306643-1097-4a47-a447-ad56c93e6a54,19,Male,97,69,young
a424bcb8-acfe-40d8-8940-4f38edbbcc27,18,Male,101,22,young
16ea94b0-ad40-4658-a67a-f8304b9833d9,24,Male,145,57,young
f21ba175-648d-4c03-aa31-95d0032c78e8,26,Male,84,43,young
c8871d1e-524d-4add-905e-d1a6577c18d6,25,Female,143,42,young
d9137f51-9049-47a4-ab4e-240a0b137b6e,29,Female,60,92,young
dd77bcd0-df60-4e68-aaa9-7893672ded44,19,Female,196,26,young
ad722d98-efb1-4b12-ab38-17b9f1472af1,27,Female,88,44,young
24868c93-7a64-4ab6-8b6b-11c8640849fe,21,Male,156,16,young
2467b7f4-4076-464a-acd0-46d864b1ba2b,29,Female,144,44,young
2cad5df6-09cc-4b94-911e-bd0f1e654188,27,Female,167,19,young
9d9b96db-25a2-41ac-85d3-742cc202772e,25,Male,149,14,young
0f299a13-eb05-46a3-a7cd-28ef3069f134,19,Male,56,23,young
1bdffa2f-5696-49d4-96f9-cd62a73dc899,26,Male,192,44,young
7e02b7a4-1bd5-4732-a968-fbdcc4a95fdd,22,Male,116,32,young
192d6016-e1b7-40b4-8c04-410f6811cb98,21,Female,106,30,young
3e04491d-df2e-43d0-ba0c-322f424680cc,20,Male,125,5,young
357ed27f-de66-468c-9c40-7b55a8c21792,24,Female,62,24,young
01c03241-bb2e-4cce-8907-72c3a024aa6a,22,Male,49,30,young
f419b2d0-bafa-4dfa-a640-82e8a62400ac,18,Male,177,54,young
c1d448be-1853-4b97-81cd-baa5f25a4c4a,28,Female,194,46,young
db200493-ecdd-4ad9-afcc-149baf23266d,24,Female,125,81,young
0b1425dc-7d15-4e00-871d-b52efdecd83c,24,Female,192,99,young
d91eed44-afa2-41b1-97d5-65297438d8c6,21,Female,169,13,young
40db1252-ad43-4a9e-8955-4850d08a1035,22,Male,187,72,young
3b56d561-b36f-4e09-bd96-1d2486893723,26,Female,124,86,young
4e7730c7-eab0-43d9-9012-101c41e2f60b,29,Female,96,9,young
62884a9c-abae-45a8-9122-0df425ea3c28,28,Male,48,36,young
c526826e-6f3f-4e85-b5f3-eace57fe5919,25,Male,75,42,young
5c23af0c-a6fb-4328-90fe-0b1b59f05438,20,Female,90,37,young
b43a0f85-4524-4a5a-989b-c7cc61fc4ef6,29,Female,35,87,young
dd61a6ec-bd42-45bc-9ece-7bf6c47ae8f6,25,Female,109,50,young
a81aac52-c69c-436a-aced-3ca254d227b9,19,Male,174,36,young
1ff63b68-f51d-4afe-bfc3-5406df317086,26,Male,88,54,young
48766198-c93f-4243-9e85-d5b804b500be,24,Male,101,70,young
495a2962-d351-46e4-b898-b93f50c26a30,20,Male,94,32,young
559d6576-d205-43cd-a771-182624165516,18,Male,42,77,young
f95af1e2-c637-4aab-8559-917ba12a30a9,18,Male,36,86,young
994b9349-2bf9-41e4-be38-641a280713f0,18,Female,153,38,young
c303fe8b-f416-4b96-a119-afde94d47aa1,20,Female,63,59,young
e47f2323-fca4-4503-992b-b453d3568423,26,Female,184,82,young
5be2466c-7477-4f72-9023-c7ca319361f3,23,Female,102,42,young
799e137d-4d5a-4eb7-9472-502649b0a19c,28,Male,174,26,young
3e76f787-a7fa-4609-9358-05c63bdd6965,29,Male,133,63,young
7db4632c-9466-44e6-a340-2f996b230c86,21,Female,109,100,young
cd6c53b5-2a60-417a-90e1-b38948536e31,18,Male,77,53,young
922885ce-373a-40f1-bf11-7da126af6d4b,27,Male,106,49,young
5ef7e796-ac50-4b23-a3a4-c2a885133810,25,Male,70,31,young
757ec749-762c-4784-8fef-64f7580b2475,29,Male,99,78,young
79e24372-82ed-4a6c-9639-032925b57ab1,29,Female,194,21,young
43f36fe0-b54e-4d4a-b1fc-ca572fea16a4,20,Female,75,22,young
bcd182ad-baa5-4084-9234-178bf17cfc85,29,Female,95,6,young
e573c5ae-e91f-42ce-a3b9-b976a5bea988,28,Female,133,38,young
22b55301-25fc-4e75-bac8-a361ca625b19,26,Female,167,73,young
7bb2d1c4-3132-48f9-9d09-e00369a123de,28,Female,96,41,young
82781ee3-90b0-40bb-a0ac-374f0e1ae5bb,29,Female,58,30,young
f9dbf7a7-e33f-4c5d-a7e5-1c62af801dc0,19,Female,158,77,young
b3b1e6ff-8e2f-48ca-96bc-2590e51614de,25,Male,66,71,young
bb38fcf7-e5b9-47fc-a77c-6a8dab821786,21,Male,41,64,young
e50c50a1-4261-4abb-a642-d22a2e700fc1,25,Female,163,75,young
9cdbfc10-21de-4a66-9441-391085f76753,24,Female,195,90,young
6fe6069e-ca8a-453e-90bd-39b0f3d641a4,24,Male,102,50,young
7a00a2b7-457a-47f1-a9c4-923ac705e1fb,22,Male,146,80,young
5b7cb150-e338-4f26-b241-4139b14bc3ee,20,Male,183,4,young
b054817e-e5b6-4172-9fe2-89467a86c549,19,Male,159,61,young
d4a36374-14f6-4c11-97cd-209e7d5501f0,20,Female,129,19,young
571ac52e-59f1-4398-a9d6-c5f2442adc2c,26,Female,73,12,young
06b5b337-e10c-4e74-9e91-bfb8c2d1c55d,25,Female,136,39,young
11d8346e-291a-458b-9964-bcedb3759694,18,Male,129,27,young
59f6176d-fe7b-435e-9a27-8cc7b672afec,28,Female,31,46,young
f44cb001-f701-4de7-86e8-d81047782301,28,Female,124,72,young
98f345a6-1e1b-4a10-9e39-3728bab2ac86,23,Male,30,81,young
41b1a359-0348-4e08-899f-f4d2c6e59eb6,21,Male,58,16,young
3b060e96-a4b6-44a1-b6c0-a551c8ac9915,27,Male,194,98,young
245ba095-455f-48dd-a021-c74b0734eef7,20,Male,117,10,young
53bc9428-fb91-4e03-9a0d-7a89380a0d65,24,Female,182,31,young
921e19c0-ccfa-4466-9c5b-73bf5381bae2,18,Male,32,95,young
0d1bd29f-8db8-444c-a022-5d6a13cc9ae6,18,Female,62,44,young
5411b65e-0c15-492e-9d50-37d0f64509b5,22,Female,152,52,young
5608ab2a-429c-41c9-81fe-6a14f5e80784,23,Female,128,86,young
b164b3bd-4be6-4b7e-a932-f01510537945,19,Female,188,18,young
cfe716cd-002a-4c91-a999-30a06c48f06e,27,Male,20,48,young
32ea65f6-83ec-4652-bf83-c85710788fd0,22,Male,98,67,young
7802a35a-bc0d-4731-b2ce-5bcb2cfdac66,27,Male,54,46,young
e0008a32-e262-4124-85ae-b024f0641e03,29,Female,200,11,young
8a9c1526-c824-4bfe-b9dd-4dce29cfbc09,27,Female,75,88,young
f686920c-1b33-499f-9f75-cd32586a9c0d,27,Male,102,88,young
99c23b00-59da-4257-9b8b-8d43c382ad4d,26,Female,46,18,young
eee4e68f-5834-4e2e-a3e6-0c4f02ee8b88,24,Male,194,100,young
aefa93a9-9d37-4e4f-b727-043cc693a69a,19,Male,93,100,young
bdd015b8-3130-44af-a4b9-4fee7e6f0497,20,Male,137,17,young
a1c84db8-a4d6-4057-aafb-d057655ccef4,24,Female,149,97,young
68e3e488-5879-49c0-a04c-4d475c5d8026,29,Female,47,37,young
1f69db4b-3abc-4410-a339-c972aa38293e,18,Male,193,40,young
4d1e01fb-8f2d-400c-9d9c-dffe2fd6e536,20,Male,26,31,young
bfc85800-9878-4a11-97c6-6de6eddff563,28,Female,125,99,young
00bd11c3-9f5c-4060-bf5b-73cc2ba0069e,22,Male,45,57,young
4be3e104-cd9a-43c8-862f-a9b3f6892053,26,Male,99,10,young
dd2e6488-1811-43cc-8267-16bce7a3a47a,21,Male,69,44,young
9b5c9126-723b-47c3-88eb-a7753630e92a,26,Female,114,49,young
b7f96d1a-33ce-4633-ab3c-c331aa9fff78,28,Male,32,71,young
a944386e-b269-4bab-8884-7b19e02390c1,29,Female,23,53,young
b8263d9f-dcd2-4922-8cea-5304f6bacd55,29,Male,197,16,young
4886eca0-5497-44d7-b8c3-861a2113f806,20,Female,36,51,young
321e05fc-de08-4588-ba94-b9a08011ebb7,26,Female,115,16,young
e073b920-3a74-44d0-b700-db432f59d2ac,23,Female,44,52,young
ddac6428-ad45-439d-bde3-cd1f667ff99b,24,Male,110,41,young
24e68b45-45b9-4e63-ad7b-f9af8e21ef71,20,Female,62,81,young
bf2af1cb-a930-4bbf-90a1-d8910819dba0,26,Male,66,4,young
7d234900-a611-4d7f-bbcf-7e9ebe14b694,23,Female,176,87,young
8541d8c4-9b61-40fe-bdaa-7305e8f43909,20,Male,47,16,young
795818a2-a39a-46a1-b886-ad87af1c5cf6,29,Female,157,4,young
81e781c2-1c86-489f-a26a-daf5c142ea58,26,Male,152,91,young
bc148b1b-bcd2-4970-90be-2c54bfd8d090,18,Male,32,94,young
0b988238-a81a-42ab-96f9-1bfd4032986b,22,Male,154,41,young
0b04bda3-1f3b-42a1-a4fb-a561e42be3cf,21,Female,132,36,young
5e6b3525-888d-4eed-97b8-9fd29baf3dec,24,Male,145,57,young
b84c5655-8ee1-48f2-ac93-f91c996489e9,26,Male,170,96,young
f6ffbe9c-b92c-4579-9255-a9948dd958ed,19,Male,30,100,young
de9a24dd-621b-4360-9b26-fac92e9b3192,19,Female,118,89,young
045349b6-1a5d-4cae-8106-0c153c31dc41,22,Male,178,80,young
3870651e-7ad0-422e-8344-ab2882e9a481,27,Female,63,24,young
8e9af24e-fa76-4ce3-807c-d3c81662d7d6,18,Female,145,33,young
60d2b449-e9a6-4569-9f32-3d66cbccc664,20,Female,119,51,young
6bcbf921-c778-478d-a16e-1c74cfe6508a,24,Male,127,8,young
4fafd4b4-a6e3-4b64-b465-1958c5c32c4c,29,Female,132,70,young
6d5136fb-33f2-4e22-8084-4e8c77e9fd96,18,Female,130,18,young
5035fc62-9e44-4ee6-8273-32c619520f0a,22,Male,50,46,young
42853e4a-75b9-45dc-9891-9ee7b7a03964,20,Male,80,31,young
bd762b9e-2d58-4dd5-be46-43789a4ab587,24,Male,182,43,young
e7fbc4c5-119d-4527-bcc2-7658519a9d88,29,Male,160,47,young
7245babc-5cf9-4a31-9389-1b71da5937c5,24,Male,42,72,young
971ae077-e987-42a2-96e5-3f8bc1e73816,18,Male,145,4,young
4eb67446-c170-4104-8ca0-94f5183777a7,23,Male,118,1,young
451c84d4-4540-4d05-9227-c392824da0dd,28,Male,92,89,young
45937f6c-ddec-4520-9e9b-b536dd02aa7a,28,Male,88,84,young
2f62b095-accc-4cbd-b199-148724f7bd83,19,Female,183,10,young
76d69667-3409-46e8-8079-cc79441c4c00,27,Male,183,79,young
98d8ef80-41fd-4de2-a98c-8b7c507b37de,22,Male,61,91,young
cd45d33a-1544-4f61-9d5e-7beec9c941e0,19,Female,93,69,young
cd68544f-d3c3-4cb8-9b2c-6ebfdfa5b326,21,Male,96,10,young
5ad184b2-1682-43c9-974a-00cdcdc38e65,23,Male,193,61,young
3280436c-f8a7-4380-b0e2-9c7efef7af33,21,Male,120,42,young
48eb5798-c2a6-4e6d-9066-714513cf5c71,23,Female,32,30,young
4b99ec99-d6cf-4c79-b44a-0f5372c32768,21,Female,87,54,young
8caab713-8f0f-49a4-9e11-6cb8dbd792f0,22,Male,50,73,young
8a139c13-4901-432d-8b16-3e6b81fe7611,21,Female,117,50,young
feb6624d-5038-42ba-b057-28bbe2a840b9,26,Female,92,10,young
b1f7b83e-0e73-4fdb-aba3-3fb2389dbb30,25,Female,20,80,young
72ecc095-c468-4434-b4e0-0faa8d7dfb5c,24,Male,53,74,young
953dd111-904f-4288-b3be-f6ebf5e36e95,27,Female,69,14,young
6a637f72-88a2-4cee-a832-bcfaa4d22468,23,Male,118,7,young
0bf33378-559f-4b29-80f9-90dacbfb37ae,23,Male,45,16,young
a80f582c-f910-4bb7-804e-c0c7b2687c64,23,Male,149,90,young
2f528dec-0116-4832-be51-3601a9457e78,25,Female,163,17,young
0e60f907-2c28-40aa-aac4-a485808f541f,25,Female,99,30,young
cb647504-ad8e-4c22-94a9-39a2b4be81eb,26,Female,44,31,young
991d9975-eab9-4d37-ab25-cc52602bef49,18,Male,69,13,young
8f05d102-9073-474b-a5b5-d58aff587638,18,Male,129,83,young
a9e7b213-4714-49b1-aa54-e8b75d9332f2,23,Male,59,13,young
507445df-b7a1-4d9f-84ee-bf0efc19edb8,28,Male,159,5,young
e09435c7-e058-48ef-a991-6949d3bd562c,29,Female,126,15,young
073d6744-4d96-4637-afc5-a2637bc43f18,26,Male,144,36,young
1db694aa-8eb1-4d7d-83ba-183745993587,27,Female,80,18,young
f4fdd6f7-f6cb-4c23-9964-6c715c754d8b,26,Female,179,55,young
1a53a4a4-c16b-4386-bf28-5842cd3f3f9b,24,Female,167,74,young
a0504768-a85f-4930-ac24-55bc8e4fec9e,29,Female,98,30,young
a08c4e0e-d1fe-48e7-9366-aab11ae409cd,22,Male,73,74,young
0e87c25a-268c-401a-8ba1-7111dcde6f1a,18,Female,112,48,young
5f388cbe-3373-4e16-b743-38f508f2249f,26,Female,94,5,young
b8b8f561-ebca-4401-8afe-544c906554ba,19,Male,78,2,young
