Customer ID,Age,Gender,Annual Income,Spending Score,Age Group
1770b26f-493f-46b6-837f-4237fb5a314e,58,Female,185,95,adult
e81aa8eb-1767-4b77-87ce-1620dc732c5e,62,Female,71,76,old
30661d57-eeb5-4886-970a-9c7d0f260ad8,27,Female,164,37,young
b20fe0a0-e254-4116-b804-5403bb2f59ea,62,Female,63,3,old
4be5f5b0-83f6-4bd2-9056-18a8d5414066,63,Female,89,80,old
caa4ad5a-51b2-4af1-91cb-e2802f620239,32,Female,160,96,adult
0c9d0e0d-a601-488c-9f3f-f036f2bdb536,51,Female,135,87,adult
dc35a079-c3db-44f4-8612-d0af9daea414,64,Female,33,81,old
9c702610-d6ce-48fe-9857-9e295e161ceb,39,Female,48,36,adult
65348b4f-9170-4edc-b035-cc484416face,19,Female,192,57,young
eb6d1dfc-5b3a-4ade-8521-71db4659ad13,61,Female,38,15,old
896aef6f-4dc1-4b4a-8805-68ced6971458,73,Female,171,55,old
e8db83f2-90bf-410e-bd1a-7c9ee14ca32b,90,Female,123,25,old
59052529-9a68-4936-93db-43cc1d541e84,39,Female,136,95,adult
767f9ffd-7211-4045-a1d0-f700220928dc,35,Female,71,52,adult
cfe0eb40-4892-47fd-ac84-29dbd15f7bd4,57,Female,106,7,adult
068b3da4-216a-4157-9474-929a1a10cb6d,82,Female,85,66,old
daf07560-6a2e-47af-9c4b-66a63b93ac34,84,Female,36,5,old
b818a1f8-fdff-41a3-b1ca-de3faee17f81,56,Female,43,52,adult
ea4a4765-11a6-433e-8016-110bc0bc5ed5,21,Female,118,43,young
7c3297d0-408b-4e5e-9c4c-abc9816af35a,67,Female,129,80,old
01552f1a-7600-4641-bed4-8e255b8c61d3,69,Female,73,77,old
a6fac89e-e7a4-482d-9bb6-d32cd2abc346,26,Female,81,29,young
10a2a14c-cebf-410d-81dc-c333101b5e6e,39,Female,45,12,adult
8e6a7fa3-bf7d-47dd-9e50-e3e7133fc39c,27,Female,199,25,young
68969a5d-975c-4a8a-a357-1ce87ab24459,58,Female,85,16,adult
7cb46cd5-4ba6-4177-9d34-ceda14ed832e,45,Female,137,68,adult
579b69ca-a392-45fa-9c5a-25284b10720c,63,Female,57,2,old
04c9da15-a924-4beb-bcb3-3f2e3f6fcee5,25,Female,198,29,young
0a9ca7d8-91f4-4189-a959-e8d5fde13881,48,Female,171,54,adult
3df8f77f-b527-4f3b-a2cf-b163ff5965d9,50,Female,101,32,adult
accc810b-e7e1-44dc-80bd-98e82bef02d1,48,Female,46,95,adult
cb05e681-1286-4f97-8e7d-2c9b67778936,49,Female,190,2,adult
7a9d06b3-26cd-4b0c-aba5-3bb0d0b93c2a,80,Female,31,49,old
c6ee3f30-4f9a-4125-8ba4-c6234e046dfb,33,Female,135,90,adult
97673bb1-e729-47b7-baad-905d6265d941,38,Female,37,91,adult
e426ab28-977d-4660-95ab-2b387d478cc0,83,Female,174,53,old
085e5698-1f05-46dc-b758-61a28ef4dac3,54,Female,29,61,adult
7897bafe-61af-4fdb-b71e-adc2127aadf8,81,Female,189,45,old
7d14cebc-4aed-430e-ae8a-6415fde6e4e6,39,Female,146,81,adult
32cc9d1d-1db3-40f2-9a29-06f8b37d0463,75,Female,118,35,old
4729da16-d88d-4476-949d-404f5f54adb3,19,Female,96,93,young
2ddd5825-e37e-48bd-af2d-5e31c9955021,44,Female,113,14,adult
2260c459-3b7c-443c-a31d-088405b7f09c,55,Female,127,31,adult
601dddb0-0511-48c1-8e91-0dde69040557,52,Female,61,9,adult
50bbe6c3-4d3a-49ae-a529-4b94492fbe8b,72,Female,66,53,old
767bc943-ceae-4dd2-bad9-3fd9c89d7db0,72,Female,36,72,old
af160348-4b39-4b4e-984c-8c078e995f5d,81,Female,111,34,old
9e5e3cf5-07c0-435d-b0f3-fbe03cf91807,64,Female,120,20,old
385017d0-a567-45ce-8528-28c8b8804112,30,Female,99,4,adult
71a58421-e129-420e-85cf-9292c4d2f309,68,Female,194,35,old
8050f9eb-d0a0-4389-8081-65ae272944b4,90,Female,34,98,old
b75fb976-3c52-4fd2-9a94-3a2d85d70a82,36,Female,143,40,adult
690e0568-49a9-475f-aa19-567b98f977bc,72,Female,62,59,old
0ced3471-db47-4b19-9723-e8333b091f98,31,Female,76,65,adult
35ec8343-eb43-4faa-af75-7a731381d1ee,37,Female,133,22,adult
716588b1-f862-4c02-a2cf-115cd43f654c,21,Female,175,33,young
90b18bf2-2413-4212-8934-e67ffc233192,22,Female,106,74,young
8ec74f4e-2836-4605-bf4e-0be43ad7976f,70,Female,198,13,old
5ddc5df7-2656-4cc8-a95e-a0618d7cb8e6,27,Female,40,77,young
3d95829f-3d62-4ee6-a67f-d6efe7029686,21,Female,116,55,young
15ce7dc4-22bf-40cc-b575-9ec4fbe27dd9,51,Female,88,84,adult
f17d239d-6a67-4b77-9fd3-5377ea88c142,49,Female,194,43,adult
958eaa2c-0c0b-46fd-a085-b29ce9d5d8e6,56,Female,55,18,adult
85a5ff51-fe9e-4518-9fb2-11b86df7d52e,46,Female,48,62,adult
af9762ae-ed8e-4aa0-b32c-922d500b4cf1,53,Female,156,35,adult
6abe4dbc-1b70-4a8f-b0b1-7d1bff27fc65,23,Female,115,25,young
0947cfd7-72d1-456a-8524-947bf653fa57,18,Female,96,64,young
ee9dbbc6-b790-4c28-a8b3-07272787b57d,44,Female,172,76,adult
90f1ac1f-07e1-4817-bfde-7e5f23f3e17e,38,Female,182,68,adult
a04d4663-eb9d-4fae-bab1-2549c7e02be9,88,Female,168,51,old
ee835638-95d5-4dd0-a912-227ec001ef06,24,Female,185,95,young
d13d7964-0d0d-4be0-bb64-6f213f921579,42,Female,118,82,adult
333c0b32-e155-4d2a-abc5-041ec4d25a9c,22,Female,138,20,young
9dfe38e0-581d-458f-bbd3-7b2d98865728,44,Female,84,1,adult
e010b10d-8ed9-41af-bd30-05de2c0c6fe4,58,Female,123,91,adult
1ecc4ca8-45f0-459e-a911-dae3227d2b0f,33,Female,178,29,adult
f50f86f2-79c0-45bd-9759-ff8154a7ccc3,59,Female,97,97,adult
65f4810e-a2c3-4b7c-ab9e-00e6a91ff435,72,Female,83,32,old
40f78c97-8537-4b3f-87d8-796bcbced99f,35,Female,139,33,adult
c225df9d-d2fc-4e1d-8328-894dac5471e1,37,Female,144,45,adult
d93d2a18-c9e8-42ed-a97c-84912b1b0efd,44,Female,187,6,adult
60fddc74-977b-4d01-8805-9e859748fdc3,58,Female,139,35,adult
fc971eb9-f7bf-46cd-9e83-6d1637d15ccb,39,Female,119,3,adult
7b60bfe9-99d7-4355-94fc-0a424055eb05,65,Female,151,44,old
b8858575-b5d6-4f66-8293-7521077f6d92,52,Female,76,31,adult
0729ee7a-444f-4c2e-9889-fb725930eb84,45,Female,58,64,adult
fcbc528b-9386-41fb-a974-19a9643c7580,59,Female,46,78,adult
1f4fb2c0-d8ae-4d1c-90ff-95a8e3dae34d,34,Female,61,72,adult
f13a0cc5-6fb9-4882-aef3-9ccfa421b185,45,Female,96,43,adult
61ebc7d9-15c5-41eb-adfb-9b772d36cbd4,19,Female,55,32,young
df11c432-c609-49b4-98d6-855eab890208,48,Female,93,70,adult
b7b6c61d-d600-4a63-89d4-157f2012c68e,78,Female,91,77,old
f5712da2-092b-4f52-aed2-bb93b9fee5ab,33,Female,36,73,adult
f9437183-0091-4f94-b9d5-5a97779b7e70,27,Female,41,50,young
64883a2d-bb3a-4a30-bb76-47f28ad095de,33,Female,120,51,adult
2a5cdb1a-3f0a-4b5a-a33d-d0d81f7661a9,46,Female,181,64,adult
dc9ca753-aa31-4708-85c5-fa1da4a046d0,87,Female,47,76,old
69fae815-5e3e-46de-8e87-4adf49ab06fa,19,Female,166,44,young
587c0ede-8f38-48df-8df8-bcf74df93862,22,Female,100,51,young
3d83a678-36cb-4cd2-8768-da1634cd1fb3,77,Female,95,92,old
25cff4ef-5d2a-4fe5-98ee-7ddbd8c0203b,67,Female,63,26,old
3f116bae-d95f-4018-9585-f575dc693e71,34,Female,135,27,adult
cf345cd7-8b4a-45c3-b391-1ff46ec6e2d5,35,Female,29,18,adult
7af6d0a2-e4c2-4302-8158-796dfdfa44eb,85,Female,142,11,old
d9d6674e-8eba-4144-b010-5dc49f7b5da1,63,Female,112,91,old
48ad970f-c5ad-4018-bf63-4901259b7b5b,85,Female,130,37,old
5a6238a5-053e-4480-ac75-37a6874af50f,81,Female,125,24,old
2af8b09c-99e5-4f97-b538-cd687a385120,39,Female,33,2,adult
21c59500-d439-4bd9-84f6-06b8767ac948,32,Female,163,64,adult
1e506e9c-75b3-461d-b7b1-b149e9a21511,65,Female,45,36,old
5cc59727-7005-46f6-928a-1764d0f6032d,36,Female,120,52,adult
6fc3660d-23f5-4a54-a8df-e146387a73f2,41,Female,114,54,adult
493bf3e8-4f51-4842-823f-a2d668293c11,83,Female,194,55,old
175f200e-4faa-4287-96d5-71a85f4884e1,61,Female,60,36,old
37ff2828-b196-493e-abe5-885e907f3b7f,84,Female,144,1,old
94b3153f-cc9d-4a55-8a2e-742a6555c537,33,Female,110,49,adult
fe2f4101-90dc-4df1-b9dd-14d553d1e389,89,Female,88,50,old
644db267-9082-4c42-b02d-fad5bf30d735,35,Female,183,68,adult
5bd39ccd-30fc-4598-818a-770632bb7729,89,Female,91,59,old
8640e224-9096-4a13-a32e-662b3d1504c1,69,Female,58,35,old
2f971837-3a6e-4928-8a41-d0d8b4b87af8,88,Female,173,69,old
0dbead2b-6caa-4e05-b2de-e5f81b373a4a,34,Female,39,84,adult
4afae204-64df-458a-970e-9fb503bd5b00,61,Female,24,59,old
4e3f3a44-cfcf-4c9c-b93d-9b00d654880d,60,Female,190,98,old
9033d3aa-ff53-4145-b47a-750c07f58dee,78,Female,23,91,old
b35f3089-a257-45eb-ae52-c78e2c266374,35,Female,77,29,adult
896b6076-0e1c-40d4-aab7-336a4592610c,90,Female,118,85,old
2f4cb703-e5c1-48f3-9a89-3615b31e20f1,54,Female,103,49,adult
7235955d-eca0-4fd9-861a-7042691e3d5e,86,Female,28,37,old
836d7eca-db4b-4c3c-8d6a-a771b070551a,73,Female,145,54,old
45d9a060-39e1-4b67-8189-8dbba0d91767,35,Female,120,94,adult
d11ba8ac-69f6-4fb2-bc56-abb52d4966fc,88,Female,37,4,old
ad5f7b6f-aef3-4867-87e1-f862a6519ce3,54,Female,113,65,adult
a2257473-45d0-42f6-9207-cbdcfb76515a,60,Female,43,32,old
ea98c611-5bb3-4855-b79e-04be0cd0f179,39,Female,81,66,adult
80149259-8ffe-43f2-9016-ad52dc3e5443,85,Female,60,38,old
113e23b5-5cae-4357-8b9d-776c81842ae6,60,Female,92,89,old
31b0ef92-f4dc-4bfd-bb88-fc8ba17d15b3,82,Female,160,44,old
29b970a5-f3b9-4adc-a32c-4e6c47292284,21,Female,43,48,young
705ace34-543a-4cdb-956b-c06f6eb33a4d,52,Female,141,30,adult
a465c323-1e47-44d1-a869-a105745034b2,76,Female,75,27,old
9c3be039-ea90-42a6-87c5-7175356cf8aa,72,Female,70,4,old
5e562023-f971-41bf-a7e3-a82bf894155b,32,Female,84,77,adult
82737042-63a8-49f4-b8d9-338cfef4dd03,71,Female,97,33,old
b9b58bf2-a4ca-4254-b61e-1db5d7adc35b,57,Female,27,59,adult
6614b886-287a-4a0e-b48c-82d49f977d97,84,Female,139,90,old
8f9a7106-5e73-4627-98af-f49939ed8b15,34,Female,139,63,adult
ce649a2a-76c4-49c2-bb2a-6c1c5d475264,67,Female,194,23,old
b487d49f-6321-4873-9b5a-4fa413f01e0f,31,Female,154,38,adult
3cc5c19d-687c-4698-be67-dd74ebd83432,81,Female,117,89,old
2f092cee-3d08-489f-921e-1dfaa81ba6b8,32,Female,176,2,adult
c17d862a-d452-483e-98db-abebf2a59c4d,32,Female,119,21,adult
746683ed-cdeb-427b-89ad-5c61f76e5b44,27,Female,125,17,young
5ace7e9f-f02d-4c07-b0cc-ba3ff524565d,59,Female,147,49,adult
8149aac3-bc36-438a-ab77-4a7b6583633f,37,Female,111,1,adult
3b514d1a-485b-4fce-83bd-b9a58dceb229,46,Female,135,1,adult
a42124cc-e365-4043-a41f-213589b4e7be,72,Female,107,38,old
a3dd05ac-dd9c-401e-9831-f831c85c67e8,78,Female,125,95,old
c60bd59f-b270-4f04-aa4c-89ee267dba18,60,Female,127,31,old
9807af68-f1f5-4a80-94ff-aacafee303dd,76,Female,75,37,old
d4d2ae0f-ed77-46e1-8647-21bdce205458,77,Female,127,52,old
a3b537d5-a1ac-4d91-814d-2a7fec102c81,67,Female,121,87,old
9afc5697-6b05-44ce-b69c-a9c72a475173,58,Female,29,83,adult
fe29db65-654a-4b03-9ded-647b04b23e31,54,Female,184,13,adult
67daafbe-c602-46ef-b49c-7d09fa737824,22,Female,129,92,young
bdec8ee7-d49b-4dcd-9312-23e4c7acb6ab,46,Female,39,73,adult
e96f6f63-f71a-4f4c-8125-e53652a1b58d,76,Female,189,39,old
9170cf78-906a-4425-a8c0-8c9a6daa9274,34,Female,174,15,adult
e56ba8a7-3424-4934-840f-ba04aa52cc7f,55,Female,112,18,adult
b41d027d-48c8-4d1a-8de3-0e3a57b4e818,72,Female,148,95,old
052c0bb0-b259-4fac-b090-66822627962f,53,Female,101,61,adult
bd644298-e43d-475f-98f6-67b03dc136a4,85,Female,173,84,old
13e2e441-4002-4f31-8e01-a563a52e0f1d,43,Female,21,32,adult
e57fdcaf-1394-46f9-9eb0-fb3ef7aa6fdb,86,Female,109,29,old
1508894c-0fec-448d-b4fd-42995713fc5f,19,Female,130,21,young
978f4588-019e-446a-90ad-5e8d166b0a73,45,Female,164,51,adult
cd5c4d4a-e09c-47b8-8a86-ad7bf33ffcdc,36,Female,28,36,adult
af312505-503a-4a21-b6ed-6f05935e3fae,51,Female,145,71,adult
bb5c5d99-e2d3-4767-8d83-2c81a991a0c3,83,Female,178,29,old
ae72e9c8-0e7c-487f-838c-6249adecaf9a,77,Female,170,55,old
9ebb7634-543e-48e6-b54f-60a6f1e443da,54,Female,166,98,adult
5a70b81e-ce1c-4a1f-9261-189df19aad74,29,Female,119,34,young
5a1ea26f-eb79-45aa-9f7c-8de30082eae2,22,Female,144,41,young
ccf68e64-dd0a-42c8-af5a-b9c63279585c,21,Female,102,83,young
b9b12e25-242a-4348-98f2-573f986a933c,36,Female,26,57,adult
2265a1ff-39a5-4a9d-b1a1-4ed26bfc4e96,38,Female,137,59,adult
3e8bb550-47cd-4528-8aa5-3b27ff02073e,48,Female,91,69,adult
6682df3d-1ef3-4e04-8937-4ab41077733b,51,Female,46,15,adult
1915a8a0-d820-4500-89f8-c07f1779c57c,33,Female,120,56,adult
75bd7ea9-ad1d-4890-90f5-4ea85288a6f4,76,Female,170,6,old
a61dbcfd-b5ac-4490-a6c2-08ef6cd332c9,52,Female,174,55,adult
60ffb19f-7110-47bc-993c-1739aeb1d231,85,Female,101,96,old
1adee7ee-0f65-483f-959e-0a719b870400,41,Female,145,78,adult
c8864ef3-b849-4dec-9600-953a882fe63e,82,Female,24,23,old
97e26698-f92c-4cc2-b2fe-09d7d46077ac,41,Female,87,25,adult
c33a5ab2-6085-438a-9d62-a70eafa8beba,90,Female,140,10,old
39edec99-c6c9-4b6c-bf07-9ea2aa10eddd,21,Female,91,56,young
52b73425-892e-4595-8ca1-5a0c899eeca6,75,Female,71,91,old
65013305-e804-46ec-a7c7-e568dd71a6dd,23,Female,134,44,young
d8ff5f28-7490-403c-8a40-469ce1c738e9,41,Female,183,79,adult
5ad09a15-5b72-4ed8-9e22-eafe4330774d,78,Female,137,33,old
fab1d2ec-7db0-4d26-9f6c-a26659d20511,20,Female,41,30,young
d9bd54d6-d652-4cbe-b39f-79292185c383,47,Female,66,57,adult
fc69ced1-ed6c-485b-be9d-8db4d4be9fa7,71,Female,198,15,old
03643ade-854e-48f3-bab3-d961de3d6d7a,57,Female,54,10,adult
a05031f1-d780-4ff4-bbc2-73c14f1af48a,60,Female,124,98,old
71f0eb99-7969-4c85-908b-454e7e32998f,82,Female,39,26,old
83462fb8-6625-44ec-82dd-c54cc9304d2b,77,Female,110,74,old
f6eb2491-0ac4-4822-84b7-896349f6ca46,23,Female,107,22,young
e87795ae-1dc1-4eb6-b208-c55be553f799,24,Female,42,74,young
070d9fd6-3c66-49d9-a5b1-57bbb23c4f6f,71,Female,123,66,old
30979e64-0948-40bd-8a6e-92edf5bc5b70,87,Female,135,78,old
dd2af46f-e80e-4b0c-b5fe-a85b9e9ab3f7,58,Female,174,56,adult
b3cf2f01-e7c5-4b45-baa2-d5ab405edbfa,88,Female,94,83,old
b50a462c-c086-4b39-b802-11530bff89d6,26,Female,22,59,young
03b3e12b-23a1-4970-b138-307e6def23b1,69,Female,180,53,old
e9f8f932-ba71-442b-85a6-56e0d50805b0,88,Female,82,73,old
27e8160a-88ad-48d9-9056-52bd2f225df0,63,Female,127,77,old
eb18a22c-1e00-4082-92bf-b878b834687b,85,Female,199,89,old
faaa3db8-0aa0-4175-b6b8-4b880a029c34,77,Female,102,100,old
264c05de-ba8e-4e15-95d1-6499d556c257,34,Female,89,56,adult
6c377620-e3d7-4781-8c93-91cea1fc4f5b,40,Female,104,52,adult
8e84e92e-2f61-4830-95f0-bb21df844e8a,68,Female,91,1,old
fa9324e2-86a6-4f2f-a1fd-c21b89614e18,41,Female,141,40,adult
6715f282-f30c-4f4b-9f27-5088672cda3d,82,Female,128,14,old
62eb7d37-667a-4a1f-8d21-40fe0cd81ec4,75,Female,185,47,old
a4ac7a11-4425-4b2d-a7d5-3c9bde3cf26b,78,Female,107,94,old
478352ed-b9ef-459e-a590-21bbc3082dfa,66,Female,135,59,old
c50ca4d2-dc17-44b4-bc05-7ce1f9cdc26e,86,Female,75,6,old
ee1aab8e-8116-4158-8b20-df700e20fade,19,Female,162,9,young
38ae414c-383f-4f9a-976b-e1b24eef957d,67,Female,188,10,old
9621ec0a-1539-42cc-8f4d-76a924a01928,46,Female,96,81,adult
6bf4c7ec-2e20-4295-9c9f-758d99524fe2,55,Female,153,38,adult
dd8b9d62-3810-4077-99ee-1a72c45607af,69,Female,198,25,old
b799551a-fe07-4c8e-b70a-d5df9d66ed81,72,Female,164,46,old
4853da47-603c-4169-91c4-d68305ad6ca4,19,Female,122,46,young
66e27f9f-8e65-4952-8406-0032a49fce0d,62,Female,55,76,old
2e72afee-b14d-40b1-a4f9-c2d642f17011,26,Female,155,83,young
fa4bd116-edd0-4e77-aed1-0f929a1d0043,79,Female,70,29,old
030d5b35-bfb5-4f07-a3e9-5ad2682377df,53,Female,86,13,adult
9dfe042d-fe6b-4b74-8e5c-3d03433956d4,49,Female,190,53,adult
49374728-9fb7-4f33-8cee-0cb83eb2c8f5,23,Female,175,85,young
edc7e074-4462-4bd9-baab-326e27c5adeb,80,Female,157,67,old
34e84fbd-bc66-4a42-b41f-6698d3d8b095,19,Female,169,95,young
19e1ca6c-b0df-461c-8cbf-94dd9bf341ec,79,Female,96,76,old
126ca1fd-f0ef-40da-bfd2-1565b09c53c3,75,Female,124,27,old
d6de240b-cabe-4204-89fa-93985320af71,44,Female,121,77,adult
ccfe065d-ce0f-471c-9647-deb0bb47a646,66,Female,160,32,old
9bfcc6da-bbca-4f11-b734-72fa3c6324d5,38,Female,176,31,adult
e221873f-4c77-4703-92ef-bbed279c81e3,64,Female,137,60,old
df082063-bc37-4c89-8b1f-9c5498727268,45,Female,194,4,adult
4b9cbf06-dded-4d07-8c1a-02ee164f0d18,73,Female,59,35,old
d958ae49-2043-4eb4-8462-1aa621b486db,63,Female,96,99,old
c426a010-2777-4b68-b361-90601fc72cd5,83,Female,113,70,old
49687ab1-89a7-42f8-9b16-5fbe8ea62590,39,Female,172,6,adult
98af53c9-19ba-43e6-98d7-029b2f6da6eb,86,Female,72,54,old
505b77e3-529c-48aa-b845-0dcd49f522c2,57,Female,120,39,adult
380f9990-f597-43ca-9491-4fd6f61f5a03,60,Female,109,80,old
7a2e2fe5-6355-4de3-b7bf-a7270078e390,46,Female,181,98,adult
ff1e47cf-076f-4c16-8893-b160541703ad,57,Female,164,55,adult
43887acb-dfea-46d9-ab39-9104fce4392f,51,Female,37,43,adult
35b87d46-cb29-4eb6-a0b5-fc17ec631fdd,64,Female,177,68,old
acd44010-74ef-4fbb-950e-bc92c59caed4,20,Female,184,40,young
cf64f0fe-6060-440a-9cd4-40379bbceda4,77,Female,140,22,old
25fc839e-3dae-4731-b68c-968c25fabd08,41,Female,175,52,adult
9355cd12-1a34-4899-844b-5c5c9eb7a996,43,Female,127,7,adult
1fb9276e-2d68-4149-99ac-447f4607c084,74,Female,41,75,old
6a28d182-4618-4412-a59e-7b68dee25833,25,Female,136,44,young
8fb6886c-ec45-4839-b914-96a71b188574,83,Female,26,74,old
00551c59-05ca-427f-bdbe-818fd64384a9,49,Female,123,79,adult
5037bd1e-3bdd-4424-ae1f-6d6197d2166f,79,Female,123,7,old
85d7e324-5118-4609-ba7a-8f0848458c96,36,Female,134,93,adult
f330001b-caa9-4233-af3e-4f134f342bbe,29,Female,80,38,young
9988976b-8450-4d0f-b971-83e476609025,84,Female,89,51,old
4968c704-bb0b-401a-a63b-a16f36aed604,26,Female,155,57,young
d5da1282-d7be-4cbe-9cbf-cb05315284a7,56,Female,160,12,adult
31ccf237-208e-4c1c-8733-c5cd379cb3db,22,Female,132,14,young
654faf06-7ed1-4f1e-aa13-1c6f818a249c,57,Female,78,5,adult
2d7ea03c-040d-4b35-afb8-a5ca883bb866,87,Female,27,33,old
b72c7273-4639-4693-9982-17bd3c1221ee,69,Female,94,12,old
7b219b3d-42e0-4fdc-85a2-8e1b79dad1fe,37,Female,55,27,adult
549090ea-4ec1-4a61-8433-aac5005ad67d,47,Female,114,15,adult
76589ce3-d58a-497d-b694-3f5477278129,49,Female,100,63,adult
6ba5a806-51d0-49e5-863b-dad8a8165d28,36,Female,139,65,adult
2dbd6575-fb6e-49a2-9238-278090c2fbf0,90,Female,115,2,old
ed492f68-039c-405e-a34e-5202719c2a40,73,Female,125,15,old
5f0396c2-0316-4b53-8748-149ff0b84b95,55,Female,84,85,adult
f14bb00e-5be7-42f1-bd75-733b4769a850,43,Female,133,36,adult
833b203d-0e6b-475a-bdb8-bc553ec6897b,83,Female,104,1,old
c1b553a1-4b60-45a0-8504-4107f7495621,77,Female,32,63,old
f2cca858-ac79-4b3e-bd2f-b99ca2b49d00,72,Female,39,31,old
a696eb09-1ce6-4f1b-a3c1-336806397bb0,81,Female,73,24,old
45b1208c-9fdf-4e88-b2d3-50e815ef9a05,58,Female,127,34,adult
d717f4be-dc78-4a01-a3f5-11e57c4bb43b,72,Female,161,97,old
d5a441cf-dc26-485b-a638-9711e3a15436,23,Female,74,98,young
56d3b30b-c2d8-4ad5-b031-394668d7638e,83,Female,164,18,old
45622381-d950-4646-a0f7-842cc10bc0e8,35,Female,196,71,adult
c95b7ca2-84fb-45b4-bee5-c300aa055d16,29,Female,98,38,young
b304514e-1a28-4e8e-8c54-39969bcd19e2,66,Female,140,44,old
527efc80-457d-4deb-a283-88bb9cfe7bec,33,Female,183,84,adult
09d2443c-4837-4d9d-84f9-19d0e979056a,72,Female,39,87,old
19d578e4-d81b-48d3-9b8b-7fab47566bbc,69,Female,78,41,old
df8e8372-4d90-40be-8ea5-7fb1f623d785,27,Female,131,99,young
1143b9c9-a3b2-48af-982e-b151314a8d34,38,Female,184,71,adult
2e976814-847e-4158-a032-fd0c0320ce4c,83,Female,31,58,old
4ff50d90-4f71-47c9-a333-caf259c8fdb1,38,Female,66,61,adult
30f5d3bf-0bf7-40de-b300-dafed77e7ce6,70,Female,91,11,old
f0e9e0c0-867b-4065-a35e-21fdc7d86b3b,85,Female,153,31,old
dea3732f-67ac-47b9-8631-43956f311b49,87,Female,153,70,old
484c79e1-ecd4-44c4-817f-74bb5c78c5ce,36,Female,97,80,adult
27e429dc-d7b1-42ea-832f-462357fd8799,43,Female,57,81,adult
588d0ee6-93bf-4c1a-88b1-370fc6ca761a,87,Female,25,70,old
0404da48-6db3-4b67-b8cf-b72277be4650,39,Female,47,26,adult
92814986-d26d-4231-a016-863974631bdd,45,Female,72,21,adult
a5faffb9-ca97-499c-a93d-36856214d075,26,Female,159,77,young
c6379002-35e1-4aee-8685-235b5327e76e,31,Female,144,81,adult
7e8c1987-e66c-413b-b567-b9bf505c010e,30,Female,196,9,adult
8240fcbc-7598-4999-a4d5-dc4bb6dcd972,64,Female,184,18,old
f0708652-3dca-4b5a-86ba-c62e0f76fd1e,82,Female,195,74,old
0b5afeed-5b9c-4330-a46c-88333593ce60,57,Female,167,32,adult
b3d859dd-f5a9-4853-bc94-5588fcdfa94a,22,Female,140,51,young
7cee04e5-c37d-4d69-a58d-082b1b4b5f9c,90,Female,199,11,old
e073983a-ae0d-4918-bece-d071626464a1,34,Female,58,62,adult
cb4927bb-614b-47ef-b8f1-51d6dc375d89,21,Female,146,85,young
5162e1fd-bfc0-4091-9be6-7d95a314db88,71,Female,74,26,old
b6122d1a-d442-40f1-98aa-21b562650f5f,21,Female,66,71,young
fe0508c0-849d-4766-b9ee-6a94034fabb2,71,Female,69,7,old
2c24d845-2ea3-4c81-8d75-ef0574a480e2,69,Female,140,31,old
135dfd93-41fb-4e21-8dc8-1265e825cb8a,42,Female,50,98,adult
dcfef52c-6219-41c7-8fb0-57a2e9df9360,50,Female,76,44,adult
88d57f33-c55f-468b-a01f-d1749b63ff33,34,Female,68,9,adult
92550b23-8359-4ea9-a52c-beac4be84d90,54,Female,39,91,adult
8116c437-b27f-4b2e-924c-3a0d8a5c07ca,37,Female,63,78,adult
8570eed3-2861-4032-b3b9-25e940a420c8,87,Female,132,6,old
6a2b5660-4f26-45f7-a80f-bc9f729e78d1,80,Female,49,31,old
39f7c919-5a06-4705-94b0-1eed8f21e01d,68,Female,141,51,old
3b2355b0-2e66-4aed-8c9b-43d69dbc3096,66,Female,113,73,old
764593ca-5de6-4b1d-8ae0-d83e2e7d6daa,53,Female,127,8,adult
f057ac57-d24a-4a16-aaea-46eecf37fac4,37,Female,180,88,adult
7524e39c-df23-48d3-aca1-0ba89b88501c,62,Female,151,36,old
3281708c-174f-483c-bee8-7dcde4c6f3fc,81,Female,103,6,old
8d61da5e-fed3-4655-a5f3-3a83897059e6,89,Female,134,2,old
a1ea94aa-7bae-45e1-8232-1e1afc9af9a1,42,Female,192,89,adult
df980bc7-a3dc-41a5-b7ef-67389da34860,90,Female,39,64,old
253ced9e-55d7-4fc3-98f0-22eca7a924f4,25,Female,143,45,young
b45b8a87-a9be-4401-be15-5c08c8d78796,52,Female,25,41,adult
0601524a-1e93-4373-bd32-d92cf3a4302a,66,Female,67,81,old
32e6a103-db7a-4e31-8b2a-7420c134b5f8,30,Female,98,99,adult
9a2cbd51-5e86-4812-b9ab-b05e075755af,28,Female,71,59,young
043f69c8-9ff5-4407-8706-5e2c9ac702fe,42,Female,40,53,adult
8b6256c2-7d31-4be5-866e-2162cdb99c45,44,Female,34,57,adult
83cf9f56-63df-4133-bcdb-ff22d23ab463,32,Female,46,4,adult
65c35dbe-dda3-4dbb-a1b4-a3c37b5da1d7,80,Female,137,85,old
105cdf25-a93c-40ee-b747-f208ca9316c8,34,Female,47,2,adult
96d2144f-8ab1-427d-9280-e775ed91affa,31,Female,197,72,adult
6c7876a2-5f92-4763-9754-86ca0a8a6b70,34,Female,52,82,adult
aba6b872-cb25-41ef-8c5d-8b068abd69fd,46,Female,129,22,adult
4a0acaa5-85ef-4ef1-a0e5-110696ec78ae,54,Female,113,97,adult
d0a6be37-42e7-4377-960b-9561d97b648a,85,Female,49,15,old
2d5dd87a-f459-4f9d-950b-80adbfcaafdd,73,Female,190,63,old
839d2215-8007-4989-9045-706fb02a1fac,60,Female,174,20,old
025509e9-03ca-4f0c-bd2f-9d1f7cb5fe85,42,Female,28,7,adult
d3042a42-b171-454a-bce5-9fffde29c367,78,Female,46,72,old
03cf4257-d6ef-4c30-9d4e-5955006f2204,61,Female,159,70,old
ff552efd-fb47-492f-a2a8-dd12391f1e7e,64,Female,166,55,old
e01e948e-95dd-4a67-bfe1-03827e86ad5d,35,Female,77,71,adult
f1965d4e-b109-46a1-bbbd-54478a0c96b6,18,Female,33,2,young
be468f94-0bc7-42c2-b3dd-c2e876ab1107,83,Female,119,21,old
dbe6c63b-35ae-4e3d-b545-a53033c7825e,20,Female,46,88,young
3e862737-2a79-45b5-a2ca-7929b1655460,29,Female,86,9,young
875fe0e8-76e2-475b-ac43-da2df1cacab3,48,Female,162,67,adult
0dba8477-9d52-442a-b393-35528c23c59f,36,Female,130,72,adult
1e355919-55eb-4010-abda-313d5a6cbe6f,54,Female,185,38,adult
4e3db335-9f2d-429b-b6c1-f7072cfe4a99,71,Female,148,83,old
472bf092-6b64-4f06-9d29-c665bb707f37,47,Female,131,49,adult
14785924-9642-4404-b63e-527753e3af4d,46,Female,187,81,adult
cce518dc-b921-4ce2-adf6-d0bff096c507,34,Female,30,78,adult
2cd9fe24-bed8-40d1-8a1c-8f1c8e30df7b,43,Female,86,81,adult
1bb22e4a-d012-4640-aef7-410d96d3d827,64,Female,82,73,old
ad0c8885-11cc-4f8c-8282-cc44b29245b7,42,Female,90,47,adult
d8e75d7f-22ef-4302-bb01-5c16edb666f7,33,Female,170,3,adult
4e4e1cdf-ad7e-48d9-8e29-a17281e21d36,26,Female,58,78,young
911df345-10a0-4c3b-9f41-1da98010538d,65,Female,183,82,old
991a709b-4fff-43c1-a20e-8f7de373e9bf,86,Female,197,62,old
d4781c2c-b97d-4fb9-ae27-7c5ac3ca3f83,69,Female,65,84,old
693bf29e-7226-420a-b362-6a1cdf9bbcde,45,Female,195,22,adult
c73ddb89-03d8-4ec9-90bd-7a481fd7ccef,70,Female,161,45,old
a6dc29ca-8b04-4448-975b-31ac1748210e,62,Female,151,74,old
e57bf327-a2dd-4ca0-89bb-fe5c5dfba533,57,Female,87,99,adult
6a13a6e0-1b58-4323-85ce-494cdff1d457,52,Female,197,64,adult
d095b2d5-63a7-43af-9396-021d4f9ca110,35,Female,87,74,adult
f2a329ad-fabd-41b9-8999-9e62260b087d,67,Female,143,12,old
cd7f6ce2-25a1-4327-9687-bec0200efbad,20,Female,57,66,young
623b3901-db48-4ef9-a7a7-4bed97a763a2,23,Female,36,26,young
f8fee8be-cd41-472f-9e5d-14f84b46f769,68,Female,130,70,old
faa7d57c-288e-451a-a58b-b139c2aff349,40,Female,97,51,adult
fbd51a51-dacc-4b8c-8d82-93a5a350f7c7,34,Female,56,9,adult
eaa2d11d-dd48-4470-8edb-5e9ac04167e4,41,Female,159,18,adult
7f547a3d-721e-4c4a-9d50-827be608e546,66,Female,181,79,old
a0b4f41d-fd42-4871-abdd-4051b7c6d302,32,Female,24,19,adult
e7c25afc-7485-4b1c-8cb8-d6725b351613,42,Female,50,13,adult
d5154d94-1462-4efc-92c6-58f603075cd5,71,Female,95,36,old
513329d4-a94a-48c5-88c9-72f1b6a35c96,84,Female,33,68,old
c5b74aeb-95e5-49e9-bb9b-0177b192abda,76,Female,99,84,old
beff03f5-d600-4b20-bb65-90b04c3816ac,52,Female,49,100,adult
d77a575d-38a6-4f69-bce9-5d800907fea4,23,Female,84,17,young
c090d3f7-9deb-44b1-aae8-e2c7bac6ddb0,80,Female,81,8,old
5deb2d97-0e53-40d4-bd56-8439ff01eb84,84,Female,72,89,old
348f2d26-f5a0-4ecf-b1df-e2501c98fcff,55,Female,135,12,adult
bdbfa8b4-7e0e-4679-b2af-a136294b229f,53,Female,146,68,adult
653bb2c6-c7ea-4d03-b274-a56bfdf34e80,65,Female,112,58,old
686c6ac2-bc44-4471-83fb-5577f668dc91,33,Female,99,82,adult
beaab7e4-49f2-4ff5-b16c-6a7f3c98b371,41,Female,199,9,adult
161e7f23-c342-400b-b0fe-b7b8129d829b,49,Female,65,3,adult
978b178b-68e2-4935-ba9f-a9bf42c6afd5,86,Female,155,87,old
c3f1edda-36cc-4ad1-989a-12a2aab73f17,70,Female,135,60,old
345cbe12-872d-459f-87ab-e5e5d6d64550,64,Female,49,70,old
35af7c10-6eed-4355-b128-1f3bc564104a,39,Female,111,85,adult
b56a5ee3-8166-467f-a97f-a7c62039de36,58,Female,116,38,adult
ed581b9c-8870-475b-83ab-a89bf75c51ac,20,Female,188,13,young
b1caf19a-2d8f-4ca4-9c23-4071522a485e,31,Female,41,100,adult
9c7f91c7-0184-4a31-b39f-41a7f8a65d8e,46,Female,172,78,adult
dec2b6fc-9050-4821-a863-e5d4f645ddca,25,Female,127,83,young
8f7b9958-c57d-498c-aaf0-ed51ebb9c508,87,Female,179,27,old
0fcedc46-a13e-4823-b63b-376d7655685f,50,Female,57,72,adult
692ea278-6dc4-4d64-bae8-c3afc2650c94,55,Female,190,97,adult
19a5305a-56b3-43a7-9b0a-9141ca40d039,85,Female,134,1,old
88bd6c64-513d-4fcd-8992-7aab99de246e,69,Female,169,10,old
de1216fc-1ed3-419d-a3e9-28cb97270b4c,45,Female,72,45,adult
48f388e9-8e3e-48e5-b473-773531001b05,59,Female,169,89,adult
4f8fc22c-8062-4a78-8ada-9dbe48d8f531,19,Female,106,47,young
dc20a8f4-3445-4cb5-a9a6-4535ff3e2827,21,Female,179,16,young
160a552f-87ea-4507-9bd6-b2bab6e72ace,80,Female,102,81,old
7d86deae-48e1-429f-a63e-6dad090b860c,83,Female,39,21,old
ac6a07b7-d741-4088-a394-07c30edb5e0e,36,Female,66,37,adult
83470f3e-e790-43e3-b1ed-524661f100ef,37,Female,69,48,adult
abd7f164-3b79-4797-86ba-d1e0e9207342,69,Female,132,34,old
6fcee766-95c7-47b7-9f6a-ca0a4767eba9,64,Female,144,85,old
25f3eb8a-8909-4cdb-87c3-92a7b338461b,24,Female,131,92,young
b3f2cb9c-695e-4037-9089-1492a89bf5c9,66,Female,34,7,old
319bb1c0-2a6f-465f-894b-1fe69db38b17,20,Female,72,32,young
6979ef4b-532f-4c81-b02c-81fdd42ff387,42,Female,99,51,adult
db2cf5ce-8beb-4ee6-b3ae-bc00b94a6a66,27,Female,167,65,young
b1b6dac2-db00-47d5-a7db-f6eec4afa490,28,Female,31,4,young
5102b61c-8e3b-45ec-8c32-58f5a63b8c04,73,Female,118,23,old
dcafbefb-6165-4fe3-b550-84558d2d8845,44,Female,162,35,adult
5cc20e02-77ce-414e-a33a-d19f8df2119e,59,Female,188,33,adult
f41da56c-80db-43e5-8cf6-03a5f0ef4303,36,Female,154,63,adult
356537c3-bde9-4475-8627-dddddadd1fb0,72,Female,90,43,old
1c39d446-2dbc-45ae-bd04-11cf34089515,49,Female,82,85,adult
816a6195-7a3c-49e3-bb73-73099da9ab4b,60,Female,68,12,old
1dca0459-7fd7-466d-abe8-a87a1ab07d99,65,Female,180,67,old
8d35adbe-4a84-4bbf-96c5-f5816617e8ca,40,Female,179,65,adult
ee6aeb93-be4e-40c8-942b-13a6463f1df7,62,Female,122,41,old
2514cdb8-8937-44ff-9158-f46b7a6351bd,57,Female,41,23,adult
b4c9b32c-dadc-4a4f-87e6-821dfd85bf3f,20,Female,168,19,young
46a4bc48-df3f-40be-9494-27f7d71c8dc2,60,Female,36,58,old
561fed88-6c03-43f9-9919-f15fa3ca279d,26,Female,38,31,young
7e0c7413-2dc1-4dcf-8118-4e7fcf48b511,80,Female,74,40,old
38d1cdbd-5bae-4658-9512-697155e7a40c,63,Female,150,13,old
a4be8259-b5ff-47cd-849d-f28934dcd0b4,63,Female,78,34,old
ef7279c2-c4ed-4724-9415-48be528d1956,36,Female,40,49,adult
a2441000-51df-4d4e-a750-d38157e1412c,24,Female,159,79,young
e211d1dd-c141-49cb-a6dd-d444188db5a1,72,Female,120,81,old
916ce23c-a176-4773-afde-37aa9fb54ce5,37,Female,175,73,adult
cc7b74b8-f9e4-4f3f-bf47-9535ee20ba49,51,Female,184,18,adult
ce14bc23-c92a-4a90-bdf6-145b05924a6c,33,Female,164,37,adult
897674a0-c865-44be-bf59-fbdba2627119,85,Female,126,72,old
ec38bff8-ea49-41a9-948a-d5be29614c98,62,Female,32,1,old
8e2e270c-40ad-46ec-985e-95ca84cbf448,57,Female,38,4,adult
74e0acd0-9e70-442a-b32f-b53f5a2fdb81,40,Female,20,23,adult
c960b231-9e23-426d-b14e-cc2270e49ae8,36,Female,200,38,adult
3abcf8a9-4280-4709-95fc-bf6c64d9f2a5,79,Female,109,26,old
1d84d9da-e66d-419f-b372-4334a9de73d3,90,Female,141,45,old
167fd49f-561a-4a00-8de9-abe9ac049ea3,55,Female,191,22,adult
3f19e8ad-ccb1-4924-aff9-fa7ff6c4b951,40,Female,44,17,adult
a3e094e2-3482-41fe-8367-9f4239a463dc,45,Female,95,7,adult
381229b1-1874-49db-a17c-c715bb59591a,83,Female,126,12,old
b3560049-e3e0-4205-93e0-b28583f22507,59,Female,63,79,adult
ffa43627-3fce-42ca-917a-6a66b5ec9438,81,Female,162,50,old
1969cafd-4638-434d-8efc-da84379aa717,75,Female,97,78,old
a3b31137-e8c9-4425-aefc-3049310fad53,90,Female,48,87,old
bb92c47b-b30b-4b83-b665-5d8ab002ede8,44,Female,56,98,adult
bf99e465-9ef8-4187-b74c-d4b4dd3ba1c9,64,Female,190,84,old
e806a8e3-c969-4769-9a0c-00e142523be8,44,Female,40,47,adult
cda57457-3a76-476f-8b30-1f0c6016c6ba,53,Female,137,21,adult
a6dc9eba-6e1e-471a-b42a-ceadc72f080a,29,Female,35,26,young
36062911-9933-4ea1-8870-345b726d8389,69,Female,162,45,old
2d0eca57-2db7-40e6-8cda-049fc816013c,69,Female,44,31,old
bbe8a989-3074-4836-b7aa-34df7f6d61ab,28,Female,136,63,young
bfc16327-daa8-4d9c-8775-07f03d21c189,89,Female,163,75,old
0c4cf636-e163-4eb0-aa7c-17746961308a,47,Female,77,63,adult
16c2458e-f9e4-42e4-8a3f-428cce54de0b,24,Female,52,31,young
398d1ff4-998f-4e8e-81c9-ec4d38bb168b,75,Female,111,73,old
9838cbca-0019-4864-a498-4a39c5d15f7f,74,Female,78,81,old
3dae43df-0cab-4ab2-b0f4-878888736e2c,51,Female,33,58,adult
f6a1f9b8-c6dd-4768-ad5f-82b41738695e,58,Female,148,51,adult
2ffc9bcc-3732-4301-949a-18cdf17e86ff,86,Female,193,27,old
74778df3-533f-4aad-859a-d6c1526af549,82,Female,48,25,old
810b644f-11e4-4be6-920e-2b39c5588e01,36,Female,145,65,adult
a9999eb2-7917-4c41-bf00-107817d1e5bc,63,Female,117,17,old
c6c6b561-f44e-47ee-9a64-28053ee1555e,44,Female,100,13,adult
e68235ed-41d1-45cb-8698-b4ace7ee6603,60,Female,176,7,old
f8fe4769-8ffa-4898-a6d6-2ee42f6820cb,73,Female,178,75,old
785ba893-2694-4060-b09d-7df175bfc5aa,76,Female,125,9,old
1a79cb43-792d-4886-9aea-3b480deaabd6,28,Female,127,34,young
980b6193-2ec8-4e02-9134-86a72ceae180,56,Female,86,91,adult
fc3e48b0-95ad-4aa2-ac89-25e3a7cb20d9,18,Female,88,82,young
065b4994-02b7-4485-9b93-35f8fb2f480f,69,Female,112,59,old
a7c602da-ab32-4263-9b92-030f6f5cfcff,41,Female,119,25,adult
c900e17c-8f6d-4653-9505-bfdb98f4ccd0,83,Female,62,1,old
60649004-05c2-412e-8525-47ff27afecdf,53,Female,79,4,adult
df0b1064-2897-417f-81d9-b97780310530,69,Female,30,11,old
9e4473a4-d409-462a-85fc-f8d99f784da0,85,Female,63,7,old
a004bcb2-0622-44b2-a46a-5120deeaa4e6,65,Female,188,28,old
799dd301-c044-4ffd-a4cb-d8be4904cf68,55,Female,130,76,adult
33707fa1-c98b-4ec2-8d38-8ddbd1bb5ca7,59,Female,25,76,adult
c4cb3bea-5f04-4ef7-b744-ba396e675fbe,79,Female,100,18,old
fd628ac8-2ec5-46ab-a131-4e747439e1c1,78,Female,186,60,old
cdaa7f9d-0b61-4995-a138-908dbbe727cb,69,Female,157,88,old
9637d9ae-01f8-410f-be4d-51ec5d9e7b5c,82,Female,137,41,old
d7df1489-a8fb-4fb7-9eeb-5394b1c4d5f4,48,Female,45,84,adult
2c565cbe-eaa5-4f29-9057-6a538bab26ea,83,Female,151,71,old
d9895b44-6739-4a44-bf43-5cd8d775f336,57,Female,74,51,adult
31fca8f9-463c-4ad8-b2b0-a9cc0d2b1957,20,Female,148,90,young
351b2b94-5104-4771-b787-260a805dfa87,21,Female,83,96,young
5757c5f6-8c43-4573-a471-142fc2641102,38,Female,100,99,adult
a0939b79-d9e9-4c5e-b003-ffb3ad86ca6e,30,Female,77,97,adult
bc513996-4f83-40a4-819d-6dea13aea0cb,44,Female,157,77,adult
821a8ec9-e232-4338-ab06-14039b14656e,41,Female,74,74,adult
74f0335a-cbd2-4937-9b96-204d03bc429e,21,Female,44,41,young
f7e3fbf1-606c-4e62-b9f5-6a9eb665f278,77,Female,129,13,old
1c2e9319-d702-4391-b4fc-11faf9a37967,21,Female,142,59,young
9b4b2776-43c5-4bb8-b041-79aee27f9d3a,45,Female,98,33,adult
61d354bd-96df-400d-90c8-5136cdda997c,81,Female,110,38,old
052c88ff-d998-4265-8075-81fb330a8649,66,Female,119,14,old
a08f7033-2ace-4e43-aea2-df49ff0fd32a,30,Female,33,57,adult
0a760b97-a893-4e45-944d-36da912c6b9c,69,Female,83,95,old
ba90ceb4-cab2-451a-a13e-51c473c104b1,29,Female,192,88,young
5f3f7a60-b9b2-4989-8814-8e7d0adc4fbb,80,Female,24,1,old
f2913b6c-b7a9-453d-aed9-3b27464b1254,25,Female,200,37,young
6f6402df-1078-433d-9212-4027b8ef2b60,20,Female,61,16,young
651419a0-a288-4ba1-8a0c-55c53621fdfb,78,Female,99,19,old
a878af26-0155-481e-b763-fe8445041078,38,Female,85,61,adult
c30f923e-abe5-4fba-a61a-198d0bd41064,43,Female,92,25,adult
a2531f54-281b-4113-bf40-c52684376979,70,Female,154,31,old
f9baa5da-5b3e-4fec-82cb-243a9bd91571,83,Female,186,72,old
0a6ac8f3-af9f-4a48-95f8-0dc6735b941d,51,Female,182,45,adult
d5b1cb9b-1c29-4f6f-8a02-50357609db3e,87,Female,48,46,old
a6f70fd6-c62c-451b-99eb-e0b220f6676b,75,Female,31,95,old
70296d7c-1003-45f5-963e-a41cd483ebfe,22,Female,81,81,young
be049248-72d8-4863-8aa4-9e4267a235e7,44,Female,28,95,adult
d9c24d2f-130e-4887-81a4-7d6a3b514b4a,81,Female,118,39,old
eb904ccc-e076-4f0a-8dee-a1326533faee,66,Female,26,74,old
74ce84b4-7e12-4d42-b98c-d182a88e9772,59,Female,73,59,adult
e163f18a-f1d2-4f24-b6c4-a7d7c4d9a78d,28,Female,89,64,young
964ae54b-3fbe-45a1-8250-cbe06ae14a9b,27,Female,178,46,young
1b837bf4-eadc-4446-bca2-bb2d2b16ba62,56,Female,172,59,adult
a4cfa150-f8c1-4e80-8f52-ef01a3783dfc,30,Female,187,23,adult
a88a4cfe-e751-45b7-9d70-a22bb0555ad3,61,Female,62,90,old
4acb9ac6-2d12-49eb-b188-b186cd8e9a15,23,Female,191,89,young
5f688778-fc25-4bb9-bc5f-d4ca3e7e94fd,18,Female,170,50,young
6445069d-eced-41f2-b56c-e51735833ef3,90,Female,154,94,old
c006c0f9-a5d5-4d74-8b40-dece2851174b,41,Female,161,23,adult
0f8b9553-3367-4ef4-8a9d-b7183ed12fd3,46,Female,31,97,adult
3cee26c8-e2a8-4998-8392-98f3b3eb682c,60,Female,101,54,old
0729321a-3947-466f-8afe-e288543aacbd,84,Female,142,10,old
f05d9955-cdc0-472b-92c8-256c7c3d1d58,89,Female,141,12,old
9824bdc6-1316-4ee5-b21f-035f71e584fc,72,Female,47,56,old
ba7f0539-8d6b-4e44-8ded-b45960933fde,85,Female,109,2,old
2258a820-c6d2-47be-adcb-ccdbf632566b,81,Female,122,56,old
06bda0f6-0b15-48f2-85e0-ca21d46254e0,38,Female,194,66,adult
6879035a-abf9-4323-bd5e-22524eb5a434,33,Female,167,88,adult
f8a91903-05a8-49fa-820f-d04aadfbd09d,73,Female,55,27,old
b9806ee3-81bc-4a2c-90f3-ad7c957f53a3,18,Female,97,48,young
7b128ae0-008f-4373-b2fd-44ca65f10527,48,Female,98,35,adult
cbd3ef65-4242-4de4-a5b0-321303d796a5,32,Female,111,32,adult
c1241915-cacf-4d62-839e-5bf37754c281,51,Female,34,3,adult
592b97a1-46aa-42f7-acb7-0bb15591d4de,60,Female,184,34,old
026bcd27-d56c-43de-a91d-6e3dc80a176b,62,Female,24,7,old
874f9ee4-8cc8-4b4c-9f28-7e1d9b1d57f8,90,Female,153,81,old
7f064faf-22cd-4f42-a444-e6329e828f3a,45,Female,48,54,adult
417f1400-72c8-4883-a04d-5f0b45bb14b4,29,Female,187,16,young
cd9c0f34-3415-4d71-876f-ffa6cc12afa5,70,Female,125,46,old
cd74551b-fa48-411b-8f09-862bd2be7668,56,Female,159,6,adult
9ed5962f-270a-4880-bff2-57699d8768d0,88,Female,78,18,old
573befca-69b9-4339-896e-4c4ab77870f8,41,Female,87,71,adult
a9b17e09-c450-4e4c-b4bd-c18d74c41ba0,28,Female,21,20,young
5d2aba91-f11c-4f84-9d00-8413a4dafd23,50,Female,173,59,adult
6bab9428-2116-4888-a8e4-714bcc42144e,22,Female,92,49,young
e1518b17-2d4c-45db-a4ee-abff1ae664c5,63,Female,142,28,old
37486c48-ff52-4804-867c-e426c36ea87f,77,Female,156,47,old
7beedf31-535b-4dcb-94f8-50bcdb9d8d23,79,Female,62,55,old
134357ab-1ce6-4185-833e-a86d120c2e7b,56,Female,73,89,adult
b48ca9fc-3ce7-4b68-ab12-b33e930877b0,36,Female,131,4,adult
46d3559e-e92c-459d-b69b-5c241b5c4aa8,87,Female,182,14,old
ab5ba77c-5bbe-4537-bc7f-62f12b442f41,85,Female,101,65,old
6d88bdc7-f7a3-49d0-897e-06c2a5dfdb5a,75,Female,143,45,old
783fb416-c31a-4cce-8b8f-9253bbe8da17,45,Female,21,8,adult
7df7c150-d03c-4f78-93b2-da03161495b7,63,Female,121,9,old
8f266306-e629-4aa8-a720-cb4abbd1f557,65,Female,40,52,old
49a961d1-010a-40e7-a550-2743afd53f51,62,Female,97,5,old
a688d91d-3d1d-45c7-9f0a-bd1af8d3fd59,34,Female,149,11,adult
fa8be8a2-f3a8-43ad-b9c0-122b57141660,29,Female,170,5,young
d1eeafd1-0172-4b65-a8e4-5518e6b20de7,51,Female,29,9,adult
5268399b-af17-43d4-8c9b-ce4c4f9443fc,54,Female,21,7,adult
e334bf53-3b99-4f1b-be45-1aaa618ef8f5,26,Female,59,94,young
ac5f7f87-54e7-48ad-9c87-ea852ea6f2df,54,Female,24,53,adult
66104fc6-b68e-4a1d-8ab1-fdb34f18dd98,78,Female,46,59,old
02a8cd40-4d7a-48ff-a370-95388d57ef2f,70,Female,68,3,old
c9f0a7d8-eac4-40fa-a370-0ab100847308,89,Female,35,13,old
3de0d33a-9ce8-40ea-a202-2c2a10240f1e,45,Female,104,47,adult
1a1928b5-2176-4271-b1c3-e9ad39520b96,22,Female,53,85,young
4efa8a7d-d370-44e6-8177-9c5100f8b3b5,79,Female,141,59,old
8dbb85a2-d054-45b9-9fae-c128b2ce1f04,84,Female,80,25,old
dd7bf620-4e8e-484f-953e-fe7a7acd2eee,69,Female,184,37,old
37ac12eb-42a8-4d3e-8563-309b6c49b59b,39,Female,168,17,adult
f5350002-7fb3-48de-9bbc-97d434da0fcd,63,Female,39,54,old
1515f894-cd2c-4e68-b489-6f27f040c0c9,70,Female,90,25,old
ff2d703b-80be-4999-9091-84024f3a53aa,49,Female,103,32,adult
88be2d29-8bd3-4f00-b856-e889dfb342f2,20,Female,149,82,young
a94b25e1-3c2e-47f9-9737-27f8557d1ac8,72,Female,174,13,old
9eede71f-2ec9-4e36-9ba9-e9d00fd9b527,62,Female,47,46,old
c98c0f2b-94e6-4f38-b8a4-f451bbd7aac9,39,Female,144,78,adult
9db824e2-ed59-4789-aad3-1cc4486e3ffa,65,Female,107,59,old
1310e1d8-4371-409b-9c9c-867d866bed47,47,Female,149,10,adult
0fd21376-8303-4524-b4e0-f579175ad868,37,Female,144,96,adult
ff396fa5-0a9d-471b-99c0-0f4452e4628a,82,Female,193,39,old
3e6f65e9-1638-40c7-b513-f3e237bd9ee2,44,Female,32,51,adult
7c39ed4c-2efb-43ac-abed-d8e8b18d0fbe,42,Female,32,33,adult
32a2254c-21db-4300-8ef8-b0e1ef65b12e,60,Female,56,28,old
faaa57b8-259a-4a86-9500-d9ece440603f,76,Female,100,30,old
821c661e-a0fb-4104-a45a-299905205623,71,Female,154,91,old
fe3b90d5-acda-4790-b715-63f044fbd423,74,Female,129,63,old
48b9c775-373a-4150-b5bc-87b3a2af3534,41,Female,173,73,adult
1500c10b-fb53-44dd-80f8-640e20282687,19,Female,175,66,young
486a640b-4c6a-405b-ac91-35836248e301,35,Female,74,55,adult
3baf61b7-5e9b-4dc6-aa09-32c338da1a2c,78,Female,56,26,old
3a3b9eae-1fd0-4a85-a911-8f0e7ef37c1c,82,Female,29,91,old
236f4a48-f144-4eb1-9be5-8c5e2e2285d2,80,Female,80,57,old
2f2159d2-db2f-43cc-bdfb-78f93e6fcbbc,80,Female,41,17,old
97f2b4f8-2df3-4434-98f7-17d21a617868,35,Female,149,2,adult
7a3b9222-ab03-46a3-91a7-6d3c5f6f6a1a,79,Female,20,82,old
db6dc9ac-954c-4f0e-bdb4-34ec6e2457e8,78,Female,60,74,old
a990865f-5707-4da7-9885-a6c035366de4,70,Female,26,20,old
9fe2b294-4084-4b4f-b39f-14e5e3057489,62,Female,124,41,old
aec0af35-3b92-4097-a7ee-7b04d883d59b,33,Female,57,39,adult
ad545811-08fe-44d2-9e94-a9691f0e9ba7,31,Female,98,41,adult
ddda6fe0-6b7d-4712-a925-cc050456de8d,39,Female,117,74,adult
78fa3ee8-0757-4459-b153-b5cd3801684c,28,Female,124,60,young
3ef2bacb-c20b-4394-977f-6d1c1b98e03e,88,Female,122,14,old
4c131ed8-70d4-44dc-a483-5a8c92fbc0e7,80,Female,188,20,old
c0f0086a-efc1-4fc8-aaf9-90a1dc98e640,18,Female,145,33,young
5d71a3c3-da0e-4a3e-b3e8-fb0ccf57f95f,81,Female,36,89,old
403a207a-df69-4496-a840-a38f081d0d87,23,Female,92,38,young
17e280bc-b99c-48de-8b1d-e48fa6fc0f2f,57,Female,71,42,adult
e775e59a-1b2d-4c6f-aa35-0c15ea1ee931,67,Female,185,68,old
2117407a-9aab-4bbc-9fde-db9f457827d8,78,Female,120,93,old
e23db070-0994-4b6c-97eb-4cbef10254be,78,Female,147,6,old
5ec85187-be7e-44bb-b30f-3fe37d3c5192,45,Female,65,95,adult
fd4259fc-dca3-485f-b311-4b5e16345ff0,81,Female,23,10,old
44a4cb85-4a69-4324-9f95-2acc07ce1f29,24,Female,64,5,young
453e53a4-287a-431e-af5d-df6151be4ccb,56,Female,88,83,adult
38a2ce2c-4111-4f23-a94f-afa40d53fa6d,55,Female,88,50,adult
50bcecbd-1c2c-4c99-ae10-aa28d0930a71,88,Female,70,93,old
29452d6d-3109-4371-b314-f170e912c36e,54,Female,86,94,adult
8b233cb1-3ed3-4534-9ffd-bee85749f170,67,Female,104,53,old
69d35ab5-6ef7-4ad6-b209-cd832f1a0d78,34,Female,104,65,adult
70c0debb-3ff4-404e-b572-2944a63ae325,45,Female,195,23,adult
9984e3d9-cef1-4e95-97d5-16c74164f9bc,90,Female,147,33,old
31dee36d-62fa-4522-8273-59ebdbc23a99,20,Female,124,27,young
c7b61567-964a-45e3-88b0-50502ef7dc3d,41,Female,84,98,adult
cad0a90a-f29d-4814-82bf-16c96cc50ac2,39,Female,102,11,adult
2f266c30-de87-43e4-bac5-c6d46f59a04d,56,Female,166,76,adult
396cee31-afcd-4fc4-bb24-86d0fa7d8739,27,Female,105,81,young
5f8ff7c6-e105-4b76-bb40-13f1cd72844b,27,Female,165,32,young
1e559627-2d62-4e7f-806b-7804fd053e03,53,Female,66,5,adult
6029ba07-2872-4773-bf26-0ab8dc6321d2,57,Female,173,64,adult
1494983a-a724-4589-ad6e-9c9d86a50550,50,Female,80,47,adult
6f4a1d81-2cb6-408a-a9f3-ccc269851326,86,Female,51,67,old
2b8063c5-b7cd-4056-b570-0ae9d55dfc80,89,Female,131,23,old
0572897f-b8eb-4fe2-a410-c249a5398b9b,62,Female,97,27,old
226d2087-c014-40f6-b743-3b4e6b3fab54,56,Female,171,37,adult
c048b835-6f77-465e-9442-1d78d39a6a6e,52,Female,38,77,adult
e998b5c6-ebdb-44bc-a565-7d2f6e62bb49,26,Female,45,9,young
664d285e-c475-493f-a429-63c0799bd7b8,39,Female,98,43,adult
7ca54b50-6163-473b-861c-b1f97a7a4a7d,36,Female,32,73,adult
054d8032-44bf-465c-80f8-cdfd90caf095,70,Female,121,3,old
2c7f8b8f-112a-46ff-b962-436a02679dd4,23,Female,185,68,young
390ae8bd-1da2-4361-94e6-75b47e44a1a1,55,Female,42,50,adult
1663c72e-20cb-4726-8930-0eb82e69e17e,84,Female,115,54,old
f9de7a77-5c04-4a60-90c0-e5414d54bedf,70,Female,28,46,old
8ae4140f-4138-436a-b741-50ba734bcb2d,78,Female,57,69,old
911bea24-8587-4793-9e30-cc16bf7362a0,62,Female,43,79,old
f294d363-029d-44a4-b22b-e9efdcea3f5e,48,Female,26,53,adult
afcd84e5-0524-4ec4-9a8d-31ff27efe4ac,80,Female,104,37,old
9970e628-1cc4-431d-bcbc-455a254d8a39,20,Female,82,29,young
fd734682-826c-4cfe-9e8b-59bc21e1e3ce,37,Female,171,84,adult
d5271831-f9bb-4998-8d35-0e6d6e0cc559,45,Female,134,32,adult
641eac8e-0805-4a03-a10a-d5d3d099fa4e,66,Female,99,54,old
3032e198-78fd-4939-8d59-e0c5abb130a6,88,Female,35,25,old
f868a9e1-093a-47f5-9e4d-607a397ed7b7,80,Female,100,7,old
225b2f6c-787d-46b4-b852-7c9818e13708,38,Female,31,51,adult
f1e75461-b055-4379-ae7c-83ab736a0d1d,88,Female,167,53,old
9b1d8e1c-1554-4838-851f-6ada0e3ac07b,43,Female,70,2,adult
eb99d96d-ba08-4bcc-ba20-ba1e844f3471,48,Female,182,39,adult
b2cc048c-a0be-44bf-afcd-df1ee9da7a70,32,Female,140,97,adult
e18e1f6a-4662-4014-96f0-8493c6ad5614,67,Female,185,41,old
d593e51c-fbc2-4f90-9f63-782db0aba301,31,Female,192,38,adult
9d2ded43-6da3-4798-9a20-3bae266623bc,45,Female,24,66,adult
8caa23a6-4ee2-40e5-b09f-544bd452e874,48,Female,183,59,adult
f2fc2eda-1a48-4dcc-b0d7-3551b836c296,47,Female,60,18,adult
604e0abd-2e16-4cc9-b724-8f0b722f884b,29,Female,199,49,young
4435e9f3-533d-4d53-859a-4ed05a13df61,75,Female,152,78,old
9609378b-0aa7-4e3a-b6bd-5fabf9398ca9,85,Female,66,48,old
bbf101c0-14bf-4fe1-9211-345c781ae707,34,Female,183,73,adult
33fbee27-35a1-4714-9982-229394042560,71,Female,69,43,old
0c88da72-7fc4-446b-b843-21624d54872f,62,Female,155,55,old
3da39186-4bb3-456a-8c72-d0c7f3b49fd1,46,Female,166,57,adult
b37e4c6a-2353-45af-af6b-46100d3b001a,65,Female,54,98,old
bf03106f-2ae3-4de5-8dd1-77a6db17babd,49,Female,97,49,adult
73aa97fa-5a3a-47f9-b51f-5f9e7d29e888,76,Female,178,51,old
c0d1fbf7-49ad-4fe7-bcef-2dfd9f4ff9d6,56,Female,145,51,adult
e2faf6e8-084c-4266-9e1f-f0b7c11f4bdf,74,Female,29,67,old
26a52001-9448-4a5c-b4a0-8928b63618aa,68,Female,90,14,old
1da14839-f471-4e80-899f-c17d9160fb53,18,Female,169,70,young
02a306d0-73b5-4c2b-b5b9-2aaec5473dae,21,Female,21,37,young
1c1537ab-b4ab-4ced-a878-3b308829c40a,76,Female,200,59,old
765cd79d-af03-4b15-bbb5-6237c064acb9,88,Female,89,33,old
df7aff5c-66b3-4115-b133-63b1b67e7741,34,Female,46,9,adult
2fa27128-d71c-4fe2-a96c-9472265643df,40,Female,27,49,adult
df4d0bb3-69cc-4c18-91fa-3452d09d557c,48,Female,30,55,adult
0ee1fbef-ef3a-4f26-b38e-23ee37ba81a3,61,Female,174,98,old
3115e980-33a9-48cb-9958-0c5b06c0210d,76,Female,174,27,old
178351dd-be30-4d45-a08d-4dc879779584,55,Female,50,89,adult
0a1b408a-d081-4090-b35c-c5636f3a46be,32,Female,138,21,adult
28061bd5-ac11-4b2a-b818-e61c5e3a165a,54,Female,42,57,adult
944297db-60bd-4724-9a30-eb9dd9331e47,29,Female,28,61,young
dcc4ddfc-cfa2-4afd-8f70-98ee619032f5,36,Female,69,50,adult
03f58f54-cf32-484e-b559-bcc306841215,31,Female,105,84,adult
43de5986-860f-41a3-b13b-d3b3ecfff2ac,89,Female,96,94,old
b8fad959-553b-43a0-9d2c-9cd68151ca14,76,Female,76,25,old
9ff59e35-e054-4e00-8c1d-9a62c028cfbc,74,Female,36,59,old
b923cc28-748c-43cb-bc10-04d6a4a19f6b,84,Female,85,71,old
b5aac21f-05ae-40be-8d6f-e02169d80cf7,55,Female,155,46,adult
0c086aca-c456-4144-b1f9-ffcb74b36238,43,Female,73,15,adult
587ea447-5f7d-43b1-b8d0-8542ba80d22a,26,Female,32,52,young
714a20f8-fb5a-4c21-9b8d-2202783e168d,69,Female,152,75,old
2bc724db-9c59-4253-8cfa-20c24afd96bb,53,Female,31,49,adult
f0e3e139-5d52-4507-a058-6890df753343,82,Female,110,83,old
a59ca7b2-da33-4da2-8a57-2c42eeeb8fb7,61,Female,29,82,old
e6a73d16-6e54-4e26-bb00-b89c6e850c38,49,Female,104,69,adult
1839117a-ce5e-43ae-bcde-94d7bcd5bb57,49,Female,74,47,adult
71073e35-61cb-4184-8fb8-abeac39ffaa3,39,Female,87,39,adult
6d690709-a7a6-4474-865f-c3040bad3716,26,Female,111,91,young
9cc642bd-5626-4ae5-8eb0-fb829d3d1b2f,66,Female,64,65,old
8126a8a8-2ab6-4679-9e30-525c096f119b,41,Female,42,66,adult
7a7bccbd-58bc-46cc-ab29-03f7a387c5db,57,Female,97,64,adult
38e91e7a-5c96-4665-842e-0d04136bf8fa,69,Female,84,91,old
288fe638-02d0-49ed-9c54-f7442dd28ab6,58,Female,99,34,adult
cf0e0d24-0e63-4767-bed9-5e07114963de,38,Female,148,87,adult
ac27a725-44e7-490e-91f4-2442dc50f130,71,Female,78,84,old
295e6dd0-f8e2-4716-bd74-0100f9a16933,25,Female,24,67,young
c1603693-5978-47ce-8eda-420f5597b917,59,Female,72,12,adult
869b58bd-5e4b-46a7-8694-12f78508a663,53,Female,55,20,adult
75630588-7d1a-4f68-9b2b-76d47968993f,37,Female,139,94,adult
d7579ea4-adca-439c-a969-6a2f4157211f,49,Female,174,92,adult
f1cfbd88-eb53-42d8-bf73-081c8dc3546c,31,Female,98,26,adult
7334f17d-e265-4225-8195-be9e1ff9be92,62,Female,75,55,old
579610aa-4207-473b-9ac8-717e1ab079a9,70,Female,30,29,old
a5a3d043-7eff-4a6d-8af1-e9abeaa1c2a1,53,Female,110,60,adult
c2597372-fd53-421e-8e68-5eb2c1e666f2,28,Female,75,53,young
26404957-2bb7-41e8-a21f-4d5e787e2427,58,Female,155,96,adult
356ed623-b725-4bc2-b9ee-9bb988b8059a,26,Female,190,89,young
058e2247-0bf6-4c65-b7c1-6caa4db0e663,76,Female,23,81,old
58a18561-55a3-4f2a-bee7-813751e6643b,52,Female,58,52,adult
7315ecb5-fcfb-470a-bf80-1403f75359ab,86,Female,163,62,old
9aa62c79-d369-4e07-b795-fd024ae67fd5,65,Female,140,41,old
40433559-37b5-4c6e-8cea-f0b8fff3a7ad,69,Female,184,34,old
b9e78369-b5f9-4aff-bbfb-7c528ab7185e,83,Female,63,29,old
d4ee4e77-18b0-4a4e-bab4-9d8b99809a37,32,Female,25,58,adult
6494907d-2af1-4ec5-85f7-b965147a2d8a,63,Female,72,36,old
7ca33fa0-48ba-400e-b77f-dce32a5168a1,76,Female,53,71,old
f4278000-0036-4445-a8e6-a9bdbffc69cb,68,Female,125,7,old
7e8a113d-6681-4e8e-a339-4762de2bdd35,87,Female,101,50,old
3e95c3e3-0917-454c-bb18-7a094d69fbc9,89,Female,145,56,old
c12826d6-1189-4ab4-9260-cd2c6bb9869a,76,Female,48,98,old
adf0cb47-9867-433e-8359-cd0f5e577996,50,Female,108,1,adult
e50eef64-f566-4f81-8dbe-7fbac4ea3d8e,61,Female,124,6,old
2a884f2f-69c3-4062-a173-abadb78956e1,37,Female,133,91,adult
7c87bc39-7672-4c73-a1d7-03dcbda6527e,48,Female,156,43,adult
fbc7ff33-ba42-4b5c-b9ea-6eee3d7ff2ad,50,Female,176,26,adult
898d3191-e874-48b0-a920-d6647898a49d,69,Female,176,22,old
4fb4708d-eedb-462f-8fa2-69b69d80d466,33,Female,37,15,adult
70a43632-9f19-4ebc-a1de-e8dff404778f,57,Female,23,24,adult
b41e6617-42cf-4a3d-a5e2-75c202b3c97a,27,Female,89,87,young
9fb90cb9-5dff-4bd1-a5c3-8188324d6d69,52,Female,187,47,adult
bfa9b4c7-bba4-4a0e-b83a-6bb7acbfdce8,27,Female,60,38,young
e71f65cd-04b9-4342-a013-481bead1606b,75,Female,142,88,old
abbcf3d4-d295-49ef-a6de-d472ab096dd8,79,Female,63,43,old
45ce247e-4325-453a-bbd5-b75825c26547,64,Female,31,44,old
7cdf80df-34be-4968-bc8f-1932ede1c803,24,Female,98,19,young
f3d596c1-de0d-42d1-be34-e1997d5334b5,81,Female,149,23,old
3a6c2979-7a9e-4f7a-9055-16ff2ed3567a,28,Female,106,28,young
c2d3d15a-7815-4e83-bebd-562e35e9952f,46,Female,78,88,adult
83cfe37d-fa72-4fc2-8583-c20646d9450d,49,Female,56,73,adult
e08bfd0a-a589-4914-b238-5fab62beefdf,77,Female,23,28,old
91315c08-db13-4be8-a2ea-f203a5183eb1,72,Female,106,7,old
db9f9fca-8c77-4246-b278-a6f6b409bdb2,48,Female,99,29,adult
b693fb59-d986-46c1-a29d-2aedf904caa0,72,Female,145,10,old
6ce2b1d7-d0bb-48e9-a298-a1a2837232bd,68,Female,21,77,old
bf9e047e-c83a-4ae4-9009-a12085df35db,71,Female,197,15,old
fa370915-a816-4a0a-869e-8f0fab2823d3,83,Female,80,77,old
11e0c9cc-51df-4f90-81d8-9aeda24db446,30,Female,72,16,adult
49e4bee3-ab0a-4b54-b251-0b5d75e65cb5,40,Female,68,21,adult
1592cd08-e043-44ca-ae00-c26fdc8537bd,28,Female,182,13,young
b094f832-0dcb-4af0-99ec-175862b106eb,28,Female,71,33,young
2315ec6b-ce39-4390-bc2c-594ce5492470,40,Female,125,63,adult
3430ca5c-f008-44e0-8133-2f276a9f03ba,53,Female,174,37,adult
78bbdc9f-1abb-4e0c-aa90-e1c5036e1dc7,79,Female,121,23,old
569f6def-29e3-41ed-a6f5-948e12a890f0,89,Female,91,13,old
cbf84061-2165-421a-93c0-ee9272884bff,85,Female,108,50,old
ee47d5c7-cfcc-4df7-9996-499e013e8a7d,75,Female,161,52,old
3bf49547-991e-4979-a456-077c2def6367,56,Female,30,72,adult
feb9ebfc-a394-484f-bc36-33e231302bca,87,Female,126,11,old
1919689c-b4ca-42f3-87bd-a43c589ce3e7,52,Female,62,8,adult
17bb035a-7259-4160-b4be-45d4d40d2cbb,21,Female,117,22,young
65517504-4b91-4445-810f-f4d13e2efdb4,64,Female,87,73,old
7bf66bca-f947-48ea-acda-8fbbc1d129c2,34,Female,49,30,adult
e167f0d6-36b2-42f6-8756-107e9fc2d5e5,59,Female,124,54,adult
bb1185d9-ed5f-40e0-8134-06ae03efc140,37,Female,47,84,adult
c3c6f6db-d39a-464d-8001-b3419dc7b11d,73,Female,129,10,old
5ecf2948-10df-45d9-852f-4bb7be23ecb5,34,Female,198,73,adult
bf54f224-1c7d-4dbe-8310-8c04fdf18097,50,Female,101,58,adult
026c4a08-4401-48e6-bf9b-4161bfbbb60a,81,Female,43,8,old
d0d0aa80-e0da-43f8-8e42-2221edeaabd5,89,Female,22,87,old
293ac435-4a45-4f79-ad83-9c34aee55a24,20,Female,196,64,young
44d2a563-51d0-4ab9-be85-bc4937ab06fb,35,Female,77,89,adult
7eefa86f-3656-4685-8bd7-7d1b4052d4d4,70,Female,69,77,old
9dfccd4a-7ba5-42ea-9a3b-568102d62864,57,Female,138,51,adult
adfe9676-c6fc-4481-8918-d21c348a064b,65,Female,127,4,old
e7a35ff3-a78e-45e9-8a3b-75af7ec2c287,31,Female,167,21,adult
e22797ef-4c68-485d-a144-baedf7420398,74,Female,135,13,old
4a4d11b8-2ba0-4c83-8ce0-57bc72ca2659,84,Female,139,19,old
30c53d49-151e-4de1-b97a-7f624755ad8c,82,Female,135,74,old
e664527c-eb38-451d-8581-db81fae7abde,65,Female,57,75,old
fc5aea47-ada2-43aa-b3b2-47390eb12431,30,Female,54,9,adult
21bec0a5-da64-4ede-a5d7-c621d8d3e2a2,76,Female,179,4,old
336f47c0-a3c3-4212-9859-ba5a5e8ed673,73,Female,99,19,old
c64f8def-4aa7-46c3-a38f-97b4da348cf0,54,Female,188,70,adult
5e6a592c-2e74-470b-8c62-9505faa69d2f,83,Female,123,79,old
38f4b4a4-39fb-4a34-8b57-80dc1d3077a4,28,Female,159,40,young
6db1c60e-8442-4516-b00f-2141cac19462,35,Female,153,61,adult
415bb9d2-6f6a-480b-a5cd-60bec3003b2b,58,Female,24,45,adult
a4c12685-996c-4383-851e-59bfe534590e,85,Female,98,11,old
c44f7dd1-7a31-440b-9826-6c4aec36bbc2,77,Female,138,64,old
66dea8b2-b079-46dd-af3d-bb3b5112dec0,67,Female,112,15,old
c1b9f543-3944-463d-9116-1fcfa30ab45a,36,Female,159,92,adult
7a9a99e8-1267-4542-a5f1-79968b265490,53,Female,88,3,adult
584fd566-aeb5-47dc-99ca-c5c89b313f9c,68,Female,110,43,old
9422ec09-39d1-4fed-92f7-a134fd12a07f,58,Female,38,11,adult
b60cdf8c-9179-4257-b4b9-cc08e0b3665c,81,Female,197,87,old
b2b791d4-0460-4d6f-86d9-f742fe26e0ee,27,Female,72,66,young
55eadf3b-40b9-490a-8f23-f5ce24315182,52,Female,29,41,adult
87378703-f207-4612-ace3-736a7fef31c2,36,Female,153,19,adult
01b53c14-f001-40ab-9dc4-cba3e6e078a8,34,Female,55,20,adult
4c7ea3c4-f8ae-4d29-8363-47dd6e9b86ac,64,Female,72,97,old
b42f047b-8c55-4413-ac26-28878de1b1d0,61,Female,106,60,old
f7d31337-ddd8-4bea-95cc-eaf9e2791da7,88,Female,131,84,old
f3d2756f-ab70-4584-ab0b-5490a4fc20fb,63,Female,138,5,old
70aa373c-560b-4beb-b7e8-932c61e9e823,90,Female,182,52,old
6d48f7c6-9649-4d2f-8e9c-9643770f7d00,33,Female,22,5,adult
a3d8b4d2-3b72-4b68-b44b-6bf4c1befe00,29,Female,90,4,young
08a4f7bc-47e0-451c-a8b3-7e4bf5d009d6,36,Female,169,94,adult
a4e6fa27-0c7c-4667-8000-0a2f0bbd98ee,76,Female,91,4,old
c5f81291-0333-499a-8ede-1a52a3a36ca7,28,Female,90,94,young
784b05b6-acf2-4e25-9722-c5aab2e74a62,23,Female,171,19,young
60b1eb37-1edb-4545-839b-f7e3f47e0964,56,Female,157,20,adult
897c056b-2723-4259-bae0-61c0f2b709c2,50,Female,92,47,adult
a73278d6-6f94-49ca-b386-0a36cd5b9091,40,Female,35,40,adult
ec2fd1f3-b497-44a2-9bf6-80f34407470d,90,Female,109,92,old
06ef8d5b-1e53-464c-8021-3ab6ffd5c65b,29,Female,50,9,young
377d8f08-beb4-4f5a-b564-0b86084f1cc0,20,Female,51,7,young
55312bf0-b3ea-4fc8-9739-e977da701153,79,Female,154,86,old
ba38a305-2153-4cbd-afb7-1630533cf084,68,Female,99,89,old
4a044d8b-c835-49b0-a3a9-ed449440b233,54,Female,126,89,adult
442d708f-ef5c-44cd-a64d-8d3aa9ad264f,31,Female,35,46,adult
447bfc06-8e9a-4a2b-946d-c67e656fe02f,30,Female,45,10,adult
f1f486af-64b3-4810-a77c-0747e32fd479,22,Female,144,100,young
a5122683-9b9c-4506-820e-58608d819ff8,67,Female,68,53,old
a2f18835-2e25-4089-81ba-c73fec497900,59,Female,89,28,adult
642fa7b2-dfe2-44cc-aaa5-23f670c1ff30,35,Female,173,41,adult
baab0004-4e8e-4b8e-957c-90a9ec602b23,62,Female,112,38,old
afcd5d47-0329-4fc2-9640-27abee792e7d,64,Female,168,46,old
9a06fb41-a33c-4206-98ae-ee61ae00cd9e,40,Female,193,39,adult
8a0feb86-e228-4475-ad5d-1f912f990957,63,Female,127,20,old
579f2045-8792-4bb0-8013-b0a409d60f45,18,Female,22,55,young
2179bc93-d107-4398-af40-294a7f49f6a2,51,Female,191,97,adult
133f772d-4883-4e3b-91a1-ecdbe4067541,74,Female,153,39,old
cde30dfe-d9c8-4a24-b36d-ae84012eb175,50,Female,187,72,adult
f5bf45a8-09e5-4511-a899-866cca2ad151,19,Female,191,95,young
fb531472-9c87-4f71-8219-43356dc2e5a2,59,Female,82,14,adult
cc213db3-af72-4e79-a970-0c5096655d43,52,Female,131,21,adult
185e344d-aa56-4dd2-8f45-b51c95a40f92,33,Female,127,83,adult
5d7813ce-44d1-4e8f-a3b8-4eda8f2f4489,66,Female,86,88,old
d9e68760-125c-4736-a7e6-3841e5b45450,76,Female,95,45,old
5e333fd7-4350-4960-8c2d-8fad158cf94d,53,Female,50,46,adult
72a17395-88cf-42af-a3ff-d63cc0d3373b,75,Female,32,23,old
e1824301-7676-4447-83b2-1dd80278d41e,48,Female,107,15,adult
62842dd3-3464-4110-84dd-c7e8af969efa,73,Female,146,59,old
e6c0e4aa-ed03-416d-b989-b608b98b9dca,78,Female,105,70,old
b9a956b7-5b16-4b61-b242-c2690d02a57d,29,Female,31,69,young
c2b0b7a2-e3d4-4c90-a6bf-a4c5bdd44200,26,Female,140,35,young
d255d826-be53-45ff-852b-78f6cd44c6b4,30,Female,94,48,adult
bda3d508-bdaa-4a33-be0b-363511bfd14b,76,Female,93,48,old
6c87c16e-e231-4c11-afec-aa2e3499c8f6,76,Female,114,66,old
f1facdd9-2bf0-4944-9cbd-087948668266,62,Female,80,74,old
aa2de9d3-fbd8-4106-9a29-152ddf112a2d,52,Female,165,15,adult
ed1041d7-9987-4001-ac7b-f8e6db8963a2,63,Female,120,28,old
4b8a0c19-2825-4461-9731-baa17b47bc03,42,Female,117,19,adult
1ddcea3c-493b-4d8a-9b2c-f0fd392f5c1a,80,Female,119,66,old
6ca74112-19cf-4887-bc68-f97b6d37d853,77,Female,189,1,old
cc7d6b7f-80eb-450b-8456-98716ec993a6,84,Female,50,84,old
fa17d5ea-5b27-4d4c-ba2b-436e980798b7,59,Female,196,82,adult
e75ce26d-175f-4326-90b3-a9efdb005743,47,Female,27,12,adult
5f7c865f-955b-4d87-9d53-1ef27614826e,87,Female,33,2,old
291c3fbd-45f1-4f34-98c5-12d352a5728f,60,Female,174,64,old
770a3a66-d68b-4a5f-bb71-e646847e8e95,87,Female,155,17,old
34450f3b-58e8-4ffe-9da8-ed1b80a12744,28,Female,68,4,young
3f7f0adb-3499-4f0e-a921-ae18630ada45,89,Female,169,76,old
05540d2f-c4ea-4b14-8f41-a928e04d0c65,58,Female,73,73,adult
5ef8e27e-a73c-4290-b6fd-5ce452cc7067,67,Female,152,43,old
98a8c2c0-945e-4880-9513-db7ee6dd1630,86,Female,187,1,old
ed163f77-4507-4d00-b8df-fa3ea8922d40,43,Female,123,43,adult
08bf7481-8713-416f-9a3a-51c279131c11,90,Female,99,97,old
72f8afec-0afa-4893-a131-40fd0dc49d64,60,Female,117,92,old
e80b98db-455b-473c-b380-fa2f21845d22,67,Female,82,60,old
fb7e4583-2d20-4478-8317-082e6d510e48,52,Female,47,76,adult
e22d1b8b-de0c-4671-b092-eaa95b9495c9,54,Female,29,37,adult
29016597-b802-4dc3-9d11-44114e6ca439,70,Female,117,46,old
3536dfc1-d42e-4613-ac4d-074b60b2eddb,56,Female,166,2,adult
26b4cfc4-4c88-48e4-94ee-705b2f68a803,40,Female,189,8,adult
9ca4037b-e6e9-41aa-826c-efe267c05300,48,Female,99,37,adult
ceaf5634-9094-442d-8f55-dd554cc80843,61,Female,114,53,old
2f4fec8d-2094-43eb-9ca5-04bf01b1899d,38,Female,43,3,adult
124fc7c4-7813-4d0c-8772-4f7129fc6027,27,Female,108,45,young
4876ab17-1b90-4482-ae95-2701c23f51f6,56,Female,167,87,adult
4dedef8a-f422-4f97-88b3-0cba9b98e317,88,Female,188,95,old
d397ee21-71ad-42e1-ba83-c6d860eb6bda,29,Female,67,3,young
0bf2da7b-1861-4fed-918a-89c4eef36395,77,Female,86,13,old
a62e4302-9058-4b81-bf4b-7810caa33684,79,Female,180,93,old
63eb6191-61a8-47a4-9d91-969571f905b3,28,Female,77,59,young
d0ae7266-3dd3-4667-87d2-c1ad9018ce42,87,Female,63,73,old
139dbfca-3e0c-45c5-828c-f79a776b7d5f,56,Female,120,86,adult
1b24c26e-8070-48f1-84ee-c5f7ec684251,80,Female,43,20,old
826eb4f1-e2a3-4975-afc5-d542e52ece6d,37,Female,191,45,adult
0ec36cae-baef-43c2-b2c2-cb59ee09ae57,76,Female,120,21,old
30d08703-2bef-4b44-b469-211df11506d7,48,Female,72,72,adult
3dedd432-c5bd-4a18-85f6-1084b420abab,72,Female,23,20,old
0cf679af-6007-4b42-8ab5-100cdc56fe07,42,Female,192,69,adult
1ebf8f7b-6a70-4e3d-8dad-0b75e925c99b,28,Female,43,88,young
1be17788-53d1-486a-be57-6cb3692ff9c2,44,Female,44,81,adult
1c100687-42b4-4741-ae35-e52c1e0a7362,32,Female,178,76,adult
fab21885-eab6-48be-abc0-44d3e47b45fc,37,Female,54,37,adult
bf4bf769-4e9e-47db-b699-8d7210d94017,22,Female,193,73,young
149c2280-0bfa-4cd2-9013-024b80f53d3e,45,Female,190,57,adult
de2bd99e-08d5-416d-8e0e-1443eeec74db,56,Female,142,16,adult
b8b14e15-e0e2-40a6-b2a7-9a592019c3bb,65,Female,25,18,old
a29d0414-266b-4458-b877-872be5e8994e,64,Female,58,48,old
62adf9bb-6d3d-4661-b4de-fd6dcfe1534f,40,Female,59,34,adult
33771242-9ec3-4626-bde1-bc61862de7f1,45,Female,51,68,adult
6ccc243b-5be8-43fa-b332-275281b814ad,53,Female,68,76,adult
00fc109a-daf2-4548-8889-304078c7e29f,87,Female,85,60,old
9d5d280b-6414-4503-98e7-acd003a59bee,66,Female,90,79,old
d03ff4cc-0c55-41b0-b729-8a6b0f6eee06,56,Female,130,39,adult
fe35b621-cbde-42a6-a3fe-e7fe28acd2b8,41,Female,96,11,adult
9ffc5644-b420-47ef-bf73-4e086996d2f4,89,Female,71,95,old
2d57b5e5-f20e-4925-800f-c2f922f44376,55,Female,169,21,adult
63d256d2-e920-4579-acb9-762d8fe58fd5,86,Female,81,11,old
6653324a-1075-458a-a4ec-4425dd067609,54,Female,74,89,adult
040690fd-5061-45b4-b815-fd9384cd09c0,43,Female,103,7,adult
79bc41f1-832f-432f-b1e1-997f3afa8a77,89,Female,147,85,old
7e07693d-6d4c-4156-a2b4-e6dcdd19d438,87,Female,98,4,old
426867a8-6745-496c-9a64-c48ddbaac602,73,Female,165,70,old
8b5b2c6e-a8dc-4370-bb4f-d4300a377a61,19,Female,180,33,young
e63f14d3-e577-4807-825c-bf49d52d2e20,74,Female,29,18,old
bbc46cd6-7030-4662-bcbf-5d302a77733d,61,Female,62,74,old
8c477b74-ce92-4ab7-85cd-0a6288947cb9,27,Female,190,92,young
5c5cc38c-297d-41fb-8ef5-fcfb1b48882d,64,Female,107,60,old
af083724-8f3a-4d24-bd11-d0cfb2efc8c4,88,Female,43,28,old
452cadf5-b9bc-46d6-9368-5a18e7b8d035,81,Female,157,64,old
54588a65-4e64-4c0b-9f63-e3ffd429f7c3,46,Female,197,37,adult
879840fb-8a80-48fe-afcb-7c92dcbc9ea6,50,Female,58,74,adult
e0636d16-ba5f-4ce4-9be5-5a7325b95d92,84,Female,28,61,old
c6002c55-2ff8-4951-b6dc-e7eb6d3cfb02,36,Female,73,3,adult
bffd4fc9-6d28-49a3-963c-41f711babfa3,25,Female,122,95,young
fe9962e1-45bd-4743-b95b-34134e2c3a6c,22,Female,173,90,young
a3f3dd35-92e2-4bfa-b43c-8baae9fdda16,71,Female,152,93,old
c255db93-504f-4705-969a-03aace9c4ac6,45,Female,184,18,adult
741c868b-2592-4ca6-b81e-eb41a6c794f4,53,Female,161,12,adult
e6b2bf25-8359-4245-bf80-50139b50f511,67,Female,56,42,old
015ca33a-7a09-4d53-823d-96267665151b,35,Female,47,49,adult
f18e95a4-d695-498f-830e-b986bdb57637,39,Female,59,8,adult
45762830-5e62-4c39-84f8-c84177acbdee,66,Female,65,100,old
b257b76b-5e0e-42f3-a55c-f30e5a9739be,52,Female,85,58,adult
37994596-8d27-47bd-b6c7-f57590438913,59,Female,137,37,adult
a50eff78-96af-429c-9715-ed7d8ca90e94,41,Female,35,79,adult
2552ed40-e258-4db5-bf91-489722c8a980,69,Female,155,67,old
b2de288d-6173-4400-8f9d-d98d5f8e05ff,59,Female,128,49,adult
923771be-ad53-4281-b04c-8adcf0c749b0,73,Female,103,44,old
2d83bd59-fee3-42e6-ad42-9f5c22f22a7a,80,Female,196,67,old
c63df72c-e37a-4115-b465-386cc7bff378,22,Female,49,84,young
08696e62-8e43-49d7-8b51-d1a5f18e1b2d,36,Female,139,87,adult
43a9dd7b-166f-4550-879b-562487337b21,57,Female,50,12,adult
3b4c5fa6-7d39-48be-a786-87a7fe402dd2,72,Female,40,56,old
be89f88c-72dd-413c-baff-3a7b3af67c76,73,Female,144,73,old
1dba76f3-6268-431e-b9eb-79b1dd03d168,35,Female,135,20,adult
4520e06b-84d6-4209-b0a9-0096d8da4a2a,57,Female,83,10,adult
71cc7a0b-305f-4eee-8544-605152b8fb1f,82,Female,105,30,old
9fe8b1e1-5ffa-4f82-8c06-5497f45cc339,24,Female,178,7,young
e3d9312c-12ef-48a0-96c1-e965855e7615,53,Female,189,62,adult
ae1c494d-39f7-4c56-8273-e46cf34393e3,31,Female,103,51,adult
22759f85-62ca-410c-ac41-903b63d6ccbf,87,Female,171,35,old
d36f4ee6-6674-4766-b327-3e82511a8cbf,25,Female,194,56,young
5165d7d3-18db-45f6-93ae-4ece4b3b6d4e,71,Female,165,44,old
af34e3c7-ea10-46d0-aae2-acc0631e397c,42,Female,132,2,adult
e278bd54-ca1c-4eae-97ff-83e9dadf44d7,66,Female,188,6,old
4a2636e0-04f3-4f54-9ac8-7c10874ded31,37,Female,39,46,adult
54fc47db-f225-4185-8b48-a66a23b251a9,42,Female,104,39,adult
80f66953-cf2c-4b94-9764-d65f84a187c2,29,Female,191,73,young
7560640b-9107-42bd-bdfa-81b7de96808f,51,Female,24,14,adult
d433922b-093c-4edb-886e-1c475bdc11ce,50,Female,127,25,adult
5321f8fd-fec1-4d2e-a7c2-76210f94afed,86,Female,100,56,old
f027a402-efe5-4e53-beb7-8e7041539001,50,Female,46,33,adult
8981db72-062b-4068-b573-3a288e98664c,46,Female,43,63,adult
c58992fa-f692-48da-adf7-d9078e9f0012,20,Female,160,10,young
2fd9d4b2-e3ad-4d20-a46b-23c06ff8e4ce,60,Female,155,81,old
1c33877b-8153-4590-a11b-9365ba7355db,58,Female,130,40,adult
f071b228-1b0d-49cc-8a95-2611e7eb68cd,77,Female,114,56,old
0fdb4b31-c4ff-4604-8ddb-764062bd5406,36,Female,26,27,adult
dfb46ade-3f4e-49b8-9735-a19c161eb958,72,Female,91,85,old
b6cc4226-cf9c-4935-9896-1e0b8bbbfb85,22,Female,87,18,young
8e9cd7e8-e3e2-498c-880f-3b0aa9fcbb0b,51,Female,42,86,adult
6c305524-f497-43d6-949e-8d33587583ba,62,Female,178,83,old
ac5d92ec-dfc4-4623-838a-84e81f8f3e28,58,Female,53,76,adult
d7985314-8023-4c05-8daf-e139ad99c3e4,62,Female,68,71,old
5c9f3a3a-5347-438c-b8b6-6d81b135c685,74,Female,188,34,old
decf7370-47a9-4f1d-a22b-748756c5aa19,69,Female,112,66,old
16bd9a3a-93c4-4b8b-8c53-5998f8ac7a33,29,Female,29,47,young
90e22748-6614-4faf-a91c-7c7f35188e1a,74,Female,178,25,old
bec26fdd-9c24-4077-aab8-25fe7b857c88,34,Female,114,63,adult
4b50e413-1dfc-4fa2-b3fc-20b55b6691a1,50,Female,114,31,adult
b8ab5524-64bc-44e9-a9cb-5c1c4c6b6210,51,Female,119,31,adult
9324bcbf-b348-480b-9792-35e75878d0df,39,Female,90,86,adult
f1056d5e-2747-445e-993f-b78ab1412f4e,72,Female,167,4,old
4f0851cd-0939-4143-a438-1281a61ad089,34,Female,174,2,adult
0ae01421-0037-409a-9a1b-8b102f004f3a,39,Female,164,98,adult
53fb88e7-77ec-4c43-be93-4897b8793a54,52,Female,121,80,adult
546326cf-d5ec-4119-be78-33c822c40b9a,82,Female,73,51,old
063f1a59-6a8c-4ce2-a224-f45174100e05,83,Female,66,3,old
df5a7589-2918-4912-92b8-5f1db6d955fc,35,Female,167,95,adult
1888197a-d967-49ed-a7ef-0e63611c69a8,65,Female,112,93,old
866a0c4e-8ea4-4387-a39c-6b50a9d65a2f,47,Female,162,18,adult
821b7996-6619-49d9-8ecd-0fc81351670f,43,Female,151,87,adult
5ab91bd9-45ce-4cf3-987f-eb077a05dbec,51,Female,77,87,adult
1ec94818-3059-4c33-82be-6ad890ce69c5,24,Female,108,20,young
a785996f-7cd8-40ce-a69a-2bf934f2e6ad,61,Female,149,92,old
038882b0-bc85-419a-9733-7224172a65a8,32,Female,172,17,adult
020d33fd-ef07-4c86-ba30-93acb39e33bd,66,Female,180,57,old
866244fe-3cd8-4ade-90a0-589c8b9620bf,43,Female,121,81,adult
2e68cf01-3abe-44d7-8a9f-6e8b340655d0,26,Female,119,57,young
6ad581e9-f015-46a3-b5b2-5d7100f15481,68,Female,190,25,old
1cdf7585-0384-40ad-a36c-2377deda1e22,81,Female,117,65,old
8f81c7fb-9e98-45d8-a180-f52b4b172842,24,Female,98,82,young
66136e58-fcb9-4ca5-a7d8-2f7b0936fc89,49,Female,160,49,adult
b63668a4-8631-4aa2-b53a-5c98a53c3f50,46,Female,144,29,adult
afda5b42-e935-40ad-b79c-be9f50e77d93,89,Female,152,20,old
ed192d77-436f-4a45-9931-52c33cb37012,52,Female,187,12,adult
fc61e174-e5fd-4f54-9d16-45468b891e41,90,Female,141,93,old
c14dacb2-3118-4327-a976-f73e08cbab36,42,Female,179,63,adult
087cc663-1e7a-4f94-9dcb-e27489eada64,31,Female,122,18,adult
1d0c256b-16a1-426c-a67c-cabde1402ccd,52,Female,134,11,adult
0889fce6-b96e-4a72-b7f4-1eca9c2012e8,79,Female,123,13,old
1a5d0bb6-9a74-4e30-b1fa-ba53332b4d42,85,Female,147,24,old
e04c1fe1-d82a-4125-9307-4c1922aa2759,39,Female,27,80,adult
bc7a25b7-74a5-46c1-b3be-de4b83649d64,64,Female,159,38,old
46f6baca-5b38-482b-bcb4-f825f55af4c3,19,Female,135,69,young
51330c08-ff9f-4c1b-bba5-2e515f8a0557,78,Female,159,72,old
5809a4d0-22c7-4f7c-83c2-ca66feb06063,63,Female,195,30,old
4b954566-d9d9-44e0-9af3-27e7220cd84c,70,Female,189,59,old
4bdc8626-bf62-4295-92d1-902f9c789ec9,51,Female,76,53,adult
57b4764f-a439-47dd-a19a-08a436cacc6d,69,Female,41,14,old
5571460e-1501-4dca-9144-9ea16829d8ff,25,Female,67,28,young
61daa96c-a4ca-44ae-8531-00f06b04498e,49,Female,150,16,adult
41c300f5-b2f4-4100-b845-40317870d709,87,Female,69,79,old
61d75b50-5716-4c64-b419-561c8f175c2c,32,Female,197,74,adult
5760dae0-42dc-4087-ab21-fda0a7fe93ce,84,Female,169,3,old
b758b1a6-c9ee-462d-92b0-8a639c7de6ab,21,Female,38,11,young
774bf159-b85b-432b-8e18-88e52f55d35c,88,Female,198,91,old
d21f4039-06eb-4608-88a4-181b934b341b,23,Female,84,38,young
1989f1df-9b3d-4921-951d-5755ba12da9a,45,Female,21,23,adult
d519cf93-f9bb-48ce-84fb-3307397e3af4,81,Female,110,40,old
6144236c-4443-4064-b6e3-f3a9c74c8f64,44,Female,31,17,adult
d00008e6-dcce-48ed-ae5c-2fb480370a67,20,Female,58,56,young
41867179-d651-4f58-a482-288e6b592c83,49,Female,71,92,adult
22a6de91-2a79-4b86-bb55-c085ae081b67,55,Female,52,62,adult
9da52c7c-f732-470f-88e5-db1f517baa50,49,Female,95,4,adult
69b1f10b-0cf4-479c-a6b4-b09ffab3297d,29,Female,153,21,young
2558c2b8-aec4-4fdd-bad4-bc7b066e641f,54,Female,191,57,adult
6be522b8-2a58-4b60-9172-9c9bc4875e50,29,Female,37,54,young
f9b02e2b-9c23-4168-9e57-66502d314f4a,27,Female,178,90,young
239d77af-72e7-443a-9977-b59cc39ca8f6,78,Female,70,68,old
0624e5e4-a00d-49fa-9a1d-36752e84e053,59,Female,144,28,adult
58786aa9-351b-4421-b8f9-e288aec67432,71,Female,198,67,old
6b669071-93c9-47a9-9324-a30de5e55339,89,Female,196,12,old
faa0617c-1d79-47dc-b228-085b8bc430ca,80,Female,122,88,old
ed878d8d-fc6d-4013-b000-f0f3f2038886,67,Female,168,61,old
bd70678b-9fab-40e1-a257-834cc2ea0181,82,Female,102,100,old
61e15ed1-079b-478a-ad2f-9af6d2687390,25,Female,31,51,young
e768f7f5-c1d7-4642-865a-124b8c17fffe,80,Female,151,26,old
e472554b-b074-44dc-af1b-0f05d9351601,34,Female,171,73,adult
00c8381f-b352-4c84-ad8b-0129e3ac1777,43,Female,196,39,adult
b53c38db-ca98-447b-b1fa-769132293ce2,64,Female,190,82,old
668c7216-268a-443b-b52c-919af81b554e,54,Female,93,93,adult
5683d72a-4f2c-4d59-8380-9f8a84d18800,72,Female,46,13,old
431617a0-061b-4a90-86d9-2c25241f0a7f,40,Female,22,29,adult
c9af25be-3daa-4335-894e-e28abe6d054f,71,Female,73,47,old
13165245-8b06-468d-8425-c0a60c750f04,45,Female,141,43,adult
0903e273-cd42-4a2b-b294-b0406365bc17,83,Female,101,66,old
c04cf4d3-fdd6-44f8-8cc8-2e7119aedcf6,65,Female,129,59,old
e5640d72-ab69-4798-b9af-bbf3f99d603d,69,Female,130,70,old
50cd06cc-f37a-40b2-b4b8-fa675020d075,54,Female,26,71,adult
b064b380-92d7-41a3-833f-a5522aee518d,26,Female,28,7,young
3ebd95ac-7a57-4d91-9ff4-c5dbfbcc908c,46,Female,84,52,adult
9050d0a3-ffa5-4923-a5bc-9d72cb87f900,57,Female,125,99,adult
87f21e01-9c4d-4060-9b8a-23a06793f54f,51,Female,168,39,adult
db7a2b77-a4a1-499a-bbd9-0f80a4022fbc,52,Female,97,28,adult
39acc2d6-f8bf-4159-b86c-a060f8feaf91,72,Female,72,41,old
4fcf0824-99a0-4e37-bb10-124baa8e00ea,48,Female,44,62,adult
8ba030dc-5db5-472a-9a18-c877a86c1b7e,56,Female,59,47,adult
a8228be5-6f39-4615-b122-edbe5651e693,90,Female,148,85,old
bae54030-995e-435a-b721-48c04bad0a61,65,Female,51,29,old
7c08eb78-92a3-4500-be49-cbc1340991ff,45,Female,143,2,adult
19b59946-1055-4f68-869c-6a39cd538048,79,Female,37,74,old
8ccec6ca-f4f2-414f-b528-0afd76fc5206,41,Female,67,50,adult
cafd8db6-d5ac-4a07-a2f2-820161a12518,31,Female,181,92,adult
738f6a61-38e1-4cf3-9fb6-59b475c7be53,60,Female,128,51,old
c9943439-92e5-4e9e-a17e-1086272071d3,89,Female,164,51,old
c7930522-618b-4470-89af-ed110926e3db,74,Female,174,77,old
f7144320-75c7-4d3a-a03f-c4a05e7cd064,27,Female,163,64,young
9516fec4-5e1b-43dd-b422-a83e183e3e70,38,Female,122,46,adult
e1a74627-f6df-4693-b19d-4bb045993229,48,Female,34,43,adult
ec759c62-5b53-48fa-bd47-47cef9e637d1,54,Female,194,12,adult
ae3ed838-4e82-4c2b-b015-2245b1babf34,85,Female,77,1,old
d00ea719-4ef8-44e7-94cd-0ad5fc28ddf7,70,Female,62,37,old
97766415-c39e-4927-af9f-54fafae3dd5c,18,Female,75,95,young
c6cf66e2-027d-4b9c-8a6d-d53a05834ef8,36,Female,146,44,adult
98d708e7-aece-4697-8534-ca07a6663fc1,62,Female,108,97,old
ab367baa-c205-4c6a-8645-b09a47e609c7,60,Female,26,72,old
8a305e94-f989-49d4-9b9f-0507cee320ec,90,Female,158,77,old
ddbb3f86-f64b-48dd-b4fc-c333ddf3ac51,64,Female,119,62,old
0bc10743-e4a2-4796-9e89-d8d14bb581fd,52,Female,173,28,adult
dfc4a4cf-b531-445e-b7af-2264d0718c24,31,Female,173,13,adult
b2fcc49e-31d6-47ec-8d0f-5c019f17ed8b,73,Female,48,21,old
88cd2439-c92a-4f60-9315-962bc0a4ec3e,19,Female,179,29,young
52f70c4d-7f6f-4c52-8c0c-28d1a0818d26,50,Female,92,49,adult
befba32b-2472-4a81-8626-517013e0d4eb,36,Female,102,22,adult
cb61aa3f-c028-4a68-9b4f-bef4abd2c74d,47,Female,22,20,adult
c83f8b93-1d8e-43ef-a3c0-d9ef02ea8a0b,52,Female,93,46,adult
dd090264-f587-4eb7-a1d1-2300b32d5e0d,31,Female,47,52,adult
22301a98-88a3-4e9f-8a5c-adde33ec64ab,44,Female,57,87,adult
58a2bf69-8edc-4bb0-875e-fa8f7231d1fe,72,Female,172,52,old
848afc75-6698-4b90-95ad-89f896215b18,52,Female,55,27,adult
104773b0-fb63-4895-8fd1-721f05c8bb58,69,Female,151,44,old
89b23419-1263-4cf8-adca-45ae8e49d24c,53,Female,22,14,adult
4608f5f6-a8e8-4ada-928d-52762e565b1b,32,Female,133,54,adult
14e87180-b6a3-4e85-a60d-54bec474db96,89,Female,149,16,old
ce12da44-7bf6-45c8-8a76-2c36d6b0a9de,59,Female,174,3,adult
f9f4b6ec-4274-401e-b82c-a3a00fa8a6a5,66,Female,159,51,old
d5f21e7e-c9eb-4ec9-836d-36f29bfdba6a,49,Female,34,77,adult
0d1fea91-7b6f-4900-aae0-c7920d443d85,23,Female,52,44,young
8476b12d-7fbb-4eec-8342-39f86596cb6b,47,Female,132,11,adult
9f321f62-d747-40e0-84d8-a3fbd0ed4a78,45,Female,149,88,adult
d99a06ea-91ad-4029-acc2-1d4fdaf9f459,66,Female,124,91,old
e801fcff-4bee-4e45-a786-07c12c51477e,45,Female,135,100,adult
3ae05c20-e0dd-471b-9217-61ccd67bd53d,20,Female,37,16,young
b8cb0d5e-77c7-4262-b2e2-42297422d94c,27,Female,119,20,young
a29935be-37bc-4adf-9a02-488d6b72cc41,40,Female,85,93,adult
4ca1fcbb-177a-4efd-8da9-bf15b9bbd64a,24,Female,140,68,young
64162f8d-2283-4a6b-bb12-6d9c04374867,26,Female,193,5,young
52bef379-ca76-4d62-9718-e84f217e3623,23,Female,74,97,young
09581637-dfd8-4da8-af8d-abd2163bc730,37,Female,143,94,adult
c8a3c3e2-7aef-464e-aad3-46a79bdeb2e2,60,Female,190,66,old
3451411a-76bd-439e-899b-d11fb007ff91,27,Female,111,76,young
33b7db56-2d41-4abb-b438-1341d72defb6,48,Female,74,83,adult
f0873a30-addc-4441-beba-1ec17517dff6,67,Female,172,100,old
6c8cc763-7c56-4aff-a0ca-c7750ac4655c,30,Female,148,58,adult
fef9a8e4-5bf2-4cc3-812e-194ff8893aba,80,Female,199,40,old
db8e2945-03d4-42d4-b7d6-8ddf828411c6,86,Female,172,45,old
47ff17f0-4513-4327-99e3-e4b564e427ad,75,Female,95,4,old
740892cd-fc9c-4924-8f09-390934b989f5,62,Female,82,94,old
37ca1243-600c-473d-9b57-194beaa96ab3,87,Female,126,89,old
aade45db-a841-4beb-bdf8-10064d06ffe5,75,Female,127,96,old
ee6f95df-d590-4141-b6b3-d71d4d5fb0f7,70,Female,198,43,old
9f3d0fc7-0616-40c9-b011-1f56841ef918,56,Female,107,48,adult
01065017-d0da-44c2-aaa0-f290f512262e,73,Female,72,89,old
7691ff93-4288-4099-b3c9-9b0701a406fb,68,Female,27,62,old
4c3f3a82-3ca2-452f-89f2-e1a92d9eb8bf,65,Female,22,62,old
9759eb10-f465-4042-b71c-29c724ee84ac,59,Female,68,99,adult
09e2f7d2-ada3-43bf-9948-60017c525ea8,85,Female,118,79,old
0cae6da8-f1e9-4345-9555-7b3d3c6ec829,88,Female,49,31,old
10faae24-d3c8-408a-99bd-1e4f2f1465e3,38,Female,119,19,adult
bd561c63-caa5-4a01-a154-fece68049dad,25,Female,59,37,young
2d9edc67-6be6-4756-ace7-9ef6d30bc61b,20,Female,160,13,young
6c94038b-8b63-4ca9-9b61-efac9736de20,18,Female,31,28,young
6e030b58-6131-4b36-b041-094e1e653dc7,55,Female,47,71,adult
b5bc1804-5bc6-4e31-b84c-5afa1636ce0b,73,Female,165,33,old
4736df70-8bd7-4f3f-8813-2249f47804f0,44,Female,155,3,adult
d8a87531-0beb-4989-b013-b79eef3db0b7,90,Female,143,84,old
764e8d50-ed3a-40b7-8b58-0bd2882a97ec,47,Female,82,93,adult
0a5d932a-a194-4ce3-99f3-9ea5964d48e0,30,Female,62,25,adult
a51c9b03-9fa4-4e6d-ba37-b0176605dc34,74,Female,64,5,old
9c0723ab-7b4a-43fb-a21e-2334a4d839b0,28,Female,135,46,young
95c2965c-d24d-4146-98bc-993ddb8bf0e5,59,Female,46,1,adult
24582f8d-afe8-4e00-8ce0-595eccb6a6a8,55,Female,158,29,adult
4660d3ed-e033-4984-b749-883f161acd82,65,Female,50,80,old
8783458d-5e56-4ba5-b73f-4ae081d97f01,64,Female,59,84,old
5b39c278-9377-4048-b20e-f11ae0ac917b,75,Female,53,77,old
708033a0-9a45-4d22-ad7d-85913506e162,74,Female,21,64,old
1a88d4f9-dea5-4497-a693-0f0a819b8bc2,58,Female,179,93,adult
724904b2-aa36-4352-a44c-0ac2dff7fe52,89,Female,43,12,old
5e330158-4f01-4aa1-9167-f34615d98c6d,18,Female,150,93,young
300d98bf-de0a-43d3-9a7a-2ad7d1e40f30,20,Female,70,34,young
c09a904b-b7e9-4896-b16f-548d5cc28194,89,Female,195,7,old
c2ece86b-da04-4bbb-a964-c434f5442366,71,Female,97,58,old
f6e27e04-1d31-4ded-afc5-16c6cbd57ecd,28,Female,82,26,young
19fefe48-c1f3-46b4-9ce1-34709d168e62,83,Female,150,93,old
039a9d3c-fa0b-42fc-82fb-b94fc7acd326,50,Female,187,76,adult
7c68c718-4eb7-42c6-a616-ad97af251f0a,63,Female,57,21,old
43cb0f79-49d3-4b80-a94b-a39226efe727,38,Female,175,68,adult
e820bc66-27a2-4502-be90-b7ba837bd571,60,Female,199,45,old
3d2d7bd8-114c-4d56-9ce6-b389294b7d3f,76,Female,102,43,old
56f4e797-1830-4ba5-81a6-a9905859622b,58,Female,194,53,adult
2ad9b4a8-b355-4e18-b78f-0c30747b0eb7,21,Female,178,85,young
af5fe2f8-41b5-4a30-bc2c-9f5246ca0e6a,50,Female,148,73,adult
bc2764c2-e654-4a86-9f0e-d1782fd86b30,30,Female,42,46,adult
911d3cb5-7e5f-4da2-b9f2-a8ced9e2c12a,89,Female,110,61,old
9e37c31d-e57d-4c9d-9831-bf6c32feaeef,60,Female,99,21,old
f27f396b-4f93-4f0f-9b56-9260854cbc63,55,Female,120,80,adult
dcbaadcb-de1a-4da0-a55f-41339448bd16,65,Female,67,29,old
2777c9e4-1a10-4977-9200-955e5bd5a738,51,Female,163,16,adult
8d20bfe7-f797-4c19-a3c8-d8feaedb844f,86,Female,83,96,old
e44d6380-06a0-4753-8872-9911cd46112c,55,Female,175,63,adult
da8298b6-7f37-4b29-9450-22f6789b0a7e,64,Female,98,72,old
1f6ae3ea-ed06-4a28-9132-bafa66b9d0a6,62,Female,61,82,old
59559f5e-0a5e-493f-a0ac-838340b55944,87,Female,159,9,old
a2afcc0a-e2ac-4926-98cc-d4250760eaba,31,Female,122,43,adult
fc592c9e-d850-4292-8924-d383d47c8c72,73,Female,189,21,old
e2b50d76-e5d4-4ea0-a85e-0648ac990029,57,Female,38,2,adult
40639d49-7b4d-4a97-ab2a-2ad9ca09d52b,22,Female,63,42,young
54d42c42-b638-4a82-b243-9908c6e76a7a,88,Female,140,88,old
2b2e06fc-7e4d-4c58-aa6d-df688ecad20c,26,Female,90,94,young
d3c06bd8-d043-4658-bd65-1f128f002aa0,46,Female,81,46,adult
cf01dbbc-2b3a-446b-8c35-074565b27c0a,48,Female,48,39,adult
af87b8cf-d1f3-435f-bcbc-646d394280ed,69,Female,162,94,old
834ce6be-03bf-4914-afc2-2d0546324618,90,Female,122,29,old
21b2f700-60f0-4d27-b003-3bf25ad97a7e,29,Female,25,8,young
306221ed-a1b5-4d71-bd1c-e9401255a934,79,Female,182,59,old
f5a4876e-9034-4587-8a77-845764ac7738,60,Female,46,91,old
1fc87716-b4c6-4986-8bb3-59acda82378e,60,Female,50,1,old
700b55ff-d259-447b-afe1-b0ce6d7810cb,38,Female,33,6,adult
bbfc56ab-2183-462e-963f-45a0cc7077cd,46,Female,166,56,adult
8d91f8c7-f04a-4552-9db6-a2d0711d610e,74,Female,50,60,old
ea11aca2-0998-49cc-958e-5302b4e5475f,23,Female,37,11,young
6c968fc6-589e-4a76-9bcd-9a8d10bc41a4,41,Female,72,5,adult
faf5eada-1b01-4d2e-bd98-f115f0934bcd,69,Female,79,50,old
b15cf8ab-430c-4b3a-b68d-f33abbe9b4ca,67,Female,66,90,old
698272ad-a31b-455e-b4a6-276aa0926343,87,Female,49,62,old
5999b712-366e-4edc-a864-a5cc5620bb73,75,Female,148,36,old
539b8587-e549-4b42-9888-bc25832ecc2d,29,Female,51,97,young
10078039-01ca-431e-b1a3-3dc147512855,78,Female,129,45,old
b61cdb7b-d9a7-453e-9599-dc1d5979d76c,54,Female,117,24,adult
ef9b172e-eeb6-456c-9cf7-f7d5c8389047,33,Female,120,71,adult
b3ac8163-1988-4beb-a5f7-ad95409b39d4,48,Female,103,18,adult
22b5ac08-ff1e-47f3-a771-bb2350003fb3,61,Female,22,57,old
e964f891-027c-4f82-a5c9-73ef60d5f8d2,43,Female,160,71,adult
6adce0c4-e433-4348-89f5-95b3c066f332,39,Female,34,65,adult
e711bd57-d2dc-463b-82d3-05c5af872079,31,Female,45,89,adult
7bcbd27d-b7f7-4445-ab9a-112972b858d5,43,Female,117,10,adult
a3e6b228-b483-4bb0-9b1d-c7370915ee6e,56,Female,121,64,adult
8312ea80-5f92-4e15-af6d-0e0bd276798c,88,Female,184,1,old
384c4e9e-fa4b-40ac-8888-136d06628cae,59,Female,134,56,adult
7ad1f808-b8b2-4497-9ccc-9d17f1ac855e,73,Female,187,28,old
064d4672-8762-49ee-b21f-8e5bbc73566c,50,Female,34,76,adult
7ce4303a-824b-4935-8dc4-0fe6ef3e4e18,26,Female,118,51,young
fdcefbae-9aa7-46e3-ac75-ed0c13747591,81,Female,57,46,old
51f02760-1e6e-4354-a8be-172b91c25772,77,Female,152,36,old
cc79f52d-e532-43db-b59a-a76e1742ffb2,35,Female,99,41,adult
628e4689-bd69-4d0b-98c6-1202b13ba7e7,50,Female,95,68,adult
f0b9c955-5899-4ddd-bcb1-ef5f0eee4998,41,Female,84,21,adult
552c1d64-8b05-42e5-b0b8-6855bd035f8a,69,Female,95,14,old
99c80c09-0287-453c-b568-906cb13f1f37,86,Female,161,5,old
0730669c-0188-4fbd-b5ce-e4c8204ac239,50,Female,109,4,adult
25ef4bea-e923-4e69-b6c3-fd66c7a19f55,66,Female,118,80,old
11feeda6-52b3-40a0-83ca-e2c5421a08c4,19,Female,50,70,young
522ef0f1-66a0-4e43-a604-ebb096a1430f,85,Female,184,56,old
cb0778d7-2794-4630-90ab-6457c6496895,40,Female,107,85,adult
642358d9-2752-4050-8bcd-ed93067f085f,63,Female,175,35,old
8ff71536-bca1-4756-ad37-13793215c030,67,Female,92,7,old
5838ba88-5996-4664-a5a5-4081233c3953,44,Female,196,89,adult
2f385fe4-47bd-423c-8dd4-f5a169e8d514,89,Female,189,60,old
2265d910-96ff-4508-b18c-bf6af65b902e,86,Female,61,87,old
180228ba-1c23-484c-a4f4-a69603526a8d,59,Female,158,66,adult
2c6822ca-448d-412d-8ae3-0e3c1d7d6219,64,Female,73,82,old
0b1d78c2-e0ca-4643-bf3c-6b69e3a72633,46,Female,55,22,adult
54c5b997-dee2-4a12-88ce-18c21134b67c,60,Female,190,94,old
bf191795-dfd4-48fa-93c1-4fc445df0fdd,58,Female,94,42,adult
d2182bb1-ab40-441f-affc-f460f504f003,22,Female,124,48,young
2cf4d427-ea30-4aaa-99b8-83c6d44f92ed,49,Female,91,39,adult
5c82c8e9-f187-4387-a1de-694f48e95f5e,62,Female,50,28,old
6fa25a54-80ab-410e-aed5-890271132df3,83,Female,67,76,old
a478c650-77d2-4eea-9765-231d06626b7c,48,Female,182,85,adult
e1eeb357-7592-420b-863d-8d61209f4b2d,30,Female,135,29,adult
a50e4340-fc29-4f29-8a21-383526de6340,54,Female,57,99,adult
8cacfb57-9a7f-4ce2-b524-315ed08a2b50,89,Female,172,57,old
0447d657-1cef-4a8f-a997-8bf097e8ff63,26,Female,109,36,young
1e8bfaf6-a97b-43b1-a299-43ecacafbe31,70,Female,69,13,old
e3095017-5c0a-4bc0-bba0-19b41a1af2f2,51,Female,107,97,adult
418d4232-db2c-4921-96af-2ac005e0da2b,54,Female,146,81,adult
30115de9-2f8c-4b66-bacf-7cf8b05be3dc,25,Female,38,26,young
ec51738c-f173-4d5e-b95e-41945b80433c,36,Female,130,59,adult
74ea0029-b99e-40fa-8632-f3f29b0a3d75,57,Female,105,89,adult
6580f19d-5f00-4bdd-943f-56499be685ca,25,Female,21,73,young
e610121c-708c-4c6b-8ead-06c6f0b168d1,64,Female,114,22,old
1612bc50-d236-4431-ac3d-28bb2117197a,21,Female,183,66,young
f16d26bd-c2fd-4d3d-b692-4e1c5849de8a,85,Female,72,93,old
d85b4821-3543-4ae1-be4a-efe637f50c27,25,Female,44,45,young
a71b615b-f5ae-4489-aae3-8b254726c86a,56,Female,150,58,adult
c2f1cb7e-29ba-4f2e-9906-a2dae8e7614a,47,Female,169,34,adult
cb3665fb-e26f-4396-b229-7176a7b57398,25,Female,117,27,young
a6e54b08-4678-4d23-b00f-6909c4e4e27e,20,Female,147,46,young
8211ee02-eca3-4951-9afe-fcf7691f7609,78,Female,156,92,old
8eee0677-2b87-4549-b2ba-6147a4bd307c,43,Female,50,7,adult
a9c8f0a3-54fc-4610-887f-0780d2753ca5,87,Female,180,89,old
cde8e919-6bd9-4651-b0e5-82b017d3f771,42,Female,41,39,adult
069ed68e-651e-4f2c-b2bf-d69acced7c83,85,Female,104,34,old
1b22a98f-f1d8-4851-9c03-b806465b2eb9,48,Female,145,89,adult
02598d54-9293-42a6-bdfa-1353d9906adc,22,Female,100,55,young
4b1d0dbe-ae10-48ce-a889-8754b83461bc,41,Female,139,65,adult
b9912958-2f0b-4081-9ca1-da8bdcb48e22,62,Female,110,25,old
e6539cd1-37a6-4456-bcf4-3351d5bcda35,68,Female,51,65,old
268efe9a-de99-450e-8c00-80544f323790,54,Female,66,37,adult
faf01947-bff4-44cd-ae0d-3805da6ab5a4,26,Female,117,48,young
89a13e65-8b75-4d73-a742-ec39a274ddf3,64,Female,29,9,old
bf7fd5a4-d60a-4672-9372-9b23ce508c2b,45,Female,72,84,adult
59c1f472-5526-4ed3-9ae9-d86133c73077,88,Female,129,10,old
0d0b4e9f-76c2-4d85-bbf4-48c3a490491f,62,Female,29,77,old
3fe82c76-30d4-4c4a-90bf-bbe3059d8f56,84,Female,103,49,old
c0fc1871-898b-4bc5-9380-7a6c2fd2f6e3,44,Female,40,98,adult
985c509f-8926-4e56-be56-5a48f31488c6,71,Female,36,11,old
9dcdeb81-91ed-43f1-8025-e5f5b30d4b4c,74,Female,112,42,old
bcd73617-d05d-4f39-977f-776fd7ecaa73,51,Female,177,83,adult
1a1d25d3-9cc5-4fb6-88aa-5689d36f0c0a,43,Female,124,27,adult
2a5750c4-492f-4585-a79c-3f45f230162a,22,Female,166,67,young
b10a8f06-614c-40e7-891e-02f64d094031,42,Female,91,79,adult
f13a7e54-8def-46eb-b867-665d646d7fbd,53,Female,27,100,adult
6f394252-a30b-48e2-a3da-ab4ddfd61e24,39,Female,189,23,adult
4349a405-9d8b-48d1-be77-cf390b66f2b6,42,Female,31,82,adult
82b60aa4-a682-4a04-9cb8-7d6794ae1969,38,Female,192,99,adult
b79eb16a-ec3e-4340-949e-e497a4ce4874,75,Female,131,37,old
a250d8d3-6096-4c96-ae24-b6a18921f9fa,37,Female,170,37,adult
395efc0e-4d1a-4f4a-ad66-8d9beb3939c0,30,Female,193,14,adult
0dc4abb6-a485-4444-880c-424d4ccfc112,31,Female,58,97,adult
be662e8d-50ab-4b0e-9993-a4c66554fe23,41,Female,76,30,adult
1816fa16-ad9c-4b72-8c20-5c18627dc706,38,Female,168,89,adult
868948b6-51ee-4e97-9438-6d41ef0ee923,81,Female,136,69,old
20868623-c6c6-4ef8-8b1e-0deb499d3b07,60,Female,124,67,old
db533dae-3ee9-49b3-bcf4-0cfd6f21e084,45,Female,138,74,adult
4d337938-939e-4286-b792-320fee804fdb,73,Female,150,44,old
7e173e7e-4800-47ee-b187-11c6144cfb9c,79,Female,158,86,old
6e97d4dc-ffbd-480b-9f6a-f783b2da4450,42,Female,58,36,adult
f38586ef-051b-4800-a3d4-18f09abcad38,70,Female,96,60,old
7a764d29-9246-4f37-90db-22c3c92e34a3,60,Female,35,98,old
1a8cebc7-f1b5-4e91-bb1b-abbe1d52be2a,42,Female,168,29,adult
3672cd19-c46a-48d5-8417-5948c60d8c5d,87,Female,127,8,old
c6fbdee5-3552-4acc-8b5b-0b1e8777b5d4,41,Female,30,43,adult
fc176109-6a8e-4f62-82e2-3e2bab1908e9,66,Female,72,3,old
92620daa-2655-47d4-96e1-3d1596de66f6,22,Female,125,7,young
b39166d2-5f64-457b-9767-2b5088015d46,31,Female,168,61,adult
3a45f217-8db0-4a8a-8ff5-1f0dca2401f6,77,Female,27,85,old
ecaa82ce-55d8-4668-8783-86b95d914650,84,Female,158,13,old
7f374664-be17-4c1c-b174-a1a20cc7f228,36,Female,172,80,adult
75a20293-e3f4-4c4c-add0-d372aa0fcc12,44,Female,149,98,adult
6ad5252c-4ff1-403b-87c4-b939edd495e5,89,Female,86,53,old
52e9f00c-2679-4a26-ad41-23625fbe4467,47,Female,142,73,adult
5f95814b-4559-4627-b3bb-eff8fd96e08c,83,Female,156,83,old
ff5feac3-a919-421f-a19c-21738ff1a8c2,81,Female,168,81,old
c9447e76-d013-44b8-8f1f-7a7ac5788629,51,Female,89,60,adult
e21e3ad2-c8f7-4d64-90e9-10018d63714a,21,Female,102,89,young
6601aa3d-ce9d-45da-b866-3706be4d50a4,46,Female,22,84,adult
513e00b6-fff5-4383-b82b-55aebedcfb7c,65,Female,117,20,old
03d45c5b-a991-49b4-a111-7be49a5d718c,40,Female,57,93,adult
544ac404-b1f1-40b1-92b8-c9d09a018103,32,Female,148,2,adult
2c5d3d10-3d2a-4456-a0a5-e82ced51159f,29,Female,139,91,young
14cbb78c-d0bf-4b47-afee-261ee4ef796e,82,Female,58,8,old
8f51f32c-7c0b-40f5-b4c5-df22c81290ca,90,Female,139,15,old
769181d2-f5ad-4a8a-a58d-375629907b62,27,Female,142,49,young
cc3c8fac-8866-404c-914a-55467f17e75b,42,Female,72,86,adult
ae816428-8b2e-4286-98ff-02d3e8208e4a,60,Female,21,84,old
c834b363-f776-4e2c-b080-7316159ae7f2,45,Female,104,25,adult
b4b66867-7722-4004-ba3a-b227c75285c0,69,Female,80,82,old
41e72687-7ab3-456e-a145-6933be0c3139,71,Female,150,99,old
40b0b8f7-aee3-4323-b4e3-4cb49a1d1ca9,55,Female,155,27,adult
5415defe-3a28-4fb5-b1f9-56b92265e041,69,Female,178,2,old
16eace75-fb9c-4910-b64d-df787df44abd,32,Female,74,69,adult
9d7b2c29-e7f6-4d4e-92f2-2e4621676fe7,24,Female,47,37,young
df84fa5b-55e5-413f-8349-73749843f178,88,Female,86,36,old
74695b24-87d0-4092-9152-1669f606412d,39,Female,135,53,adult
70ddcfe8-7ad2-47d2-af3c-c1c2462031d4,78,Female,57,46,old
0ce2f0b3-6cc4-4a3b-aaa0-234a76101c09,25,Female,164,49,young
655837ec-55a2-49a8-bc7b-2f2c95b3fca0,64,Female,21,69,old
e56c8b0c-64cd-4f4f-b806-5f0d0c365532,88,Female,102,57,old
cc8a6caf-b191-4cd8-92ff-a11f6a3df7cf,41,Female,83,11,adult
44b2e63a-e60d-4c67-a45a-7c36140c479f,49,Female,200,13,adult
843356de-ca01-4e47-9f6c-8607d313f300,70,Female,184,65,old
ce42aa3a-3a8d-4cae-b8e5-95f3a10c2333,30,Female,176,93,adult
47bf03fb-5bdf-4f2b-8463-34ed2e3a3904,90,Female,103,15,old
425dc651-c9d0-4209-a6c4-ad9a0aa28b74,81,Female,45,41,old
a1192eb3-738c-4745-bd8e-5c1863804df6,74,Female,29,33,old
77c4812e-2dda-41fa-81ef-2e148e25c490,32,Female,20,58,adult
7b715614-c799-4ce0-9ac2-f9872fa3a085,47,Female,150,31,adult
137eff25-745a-4e26-bdcb-338d3f23de00,85,Female,133,93,old
06c7b268-8656-47c6-af00-2ad82f4f3035,30,Female,126,16,adult
92895176-2cf2-4ee6-8060-8b58f1f67974,38,Female,34,75,adult
b07a7ea8-4b24-4302-8f03-25946522f634,69,Female,50,89,old
1b53356b-1156-4a66-94be-59e3d688c0f7,32,Female,111,67,adult
7c2583dc-72ea-4b4e-bd57-6209c7b47e6d,19,Female,33,76,young
9b538a99-7d33-4967-bebb-a813b7178b8b,43,Female,156,38,adult
6fcde056-7e41-48c6-8f2f-f056e8dbf654,77,Female,151,36,old
8bd8bb30-1933-473b-a560-0315f505d9ec,31,Female,151,91,adult
f1a15234-c3f5-4bd5-94b4-a7dec161f9b3,18,Female,170,52,young
8d046368-c901-4f00-b91e-cd1ae8f8628c,26,Female,38,72,young
58d6d30e-eaee-4502-9990-0a339ad1792d,26,Female,126,17,young
4c697b36-3b6f-41e0-a84c-4620ab652834,75,Female,144,60,old
fd1c7225-4c4e-485d-bc7a-be9d6ca0836f,86,Female,120,45,old
839e6818-fb9f-493a-9a0c-9fe64644546d,39,Female,186,27,adult
8a97b38d-527c-47b6-b115-5d97dc06f360,84,Female,132,82,old
47eb373a-cd2b-492f-86dd-326a39eef927,21,Female,63,95,young
1e8b4b31-6ba5-4f75-a59c-d022ca7b111d,85,Female,37,26,old
1c2bed3a-4a35-4b64-b599-0bde98a2e052,30,Female,179,67,adult
49a32033-2b53-44da-aa57-c8b0d06693e8,29,Female,164,53,young
ad1b6e16-fff2-4aed-ae1b-5160a91c056a,65,Female,136,97,old
1530794f-52db-443c-8488-26c7dcf4f864,54,Female,68,17,adult
ca5bbb88-574c-4a47-b8d5-992dd6c4b4f2,49,Female,94,66,adult
ccae417d-8e38-492f-941d-4ed0ee2d1eda,59,Female,34,24,adult
3ec9b0c3-15b8-4b43-8c5d-257852b1903f,86,Female,171,33,old
2471518c-96b3-4e70-8bf0-f6ac45a94873,76,Female,112,52,old
d627dd2e-1c6f-4f5d-8478-47e550b17065,38,Female,24,2,adult
28b579a4-fb91-4a1b-9e29-83e44b79701f,49,Female,25,61,adult
1b61acc2-81ac-423a-94b3-1e43c533aad1,79,Female,179,13,old
9b44a887-3c91-47da-9a57-6e9288511bfc,40,Female,52,39,adult
444f5a57-fab2-42a8-8243-ea926937e934,48,Female,38,97,adult
c9188c48-1375-4119-ae64-1246c6895d0b,34,Female,25,8,adult
ba12c49d-a589-48cc-8744-3e911dc35384,61,Female,152,73,old
4a695848-b7b3-4cd3-b34a-4b939788c2a8,27,Female,52,13,young
f8fbdd81-8e1a-4b55-ac27-d12fce4104a3,73,Female,20,48,old
c6bc06b6-c3dd-4daf-8af7-e8fdd01b8a4d,37,Female,194,88,adult
2d6fc652-36f8-458b-b2a1-55df6a5ff392,19,Female,132,17,young
ce0d4cf4-4086-4b01-b27c-90e5c0722097,52,Female,141,53,adult
b5bbbdba-61e8-4bb3-9251-d3799039654d,59,Female,135,20,adult
bbd8f2a9-38d6-4ba2-a27e-298ffec36f51,29,Female,99,7,young
81ed8d91-836a-4799-abbd-0aec9de55b1b,49,Female,37,68,adult
a93de2af-2f3d-4cd8-87e9-58a3d9fc8c1c,53,Female,181,29,adult
70755501-6585-4971-a0d2-36aefa2d5bea,78,Female,174,61,old
b2bbfbfb-aa7e-4208-8c7b-87b83dddc68c,65,Female,178,45,old
06d2e0af-058f-4117-8a95-e85b7872080f,18,Female,124,98,young
786acf53-bdc2-414b-9690-d93b7f95ac0d,78,Female,112,52,old
6f9aae66-9ca6-4a0f-861d-b6dfcdda51fa,83,Female,41,23,old
e7643529-b76d-4994-a97d-026fa9c7e8ce,76,Female,124,89,old
d0e0a084-27f3-46bf-be19-aa88eb7bcf7b,47,Female,91,29,adult
9b4fd09c-5e9e-4f1b-ba9c-71648af85cb4,68,Female,97,62,old
d8a2652a-18ad-47d3-bd16-f803c55b3d0c,53,Female,182,57,adult
7147817b-8d9f-46e1-84eb-e2e2aa930080,49,Female,93,20,adult
e9f7bd3b-e1db-460d-885d-77e0f86bef7c,18,Female,38,57,young
3ccfa46d-ef84-4e43-921b-348a9ee8275e,26,Female,50,92,young
c6b9926c-54ee-4dc6-9b39-2399ba7e8df6,22,Female,173,48,young
dbf86334-3795-48f1-8b8d-ecec48cc93f7,49,Female,106,88,adult
02de202b-2461-4a7e-9563-ec19bcdc4bd9,51,Female,94,85,adult
f793b12f-6d97-483e-aadf-b73f062b7810,44,Female,165,18,adult
f72edd27-d897-47e9-96aa-fb81ad872c50,77,Female,187,54,old
c46641ed-709b-4f72-9cc4-a52c1ee30cd4,36,Female,51,28,adult
77829a82-8b5d-424d-b60e-b627d80a560d,46,Female,49,2,adult
517dc2dd-c268-4550-b164-4981f39334e5,56,Female,81,96,adult
02ae5fcd-ddb6-4a9e-962f-b0903bfb3e09,51,Female,55,15,adult
648b946e-b090-4e10-8e73-9c77badcbc4d,42,Female,78,70,adult
69ae26a2-6dd1-4180-b524-746ab5f2ef7f,62,Female,99,98,old
00629720-efa7-4211-b911-cfa291819495,54,Female,167,3,adult
d24483e7-6726-48e5-8d35-9f52d5e3bbfb,33,Female,114,90,adult
19674f52-dff2-4621-8800-c33497dd8b9c,24,Female,177,29,young
c0cf83ca-d1c2-41b9-ab51-c3bb579f6592,83,Female,133,20,old
0ed26fcc-3308-4c36-a998-3bbd4c536a91,49,Female,147,58,adult
1f2e9bd8-12d2-42c2-87fe-3fd331529574,33,Female,110,71,adult
fa341590-5beb-448c-85ba-4eb68fe5c22e,35,Female,190,48,adult
036cb089-fa6b-4d14-a3b4-705fe37f0253,29,Female,70,54,young
5c637e53-d47a-49ee-b881-98617b0987fb,87,Female,138,34,old
65be5b60-870c-4c7a-8069-a69f6261f9fe,86,Female,199,32,old
85833d32-2ffc-4d41-b30c-d07856a225d7,22,Female,115,35,young
ec8b8947-d5d4-4155-b838-93020c60a5ba,20,Female,100,45,young
0ec09495-427a-4a8d-94ef-ea6d64bb601e,41,Female,162,25,adult
b2ef03b6-386b-4052-984d-e3b6ea706133,85,Female,113,19,old
d2278fee-7d8c-42ad-a194-07303aecd0fb,34,Female,147,17,adult
a777d788-b776-4e6d-919f-848a42fc8c93,39,Female,176,73,adult
785f64c5-081c-413d-a88f-4d16dbd89ad6,49,Female,104,4,adult
7a5a169b-1bff-4c6a-973d-fba7ea4209b2,74,Female,62,87,old
6045028a-677e-4e54-9857-624d09bca1fd,25,Female,88,58,young
691bf67d-6e7b-4677-97b6-855082714326,32,Female,99,95,adult
23ffe1e7-b259-4df5-9314-3e1dc8b01a9d,22,Female,95,27,young
e0aeb55a-a9da-4233-a6ec-541cb9b25c8c,25,Female,157,37,young
c5def11d-d993-406e-8d49-a391ced7a5f3,52,Female,197,97,adult
b895ad8d-07fa-4664-b3f4-b6c0aa13571d,50,Female,46,88,adult
7329c192-7bd4-474c-bc8a-2901015d13fc,71,Female,72,69,old
75e800b9-4400-41f5-9e77-46b990d1195e,59,Female,70,72,adult
059d3930-0847-411a-9070-5b0225a99150,35,Female,168,12,adult
4d3d8e3f-33ee-4288-b3d6-cfecd1c6dd85,54,Female,193,81,adult
1bc9c140-274b-4c76-9d3c-60a79a880c0e,48,Female,169,10,adult
436dfe13-9949-4611-b6b7-25572c8c1e7d,86,Female,90,30,old
6f64e440-99d7-4400-9bab-10195211ca0e,25,Female,69,49,young
ce67ef06-6fee-4e27-bf56-d5661dd71a1f,85,Female,143,65,old
2bdb5b03-d3a9-4209-b6a4-d87131c3de35,89,Female,176,32,old
6dadd7f8-da7a-4127-a517-dc8dca0d6f35,64,Female,74,4,old
2164381a-459c-4ab7-91fc-eb963f6d6a55,56,Female,190,87,adult
5bb952f8-f214-4f43-986f-9e18759b2b3b,46,Female,75,16,adult
a0e9d35f-fbe1-4b2e-8979-035ff9713950,80,Female,52,59,old
754a5d07-7b55-4d3d-a281-7ca130b26d57,26,Female,61,42,young
fa3e7602-cba0-433d-961a-5880257fca09,29,Female,79,24,young
8fa9b628-9905-43cf-8a4d-a97f4590b6b8,33,Female,156,17,adult
3b6ba990-f9a0-4d34-9ae7-af452e4ce966,56,Female,34,84,adult
92b82ff8-445f-41be-9327-12e517c94388,62,Female,106,45,old
d74ef516-c160-43dc-a640-c74a5cf051d3,23,Female,148,54,young
5cbdee1a-7b09-46ea-995d-ebf104eb45df,30,Female,85,68,adult
10fa7a60-78e7-46b0-8ae5-be9468b025b9,79,Female,82,87,old
e3e41013-b30c-4423-8730-3e9e7e0f3166,89,Female,190,55,old
33c3dfa9-d63b-4e45-90ed-e557184861a3,64,Female,185,94,old
0eba653c-fc35-4b0b-9ee0-47f68b9070a7,39,Female,175,16,adult
0274c078-a183-4c1e-93bf-729f2c760736,18,Female,193,13,young
5a60e219-1480-4d07-8652-8f7457d75ec4,25,Female,43,56,young
8feaa5cf-daed-4ded-aade-2fdc4358cd9d,60,Female,73,12,old
3168cffe-9ebb-40aa-9c12-f5161016dcb3,29,Female,182,65,young
9979c7c6-b69f-4b06-9518-93f51a5ac4c4,33,Female,171,40,adult
7f6a9a4d-161f-4dcd-ac92-1f2e66806d13,28,Female,93,18,young
edd33788-2680-473a-8a17-b1af24e39cf8,56,Female,28,67,adult
1d3a78b9-de2f-4917-9e85-e007fa29ac63,19,Female,49,9,young
cc3abe3c-457a-48cc-8ffa-bb34331e6135,59,Female,175,98,adult
96971f6b-dc8f-4f45-bf8e-83f23c9b6801,40,Female,183,87,adult
2db0ea48-0991-4566-b1e1-38cf25a57d26,27,Female,127,24,young
d9988059-912a-4e5a-a15f-1cfaae44c677,71,Female,181,63,old
449f2575-5c5e-4188-892d-f21c3560daf2,75,Female,57,15,old
e7824da2-de52-4a53-85d7-a2278f381ed6,82,Female,39,52,old
f01a686a-4636-4936-a5b2-3feb1841e9fa,76,Female,132,17,old
7f9c224d-71f0-465a-a76b-5d80c75908f8,82,Female,164,13,old
4f78fba2-34c3-415a-8308-1f8591361f99,65,Female,78,26,old
907ff8b9-be29-4c7f-966c-8dea091a468c,36,Female,186,79,adult
da9ab452-5b81-4a9a-8ba4-245065df03e9,48,Female,157,3,adult
55de1e77-7323-4e5e-9da6-9f3f0a4c06db,55,Female,94,62,adult
f0bf00ea-2c19-45e3-89a6-6c5ddb4d8f58,84,Female,51,30,old
8b018443-5d42-4fff-b696-9858fbbc1544,38,Female,148,85,adult
db3a8fe9-c5ef-4609-92ac-cd809bf873ab,59,Female,78,45,adult
68f561bb-80c1-4dfa-a7e7-bc3bf7dde775,40,Female,22,3,adult
0745ca7b-3731-4c6f-9663-5bb0a7821ae3,32,Female,50,45,adult
b3dc5d7a-22ac-4b3c-a881-e7c8fa528b2b,66,Female,32,7,old
a1176f84-3a0b-4e80-a378-d3c7780d5ad4,38,Female,130,25,adult
b8081c0a-46ac-491e-a227-baa8ff1c4253,44,Female,44,57,adult
0d842655-ebea-49d1-8510-f833b3152f0f,44,Female,28,100,adult
996d1f47-b697-443d-bf85-80d6d5b2b353,36,Female,104,40,adult
0a2eb6f9-2cb6-4c98-ac6f-cb3077f8ec5b,74,Female,152,97,old
f976cbb2-e9b4-4df2-adbd-94ffc793c539,59,Female,172,92,adult
20f70195-138b-4f57-b9cd-f8f8e5240a6c,87,Female,49,65,old
ecb83fff-b96d-44e5-a5af-73eba3bedef8,21,Female,90,12,young
384dd2ce-91a8-457e-83e3-2bdae68661e8,32,Female,184,96,adult
b5552921-ac43-4432-95b8-0feb97048495,56,Female,187,76,adult
d9f52c30-b4a1-40b6-9759-68463ddb7ece,32,Female,63,76,adult
0863a732-94ef-495e-acc0-32ebe3d7e5bc,37,Female,151,78,adult
e5b3d886-0bd9-4c72-b525-cb1abe219e96,63,Female,172,6,old
024a48b1-7b8a-45eb-a384-7b60c176be59,65,Female,78,38,old
a197a98b-08a3-4947-a9ef-28ca375d984d,58,Female,170,3,adult
28b427aa-5d16-42ea-9984-800d9134d994,45,Female,32,87,adult
c33da073-1078-4652-92b7-71da5b8270a7,76,Female,142,20,old
efeaf023-e91c-4136-b469-1e5d156b3c3b,71,Female,158,24,old
6c8faad9-6f5c-4dac-ba74-9dbc7848b620,57,Female,39,50,adult
2f143832-a04c-40df-be64-c23ff4e7302d,22,Female,72,35,young
589d73d5-272b-4338-aa99-93391baeb4eb,48,Female,87,34,adult
ac1b50d5-85ab-4e24-8303-81926ae9267b,88,Female,79,41,old
17bf3ff6-7a34-4f7c-9d23-156e51284068,47,Female,199,29,adult
a2460a6e-f3c9-40af-97c1-f412695f519e,82,Female,84,66,old
3b1d6f87-8f29-4f11-a980-146c2eab2790,19,Female,148,93,young
99781e03-6316-439d-94cd-c300b63344b5,37,Female,177,47,adult
4731df6b-5f9c-43c1-815f-b9c46de0f8e5,38,Female,56,46,adult
3a3aafa1-e3f2-4cce-8908-257e1ebfb714,29,Female,25,25,young
3c1acb37-9ce8-4c6d-aeca-fa571cbd5b75,54,Female,120,33,adult
0d6428d4-d35d-4077-91a0-ae23b7ab514d,22,Female,182,87,young
1c016954-4cd8-4edc-b03a-5c876e23793a,22,Female,111,61,young
b18ed7a1-3ca3-4a11-aa6a-8f3ffd97a53b,50,Female,94,100,adult
1b7b5da8-702e-4925-88da-ad96cfc91fc9,29,Female,151,59,young
3d11a946-e5da-417e-ab13-f2ffdaead63f,35,Female,131,25,adult
c634ce34-c1f8-4e3b-9d47-fece757c2080,74,Female,95,31,old
57680687-8ab3-46e9-bdf2-cceea10d7923,67,Female,136,16,old
d9f13fb5-8c96-4248-808c-888fe0795d41,44,Female,90,3,adult
57a7e684-51c7-4e8e-9c61-d93897034f2f,76,Female,72,36,old
ae636a5a-2d45-426b-aef3-10ab11ef19a0,56,Female,54,66,adult
90a3df2d-c7a0-4cb9-a980-9907900e209f,56,Female,148,74,adult
7a5aed2e-ec20-4b02-ae29-01f716da5997,49,Female,46,84,adult
bb908516-007a-4bee-8ab2-00595f4a99d8,54,Female,84,5,adult
ca66ce79-355d-4a95-bd40-202eeb102da9,26,Female,115,91,young
1e7da513-2e5b-49b2-86dd-c67886fc488d,20,Female,135,15,young
31c89da1-9167-4fb1-bf00-4db164e0df69,58,Female,76,50,adult
3e441099-f7e5-4d00-b36e-c043fda24bea,21,Female,83,58,young
52c559bf-3742-485e-90cb-0989095a1684,32,Female,119,65,adult
c70c638c-a4f4-497b-ae39-52833c423b4c,84,Female,38,20,old
f6ebb693-9ab3-483b-af4d-485ae9e28d65,23,Female,155,60,young
a2e50257-817d-485f-ac26-3620439aca59,53,Female,179,68,adult
f9e6f440-5cee-4a1d-b268-e38665f02b71,49,Female,42,76,adult
3dfece69-34c9-4f72-bba0-ae3dfff83359,22,Female,153,96,young
04abee4c-5538-4a25-94a4-73f94ebc3e6b,74,Female,132,9,old
a830fb4a-0271-48f0-b067-f2ba23c5e13a,28,Female,151,57,young
27162abc-766f-4ffc-ad3f-c2a151a4f0c4,69,Female,27,59,old
2b904e4e-00a2-49dd-bd50-b8115a4f6d58,70,Female,85,74,old
053c7ef0-387e-45f4-9ad3-37b5c7f7eb26,72,Female,87,12,old
e5ad35d8-d82c-4e4a-b084-3e16383d34fb,33,Female,24,62,adult
b0db9bb1-19b9-43b0-8268-578bd3a5e388,50,Female,90,78,adult
3b79ec34-d2df-44b1-91c4-ca636b4fb3d6,23,Female,164,24,young
78b03ba3-7e6a-4593-8a92-04b7e371eb94,61,Female,98,21,old
0c488473-d36d-4e2e-9d33-97106ae15240,53,Female,161,66,adult
2eb5a7dd-aa97-49bd-827b-1607e14d788c,90,Female,165,5,old
9f5b4aed-e78d-4b3f-80b8-e3b7f7142b6e,74,Female,51,25,old
4fe8ef9c-e55f-4d94-8e18-4bab30d182ac,88,Female,67,5,old
76b4a421-1d63-4488-bcdf-ba284df7832f,53,Female,40,19,adult
06d93b08-d8c2-44f7-bc2e-211bd717a2cd,84,Female,157,17,old
636734ac-c036-4f03-b644-a3b85aa2fc94,59,Female,155,71,adult
dfef836c-4f1b-4f6e-b292-89da3770b625,58,Female,51,21,adult
d0e06fb6-6f54-465c-946d-6c114dc9d4e2,44,Female,160,1,adult
b9c22914-d133-40b3-8168-401ffce48296,72,Female,68,17,old
2203090f-3413-40cd-a127-9199e9054f8e,80,Female,78,45,old
98573c80-1754-4a8b-985e-1a089d67c8f0,26,Female,61,100,young
41204820-2ad1-4cbc-b084-c477f3a4cf6e,80,Female,46,15,old
62d6e78e-a821-42e2-96cc-4dd11bc32428,28,Female,24,64,young
63bcf689-be2c-4b17-9dca-69fd74c16259,83,Female,160,79,old
036f8058-17f2-4474-8049-39a642dd1b5e,73,Female,46,22,old
7cde97d6-ec3f-47dd-8808-4d86b5fd308f,21,Female,66,39,young
a527c6dd-253e-4865-b169-f21eb95c38fb,71,Female,141,26,old
43e1277e-ee9b-49f9-910d-4fc033e25f14,46,Female,194,51,adult
b76fde27-12d3-40c7-b8fb-836ddb99e5a7,76,Female,189,40,old
6298c46c-23f9-444d-877b-f2acaade2ecb,76,Female,75,14,old
f7b27a9e-2e42-4b76-91c6-d71fe7b412a9,84,Female,186,45,old
8962a46d-0cfd-4e42-8ebb-52ca111e412d,59,Female,40,70,adult
4f3cfed2-9d12-44f4-8979-2409a46729a7,83,Female,112,81,old
a9c44841-b63b-48c6-b68c-e2e03beae27c,83,Female,82,38,old
aa05fe7c-3abe-4857-8169-77bda154c329,42,Female,64,40,adult
358dda36-4413-40f0-81b6-0eba72f241d1,53,Female,172,43,adult
3f64b72c-ee4e-4c66-b078-6602eb408626,34,Female,27,62,adult
76b89c78-32db-4370-a282-0ce20315846d,53,Female,22,86,adult
18442dd5-6ef7-40bd-af33-c26d70d1efe9,81,Female,83,31,old
26c873da-92b9-49a4-85e6-0802eeb3a81e,59,Female,169,58,adult
69179678-32dc-467f-b2ae-5fa5b6ff2fe5,56,Female,45,1,adult
9b70ce1c-692d-460c-9ef1-2870ee4a0d4b,26,Female,111,15,young
0684d6b7-edab-44c2-abbc-96a7c404bfa4,30,Female,72,73,adult
1bcc0095-d03a-4cdc-8bb1-301612f49ada,90,Female,26,76,old
26318519-ac8c-4ab9-81a1-270d1061647c,75,Female,110,87,old
f04f3b09-f653-4e91-8e83-b73ddd001f73,56,Female,35,47,adult
9aaf35fc-75bb-4706-98d4-a6777e27519b,64,Female,141,1,old
453fe9b7-fef2-4c70-924e-a2203dab5219,59,Female,87,3,adult
a17e3555-6409-4dfb-b780-21566361eeed,33,Female,108,47,adult
61974b15-718c-4517-82a3-7420491eee6c,25,Female,111,16,young
42e2ec98-3f63-4e6f-ba00-80f52c4b3376,23,Female,49,92,young
acdf79bd-77ba-496f-b6be-9213e36dd376,29,Female,55,78,young
7f78b8bd-03a0-4e22-b2b5-c24af95dcd47,34,Female,79,48,adult
9ad34258-7556-4ee4-9cad-8ac79634f800,78,Female,59,68,old
d4ceffb0-b7d3-400d-95f5-bcbdae753b15,22,Female,83,97,young
0ad660d1-69b6-4962-812a-c95e2cc3bafd,21,Female,64,98,young
a4302ea6-a0a5-41b2-ab94-4b05ebdb4144,33,Female,166,51,adult
d9e152f0-0e44-46c2-9a8a-28d62321ef8f,24,Female,23,60,young
40373a3d-a062-4985-bd52-075d4e4addbd,61,Female,151,76,old
92c52c2a-9955-440e-bbce-e94abea9769d,35,Female,147,36,adult
b5816584-c899-408a-8df4-cbe3b065512c,43,Female,39,12,adult
1dc66b39-06e5-4f3b-9800-50645fa01618,59,Female,125,44,adult
dc6ade63-5fbd-47b6-888c-b681c848cb6a,31,Female,67,96,adult
640c4786-dd02-4589-a4d1-aecc48379862,77,Female,157,100,old
42a9306e-6cb4-411f-892c-7f146db53df3,62,Female,146,5,old
f9b6a72d-839a-4f28-aeec-a374a1fb15b3,26,Female,111,55,young
0c3ab54f-67e7-43d7-a182-f031424e7e86,44,Female,89,96,adult
f7634ae6-4f7f-4813-9d72-34b844d95950,70,Female,49,35,old
40271854-dcb2-43f9-bd99-243205f2343e,48,Female,75,66,adult
3e9b8e90-9819-4388-8387-b26bd70fb61f,29,Female,35,82,young
c791c861-db58-43d4-9570-1f01c69f7e55,81,Female,25,70,old
c1ddf561-ebb9-4ece-945a-947fd4fdb72d,23,Female,130,65,young
b58ad06b-f138-4048-81d0-b8fcadf38789,73,Female,85,66,old
59c84e9d-b0a4-486c-bb27-ba75bddb154d,67,Female,163,55,old
39020fc2-6c71-4301-a6a8-e10cc15bad6f,42,Female,111,86,adult
c772b69c-5f89-44a6-b4d8-3d27398c726b,35,Female,164,93,adult
620fb430-e1b5-4afc-800e-1649c5685e3b,46,Female,119,43,adult
c4788c75-15bc-47db-a0f1-50d11b666288,44,Female,173,28,adult
75ff4bf0-3338-4753-9289-129fe8abcd83,79,Female,58,38,old
32456c63-b91b-4885-9675-0ef27f66e196,58,Female,105,15,adult
918023c0-b82d-4128-a49a-34a987854718,49,Female,33,87,adult
95e7a9f3-e3c2-43a5-92cf-6d2b994ca733,24,Female,198,15,young
54f437a8-b147-4dac-93e7-35cdeb07cc69,26,Female,102,87,young
89b83c25-ff57-43fb-a020-09a07a59f2ec,27,Female,107,41,young
031f584c-db8c-42e0-8735-331e8bdd90e3,21,Female,26,52,young
8901ea49-2b59-41ca-9be9-fb3f3b1bbbaa,21,Female,72,92,young
c2ff4c08-b5ad-41aa-bd90-d20d6babc625,79,Female,100,7,old
c5b421e3-49ac-4932-b6fd-f7d67cba56e0,41,Female,58,40,adult
8719cf8d-a641-4853-b0a8-b5f58b21ef7f,39,Female,67,24,adult
4c093d3c-3fab-47d7-af7d-5a5cd64619bc,52,Female,133,57,adult
9adaa877-a32a-47b6-8dd6-462de91cd67f,47,Female,95,66,adult
202c52d0-2cb0-4b38-aa5c-7e231b14ce50,23,Female,87,66,young
5af1942a-df1a-4176-ba64-f05f1037ef83,82,Female,177,56,old
f24aba59-097d-4093-95cf-b313fd26acab,83,Female,102,32,old
619b626d-f384-47d9-83c0-ea99a0034783,40,Female,167,33,adult
eb2f65f5-0158-49c4-95fb-1d174f661b55,22,Female,189,50,young
9f5083b9-4c6b-4100-94b0-26cf118917e5,46,Female,193,12,adult
dcfef40b-cc76-4e1b-bed8-78d1cea8ffe2,54,Female,77,9,adult
62cf07b7-41f7-4925-a55e-56160ad74756,21,Female,146,77,young
25884107-d990-49e8-9f1f-720705ea49bf,36,Female,34,52,adult
19577535-f8d3-45c7-a91b-e4ffe784c0f8,53,Female,37,19,adult
04bd3c31-2840-4572-b255-2e3e0ef269d8,66,Female,156,80,old
47667169-3e66-44cd-b0ab-50dd5cf3a851,32,Female,101,59,adult
7b1dc171-c3fe-4828-9abd-57bf1c7772ab,43,Female,41,5,adult
ad922932-3727-465a-8943-a179bf960408,35,Female,71,15,adult
df2c18d1-7eeb-4d64-8f3a-3f118a33a3ae,36,Female,24,13,adult
ab043783-2e76-4ad8-89ec-442250b68b71,51,Female,163,64,adult
fabdde92-b82a-440b-8db5-a40c7bf457fc,37,Female,176,53,adult
650e49df-4813-43cd-9c79-7ecd9f4df7c8,71,Female,175,1,old
6ce8ff7c-fbfc-4c7a-946e-66965e9acf5e,48,Female,36,22,adult
cfdeeae7-9f3e-482f-bca6-368762bc50de,62,Female,120,60,old
07eb37ed-77db-4955-8113-1915d8b85667,79,Female,26,15,old
992e07a6-f01b-4c3e-90bf-0af240caf3e5,77,Female,57,1,old
1a70a60a-766b-42a0-87af-082d1b6fd8c8,62,Female,93,91,old
b5cd6dce-b3b9-42b8-9dc1-66656bd87bcd,65,Female,38,62,old
e22ec57b-708b-40ee-88b4-605b1fe1cc91,25,Female,33,1,young
253d3332-b823-4c69-9cb6-2a3be7ed5d3c,85,Female,92,26,old
34c48a17-9fd1-4198-af81-6a87fb49a2ec,73,Female,153,1,old
f856484d-f160-4835-9e6a-a189734976ec,85,Female,49,97,old
9b15de0a-169f-4629-b82d-adf15bd1d504,28,Female,151,10,young
0638d96d-441e-49b8-976c-6d49a13a8692,37,Female,104,98,adult
fb5e186f-802b-4c63-903a-32206ddda487,74,Female,182,42,old
bfbe9dca-68a6-46ac-aeba-ac105b129c92,58,Female,121,49,adult
aba2173c-6609-4df6-ae81-97827eaf1cb0,69,Female,195,78,old
824be5a5-3b8c-4270-ac2a-db865edbeaab,68,Female,184,65,old
e5a5d3d8-3d15-4c36-a12b-f675a1a1f105,59,Female,127,30,adult
739ffd59-c75f-4815-9318-9484505dbd45,27,Female,49,41,young
50f28b2e-1a71-4c6d-af23-9ccedc1052bd,37,Female,135,16,adult
421e5a53-ac42-44a3-9178-6b3909870f0b,41,Female,78,10,adult
b3146b58-b611-42d8-8101-386be588b072,35,Female,37,72,adult
35805527-2f5c-4b2f-80d6-6f752ae07a1b,85,Female,82,17,old
dbf8f4de-c766-4676-996e-166607068c8b,57,Female,187,56,adult
92d8547a-b800-469f-8b17-a71b4a22618a,60,Female,190,46,old
14050058-18e0-4a48-b1cd-6622ce336eee,90,Female,192,65,old
6516b64b-a237-41a3-a061-793f21878f7c,87,Female,90,34,old
5e85f778-6a77-4c25-bfac-64aa2a605979,65,Female,35,20,old
1e80ffe4-18bf-4217-bdc8-ce0ac657c9dd,57,Female,165,71,adult
4e0f66bf-1ae4-4f4a-a2a1-1b0817efc9ee,77,Female,111,8,old
ac08342b-59e3-4d5a-ae2b-4770311d3a5c,81,Female,37,5,old
b8ef8803-abf0-4236-9aa7-9eb750cb79c1,79,Female,187,54,old
6b3b73f7-09f7-4ce9-97a9-e72b36a60cd4,83,Female,148,9,old
1574c6f6-c976-4956-a193-ba317a932f85,54,Female,56,94,adult
81a16720-019a-4bc7-91c4-1e04e69d81d5,39,Female,103,26,adult
1ac40d28-9b20-4ba9-b78f-5e599e553308,64,Female,129,6,old
3b90ccc6-41fe-4b3c-baa2-14cb77e6b766,44,Female,141,1,adult
62dd0f8f-2d51-4b50-b9e4-72bf321d5a5a,71,Female,57,58,old
6693671f-7752-4f1c-bd41-fbac79e26ee4,82,Female,110,94,old
dd058ab8-4418-4a7f-bbad-ae110dd1bc1e,86,Female,161,16,old
fad1e073-c272-417d-bdfa-6ccff667810d,24,Female,58,48,young
23420ff4-2179-4ce8-95ef-88be670fdc52,55,Female,183,68,adult
b042ff7e-a78b-4fd5-8c57-1f7b8e181342,31,Female,150,48,adult
3cbad383-5340-41d4-8b94-685e33b7702f,81,Female,152,11,old
18c338ee-66ce-4782-ad1d-23208dced64a,25,Female,197,18,young
49fc4505-1e96-4b90-a655-92ab27e1ad18,64,Female,41,81,old
aa2c0a99-182e-4d43-be56-686b9774e6be,43,Female,148,1,adult
aa9e6043-55f6-47ec-9572-c7fce8ba43f3,90,Female,138,28,old
01cc9ffb-5315-4fdb-b179-f934583cc958,28,Female,103,5,young
b87f131f-c890-4d0b-a6d5-dc29ff6788b3,48,Female,194,64,adult
f58a8501-85b2-434a-ac00-91fbd94cd3ee,56,Female,71,81,adult
1da32963-670d-4a81-9834-73dc774e4866,26,Female,138,24,young
9390b55c-1229-4f1a-b0cf-055775034d74,77,Female,128,78,old
8e4131b4-0137-42f6-99a6-a2b764cc5468,56,Female,100,23,adult
13019229-b823-4280-b46d-45c715050a76,70,Female,155,59,old
6f25bc35-b11f-49b5-ac5f-55b73cb400a1,71,Female,44,56,old
c1025c2e-7679-4808-88bc-01d2d42d872a,67,Female,199,50,old
7dade03b-5a9b-422a-849a-8adc08a03497,86,Female,172,50,old
539f18d6-5324-4ebb-8f41-29e0a6cbb4d1,68,Female,53,51,old
2ae6f35c-5a61-4afb-ba86-461130264533,42,Female,82,8,adult
70db8c44-c45f-465a-8bff-8a785006b223,20,Female,127,77,young
b56de419-88c5-49c0-8536-f50dcb8f7af3,87,Female,153,22,old
319a3bb8-d79c-43ec-b247-1f86247866d8,55,Female,154,62,adult
64ac5c95-ecd2-4ad0-a961-4176c6ade783,46,Female,190,15,adult
009be2c8-e954-499c-ad81-876e8ff1f0a9,33,Female,93,49,adult
e7570e83-a339-44ee-9c26-962b8a0d2f8f,66,Female,105,18,old
dcef0d79-b492-4a55-baf7-227b73bb3f2e,81,Female,22,69,old
dae4d8ee-5958-40d7-b45e-c51895cd6a8a,73,Female,144,91,old
000c39f7-e7fd-4152-964c-3df69159d5c1,72,Female,30,78,old
94b7baaf-7f68-4ad5-aa87-e3e53937f64d,58,Female,137,1,adult
0edfe95a-f494-4d23-ab56-8734364e9c6e,42,Female,33,36,adult
7ea47dee-eb56-452a-be8c-0915ea34147c,20,Female,179,33,young
56308215-83c6-40c5-a7be-9c2ba6ed7e8a,23,Female,149,68,young
6956390a-672f-4f92-a72d-4fc4c26e37b3,76,Female,52,72,old
1502e6cf-ca22-4cfd-851b-263d0e37f01e,46,Female,38,88,adult
6da9eb68-783c-4088-a416-ae1a5929f27a,77,Female,114,54,old
e664303e-2f3e-4722-b07d-a2d28e327fa9,29,Female,106,74,young
1337f109-7c78-4f4b-a3b1-4258c7c75de2,54,Female,120,56,adult
17ca81e8-0c61-4b59-bc8e-eeee606fe30c,65,Female,24,35,old
ad58b922-861f-493a-9c23-2f22174ad843,65,Female,94,7,old
5d266b6f-825a-40cb-9ad9-abc7f3d9fd80,31,Female,101,46,adult
b5be5f37-1754-4f9e-86d4-5f72b48555cd,63,Female,145,93,old
8f7b2463-1e8a-4da3-8100-887446c99d7c,52,Female,29,76,adult
bcf51ce9-092e-44f5-bd6e-64f8d78df15c,58,Female,21,42,adult
20e01c4d-b488-4101-930e-43be618d6a3b,84,Female,162,10,old
8e9e8dbb-cdf9-442f-a306-c77d5b076948,50,Female,73,21,adult
08bb34a2-6fe7-4aad-8613-260dd9cac1d8,40,Female,146,59,adult
a504a82b-c510-4e49-a2fe-3f0a2370fb72,38,Female,43,52,adult
00b1aa58-9146-4933-ba4f-537986e093e5,35,Female,150,33,adult
d1cc407e-7db3-49ab-8939-96f815580f50,34,Female,119,57,adult
0f2e415e-330d-43b3-a5ba-f35857883cf0,75,Female,31,77,old
74d7226c-1f41-4449-9d1e-aeb415c026df,22,Female,185,73,young
d65dab70-62a9-4ca4-9512-d86eefb84db3,31,Female,128,47,adult
995d76ee-2d6f-4c39-8e3d-fd4a7b00aa67,42,Female,135,65,adult
b1e523e5-52b3-4baf-bac6-0d493bbca266,42,Female,54,26,adult
396ee6b6-d53e-4675-a99f-dcd7ebf276e4,71,Female,65,70,old
d82be296-f5a5-4e3c-b9e9-6fff22a353dd,60,Female,58,64,old
d9833e92-a2ce-4444-a1b9-74b216e2c101,68,Female,94,91,old
9b2f4b16-5ad5-463e-a87a-bbb7bf310a2b,77,Female,116,83,old
97f6ffd3-ed65-4bd2-a8fd-97622ada4bc0,73,Female,95,40,old
efbcc469-bfa0-4c5d-aee6-6817db02e0ae,65,Female,54,22,old
b1ee34bc-5d23-480d-a125-f77e6a7a4e7a,35,Female,182,87,adult
0780e783-ab2b-45c9-9ae9-78ef8dc65c5d,87,Female,170,59,old
fb1efc7d-012d-424c-bc7a-870e9214294f,46,Female,44,52,adult
59e03e56-016b-48e0-b737-a179280820ce,42,Female,176,15,adult
d945dfa0-1e38-45da-8462-9c9e09afb55b,56,Female,62,91,adult
3c11f841-d87a-4b95-b6eb-2dd36c0ddf3f,84,Female,97,63,old
58f37526-a933-4a5b-b3d6-bd6055ae786b,35,Female,56,13,adult
d069a23e-1382-48d2-a456-c5cec8c84905,49,Female,134,74,adult
4b9e15fe-4d5a-4522-a453-6ffb4bb2d8a5,60,Female,65,62,old
650f5ac9-f970-4df0-8497-a7099f440015,55,Female,38,66,adult
c7fdf0fa-dbee-42da-8934-1d0fcc7b4109,45,Female,89,62,adult
3068079b-cc2a-402e-8bbc-01bcce16f096,54,Female,42,86,adult
7ef3c872-c3fc-430d-8e48-415495f39542,40,Female,27,18,adult
88073b75-d22a-4898-a0cf-3ccafeb2c62e,30,Female,162,11,adult
f72ee9e6-8043-4af5-915a-c518ee90bb3d,74,Female,63,19,old
1c6ed150-f47f-4095-8cdb-c8b652ee0e6e,43,Female,93,54,adult
03b9392a-e62a-49cd-972d-60293127bd7f,46,Female,133,49,adult
d3088ab6-b047-43d6-a593-e866b6cd8216,84,Female,44,31,old
743a32dc-472e-4f1a-99b1-e80c750252d2,52,Female,45,16,adult
d39872b8-0e8a-40bf-8ba9-44121e5a1ed3,61,Female,190,1,old
ba727ce1-6789-4167-a933-8537688df6a7,30,Female,174,68,adult
6fb95d63-da28-45d3-bb7b-a4aab2c73b9c,73,Female,91,54,old
483abe2e-4341-481b-9385-2f38184395fa,62,Female,104,24,old
da37dd2c-a9a3-43ae-af1e-73150e3a72a1,27,Female,57,11,young
42d4d26f-112a-4ab1-950a-68f1878b9bd2,32,Female,74,17,adult
0b65c48b-3c30-4558-8de5-9ebea02f9ff8,89,Female,101,8,old
7596e1b8-b0e4-47f7-a753-027281806bcd,63,Female,113,69,old
4247398e-ecd1-470f-b860-3debcc47d45c,74,Female,70,56,old
4b1aee6f-fd3a-42e2-abed-f34ff8df9f0e,41,Female,138,81,adult
7f52884c-a4ab-4eec-b4f5-2c74db23b4d3,39,Female,104,100,adult
e53ffe14-5c56-443d-a961-102079dc37e0,34,Female,46,42,adult
e63ecaaa-efff-432d-8e9f-28280c31d7e5,60,Female,77,82,old
a3c3998d-12a6-4748-b0bf-d499476298ef,34,Female,33,54,adult
bafa7f80-0cd5-4051-ba36-12be6bc850bb,20,Female,174,39,young
89766ec1-9c1e-4c9b-837b-3022f73d556d,65,Female,32,90,old
9952bb37-3f55-499a-9b2a-711ab1edaae3,75,Female,161,17,old
9c7c5bad-22cb-46c2-8b4d-4936c9364267,54,Female,40,32,adult
f01fa18b-3ad8-454e-89af-a70a519caee5,65,Female,64,33,old
fe40c170-2890-4762-b183-7b0b4fa5ff23,85,Female,150,53,old
3d9ecf3d-854d-44ba-9b6d-68f0e6a041dd,75,Female,109,20,old
820481af-336a-413b-b6ef-510aeb9e688c,70,Female,105,48,old
3d2bbbce-adcd-43b4-854e-c7aa9026f512,89,Female,162,15,old
1e98af95-df78-4069-aabb-130322471160,88,Female,68,52,old
f35b6a79-7db0-45c7-b5d4-20e3165231c1,65,Female,170,80,old
b3701aa4-6073-4f5c-9a5c-afc7f46af6f7,79,Female,162,26,old
c23215da-511b-4c28-a058-e7fc2b119532,50,Female,130,19,adult
d8089c26-d058-49df-8e5c-4d0bc9a02f30,76,Female,77,8,old
eaeb5748-4ce1-45b2-b28e-2580e4b5a96d,76,Female,121,75,old
18a87057-2696-4d04-89b3-516d1deccfa4,48,Female,61,69,adult
1037b90b-7ac0-492c-85dd-5b3bebd08e90,67,Female,109,37,old
5e010521-320a-4f98-979b-c24a5e96b522,73,Female,199,73,old
86234b71-dbe8-4e03-9a39-f9b0151a10db,86,Female,134,38,old
7d242ec9-a551-450b-87c5-bfad3dfc23cf,61,Female,67,5,old
f6f697d1-2c1e-4f38-8504-a5e73fa01a26,24,Female,123,33,young
e8c88bd6-6792-4694-a2e9-3f81c018d780,25,Female,25,15,young
e1416b23-e1dd-4438-a254-72132dc5ae6b,81,Female,103,69,old
ed236ae0-80b0-4e5e-b65f-6695ac163837,21,Female,146,4,young
ac88779f-fce5-40da-934c-26528340088e,39,Female,140,38,adult
c92f6397-31ed-43b3-b625-9d86f2b09659,82,Female,104,92,old
e1cf580e-9753-47f8-b858-65c134ce806b,69,Female,110,57,old
47d9c71a-a09e-4ca0-be60-4f2e0908ea74,45,Female,131,99,adult
b2930357-8bff-4200-8c99-d6ef3ff5a1a0,27,Female,78,38,young
dabdcb9a-25f1-464d-8979-e4f7e7cf3e8c,74,Female,181,56,old
8255ab1e-ffb4-4bbd-906a-9f024cd0e0cd,57,Female,126,4,adult
8f9541e5-2df4-4071-b6a9-294ed025dcc8,37,Female,79,25,adult
8e6829a6-ade9-48a9-848d-024320aba8d2,81,Female,61,72,old
04c56efd-3a71-4595-be0d-e2156424fe9d,19,Female,24,91,young
c356acd1-5543-432b-9d46-a9d8431a69b8,66,Female,26,67,old
1398181a-71cb-44a4-9897-c55beabb8b86,47,Female,72,78,adult
ffa3c08e-c0a3-4b10-9490-9decc7e897e6,81,Female,57,13,old
88fa49c4-21e4-4831-b415-1a6256fef5f4,64,Female,163,11,old
733534d0-9b9e-4e18-8688-bbc55284df67,35,Female,192,75,adult
e7d229a6-6f39-4bd7-9b6a-9cc283d7f14f,47,Female,173,85,adult
66d0727a-2fee-441d-9f98-c4707f71c433,43,Female,110,59,adult
67a2a5c5-773f-4953-b42f-1f839cb00e93,52,Female,125,79,adult
6d94a5df-9808-4cfa-8b5c-748825d61200,68,Female,108,7,old
82ab0356-996a-4042-ad8a-884470046ce2,28,Female,173,63,young
b561f234-4c83-469e-b7d1-b642f8a8b66c,20,Female,113,26,young
5dcfd4dd-9a07-48fd-ac62-8c8cb4425d75,26,Female,92,100,young
83efb719-eb9a-44cd-b3b6-66b7eb2804e2,37,Female,82,95,adult
789a6855-3861-466b-8130-151d93725b04,37,Female,119,51,adult
4daa0ab0-c5af-43e4-bdde-9ac94439b425,64,Female,54,32,old
a2d18956-0099-4dde-b951-7b6d14ef946e,39,Female,177,24,adult
ecceb650-dbb9-4bec-a566-10e36fd947c9,83,Female,92,3,old
7fb19034-036f-4416-b6db-99798c8e10bc,50,Female,79,81,adult
c756f62d-b347-4ee1-9734-ea76803de179,48,Female,68,85,adult
00804270-549f-4b71-9d16-2464515f5173,18,Female,193,6,young
3b2861a3-4adf-4e21-a927-8a3a55414569,40,Female,101,90,adult
ae3235eb-a6be-47c0-9f46-5f72a07a88b9,20,Female,132,64,young
208b3f7a-6b04-4e2d-b63b-4dbf983d6d16,56,Female,196,88,adult
39217831-eaaa-4159-8670-5a43715e71ae,20,Female,98,16,young
17d4af51-0663-446a-b8e1-a346b72b2a80,20,Female,154,59,young
478b5291-5a2c-477f-867b-1344f6a1188a,90,Female,110,83,old
5d4b9864-bf72-403e-a687-5607e6c0126c,20,Female,59,19,young
9e5e4387-f17b-43c0-ada1-2a18ced1c67b,38,Female,174,55,adult
fa3aeffd-12f1-4c03-8891-170e3234691a,75,Female,87,8,old
71088e2f-cc65-4a12-9418-c24e9ed170f5,19,Female,59,49,young
d0fe5255-13b0-4864-a932-6588d62c8983,52,Female,121,5,adult
2a05cd70-c52c-49c9-abb3-527102f860bd,23,Female,99,81,young
22111fed-0d83-4d6c-a9d1-59087d431226,46,Female,42,59,adult
54b57178-2c8b-4f1d-af49-2c4fb2eb9897,48,Female,50,18,adult
67255da1-71e4-4f5a-9ed6-ba9e2d7404d3,76,Female,25,60,old
dea098ca-e68b-4379-9eea-14f15df267de,42,Female,158,54,adult
375f4128-b0ff-432d-af7f-ee55f1346f5e,88,Female,177,86,old
eca40bad-c76c-4b26-be36-2a110c313e48,74,Female,41,33,old
2e34d16a-9283-43b3-be47-1e5d9d7a8c5b,30,Female,96,27,adult
6cba917c-2a05-47ca-9573-b18cd31cc920,42,Female,118,36,adult
bcce4c06-1514-426c-b7fd-c10297913b03,87,Female,171,14,old
e15ab5fe-2811-403a-9722-4c6256d466b6,24,Female,145,99,young
5e32bcd5-1dbc-47ab-88d7-d7fb85363dd6,63,Female,180,28,old
a7058e68-47c1-49db-bb86-75e9dee4bd41,32,Female,111,35,adult
d2d23739-3814-43e2-8c36-fe235c3205c0,83,Female,37,51,old
4869d0c6-ce29-4ed4-834f-f91057acdc24,46,Female,106,34,adult
81137009-8b93-4f08-b55d-c88140345363,67,Female,63,55,old
47bd7f05-359b-4faf-a581-74312f232c95,67,Female,106,64,old
ee51c591-bf9b-49b6-baec-417712fa4af1,30,Female,35,67,adult
2486ea28-85d0-46c0-b87e-7dcf0273701f,34,Female,189,49,adult
f44cf4d6-1111-4430-81d1-30c92f3883e1,78,Female,101,41,old
69098866-9435-4100-aedc-eef4baf3b5cd,90,Female,187,67,old
1cdd0af8-1969-4869-995c-31f9951ad500,31,Female,174,14,adult
4ae99350-6f93-43bb-9d44-fc3df634505d,21,Female,88,81,young
0b328212-d728-4bbf-8390-0866ee378d88,45,Female,59,59,adult
2338e405-3fd0-474e-8d74-4906b6b585ae,62,Female,71,89,old
ff7cd52d-c6a7-4272-babf-a1639b12a500,60,Female,37,46,old
2ac48a30-eccc-4451-8413-3d329db15e18,85,Female,139,90,old
7de51205-bb1a-4976-a9a9-bdaeb0469cbd,80,Female,150,70,old
c8d398de-aebc-43ed-8bca-90a8c3a77f63,74,Female,119,81,old
eccaea10-efe5-476e-a839-fed9cfd817c0,55,Female,50,97,adult
755bc93a-f6d5-4fea-9f66-a6d413cf3137,72,Female,185,22,old
e0662f73-520d-4625-8d6d-74764dcdf458,43,Female,30,1,adult
e2b261dd-ed68-4619-954c-bc58f987796f,65,Female,62,30,old
92dc66be-f1dd-4aaa-ab6d-7b7c9c1de59c,66,Female,165,50,old
9b043e65-bf5e-43ac-907e-8b5f0b8d4795,76,Female,104,34,old
559fb6af-9476-4b63-aefe-f92a6cb9f211,61,Female,88,41,old
871f506b-a649-4a9c-bc88-f16a923a6d36,37,Female,182,68,adult
806b0ca7-f773-4abe-ba70-68b36b8721f5,81,Female,73,3,old
4a3287d0-c6cf-449b-b4fe-f12a1d1f982a,42,Female,24,63,adult
d0bf1051-b245-45bf-95ef-64655d936f6a,51,Female,195,56,adult
f5194f8c-0166-4d16-acfb-2eb007cca7d9,33,Female,27,50,adult
eb6cd96c-559c-4996-a69e-4366dfc24d3a,33,Female,129,63,adult
634ea111-e8e7-4ca4-9541-9c7e124f79e0,55,Female,154,8,adult
538a18e6-101e-4b04-b579-d8e17ab144cb,58,Female,182,50,adult
01e45059-b0e8-450c-bfc0-4763dd8173f3,88,Female,133,16,old
bc784f19-7037-4d90-8c30-ff32eb6a801c,30,Female,139,82,adult
145462dc-c23b-49bd-9872-82443fcd580a,30,Female,118,1,adult
5743920b-9d9e-4c85-b7b4-a0c003745a85,82,Female,113,52,old
2c31afab-168d-4206-9f2b-b83a7a991eef,54,Female,161,43,adult
15947449-c3f7-4b65-9a2a-e62ae919b88b,43,Female,98,62,adult
f9f02b20-8c6a-4644-85d0-d9f1ee6fa402,78,Female,164,1,old
133b151f-04e9-4058-8c52-b1cdae2d27b8,89,Female,185,63,old
bc10ccba-6ebf-4b1e-a9c6-211dd2076b04,51,Female,154,58,adult
41d45685-db98-44d6-bcc2-41fe3e7fdaae,35,Female,152,84,adult
0d8db1ce-5b85-42e3-9e7a-fee09049dc29,41,Female,24,62,adult
c32874fb-61a6-45cb-9ee0-368c598b80ca,72,Female,95,1,old
c2e05918-ee21-40ee-b6ac-7f82cb8b9991,59,Female,194,34,adult
7fad03a4-8d4e-4b2a-8410-d3fb14dd679d,58,Female,136,89,adult
912590eb-fbdb-4b1e-89f9-95c100e3c566,47,Female,167,21,adult
ddbb7a14-78f5-4739-9739-36d2873dab22,26,Female,156,96,young
4f731a95-083e-48e6-9375-de67b368cb38,86,Female,148,58,old
65e6cd44-59a8-4f58-a652-b645415611f3,21,Female,48,74,young
bc161a12-07b6-4c09-b93d-df8f4fc565e3,70,Female,39,63,old
9eb450b3-fa5b-4085-b661-fcdf7b6fd77e,19,Female,41,35,young
bc8e7c4e-79a9-4b43-816b-f2ebe4681f6e,42,Female,175,60,adult
afaf8c9d-1d5e-4cb1-b52f-4ed0a5edb44a,71,Female,162,52,old
4722fc6b-f276-4a7d-82b2-79294fdb8371,41,Female,26,79,adult
b15dac14-842d-4b23-8851-ad6f35e5b6e0,21,Female,110,17,young
d1d1c9fb-9892-49a3-b205-d9b36a6e00ab,67,Female,109,42,old
1b14915c-c8d6-446a-820f-69a67f7064fa,18,Female,183,74,young
10b71baa-0adb-4dd8-9704-7febc5ab5583,81,Female,145,19,old
3a0468ef-7cb1-4cc6-ade4-ec479cdeb630,37,Female,50,64,adult
816a5be2-001a-42a3-b007-b58fc50c53d5,49,Female,147,5,adult
8750fd8b-f14a-47b2-ab8f-2965923a5885,80,Female,172,57,old
fb4b5348-5184-4cc5-9537-a1809a4a48fb,81,Female,180,11,old
3297d752-57ae-47aa-bd6e-7ff50156f559,81,Female,59,97,old
36f90cd1-0f40-4ba6-925d-7ff67b9c0405,85,Female,150,78,old
3fde09a0-a45e-45e6-a222-a2f3dba827a6,18,Female,98,73,young
a4c9987a-9e92-42d3-98ae-98ed01ad9cf5,65,Female,196,46,old
64d421d7-b802-43cb-b68f-113082823c15,29,Female,158,56,young
760d19ce-1623-42fa-aaa8-fa860526c58d,24,Female,145,17,young
becbf349-f229-4e65-b772-af106f046240,36,Female,57,99,adult
66a98e43-15b1-4448-b315-32e75641a056,66,Female,196,68,old
8781a98f-7fdc-4fa9-b784-2d12adc3c549,48,Female,32,55,adult
df38e209-7ead-418e-89fe-bd9f63aa8383,18,Female,150,70,young
346cde44-c578-4fc7-a348-9a16b9b86aef,38,Female,137,45,adult
9f8fb084-a6da-4cfb-aa2b-9ccc549f12da,69,Female,176,20,old
9d29561f-c532-4b47-8db2-f3b10387cc07,22,Female,70,60,young
f42923f5-ecb6-456b-8255-c71243a76614,55,Female,125,11,adult
d58c099e-cebd-4a42-bcfb-54fda66debe4,64,Female,149,2,old
28c7c7a3-1890-4dbb-9b71-aeb9717b0ce8,50,Female,45,29,adult
cb3d1767-97f4-40dd-ab5a-bb1c6ec66abf,68,Female,179,61,old
937256cd-2d40-4cb7-87ee-7d51feaa1c97,89,Female,98,66,old
75bda425-3d8e-47f3-b906-e4b81ba486d5,77,Female,160,59,old
31b36c45-0315-4a9b-a011-a3a816c3fced,74,Female,112,21,old
079af316-89f4-4d89-aedb-da10341ffe4a,28,Female,117,79,young
8293e5b8-a62e-4f95-a8bf-218b044cb505,25,Female,79,29,young
b8458d4e-d194-4b46-8c1c-b7b2753b3f92,62,Female,193,58,old
5321aabc-6141-4ed1-a51e-6d9d2676621b,83,Female,96,17,old
768f2f41-04dc-4396-bca6-cf2854c67e03,30,Female,130,62,adult
19d1fe17-1eb2-4e2e-b289-17bc18ed021e,52,Female,147,79,adult
65baa18e-80b7-4cb4-8c38-dfbb40b8646b,79,Female,93,49,old
ea74f213-1709-49ba-bf00-9da9275e9ee8,30,Female,61,76,adult
787e4d1a-9713-4209-89eb-36d3c160e30b,57,Female,25,35,adult
b047ba18-8d2d-4a41-b65e-9e0b58e7fc02,83,Female,160,69,old
5355dac1-2943-4806-9220-30ad21708b27,44,Female,93,49,adult
1fe81b24-a119-4c2e-9846-cc4a33ae689c,89,Female,43,59,old
44158075-f528-4ee2-a7b9-1176fce7e278,83,Female,57,22,old
f8808be9-da04-4383-aaef-78bc060a5127,53,Female,88,76,adult
6b1ba563-62d0-48f7-af5d-ef10a696d373,27,Female,156,56,young
903678d5-c1cc-4727-be1b-d34e9945be78,36,Female,44,78,adult
06120b5c-2d05-4c8c-bdf5-b9355454766f,48,Female,75,100,adult
1b229a67-4de6-4ef1-bf20-e963ed31bde0,69,Female,146,63,old
e940a81a-1392-4834-a0cb-ece35bb10415,50,Female,21,3,adult
40b72393-68e5-4304-af8c-3f7bb33786bd,27,Female,125,81,young
920e1486-0007-4845-8499-1697c835125f,74,Female,173,77,old
648b8508-db5c-4176-a732-d32a99c302f8,23,Female,116,76,young
585f041f-eda4-4b22-abbe-dd2dbfbe03c5,88,Female,27,27,old
5a562960-6b74-4512-b1aa-90f9c754d202,89,Female,69,5,old
7318f6f9-ed74-467b-ade0-14174cdd7516,39,Female,40,4,adult
9a5bc84c-109b-48b6-9c1d-a6681a8afa49,55,Female,177,91,adult
4a41bb80-bf25-4bfa-8486-4ce12b6d622a,26,Female,108,99,young
5f3607ae-5c14-4450-b12c-b0cb53b66c1d,69,Female,134,53,old
d71775c1-2c0c-471b-9f50-20f0cf93eebd,45,Female,154,31,adult
469524fa-5516-411a-a470-6f5b753c71bf,86,Female,23,80,old
b124a5d2-6c6b-48e8-be19-6291f4ccf32c,85,Female,81,44,old
b1c48e7f-0801-4c02-97e8-e59c90c61d42,50,Female,39,34,adult
1cc36477-bf07-4bb2-9532-e798f03d1a47,81,Female,53,32,old
acf32874-06d6-4091-9630-81437c5f3f7d,25,Female,113,13,young
975a9648-698c-49dc-ad31-59b0e094ed42,85,Female,126,79,old
7936a941-c6fb-4a0e-9abb-eb7e39cc161b,21,Female,150,44,young
c256afc6-ee70-46e1-97a8-f151c49e095b,48,Female,168,27,adult
b9cd1566-6f25-4ce5-b2a5-13b749874396,48,Female,112,61,adult
03efa63e-b563-47f3-a66a-92421d4699b2,46,Female,93,20,adult
2da725fc-cf64-4fa5-a736-d02b8ac0fede,59,Female,43,40,adult
9443f607-7cfb-4ad6-97f0-12688ee18c74,39,Female,169,82,adult
848aa0a5-8eb5-47c0-a100-443bacbf9f65,31,Female,185,19,adult
dca35f46-ab77-49df-a509-55021f9d835f,79,Female,24,43,old
331dd2b2-4b5c-4874-bbc1-c4e5ed02ae82,82,Female,29,86,old
10d5497d-62ed-45f5-a126-8b98cd116295,23,Female,71,71,young
411cd9e4-e3d7-4d4a-82d4-ad88191e8c1f,29,Female,99,64,young
3b688520-352b-4b3a-b99e-34d226c73f9c,85,Female,137,20,old
ea9e1395-318f-4939-b199-816abbbe657f,37,Female,160,93,adult
7088071d-a09a-437a-b349-dc1a47abb98d,89,Female,98,33,old
7fe634ca-5a64-4e28-b330-0a12200648d2,44,Female,113,28,adult
0da42fc1-91df-4a16-be13-ed34d991abc7,89,Female,25,25,old
734389c1-bc44-432d-b5fe-505feef0d865,73,Female,129,39,old
4296c56f-eef6-4a22-966c-e6b490ab0c77,54,Female,134,57,adult
8f33c916-9351-4030-a375-014358482252,22,Female,175,55,young
632bd284-0802-4771-9a20-90996e7e5803,69,Female,96,38,old
d4a3c818-8565-4332-aa94-5f8bd9409116,48,Female,123,41,adult
5dd082cc-9bb7-44f1-86b8-b953e7eadfc7,89,Female,98,12,old
fb443ce0-6e0d-4207-bb8e-e7236ab2906b,31,Female,28,60,adult
e9bef47b-4300-43d2-9675-7e5ca9873208,87,Female,199,3,old
2cf512e1-66ea-4995-bd9f-550e41e2073a,88,Female,37,94,old
a585e4bf-2f0c-459b-98e7-8c566d477adc,80,Female,80,81,old
7cd2e48d-d77e-41c5-a440-367e859aa49d,37,Female,145,26,adult
f546af4d-5823-4681-9c1e-08425c02adcc,56,Female,97,83,adult
fa3b095b-5691-460d-9ee8-b1ecba4f61e7,43,Female,140,77,adult
d7a38726-1e11-41dd-b36d-b285b2646ed3,57,Female,155,73,adult
47c918db-18ec-4e36-9091-5660b17d0e57,58,Female,135,88,adult
b5e8399f-405e-499d-952a-38c1f465a9b2,78,Female,72,19,old
a81b2cab-91de-437c-a310-fb6986e1ee03,29,Female,173,33,young
58b5a790-0866-4bb3-b563-6e51421ad85c,82,Female,25,85,old
5f5883ef-f978-4566-ae7e-0a22bf659ebd,44,Female,186,23,adult
50d6840d-aa8f-4c08-b6db-03a37eb94c66,90,Female,109,65,old
fcbc1a44-9279-4162-a052-a7c486176fec,44,Female,58,14,adult
d9bae061-3cac-4b44-b035-8af2723f523b,21,Female,60,39,young
4a3cad7f-a2b6-441a-8579-2db4978cee94,79,Female,29,51,old
8a251e82-972b-4b8b-8ea2-87938d64360f,23,Female,45,88,young
66ba7666-f4a6-41e1-b339-2eda69e98009,44,Female,180,88,adult
798b309c-162f-485d-90e9-9c321fbde6cb,30,Female,57,23,adult
615a71c6-fca5-4ff0-9876-663f296cf257,53,Female,34,91,adult
f0adfc27-9b52-4592-9b69-7a5fc29888f2,70,Female,123,11,old
e1d1000c-1d96-4c7a-a8b5-bd53467e07c0,73,Female,29,44,old
f100cc6d-06e3-48ca-93cb-a905ace5e32a,62,Female,171,90,old
7e04bbaa-9880-4c50-9f62-fd604e018b95,51,Female,171,94,adult
ba1aac69-07ab-4968-a088-06c7f8e62e8a,23,Female,195,15,young
fe456c2c-fbf0-4864-8c07-201a4306d089,38,Female,123,54,adult
43caa5d7-acd4-42f8-9cbe-a87e423edd4e,71,Female,108,58,old
38386740-89b8-47d1-bdff-f074f562104a,25,Female,184,42,young
444b1716-43e9-4a81-8db8-0f2def763f06,79,Female,177,2,old
10ad9263-9836-44d1-aae5-e5ce08d5b132,36,Female,77,51,adult
834c2658-8826-4a33-a8bf-99398d0e85e2,86,Female,31,100,old
b511f61a-30aa-4d3b-9328-f411f5f23419,57,Female,179,70,adult
4f504804-de25-4f8b-b00a-c33f360dd3e9,78,Female,126,21,old
9d154e6e-4e51-445a-a22c-153cefe6730f,35,Female,105,92,adult
14de6f03-20d5-4f6e-abac-0e373ecf1dd8,23,Female,195,96,young
7f64f6a1-fd95-4f69-8c60-2af86dce4df9,20,Female,91,75,young
9fa858dd-2d5e-4702-b07e-9d4e0e47a8e4,25,Female,96,87,young
8df7d002-7836-4ec9-aee2-cc03ccfb4b7b,72,Female,130,1,old
1f336e6d-ec44-49cb-b625-7c309bac465a,37,Female,144,12,adult
fd9449ee-4ae7-4f28-bfc7-d3613773dfd4,40,Female,179,58,adult
dd6b15b8-2207-4c0e-b7fa-56004fdf5e2c,34,Female,82,53,adult
15658209-050f-4b56-92cb-3d69f4bb503e,43,Female,159,93,adult
805ec311-5908-4d93-bd22-ed0104e49454,76,Female,131,65,old
8a50c928-7487-4ffd-80e6-292576e76e60,45,Female,84,49,adult
d6ef6bec-4969-430e-9a3c-3a82269e01df,41,Female,141,75,adult
36c82a81-ae06-4973-aa81-2e9f1b8b1062,89,Female,109,86,old
e93ae0ed-1ba3-4e80-9282-faa36320d745,41,Female,165,75,adult
26e5a6af-c5ce-4cec-a921-5701d6434304,38,Female,67,85,adult
8c35841f-5019-4a9e-b5a3-8c133dad84d2,44,Female,113,58,adult
051c3393-c641-4838-a543-4a434dadbd21,18,Female,169,48,young
28aaacbe-2ef2-4232-9bb7-1e8189ccf3dd,82,Female,24,90,old
d35337b5-989c-48f3-b23d-091cda14dcdc,56,Female,38,55,adult
aceb2cc0-f45c-41e7-a1d7-384ddfae6a2c,70,Female,98,30,old
7175cd47-076c-41be-800e-f2ef2d8d8eef,89,Female,144,64,old
7a62bb53-6104-4372-b7ec-6d75fc7f0f6c,48,Female,170,52,adult
9c697dbe-bf64-462f-a53a-1c6feb0dc5c5,27,Female,114,24,young
e111897f-0057-42aa-944f-0cce6539bd8e,77,Female,110,1,old
a573b956-7dcf-4e82-bdfb-b27f5530da9b,43,Female,77,81,adult
ca6a4312-6f8c-4418-b992-73a5ecb88178,26,Female,100,11,young
b548b570-94b1-49ca-a5f4-2da59e90948e,58,Female,156,64,adult
116883a5-4624-4d09-a475-e66aa2e56348,45,Female,139,85,adult
7088f7e8-01c3-42d5-8a73-ec9bb0b480fd,50,Female,44,26,adult
28add739-23fa-4ef3-b5ad-2223e628f65e,65,Female,78,74,old
e55820a2-effe-4597-acdc-37c7197c2e9b,44,Female,189,77,adult
74323829-2916-446b-85f2-2bc1850125ae,34,Female,76,21,adult
18f067ec-11a8-4159-b660-47600da57c43,38,Female,190,40,adult
76f4811d-f09e-4e3c-b706-d320a171e42d,18,Female,40,52,young
ea19684a-18c2-46a8-85e3-e066dfa26915,60,Female,148,20,old
0a586b53-46a5-48e0-b8ed-87eeb510d6da,40,Female,132,91,adult
4d59e4ea-652e-4ce9-9f3d-5b393435c2ec,83,Female,53,80,old
c8525639-8bca-4340-85e5-53661d521a11,68,Female,178,23,old
65a9789e-adc6-4223-aac4-d9754ad02143,79,Female,135,66,old
ad57bca7-cf1a-42f6-8959-fe1a9dc9e800,75,Female,27,52,old
fe366ec3-cc7e-4c78-9b20-02015f7fa9d7,42,Female,172,20,adult
3034e669-3dc8-48a7-9960-58373e2322f5,78,Female,49,71,old
b4e54961-eb13-4c9c-8c84-dcf68964b52d,53,Female,106,43,adult
e70e521c-2274-4e02-b9d0-a8960369eb43,72,Female,83,29,old
70d95f4b-e966-45f6-a83e-4aac23df3f79,63,Female,164,48,old
1d8ea9f4-ca04-4734-aadf-bba26c7b0370,56,Female,68,9,adult
2650433e-fe82-4cdf-9c5e-9e8d3cf5dc4c,53,Female,113,4,adult
a4eb431c-f21c-4c3e-b390-651d94d7f8ad,24,Female,29,87,young
58d9a82d-2f72-42ee-8b19-3d552288cdfe,86,Female,160,25,old
3e8953c8-77ea-4788-ad33-3165dd3dd24e,23,Female,138,70,young
6da2b8d9-eb11-44ca-8d84-c8b4ca7db5e9,83,Female,58,57,old
efa31a19-014c-41d7-8560-1a3e1bb33f4d,34,Female,103,94,adult
01acb3ea-eca8-4f45-8dd7-20ad08fd12d5,20,Female,164,15,young
b56d7a9d-86a9-46cd-bd31-88d47a51dbec,49,Female,191,7,adult
e91adb6b-a2eb-447b-ab78-a791bca3a715,52,Female,93,6,adult
265aa12e-eb42-4386-9ee7-296a72f56836,62,Female,155,81,old
56b36490-90f8-42de-bdee-f45b3d004286,64,Female,165,93,old
23ace256-bef2-4730-b4a4-ca388e9ccd2b,31,Female,93,82,adult
356d55ca-e48e-4b4b-9ae1-425a461f56f6,64,Female,156,59,old
256b173d-59b2-4858-b01e-cf4893bbc4d6,31,Female,102,59,adult
b3ecce8f-6256-4a46-9b20-cad38217baae,30,Female,127,77,adult
b150ce31-4354-4fb1-b8ec-0ea1f3440005,80,Female,105,80,old
74d9b5f6-3a39-4a5d-84cd-1d9a6252fe67,55,Female,165,92,adult
d12cd415-6554-4fc5-93a7-ffa63e4c58d5,25,Female,157,14,young
250830b4-3c61-41f4-ab91-d02959408209,32,Female,77,81,adult
6718179f-27f4-46a5-9dad-03a22d57a608,89,Female,69,3,old
65a60cf2-7552-41c0-ab6b-32ee3f5d71bb,25,Female,189,44,young
87dc23e2-9031-4a45-b45e-8e9da62fc7d7,69,Female,84,74,old
8d959e3c-e1ec-46ab-8dc4-3ee4213752e9,90,Female,24,82,old
641d3e07-8f07-471b-8ed5-8ecbf3cd5344,90,Female,187,46,old
6207bc0f-5166-4690-b5c4-433e1c3ca4bb,52,Female,62,87,adult
95050a4b-7b5b-4a0e-b5d4-b2ff1afde930,51,Female,28,16,adult
4edd3167-6235-4da6-982d-a2d33762d8c5,85,Female,45,4,old
842f9527-7021-40e7-af0c-295a5d742bf1,78,Female,155,73,old
9ca4115a-3d3f-4117-9181-364bbeea0b7f,24,Female,66,48,young
1d69fcdd-9417-4338-be26-d5fe034b3dc4,84,Female,73,82,old
e011f752-433f-45d2-84fe-89c3205c6d21,35,Female,78,65,adult
1808b824-2141-479f-afab-7e2c807f4188,87,Female,117,60,old
4a4f8d2d-1376-4f35-982d-e7f06dd36df9,34,Female,186,24,adult
f9fd2e66-9a4e-4bad-b69e-dfba60398591,42,Female,39,72,adult
e1ae9ac3-a218-4f5d-9634-b52363158553,79,Female,120,84,old
80e43768-eb37-4ba4-a24a-cc71dce5d483,22,Female,148,26,young
1a048ed5-04fd-4d77-a5a3-ea42cba8354d,90,Female,118,1,old
6efa0091-ef5b-423d-a752-ff3d7e1ce6c6,21,Female,153,55,young
7a4cb8cf-43fe-4562-ba26-1fcdf4b28e5c,50,Female,195,46,adult
3e49bbb7-dae9-4c92-bef2-661b1228801d,33,Female,142,17,adult
ececbd9d-b926-4690-b439-70e04efb1ad7,38,Female,121,8,adult
c0545a12-8c17-424c-ac88-39f38362ab3d,32,Female,38,87,adult
3e746904-19b2-45b1-8cf8-0d94d26d3796,67,Female,112,49,old
b4d7f04f-83a1-47bb-b9a2-eef735801794,88,Female,183,81,old
31e52134-f6d5-48b3-b0c7-a77ea5150c29,18,Female,37,57,young
2ec401a2-d8fc-46b9-8e88-144fa704954f,26,Female,94,58,young
2493c010-c81d-49fa-ab79-873d6f0b37eb,62,Female,49,91,old
ac1209bd-9df6-4664-8ca1-7a83868cc833,62,Female,155,37,old
81c0b310-8cd8-41a4-9158-0b8e00d94936,79,Female,192,66,old
fc3d813a-b8cb-40d4-855e-19df42b11477,52,Female,75,65,adult
02a2baa0-5124-4625-866a-321b152fd0e6,78,Female,137,33,old
f0f44657-91bc-45ba-8bb8-dafa3b7ff3af,60,Female,130,25,old
e0d196d7-fef9-49ba-88fd-88445666106b,58,Female,144,41,adult
a7040234-823c-4675-a302-ce7277a67c6a,46,Female,39,39,adult
16278f55-46fe-4403-9d30-0fc4a2ddd909,34,Female,115,91,adult
e3928ee9-8bb7-463f-acc6-11ae6bb45edb,84,Female,119,12,old
48112544-6cd2-4078-83b1-c109d235e128,68,Female,184,46,old
88defec0-bc4d-4112-ba12-a74cc43f836a,30,Female,22,26,adult
a0f93bd2-30bd-455d-87d7-e082abd53349,32,Female,32,96,adult
dc2ff2a3-4a71-4796-b93f-11d2e4621ede,24,Female,139,52,young
8adf307e-ec08-48e9-b540-cace57c119d8,79,Female,132,14,old
f977c0b8-ce9d-469e-a258-68f251066fde,45,Female,89,70,adult
7baca1cd-c2b1-4686-9d56-1046ef0d7ffd,89,Female,198,77,old
da5b3482-955d-4205-b38d-648c4d777bbb,51,Female,120,3,adult
421d16f2-206e-477f-a26b-48330a77c3ae,42,Female,140,9,adult
b26fc448-e33c-4888-a34b-6c9fb46c3763,42,Female,106,40,adult
100bbcc5-27e6-4c5e-83f4-fb4ea06e1fa8,61,Female,67,66,old
3a605877-490e-4e60-932f-24e67bd2a7a8,63,Female,119,85,old
4ef47c4c-bbbe-49d3-86dd-331b1774ce03,83,Female,87,67,old
690d6278-06e6-4691-99fa-4b7b511b7ed1,59,Female,42,26,adult
58df38cb-956d-409b-9cff-cabeae3e8502,52,Female,142,33,adult
d3d8710f-ebc0-4094-b92b-b3630b171bb5,32,Female,144,56,adult
edb3f833-9ecc-4ae3-96f6-fc77d9dcd19d,20,Female,161,79,young
1034415c-8409-493f-af3c-da69a9d1f8d4,34,Female,77,27,adult
0d2a90c9-884e-4b32-bcce-9ead482f0dba,54,Female,76,79,adult
447970ec-6cc5-4414-9884-c05c9dd6be35,77,Female,188,82,old
fd271523-4711-4e76-9ebd-3468b78a914a,79,Female,129,17,old
9d2d8d1d-94a8-4cce-9ddc-9ba92418ec9b,89,Female,104,38,old
83c55369-8895-474e-abc9-5b61c3c051fc,77,Female,61,16,old
35432b4f-eb17-424c-afe0-3f330eb32f73,85,Female,39,95,old
2efeaa48-1101-4c68-b046-64c0c68e4674,37,Female,126,67,adult
eb16cf29-0d32-4865-b8ee-a0473df679af,26,Female,91,67,young
1e59addb-cbb5-4127-adb4-b7629c43992b,32,Female,91,91,adult
69092c3a-e64e-433a-8c54-38089521e962,31,Female,140,88,adult
e114a3a5-2c8d-4f4f-b2c4-0e942772481a,77,Female,185,98,old
deb53f08-acd7-42d9-bb3e-3fe37b57c850,83,Female,72,20,old
fa8cf03b-3649-4a9a-b6fb-755762b0c716,47,Female,61,79,adult
8c933777-7624-4bee-8508-b5d3ab5d8734,61,Female,155,82,old
1f2931b5-ab60-4060-8ed5-ceef87131b47,78,Female,38,21,old
c632a6f9-d183-40e1-a955-1bd55cb49fc2,67,Female,112,23,old
f5c8e38d-e243-43b2-9123-6b23f58a9f4a,18,Female,133,8,young
05b1dacb-f057-4da1-af9e-0ea0d80abf7c,64,Female,49,97,old
87ec4866-5e93-4172-ac60-99562fccbe9b,85,Female,59,46,old
d3bf51cb-5521-4190-89db-601fd40f4357,78,Female,33,44,old
406049b0-7d53-4159-b70e-bd36b37d72ed,71,Female,98,93,old
3387e16c-c269-4bb3-8ebf-355601244074,60,Female,158,92,old
1ec176a2-c32e-46f9-ab3f-dc6d8cd81de5,83,Female,154,16,old
582baae6-ef93-44d2-b1b2-da607faea4f6,63,Female,147,59,old
f3df8548-bbe6-48e0-bf5e-3ca3b4a30ccb,78,Female,89,60,old
52d5a5e2-72f7-4488-822a-4f8b82b1bcab,62,Female,34,3,old
40c215c5-92ae-49d1-bb1b-61a467d0edca,69,Female,123,35,old
4f2442c5-b8bc-4f0a-b948-118d37262e3d,62,Female,163,22,old
ebbcf844-5ba0-4bb2-a861-5aef2cc56afd,29,Female,88,1,young
30df90dd-f191-4af4-9b70-db7eaff341b6,69,Female,167,24,old
90bab1cd-00df-4987-b7fa-646bb51608a8,47,Female,133,74,adult
9f72964d-6e97-4094-a312-ba5ba7c0b871,86,Female,185,67,old
ab4c3bb0-95da-4f72-adbc-f649fefebb19,43,Female,147,61,adult
d341a80b-e2be-4732-afad-0c57a4323f92,68,Female,35,3,old
cf3d8566-fa97-489e-9b5c-563b9d766f48,51,Female,47,34,adult
50f4735c-40c5-47ca-9bb2-8adbf5fcce46,40,Female,139,51,adult
581e33da-3bd1-4491-961e-4803cb80a563,28,Female,182,33,young
5e8cc5ba-c5d6-4575-8774-18efbf97d43d,47,Female,157,39,adult
ffe9a7cb-be8e-49a8-97e1-2ac46561f538,65,Female,54,38,old
33b68177-7f99-422c-8b17-b8d992713166,79,Female,140,21,old
4a2d96d5-2511-4a0a-9ac0-76fd0a60596d,39,Female,35,53,adult
99439ec5-e0b0-4c16-9614-2393184439d7,79,Female,78,11,old
ec0724fe-b7a7-48a1-9ca8-318b32596899,45,Female,21,73,adult
1d9d4040-3573-4997-abf0-5884e0a37731,62,Female,36,49,old
a374b7cb-f1ed-4fcb-9ea1-f3f93306f48b,87,Female,66,40,old
bd6baf1a-e004-4704-9693-5e8aca53a985,37,Female,179,43,adult
0be3f17d-15e0-44a5-9711-34d53dded3bb,78,Female,21,17,old
4950ffc0-2bca-4dcf-beb5-62e67ab31cce,65,Female,89,29,old
84f49957-67e9-4d5d-a0e5-e3a14b4b5833,90,Female,66,87,old
16852be3-0cde-47be-88a3-be2aea71e7ce,70,Female,61,15,old
e88153da-88af-4ea9-b449-65fa2f18e98e,90,Female,55,8,old
89da5ee6-b3ac-4a5e-880f-9e598db773a9,50,Female,65,24,adult
37c75772-90a6-48a2-9d15-984278bf92a8,28,Female,196,26,young
d736ef7d-84ad-4a03-9d89-f6c0343457d7,84,Female,118,65,old
f8e9ff3f-0d70-4711-aefe-3ac639b5a31b,84,Female,70,3,old
bb6c39b8-d2ba-432b-84a0-cfc630c00fdc,36,Female,134,19,adult
65f49792-6bca-4e77-a886-35082db2d095,57,Female,39,63,adult
adfc2dc9-8732-456c-a835-87a80a31eaba,50,Female,127,33,adult
f7fd4398-b414-4ad9-9257-1e7f88f9f13f,65,Female,53,63,old
17ed1f7b-805a-4f27-9bec-defa74ffd846,82,Female,36,42,old
2a63d159-0cef-4114-9166-a1dc11e4727e,20,Female,127,100,young
30f63ab3-d327-44c1-bc74-768839c48854,24,Female,154,69,young
3b9c2626-45c6-4925-9965-b434dd3c058b,36,Female,184,94,adult
3431d110-7921-4b7b-9b8f-3c12a509c405,23,Female,169,9,young
a27ace65-83cd-471b-8422-c827fbbf4c0e,47,Female,64,54,adult
b6c4cfb4-e530-4431-9e63-73ab06ef23ba,45,Female,150,64,adult
48cc07e0-591d-418f-94ad-c67a279e0eb6,22,Female,76,4,young
9e092640-bf47-42e6-bb7c-72e003b25471,70,Female,199,52,old
ceb5f94e-b5bd-433f-8717-bb77de991e1c,87,Female,134,43,old
36d9ffc0-7951-4cff-b146-b1759f3e5685,81,Female,157,80,old
5813c6d8-5426-416b-9e24-c8c10dd86cad,55,Female,24,32,adult
363dac5a-049f-4166-93ef-5604ea443178,19,Female,134,91,young
0d95f533-6de0-4525-ac46-a37c64aa26d9,54,Female,174,35,adult
d0206454-2d11-463f-bbd2-dbad1c0866e5,85,Female,116,71,old
37bc81cd-c41d-4c7a-8f0d-9f65a0262f2f,19,Female,43,7,young
2d39dad0-7c4b-4d1c-8b3d-dc25be0e5e6b,86,Female,162,100,old
69fd7324-10b3-4aa2-b72c-d32b55b10d2b,84,Female,198,88,old
9e57a72e-4893-4200-ac46-51437ea1991f,73,Female,149,22,old
af164a66-b9dc-4d0c-b121-fef5ddff3bca,35,Female,50,71,adult
a3c3b647-de17-4f66-8c8a-a8d526516b97,77,Female,46,61,old
39f421a7-aab6-4c5d-986a-bf046255814c,20,Female,122,88,young
6ee2557c-b876-452d-836a-d6571ef8df36,80,Female,131,5,old
f442d8ab-6912-4e05-8088-bcb4a1aeb6ea,37,Female,38,2,adult
99e196b6-03a1-4f89-a7c1-4889c03319ad,76,Female,53,24,old
e946ec07-884a-4900-9851-106b5cfaee29,43,Female,158,82,adult
708628d0-9296-4195-8bcf-8bf3aaef2e09,50,Female,184,98,adult
d037a07b-d47c-4ccc-8b57-5344cf2c9965,21,Female,62,29,young
3fec23ec-05de-4466-849c-0f718e3fea32,61,Female,121,5,old
9fa7b3f3-00fd-4c8d-a7f8-77b267d1396c,38,Female,40,52,adult
f85b3ec8-bf77-47c3-b61d-28e4350aa044,45,Female,190,15,adult
a170b7f6-5e98-4229-9253-e59b6d7b016f,66,Female,78,64,old
91d4377e-ec29-4c6d-b1c6-2369b237ab67,29,Female,114,55,young
07f5a472-ba4f-4a0e-80d3-826f23f122d1,54,Female,181,21,adult
1dd81aa2-84c9-4576-8d06-59b87a7918c4,69,Female,121,56,old
84f1121c-16f3-4d8b-bdc4-38950377a77c,31,Female,166,48,adult
bfc7b71a-037a-45be-b464-8725f041f482,45,Female,25,54,adult
46c3698e-8715-415d-a2d9-e85b35f5e768,48,Female,169,64,adult
ef34752e-f074-4770-b6be-b05df0d93b6a,58,Female,34,34,adult
92877ce4-6ed1-4313-aa4c-627180665943,46,Female,32,28,adult
23e7514a-c738-41f2-8eb1-0dc8e146c547,89,Female,26,26,old
4e520cd3-b34d-4bba-84b7-07fa91c81ebe,51,Female,91,21,adult
2056475a-438d-45d5-a87e-8ad346903f60,72,Female,74,33,old
99fec98b-7f15-4739-b941-27c7077618ed,80,Female,73,60,old
0eaae44e-9025-46af-9d65-c820461cc70f,69,Female,44,29,old
21b20863-c752-454d-8279-b65e15bd023e,36,Female,49,66,adult
f82085ae-21e3-49b1-8432-4b8a7186b5cf,24,Female,148,100,young
ff421c05-eec0-4e06-bcea-5cefa27852fc,69,Female,182,65,old
d36057b0-81b0-47d1-bc81-4e9fc4e3a3f0,82,Female,33,55,old
c1d910ff-e404-4f47-a3f7-e4641531802f,56,Female,26,25,adult
0b021855-3b08-48e7-bd6e-6fb0ce08fabc,68,Female,176,25,old
05135f1c-39be-441e-a247-a88d550c92c9,82,Female,44,11,old
40bce9c5-935b-4f83-b397-ccce580bac67,53,Female,132,58,adult
d8e938f7-944e-46f7-a3c8-c8178b01696d,62,Female,37,45,old
4db4cb10-c87a-4451-858f-28f70eb8d242,35,Female,113,72,adult
b170aecc-98e9-4ac1-894d-35053648b9e6,57,Female,25,57,adult
df883776-bdb0-4bce-88e0-58014fc96449,70,Female,185,69,old
8f68d9ba-d2d0-4544-942a-7eb25749fe11,24,Female,167,22,young
98ac8784-c4bd-4afa-944c-2e4ff97ad853,60,Female,35,89,old
655c21ca-fbae-4630-a693-f6f3cfe14682,65,Female,122,42,old
81551ba3-d3c8-4d1f-b31a-14f047711de9,63,Female,180,14,old
51588735-6b91-4bc1-a34b-e1e5ca677d34,38,Female,87,66,adult
9d672a30-45e1-4d42-ad05-0c9a59bfc1fe,31,Female,28,14,adult
b22d6b45-e743-41ce-ba7e-c8a0ec842715,44,Female,54,79,adult
d9c08e59-f5bb-4310-ad8b-fb4b4f668728,47,Female,96,89,adult
3080cc96-8e21-4ce1-9200-99cc468f8096,40,Female,182,55,adult
277c7456-335a-4e98-bb1b-f3b943af4328,53,Female,146,37,adult
e40556b2-30d8-4618-b944-c7faebba2567,36,Female,145,34,adult
89d9bd9f-0409-4061-bb0c-0ffe82f1bcb1,18,Female,151,45,young
63dd03de-384d-4380-b4d2-8e91a06c8eed,60,Female,21,29,old
318d435a-615b-41a9-9b10-6e53766468ca,64,Female,81,8,old
af00ed42-1767-43fd-b752-f2522667d603,85,Female,128,99,old
bcf400c5-e54f-493a-8ca2-3f25e09df8c1,32,Female,79,18,adult
497f2d15-dbaa-4866-89a5-2d26a87e2b74,36,Female,86,79,adult
1af0db7e-304e-4e72-8a64-b392f0dbc367,54,Female,131,77,adult
4153434e-0b83-4e27-bf17-3470e6086551,40,Female,45,80,adult
da21d29f-e947-4af1-b176-117d4c6b72b3,56,Female,101,13,adult
8fbbfd49-9ae1-4e90-92e2-548b7274b04a,64,Female,88,24,old
e98c7157-edf4-4ada-a335-54c73d29ad9f,35,Female,169,83,adult
9677a417-140e-4dc2-b63d-61b43ae189d0,64,Female,166,40,old
9a6beaff-917b-48e9-89bd-579b2336d9af,73,Female,117,7,old
42653538-c423-4b91-9de5-65131006a25e,23,Female,161,6,young
352075f8-57a1-4205-9db2-dc51e48ca37f,88,Female,62,56,old
43fb8ba4-6d1b-4b16-922c-36a8a5a20f30,21,Female,38,46,young
05e94e91-6b30-441f-99c3-b1c22f1e258f,28,Female,71,15,young
016872d0-4d80-4f70-911b-bafdd20f7136,61,Female,60,55,old
fdb67bc1-7d13-4948-9c17-13df1547dbcd,90,Female,125,18,old
0c973278-ad31-4183-acb4-e65533a14f15,81,Female,176,35,old
521714cb-8c0e-48cd-a134-e5256c1e2301,18,Female,63,90,young
c46a656b-aeb2-4f13-9fce-33bbff6f9d9f,48,Female,58,32,adult
815a5716-3b4b-481b-80e9-24368cd68bf4,68,Female,157,58,old
155e5a51-8da9-4831-bfe9-9c5e1d821c8f,70,Female,192,100,old
4e2617c5-d686-458e-bad8-3506c15f3f8b,85,Female,47,5,old
acb2b674-9ba7-437b-849b-0088839cdadb,63,Female,163,98,old
eaa52226-d204-40dc-8fa2-b0b4c3e6fc2f,37,Female,37,64,adult
5c6b84f5-32fd-4cc3-a9e8-180788d54aa4,67,Female,126,41,old
3833ce88-6ed5-4ead-b6f6-da48ffafb90d,51,Female,83,83,adult
fa4379a6-e902-475e-977a-9c412d2ffbb4,26,Female,168,14,young
817479b6-aa1b-4a20-b727-79dcc580f7e9,90,Female,87,47,old
93a09b9b-2cb1-47ff-83f2-410d8011bb46,53,Female,36,96,adult
13c416c9-30be-4b82-84fe-d9cb8db9f9c2,23,Female,159,50,young
bb632f53-16b0-43d6-9a79-7c7c98936557,64,Female,21,26,old
f7d3b8f9-81e1-47fd-bd48-90ee829d5fec,69,Female,79,75,old
872c74c1-7e60-425a-adbb-a54e53f520d6,25,Female,28,81,young
019dff96-caf2-4841-b159-ff6105fbc637,85,Female,186,51,old
102cecbf-1ab9-4636-87a1-a5e009848672,22,Female,98,57,young
404e9efc-2e0c-45a4-952f-3a3e38607fee,63,Female,40,51,old
f3f86bec-e355-4232-a628-33f57123be5e,43,Female,164,71,adult
2aef8673-237a-4b9b-a5e3-6b6ea7cd09ea,74,Female,108,78,old
83e9f52c-d61e-4ff3-b63f-82f763cf30f2,76,Female,173,56,old
66f4e72c-af5d-49eb-984e-72dc771f322f,41,Female,170,37,adult
05e3913d-9e2c-4ba2-ad5a-092d4cb151e2,26,Female,160,52,young
2614f2f8-5eb6-4245-b2ab-f99c0da19e0e,73,Female,36,22,old
abd8efcb-c06f-444e-bfca-c986079cd052,36,Female,156,6,adult
4afdfa8f-d568-4fec-bf98-a597cabdedbe,40,Female,161,47,adult
4cb03615-3140-40a1-8682-e234e7317416,43,Female,77,81,adult
03cf56d8-9e1a-4b76-8dd4-7c224a2fb9c2,34,Female,171,4,adult
114f329f-5480-488a-a416-9f7dfd4cd3b0,33,Female,200,67,adult
0e95c4ad-bac1-4538-951b-3558d8c576f5,51,Female,27,65,adult
11ff73e8-b861-43a9-a7e9-7fdd1c555dce,46,Female,46,44,adult
b27a6418-3257-450e-98f7-92ee6f9d5792,52,Female,181,74,adult
88564f87-8ac4-4560-891c-3d2ee9127250,55,Female,79,69,adult
4c570507-a2b4-4ad1-91f3-b3c993e8c872,44,Female,150,15,adult
94114790-bfd6-48e6-aa82-95623cf22f59,64,Female,72,16,old
534a16e4-e983-4c89-9c0e-3dc59bb6bc07,71,Female,98,96,old
911f1579-924a-469e-8731-3d2910b78909,69,Female,106,30,old
ff0b6f6b-7145-44eb-8f4f-5786b2f3c79d,46,Female,91,76,adult
a21660b4-5514-4d8d-9299-94fe8e139784,22,Female,49,8,young
bb5b4f97-166b-4251-bc32-2220df156523,84,Female,83,78,old
3c7ecb8f-98f0-49e2-8423-1cc9b333dc4c,23,Female,45,77,young
a09efcf0-d542-4de7-b4be-222f77404dcd,82,Female,86,16,old
aa75dfd5-80c0-4bef-bd48-f58d559c53ce,31,Female,104,54,adult
b8cf1052-6891-4ad8-9f01-9ac018ada6a0,26,Female,38,43,young
97c939e7-2cba-4983-bd30-83c4c85db096,24,Female,116,13,young
4b1dc47c-5b6c-42d6-8ace-b62a9450a1a6,28,Female,147,95,young
4332caf6-332d-4c98-aa73-d4e91863683a,66,Female,159,91,old
fe0e8a87-ee23-48f0-ad09-c084ea214846,20,Female,135,23,young
f6d09236-068f-4c69-a131-1b462aa25675,20,Female,44,11,young
7af473bb-686f-4ab9-ba42-73d28c2c7b95,70,Female,162,70,old
e2f138ae-ff2e-446d-905d-639ab463174e,60,Female,57,48,old
a33a8a44-7ba4-485f-b442-3be943ab9266,49,Female,34,2,adult
b3ad3b0d-0b60-4193-b59a-19a7428fd9cc,41,Female,187,57,adult
2bffad0b-07d7-4f52-80f6-ea3b73b7db3d,33,Female,114,55,adult
1ac8af03-b7bc-4839-a279-85a55aaf3c11,29,Female,197,9,young
383797cf-99f3-466a-96fd-72fc06bbd8fc,31,Female,145,85,adult
81f1525a-5672-4ea4-be4d-4f765ddd6b15,85,Female,44,91,old
93c44d12-8ae8-46ec-aa4d-726f736902e2,87,Female,82,98,old
c164ea7f-e4f2-4d78-ab26-a8e563a75757,77,Female,52,40,old
3b38c096-b59d-4707-ab74-b505f1176cfe,89,Female,180,98,old
db4685fd-35c2-48f2-95ca-decb435eed0d,83,Female,105,24,old
3aa5b9a9-6e21-4dcc-b08c-53262c1704a4,58,Female,141,8,adult
5b27d79e-5cbc-491c-ba9f-93900e93c76f,51,Female,41,9,adult
3916b1c9-a576-48d1-9c9e-40862234217b,78,Female,167,19,old
76af8583-8a40-4552-a4e8-5b54d9176018,44,Female,90,93,adult
080e4848-a79b-41fc-8a26-9f7965caebf9,49,Female,54,85,adult
8774a2fc-720b-4130-8f5e-cd1dc20f6ff6,24,Female,106,71,young
4ee268f1-70b5-475a-86b9-10b5e8acd13f,56,Female,85,50,adult
1262cb4a-298b-4620-a3a1-9f24a58b007a,55,Female,31,68,adult
dd6f282a-3346-4326-b47a-c1e4fb56c477,79,Female,162,16,old
5bec113b-c20d-4733-a93e-e99d2556392d,33,Female,125,71,adult
af4b080c-2ce2-4dce-aea8-f314923f63bd,74,Female,97,89,old
360390d6-ba9c-4c44-bee7-241b15616c04,72,Female,54,65,old
933d20d4-8773-4d0b-90a6-c1fe84503ad3,55,Female,94,16,adult
df3a9af8-e62f-4947-9483-b5e7bf0d48ec,76,Female,58,92,old
323aedd1-429e-408a-9b8f-804a2d0c072d,39,Female,87,4,adult
1aedb09c-e5ea-4457-8055-dc06f133e77f,59,Female,42,20,adult
d07eb8bf-7344-4d63-835e-b25266def6c3,20,Female,92,8,young
d66ebb5f-feef-4113-a692-3e0f0f3ac747,41,Female,61,38,adult
74057b4a-a715-4b33-abf9-939189d9bf1a,89,Female,57,59,old
13b1571f-0c07-4499-8842-b8b6fe09b50c,71,Female,176,91,old
c29bbce5-0487-4e61-944a-10faf4b82c4e,82,Female,159,46,old
04e93070-60d5-48f9-abdc-c378d40e936a,68,Female,125,21,old
25872380-a44e-4f67-8c99-093915a1dd82,66,Female,64,28,old
7d60b55c-4243-477a-9cd7-a0832c53da7c,54,Female,79,81,adult
1121a381-84e0-4ef5-a2b9-66ce9d194a59,26,Female,70,70,young
8cac6abd-ea8f-47f3-bc3d-89d8113049f1,35,Female,101,11,adult
bfaa2a23-fb34-4ecc-94c6-98515d719527,19,Female,93,59,young
61b8dd69-d086-4ebf-8ec7-4bb75b3ea547,48,Female,28,37,adult
0c33172b-5ff9-49b1-ac8f-662797ebafcf,74,Female,31,97,old
fee49100-1682-4d76-b90c-263ccd40f625,74,Female,163,5,old
d577e1e0-e4d0-46cf-b731-d127f9e168ee,21,Female,178,9,young
a3e3df2a-683c-4136-bd6f-1f7b9fa4805b,57,Female,60,31,adult
0c3a4a79-6a9c-47b0-846f-b00756f15d60,72,Female,62,13,old
19bac79a-de64-4102-9532-672b363d62a4,79,Female,89,16,old
fde5345c-51ae-4eab-82bf-2ffc593abe4c,51,Female,103,59,adult
b6e1f4c4-5a03-4bc3-b1f0-701881591944,59,Female,177,44,adult
d38286e5-35e1-4bf1-b5e3-87003a553a28,50,Female,174,85,adult
6d5594ad-ea8f-479d-9f88-c50de40436cd,45,Female,95,99,adult
5ba75bde-e188-4457-8038-af8b3a10a122,48,Female,42,90,adult
2d068860-3b10-4818-973a-6d77659abdc1,74,Female,171,69,old
41f6ed1f-422c-4514-ab0a-8e2f9baefb02,22,Female,30,48,young
76d78734-ac37-46aa-955e-19f003c437d0,71,Female,148,48,old
53564b73-d581-4012-8c3d-998977aa8b8c,48,Female,39,29,adult
9dbee0d8-cca8-42c0-8d1b-49ade5e98fb1,88,Female,152,1,old
d8cffc9d-144f-4647-9d36-38f403dddbe3,89,Female,45,77,old
eea565e7-ef2e-46a1-a33c-95bf282997f5,42,Female,171,63,adult
8f98ec03-d1f1-4b45-b583-4d1073eaa5ff,86,Female,134,6,old
cebf21f0-be7b-4cf6-9666-e784ce566fc1,79,Female,42,94,old
4b85e090-712c-47d7-9fba-74f1f5565096,81,Female,182,70,old
b6b384a7-2812-4cb6-9368-f5d91d66c483,43,Female,126,96,adult
7178e958-c73f-4556-9e2a-2b3441f49d39,67,Female,172,40,old
e67232f1-ebcb-4178-8730-7a58d435addb,40,Female,184,16,adult
40415da5-01e0-4077-8a1e-d62483dbe106,34,Female,90,49,adult
288e25bc-b3c6-4ae3-9137-4e6621abf394,55,Female,166,23,adult
df4c14b7-2e8f-4fa2-9a6b-99719ebcf081,55,Female,59,86,adult
c0d855b2-f827-4584-9b37-1f5f0f61e184,83,Female,149,97,old
97d8cbd0-7fdf-4f6c-823d-b8c8380b2d5e,54,Female,124,52,adult
ab1f4619-988c-4cb1-b5a0-2c48608dd81a,80,Female,171,80,old
df6bbe52-369a-4412-a33b-ed28e8654720,76,Female,128,55,old
37afc04d-e1cc-4be1-9d85-20171e30dd49,81,Female,26,51,old
5e98af57-e56c-4fe3-a742-e69a57cde300,32,Female,119,59,adult
1ad5a8c8-39d2-48c1-8075-d983a2e10556,19,Female,105,90,young
2d6ad91d-b4a9-4dbc-8b15-faa42647756d,75,Female,44,90,old
9898cf66-a23c-4446-a68c-f0ab47f5ce6a,69,Female,85,99,old
e07783a2-cb24-4520-96eb-7a3dc7947658,70,Female,27,99,old
c516359f-9dec-4ad4-a106-b11bec65933d,78,Female,105,98,old
8d2eccd0-2231-46a3-9acd-6e6ffa4fabd0,59,Female,117,84,adult
e0cecb0b-8b37-45ad-a4a3-de34c6558c6e,59,Female,98,84,adult
de0ba253-9055-43ef-b130-3e28be4705de,23,Female,28,18,young
8d2e215d-f966-4f0f-9d33-9bbb080e7ee7,53,Female,78,28,adult
f9a604b4-d3ec-43be-8500-5794f0ccdd63,28,Female,161,58,young
b18bd387-1d91-4240-b107-3b01ef9a8403,88,Female,157,30,old
75119e89-4b8b-4f44-8428-5de21dc8f517,36,Female,120,20,adult
15f795d8-ca03-4cfc-a52b-ef7fc5aaa303,78,Female,151,35,old
b3f7a9a2-d040-4612-990f-85fee7322aa3,52,Female,107,11,adult
02f64440-9fb0-4fea-8a77-a1eef46bd2f2,47,Female,42,69,adult
5ef1b02c-e257-49f6-9a6a-f224006fb88d,38,Female,120,48,adult
e9a3b1bb-7ad9-4b26-9591-150a2850578a,54,Female,156,14,adult
df91c75c-32f7-461f-9279-8a4ed3a1a7a1,70,Female,57,7,old
7d42eeb4-8cda-4823-bec4-f6d14cfdd0cf,67,Female,194,26,old
5320051a-929d-41aa-ad54-ef561181bd44,34,Female,185,13,adult
8222e392-d407-41a3-8780-ded30395ec68,38,Female,28,38,adult
808022d5-6e57-4845-9ee3-7e3b8095608a,76,Female,55,34,old
6b6d61f8-ddfb-4e49-8861-4d85e9dd2a95,30,Female,181,70,adult
7422862e-c374-473d-bb4d-7f30ce24ea56,65,Female,181,38,old
be70a4fe-32ff-425d-959c-cc785153877b,20,Female,33,100,young
878b96f1-4a71-4745-8d51-eedd8136b5a5,35,Female,168,87,adult
5fe6febd-a5c7-474a-9e6e-0a3d93db1907,31,Female,27,14,adult
fde5e774-3ef0-4566-b862-6e4b57e7d947,28,Female,28,59,young
0e54e328-5cd5-4dc0-ad87-aadb60d47d40,35,Female,37,91,adult
07dc7fa7-b364-40ef-b1f4-e7dfd493124b,80,Female,198,65,old
17d91b8a-4099-421d-b794-e2ef24ef6542,24,Female,143,30,young
a1086321-0b20-4988-b96e-fdf4e11e0338,26,Female,34,22,young
2e98735f-2da0-4d57-9523-b89a5168c8a4,89,Female,29,59,old
6827d411-36e4-4bea-8fc1-79634cd1200e,58,Female,81,55,adult
93bc9df1-8c25-47af-ad4d-7a14d707b5eb,66,Female,95,7,old
b2575e82-4513-44a0-a76e-d00650eb665e,29,Female,73,44,young
246045a9-b0e6-4cf4-b752-0f30eea471f7,45,Female,155,1,adult
ca06c91f-4105-4fa3-bebd-81cd9e1f5cb6,67,Female,65,61,old
eafd3ebf-d4a3-4711-8aad-dd890afb79e1,63,Female,148,30,old
82c7b27c-e2f7-485c-b568-e87e351ef5bf,76,Female,109,87,old
2af4a221-e51e-4e7a-b0bc-9304c198aeff,33,Female,178,44,adult
8f7413bc-9d51-4dfb-abb4-f7231454de82,53,Female,165,39,adult
1d8e99a5-127c-4a8e-b5bd-7bd7269de654,73,Female,27,86,old
4703c1c1-a3c2-44ca-b64e-c50b0b3558cf,32,Female,88,59,adult
e28981c3-a239-4334-9059-ed145cb7ffb8,41,Female,25,98,adult
cf81cc1d-86b2-4ad8-963a-f67de6a9f32c,55,Female,108,10,adult
ea954c75-c936-4159-910e-144d1e476980,50,Female,55,55,adult
b4f51c69-b7ce-4bc6-a9d9-893212e9892a,29,Female,23,12,young
35d5421d-206a-48c7-a12d-613e9318f11d,26,Female,121,37,young
d61af6f4-58f7-46d1-974b-d7ec0824b5ce,36,Female,38,92,adult
68e0298b-7a03-4d26-83fe-e38b5e350840,36,Female,196,34,adult
e798e035-4680-4f2a-9c1a-c3dc98ebff79,69,Female,178,87,old
a6c0890e-e006-46f6-b1fe-a886306d867e,37,Female,166,62,adult
cb8f9402-8952-43c6-be01-e5c6c1062d90,34,Female,119,33,adult
a232ca8d-6884-4630-b038-53a9ad73c037,72,Female,59,11,old
3afbf70c-b06f-4987-a785-54fe820e6345,63,Female,99,50,old
553b977e-e3e4-4b52-9f0c-54fc70035897,49,Female,73,64,adult
e4c9aa31-9af0-4fee-967b-2d775a4aa654,49,Female,90,13,adult
74c3c65b-daee-459e-9cfe-83d37dede8a7,28,Female,56,5,young
c8f433f7-8880-45e0-b0c0-6ec4ecb47dea,76,Female,170,12,old
200c2505-0bc1-4060-8d36-71d0705da59e,21,Female,66,61,young
78fdb875-6b1c-4f2e-be18-46d27c4621fe,59,Female,50,8,adult
d38d4874-042f-4062-937a-b328509a2466,56,Female,104,68,adult
370d0ee4-bcb0-4167-948c-6f428dcbb174,25,Female,161,14,young
22ca4e34-daad-4fc3-8fa0-45d36f4524ee,48,Female,191,100,adult
e2398c40-ca8c-4840-b561-fe37cc8e61cc,82,Female,195,22,old
bc092990-39a5-4b2b-a113-b9ed40d06228,65,Female,169,40,old
6360ee5a-c94e-472e-8bf2-6301b25b8cfc,30,Female,162,65,adult
4ba2004f-654f-4987-8bf9-4d74fbaa40fc,28,Female,119,33,young
cd0408f9-3355-4e90-a8be-da1b18fa0462,83,Female,98,84,old
8a2451da-ad45-479a-ac7a-1d0974f99888,48,Female,192,46,adult
6c12b014-820f-4820-9b40-bc6255ac4ea3,88,Female,98,8,old
4e11246f-81bc-424b-b01d-684b1b4c2976,76,Female,29,7,old
8c26eb7c-9a34-4ab3-a037-7d797a7c033e,67,Female,199,59,old
9d1789e6-3350-4635-8f72-113895119292,25,Female,76,45,young
2d140848-bc7a-4e76-8781-33f6dd46d466,83,Female,59,67,old
2414cc7a-beba-44ca-b298-149d4d0bceb5,85,Female,26,35,old
192c4b0a-9bbf-46e8-83b7-5f77ff0c1ac2,64,Female,69,12,old
cab46b33-0981-4707-a6bc-9c300cd8e65d,83,Female,41,86,old
613edf2f-6774-4263-bef5-a7c4b0534f7e,87,Female,77,46,old
0cc72129-dafb-48a5-a43e-12f9206f5c5b,62,Female,98,63,old
43c0d8ea-9ad0-4cea-bbb0-82e1cb0eafe0,50,Female,106,34,adult
9c31977f-31e6-4c7c-8371-91dfca536e92,63,Female,70,1,old
aff3daa3-886d-4c95-ae51-7c981cf5e566,47,Female,110,9,adult
c728773f-2185-4dde-a42f-074f344c94e0,46,Female,128,19,adult
e7e66cf5-c16f-4fe9-9dde-303b83d7e320,29,Female,157,3,young
4e4677d6-c79f-4f61-b4d8-97e3196b87e2,31,Female,91,55,adult
595b4e0b-94a2-45e0-bfa4-4f9ef1c342f7,58,Female,162,58,adult
7a7a77dc-d4f4-4658-a769-5cdc32d36a74,88,Female,179,71,old
1a5aae8f-8953-4121-9292-92b3a1321762,84,Female,147,84,old
e97eacf7-5c8f-49b8-b410-e5b01a9d10a1,37,Female,84,76,adult
8d3d5056-feaf-4517-9402-f1801123a672,84,Female,191,85,old
17420ef1-230b-4441-9054-649ce9cd9179,43,Female,83,36,adult
b0b1ecc8-1c0c-4fa4-91cc-07429343d5de,19,Female,78,37,young
0bb3f67f-b542-4200-9634-545872d45c33,76,Female,153,24,old
657b59fe-8dbc-49a7-9d4c-ca515870c05b,20,Female,75,90,young
e04af67c-6f7a-4a55-a3d0-938201d3e09f,35,Female,150,76,adult
c05e6a67-ebf1-4c0a-b891-e13fd206a49e,53,Female,53,95,adult
144df049-ef22-4fe4-b7f0-cb0552863baf,64,Female,86,80,old
d9adf289-68ec-421e-a39f-aa1435aecf65,61,Female,185,46,old
f55fd157-58d1-4d2d-a529-a02eb46438e6,70,Female,105,71,old
e2c73c18-5fbc-4e64-b66f-1dceb0a95106,59,Female,126,26,adult
03ddc115-0a68-4a95-9539-55d8b157d8ea,62,Female,20,13,old
2b6e69b1-c5a1-4d3d-a90e-cf5b881ee853,84,Female,78,5,old
599a114c-ae77-46fc-8c99-27a2d3645ac1,71,Female,71,32,old
c1ae04db-0926-4fa2-a80b-b84ee809c09e,35,Female,137,19,adult
6af3f0be-1edc-43dc-ac8e-73950292118d,75,Female,186,68,old
0b8bc877-1e29-452a-8ce3-0b51e3f761fa,56,Female,144,85,adult
09049e94-12a3-4956-b8ad-4f69daf98c3d,51,Female,131,10,adult
c9d34a81-90e1-4a66-af17-3344f5d9e7e3,57,Female,92,3,adult
58c58fc4-447e-4c81-8082-3bc4b52b1387,21,Female,28,52,young
844f5018-35df-4c64-aef2-5722c3576ffe,90,Female,197,41,old
837e6a04-2aef-4e05-b22e-466e09319a0d,74,Female,197,41,old
d48cc765-6a77-47f0-a532-7e17122883e8,89,Female,23,36,old
1316aa4f-5220-4b4c-ab4e-c46bb331568f,83,Female,187,61,old
1ce8c675-047f-49bc-9c7c-6c85bd159675,76,Female,66,11,old
17133882-764c-4822-ba4c-44f6db78d90d,19,Female,115,43,young
54a06936-d94b-48fd-8493-d8445d4c3161,85,Female,146,16,old
6d69a27e-0f01-4698-baf8-bba7337d6486,20,Female,49,56,young
4a3d7068-ad88-4dda-9369-32eac1367745,40,Female,171,11,adult
dc94316a-2b33-44ff-a376-0c774d8b8c17,47,Female,90,84,adult
e347fdb0-6142-460b-8b42-6424e2f008ee,64,Female,42,78,old
760cbc5a-9c01-47a6-bc05-d3187b2b5452,45,Female,170,10,adult
95aed614-f568-45c3-bf57-4eacc8c76dc5,27,Female,56,9,young
57f956bb-f763-4491-9318-7ef03dce7358,40,Female,129,69,adult
d38aae1e-e5e2-4fe1-ac9d-f39eeadbd9a2,49,Female,115,75,adult
6ddc12d9-12a1-43d4-bb24-b12906e21e1a,23,Female,180,14,young
0bdb355e-29b6-439e-9860-e68d636aeaab,86,Female,81,12,old
6641a841-793e-45dd-91de-85017a629d36,83,Female,147,11,old
8aa4e200-d534-4edd-abe1-f4790fa0c700,73,Female,169,91,old
ed96a932-4f6c-4d02-9653-5e2974ecf750,68,Female,189,64,old
867734a8-b341-4644-9c69-cb2560310793,78,Female,142,77,old
adddb239-5e7a-48fe-8d63-4a603c1c1353,73,Female,146,46,old
b2e8a363-942d-43ec-b65a-31884dc0c933,51,Female,48,35,adult
eac2e001-1d6e-48b9-a01b-b3fa98809b42,39,Female,55,30,adult
72388bf4-297a-4075-a18f-4c1f6a99438a,49,Female,26,26,adult
e34740ee-af41-412e-aa0b-69da29d4c711,26,Female,107,45,young
0a619d5f-5a38-43c8-a243-bcf312d81f8e,81,Female,166,48,old
9cdc4c93-6867-4506-aece-29c46bdf7989,26,Female,82,26,young
2c89ee1e-177d-4449-b2c3-c1f38e6f639e,21,Female,190,64,young
0de1b13b-d209-4301-9eea-a2b04676faef,21,Female,109,35,young
7d2a668a-d925-4514-9b8c-8b9a0bf20d0a,60,Female,41,65,old
d273f733-55d2-46d2-ac9a-d015206d7b4a,76,Female,88,46,old
5a72e21d-0095-4364-be2b-5bd106dc7927,86,Female,153,66,old
ade8aaaf-78f7-4c05-957f-7d1f0dee4367,85,Female,135,32,old
4264ac59-8005-44ab-b9e1-e1a13dbefcd7,22,Female,161,2,young
73ebeee3-01c6-4ffc-8a7f-bf81391443a4,44,Female,168,82,adult
1615a4d5-9753-4588-a266-32cdec085c17,18,Female,163,2,young
05174e0a-b1a0-45cf-91bc-5d16836da7f2,52,Female,40,79,adult
b6080c16-e167-432c-b2b4-f0325983488e,60,Female,159,99,old
30be8d15-a439-4a0a-9239-aaf350bf2570,43,Female,155,5,adult
3b0b7591-de87-4e30-82a8-ae2462624f4c,26,Female,160,100,young
baaff061-455d-433d-afb7-fb823cbc00ff,76,Female,111,81,old
235db8ea-80f0-4595-8e40-e5a69d6b9d4c,43,Female,100,54,adult
72deb4b2-ccfb-40aa-883f-10d28cd83db7,30,Female,65,3,adult
abcd9a95-6322-4360-8931-e9d1224cc87a,51,Female,190,33,adult
eee05579-d22e-425f-a144-14e3b917bcb4,76,Female,56,37,old
f9b91895-95b8-4b61-92b0-9081180aeba4,25,Female,145,90,young
4e938d15-056c-4703-b39b-bdd26ea721b0,90,Female,131,97,old
210cc9c3-2b84-4536-a54f-fcd521d34052,64,Female,41,53,old
a5dfc186-59ae-401e-8ddc-63150adfad5c,18,Female,151,45,young
1e4335e1-a9d9-45c1-9ba5-d36473a20979,34,Female,173,60,adult
255f2ab4-f5ac-4bcd-9ee4-d3849c5545d2,88,Female,114,55,old
93ae36e0-0b5d-454c-8df8-a5b8b58d6198,43,Female,82,83,adult
42d418c0-65bb-4136-a1b9-95915d933279,62,Female,75,64,old
7968ff56-e80e-417c-b448-2eceeb8a09ea,84,Female,200,42,old
e2b0d521-0954-4869-8269-3fd7d7f8f144,64,Female,57,50,old
d31b226a-d719-47c1-a105-d393b7c8d699,85,Female,185,37,old
c557e244-b61b-415b-bd3d-eeffeabce1d9,27,Female,139,84,young
abd35b86-a06f-4eb0-b93e-53a072c5abd3,90,Female,22,88,old
429f9a36-bec9-4c25-ae99-cb5099a62554,53,Female,84,84,adult
8b4cfd5e-fa7e-41b6-9a8e-3d499d76af6c,69,Female,178,21,old
e5c6ff62-f499-4d6a-b0d6-1950d7f9aee7,72,Female,46,31,old
dc72e55c-c2cf-4815-a1e3-0e140e2bbf63,25,Female,126,46,young
7e48d43b-2a6b-47f0-861d-b89aa27d1bed,87,Female,22,57,old
3bd1c04b-146b-4bb9-a618-5729a89b921b,44,Female,185,79,adult
ac5b8fc2-096a-4ae8-8e01-e741c380d554,63,Female,177,51,old
927b1889-80cd-4bdf-989e-5a1a16b01db4,55,Female,164,77,adult
7ee6c4a8-b031-41aa-ac93-9414eaa9dff2,50,Female,67,20,adult
ff3adf3b-aa60-42ee-8482-8b2651b51547,74,Female,98,55,old
4beaefef-41c6-4c55-a8d4-6d52ae2290c4,85,Female,177,53,old
ea7e10e8-171b-4b17-95d8-5b92e7bee249,33,Female,89,58,adult
a615476d-0259-4f6f-ab83-b2cf2d6abca5,57,Female,45,74,adult
0217dedd-eb7c-4740-a3a0-55f1c0c30668,30,Female,103,9,adult
ebd0f957-1f65-4fc7-9b15-ad596b0991be,44,Female,115,84,adult
e06f8074-439b-45d4-9a73-777411e68f85,52,Female,182,35,adult
40d55bb5-f087-4891-b722-80f6b2d94957,58,Female,99,93,adult
8fa86256-a540-402e-befb-4d225947b8ee,26,Female,198,31,young
587eb2ee-b228-4201-b942-58352050ad89,24,Female,82,19,young
3ceb33fb-e4f0-4a0d-855a-e462fe4ed01c,86,Female,99,41,old
9b2b4ead-a132-45d4-a581-d38d93aad553,90,Female,65,68,old
10a47802-6393-4b02-8d9c-177df50b8778,49,Female,64,69,adult
b7748859-e4bb-471b-b34e-5ba47c759602,38,Female,98,21,adult
59225f13-e4c2-4aa0-bef8-6ba58ccd58a5,30,Female,147,93,adult
91560784-7c04-4b13-9765-2465adf1b0a9,75,Female,126,5,old
674cc9da-0bb8-4fed-badb-3a07949859a4,19,Female,119,79,young
f9d6d4e7-eb90-431a-9a33-acc9a5ab6e25,42,Female,29,40,adult
166669c1-8630-4562-8ec3-e108a719f082,64,Female,80,92,old
fd369fa4-7c95-4b38-b604-2627acb8d4a0,86,Female,130,2,old
5f884401-c2bd-4513-8e0d-a3e632862834,64,Female,85,13,old
b9772f5c-fa62-410e-b00e-acc0bd00055e,88,Female,160,37,old
f8d8a623-402b-4037-9b11-7ba5668686e5,35,Female,162,70,adult
f6b56aed-a8ca-4c10-b91d-cecfd7839068,21,Female,110,95,young
324b1b0e-ecc7-46e1-89c3-623f6f60a9ca,84,Female,99,76,old
55f4d9e8-2923-4dc5-997a-939810d0c7b7,51,Female,140,73,adult
1956c2b5-8e4b-4725-b366-13d1dd42b0a9,24,Female,192,36,young
c3fc4963-dad8-4b1b-b913-9d9609146a37,21,Female,143,41,young
9e7f930e-4998-41a9-96ee-3df2eba4725a,78,Female,71,54,old
c9aecd51-1552-4db2-81dc-d9e2a554c72b,19,Female,30,13,young
c2f333e8-e6b7-46f5-adf2-12bb51547c61,79,Female,157,84,old
fe50a400-d51d-40c8-b1c8-13e4a9a7bce0,53,Female,121,64,adult
8edde699-10c9-4817-a89a-2ec377057ba4,53,Female,117,44,adult
3723a9d9-a019-4a4e-bc5e-a22c7d1ab8bb,55,Female,196,49,adult
698fed87-7ba5-4479-8c1f-5f28a4223b63,64,Female,181,75,old
013b5ec5-2863-4f38-b194-4455475823ae,71,Female,23,98,old
36809766-401c-4480-9b22-e2f70379e0cf,82,Female,170,1,old
80099b01-b712-48a3-bafb-18de796bd50d,19,Female,163,92,young
1ef9babe-849d-4355-9017-d8095016e3b2,88,Female,66,87,old
66320b12-3f8b-43d6-bd22-3d89d15a7e18,28,Female,29,81,young
20e2de5f-1d01-4d50-ad62-4f6ab33d2ead,80,Female,92,75,old
145cd977-bfdb-4f99-a8e8-d8b395960b2e,54,Female,44,24,adult
42f013eb-6bc9-4064-bcbc-91773ab0f8dd,30,Female,152,69,adult
cabb2b54-33db-44c2-adda-93c78c951340,51,Female,149,50,adult
0b713f89-19e7-437d-99f9-c4ce7b48daf8,69,Female,141,55,old
7c4d123e-dd81-452d-8548-3283fe377803,43,Female,67,28,adult
57957435-d775-4c5d-89ff-2ba38b0367a1,70,Female,150,73,old
ed671f2f-b01e-4020-928e-af1ff465ee1f,88,Female,166,77,old
3be9f62a-c5a8-422a-b47d-73de1f6bfd63,18,Female,40,49,young
837b5f12-7842-4da4-867f-10ef7c4a6a75,79,Female,116,54,old
f581cccd-61f5-49d0-9578-4a7896bc1dde,63,Female,192,45,old
2a0cd52f-ade9-4c55-b010-83d72d761c51,26,Female,136,84,young
abbabe06-feaa-404a-a2bd-d0ec40961c89,32,Female,118,38,adult
54e98deb-fb84-428e-ad40-1046ed726fc8,34,Female,50,57,adult
05823d9f-9132-43fd-b80c-5247c49b8f7b,30,Female,32,70,adult
c24cc241-3f98-4d73-99c9-cd79a4f49a2f,89,Female,135,67,old
b88edc30-ec3c-496e-b0eb-1080d83b4c7f,52,Female,78,65,adult
ffd41418-0305-4a03-b45f-c6b8964c0100,46,Female,134,53,adult
8f826026-7679-462e-992e-d971c3c16b2d,67,Female,35,62,old
d45f6489-a0b4-43d8-84aa-d9b398c5934a,18,Female,164,15,young
c12bf1fe-6808-4679-83e7-e2457393e10c,85,Female,33,93,old
b1116d4a-fd51-49f1-bbe4-8852aa804e9f,19,Female,151,9,young
d4f175b8-dda3-4435-a069-b65f9c17c890,40,Female,85,93,adult
5794e2fc-3a43-40c7-af99-ba37cd178d3b,22,Female,83,25,young
68a56489-916b-4eb9-bde6-792992f9e277,66,Female,151,98,old
63f4b2b7-72dd-4e40-aca1-41051f5d64a5,75,Female,36,52,old
238ed3c4-9a96-4394-88b9-f1d69f81a7d0,68,Female,172,56,old
21c0b5a4-0f37-455a-94cd-f66196c2aa1e,27,Female,91,40,young
afc7d8cd-3ddd-4af5-8aa3-428079b828df,41,Female,196,28,adult
c19ce92b-ad55-47ad-8ec6-4630468aa64e,29,Female,23,87,young
1587409c-3d20-4703-9c3b-0eef59abb477,63,Female,44,83,old
f8db2549-71d2-4a93-8216-afbaa398ddd4,56,Female,83,53,adult
27b05c9b-a539-4774-8131-6c4de87039b6,30,Female,133,82,adult
baff35ac-8f45-497e-b2b8-67e0ab7feabb,18,Female,99,24,young
83428bb2-5467-4c55-a459-dc8a49b3001a,25,Female,63,46,young
af8a6f5b-4ce6-4900-84d8-8649e5a2aa20,63,Female,63,68,old
90086825-7b44-4a43-9006-d1b2a52372d5,78,Female,138,1,old
a007e507-5d39-4c1b-818b-93fd84e00cef,51,Female,61,86,adult
7289a581-d04e-47cd-acc6-0fe87f5862fe,21,Female,158,74,young
9f9b0c8a-89ba-4a01-a2bd-b2d9b7d1ce16,66,Female,141,38,old
6339333a-a019-4c68-916b-e769a83a06ad,29,Female,133,62,young
e19b03bf-3716-41ee-858f-c9841ee3b175,74,Female,178,55,old
38fc197f-4110-4d6e-a612-172dac5539dd,90,Female,144,91,old
0ff04674-2ce3-4632-b60d-7f41f077544c,21,Female,96,96,young
9dee3ce4-5259-460c-bb74-87addb02ec2c,38,Female,70,7,adult
3720f3c4-049e-4099-98e8-5ef3a3c3cd02,68,Female,138,14,old
83354d17-e4b8-4bbb-8488-ca4244a0f298,32,Female,38,52,adult
12e4ca57-d05d-49f1-be35-71e50fa12601,52,Female,190,3,adult
49c1c51c-654f-435a-bede-936f08f3434e,18,Female,114,72,young
391e647e-94bb-447b-8d76-c9afe8680578,18,Female,143,77,young
d380ac44-f022-4357-b66b-8db1cdecaa72,74,Female,158,86,old
fe62d567-a0c1-4a2b-874b-c050a41425e4,47,Female,136,7,adult
239ba7e6-5c23-43f8-acda-41d45198f4f2,44,Female,83,48,adult
073f4c98-9f42-424a-85c4-4e6323afd610,65,Female,70,72,old
a3a0d87c-3f34-406a-8139-b400ea1b351c,81,Female,196,90,old
3ab08a86-072e-47da-9492-6f5fa3671fec,22,Female,70,26,young
bcefd787-c74f-4860-94ea-72e4d92550dd,73,Female,119,60,old
97ac50ed-15f0-4ec3-978b-4c070dd1ccea,31,Female,80,73,adult
87e28ef0-5469-4772-96f3-63b59a3c9104,22,Female,169,42,young
f742c42a-7862-4894-8e4b-4ab0b5cc7414,74,Female,37,40,old
69d82e5a-6bbf-4b2c-a503-14ce6245d763,44,Female,43,4,adult
f0d231a6-c61a-499f-b465-5d30b8d47618,27,Female,101,13,young
fa6b7777-508b-4270-9af9-f5237e0b14a0,25,Female,198,90,young
bac0c387-374a-4222-9082-a38dacfb9f92,83,Female,92,91,old
dbed72c9-6586-4f6e-844c-4d48ba3e98de,34,Female,38,48,adult
ea61dd3f-383e-4dd2-a9e1-e27fd8680aa5,59,Female,125,14,adult
48f7fbcb-8799-4791-b0de-db5eba6f6aaa,87,Female,103,33,old
65c2572b-e785-4f5a-aaba-a8d6e49e78c7,25,Female,120,5,young
be5c11c7-4095-4ea4-b744-50f01d1dc52d,73,Female,167,62,old
4796e479-c3aa-46a2-b5e4-2b9b59451cd1,78,Female,190,67,old
827cd9a3-0dda-48f9-9a20-3f02ba3d30c1,21,Female,78,89,young
ea4455e2-202c-4024-8ed0-bed85c85cf22,40,Female,125,46,adult
55ff8baf-1394-4a71-a00e-e6abc9900e02,42,Female,85,21,adult
68548eba-e54f-47c7-aced-e4a2eca444ce,27,Female,192,10,young
6fa3a8f2-7e38-40f3-8059-85fcbbb93414,19,Female,196,95,young
ff7c1f6c-1c2d-4779-8fc5-ce57daff7703,59,Female,124,46,adult
dcfa1029-e292-4ebc-aedb-a13702ca9b90,57,Female,190,34,adult
ce06a409-96ab-47dd-9d5e-bde0274c9255,70,Female,89,37,old
68641bc3-ceac-4795-86d2-848c53992f01,83,Female,36,22,old
ad01fd2e-0579-41a7-a740-369892e293a0,84,Female,157,91,old
584a4604-6b68-4106-95e8-37ca63eb777c,64,Female,124,73,old
33ab889a-83ee-49c8-8c5f-2bbaae43ee15,55,Female,157,36,adult
7828a6cb-909f-464e-95fa-9553c24834c6,68,Female,40,39,old
f9b7120a-e9e9-4029-9a56-dd54412a2cd0,52,Female,130,98,adult
295d9a3a-0769-4300-938a-fab95f81d005,66,Female,172,53,old
ae657646-06b0-41d7-9dcb-2b61ce7c3bba,76,Female,86,34,old
98da71a3-8b0a-441f-a9b0-3fb257d1643c,74,Female,108,55,old
40200024-8f8c-4c3a-908b-66b4025e4030,89,Female,187,89,old
a0067af3-ab97-4466-ad23-9f6fa29cb9e2,70,Female,62,16,old
79ddd963-98e8-41ec-98b3-881b0e898206,41,Female,115,2,adult
6c486a32-d94d-409b-9df7-0b3b99c44057,60,Female,51,36,old
46e6c425-c6b2-426b-9359-1b95814c7e61,65,Female,120,90,old
4cd44877-d5d5-45a8-a2b5-ec4fc5ee9b60,68,Female,77,67,old
0f203138-4683-4b1b-ac9a-3b870cb3ae38,27,Female,110,58,young
4a28f50b-a30e-48fa-9d0e-40f91bb79459,30,Female,48,87,adult
aa172ecc-1482-4dab-8e93-f64d0561d471,24,Female,96,58,young
92484ff8-72c8-4c53-95a2-252615c2c932,90,Female,29,8,old
4496fdd8-dac4-4c5b-88e5-31cf68d08220,57,Female,180,27,adult
cfc7c56c-7f77-48d9-bfb9-196b919cd587,21,Female,71,46,young
e533bb9a-a59f-4f64-8a8d-6d5c11deceaa,90,Female,100,54,old
1b751d13-5e75-47f9-a63e-500b39fad7e1,44,Female,59,53,adult
60a1d6d9-5a71-4934-aa14-37ddb9462a2f,46,Female,184,11,adult
e352643b-ed84-4b94-a1be-0d7289b19140,80,Female,83,82,old
7781b5fa-e846-4772-9d87-7befb6331921,52,Female,94,40,adult
a3757c3f-3a89-4dd7-bd8f-e549017fc927,73,Female,182,49,old
f2e7433d-bc45-45a8-950b-1293167f28e6,26,Female,43,43,young
9f7f5d79-8d39-4235-bdbd-2cbcb5ab344f,69,Female,121,70,old
163ac452-8899-4ec9-b84a-886d24c5cc9f,62,Female,154,71,old
0ecd6230-5f74-4978-b064-f31e432433ba,84,Female,117,58,old
93fe563f-3540-4884-a2b3-6ae625f2aafc,80,Female,72,26,old
b64adad0-2771-4d10-a2be-22784d5e1b3a,74,Female,24,35,old
d2c1de88-aa0a-4fd3-ad99-abbe2b417ba6,56,Female,87,58,adult
c5b66f83-80a2-46d9-a565-3e4ab9cc0261,81,Female,85,100,old
c184b32c-d3d0-4a9b-8c5e-fe7a0053a78a,23,Female,32,68,young
287198dd-f766-4a0a-9e2e-e05fdcedd288,51,Female,60,63,adult
52892211-33c3-4e85-bbff-4fc490f962e3,29,Female,41,58,young
4e7a3798-c379-47a7-9f5f-cc58c8a4e910,75,Female,137,83,old
5eb236bb-4224-40f5-94d0-69b8cd075154,87,Female,130,22,old
34dd3847-eb41-42ac-9702-0bab13158c33,90,Female,49,83,old
b3f3b9b7-c818-4410-b585-c2d4c4a61ba5,58,Female,86,9,adult
62d2613e-a900-4763-91be-b265cc3c840d,34,Female,33,64,adult
29a15dda-210d-4f9d-afde-973cb96f7c52,81,Female,87,27,old
ef025023-02b2-44de-9edc-e94096e01848,86,Female,196,66,old
2fa9b02f-5fd3-43bd-a569-44ad50b17221,44,Female,79,45,adult
6608e609-cc78-42e1-9644-c7714725187a,86,Female,198,18,old
aea9ecb7-91be-4169-a617-eee0e4036eb9,38,Female,147,96,adult
19c7d90a-95df-4a87-9a0b-fba429d2c7b5,46,Female,178,21,adult
3b4b02f3-8c8d-44de-bba1-2b59a0572bee,69,Female,65,98,old
64a6deb2-5452-41e2-b9ae-5a05ccb8cb77,25,Female,133,22,young
0b4d4b91-2eec-4bf7-a5a6-180c08ebf1e7,31,Female,168,27,adult
406eb05a-108d-45f5-9b19-27f539700067,47,Female,188,49,adult
babdfd5f-f529-4c4c-9143-4975c10aafdf,35,Female,120,71,adult
6a22cc5d-ac50-4329-b447-1e4ad4499fc9,30,Female,172,98,adult
5ba81f0d-9825-4c80-9a05-43d8ffa3d929,20,Female,79,17,young
90228bb9-4864-40a6-ba91-951234ea44d8,43,Female,66,15,adult
d6241abc-03c3-49e0-b1cd-fe29f14ca1bd,24,Female,67,81,young
e2b4c06d-c7bc-49f7-93db-f494e7ba2bb3,75,Female,76,53,old
578fdc40-85b7-41ed-9a22-e1a7f6734f8c,78,Female,120,68,old
129ac877-2b7a-47e4-a6e0-3d509bad4efd,54,Female,138,82,adult
7db797ae-e78c-4041-9311-52368fe15a15,22,Female,173,29,young
f62793d4-f9ae-44e8-8889-a76008c80583,54,Female,174,91,adult
2fa479a1-0470-4243-9b40-55044b44b140,61,Female,109,37,old
62b5877a-78a1-4de6-ad2d-5e843a6b3b0b,90,Female,86,29,old
468bb64b-23ec-4699-a677-3afaa8e0dce9,69,Female,167,90,old
1120e41b-e8c0-4c55-b5a0-15825d9bd6c1,47,Female,66,60,adult
b6107347-a1df-458d-89b9-3a83852fb7f1,21,Female,142,5,young
cb7284fc-4e8b-42db-9685-1fe67560de36,51,Female,47,64,adult
b9d147a2-4ed2-4691-b6da-e4d8c63480e2,73,Female,33,48,old
0ce3ef6b-2738-450f-93cc-d220405fa77e,66,Female,103,63,old
abb9a3f8-7c6a-402f-b9bb-0aca85c2cec8,36,Female,110,87,adult
6b780bbb-a959-44a4-ac3e-dd691b9b33cc,81,Female,146,62,old
63901fe0-11cd-4499-b63d-5c827b93be51,50,Female,163,16,adult
d9a766ac-563e-4843-bec8-a9373fa9ad68,67,Female,101,19,old
b1d40ef4-ccdc-4c53-87f8-236e7abba543,66,Female,89,26,old
39707b6c-a28b-4643-b811-f8ecd014a474,88,Female,34,35,old
00db2519-a117-4a83-a1f5-9e59f1e016de,50,Female,196,92,adult
c28ff262-806f-4de1-8cdb-42bff7e34123,30,Female,27,25,adult
23c5e945-45a3-4526-a305-70aa179872c2,75,Female,135,54,old
33663d87-0dff-4950-9744-7b62e117336f,79,Female,71,11,old
2e8e3b52-7c12-428a-8ccb-b58a25e6533f,88,Female,176,8,old
95398daf-a4df-4180-b289-bf5de481b354,65,Female,48,38,old
655ae7a0-8c15-4300-8a3b-af2fccb8640f,48,Female,50,62,adult
64a08220-c3c4-4881-ac32-81dc512cdab3,41,Female,94,26,adult
66819e6c-c5ad-40f4-9bf7-45c7fc497971,38,Female,138,83,adult
8961d0d4-6e41-4c9d-ae24-7a08b3785804,63,Female,184,37,old
5d14e5c5-f710-48ac-a501-bf8ffa739367,48,Female,108,45,adult
b90dc9cc-f967-49ff-9fbe-487ed572a84b,84,Female,64,42,old
b47da945-6edb-4cf6-93f1-cc2393611387,75,Female,168,87,old
52816f1f-62d6-4eca-b0d0-e9279d7c0deb,36,Female,154,93,adult
212a1985-e57e-42ff-97b4-24985f4512cd,66,Female,74,57,old
590adcf4-3e16-49c4-9d53-f4d087cefcdc,38,Female,65,90,adult
5441098e-1607-4447-b0b5-92b176c28fa1,45,Female,113,2,adult
e8b11923-faeb-4843-ae15-743038992e2b,23,Female,199,59,young
236a038b-d7b7-4218-9e7e-06f873e9a5aa,29,Female,29,39,young
90901417-9bb6-475a-bc4b-09b60f07ab5b,89,Female,120,47,old
6fa0dec3-cdb0-4827-991b-a636dceb56a2,27,Female,109,46,young
98ab5bce-c3c9-4ee8-adb0-9941685eb247,20,Female,120,30,young
00e203e5-c1a0-400a-b286-43939b10f6be,23,Female,155,85,young
4d3852fc-f35d-4b1e-a14d-d9254b36db57,28,Female,155,17,young
0123d2a6-a38a-4922-a8e5-178ff37e5f40,90,Female,33,32,old
86af4537-d751-468e-9caf-82d831a2e720,28,Female,80,95,young
af03919c-efd1-4ba0-b296-701f95fac27f,59,Female,155,72,adult
01acaeb8-3569-4ad5-95a6-7e7ba252b021,58,Female,33,64,adult
105076ad-f04b-4eb9-b02a-4a3723f67086,37,Female,149,9,adult
4cc8e9b3-4502-45b1-84f3-40ad2a57be99,50,Female,95,45,adult
8f34c2e9-92cb-4568-b1a2-bb861bcbcdd0,26,Female,39,49,young
aef3c5fb-3596-49ed-9007-96d6888c4a7f,81,Female,170,97,old
276e3d9d-30a8-4293-9e36-dba656b43d6c,81,Female,135,95,old
4258dfb2-547a-4c71-9f59-13a91b086f3e,32,Female,148,83,adult
030d7273-599a-41a8-b6aa-090bdd2bae7f,52,Female,184,93,adult
fff2ea32-17fc-4331-8186-f05728bf6b84,45,Female,187,91,adult
bce2e935-787d-459f-97bb-84b2661b3382,43,Female,173,1,adult
2f7da83b-a55b-4018-9f42-38df2476b1d5,88,Female,124,19,old
1e440e5e-d6a5-492b-bb8d-d7070f2be967,62,Female,53,52,old
0cbc15a8-9efb-4efd-929e-659c2da67826,86,Female,96,74,old
16eba816-3ada-490c-a6d2-0b6724717f65,61,Female,76,93,old
41c7c393-8a4f-4e7a-83ee-5bc55b6965cc,52,Female,172,23,adult
323d9563-5a8e-4f44-afe0-984b99817946,86,Female,177,32,old
cab3c7c0-312b-4971-b215-fccd447434f2,29,Female,195,27,young
53306419-6429-4dbf-b3a1-8c31e9bfd6f8,59,Female,164,42,adult
b5a02b83-e0aa-4382-a79a-c181778f79be,48,Female,115,54,adult
0828ef6d-11bd-4cf6-b9f6-4e2d0308ca58,32,Female,113,27,adult
4b35bd8a-dbb3-4671-8d98-27399485be5f,59,Female,46,86,adult
b07706a7-bd57-4f2c-8320-bde26fe63034,81,Female,124,62,old
3a83f9aa-6b0e-4a02-9f19-adf25bd05bf5,65,Female,199,78,old
e55483f3-e77d-4ba8-8120-a07bf95ee375,52,Female,192,3,adult
c0fad555-b8d9-496d-b7fd-f412413ca2e8,67,Female,127,68,old
4d349595-9d91-43b4-9ff2-ff58daef0f4c,22,Female,79,78,young
0c0281e6-c7e8-4401-b175-352a4b488545,85,Female,127,98,old
071c5034-4583-4981-9cd1-e2e9c9d614c8,61,Female,154,43,old
2a218545-9f4f-46ef-85ab-300aef1308b7,53,Female,33,6,adult
2d78b857-639f-4210-a44e-957087c059bc,70,Female,180,47,old
60751fce-ef3e-43a5-81fa-f924a5776bf9,24,Female,78,32,young
69255213-59c2-49e6-b0d3-a903949c7820,65,Female,71,80,old
69d0daa6-456d-4aac-86ce-3a51ca23b0e9,26,Female,170,65,young
7f39cf75-58f7-4183-934c-2117c8b60dec,74,Female,197,16,old
18db1480-e6e6-4d77-9e67-54f4061093f7,79,Female,99,33,old
4341fa39-4a6a-408a-a90a-501ba8001b8d,73,Female,189,55,old
2c47f398-a9d9-4638-a98f-08be1de7707a,51,Female,148,45,adult
8b3a29b1-787e-4348-8687-b4b73cf696e8,68,Female,24,85,old
3c957495-9d9b-4784-9b6d-1f1a0b1cb1e9,36,Female,21,65,adult
c707d322-815f-4c04-a3e6-a3e4ad1f94b3,45,Female,38,84,adult
d0db8c37-81df-45e7-8a6c-5391b7c44a7f,43,Female,186,39,adult
2558e0ba-f1f4-4dc3-9bc2-c2e437613e32,44,Female,37,17,adult
b56c369d-23d2-4a69-a6bb-c294415890fc,39,Female,176,57,adult
47f8e639-90e7-4c27-9ce9-0c428883656a,31,Female,76,33,adult
61b405fb-b970-487c-8843-753e27a7b21d,41,Female,173,20,adult
028eea37-3bf4-4e16-9c4f-1ab711b94e4a,48,Female,112,55,adult
7659b0bb-785c-4402-b7e9-d0cff9035f75,48,Female,110,47,adult
ae48333d-3859-430a-979b-b4ea482543db,86,Female,42,57,old
3067ddf7-0b14-4884-96bd-98aa897b194e,28,Female,152,85,young
d2bf2905-246c-4a32-9bcc-3f0568adde02,56,Female,174,40,adult
713bd49c-0263-48dd-bb49-92a6617eccb5,43,Female,94,13,adult
107b302f-f809-46b6-9756-65399b3c2afb,26,Female,131,71,young
c9d6fb4d-e5f2-409e-8973-0243cbd8cf75,54,Female,180,16,adult
90281bdc-9b73-431b-b6ac-5c54671d8caf,67,Female,38,81,old
473ee0ef-bc00-45e0-ba19-3e54ba7649fe,79,Female,110,84,old
ac153e01-5152-4481-99d3-b1ba5c4727be,33,Female,117,1,adult
e880b991-a6d1-4b77-9e99-e955bd47b4e2,36,Female,156,50,adult
f64d34f0-0690-4862-ba29-09ce7bd20356,68,Female,113,93,old
57af1afa-7772-4f5a-8142-9152f613eb72,28,Female,137,27,young
06b0cd81-c9f9-4090-a500-989058f88304,69,Female,135,75,old
00c8418e-bb09-482b-9232-20304ab09106,69,Female,79,45,old
d4ebfa36-5365-4ef6-83c0-a336c2004c56,81,Female,189,32,old
036a07cd-83b2-41c7-a4c1-f39541d0bfe2,36,Female,197,64,adult
a9073ab1-6344-42a3-af26-778bbaeb68a8,55,Female,143,92,adult
98d1159e-d5c3-427a-81f4-dc541e366b60,32,Female,84,45,adult
b10e506d-f0e6-4576-988a-30c534e8245d,67,Female,144,20,old
cb13317a-599a-43e2-80bb-7800382c0372,48,Female,72,52,adult
7ea38630-fd0c-462d-8161-2ca7768db12e,36,Female,188,50,adult
8d4a8f66-b352-4bca-b077-05e99df2243f,89,Female,113,15,old
a69434c0-eebe-442b-960d-29b3714b9592,76,Female,137,88,old
af17deac-7967-4750-9a07-bc710187bd7e,31,Female,28,48,adult
47f7912f-f8c6-4de0-824e-8d57dba71519,71,Female,130,96,old
d5ad86be-b408-47fc-9ebd-e26546120f8d,83,Female,86,3,old
8c31f3f0-7b61-4b75-9a47-e1f3a6286e89,75,Female,133,22,old
9bcbc0ac-8435-46b9-a8bc-054ae0306b7d,48,Female,143,30,adult
877bb710-189e-44ee-bbab-900b9eab1e2b,28,Female,96,55,young
923b46dc-0d5b-4362-9b8e-3ae21abe7403,26,Female,128,40,young
a49cc37c-4ba4-46a7-958a-219b3cc9fea5,38,Female,47,71,adult
66f1daf0-c808-4fa4-810d-874183478016,83,Female,39,68,old
64d8c176-e5ab-4a6e-8d19-7d587cb2f7fd,41,Female,137,72,adult
b629ed65-fdf1-4b11-a267-7f812a35592b,35,Female,191,9,adult
f4f7c627-ee78-4856-a7c6-de0ae2add43c,51,Female,27,8,adult
cc4480ee-06c8-48ae-a15a-ff30775803dd,83,Female,108,46,old
859da58d-90bf-4169-8ba5-393919e026bb,47,Female,132,55,adult
d6a3aaed-b3ef-441f-8a56-e04fea93d90a,26,Female,86,59,young
f2ef2196-f52a-4459-a0bf-e79429bbf2fe,34,Female,135,87,adult
8ef1f6ba-78a0-49a0-9ec1-8b66572cc631,80,Female,68,79,old
4d6818e6-8ff7-4dd9-aae7-f6110e83e4d8,29,Female,81,43,young
8036fb80-0d59-461f-a3ca-9a68d1b6a572,27,Female,90,23,young
7be70de6-631e-40f9-ba4e-097289aaf520,28,Female,175,51,young
5d61cda0-6fd7-4e7a-a11c-09e7c72e1830,41,Female,84,41,adult
2fdb05a9-ca18-4274-b261-44373cf870a0,46,Female,67,99,adult
8925e399-fc68-4f1d-bf1f-b610d5ab23bd,79,Female,102,62,old
7529240d-df98-4ac3-b3f1-0ca104a2a82b,86,Female,176,81,old
6db4385f-aebb-4f93-a5c8-7b098122c298,79,Female,27,24,old
5c2040f1-ba81-41f7-8e77-220b03327985,79,Female,101,40,old
f1576167-c30a-4028-b79d-faba19fcd7fc,28,Female,164,16,young
0c524bad-5058-4356-8cfb-e0718643ac5a,49,Female,39,72,adult
03734c49-a024-41f0-a0b8-ce8a6e9e6432,74,Female,109,24,old
e0d5d01e-4afa-4763-bffe-1f7517bda767,23,Female,173,63,young
5eb1a6f8-8c13-427f-85de-a0aec862b50d,82,Female,136,71,old
c2b8c649-9330-4609-908c-dcb68e610033,56,Female,168,65,adult
017089be-cdac-49e2-8e69-115a76a24f7c,28,Female,68,63,young
e3d5da36-4cd9-43a8-b6a0-7730bc43ba69,21,Female,137,19,young
2a183046-4284-4a1b-9504-eaefe21dc01a,73,Female,23,89,old
05b82abe-d441-4b2d-abdb-b586b338d0b4,18,Female,39,94,young
0da3ca90-1e7a-4358-9b6b-4544373ab636,72,Female,104,68,old
d412673e-d379-4dd3-b9e6-1d116bf00a75,58,Female,67,16,adult
f743f8c5-6832-42e4-b703-239460e9a798,83,Female,73,53,old
d52b001c-89c9-498b-b6ab-d507318a927e,72,Female,63,30,old
c6cca5f5-9cf9-432e-88e7-79af469bf9b9,71,Female,74,81,old
c2b890db-99c0-45e9-a15d-786e0492f595,35,Female,123,86,adult
28a97ae8-9c29-4faa-873d-12a20565ae0f,86,Female,79,43,old
6d2187f1-932e-4b86-add0-db9b02bce739,90,Female,142,94,old
9bb5edac-1fa2-470a-8d09-b3c8dc5d0c9a,45,Female,49,19,adult
4de47f94-8ca6-4c7f-b8fb-3090a67063f0,83,Female,35,25,old
482573a6-bb5e-4695-bb7c-c55e4543adf0,81,Female,168,54,old
325ebc3e-449c-4cf3-a6df-ae1737753024,19,Female,120,40,young
7b2590fd-da6b-47a2-adcf-f07491579b03,79,Female,46,67,old
9d4f7674-1dd0-459e-9221-6d0de6548f4e,80,Female,175,27,old
69c782e8-9104-40c2-abe4-65b30d46198b,90,Female,85,79,old
2c401119-9df1-4434-a547-5a2fe188f709,46,Female,72,28,adult
0cbb0465-c9c0-471d-86a3-fc2a7e277b94,43,Female,120,50,adult
c1e1469a-1377-47d5-b9d1-a96e50308143,56,Female,90,82,adult
49e5e9f5-ce00-423e-9dbc-a65c2a6eacc4,51,Female,108,29,adult
87047474-864a-484f-8090-6bb3be539b30,49,Female,171,25,adult
ead84f37-ac87-4a20-a821-769206c2556e,88,Female,31,39,old
45a3e35e-cca3-4762-8dd2-c707d6a7f21b,47,Female,58,98,adult
574d79bb-3d9c-4399-9db0-41f463f2ba95,84,Female,24,100,old
2f394252-7f35-4c48-b323-befe7862af68,49,Female,70,95,adult
2e5869d2-96c7-4d59-8d3e-b973ba36ffcc,88,Female,198,66,old
00b94cd4-0d08-4ecd-975d-a58e56a507de,71,Female,54,24,old
f82ac1e1-b336-42e3-a409-f114f6a3bdaf,77,Female,72,41,old
886a8872-a128-4567-afcb-4b7887fd236c,31,Female,140,49,adult
ce017afa-dd5b-4dce-84ab-727a916b9852,53,Female,79,23,adult
baf647bb-aa70-4750-addd-52c085f5dbfe,49,Female,79,36,adult
621e5f2e-8280-497e-b546-cda9d86a7b7c,82,Female,191,71,old
8a368e69-bf53-4699-b5c3-f38a9e40850b,37,Female,100,83,adult
65332d8e-e3e8-4bf0-a961-ca3bc3e3dedd,25,Female,197,26,young
f0c2fba1-b85a-4df9-a2bb-9f14dfdb06b8,59,Female,27,79,adult
bb8a5199-28fc-4ca0-8336-5b1bef326151,62,Female,53,73,old
dd4234d9-f6a1-486a-b5aa-33a1168713dd,30,Female,108,69,adult
7d3693b2-d7fd-4561-a612-64575dc1c7c3,48,Female,25,31,adult
f77c7b00-8d9e-4438-8f44-e6530f7a5450,26,Female,178,66,young
fefa101e-6935-4ab7-9ee8-59b4663b4912,42,Female,109,37,adult
de2b586a-79ac-49e1-85d6-579ad27b107b,40,Female,25,21,adult
84e30238-d1ae-4fcf-a5e0-385efdd14649,30,Female,81,22,adult
e3012024-3991-4601-b7de-805d8808261d,20,Female,195,3,young
f000aa45-2fea-4869-b601-4a42580590a2,44,Female,87,25,adult
d004cecb-e4ca-4404-a15c-365563cd7d01,78,Female,184,98,old
977858ee-d69e-4acc-8ad8-98f7f27b1485,79,Female,51,43,old
63e873db-4296-4613-a8db-26fcbcddd92e,67,Female,152,18,old
b5a39763-69ea-410d-8cc6-16c615dfffb6,26,Female,117,3,young
b1a51c3e-583a-4c46-9b24-2d3ea258c8a0,89,Female,37,20,old
0ad036a1-3e6f-4420-a02e-af6a2ff8dcb5,30,Female,198,11,adult
a1d2ecbe-358b-4b31-8bda-30b8d6dd08d2,29,Female,160,82,young
ceaa6ebd-38ce-44ba-bf69-77f6899447de,50,Female,156,80,adult
afce295e-a0b4-474b-b668-5dbf1ce979d9,81,Female,171,15,old
795cd47c-1c62-4087-aa34-f694cc87c912,65,Female,107,94,old
75e82e21-546d-489e-8c3f-ec568cd95b92,72,Female,59,92,old
0863dd0c-34ca-439c-a318-6ed99ecc4e15,87,Female,123,74,old
933b2594-ef47-4233-b281-317bef1d863b,35,Female,45,6,adult
113b30fb-9a82-477d-9f53-e6ac66003bb1,90,Female,192,70,old
4cc24c9b-d33c-4138-9104-682a88fd5012,45,Female,199,26,adult
7699c578-327d-4b67-947e-85f442f1777a,26,Female,199,36,young
f9a90d28-dc5a-4c04-80d4-0ef4ffb3e38c,50,Female,183,80,adult
02dce46b-8888-46a8-8afb-d7a8b024096e,61,Female,156,83,old
26f62af3-82ff-4fce-9c10-bd64bdbfcbaa,18,Female,162,63,young
e9c1b0f0-0902-48e7-8744-dde50f23b474,56,Female,164,30,adult
d6dc9190-be21-4f56-a66c-e0539658f365,54,Female,114,17,adult
02b71b98-c72b-4345-ad83-8d9f3b85a147,66,Female,104,80,old
285ad9db-a49a-4386-8125-ab709e46a3c6,81,Female,57,92,old
75eb8ba0-f717-4bcd-a6ed-a1a6849195be,37,Female,75,78,adult
e75998b9-7ba0-466d-8635-2615f445f8cb,76,Female,91,47,old
dc212171-eb54-405d-8615-887d17139f83,68,Female,155,75,old
95bece5b-3ea6-476e-94c3-19c4c5f887e3,56,Female,177,26,adult
c3195607-c737-405d-b24b-2cec84d67c59,87,Female,153,22,old
08a5b1b6-33fe-4547-9c85-86f95c40738c,80,Female,184,88,old
d4fd2c0e-afa9-4f09-a556-c722078eec57,26,Female,44,35,young
8154df0a-0fe2-4ae8-918b-dcece2312360,89,Female,53,87,old
a084e4cc-e8fc-4695-a6a6-44a6f02aed1f,67,Female,130,46,old
7f3857a1-18ff-4372-9465-224303daff72,24,Female,83,97,young
002b1357-9563-4a84-af07-ab464c231a23,51,Female,153,81,adult
1da7525c-66eb-4f7d-8728-ebe9c47c4f94,47,Female,179,51,adult
59c7e836-a838-4c24-a41c-3f60b2291e7a,19,Female,180,40,young
55500efb-f4fb-42fc-86c7-471b9eb7140e,30,Female,76,89,adult
0acf6fbf-a10a-4194-a6ab-8d17178ca2e0,19,Female,61,91,young
20f67afb-bad9-4dd5-831c-81bdf19ba098,79,Female,134,33,old
ab1abb97-3c26-4661-b68c-84f3f31d4049,83,Female,28,90,old
a9a7656d-d33c-42b9-8bf0-42bbdf6f2539,68,Female,170,91,old
0f9e403a-9bad-4bc6-a73c-6a3905222749,49,Female,177,92,adult
a801f947-f7d7-436a-90b9-79c0358e49f3,85,Female,26,96,old
e043975a-d08f-4ddc-85ef-d63d421749e5,68,Female,145,87,old
fcbe7504-bd6a-4811-ba66-28db2dfdf131,45,Female,139,21,adult
2e374298-0dcf-4d51-a81c-20c42e700a8e,37,Female,70,12,adult
927f609e-c15f-4371-a177-461a4a2abfc5,29,Female,103,90,young
7a290a09-6f9d-44f3-8ac6-713d94effab3,61,Female,187,89,old
bbee7841-bd39-42e6-a68d-49f0c6d73276,80,Female,57,79,old
af330c0b-ac7f-426b-8f9e-eb3d77e3c551,48,Female,165,70,adult
1ec84221-4f96-483b-ba59-161f37c75f33,69,Female,190,61,old
375bc346-c5f4-409e-b031-c7c91ca27274,70,Female,96,5,old
42604f6d-c5fd-45d3-bb4a-74e9f75df072,43,Female,197,89,adult
03fcf515-2b9f-4f85-9a07-039b2f8864ea,24,Female,192,72,young
f70737e4-58bf-4b1f-af54-07aa0dc8ff3a,18,Female,171,41,young
3c5cdffe-11fc-412c-b689-7ecc0d7c7a0d,58,Female,124,59,adult
4dc41734-2992-4bb2-824d-153c84bacc33,57,Female,111,11,adult
e18bb882-d64a-446e-be43-372597a21bf4,60,Female,52,92,old
2562f0e7-dcdb-44b1-a36e-5539f2123749,52,Female,84,21,adult
014a1535-0a49-4c45-a1c7-5023b11f83d2,73,Female,96,25,old
ab0f10a0-3274-4250-94fd-ae2e42eb57e1,49,Female,85,70,adult
8f20d109-1640-41a1-8d33-26782de9c05a,55,Female,174,91,adult
7e0a9cef-18ed-4c1f-9aa3-d46b019e0936,62,Female,37,62,old
021899ed-541c-4a1b-b340-a4b7ffb510a6,47,Female,174,72,adult
1f93fd9d-5e56-4675-a025-45524b50ec9e,83,Female,200,94,old
6ff1eb3b-e49c-4de0-acf1-ad4e54a708ec,22,Female,187,99,young
6f39aae9-e681-4d46-a4ae-3f6c1a04806a,87,Female,20,91,old
50d973fa-04b0-4516-8068-984fc32b3ccd,85,Female,161,13,old
73a84b2e-9611-4bf8-912c-ee4b4c09b3eb,19,Female,27,36,young
b9856f65-d89e-4d67-8344-44fae4bbbb7e,81,Female,151,19,old
7f1a8a52-27bf-441d-b09e-7efe079b8d13,52,Female,144,46,adult
5654d7e9-2ea7-4f40-9095-7375f7bbd41e,49,Female,65,92,adult
4c473f53-4175-4110-9c81-6958a855b09f,62,Female,129,98,old
3a8e4a8f-ded1-4fb2-95fa-7cfefc2c08e2,45,Female,147,54,adult
4095fc3d-74ba-4d07-8e20-1a57e42ea9e0,37,Female,59,65,adult
a9a793bf-e843-42d2-8bd6-6f6a0a4f68d3,22,Female,45,20,young
cc87900c-2e51-46ba-8026-b4ce28a23607,46,Female,91,82,adult
a326fb7b-9379-4ce0-a799-9ef731ca87cd,73,Female,145,1,old
de89732e-ad08-4ca6-bb1c-4c4500d24745,19,Female,97,87,young
b192fa5a-6e98-4bc0-b867-5235ba596233,70,Female,152,77,old
b9d214ff-877b-4a6b-8f9b-dc3c4cc0f961,74,Female,171,15,old
424e3245-a1ed-4c52-880e-172de26db474,50,Female,123,49,adult
4ddcea3c-502d-4076-a4e4-23ff0d21466d,50,Female,82,11,adult
99e4e3ec-0dd9-4fbb-8908-a4b7a3c4be0f,39,Female,35,59,adult
962b52c0-5644-4a19-826f-0c5e29591f27,88,Female,54,85,old
f0bb570a-f677-4eb9-a4dd-e5063018d8fa,64,Female,174,92,old
2de6df54-c9a5-4a92-a8d9-8b8e58341d35,86,Female,93,37,old
95dcf36a-04af-48be-8924-b208f8ebee19,59,Female,113,67,adult
3a53cec6-586b-4dee-82f4-a10bbaab8fc5,77,Female,126,64,old
5a7b9107-ddff-4581-97d3-389fe54c5c73,88,Female,78,72,old
75ccf85c-2500-4889-962c-f2fafc221a1d,42,Female,23,82,adult
fe100927-f29e-4a4c-ac27-5f7ba96e5570,43,Female,91,81,adult
4dc27a83-c095-4e2e-92bc-b03cf40a096c,70,Female,58,82,old
26278e20-6a9c-49f9-bcfb-d38650ae7021,62,Female,174,35,old
0956182f-c285-4edf-b7b8-e544f88fb4c5,84,Female,48,38,old
81930897-0f13-442e-b82f-a94a3bd54e15,78,Female,142,5,old
ab32836c-d226-49c7-a820-67eacd7222da,22,Female,52,38,young
030b8d3c-01aa-4698-9b81-80f437b2bb50,69,Female,113,21,old
3a19e934-0b07-4c1c-a197-2b50211aeed7,81,Female,54,62,old
616f2431-f26a-4f67-8a74-770946a24d06,62,Female,152,91,old
b6edc49a-68e6-4c53-b735-490170530a7d,37,Female,121,95,adult
140b91ae-4cf3-4224-b7f1-1e11b14b537d,30,Female,154,24,adult
1956ff57-6c53-46f6-981b-7c5788815261,26,Female,74,25,young
c1190034-962f-436b-9cef-d552caa8935c,75,Female,131,42,old
ac352ac3-a759-4514-9ef6-2f13ef2ce4ab,21,Female,195,9,young
2998069f-b81e-4042-9101-3fd95d7b2ddb,28,Female,31,74,young
ec6f3927-f9ae-42ab-9152-8a7e74f8bdfe,55,Female,103,67,adult
3728838c-ab26-48b9-9763-c9ac7102f5de,78,Female,84,82,old
03b6027a-1e2c-4d33-bdda-16d3e83973a1,39,Female,152,32,adult
31d75c4a-1e23-4d77-ba79-135d6e46af2a,77,Female,102,7,old
28714508-0ae4-42f8-90e4-3f19a67e025c,67,Female,53,40,old
3a963bb1-458f-4126-aee6-d87a34f06dc3,67,Female,89,87,old
957f62b0-594b-44b3-8b79-a536292cff37,69,Female,188,50,old
14728282-fbc3-40f2-8ae1-79c05e43034d,21,Female,169,56,young
ecd9afc9-b4ae-4560-a3b0-2e7f2fd46dbd,20,Female,133,26,young
ca521212-ac48-469e-909b-8d20e52e5d12,68,Female,180,10,old
ab8da4c0-55af-4c1c-b52c-c4517bfe3d9b,85,Female,133,4,old
d383510b-7098-4b74-b8a2-c5eea65cf671,76,Female,68,60,old
0e9e109e-9662-4e64-82e4-50141c35ee1d,67,Female,133,16,old
27959509-43a7-44d7-8d10-49661e6f3de7,31,Female,57,17,adult
3ae39d34-2e52-4424-822c-44d945c956c5,89,Female,105,27,old
6d2f5065-c7b3-478f-b499-11e980003c50,86,Female,172,97,old
c659a8a8-5b12-4c82-a093-cf0ce0cba3c5,41,Female,96,29,adult
dca4e75c-21e3-416a-9fa6-70c2cf60512a,37,Female,29,57,adult
572cee81-8cfc-4619-8658-e762513a0c1b,61,Female,88,21,old
cc452f6c-bbde-4466-b7a8-bd97e9ad9759,71,Female,98,70,old
172e3f9e-0242-448e-8a50-e633ea38c360,36,Female,63,31,adult
1b38f4b3-ccad-48ae-99b2-3687c7a09770,44,Female,137,9,adult
16235068-d19d-4f65-8e7e-944ff93c0a6e,34,Female,65,90,adult
ca1b6260-c567-4c4e-ad69-54adb7e89910,74,Female,192,32,old
374d123c-014a-430d-a013-948c9a583adf,81,Female,84,1,old
500ecc67-2dea-4479-8766-2143bd8f0cd9,70,Female,37,21,old
48aae04f-3c09-4322-b479-ec2fe08d24fc,25,Female,57,70,young
51d6d8db-f91e-4582-86d7-0298c17e4412,38,Female,49,43,adult
2b9da4ba-8001-4323-89b5-43e7ae900eb6,62,Female,108,18,old
75cab685-c95c-4f62-a965-b282075e550a,61,Female,155,81,old
3caad6ea-a991-48dc-83a7-546cc768d812,61,Female,187,76,old
df91c860-b4ba-45b0-9694-85357fe9780c,22,Female,141,74,young
a2ff4b69-91bb-4b54-a38f-907638eaf823,46,Female,35,24,adult
4e1bad31-6682-4c6e-8612-4d5d90a6456b,76,Female,34,40,old
3d50a243-5691-4bfb-a7ba-d735efcace19,70,Female,46,39,old
b75e3124-efed-4de9-b9d8-312fe4904bab,32,Female,177,14,adult
2840b072-870f-4aa2-af6a-dc5c60a8bbb0,21,Female,23,93,young
ebbe3e5d-916c-4323-b4fd-cb5eba366d74,76,Female,73,13,old
b580ac73-c617-4e05-9ff2-3f73d351aa36,61,Female,146,92,old
fba7fe69-3441-47af-b4b7-43c2243812be,49,Female,130,84,adult
68ffe99d-ba60-4b9e-8cd0-e31bd2a3c88e,76,Female,184,79,old
7c9622d8-4034-4118-b070-f2625a9d0b49,33,Female,142,65,adult
dba475bc-81e9-4c14-b45c-6d6667be76af,47,Female,191,58,adult
42787f3f-73dd-413d-9ec3-99b959406f0c,23,Female,162,3,young
bf30bd53-47ec-4623-857f-a1913aac7e93,37,Female,21,77,adult
264c36c8-9338-46c0-9020-d3512fc65d76,29,Female,109,70,young
b74ab4b8-91c0-42d6-9d9a-783e844c4e40,34,Female,110,18,adult
a40be675-8a5e-4957-b469-17617211df9d,66,Female,145,53,old
21e3bd43-f79c-40a1-b74f-562dfd311c3a,47,Female,154,35,adult
d9046da0-05ca-435e-9639-2d729069f3dc,55,Female,29,15,adult
ed8567af-89a6-4951-a0bc-57a3b240008b,61,Female,155,79,old
e78064a2-d1b0-44ed-b7b0-bd7e24251c01,87,Female,22,59,old
bd8a81e5-b546-409d-9869-21625253ef3e,76,Female,68,60,old
f9a89e34-cb9a-4175-bced-4a02fce43e00,70,Female,186,12,old
359081cc-21b7-418d-9140-38b48c6a4b1a,70,Female,161,96,old
10096e7c-9f32-4937-82ff-d60f30c6b3bd,37,Female,78,79,adult
f5f27848-32b9-44e9-a3e4-92cfdaf90133,83,Female,196,59,old
8d4ab6e7-2980-4429-bb94-f571d048bcbe,51,Female,187,2,adult
d3b325cb-aaed-4625-9cde-a3321f34087d,69,Female,159,44,old
6325e55e-98d1-414d-8201-540fee3f11eb,52,Female,176,52,adult
0b229711-9c49-4af3-b5b9-a554b96afe5f,52,Female,26,65,adult
b688db6a-e220-4224-bba9-d3cf263dcd94,27,Female,73,65,young
e2ab361b-b19a-44d6-96a1-7b3f00d2ae65,55,Female,92,96,adult
8e770c5c-7ac7-4f84-b497-66e06fc72ec6,42,Female,138,66,adult
e9d87ebe-9920-4cf9-9780-36b80fbdc4da,73,Female,117,75,old
c036a285-1a23-4c6c-8819-42773f6af01d,86,Female,125,20,old
fe22e006-8eeb-43aa-8858-896c44691cbb,58,Female,164,97,adult
6b67e548-e9dd-4e82-a4ad-c143c41ac10c,59,Female,196,44,adult
6c1a346d-bfe8-4461-9370-a61f16cabb14,25,Female,58,55,young
3fcd82a6-580d-4424-8f21-84db028e3287,71,Female,148,41,old
f5286d9d-1143-4576-97d9-b9aab67c5827,50,Female,43,58,adult
e6f692e1-f0d7-4de7-83e5-069aed810e49,41,Female,124,79,adult
46455c78-8699-428a-90b1-1a3b4ff32949,21,Female,155,99,young
b97f1b11-64d4-4012-80f5-81139eb43d8d,62,Female,113,91,old
0a5bc4e2-6457-4df9-b26a-37168bb76ab9,64,Female,110,58,old
1d1e70a8-c3a5-4d10-b4f6-12d4a4825351,69,Female,62,24,old
0a7fe76c-dc45-433b-bfdb-81d97160c35c,67,Female,94,28,old
25ba7dd5-2f87-4d23-871c-ad35310c9d35,83,Female,64,70,old
4b0a6d4e-6314-4e2c-8083-5680bdb10a31,68,Female,125,96,old
8f1307d1-ed66-4da1-90f3-b76bb73169f9,39,Female,197,88,adult
7df73089-7c0b-4088-9ad7-551614e7aa05,55,Female,128,91,adult
e51a3a1d-b9cc-412b-bdca-e367bce6deb1,54,Female,133,58,adult
417bdebc-bb1b-481d-a457-2eeb2b1d2996,65,Female,194,19,old
2e3f9045-7474-434a-82d7-9832beaf118e,36,Female,184,18,adult
009b6b03-63af-4f3b-853b-92e26c2a7be7,81,Female,89,83,old
2241c63b-5521-4856-bba9-173836cb7655,43,Female,180,85,adult
a0ea64c7-2f9e-4f32-9dba-e5a189a302c3,68,Female,144,16,old
45d59926-e89b-4c48-8bab-c5c497cdeb60,74,Female,126,59,old
0e46751b-5fca-486c-8cbd-d307b53f14d3,47,Female,133,58,adult
7dc79a28-5388-48ca-a04a-51bf23ac3068,57,Female,26,65,adult
43eb6ee1-a6df-4ca0-8224-e9483209ca50,39,Female,82,32,adult
8fa0bcf7-5254-45dd-b325-731ac54315be,37,Female,199,27,adult
e1da482c-fe0e-4b82-ae4d-e60b32e7d406,61,Female,176,3,old
cec4ad79-b98c-445c-b449-0f706da83c96,45,Female,52,9,adult
ab460ea5-8234-49f2-bbf9-8f4a782da34b,22,Female,111,28,young
2f1e843e-ab53-4285-9440-69bdf85985f6,19,Female,125,72,young
7c3de902-f9a2-49bf-b87a-0ca8f998d84c,40,Female,26,32,adult
83a9fe92-0446-44e5-a2e7-8ea581056fe7,24,Female,113,19,young
810682b5-c683-4682-a3ea-2f9f034b71c1,66,Female,190,3,old
e5d2468d-3494-4978-9e21-c88e7c54e812,27,Female,32,94,young
ae10fb3a-6af1-4d06-baf9-3bdcbc5c4f2a,32,Female,64,9,adult
918d0a69-915b-4451-9607-f166ab8af617,61,Female,162,85,old
a3758397-b1ee-48ef-9a8b-de7395bf3abb,84,Female,121,53,old
abdecf74-4384-4e23-9b92-4170c6ffc4e6,71,Female,199,48,old
bc2f1847-7213-43eb-9096-75b27e5d43b5,76,Female,119,3,old
b9b60d27-4dad-4eb1-abae-31ce513d8c44,68,Female,61,65,old
b8b8b59a-dd04-4a63-a75c-96aaffdce8a3,75,Female,154,3,old
3e5f343c-34c2-4dbd-a910-2c1138acad64,53,Female,26,32,adult
3815786a-e851-4ed0-aab7-1f4ccce2a5a2,54,Female,99,39,adult
a4025579-3c9c-4c25-9394-526fc9b7b977,33,Female,102,59,adult
3de427aa-d8a3-46d0-a77c-5c3941cc736e,67,Female,193,81,old
5890b93c-e17a-4844-8c36-062d508ee764,61,Female,67,21,old
c3925058-7bd6-4cd7-8a26-181eb8604b0b,84,Female,181,63,old
400591b9-6d03-4d59-9b73-893f29dec99c,20,Female,129,67,young
2d58b438-bf9d-4633-a93a-464655ac403c,44,Female,155,12,adult
6f8aaf88-40c4-444d-8788-96d291adfb43,58,Female,56,41,adult
112e32af-1584-47fc-8372-655ec31be466,51,Female,74,92,adult
08e5897e-9062-4d53-b568-ee925b1eb067,45,Female,115,82,adult
da72497b-52d7-4310-b091-482b394c75b3,52,Female,146,96,adult
cf9dfd07-c180-4fe1-8684-19e1b48b2d69,78,Female,130,24,old
222831dd-910e-44cb-b4dd-184689217484,71,Female,157,53,old
da9d36a3-8c7c-4ba6-93c1-18fa813f2a56,43,Female,23,32,adult
72dcd85d-55c0-41f1-bfa3-b9083d4e14b4,38,Female,125,52,adult
ec82c127-8624-4bb1-826a-c2bcbd8ce386,72,Female,180,75,old
d9486b71-e3b7-48f8-8d32-ebd7a3e6a0b4,21,Female,56,48,young
a6c07c28-0a39-4aa7-bba9-fae6b1439bd4,38,Female,168,72,adult
1009cb54-878a-43ff-8742-4bae3bdfeba4,39,Female,96,100,adult
a885703a-95a9-41c5-8adb-0d97f653a7c2,63,Female,172,36,old
123bd39f-aa4b-4c0d-99df-dbf4805f0b77,90,Female,58,29,old
d05a3685-7029-46f4-917a-98ef016a5499,79,Female,176,93,old
909dbbf3-f064-4c72-a7ff-e022cf3ab250,32,Female,108,89,adult
3ac463c0-b31c-4207-8f16-73cdd54bc999,67,Female,57,28,old
b7a0ed42-fca6-4661-9d35-355f1373d040,77,Female,93,97,old
6c3e8ec7-2556-46f2-aeda-b20f86815c07,79,Female,20,74,old
7cf59591-57b3-4a37-b35a-e76a5a972430,49,Female,177,61,adult
ea9b55eb-c3cb-47fa-b07e-88310f5309e9,85,Female,121,34,old
ea036b52-5ff5-4988-a276-df0e5023e098,44,Female,177,39,adult
627cb32e-1a2a-42d0-a4a4-b261795ad0d8,77,Female,79,90,old
165cec86-e1f4-44c5-94b4-699f6773bcf9,68,Female,172,58,old
8e1ecb8d-0550-4b1e-a591-00ce306ea24f,38,Female,93,20,adult
71c74d62-e6fe-4b3f-8e1e-c7b85b09933b,30,Female,56,54,adult
f0533e24-0f48-4d3a-85af-1fb9752ac5e6,58,Female,76,76,adult
5c59f1db-725a-4c51-8a51-f43065e7ee3e,41,Female,196,47,adult
5d889419-5b3f-4be1-bff4-6380914e56fa,41,Female,48,4,adult
c198ccff-2f6b-4108-b0a9-1bedaa622191,26,Female,120,9,young
2fdc8bc1-3d62-4e0e-9ab1-829cb3350df3,41,Female,105,73,adult
53d5f893-e973-4f1e-a84e-dd6156968106,30,Female,198,64,adult
4b66ad2e-b1d4-4895-89d2-eb3e52d86612,27,Female,61,19,young
ec97722c-0d14-43b5-ad34-3c27055b6050,70,Female,110,75,old
30c44979-7388-4cae-bcb6-361c82a12d3c,28,Female,79,51,young
6c7fa727-82fb-47c4-b82d-8ad5702aa6a9,88,Female,81,46,old
978bbe22-86f1-4fe9-8127-98a86b717914,64,Female,42,15,old
8d88850c-03a6-4408-9ac0-43bbed530d39,74,Female,183,83,old
f8c115f3-834a-4ba2-b5db-a5d078b80e86,38,Female,122,42,adult
4da6f1ba-49d3-4365-a8e4-c165b1085f01,65,Female,174,7,old
7e7e9765-65a8-48f9-9cd5-79e93f200994,30,Female,181,44,adult
d76951a0-3047-4459-b6ee-2e4c9ca4437a,34,Female,166,1,adult
a1670423-7e0c-4de2-8992-14c242ccd219,36,Female,46,75,adult
27f100aa-1bdb-4008-aff0-18c7757b3bd1,88,Female,170,99,old
3e32e1ca-ab44-4652-a5b2-2f7e01b95def,42,Female,116,56,adult
0cf8f920-2860-4c9a-81ab-ce9b3a0e24ad,24,Female,84,51,young
548df5a0-bbd4-452f-bc5b-0182a8bc33a3,18,Female,176,5,young
d995d05a-a7b6-4097-9142-048e3013d040,22,Female,82,64,young
b9965dfc-57e7-47fe-b7a7-2ef337818eda,28,Female,77,74,young
9d12b08e-8d64-44c6-b310-90c82d33d28f,22,Female,152,79,young
ea370122-04fb-4b8c-ba22-91528bdde7d5,29,Female,104,70,young
16e50fd7-6d98-4293-beed-c655d9c1e8b6,59,Female,132,36,adult
41bd19c6-59df-43e0-8046-8662516a0db1,63,Female,122,98,old
2e773b81-887b-4867-80ef-3c8073ca9ea2,89,Female,196,84,old
e380c97e-729a-4c55-9b46-22b049d84492,83,Female,136,21,old
2daeaf5a-d224-4b3f-bd7c-a76148cdebea,81,Female,87,43,old
bc45775d-52f2-4046-9a63-90e1c6414ee4,43,Female,147,39,adult
3148a4b7-b37b-490e-8dff-647f599715c1,60,Female,35,21,old
dca17662-c51d-4472-b459-3e623b3ca138,90,Female,186,100,old
ebdfc9f7-2ec7-4e75-9ca2-846caf894900,73,Female,63,87,old
212b6657-c94d-4d0b-a274-edaf4dac5503,70,Female,158,31,old
e926c1da-a37c-4a9a-91f7-7a31974fe1f7,51,Female,149,65,adult
9724d429-83c1-43c2-81df-efde631d98b3,43,Female,55,38,adult
2629e537-8817-47a1-8ecb-66f51639ddb3,87,Female,69,38,old
28802369-79c9-474d-ad4c-2afb122dd60f,63,Female,31,50,old
4c02d0f1-9254-4c83-9c44-3e36d6583cca,74,Female,20,69,old
881d6a88-8559-41cd-9163-0f4d367ce4f0,20,Female,121,51,young
eaebc8fb-f291-42da-a505-6b5d29ceffdc,51,Female,21,44,adult
26bb3996-7ee4-46ac-95e5-738055377341,73,Female,193,62,old
324043f6-e4e0-4487-8846-10cb15a9d4d3,52,Female,60,89,adult
d3d7c117-64e3-46fa-ba13-ff485d27fc78,30,Female,66,65,adult
1bce5368-ae83-40e1-a3dc-b3c41ff5d9b4,51,Female,139,71,adult
0d89dc72-f2f5-4121-b886-1b4863bcf9bb,61,Female,24,60,old
7f380c4a-45d7-4995-a4df-7a1852165fd3,50,Female,112,48,adult
6cef8ad2-3fc6-41e3-9899-905c38957f7b,36,Female,150,76,adult
5b7ab4c3-7f95-4731-a993-d94ad80b9e4c,60,Female,171,56,old
e157a584-3343-4cec-9c53-324052073721,36,Female,80,91,adult
e1c62ff2-83ee-4786-875a-0a313677877a,61,Female,101,20,old
b096af0e-bcbc-4a5e-b785-f84ffbfd66ce,79,Female,168,32,old
ff889f0d-49e3-4ce5-b3c4-ab4dcde82ca7,25,Female,124,88,young
649b89ba-5038-4598-948e-79abb9b5d4b6,46,Female,119,5,adult
d3dc8a6b-7d05-4d58-9cfa-2dd15d5d3ef7,20,Female,174,83,young
41435102-b881-47bb-8a7c-50aea70221d0,58,Female,22,35,adult
c69452d9-5f52-492f-84a1-4b7d254a1222,85,Female,52,63,old
07004642-a694-435f-ae34-f2650cd96a0d,47,Female,60,57,adult
b82d5743-49cc-4b5d-bcfc-65381f624b91,78,Female,21,15,old
aac503e5-0012-4be9-8800-c25012c8b570,80,Female,173,59,old
d32dc56c-9c64-471c-aa93-988253609126,52,Female,141,59,adult
c7cd59d8-3865-4eac-bb4c-01730b11b7b7,61,Female,69,31,old
217af061-4290-442a-9efd-7d936320dc55,23,Female,24,91,young
c2a9aa78-5c3b-4ecd-a487-c19367a15329,63,Female,49,3,old
55d8a58f-fc60-4c71-980a-35c8df5890ee,45,Female,141,99,adult
1bb15d5e-a111-4f13-b5b7-98922ec4871a,51,Female,116,64,adult
9a514b00-b33e-4784-8bdf-af03425efddf,89,Female,40,98,old
7e904681-f8ee-4ab0-b14f-ba22a3b4c9d3,77,Female,44,90,old
c4f55e21-0ef5-4e96-af07-242d7e9516e9,77,Female,95,45,old
8af2b028-f8f1-497c-b0ce-7de2b80d0619,56,Female,183,11,adult
0a72cf2a-5764-45f6-a8a0-3359b9c4b82f,76,Female,95,87,old
a77ab4b9-6e65-4b72-a52c-47ce11555108,68,Female,168,30,old
eb097d75-f890-41c9-8c40-092910c20f48,57,Female,137,75,adult
d9b95e88-3db7-4c2c-b1fc-289a46b5427f,33,Female,161,29,adult
79f3cf53-a68a-4c6c-b7e0-5addb865a93f,26,Female,55,4,young
56a7b307-5e10-402b-b092-a59187c13df0,82,Female,135,61,old
a31a055c-9980-4a8a-a661-4d3c049f6baf,48,Female,33,15,adult
7ed4e5b5-93a3-4e8c-ab47-e9a61a684177,74,Female,145,32,old
f9ff1e91-6aaf-415a-bda2-2c78127eac61,34,Female,25,43,adult
bca42191-9092-4c47-9fcc-3022fa5839cc,51,Female,143,46,adult
efbd3fe8-0b53-46e9-93a4-35060ffa78e1,72,Female,142,94,old
2079de00-62ce-4968-806a-3836dfdcd1d6,48,Female,175,90,adult
523309cb-6481-4915-a09b-6bcf444ee419,55,Female,83,46,adult
112d78b9-90fb-4448-b39e-dcf4ff3d37c3,62,Female,95,43,old
e3e86815-d15d-4cd2-acb3-4b5a375a3e6c,84,Female,180,23,old
254ca41a-3907-462a-83a0-4f0443d8af5f,83,Female,20,19,old
4edef1de-d378-4e71-9072-f90370591883,30,Female,147,36,adult
4aa2bffc-43c9-45ef-b5b4-01e3b782669f,85,Female,32,9,old
b3fa46a1-1e62-4171-82d6-79b8bbac6261,71,Female,140,51,old
dd8aa225-de5f-4322-a9e8-421c5b48fdf7,22,Female,54,78,young
7a7f1133-9690-450c-9a60-4ef99b40b51b,49,Female,47,27,adult
b60dde4c-b670-48b0-973f-bfd2204ac352,88,Female,77,97,old
e8d9ae1a-e77e-4e24-91b3-1cfcdf3b8909,70,Female,178,41,old
8001997d-0626-4a82-8bdc-67ba4550c400,69,Female,50,52,old
8358b012-8d0b-40da-94c8-7cf3e7ca1d83,46,Female,102,51,adult
a3e20fd0-b759-412d-be5e-81dd8e389c69,58,Female,123,65,adult
70ae4342-f47e-45f1-b6c9-757f4ec8cf58,89,Female,50,97,old
661f9f33-1512-4c67-9b78-3ef0b6538866,59,Female,172,42,adult
57b37a4d-bc57-44d9-b442-30deb71d3423,88,Female,51,24,old
baaac55c-66bd-40e2-9044-e57949892db8,57,Female,103,20,adult
ccacb8ad-7565-4ea9-b160-ae4223c71348,77,Female,149,22,old
5fa304d8-f706-458f-97c0-49bdf6cc399d,35,Female,181,79,adult
ba2c9b70-43d1-4d9d-ac20-287aa3cbed02,63,Female,175,75,old
5d317add-dba3-43ca-84e6-b28f55bd72a4,52,Female,36,63,adult
4e5c7530-4db4-41f2-8324-92a40de91d9a,29,Female,185,38,young
c37f3e65-89ad-4661-908b-6bc58b3c590b,80,Female,113,91,old
8cac8548-dc8d-4178-b977-14a64ac946f4,19,Female,104,75,young
92881f35-c10b-4d93-8c98-25cd204ddfa6,69,Female,35,93,old
64e3ebe1-b28d-4237-bb8e-eea163c282f8,30,Female,37,32,adult
dcdd6644-3f5d-450e-a311-f96a66c9a109,20,Female,152,49,young
c6fd4599-d687-4e61-826b-66bed9ac5f79,32,Female,138,99,adult
5c8f9f88-cc39-49fe-94af-a8998a7a4890,20,Female,108,4,young
614c2dd4-1b6d-4d58-acf3-e5e0c2a50caa,29,Female,69,40,young
2d16e085-6914-4f1c-b8f6-36e29513b1e3,51,Female,79,21,adult
897550a0-133b-4e51-aa37-356e152def82,87,Female,64,10,old
20a9e6c0-3bfb-4a16-b673-30d4a36fbcaa,72,Female,166,13,old
f9e3f985-cd69-4e57-a755-ec8665a68cbf,47,Female,124,1,adult
40bb7633-870d-4908-86f7-ac9eab936bfa,21,Female,121,32,young
e4ad484b-5407-4bb5-929f-4c0d64b4081e,59,Female,107,93,adult
5660bb0f-1108-4211-8aa6-51317a7945df,29,Female,30,11,young
fe88c0fe-32ec-434a-8285-5b9bcbb8e0b9,42,Female,78,46,adult
738a4245-0c92-4c27-a154-fb78aa8f2c53,81,Female,52,21,old
fc06a5e1-65e5-4a88-8c43-0a5f5ba1e9c4,18,Female,163,78,young
cdc8e60c-3aed-49f9-977c-d27c735e51c8,27,Female,178,88,young
1cc68567-0651-4357-90b6-470e71dd8901,85,Female,167,45,old
832af547-02bb-4016-b261-cb06b17454c9,63,Female,76,45,old
72433708-903c-4666-8d73-820c83fe1ae3,67,Female,176,45,old
1b2ba1e4-1688-4ebf-8cc1-df7bbb5c7c87,59,Female,36,58,adult
14e5ebbc-df56-4bd4-9887-472f2c098fd0,49,Female,142,96,adult
302732a9-3598-4893-a5d9-a9a06623d00b,47,Female,89,44,adult
d56454c2-3964-4e8f-ae57-65cd12ffce76,53,Female,155,67,adult
d14596aa-4ec9-47d6-b248-46f205557868,43,Female,118,28,adult
0ebc3780-fe99-4fb3-9a9b-748e6de7d443,51,Female,111,48,adult
d82d0e6a-72a6-4323-b1ed-a34867faebdc,25,Female,95,95,young
325920cb-0be4-4f7d-a33d-381f53879543,63,Female,176,84,old
2ea57d6c-7394-4086-ad71-05e04dd526d8,60,Female,197,63,old
8cd6515b-dc8b-4ad5-8476-56f23a21a72c,51,Female,198,92,adult
cdb1af93-ac7f-4568-97bd-9ac032b05855,37,Female,167,56,adult
95ad20fa-2ec6-4410-aaaf-e9af7ca9bcca,40,Female,30,78,adult
b6c6a41e-fc98-458b-9ac8-6536b6b689a4,70,Female,155,97,old
0dd61d91-b16b-469e-90a8-dcb40126ac88,72,Female,70,1,old
46ba9c32-9334-42f0-b534-5a039ecc1890,89,Female,99,58,old
82013d31-378a-440d-a892-2efe541b80ad,77,Female,109,33,old
5afe1cba-6058-4703-96b3-375eb29e2427,42,Female,184,76,adult
0ad851d7-bbcd-4daf-b580-f247425704a9,80,Female,189,46,old
43958cfc-6e9a-4456-82a9-798738ad97d4,32,Female,193,34,adult
34c56b79-7d87-4f4b-898c-9756d5650cf1,33,Female,71,6,adult
964c4ffb-258f-45c3-86ba-8dcafdf15f85,88,Female,124,98,old
66a2cc39-266d-4a1a-b2ec-915e2a14a182,40,Female,181,86,adult
0cf9ec13-24c0-4291-a52f-5f794ee32d13,60,Female,142,94,old
5862bc48-e36a-43b3-a242-2c1e17825ec0,30,Female,131,36,adult
98414d8e-05b1-4e10-aefa-31f27f8fcc57,87,Female,55,27,old
a021b1c4-5227-456f-9bb4-e2ffad7283e6,34,Female,136,36,adult
7db7ee21-a76e-4c6c-b383-99993c0b0ea8,19,Female,105,47,young
6af8e2a1-abed-4f61-9e9e-a3850e52dcfe,81,Female,118,96,old
d68b2623-b0fe-4dd3-acb0-36f8861d7498,45,Female,132,53,adult
43b74c1d-2888-4035-9506-797ea3c7ad1a,28,Female,51,64,young
7b0583ac-ca18-4f4e-b108-d19d176ffa72,74,Female,185,35,old
ea7d5e36-4c74-4385-a09e-88835d110e64,21,Female,184,40,young
7353d52b-233e-4594-8c36-9e59fb54857e,88,Female,166,38,old
fd910434-6d11-4acd-8497-8f4d82ecfa1c,34,Female,53,88,adult
2be21b7b-2820-4360-b0b4-f849b420e0b4,25,Female,163,97,young
bae09cf6-d2ab-433d-9b82-f45f85210d94,76,Female,72,15,old
1d27102e-1504-4170-b96f-21d89911c9e3,66,Female,160,59,old
9439e970-759a-4a0a-b624-21ebfdc67509,18,Female,119,47,young
ed43da7f-d222-4228-868a-d198f122474c,37,Female,38,33,adult
99d0abec-4646-4559-b71b-a8d2fbc71e17,19,Female,173,89,young
71073bf4-5985-46a1-9b2d-838682082c54,22,Female,62,75,young
96f91eda-f51b-431d-b1eb-1e697397da47,28,Female,86,87,young
0a992fcf-e287-4464-8de3-612113b500aa,58,Female,43,2,adult
1a6d9701-ea61-48c7-bd65-af67d40e4b50,62,Female,82,50,old
5fc952e7-a137-4579-ac5a-3c507416be77,30,Female,126,18,adult
1171c81b-8258-4868-9446-50365261ca4b,27,Female,129,59,young
f651d93c-a143-424f-a63f-32f2ccfcfd68,63,Female,155,13,old
670a6b47-6d6f-4d31-9c26-f005bf32bac4,29,Female,196,28,young
5f4a9ff2-666a-43d1-96da-02b82fd80b2c,46,Female,37,71,adult
3284a765-d2fd-4981-8dc5-c0f51daeeb3b,47,Female,150,39,adult
46cb50ef-5427-44b0-b64e-b4b794066049,78,Female,136,52,old
889fa704-58df-4162-b943-263f333a8a17,42,Female,102,32,adult
baa751d6-4473-4255-a15f-4da529504d4c,75,Female,148,60,old
a2fb7c3f-6895-4eab-bd9b-39616690ce03,44,Female,160,56,adult
5d869ec6-77a9-4910-b7f2-318fa9618dcc,52,Female,129,70,adult
4e0e55ba-4973-4aec-99b5-6422597dc251,42,Female,142,55,adult
22fd9560-6dda-4710-bf65-636fbec8d78e,67,Female,118,88,old
6c02eb5f-f508-4fc6-87b0-ecc7a7c3235d,39,Female,153,5,adult
dc81fc0e-6282-4dd8-811d-b1364689e4f0,29,Female,105,66,young
ad5c4127-4ee9-47e1-9e24-73cf78d43c50,78,Female,40,58,old
fbe27008-5ec1-42aa-96dd-213fdcf69672,60,Female,61,46,old
2a6804b5-8b76-4431-ac1b-2bf7fe958f2c,18,Female,149,13,young
089e1677-7618-4adc-a97a-ca2d14741bef,47,Female,47,86,adult
f95bf11b-e6fb-4f62-9e7c-670f4d9e0984,36,Female,186,7,adult
1f698320-c59f-43b2-9216-bda710f9645c,34,Female,75,98,adult
143e6601-1d53-4ed8-ba6f-93ef3581e5ab,38,Female,172,52,adult
d20d2b46-8f8c-4bec-a997-334e1ec78a7f,88,Female,66,25,old
37c93f4b-8e21-4f16-9c75-d055749bb3a8,24,Female,43,77,young
105e95e1-8d1a-4526-83d5-3bbf5b1da8c3,74,Female,39,73,old
eca93f55-c4b6-44e3-b013-a7d2edb7541d,79,Female,116,79,old
6da66a5a-bd58-4f33-9246-6954e8373d65,52,Female,184,54,adult
a8bfca32-e07f-462e-8ee1-7d2e7c379472,85,Female,192,21,old
a5036b36-a3e8-42f8-b557-2a25a1a8a8ac,52,Female,80,28,adult
cdf7f445-cd29-43cc-906b-a45265dbf33b,46,Female,124,27,adult
67801068-815c-4e14-a96f-eac7ce43d970,34,Female,55,86,adult
5284c2f8-61a6-4044-9c7a-2356b8faeddc,78,Female,136,70,old
cff58555-71d8-4ac1-9b17-7564e480977b,46,Female,47,47,adult
4b993a13-5edf-4929-a73e-111984dbd2dd,32,Female,86,28,adult
4722b9e9-e743-49f8-ac5e-c1164c4f4251,67,Female,173,42,old
f2d671a6-1a39-4f38-8f5c-a14f3e12e8dd,82,Female,65,71,old
c43df0f2-9c4f-4371-b091-02d42c229442,54,Female,180,55,adult
8ddc1977-0858-42a0-b506-144a20e35cd8,50,Female,32,9,adult
58ec175d-419b-4dff-81a7-f06bb26424bd,44,Female,105,69,adult
6a481519-53a9-46b6-9f18-3883a3ee3c73,33,Female,129,34,adult
9fc8d482-df8e-4487-9393-6b95a6af984e,47,Female,38,12,adult
37f91e96-6f5c-4751-a4a6-b2c03289eeb3,30,Female,65,50,adult
6b00258c-d6c8-468a-91ae-43d85b5676e6,56,Female,188,50,adult
1c27a43f-20a5-4c23-8fb3-2c8b94a0330d,35,Female,93,93,adult
5c2dbcef-cdc1-496a-a3c5-f8b5f5bcce3c,55,Female,21,8,adult
e7e65656-0ca3-441c-b887-0fe314d5ce30,61,Female,79,14,old
248e3404-02b2-4b9f-a153-9d180214c2fa,51,Female,51,80,adult
f4e9ef8a-07c5-447e-85fa-ad5757b8a86b,90,Female,135,63,old
fdde8cd0-8755-4366-8385-482411414a84,20,Female,128,77,young
e2e61e40-940d-4a69-ae88-ba76b0d15236,44,Female,144,45,adult
8102839e-edd9-4225-ad8b-10f20a0c710a,75,Female,154,44,old
ff2754ef-915e-49ce-a294-5b70f3182a52,52,Female,165,26,adult
b5d29551-275b-4f8b-8675-1fb211a3fadf,70,Female,90,85,old
15d61242-b25a-4084-8da0-be7e796a73b7,52,Female,127,19,adult
21d07501-1a94-457d-8b5c-43c9449153e8,77,Female,107,34,old
8113ce09-b2b1-4f80-a936-c1c389a24dbe,31,Female,56,46,adult
8ed90822-a03d-4b8b-9fc5-43b99108a1e5,86,Female,187,91,old
102e26cb-7f83-49d2-9b1e-b67a2e5fb87d,84,Female,40,93,old
82e774fe-f8b9-4756-bd59-46fef69a2729,63,Female,58,53,old
9910d8f2-ef58-4a09-be16-f64a99a57563,37,Female,28,54,adult
c11e284e-db7e-497e-a376-822ed8dcc50a,29,Female,180,76,young
aafad8f2-bf7a-48f8-b8b4-53c8fca434f0,72,Female,108,49,old
afad19f0-1126-46c1-91be-e4ca544edfe3,64,Female,179,12,old
7ba8cef4-0351-4237-a273-ee4d0a5e939c,53,Female,105,47,adult
c07ee73a-d881-4bf3-95c5-6bd2cbe91ce5,45,Female,94,95,adult
b90419ff-52da-4b0e-b225-5860355eb3ee,63,Female,38,40,old
2bb8406f-7208-4cec-8cdc-f5fc0de430d7,20,Female,191,28,young
889369c6-0c9e-4f95-bfbf-7478ed2119bf,54,Female,84,91,adult
9bb5fbc4-2398-4c0b-92f7-025f538e2880,87,Female,62,53,old
3faaca47-7979-439c-afea-9d9b0ec689ba,59,Female,131,60,adult
8e0108ac-89a9-4cad-abb3-ec1df78d61d1,77,Female,46,48,old
fe696bdc-c6e4-4b96-80ab-8923ddb74fdc,69,Female,180,96,old
3de1afed-ab87-4097-860e-3f85e6a2b611,20,Female,98,83,young
4ce867bc-260e-43d8-a604-50c5262eadef,87,Female,87,99,old
25b743e4-f1af-4be3-b2d2-0fb964d2d4b0,90,Female,82,5,old
cf3bf994-1d87-4035-891d-439b1cd2780f,40,Female,193,99,adult
ddb60042-41a4-4089-ba1b-14ba5ba5ca8e,20,Female,192,84,young
4e8850aa-795e-4ab0-92af-12895885ec97,33,Female,178,87,adult
d0bf318e-76f7-49ac-b886-e9e9d147d327,65,Female,66,80,old
49bb2a94-a2b2-499b-abdf-cc7c779a53a7,79,Female,132,12,old
9a30342c-1a33-47d9-af43-3e167bd385c4,51,Female,130,19,adult
6c68a042-3c79-49de-9a87-370abb21e8c3,43,Female,45,26,adult
c4da1b5b-d173-471c-a49f-713d48044ec5,67,Female,174,67,old
4ce7cc25-3cd6-405d-9b9f-702cc41b063c,73,Female,167,60,old
7f858532-406b-460a-ab6a-760e29acf5f1,66,Female,108,59,old
c9e46f6d-848d-4972-a48d-f481f95ce1b6,19,Female,193,93,young
046c8fe0-a3b2-49bb-8db3-4a71d25bd7d4,20,Female,180,61,young
57d7365e-21d6-4e30-9906-0e70f531cce7,60,Female,26,89,old
43cfda69-fa4a-45e6-8f7a-4a154ef74dfb,19,Female,86,60,young
f36d1131-b233-49af-81f0-b462d4f511fe,34,Female,151,71,adult
748d6a98-43f5-483b-a70f-99ba6506988b,40,Female,100,39,adult
b35299ac-78cf-4263-b4ed-1e8b7bb67476,81,Female,39,11,old
d5c87d0c-66a7-463d-804e-d7a359d0acaf,73,Female,56,45,old
331df773-d15b-43bd-83b5-1c9a8ab830aa,53,Female,84,51,adult
f6131438-92cf-4b66-9dae-345877166f57,67,Female,151,53,old
a0688590-ad69-45c3-8893-0da66b178477,48,Female,30,86,adult
fe1458c9-7648-47f7-8ad2-6d84436a09f1,73,Female,94,12,old
032cde62-d012-4ca8-bc78-b00b2e21fefd,59,Female,178,71,adult
4ac7ec03-bd81-455c-8514-8ef0702b8559,60,Female,93,99,old
376e2705-fe13-4bd5-8dec-83a54634eac5,46,Female,25,99,adult
651688f3-5784-4414-b392-82d950c2e65f,52,Female,189,25,adult
d218f30f-d55d-428a-a833-453eb38dd08b,86,Female,195,41,old
1af769c3-48da-4189-9935-0e7cc2e9bb5d,29,Female,73,53,young
4bc390cf-4bee-421a-8a48-ee5c32c36591,28,Female,45,76,young
2c891e69-9950-46da-a816-755f10e544b3,41,Female,145,27,adult
29e143ed-67b7-44a3-96c6-955b09716fb6,21,Female,33,98,young
04ad34a7-ff0a-4a62-ba60-1e96c2f16836,62,Female,137,91,old
3ef6b243-61ee-49eb-bcf3-4a90106ec17d,75,Female,67,6,old
a6dfe2bc-3e3d-43ee-bc51-074675286109,63,Female,40,69,old
23ff64b1-ec7f-4a85-8557-1a13eff95e14,82,Female,100,86,old
bce3fae6-b681-4818-a6a8-fec9bed926cf,78,Female,187,1,old
a81fee3c-6ccb-46e4-a892-a81a49fd3049,69,Female,77,7,old
e01742cf-1123-4a42-abdc-7b12dff4ad18,38,Female,142,31,adult
71084205-b50c-45cd-a1b1-4526dfa2bfc5,69,Female,40,89,old
cec7e0ab-5dac-490c-a918-33b8b4348c3b,84,Female,195,23,old
7b8c779b-47af-47c5-a60c-4ae209f01531,31,Female,45,37,adult
d5d043a5-319e-4f5d-b27a-48d8ba2086d1,65,Female,82,36,old
8a4e2cfd-1ee3-49d0-a68c-c995b70be419,56,Female,144,61,adult
4ed759e9-d0ae-4737-bd40-3c6f16fd0640,28,Female,143,94,young
9fc9313d-dd29-46d1-a2e9-fa7e6e0339a6,69,Female,146,25,old
42612f26-4288-40bd-9ce7-0c05b14d358c,30,Female,119,32,adult
104102dd-2d5c-40a6-9b1e-80251ca82322,86,Female,41,45,old
deb38a10-3e5c-4454-8cef-82b039acb655,80,Female,51,47,old
937075e9-7d4e-4ce6-826a-bacb2a8c85e2,66,Female,27,40,old
7857c75e-a04f-4586-bafc-f02635430e83,89,Female,158,54,old
14b071ef-a1ee-4948-8778-cfe831d27a97,87,Female,75,3,old
f5cb1ae2-e048-49a9-a1fe-e8e55813c3f3,28,Female,78,64,young
46b5561c-4c9e-46ba-9e88-085a9031b455,75,Female,25,91,old
2c07f27d-0cda-4638-8a41-f432205cece7,90,Female,160,52,old
779673e7-f5d2-4941-883c-5e714effdaef,22,Female,198,63,young
b08d8efd-d2e4-42b3-ac97-de7b1e43ec81,48,Female,67,62,adult
18fedaeb-75a2-4489-96c2-87234cab4d0b,47,Female,75,100,adult
aa48f9db-0c0c-43e7-af98-4b61480f06a3,81,Female,130,41,old
1cd78e4e-4edf-4f42-9b81-559d823b14cc,74,Female,172,70,old
3f1effb5-955d-426f-ad06-bc838559ad3f,78,Female,120,31,old
2c16a7d6-c1ca-43fd-9081-5c4cdf1f7e87,77,Female,84,94,old
2fec6c6e-60b6-4cde-85ea-cceb613b1c71,54,Female,135,35,adult
8bfbc368-0bcf-41b9-a746-04cb9258715a,27,Female,95,85,young
6ba553bd-85ac-475e-a57d-29f1bd882d98,58,Female,97,29,adult
7177f6ef-eaed-4b5d-84a8-801c89b08171,27,Female,100,59,young
39570ac3-cc66-499a-bb56-11684f7ddcd6,67,Female,109,13,old
f021bf3b-b237-4943-8979-970f459bab69,66,Female,39,64,old
ce129f4b-f9cb-4cac-aeeb-4ddb8fcfa128,49,Female,176,6,adult
508e988e-a897-44c8-a937-cd6c06fc6931,75,Female,128,42,old
1074cfa0-1f64-4570-b011-c4dff1b8e122,50,Female,52,19,adult
e23eb1c0-59da-41c7-b3e3-517a11c1037e,60,Female,148,43,old
129c23df-4710-465d-9206-2db4fdc8ee29,35,Female,138,46,adult
ec05bc35-ac1f-4bad-8015-313a994ad114,30,Female,37,3,adult
8d9ed792-366b-4f3c-bc3a-4b2000ccbc6a,80,Female,87,64,old
030475fe-cca0-4b81-98d7-b038ae56ffdf,40,Female,151,68,adult
10a858b7-ffa2-495c-b4d8-891b509c3c77,78,Female,60,18,old
e40533a4-9bbf-4fea-9b8b-a34dc6f8656e,58,Female,24,44,adult
974ef6db-bd8c-4ac4-89d2-8f850bf85131,53,Female,50,5,adult
b85cec80-4d47-4d02-9319-8bbd852429d2,65,Female,34,85,old
8ead95e2-6502-4ae8-93ad-e9d5c9d0feef,64,Female,38,32,old
e2c4919d-84c8-40d0-a971-2c6a8fc1bd75,84,Female,136,58,old
873e9981-e39d-4cad-8fd5-77729ac407d7,39,Female,158,88,adult
f34bb9e9-5e98-45b8-a7a4-47d63e822d8f,71,Female,58,50,old
40415993-065c-421e-9b43-f3030de78e01,40,Female,51,53,adult
d39a37d9-95af-47ad-935c-18002fdf8944,36,Female,36,19,adult
1f98b354-4906-4712-a656-a91ab2306a47,22,Female,155,73,young
ee06bc03-5ea9-4c10-9320-f088a73bbfff,49,Female,121,36,adult
228624c3-88fb-4e32-877d-47ae90e54849,64,Female,186,93,old
c8879991-6574-4139-a516-ad5d288f1d4a,19,Female,178,20,young
abdb869a-a85b-4607-a3da-480e75a6c042,22,Female,177,83,young
e285fc93-be24-4447-96f4-8698b52d5412,87,Female,98,48,old
5c49acf0-c7ca-4160-9960-9fd706c40d7c,38,Female,72,7,adult
cced9824-4ece-41e9-9bbf-5aa86179c7e2,85,Female,155,35,old
87852668-40fe-4a57-8f27-e45347250304,41,Female,110,93,adult
c55bb287-bae9-43f2-a78e-39ca26cab61f,37,Female,115,59,adult
e863310b-5bd8-423d-9629-2db0f00e3915,71,Female,39,65,old
c7318035-7209-4210-8751-1e5cdb7f873d,43,Female,107,13,adult
cea859fd-1f34-4225-ae5f-1e823366db15,86,Female,33,87,old
f46e18f0-8061-4d75-acd4-6130dc7cf06c,41,Female,93,65,adult
da4605c1-9f3e-4f03-af09-bcb53b010a08,61,Female,67,62,old
e9333068-a704-461e-b5a2-078e7ff1bdad,58,Female,91,9,adult
d21996fc-a23d-4135-bd39-547406e2ea50,24,Female,186,93,young
97770c6b-81b7-40c9-ba85-20d3d8531ba1,20,Female,94,24,young
656a9a0a-ce2f-4182-b59d-22b35f5f142e,55,Female,123,17,adult
b2a11467-fde9-4c81-bff0-f7fdcf340c6e,67,Female,102,87,old
b9d5aa0f-4a7d-410a-8545-d6434ff1a049,33,Female,191,98,adult
26d5efa0-e432-48f9-a85c-401b05294583,44,Female,180,19,adult
f60c3733-5f5e-4f17-ac64-354d0992ba3f,65,Female,109,20,old
8178a4e0-1019-427c-815f-f42b767b2a9f,53,Female,98,35,adult
309e2dcf-9d73-44e6-bb48-c807e5f84e0d,71,Female,109,93,old
9d36af13-87e5-4539-82f5-520d7de3b62a,36,Female,37,54,adult
859dee7b-e820-4329-92d5-6e96224a9260,35,Female,178,8,adult
15ee815d-3476-4f72-938a-65a28f8864ec,90,Female,113,29,old
6a14a168-9c23-4506-b88c-8e9c2f0f277f,54,Female,168,39,adult
b7a591ba-664e-4a47-9aab-0f5131a0ded4,22,Female,158,30,young
6e442dfa-66f8-4ee9-8ec0-28a551a27bac,74,Female,145,10,old
4d7038d5-cf77-4a61-a915-e4b85db83bc9,52,Female,95,12,adult
5a39f1f8-1023-448a-9946-5f6eecceffe5,89,Female,139,57,old
0c26d588-1780-4dfb-b082-b7ffd0f10c88,81,Female,25,48,old
54449e3b-7e5f-45c6-94cb-95a6d24b8f71,42,Female,149,6,adult
371d4ce8-130e-4b05-ac1c-4e4e7fd3aacb,54,Female,117,92,adult
b87d3258-7fec-4c6e-9b6d-4bd71d30c437,80,Female,36,38,old
a0fbca26-716c-42d5-bc92-5281bcd6d9aa,80,Female,70,81,old
e7bbfdee-e83b-471d-b42e-0dbe6a1142a4,66,Female,105,28,old
fdf48b25-58c1-474a-bde5-c95606b8a9ec,86,Female,91,98,old
cbeb3902-9217-4dff-8296-340efb4aeabe,20,Female,25,100,young
9b0a01fc-9ec0-4f54-b749-c419045faacc,25,Female,36,25,young
29d44beb-bd49-436d-ab39-5b8baefbf3f5,71,Female,54,12,old
da472177-cda3-4575-9a1c-44eaf02b8a5c,31,Female,93,11,adult
6ad18160-56a3-4744-9c26-2d892f9fc962,74,Female,32,35,old
28b19b5a-cf88-436c-ba62-8375f929fc71,25,Female,124,16,young
741aadb3-0b30-49d7-a54e-09542b48d014,79,Female,99,80,old
a4ec03e7-0c8a-48d8-9bbc-2d65dc116771,71,Female,164,63,old
d2df92f2-2304-4409-9ae5-eb3e0ce74711,89,Female,145,55,old
a142a353-eb2f-40cc-9db5-b3ccbe26297e,40,Female,85,93,adult
0ff90970-4bb1-4037-942f-e7293222d3ad,40,Female,58,55,adult
9782d93a-ef1a-4f5e-8d97-d9af9b40c55a,71,Female,153,45,old
da0acefe-c080-4b36-9adb-e0baecdab24d,58,Female,106,87,adult
93e27bc2-e574-41e6-badb-cd425c8dce26,66,Female,184,67,old
fc361cfe-f9b3-4c8b-b918-371c8b4b6ed4,60,Female,31,36,old
ab09cf81-d434-4067-aa05-657b68af612c,58,Female,140,32,adult
5aee6eaf-55b1-4d41-ba48-831f79ec0666,84,Female,94,76,old
a17af11b-b502-4701-8137-73b23b6ae3d3,73,Female,83,50,old
8e0ca7ef-c763-4329-a1b2-21a5547790b8,64,Female,88,77,old
919bf49f-253a-45e3-88ea-224329709e4d,23,Female,120,89,young
2626ef40-0b64-44e3-aeb7-3fde4638bddc,86,Female,107,15,old
7c77b737-7a40-468c-b189-44474faaa9e6,75,Female,167,34,old
a5a71d4b-a7f9-466e-99c1-231d25c83201,26,Female,85,35,young
53e93898-8b87-49d7-9830-f0ab274b43c4,75,Female,137,81,old
ddd8bc91-8004-4c57-8282-ebfb4777eb49,82,Female,115,7,old
11ed4d83-e799-40ef-b7ef-1bb1d57a5521,63,Female,136,82,old
f3f71366-91e6-4d46-9a6b-c772b89ccd86,20,Female,60,2,young
f105cc6e-de33-48ed-82e0-775c8a7eb8b4,62,Female,151,27,old
cbd18920-6128-4d1c-843a-b528606e6658,32,Female,60,26,adult
50a9925b-a027-445b-8a7f-6e802ff526e7,66,Female,107,40,old
01c87e1e-c884-4b75-a19f-8a4c6d1d2147,19,Female,188,33,young
75cb8549-3efb-40ba-9939-b7edb3f17daf,74,Female,132,10,old
069845f5-941f-4d41-a095-4253f343b3c0,25,Female,35,45,young
06587c36-b470-4680-b089-d8c7c3493d03,25,Female,199,12,young
854c909e-e983-468e-9757-57eaf9ea376d,46,Female,174,78,adult
a3274820-517f-4657-9817-bab6a1cd8180,53,Female,177,64,adult
034cdaef-92cc-40e8-b058-8a17c003964e,35,Female,32,8,adult
ef8d3958-2b26-42a1-928a-8cf774d386e5,67,Female,171,55,old
7a9a842b-8eb4-4130-b8c2-412242ee0714,84,Female,42,58,old
bdc193c7-99a9-4587-9aa9-66083bb9d485,35,Female,119,40,adult
632f72a1-c438-4a64-acae-543c0e012811,74,Female,103,85,old
3cb36523-1eab-4925-9c00-c11617c58cb3,31,Female,193,27,adult
77407c66-ad57-4176-906f-8fd8a38911ee,85,Female,70,83,old
3f53086d-af15-4228-9574-4b0179074b2a,82,Female,158,23,old
10ed78cf-4305-4523-b243-165eb61d1fd4,83,Female,91,57,old
bed21f66-dd36-4800-ae20-7094349f1cf8,35,Female,148,76,adult
fe1be779-56d1-4800-a3f2-273fdf9d6022,50,Female,73,23,adult
00e85cc7-a606-41c8-b01b-037037617d09,33,Female,187,83,adult
a8e2ba84-6468-4941-8c32-85bf204f3bf1,52,Female,187,95,adult
2452e636-01fa-44b4-b25c-f46a671f694e,78,Female,92,73,old
9ff2a966-9281-465d-8457-8009f11224a6,22,Female,144,19,young
75097725-28ed-4cde-98e9-c5f6f375614b,82,Female,82,77,old
7f565e19-6c95-46dd-a79a-f703ae224816,64,Female,126,91,old
c0190a5c-2d6e-41bd-84e6-1d8c5dad29b9,33,Female,149,76,adult
a53c4875-eb26-4162-aeee-831ef715b735,48,Female,102,46,adult
c639f9fc-99ae-4bad-b77e-5fd4a77c8e14,19,Female,151,44,young
6d4e1631-dd24-4863-b675-06a90b554239,67,Female,34,42,old
f56f9f2b-8512-472d-a8d6-723b406a1063,33,Female,167,59,adult
a8eb8859-7506-42b6-a383-4b80c195d8b6,79,Female,30,92,old
0c6d5abd-76af-4013-b6a8-b9c76d52df29,49,Female,121,75,adult
88d01388-e7d2-4824-b5bf-9db9841e00c5,27,Female,131,3,young
3023400a-ce39-4e40-9728-8fecfd22166b,89,Female,165,57,old
7d6e3949-faf2-4685-b3d4-64e895a7bb83,57,Female,66,54,adult
93980cf8-b9f6-4192-95b8-3aac4e4c0d74,53,Female,38,4,adult
51a7c091-f60f-4e46-b8f9-820f3d0503e1,45,Female,140,40,adult
c6c399ab-862d-4a7b-836b-46d2d20baf0b,39,Female,54,91,adult
174ee08c-6cec-4064-a1dd-eebed943b0e7,76,Female,26,12,old
f02fa3ba-a464-4987-b412-6b576028f32f,19,Female,189,48,young
ab4b09c6-75c9-4f4f-8f9e-269dd8765f36,76,Female,160,69,old
fe380d5a-8c11-4b55-8f67-03c0ec23dc8a,29,Female,168,8,young
3083aaa0-0f94-41e8-a6ef-e61e9ab9f8e9,90,Female,43,78,old
e9f6fda8-e27b-4c81-8034-e1bfe1e1df95,84,Female,85,28,old
4e04dee5-0afc-46c8-9a54-d1d3b4adbe92,40,Female,159,70,adult
478df417-96cb-4e04-b820-ae3a2ccf12db,19,Female,188,65,young
0b827f1a-22b1-4201-8fb6-15547ca79a23,59,Female,135,8,adult
eb97535e-b32f-4e7a-b3e3-8a88fd205a7a,67,Female,148,67,old
574272bc-6140-4952-9166-13c8007a1905,69,Female,173,77,old
ea4a0578-58d1-4429-8421-d01672d75fb5,64,Female,70,60,old
0a4167fe-3b8c-4d5c-a756-372acc0a10d8,82,Female,59,96,old
8fbb717b-1aec-45fc-a091-4088c25882c0,88,Female,150,11,old
af5a87b7-0b3c-4a9d-ab2a-5ace26ae187a,64,Female,120,38,old
e62d2e6f-8e6b-44e3-82f8-de040cf5699e,29,Female,183,93,young
906f357c-ad9b-4b0f-b4fc-1ec551869870,49,Female,183,7,adult
23c88cbc-c3c3-47bc-9476-4af2e38dd268,21,Female,72,84,young
62375353-92d3-45d1-91e5-5ac768fa6634,75,Female,50,35,old
bbdc196f-e54f-4ae3-8df4-e095b2fa8f16,86,Female,160,49,old
80abe65b-6fe7-47f3-ab4d-abdec4fa6908,73,Female,35,42,old
a052fa2a-e89a-4497-a27d-a9c186d5f375,63,Female,168,77,old
0fca10da-39d7-4ada-8168-7b676029df01,46,Female,21,11,adult
1c96c198-d249-419d-9d1e-d7e3723cc068,51,Female,92,60,adult
6aae3898-a3e9-451d-90ac-23d5546bf88b,59,Female,161,53,adult
be5856c7-3377-4e28-8e92-bf9afa687588,85,Female,41,5,old
987501ab-e1aa-4adf-bc6e-8220db6a297a,35,Female,35,94,adult
83e2323e-887e-4327-87b7-707a087d0204,64,Female,50,69,old
006e329c-631a-4c48-b53a-e7b0c6a4eaf3,42,Female,50,39,adult
1c6618b0-4855-45db-a6b9-9c705e2c1ab4,65,Female,61,59,old
310e79af-d7f5-4858-a272-07f3e9d7459c,77,Female,76,21,old
ee4d02d5-f57c-4108-924f-b04572a8f2fc,40,Female,114,13,adult
4dbb441f-0c00-4c71-a631-a156aacf8b69,49,Female,95,16,adult
10135303-2a0a-4031-bc5d-be972537037d,41,Female,123,87,adult
8461704a-a8f0-4a91-8851-814fd6d28bcb,82,Female,164,92,old
ee82c4cf-55b5-4437-97ba-280fd1c6277c,90,Female,82,5,old
b1fcc64f-e0d5-4946-a304-5b54aa8c5d40,43,Female,116,2,adult
460db1d1-445e-49b6-92f1-e00553e64978,81,Female,39,62,old
9046984d-7b52-4cfc-a6bd-bb66ec904b68,40,Female,109,93,adult
7f836de3-68ee-4ca9-b7de-f6990c1fa14c,75,Female,189,57,old
12a374ed-c2c0-47fd-a863-d3142a6ca42d,74,Female,55,7,old
2c192473-7ae0-4c15-a5fe-c36285fc7d77,46,Female,31,13,adult
7131b222-3e39-4bcb-ad47-31cc99485fef,68,Female,166,94,old
bf1dca65-6626-4ac6-86f2-a3e7c1a18862,79,Female,101,31,old
9656222c-950c-40a9-981a-4aba7ae6ea2c,63,Female,148,1,old
7732c659-e397-4780-9c5c-f93e0480055f,85,Female,90,98,old
5cc7b992-e97e-4d2b-a508-e9639d3a2642,75,Female,33,96,old
2431a672-f2d8-47a7-a5d2-1159afa572a0,25,Female,69,18,young
199de365-5cef-4be6-bd8f-ad8097a29fbb,43,Female,162,85,adult
bfa2ce82-6c2d-4998-b6b1-5f115fe7a686,76,Female,128,38,old
a2bebdbf-2bd2-468b-a805-edcd9a11803f,36,Female,143,61,adult
cfa100c0-764c-441a-b065-ef829ad85a05,88,Female,183,88,old
16670faa-cae5-467e-a8a0-63e1548b9090,45,Female,41,40,adult
603f10bc-50de-47f7-a93a-778cb3c0fd4b,20,Female,190,96,young
60523e5e-5605-408d-9c21-f1ac2822ba43,52,Female,28,12,adult
bec62aeb-8d81-474c-b602-a817ddf6f2aa,81,Female,48,66,old
0ad1892b-4b33-4961-a8b4-5808503aabd1,56,Female,145,17,adult
21c0b65c-44ec-4998-883b-7dd1810872a9,23,Female,196,80,young
b83c3c36-cbee-4dbe-8d63-b7c3aa9ae28e,64,Female,109,29,old
74bcf30a-4de9-4622-a505-fc44acb86e53,18,Female,151,62,young
49bf1117-631a-4752-be25-0ac6d6dd0ea4,29,Female,63,93,young
520234d1-3996-49aa-a370-8ad4527ad590,59,Female,158,41,adult
c72189cd-80bf-4792-b89b-6f4ca2447229,28,Female,116,22,young
6c99d8ed-e43e-4919-8462-b24e68adfcea,53,Female,195,8,adult
8c92bfc8-3347-4de7-81e9-e48aee6c4499,29,Female,52,37,young
a732a8d8-3019-4830-aaa8-3f50b12bcfc4,35,Female,21,39,adult
567b0a33-c685-4e2a-a5ea-c0737532de8c,50,Female,61,68,adult
4ba8b3ce-beda-4da1-a3e5-70cfad7c3892,30,Female,172,5,adult
ee640665-78c8-4a5b-be33-62faf23cce59,52,Female,89,77,adult
52f8be83-741a-478e-9237-063eb3d6dd43,19,Female,129,5,young
5158ae87-e340-49b0-a157-e6e819e681cc,84,Female,25,70,old
c0704604-3541-40d0-bca0-f16b02b4780e,77,Female,185,10,old
6edcde1b-6297-41ac-b7a2-d19fdcb1b35f,75,Female,198,1,old
94d6353f-6c6c-4dfa-aa3f-399da6465262,37,Female,169,67,adult
dad463b9-86eb-4054-86b4-f96a62d6bfb1,30,Female,114,60,adult
1cad97e9-9e17-44ef-bde1-79552839b225,79,Female,190,80,old
d1bab99a-c7a2-43a8-a29d-72f703a29f84,30,Female,102,50,adult
7208c821-4599-460b-9e3e-92af7172dc8c,52,Female,38,78,adult
d8f6b616-aa0e-4ccf-ac3a-d3ccc79ec572,72,Female,42,96,old
96a4e41e-3624-4fd3-9413-74a10abc566e,31,Female,146,12,adult
e35f2af0-7906-4296-960b-41436be543a3,52,Female,43,89,adult
171dfa86-c2ea-46f0-87b5-d72dc77e9955,28,Female,94,74,young
c9f1bec2-4e81-47ed-af66-ab015aec75cd,71,Female,123,57,old
87d9e51b-b017-42ac-9192-a80c5ef26fe8,51,Female,154,67,adult
ee42b577-2bd6-4ecf-b98d-075d8b4a7866,43,Female,43,29,adult
d908d938-f72b-4aa9-8c55-335712c8d302,67,Female,139,85,old
95c4c04f-619a-4615-9895-7afc6171a6a3,54,Female,139,53,adult
581edffc-add1-423d-8f03-22d1d1bab0e7,72,Female,118,63,old
e38826c0-865b-4848-9cbb-40ed965a18b6,28,Female,112,89,young
7dd7673c-c90d-43b9-b8e6-f2d7a1a6ad60,89,Female,165,21,old
d3b52820-427c-4813-ba8b-ccc99326faee,22,Female,200,59,young
2bf0c9bd-943c-430a-a275-e41e470ade36,84,Female,48,3,old
7101acf7-e0ef-4f4d-ae9b-b33727537632,78,Female,73,78,old
6c749806-e132-4a2b-8076-211835b89c98,26,Female,60,64,young
25b52e30-5f52-4c35-8e33-0511889f3242,66,Female,92,95,old
e825ce70-60d1-4772-a05d-ebf4e287b0d0,42,Female,104,43,adult
211fbdeb-0f19-445d-bf23-324d1098ff2e,38,Female,192,42,adult
0dd159c2-d43c-4f0b-a81c-98895ce29e70,27,Female,62,6,young
fd74bd6f-077b-4401-8732-66bd9011d697,19,Female,83,84,young
133605c3-fbb0-41e1-b3d3-54bd53f334e2,47,Female,26,44,adult
e90a1a5c-a52f-4d83-8f07-43d2f22fedec,86,Female,141,59,old
22db0797-4fd5-46bc-90de-e6fa53b19280,78,Female,25,61,old
ab59cd8a-dc9a-4a10-9df7-88fd22777b57,18,Female,65,27,young
55e106ce-cd8d-4984-8b6d-e3e8a8cc1081,49,Female,59,97,adult
bbe20f7e-ea66-433d-acc8-c2330dc24db6,68,Female,71,30,old
c9bdd118-2e9f-4a2b-b1ae-dd62e2578d7b,21,Female,70,41,young
ea5868a4-e0f5-4c6d-a988-7298b0e3db00,32,Female,80,85,adult
d896ccdc-9b87-47de-bcc0-bdfcc62bdf49,75,Female,193,18,old
fb53a389-0d97-42f3-99ec-d3037404c559,50,Female,113,96,adult
1ea684cf-3458-452b-a854-8052df1a6d3e,38,Female,142,33,adult
729d819e-9518-40d9-9bbd-2ef7f2f91712,33,Female,91,67,adult
d52cccff-8b0d-400f-b5af-13b70707a579,39,Female,26,60,adult
40b39024-15a0-4ba8-8028-80528b99f631,45,Female,155,68,adult
de3757f4-5846-42f1-8405-5e09567b9110,31,Female,148,25,adult
33ce2b11-6583-44b8-8c75-2bff289037cb,70,Female,168,55,old
47e34f5c-0d0e-406d-a3b8-869b49a91825,25,Female,87,30,young
e4a37096-725e-4105-b557-e933dfd9c107,48,Female,121,90,adult
0bb38774-608b-47ae-9cf4-bffbaec08445,56,Female,200,91,adult
9ac9cde3-f2f2-4411-9bf6-f12acc24bec4,35,Female,131,85,adult
c8b2f6a3-9f72-4803-a05c-6d71cedcf8fc,63,Female,147,55,old
b738ae86-5d7e-4087-b688-8fabaed54242,72,Female,152,25,old
46d2a443-eb57-420a-b9d3-89748df497a4,21,Female,150,3,young
08864503-984e-4753-afdc-0edc297a1f6c,63,Female,146,92,old
93bcb839-32e4-4e39-847b-b7c88d744516,77,Female,75,92,old
98dbe9ce-4ab4-40cc-8f9b-02caeebb9d5e,50,Female,74,53,adult
292c2eae-d346-4d04-b6cb-70e5aaaf7399,54,Female,98,63,adult
e241555c-385b-4341-90f2-0a13d9169684,19,Female,191,8,young
4eb7d119-72b7-4a36-b349-fb97e364c3cd,38,Female,65,81,adult
ce5f0796-cc48-469b-86e7-cde8210755fb,46,Female,44,34,adult
5029be7d-2bff-4616-8b85-f6a4703e4fae,50,Female,77,9,adult
de230c38-fa00-40c0-baae-556660382ce3,74,Female,33,92,old
2273a438-0bcb-4650-997d-0d504c33d15c,65,Female,126,16,old
d16d2b9e-48cd-4014-8326-ef32be6a54a4,66,Female,28,51,old
cf3da3d0-993c-49b3-a783-15dbd4840101,69,Female,182,97,old
9f8c136e-fda4-4747-b890-6948f239cf15,84,Female,101,41,old
b14d0546-b35f-40fd-b6b2-05418e7832ec,80,Female,72,57,old
bc41a897-c217-48e1-8a79-304376daa945,24,Female,144,5,young
3cdc4152-7ae1-4389-8216-28c8c98c95cb,70,Female,64,78,old
f0357a96-d216-42d0-83f9-50f59bae65b5,70,Female,126,15,old
e3f46c18-de61-40e6-9561-8bca96d07b94,34,Female,144,32,adult
350a82b0-11a9-4f5a-a27c-e2f61b2d0f71,72,Female,190,49,old
6e19ebd3-c14f-4d4e-98e2-3d2c37f9d903,24,Female,139,7,young
da15598f-e408-4d91-a95e-715a028d58d5,85,Female,37,20,old
26e64397-6de5-4c95-b9c4-ccdac3c96fe1,33,Female,158,77,adult
4c9a1e7c-99e0-4316-8931-a2fd715da1ff,22,Female,160,56,young
5ab5397f-1678-43ea-b03c-7265167c4a58,88,Female,120,24,old
3fc00cc9-884e-42c4-b73d-bd357e4af02f,78,Female,55,72,old
751dbdc7-f5fb-469f-8c62-207d5eaaedd2,64,Female,138,83,old
754e55df-67a2-4cd4-bdc8-fdf54da0f866,26,Female,37,27,young
0dd04cda-a9b2-4980-96be-370e88acac65,43,Female,47,64,adult
a1fdd0e5-9606-455e-a400-d13093f66a00,34,Female,181,12,adult
5726be98-f86a-4590-8911-d3bdd67d7901,83,Female,142,55,old
d89195b3-405e-4008-ad3f-7e7c335042c2,23,Female,145,18,young
a79912ff-7b03-4efa-ba30-9b1610d69571,22,Female,159,93,young
91020f8a-baf8-4a85-8b72-6beaccb1a5c8,86,Female,162,16,old
63078c8e-8cd6-483c-9750-4894d4d7d08e,75,Female,93,66,old
ecd62dba-5735-4f84-aa07-4e84dc687444,90,Female,89,65,old
94e2df21-a263-4940-bb89-95ecabae16e4,56,Female,158,43,adult
7ed75857-a2c2-4149-a9c1-f3f3451a6fab,26,Female,140,1,young
a36b122f-7d54-4498-ac3a-0b02da17fd49,58,Female,114,90,adult
f8deee7f-d03b-4402-8e83-677ed719f872,74,Female,121,84,old
a97fdc05-910e-40a0-a8da-243b64c60664,33,Female,156,66,adult
477841fb-1d9b-4d72-8204-f72870d45015,37,Female,136,42,adult
8fa83b19-6432-487c-bfe2-b0d14315a74b,35,Female,34,43,adult
df16b835-ccda-4d24-b801-4a3b811414ad,76,Female,46,22,old
ba024f80-86c0-453b-ab44-32627bf1d53b,31,Female,64,63,adult
6585411b-a4bc-443e-a1c2-5c105894b403,52,Female,86,99,adult
52f902b3-b0d4-44de-a8c8-a7b7ac368c3e,32,Female,107,36,adult
b965a823-7056-4e6f-b3b7-d43f8cafd23c,46,Female,75,17,adult
a4e8bae2-3a90-486e-b9a7-2c79c647004e,78,Female,103,49,old
46d1b44b-c8ac-4950-a637-867f41c2ef58,42,Female,33,91,adult
9a441349-0b54-450f-b2c7-0244acdcfa8b,25,Female,161,100,young
ba168e15-190a-4c1c-a8c0-b24398d2583d,71,Female,82,78,old
95f63f69-c559-4f19-8675-6fd1caeccdc1,53,Female,69,22,adult
e378d537-6149-434b-b768-3dd071a6063f,68,Female,118,7,old
f750e57b-1e1a-4f98-9f32-04d3e0551d86,35,Female,170,9,adult
1888514a-4724-44dd-87a1-d4f2149d99c8,18,Female,143,2,young
cc6950f0-7bea-4a5e-a8cd-8dd1a6c3d333,31,Female,114,6,adult
33e18095-88c3-4980-ab36-2a306c867f28,69,Female,150,43,old
24924399-abb5-447c-bb6f-f03495ed8298,58,Female,189,33,adult
d96d1382-b85c-4dc4-85c7-35f75880b937,72,Female,162,85,old
37a62a59-c52d-4af5-9fb2-b690355187ec,51,Female,194,59,adult
30fac779-cfbf-4488-bf20-06ce7ec6cf35,20,Female,130,87,young
d3524640-9d0f-4268-9430-86e261322021,83,Female,134,78,old
a8942e16-600c-44fa-aa1b-1facacb1a1cd,60,Female,91,26,old
6b8b61ae-df40-4ede-a8d2-fc9251166078,31,Female,196,77,adult
4fd6f20e-3d45-469f-b5ba-b5392177c214,86,Female,76,97,old
54734a76-e8a7-4fdf-b3e3-b770bd4c355f,43,Female,80,71,adult
ba7091cb-3823-45ac-ace2-5f30bdf1c3e5,25,Female,184,60,young
b4a9ef73-579b-4ff6-8de0-3a6c4612e2dc,50,Female,166,44,adult
9c36b68b-453b-43ff-8734-a73480bd7997,77,Female,43,100,old
351aa337-133f-4434-95db-a28edd25a66f,78,Female,54,14,old
1b78ff63-f21a-487f-9294-9d4bff22bc31,21,Female,129,61,young
c148ede8-7db8-4ac7-819d-993170874c9a,83,Female,138,19,old
b02457c1-a2f0-4b1e-a8d5-a20e2fec7a28,46,Female,119,28,adult
877356d1-0dd6-4604-846b-3e4b20f2b8b6,32,Female,118,9,adult
5d171284-ec85-4fc0-9bfa-1505fdb72903,20,Female,191,10,young
4a600821-cb00-47ef-8af4-c6584afdd43a,86,Female,73,70,old
f26da73d-1004-4839-bc0c-7ca2f4977cc3,29,Female,168,50,young
8d1f1439-b8da-437e-bb5a-3d06798ae892,77,Female,151,73,old
3b447f2e-00b8-4439-8627-6946fe848328,83,Female,196,74,old
7369e9da-2fab-4662-a1a1-ea3530bb7469,87,Female,125,75,old
040abfdb-4827-44b9-8191-b719cdd27f81,56,Female,49,44,adult
9423b429-1505-4b91-8d6c-e82bee8f8f75,78,Female,95,19,old
9482200f-d3d4-4283-8dfe-721ecc440ae2,72,Female,44,25,old
81d5aff5-880a-4d6c-be81-81cf353d9069,87,Female,34,48,old
892482d2-69ec-43b9-85e3-798379687085,57,Female,92,39,adult
86780be3-306f-49fe-b6a0-a21cc3f2ef8e,31,Female,69,14,adult
55e5de7a-482e-4819-aea6-847cef2712fa,85,Female,51,67,old
19e26376-a810-4025-ade9-de17c077b313,21,Female,142,38,young
83b407bb-92bd-44bc-88fc-3ec843c1a420,80,Female,24,96,old
45c8bf2c-b6d0-452f-b930-0a4bfacb4dfe,79,Female,66,21,old
1acd055a-ab29-457e-a4c2-b1558132561e,58,Female,80,44,adult
45b95d80-21f9-4f27-a7d5-e67e32aea7bd,63,Female,68,52,old
7848a39b-42ad-4bec-864e-5b8b5ede3453,90,Female,39,6,old
245314d1-69c7-40ca-bca5-4f58ae2afc36,76,Female,58,9,old
301e0c3f-1c5b-4e74-b952-5bd5c5783d2c,27,Female,63,45,young
cd515217-c4e9-4b54-aecd-9e3d71b4f27b,48,Female,177,24,adult
99b61486-fbd1-46ac-a6d5-fb7b7a0e4970,74,Female,182,42,old
1603d3d2-c082-4d2e-a788-cc5be89f912e,81,Female,74,28,old
10774dcb-8023-44de-aca7-4c6db1c0d638,24,Female,85,8,young
a3e2c90c-04de-4bde-a778-0da82ad61592,54,Female,34,71,adult
bc41cc91-4e5a-4442-9710-ad0ef563c761,21,Female,42,52,young
7bf26140-6f9a-480d-9f67-5afc1d2be7fb,42,Female,141,8,adult
6339a2c0-6300-4db0-ac2d-502f6d0938c0,83,Female,153,48,old
95c8db8d-ddf6-4f49-84f4-275f9bd979f6,57,Female,72,83,adult
c091bdf6-2204-48c9-a50f-9955163440e3,51,Female,195,38,adult
28dbda2e-fdc4-4ed5-a53c-892ca73a4c59,19,Female,180,71,young
8ccfa3e0-a7ad-4ac8-9fa3-c12efa959e6f,83,Female,172,10,old
d820f518-5efa-4371-9f7d-7f8c1c7b4a1c,23,Female,104,60,young
ec65a31f-64b5-4c7f-b831-7f990298e9fa,59,Female,182,33,adult
bd48e93a-5189-4fc3-9276-f8520dca955c,72,Female,127,89,old
18b9560e-ef9b-43d6-9669-fd2c5c29fd92,86,Female,157,42,old
d99a5e77-5bf0-4231-b4b6-ea5b58b3fff2,84,Female,87,21,old
8218f3fd-9e8f-4823-add0-91efc71a83ad,36,Female,25,1,adult
a8c1c393-4737-4dea-bd4a-6ffdc54699a7,31,Female,53,14,adult
3640f506-a9e8-4f1a-8e63-936d92df08b2,78,Female,125,34,old
42c51404-d1a4-497a-a9e8-a7a3ff23fc28,32,Female,116,63,adult
545aecba-faca-48fe-955d-758ef46dfc65,33,Female,182,46,adult
12a4dd62-45e6-4dee-8c22-ecf03bb76508,65,Female,135,24,old
f39aa20f-314f-4296-8ecc-082280514e48,23,Female,152,29,young
e29429f7-3888-4561-8dbe-704f8e8540aa,22,Female,60,65,young
9bdce1c9-af60-4111-b1f2-f1138430f923,30,Female,31,57,adult
0f7feadc-1a72-48e5-8ea2-de6cea8d91ef,46,Female,154,43,adult
68eea37f-9066-4128-a478-d20767bda06f,56,Female,134,30,adult
56ebb761-8d55-4c74-b426-fbf71fff31ed,31,Female,96,89,adult
ef2f70f5-8200-49f5-8432-0e2c8e0573a2,60,Female,128,33,old
8900a200-fd1f-420d-a05d-29ddfec8acb7,42,Female,26,43,adult
9bd15ac9-1b85-4113-b81e-f44bf701ad39,53,Female,119,64,adult
9cbfafa3-cfb4-4518-8186-b3fba0ddb073,31,Female,194,27,adult
82eb466d-813f-4329-9e01-2b4d7f6c4a01,86,Female,163,74,old
a948d6d6-90cf-46d4-b3c7-14fc08582bcf,62,Female,54,35,old
2ec16c77-5388-4d67-b2f3-122c639742e9,41,Female,66,66,adult
e2b1ede5-ee25-4b7c-8517-e5ea3467f689,40,Female,65,39,adult
e520e624-f49d-4fb0-b95c-c35ab24540ba,48,Female,73,96,adult
223de22b-7449-4a50-b108-f8d95e324b09,63,Female,36,95,old
8f5c15bc-78db-4b70-981e-db0870b2644b,46,Female,163,75,adult
0a1aa4df-810d-455f-987e-1d7ba6d5e13d,85,Female,86,67,old
4fa0342f-20b4-4b2a-85df-d1eb8b536a09,51,Female,158,72,adult
5a9234f4-6a44-4ff3-aa26-cf8ad5bb2b5f,22,Female,119,22,young
26977df5-7900-4d47-9b02-f38fabb8ee79,22,Female,194,24,young
eff9d0c1-e571-4bce-9577-fcb8ce68f98e,63,Female,158,99,old
faed1942-898d-4f52-9e38-4e1f72c5321c,67,Female,153,4,old
27ce9d56-8ea5-4629-aa46-c0ecaf4a0c9a,65,Female,123,48,old
c753849e-6543-4e33-859c-8176063d9609,32,Female,158,81,adult
49d5888b-9962-4e65-a39e-d2fc815b458e,79,Female,166,67,old
7db977bc-5a99-497e-8d4a-a76759dba5a5,53,Female,76,65,adult
eb045a12-df7a-423f-8178-0be9214eb548,49,Female,96,74,adult
9f07704f-299c-4e48-bcee-42fd19a1fc04,50,Female,153,64,adult
4751a0a1-9baa-42c5-8430-d93123f005cc,89,Female,169,17,old
feacfb74-9840-49f7-94de-4166ccf4ab45,26,Female,130,26,young
b4c21718-b6b0-403e-8f69-9537c4102025,59,Female,67,45,adult
05bb8bea-0d6d-4e5a-a4cf-d6e255236f80,78,Female,140,14,old
203efd65-b132-44ed-b205-7af624e2dc49,75,Female,164,66,old
9ab5c7c0-e6b6-4b53-925d-7bbccb62f6a2,80,Female,174,55,old
a94b3ff5-74ab-4ba0-9e6a-e7d3fb7bb0fa,89,Female,150,84,old
2a13ad05-b40e-42a4-9355-186b4908b1df,77,Female,126,7,old
b3063e22-6557-4c1f-a33f-06deae41b154,26,Female,20,38,young
ea571af7-035c-4236-97d7-7d0384a55293,52,Female,95,29,adult
92d9bf77-7ef7-4de3-8734-8b20127b33b6,47,Female,193,63,adult
611a4635-aeaf-42e1-b383-0dfe7fb268ae,85,Female,92,26,old
d03d5bb3-bff6-441c-9ea6-dc166d5346e4,49,Female,21,65,adult
36f639b6-8989-45f1-b940-1fe93547eb10,88,Female,142,94,old
07235747-855d-43d9-b69a-9c6a1ab51177,19,Female,159,98,young
48988fe0-85f9-4762-863d-b6e822ddd120,49,Female,96,85,adult
3070131a-014b-4eff-96d7-d20db16b4162,47,Female,192,17,adult
616eb43e-1771-42b9-9ae4-1c8c8a499378,72,Female,94,42,old
2d102153-7455-4960-951d-7a6fbe114b9a,21,Female,77,45,young
d306bb6d-ad11-401a-916e-727ec4487bb0,64,Female,140,27,old
e13a4478-5d9d-4c78-9056-fe51c5919e95,65,Female,52,67,old
b8be442d-ac15-422a-83b6-73fa77964b32,75,Female,160,67,old
2af1681d-cddf-4028-88c2-80fe244de824,52,Female,71,11,adult
2fceb2fd-281c-480e-bf45-914445166c30,28,Female,66,32,young
60057501-26ce-49aa-bba9-e3f04341778d,25,Female,40,38,young
263332e2-8439-49b5-840e-63941aa2ff4e,29,Female,58,47,young
b2f8f38e-7b58-4fba-8d83-eefeb8fd7d3c,37,Female,100,5,adult
b4c4a8f5-52fa-429b-a497-13d71cc34629,43,Female,124,74,adult
ad7c7df3-3d48-4c5a-82fa-7266b59f5429,19,Female,176,6,young
0556ac25-0cca-4946-aa6a-0dbad9ee8938,86,Female,42,96,old
01cf1a64-3de7-4c8b-8769-b9536e60d7dc,70,Female,83,96,old
570b5a93-3061-4c14-b503-aa8db6340e1f,41,Female,39,18,adult
59767131-c805-4744-ad68-b14ed627012a,35,Female,47,34,adult
6a1a79d5-bfd6-4cef-bbc0-ba2a0644ee9b,30,Female,74,74,adult
3c1b8436-0d65-4614-8641-7b5907fdda0b,73,Female,101,96,old
91746474-c601-4d70-8373-514ad2f3f197,68,Female,117,37,old
c9c726a4-ba32-4d6d-a0c5-d8edd40d5e13,57,Female,48,34,adult
bc374226-dd53-47f6-a047-1d09aceb6357,57,Female,172,70,adult
1c3bd0f1-0a67-4f6b-be24-a6553e93e94e,45,Female,78,77,adult
ed34a620-e567-4b23-a859-c9ec113172cc,26,Female,136,91,young
3fa08140-2aa0-4ffd-83e7-3c1d6e2dfe9f,88,Female,71,69,old
c1dd7ed9-0b82-4d4b-941b-af8c8c6d4a33,42,Female,43,92,adult
d229c0da-f03e-4b6f-9437-233678db2e4c,35,Female,133,15,adult
540e0bb4-9eea-4365-9e62-84b1045e6305,75,Female,51,32,old
f85ad401-3365-4e99-b39f-bf553eb48163,56,Female,182,99,adult
08912283-bc62-48b8-89aa-f59da7338e5e,57,Female,94,59,adult
d6bf10f5-9e5e-4f8b-8784-0c0117de7c25,65,Female,162,13,old
d91e45e8-84a9-4c5b-bd17-ea74ec48516b,69,Female,78,37,old
e586eaa3-0343-4632-ad8c-d1cac3b784b5,59,Female,96,8,adult
d086a81a-cb80-4bc7-a361-1b84f2a06859,50,Female,107,10,adult
a2735880-e6bb-4a72-80ae-13303ff77fa7,26,Female,167,43,young
919d1d85-94b3-4dbb-8ce1-2b60c6e8f625,38,Female,30,71,adult
e82c67b3-0b9b-4c95-8f4f-4462625a5562,34,Female,198,96,adult
a43f7d0c-1f32-4b71-b7bd-226b09e68ce0,57,Female,46,77,adult
cc43f26f-06fd-4d1b-8272-fefa84ef99b1,32,Female,88,44,adult
d94d3f1f-2cd0-4ae0-b6cc-ed233b9beb2f,47,Female,40,40,adult
0ba0e151-8dc4-46c8-b9d5-59217891514b,42,Female,181,90,adult
995a7872-a784-4f3a-ab9c-0fb674e36333,23,Female,94,71,young
4eee4e92-3af1-4a1e-a183-8ed87b1d00f6,40,Female,109,42,adult
13aef6a4-2459-43c6-bb63-2e40f842ec76,55,Female,180,23,adult
f0f8991f-82e2-4866-83cc-fde0051dc5f7,46,Female,33,84,adult
affb4272-3278-41a1-bce5-be009b5bfaf2,31,Female,52,23,adult
5eaac1d1-29b4-49fe-8b5f-48cd03378afc,48,Female,171,88,adult
0347a6c0-c3e2-42f9-b30e-cdc8d93444b6,88,Female,169,23,old
2e06cd28-579a-4d6f-9a65-8b255c13439b,24,Female,46,76,young
7e810be0-b0b1-461a-9609-fe98924e3d61,54,Female,126,67,adult
b24a661e-dc5e-4286-bee4-6b7cc09c3ac0,90,Female,30,100,old
90dd9b64-e4e9-44b3-ae43-8e2687dc11a0,65,Female,93,69,old
f4cfd527-9e8d-4649-85f5-44de472003dc,90,Female,59,14,old
5bb404e6-0029-4b90-b3fe-20c88068b803,85,Female,193,24,old
9b049078-60f0-41d0-8f0e-15db25d83e6c,23,Female,152,47,young
e7650b31-5d34-4b1c-b491-9d8ceecd04a6,46,Female,67,43,adult
bbedda4d-6271-4a96-9732-725e699e3809,67,Female,85,20,old
b2f01c07-83f9-41e6-944d-de86677dbf97,61,Female,58,74,old
fa9aff2b-bf99-47d8-bdfa-a9f89c49fc84,41,Female,94,6,adult
9abebc4c-1be6-402f-bb71-4aaa9d6868ab,76,Female,143,71,old
2cff789e-9c55-4d74-90b2-eb87e7f44ac5,72,Female,65,39,old
e27e5c4b-8df1-40ea-9b68-91f3d1cca834,82,Female,152,7,old
e0bc22ec-d1f6-4c2e-a06f-a7e0f3e8afea,74,Female,132,53,old
c4e7d481-0c4a-430a-92b2-7339e141f69e,69,Female,159,33,old
ba05c715-ba01-4ba2-8327-1308367c3a03,64,Female,154,30,old
4b5e8079-d5bd-4fd3-b7fc-b4c83be0b0e7,73,Female,85,5,old
26be962f-cc23-48f0-8602-ade3303916c7,37,Female,96,25,adult
493ef6e2-48c8-4247-96ae-ee6ff5fc3f63,31,Female,91,49,adult
de14bcca-c8ef-447f-b980-e8881c76a5b1,66,Female,180,93,old
60ae7e7d-4be6-4d39-8bb8-eba4b4a9be3c,22,Female,30,78,young
f270069a-e2d1-4d3f-b52c-51ba0e395aec,78,Female,187,8,old
b7e5243f-f1eb-4b20-bc20-17513bdb8d9d,60,Female,48,22,old
6e2d71bf-250d-4fce-9a80-e9c7b17f83a9,59,Female,118,11,adult
feb6a955-1614-43e4-a2eb-0d64fee41307,33,Female,101,31,adult
049955a6-bbd5-4110-bd88-0173208a01d5,51,Female,54,78,adult
7eae7a3f-13fc-484d-ab59-92fd11be0e87,64,Female,67,91,old
4590804e-b75b-40b6-974b-910496238bce,86,Female,88,64,old
8e2f8297-f63c-4d14-b3fe-06ac8e826a9f,24,Female,38,4,young
c31d639b-45b0-4133-94ae-8703429a0c74,61,Female,107,17,old
97a6d9ce-084c-4798-9447-696f5ad41605,80,Female,78,23,old
2e03e366-f7fd-4a19-86fd-53032c6c9532,22,Female,150,86,young
fd4a2dc6-e909-4643-ab22-931ebe2c8f4a,38,Female,28,90,adult
cfd664bb-1342-4de4-8146-9f227a848d37,20,Female,119,16,young
bf8a7516-b37a-49dd-ab4b-61888680d134,74,Female,200,25,old
6b45fd79-83ff-4bbf-ba64-db3740152b69,25,Female,100,14,young
c39fef3b-32f5-4898-a4d4-ae8a5c679d86,22,Female,76,87,young
dd1df1c9-4397-4aa4-a3e2-a33565304d45,56,Female,121,80,adult
fc2c764c-48f8-40bf-b0c1-c08c7c2186f8,71,Female,43,46,old
ed24f911-d2c3-4f9b-aa6d-1fa65af3e99f,30,Female,30,87,adult
f21a4176-1bea-4c19-8a46-aa8630d3cd22,27,Female,68,50,young
393ab9e3-5ed3-49e6-baa4-1a3df6d591b7,64,Female,137,72,old
602f9376-7674-47b0-a1e7-3d3859337e99,61,Female,46,67,old
d00c82f9-83db-499f-bae1-2d46cfa8f95b,39,Female,178,85,adult
301dc2e3-6c3e-4720-9cb8-92ad5a0710a6,29,Female,116,98,young
2145cf37-0351-4f69-b81a-2c6d9c1b6434,26,Female,75,98,young
4c099838-d32d-4504-a1c5-acb4464f473f,34,Female,184,29,adult
9367be07-0d56-47fd-a09a-3d10a2cec27c,36,Female,58,94,adult
d05066e2-188f-4eee-a414-4209f79359bd,90,Female,185,10,old
ee244206-4367-410c-ba4a-a5bb143282aa,38,Female,76,42,adult
ad6c52a9-87a9-4915-9b0f-05a030ac3800,79,Female,79,86,old
9e47b17f-33f7-4d99-aa88-836c80170c34,21,Female,128,6,young
38e01a11-dfd5-4a71-9152-c3a05a5090e8,58,Female,102,24,adult
b7faa9c3-8f76-4451-8848-51a4ef9e2b67,28,Female,160,41,young
737ec5ce-629e-4a3a-99b1-7aa3f2e2123f,88,Female,137,39,old
ed3e75f1-e170-47ea-8b38-b02a4c04bc76,75,Female,195,81,old
941b6d54-4891-4177-90ab-d5e3eb658be7,60,Female,185,35,old
32c7c7a7-e271-489b-85b1-3a745369c895,43,Female,117,84,adult
d4845967-193a-4ff2-8695-aee6a61a19f0,23,Female,187,67,young
68cf1753-e592-4aa5-b68f-a86b8fd42841,66,Female,92,95,old
bb64578d-37d9-4cdd-81c3-a5a73f76cd73,55,Female,57,79,adult
44d27c5b-f59d-4907-be33-e3a0a25bc4ec,50,Female,167,19,adult
29532f33-54bf-49b8-8ee4-989d1283d630,82,Female,198,80,old
e2393c96-93fe-44ef-bf4e-f532ff90c02a,56,Female,176,53,adult
3df1dfe6-02a5-4739-8d6e-5286844a11e6,46,Female,59,70,adult
5cc79178-329e-4461-b0e3-635b24ab409b,44,Female,143,75,adult
8200860d-2f7d-4300-82fd-315b8dbb8be7,58,Female,124,84,adult
78f01057-6bcc-47aa-9837-83a6a03a1cd2,51,Female,195,94,adult
ea73809f-cdcd-4bc4-a4a0-9d5af43247c9,51,Female,111,95,adult
240e0b76-3696-49a6-b88a-244a268de520,37,Female,117,33,adult
f21318bf-c91a-48b8-9ed4-462eea34ee75,60,Female,80,92,old
1cf02668-b092-4754-a6ca-cf08c9d33652,41,Female,69,49,adult
6c103cc4-45e8-4ebe-8aba-3250cb0d141d,60,Female,107,15,old
a8387b9b-1686-47a6-9001-e86a05f929a4,64,Female,105,44,old
d04897cf-1ce1-413f-b49c-5ee04e24fbfe,57,Female,157,17,adult
a70671e2-57b4-46a7-839b-d0e882bd2160,90,Female,48,54,old
4c51a2aa-e501-44f6-b640-f68ba90dd728,47,Female,33,80,adult
844258cd-1fc8-4c47-86d9-ce6f4d8b037b,77,Female,173,75,old
f6b6b0ac-35a0-4e1f-8499-6ed0b733de5c,64,Female,40,11,old
06c0b743-daea-43bf-9c77-38a7c1daf7ab,85,Female,105,62,old
5b519fd5-dc41-4476-bcef-49592caa23e1,75,Female,40,91,old
3aa5448c-b826-4a27-82aa-12ad008367c2,55,Female,71,43,adult
ba7d90cb-db99-4bf7-9a17-9ed4f83c0a49,23,Female,62,66,young
7000a6ec-ddbb-4b61-a869-09373d5796f2,41,Female,197,17,adult
38c25814-7df7-4c41-b687-7229252bf086,76,Female,154,10,old
e8b93f6e-d6c3-4a19-a199-c3b7a78ae961,89,Female,135,24,old
68071e74-3203-4c23-bf18-6fc4fee2bbba,44,Female,42,87,adult
0abc8c47-bc23-4d3a-892a-5cb1dc8f6355,52,Female,51,5,adult
7e1bc468-de23-4a54-91d1-984f44850224,38,Female,30,8,adult
23ee1531-2799-40c0-b405-bc3a256ccd8f,36,Female,25,32,adult
7d123b77-70fb-4b2c-a809-6d629edf5cca,66,Female,28,68,old
26151c49-480f-4ecc-b62f-7cf257bf9b81,52,Female,138,64,adult
3d852dd0-a9b5-4cec-958d-934c30e43797,55,Female,161,10,adult
ed5c2341-6276-449f-a136-be47adad54fc,70,Female,164,36,old
9441ee4c-0d52-407b-809a-3f61e4eec5ea,18,Female,149,89,young
cf2ae689-3274-45dc-ae76-9d2a5d8ba483,30,Female,165,3,adult
982482e7-0d05-4995-b62c-9562dbbe5e8f,33,Female,132,51,adult
287e54f7-87c3-4c45-b429-a0f5f4797987,71,Female,34,36,old
48828a14-cd57-4dee-b071-922a178e7f01,31,Female,153,9,adult
af4490e0-3852-47dc-9baa-76dcc1a28527,69,Female,185,1,old
fe3ce49e-9033-4a7b-85de-ba2e6da037e1,29,Female,129,12,young
28c2904a-274b-4d9e-ab05-1d1e246f5ba2,55,Female,134,63,adult
3324ceee-974f-40b6-8590-7bc459e2c5ac,33,Female,128,36,adult
b61549f9-cb16-4b67-b929-f1fbbf939b71,49,Female,60,78,adult
c46411ae-31c2-4906-ad17-57eb5ba5bc42,42,Female,44,12,adult
8f1b1228-817d-44ff-b70b-31c4ebac3d94,23,Female,80,19,young
2d96a209-8c36-48a4-8c96-f29bab22eb5f,59,Female,133,56,adult
8013feea-4d5c-4aa0-b476-84cc90dff382,78,Female,141,36,old
f5cf0bcd-85ce-40c8-adc9-6645a36490df,29,Female,46,16,young
862cc968-9501-4916-b7e0-2b6b0f13b9e6,30,Female,82,71,adult
0e21e42c-3aae-4711-83c0-737171bccfcd,32,Female,138,96,adult
860098dd-0e51-42d8-ba2e-f65a4b3170d4,74,Female,195,92,old
3915fa84-2ad5-4d6b-8fc1-13755cca8ede,78,Female,48,28,old
146cac5e-d9d5-46ce-bdbd-cea4d1945bbf,56,Female,41,40,adult
ab80cf6b-c370-40f7-ba87-07466e8a74f8,88,Female,100,40,old
c548d54d-49d0-4bb6-93eb-0f1bc8ccba81,61,Female,47,62,old
2165f62f-7ff7-44a1-b507-c8cc5bab8c48,86,Female,178,28,old
72e7e14e-a7c5-4046-9707-990fe6cf917b,49,Female,34,12,adult
00393b5c-befd-45bc-846b-e0eb50379577,63,Female,176,71,old
f6f25273-8aec-4c98-ad64-bc9b94ba74c7,60,Female,51,81,old
a714cfae-b3a1-4949-8b47-c586fed3a3aa,25,Female,103,90,young
8b7f5191-9a76-4586-a084-18609e71dd39,35,Female,48,15,adult
60be864d-6cd4-42d7-9ba1-7c7ec2b8d52c,86,Female,32,9,old
3bdbf9fb-8fb9-4925-92e5-495de0263a4c,27,Female,174,66,young
e90eb985-6959-4372-b395-a576dd280a20,53,Female,146,100,adult
7e435171-c0a5-4fa5-8533-5ab62779a894,22,Female,99,99,young
76eee9e9-6cf8-453c-8027-1bbfb2370304,68,Female,29,64,old
cd4bd749-fc14-45ea-bbe5-53a13f098cc4,82,Female,101,61,old
df165f9e-fbba-46bc-82f3-93aaaddc43ed,70,Female,139,45,old
e411a08b-e2c9-49ed-bfcf-9fcd754e40e6,32,Female,38,100,adult
7fc4fd4f-0649-4e3a-96bd-7f7890358c89,30,Female,160,100,adult
6d2158f5-faee-4c3b-aec6-044a03ae4a41,31,Female,32,28,adult
5be156bf-5a25-4ab7-9592-eac210442be7,71,Female,122,81,old
f1eee411-dc6d-4f2d-9b16-0f486b8f3964,32,Female,164,26,adult
91685add-ee41-4f26-8e7e-95e5e3b7a084,47,Female,190,33,adult
df37e08b-2ab4-4da5-88bd-c82789ee0357,79,Female,127,38,old
cd6c081e-f1d9-4493-b847-e504d2f6e511,86,Female,168,3,old
1b47e795-824e-43f1-9a82-544425a40946,74,Female,112,9,old
40d8939c-93ea-43df-bfc6-0d97db5a2995,26,Female,96,79,young
28fae2df-6c35-4e4c-9d09-d63bcdb9c2a8,56,Female,79,26,adult
3bbf2fe1-147e-418e-bda9-deef37eeb513,19,Female,119,59,young
936cbe39-0582-4cdd-92b6-f72fe531a691,89,Female,41,94,old
153f2493-f057-4157-a09e-cf69fcdb087f,45,Female,51,100,adult
f55a4b62-4d04-41a2-8884-a5dcbb3b649a,36,Female,98,17,adult
7db44bd4-7298-4a87-9c4e-31295bf19c84,51,Female,184,43,adult
7300fa90-ce6c-4426-b20b-b2126da941a2,34,Female,101,72,adult
2d819777-56db-4699-bfbd-5df8a8f6fbba,69,Female,129,50,old
6481a917-3d28-43ef-af76-d346d0785d71,35,Female,93,25,adult
6631fca8-c0a2-4ff9-99cf-27cf0fd93007,76,Female,108,64,old
4ceec485-ce01-4682-b6de-b3aa38fc6967,20,Female,199,81,young
2d2be9ee-9929-4a1f-864f-96029672d094,53,Female,51,1,adult
8b0cf8e9-2d07-437c-9a51-334d57dd0124,44,Female,141,46,adult
c9ccea20-f759-4a72-9ec0-cb5db614491f,72,Female,200,33,old
86ee22b3-1265-499f-af68-d7db7085548f,63,Female,66,100,old
57fe820d-e3d2-4dff-9d60-3c3c56a2b1be,49,Female,118,6,adult
c4eab55c-62fe-4ce2-baea-669355e0cc97,48,Female,196,69,adult
89ca7190-4f31-43ea-beb8-76164c9211d9,78,Female,104,40,old
0ba1bf7b-cd8f-4932-815c-b4f332f881e6,27,Female,38,10,young
73b6c131-3cac-40ed-90aa-9ad7a5a6ab9b,67,Female,192,95,old
7f13b6dc-cfa9-4712-a174-1643994c2cd6,74,Female,181,58,old
fcbd41e2-fef9-451c-a4c5-95355a41e40a,38,Female,23,36,adult
1559978b-ff50-4d3d-a57e-5da6d20f719c,58,Female,117,40,adult
dc5f66ba-7dac-446c-8d8c-66e26acc1a6d,67,Female,32,39,old
405b0e0a-f2a7-4012-89ef-63682122d042,48,Female,96,61,adult
96207da1-581d-4ddf-b786-6a0c83a75a97,80,Female,104,86,old
d21b4f0e-9d8f-4836-9b64-bbbd520027c2,28,Female,35,62,young
92c8e106-f09b-4029-9e8f-4611af46c04a,48,Female,94,8,adult
007d51ab-0af7-4bd5-9ed3-af8f7039838f,40,Female,104,18,adult
c264716e-e1f4-400e-be1e-e1b1125b2524,83,Female,193,19,old
2199070d-7e43-438e-91ce-d45863395f5b,32,Female,171,24,adult
f679f8a9-95a7-45a6-8a8e-0345d763f334,66,Female,90,68,old
0235ceb9-a122-499c-86e5-37365b3aa66a,83,Female,148,84,old
1f6c61e7-2ea6-4ba7-ac8b-7f3384888ff0,76,Female,195,81,old
c704bb8e-1310-46f4-a5b5-f4817149fb6d,59,Female,74,28,adult
cfa085c3-661b-429d-a900-8ebfad9782ea,73,Female,159,76,old
becdfa91-5680-4dc5-bc8f-eccd398ca4ad,67,Female,106,76,old
937a1cd1-3bb4-4b0f-ad7a-4ee062a01a30,27,Female,189,27,young
fac276aa-2afe-4051-bf74-9a488c532002,58,Female,92,44,adult
0b589709-bd15-4e5c-b532-fba8984031c5,18,Female,145,98,young
9d802901-cd61-4f64-962a-cdbda620dbd7,72,Female,119,40,old
4cd279ef-f3fe-4e46-a97b-0ea4cac02a76,87,Female,146,74,old
7e34735f-8643-46e0-8cac-8c114e38970c,23,Female,131,92,young
29861c90-bcb0-4e12-a848-3c0822f4d97a,51,Female,67,37,adult
1ecc3c42-5d06-4f86-9171-2eb333af52be,32,Female,87,78,adult
b52a596b-ec20-47c2-96a6-9c2676d9dfdc,34,Female,105,64,adult
ac83ac23-86bc-4f2e-9751-b706719aa430,69,Female,64,37,old
2c1f36ee-eacf-433c-83f1-34a771f5481b,28,Female,21,70,young
767b6639-42ca-491d-b292-85e90041c1b9,56,Female,109,28,adult
665d9b58-961d-4151-aad9-dd9cc059d16b,51,Female,20,57,adult
aeaab4f3-ec2e-4238-96a3-1f8f81e48c47,58,Female,36,33,adult
44366231-4570-4b2e-b2c4-57639d44167b,84,Female,180,87,old
70eb434f-0eb8-498c-a739-4f25a9361194,21,Female,186,12,young
78a2045f-19d7-46a3-8723-62cd2d978c9e,52,Female,23,93,adult
bcea3fab-cbf4-45f1-bfd5-fe36c25c2731,82,Female,51,22,old
c61fe622-2803-400a-99c3-f1d0d5d3e7cd,37,Female,173,60,adult
fcdcab36-cea9-4ecd-841d-6ca56b6f82c4,89,Female,33,95,old
0501dba2-e94a-4c29-b70a-b5fb73ca73bd,56,Female,36,3,adult
f8dd8811-db56-46f8-b0e4-30f8927b6e29,24,Female,98,17,young
5d36b509-a9ad-4c53-96d1-4cef5e413416,79,Female,90,76,old
41bfb37a-335c-4107-ae07-273189dc49da,58,Female,63,99,adult
ec2a8190-2bc1-463e-b54a-7080878561a8,28,Female,94,42,young
fed7ffa5-c2d7-4077-ab9f-32b956eb6c48,62,Female,144,17,old
d830df1c-021b-4737-9a32-a0a263e33367,19,Female,117,13,young
b8e1fe24-4450-40db-a869-cc456215b716,75,Female,26,40,old
38eb59ce-1603-419b-802f-6a99b440ed0c,27,Female,61,36,young
7c7fd3c1-77e1-4ac7-aaf5-f999a305a402,58,Female,158,56,adult
a0a6fe3b-28bb-4e31-b3d1-686e98e43188,60,Female,155,77,old
5a4290e5-eb14-42ba-8149-9de33c9d5e4b,40,Female,45,100,adult
c26e2583-aab6-41ba-981e-90e6decc99c4,54,Female,196,30,adult
47ffaa3d-98fc-4380-87c6-24c4c2c01bdb,71,Female,179,45,old
9683297a-c187-465b-a30f-9b49c1ecfe85,65,Female,91,36,old
51a1037a-339b-475d-8eec-de57dd922d66,23,Female,73,44,young
e165d93e-40f0-4160-a5b7-1564961f52f4,88,Female,161,20,old
3e73d57a-61ac-4079-9f1d-a6c514ca035b,46,Female,171,47,adult
199d9cf2-20ce-4577-bfb2-0fbcdc0afecf,22,Female,63,61,young
ef2bf876-84bd-4841-978f-3aafb47dc958,86,Female,200,73,old
1acb8d9c-c413-428f-867c-cff8986254f7,63,Female,75,74,old
5fe9bf02-af35-4615-952a-dc51bd3feeb6,48,Female,53,75,adult
f21a1884-7a9a-47a4-a89f-9fd0388eef43,18,Female,135,87,young
bc539243-481b-4595-a7b2-19f107658683,85,Female,73,29,old
a7d97dbf-6e17-447b-a6ef-7ea9b8150605,58,Female,67,75,adult
18e8e4df-0899-4249-bc92-3ce7028b55ce,62,Female,169,5,old
d15de9d7-dc98-4418-aa77-d9379dbf219b,42,Female,52,36,adult
f7db57ed-aac3-47ca-a120-e38aa7cf5d27,18,Female,104,65,young
741fb135-98b5-465f-a8b1-f6867086b4e0,44,Female,82,64,adult
ad45a742-ef55-408f-9340-838b27d189b5,21,Female,183,62,young
5c24f99b-ecb1-4e6a-bbce-67785435a638,61,Female,65,60,old
5d61a695-3330-4e72-af29-a71a4e93bd6e,20,Female,77,6,young
06cd759f-3899-42ac-9d58-47ed3351983a,60,Female,128,66,old
81c3c1df-6fdf-4dc1-a0d7-39ee403ac87d,32,Female,125,38,adult
70dfbbeb-11ce-4287-8072-f5168efd8cf7,31,Female,55,14,adult
f8f5704a-4670-4093-97f9-7f4d0b24bacf,75,Female,22,89,old
bad30b03-53fe-4233-b18d-0e028ccab2c5,41,Female,161,19,adult
70a6fe14-b05b-45da-932f-e22480a98de1,22,Female,111,15,young
e308334d-3874-4c39-922b-e4dba3950adc,72,Female,162,30,old
41556274-e07e-4941-8c37-49d7609971af,87,Female,168,32,old
66b9c556-f36e-4ec3-9069-681ef42b6817,28,Female,30,16,young
e48916cf-edb5-4ed0-9d88-d5259f93571b,18,Female,198,24,young
f491811f-88d1-42dc-a1be-57a9b62e48c0,26,Female,41,20,young
14f3d551-1e4e-42af-9755-a2e706bbf707,38,Female,58,37,adult
15a57edf-4d7b-4886-8024-8eccfeaba34d,29,Female,162,49,young
fdd149b9-98c7-4a41-9b7f-b6944a0f1d9b,89,Female,178,68,old
586fea4d-28d7-4ff7-a783-321dccaae0ce,46,Female,187,89,adult
d322872e-4509-4d79-b00c-2e4d3f80ef20,73,Female,175,98,old
ff757194-a476-448d-ab5f-5137d0955f33,73,Female,100,59,old
f8c7069f-284b-429a-903f-d4c18b721add,61,Female,85,57,old
f876f8ab-6696-4d96-966a-388b736aae2b,51,Female,68,42,adult
dedcfce9-f478-4ffd-92c4-85283d168267,69,Female,42,31,old
3a263fa1-c6d5-4aea-bd58-57ef6c3ee58c,52,Female,143,71,adult
51ae93d2-645d-49ac-999c-502de4585c6a,24,Female,188,90,young
03fc2d95-c553-4de8-94d7-571eab012609,58,Female,135,31,adult
c72b0082-76d5-47c0-b30d-bc9de617eff8,20,Female,82,7,young
a3a8def2-9fe8-416f-9763-aa146338d920,19,Female,70,76,young
a631d46f-ece1-443b-8c0a-8348930f3585,64,Female,138,41,old
6fb0d538-4aa7-47ef-b99e-f2a111e5a39d,55,Female,133,79,adult
0e6a4125-fc48-44d8-be7f-af895b96e7ab,31,Female,86,80,adult
146f21b0-b65c-40e0-a973-ee3093cc9960,58,Female,109,75,adult
f3c61d51-64a9-4490-95ef-0a0a24fd6b0e,64,Female,142,90,old
b55933aa-0e44-478b-8002-c69900ccb4af,73,Female,187,15,old
4b72089f-fc1b-44f6-9375-9e7c15a1dc93,37,Female,31,36,adult
06baf16d-4dd2-43a0-a379-53e30480399b,40,Female,195,10,adult
03261e96-76be-4f7d-a0c8-e5d786322002,80,Female,193,95,old
276ed9e5-c64a-4c48-932d-7700bd7a30bd,22,Female,93,85,young
6cf0f7e9-ff6b-4e0d-916d-6d158498cd4d,27,Female,178,39,young
77ba50fd-1b1d-451b-9fec-0618abbb136d,51,Female,190,48,adult
1eb78ddc-9d73-4fe9-865a-adce754386bc,25,Female,143,44,young
e998600e-f2c7-44c7-925a-ec803a4e7c51,63,Female,43,65,old
86c7fc6a-9bfc-4d77-bc50-b724595afa25,84,Female,64,51,old
c77e738e-d820-4a2f-81b1-4b46024911b1,28,Female,100,21,young
b0055a70-ce2b-4187-ab08-4a8c649df414,24,Female,56,54,young
1a6f6dbf-8ca9-468a-81b9-09b01b0fbad9,33,Female,138,78,adult
5c5f1ce1-0880-4dea-b341-c6e1ace2ca80,46,Female,145,68,adult
d308e15b-011b-4764-812b-f76fd9b7eb72,20,Female,78,33,young
5f794454-b37f-4c7a-a7d3-98b8ac2f2d45,63,Female,191,65,old
684a1be6-1c94-4d3a-86fb-0bbc7653c0eb,29,Female,102,51,young
9f44bb10-87b7-4262-88f0-49aab221f497,18,Female,134,73,young
7417c1c3-b230-4244-bf5b-d32d304fbfdf,33,Female,24,14,adult
a4ba755b-65e2-4436-b5bb-a0a89bd3f156,63,Female,30,81,old
3b5bcbe4-dbc6-4cdc-9c77-0ee5dbd718d7,67,Female,143,38,old
a8bcad70-0b0f-4207-a0ca-8d88353b2646,73,Female,171,68,old
20501aba-b3ae-42ab-8076-a57eb0bbd322,71,Female,99,35,old
002c353e-bb56-4590-a66c-38c728ded7a6,41,Female,24,3,adult
ffc13f08-2e17-4ad8-b9a0-19a8f71a67cd,67,Female,193,98,old
94422731-7ffe-433a-8695-ab90b5dd07f9,71,Female,124,17,old
f96487be-794b-413c-8ff0-16c0d0f4bb61,72,Female,22,61,old
2d6907fa-7380-425c-8cdb-422e4246bce1,72,Female,166,10,old
11df8fbc-08eb-44ee-90e0-f274b674a4de,82,Female,144,27,old
4e0b85cf-f25a-4159-b36a-10da15388f1d,18,Female,190,96,young
c0d1ab04-b4bd-4462-af80-36dda86cdf94,48,Female,36,77,adult
11df865a-d1ba-430b-8d35-6b6423198a42,88,Female,188,60,old
538b2b6f-6ea7-4a84-8854-89023ae1fd17,28,Female,175,14,young
4ce4df44-d4d8-4778-ad8f-99ff3e33e3bf,28,Female,193,70,young
36b2d3e1-3b40-4f80-a72a-9501325ca8a2,47,Female,175,99,adult
ab19a586-f6d9-47e3-a46a-ba95c63d9c42,36,Female,157,63,adult
c3788633-4bec-4301-a930-d275020dfb00,57,Female,115,45,adult
b02baf45-375f-48f6-b4f0-f5da5d0cd1f5,45,Female,67,8,adult
16d34bc9-7f6f-4797-a8a5-cd908a9ff3c1,64,Female,160,11,old
cb8547b5-1e5a-4881-8d1f-0cea59a28a19,32,Female,188,78,adult
aa89210e-cf7e-470a-8112-efc10b793132,46,Female,105,86,adult
2db4717d-aca2-49da-aaf4-45c1c90d44ae,38,Female,82,25,adult
dd07aad7-7db1-4d99-bdb4-9f5dd2da4199,56,Female,173,93,adult
67487786-7a71-4673-bbbd-fda3e4391140,39,Female,42,4,adult
df8a4477-422f-45c3-a97b-d17c152d3611,71,Female,30,33,old
23bd37b7-e9c3-4731-a5dc-674cb7c4fd62,46,Female,43,95,adult
c3ebef17-220a-4379-b647-3ac8a7041422,51,Female,185,80,adult
24fcfc51-3300-4ed6-85c2-ad5685696c0b,72,Female,131,36,old
09462cb9-90e2-4d48-b0ca-05881bee4386,28,Female,198,23,young
45184c7e-a4e8-4afc-8305-b1266a643468,80,Female,142,56,old
873d747a-45e8-4f86-8c9f-bb8b4aea609f,74,Female,50,69,old
621e00ea-a2e8-46fc-8edd-c8ef14718e87,69,Female,146,1,old
fb8b0e8d-4a6a-41c7-9a3b-1cfddef692eb,67,Female,64,17,old
6fc8d0b3-1d70-40d0-bb9b-5a1bf95c6dfa,19,Female,128,83,young
2f5d64e9-5a2a-4efd-b582-4517033c5d1b,19,Female,170,88,young
033fc9c9-c6ba-4f73-90c3-7e067186509e,47,Female,150,9,adult
73295c89-2527-4320-b21c-70038b38560f,33,Female,159,76,adult
0cbe0e5a-63a9-4ff7-920f-c12a7297b148,30,Female,150,5,adult
d53c3919-784e-4257-bc1b-4efb01bc68f7,78,Female,139,61,old
8be9f117-3a3d-405c-906e-573710837cc5,85,Female,68,23,old
4b033a74-ae5a-47be-a012-c85a44f91ce2,80,Female,89,81,old
04b5027e-c331-4c2a-a631-5ebc70280d04,79,Female,163,63,old
096d2356-41d0-4182-b838-6dd1eb3db24e,77,Female,20,62,old
c0354d98-8ea7-4df0-a557-8e55611ae328,87,Female,178,68,old
6b6b758c-4af9-4c34-b816-6497713abe45,59,Female,158,28,adult
1c8e1657-b7c2-4287-8b3a-8a391e9d771c,64,Female,85,19,old
0c42b1e0-b692-4d52-9890-f8d8cfff1cb8,22,Female,169,37,young
4d11a977-e2a6-44fd-b8aa-15c6badcbe22,87,Female,154,88,old
21da52af-1194-4c37-adba-aa39a6393706,52,Female,186,13,adult
a2916447-4a64-4fe6-a124-ab3835d49c9c,18,Female,187,61,young
3cf50665-3115-4c54-988a-ac81a93c8c5e,78,Female,115,93,old
2db19488-22a6-4128-8364-fb8db688ca9e,78,Female,67,17,old
99d312f7-dfef-4245-9bbf-61e7e0586fb8,64,Female,46,99,old
9177bdcf-6559-472d-b892-92334c4c399a,70,Female,147,83,old
4e5afc29-76d9-4769-87ad-4ccb23bfcaf8,44,Female,121,76,adult
ef9f49db-90e6-43b2-a9a2-d04ecbe8a58e,43,Female,108,51,adult
0146f18c-7699-4ea8-a8e6-efbe5df91d9b,39,Female,23,75,adult
2307d0be-cd0b-43a3-8774-a965c5f26d8a,79,Female,128,64,old
ffa0a3b6-ec3a-43f4-b743-6d75c2c16bfd,53,Female,24,84,adult
15b19010-b9c7-4123-be62-777d5709cbc6,42,Female,48,4,adult
127846b1-d166-493c-99d2-d2d54a69a487,30,Female,161,11,adult
8fc26311-b125-4883-9f29-55861cbfa076,20,Female,146,23,young
bd0d4304-1e5a-44ee-a3ba-482fe2818844,75,Female,168,44,old
c803369c-a506-4296-b4a7-82aa0afd70da,22,Female,127,41,young
1adddcd4-0215-4b12-b804-5ea9387d9bc7,71,Female,70,94,old
527bf3e1-1683-4ad5-a9bf-f812e981bd0f,52,Female,100,53,adult
0a94cabf-c701-4749-a7ef-ab1807127fce,82,Female,167,39,old
0ee8ae85-ed8b-4cc6-ad00-102a382c5ed8,22,Female,59,49,young
06be8b81-caeb-4396-ba50-db96f27af048,76,Female,185,79,old
0c3e0732-0a70-4e7e-afcb-613755fc4d3b,90,Female,147,8,old
0b1937ff-7a80-4918-94d4-33e1a851cd0c,23,Female,138,11,young
c5bdd0e7-6600-4f2b-aec2-4d6f6e2f6f19,89,Female,77,71,old
654fcb47-da24-43be-bbe8-6037e1b1d78c,79,Female,152,99,old
862abedb-1e06-4688-8a15-0d45cdda8045,58,Female,75,80,adult
2cf876f6-acbd-4d8e-b64d-ae5e8c01d983,72,Female,135,100,old
a4c70c8f-3327-4550-97cd-554d9a596040,20,Female,117,74,young
aedd4298-bd1e-452e-8fbe-457eaeaa7a97,86,Female,155,62,old
c189d8ff-d7f6-472b-969c-1b43257dee1a,27,Female,87,85,young
5e646178-b8e1-4f91-9cee-dea4e021dc6c,60,Female,157,85,old
e4e97cb4-070f-4c05-b166-35bcab68393d,18,Female,54,85,young
a715457a-5533-4b9a-b651-bdfe064e63d5,47,Female,72,41,adult
6a962854-8be7-4691-b27c-3a2b862d001d,26,Female,59,26,young
5b017c31-92e4-4b65-910b-b74487257ca5,79,Female,38,69,old
794c3079-ba9a-4efa-a9e3-0fc340de8faa,89,Female,24,91,old
d391de3e-72a5-4485-949a-5e38f044baa5,28,Female,46,74,young
a0d8a182-c63b-4370-bdc2-0e7d2f17ae0e,58,Female,128,5,adult
4ce8b51e-66c9-4a9d-9dd4-1e8b7c669214,18,Female,35,89,young
384eddd2-9613-4314-840c-b53810d39fab,70,Female,123,31,old
917a0de8-a765-40d9-b6ee-524ea615cfc9,51,Female,189,11,adult
1f084064-9ada-4dc7-84df-b174e53f241b,58,Female,36,4,adult
e932d72d-ef0d-4097-a657-cc1a140dfcfd,90,Female,142,80,old
716c8997-0b30-454a-a5b0-9d6297aee6fb,36,Female,88,56,adult
160cae26-5a36-4fbf-99a9-0e5cec62474c,54,Female,42,52,adult
f87301cf-0d93-489f-a148-8e23cddb1000,55,Female,188,7,adult
9e6cf5b2-a8a2-462d-9df5-39d17c0e4f06,66,Female,119,24,old
6f7e4669-feab-4a02-b4a1-e8c21f58b612,86,Female,51,94,old
22b4fd4f-6fa2-4c77-be5b-57b9175bcd42,44,Female,50,58,adult
cee67697-91b1-4c64-b079-da273e67a4f9,61,Female,129,23,old
f2b9c62a-1fe1-4d3b-8afd-c02e953c1f88,44,Female,53,5,adult
f8822a98-60a9-4ad5-8b27-6a27ccdff977,83,Female,175,41,old
d7d60bca-203f-4a7e-87e3-b24e0f324a71,76,Female,177,36,old
ee78c488-5b5a-4673-add6-d45e4e3b19dd,63,Female,45,61,old
f087c489-f1bb-43f7-aa62-a485020991ff,89,Female,105,76,old
4a2889fb-24c5-4bfa-a802-55f132745585,62,Female,29,72,old
460fa938-97e5-4867-aaae-434e17c607a7,62,Female,138,41,old
edb24978-bfcd-4be4-964c-77f65ad78a62,56,Female,83,67,adult
ee539b0f-05b6-4a48-8967-bbb881855d5d,65,Female,107,77,old
01095e70-9002-4387-95c8-d7b93e24b091,78,Female,36,2,old
85590b68-cae8-4f9a-a194-1d79887915ac,68,Female,72,72,old
fb437d24-36b5-4a6f-a53d-788624c9163a,73,Female,192,70,old
8d1654ec-a258-4e8d-a741-2b2ad01813ae,87,Female,98,76,old
f184e4b2-914b-449a-b597-53f98eaf5de0,66,Female,164,3,old
47fa60d5-910f-4b56-bec1-47dd042b56f7,74,Female,137,26,old
e2f601ac-831b-46db-81db-07652aeeda1a,76,Female,143,37,old
0e0efad1-5aa2-430a-9060-5b22f561cad0,88,Female,187,6,old
b202c0a7-b548-4ef8-8f8f-30039899532f,68,Female,29,96,old
9a56f5c9-e48b-457b-8770-6133ec0345cb,50,Female,172,47,adult
1f0f0bec-a92a-4964-bf84-474598087fb2,80,Female,63,84,old
786514c9-9676-4bc7-a9d1-95a6e7988c0f,85,Female,93,85,old
50867e50-56b3-4760-b566-e8b121134a40,24,Female,122,16,young
b9402aa3-6fea-4409-b378-d8d6a24c617a,45,Female,143,46,adult
484f4a19-6532-4bb5-b4f2-ec029d4dc0b9,83,Female,107,70,old
88f0d0f8-8751-4fe6-8efb-3bfe825592a5,60,Female,85,29,old
ccd900fd-72d6-4b7c-ac03-b613ecb672cb,19,Female,166,90,young
3530f314-3a8a-4453-a891-d7e2f540b5f1,62,Female,166,72,old
67ef8353-1296-4127-bb38-1ebf1ecdeb60,59,Female,85,58,adult
ce9513ab-fad3-45aa-b187-6970316422c8,18,Female,175,16,young
da1ea379-a3f3-446d-bc45-0f35ddea5e7e,31,Female,198,73,adult
d514510f-e125-4b95-9ec7-3e7051f4eaee,64,Female,192,76,old
c0d9811e-3708-484c-bae4-6b06018fb21d,79,Female,192,74,old
f533812e-0e27-46c5-86f3-842057b20cf9,25,Female,41,23,young
66011427-5e14-4038-85bc-ab78d5b06348,79,Female,40,45,old
2c7c8151-ffb1-4524-9c2d-46f3b1610127,86,Female,169,27,old
43ef0248-1474-4a6d-872b-73c98937cd1d,73,Female,189,42,old
572527d1-c838-4a56-a255-7a63baa48c16,32,Female,191,95,adult
058856ad-bd74-45ff-aa95-d9f9d9f67207,38,Female,199,30,adult
ccd3f451-3ee3-46ef-87be-06465e59149e,51,Female,194,49,adult
e63a3277-ca21-409e-9055-7363ca27e7c1,59,Female,42,30,adult
b15dafa1-0b27-4494-b10e-3120ff213276,72,Female,80,78,old
207aab04-5ea2-490b-85f9-9855cf35ecd5,27,Female,151,29,young
aa58e72b-e22e-40c7-a101-39de058137d8,22,Female,87,50,young
ff0714f2-d9cf-4654-8ed9-d255f911a97a,52,Female,26,73,adult
e669258f-b78e-49f4-bea3-889f14584cff,79,Female,142,68,old
e43f41b6-a286-4264-82fe-b33c5c588046,86,Female,37,5,old
3b762e5b-5364-45c6-a05e-d6bbdd1471af,54,Female,72,76,adult
00cb5c12-ae4c-4dcc-8360-1e542188151e,54,Female,184,35,adult
444c5c4b-f5ad-4121-aca9-fcae329e8e4d,52,Female,116,50,adult
b6b35c2a-7900-456a-972a-620101d4284d,88,Female,113,54,old
8479af27-362f-471a-b0dc-c6d8877aa719,81,Female,46,73,old
3c6ae8ac-bef2-4305-969d-4d50c47935a5,18,Female,22,75,young
96ad38ef-7ddd-42eb-bb1a-3d4d88b43906,50,Female,85,32,adult
afabf8b7-caea-4959-8a6f-48eec052afaf,60,Female,101,91,old
11f34587-cf2d-47c9-9ad9-04fdb5a048ae,70,Female,133,79,old
c431c8bc-317a-44f6-a4f1-19a174706379,49,Female,172,10,adult
7b9bd552-7eb1-48e5-bd21-22ef56f0f61a,88,Female,137,55,old
9bc7d3fe-b81f-4d23-9229-58e11a5110da,89,Female,122,38,old
c4e2cdfb-0c74-46f3-bcfb-45683f9e5856,34,Female,55,38,adult
63ae41a7-8750-41d9-8b03-9df7a5ba3edd,28,Female,138,53,young
6a60540c-b02e-432e-ad6b-217510e3dc16,28,Female,152,27,young
d5a641b2-11c3-4a8b-a24d-58231cd4de75,32,Female,127,93,adult
6f694fec-c998-47bd-a171-ffba93af6e47,53,Female,52,46,adult
2f4efa54-9408-4abe-9763-77e9c3c79cb0,87,Female,71,77,old
f5c9d0ed-4c11-4b3a-b0fe-9d3f14b4a6b2,25,Female,154,82,young
50dbc0ab-0885-4450-960b-a6e035424807,67,Female,23,24,old
697ddc81-dd2d-4045-81bf-aaba63817b1c,30,Female,46,55,adult
cfb22922-3508-4142-9cee-ed29b06655d3,68,Female,106,47,old
eac88d75-7dab-41d4-b79a-91abc913b888,62,Female,34,13,old
b5a6c7a0-ec13-41f1-ad69-77ffe77f3a03,69,Female,43,79,old
43437467-5d1c-404e-bcec-cd1041f05188,81,Female,50,57,old
d0c5c002-bb60-4bc9-abc2-944b83d5faa9,74,Female,51,12,old
c5abcda5-39b6-4646-9a65-b395555b9885,66,Female,21,87,old
554f05f3-5c28-4d76-bdc1-94e3d86b650f,75,Female,131,38,old
3c39b2e5-bedf-40f0-9bd2-fd4f3730b94b,24,Female,93,78,young
0b95d3d5-ad67-4ee9-8329-00a0d7c5bad6,69,Female,58,27,old
e94366f6-40a4-4a28-acf0-294d9ab7a4eb,62,Female,68,57,old
3afb0426-7453-421d-90a4-4a81ae8315e1,24,Female,78,18,young
a9c7795f-1b27-4f01-9187-10b07ebcf3cc,64,Female,45,6,old
329236e8-66d5-42a7-9c25-99b6fee55ceb,76,Female,25,98,old
bae23619-4fc4-4407-a833-38e4b9dc0b91,27,Female,187,56,young
0eb0a625-96b7-4dbc-883e-7fdeebb15567,87,Female,189,97,old
5f898942-1687-4d1c-9848-8c4c2ab8967c,51,Female,55,15,adult
afd20e99-b789-41c3-be95-ea69ee80be6c,69,Female,166,16,old
fc4bd365-5ea5-4ac6-af63-c05ecd7398f8,87,Female,125,82,old
0b449d2c-e52a-4112-a4b5-d473486e1e95,24,Female,45,56,young
0b4a287c-7fec-419f-9ec0-ebc0f89dfe18,61,Female,77,25,old
c7722841-d9fd-4a19-aaf3-7c6994d7c458,53,Female,188,85,adult
a6e007f3-e435-40a8-8c23-e04930e6a764,53,Female,83,28,adult
800ceb7a-402c-4295-a2ad-a0450b4c208e,71,Female,111,45,old
8138a3df-ae6d-4357-8d3d-90bc71d70b37,18,Female,94,67,young
fd233c4b-73dc-4ff9-a8f6-ce8ee2b0cf18,19,Female,94,91,young
afcef2b0-b0bb-477b-8212-600a19922082,47,Female,23,33,adult
04c6e0d5-6548-4fd9-a70d-2407ee4bc978,25,Female,131,22,young
f7bf75b2-61a6-42ce-8285-59079df4d82d,82,Female,116,77,old
fd5914af-d0f1-4e6e-a9a3-0cf209045796,19,Female,80,97,young
6388a6d4-6d01-48c2-b221-9678d737f7a2,25,Female,74,63,young
9d5c6304-6918-4501-8307-f4f174f7485b,86,Female,53,31,old
79c31165-636d-4845-a441-086226a9379d,40,Female,35,71,adult
35ca80f0-505c-4e5b-bab5-4afb12a3be34,34,Female,136,11,adult
eda05cf7-57d2-4159-a158-83e4449a280a,68,Female,118,50,old
80d32e52-67d0-4199-8b03-83445e3427a1,21,Female,166,98,young
806b9e16-a803-4318-8b83-badb390c1c85,56,Female,109,88,adult
06f5fd64-b0bc-48ab-bcc5-20c4be2ad699,38,Female,51,31,adult
c8fd5fb1-12c1-42a3-8b5c-34d7aedf4ca9,51,Female,79,68,adult
c30c4990-c56f-4076-b153-06ecec36ea56,80,Female,33,80,old
52b21c1f-a933-4b4b-9ed3-7ae945ab5000,47,Female,26,18,adult
8c16ed81-f74e-4e3b-b895-4d3e127b678b,67,Female,178,58,old
2d4d3f6a-71b6-478d-9bdf-287ce42f4770,90,Female,162,8,old
3e9e277b-c421-4935-9e53-f13a7d6d9d53,30,Female,42,28,adult
379a41ca-1c17-4048-9bdd-2d0caa9eb5dc,66,Female,191,50,old
7cf8a4c4-0b27-4870-b57e-ca66d57e047f,60,Female,101,39,old
4d79434f-22c7-4416-b2a1-927fc2a1a7a6,85,Female,155,19,old
79dbe975-6d02-4295-bddd-d8b6a3f468dd,56,Female,179,78,adult
98af2f9f-74a6-4b69-86f5-129f9dbb46d4,39,Female,114,32,adult
716aad79-734c-40c8-a16a-3bcf8f0f151a,69,Female,93,53,old
2decc2f0-a74b-4d16-9d7c-9c31e4dc8d1a,51,Female,132,59,adult
e660c44e-ec22-468c-b8a4-96bb6e379210,36,Female,116,42,adult
8fba8ab6-2ce7-4327-bd06-031e4e9186cc,32,Female,160,60,adult
09797bd9-6e5b-4467-8c5e-81ddc438687d,56,Female,74,93,adult
e96ed60b-be1e-4420-949b-fc4a04d2c708,79,Female,165,61,old
8c30d00d-ed19-434b-9da4-8fc0a8b35207,56,Female,21,30,adult
b73c678f-f2ea-41c8-b360-7f7e8954ca46,78,Female,144,69,old
651ae938-a482-485b-af9d-65e901d3d566,34,Female,114,82,adult
3f423447-b862-4277-94c5-91c66e351040,44,Female,177,22,adult
8a315f43-5f37-4d48-84fb-6e56578a6163,20,Female,60,75,young
d3075d66-78fa-44c6-806f-30a27d96627e,35,Female,74,65,adult
252e5aae-33e2-43bd-b525-f749b63cbc67,39,Female,71,98,adult
e5d9c9e8-a761-4c93-99a5-77e31cd529fb,55,Female,161,37,adult
1265688e-c5cc-45c9-a7fa-6c58f8728a24,51,Female,123,55,adult
5b54d3c4-d303-4639-9bcf-e2f4070be0c1,64,Female,189,51,old
2d9d83b8-084d-4220-8688-08d9382d4afe,30,Female,39,94,adult
cd92e7e0-e4a0-4419-a136-7956aefeb090,66,Female,167,60,old
805560a4-380a-4090-8220-d50b6695fc7d,33,Female,33,30,adult
1ae0a497-87c5-4c0f-9d9a-7aedbc87d2ef,37,Female,22,43,adult
dd1ccbfd-8d1d-4a5d-97f5-67d69657f178,75,Female,155,24,old
0df15e08-ad7a-4f82-b2e8-5d6b5f0e6939,80,Female,165,53,old
9e716c6b-a7d9-4594-95e8-d00ec0659453,19,Female,134,60,young
cf9b32a8-e28d-4149-8cfc-5968b8862d85,26,Female,55,33,young
a5a9bcb6-6267-4961-8b18-0a4e158b5c2c,63,Female,52,100,old
6c117a35-b315-4a1b-8cb4-2fb2d1836824,37,Female,50,65,adult
5e7cf8bf-2217-431e-bf85-4ee3c8cbbb9d,77,Female,87,41,old
59a7f965-0c32-4060-b799-ad5b00cf5925,55,Female,192,86,adult
708f3330-2a3e-4567-949b-d7722d483750,38,Female,187,71,adult
b6e2f9df-a54c-432b-a93c-3fe956cb6851,55,Female,108,94,adult
b42c4339-65ab-4e6e-9c0b-340b48bacb69,20,Female,200,99,young
c753fa8e-0feb-4d61-933b-c426b2d03f78,70,Female,139,33,old
5b900f85-11e8-4713-b752-c6f0a3dadcf3,88,Female,23,83,old
d10b3529-bfaf-40c7-bb25-ee44cda4d318,90,Female,96,8,old
29df5a15-630a-41d0-a7d7-e28369100147,58,Female,62,54,adult
53fc3323-e577-4db2-bc12-f98fa00a2373,53,Female,167,94,adult
12aa3740-3af3-43b7-99a1-169b0446e869,55,Female,183,87,adult
cfabc971-30f6-442d-b3f8-e8adeb36b64a,75,Female,60,8,old
4578bbe1-79f5-4988-bf7d-b6e1a4138f39,58,Female,65,50,adult
4ed74a0e-960b-4080-97fe-8a24d0a191bd,86,Female,89,52,old
ce718be0-f8c0-4099-8d68-3285504027d0,37,Female,75,37,adult
47de810d-5316-4ff8-a658-fd71951bb88c,39,Female,122,87,adult
92503030-6249-4f1e-a47b-8c92eddf1fe1,53,Female,179,18,adult
cc23f574-e2e1-4f05-b3b5-1ecfb1e1a4d6,52,Female,169,2,adult
4b2e4dd2-6a1b-4e87-b8fc-54d09d22c470,61,Female,104,25,old
e93ce3ef-67c0-4c8a-8a72-84c17d3b73dc,47,Female,142,4,adult
7ecca2da-7764-4d90-917c-b39aeda5b41e,65,Female,121,15,old
e0ca63c2-6d27-4235-8e5a-4a0481d0da75,54,Female,158,68,adult
47f7810c-72cd-487e-9edf-c823d987fdff,62,Female,28,68,old
6d5990a7-6aef-461d-af1b-3a383f890dea,90,Female,146,87,old
6a1a242c-fc36-445d-ab9a-f414782aeda9,36,Female,43,55,adult
55ff3e28-e5fe-4ac9-8c8d-471ba258b4e1,51,Female,100,74,adult
51a5dca9-8a41-42cf-bba2-31eccf9de22b,25,Female,31,4,young
ec3666bc-2c8c-42fd-b135-0bb40f3842d4,21,Female,111,4,young
b6ab80fb-1a9a-4d50-9bac-2dc8b3ee4a42,68,Female,71,53,old
658fe65e-7616-4742-857a-301d74bf3c4f,64,Female,33,6,old
5a7ad76a-77ce-4528-b654-acf22c34f61c,69,Female,87,44,old
631ef345-b22a-4e58-87a3-702f348ba6b4,72,Female,155,96,old
518b60b8-00f3-486e-bec6-2d0c5534420e,60,Female,127,97,old
fac8070a-0235-4fe3-8d17-f6733e3f08bb,68,Female,170,36,old
45e539d5-4ae0-46c3-ac32-89e060defd04,54,Female,189,22,adult
f6c4306a-5948-4202-b525-c9074ac85767,38,Female,30,38,adult
0028110a-4995-4d08-a78f-f30a301a1c56,68,Female,187,70,old
5b57d495-93dc-4500-b030-75f72433ce48,26,Female,162,27,young
e4419ebc-0781-45df-859a-e2f28a4b3d9b,83,Female,182,94,old
3c3905e6-dec0-4ab5-b658-5091055356dc,22,Female,127,27,young
f30c2da4-038f-4dc8-af71-ef10749afb2d,66,Female,46,100,old
6bcfe491-486c-458f-a607-720a153e61a3,60,Female,170,22,old
dac652a3-d852-4490-90f4-f0682d49c176,36,Female,145,95,adult
340e1aa9-6df5-41fc-afe4-2de014ecc62d,36,Female,171,37,adult
47885f5c-ed98-4821-a5ed-f048ff15b041,34,Female,80,13,adult
0207b362-5d4f-4691-b61a-d75b5d72d4e4,65,Female,43,90,old
bccb2803-60e0-479b-a3a5-9eea23818925,47,Female,69,57,adult
ed78b168-5b8c-42c6-a523-cbcc7fa238ab,27,Female,37,94,young
a78b4e4a-4b63-427f-802b-d0f9f5841541,47,Female,55,58,adult
20994479-4bac-4e9e-9072-18e97a6e633f,65,Female,168,17,old
93372b3d-864b-43de-a862-b2017109592d,58,Female,130,63,adult
f7171d12-39a0-4f85-85b8-741e817ad3ad,32,Female,69,10,adult
7e946a29-f4bd-433b-a17b-9d77b64f2f82,42,Female,32,12,adult
d312388d-a333-491b-b540-070b6e4211b0,82,Female,142,6,old
51771a3f-3f94-425b-b0d1-afbbd27211ee,18,Female,98,21,young
8ad00fab-44ed-4461-b8ff-8777a41410d4,70,Female,197,21,old
8a85e153-4845-48c3-8758-b02f09cbb6cd,21,Female,187,84,young
5c1fee0c-5ef9-4466-b65e-137057af3d79,29,Female,197,54,young
61aefae2-e014-44e9-83d3-528b54882277,55,Female,46,35,adult
9dbe1ae5-c7ee-48f1-84f8-8dfb1d28f235,34,Female,43,37,adult
fb53dafe-882b-47e2-aaf8-1ab7be6accf6,20,Female,134,78,young
595b74fc-ad81-47af-ab7d-27d737aada0f,49,Female,65,42,adult
d34ae4cf-816c-4ca5-a673-ad54dfda6567,40,Female,172,13,adult
feb5ea86-a233-481c-9a8c-3854f823d287,82,Female,75,47,old
b63330ed-abd8-4a02-8b00-cc9d71e6b051,78,Female,64,36,old
b2a17263-0d58-42a7-bc2e-0240fe0ce5c7,58,Female,69,3,adult
e9647628-6c83-4a16-afa1-58e533a3c956,25,Female,53,19,young
029b91a2-deaf-4ff1-b4d6-ae76affb5434,44,Female,54,7,adult
8ec6e412-d172-427c-860c-b86507c2c007,86,Female,154,4,old
a7e4a7bd-3828-4205-85eb-b0c2f4fdfc98,21,Female,130,50,young
cb64067d-bf6d-4a33-86a1-8c382233f258,30,Female,53,55,adult
3b2cf6d6-59a9-4189-b5e5-f08dd88e83bc,77,Female,146,62,old
dafb3207-2217-4187-beaf-72a57a383d13,35,Female,199,33,adult
78c3d25e-c407-461b-bc11-67e37d9da3a5,69,Female,196,57,old
fc497d59-156f-4694-badd-35ed0f66c347,45,Female,129,33,adult
c4cbf057-5318-4aff-a033-530dcd892d57,35,Female,39,82,adult
53b9b88a-fbdb-4ac1-934c-d8fbbcc9eab9,71,Female,188,13,old
2d65b967-f41c-41ad-97ca-84980f492285,34,Female,82,12,adult
593ac408-4f3e-4da3-a96b-ee0bf85d0195,47,Female,26,38,adult
1c1b75c0-5895-4967-9309-75445bca4ac6,62,Female,77,53,old
9aecd23f-68cd-4bf2-9f7a-8a500619ad01,54,Female,177,53,adult
731f239c-0b93-4383-a0c0-ca740ae7d908,29,Female,153,50,young
1ea2d962-9c03-4bcd-8a64-815de7554ff6,75,Female,80,1,old
c5a87959-fddd-47e5-ab47-c3e69481c523,50,Female,104,25,adult
04e4d277-70d7-47af-9d40-4fae03cd3b47,19,Female,180,11,young
40060d5e-ef44-41cb-99c9-b71d3d21c37b,57,Female,53,24,adult
8a9899c6-1180-4180-882a-117ddd986c6a,43,Female,168,50,adult
4f90627b-1767-43f1-972b-63c31f142f82,59,Female,46,44,adult
e9d9998a-817a-4b48-a237-5ceb63fad5ba,23,Female,141,43,young
8f47864e-c264-47ea-a00d-0cae5c3562ad,31,Female,185,39,adult
7c0bc16a-b232-42c1-b4d9-29d2d24b0004,32,Female,36,33,adult
d148b105-8495-46df-b38c-e3d920b83b95,48,Female,184,19,adult
da3ca8aa-1c1a-4f9c-855c-93e20cc3b35d,50,Female,153,16,adult
d6fed23c-824d-4be2-8066-51169aa9f99e,41,Female,122,76,adult
e98dd697-d5b3-4f55-a509-67acbd7889c2,89,Female,195,11,old
bff97d53-37a4-4b90-a236-52dbeb20b7f9,23,Female,36,47,young
9331efc1-242a-4fa7-b0c2-13cd6a0dd869,52,Female,187,10,adult
b52e7520-bff0-475d-8aa8-10e85f2d2aa8,19,Female,117,6,young
475544f7-0d5c-4541-b11a-4cad255e80ae,43,Female,136,44,adult
14da087e-7039-45cb-b39c-b8f75aa68b35,83,Female,87,61,old
b12f4265-321c-4c39-8065-6cda5db7ef88,63,Female,157,37,old
acfd39b3-2286-4904-82a2-1dd14f0ad600,31,Female,147,60,adult
6286c9d4-5be2-4723-8def-adbe6d92f413,71,Female,38,41,old
38d95cac-b34f-4c6e-9e47-8ef2ff857cb4,72,Female,88,36,old
e10491ad-5881-4f5a-990c-d6c82f3d9902,81,Female,33,32,old
126121d2-a20d-4863-ab43-7f9069afd360,33,Female,31,50,adult
e88fa36d-475e-4650-a1cb-df901021a4ad,54,Female,21,63,adult
3a8b6cbf-725e-4ab4-8ff2-2631037103d1,76,Female,30,6,old
c493e5e4-6449-4e56-afa7-447357df4a8c,73,Female,79,51,old
3601fb3e-da60-41bf-aee3-80507fb1ca66,80,Female,145,1,old
4c60024d-8d65-4636-accc-7950942a423f,64,Female,112,61,old
152c1290-d5bd-4de4-9835-a8663c605389,80,Female,45,38,old
535b07ad-abb5-47a5-a8b4-fa741a9a7cca,26,Female,147,17,young
fd0cc77c-1858-481f-8f9d-e3f277584063,29,Female,56,85,young
835a3679-797a-4f17-b8f7-3f408634cbdd,77,Female,88,18,old
a5175a4a-014d-4b9a-895c-7172039ee2f2,73,Female,175,9,old
edc74aca-149b-4b96-a44a-3e529d1b0e0e,51,Female,52,99,adult
f2af9ced-f5c0-4664-9208-ff80b25ca69e,79,Female,169,88,old
12589f06-30fa-413b-a16c-740bd62bba45,29,Female,117,90,young
8eb618b4-2fc0-4f6c-ab43-a1219f55457d,45,Female,172,49,adult
578a4c8b-3865-4d94-86f4-b8dd4fe94e8b,89,Female,145,35,old
7f0a4d73-f0d3-4605-8530-4672c28d42b8,65,Female,127,74,old
c5000292-e887-43b7-8801-a1bb578c614c,23,Female,179,16,young
7b10dae4-0eb7-4b31-9a58-a46e1b107362,84,Female,148,20,old
c1d58510-65ec-4122-9acc-ff0523fca994,77,Female,21,64,old
86dffede-3f00-48b6-8464-ee705c1c0483,19,Female,96,87,young
a9c3d8e0-cbdf-4735-aace-aba6d642d7b5,47,Female,117,46,adult
b9d1bb21-5fb4-4f53-a50d-889df6a77775,26,Female,67,62,young
61c8a05a-d333-4336-be24-07febfdfb341,28,Female,179,21,young
c27cd221-584c-4504-a5b6-308a3020d91f,50,Female,31,19,adult
bf25c154-cceb-4ed4-8307-8198d4950907,43,Female,47,57,adult
d022faa1-1df6-4710-9aca-519625e448dc,55,Female,48,23,adult
1a18cd5b-71d5-4527-8ac9-38191c5124ab,57,Female,54,21,adult
49a29b48-00f8-4d44-b0ee-007bbb7caa6a,78,Female,168,68,old
ef35a491-1314-4a16-90d4-8e9fe9d850de,22,Female,179,50,young
670009ac-6747-4983-bd29-7dd840408416,58,Female,139,54,adult
c96ae2f9-84cc-422a-8d77-da08abd693c7,73,Female,154,28,old
57ccb777-2241-433d-b10c-1957036cd546,55,Female,159,34,adult
aa05ec5a-8c5d-480b-a573-49a5ebcb4d2c,26,Female,43,62,young
5ec1e448-5a30-4391-b13c-74cf09bdaa2f,69,Female,46,21,old
fd9fadb4-1820-46cb-85b8-3333ac885bc2,32,Female,46,73,adult
3529979f-180c-4d2b-9d5a-0dddb524377c,64,Female,195,30,old
9d5ca57a-40d3-4e3e-b2b6-889f31b112ee,47,Female,110,22,adult
800476e5-bd53-4161-9eeb-044418152c38,54,Female,93,65,adult
90dbdc50-e8c1-429f-8fc2-92d02c8b2ce9,89,Female,27,83,old
0852b102-bd96-4ccc-9ec9-3132bff0cd5c,62,Female,113,61,old
b7a830ae-5074-4ff4-bed4-3b423a1c9c40,23,Female,180,52,young
ac0be6bd-1e2b-4149-88b2-ee307a050077,52,Female,51,34,adult
789c5e98-7a8c-4232-b6bf-5420803cf81d,68,Female,192,62,old
49df6fd0-1fdc-44cf-8679-1970df1bafcc,63,Female,142,72,old
ca802973-cc07-4156-a56c-7ef6f929c308,71,Female,28,42,old
22dc5413-7d12-4706-a7ef-93a7f64bfbae,88,Female,84,59,old
c6f200dc-01b5-45f0-91ce-de8910720d85,73,Female,76,52,old
9cb31f9b-f064-4e2e-a476-6de50c29519c,49,Female,104,27,adult
3aa1f275-03c2-46ae-95f5-b9a8ebe8ec32,47,Female,189,14,adult
e6ea00a3-d802-48d7-8a8d-bebcd0c4180b,32,Female,100,55,adult
51f3bb1d-b062-4501-896e-64db528f3244,87,Female,47,13,old
6cd6109c-2c76-4108-ad58-ed995960f35a,40,Female,196,30,adult
b23f4beb-db83-45a6-b493-16330854567c,88,Female,130,33,old
21d2cfc3-75dd-455e-b330-3e76f4f15686,44,Female,42,85,adult
a275fdb7-8827-4fd0-9d1b-355fbcc22d19,87,Female,156,42,old
20895d67-6b66-488f-a4bd-1623b0fc2105,65,Female,172,68,old
49aa6996-20bd-472b-aa6f-08c28a545c06,37,Female,39,33,adult
2a356ecb-a7dc-4793-8aac-18fc3f5807bd,56,Female,73,24,adult
bdd4cb7c-7a18-4756-9993-a235fc66fc9e,48,Female,143,97,adult
a53a9a59-b1bc-478b-8b88-b1b69838b4a0,80,Female,125,32,old
986d5511-da53-434a-abba-4f9f1e24b07a,88,Female,35,6,old
49c92faa-a56e-4936-a919-1c69a0895961,67,Female,130,17,old
bf50be42-0e10-4717-9c91-500d4f1bbd12,48,Female,102,38,adult
b5869e56-16b2-412d-9ec3-37be5e84acaf,69,Female,120,54,old
5f614382-ea64-4930-90a8-d7a0085a0eed,34,Female,36,27,adult
87b487b8-ca41-4fb8-bd7c-6a9238f550f4,85,Female,176,64,old
8b7dd107-f84e-4e72-b228-a1df65a49d2f,79,Female,76,42,old
d9694eac-061c-4e88-817b-b41b4cdcf790,65,Female,173,32,old
2b5a21a1-5642-4604-b43b-8c6530f4e73c,79,Female,127,5,old
2061675a-890f-45a0-b55c-22ee1bd519d4,44,Female,156,65,adult
55a99e67-2527-42c2-aa28-8708b71578db,35,Female,130,42,adult
6bce17fd-ed9e-4fbf-b1a4-2c05ab5a441d,36,Female,43,96,adult
cef309d6-9a89-40c1-a53c-de2707c6074a,87,Female,27,24,old
b47ede71-7ddb-4dde-83bd-a14ce93eb300,66,Female,107,29,old
14cddf33-e65d-4ede-8c11-887c322acdea,38,Female,105,7,adult
b2717fa9-8e5f-4c3c-952d-1812322296c4,55,Female,110,69,adult
a47727f3-20ca-4784-be96-93be8427ba2b,84,Female,149,78,old
e7cb63df-6520-445b-b8db-ff21687b9910,23,Female,40,81,young
0c3157c4-1a42-4037-9ab8-a6b312cab7e5,82,Female,171,49,old
8f61f3f4-73bc-43db-b2a8-d51550a7d6e6,49,Female,140,24,adult
9f19766d-30d8-4c3e-a12a-b635533d2831,42,Female,94,76,adult
6ceb994a-74c8-40e9-b41b-0ff1ab17b35f,48,Female,164,45,adult
33a9f58a-60a9-43b6-b420-b25e55f9cb85,84,Female,185,32,old
26814d1d-989c-4fc8-9b33-7a6246914929,74,Female,100,51,old
09ba8628-3803-4200-84e0-0699ec683cb4,32,Female,129,88,adult
285b2b89-e929-4317-9c77-1ae01818e974,49,Female,161,70,adult
75579ead-4bec-483a-9227-84a3bb0fa80a,29,Female,94,47,young
9d4e0472-b018-45aa-832f-d5d8bd8a1cc4,76,Female,24,44,old
a4d51e79-137e-477c-858c-8309f5324c89,35,Female,180,98,adult
bd794c8f-d8c6-4281-a20f-d292f1882b41,86,Female,189,64,old
aac7fa9e-b54b-4b38-a9cb-5a7b5b6114a9,84,Female,176,94,old
38b4ae96-60c7-495f-9383-e0250dd612cf,30,Female,137,13,adult
5a28eabd-a9f9-445e-9611-e49d5769cdf1,43,Female,190,72,adult
20a8129f-38bf-492b-bafe-7fac81d230c9,19,Female,30,60,young
6eaf9653-618d-41b8-8f32-d4f9ae5cd808,58,Female,50,60,adult
c099dc96-2603-4d29-b97a-a0697a9a4fe2,90,Female,100,10,old
231db33b-7a15-4106-8af6-dce6216ba581,45,Female,82,99,adult
46523fc4-0982-454f-92b6-30f26be22041,57,Female,192,59,adult
53a2c203-c802-4562-8bb3-64444010b2a0,19,Female,21,29,young
40c303b8-3e11-4e99-b3eb-6e3f0610c97a,70,Female,38,84,old
8580c3e5-8753-4cb2-be06-f3074cc46771,56,Female,29,44,adult
caf2e1fc-8259-4f11-8040-158088813933,39,Female,74,66,adult
2d7fb423-8813-4e90-a39f-9650de2e0e54,29,Female,91,75,young
62a761a4-e2d9-47e6-9f48-d6d23d8286ad,62,Female,67,41,old
396468d7-1ddc-4891-aec9-24738a893aea,54,Female,100,56,adult
778d63b4-e390-4a32-be3d-52dbbd39d731,65,Female,113,91,old
664ffd0c-7010-49ee-94d8-eba05455ee4b,21,Female,51,18,young
806e16a0-a5ff-4e0f-a72d-1fb0226af1b0,40,Female,57,41,adult
c2025f74-7105-424c-9650-2be2e277eb9b,50,Female,179,10,adult
8aff3ed4-9c25-499c-9a18-c957e9d325b2,42,Female,191,95,adult
0d75c8c4-ce95-43f2-b460-25d90a83057d,23,Female,80,25,young
d92f767a-48c9-4fa5-83ab-e3d1c9b48806,34,Female,143,69,adult
9ea7c70b-4920-4a1e-a261-52e4b04fd3c5,64,Female,108,47,old
7177bda7-a159-407d-9c4a-e09fe25e006c,79,Female,45,94,old
6f6f213e-7f1c-44bd-8e95-6d70c87668da,74,Female,149,84,old
45c7bc9a-78d9-4e43-8848-b64cd42cc2d8,26,Female,120,46,young
25a34f60-5d7b-404a-92f2-35c5ef438fa6,39,Female,158,24,adult
287bd881-addb-4d3f-bb17-d7bec78cac51,68,Female,69,93,old
91dd18b0-7bb6-4d54-b2b5-888563ff1925,85,Female,36,95,old
fce21200-022a-48db-9cf0-a42f7dd2ec45,67,Female,68,82,old
5339f2b9-5130-42b2-ab1c-59041472771c,73,Female,32,84,old
82335953-7a3b-4fd5-804a-129014a830a0,24,Female,101,31,young
4625571c-0342-4a30-a9d0-00cd510cff21,90,Female,134,92,old
c07f0404-6d6b-457a-bcf5-4fa506f9b620,80,Female,137,15,old
8ea16008-b88b-4c1b-ad4d-a0eacd247b9d,37,Female,191,88,adult
fab46bca-1f33-4918-ac7a-619a55229f36,33,Female,176,30,adult
217ef047-ed27-4278-94ec-2d5207b64d7f,31,Female,102,57,adult
b5a8b6d3-b26b-41c1-97fb-6d102d8edd74,63,Female,148,88,old
30c0dd1b-63cf-452f-8eb7-2d56b0b2cb79,52,Female,58,67,adult
5e2fd9ee-e1c8-46f2-b9ae-790fee9c1691,50,Female,63,61,adult
7ca911b8-1a57-4a3a-8c2f-1414fde21ef5,52,Female,130,64,adult
bffedd68-7a7e-4d33-b428-a685d297a86c,60,Female,74,11,old
db81a986-f1e6-43d6-ba08-6fbb36f92e09,21,Female,39,84,young
4d417b8c-1228-4c9d-b002-8e44f60c5475,38,Female,58,42,adult
c3bf1845-6d09-46c6-9fa7-fe67ec1528bb,37,Female,194,13,adult
2bcc6773-22ef-4a01-a73e-709c06fefba4,53,Female,137,15,adult
d9120f37-cfc3-4a39-802f-861ae15c2db2,29,Female,114,68,young
a2d30fab-24bf-42c9-8ef1-eb34033def7b,43,Female,34,87,adult
3c6fdf12-6b75-4b3e-ae8a-87f3865520c2,81,Female,139,25,old
3ebc903d-8665-433c-8ba4-ffe13777a89f,84,Female,97,28,old
f860e026-4cb3-481a-9262-e207c22a5d1c,22,Female,65,100,young
ba8bfd1f-8f00-45b1-b269-1b67a05ea44b,24,Female,131,31,young
689c2b91-6c8e-4a9d-b081-60adea19fe22,32,Female,53,47,adult
0b7a38f8-cb70-4d4c-b21e-ab6429a08652,42,Female,129,84,adult
65fe52b1-67a7-4aad-9bd1-ccf7ad78c1c0,84,Female,56,16,old
c58a0756-01c3-4f8c-a9f1-3c264a6a2e31,37,Female,98,60,adult
15772166-2351-4d03-bfa5-86c6def3c2f7,71,Female,132,36,old
8c91df60-a1c7-490b-bcd0-374b3d5e5c8f,83,Female,55,42,old
aeba8dbb-3da4-44fb-a050-02122f56ddd3,84,Female,134,40,old
b625d21e-891b-480c-aa44-2b9fd68cef20,88,Female,44,7,old
1c3fbdbb-4db6-4c8b-8d15-b9cddc67bba1,24,Female,165,58,young
db45bde8-842e-4e9d-ac23-d2cd8b5aa887,68,Female,47,51,old
a074203c-14d7-4ac1-b303-05308794a674,87,Female,90,42,old
0047588a-8712-4383-9ca9-02f68c58661d,34,Female,92,7,adult
a47ec2ae-202c-4436-87fc-e7685041acec,55,Female,136,96,adult
267bb3b7-1761-44f7-a126-0c6293022746,74,Female,176,100,old
e88187d8-6502-4438-ac9e-a4d3988efc19,19,Female,196,20,young
24411e02-120f-4986-a632-19e306128c8c,32,Female,37,36,adult
3ad5ed1d-5ecb-4a2a-bfc9-9c4ae1ba7b83,73,Female,185,25,old
4a585052-541f-4eed-bbe0-838b869a483e,49,Female,80,11,adult
6c8ab756-0fec-4ce8-b14f-a8771ff2627d,43,Female,23,77,adult
06578882-a3a1-407b-9938-d886c7326469,74,Female,108,11,old
35da5d82-5553-41d2-b02a-63458bd6496a,58,Female,100,90,adult
f984b509-deda-4640-a6a5-995aadf219e4,47,Female,155,67,adult
5d73aef9-74be-45ba-82a3-a1ceea850dea,29,Female,100,60,young
bc2fe93a-fc2a-46e3-bf79-7179b35ed5e4,37,Female,107,12,adult
de0b337b-3a98-4642-9971-63b97865da3e,22,Female,118,87,young
641b6337-46d2-451e-bc4e-f7c43617bb10,73,Female,116,43,old
dea5fa0a-9362-4ec0-9f61-fd71aafbf9ca,55,Female,169,57,adult
59d01873-430c-4136-816c-026d792dbd92,63,Female,167,27,old
56695991-22f4-444d-a278-39ebdebd7fc6,54,Female,148,80,adult
c63921b4-ffee-4ac4-8e94-06c3c628a3ed,69,Female,106,6,old
72cc18f8-5d93-4667-949e-001c6bf632d2,33,Female,136,95,adult
d8af4e4b-e244-44e1-aac4-80a7ed828a24,27,Female,69,72,young
a75b6413-33ed-434a-b78c-6df98ea74851,55,Female,135,84,adult
d5b6a5bd-e2f3-4871-8e4a-cda0a9808360,70,Female,99,88,old
bdafb917-f49b-442e-8258-8cee9c6d729a,77,Female,158,41,old
07b3c6df-b512-44be-9d0c-16872220e5b9,32,Female,119,22,adult
a13ce911-eca6-40dd-89eb-ca7597f22d20,41,Female,42,32,adult
0b23a2f0-db61-41bb-9812-27aec40ed7fc,57,Female,185,37,adult
321b3946-9617-49ae-b789-20eb56c1fa5f,43,Female,150,81,adult
f3047deb-9cb2-478e-b93f-bec5a11f0948,23,Female,199,71,young
9b2df3b8-fe9d-405a-b3b5-76bc3363833d,51,Female,182,6,adult
adca1457-b740-4cbe-a3ba-0ef31bcbe8b7,79,Female,167,24,old
76351ec2-d36f-4ac0-bb3e-7b94d2cc67fb,74,Female,91,60,old
cab5b3fc-8b96-49bb-8128-6abba43c6210,82,Female,194,94,old
b065c81e-109a-4784-a8ac-5f596ae14f17,43,Female,156,69,adult
9900d5fd-46d5-4cd2-8170-262a4a9a5dc1,58,Female,63,44,adult
4fd6b7d5-1e7d-48d1-812b-2523c08bbbef,65,Female,138,34,old
61c491b9-a0b1-4b73-95d3-e7bc1c5833d7,72,Female,54,58,old
546903de-a8f5-4511-876b-a506d47dccb7,32,Female,192,90,adult
f7bc7714-a837-40a1-8cee-0de0aaef16ed,27,Female,125,53,young
c3e69199-2467-410e-b883-7de06bc9c0c3,55,Female,186,18,adult
08eecd08-441a-4cb7-9cd6-29d9b5c7d25c,84,Female,142,61,old
1b7f41a3-fd54-40fa-8012-f0a8f06dac61,79,Female,33,26,old
7a450413-c2c4-484d-8b25-54309127f6a2,58,Female,85,46,adult
c6a1c7f5-1fb5-4bc1-a206-9d0a48828c79,55,Female,26,95,adult
daa29157-923f-4233-a43c-e9b9e636bf9a,34,Female,178,85,adult
b60988c7-af20-491f-b7b0-34e30f9bdb0c,68,Female,131,42,old
9d229094-3270-4459-878d-5f56856c1c5d,89,Female,31,81,old
edeb3c39-543b-48b0-9560-faeb0fbb2367,56,Female,117,66,adult
59590060-5673-4633-a3f1-7512d6aa6927,33,Female,127,57,adult
1043b7bd-5d38-4f78-a3eb-0d1da36fd480,38,Female,46,45,adult
dea42fc1-e289-483c-9ef7-519a351f50c2,76,Female,113,18,old
175a9f77-9a5b-4b06-970a-04d4d3a62a07,85,Female,145,99,old
1e5d1fb4-84c5-425f-b21a-1d476fd1979f,60,Female,43,40,old
01be630c-9f39-4c40-a875-6e461f026dbc,51,Female,190,65,adult
5001ec4e-300f-4542-b453-66e714425e66,70,Female,61,60,old
953947ce-18de-486b-91c7-e05f61890708,72,Female,113,2,old
6d2148b2-717a-46cf-85c0-86568b9f474d,86,Female,99,68,old
1a9fe225-64ce-4f77-9cc4-cd7c3481ac62,76,Female,183,60,old
2e88452e-08ae-4e29-9d89-cb9f6149f415,50,Female,167,24,adult
6a9932fb-415b-43a1-b663-d6430f04a437,49,Female,143,60,adult
168d8c1d-9f03-4e5d-8b9c-dad95bf7e8c3,90,Female,35,24,old
8f04cb51-e67b-4b52-8d1c-23393dc95a5a,55,Female,105,44,adult
33dfa6d2-d516-4bab-ba73-6b1762793f04,21,Female,189,38,young
58c6b4db-2417-46a7-b03b-03f8c7e06e1b,55,Female,134,76,adult
8a7e7fe6-733c-454c-83a0-60c68657dc65,63,Female,148,71,old
708f120e-482e-4c15-a240-4e9a49b7e1c2,71,Female,193,57,old
dd1762ad-541d-4d74-98df-14d3e60348b0,49,Female,143,28,adult
7494e0e0-8656-4ce2-a133-a3344d7f883a,46,Female,46,8,adult
6d3f20ee-650a-4aaa-8ffd-f9626f1e4074,51,Female,183,3,adult
9ce7fe12-f9ef-4ceb-8184-0235755ca93e,27,Female,133,60,young
4f6037b1-0093-48a2-a549-22afe0aed85a,62,Female,68,69,old
4eb95cd1-21e3-4696-b33f-704eb83e2e2a,43,Female,137,38,adult
a50bfcff-151e-449a-bd63-ae609803f11f,64,Female,36,5,old
b7f4a2b9-bf61-4957-860e-f28b33df6a17,83,Female,48,10,old
831e7858-81cf-4e71-8d28-7cddd5015e3c,26,Female,128,70,young
a241a18f-c9f3-4a18-9d16-c0bb8e9596b8,28,Female,66,89,young
fa5ddfa1-7b36-4b33-8f54-c9f3fe057fb6,67,Female,98,92,old
bf0662fe-a0a4-4927-b423-2b37e94820d2,26,Female,83,11,young
06812a36-7085-485e-b2dc-58abab842428,22,Female,113,24,young
0de993f8-0ae3-4f2b-b7d6-14a9b7b19425,22,Female,105,87,young
888c3125-34ea-4cdf-8efe-62b4311fbe15,53,Female,55,99,adult
616778b3-a06e-4383-ae72-eb29a111841c,75,Female,159,68,old
3ec7eaab-32ce-4104-bef0-d60df12da648,70,Female,61,11,old
3c67ec5e-6582-44af-9961-c510b5f6fca5,47,Female,99,70,adult
3f7a8efb-0ec7-4c5d-ac66-843806101cdb,65,Female,148,13,old
a4254b99-3362-4564-84b5-d45a4a431c90,19,Female,181,52,young
830a8a6b-8c24-4b3b-b289-e24f6d67b83a,29,Female,160,7,young
c9551a1f-5b40-4b4e-8a75-b2692b6b493d,32,Female,58,74,adult
6770b848-9463-4ef6-bac6-6095698b6c9e,51,Female,85,73,adult
6393e28e-228c-45dd-9532-290e920a9d21,32,Female,140,9,adult
c4045e78-d234-4c2e-855e-b118f9bb9937,38,Female,122,11,adult
f0755d3c-56fa-44d3-b251-4db73220be59,70,Female,95,28,old
8c78f3be-5630-43e1-8218-f010b9797427,30,Female,141,82,adult
3ff1210d-9e31-446b-95a3-16ae071c417d,57,Female,100,41,adult
8952b899-ecd6-4745-b006-5ff6b159ca51,50,Female,100,24,adult
853b95af-8478-47e4-96cb-0baf1558f00f,45,Female,55,63,adult
3f1550e9-4315-4319-ae7d-b39ec8d59139,54,Female,122,7,adult
0a383b53-f17b-4145-b4d1-69c27bb9b9f0,50,Female,159,76,adult
9d423be5-b36c-4d2b-8ee7-08ef7ef1764d,72,Female,23,78,old
a50ab22e-6864-4c3a-a83f-2c5401283a3b,72,Female,29,61,old
8b07b87f-2b5a-420c-89aa-4f484f24a6ff,39,Female,108,11,adult
9cd1ad71-65f0-49d1-94c9-232f67cfab81,28,Female,115,5,young
a823fa03-dfd5-4b4c-b798-5335883cb168,82,Female,56,52,old
489e9c67-7de3-41cd-9936-a83e8dd6a399,47,Female,47,12,adult
8c9ce9a1-fe18-4ec5-bd8c-6cffff217db2,79,Female,161,69,old
e89e7103-ad41-4a77-a10e-d6c130a364c6,54,Female,105,96,adult
6213f1f5-2123-4562-bf64-84ac5d73d51e,65,Female,99,45,old
d88710d3-5777-4a23-853d-166850b92c91,84,Female,86,38,old
5a60242c-443a-4a1b-9964-ade1e44caf56,76,Female,105,10,old
596f06fc-def9-4598-997a-2767d92b2d45,88,Female,70,50,old
cc5a6e17-9d63-448b-99a8-1e9c5d585664,42,Female,30,26,adult
2acee6da-9296-4100-a85c-3869fa0e9b67,79,Female,80,40,old
96808f36-96ab-4324-93c5-d8424f709de6,79,Female,166,77,old
9b8f85f2-e4db-4c78-a02e-c341ce1553c0,83,Female,129,5,old
c233d481-f217-46cb-b62a-cca578f4f5d2,62,Female,101,79,old
9b2b95a2-7a10-4b75-9484-31f4a6293a94,62,Female,167,98,old
5951cb01-8343-4184-b14a-4aac23abdaf1,89,Female,121,69,old
9df92a69-4338-4bb4-a196-da0cc3a11974,27,Female,117,69,young
d764971b-e210-4a26-b069-66f52229a915,83,Female,114,99,old
d039205e-c4dd-4a6c-9461-a743a5f550af,28,Female,60,5,young
ac657356-99fa-4b4b-9607-ec03f186a904,82,Female,79,65,old
b253ba8c-087d-4143-860d-6e75a89ccbde,53,Female,46,93,adult
3cf5e36a-9b91-45df-8246-f2824acf2922,43,Female,143,69,adult
36f69f03-d22d-4f54-96c7-38d22667997b,33,Female,65,73,adult
585d788b-329e-4595-bf38-11161f05daf1,58,Female,100,90,adult
28c35eab-b6ba-447a-83c0-150df8ad94d7,38,Female,73,76,adult
89165853-5790-4bd4-a428-cae21e1e0dbf,21,Female,174,65,young
e41bc406-2f86-4eec-bafa-64013938b59c,26,Female,120,53,young
b9fe520a-4562-4df0-8b09-5ee757ae4e0e,43,Female,199,69,adult
0e62b500-c705-48fb-bcc4-4c1bc7728ebf,87,Female,82,58,old
e487cd8a-48ea-481f-9fcf-6bb311c11939,66,Female,191,71,old
2fa6e40a-ed0a-4b9e-9613-2bc8e582ab2c,51,Female,142,98,adult
2a18fb6b-6850-4ef0-9496-511e7dbe29cb,84,Female,146,31,old
eeb5a07a-a6a2-47f0-b6a5-e903599e2edf,38,Female,34,60,adult
1be803be-345b-4c1b-be9f-f6e7afcd5bdc,51,Female,193,92,adult
f839384f-9c08-4275-89da-736e8ec6fe46,22,Female,55,31,young
965517af-5645-4444-84c0-517a0a82a201,66,Female,180,94,old
e99633b5-1db6-48c7-8419-784510ca7d00,40,Female,196,62,adult
bfdba49f-9023-4031-bf3b-1f4ebf21fb70,59,Female,167,86,adult
c2d2e7a6-d09d-485b-95fd-ce2a71128e61,63,Female,161,70,old
a9910621-ed32-4594-ba93-f446301f84e9,84,Female,54,57,old
ab9cb7d5-7931-4f65-abc9-885d0676f41c,50,Female,193,53,adult
18e5efaa-274e-49d6-a517-7a6e20ec1821,19,Female,68,45,young
f44f735c-3818-4e02-a7ff-219f86afee5a,39,Female,102,90,adult
9c01b43f-f76c-4bbe-8f61-458ba244f975,76,Female,132,90,old
145a9ac3-3b89-4753-9672-10d818723952,61,Female,192,5,old
e83a0556-8099-42eb-8a98-1f8b9bbba5cf,83,Female,20,11,old
e9fff3ba-a40b-4dde-ba4b-921e22109593,45,Female,186,81,adult
df6603d7-54d1-4ac6-a59a-fcaabfd14e04,62,Female,102,95,old
988e41c4-c076-4b64-9512-dfbc561df8e4,47,Female,74,69,adult
7cf4f1e5-f9a6-4557-88ff-2bec51e506ff,25,Female,57,19,young
84f4d064-408f-4ede-9b5e-aa66c19cceb8,90,Female,169,90,old
0f9805ed-6289-4158-b9dc-8ad93bc74de0,79,Female,33,84,old
1bbce29a-ade3-43af-9bda-4f5839e60741,66,Female,62,99,old
14f79758-94b3-4258-a404-71cf6071821d,90,Female,76,80,old
aa9ed604-1e43-4dad-9398-b295d8dad89d,55,Female,110,97,adult
35c12dce-d70a-46d3-9663-bf4ea961230a,23,Female,47,6,young
4382e5cc-dc60-4f75-8ef7-7e19a2b3f3ae,80,Female,110,29,old
4b67fd6a-c6dc-4808-93a1-ea3a7b4f3e7b,67,Female,63,79,old
07863324-d94a-4856-ac6b-c5d68c1e9f68,40,Female,147,23,adult
f4c863e4-15da-41c3-9eda-4236bdef5ace,27,Female,115,41,young
e1cbee3c-d5ae-4c6a-bb5f-0156fe69da66,82,Female,150,38,old
c3fc57b5-6ac9-49e2-bec0-bde9df8dcf84,56,Female,164,34,adult
acf59770-f331-49c9-a3a8-3686c3b4796d,65,Female,122,98,old
6cc5eeb7-31ab-4194-8aef-a0916ea20fe8,51,Female,165,16,adult
35a733f9-33aa-4ccd-9175-3607e56c5ccc,51,Female,183,100,adult
84673473-caad-42ad-9e62-718fd2f40ba6,45,Female,71,82,adult
ead72a29-af09-474c-ba27-d1e256095313,77,Female,113,23,old
30b7ec6e-a37d-4e40-b0e4-ddcbba97c694,85,Female,93,92,old
02197044-c2df-48b0-9805-505723d65b8c,69,Female,177,52,old
3a5d6ee4-8c52-4243-8b85-731ff0abc3d0,62,Female,56,96,old
11397c26-a128-42f7-b11c-17012d5513c8,42,Female,102,14,adult
b19848e4-a13d-4b15-b5dd-73163f004aa9,54,Female,73,18,adult
f571c0a6-2453-4c36-86ef-62631a4e1de4,74,Female,50,55,old
719f952f-088f-402f-841b-d58f661ea1bc,86,Female,37,100,old
9d1222d9-1a3f-4097-b70c-ad6b374e958f,65,Female,90,18,old
d228f533-aea0-45af-9c42-318a0b6fb050,25,Female,174,40,young
c0fce6e6-fdb3-4300-9660-9be583dbd331,40,Female,70,51,adult
6816f607-2654-4eb5-a7e7-b45c4cad29cb,35,Female,44,88,adult
c2a53ee7-d595-4a32-a151-05ce32ef12aa,55,Female,67,75,adult
0ba46e49-69be-4c7c-baa8-6ba1eac0a3d9,63,Female,103,90,old
faf8f915-f7ef-46c4-9773-22f9b74392d4,53,Female,92,53,adult
da0a227b-bda6-442d-a3fa-d15e70d8ee64,54,Female,198,74,adult
f2e1f459-1c6d-4160-9150-f23bffdc87f7,78,Female,157,90,old
b6c7d9e8-da92-434f-a930-9d6b68268e7f,67,Female,182,68,old
6b6ddf62-1a3e-48d5-8459-57a12eab7354,75,Female,39,28,old
54403a9e-373d-4cc8-b185-67cb49cea98e,37,Female,188,29,adult
e1cb9cd2-333e-4acb-9ed2-ba35a96672af,59,Female,126,30,adult
6d964a08-ea1b-49ed-a705-5c055092b7b2,60,Female,167,100,old
4c8d5e07-c654-4535-851d-69c7d4b4d788,51,Female,151,15,adult
24c8dbf4-7005-4a38-b9e4-ea26472e285d,83,Female,36,85,old
7345ae5c-c218-4ab8-a14c-464977a3ad95,84,Female,193,2,old
66199157-9255-40ef-927b-3d2a99d1312e,46,Female,77,31,adult
06fb80f1-3f96-432c-b5be-abe6e124bb63,83,Female,84,79,old
f3c1d221-c227-44ee-b474-6c7b60a83eb7,55,Female,197,29,adult
99d9e010-9c8b-4d67-83a1-a0f1059a0a58,27,Female,189,25,young
c4b6a8d8-769d-4349-bafb-db16f6c24e82,83,Female,136,100,old
321164fa-bb3a-48ca-bad4-99ed64b659f8,86,Female,109,68,old
3b2bbd3b-9da9-4821-acdf-73e6144cfabb,87,Female,157,95,old
720ff62e-a389-4fea-976e-32d8be793916,50,Female,56,76,adult
319f091c-f96e-4791-b187-053f7d30d9cb,24,Female,82,47,young
5303d578-d14e-4604-8601-7fa8ab26c64d,68,Female,31,76,old
5a3345a4-19b1-42ae-afbe-93a599173817,53,Female,199,14,adult
dde960e1-ce68-4ca4-bbc2-0d8fdac83460,77,Female,51,54,old
9a78ec36-1679-41d3-9e81-208b49f0098b,26,Female,163,47,young
5bb1bfd9-8544-4288-bf2b-8025206f47ea,72,Female,136,53,old
47b04087-fe26-4e4b-96c6-25c7372d4f5c,51,Female,156,42,adult
52f8dba3-3485-408d-8e2f-921e286dcf50,78,Female,56,98,old
dc64e303-07c2-4db4-82b4-10fcbc4083b9,31,Female,86,83,adult
84a56b1b-1767-4d9d-8c04-ba1847b7a003,78,Female,48,66,old
895da2e9-a732-464f-ac52-9e0389d331ea,44,Female,104,49,adult
ed95ff8b-a452-4bfd-b729-6e0dcc637071,26,Female,186,19,young
9518ae1b-0656-40b4-90a0-e2fbad8cfd44,69,Female,171,66,old
36c7e28c-ad26-486b-9e59-016629ee550a,56,Female,150,86,adult
28113165-1106-4fc4-9423-e3430c2d86ea,39,Female,111,81,adult
1070537b-7aa1-4385-8442-bcf219c97aee,62,Female,26,87,old
584ede24-c3bb-4295-8028-c1a1775c8288,21,Female,58,19,young
80e35fb4-37d3-445d-a38a-6fc8166a1f12,56,Female,153,21,adult
2347cc5d-61ab-46cc-8078-a2f1a95d8850,51,Female,147,78,adult
1858818a-6914-4b63-a25e-7aa0a96f1cb6,66,Female,188,47,old
f2ac297c-6cfe-4b81-8b65-0ef8d2014202,59,Female,24,11,adult
868b9426-23bd-4c88-9601-9df58666793e,18,Female,58,75,young
c8f1ba19-5b6b-49be-a2f4-291898b15d38,44,Female,188,76,adult
4431272e-9775-461d-9e4c-4cc9e40da0cd,83,Female,132,4,old
a8cf8467-fb27-4032-a443-04ed775d0224,89,Female,158,83,old
fab96e4d-a5d4-42d1-bd27-8f414caeaed8,58,Female,86,5,adult
6da8a62c-72bb-4f44-b0fb-7889f7469883,18,Female,175,81,young
4436f690-e50d-462e-aceb-d324ed3354dd,33,Female,81,5,adult
664d7753-e8be-4401-a007-77cbdcae5258,39,Female,116,33,adult
5af40480-6a7f-43a4-a935-357a16211010,90,Female,161,21,old
d3d49e84-7342-4e95-99ec-19ab30cfa61b,30,Female,155,22,adult
5f1aae17-74cc-4f4e-9520-de3fe8b730fd,32,Female,50,55,adult
1ceb7e9f-8a6e-483a-9767-4691409fade6,69,Female,175,45,old
c95b9e66-8571-473b-b576-d9b9da4717bf,73,Female,111,45,old
b8ecb4ea-5748-4c08-94c9-36d0e72b370f,63,Female,47,30,old
b53a14ca-d9f3-433a-9814-ce88c784c94a,52,Female,57,69,adult
4e8094c4-4dee-42dd-9433-3bb016ef1b87,23,Female,96,66,young
f8f8adaf-5fd3-4cfa-ba31-ff4ec108b2d9,44,Female,77,81,adult
d382e8c5-0c22-4d7b-9ee9-b12d3b230d53,32,Female,50,92,adult
8e8d4340-d7b7-4d98-8d8c-36368b6638f8,81,Female,108,52,old
3d37ee66-21bc-441b-a974-c732379d9321,75,Female,117,39,old
433f68ec-ebf0-455a-9dd9-f10551480f71,68,Female,172,2,old
8f733507-4d2f-4925-86d7-8b1beb1e5185,66,Female,176,21,old
077cd7b7-b9b3-46c2-a643-8f3590b8b44f,27,Female,181,25,young
5777ba7e-476e-401d-baaa-9bc099f8f442,34,Female,126,29,adult
0dd9c556-9570-4eee-8c2a-6ca53d5dd43f,61,Female,190,19,old
168d9176-1a81-45d5-8107-948398ba5932,33,Female,195,22,adult
c1e97a37-b2a0-49ec-8e1d-8bcc74c5068a,38,Female,143,71,adult
cefe820e-be23-4920-be11-d2e4abfa266d,70,Female,127,68,old
b8522c76-fa5b-4eb9-b6e4-1f929d16bdfe,44,Female,35,4,adult
d79e73d7-09bc-4856-8c08-da49e92aec56,75,Female,52,23,old
358e5908-1e8c-47af-b0a5-9b620fbacada,69,Female,125,20,old
d31a32b8-488b-4b3a-b1b6-bec933dca34f,79,Female,134,60,old
30d44954-c804-4041-83be-ddf4496494cb,78,Female,122,16,old
07f58f65-257d-4d73-bcf1-31667b45268a,68,Female,140,21,old
2bd45268-d657-407f-81c8-4d6b8334c405,66,Female,170,28,old
bc60b4f6-8900-4273-bd80-3148edbbc749,88,Female,55,39,old
14141ffa-8015-43be-8750-fb67a80c526d,75,Female,78,52,old
e9aad1db-be15-46c3-869a-c0c86efad42f,27,Female,169,95,young
7e31e7c2-4029-4aa0-9f7f-7656d1692b53,27,Female,133,10,young
0d3ed704-e443-45a0-a47c-7244d6e68f4b,37,Female,144,92,adult
3606631d-6e6a-4283-872c-51159a8fafb4,45,Female,85,56,adult
2838b83e-256f-4d76-95cd-9a2068c4ff33,61,Female,38,18,old
015b79eb-abb3-4501-a21b-b310abc0281e,88,Female,136,46,old
dd309d59-a2bb-4c82-baad-719774f81ec0,51,Female,193,1,adult
61b16ef9-e8a9-4261-bad6-677c06b4ce43,81,Female,123,71,old
7491921e-169c-47fb-83e0-ecaa9d001cbe,31,Female,157,11,adult
418cf7fd-05d9-4072-b116-e37b7c077f31,20,Female,103,40,young
334730c8-3d05-4846-a6f1-5c57a321b615,66,Female,141,82,old
fee4c087-c947-4185-81cd-9f3716ffebb2,54,Female,133,50,adult
17d138fc-be55-4c4e-b794-f07f12072496,87,Female,180,84,old
14483acc-31cc-42ad-842f-4fd345c1eb3f,69,Female,37,42,old
3ec84fc4-fcd8-4fc6-aa43-9344cfa056be,65,Female,29,60,old
f9335e8f-c4e1-44f5-9f8c-c7ce6cfed238,19,Female,28,68,young
cf087d23-e537-4791-9997-34ff3cf7912b,22,Female,176,41,young
7dff1b54-9f1c-48f2-9b72-5bbc4274c0ad,62,Female,111,36,old
c892523b-96c0-473b-9092-e7dba32f298e,64,Female,49,35,old
8a99ae04-ecb4-4669-a2ea-53bf669aa5b8,40,Female,185,100,adult
d3896d0e-ec1c-49f8-b6b3-066d43a04372,45,Female,193,93,adult
1a5b76cf-608b-4ec2-8dbe-fd18aedec6d3,63,Female,81,100,old
a0393f40-d30f-4fb6-8cbe-6856fa72018c,33,Female,95,77,adult
9025b910-49a2-44d0-a024-6604b491550e,64,Female,179,5,old
0c3528b4-d033-454b-b48e-a150962bf64f,86,Female,171,23,old
da52a83c-a484-4f45-8ccc-58f5c8f45139,38,Female,63,8,adult
0d1c4ec0-d931-4800-9124-e3a8dfa665b6,53,Female,152,70,adult
a565b6f3-b970-4c23-99c9-3b628ac7c89f,79,Female,66,90,old
bbe0ca49-8e03-402c-be08-95a2fe1dd8f5,52,Female,176,41,adult
67ef8426-6939-4b39-943f-6c97e645b238,40,Female,194,3,adult
1eef421b-6301-4bed-952d-921c9b53d75e,90,Female,50,44,old
3fe25302-c1bc-433c-a2c2-22b52ed93b19,85,Female,42,38,old
19657199-118a-461b-afc1-ab3f90ca5685,51,Female,93,100,adult
5227d899-71ab-4aaf-af9b-c2e819915194,26,Female,34,13,young
d07a1066-892e-4215-ac43-eadcd840724a,51,Female,167,50,adult
f7a42b44-4906-4cd8-ace5-c3c1dacfb50f,75,Female,64,23,old
34d41b6a-6646-4b08-9869-056d0565fe25,21,Female,131,73,young
b5b694a9-5bb8-4ac6-8620-91952bc6332e,57,Female,80,72,adult
5c111e43-8398-49c6-a4c7-2c4804fb0e23,40,Female,167,67,adult
d4115db8-d5f4-498a-9386-33364af518ff,61,Female,116,24,old
ed1981e1-76bf-4d06-a404-b3c4c8dd320b,72,Female,68,62,old
3441d32d-a911-43c5-b72f-6af1264b951d,65,Female,67,43,old
99ee1771-4c9f-4364-ac1d-c344b2391815,28,Female,65,26,young
3e8e1ed1-bd7e-4413-b182-f539779996de,87,Female,22,52,old
8965c546-94d5-4bbc-8e3e-4d6f89f8f922,34,Female,88,62,adult
2404b793-b81c-4a7e-a1bc-48473261aa73,49,Female,91,90,adult
3afbe1ad-5fc6-4c7f-952f-421cd88ba0c4,86,Female,190,76,old
2af58df2-2686-4a68-8ab4-d8858ab1fb17,86,Female,161,68,old
56b2fdc8-4aa1-4d9c-b072-eb48f5adb58d,70,Female,184,36,old
f7bd7315-7182-46ca-9169-9db4b639d8df,67,Female,171,92,old
23cf235a-6ae4-4cab-9233-d005dd96b369,23,Female,37,91,young
77b08770-4360-41c8-a37f-1488bb54b149,35,Female,106,44,adult
dc896987-572e-48bb-891d-92f5402999f9,32,Female,64,21,adult
1a7b49f7-c59a-4ee4-809f-f9c6e00bc2e5,79,Female,100,72,old
567cfdff-02f0-45cc-a852-1a51aa5338bd,67,Female,81,91,old
2fc65c89-5315-433a-9761-bf36d28d8fde,40,Female,129,22,adult
6d2e6f51-8886-4fc3-b063-f7a5248a5bbb,36,Female,154,62,adult
4f1ae664-75ef-4c5b-a814-8c905cf64706,90,Female,198,73,old
2e8973c7-70d9-4546-9b91-8c4cbb589251,39,Female,193,35,adult
4e71d413-ca25-42d0-bb40-eb6cf9c6996b,40,Female,195,46,adult
2fd1661d-113e-4d5a-95c3-1d5044bd88fc,39,Female,105,62,adult
0ec063a5-34ee-451b-9405-b0561636aadd,18,Female,24,56,young
d0469c8a-3a7b-459d-a4a7-ae3cf5fd0e6d,86,Female,181,60,old
8b8793af-4820-4db2-b976-4e66223d38c6,46,Female,92,35,adult
f2db62b7-1caa-4bed-b0e1-653431758155,80,Female,130,76,old
fe4e9f7a-dcce-4e40-b89c-2be1058e2b0c,46,Female,96,71,adult
6cd8f692-0564-4592-b9f8-76b93a8656b0,25,Female,76,73,young
41b8780d-7186-4c61-bfc1-1667eedc5e42,21,Female,166,28,young
2de9d844-7dbe-4d6e-ab16-b12093920c33,25,Female,25,73,young
a8615056-274c-4445-b59c-575de64fcb13,86,Female,132,9,old
e111f0b3-6e43-4619-95ef-82954fce94f5,29,Female,46,9,young
00bc61f1-5514-491e-b7e0-e5e1ba734b6b,20,Female,183,4,young
f177c810-b538-4c62-b74f-1d31af9246eb,74,Female,31,46,old
6f657c2f-f63d-4df4-969a-7bf0b54630e6,54,Female,93,14,adult
ac83147c-e1e5-4499-a6d3-d94c880d23d6,78,Female,63,7,old
6d91acd1-4d21-4e48-ae9a-8193457f2121,77,Female,132,34,old
3a145aae-96ae-4dfc-b75e-3f4230dada7b,42,Female,152,24,adult
d442552d-868b-44f7-ac28-83dee30d233c,35,Female,82,78,adult
b1155690-84af-48d4-813e-7e2a18206abe,61,Female,146,12,old
aae77ebc-9ee2-4eb2-a243-81fed8933f5b,67,Female,199,60,old
1d48a535-673a-4f88-a176-3632f334647e,32,Female,115,94,adult
a6136afd-42dc-415b-b6c0-d54fa095b201,32,Female,164,38,adult
58666c4c-7e25-45a2-81e5-3c8c60f56a33,24,Female,150,59,young
83991567-18fd-40bd-896e-ad3ab3b1829f,42,Female,40,90,adult
0e90e844-12f8-41b3-a4d0-f2421e0adcf5,75,Female,156,93,old
825ecb27-d89e-4cd2-8943-8bef316e2d9a,31,Female,140,89,adult
d964a526-aafc-4ae8-b21f-e0c9e9eba1cd,47,Female,125,12,adult
88e9ded6-8a3e-4284-ba94-7687f6381826,41,Female,42,95,adult
c2f5a470-9d7c-4cac-ad4c-a8e2f16ec24d,66,Female,78,21,old
9b49156a-5932-456c-8ab5-0602077c6355,42,Female,34,77,adult
a777abde-19c6-4728-956c-a12b6abc7ef0,19,Female,171,18,young
b00ee4c6-d37c-439a-98a8-c98c1e788565,88,Female,177,69,old
02174f79-383b-454c-a83a-193e2fb7f1bd,33,Female,29,93,adult
7f79175b-4a54-4363-823f-a5e9101de6d8,82,Female,199,47,old
cbd1dd01-631c-4338-a9a0-01af551814ce,47,Female,36,42,adult
34b8df8e-b0a8-4a3b-9570-e7394294daca,49,Female,117,44,adult
61a9cd0d-d166-44f1-91e2-56423a004858,21,Female,110,27,young
a6e2fd1e-1abb-4a33-ae03-1d14ae25a262,72,Female,186,31,old
17723021-c1c3-4fa5-b483-4c83c65c8ed2,44,Female,183,19,adult
4fd39074-483d-4bbc-a78c-64ce284be818,56,Female,126,82,adult
d1b1c167-b919-47db-92ae-ed903dc2477c,41,Female,133,79,adult
c6979c16-f298-4d1d-8343-6543a32b28c1,89,Female,176,35,old
54383721-0cf5-4e4e-acf1-f881a5e89dd0,83,Female,177,63,old
35f94b41-269d-496c-bca1-ee6880b9bbda,67,Female,86,10,old
e841813a-1638-485f-a935-e2cc41430ffa,81,Female,54,64,old
2c06cddb-22cb-4334-be91-f6f8a4d2b894,76,Female,133,7,old
7b59d14a-f994-4b4f-88b9-361951b63cf7,41,Female,190,8,adult
885f9586-7c4f-4e07-9449-53ce2bece53d,29,Female,138,21,young
0481a27d-9738-4b29-9f74-0d9f3e472b42,83,Female,159,28,old
b243a5d7-4587-45db-abbd-891e03d8c879,62,Female,70,23,old
25ee77d6-c4d3-4a60-94bf-4aaa0717e3e3,22,Female,152,35,young
2e4d9a43-a913-4cde-836e-0794c6b7cc62,67,Female,127,67,old
945e6c98-12df-4571-a245-0c5f3d6a710d,86,Female,196,27,old
c82c9107-1440-42d1-b81a-edac18c1d707,70,Female,165,32,old
f8106020-fc57-4cf2-a0e5-f8bee80df6cc,78,Female,98,9,old
fab5afb8-6c97-4596-929c-e5149ec6888b,47,Female,72,82,adult
3336fc8f-832a-40e7-ad26-fe6006f43462,38,Female,67,25,adult
d1d48136-fa7d-4722-a4b5-345c1c6f2f7f,29,Female,167,80,young
9d9c7ccd-b2ca-4486-b811-e79286c6b0ad,84,Female,131,37,old
ffd388d1-66dc-4e40-853b-7479a8c1c394,23,Female,95,8,young
e7283c0f-cf30-4900-9002-3011b5fc0c74,56,Female,111,64,adult
95cdf25f-a22b-412b-9399-1de5d84e2c5c,52,Female,154,13,adult
a20a9af1-df6e-4356-b789-5d93f4e63040,82,Female,61,17,old
6c85d904-911c-45bc-81ad-02986d16bb1e,60,Female,62,85,old
26113eed-4378-401b-96ec-82e122eb10e3,86,Female,137,38,old
93b5a3fb-329f-4dce-a746-6fc3a9fcc304,24,Female,48,90,young
416aa763-8ad6-40b6-9b1e-4e898cfdb766,85,Female,69,72,old
3bd05bba-aebd-4280-900d-0cadd1fe3fc9,38,Female,70,45,adult
a763b200-5597-4c2c-8f9c-4105fd76abaf,58,Female,25,25,adult
3c513ac3-c349-4849-b1b3-eb110b7c374e,84,Female,113,87,old
a865f4aa-e087-40ca-b71e-b74c4979ce73,75,Female,104,32,old
93b24dab-3e42-4f04-bf3c-3cc743b097fa,70,Female,68,1,old
b1ff330b-750c-43df-be90-c0898481f714,19,Female,65,97,young
13307b07-cd2e-43fc-8f08-5ea31af5cba4,64,Female,117,66,old
3295fbee-e022-4971-bbce-3883ad35535f,65,Female,63,16,old
7fe8a871-7796-43f1-9ab4-b5de2105af68,63,Female,116,40,old
59fe48e6-5177-4ab5-950e-ab09c6067d82,28,Female,147,24,young
c0000aa0-fc8a-440f-9677-e9a3745a8956,69,Female,198,77,old
0d3abc1a-9afd-4cb0-b14e-77691c19c724,48,Female,108,28,adult
eb885fd1-004d-4844-8062-e5ef983f5fcd,58,Female,32,91,adult
92f004b2-6e05-4cd9-adbc-5354b4a0a2d3,36,Female,105,77,adult
fb40341b-e87b-4c2c-9aab-e2faf9165a6e,36,Female,105,25,adult
f5ffe33e-9eb5-49a4-9a16-5b1ae510ad6b,51,Female,164,59,adult
503520ca-2533-4354-a214-00faa70c1a46,36,Female,65,6,adult
a2418c5d-6883-41c7-9c3e-c84b415715f2,50,Female,168,19,adult
3358a0cc-73bb-45ec-9abf-b761cb3c7d82,38,Female,145,4,adult
3356256b-2543-40aa-8f0f-ee66f96745d8,89,Female,104,43,old
f4a69736-fccd-442f-8b96-5ebc0cf73f08,75,Female,120,47,old
a10cc9af-58a4-40fe-9ecc-2ab7a1b977d2,47,Female,133,64,adult
14cf478e-4a23-4f36-9691-95bf6eb46b39,87,Female,149,76,old
b204c21e-7fa8-4c79-9c5f-a5356e0f322d,88,Female,87,100,old
8d7bb5ed-55e8-4f9e-aef8-a3e3fc7a73c8,46,Female,195,92,adult
28cbfe72-aa2f-4071-b046-3a19ef9f0599,62,Female,111,23,old
44ff3ca8-8279-4299-afea-3785ff339e5f,68,Female,129,68,old
8f45aebd-b65a-4a9e-882c-5bdbcedf28fe,90,Female,142,10,old
d23148c9-c0a2-4ba4-ae94-fce61d2a2209,56,Female,37,2,adult
4f46d854-52d8-4003-950b-38d9d460f7e4,58,Female,120,68,adult
8c8b163f-b9c7-458f-b46b-66be46ddde50,25,Female,175,17,young
ca3e3a6d-2996-40bf-ba59-ee598be1066e,68,Female,116,42,old
f7f11e6a-21b3-4975-87e2-61d60e8479ae,90,Female,24,34,old
afe1c54a-5074-40e1-a5d2-5e150c0a196f,79,Female,134,83,old
7ccd8a1c-0599-4898-97a6-ba7962ca8814,78,Female,130,59,old
26148439-7320-4dc7-b6d9-8a9e109d14e8,80,Female,124,49,old
3787d371-ff31-44a7-a2ac-be092bd4885b,83,Female,145,38,old
3330c863-fb79-44fb-9723-d1b91ca30389,46,Female,135,60,adult
f3511628-f378-4932-b66c-79bb9c827b84,55,Female,53,69,adult
2d44bf1d-2f2a-495a-a935-3b770f1c12ca,83,Female,142,100,old
f6c9552b-effe-4fa0-9cd5-6449da00eed0,69,Female,125,16,old
fdbe40b9-2d63-4cb0-8823-19ef327673f7,84,Female,141,49,old
365caa3b-63a1-4540-8316-79137c8a4987,22,Female,25,12,young
87ed4365-fd08-49cc-9455-f43fe8dea3fa,82,Female,193,86,old
ec5dc08d-272d-4a84-bb41-b988f258d115,76,Female,125,50,old
f04cafbb-a191-45a5-a548-2543dd64f012,47,Female,154,91,adult
ce480ee6-5c46-4f31-9dad-49fb5219b107,73,Female,151,51,old
c3701c84-d8e8-4ce0-b9ab-bb2ade37e9dc,82,Female,48,87,old
f7625c89-c885-4b44-a154-1a79df1a684e,42,Female,30,39,adult
559564aa-7c5f-4ac5-bc35-e91454ba047f,35,Female,113,45,adult
3b18e833-9aa0-42c9-bec8-9c4982c6df0b,61,Female,52,71,old
b0be1934-d503-45b4-8be3-41b3a7a3cec9,46,Female,64,28,adult
776058e4-2def-43a5-9eb2-41820c142571,68,Female,190,58,old
c32942a5-b352-4911-9c23-e91dcf1e9afc,69,Female,31,93,old
2275842d-aad7-4582-92aa-1a45e1720193,29,Female,56,57,young
6cccc228-bf64-4266-aae3-0e59cab9d7e1,88,Female,92,5,old
b5df20bd-c5d3-470f-bc68-a1a135359de9,88,Female,93,56,old
734310f1-0790-44ef-9156-1522af54d963,29,Female,178,99,young
0f9b5c10-4f54-47b3-a3c1-c30ce29dd308,30,Female,79,34,adult
71c1eb8c-88b7-4b2b-9457-7cdd0ec8118f,64,Female,145,64,old
91a64cd1-1804-471a-a05a-5b2e1bf3a134,65,Female,105,88,old
d9259437-6a56-423c-b5a5-2387d4ce8352,54,Female,75,89,adult
1f889a39-d5d7-4941-bf10-05a5dd4cf516,70,Female,93,4,old
779d827d-e60c-47ed-9074-06fb06224b97,87,Female,152,98,old
43aeaba7-00a9-4ce9-8f6b-5c4175b907e5,66,Female,79,9,old
a1b2a223-a91c-4091-b3d0-328c3abedf37,72,Female,71,36,old
d64abb10-a15f-4061-83dc-5d6d361c7167,64,Female,130,3,old
b10b4721-e670-439e-83cc-46b8e0ef92ef,47,Female,64,82,adult
9db72ad2-9176-4cf9-9ae0-06ac30534749,46,Female,116,34,adult
ee787db4-6312-4e93-ad8b-bf7a95761604,44,Female,30,77,adult
41680235-8381-48c7-a3f8-d6fa3a6e9564,82,Female,48,61,old
40b2b73d-0b74-455f-8151-24e4368e589e,18,Female,38,22,young
56d81a99-954a-400d-908e-7093c1238ddd,70,Female,157,60,old
29699e7d-199c-4dc9-8a0b-7f9a8735a844,44,Female,137,72,adult
cd647c58-a364-4fd8-8d47-13b7224c54cd,42,Female,58,96,adult
85f8d86e-ca70-486f-a717-569b84b44b93,29,Female,120,38,young
0324806f-9c11-4881-89c2-20c303ef6c68,67,Female,55,51,old
ca5b697b-1efb-421d-acf1-634025a8dfbb,59,Female,173,25,adult
bf46cc30-9341-4e78-98cd-ffd2716eb225,85,Female,168,98,old
b35a140c-4c00-437d-a0bc-9a591b9f3411,28,Female,66,46,young
ff4a887d-8823-4fb8-ad45-a135b78e3f87,55,Female,121,66,adult
1ac6eb14-572f-4a66-b20b-b29e3f278541,67,Female,100,38,old
641ef82d-b97c-4b33-9d8e-72fe8e1a28b1,62,Female,34,40,old
4660ac91-54ba-4f97-992f-30e43a8d0a8d,35,Female,127,3,adult
df6378f9-c9d2-49a3-94ad-6ba94d157fd8,78,Female,183,14,old
ec4b8fbe-a709-42a9-8d64-4b4edbb52a9a,61,Female,127,94,old
5f0a255f-02d2-4f79-9664-7ab310284b1f,67,Female,47,97,old
816edd3f-2b6a-4297-a4ca-a2085e20f8d2,36,Female,61,14,adult
5211bc33-206a-4bfc-a4c1-8efe86946d6f,84,Female,94,96,old
381486fd-df72-4d0a-a2e9-15ec250511fb,39,Female,107,74,adult
f9012abc-3fbd-4f2d-944f-1bde3561938a,25,Female,32,56,young
ac87101f-f1fc-414f-8dce-490d7fe6afbf,72,Female,197,28,old
35b10348-3f2b-4ae2-bb72-2a1312afea32,25,Female,117,75,young
8372eb29-81b8-4edc-a491-fa30ff189ed6,60,Female,195,6,old
5b876b07-993b-4d1a-bf02-660217e407c2,39,Female,100,46,adult
5f1747b5-4440-490b-9d85-88c087706658,20,Female,121,51,young
d93282c2-ad39-4e6f-97ef-498835897107,63,Female,54,93,old
b6a4c294-9bbd-4be3-8f55-80ad2fffb65f,83,Female,76,76,old
ccf5d9cd-d355-47a1-84ae-5af54ac405bb,46,Female,189,54,adult
948e09c7-a498-454e-a9f5-db55aff383a7,72,Female,184,66,old
76a42bcb-5f89-466a-86aa-71c64b728507,55,Female,152,89,adult
2e62ffd3-e41c-455a-ac0b-5436d271534d,49,Female,105,1,adult
ee820d2f-6347-4c8b-b758-2e4e53082397,43,Female,88,52,adult
d397b07c-a6ff-47f9-808a-b4ff75fa004a,54,Female,44,85,adult
3183265c-b415-41aa-b079-2832fdfd9adf,52,Female,108,68,adult
ecb89a27-2acd-4020-b322-afc89aa16720,28,Female,166,54,young
9df98b62-a5a6-41ae-b8ec-fc33e017043b,19,Female,46,53,young
5cde4026-7916-4585-8938-f9861ec3ccc9,77,Female,59,41,old
b8ae4bba-cdbc-40c2-8754-be931e77fb98,23,Female,118,32,young
4a505233-c37d-4eee-ac6e-c6ecf774b2c4,59,Female,118,27,adult
a4b1c22e-225f-4c58-80d6-a6169ddf2c3e,73,Female,169,1,old
2dfc89f5-5111-44d4-82b9-885e65ca475e,55,Female,154,10,adult
721b2cde-f004-44cb-94d0-bf53abd2df5f,86,Female,179,24,old
fe613c33-370e-4227-a2db-eea8dffdc170,49,Female,81,12,adult
48d9d733-71aa-4cde-b394-da0fb9755d59,31,Female,105,57,adult
b9b43b8a-85cb-4878-8cf2-05eaf9ce7268,27,Female,33,8,young
4a6411df-29cc-4fe8-8980-ed70a80e769e,69,Female,45,60,old
9529aa20-4715-4b56-8203-1043ae99d176,27,Female,131,32,young
c6104d05-f0ae-42ce-b0f5-abc6492ceec8,80,Female,184,13,old
84ff0da8-2584-46a8-b779-3317abcbdd1b,75,Female,108,26,old
5a1a5f10-8558-44f4-8d1a-163b4961be36,28,Female,119,89,young
5c0654f9-82f7-4834-b496-d0944a4172e9,77,Female,120,68,old
70742c28-c4fa-49b5-9705-d21a7a42d899,69,Female,62,71,old
880d6167-2be8-4797-95c6-aa032eb727e9,79,Female,101,23,old
4f08241d-8242-4eb9-a823-ff6803283c33,19,Female,140,82,young
8ce3f750-a527-402d-84a5-67c0446b7eb0,37,Female,44,73,adult
3b98acbf-1625-4097-9c96-ec1cb825bb82,76,Female,78,63,old
18d8d1e3-34d9-4613-a805-977f42617c58,26,Female,62,60,young
279c7815-ef53-4202-b1c7-6e50cc33d0d7,84,Female,28,47,old
87ab2deb-133b-4cc1-8d60-5eee95cb5b71,44,Female,82,28,adult
5ef91342-fd38-4c55-bbf6-443b8ed0359d,78,Female,43,79,old
4d2d96ab-4668-43bc-9279-1b60745b3f6a,65,Female,154,33,old
0b33a95c-d4c2-4925-b79d-f614e10122ed,60,Female,54,23,old
fb4d0939-2688-4bef-bdfb-6cd899438a26,69,Female,187,41,old
e1968165-4bbc-4fb8-ab7d-09fd8d56b2f5,60,Female,57,3,old
bd40bb41-7d9e-47eb-b561-5a21d8272891,25,Female,164,57,young
7679ccc7-22fe-4270-9d93-0ac9cb8af90a,56,Female,169,68,adult
390ffd36-bdfd-4830-9c27-3e94c501870b,89,Female,41,39,old
4877e798-f927-4f5c-b15b-ed67aec88f00,73,Female,147,21,old
28a4b795-b381-4a63-83e9-9cb225236217,37,Female,169,1,adult
ea120d5b-86c3-4581-897e-29074df70bf8,90,Female,45,91,old
834017a2-f644-4153-9bc2-fa23e10e3af9,53,Female,94,59,adult
9370e5a8-43de-4006-8355-cebf9dc9f235,22,Female,68,42,young
34255a8d-f36e-44df-aee5-da7731fe0ecd,64,Female,194,48,old
ef853d33-f264-44f9-8ed5-68bab7fe1997,27,Female,170,2,young
3e72a971-20f1-4023-b6d9-b024929ee68b,59,Female,193,41,adult
281846d2-8f41-4dd0-ae10-70e1f1137bfb,85,Female,179,22,old
1d1cdaed-b12c-42e1-8131-e2b80fb10dc9,54,Female,98,7,adult
f12266a5-316c-4349-a7fd-fcdb52010e9c,83,Female,42,3,old
08808d4d-5c04-46cf-bfb4-13edc1974071,77,Female,56,11,old
66a8e6dd-052e-4e67-abde-505f2fc66000,78,Female,72,87,old
9b7381d4-948a-441e-b78a-5f6a2be9ea7a,86,Female,83,34,old
b9ea091c-3b1e-4474-9926-9c9c82b00964,23,Female,22,36,young
1cc89e49-61bf-40e7-a48f-26a6c4c61f49,89,Female,113,38,old
95351f0c-2f9b-4485-8481-169fbeda28a7,21,Female,91,98,young
89b2fecf-44c8-4e71-ab32-b8f8441c4ea9,54,Female,124,15,adult
6eb8d8dc-7c72-434f-9b0d-ce2383d8bf72,54,Female,34,4,adult
e51d9974-1849-4d5b-aa9c-d74e5f9be27a,66,Female,178,99,old
b6362c8f-2864-48af-a9ef-3cb3ba424d46,33,Female,166,99,adult
59c39eba-aac8-4404-be7b-3f91e6156fe8,23,Female,163,72,young
f11c36fc-a452-4134-acf9-78206d724520,80,Female,44,78,old
17147b8a-9bf2-4b6c-a990-6a188ac0d904,49,Female,109,58,adult
4e310d71-c69e-482e-b4da-b39eaf679703,86,Female,87,31,old
15c86465-e150-4514-90b9-87ce2b6861ec,24,Female,26,55,young
af3b0edb-84d1-433d-98d1-c53d6c3a46e0,60,Female,127,73,old
44f2dd23-5a4f-4e02-902a-f5737ad1dced,85,Female,22,28,old
6611f55c-056b-4b3e-adb3-ec46c7c8050a,37,Female,88,94,adult
21fccb4e-87a5-4c57-a8e5-ff718888bba6,83,Female,59,8,old
a9246152-103e-456e-bc4f-4220f124c31b,56,Female,126,68,adult
d4817f07-d3d5-414d-951f-a1ffa1369691,51,Female,141,39,adult
54549b1f-83da-4d03-9c48-6bcbbe0b5ff2,50,Female,62,91,adult
044c26f2-4a76-4df5-8080-f809e394b900,56,Female,158,32,adult
904d22e5-1cd0-4b53-a2ec-9ea32b8dcbd2,83,Female,192,80,old
97dbc38e-fe1c-44af-a932-9850098b369e,53,Female,43,61,adult
a819c59f-b857-479e-8efd-9c0c7d3b816a,67,Female,193,56,old
0803ba58-e67c-48f1-995d-f0a7f4d83319,70,Female,30,84,old
c1a3f0cb-af06-4462-8c0a-32912f4ddba0,90,Female,135,15,old
82896232-21e1-488c-bf6b-98d23979d458,56,Female,136,41,adult
f0b8c7c9-17f3-42bb-b6d1-69003c7546ea,42,Female,187,66,adult
cd64f0e0-01b4-4f69-ad53-e81b7e44a107,85,Female,167,86,old
a2d877d0-74cc-4071-86b0-724a635245ef,88,Female,163,15,old
ecc0df59-8ccc-4443-b470-2e0014536d6c,27,Female,88,67,young
66141e22-d936-4bfb-8cfc-69b43a1e5dfb,65,Female,57,63,old
901707fd-5222-47e0-9428-ef8a640b2661,84,Female,84,57,old
0135d7ce-a83a-46ce-aa3c-b3bcad8f4d52,45,Female,131,36,adult
8850d572-99b7-4631-a526-eaa1be13e4e9,31,Female,116,90,adult
2c3c0367-055f-40b4-9417-9b52481251b4,63,Female,103,82,old
f32fac1b-236f-4a75-bd78-aa773e8febc0,47,Female,34,35,adult
fb2fb798-1963-401e-afe1-47d5503f99e8,47,Female,133,38,adult
296f1fac-9cee-4526-ad63-3ec755ca74b1,72,Female,72,89,old
7f5cd612-2d3d-4faf-b81a-97f3ea00933b,18,Female,42,41,young
ae2209cd-3ea2-4d73-8c47-d38f4b409c54,86,Female,78,56,old
d06f5526-27a2-4fd8-af37-3c8d06249958,24,Female,97,77,young
7346254a-2023-4f97-a1bf-65b98f78a61d,62,Female,63,77,old
043c3704-987a-4ecb-b45f-cb4961fd2625,89,Female,140,49,old
35dbcf0b-1c22-4515-b2e3-6969702e5cfc,53,Female,51,88,adult
93be5b8a-afd7-4bf7-9a6c-caee0d5bff47,60,Female,113,75,old
bd5c9255-f449-4e6b-becc-14e3337e9246,53,Female,50,65,adult
507e4308-3ac5-457c-a706-224c870c4050,51,Female,65,13,adult
1611eec7-fbc9-4a6a-9463-91ba0bd34fcf,82,Female,120,35,old
e03bbc3b-ce92-49de-87eb-6895b27c0e4f,20,Female,195,46,young
502f5afb-d401-4d49-b9d0-3fc16a4f14ac,89,Female,21,98,old
ba856701-959e-40dd-b0fb-370586273529,45,Female,95,60,adult
4e4338ca-09e1-484c-a181-4a716a46b9b7,36,Female,55,54,adult
3d009ff4-2c55-41f0-b605-88aea4a6570f,71,Female,182,11,old
54563154-bdab-4773-b0d5-78b17277c99e,18,Female,186,39,young
cae9b7ea-2465-4ee3-a5d4-02c53a0a7f4b,90,Female,151,76,old
3a939f80-1791-4a6d-80b2-b9f6636fa42c,36,Female,34,15,adult
9cfdf069-1a69-49cf-8f0f-9c0057ba5cc1,75,Female,85,41,old
302f4ca8-303d-4026-ae31-e17270de5624,34,Female,148,90,adult
01deee68-f822-4139-b34a-2aadb631a786,49,Female,101,73,adult
a737bd08-fd0a-4446-a3a4-14957918a044,44,Female,155,32,adult
52ede70f-b640-4dd0-8a14-7bc7102ac249,46,Female,183,75,adult
044ec241-fadb-45ae-baf5-276566239cb4,66,Female,91,81,old
4c9b0957-54d9-4f04-a557-2b0044cbd059,46,Female,197,16,adult
dbb2de15-b9a3-4111-bcf2-263bf001a04f,41,Female,162,32,adult
9681eeac-4cfa-4d24-b5ea-e61e0a3b718f,54,Female,88,95,adult
900fe0ed-937e-41eb-8a4d-89bce84b64c9,77,Female,97,86,old
940330a9-215a-4c91-a81f-6438ba08924d,24,Female,64,56,young
f878b4f1-59d0-462e-a1ca-e37372047a86,19,Female,116,28,young
db6265b2-d1bd-4661-87a6-be6d28f46e3d,69,Female,86,37,old
10f40cad-e252-43ce-b7da-edb8ce13c6c1,22,Female,140,27,young
58508302-5d92-4de0-b3cd-f9ff0dbc104a,68,Female,155,81,old
2916346b-b8cb-4b53-80d8-392c37defe8e,27,Female,24,61,young
3b90190f-20fb-4e52-a7cd-efd3a3926ebd,64,Female,165,75,old
484187e2-5130-409a-8bc5-1456970e0696,83,Female,191,61,old
3a3886a7-c786-46e7-a6ed-a320e04eef86,61,Female,138,73,old
ba6a2bd5-baed-4c2d-86eb-db29613e6343,62,Female,96,1,old
58075a4b-33bd-45f8-b9ff-4e8aa21d05d7,65,Female,154,30,old
3833944a-d3d2-4c68-99f9-98b16c3db1e5,90,Female,98,66,old
5f14a5cd-0214-4bcf-b802-78fc4146363e,28,Female,90,49,young
f54733da-0e54-49fb-b7e8-b2149439820d,43,Female,69,91,adult
f0c430c6-436d-40f8-8a66-d9e64e621725,25,Female,106,29,young
a5e7a13d-9bf0-4b0d-99c5-c0410001a771,24,Female,56,29,young
d1ca39ca-bca8-4c75-962a-a1dc306855dd,58,Female,181,55,adult
0eb7dd5e-69a0-40f1-b627-f9a9cd449a4d,65,Female,134,29,old
a8d2d059-e76a-4619-8316-4bd42b9f8402,19,Female,28,65,young
f3cba7f7-78fa-4f0e-9b47-a4b8ba7b4246,19,Female,54,43,young
73e9c746-e41f-4c5b-a863-c7f90a3eadb8,51,Female,104,99,adult
bc7e225b-9322-41d6-b881-97d1f1d1b958,37,Female,56,14,adult
6142157c-a626-4ede-872e-4245754031f7,79,Female,20,37,old
4a17aab1-5f6d-4a9a-aea6-4b1ebf9d29fd,45,Female,56,11,adult
a78d98a9-d4a9-47e1-a9b1-494db4f40204,41,Female,189,34,adult
5c00c7f2-8a2c-4fd8-a290-af654fc9678e,28,Female,141,62,young
3389040d-80f3-4e30-bcf4-7d22b6779063,66,Female,196,13,old
feddedfc-62d4-4050-9b7a-7955db0638ab,29,Female,167,53,young
f68f29a4-c5d9-40a7-b5b3-073057bdbdf3,36,Female,55,59,adult
9361b1a2-4e63-4b15-ab51-511c40d036e0,88,Female,144,1,old
8a9b5a01-d501-426f-acbb-96f3229603a8,60,Female,142,26,old
dbcdacc8-a109-4ec0-9470-7c1acd6c3b61,63,Female,126,63,old
e397ddce-c718-4a8d-a1b8-958ab2872fa8,44,Female,89,88,adult
f2388bb1-28b3-4845-b62d-0d7928bd1375,71,Female,191,68,old
5c399640-869a-4103-9339-e1786a6b9fc6,64,Female,166,47,old
614bda00-1fd8-43ad-8668-c426d5e4706d,87,Female,122,18,old
a027e4fb-0005-4b6b-b11f-24f4e4b320ab,29,Female,116,85,young
07a6d922-80ff-4589-a55f-dc2292f92822,18,Female,120,70,young
06cfb9bf-dc39-47b6-8860-6f46520cc211,87,Female,27,12,old
5c41d13a-8c40-45c9-a51b-c99f113d91c2,76,Female,92,5,old
ac0fa0af-f436-4992-bbcb-ec2e86b7c13f,37,Female,44,51,adult
4ff238d0-e28b-4351-8e1c-c445eb7fef4d,25,Female,122,4,young
252799f1-887f-44e1-a356-113f47a0fd8c,50,Female,53,13,adult
bf10e4f9-477d-4651-8ace-2ef5a7958e37,43,Female,47,55,adult
b3d5c195-eb16-446a-beec-e2fdda09663d,64,Female,69,38,old
64dedee6-d498-4a86-a767-5b96df9da712,56,Female,53,16,adult
1fa796b4-986d-4589-a233-56567f116a83,72,Female,42,27,old
0b8e6dc3-704e-4f5f-b824-c11d469a5863,45,Female,99,54,adult
6057ed10-3685-4343-94b3-e68d3c32f52b,70,Female,94,69,old
999e12a5-c879-484f-9042-8c47c4e4127b,86,Female,75,91,old
a1ef8b32-e535-4048-837b-6cbe960e3165,38,Female,29,41,adult
3be0ee86-f3e0-4d9b-a717-a26ce133fd83,31,Female,109,90,adult
57c28c3f-8652-4332-89e3-673ce87812f9,88,Female,20,85,old
a382ac09-6687-46ff-b8c4-9d28e4e548f1,60,Female,78,26,old
8844e95f-8233-4965-91aa-5386ed32e5bd,71,Female,150,2,old
97fc1560-7daf-42b3-b029-cd1398e729c0,74,Female,146,40,old
b6527284-313b-497f-87b6-10f926e79806,87,Female,23,38,old
f40d1eb2-5e72-4531-a88b-c0349f859694,42,Female,175,83,adult
5ef42e50-6f84-4d5d-bf1d-b7c139a4c3d4,66,Female,194,3,old
157433eb-7b36-4d5e-bff9-538d35ff09a1,89,Female,105,19,old
eeeee8fd-e091-44ed-9bb5-5da787f6eec8,57,Female,31,49,adult
72eb3368-2968-4352-9c0f-efa8736f517c,81,Female,86,61,old
f93eb196-711e-4ee9-b95a-f4a72c79c266,50,Female,173,8,adult
dd572fec-fd04-4884-ad7f-5cccab9e9ce6,82,Female,64,25,old
e8c2007a-73ac-4e72-9319-f6eee5cdab80,36,Female,32,70,adult
bdd01d79-1cb9-473b-9dee-173a17d43fa9,36,Female,182,96,adult
733044ae-de23-490a-856c-ae149c5cf6bf,54,Female,72,57,adult
2a700899-5641-4c76-9b00-436cf70ca0b7,53,Female,81,82,adult
eb869e8a-3974-4431-805a-88e2e923e454,39,Female,95,93,adult
64454f27-bd8f-4717-b82c-03705386e1bc,88,Female,127,70,old
392b1bcc-5739-4833-9a49-bbe351f88c88,31,Female,154,14,adult
669badfb-6962-43c5-827b-f930b66c81f1,76,Female,76,15,old
49db9e45-a86b-4dad-aa33-a9cf697757be,58,Female,153,58,adult
1d501a24-e1b7-4a8f-a594-fe6d4e1bae71,36,Female,53,47,adult
6724db64-584c-4c25-ba4e-5dc3d3f2e377,40,Female,100,46,adult
e1ab4b38-3cd4-42e0-b43e-3d13bcfd5629,86,Female,133,47,old
28b6b748-82b0-4183-93aa-5c779c0f8a6d,76,Female,170,8,old
98efecb7-f4b3-4e66-ba23-f4faccc7c556,62,Female,30,22,old
5a3dcb09-8cb3-4668-9092-aaf543b2024d,82,Female,22,70,old
241bbbd8-d374-4b3a-8eef-20459d86728b,90,Female,199,88,old
4905627c-ff2e-452e-8215-064c0f196bf1,66,Female,176,30,old
6e8e6e1a-04a0-4b6a-bc37-f384c386d4f2,76,Female,131,28,old
a47dc21e-764d-4829-a14b-0b9a957c3962,65,Female,61,98,old
2231c1ca-363f-43b3-8f4a-b92b1246f8fb,31,Female,85,87,adult
86abb2e0-be04-4e30-9b6b-0c341051830f,58,Female,59,43,adult
ea97709b-ec69-4f2b-91af-c622164539cf,61,Female,174,15,old
bf1ac776-c405-4d5b-94f3-1839b801af9f,32,Female,113,38,adult
1f0dc47c-2d02-4fa3-8b00-8f9fc961fd83,80,Female,49,39,old
ddfd3678-4077-488d-bdc3-3b6598730347,23,Female,125,50,young
c4d535db-00b8-4f65-9386-dc8cdbbca56b,67,Female,127,28,old
5bfff714-12df-4d44-b138-faa189c3aea9,41,Female,62,62,adult
7d415dc5-58f2-4b6f-be4c-e9f90ebd4414,73,Female,74,86,old
0eb4028f-da47-435a-969b-9860a6205fa5,76,Female,175,99,old
c138b6b6-36ab-48c2-99c3-6713efd3078a,59,Female,162,39,adult
b72420d9-5b6c-4bbe-85ec-3b30aba9d544,66,Female,107,39,old
23eaf4fe-ce46-43e2-85e2-9ace9df45a6e,23,Female,155,90,young
f2d95320-73bf-4623-b899-e1e30416b5f7,25,Female,91,100,young
18f7d7bd-3670-41a9-809f-a3c2aa87a023,82,Female,48,75,old
102294b4-de68-483e-b175-1893b62daa19,53,Female,198,63,adult
1de49b8f-fca8-4d7e-847a-1f61b3b96c3b,85,Female,36,65,old
8b8f4da6-2ca6-49bb-aa6c-3421ef58511c,64,Female,38,31,old
7f5f16b6-f472-4fd6-ad63-cb62f7dcd5c2,54,Female,36,60,adult
b8db8ba1-012e-4853-9615-d9a24847e780,23,Female,172,1,young
8775b025-544c-4d4c-aa17-841b72d54f0a,42,Female,146,23,adult
61f39fd0-59a2-42ff-b846-cfc0238b29ed,32,Female,188,75,adult
cbfb3b9b-6381-4424-bcad-e9dcc5dfac65,78,Female,129,95,old
9f52f805-9b18-4386-b98c-b6e98bed66ff,31,Female,123,88,adult
53429454-fe56-474a-aac5-cea1f4a98012,60,Female,146,2,old
c1e817e7-fee8-47d4-a808-09925d70203b,74,Female,188,93,old
b3791951-b235-444e-a7dc-5514ba222c8e,51,Female,103,6,adult
0806f042-d980-4a3c-bfc1-d8802378b352,41,Female,81,81,adult
3ad94a32-cb68-4767-9d7c-43dbd78707e8,27,Female,140,13,young
bed92b71-f682-4e30-9b5a-8079e72645c0,45,Female,48,26,adult
e159f52f-e58b-4ebb-b3ce-81b6e7bfb17d,48,Female,138,26,adult
3fb80a69-9f75-48b1-b422-cd787cf5f88e,68,Female,94,9,old
dfad4d04-507b-4a7c-a6b5-24ab679f1c1e,42,Female,101,21,adult
7fb7597c-ec35-46ea-a2de-5fcfd901336b,54,Female,157,88,adult
3cc5c990-f70b-4fd3-b739-916387364c68,61,Female,157,83,old
ea28319e-eff9-4c17-9a8b-93bbd7126a5f,56,Female,140,88,adult
5da50a0c-4578-4942-80e4-7819616233a6,18,Female,155,55,young
b26de143-f0e5-4ef4-aa3f-67cba90fdf6f,55,Female,70,46,adult
6ca2e03c-3b63-438e-90ae-9791e2f75736,33,Female,102,62,adult
964763d6-59a3-4878-8711-2a54394a335c,65,Female,184,77,old
1241c1c8-e829-4e9d-9539-5bc3afae3ba3,74,Female,147,8,old
f2e6181f-f11f-4217-be74-63f086a2b62e,55,Female,27,84,adult
b4402fb9-fe17-45f4-9790-b9d59e4cf0cb,45,Female,122,62,adult
88a5e255-dc15-4aa8-8b56-5aef9678c8a5,61,Female,90,93,old
1401eaea-6421-44ef-bc1b-a35c824ce995,45,Female,76,12,adult
e49590a2-e18e-407f-b886-783ed8b09b57,50,Female,175,72,adult
59862bf5-9e8d-48a6-b9d1-a244757f2d4c,36,Female,127,86,adult
c1575a35-c355-4eea-b2c3-73546cd44d00,37,Female,108,4,adult
87e8f9f8-dd05-4f7f-8d87-e382da9699f0,70,Female,133,60,old
fcc00c22-84b6-408f-bb84-16778babb77b,59,Female,90,85,adult
c18d6595-4814-49a7-9a70-db406ac79963,71,Female,70,85,old
207883e1-41b2-433d-8592-0ac698f3dd07,87,Female,72,69,old
1e5e8f14-656a-4fc2-89e4-83ed470fe1de,30,Female,73,100,adult
a07aebfc-22cc-4c92-891a-08c4836a89c9,81,Female,142,73,old
cd47940c-49c6-4c76-a09b-7374a7822089,57,Female,62,86,adult
b510e67b-5d87-4c2b-9b15-e55fdde2b375,32,Female,37,45,adult
c9f1846b-a54e-4c55-a42d-a6302bb8be64,27,Female,91,93,young
a4ded370-8745-4a88-8715-92984e84a738,39,Female,125,87,adult
92558f03-5d6c-479e-8f7a-d2b20298cfe2,52,Female,178,63,adult
a323b6db-022d-40aa-ba24-65fe9bd01569,46,Female,99,96,adult
f60c6fc4-ecdf-4bf4-9067-4d6b6306025a,65,Female,117,97,old
e47a01a6-b55d-4d7f-a6bf-4e85dea63c29,38,Female,163,12,adult
b103c171-5594-40fa-a212-cff3b040051a,34,Female,132,11,adult
6d29b9e2-807f-423e-be78-246991a56b96,50,Female,37,39,adult
29a16118-a24a-4eff-8c83-9cb6e18baeb3,80,Female,114,69,old
42a3a66b-46f6-4904-b53a-656c5350ae5d,74,Female,80,100,old
5538dab4-b28c-45cc-9eac-11cb43cb77da,27,Female,130,9,young
478ddbcb-4ad1-44a8-bd15-1e9ca741097b,71,Female,57,92,old
53defe48-4aa0-4d96-827b-0b5ab4d64e7a,77,Female,74,36,old
f7b6f786-4138-4782-9d59-be7ca1ff574d,33,Female,121,73,adult
e3455262-b361-407e-aefa-70dcd114d165,86,Female,142,57,old
e8a31b16-0a7c-4797-84f9-3cb9820e64d3,86,Female,107,94,old
3343e3bf-bd45-4bb0-a6c9-130085acaee9,29,Female,98,92,young
72536cd2-9eca-4390-9d98-434c2c392245,27,Female,170,5,young
c23f5f6a-c47a-4e0b-afea-76749bab266d,37,Female,157,98,adult
5fa41736-affc-4270-9b36-ec22d25414d8,71,Female,117,85,old
a614404f-1082-4629-b96c-05f657d77727,64,Female,137,3,old
3da40c4e-3649-4212-8252-394fcf0aa2fd,35,Female,86,53,adult
29b4a3a5-ff2c-4b46-8294-4fb08ea40c4b,56,Female,131,69,adult
de2e1b5e-3b14-4166-91dc-b4000a6c6d22,35,Female,120,96,adult
06de93da-5c13-499a-a8a0-22feae99e008,49,Female,51,11,adult
d102a218-4cf7-4f91-aaf6-33ae69867ac7,63,Female,27,91,old
f3163f63-9aca-4879-acb1-134a3824c938,82,Female,57,21,old
9d93016b-7c4a-4349-83e6-9f2b7d941e54,57,Female,183,57,adult
2c2f2717-49f8-48bb-9cc4-e8e82af79b00,44,Female,56,94,adult
c7452ef7-b471-46a6-af27-b00ce0673010,53,Female,51,56,adult
a08b00bc-990b-468a-a999-8e49477d8733,47,Female,110,10,adult
41cc56e6-bb74-4bf9-a9f3-8b5d43431089,69,Female,80,96,old
de3328ed-b6bd-452c-8989-b7f5064e105e,35,Female,70,6,adult
7beac235-1988-4798-bd23-ecac3ab2bc01,34,Female,198,76,adult
275058b7-372f-49a8-9aa7-37aa7e6ead6f,20,Female,132,50,young
b0620fe3-c130-4227-80d3-dde548d9489b,50,Female,81,90,adult
aeae0564-c898-42ad-b652-0bef67d02766,30,Female,110,15,adult
3634836c-a89d-4167-9a30-2d0d14a65a06,83,Female,175,40,old
4c701704-7450-4a23-b561-683184a59839,46,Female,111,82,adult
a3d6bf0e-86df-4232-9aa5-1e516a79272a,37,Female,101,73,adult
63762793-9634-4357-9f00-16e5697e9c6b,76,Female,145,12,old
92d720f6-aeda-4754-a6d1-79a11dc70322,45,Female,165,42,adult
a96094a1-5bf9-4d41-bd6e-7abe47dd0fdd,87,Female,192,57,old
719e2a31-053e-4a43-95bb-cf4ece5230b7,58,Female,119,63,adult
46133cbe-890d-4663-8965-a0e1f72348f4,67,Female,117,77,old
792311df-840c-42c2-af9a-ba152040a10b,69,Female,180,76,old
4d028351-9d44-4bd7-ac71-3f77fe82ff6f,36,Female,190,62,adult
6da13949-57ed-4799-a8c1-c28edb78f5d1,81,Female,89,88,old
eeb8107e-2baa-442f-8c6b-0be3a7e373df,77,Female,46,7,old
0c25727d-7013-4cdb-b2a0-9c4fe619fa1c,55,Female,101,23,adult
a04c577f-e5a6-4f1b-ad5c-c83b9a05ea83,47,Female,169,79,adult
db98f832-b410-4fd8-bb2f-6c7d9a4b8c76,45,Female,170,67,adult
b4f7f2b0-1fec-4cec-a345-215c8c562609,90,Female,48,41,old
c912989a-4ba9-451b-9585-a68b82688d02,71,Female,147,14,old
5fb0b94d-589f-4cd0-ba8e-4b5287fa6595,71,Female,128,80,old
80edbc79-9448-4e06-b73e-0d7097a058c4,87,Female,130,34,old
9a31aecd-bd8c-4578-a2aa-1624d24027cc,89,Female,156,58,old
96eaf0f2-84b8-444b-b17c-afc9cfdc35f6,84,Female,57,46,old
cadf96aa-68d3-4256-9b96-ba0df1f2c3c3,90,Female,55,95,old
c93524a6-af40-4886-8907-71989795e741,76,Female,125,86,old
bf3295bb-b7f2-4d9f-a223-42ffa47dc31c,40,Female,149,48,adult
4188da66-e54d-4239-9b4c-9246a430e803,87,Female,110,58,old
c6d283d0-2d9e-45bf-a1c8-32a4dc581d52,37,Female,112,26,adult
511134fa-a678-441a-82c7-2dd1f52c18b3,39,Female,22,56,adult
795d8e97-c1ef-4cf8-a8fb-8032ff65f88b,64,Female,141,6,old
ca47c539-d8a1-4380-b61e-dcb474b5e71f,39,Female,188,94,adult
76db53b0-d824-4315-901e-daedd8fcda7b,22,Female,85,44,young
fcc557e4-27ce-4bac-a17d-3e573555d8cf,52,Female,26,89,adult
2e64811a-aa24-4178-9ffe-7caf1dae30b6,59,Female,131,53,adult
98885370-f806-4c10-8700-7f21201afddf,47,Female,136,88,adult
1c198768-33a2-40d9-bd92-9223316bf6ba,31,Female,65,98,adult
7d876177-4751-4367-a444-54369f5abc4c,39,Female,134,8,adult
0f9e3d64-e50a-4bc3-8b1e-8bea1a67e83e,33,Female,85,22,adult
9537046d-66b3-453f-b068-8200d3af3f04,36,Female,97,9,adult
83d19ccf-d936-44f2-ba7d-f2b4b30c0971,28,Female,191,80,young
6438b947-991c-40b8-81fb-8772137514d6,24,Female,100,67,young
75e55c15-12bd-4f00-bf9d-a93f3795d720,19,Female,196,46,young
e83496cc-0e77-42ac-a9e7-c75d25190c55,77,Female,165,53,old
583a3251-2915-40ca-80e4-cf45f1d6d107,27,Female,156,100,young
19089eed-5975-474a-b318-6e2e12d8f727,68,Female,102,85,old
c8412afc-c360-43d3-9787-dafe5a639b50,27,Female,194,20,young
f6227ad1-84f1-486b-b861-e8513eb1dc06,37,Female,183,92,adult
e59de04e-5edd-48a3-91f0-daf3930d22e7,78,Female,21,18,old
2e333f66-fbd6-4d4f-9dcd-e9350fbf89a8,25,Female,32,99,young
0253eb8c-7f05-41b5-84f8-0d3e511e4635,86,Female,175,64,old
cbcb3bcf-f0bd-40e1-bd69-0fb82cc321f0,44,Female,181,6,adult
4bea022e-e3af-4fd3-842b-ff1b091d7426,82,Female,40,98,old
67f6e887-3ba9-4238-acf6-c79e3980d32f,20,Female,146,98,young
4af3e0bf-20c1-45ef-8666-42d72dec5674,28,Female,29,94,young
c023f874-2962-44cc-bba8-1441f35fb8d4,66,Female,53,22,old
045bab85-6fb4-4e9d-9158-73f07deb00a1,23,Female,56,80,young
0e5cde70-0826-4dd8-ae1b-0564c990f666,84,Female,59,50,old
5156acd6-0d66-44f5-a9c3-2177f9d66059,58,Female,105,85,adult
dace6d8b-d48f-4b4c-ba9c-3022fc788b53,81,Female,176,43,old
c82e039b-f438-4a69-977c-d56ec1148df3,24,Female,154,92,young
34b4ff2a-075d-4b6e-a9a2-3379898b01f2,33,Female,41,18,adult
1b6b9eb2-664d-4858-a97f-c60398a74d66,35,Female,46,49,adult
0da06dc1-76ee-4cfd-8a70-b5aa3cc9651a,79,Female,164,59,old
2152aa66-5436-4b53-b9bf-702e2dccc4a5,45,Female,27,50,adult
207cdd2c-e543-4052-a831-d5e051d0811f,20,Female,76,58,young
369a5c74-1c59-4254-9c03-4bb13f4557a0,48,Female,189,77,adult
0110c1fc-e004-44f7-865a-3ae5c197c3c5,43,Female,141,16,adult
1904d621-8006-43a9-8310-3d761345a7a7,47,Female,199,67,adult
f68d0d95-adfe-4df0-be28-b8805d669aac,20,Female,43,64,young
ad6bbbd4-0fa1-4b3b-9a19-35439df2a646,39,Female,32,50,adult
74c2899a-e548-4bf2-b540-23ce9a1397f1,26,Female,122,90,young
92072c4b-dd3d-4efa-9c42-90f89c2976b4,20,Female,194,93,young
ce5849f6-3007-4529-ba77-40fd029d0d1e,85,Female,86,38,old
39b53eb1-7f67-4f07-8f88-7465405baec4,86,Female,194,34,old
37bbba40-bbf5-4d19-bc2d-bf8de8e6f578,68,Female,75,97,old
1f88091b-6f60-4026-ab60-ce65203252f9,78,Female,31,20,old
68acf688-c243-4684-9ddf-a94fd2dc8bc4,63,Female,109,20,old
bda2f95a-23d5-4624-83db-5ab724800590,40,Female,92,37,adult
8fff44e8-1d5d-4f04-8a6f-d7cf04d7b338,56,Female,78,87,adult
290de2f9-b195-468c-b2ec-9a30852e73de,37,Female,57,27,adult
5ca84982-f91d-4bd0-9745-1140a702c528,19,Female,30,80,young
5adba98a-489a-4fc2-9c0e-af0334812d86,59,Female,193,52,adult
e9bfe998-aaa8-4171-bbae-0d2bf70afdc0,60,Female,32,21,old
fd8d71aa-a183-4c10-9f96-466b2de4341f,87,Female,119,96,old
d9eaf265-9d70-4493-b0d8-d2fbe436d0f5,79,Female,41,81,old
48f364cd-58de-4ac1-bd1f-0598a160ade2,49,Female,179,31,adult
7cf2b501-1bca-423d-b2b7-417ca2a42594,24,Female,138,57,young
c0e4523d-7e28-483d-8b14-89fc3ecd790f,37,Female,195,3,adult
d5abe356-58c2-4580-a954-3cd98dfc8366,58,Female,72,26,adult
39e5b377-decf-474b-855b-78fb222a1a76,28,Female,23,52,young
36e547d2-9268-40a3-a597-716263334a17,86,Female,114,42,old
6affb9e6-203d-408e-b13d-a1c71c4c203b,58,Female,138,33,adult
5d9d949e-fa78-4566-8975-022ccba18633,49,Female,169,26,adult
ada2c863-1bdb-45dd-9450-6da93657cbea,37,Female,36,1,adult
fb819357-fbf4-4caf-8f34-49e299b2691b,50,Female,41,26,adult
3158a943-7dc7-4e1d-afd7-f8b6e9c591c3,37,Female,41,76,adult
aeaeb2dc-22ca-4ba7-9f2f-55b67721df31,88,Female,156,99,old
467e24f3-e54f-4c7b-b8bc-586b960f5a5f,77,Female,151,63,old
fcfdb448-d4a7-4c06-b160-144d4110760a,42,Female,38,19,adult
c7bc9534-f68e-457f-bd66-1eacb12d7483,73,Female,64,34,old
dc6dad66-fa9b-48cf-a570-f562673aaefe,72,Female,167,5,old
4687ac85-88ab-4bf7-9514-ebf94638c088,75,Female,189,53,old
c0b1f924-d588-4f91-8a5d-c0d2002646af,22,Female,35,91,young
cebc14bb-c308-444a-ae62-52f268d49f10,87,Female,112,39,old
2a607166-5e3f-4e7b-a9eb-4e73b7ce50bb,69,Female,112,68,old
ef45e439-4379-449b-a707-9a768ba19646,62,Female,146,58,old
918f16f9-1d00-4314-b448-622c27a0d084,44,Female,154,38,adult
95f0e325-068e-4350-a26b-55fd39c5c001,48,Female,49,51,adult
1b64a9a1-4371-49c8-8d9a-e075962b8103,27,Female,134,23,young
06434874-cd02-4e74-977b-08c4d9bf4439,51,Female,67,15,adult
2f089a09-3e04-429a-807c-1245f470b796,82,Female,65,56,old
cbe6fef3-aefc-40fe-9b06-0b1e509dffde,44,Female,164,1,adult
89279d88-9068-4644-94b6-aeba895afb29,77,Female,132,11,old
5129fc7d-d0f1-4590-acdc-8baeec5d7eb8,75,Female,187,60,old
34e84538-e90c-4acd-8b87-1bd84bdab5a0,81,Female,87,26,old
ae0220ec-f4d8-4899-930b-026b3b76bc5d,85,Female,43,86,old
4ba4c486-0e35-417a-bfa1-5f067f43f5ec,65,Female,77,64,old
70af1270-8c2d-412d-bdc5-d8fc4f20677a,86,Female,83,80,old
2f201908-fadb-4721-8532-a67e9856e2c2,61,Female,190,72,old
87ee1807-f300-4def-86af-32a87f05bbd0,24,Female,51,17,young
f0a4672a-43d6-444d-91d7-bff18c51d7fa,57,Female,127,41,adult
a17db71b-f959-4daa-8e51-4ac72b4d5fbc,65,Female,40,68,old
6fc9e4d6-3ba4-4800-a530-322697b5a9ba,76,Female,117,11,old
11444513-b9c5-4091-ab2a-bd93184b164d,22,Female,74,43,young
c90d7faf-ddab-444a-bee1-e65c3b62949c,81,Female,54,4,old
a1b8e832-e40a-4670-b58d-dfc0ad1d791f,36,Female,112,78,adult
680716f3-5eea-42fa-a3fe-04e62f6602aa,69,Female,54,69,old
0233125f-d738-45af-8e2c-1f22f5f9b24b,23,Female,101,25,young
c4a88d9b-1036-4a17-912b-1671d022aafc,57,Female,189,57,adult
4989a716-b160-46d3-9cbc-83bb2cf12760,47,Female,172,98,adult
8d28b414-2382-43da-9daa-181bbd44a250,38,Female,112,10,adult
716d804f-4167-4729-9dad-9fe5489a2637,19,Female,102,82,young
91412d84-bacb-42f3-862c-f45172b97171,62,Female,68,61,old
4b6ed01e-151a-4a39-8486-ec84d63af67a,19,Female,161,38,young
a9823489-bf2c-4591-a4f1-a4acaecabb20,18,Female,54,44,young
350c591b-2de2-4b3c-adfd-d3d1d8b07bd1,57,Female,107,57,adult
ad4a5813-53d8-4981-b529-534f42aba501,48,Female,42,53,adult
b9c0036c-24d6-4cbd-b597-2ad455734eb0,28,Female,56,53,young
984e5c91-cba3-4538-ba3d-bdbb562ecbe0,42,Female,85,33,adult
4ec840c3-c380-4469-8912-df1861923404,64,Female,139,17,old
ff1fa07d-0c68-474b-b31d-14d2ba258d72,24,Female,56,58,young
ba5b2d3e-ac91-4b90-a5db-5f9a204acda7,53,Female,26,97,adult
ad00704d-1081-4624-9c6e-966c0786e33f,53,Female,161,64,adult
467481af-c148-466a-8090-722a9ea8313c,23,Female,141,14,young
a5dde2e7-2b90-444c-a8d3-f4103ab646ef,69,Female,32,66,old
e33e2ed4-4111-4a1b-9d10-e28a116420da,80,Female,36,34,old
bfe86858-55e2-4f32-87be-80a26a17ea38,23,Female,94,17,young
877c2034-5a0f-4395-94f9-7d1b097aed5e,74,Female,112,37,old
ad1bcb8b-7862-40c4-aae6-029d4879b1fb,20,Female,23,75,young
9409d8c0-2845-483e-930c-914c375d0970,35,Female,175,24,adult
3e0ee4ca-223e-49e3-b781-61b6477ae6ea,65,Female,174,73,old
35d6f09b-2650-420f-98c5-51d0eaa9ad63,46,Female,53,79,adult
f20ae1aa-5b42-4d7a-826e-17c2cc2031f2,65,Female,136,59,old
021b6974-3fd8-44b1-8d22-1d73c02ad87e,20,Female,192,8,young
d348fdd4-310d-448a-9957-a771bb0e8673,44,Female,93,25,adult
f2224cbb-ffa9-435d-8434-cf31535161fd,36,Female,161,59,adult
0a1e9cb2-fd3a-434f-a308-a52f92a6f679,39,Female,195,72,adult
0d102d8c-4d3c-4034-923f-de23a7cdbb5c,82,Female,155,50,old
032db5d8-6cdc-447f-a601-cde770b04e8a,28,Female,82,22,young
125044c9-a8dc-4008-b408-026e42b5442b,58,Female,110,34,adult
04868dc9-8e0d-4989-93aa-76426936b085,19,Female,148,16,young
9e8b6a8b-ee2f-432c-b5e9-a2935e6f3288,82,Female,103,67,old
feb2e7b3-8b7f-4cd6-ae29-9b1f0453ce43,60,Female,111,65,old
d3b81cdc-9add-4f68-b0f0-3776da3da794,66,Female,33,47,old
2e7715f4-a08f-4b25-ae21-399643e706dd,65,Female,103,20,old
ed0a368c-1715-4320-b4d1-b6380d1873b5,39,Female,111,59,adult
b7501a28-2d0d-46f0-b290-21e1ca0b5114,45,Female,103,96,adult
2fd644ed-cf83-4f65-9d69-90b3ccd87284,89,Female,76,7,old
10430ad7-889f-4ecb-96dc-03493d1fe427,33,Female,191,77,adult
61aa3f0c-d567-44de-852b-88623bd1e22d,78,Female,107,27,old
54ebdee7-9759-406e-bb86-cb0d9d746f6c,72,Female,59,90,old
c774e6c4-ce07-4993-b7fc-5ad992386f8f,41,Female,196,100,adult
966d7d41-3a3c-4e41-9b51-c927e9dfa100,42,Female,33,89,adult
d8e447d8-9b9b-4c87-b47f-71e2ce1d5872,46,Female,121,41,adult
1cadd5e6-ef33-4ba0-9346-a9a11121d06e,64,Female,26,12,old
3ef496e6-b54c-4cba-858e-ec89a0d87406,18,Female,58,37,young
56716490-94c2-465c-9842-ad31756491eb,75,Female,104,59,old
1f66ece5-baac-465e-adc5-f7b295c3124d,30,Female,159,95,adult
fe33018a-95df-4e1c-ad93-00567a3ef708,35,Female,164,79,adult
054c6dc2-8f57-4cb4-ba55-23893dab7a91,35,Female,27,44,adult
1f1b6e4d-647d-4d05-9153-49193042d98c,48,Female,162,54,adult
b9dea5cb-4902-4c53-9043-9c813185a117,70,Female,146,84,old
448308c3-6550-4037-81d0-07a97fa71626,69,Female,116,41,old
f189bfb5-ba08-4490-ac6d-631a712971e9,33,Female,98,43,adult
fa755445-3b2b-43df-87bf-225aa7306a57,24,Female,104,60,young
1b45d53e-869e-4fd1-92c0-af6af1ea306a,40,Female,125,96,adult
772c6c08-9484-4745-8985-9ced95820a32,30,Female,110,22,adult
4d6566c6-15be-4ded-86e9-1814813761a7,23,Female,57,2,young
67ec944a-6547-43bd-a554-2e5b2e2857a4,81,Female,197,55,old
5ef75afd-211b-42aa-b769-5c098f2a7dea,62,Female,49,98,old
32d15c55-d12b-44f0-9c2e-dd4e0e4fcd2b,39,Female,91,97,adult
a98397a1-349e-4e8e-b54c-ffa11c3e4b0c,38,Female,59,21,adult
66dc808a-4917-4e2e-b1f0-08d6a7be53ed,89,Female,177,81,old
1ef7c368-3967-4e41-8079-2c5ec50a8dfe,72,Female,89,67,old
d24bc446-b5b8-4f03-ad74-7bc5baf2b82c,21,Female,74,54,young
80361fa3-6382-429a-a7d4-736a5a3f9995,55,Female,171,92,adult
e2c8814f-bdb8-43c5-b007-0851b67bc73d,83,Female,87,74,old
b7d617e9-58b0-455b-a9b8-e6b9774c603f,30,Female,169,84,adult
0c79d508-e8d9-43be-b5a1-51c6a323c964,24,Female,176,90,young
74015ad7-aef4-4283-aa4b-59f37d7aba41,72,Female,196,30,old
9160f767-9b7b-4ab4-a521-6e4d43278950,78,Female,41,44,old
68b80900-a736-4fe1-8eb1-d00ad30f6aeb,25,Female,31,34,young
e4f5a957-ada0-4747-b55f-4cb0fb88541f,84,Female,191,63,old
799b07e9-e202-4da0-91b0-d9691e1aa371,61,Female,174,29,old
b06744e8-9d21-41f8-a0d1-3c91e9a91e03,66,Female,109,51,old
7d9e4502-d0f7-43b3-9f39-bbbd8b57a39f,22,Female,169,43,young
11266ff9-769f-48b4-af0c-0762c68e9e98,61,Female,47,89,old
e9f066cd-d5a2-4c03-9e0d-9616e541f4dd,60,Female,176,100,old
02acbce3-7770-4555-b69a-189760150b36,46,Female,39,98,adult
b7d26a6b-07ff-4c7d-95fb-ae687c91849c,44,Female,21,14,adult
8b75215c-792f-46c3-b75c-0db4c905eb59,66,Female,123,84,old
80a2fc48-794c-4bc3-b9e5-6401ab6182d7,64,Female,89,91,old
d3223cb8-4209-4838-83f6-7b5f1ef4053c,79,Female,169,77,old
81d41a23-226c-42f6-9da3-d4cf0cbfc36a,65,Female,155,16,old
35f98dd2-dbd3-4dab-9bfa-0e4d3a56ea0e,69,Female,29,2,old
5c0342e3-7ba9-4bc6-a044-0a5125754af5,50,Female,195,21,adult
8cb9b97e-bd77-4c57-99ff-a51b64f4429b,45,Female,68,53,adult
6fb9186e-b539-4689-b6b6-0aace51afb82,78,Female,110,55,old
3da47f5a-2b91-4a90-b50a-f7ee5b7e7f13,77,Female,46,37,old
fbdb311e-26c3-4a9d-b855-154dc75376c8,19,Female,61,10,young
7b80a961-0e23-4edd-838d-33fad9c4bb74,29,Female,50,54,young
931648fb-3fab-49c6-a3b8-6f0751303c97,61,Female,33,16,old
be4f54e7-612b-4a8e-abc1-e68e3fda53b9,44,Female,166,4,adult
e41be04f-532b-4a9b-8b80-f2179527df27,79,Female,121,90,old
79cde7e8-377a-4ce5-9336-622e870eb9a8,27,Female,60,31,young
8451d96c-062e-405f-9fac-3bd571f0233b,19,Female,190,8,young
bea6eb38-9b7b-4926-a70e-2b02d7b88fdb,33,Female,147,7,adult
ca2c4a5e-d051-42ad-aa4a-906e45e258a3,80,Female,32,26,old
c6ec6b5d-a448-49f0-aab7-aedb9e823f49,90,Female,59,73,old
fb2086e1-fb2a-4cc3-bcf3-8ccf7696a026,51,Female,81,75,adult
e45215c2-3dbf-4e95-ad9c-119a50e5da89,23,Female,143,37,young
9dd4b668-861d-4c26-b2ca-b08c3b34796f,37,Female,135,42,adult
b3b22f6a-95bb-423a-8c4f-22a9b76fc798,45,Female,162,47,adult
84205ba9-177e-460f-9beb-659398abbbc2,88,Female,128,10,old
665e021c-c153-40e4-b7d3-cf435cfa0525,26,Female,154,91,young
f2f6d9c7-2524-4bb0-bed4-ae64ff1f7268,32,Female,48,35,adult
c6159bb2-fd63-4dc4-b403-b553ee6ca91e,33,Female,22,43,adult
a2b9ea96-9580-4ba3-9335-5e16394e949b,54,Female,101,17,adult
b1976861-c5d7-4ce4-97a2-20e644e126cd,88,Female,185,32,old
8bf5df5c-e2cc-4a8a-b400-8892610dd216,18,Female,116,92,young
0acce9be-0703-4526-b59c-afdd5b1faa22,37,Female,91,2,adult
298309e3-738d-4ea0-b7cb-a1c2719964a5,32,Female,104,71,adult
946b9637-6fb7-4563-9876-91f7bba522a9,56,Female,87,32,adult
51757c4e-0bc7-4985-9d2c-2084e9d091e1,35,Female,52,36,adult
5154933d-da10-44b5-90a0-a84fbb5aad6d,70,Female,185,50,old
426d866a-d589-4d6e-804b-6cadf33959d3,65,Female,136,5,old
e9404ccd-7f6b-472c-a121-75332ac44052,21,Female,192,73,young
eee41b51-0108-4b2d-9b17-62c47963e0e1,61,Female,142,46,old
eb5d8e0a-f5b6-46e0-baf9-2cc37e423c0c,53,Female,105,76,adult
b6b5a658-2b4e-4a4e-8b29-bc6212d718a6,42,Female,73,56,adult
af96a287-fc4d-4f37-b7b9-a2033265a09b,53,Female,125,82,adult
6b525fcb-d487-4fb9-a723-5867321e6d5a,83,Female,113,79,old
ab4a58a7-e368-40d3-a214-f3a19c9d015b,57,Female,34,20,adult
b369ec52-dc30-4615-8d67-bd807d9a9d5d,53,Female,173,10,adult
0afb7619-690d-4d60-a6c6-62de658de575,65,Female,118,52,old
994cdb7d-b24c-43a5-a0a9-9e6a479f24ff,88,Female,144,66,old
ea145b43-a376-4c97-97e8-738b4f00a15e,27,Female,180,35,young
0764223d-bf3a-437a-b98f-8b1d4f61d316,67,Female,72,13,old
2b0dfab1-5a38-4ca9-8934-21d052b173bc,42,Female,34,33,adult
b78019d0-8aa5-46a3-bfe3-37b77c5af8b9,67,Female,64,93,old
e1301e5b-a193-4f85-a913-5287f6a22029,67,Female,27,62,old
d7cb3057-fd2f-4be1-a49d-ee5e1d7c89d4,33,Female,180,36,adult
2178d21e-6820-4a43-b387-ee2bc0f25c61,50,Female,172,37,adult
1d1798bd-c970-409e-8380-0fcea6e3b482,71,Female,166,94,old
595148ad-51b8-4088-b888-592cba369c4b,76,Female,22,12,old
3bd1863a-c58b-4598-956e-92a393d38892,24,Female,34,67,young
a56a7c79-93eb-4c2a-ad91-b07be87b91b1,56,Female,197,78,adult
34015d55-9a14-43ed-ae53-e0398453e5b9,37,Female,41,71,adult
2ea0e670-efaf-42bb-9f5e-b10aea00f288,49,Female,38,33,adult
4962a4c7-72d5-431b-a969-b92069a13c45,21,Female,42,44,young
6f8d6053-44d8-4839-9d26-c27ecac8af31,78,Female,181,1,old
b08c6ee9-5daf-4260-b39b-b2ae3a904ca3,55,Female,130,39,adult
eed6371d-76de-4fde-93f7-95952d190cd7,68,Female,55,30,old
f852a028-7857-440c-92e3-2a49c8e4b6a4,81,Female,161,64,old
29c835ee-da8d-44f2-8375-49b990e2833a,63,Female,23,25,old
3b399282-6399-477f-9788-1e0b434e2ab7,32,Female,197,83,adult
913dda56-7c73-4607-a21a-abfac1bf0311,63,Female,104,27,old
234906e4-6eb2-46c6-8c19-a9e64b98694b,30,Female,58,63,adult
4ec878c1-489f-46a3-97c0-6b08d2705386,47,Female,23,65,adult
a559c05e-12a2-4a22-84d3-b0fb3550c1f9,22,Female,73,52,young
1038e58c-6846-48c6-b582-5e7d6a126df0,41,Female,190,61,adult
729131e6-29fa-4b12-86df-98a172ad3da4,48,Female,188,14,adult
7d17e9f9-2c85-4df6-a0a1-a0d8b610dac9,74,Female,148,7,old
f1726c45-b2fb-4dd9-a937-90053b1cf3b7,36,Female,162,37,adult
8a0d1f3a-2a93-42cc-abeb-4527750881cf,87,Female,71,51,old
33755bfa-8709-48b6-8cc8-05360058cf05,62,Female,194,37,old
9946993f-80f7-47d8-9248-fb89c2d53665,59,Female,143,90,adult
7b1ac13c-814d-43cb-921c-0fccecb41abe,22,Female,54,86,young
a025227a-30ae-417d-b056-571fccb28e09,42,Female,97,97,adult
d5c096db-33e1-4a9d-8459-0acef88b3d36,65,Female,142,52,old
595cfed1-6a04-4e1d-b931-cf6006adfaf7,50,Female,154,47,adult
cfe17c67-89dc-4cd6-bc1d-689fecba1ccf,40,Female,151,18,adult
3e74a9eb-5140-430c-aee8-4657c6fa72cf,55,Female,60,61,adult
af160c3b-77f3-43bc-bd18-e4ea53b03b65,25,Female,194,29,young
386f6bae-52b3-4fb9-9fdd-fccc4f21ec25,55,Female,200,55,adult
c96dccb1-a736-4eeb-89da-c7989ef7ffac,28,Female,159,19,young
7f141f7c-9d80-4eec-b16a-40b49dd0665a,45,Female,94,100,adult
baa65b38-3c5a-4200-be37-dc0829823c2f,70,Female,200,41,old
94502a22-10a5-4c89-a9b2-d9ce802f3d68,80,Female,79,53,old
cd1b50e3-6bfe-4f13-bca1-8acaa94ec627,35,Female,197,76,adult
0a569711-872a-4062-92ad-414b81d785e6,31,Female,118,50,adult
24fbfd88-66a1-4c78-9de2-2f2041c6d791,70,Female,195,34,old
ad9aa8cc-016d-4c7c-b218-bb103d7bb9f4,65,Female,49,83,old
200951fc-b6e5-4100-b16c-aab1ad46929e,30,Female,189,86,adult
9bb4ab74-e064-481c-b522-62172fd2bc3e,51,Female,194,39,adult
362d7b65-e77b-4e3f-b372-64d5cecc9d9e,51,Female,41,57,adult
2e5adb4a-6201-477b-bc00-ef1b123cbbac,50,Female,55,92,adult
0e165440-8a80-4009-92ab-872d1668f426,38,Female,170,40,adult
aea58cbc-3ba7-4704-a601-15e527c11e5d,30,Female,159,91,adult
a8316482-8eeb-4cc8-9a8d-d37c733fd5c8,64,Female,169,37,old
8d399c2d-a307-431a-a174-21adafcfbe8c,18,Female,158,84,young
900399ac-fe70-47e2-bd1f-d3b5f52f765a,60,Female,46,54,old
8f8d08f2-69d7-488a-a550-369409bf28f6,70,Female,174,5,old
49211416-ff4e-475c-9648-695d53fd6c3f,57,Female,196,48,adult
77975e8d-4aaa-4036-a624-a3f1872304f3,61,Female,95,3,old
b0b88e8f-1228-4440-8930-7f581ef98e28,39,Female,36,27,adult
c4798022-4872-4c82-82dd-41636ad0b583,44,Female,166,27,adult
46490175-75a3-4399-98a4-2da410406594,84,Female,117,82,old
6b9b44ef-8986-4b68-97f3-37da8f344a75,62,Female,195,92,old
8e8ac0d9-7a4b-42b6-9a33-002d48d39bd2,22,Female,84,8,young
0ad98be4-2618-4817-8d7d-55066cebfd71,30,Female,134,60,adult
5b5cb01a-7940-449c-b0c8-df4509fefb6d,84,Female,176,50,old
4e998440-9921-4efb-bcb9-d5850467648b,51,Female,192,70,adult
2ef0a232-c295-4d69-b8b3-d4000b37e021,75,Female,187,61,old
90c22f9c-1ade-4004-bea4-c2670f838edc,68,Female,189,53,old
82862865-8451-4599-9cf9-a9d70fbb7a7e,36,Female,127,57,adult
2f891d49-826b-49ae-97b0-5d54e018eab2,18,Female,168,52,young
2e2c8550-ccca-4d61-a980-9edbc38207bb,75,Female,29,71,old
3f2435a0-f78d-45c2-b7ec-9f4039ce36f1,60,Female,47,83,old
df280ed5-7e5b-46ef-b634-1c968e8dc563,89,Female,183,85,old
37a251c1-1f9a-447a-9c28-4c2729183708,43,Female,36,1,adult
72a327a0-a4a1-4e1c-8ce0-cd5874065cb1,46,Female,75,52,adult
acfa9a05-5508-4d87-9fe0-23e91bbac86b,87,Female,168,55,old
39ec7e67-1745-49da-a4d4-e37c5fdf0202,86,Female,67,25,old
1941db4a-a59d-46e9-b9aa-28dd5436e75d,41,Female,46,79,adult
191a8643-d56b-4dcd-82b6-cf014b17f1df,28,Female,47,10,young
4cd928e4-26cf-4dc2-93f4-16b6579b0dc2,68,Female,79,36,old
dc941431-151c-4f45-9c05-9259c678242a,82,Female,140,20,old
4c622d17-2736-4faa-9d39-29d883ca7f5d,33,Female,104,23,adult
cf1eb85a-984c-4acc-a627-2bdaac32569c,66,Female,99,30,old
a7322685-2200-4163-abc6-632d75ce8348,42,Female,196,46,adult
e1034276-ecee-4b46-85e8-8d423f7f035e,48,Female,117,47,adult
72e27f0a-986e-46cc-9d41-9eb1d01753b1,53,Female,89,35,adult
21da7914-ec7f-49af-be1a-b514c1c5781b,55,Female,188,64,adult
dd464dec-660f-42cd-add7-5a3e468296cb,72,Female,156,78,old
51e43505-6cc0-4ea0-b6e2-642ac72d5272,88,Female,193,11,old
db3eb1d1-a7e3-4da8-abf0-18a0a3219be8,83,Female,128,77,old
8f2da659-db6d-4ee6-98c2-747a30255783,80,Female,170,26,old
3ffd033b-7356-4ef7-b320-d96618596a64,68,Female,44,18,old
c60a4e5c-34b4-43d6-87a3-518f47b4621e,31,Female,38,99,adult
08dc08b3-fd79-43f5-b06d-9c5e22a643f6,20,Female,61,15,young
e20d9c8e-3207-4fe3-8082-8f566b86bc24,89,Female,156,17,old
80e0553b-3bda-4dc1-be70-ab7377021983,19,Female,76,70,young
2996a669-8017-49ea-acc8-37f09dd9ce0d,84,Female,177,97,old
70fdf2cb-1a4d-4b5f-8b00-2fafef2214a6,63,Female,173,99,old
6c73d520-09fe-4430-a3c6-947555b0d3f2,42,Female,122,17,adult
a56557c0-7c07-4197-a508-45a234cd14c7,39,Female,164,66,adult
301f9ed2-ede6-4be0-aed0-3aba050f4a78,58,Female,47,85,adult
767697a9-dd77-4b75-9da2-75ee2eebb435,21,Female,91,35,young
6b70fdf1-a44c-4511-a947-b648f463d12f,65,Female,148,38,old
f8269bc1-9e99-42f0-8b43-21f7b4ba7c49,56,Female,86,30,adult
f8b39b16-726f-4405-be08-15d97e9bc72d,50,Female,46,36,adult
a906684c-5466-471d-875a-6e7f2f4fb17a,76,Female,41,74,old
8c9eabbc-ed80-474a-99a5-aeb8662cb822,30,Female,195,28,adult
0467199c-ca27-4496-b43d-72d637fa20e9,54,Female,88,65,adult
3189aeff-5001-4768-8134-9c7b5f1acc9c,32,Female,121,1,adult
55f37e00-c0a4-4602-8c20-48f8b9090a0f,85,Female,70,27,old
a57b9be8-ef15-4d65-8db8-cdccdbeadfa2,29,Female,138,67,young
3bf1d7e6-cccd-43f3-b746-a10048e02e6f,37,Female,28,96,adult
9bbfc6d7-408c-43fc-841b-6dd3731330be,88,Female,87,91,old
e0a4b626-3029-4bcb-839d-c64a98a228de,49,Female,134,84,adult
42f527dd-ab48-4511-abb0-f108a26fe0d1,46,Female,98,17,adult
72864dd8-ab80-4c00-a932-9778a1e8ced3,68,Female,28,48,old
e95e09da-4de3-4981-9f2a-1c957c3cde95,21,Female,169,68,young
e811a7c4-0c62-4d80-be07-d1d7a4e448ee,87,Female,174,73,old
a5978074-6e70-45a2-8ccb-5c9833515610,49,Female,140,21,adult
bf29cd0f-76b3-4911-8229-882c958d79cf,62,Female,60,23,old
6ae5842f-75ea-40d9-b6c0-4b78d0c77d72,31,Female,97,39,adult
69719fde-7a69-476c-bd73-b661d927c35e,75,Female,148,95,old
4f53426c-ec31-4793-b559-6dc2161df5c9,71,Female,136,5,old
0869a821-af98-4287-8e46-511e297fd7cf,78,Female,66,75,old
fa4fe228-c29f-4856-a584-d8f81d95f892,62,Female,46,20,old
f83ed133-8a15-49ce-971b-83f26f4c2aa0,18,Female,62,96,young
b4a16a00-61fd-475f-b645-da6f90a6c802,85,Female,144,3,old
95c658e3-0898-42b5-97f6-2f06eceb4e2e,52,Female,129,63,adult
eda307c0-9502-491f-9274-639777491adc,61,Female,35,25,old
cac7a120-2970-45b6-a762-c9965fb6228d,65,Female,91,7,old
15f32dec-646b-4b1e-bfe3-7dca5d30f6eb,39,Female,164,87,adult
964606fa-81fb-4ab5-ab73-bbfcc951a57e,54,Female,163,27,adult
5ba19fca-5424-4abc-b289-c1e52611b2f2,79,Female,60,72,old
0150c2f6-4dec-42b1-a6bc-2a61006d8a57,34,Female,187,65,adult
a0313d4d-a16a-4400-a622-07f06a842701,87,Female,60,3,old
c8e7aaba-436a-4fa9-a308-89f143eacba4,47,Female,184,70,adult
4b78a6b4-27b1-49ec-afc8-6427b0ff38ed,74,Female,82,56,old
055fd53e-e3b2-40c8-8219-fb810a1facb9,34,Female,42,57,adult
050c6981-4050-4561-a6ac-e8cd7e51e2ad,37,Female,115,13,adult
aae713a2-80fc-423e-960f-e71749b3a8b2,88,Female,184,55,old
ecdc9733-f2dd-4d38-bdb3-1091e21547e5,54,Female,38,98,adult
69247c91-b8df-40a9-81de-a1ee80618e72,72,Female,34,95,old
d121579c-2f23-4321-bca9-4be0ea92bf01,81,Female,133,82,old
35dc6fbf-4df0-4f73-9b0b-0f91c81ab951,36,Female,71,36,adult
e9721be3-68ea-49b9-8b8a-07fded5f1157,30,Female,177,67,adult
5b1a7b9c-3978-4432-b56c-93ade7655099,50,Female,120,90,adult
7c9092f7-e461-43a6-959a-4f54df8b9763,74,Female,94,49,old
9f13ea7b-591e-4aa7-9f3e-207c47135a00,71,Female,176,81,old
b0bc1c90-fb85-4fb1-8829-df2d03d7a80f,46,Female,70,63,adult
12487fe7-7fef-46b5-9cc0-6d6e7fbf767c,32,Female,23,3,adult
7c9bf4df-f3c7-47a4-8cb9-82bb2bd1788b,46,Female,110,20,adult
819286d4-cab8-4297-bcee-de09aea34e98,79,Female,58,64,old
5e79a68b-459b-4a32-ac52-234368199774,20,Female,87,4,young
e8456cb8-a006-4689-b8dd-1f3bf28447ee,57,Female,49,17,adult
880c3b95-7971-45ea-a476-e29e393536d5,81,Female,33,83,old
4457700c-9c3e-498a-ba9e-dd145102fad6,41,Female,96,6,adult
00182d76-c032-4d4e-94b1-9a562b3102e2,31,Female,184,1,adult
1441ed97-a057-483d-b81b-98a7dda6b307,89,Female,121,81,old
68eb6cef-0e36-4baa-a513-0e7b5c81a2c9,73,Female,50,25,old
65576c49-69fa-4f08-a9a5-a09376363110,58,Female,99,59,adult
eaeebbae-3444-4fad-b1a7-44cd529fdf0c,54,Female,140,42,adult
03482298-50e1-4c4a-ada8-16d5c3f0d299,81,Female,56,29,old
ff2a2059-e07c-4870-9a9f-99bec1e36cc1,19,Female,112,26,young
cb95e40a-b496-45a6-9963-94a032b4fd4e,90,Female,62,15,old
47f51674-8e40-4ff5-9bf2-8e6af02ad421,32,Female,66,48,adult
fb115deb-7120-4569-b958-a66065171c5d,24,Female,96,9,young
d33b29c9-091e-4184-b50e-e7d9d204c4b0,38,Female,190,59,adult
7578292a-d8e9-4863-a514-ed87a5e8cca9,73,Female,183,56,old
d1a1d977-0bfd-4073-91ac-ba24daed767f,62,Female,47,16,old
405df51d-39e5-47c2-b944-fc48340d0500,72,Female,154,70,old
8afe8271-bd5d-4c36-b464-8862289978fe,23,Female,151,23,young
28fd8157-15ca-422d-af17-bbce8a7ed48f,86,Female,88,94,old
1f24b93c-8bb0-4b6f-921b-d00296884679,62,Female,192,6,old
a5e5bbee-b13e-4b6e-b175-6a20658d6006,23,Female,42,67,young
0a1318ab-6e45-41f9-92c5-9b92eb36dc9d,36,Female,122,5,adult
743c4569-141a-4f0c-90aa-24fec415f512,73,Female,145,25,old
6794d1d5-e4ec-4d21-8896-fc3a354d7290,20,Female,157,100,young
203f7d75-8087-4005-867a-c66e937d1c51,68,Female,145,38,old
d875af79-b6ed-499b-b869-99d35ffe5bac,34,Female,98,8,adult
1a8a8106-2537-469e-88a8-7718b7ee27bb,62,Female,44,15,old
b28dea99-9f8c-4a49-aeb7-5dfb31450d8a,81,Female,135,27,old
a446ae7a-a655-40cc-8861-3109f62af891,46,Female,172,79,adult
af3b28a8-3f69-4d99-a913-1512bc8bdb15,68,Female,98,32,old
114f8cae-56e0-4305-9785-155079eb2309,41,Female,178,32,adult
24cc43d3-37a4-4115-8524-78cb019e33af,48,Female,60,32,adult
cfa99cc1-e030-4745-9e56-eb354c3fd138,65,Female,162,31,old
aecb0179-4c7d-415a-a2eb-49ccdda0d103,77,Female,58,87,old
ce052c5d-1723-4c66-ab5b-d8a79a315d1f,46,Female,105,39,adult
be4bb534-6341-4cec-8249-a41c85f8cb2f,36,Female,167,63,adult
13b8d476-c3ce-4b1e-abb3-19271441d644,42,Female,154,47,adult
256211a3-df8d-4a75-b18b-eaec6cd5967d,19,Female,47,39,young
3819f633-6dab-4a03-8f98-31c8a2bfaaa1,67,Female,159,30,old
11ed2427-309b-4808-b395-c05ef2088997,83,Female,178,54,old
99d63785-f460-4a25-9bb5-5dbffda528ae,30,Female,183,33,adult
0edc27a6-3b69-46e7-8389-e9a886469d97,70,Female,149,68,old
69520892-fed4-4d68-9dc9-125fd8d77d0d,21,Female,24,42,young
52a220ae-f49c-4453-8ce9-a756db5e8ec4,40,Female,174,69,adult
b2ab9889-d1a5-4c89-b60f-6f2ace511a98,28,Female,38,53,young
7f22f8ec-411f-4477-9fb1-0fd755ac5089,43,Female,150,37,adult
f3baff15-402f-422c-9694-b75b153ea261,61,Female,87,75,old
35c0ed09-e8c7-42c7-b5fa-4e86ea5a1af2,35,Female,130,30,adult
826da88a-3f08-4959-9963-60e7c131d2d3,43,Female,113,11,adult
7fb20b76-0393-40fd-9256-b1458531d03c,83,Female,101,51,old
4acae763-8068-46e5-bc75-9e21f0fbc85c,85,Female,64,46,old
ce4bd485-c23b-4ffb-957c-94ba21ff74e8,18,Female,187,69,young
81311d42-b9b7-4a69-8120-b6a2a16c7a95,77,Female,193,11,old
bbe9d763-6078-4465-be03-7607673818a1,87,Female,97,25,old
f503734b-d8f6-486b-a5ac-f589f8f71a4e,80,Female,169,31,old
e4214394-b979-4125-8401-23f8ad20c2ce,54,Female,159,66,adult
f32082c8-32df-43a4-8253-e8dd2dcca4ca,80,Female,173,21,old
4bfb2b66-4065-438b-8012-a6fbf5f53ebc,33,Female,191,62,adult
c657b192-68af-4319-83b9-ba150c7a0c56,63,Female,104,75,old
9b37538d-6577-4249-9ab4-f62d76b3775c,39,Female,120,48,adult
29e9beab-d693-46ab-8d50-c37e425823eb,31,Female,74,65,adult
84cf48bc-c233-4e52-8530-2f04c630cd39,64,Female,96,68,old
30cb6569-c40c-4514-8ca2-b628515e0a3f,33,Female,197,34,adult
2f0efd48-0c77-4860-b447-124ea12aac66,60,Female,92,11,old
a9be73f5-3856-4269-a45d-3a75b393245c,36,Female,75,22,adult
c7d4bed8-6615-491c-a0f5-94e0c0c6d877,19,Female,48,45,young
6a609902-ff95-478b-8bf3-964f28a0197b,75,Female,21,13,old
7a5e2669-d904-4940-8518-07fb7d5e5d4c,45,Female,131,17,adult
294c1523-667c-4eb4-9edb-45cd143f1740,27,Female,99,4,young
afa73844-cea5-4311-9899-80c1aceb07ad,80,Female,103,40,old
24326be2-c686-4c68-a5c5-ef7a12024a01,89,Female,26,90,old
d9ef1bf2-ab5e-478c-996b-f3b75d2975ff,49,Female,137,81,adult
062cfc8f-ba2f-40f4-b49f-6df42ef89663,90,Female,38,83,old
a1dcd1bd-42dc-4078-a935-b903c369c457,64,Female,123,11,old
b864684d-4713-4939-a6f7-f7b5d441e00d,77,Female,153,75,old
ceffe873-f47b-45d0-b9fc-89dabd349e80,51,Female,165,51,adult
46052f64-6ae6-44a7-8225-9bcc2a705acf,66,Female,118,40,old
25ca6477-5a33-447a-8684-959cff33c41e,45,Female,118,48,adult
d76f0852-336b-4134-a9ba-7bf9dc07782c,39,Female,163,96,adult
ec5d5877-5f07-4d86-b626-c9f90c32bdd8,82,Female,27,78,old
501b2681-d611-4de7-9478-9ba14b31a16a,84,Female,76,14,old
d0367b7c-4b6a-4699-b054-9e0ff1824f9d,29,Female,58,16,young
c0909aef-fb65-43b5-a6aa-bded2245721c,43,Female,119,7,adult
4acd5dab-9c74-4478-adcb-aff0a79e9b3d,83,Female,162,6,old
bdf3fe85-a3a2-4101-b468-30198566a752,62,Female,188,29,old
6cd7e30f-1225-491e-80d8-ed2fbfc0acaf,27,Female,29,77,young
1b5cafbc-f3fd-455e-b157-d9c90fb05bae,32,Female,28,62,adult
3a3cd31b-6cdb-48e8-8373-abadd46125b2,31,Female,28,94,adult
a0c0c2b2-90ce-4579-83aa-e8db0f8c8ec9,21,Female,154,41,young
246faad4-51eb-41a8-916c-a2879ba53858,24,Female,33,2,young
5de61cc7-41f1-4cd6-aef5-609cb06bd12f,22,Female,184,31,young
849721a0-daff-4a9d-af61-693673b70313,80,Female,22,23,old
d545ada9-ee95-4f89-a18c-5aa2b1db5cee,76,Female,192,2,old
9097b3e2-9250-4bc7-8ed8-be1a4e26c3f5,48,Female,164,3,adult
766405d9-0b4a-40c7-84f1-5e312057870a,62,Female,74,85,old
18133cf6-23f4-4f47-af49-17046d666602,57,Female,197,63,adult
944265da-86c2-41e3-b0ce-47f58430970e,33,Female,118,60,adult
5ee7a6f6-5c2c-4b93-881b-e3a4fd41b49e,90,Female,38,44,old
c15c527d-1884-4bfb-93fa-15678f0214bf,44,Female,155,20,adult
2f69a262-97cd-4fba-a31a-ae0f4a3dd14e,86,Female,81,55,old
1c42c3b0-c17c-4c4a-ac70-b0e629c95718,21,Female,23,52,young
fcc1c336-d864-49e9-8514-105c000e8793,64,Female,76,86,old
ab766271-3e75-4f9b-a72b-97d0699c56f1,46,Female,21,24,adult
8fd8566a-b846-47c0-98a8-c048a475dac9,61,Female,140,80,old
ad84971c-6c2e-438b-ad59-667ea11de1ea,89,Female,182,45,old
2d1a0bbb-d22b-481c-be03-6fbbc57805b3,19,Female,21,93,young
701f3b4b-85d0-4fb2-a29c-3d0f821707f5,51,Female,110,83,adult
b8060ca3-e374-47d9-bccb-d8430cc734ae,34,Female,48,66,adult
c196e9d9-d3b5-478d-a397-d176dc3e9fcd,67,Female,156,30,old
b3819aa6-b96a-4c9f-b47a-8f32f1b08bfa,80,Female,148,56,old
887d3dbf-f47c-475f-b6d7-cc60a2dcc680,69,Female,155,35,old
6843ea4a-8b17-490a-a24c-eec2624cee09,85,Female,107,97,old
c631f909-51bf-42e1-969a-4d99b4dc0bd6,18,Female,80,94,young
2fba62c4-b176-4adb-b4ab-5d360cc537de,39,Female,79,40,adult
1f992464-a498-458e-a317-d2e8c7cc4e3f,77,Female,35,15,old
b1e21cb4-b208-482d-8cab-1aa57b123a1a,74,Female,115,64,old
e1bc035e-ee2d-43ad-820a-240504d0f4a8,89,Female,132,81,old
f6f4b2df-3932-4a47-bb41-91ae09163059,69,Female,78,28,old
c7d5bdbb-f976-4a01-9c87-60db81613d5d,37,Female,64,38,adult
39aa1994-ebfa-4fe1-aa5a-9589ef244553,87,Female,199,37,old
216ee05d-5efd-49c1-b128-ae40a8fcb5c3,49,Female,53,28,adult
5e747c8e-f8ab-4dea-8f6f-28a686408ba2,86,Female,77,46,old
0eafd379-e46d-487d-940d-9006e12c59ca,51,Female,150,84,adult
e8e55c2e-44e6-435d-9fce-8f6c96ba2195,68,Female,197,18,old
2a024cf4-945f-4222-a4f0-2a7a8dfca9db,30,Female,150,5,adult
772419cb-469a-48b5-9c5d-b7e45729fb54,39,Female,78,76,adult
7ca1e948-a122-459f-879a-d394e24ce271,31,Female,106,95,adult
af3abd43-c593-4c33-9d0d-8ad0a8fde73e,57,Female,21,14,adult
d23f0410-55ea-493f-a99c-86b191defbce,23,Female,139,52,young
9eafe260-a816-4e17-910c-ba5c8db5dab9,65,Female,175,2,old
a75e3135-9129-4150-a547-f79b7891a081,53,Female,143,50,adult
d8b2e9cd-8ae2-4a5f-9847-91553d64bb41,74,Female,188,54,old
99313ddc-a00d-41cc-9c9e-b3c2daff945c,67,Female,26,68,old
0dfa8bc3-07e4-4eff-b3cb-e4af01369e96,34,Female,178,54,adult
91b2e639-b178-485d-baf2-f95dc4618c3c,80,Female,168,97,old
5d5ae511-7a2e-4a4c-94f8-b2bce07bb430,59,Female,30,97,adult
6cd37f19-4329-48c4-ae71-fda482da0b86,68,Female,172,10,old
da5bd7fd-b806-449b-9840-3f8623d85de1,85,Female,48,18,old
02e75f7c-4420-466d-a6cb-615469bcd340,19,Female,146,53,young
bf64ebf2-9791-4247-b5ac-35e27d10bbe3,51,Female,137,35,adult
58248933-b27c-4c98-a1c2-17b0828143bb,84,Female,142,76,old
c61e6b23-19f5-4bc9-9071-81a27340cb29,68,Female,126,42,old
b52d0238-77bd-49da-a8a7-ac99001a6ea3,63,Female,145,65,old
2e897087-a397-4b86-a878-c298a9bf635e,20,Female,164,20,young
9a59b356-5e27-4afc-aadd-eead8b24bf40,55,Female,156,10,adult
8408821b-73cc-4159-a6ee-a4309a0f653d,38,Female,22,8,adult
c4bfc0c1-9a93-42a7-8535-4048000612a3,53,Female,85,27,adult
9bd9ae3e-b1fa-45f9-8e2c-86bfc448bb37,39,Female,86,48,adult
e85bf3cb-c523-41de-bf90-9993f00c0058,21,Female,112,69,young
4b67305d-c6a3-4c20-b5f8-8b164ebb401f,18,Female,105,9,young
eb70b9ec-4ddc-4e77-a2f1-21b24abf978a,75,Female,80,48,old
a7344bc8-c318-4727-8356-686b17b1a88b,29,Female,106,13,young
e7fa140e-7d77-4feb-ae69-b111afea4406,28,Female,176,37,young
70cefe49-b2b1-4f19-9b1c-9db1f5624b56,44,Female,106,42,adult
8db74ccf-bd52-4d6b-bc44-9e7097f65ec3,67,Female,67,30,old
1f61106a-4202-4457-87de-ab8f375dd708,55,Female,153,12,adult
57efc2b5-6eae-4c34-a2de-1ba4814a846a,32,Female,168,80,adult
472df8ff-7aa5-45c4-ac35-c24779c831b1,61,Female,78,18,old
574e3b08-2dbe-41ab-846c-312d7883f33d,38,Female,138,78,adult
b9c643c9-afb4-493d-8ac1-441626c42738,58,Female,56,98,adult
125000e6-d7ae-4576-8e1a-49560129f0eb,70,Female,149,95,old
a1a862d5-7e91-441f-82d1-64f59053cddf,30,Female,187,34,adult
1569b0d1-09f7-4a18-ac66-317a94e79a8e,43,Female,63,63,adult
092492c1-0c7f-4cd5-91fc-dfa2bed2e464,81,Female,194,32,old
8b564ad4-82d2-439d-8bff-bb2eb3e2a02a,88,Female,57,24,old
67a12f68-5301-48e8-bcb6-21e92a4f21b5,44,Female,176,55,adult
314fb6ee-738a-45d8-bb0d-e549d70652d5,85,Female,196,45,old
a6643aa2-2c14-4352-8be8-dcea0813fc24,38,Female,94,39,adult
8d0f9ffc-63d5-4f6b-a9d0-0db274e98345,70,Female,55,11,old
c87f3d66-b27f-4629-91c6-c91b33d067df,29,Female,93,29,young
dde7059e-7b9a-47de-8ca6-7756898b3d3f,30,Female,197,74,adult
26df3b28-7549-4526-831f-3363b97e0325,82,Female,29,5,old
2591b2c4-92e5-4f5a-b983-a1a485a2d218,34,Female,35,65,adult
c0b904ab-02ea-4ea0-8d5a-1a02e6872faf,62,Female,58,73,old
14ed4357-ec4d-45b6-b38f-21ce0afc5095,41,Female,102,67,adult
5372e4bd-3759-4a88-8359-a6a3ab492547,72,Female,110,18,old
78f7ac98-5715-43dd-9bdb-6566dd85414c,50,Female,60,13,adult
61809e3c-0c41-4975-9c6d-7864daf89b0c,55,Female,90,92,adult
4b8c327c-e338-4be7-bf04-d50b878f4560,21,Female,160,29,young
ac5f27b7-cd64-41a2-83ae-3426df13bc59,59,Female,28,63,adult
21c563f1-20e2-4bda-96f5-6ff647efa345,32,Female,133,22,adult
804ea9ef-2e90-4791-8585-b1670b477ceb,82,Female,135,11,old
cc8b7cda-8ecc-4db1-ae5a-fa626c974aa8,21,Female,39,27,young
f207fb5f-01fc-4bca-858b-7658d31c0781,87,Female,24,41,old
d06093c4-b28c-48ff-b17b-3fe01acb177c,77,Female,92,72,old
d40f87fd-e8ee-4ab9-8bcb-8ad449f60d30,61,Female,137,50,old
aa06228f-a058-44c0-89e1-e7ce43bf7a92,60,Female,49,15,old
d7685d9b-ea67-492f-a0fe-85a9b4be6f9a,49,Female,105,50,adult
258454e2-34c1-40ff-837b-10ba7fec6d35,21,Female,130,51,young
615e5184-efe7-4a99-a6e0-2ced9c56fc6e,82,Female,41,89,old
2ffb1fe4-289d-434d-9d96-3672231c0aa0,38,Female,86,88,adult
2229b06f-209b-4e00-9cb8-da93dcac8d83,47,Female,109,61,adult
27874784-c867-4632-9039-0f80f5e62c1e,35,Female,65,29,adult
90d21b83-f8c7-4780-b169-b9cba2b55cae,22,Female,198,15,young
099200c0-6205-438b-89d2-fcc10ef61527,72,Female,32,92,old
c3a9ee90-2453-438b-b18b-2f93655ce272,88,Female,198,53,old
dfcd036e-8dc9-46c2-90f8-16748587521c,41,Female,114,37,adult
e5c11bfc-29f0-4720-b188-705dd637b228,39,Female,112,53,adult
2268750e-3bb7-4bed-803b-21c1a3203d32,54,Female,146,6,adult
b452b513-a262-46b9-9fc0-ddcabdde1e03,84,Female,156,79,old
75492552-bb91-4fa6-a5ad-2cf432275405,65,Female,55,34,old
b4f1ecce-3cd9-451b-9f4b-5424c302da63,48,Female,195,45,adult
fe05099f-8488-4930-82f9-ab32dd824539,45,Female,81,99,adult
855e5957-c1f2-42df-a02c-7ffd05102ee7,27,Female,71,54,young
7a3ae0da-b208-4e0b-9ffe-6083090d54e1,80,Female,61,37,old
6cbadff8-fe04-4f03-ac5d-381aeea75d92,52,Female,188,91,adult
5839e0b5-a49a-4df3-9ea1-949e326e9c54,64,Female,172,23,old
6dc4d441-fb8d-4c10-a9e5-3a913ad0e4a2,26,Female,166,91,young
709e9d01-7540-4b32-9741-e2f2a85cd42a,43,Female,107,87,adult
a4c07c7e-ff27-435a-b6db-4238d11e195b,79,Female,92,3,old
b696717d-86b3-4375-8b2f-3c8efc1e0bd3,82,Female,146,51,old
fe223093-95fe-4e0c-82df-c99501faa426,84,Female,108,62,old
a47233fa-45bd-4212-98be-63e1c2649508,69,Female,191,66,old
912427fa-07a0-4a48-8b40-6b37f4d9c10f,85,Female,94,88,old
4c736f0c-bc7f-4ebf-82f6-672386533bd7,33,Female,149,40,adult
9b25a377-dd8d-406d-94b6-93fb7425b5d0,46,Female,57,100,adult
05be1a6b-fca2-4983-bab7-aab250b0e2da,47,Female,58,2,adult
1ff13445-d61c-4a44-80d5-537e08f853dc,31,Female,195,68,adult
07932e9a-9509-4f77-8557-c1ca2bdb67d4,65,Female,89,94,old
88b8149b-dc01-4c2f-b553-a78a83e1b983,57,Female,128,39,adult
12931ee2-4fa4-4924-845b-a3bd72726c6f,40,Female,39,14,adult
1c40bd31-6977-4a9c-ae27-0682328d28c3,47,Female,75,73,adult
6f960a8c-49c3-4519-b1e8-a454db73a9af,39,Female,36,31,adult
45ec6816-6847-4ddf-997a-df0737125439,67,Female,165,85,old
ea958f43-1ab0-44f3-a8ad-a464b2a78f8d,20,Female,98,92,young
aefc2341-9df0-4eb6-8407-50fb372cf59d,51,Female,159,19,adult
280745c0-6f23-43c6-947b-0312467ded7a,59,Female,200,8,adult
fce3ef7c-66b6-4b23-9eed-1c11218086f4,60,Female,47,96,old
1d745aee-faf4-40f6-8955-82488f2a1fe4,79,Female,181,81,old
9481a697-e7cc-4fb9-b97f-e143bcbe0d1c,38,Female,88,94,adult
93a8a98f-97e7-4bb3-8322-bb7d266f9987,31,Female,146,46,adult
becdb2e5-b566-48c4-8853-e80a749db1c4,54,Female,191,97,adult
535373ab-a3d3-4f8f-8233-c29591b9c976,34,Female,147,28,adult
73b93103-8d6d-4310-982c-15f7279f7e71,45,Female,79,21,adult
f9c906b4-70df-441c-be8a-c6fa1783a69e,53,Female,86,72,adult
9bbb7c15-1e39-41c9-bb58-59ec596c3f71,32,Female,173,58,adult
585c4848-c328-40e5-9189-63d4b0306386,57,Female,141,93,adult
a82fd11d-de9d-4b9d-beaa-c5316a1610b5,67,Female,166,32,old
51e4c6ab-0ea6-4cfd-9acd-55f392a1adc3,49,Female,133,36,adult
f958adec-5ea4-4a9d-b7a7-ad00b554245b,77,Female,46,50,old
2c4dd09c-e04a-4ce7-b98d-92674d83a243,90,Female,188,74,old
82a10cea-5c84-4136-9712-aded5133d6c9,65,Female,36,16,old
45a73337-07e1-4630-9be8-343ea2561102,38,Female,129,4,adult
2bb28d59-b946-4a2a-969f-dd1ee8e359f1,53,Female,130,75,adult
38f4e5c3-c1e3-4c83-a101-56df9f4d9552,38,Female,96,95,adult
33860819-eefb-4215-b154-1b2f49ca8a97,19,Female,154,87,young
976ea7e9-3871-46c3-adce-8fbba9b051ff,44,Female,178,9,adult
47a2284f-7c76-464d-b8a5-152772b9e307,35,Female,179,67,adult
78dbca57-66c6-4abc-ab97-2036047e361c,44,Female,180,73,adult
e7afb23f-d4d3-432c-bc28-d4c808954b49,40,Female,116,44,adult
d9afe6d4-c980-4d3a-be1a-f73342ffcaaf,88,Female,34,20,old
26a2b055-8e17-492d-97f6-4c4d9e884a05,47,Female,119,15,adult
b967c439-1294-452d-a86a-b51fdd2fd9c8,68,Female,190,22,old
0b62d99f-2305-442b-8c1c-2dc11f2fb1ac,67,Female,142,5,old
aaddbd36-f3c6-4a5b-a5e5-b4d985adf69e,48,Female,101,46,adult
0aeea8f6-9931-4a49-875b-e75c19537bda,87,Female,66,47,old
062695b8-fade-4dce-9e10-4f6c41c27037,54,Female,98,47,adult
2fcf6324-457a-4c5e-8d4d-77e818a37930,66,Female,68,12,old
b8b1f7d1-3694-40da-8d82-4304293eb7bb,57,Female,134,32,adult
ab7ce2bf-1712-45a5-9090-26f621855113,78,Female,159,87,old
84ebff02-7462-4a22-86cb-4ff7a65ea5b0,60,Female,199,77,old
2485020f-33b5-4735-abfa-79d5704f79ce,86,Female,189,51,old
10a1d625-e263-461d-8fc9-6dc68424e2d6,48,Female,187,10,adult
950d7ebf-f489-4b96-9c0c-7dfdaeed0ea4,58,Female,36,93,adult
b2ccea38-2139-4f23-bfaa-c21cef63864e,87,Female,20,83,old
4ba86c5a-e1c6-47d3-be30-eb224d6a2e3f,47,Female,101,46,adult
0292b0c7-20ba-4047-bf5e-cbb2fedeb00e,37,Female,25,9,adult
30176fcd-742b-4687-b058-2b1f65c0793b,64,Female,49,56,old
cdbf07c9-82cb-4865-b23a-46530aecebc6,27,Female,173,54,young
e08d5381-9cff-4800-895a-fc3413098de6,88,Female,111,16,old
de975d01-a6ab-4fd7-b8d4-c24b2b600c5a,35,Female,195,37,adult
0abf1012-8bb3-479d-be76-1ea630f9132e,90,Female,48,72,old
d4c1183b-bdbb-4796-a465-446a3ab8bae6,31,Female,34,50,adult
72a8f795-3aff-4d27-8113-e12295a232c9,57,Female,56,40,adult
eefc4356-9b5e-45e3-88a6-baf771b240f5,88,Female,44,93,old
697cb3e2-79c4-420a-85fe-84c199e4ffd0,19,Female,31,61,young
2740a4ce-b4e3-4e5e-b432-3d864d88b39b,81,Female,174,95,old
8d0b1db0-bb3c-4f60-b9a3-288c86ef9b57,79,Female,30,41,old
10929869-73d2-440b-87d8-d2dc36967d64,57,Female,154,3,adult
ad2d4261-5ef5-4762-a60a-3b3794ff7321,47,Female,35,77,adult
9bd7d00f-4879-4f10-9650-5a96c63b4344,27,Female,106,6,young
2097f4b3-3b81-4b5b-b9ed-820abf5c1685,82,Female,154,30,old
c62066ba-04be-4619-9728-cddf2bf2f482,43,Female,195,51,adult
205be026-4a21-4b52-ab6e-8b0d6ab9a652,29,Female,147,4,young
cad24b56-293b-4d4b-99e8-bc08cc409c9f,45,Female,84,22,adult
7017c240-1d7b-4169-9967-d85195210b50,63,Female,62,88,old
29493298-5ece-45ef-bf4a-d8fadb2ccc2d,58,Female,66,53,adult
2deae714-f157-44c1-ad3a-ac93f3622bbb,72,Female,76,22,old
0092d0e3-7822-4eac-ae74-d682b9795686,51,Female,88,32,adult
a42bf9bf-1abd-4960-9dc8-78af86389e42,47,Female,172,91,adult
1c220c5a-9550-44aa-9a21-ec2a7094ae5e,54,Female,154,3,adult
e6498503-4f54-4268-9e19-44fef2ca1c8a,72,Female,46,71,old
2972fd81-20b8-4555-9c78-a60c2962c20f,21,Female,43,97,young
acc6eadd-89b8-4d70-b753-1f29da6c0672,41,Female,99,14,adult
1e8b8c0c-e19c-4469-9017-0d78d338b752,54,Female,34,44,adult
b0a913a2-c58f-4997-81a7-2b28ed943984,61,Female,31,13,old
14682b61-ec0e-4839-a47d-5f1adb4b78e1,21,Female,187,73,young
bb852825-b5aa-4026-808d-019b61485653,84,Female,87,28,old
21ae298e-7b79-451d-a2d4-c837ce3a6b66,30,Female,113,60,adult
d992a874-c20c-4f9e-9619-832d355acd74,59,Female,44,40,adult
8b9a8d7f-d7d6-4209-9166-e024aa2d3a64,75,Female,140,82,old
3d95f36e-4bb3-4566-bddb-dbf82a9eb660,58,Female,21,50,adult
da0d6e95-5ad6-486a-a1bc-311fc09125a6,77,Female,22,74,old
f8262789-f390-47de-a65d-4ccc86d9060f,24,Female,193,22,young
a2e9e954-fcd5-4161-b868-fb9f1ec9038b,75,Female,129,57,old
4bcd1fa8-816f-40d6-8731-ff1eb7890303,57,Female,73,33,adult
0c27cbe4-1c15-448d-82ea-a731d596c735,56,Female,115,84,adult
7308254a-6489-4f53-ad4f-216e4b8ff15a,80,Female,51,52,old
f4f3072f-f91b-4bb5-b0a9-e26f66c8ce37,46,Female,33,64,adult
069cb341-7fcb-4f65-82cf-4c8716a7d7d5,40,Female,149,26,adult
92abf4d8-e86a-437a-ba25-e6bc55fefe43,25,Female,95,75,young
ccf230fe-fcac-4390-990a-498243608937,87,Female,177,15,old
138dd8a7-a8c9-4509-8d72-efb3b9abf2cd,61,Female,159,43,old
6a6b007e-a22d-4a66-bf58-82064c0b1425,20,Female,188,58,young
4727d8ac-3b36-4187-8202-1dde56b90c2b,65,Female,69,6,old
0a0be030-0447-4190-b141-0a8a20c0c1e7,73,Female,106,82,old
8950c924-4a1a-4150-ad29-28a235045631,35,Female,43,90,adult
69a4cda6-3c3c-40f2-a988-80789becc43b,18,Female,47,8,young
ee46e945-3e30-41ba-92e4-305d6b7dde2f,65,Female,150,6,old
af09a417-6e1b-4bd3-b064-37dc8447701d,42,Female,24,42,adult
0bc58e32-4929-44d2-9bb3-885fb2774a26,82,Female,199,67,old
f16b4b7b-891f-4b13-9f37-c9e95422fa2d,88,Female,113,52,old
7ad3d1a8-be3b-4b1b-9630-7a20deec5e14,21,Female,102,90,young
5c56a484-09ac-4611-9f50-aa73e8d966e7,40,Female,45,30,adult
9d553cfe-2498-42c5-8e02-85f7be7b849b,77,Female,101,35,old
969fd2e9-7edb-4dde-92ce-ca9695ab8b66,26,Female,72,65,young
3775a037-abd2-49cf-87b5-009d1cbb6386,31,Female,124,77,adult
e272e8e3-a5ef-4834-a350-6902581dbed2,22,Female,136,37,young
e8feb92a-a005-46a6-b0a0-74945c9ca516,32,Female,188,68,adult
ef5298ec-d863-4d2a-9541-d92b38bbcd8b,78,Female,45,75,old
d96def85-54fc-43e0-bbf5-63f70bcb501b,65,Female,158,24,old
77b917cd-0005-4462-b407-a3a38bed36c7,20,Female,101,46,young
f9516307-8442-48ce-a86c-3751dc2ab799,32,Female,93,88,adult
4595c645-6413-41bf-9aaf-5a40ef4dc7f3,73,Female,49,18,old
60aaf8b1-632b-416c-99dc-f1954755b7e0,34,Female,132,26,adult
b245248e-1b3d-41e1-94ba-801fd1982886,37,Female,192,30,adult
f373714a-4724-47ec-b4eb-37a9ce9e0a1b,59,Female,79,54,adult
44626ef3-3953-4b5a-af86-88e5a5185dfd,19,Female,138,38,young
ec889ede-31a7-46d4-8643-3feef7174c87,73,Female,120,88,old
e6c2dee0-b3a0-4e50-8399-837466650904,56,Female,162,91,adult
ee8ea13e-2338-4da5-8f78-66827fbfd288,46,Female,185,40,adult
926aa63e-5462-4a2d-985a-00ad54440c59,30,Female,91,2,adult
375242c2-c0be-4a30-b0a5-1b2aa6495f3a,37,Female,166,24,adult
8c7bd150-64b3-4203-9966-f08ca1702d4a,90,Female,196,69,old
be61b8a1-b856-46eb-ba5f-0ab7f5c5c633,51,Female,172,59,adult
a9caadb5-0837-4412-ac56-b25b52754183,63,Female,73,94,old
d3c4d72b-8ae9-4f50-86b0-73d1c214c60a,40,Female,133,50,adult
68ddb1ce-827b-475d-8133-18bf3a110f20,27,Female,157,43,young
d926051d-e6da-43da-8694-7d31885e333c,88,Female,128,43,old
903cc13b-fd70-4237-953a-19f55a6f524a,74,Female,128,29,old
4d7f4638-e1b0-4623-a5f0-4cfc87859126,66,Female,122,57,old
8bbbc5d7-83ef-4af4-9aaf-6d659172bea4,72,Female,84,85,old
96237917-9c2d-4deb-a182-70064548a873,18,Female,170,32,young
3e74e158-066d-46ff-a985-f97ff6f5b44a,67,Female,171,67,old
3fca14e7-00ad-44e0-b99f-278af04056f0,26,Female,187,51,young
4666e3c3-125d-4480-a6d3-e2ae3b95e8be,69,Female,40,5,old
5ecbedb9-5413-46fa-bde6-d2c4d886e42b,81,Female,102,100,old
7ef1cc45-1b19-4614-acec-e298f08d6c41,42,Female,84,13,adult
62054494-a0d3-4d2e-bfca-a5d922aeee75,30,Female,80,91,adult
92be061a-08f0-4f52-b49c-68ff7c1dbf8c,72,Female,117,89,old
d75ce804-39d3-4067-beb0-a0bbac985ed0,37,Female,109,86,adult
15554a44-2d57-4a6e-82c5-540121c15baa,79,Female,114,15,old
8af35998-65d0-4dc2-9550-a6fad4db64a7,21,Female,198,62,young
fa456682-9f20-4dcf-8572-143fe21626fa,31,Female,130,64,adult
4bff5832-5c04-46b2-8670-77d5da307560,58,Female,169,98,adult
fc0497a0-b6dd-451f-b041-d42fdfb2d7ad,76,Female,139,67,old
3d3c55ab-9ee8-4ae2-8490-334b1181424e,85,Female,85,74,old
a1318d9e-2c15-468f-84d3-1361fd273c7c,75,Female,132,6,old
1213a58b-b16b-4b02-9432-d396c3d5598a,47,Female,63,40,adult
8f25074f-eb25-4541-83c8-24989fdec8a5,40,Female,160,61,adult
642e132e-eda8-4f9b-9a38-118b4a5d697f,65,Female,79,26,old
f3886163-b167-4cb8-b624-39880560720d,48,Female,30,95,adult
6f27c307-bc0a-4671-8261-634376dca70e,49,Female,183,5,adult
b931b424-01ec-46a2-8d9e-2edc0d320e2e,35,Female,142,19,adult
7eabeedc-0677-4d11-8eb5-ebd2247d5865,75,Female,69,87,old
3c887f6e-9109-49a3-ae13-83ccb404f14e,88,Female,149,97,old
e727a412-edd2-48c1-a1e8-a799ba0e3a72,84,Female,183,64,old
b1de3275-fde1-433e-aab5-d0fdb57204d6,24,Female,52,100,young
b744365f-fd0c-4e71-b7ea-7204e8caf304,60,Female,43,48,old
57a83efa-bbc2-4cf1-84aa-bc7f7422ab01,90,Female,141,2,old
3d29bcfd-d54a-4bfd-9922-324194678fee,35,Female,169,31,adult
b48fd481-c436-434e-8e13-7aca612fdde5,34,Female,101,59,adult
22b46624-4b9a-492b-a936-434652f32d92,55,Female,44,31,adult
473fc5cb-5e04-4e17-8784-e713499a174a,47,Female,42,83,adult
121ba20f-0d67-4527-be56-bc9b0da8fef6,48,Female,79,2,adult
8ff633ab-5580-4439-a5ce-a1fa2e9084af,55,Female,171,29,adult
f6480d7d-3a0e-4d7e-96a3-eb06a7251726,22,Female,28,24,young
34a0e93e-45e2-4247-80ae-95690bf82da4,48,Female,125,100,adult
a07cb469-c883-4875-9722-1a7252fb1966,67,Female,134,99,old
3ad05593-147d-4e5f-b8be-1ead71af63e3,66,Female,124,63,old
231d1f78-d2c7-438e-9aea-a5659121cc67,34,Female,142,26,adult
3dfa99e7-8da0-4e15-8c6e-c370f3d18f0e,43,Female,158,92,adult
30efa6f4-5228-4cc4-b3ad-7f3880c2baed,90,Female,117,5,old
cfca0560-a490-4acb-a846-f47a4e5ff891,81,Female,150,53,old
18c89cf5-f2c0-47f2-b92b-c89076d0340e,70,Female,40,88,old
b2b2db95-aeb5-4e55-b4d3-69c2c1e09b53,24,Female,53,34,young
ee582a3a-41b4-486b-bd16-bdc0b34b94ce,42,Female,126,76,adult
9bb8df07-6da4-44ef-b9a9-f729bfb56d8e,65,Female,168,87,old
b18714ec-a718-46f6-a37d-cd948f12fee5,53,Female,123,27,adult
1bd50a2d-8287-40ee-858e-ebc73ac58811,83,Female,166,34,old
532a071b-c254-4526-bf27-1b4fefd6ced6,19,Female,26,27,young
6601eade-294d-4f4f-a919-fd57f18573d2,18,Female,185,58,young
9ef966cb-dbb6-4e81-8e4b-997ab38fa830,29,Female,28,66,young
ca088e80-8879-4bfa-a4c9-679495cdcc3d,68,Female,73,94,old
d8e45483-cff9-4b08-81db-5c2ceaba1598,57,Female,119,77,adult
589e6157-9633-4994-82c4-bd5714e44c88,27,Female,177,42,young
e97c0d53-d9ba-4305-a247-e875287d073b,61,Female,103,99,old
d9a0894c-1379-4804-af15-5d0ebe939411,37,Female,96,41,adult
707e3a99-9f31-4b8b-a156-7d942ad7fa6e,66,Female,175,17,old
4f5dafe1-2dcd-4cea-ac42-4b7517670edd,76,Female,36,90,old
75f91735-fa15-4bf6-bc64-94d76a44e2ad,25,Female,144,73,young
031f1989-9827-4c5a-8d1a-a01fde83dda8,57,Female,175,97,adult
d6d1c66a-9767-4055-8959-85256d47a725,64,Female,67,55,old
58b9e272-cb89-41f8-98c5-dc8c9b358133,86,Female,22,100,old
3c81468d-10d6-4af9-88b3-dfbac7d36a1c,65,Female,24,42,old
92621729-5cba-4914-accc-d5f815ddab68,75,Female,23,89,old
aa679540-c8fc-4f22-b5b1-82517f565fc7,40,Female,122,86,adult
edc5d6bb-082a-4389-9f95-d42462aea858,65,Female,141,5,old
0e02fb88-0b19-42a5-a5b4-52e420d2e4b2,77,Female,195,84,old
db074a8e-ed66-4e9f-a6f0-ef64a3a8b40a,82,Female,112,18,old
e37e2dfe-9e80-495b-a2ca-36846acb515a,44,Female,193,82,adult
f8b52c93-4ba8-4191-b192-894ebecb8498,36,Female,77,58,adult
3712778e-7206-472c-886c-60ba10386fe6,44,Female,50,58,adult
ead35eae-d99d-4cbc-8868-55ee52588971,36,Female,147,3,adult
8b5d63b7-455c-4a61-95bd-4f213cadee1c,23,Female,94,31,young
d9566d21-934a-45b2-9cb6-62c66d2c4a1d,68,Female,53,86,old
ab36a10d-db26-4238-aae6-03ba76ece0f0,43,Female,115,97,adult
8b1aa5bd-3295-4ce6-a66b-84f31649f9fc,25,Female,77,79,young
ee7fb4b8-33a9-48f5-b39e-fc9115be15b7,26,Female,195,56,young
cfd9a128-25e1-4225-90f8-4e2daaf226d4,36,Female,168,54,adult
44bc4c38-1234-4865-86a9-d8d3babd2744,27,Female,112,95,young
f2db6549-54c8-4bb4-a69e-cfd6ba86243a,57,Female,91,9,adult
bbe9f4ed-f67a-4bd6-9625-0c6ceeaaf396,19,Female,21,84,young
dedd5c87-6203-48df-9eb7-177b186e2a40,37,Female,123,82,adult
5f40c63a-6186-44ce-a891-88e3d97171d6,88,Female,170,13,old
43c035a1-fa6f-49c7-8384-0a8084973f97,52,Female,103,48,adult
e54231d0-23c2-443a-9042-0d3eaa22171e,62,Female,115,39,old
fcc5ecf8-8d16-4b62-a682-062c9cfaaf73,54,Female,28,93,adult
17938b6f-eff5-4621-a0ba-e5a668eba134,33,Female,88,57,adult
74c0d4d9-13e0-4595-8113-e9795fe95cca,22,Female,147,97,young
909a12b6-e616-4971-b21d-c3566c6bd21a,84,Female,109,65,old
6a747a72-097e-4fd0-b30f-eeca0d0963aa,34,Female,71,45,adult
a4757c28-4130-4749-b409-9294bfd4fc74,38,Female,71,28,adult
c4af2fee-882d-46d0-a32b-70369873153c,58,Female,85,33,adult
d807c893-79e9-4cb6-bb44-c14c3d5008af,80,Female,36,13,old
dc96ad57-94d0-4a24-b3a2-ea3d8d4a9eb1,63,Female,44,88,old
899d5819-d1e2-4256-a4fb-99b2182ba577,57,Female,61,49,adult
0cb1c672-946b-4143-84ae-07672ae6d5a4,71,Female,77,31,old
9ff48da4-4bed-442b-935d-612241138ef3,49,Female,163,69,adult
d0c57ead-8c0d-4db7-8619-36b7cf8c041a,56,Female,193,89,adult
93818cfa-bcde-4dcd-b963-7269f0f89735,31,Female,113,37,adult
35618a65-2cde-463c-88d1-af96e79d3400,24,Female,54,86,young
a9b695ca-ec0a-42e7-adcc-4ea10e9268b3,37,Female,98,34,adult
9f7bc0ce-9460-478d-b319-a481781fcc71,23,Female,49,42,young
adf32102-c7f1-4bfa-b2ea-dbf40fa6c5b2,27,Female,87,86,young
984f1611-e26d-4197-b052-5e6b7b3f18bb,22,Female,164,62,young
16482734-e9d0-434f-b235-e39f3e7bd727,76,Female,164,69,old
2f34d441-e7c3-41a5-884a-7f6a9eda1ad8,72,Female,88,28,old
35c33778-1024-4fbb-bb31-a9a5a9cfa047,80,Female,142,40,old
bd9739d1-8dcf-4266-b337-5bcee634aad8,50,Female,59,86,adult
81d8b24b-2e96-4d8c-8762-be146464fb0b,56,Female,44,53,adult
412a7490-ad13-407f-8e34-e72de92d4038,70,Female,21,90,old
8912b4a3-6a7f-44e5-ab3e-1931baacc26c,34,Female,25,29,adult
d67fc2cc-d523-4abe-9c66-b02b17342d96,89,Female,47,70,old
41e728bf-8a6f-42d3-b6e8-eb0a16ab0c3d,22,Female,29,14,young
ec81f76b-75c0-4938-8c86-4e40cdad3c4b,26,Female,181,99,young
b2db0b06-31ad-48eb-8bba-b3a5365ebedb,59,Female,145,53,adult
7699003a-5f17-4bff-b819-86c9782422cf,51,Female,128,92,adult
d9ca6a2d-6e4d-4ff7-9a79-7abb8f4188ed,65,Female,145,42,old
9d4dc8b4-7268-4cd7-84a1-0b65292b3683,73,Female,116,68,old
549c4927-e9fa-4775-90d2-f815633905c5,69,Female,66,16,old
0ccbdc5b-ea23-43a0-82ed-cfe5702cc27f,71,Female,95,52,old
a98e4e50-70e5-4b92-b5e0-0f241b3b4657,33,Female,61,44,adult
50e3879d-f75d-490f-be31-1304c9dee4b4,87,Female,180,91,old
f730a5ab-1de8-43d9-9eca-45a88b1090e9,35,Female,107,46,adult
3dfa2f48-43cc-4e0f-99a7-aa7f84e52dbd,61,Female,109,22,old
fc6afe20-1abf-4d80-8c6f-b75363fd1153,83,Female,198,72,old
4679ab83-c0b0-459e-8e0f-5a29219e22dc,56,Female,195,9,adult
a57c6c66-9c3b-416a-9023-1608d3f54b4e,29,Female,78,55,young
7d189576-acc9-4cbd-8b36-762acad6beef,52,Female,44,28,adult
9d80c0e8-68ba-4aab-89c6-203fd7774a45,63,Female,198,61,old
9a28dc28-bad0-4c38-b5bc-a32ace8ca6a5,77,Female,36,27,old
2e9bcaf9-8662-4df5-9b7f-34156c82de26,31,Female,44,55,adult
9d826138-747d-4895-99c9-10db65ce774b,54,Female,62,53,adult
0c1b898f-5055-44b7-b173-c9049f3faaa9,30,Female,158,65,adult
3581ba4a-772f-4f1c-a543-09cddeaf0b89,35,Female,180,1,adult
a9095581-8458-4575-9a09-224f374add3d,42,Female,56,14,adult
efe17c9a-7312-4f21-a177-c71438029a5c,21,Female,48,85,young
1b79819a-55a2-4ab0-829d-74127aa6beb4,44,Female,44,43,adult
be5e4545-cd77-4e96-9b98-7031030b2913,20,Female,197,13,young
8af5b6b0-e399-4222-8a8b-6dd99f78a355,39,Female,193,9,adult
df4c8b5b-11dd-4090-ab55-e7b52a129947,80,Female,36,32,old
cbf7ee84-1dcc-4f86-aa32-d8807ab7872d,44,Female,71,68,adult
15ab601d-7172-4db6-904b-437a9bffda78,38,Female,192,6,adult
83bb2b07-134b-40fc-aca1-44cf5641dffe,43,Female,81,2,adult
5fa3b63b-30fc-495f-8424-7b7dcb10a114,18,Female,141,95,young
af573cf4-9b78-4023-9eab-b6fc0e3dea88,50,Female,99,56,adult
98aa536c-c758-4fc4-a4d5-f97c13f6ba77,35,Female,174,52,adult
4d28e9f4-0403-4609-bc74-9dfd10bdbb98,77,Female,135,16,old
d2f0090e-5ae2-4428-aefa-8a8de1f7b6cd,30,Female,84,39,adult
695d17b8-ebb2-4e65-af4f-c181d54b7d3b,87,Female,67,42,old
2573f739-39e2-483d-9352-8e34ad0f86c3,51,Female,177,67,adult
ea19df27-6a1b-4e8f-80a6-c797acd02888,87,Female,159,45,old
cb31c6bd-c0a1-4b04-b1c2-500aff9dfe4a,54,Female,42,13,adult
4d2ffecf-2da2-4bf8-9c63-cd249634af6b,50,Female,92,93,adult
92962cdc-8453-4a74-8403-1bd7a2d6a5c5,69,Female,65,52,old
cf91f428-331c-4fb2-ac09-d617c941916c,78,Female,137,42,old
231447e9-7ab5-4dae-838d-01d5773ba5c2,72,Female,63,12,old
a4596dca-2ec8-4d40-88f0-8a29dfaab2c0,30,Female,48,47,adult
69b28298-be3f-46bb-8a68-46b7d1c2b290,71,Female,81,17,old
345ab889-7c98-4c2a-8d6e-092bcb6d7d70,33,Female,58,3,adult
249f2c82-39dd-468a-999b-81be8499b92e,56,Female,54,70,adult
4526e5dd-fd32-4447-b867-b8b3fa7516a5,38,Female,163,85,adult
2c573ee8-79f6-42ee-96ff-a360c402ec82,32,Female,114,8,adult
89a85b59-24c5-4f7e-b0a0-6b77da4ece10,86,Female,119,89,old
01ff2e31-beaf-4829-9cf0-a8a58aff05a3,45,Female,193,66,adult
221cf03f-99f0-4c90-8894-b659c3e7878e,34,Female,188,5,adult
8a71af4e-8692-437f-835a-03820bdd6975,72,Female,45,10,old
64824f1c-34dd-4e0a-b53c-262b27b1092c,26,Female,43,3,young
6aa337ef-b94d-4a28-848c-546cf79120aa,41,Female,195,84,adult
23411167-8a9e-4dc1-b5e3-b9117db1d969,72,Female,62,23,old
b3cc2bd0-0f07-4ce6-b13c-9e71dbeedae3,49,Female,168,74,adult
9b09cb82-a8b1-4e41-8d54-dfc3a380b3f8,25,Female,115,56,young
4956bdfd-ccb5-42a1-b076-111a35ad41dd,58,Female,92,42,adult
a71686e8-cc41-492e-8fb9-18ed4c3c05a5,57,Female,39,10,adult
f666f92d-f89a-4a27-a3e1-a2eca6fc568a,72,Female,69,19,old
79cda1d5-95d8-4388-b5e2-37d7657e4119,58,Female,21,93,adult
401ce931-7f39-43c3-b2ca-02816c210d1d,71,Female,128,42,old
b3fef609-2e02-4a63-8b5c-c43749ce9e5d,67,Female,40,5,old
4465e6a8-4918-48d2-b7cd-c0c2f1a96377,76,Female,131,98,old
01686d83-11a9-4972-9840-977c704873db,58,Female,172,73,adult
cf53c249-a453-4524-a542-b7630c30ce94,76,Female,120,92,old
b3444073-3307-418d-8e91-5dbc7e9d5b97,87,Female,125,61,old
5220bba0-5ea8-4252-8b30-1efab38e75d9,36,Female,37,23,adult
202179a3-f0f4-40c0-a2da-2e419a2fc0d5,85,Female,82,73,old
fa7a2f73-01fc-4c1a-a3fb-67f443af3415,34,Female,62,62,adult
cb49cec3-6954-4864-98cb-a71ea1be2ec4,90,Female,112,31,old
2319cd58-28a5-4b44-8260-a1e6b737f31a,51,Female,48,88,adult
49159479-ff33-4941-aa51-ee5876c3f27a,38,Female,177,1,adult
cee52fb7-c2a8-4e07-bb62-b6aecabcbb2c,51,Female,79,37,adult
a688e903-cea8-4373-a58a-0d3205f564e9,86,Female,179,64,old
ffb6ea81-56c7-433b-9717-217fcd18573a,57,Female,172,52,adult
339d7923-9b11-4d99-bb94-4b5eca1023ea,22,Female,149,88,young
7090404d-6b18-4d73-8f00-90b1c7bf5600,21,Female,49,1,young
8719bcae-1a6d-4b20-bc82-5b9d92cec3b6,27,Female,50,34,young
4f67f154-715e-4d99-9f7b-1a15c0024c7d,24,Female,38,11,young
dec1c8b7-73b6-488b-980b-ea598e050791,51,Female,79,52,adult
b20dcedd-6a9d-4c77-9824-fc389c3602fc,61,Female,110,19,old
ecf7a65f-f700-4534-8aab-f0781c95dc8a,83,Female,103,19,old
7f64ea86-b7c0-4dca-a5b9-77db48512957,58,Female,160,2,adult
794e4ce5-64b6-4182-88bf-9ef8b3cc84af,85,Female,187,38,old
2ff7a318-ffd2-4d3f-9ffb-ca0dee99da8c,84,Female,176,66,old
798e09d4-2d60-45b7-849a-2d4ca64ddf32,70,Female,83,2,old
8f520b21-b4d7-4458-8784-0147d75469e4,20,Female,180,92,young
fd7c4509-526f-42e8-a491-53a2ff6418b6,44,Female,27,38,adult
125f9f28-ebf8-411e-b4a4-606b9a163691,36,Female,198,12,adult
b0cd8989-4ac9-4014-bc44-7f930c8a87be,62,Female,60,5,old
cc03d887-7c88-4fd7-9295-e35e5a4f642b,48,Female,124,62,adult
ed234af6-1269-4599-b244-288468bf6a98,73,Female,94,25,old
cfc90a91-ea79-421c-8739-df355402690a,33,Female,69,95,adult
958c6506-2a0e-4e37-b60e-c912ef65eec1,74,Female,98,89,old
e9811e41-3068-4919-99ba-99e65c191051,24,Female,26,70,young
ce1ff51c-cff0-4211-9fb2-34dfe6dfeb2c,62,Female,106,78,old
36c85b14-3f48-4c54-a057-f4325a1d4446,25,Female,128,23,young
9a13ae3f-ace7-4d71-8902-4e07928232b1,88,Female,25,36,old
92cc6ed7-8bda-4a01-9d22-53f2e13f44da,83,Female,74,61,old
e94082c7-2c41-452c-ad73-721c2d708517,88,Female,193,5,old
0154494e-0854-4a5e-817d-b4dd39ad2c15,25,Female,130,52,young
503ce804-d536-487c-8203-f0f73bc15c8c,85,Female,190,2,old
9b9050e4-df02-4ec0-899c-bd5e9486dcc0,45,Female,162,49,adult
944b04d1-cc6a-4526-8ff9-dd260e40bd1b,42,Female,143,83,adult
0d15da66-8549-4697-b0b5-c173a8fda60f,43,Female,172,11,adult
5cd197f9-7e13-4e8a-994b-a0c3b87426c5,24,Female,103,90,young
a92feb24-1694-4f7e-89e5-e659756c1cf2,87,Female,159,6,old
e254312d-a02d-49df-b33a-ea0aa1b835b4,51,Female,86,33,adult
b765a9f4-62f5-4979-8512-f402875fffa3,66,Female,62,16,old
fb09f3a1-d5ae-437f-b90f-a6699224fc19,87,Female,119,31,old
cc12a98b-6f80-4962-98aa-9723d399bb96,21,Female,110,56,young
bcdcc5f7-011d-4570-a1ec-47a638de1b28,82,Female,27,70,old
c08e5cef-5330-4cc8-9469-1dcccfaa8949,26,Female,72,58,young
f3411153-abc0-4799-8ce4-0fedcb750945,32,Female,56,12,adult
ff04685c-4bdd-4f0f-ada2-e9314ebfb0ae,46,Female,168,60,adult
0e62bf67-2670-4653-a3da-efc11db8aacd,65,Female,116,76,old
9aa8ef20-c58d-45f8-b7a1-e26a281bfa35,33,Female,43,83,adult
1e01b564-b5ab-408d-b9f2-9a9d2e88abea,52,Female,86,28,adult
3f5a4f5c-705e-43ec-80c3-5cb733d22e59,66,Female,40,32,old
7749aa5d-c025-42ba-a9ba-b38535bd2cf1,24,Female,192,78,young
8193ad5b-430c-44b1-9716-14626ce661e7,37,Female,69,17,adult
a471489d-1f2b-49e2-8318-335e998a2c45,46,Female,197,66,adult
497e5b37-e398-4e30-8a7d-5515029fb4c9,46,Female,112,71,adult
c05418dd-902c-4555-8116-5eee6f800cb0,82,Female,74,54,old
42ca36de-4400-4476-93b8-d11bbd89fd85,39,Female,193,72,adult
8bb7ca47-de0b-46fc-a8ee-2aa1e153b801,38,Female,81,30,adult
200a4f74-7fc7-4154-80bc-cab9cd08c6fe,42,Female,193,27,adult
1fd73fd3-3c0a-4def-91b8-f3140aa15026,78,Female,176,47,old
240f6fa9-c993-44bf-b26f-7e67d440c78e,78,Female,127,26,old
8abd1b97-1185-428e-85f7-9642162e13ab,70,Female,138,52,old
a78c7916-ec83-4862-a5da-2cdee6e1af8d,31,Female,170,64,adult
a4c5aa32-cd3c-4985-b8af-47d1d0c767ed,47,Female,61,50,adult
1ebea43c-1b4f-41e4-ad64-7c62b500f491,31,Female,152,48,adult
bf86f47d-1e65-4ce6-94b0-22068bf561ac,49,Female,134,81,adult
dc659ad1-70dd-4d3e-86f3-7de4662091cf,55,Female,65,86,adult
d8ed3e81-8773-4eae-aafc-4fb9d34a187f,40,Female,56,45,adult
ff07e705-c2cf-43fd-8073-b64d080f3274,59,Female,92,19,adult
ab97712a-b859-4b4c-be64-83422ab6b3e8,34,Female,70,72,adult
4aefa19e-767c-4b5b-86b8-a6aa94d12158,50,Female,191,100,adult
b7a5ed94-a080-4772-9fc6-029e562cbc05,71,Female,62,30,old
3d363981-10b6-4e40-943d-5699af881e65,72,Female,33,84,old
a65d60c7-39f7-4895-bdfe-53bf1d9e9101,90,Female,160,36,old
764cf08b-baea-4a0d-9a64-af204c698505,74,Female,126,22,old
83b32fdc-30e0-4b4b-a971-e55b0c02fa6e,39,Female,164,46,adult
fd3bf3d6-7c36-48ef-a3db-ef31c156df20,66,Female,52,50,old
2ee7ca07-5561-4a83-8cee-f6ef9f5d6d48,43,Female,134,9,adult
c324474f-c913-4f80-b857-6440a3d6b02e,47,Female,195,47,adult
1c02493e-2201-4c09-b8b8-f6c11b7d664b,18,Female,139,99,young
651cd12c-0101-406c-9ba5-8f76ade8a88d,76,Female,172,57,old
389113d8-bcc7-492d-a4a8-075454579452,63,Female,193,65,old
eb4ca15f-c10a-42a8-81f6-6ebb3f4c7822,22,Female,49,94,young
83ce800c-4328-4ba4-b77c-47b6aabfad53,55,Female,125,1,adult
449d6b9b-24f5-43f3-b265-dad0d37e00dc,29,Female,171,77,young
d00a37ad-8c10-44df-916b-b78cd951a885,20,Female,100,67,young
2b46fcc9-f6fb-4455-8bc8-7cdb77e6b1b7,42,Female,65,51,adult
86a68dad-9365-477d-9df0-de181736cba2,89,Female,94,77,old
f6d24db7-a565-436f-9e21-0cc2ea16cc98,82,Female,109,35,old
098fbada-94f0-4a12-a96f-e4e01c3bdf26,35,Female,119,8,adult
237b30c6-ff95-41b7-a5bb-fd19a89b15ed,23,Female,59,58,young
a30d5b36-3ebc-415a-bacc-2455425b9502,80,Female,165,32,old
aafe10e2-5a9b-4b06-b581-0808a284b8b0,19,Female,80,31,young
16593e3b-a5d8-4401-9c39-c5115e821fde,56,Female,153,56,adult
d6ad416d-8e5c-4863-a87f-8ca5f31eb2df,27,Female,124,94,young
c89039b4-2d5c-44d9-a4a0-b903a8d8203d,20,Female,155,67,young
fdc9a78d-9363-4b5d-9e57-fae7f084c5b1,25,Female,88,69,young
4717df6a-37fc-4ab7-9458-7aff2f6b6a03,68,Female,31,8,old
d8dafe82-8386-42e3-8d41-8e8dc032cb67,36,Female,50,43,adult
87f1479f-65c9-4568-8854-881e27fbfab8,51,Female,155,32,adult
0041fede-7d01-4ebe-9780-a6112657635e,43,Female,118,70,adult
deaa932e-b206-470f-8c9f-ea1a5f9b0c21,89,Female,163,58,old
33a8ea03-1f45-47b3-9ae9-e151cf51b5d3,67,Female,66,21,old
46bb7480-33c6-4cbb-996c-f9d33ba82679,30,Female,174,78,adult
45d8d167-ac67-4f34-bba1-5e3a4578c1ee,43,Female,122,94,adult
8339eb16-dbae-49df-a291-903075796986,39,Female,161,52,adult
46995fe4-283b-49d0-909f-1e279b5df72b,47,Female,77,30,adult
e5508c10-506e-4eec-a293-00da6cae06b5,48,Female,97,62,adult
45c51c58-c62d-42af-8870-554937c1ffb8,19,Female,24,20,young
95626c4d-a8c9-4951-9f79-878ebba7bc38,50,Female,32,40,adult
3f6bfc65-3f4e-46e8-8711-70d46bb6a7fe,40,Female,95,46,adult
e963b9d3-8126-4591-a7aa-b5e4950037d5,87,Female,38,11,old
1e815ede-0546-4369-93c3-f045b43b521e,57,Female,161,70,adult
413571f5-98f3-47dc-8f06-89f3a68e4c9c,28,Female,55,77,young
3a8cfd68-87da-4959-b8ac-5839b89bae2c,76,Female,129,49,old
e2e3172d-3914-4d35-bdd4-4dc9caa54aa5,40,Female,131,70,adult
7eef50da-3719-4dfe-af39-b3d4319b1bfd,41,Female,61,55,adult
4f5e7bb1-672a-4e04-8ddb-12387eee3828,20,Female,168,65,young
a50e2d64-fb87-4489-a5b4-2e999bf5dde3,48,Female,60,67,adult
92229ec0-0969-4492-b98a-3f464a95e5c2,76,Female,77,83,old
5c430ebf-7900-499b-9ddb-6201d8480032,67,Female,130,94,old
06e571ea-9d84-4f33-a213-7f0739ded0ae,20,Female,94,34,young
142ee920-6abd-4e10-9832-a4396c606a04,38,Female,114,35,adult
400fc52e-6c1b-491d-ad03-492ddbd588a7,44,Female,134,23,adult
1108a386-a29d-4093-a01b-84a7f50c5114,76,Female,77,20,old
14803107-089c-4825-b5e4-da043f6b223c,38,Female,168,33,adult
5f2e4b5f-bcb9-4d9c-b2d3-d8a5ad030588,90,Female,166,31,old
e8fa56c9-82ef-42c2-bb3a-da2371908acc,43,Female,162,91,adult
ba176bc5-89ee-4758-8f87-7923c5d35b4e,82,Female,124,83,old
9eae2c30-d753-42ad-a11f-4594fd779fbc,69,Female,178,21,old
7e217b8b-1847-4bd5-98f2-3bc39eb955a5,88,Female,58,40,old
3f8e4bcd-2572-4fea-a0bf-4841293cce2e,60,Female,65,17,old
3e6b4557-d4d1-42c0-930d-ad0d848901b0,20,Female,103,80,young
c0a7d7e8-b904-4b05-bda5-f6c47b3e181d,89,Female,24,74,old
72be18ef-461f-4dc6-b69b-d8f81614c2f3,82,Female,39,92,old
976d3346-d22c-446c-9856-0402774342dd,65,Female,198,67,old
7dd5de34-46ab-4c3e-a987-3e28ac46229c,86,Female,47,40,old
4d150f21-fab8-4ba0-88ff-67e13fe9f5b3,18,Female,89,66,young
adb3c2fd-dd7a-4d68-b7ff-7d03ac7d5105,74,Female,151,51,old
8a17b236-ba7a-4ad1-aa32-b35888cb7ba8,80,Female,158,78,old
3ec4a6f8-1e60-45f7-bb3c-e32490d523d9,56,Female,43,42,adult
ff7a759d-dd1b-425c-a0ec-a9f8f4c15b39,77,Female,94,7,old
00ad020f-d75b-4a7b-9977-19a46746740b,43,Female,154,25,adult
464cf3f7-46d7-496a-a50a-5f10fa3fddda,90,Female,106,91,old
cd00e8b6-f051-4b51-b026-802397d2818a,41,Female,70,66,adult
d6298bec-adbf-4cc5-8056-3bc930ba2064,82,Female,99,26,old
b6988641-404c-4029-829a-972c82ff48d7,55,Female,116,80,adult
31bc0185-36f7-4360-8577-40c576f5624e,20,Female,132,25,young
2c7e4805-f25c-402e-80b0-a350bd654093,44,Female,149,49,adult
5a069465-b877-4ae5-9e45-0323b24d9ac0,30,Female,102,96,adult
215dc322-ac78-4b06-8eaf-ed2beadeb164,50,Female,43,31,adult
9f37ed95-11c6-4ef6-b1b7-1adf3c46d050,42,Female,31,79,adult
916d7209-c456-4870-80e0-fb91e0e09730,32,Female,197,94,adult
22d87a58-4f3b-44a5-bbbc-3672eef1550e,52,Female,69,68,adult
a2f4dc15-8a96-4e8a-955e-a81fd43e9227,62,Female,132,55,old
0958c7de-f94a-4e5e-90b0-2e4c8ee0abd8,88,Female,149,11,old
36b6ee65-17e7-4429-a19f-133e19d6c378,26,Female,119,8,young
43bdbbd5-a207-49e0-a1ea-929792c302d2,20,Female,139,4,young
1c8ccb01-7352-4f2a-8bca-5a6407fcf450,65,Female,85,15,old
496e7c51-4358-4a29-b5ad-a198228af7b4,86,Female,105,68,old
909d47be-11a7-4ac3-ab52-3984746fd317,52,Female,96,8,adult
060e04dc-e64e-4d30-b928-aa986de1ac1e,63,Female,94,39,old
cfb31724-96d4-4ecf-beb7-e933820f34c7,56,Female,73,73,adult
a12cefee-114a-4deb-8151-1d1df85fd925,88,Female,61,26,old
a812bcd6-c276-4acc-9e32-b92292330f23,77,Female,144,97,old
1662322c-c4b6-45ab-b311-0106b675aeda,57,Female,124,97,adult
fda0f22b-95da-431f-80a9-57acfae920dc,71,Female,44,96,old
c738d43e-dfe7-4290-8cc4-15b88923c217,78,Female,120,79,old
4dfb0c80-24fa-478b-ad6c-c137c673b229,79,Female,83,59,old
03042798-edcd-4b18-8ff8-7b3c3f94bd4b,46,Female,162,38,adult
f346d2c0-2ce2-418b-ac1c-24a95d2b87f3,72,Female,92,46,old
3dc73c4a-9d5a-464d-9d2b-49ecd5b5bcdd,48,Female,103,81,adult
bfa7e490-22f9-482f-ad29-37522ef51225,74,Female,178,65,old
5cc6fc5a-8bc4-489e-af0b-a2b33f7388d6,37,Female,120,4,adult
967c24ad-0371-4163-af20-78d9f91f3391,70,Female,47,19,old
e054c912-bdb9-4ba4-bacd-0691c815b5bb,39,Female,96,95,adult
a3c6faa4-0eed-464c-9ef5-c573bae23585,48,Female,33,43,adult
bbe54d58-9618-41f3-8f23-3a48b30438ea,30,Female,90,76,adult
b1fe7d87-6346-44fc-8d1c-d43f819d2609,30,Female,63,59,adult
a4c77004-46ef-41df-94f1-503ca833f0a2,67,Female,24,9,old
f673bc1e-5ccd-4093-8fb2-08268132728a,18,Female,150,49,young
a7feebbb-c890-40e0-a1e9-16b9d169c015,21,Female,95,24,young
d837eabb-8dea-4fbd-9dc3-657371690378,54,Female,57,58,adult
ec47c3e6-b46a-4fde-896a-ad0d8b06f0ee,41,Female,105,25,adult
689f4d83-7670-41d8-94b5-6ff5a15fdf17,33,Female,150,28,adult
cd25f331-67b0-47c1-b4fd-5ebbad0559fb,25,Female,194,1,young
3de1ee22-593c-419c-83c0-c9834e05d39b,74,Female,111,95,old
fc20f39d-c6ce-41e7-893e-d72680c24cc0,35,Female,53,2,adult
b435f5c0-1ac2-48db-9c23-1e53159bf7c8,25,Female,103,39,young
f4b76d31-16b7-4039-b15c-3ace0abc7d36,26,Female,166,44,young
26ac0ac4-752b-4c2d-9b8e-cf0b97ae64ac,33,Female,186,22,adult
89f450b1-1403-46a4-b94f-e7259f1c6072,32,Female,66,97,adult
17934504-27a5-4ca4-843d-819011034940,49,Female,199,35,adult
02bc6b6a-1604-4db8-ba96-844ff523ef10,25,Female,110,61,young
ef6ce7e9-ac95-4cb4-9125-47634b6e8430,18,Female,49,18,young
2d27fe2e-3cf2-403f-bf50-e02d7999e048,19,Female,179,34,young
d0f8805f-68ef-45ce-9272-c09a66fad78e,51,Female,95,11,adult
5323b846-960c-4861-8780-ddee30f8bf14,86,Female,20,99,old
2d50a1de-7b61-49bf-aa5a-8a0f8ffc9c0b,63,Female,24,8,old
e488a54d-d9df-4173-9e52-6f7b669428c8,30,Female,110,39,adult
cbe2dc12-c88c-410c-9165-9c67c4137395,56,Female,124,25,adult
bde8bcf4-efd2-49eb-a5eb-152eeaf2ba03,72,Female,59,3,old
3f24db2b-34e3-4bb0-9fca-b7680fda5682,44,Female,100,69,adult
08cbedc3-cf6b-4066-838c-33eb880ce6a3,19,Female,58,59,young
68c905f6-be82-4c2d-940f-9c71de022bfc,76,Female,69,4,old
3ee0f1b2-6a2b-49e7-a96b-73a183982602,54,Female,177,18,adult
09e0345f-4c90-4cbf-9570-d61838a4bde6,32,Female,176,65,adult
c64b1878-f217-4192-b14b-ae9919ccf135,37,Female,132,44,adult
c963216c-3045-417a-bce6-35793843cedb,18,Female,75,21,young
5eb1c261-14f7-4fc9-a8ec-c0f10a6a7026,24,Female,97,38,young
34bbb331-e22a-4532-8333-3c5da134c058,33,Female,150,52,adult
e4192b54-e3f0-45b9-ad33-95f3d394225d,40,Female,41,74,adult
b1b80976-ce1d-4971-97c4-e3af44e0e4ea,31,Female,75,18,adult
f550eb58-60b9-4202-b771-49d3cf1c7f3a,90,Female,21,69,old
96abfdd8-cdf9-46e9-ba8d-f0dea0d187c3,83,Female,83,57,old
253162fe-5e73-4fd9-9df8-689f22998100,72,Female,82,28,old
e2f3d285-48dc-4860-9355-e4402a4b2024,47,Female,51,56,adult
1b1e93ae-3299-4e42-a9d4-4ce949de1fc6,83,Female,162,34,old
1c1918c8-fe1a-4588-98d5-e574a22c3650,56,Female,27,44,adult
a1e79995-f3d8-4cb2-bfbf-26ef756a3cbc,81,Female,32,9,old
3b2c33ee-d5bc-43d1-b02d-f35a49e2dfc7,20,Female,158,72,young
5138f41c-b966-49d8-abbd-744d45ac56ab,58,Female,74,87,adult
ed095f54-02e2-4a55-ad4f-cb58da93b8d0,87,Female,122,27,old
081cf0bf-c7bb-4ab5-b6d8-d1918ca2097a,54,Female,153,87,adult
9b997b85-e226-4284-b199-a72cd0ba332f,61,Female,21,93,old
d716b75e-41e6-4a6f-9ad3-a25a42e7b16e,43,Female,137,68,adult
76f0088d-c56d-4677-aec9-9add5e03c1be,48,Female,166,60,adult
ca446d1f-1a10-424d-bfbe-1617dbd3379a,38,Female,172,100,adult
b52e059b-53b0-494e-ba15-3319aa3b26d2,38,Female,159,60,adult
3918444d-ec0f-499b-b247-7d6005475274,58,Female,74,88,adult
6088c045-44ca-4717-8b31-f1e770e748f0,45,Female,139,15,adult
26467991-0020-4f3f-9bec-ec5daf71a7a3,77,Female,160,43,old
6cc8e09d-84cf-497e-8773-22e484123f69,87,Female,193,25,old
78daa0ca-176a-4612-a516-fc27385739e1,90,Female,29,52,old
7aa4ad2d-49d6-4043-acf9-f6a0a711a5cd,53,Female,166,13,adult
16ca9188-ddfa-4393-ade0-fa79658be845,85,Female,25,54,old
60446456-ee34-4783-b375-f08cc848afd6,66,Female,169,82,old
8896f882-9336-459a-85ac-3a464c459738,45,Female,134,52,adult
b8691a63-46af-49f6-828d-461b13af0a2b,58,Female,162,48,adult
38f2a782-5a2f-4f55-b98e-5779cb9bcedc,83,Female,128,47,old
6179f86d-8ff9-4291-b7b7-b54a3e328817,42,Female,157,70,adult
ea05c943-d5c2-45e4-911c-e164c47e5fa0,33,Female,176,49,adult
a582cf00-43ee-4aaf-97b9-a7a1a2da4d6b,18,Female,51,12,young
26c5b825-aa51-43ee-8db3-9e9a1a0f07a1,71,Female,36,38,old
9d339e6d-b74e-4fb5-9714-a32b12bbd100,86,Female,41,43,old
5329854f-ae53-4efa-ad18-5d69a51794d3,60,Female,33,24,old
e84f6d75-bc9e-4463-80c1-55fac487d97a,29,Female,27,9,young
91b2111f-aa3f-416c-a605-fcf41168a4b5,63,Female,106,6,old
85b12c8c-c2fe-432f-b626-2f01847722fd,32,Female,88,8,adult
61efee5c-c7a0-4a63-b2d2-c511d0ccecc6,57,Female,43,72,adult
8c02218e-4bd5-4785-9c94-2b96a65e12df,66,Female,144,42,old
31a683a5-1b3d-437d-996d-d993ac088b51,20,Female,150,89,young
2fa3c8f5-911d-445a-bd1d-ace97cd902b9,86,Female,25,74,old
17a17645-2e16-46f4-a235-497bce3bd468,73,Female,161,75,old
1382e216-8e21-44e8-b66d-e90434dc7019,73,Female,140,97,old
5e1521c2-3f07-477f-9b26-d21d12b94668,43,Female,78,36,adult
20c51386-c8e0-4605-b3c9-5d519a794b6c,74,Female,185,15,old
81697d09-d566-403c-89f2-d6c89d6984c9,30,Female,91,64,adult
d7aa96bf-31b1-4f0f-9776-a2c5b31e0d39,85,Female,150,36,old
a3fe3e37-6a02-4fde-8632-091b51e7c9c6,81,Female,186,68,old
670a88a0-c21d-447b-928f-398bcb5ef7cd,18,Female,157,97,young
99b36e83-3845-4e7e-a089-d2c55be2f46a,75,Female,168,46,old
bf0a20ae-608e-42df-ab6f-3f297e681eef,20,Female,43,46,young
f449c8b6-1e69-4d46-a2f8-fb0fcca7f6b1,51,Female,49,60,adult
d1133b8e-fb58-4a06-b5e7-c18b93da2ba3,53,Female,55,59,adult
b0f0a227-9ed9-4a9f-bb03-0a496590689c,34,Female,24,35,adult
ea7d0ca9-f343-40d3-9988-8ab4513a4166,83,Female,142,48,old
68f2b205-fc16-48e4-96c4-1eff01c158b0,86,Female,56,89,old
d84f4db6-5940-4f47-a5d6-08872706310a,31,Female,83,87,adult
d7c755b4-85eb-4c9c-b803-c0858ff848f7,31,Female,128,84,adult
a44a8093-82cf-48f6-b344-0ada6ddab50c,27,Female,130,90,young
2d5b8123-fc67-478e-9130-b6bfc9400722,48,Female,67,10,adult
f190ecdd-5954-4acf-a82a-d5cfba0882a6,54,Female,151,44,adult
70a255e9-6039-4a7d-b80f-10e8e94f80ea,32,Female,196,92,adult
5c3a468a-3dde-4d8a-8614-0cd1d5fde24a,57,Female,145,64,adult
cf395421-5ca3-4337-9595-13397751b7ce,22,Female,164,67,young
2e757565-7249-4315-a629-31e0f7e813a1,79,Female,118,80,old
06324136-54bf-4f93-a3e5-d1ad26e9a64d,21,Female,44,4,young
77acc4e1-8edb-43d8-b45f-a025458922b8,23,Female,93,25,young
d1675afe-2f98-4cbe-ab19-46f523ebefa1,42,Female,106,46,adult
96cdcce4-9f87-421e-99f0-eab0fe03b35f,64,Female,54,51,old
6407aaec-985c-4dcd-9dc2-5ee833901dd0,57,Female,22,44,adult
fb28f231-8de0-4baa-87a2-753989115be3,18,Female,32,13,young
b07b5c98-6c67-491b-9404-2a0290a281de,33,Female,185,22,adult
2ff0f11a-2607-4020-ab95-c7e62ac04881,56,Female,56,78,adult
c1ac1891-b5e2-4249-9970-6aaa98046979,46,Female,137,99,adult
4d53cd9f-76a3-4673-be5e-a19d1026cb6e,60,Female,104,48,old
3cd68e99-4c57-45e3-bccf-cf7d0982d6af,70,Female,150,28,old
27310d8a-294a-4f3a-8fce-837c2b73f7df,87,Female,122,19,old
963fbb13-6952-40f3-bdca-80c6f60c107d,79,Female,71,18,old
8c83310e-5736-45c2-84e0-79db520f2ca4,45,Female,182,37,adult
1833bd71-296a-4508-ac31-3fbd6baede9e,82,Female,87,24,old
d79edb99-4d88-49f8-87a2-bf2efb7e4a97,51,Female,22,94,adult
b23c8fbc-292d-4089-885c-18ed716aada7,59,Female,152,48,adult
56873757-7648-4c2a-8095-be358c22bac7,29,Female,133,22,young
496fdbf5-cd8f-4708-947b-6b9acfcec9ba,63,Female,138,95,old
b3c9cc86-024a-46c2-bf5a-a661a49d2039,37,Female,113,57,adult
0f4a18d9-1ce2-434f-878e-20036201c611,33,Female,70,73,adult
870e7a82-b7b2-49c1-8fc9-0ef97e4dadae,38,Female,162,3,adult
74a5365c-ebf4-4d8b-bcd6-398b8c3dbb86,26,Female,22,20,young
4e713fff-7c21-4205-8401-cd2bc55c8458,78,Female,180,68,old
e9947303-cd0a-43ea-9c76-ba2987c1f6dc,86,Female,65,51,old
4083f637-0fd6-460a-8a7f-dbd9f311e80f,71,Female,97,43,old
993d46d1-ac76-42f4-96d1-3cd7f0d12cf6,50,Female,189,21,adult
742539e0-cd78-474e-9cd8-4565779655f1,89,Female,83,77,old
00ea4c0c-dc8b-43ad-8e53-80344d9b0df4,51,Female,108,78,adult
16be2348-ddc1-48a9-867c-4b8da17cdcd3,81,Female,46,30,old
74ae8678-a029-4066-95fe-b746ea9d4a8a,67,Female,155,23,old
2d85e595-2abc-4d5a-9d4e-11e8ec257e31,89,Female,189,44,old
968765ff-1fa6-4e83-8c28-665c758a8981,45,Female,72,4,adult
8238cb9d-3d8d-483e-840a-b16efc57612a,71,Female,54,99,old
1bcab1cb-6734-431e-b44d-bfd31e4ecece,20,Female,188,35,young
f05335c3-f278-4433-bf5f-03c9beba8034,53,Female,145,30,adult
f9ae974f-5133-42aa-bbcf-b68fef39aa65,35,Female,128,71,adult
b78048c4-3101-40d3-815a-5ed52f97a4fa,49,Female,132,74,adult
6c1eaa59-beb5-4aee-bc4b-dd1522042e73,39,Female,193,93,adult
32eb89a8-9a6e-4967-a0c2-e547dcbb6581,34,Female,179,42,adult
343fa24f-7343-41a4-ad5d-913e6293c6c1,44,Female,110,38,adult
e9545b9b-d57e-4dfd-b594-4a8569d646d0,41,Female,97,76,adult
c310d27d-9066-48e5-91c6-79e443b6048a,27,Female,191,32,young
ceb3ceb1-2154-4b24-955f-e1dbcabda811,79,Female,187,28,old
130135ac-d66b-4641-a913-e493f009ce88,72,Female,148,17,old
163c4992-745f-42b2-8c97-7af89e4c1176,66,Female,85,100,old
49c52223-dbde-4a75-9d02-9df748a95320,40,Female,123,23,adult
64e00076-b380-414a-8053-64f1b372bada,44,Female,153,59,adult
e6356f3f-898c-4efe-8d19-8c7a88360ce0,60,Female,126,42,old
fd8799a4-a20f-4df6-abeb-cf50f2a23b41,89,Female,110,95,old
3bd41ee8-e0e1-4f3a-b345-e37a5a2775fc,56,Female,80,3,adult
a584ce4a-8419-480b-9bc0-eeeef3ee860a,52,Female,52,31,adult
338b228b-2351-4add-91cd-f0cd8ee31825,75,Female,73,78,old
3e61dba1-1e46-44a6-a319-51c979a81a0a,55,Female,178,59,adult
f4521a1e-f525-4074-b28e-50ebab97e68f,68,Female,162,13,old
f5766198-0327-4c47-b11b-3c4732c7b8b7,29,Female,189,32,young
9748307d-108d-4388-8ed4-829890ed15e1,48,Female,78,42,adult
c857e397-93eb-4056-ae6c-eb0e65783711,41,Female,191,22,adult
4b6e29a2-4264-452b-a06c-0327b2c84188,39,Female,52,44,adult
bfbc20bc-42d9-4074-ab08-47154cf5b3b6,87,Female,55,3,old
5a521234-9623-4add-b5eb-e2e7cc100f5b,25,Female,189,2,young
40f4c4d7-ec00-46f7-bad3-d2c291ebc63e,33,Female,188,2,adult
750d6d7a-a0bf-4ff6-901a-b06ec6601178,76,Female,185,61,old
bde240d0-68d3-4659-a1a9-9fb0fa164d7b,69,Female,102,57,old
87d198dc-f027-4306-9a42-d166a95c52c2,65,Female,28,90,old
60b95468-ffd9-4c9f-b998-124e0cc78ef3,22,Female,40,27,young
4272d111-6e07-41d5-84bc-ef5ecbbc20a6,30,Female,174,84,adult
28872c45-d5ee-48ce-ba64-45e55eddef23,30,Female,146,100,adult
bb5cc854-35ab-4dcb-969d-f14a31fe9ed5,20,Female,64,95,young
b7f8c2a1-2d80-4173-92e2-d16f863c6928,81,Female,146,67,old
f2fac304-1af3-49b4-9364-3e723eb4964f,24,Female,108,75,young
4d96354d-701b-46ac-83b2-4f619bfd85dd,44,Female,30,85,adult
586d9d04-172c-4775-a9f7-648194e4133f,57,Female,188,39,adult
55ee165e-e74c-4589-9be7-a61a00cfce46,65,Female,95,33,old
1627daa6-5f21-4448-8d3a-bc446a91ebf8,23,Female,190,22,young
dbbf5e6b-ee92-4bce-89db-174c7bde9f53,33,Female,82,81,adult
0c5cdd12-880b-4182-87b4-e7759faadb8b,51,Female,145,76,adult
4946f1a9-ab13-4893-9d7f-9e28faf48f6e,64,Female,116,67,old
93edd5b7-913c-4cc1-8cfc-3c2e48539152,78,Female,24,61,old
cfe656e3-8f86-40f7-bc56-c5ac7597aac6,88,Female,75,90,old
ebff68a6-9e0a-4aae-9fe8-83c40c6941e7,79,Female,149,45,old
f613eb55-4a9f-4aa4-95d2-c79d15541071,33,Female,152,37,adult
e9ee6954-c09d-4986-8161-c1d94abc3324,31,Female,131,27,adult
ac52cf00-51fb-4377-a6c8-32c71822be1f,72,Female,163,50,old
d9c8605d-ef73-4a5c-be03-2d6f08a80646,64,Female,92,27,old
c7dbafc7-a630-44b8-bdd3-d07f6e2e55bc,76,Female,38,78,old
36aaa595-97de-4d38-a6a2-b0d50cab90ab,67,Female,150,79,old
5fb99ee2-fb68-41c4-a10c-980a43791281,26,Female,58,3,young
4ad46545-4a84-447d-8f36-d962f72fcc15,40,Female,84,20,adult
4c220062-6465-4c9c-aa9d-ed06b5c04e19,64,Female,185,1,old
ba611ef3-6ea1-4953-8c0d-6b8bfadf6092,50,Female,80,74,adult
c732ed0c-3bce-4e97-a90a-dfff1fd57d38,83,Female,154,64,old
3532d4ee-f590-4d9a-957a-933d0cc62d90,73,Female,180,26,old
f195a090-5205-4bb5-a1cd-92cecfa31547,45,Female,24,47,adult
8fb134af-ca81-4512-a2d8-975111e7b3f1,58,Female,28,16,adult
c11008b3-f0c3-4657-8f63-d672df08bc39,50,Female,131,72,adult
c8871d1e-524d-4add-905e-d1a6577c18d6,25,Female,143,42,young
b1d3f514-b97f-42e4-b564-261a24c2951f,88,Female,110,72,old
d9137f51-9049-47a4-ab4e-240a0b137b6e,29,Female,60,92,young
5db07c20-fe07-482b-8e0f-216aa4abf735,75,Female,109,89,old
dd77bcd0-df60-4e68-aaa9-7893672ded44,19,Female,196,26,young
82822e13-6bd0-4236-9002-8d28836972f9,64,Female,176,51,old
1a650ede-ab07-43bd-aa14-b606cade80a3,68,Female,126,34,old
6bb2e736-9585-4672-9db0-ca29831feb82,38,Female,117,8,adult
37136b3b-70d9-4699-91a0-53e55fa55b0a,52,Female,57,13,adult
aa44551c-6ca1-4556-a812-708d372f87fb,52,Female,93,67,adult
ddf116f3-8a86-4e5c-820c-2a97c32404f6,34,Female,41,7,adult
b25e6314-335b-4be6-8698-368f3cad27ee,80,Female,131,59,old
ad722d98-efb1-4b12-ab38-17b9f1472af1,27,Female,88,44,young
cf9e980e-4c6f-4e9c-8b8a-f31466786225,48,Female,54,90,adult
2467b7f4-4076-464a-acd0-46d864b1ba2b,29,Female,144,44,young
95c2d15d-71b1-4126-ad03-08c41e6364a1,78,Female,74,49,old
64d13370-7fb4-4229-9df4-8ceb3a88b87e,64,Female,101,72,old
7c769645-ac67-426f-afb1-4a9d4a226640,81,Female,52,6,old
f5f05e3f-1ffa-4489-aab7-fb2cdb5896c5,70,Female,94,75,old
2cad5df6-09cc-4b94-911e-bd0f1e654188,27,Female,167,19,young
6d5d02f6-f3e7-4653-8df8-8aca4ec312d2,59,Female,31,24,adult
bdf682de-82fb-4f5d-9085-a80e9f9c4ffa,33,Female,105,90,adult
cb1b7157-fb08-49ed-856c-4a0f497045e2,51,Female,89,76,adult
c59ff6a7-4668-4930-8519-dadb9317b39e,34,Female,200,5,adult
c940ae27-01e8-47e3-9ed8-64a742d5b267,37,Female,78,18,adult
613b1f2b-2ba6-4b35-8ad5-04e63b5698e2,88,Female,198,86,old
44703b3f-aded-4d46-831b-401e3a17729f,48,Female,49,27,adult
c9cd8189-71d9-436a-877c-59e8b1f53638,76,Female,93,25,old
61e4c20b-5dac-486d-9b51-4751765dc85f,67,Female,193,82,old
3b271a37-0eb5-4d87-851c-eab3b565868f,36,Female,138,15,adult
143075bd-7237-4d88-80f5-06c1371d5862,79,Female,44,59,old
1d6f608e-92e2-4931-8db0-0200dcad1c9d,75,Female,66,8,old
9b405eaf-b2fa-45d0-b002-29198c3a83b2,67,Female,22,56,old
6132f96a-0fea-482e-ab20-331af2eb85d9,67,Female,93,60,old
347fdd17-d643-4f06-83cf-1879c29278f9,32,Female,58,64,adult
2cb78180-5853-4540-91d3-07e6e1337675,78,Female,100,8,old
192d6016-e1b7-40b4-8c04-410f6811cb98,21,Female,106,30,young
8ab80628-fc1e-46d4-988f-8348d141470f,45,Female,64,46,adult
9db65ca4-6624-475f-8157-496e2f490e77,55,Female,156,39,adult
64c33d8e-d8fc-4701-b999-0eaf06bed256,65,Female,93,99,old
114205f6-3a99-4023-b9cd-2ddb5b849bd5,85,Female,152,58,old
56853c08-fc1e-4ed3-b2d0-d46df1be290c,85,Female,87,56,old
dd22c021-46f5-424a-9317-5fe5e4ef678f,89,Female,74,95,old
db51798a-d562-4b20-9829-4b43bdffc50c,83,Female,98,53,old
357ed27f-de66-468c-9c40-7b55a8c21792,24,Female,62,24,young
f98274de-db13-4814-ac7c-889c8c1086e9,64,Female,46,58,old
d5b3dc4f-01a9-4084-ba4d-de0f8f71b4cb,88,Female,124,19,old
c1d448be-1853-4b97-81cd-baa5f25a4c4a,28,Female,194,46,young
c9f6c65a-afbc-4885-a81f-b8eb7d943eaa,58,Female,71,23,adult
fdf13ef1-63c4-43ad-bc00-e8aad95a4591,48,Female,109,10,adult
7af56085-617b-4470-9aca-ed0a15fc5bf8,43,Female,61,33,adult
72b8e2f6-f6b6-4a9b-a2db-c79a98f43d2c,58,Female,78,90,adult
0058d7fe-f36a-49ef-b51e-76e8dddff76d,53,Female,66,50,adult
db200493-ecdd-4ad9-afcc-149baf23266d,24,Female,125,81,young
19a15326-c0e8-4ba4-9955-4321d9845299,37,Female,21,44,adult
0b1425dc-7d15-4e00-871d-b52efdecd83c,24,Female,192,99,young
af8bf586-47db-4f68-a781-e9f19d825fce,33,Female,104,11,adult
ef05baa0-1b2c-4d0f-9626-0269fa18350f,71,Female,50,25,old
c94dc3b0-4c42-4cae-8ca6-6e7a8791704d,77,Female,81,82,old
d91eed44-afa2-41b1-97d5-65297438d8c6,21,Female,169,13,young
4f047f35-af38-4634-9a0f-53bc99345712,68,Female,84,31,old
efa8597f-7e25-44ed-b20b-ec071babb33c,89,Female,136,62,old
63cffc12-d6ab-4e82-8121-85f959d87bb9,56,Female,24,20,adult
5641b99d-01df-42de-b192-eec73ff40645,47,Female,166,100,adult
1e2c820a-1345-4305-b484-0780eab56a95,90,Female,197,77,old
b5c7c662-0f67-465a-8529-d186f4d56c1e,72,Female,89,37,old
186fa446-e72f-452c-919e-5b36c930b447,87,Female,113,26,old
3b56d561-b36f-4e09-bd96-1d2486893723,26,Female,124,86,young
e3cbcea9-b69a-49b3-a6da-062b31ad9dba,75,Female,105,75,old
ed257c0e-4a5c-4006-be82-d4eb45c52ed5,67,Female,86,29,old
4e7730c7-eab0-43d9-9012-101c41e2f60b,29,Female,96,9,young
2c35a3e0-9c86-43f0-88d5-8a3f38b8c68c,41,Female,57,71,adult
4758bbe4-9ecc-481e-9097-99c95ffd9a42,56,Female,33,43,adult
03e544c0-02c8-464f-83b1-e21683758da7,35,Female,175,64,adult
5390b304-05ad-49aa-9755-4877f841a407,73,Female,98,55,old
d88f8c64-ec49-4744-bde9-9719a4452dc9,57,Female,57,3,adult
fce3316d-bf35-4c6b-99de-b652f16474a5,43,Female,179,59,adult
1fffb709-7d20-4436-a11f-91539c307f62,55,Female,53,27,adult
1085d408-88e9-4015-9b4b-77a31d510e75,36,Female,92,79,adult
afd5d63e-79ed-4943-98dc-878b079a417d,41,Female,179,33,adult
f299e245-efcc-46b5-98f3-73cbf6ab37f7,59,Female,156,34,adult
73293f0d-5e62-4f8e-ba15-50a0a8137908,54,Female,114,57,adult
66558774-68e8-4885-8f38-4497ecadef73,42,Female,52,64,adult
9f877b62-c5f3-4241-bd5a-231b6eb4b6c7,74,Female,89,61,old
f6df896d-dc03-4e31-9296-8ff097329f16,67,Female,162,3,old
5c23af0c-a6fb-4328-90fe-0b1b59f05438,20,Female,90,37,young
b43a0f85-4524-4a5a-989b-c7cc61fc4ef6,29,Female,35,87,young
bb9ccdd0-0cbe-4b0f-aae6-418486313fdb,66,Female,193,29,old
884d9aa1-3c16-4a56-953b-486d98d9eb4d,47,Female,28,86,adult
f48a3225-8e4d-4b7d-9043-fbd835d85b69,39,Female,162,46,adult
dd61a6ec-bd42-45bc-9ece-7bf6c47ae8f6,25,Female,109,50,young
1a177342-5911-4e4b-9e66-2261778770a6,57,Female,172,90,adult
36dc6e8b-81a1-4a38-8ae9-d56a912e032f,67,Female,143,63,old
4aac662e-0056-422a-be9e-c03421dc5b3a,66,Female,171,93,old
b2f9cdad-8141-4ea9-8bac-109f1c3b6274,32,Female,28,73,adult
54fbf71a-b1f9-4efe-96c3-78b5624f94af,76,Female,139,63,old
3b159fad-fee4-4f69-8a8a-059b4cff7f7b,83,Female,132,31,old
ed9ddf71-f60f-44a7-b4f3-1e22ae305e0e,67,Female,39,55,old
a481442f-c070-40ef-8fdd-a26c1cf8e394,33,Female,66,18,adult
657b43f0-d4fe-46ec-8e03-5982df75f9ab,33,Female,45,31,adult
e06f7d21-0ff0-4263-8dad-6645058a6e03,63,Female,180,58,old
40b81ba2-a488-4959-9590-73f14e6c7a53,39,Female,65,20,adult
372329d4-ad94-40ab-be83-802d1325a264,46,Female,181,34,adult
1c8f7813-56b1-4983-8119-a8343c13e16f,37,Female,64,51,adult
2c335b4e-860d-418e-bd36-1674fe21d0de,52,Female,169,92,adult
3a505709-117b-4377-ba79-d1ebfebd38f8,86,Female,72,59,old
544713d5-623d-4cf9-9561-8c55b282113a,50,Female,108,55,adult
07e4548d-b594-4e63-aa9b-4c182b8757d1,86,Female,135,66,old
41396501-5fc5-42a6-938e-67de977627ee,35,Female,89,59,adult
029cd25c-fd8a-4c5d-b1c7-2d1a50001ed1,75,Female,49,26,old
f795ab8c-4165-41dc-a7b8-005f34a1c24a,82,Female,183,38,old
0dcd8d76-6641-4f67-a19f-f312b53d6714,55,Female,190,98,adult
af44f820-3598-420e-b33b-1192014846fe,80,Female,61,70,old
994b9349-2bf9-41e4-be38-641a280713f0,18,Female,153,38,young
c303fe8b-f416-4b96-a119-afde94d47aa1,20,Female,63,59,young
636d6924-fef4-4fe6-819f-5e9ee6e5b5c6,34,Female,160,12,adult
f1399076-7a07-460b-8958-b7dbace4774d,35,Female,80,78,adult
e47f2323-fca4-4503-992b-b453d3568423,26,Female,184,82,young
a91e1b7c-4f1e-4e63-bf4f-924df85f6b03,63,Female,70,18,old
5be2466c-7477-4f72-9023-c7ca319361f3,23,Female,102,42,young
87e3c727-1df4-4d41-9296-9d2f5f3c3f43,48,Female,176,80,adult
116e6035-9d61-4f35-923a-f2b2f7a2ccfa,53,Female,31,29,adult
94018710-3f8f-4015-a45f-dfcf3bf71977,66,Female,118,62,old
7db4632c-9466-44e6-a340-2f996b230c86,21,Female,109,100,young
41e67ec7-0b2d-4325-987c-83f8798bf5c7,39,Female,25,24,adult
e70fe988-cd7a-4777-b341-cb77ea9ec5dc,32,Female,133,9,adult
ab0248cf-d861-417d-b263-5a167fb365bb,55,Female,40,46,adult
aab53799-d3ff-4d60-b423-a296798b56ee,85,Female,163,35,old
47e1b471-b887-4de3-ad93-f51ddb700219,53,Female,173,52,adult
3c0ff7e8-32dc-4427-9ace-515fbee49db9,39,Female,44,46,adult
2e623ec6-2578-45e6-adb3-f1d55e6fdfa2,46,Female,130,23,adult
fc972da5-b93a-4c89-b939-62e868b0c121,56,Female,129,47,adult
4b9d5e3b-c8b9-48c8-9ce6-87962302ceb4,80,Female,46,35,old
eba11dae-c6e8-491c-bc2e-f0d3a7821e7c,69,Female,77,60,old
ca096e00-462c-4caf-afe2-d20938cbace3,86,Female,79,91,old
70aa2c53-3482-4e9f-b57e-adfa16301131,52,Female,166,79,adult
1f670739-655c-4d9d-bb22-fc014695a69a,34,Female,106,95,adult
56eceade-1b1a-4e7f-a223-ebcde995a547,61,Female,74,27,old
2c5caf73-6ff0-49bb-9c14-0452beafba1d,44,Female,31,98,adult
b2d11521-ff15-430e-9481-ed59dbe65938,51,Female,84,32,adult
9d6936d3-ca8b-4af9-b8cf-dcb58013a118,65,Female,35,54,old
0dee2cee-b68b-45b3-a835-284ff1f08e96,41,Female,200,49,adult
578af37c-ea50-4d21-aecd-71f94fde6003,60,Female,184,47,old
43bb45f8-553e-4864-9fd8-f07c4a7eb505,31,Female,160,83,adult
b476577e-cbef-442c-8035-dce524fdad50,40,Female,177,93,adult
840f36da-5676-404c-81f3-08558ce9fbad,85,Female,20,94,old
79e24372-82ed-4a6c-9639-032925b57ab1,29,Female,194,21,young
43f36fe0-b54e-4d4a-b1fc-ca572fea16a4,20,Female,75,22,young
bcd182ad-baa5-4084-9234-178bf17cfc85,29,Female,95,6,young
4465d4e2-d71e-43cd-9bb6-9363808021e7,86,Female,118,98,old
e573c5ae-e91f-42ce-a3b9-b976a5bea988,28,Female,133,38,young
b27cf1af-dc75-40ce-8f99-f791fd7052a7,46,Female,58,86,adult
22b55301-25fc-4e75-bac8-a361ca625b19,26,Female,167,73,young
7bb2d1c4-3132-48f9-9d09-e00369a123de,28,Female,96,41,young
2c87ec64-e0ff-4a13-aebf-e541156aed86,81,Female,105,66,old
9422f7bf-c017-4d0f-a08d-42204692e38e,57,Female,66,63,adult
222ef535-e97c-4793-8f38-52d4f2e5f59d,60,Female,101,94,old
789e57da-09d3-41dd-9f86-b90c54bb33a8,74,Female,171,94,old
397c2d40-4524-4d24-b6a5-07b612cd68ff,37,Female,179,32,adult
82781ee3-90b0-40bb-a0ac-374f0e1ae5bb,29,Female,58,30,young
ee0c1f0f-8204-490c-9be4-984da5057481,40,Female,111,81,adult
f9dbf7a7-e33f-4c5d-a7e5-1c62af801dc0,19,Female,158,77,young
6ac2a2d5-6e5c-4d54-9014-e5eaaf34a929,84,Female,68,59,old
e58aefac-543d-46a5-bad1-2f3533813620,44,Female,48,40,adult
73c37942-b591-4e05-9b42-78ddee991f78,54,Female,90,4,adult
ed393375-e4fb-4e9f-b8c7-1ed262659794,60,Female,150,30,old
40f8f7a6-fc49-4f6c-8d3f-8c24873f7ceb,77,Female,47,69,old
a0e442a8-73f6-478e-a030-642f01e7bdee,33,Female,64,33,adult
8236d6a0-9911-4750-a6da-8f66e8e99376,68,Female,22,2,old
bea08913-cb1d-4beb-ae54-4412aa8d4482,67,Female,175,77,old
02e0cdd1-a7fc-42d3-979c-166222f8efc1,65,Female,54,16,old
0e116e71-bcee-4201-841f-12bf94a59b6a,33,Female,60,98,adult
60ff3e01-2a82-4e6e-b9e9-23f1e8fcd0cd,78,Female,125,91,old
b1396767-68c9-4b83-874b-f526bc268d83,51,Female,132,37,adult
b7c9d348-f693-4f83-abee-46d373981b47,51,Female,129,82,adult
6a3f3ca9-5ec6-41f6-b162-71e9abb74a0c,44,Female,90,60,adult
da20df11-c7a2-48f5-ae04-68e7c399b9b5,54,Female,156,71,adult
c43b5fd8-045c-4519-b69b-a21541639393,64,Female,176,97,old
48193058-bce1-43de-b0dc-02d47e8ac177,30,Female,79,95,adult
88092f90-5ad1-4932-b07d-8c571e133329,78,Female,192,99,old
f568fd65-3384-4879-b18e-38e848f0cd47,31,Female,170,37,adult
72254678-5f98-485b-b43a-58d01e81ad9b,84,Female,162,85,old
2690dba0-8a40-43a0-b2e9-25895e7e1537,45,Female,179,87,adult
7c660657-be00-40d4-8bf7-91ee1efa2282,79,Female,64,40,old
e50c50a1-4261-4abb-a642-d22a2e700fc1,25,Female,163,75,young
93e2dbc7-fc19-49ca-92f7-b38f52f4700f,62,Female,159,98,old
77192c96-96d4-4f43-8e09-33d9b3ee32ec,41,Female,164,80,adult
9cdbfc10-21de-4a66-9441-391085f76753,24,Female,195,90,young
d34e90b1-86da-47c6-9eef-1ffbae5c7054,66,Female,51,29,old
ed28186a-d3a1-4b68-85b3-3826c71392ae,70,Female,176,8,old
78b8d87d-df6d-4662-834c-139f1a04d408,67,Female,187,45,old
38547d71-b3f1-43aa-ad5d-3a4d26897a9e,60,Female,21,91,old
a93ecd69-7bc5-41ec-9261-65339a588573,32,Female,141,17,adult
03f2959d-e114-4f2b-981a-156209f5e451,87,Female,50,48,old
f180b8e0-6da1-4460-8e3c-59f0ad62f013,57,Female,105,75,adult
63e6457d-08d5-4ed4-abda-081ee4f84c80,40,Female,77,100,adult
6d204519-85d7-4c50-84cb-c7c1b9bf7646,67,Female,165,12,old
05e55e25-b43e-4167-8443-f6abf1554f3e,77,Female,193,57,old
d4a36374-14f6-4c11-97cd-209e7d5501f0,20,Female,129,19,young
571ac52e-59f1-4398-a9d6-c5f2442adc2c,26,Female,73,12,young
06b5b337-e10c-4e74-9e91-bfb8c2d1c55d,25,Female,136,39,young
fa23e320-c3b8-41ae-9714-ddf525735895,50,Female,39,3,adult
f40d8145-99e1-498a-91fc-5acde5b268d5,86,Female,128,66,old
df789f03-fede-47ab-84d0-9440f2a51626,68,Female,197,13,old
59f6176d-fe7b-435e-9a27-8cc7b672afec,28,Female,31,46,young
b77bb317-4107-47b3-a0a8-d89a57e1fa0f,39,Female,157,80,adult
14a30d88-cddb-4f0d-9dd8-eac3793dc563,74,Female,166,100,old
a0e2e77a-a915-4646-aed2-8a83a4d8da3a,79,Female,175,64,old
52e43660-d044-4df2-8f5c-4fc7b0d52afa,86,Female,60,43,old
4829cff4-8288-4272-ac0f-2389f7f4d22f,79,Female,156,1,old
384b0594-6bbf-4a48-bc54-3f58254d618a,49,Female,132,23,adult
bd75c7aa-3ac1-44bc-8606-55f88b48db29,37,Female,68,34,adult
f44cb001-f701-4de7-86e8-d81047782301,28,Female,124,72,young
35285226-f7c9-4747-81b8-c4de93b83cc9,30,Female,94,60,adult
c6aa8aff-b38c-4d1d-9da3-bb7f90988bac,76,Female,197,48,old
819a67b0-dde9-428c-b386-df0cf3e78661,75,Female,158,77,old
b25f09af-4f51-4a0f-a4b9-2f1fb7f8226a,87,Female,183,80,old
80632983-9b63-499b-be85-ba0bbf3e2bc5,50,Female,86,16,adult
9f4c2f89-422a-4d20-ba54-adcee4d35b63,41,Female,199,61,adult
9869d0ef-a9bb-41f0-acee-726faceac8b5,90,Female,45,28,old
081ae519-7aa6-444a-bd13-4eba6a3c5c1a,74,Female,123,96,old
d73e9297-31a9-48ca-9057-f0db265dfd99,51,Female,95,33,adult
ebcbcbe5-4747-449a-9dc1-8c02e8611056,65,Female,26,5,old
ab6c36ad-1eab-4f0e-b289-6f2efe77ec88,31,Female,199,24,adult
c1b11541-b6bb-4373-8a1c-ff8719d60895,69,Female,110,22,old
53bc9428-fb91-4e03-9a0d-7a89380a0d65,24,Female,182,31,young
35f51955-508c-449f-8fe8-b705047a78d7,64,Female,156,51,old
dd778efc-6b0d-434b-9daa-c7bbb02789e4,81,Female,122,46,old
8eca342a-2991-4876-ac22-ff560397847f,49,Female,173,23,adult
ad4d14d7-a780-453e-9791-7b87e91648fe,46,Female,112,55,adult
0f3c975a-256b-4e44-8946-9644974f40f0,56,Female,129,7,adult
f4669af7-8913-4e18-a412-bd4e9cc06f6c,40,Female,112,92,adult
4b42cc8d-29b4-4351-8a47-ff73821734e8,62,Female,177,40,old
0d1bd29f-8db8-444c-a022-5d6a13cc9ae6,18,Female,62,44,young
5411b65e-0c15-492e-9d50-37d0f64509b5,22,Female,152,52,young
5608ab2a-429c-41c9-81fe-6a14f5e80784,23,Female,128,86,young
0400e599-d27e-4df2-99c3-33bb50f2c5df,86,Female,128,57,old
e8b49465-04d8-4071-bac0-c9173715197f,89,Female,26,69,old
bb997078-b5ea-431f-a434-be283cfb4349,79,Female,133,76,old
745d7a26-d832-4a11-941f-4babd61ac8bc,61,Female,173,30,old
3d894796-6a8f-490a-8549-be8f9b4a9faf,37,Female,79,7,adult
837ac310-e8c2-4381-b139-49e8d20294c5,58,Female,162,57,adult
63971dc0-eedd-454f-be7f-fd5c9d74fc37,66,Female,94,99,old
b164b3bd-4be6-4b7e-a932-f01510537945,19,Female,188,18,young
ba428e62-ee09-46ab-bbd8-c039a0b3c8b1,86,Female,30,20,old
31d24f12-cfac-4341-89fa-123b6eda1778,64,Female,154,3,old
7ad0bdb1-f2d6-4a67-8695-4d0d80d60587,58,Female,132,72,adult
387c865c-b268-4f12-95e6-225e98bff7c0,63,Female,173,5,old
75af9759-2fed-4556-a387-c28f6ea05af4,52,Female,71,93,adult
ebeee93b-b370-4b5b-b4fa-0eb736715b6b,65,Female,80,38,old
37d16e60-640c-4dd7-91ef-fef19ffff205,86,Female,123,52,old
c1ec4b3d-2d85-47b0-a940-0e54c370b2b5,67,Female,155,34,old
b4f8228c-efec-4b76-8a6b-54da05c8f6ff,49,Female,120,100,adult
fe9466cd-335c-4b69-8bab-868a91ac23d4,45,Female,59,23,adult
053bd231-a30c-4978-a209-3fb07d139546,85,Female,153,9,old
0f453ae7-bef2-43d5-8167-9a0c92985b23,34,Female,31,82,adult
e0008a32-e262-4124-85ae-b024f0641e03,29,Female,200,11,young
cb866db2-81f5-4cf5-9ab6-928df4278ad5,41,Female,46,49,adult
c913a9b1-f6fd-49d7-9805-2c5c4201433b,59,Female,127,86,adult
63636660-a22d-4e13-87be-5500a13cf971,83,Female,191,35,old
8a9c1526-c824-4bfe-b9dd-4dce29cfbc09,27,Female,75,88,young
3f50f547-12c2-4881-bba5-5e129cd9e663,39,Female,70,5,adult
e91f5b81-07a6-452b-9cba-e3265708c481,52,Female,186,58,adult
c7ac6107-c7e0-4d1c-a9e4-c672f11fe030,80,Female,175,64,old
99c23b00-59da-4257-9b8b-8d43c382ad4d,26,Female,46,18,young
850097b9-1160-4f00-93b6-f71781e51ded,33,Female,39,46,adult
bf300c18-45f8-48c0-96ce-533dcfcc8371,34,Female,96,99,adult
29ff2eb1-fe58-4daf-9435-fcd207b83a5d,36,Female,159,32,adult
f34de5fb-1f96-41ad-b4ce-aba97fe9ada8,53,Female,140,97,adult
b0e5d926-81c2-4f3c-9b12-8f8f03411cc5,55,Female,129,11,adult
4ea12609-1417-49e2-bdec-f19a7e6b0647,83,Female,88,98,old
75c2dbe7-074f-4ad1-a822-db3a8439d83a,64,Female,141,10,old
a4d2409c-40db-4de8-bb99-bce6609ccc38,50,Female,115,89,adult
a1c84db8-a4d6-4057-aafb-d057655ccef4,24,Female,149,97,young
68e3e488-5879-49c0-a04c-4d475c5d8026,29,Female,47,37,young
06728c59-8535-4bfe-aca3-62977f62684d,83,Female,40,3,old
cf6c2e6d-d718-4b96-971a-8fed50de6cea,65,Female,132,86,old
c34aaabf-907e-42a8-87d9-dc63780d4572,34,Female,114,74,adult
7f65c452-0eb1-4776-8a27-e8e094f51923,86,Female,94,81,old
4c251534-d6bd-4315-af97-240653bdb963,81,Female,32,83,old
f55b4a16-2a72-4ab2-b152-421ec36e1e2f,33,Female,31,69,adult
25421c8e-d08e-4bc0-bf85-af31fe09ada7,66,Female,172,41,old
0d9e03cc-689e-4525-b24c-b0f319785332,78,Female,183,84,old
5b41eab4-707f-4940-a0a5-b7451673fee9,70,Female,95,70,old
01845d62-f2f7-41ec-90f4-f0103bfeea3b,79,Female,66,95,old
387f0667-e690-41c3-b8cc-35f334f65446,73,Female,197,37,old
bfc85800-9878-4a11-97c6-6de6eddff563,28,Female,125,99,young
cec74949-1d5f-4cfe-8d0d-dfdc1aead984,32,Female,178,49,adult
f7602199-511b-4a7a-b2c7-eaa7d57e2a4a,65,Female,26,15,old
3c8f92f4-5dab-4fcf-abe4-293e531ae66e,39,Female,80,47,adult
07b2318d-341f-441b-b8d2-6c52bd43aecb,35,Female,58,3,adult
32458a2a-1d3c-4b51-81cc-c9872d4ab789,83,Female,22,31,old
e02b3f69-2a99-4050-84b2-212cda157c76,48,Female,25,23,adult
5857d4b3-0b48-4622-9026-9bcb1c1f25e1,81,Female,126,96,old
3471beef-5d79-4f25-ace6-4851661c41ab,36,Female,49,43,adult
fba76470-408d-48e8-b4c6-0862e25d05cc,61,Female,114,57,old
672e4176-f269-4856-9ef5-30efb29ad7d5,57,Female,149,10,adult
042d7c10-198d-433e-970d-295ed96f399e,74,Female,29,83,old
4c61a823-7407-40f4-82fe-2fc5b23c560f,67,Female,97,36,old
8eb18fed-fc4d-4426-959e-531e647d085c,89,Female,162,55,old
6dc9ac74-bccb-4244-911d-af4714bcf21d,42,Female,26,54,adult
8cfd5606-d715-435f-89b3-cb4679af9845,44,Female,191,12,adult
98b90f86-a141-4a0d-b721-4b105b69b893,47,Female,70,95,adult
9b5c9126-723b-47c3-88eb-a7753630e92a,26,Female,114,49,young
a14ea0e9-0831-4053-996f-4fd2d6796d4b,81,Female,144,7,old
a944386e-b269-4bab-8884-7b19e02390c1,29,Female,23,53,young
ae8e2af7-f88d-4ba2-aa57-313fd4baf0c9,42,Female,137,81,adult
e1fcc320-f7eb-4e01-9d1a-42fddbc2da9d,35,Female,124,30,adult
87db515d-cf83-4d9e-8dc3-3c9160595426,32,Female,121,25,adult
b3af79f6-57eb-49d4-8fc2-3aac55d42a4c,78,Female,63,69,old
d3ce06f1-707d-42bf-931c-eaa949c189ac,90,Female,124,37,old
108ed669-38a4-4ec0-9730-40da3ee100c6,63,Female,76,98,old
a1956b9c-5d5d-4252-b1f2-379b2e12aa31,57,Female,80,52,adult
4886eca0-5497-44d7-b8c3-861a2113f806,20,Female,36,51,young
146e0637-bf90-4c4c-becb-3f64af41fb13,41,Female,171,92,adult
aec37003-d117-464c-b708-63d563eabb9d,51,Female,120,90,adult
dbeb1b88-e42a-442f-a12f-bce076cf8392,79,Female,150,23,old
08019019-63de-4ea3-adf3-b3c443ccb65d,43,Female,81,85,adult
d94002b6-b2df-423f-b030-af1f2a9c21ec,58,Female,137,93,adult
321e05fc-de08-4588-ba94-b9a08011ebb7,26,Female,115,16,young
bb48d4bf-255e-4ddc-873e-492babc15a4e,88,Female,37,15,old
e073b920-3a74-44d0-b700-db432f59d2ac,23,Female,44,52,young
7b7cb98a-3360-4362-afbe-ea293242d00d,37,Female,188,3,adult
bae1c5d2-f1d3-4d53-9cfa-8cc43a20499a,50,Female,168,93,adult
cacf4875-d448-4c21-ae73-d8092d937cc7,61,Female,52,36,old
8e60d77e-71c8-426b-bb4e-8db12819a0a8,49,Female,190,31,adult
547b52c0-f0e3-431b-b8a3-e409c22b5a73,89,Female,173,7,old
a53c3344-2445-4216-a1e0-04f1c9a8abdf,31,Female,22,8,adult
47dbc61e-919d-43ae-b0ef-e11fe11d34ef,45,Female,82,73,adult
a51593c7-41aa-4e35-965e-47b31391cd81,42,Female,33,38,adult
cfca70f0-fcde-41be-8258-dd717882642a,52,Female,60,83,adult
7c0374bf-bafe-44e4-aa0a-d5a0b4a6962e,84,Female,75,95,old
49743526-b76f-48d8-8f3f-e322215ed43f,30,Female,116,43,adult
71e2c7ec-e0c4-4ff9-bde1-a5e19ebaa7d0,80,Female,60,8,old
82a0afa7-b4ba-47bd-8c03-873195d4785c,41,Female,124,73,adult
24e68b45-45b9-4e63-ad7b-f9af8e21ef71,20,Female,62,81,young
e08952b5-4405-4a76-959f-30be82f063a9,49,Female,41,75,adult
43995f81-9a5d-4f1e-a42d-8b5908baf44f,75,Female,192,15,old
bccccd78-675f-45d9-9008-3002883dfacc,51,Female,171,36,adult
101fa8ac-5d99-429d-abf3-b3a7b33c4d44,50,Female,124,45,adult
171bb2dc-3754-4112-83bd-b54e77023a75,81,Female,29,83,old
6445c999-09db-48f7-a06c-0c62ed281455,69,Female,23,60,old
8c019de4-ee72-4439-9b4d-a85387e58683,34,Female,53,22,adult
c213db58-641b-436f-9621-626ece529936,32,Female,190,51,adult
4b34863f-61ab-47a5-b764-b6774aa79fbd,90,Female,38,72,old
d1206f50-ce4a-4794-b28f-e3b065513d2b,78,Female,197,80,old
7d234900-a611-4d7f-bbcf-7e9ebe14b694,23,Female,176,87,young
acc8e327-7a88-4f25-a260-24fa1581e77a,77,Female,199,91,old
765a57e8-f51b-4c28-a078-581bd4f778ec,71,Female,168,13,old
7b6ca4c6-833c-4b6c-a6d3-5c719e183186,84,Female,166,3,old
948e2ee8-bdbd-44c0-a7f4-9d8f2527277c,86,Female,64,22,old
795818a2-a39a-46a1-b886-ad87af1c5cf6,29,Female,157,4,young
df8dd104-47a8-48a5-bcf4-b44844f0c6cf,36,Female,77,6,adult
085f9c10-2475-46e3-bcb0-d52fc649fda5,74,Female,195,99,old
fc97d64a-7957-4dcf-a139-c777009c8bef,85,Female,59,38,old
bd8b5c62-202c-4897-bc8b-f7cd14a61a27,31,Female,185,41,adult
839f2ecd-9518-4330-838f-a400d9aaca38,69,Female,169,24,old
68f82503-5187-4a14-a990-138ba90b0e66,56,Female,171,96,adult
a1f3c88d-6a34-4819-9221-bb62eedade67,77,Female,21,64,old
d2705fae-053b-4df8-8a35-6e29f33c21d1,42,Female,27,98,adult
a8780c64-e2f3-400d-96ad-9981761cae8b,64,Female,45,73,old
2847fcfb-41d2-4dd2-a407-1a35814d90f4,84,Female,190,43,old
786bcb9d-aa0c-47be-b4aa-b0130e3437ad,79,Female,129,37,old
0b04bda3-1f3b-42a1-a4fb-a561e42be3cf,21,Female,132,36,young
65f1cf31-3469-4e46-8190-f4498147a114,53,Female,91,16,adult
a5f72b86-b7b1-441f-972b-c5d353c696f5,54,Female,171,43,adult
95e4d7b0-f66a-4587-b3f1-7c354d604911,49,Female,179,77,adult
418d1843-3093-49b9-8571-bc947c7233ac,54,Female,152,100,adult
55fbe959-5e51-491e-b85c-ee48c594e14b,61,Female,88,63,old
6fc83c4f-42cd-4c80-b345-7e78bbf18922,81,Female,123,89,old
f649088b-2170-4bfc-8a46-1b76614a9da4,30,Female,121,19,adult
f87412b1-6f98-4163-aeae-0f1ca4a5c40b,89,Female,83,34,old
d08c6c56-c9cc-4668-a95a-4a8c9f9f1ab2,65,Female,199,77,old
8d22bef9-370e-44e7-ad0d-3f8ba7902caa,49,Female,165,90,adult
05909170-b628-45b0-af25-6dd4943f9c1d,57,Female,170,52,adult
9dea603e-76a2-4369-af67-91e57103d6c8,30,Female,44,19,adult
e394149f-f5dc-4937-a0ce-d48e5078b016,51,Female,115,79,adult
314c68cb-53fc-44c1-800d-7d2997e09198,38,Female,33,40,adult
4362543e-377f-4cc0-98cb-cb5beb825221,56,Female,130,6,adult
de9a24dd-621b-4360-9b26-fac92e9b3192,19,Female,118,89,young
63043c93-1eaf-4b4d-b029-160e2f15cb5b,90,Female,198,60,old
9a720130-46ba-4f89-a222-10b786478d56,47,Female,154,90,adult
482ddf36-4315-4d3b-8705-d793a9d5b673,40,Female,102,92,adult
3870651e-7ad0-422e-8344-ab2882e9a481,27,Female,63,24,young
df242114-947f-40a0-a72e-1fde89563ef4,72,Female,88,88,old
6bacc9a9-827e-4f30-8406-a03609eb8e9d,81,Female,188,12,old
f0be3b28-cbee-4753-83b8-9a11adb6f63a,60,Female,121,100,old
8e9af24e-fa76-4ce3-807c-d3c81662d7d6,18,Female,145,33,young
a78c01f4-b11f-4f3b-aea4-dd5da175a398,35,Female,114,80,adult
6e700f33-71b6-43df-8526-29e09c73b934,54,Female,176,42,adult
a42144d5-a2f5-4e02-8299-d8337f461f49,83,Female,179,65,old
4c2b0335-bac5-437d-8c09-81913c1c9d8f,58,Female,111,70,adult
ad30273f-8815-4f60-83d6-f3c76d247027,50,Female,92,95,adult
f498b519-148f-4ace-b223-bfe647f6f88c,47,Female,113,82,adult
6b4fac79-12b2-477c-b7ad-5fda3eeb9b8c,67,Female,99,91,old
54903fbc-c7e1-4a3f-b955-ca5ecfec52b6,61,Female,179,19,old
b3000ebf-0149-4b9e-b34c-d901017e6d76,36,Female,96,56,adult
65578be0-a91a-4f44-bfab-90b131bad59d,56,Female,175,7,adult
60d2b449-e9a6-4569-9f32-3d66cbccc664,20,Female,119,51,young
4fafd4b4-a6e3-4b64-b465-1958c5c32c4c,29,Female,132,70,young
6d5136fb-33f2-4e22-8084-4e8c77e9fd96,18,Female,130,18,young
d1b75ec8-48fe-48f5-825d-f9ccb772d8b7,89,Female,89,91,old
ba5684f8-29ba-4d2a-9a0f-cae0a451ab3c,48,Female,60,40,adult
8dfb0b77-6512-407d-a017-d195cfb29cef,62,Female,141,84,old
edd0139c-a4c4-4710-ba94-0bf56dadfa03,40,Female,87,17,adult
0d1294b1-2901-474e-804b-fa9874f4edff,86,Female,25,47,old
33a7989c-e25d-489f-afa0-667687b6a6bc,51,Female,106,2,adult
c74ffdc8-e088-4909-8ce8-7ccc2411526b,62,Female,171,40,old
846f318e-778e-4e08-a3a4-2a3dd7316d25,55,Female,82,79,adult
1e47aa10-7e74-4a54-ba7d-dbb950dc7d1c,51,Female,133,52,adult
e2edaccf-26e0-43c9-baba-d13cf953685c,81,Female,106,28,old
6e414c89-ed6c-41f5-a594-5e6e6a235d1f,50,Female,53,8,adult
1d526c0f-75e2-4305-b280-ee53808dbbca,39,Female,84,49,adult
a50d867b-4de3-43f0-b256-197685f61105,76,Female,197,46,old
33ce0cfc-d78b-4b2f-b759-0df786f5e0b9,81,Female,177,59,old
05917543-3acd-47a0-ba4d-6c8a681a0333,81,Female,35,35,old
9df4d572-a04c-4878-a133-3116d76521d3,34,Female,148,51,adult
0de64267-a896-4e5a-9cb7-61f66e42615f,59,Female,125,39,adult
e9147425-28c5-416f-9635-cbd67fd0d8ed,37,Female,79,80,adult
fcc971f8-fcb9-413e-bd48-033d81e8c426,81,Female,180,86,old
d9adcdae-b2af-4d80-867f-91af6e78b3ab,41,Female,191,72,adult
9324b268-eda2-4848-89b2-adbad7608c15,72,Female,190,13,old
76cd4e14-78ae-4d85-96e1-9f833beb1bc6,68,Female,106,100,old
e4ceecb8-e779-423d-a165-33a85f91c853,48,Female,175,30,adult
593d8d71-380d-4a76-9480-fb90ea6462a3,64,Female,194,29,old
f3eaf2b8-90b2-4457-99e8-a4979e01a292,58,Female,158,80,adult
c8d9bd06-3086-4eb0-b5fe-e3c7e0a2d2c0,67,Female,176,81,old
ec396066-e10e-4946-9593-8308b7d553b0,71,Female,50,25,old
f7289dee-c6c3-4108-a2f5-41777e9b8645,84,Female,92,48,old
a77b65b6-9ffd-407f-bd1f-918d6b3a460d,60,Female,125,41,old
88d5ea91-cdc4-43c9-845c-04ecf9b11e79,49,Female,35,62,adult
4ce6efea-0850-449f-bbb6-9a8e93e2fb23,43,Female,55,29,adult
dcd47acd-1fe4-49fb-8b53-7cf0f46d1a63,55,Female,194,15,adult
5b4f0198-4943-4695-a214-09ec636eeec9,57,Female,50,93,adult
683105ee-eff6-42b7-8936-82ee9cd0c73f,76,Female,123,17,old
19b6b61c-7552-4002-a386-613e79e3b2d9,79,Female,180,48,old
c20a06e9-3025-4a77-916b-b9ef37005ecc,57,Female,24,83,adult
dd67bdeb-26ef-4408-99d4-fd58266dbdeb,65,Female,165,51,old
9a8ed3fc-8cae-4cd5-b72a-d88d37808fb3,61,Female,113,18,old
2f62b095-accc-4cbd-b199-148724f7bd83,19,Female,183,10,young
dbf9821b-54f2-4310-a3b5-63dd3a3a5fa1,42,Female,101,97,adult
044a8e8a-4499-4e45-a88a-55a837d19849,52,Female,173,52,adult
6a60b880-9b9f-4303-852a-5f79e659f6c4,79,Female,29,26,old
b3a86627-9bac-4e4d-941f-bc3297160ac9,30,Female,146,85,adult
00e5bb34-7e20-4938-8dae-42287a17f429,32,Female,50,26,adult
7a668d3c-4658-4734-a45c-021261bc503c,74,Female,91,89,old
b723a784-a38f-41d7-8687-c1c671e91a9c,81,Female,64,27,old
7d657d10-1992-4d72-b926-55f9400a9e0a,75,Female,113,67,old
b090cca2-2f65-459b-9ea9-f6fd920bb39d,57,Female,152,3,adult
3a78fa83-fc22-4237-910c-d04988cedac6,81,Female,179,16,old
8827234d-4517-4c74-ac1d-4f92d97f4dec,31,Female,55,26,adult
cd45d33a-1544-4f61-9d5e-7beec9c941e0,19,Female,93,69,young
ebd23e4a-a9b2-4bb3-a855-e78508f4b6a0,71,Female,38,1,old
082c4f34-daaa-4164-8f4e-bc9e1b3defdf,30,Female,50,58,adult
b341ab08-fa5a-4057-81fe-09cc9fb3b702,34,Female,135,89,adult
a6e80a1d-8125-47f6-9c52-f704c612eb13,34,Female,30,54,adult
0a881850-7e1a-4888-bb90-578260dc37ea,46,Female,128,22,adult
48eb5798-c2a6-4e6d-9066-714513cf5c71,23,Female,32,30,young
cfe00477-51c8-4a68-971c-f552e99b4886,85,Female,76,44,old
4b99ec99-d6cf-4c79-b44a-0f5372c32768,21,Female,87,54,young
8bc625f2-d583-4c84-be06-57e58169e279,35,Female,175,90,adult
313f4207-9037-4bdb-a920-a771608833c8,83,Female,59,9,old
8a139c13-4901-432d-8b16-3e6b81fe7611,21,Female,117,50,young
bea96c31-0103-44fd-a5fc-00da7d213d70,69,Female,117,42,old
bd456876-b1f3-4c39-b849-51420cdda5e2,66,Female,63,90,old
8d7e1f97-0cf3-4346-b780-e93c559d1a53,89,Female,147,25,old
98b5d6af-86e9-4c47-afc0-464c5762c399,78,Female,88,98,old
706d46b6-b66b-4cc6-9b2a-00fa1dfae3a3,68,Female,173,21,old
63adcb2e-ec0d-44b0-ab46-20e63178cecf,63,Female,37,85,old
feb6624d-5038-42ba-b057-28bbe2a840b9,26,Female,92,10,young
8acb8d67-1628-49f4-ba62-e771264304c5,80,Female,39,22,old
b1f7b83e-0e73-4fdb-aba3-3fb2389dbb30,25,Female,20,80,young
c68bf42f-6983-41d0-abef-c41bcf341014,86,Female,56,64,old
9887aae7-66ae-4d6d-9dba-b1d36a849dcf,80,Female,55,1,old
0fdfe5bc-3918-426c-aa3c-71ff0ad3afc2,30,Female,152,33,adult
953dd111-904f-4288-b3be-f6ebf5e36e95,27,Female,69,14,young
0abfbd37-5bde-4463-bf00-58bd2572622c,68,Female,107,87,old
b9c87dcb-68e5-4a8c-9b86-6827d60705b6,47,Female,86,56,adult
1be7c049-d832-4ba7-a02a-849abbe6d49a,46,Female,189,48,adult
ee5e4f31-5361-4c3d-ab80-757c1caf0d59,86,Female,77,54,old
688e8460-6c08-46f7-b744-108aebefd662,78,Female,94,100,old
6bb63772-3c21-4e84-b62c-25ff7207762d,30,Female,65,78,adult
c8aebac9-1f5f-48a6-8d60-daef6b637e53,53,Female,166,17,adult
a4aadc67-2c55-420b-bc38-37bde52ca625,79,Female,150,66,old
2a8c75d4-ae18-4003-9b6f-088599c2cf88,33,Female,168,33,adult
c38e9e95-d4da-44fb-bc06-d8ad12717e03,65,Female,102,52,old
6645a051-2ea2-4f07-b568-42ca154c3454,33,Female,117,21,adult
c5b8a210-9a71-4b63-ad16-93a16f5de0de,56,Female,184,46,adult
7e810404-1035-462b-ad2d-e89399e2c416,76,Female,123,79,old
f765784c-2849-4b1d-b06d-45ecf1c482be,71,Female,159,71,old
92850089-195d-4a5b-ba0e-bb78acd93a3e,32,Female,44,62,adult
2f4a3ce8-dde2-4fb7-9ed9-5fcc8e1bcdee,60,Female,143,18,old
2f528dec-0116-4832-be51-3601a9457e78,25,Female,163,17,young
0e60f907-2c28-40aa-aac4-a485808f541f,25,Female,99,30,young
9ea4ed60-7608-4d1f-a566-3ecb017c221e,51,Female,49,16,adult
cb647504-ad8e-4c22-94a9-39a2b4be81eb,26,Female,44,31,young
b9f03d66-5ebf-42ae-8cb4-ea90f0d6a0dc,82,Female,109,49,old
0229bc0c-d69d-4213-9488-941895a60f6f,42,Female,45,9,adult
90aaca1c-b0f6-4e57-a62d-10223bea1dae,89,Female,169,42,old
fd05b627-15ec-46b1-8015-e23a273cec3a,30,Female,76,39,adult
b2b16e6f-e12e-4c3a-a1dc-2bba20b412fc,50,Female,156,2,adult
d83c89ae-b29b-44f6-87a5-046ca4744517,65,Female,44,67,old
f735b4c7-fd5f-4c46-8109-a976abad4d0f,86,Female,160,53,old
6a14bb5b-f3c6-4de0-a353-ca6b93c0550a,75,Female,139,20,old
56dd9268-ab81-441b-bfe7-39fb44321cb9,84,Female,50,65,old
a8ba77a0-8ea6-4546-8169-fadc7cc80aac,30,Female,90,66,adult
4bdc59db-55da-42a3-89a7-4602373b64a4,76,Female,101,79,old
7bd94faf-cca5-4e01-9bfd-4e5c57cc3776,58,Female,190,37,adult
63311c44-ebc0-442f-a581-b643d767ad81,85,Female,160,47,old
e09435c7-e058-48ef-a991-6949d3bd562c,29,Female,126,15,young
d389b179-262b-4069-80dc-da3d923550eb,56,Female,98,81,adult
2f7cdecb-b5d5-4ba1-b6a4-9fc24373400d,42,Female,22,70,adult
d6a28c96-922a-40d7-9966-5a6b961d381a,36,Female,46,39,adult
c0e29e10-daa0-4ec7-b3ea-4399ead54393,75,Female,106,56,old
8ffb77f8-3e4e-4e62-bcff-12734877d084,34,Female,36,76,adult
6f442c36-c881-4041-b115-357d264cf78b,34,Female,162,20,adult
86fd0754-7e38-4fcd-9e49-40bae50a0c06,53,Female,68,3,adult
5f2e86a3-d244-488b-ad36-c79cf46be46b,35,Female,193,34,adult
7a509b25-8e2f-4907-a2d9-7e90723528c6,50,Female,191,7,adult
f3ed1f2e-8fb0-4687-ab2d-448c497b9413,76,Female,49,81,old
0256402a-81cb-42ff-ba34-5f4dfcc36939,69,Female,84,97,old
8945985e-60de-4a8f-9b7b-b3c538581fd8,88,Female,24,74,old
f044b054-5546-4eae-9942-e0a657cc124c,40,Female,102,49,adult
1db694aa-8eb1-4d7d-83ba-183745993587,27,Female,80,18,young
f4fdd6f7-f6cb-4c23-9964-6c715c754d8b,26,Female,179,55,young
36acd568-9b2b-45ab-b10b-2aeb10ef88fc,79,Female,126,23,old
1a53a4a4-c16b-4386-bf28-5842cd3f3f9b,24,Female,167,74,young
1a695b18-c729-471f-9243-f2ae9dbae9db,35,Female,54,7,adult
f7a9e3f8-4567-4fd9-82ae-00469fec391a,72,Female,173,2,old
7051c7e2-5864-470c-9cea-15e5d6f9efcf,69,Female,32,39,old
2b5361cb-9fe3-4129-aab5-fb6c45e22051,71,Female,66,60,old
50fbfed1-7d60-4398-bf45-3f246bb6369f,45,Female,68,79,adult
720d5085-0248-4939-b8c1-9261b5896cb5,40,Female,28,88,adult
02da8108-fe4f-4300-a4d3-e2210f8d240f,35,Female,105,49,adult
21c26582-4425-4296-8305-4045edba61b8,70,Female,109,6,old
a0504768-a85f-4930-ac24-55bc8e4fec9e,29,Female,98,30,young
0e87c25a-268c-401a-8ba1-7111dcde6f1a,18,Female,112,48,young
5f388cbe-3373-4e16-b743-38f508f2249f,26,Female,94,5,young
