Customer ID,Age,Gender,Annual Income,Spending Score,Age Group
e81aa8eb-1767-4b77-87ce-1620dc732c5e,62,Female,71,76,old
b20fe0a0-e254-4116-b804-5403bb2f59ea,62,Female,63,3,old
4be5f5b0-83f6-4bd2-9056-18a8d5414066,63,Female,89,80,old
dc35a079-c3db-44f4-8612-d0af9daea414,64,Female,33,81,old
eb6d1dfc-5b3a-4ade-8521-71db4659ad13,61,Female,38,15,old
896aef6f-4dc1-4b4a-8805-68ced6971458,73,Female,171,55,old
e8db83f2-90bf-410e-bd1a-7c9ee14ca32b,90,Female,123,25,old
068b3da4-216a-4157-9474-929a1a10cb6d,82,Female,85,66,old
daf07560-6a2e-47af-9c4b-66a63b93ac34,84,Female,36,5,old
7c3297d0-408b-4e5e-9c4c-abc9816af35a,67,Female,129,80,old
01552f1a-7600-4641-bed4-8e255b8c61d3,69,Female,73,77,old
579b69ca-a392-45fa-9c5a-25284b10720c,63,Female,57,2,old
7a9d06b3-26cd-4b0c-aba5-3bb0d0b93c2a,80,Female,31,49,old
e426ab28-977d-4660-95ab-2b387d478cc0,83,Female,174,53,old
7897bafe-61af-4fdb-b71e-adc2127aadf8,81,Female,189,45,old
32cc9d1d-1db3-40f2-9a29-06f8b37d0463,75,Female,118,35,old
50bbe6c3-4d3a-49ae-a529-4b94492fbe8b,72,Female,66,53,old
767bc943-ceae-4dd2-bad9-3fd9c89d7db0,72,Female,36,72,old
af160348-4b39-4b4e-984c-8c078e995f5d,81,Female,111,34,old
9e5e3cf5-07c0-435d-b0f3-fbe03cf91807,64,Female,120,20,old
71a58421-e129-420e-85cf-9292c4d2f309,68,Female,194,35,old
8050f9eb-d0a0-4389-8081-65ae272944b4,90,Female,34,98,old
690e0568-49a9-475f-aa19-567b98f977bc,72,Female,62,59,old
8ec74f4e-2836-4605-bf4e-0be43ad7976f,70,Female,198,13,old
a04d4663-eb9d-4fae-bab1-2549c7e02be9,88,Female,168,51,old
65f4810e-a2c3-4b7c-ab9e-00e6a91ff435,72,Female,83,32,old
7b60bfe9-99d7-4355-94fc-0a424055eb05,65,Female,151,44,old
b7b6c61d-d600-4a63-89d4-157f2012c68e,78,Female,91,77,old
dc9ca753-aa31-4708-85c5-fa1da4a046d0,87,Female,47,76,old
3d83a678-36cb-4cd2-8768-da1634cd1fb3,77,Female,95,92,old
25cff4ef-5d2a-4fe5-98ee-7ddbd8c0203b,67,Female,63,26,old
7af6d0a2-e4c2-4302-8158-796dfdfa44eb,85,Female,142,11,old
d9d6674e-8eba-4144-b010-5dc49f7b5da1,63,Female,112,91,old
48ad970f-c5ad-4018-bf63-4901259b7b5b,85,Female,130,37,old
5a6238a5-053e-4480-ac75-37a6874af50f,81,Female,125,24,old
1e506e9c-75b3-461d-b7b1-b149e9a21511,65,Female,45,36,old
493bf3e8-4f51-4842-823f-a2d668293c11,83,Female,194,55,old
175f200e-4faa-4287-96d5-71a85f4884e1,61,Female,60,36,old
37ff2828-b196-493e-abe5-885e907f3b7f,84,Female,144,1,old
fe2f4101-90dc-4df1-b9dd-14d553d1e389,89,Female,88,50,old
5bd39ccd-30fc-4598-818a-770632bb7729,89,Female,91,59,old
8640e224-9096-4a13-a32e-662b3d1504c1,69,Female,58,35,old
2f971837-3a6e-4928-8a41-d0d8b4b87af8,88,Female,173,69,old
4afae204-64df-458a-970e-9fb503bd5b00,61,Female,24,59,old
4e3f3a44-cfcf-4c9c-b93d-9b00d654880d,60,Female,190,98,old
9033d3aa-ff53-4145-b47a-750c07f58dee,78,Female,23,91,old
896b6076-0e1c-40d4-aab7-336a4592610c,90,Female,118,85,old
7235955d-eca0-4fd9-861a-7042691e3d5e,86,Female,28,37,old
836d7eca-db4b-4c3c-8d6a-a771b070551a,73,Female,145,54,old
d11ba8ac-69f6-4fb2-bc56-abb52d4966fc,88,Female,37,4,old
a2257473-45d0-42f6-9207-cbdcfb76515a,60,Female,43,32,old
80149259-8ffe-43f2-9016-ad52dc3e5443,85,Female,60,38,old
113e23b5-5cae-4357-8b9d-776c81842ae6,60,Female,92,89,old
31b0ef92-f4dc-4bfd-bb88-fc8ba17d15b3,82,Female,160,44,old
a465c323-1e47-44d1-a869-a105745034b2,76,Female,75,27,old
9c3be039-ea90-42a6-87c5-7175356cf8aa,72,Female,70,4,old
82737042-63a8-49f4-b8d9-338cfef4dd03,71,Female,97,33,old
6614b886-287a-4a0e-b48c-82d49f977d97,84,Female,139,90,old
ce649a2a-76c4-49c2-bb2a-6c1c5d475264,67,Female,194,23,old
3cc5c19d-687c-4698-be67-dd74ebd83432,81,Female,117,89,old
a42124cc-e365-4043-a41f-213589b4e7be,72,Female,107,38,old
a3dd05ac-dd9c-401e-9831-f831c85c67e8,78,Female,125,95,old
c60bd59f-b270-4f04-aa4c-89ee267dba18,60,Female,127,31,old
9807af68-f1f5-4a80-94ff-aacafee303dd,76,Female,75,37,old
d4d2ae0f-ed77-46e1-8647-21bdce205458,77,Female,127,52,old
a3b537d5-a1ac-4d91-814d-2a7fec102c81,67,Female,121,87,old
e96f6f63-f71a-4f4c-8125-e53652a1b58d,76,Female,189,39,old
b41d027d-48c8-4d1a-8de3-0e3a57b4e818,72,Female,148,95,old
bd644298-e43d-475f-98f6-67b03dc136a4,85,Female,173,84,old
e57fdcaf-1394-46f9-9eb0-fb3ef7aa6fdb,86,Female,109,29,old
bb5c5d99-e2d3-4767-8d83-2c81a991a0c3,83,Female,178,29,old
ae72e9c8-0e7c-487f-838c-6249adecaf9a,77,Female,170,55,old
75bd7ea9-ad1d-4890-90f5-4ea85288a6f4,76,Female,170,6,old
60ffb19f-7110-47bc-993c-1739aeb1d231,85,Female,101,96,old
c8864ef3-b849-4dec-9600-953a882fe63e,82,Female,24,23,old
c33a5ab2-6085-438a-9d62-a70eafa8beba,90,Female,140,10,old
52b73425-892e-4595-8ca1-5a0c899eeca6,75,Female,71,91,old
5ad09a15-5b72-4ed8-9e22-eafe4330774d,78,Female,137,33,old
fc69ced1-ed6c-485b-be9d-8db4d4be9fa7,71,Female,198,15,old
a05031f1-d780-4ff4-bbc2-73c14f1af48a,60,Female,124,98,old
71f0eb99-7969-4c85-908b-454e7e32998f,82,Female,39,26,old
83462fb8-6625-44ec-82dd-c54cc9304d2b,77,Female,110,74,old
070d9fd6-3c66-49d9-a5b1-57bbb23c4f6f,71,Female,123,66,old
30979e64-0948-40bd-8a6e-92edf5bc5b70,87,Female,135,78,old
b3cf2f01-e7c5-4b45-baa2-d5ab405edbfa,88,Female,94,83,old
03b3e12b-23a1-4970-b138-307e6def23b1,69,Female,180,53,old
e9f8f932-ba71-442b-85a6-56e0d50805b0,88,Female,82,73,old
27e8160a-88ad-48d9-9056-52bd2f225df0,63,Female,127,77,old
eb18a22c-1e00-4082-92bf-b878b834687b,85,Female,199,89,old
faaa3db8-0aa0-4175-b6b8-4b880a029c34,77,Female,102,100,old
8e84e92e-2f61-4830-95f0-bb21df844e8a,68,Female,91,1,old
6715f282-f30c-4f4b-9f27-5088672cda3d,82,Female,128,14,old
62eb7d37-667a-4a1f-8d21-40fe0cd81ec4,75,Female,185,47,old
a4ac7a11-4425-4b2d-a7d5-3c9bde3cf26b,78,Female,107,94,old
478352ed-b9ef-459e-a590-21bbc3082dfa,66,Female,135,59,old
c50ca4d2-dc17-44b4-bc05-7ce1f9cdc26e,86,Female,75,6,old
38ae414c-383f-4f9a-976b-e1b24eef957d,67,Female,188,10,old
dd8b9d62-3810-4077-99ee-1a72c45607af,69,Female,198,25,old
b799551a-fe07-4c8e-b70a-d5df9d66ed81,72,Female,164,46,old
66e27f9f-8e65-4952-8406-0032a49fce0d,62,Female,55,76,old
fa4bd116-edd0-4e77-aed1-0f929a1d0043,79,Female,70,29,old
edc7e074-4462-4bd9-baab-326e27c5adeb,80,Female,157,67,old
19e1ca6c-b0df-461c-8cbf-94dd9bf341ec,79,Female,96,76,old
126ca1fd-f0ef-40da-bfd2-1565b09c53c3,75,Female,124,27,old
ccfe065d-ce0f-471c-9647-deb0bb47a646,66,Female,160,32,old
e221873f-4c77-4703-92ef-bbed279c81e3,64,Female,137,60,old
4b9cbf06-dded-4d07-8c1a-02ee164f0d18,73,Female,59,35,old
d958ae49-2043-4eb4-8462-1aa621b486db,63,Female,96,99,old
c426a010-2777-4b68-b361-90601fc72cd5,83,Female,113,70,old
98af53c9-19ba-43e6-98d7-029b2f6da6eb,86,Female,72,54,old
380f9990-f597-43ca-9491-4fd6f61f5a03,60,Female,109,80,old
35b87d46-cb29-4eb6-a0b5-fc17ec631fdd,64,Female,177,68,old
cf64f0fe-6060-440a-9cd4-40379bbceda4,77,Female,140,22,old
1fb9276e-2d68-4149-99ac-447f4607c084,74,Female,41,75,old
8fb6886c-ec45-4839-b914-96a71b188574,83,Female,26,74,old
5037bd1e-3bdd-4424-ae1f-6d6197d2166f,79,Female,123,7,old
9988976b-8450-4d0f-b971-83e476609025,84,Female,89,51,old
2d7ea03c-040d-4b35-afb8-a5ca883bb866,87,Female,27,33,old
b72c7273-4639-4693-9982-17bd3c1221ee,69,Female,94,12,old
2dbd6575-fb6e-49a2-9238-278090c2fbf0,90,Female,115,2,old
ed492f68-039c-405e-a34e-5202719c2a40,73,Female,125,15,old
833b203d-0e6b-475a-bdb8-bc553ec6897b,83,Female,104,1,old
c1b553a1-4b60-45a0-8504-4107f7495621,77,Female,32,63,old
f2cca858-ac79-4b3e-bd2f-b99ca2b49d00,72,Female,39,31,old
a696eb09-1ce6-4f1b-a3c1-336806397bb0,81,Female,73,24,old
d717f4be-dc78-4a01-a3f5-11e57c4bb43b,72,Female,161,97,old
56d3b30b-c2d8-4ad5-b031-394668d7638e,83,Female,164,18,old
b304514e-1a28-4e8e-8c54-39969bcd19e2,66,Female,140,44,old
09d2443c-4837-4d9d-84f9-19d0e979056a,72,Female,39,87,old
19d578e4-d81b-48d3-9b8b-7fab47566bbc,69,Female,78,41,old
2e976814-847e-4158-a032-fd0c0320ce4c,83,Female,31,58,old
30f5d3bf-0bf7-40de-b300-dafed77e7ce6,70,Female,91,11,old
f0e9e0c0-867b-4065-a35e-21fdc7d86b3b,85,Female,153,31,old
dea3732f-67ac-47b9-8631-43956f311b49,87,Female,153,70,old
588d0ee6-93bf-4c1a-88b1-370fc6ca761a,87,Female,25,70,old
8240fcbc-7598-4999-a4d5-dc4bb6dcd972,64,Female,184,18,old
f0708652-3dca-4b5a-86ba-c62e0f76fd1e,82,Female,195,74,old
7cee04e5-c37d-4d69-a58d-082b1b4b5f9c,90,Female,199,11,old
5162e1fd-bfc0-4091-9be6-7d95a314db88,71,Female,74,26,old
fe0508c0-849d-4766-b9ee-6a94034fabb2,71,Female,69,7,old
2c24d845-2ea3-4c81-8d75-ef0574a480e2,69,Female,140,31,old
8570eed3-2861-4032-b3b9-25e940a420c8,87,Female,132,6,old
6a2b5660-4f26-45f7-a80f-bc9f729e78d1,80,Female,49,31,old
39f7c919-5a06-4705-94b0-1eed8f21e01d,68,Female,141,51,old
3b2355b0-2e66-4aed-8c9b-43d69dbc3096,66,Female,113,73,old
7524e39c-df23-48d3-aca1-0ba89b88501c,62,Female,151,36,old
3281708c-174f-483c-bee8-7dcde4c6f3fc,81,Female,103,6,old
8d61da5e-fed3-4655-a5f3-3a83897059e6,89,Female,134,2,old
df980bc7-a3dc-41a5-b7ef-67389da34860,90,Female,39,64,old
0601524a-1e93-4373-bd32-d92cf3a4302a,66,Female,67,81,old
65c35dbe-dda3-4dbb-a1b4-a3c37b5da1d7,80,Female,137,85,old
d0a6be37-42e7-4377-960b-9561d97b648a,85,Female,49,15,old
2d5dd87a-f459-4f9d-950b-80adbfcaafdd,73,Female,190,63,old
839d2215-8007-4989-9045-706fb02a1fac,60,Female,174,20,old
d3042a42-b171-454a-bce5-9fffde29c367,78,Female,46,72,old
03cf4257-d6ef-4c30-9d4e-5955006f2204,61,Female,159,70,old
ff552efd-fb47-492f-a2a8-dd12391f1e7e,64,Female,166,55,old
be468f94-0bc7-42c2-b3dd-c2e876ab1107,83,Female,119,21,old
4e3db335-9f2d-429b-b6c1-f7072cfe4a99,71,Female,148,83,old
1bb22e4a-d012-4640-aef7-410d96d3d827,64,Female,82,73,old
911df345-10a0-4c3b-9f41-1da98010538d,65,Female,183,82,old
991a709b-4fff-43c1-a20e-8f7de373e9bf,86,Female,197,62,old
d4781c2c-b97d-4fb9-ae27-7c5ac3ca3f83,69,Female,65,84,old
c73ddb89-03d8-4ec9-90bd-7a481fd7ccef,70,Female,161,45,old
a6dc29ca-8b04-4448-975b-31ac1748210e,62,Female,151,74,old
f2a329ad-fabd-41b9-8999-9e62260b087d,67,Female,143,12,old
f8fee8be-cd41-472f-9e5d-14f84b46f769,68,Female,130,70,old
7f547a3d-721e-4c4a-9d50-827be608e546,66,Female,181,79,old
d5154d94-1462-4efc-92c6-58f603075cd5,71,Female,95,36,old
513329d4-a94a-48c5-88c9-72f1b6a35c96,84,Female,33,68,old
c5b74aeb-95e5-49e9-bb9b-0177b192abda,76,Female,99,84,old
c090d3f7-9deb-44b1-aae8-e2c7bac6ddb0,80,Female,81,8,old
5deb2d97-0e53-40d4-bd56-8439ff01eb84,84,Female,72,89,old
653bb2c6-c7ea-4d03-b274-a56bfdf34e80,65,Female,112,58,old
978b178b-68e2-4935-ba9f-a9bf42c6afd5,86,Female,155,87,old
c3f1edda-36cc-4ad1-989a-12a2aab73f17,70,Female,135,60,old
345cbe12-872d-459f-87ab-e5e5d6d64550,64,Female,49,70,old
8f7b9958-c57d-498c-aaf0-ed51ebb9c508,87,Female,179,27,old
19a5305a-56b3-43a7-9b0a-9141ca40d039,85,Female,134,1,old
88bd6c64-513d-4fcd-8992-7aab99de246e,69,Female,169,10,old
160a552f-87ea-4507-9bd6-b2bab6e72ace,80,Female,102,81,old
7d86deae-48e1-429f-a63e-6dad090b860c,83,Female,39,21,old
abd7f164-3b79-4797-86ba-d1e0e9207342,69,Female,132,34,old
6fcee766-95c7-47b7-9f6a-ca0a4767eba9,64,Female,144,85,old
b3f2cb9c-695e-4037-9089-1492a89bf5c9,66,Female,34,7,old
5102b61c-8e3b-45ec-8c32-58f5a63b8c04,73,Female,118,23,old
356537c3-bde9-4475-8627-dddddadd1fb0,72,Female,90,43,old
816a6195-7a3c-49e3-bb73-73099da9ab4b,60,Female,68,12,old
1dca0459-7fd7-466d-abe8-a87a1ab07d99,65,Female,180,67,old
ee6aeb93-be4e-40c8-942b-13a6463f1df7,62,Female,122,41,old
46a4bc48-df3f-40be-9494-27f7d71c8dc2,60,Female,36,58,old
7e0c7413-2dc1-4dcf-8118-4e7fcf48b511,80,Female,74,40,old
38d1cdbd-5bae-4658-9512-697155e7a40c,63,Female,150,13,old
a4be8259-b5ff-47cd-849d-f28934dcd0b4,63,Female,78,34,old
e211d1dd-c141-49cb-a6dd-d444188db5a1,72,Female,120,81,old
897674a0-c865-44be-bf59-fbdba2627119,85,Female,126,72,old
ec38bff8-ea49-41a9-948a-d5be29614c98,62,Female,32,1,old
3abcf8a9-4280-4709-95fc-bf6c64d9f2a5,79,Female,109,26,old
1d84d9da-e66d-419f-b372-4334a9de73d3,90,Female,141,45,old
381229b1-1874-49db-a17c-c715bb59591a,83,Female,126,12,old
ffa43627-3fce-42ca-917a-6a66b5ec9438,81,Female,162,50,old
1969cafd-4638-434d-8efc-da84379aa717,75,Female,97,78,old
a3b31137-e8c9-4425-aefc-3049310fad53,90,Female,48,87,old
bf99e465-9ef8-4187-b74c-d4b4dd3ba1c9,64,Female,190,84,old
36062911-9933-4ea1-8870-345b726d8389,69,Female,162,45,old
2d0eca57-2db7-40e6-8cda-049fc816013c,69,Female,44,31,old
bfc16327-daa8-4d9c-8775-07f03d21c189,89,Female,163,75,old
398d1ff4-998f-4e8e-81c9-ec4d38bb168b,75,Female,111,73,old
9838cbca-0019-4864-a498-4a39c5d15f7f,74,Female,78,81,old
2ffc9bcc-3732-4301-949a-18cdf17e86ff,86,Female,193,27,old
74778df3-533f-4aad-859a-d6c1526af549,82,Female,48,25,old
a9999eb2-7917-4c41-bf00-107817d1e5bc,63,Female,117,17,old
e68235ed-41d1-45cb-8698-b4ace7ee6603,60,Female,176,7,old
f8fe4769-8ffa-4898-a6d6-2ee42f6820cb,73,Female,178,75,old
785ba893-2694-4060-b09d-7df175bfc5aa,76,Female,125,9,old
065b4994-02b7-4485-9b93-35f8fb2f480f,69,Female,112,59,old
c900e17c-8f6d-4653-9505-bfdb98f4ccd0,83,Female,62,1,old
df0b1064-2897-417f-81d9-b97780310530,69,Female,30,11,old
9e4473a4-d409-462a-85fc-f8d99f784da0,85,Female,63,7,old
a004bcb2-0622-44b2-a46a-5120deeaa4e6,65,Female,188,28,old
c4cb3bea-5f04-4ef7-b744-ba396e675fbe,79,Female,100,18,old
fd628ac8-2ec5-46ab-a131-4e747439e1c1,78,Female,186,60,old
cdaa7f9d-0b61-4995-a138-908dbbe727cb,69,Female,157,88,old
9637d9ae-01f8-410f-be4d-51ec5d9e7b5c,82,Female,137,41,old
2c565cbe-eaa5-4f29-9057-6a538bab26ea,83,Female,151,71,old
f7e3fbf1-606c-4e62-b9f5-6a9eb665f278,77,Female,129,13,old
61d354bd-96df-400d-90c8-5136cdda997c,81,Female,110,38,old
052c88ff-d998-4265-8075-81fb330a8649,66,Female,119,14,old
0a760b97-a893-4e45-944d-36da912c6b9c,69,Female,83,95,old
5f3f7a60-b9b2-4989-8814-8e7d0adc4fbb,80,Female,24,1,old
651419a0-a288-4ba1-8a0c-55c53621fdfb,78,Female,99,19,old
a2531f54-281b-4113-bf40-c52684376979,70,Female,154,31,old
f9baa5da-5b3e-4fec-82cb-243a9bd91571,83,Female,186,72,old
d5b1cb9b-1c29-4f6f-8a02-50357609db3e,87,Female,48,46,old
a6f70fd6-c62c-451b-99eb-e0b220f6676b,75,Female,31,95,old
d9c24d2f-130e-4887-81a4-7d6a3b514b4a,81,Female,118,39,old
eb904ccc-e076-4f0a-8dee-a1326533faee,66,Female,26,74,old
a88a4cfe-e751-45b7-9d70-a22bb0555ad3,61,Female,62,90,old
6445069d-eced-41f2-b56c-e51735833ef3,90,Female,154,94,old
3cee26c8-e2a8-4998-8392-98f3b3eb682c,60,Female,101,54,old
0729321a-3947-466f-8afe-e288543aacbd,84,Female,142,10,old
f05d9955-cdc0-472b-92c8-256c7c3d1d58,89,Female,141,12,old
9824bdc6-1316-4ee5-b21f-035f71e584fc,72,Female,47,56,old
ba7f0539-8d6b-4e44-8ded-b45960933fde,85,Female,109,2,old
2258a820-c6d2-47be-adcb-ccdbf632566b,81,Female,122,56,old
f8a91903-05a8-49fa-820f-d04aadfbd09d,73,Female,55,27,old
592b97a1-46aa-42f7-acb7-0bb15591d4de,60,Female,184,34,old
026bcd27-d56c-43de-a91d-6e3dc80a176b,62,Female,24,7,old
874f9ee4-8cc8-4b4c-9f28-7e1d9b1d57f8,90,Female,153,81,old
cd9c0f34-3415-4d71-876f-ffa6cc12afa5,70,Female,125,46,old
9ed5962f-270a-4880-bff2-57699d8768d0,88,Female,78,18,old
e1518b17-2d4c-45db-a4ee-abff1ae664c5,63,Female,142,28,old
37486c48-ff52-4804-867c-e426c36ea87f,77,Female,156,47,old
7beedf31-535b-4dcb-94f8-50bcdb9d8d23,79,Female,62,55,old
46d3559e-e92c-459d-b69b-5c241b5c4aa8,87,Female,182,14,old
ab5ba77c-5bbe-4537-bc7f-62f12b442f41,85,Female,101,65,old
6d88bdc7-f7a3-49d0-897e-06c2a5dfdb5a,75,Female,143,45,old
7df7c150-d03c-4f78-93b2-da03161495b7,63,Female,121,9,old
8f266306-e629-4aa8-a720-cb4abbd1f557,65,Female,40,52,old
49a961d1-010a-40e7-a550-2743afd53f51,62,Female,97,5,old
66104fc6-b68e-4a1d-8ab1-fdb34f18dd98,78,Female,46,59,old
02a8cd40-4d7a-48ff-a370-95388d57ef2f,70,Female,68,3,old
c9f0a7d8-eac4-40fa-a370-0ab100847308,89,Female,35,13,old
4efa8a7d-d370-44e6-8177-9c5100f8b3b5,79,Female,141,59,old
8dbb85a2-d054-45b9-9fae-c128b2ce1f04,84,Female,80,25,old
dd7bf620-4e8e-484f-953e-fe7a7acd2eee,69,Female,184,37,old
f5350002-7fb3-48de-9bbc-97d434da0fcd,63,Female,39,54,old
1515f894-cd2c-4e68-b489-6f27f040c0c9,70,Female,90,25,old
a94b25e1-3c2e-47f9-9737-27f8557d1ac8,72,Female,174,13,old
9eede71f-2ec9-4e36-9ba9-e9d00fd9b527,62,Female,47,46,old
9db824e2-ed59-4789-aad3-1cc4486e3ffa,65,Female,107,59,old
ff396fa5-0a9d-471b-99c0-0f4452e4628a,82,Female,193,39,old
32a2254c-21db-4300-8ef8-b0e1ef65b12e,60,Female,56,28,old
faaa57b8-259a-4a86-9500-d9ece440603f,76,Female,100,30,old
821c661e-a0fb-4104-a45a-299905205623,71,Female,154,91,old
fe3b90d5-acda-4790-b715-63f044fbd423,74,Female,129,63,old
3baf61b7-5e9b-4dc6-aa09-32c338da1a2c,78,Female,56,26,old
3a3b9eae-1fd0-4a85-a911-8f0e7ef37c1c,82,Female,29,91,old
236f4a48-f144-4eb1-9be5-8c5e2e2285d2,80,Female,80,57,old
2f2159d2-db2f-43cc-bdfb-78f93e6fcbbc,80,Female,41,17,old
7a3b9222-ab03-46a3-91a7-6d3c5f6f6a1a,79,Female,20,82,old
db6dc9ac-954c-4f0e-bdb4-34ec6e2457e8,78,Female,60,74,old
a990865f-5707-4da7-9885-a6c035366de4,70,Female,26,20,old
9fe2b294-4084-4b4f-b39f-14e5e3057489,62,Female,124,41,old
3ef2bacb-c20b-4394-977f-6d1c1b98e03e,88,Female,122,14,old
4c131ed8-70d4-44dc-a483-5a8c92fbc0e7,80,Female,188,20,old
5d71a3c3-da0e-4a3e-b3e8-fb0ccf57f95f,81,Female,36,89,old
e775e59a-1b2d-4c6f-aa35-0c15ea1ee931,67,Female,185,68,old
2117407a-9aab-4bbc-9fde-db9f457827d8,78,Female,120,93,old
e23db070-0994-4b6c-97eb-4cbef10254be,78,Female,147,6,old
fd4259fc-dca3-485f-b311-4b5e16345ff0,81,Female,23,10,old
50bcecbd-1c2c-4c99-ae10-aa28d0930a71,88,Female,70,93,old
8b233cb1-3ed3-4534-9ffd-bee85749f170,67,Female,104,53,old
9984e3d9-cef1-4e95-97d5-16c74164f9bc,90,Female,147,33,old
6f4a1d81-2cb6-408a-a9f3-ccc269851326,86,Female,51,67,old
2b8063c5-b7cd-4056-b570-0ae9d55dfc80,89,Female,131,23,old
0572897f-b8eb-4fe2-a410-c249a5398b9b,62,Female,97,27,old
054d8032-44bf-465c-80f8-cdfd90caf095,70,Female,121,3,old
1663c72e-20cb-4726-8930-0eb82e69e17e,84,Female,115,54,old
f9de7a77-5c04-4a60-90c0-e5414d54bedf,70,Female,28,46,old
8ae4140f-4138-436a-b741-50ba734bcb2d,78,Female,57,69,old
911bea24-8587-4793-9e30-cc16bf7362a0,62,Female,43,79,old
afcd84e5-0524-4ec4-9a8d-31ff27efe4ac,80,Female,104,37,old
641eac8e-0805-4a03-a10a-d5d3d099fa4e,66,Female,99,54,old
3032e198-78fd-4939-8d59-e0c5abb130a6,88,Female,35,25,old
f868a9e1-093a-47f5-9e4d-607a397ed7b7,80,Female,100,7,old
f1e75461-b055-4379-ae7c-83ab736a0d1d,88,Female,167,53,old
e18e1f6a-4662-4014-96f0-8493c6ad5614,67,Female,185,41,old
4435e9f3-533d-4d53-859a-4ed05a13df61,75,Female,152,78,old
9609378b-0aa7-4e3a-b6bd-5fabf9398ca9,85,Female,66,48,old
33fbee27-35a1-4714-9982-229394042560,71,Female,69,43,old
0c88da72-7fc4-446b-b843-21624d54872f,62,Female,155,55,old
b37e4c6a-2353-45af-af6b-46100d3b001a,65,Female,54,98,old
73aa97fa-5a3a-47f9-b51f-5f9e7d29e888,76,Female,178,51,old
e2faf6e8-084c-4266-9e1f-f0b7c11f4bdf,74,Female,29,67,old
26a52001-9448-4a5c-b4a0-8928b63618aa,68,Female,90,14,old
1c1537ab-b4ab-4ced-a878-3b308829c40a,76,Female,200,59,old
765cd79d-af03-4b15-bbb5-6237c064acb9,88,Female,89,33,old
0ee1fbef-ef3a-4f26-b38e-23ee37ba81a3,61,Female,174,98,old
3115e980-33a9-48cb-9958-0c5b06c0210d,76,Female,174,27,old
43de5986-860f-41a3-b13b-d3b3ecfff2ac,89,Female,96,94,old
b8fad959-553b-43a0-9d2c-9cd68151ca14,76,Female,76,25,old
9ff59e35-e054-4e00-8c1d-9a62c028cfbc,74,Female,36,59,old
b923cc28-748c-43cb-bc10-04d6a4a19f6b,84,Female,85,71,old
714a20f8-fb5a-4c21-9b8d-2202783e168d,69,Female,152,75,old
f0e3e139-5d52-4507-a058-6890df753343,82,Female,110,83,old
a59ca7b2-da33-4da2-8a57-2c42eeeb8fb7,61,Female,29,82,old
9cc642bd-5626-4ae5-8eb0-fb829d3d1b2f,66,Female,64,65,old
38e91e7a-5c96-4665-842e-0d04136bf8fa,69,Female,84,91,old
ac27a725-44e7-490e-91f4-2442dc50f130,71,Female,78,84,old
7334f17d-e265-4225-8195-be9e1ff9be92,62,Female,75,55,old
579610aa-4207-473b-9ac8-717e1ab079a9,70,Female,30,29,old
058e2247-0bf6-4c65-b7c1-6caa4db0e663,76,Female,23,81,old
7315ecb5-fcfb-470a-bf80-1403f75359ab,86,Female,163,62,old
9aa62c79-d369-4e07-b795-fd024ae67fd5,65,Female,140,41,old
40433559-37b5-4c6e-8cea-f0b8fff3a7ad,69,Female,184,34,old
b9e78369-b5f9-4aff-bbfb-7c528ab7185e,83,Female,63,29,old
6494907d-2af1-4ec5-85f7-b965147a2d8a,63,Female,72,36,old
7ca33fa0-48ba-400e-b77f-dce32a5168a1,76,Female,53,71,old
f4278000-0036-4445-a8e6-a9bdbffc69cb,68,Female,125,7,old
7e8a113d-6681-4e8e-a339-4762de2bdd35,87,Female,101,50,old
3e95c3e3-0917-454c-bb18-7a094d69fbc9,89,Female,145,56,old
c12826d6-1189-4ab4-9260-cd2c6bb9869a,76,Female,48,98,old
e50eef64-f566-4f81-8dbe-7fbac4ea3d8e,61,Female,124,6,old
898d3191-e874-48b0-a920-d6647898a49d,69,Female,176,22,old
e71f65cd-04b9-4342-a013-481bead1606b,75,Female,142,88,old
abbcf3d4-d295-49ef-a6de-d472ab096dd8,79,Female,63,43,old
45ce247e-4325-453a-bbd5-b75825c26547,64,Female,31,44,old
f3d596c1-de0d-42d1-be34-e1997d5334b5,81,Female,149,23,old
e08bfd0a-a589-4914-b238-5fab62beefdf,77,Female,23,28,old
91315c08-db13-4be8-a2ea-f203a5183eb1,72,Female,106,7,old
b693fb59-d986-46c1-a29d-2aedf904caa0,72,Female,145,10,old
6ce2b1d7-d0bb-48e9-a298-a1a2837232bd,68,Female,21,77,old
bf9e047e-c83a-4ae4-9009-a12085df35db,71,Female,197,15,old
fa370915-a816-4a0a-869e-8f0fab2823d3,83,Female,80,77,old
78bbdc9f-1abb-4e0c-aa90-e1c5036e1dc7,79,Female,121,23,old
569f6def-29e3-41ed-a6f5-948e12a890f0,89,Female,91,13,old
cbf84061-2165-421a-93c0-ee9272884bff,85,Female,108,50,old
ee47d5c7-cfcc-4df7-9996-499e013e8a7d,75,Female,161,52,old
feb9ebfc-a394-484f-bc36-33e231302bca,87,Female,126,11,old
65517504-4b91-4445-810f-f4d13e2efdb4,64,Female,87,73,old
c3c6f6db-d39a-464d-8001-b3419dc7b11d,73,Female,129,10,old
026c4a08-4401-48e6-bf9b-4161bfbbb60a,81,Female,43,8,old
d0d0aa80-e0da-43f8-8e42-2221edeaabd5,89,Female,22,87,old
7eefa86f-3656-4685-8bd7-7d1b4052d4d4,70,Female,69,77,old
adfe9676-c6fc-4481-8918-d21c348a064b,65,Female,127,4,old
e22797ef-4c68-485d-a144-baedf7420398,74,Female,135,13,old
4a4d11b8-2ba0-4c83-8ce0-57bc72ca2659,84,Female,139,19,old
30c53d49-151e-4de1-b97a-7f624755ad8c,82,Female,135,74,old
e664527c-eb38-451d-8581-db81fae7abde,65,Female,57,75,old
21bec0a5-da64-4ede-a5d7-c621d8d3e2a2,76,Female,179,4,old
336f47c0-a3c3-4212-9859-ba5a5e8ed673,73,Female,99,19,old
5e6a592c-2e74-470b-8c62-9505faa69d2f,83,Female,123,79,old
a4c12685-996c-4383-851e-59bfe534590e,85,Female,98,11,old
c44f7dd1-7a31-440b-9826-6c4aec36bbc2,77,Female,138,64,old
66dea8b2-b079-46dd-af3d-bb3b5112dec0,67,Female,112,15,old
584fd566-aeb5-47dc-99ca-c5c89b313f9c,68,Female,110,43,old
b60cdf8c-9179-4257-b4b9-cc08e0b3665c,81,Female,197,87,old
4c7ea3c4-f8ae-4d29-8363-47dd6e9b86ac,64,Female,72,97,old
b42f047b-8c55-4413-ac26-28878de1b1d0,61,Female,106,60,old
f7d31337-ddd8-4bea-95cc-eaf9e2791da7,88,Female,131,84,old
f3d2756f-ab70-4584-ab0b-5490a4fc20fb,63,Female,138,5,old
70aa373c-560b-4beb-b7e8-932c61e9e823,90,Female,182,52,old
a4e6fa27-0c7c-4667-8000-0a2f0bbd98ee,76,Female,91,4,old
ec2fd1f3-b497-44a2-9bf6-80f34407470d,90,Female,109,92,old
55312bf0-b3ea-4fc8-9739-e977da701153,79,Female,154,86,old
ba38a305-2153-4cbd-afb7-1630533cf084,68,Female,99,89,old
a5122683-9b9c-4506-820e-58608d819ff8,67,Female,68,53,old
baab0004-4e8e-4b8e-957c-90a9ec602b23,62,Female,112,38,old
afcd5d47-0329-4fc2-9640-27abee792e7d,64,Female,168,46,old
8a0feb86-e228-4475-ad5d-1f912f990957,63,Female,127,20,old
133f772d-4883-4e3b-91a1-ecdbe4067541,74,Female,153,39,old
5d7813ce-44d1-4e8f-a3b8-4eda8f2f4489,66,Female,86,88,old
d9e68760-125c-4736-a7e6-3841e5b45450,76,Female,95,45,old
72a17395-88cf-42af-a3ff-d63cc0d3373b,75,Female,32,23,old
62842dd3-3464-4110-84dd-c7e8af969efa,73,Female,146,59,old
e6c0e4aa-ed03-416d-b989-b608b98b9dca,78,Female,105,70,old
bda3d508-bdaa-4a33-be0b-363511bfd14b,76,Female,93,48,old
6c87c16e-e231-4c11-afec-aa2e3499c8f6,76,Female,114,66,old
f1facdd9-2bf0-4944-9cbd-087948668266,62,Female,80,74,old
ed1041d7-9987-4001-ac7b-f8e6db8963a2,63,Female,120,28,old
1ddcea3c-493b-4d8a-9b2c-f0fd392f5c1a,80,Female,119,66,old
6ca74112-19cf-4887-bc68-f97b6d37d853,77,Female,189,1,old
cc7d6b7f-80eb-450b-8456-98716ec993a6,84,Female,50,84,old
5f7c865f-955b-4d87-9d53-1ef27614826e,87,Female,33,2,old
291c3fbd-45f1-4f34-98c5-12d352a5728f,60,Female,174,64,old
770a3a66-d68b-4a5f-bb71-e646847e8e95,87,Female,155,17,old
3f7f0adb-3499-4f0e-a921-ae18630ada45,89,Female,169,76,old
5ef8e27e-a73c-4290-b6fd-5ce452cc7067,67,Female,152,43,old
98a8c2c0-945e-4880-9513-db7ee6dd1630,86,Female,187,1,old
08bf7481-8713-416f-9a3a-51c279131c11,90,Female,99,97,old
72f8afec-0afa-4893-a131-40fd0dc49d64,60,Female,117,92,old
e80b98db-455b-473c-b380-fa2f21845d22,67,Female,82,60,old
29016597-b802-4dc3-9d11-44114e6ca439,70,Female,117,46,old
ceaf5634-9094-442d-8f55-dd554cc80843,61,Female,114,53,old
4dedef8a-f422-4f97-88b3-0cba9b98e317,88,Female,188,95,old
0bf2da7b-1861-4fed-918a-89c4eef36395,77,Female,86,13,old
a62e4302-9058-4b81-bf4b-7810caa33684,79,Female,180,93,old
d0ae7266-3dd3-4667-87d2-c1ad9018ce42,87,Female,63,73,old
1b24c26e-8070-48f1-84ee-c5f7ec684251,80,Female,43,20,old
0ec36cae-baef-43c2-b2c2-cb59ee09ae57,76,Female,120,21,old
3dedd432-c5bd-4a18-85f6-1084b420abab,72,Female,23,20,old
b8b14e15-e0e2-40a6-b2a7-9a592019c3bb,65,Female,25,18,old
a29d0414-266b-4458-b877-872be5e8994e,64,Female,58,48,old
00fc109a-daf2-4548-8889-304078c7e29f,87,Female,85,60,old
9d5d280b-6414-4503-98e7-acd003a59bee,66,Female,90,79,old
9ffc5644-b420-47ef-bf73-4e086996d2f4,89,Female,71,95,old
63d256d2-e920-4579-acb9-762d8fe58fd5,86,Female,81,11,old
79bc41f1-832f-432f-b1e1-997f3afa8a77,89,Female,147,85,old
7e07693d-6d4c-4156-a2b4-e6dcdd19d438,87,Female,98,4,old
426867a8-6745-496c-9a64-c48ddbaac602,73,Female,165,70,old
e63f14d3-e577-4807-825c-bf49d52d2e20,74,Female,29,18,old
bbc46cd6-7030-4662-bcbf-5d302a77733d,61,Female,62,74,old
5c5cc38c-297d-41fb-8ef5-fcfb1b48882d,64,Female,107,60,old
af083724-8f3a-4d24-bd11-d0cfb2efc8c4,88,Female,43,28,old
452cadf5-b9bc-46d6-9368-5a18e7b8d035,81,Female,157,64,old
e0636d16-ba5f-4ce4-9be5-5a7325b95d92,84,Female,28,61,old
a3f3dd35-92e2-4bfa-b43c-8baae9fdda16,71,Female,152,93,old
e6b2bf25-8359-4245-bf80-50139b50f511,67,Female,56,42,old
45762830-5e62-4c39-84f8-c84177acbdee,66,Female,65,100,old
2552ed40-e258-4db5-bf91-489722c8a980,69,Female,155,67,old
923771be-ad53-4281-b04c-8adcf0c749b0,73,Female,103,44,old
2d83bd59-fee3-42e6-ad42-9f5c22f22a7a,80,Female,196,67,old
3b4c5fa6-7d39-48be-a786-87a7fe402dd2,72,Female,40,56,old
be89f88c-72dd-413c-baff-3a7b3af67c76,73,Female,144,73,old
71cc7a0b-305f-4eee-8544-605152b8fb1f,82,Female,105,30,old
22759f85-62ca-410c-ac41-903b63d6ccbf,87,Female,171,35,old
5165d7d3-18db-45f6-93ae-4ece4b3b6d4e,71,Female,165,44,old
e278bd54-ca1c-4eae-97ff-83e9dadf44d7,66,Female,188,6,old
5321f8fd-fec1-4d2e-a7c2-76210f94afed,86,Female,100,56,old
2fd9d4b2-e3ad-4d20-a46b-23c06ff8e4ce,60,Female,155,81,old
f071b228-1b0d-49cc-8a95-2611e7eb68cd,77,Female,114,56,old
dfb46ade-3f4e-49b8-9735-a19c161eb958,72,Female,91,85,old
6c305524-f497-43d6-949e-8d33587583ba,62,Female,178,83,old
d7985314-8023-4c05-8daf-e139ad99c3e4,62,Female,68,71,old
5c9f3a3a-5347-438c-b8b6-6d81b135c685,74,Female,188,34,old
decf7370-47a9-4f1d-a22b-748756c5aa19,69,Female,112,66,old
90e22748-6614-4faf-a91c-7c7f35188e1a,74,Female,178,25,old
f1056d5e-2747-445e-993f-b78ab1412f4e,72,Female,167,4,old
546326cf-d5ec-4119-be78-33c822c40b9a,82,Female,73,51,old
063f1a59-6a8c-4ce2-a224-f45174100e05,83,Female,66,3,old
1888197a-d967-49ed-a7ef-0e63611c69a8,65,Female,112,93,old
a785996f-7cd8-40ce-a69a-2bf934f2e6ad,61,Female,149,92,old
020d33fd-ef07-4c86-ba30-93acb39e33bd,66,Female,180,57,old
6ad581e9-f015-46a3-b5b2-5d7100f15481,68,Female,190,25,old
1cdf7585-0384-40ad-a36c-2377deda1e22,81,Female,117,65,old
afda5b42-e935-40ad-b79c-be9f50e77d93,89,Female,152,20,old
fc61e174-e5fd-4f54-9d16-45468b891e41,90,Female,141,93,old
0889fce6-b96e-4a72-b7f4-1eca9c2012e8,79,Female,123,13,old
1a5d0bb6-9a74-4e30-b1fa-ba53332b4d42,85,Female,147,24,old
bc7a25b7-74a5-46c1-b3be-de4b83649d64,64,Female,159,38,old
51330c08-ff9f-4c1b-bba5-2e515f8a0557,78,Female,159,72,old
5809a4d0-22c7-4f7c-83c2-ca66feb06063,63,Female,195,30,old
4b954566-d9d9-44e0-9af3-27e7220cd84c,70,Female,189,59,old
57b4764f-a439-47dd-a19a-08a436cacc6d,69,Female,41,14,old
41c300f5-b2f4-4100-b845-40317870d709,87,Female,69,79,old
5760dae0-42dc-4087-ab21-fda0a7fe93ce,84,Female,169,3,old
774bf159-b85b-432b-8e18-88e52f55d35c,88,Female,198,91,old
d519cf93-f9bb-48ce-84fb-3307397e3af4,81,Female,110,40,old
239d77af-72e7-443a-9977-b59cc39ca8f6,78,Female,70,68,old
58786aa9-351b-4421-b8f9-e288aec67432,71,Female,198,67,old
6b669071-93c9-47a9-9324-a30de5e55339,89,Female,196,12,old
faa0617c-1d79-47dc-b228-085b8bc430ca,80,Female,122,88,old
ed878d8d-fc6d-4013-b000-f0f3f2038886,67,Female,168,61,old
bd70678b-9fab-40e1-a257-834cc2ea0181,82,Female,102,100,old
e768f7f5-c1d7-4642-865a-124b8c17fffe,80,Female,151,26,old
b53c38db-ca98-447b-b1fa-769132293ce2,64,Female,190,82,old
5683d72a-4f2c-4d59-8380-9f8a84d18800,72,Female,46,13,old
c9af25be-3daa-4335-894e-e28abe6d054f,71,Female,73,47,old
0903e273-cd42-4a2b-b294-b0406365bc17,83,Female,101,66,old
c04cf4d3-fdd6-44f8-8cc8-2e7119aedcf6,65,Female,129,59,old
e5640d72-ab69-4798-b9af-bbf3f99d603d,69,Female,130,70,old
39acc2d6-f8bf-4159-b86c-a060f8feaf91,72,Female,72,41,old
a8228be5-6f39-4615-b122-edbe5651e693,90,Female,148,85,old
bae54030-995e-435a-b721-48c04bad0a61,65,Female,51,29,old
19b59946-1055-4f68-869c-6a39cd538048,79,Female,37,74,old
738f6a61-38e1-4cf3-9fb6-59b475c7be53,60,Female,128,51,old
c9943439-92e5-4e9e-a17e-1086272071d3,89,Female,164,51,old
c7930522-618b-4470-89af-ed110926e3db,74,Female,174,77,old
ae3ed838-4e82-4c2b-b015-2245b1babf34,85,Female,77,1,old
d00ea719-4ef8-44e7-94cd-0ad5fc28ddf7,70,Female,62,37,old
98d708e7-aece-4697-8534-ca07a6663fc1,62,Female,108,97,old
ab367baa-c205-4c6a-8645-b09a47e609c7,60,Female,26,72,old
8a305e94-f989-49d4-9b9f-0507cee320ec,90,Female,158,77,old
ddbb3f86-f64b-48dd-b4fc-c333ddf3ac51,64,Female,119,62,old
b2fcc49e-31d6-47ec-8d0f-5c019f17ed8b,73,Female,48,21,old
58a2bf69-8edc-4bb0-875e-fa8f7231d1fe,72,Female,172,52,old
104773b0-fb63-4895-8fd1-721f05c8bb58,69,Female,151,44,old
14e87180-b6a3-4e85-a60d-54bec474db96,89,Female,149,16,old
f9f4b6ec-4274-401e-b82c-a3a00fa8a6a5,66,Female,159,51,old
d99a06ea-91ad-4029-acc2-1d4fdaf9f459,66,Female,124,91,old
c8a3c3e2-7aef-464e-aad3-46a79bdeb2e2,60,Female,190,66,old
f0873a30-addc-4441-beba-1ec17517dff6,67,Female,172,100,old
fef9a8e4-5bf2-4cc3-812e-194ff8893aba,80,Female,199,40,old
db8e2945-03d4-42d4-b7d6-8ddf828411c6,86,Female,172,45,old
47ff17f0-4513-4327-99e3-e4b564e427ad,75,Female,95,4,old
740892cd-fc9c-4924-8f09-390934b989f5,62,Female,82,94,old
37ca1243-600c-473d-9b57-194beaa96ab3,87,Female,126,89,old
aade45db-a841-4beb-bdf8-10064d06ffe5,75,Female,127,96,old
ee6f95df-d590-4141-b6b3-d71d4d5fb0f7,70,Female,198,43,old
01065017-d0da-44c2-aaa0-f290f512262e,73,Female,72,89,old
7691ff93-4288-4099-b3c9-9b0701a406fb,68,Female,27,62,old
4c3f3a82-3ca2-452f-89f2-e1a92d9eb8bf,65,Female,22,62,old
09e2f7d2-ada3-43bf-9948-60017c525ea8,85,Female,118,79,old
0cae6da8-f1e9-4345-9555-7b3d3c6ec829,88,Female,49,31,old
b5bc1804-5bc6-4e31-b84c-5afa1636ce0b,73,Female,165,33,old
d8a87531-0beb-4989-b013-b79eef3db0b7,90,Female,143,84,old
a51c9b03-9fa4-4e6d-ba37-b0176605dc34,74,Female,64,5,old
4660d3ed-e033-4984-b749-883f161acd82,65,Female,50,80,old
8783458d-5e56-4ba5-b73f-4ae081d97f01,64,Female,59,84,old
5b39c278-9377-4048-b20e-f11ae0ac917b,75,Female,53,77,old
708033a0-9a45-4d22-ad7d-85913506e162,74,Female,21,64,old
724904b2-aa36-4352-a44c-0ac2dff7fe52,89,Female,43,12,old
c09a904b-b7e9-4896-b16f-548d5cc28194,89,Female,195,7,old
c2ece86b-da04-4bbb-a964-c434f5442366,71,Female,97,58,old
19fefe48-c1f3-46b4-9ce1-34709d168e62,83,Female,150,93,old
7c68c718-4eb7-42c6-a616-ad97af251f0a,63,Female,57,21,old
e820bc66-27a2-4502-be90-b7ba837bd571,60,Female,199,45,old
3d2d7bd8-114c-4d56-9ce6-b389294b7d3f,76,Female,102,43,old
911d3cb5-7e5f-4da2-b9f2-a8ced9e2c12a,89,Female,110,61,old
9e37c31d-e57d-4c9d-9831-bf6c32feaeef,60,Female,99,21,old
dcbaadcb-de1a-4da0-a55f-41339448bd16,65,Female,67,29,old
8d20bfe7-f797-4c19-a3c8-d8feaedb844f,86,Female,83,96,old
da8298b6-7f37-4b29-9450-22f6789b0a7e,64,Female,98,72,old
1f6ae3ea-ed06-4a28-9132-bafa66b9d0a6,62,Female,61,82,old
59559f5e-0a5e-493f-a0ac-838340b55944,87,Female,159,9,old
fc592c9e-d850-4292-8924-d383d47c8c72,73,Female,189,21,old
54d42c42-b638-4a82-b243-9908c6e76a7a,88,Female,140,88,old
af87b8cf-d1f3-435f-bcbc-646d394280ed,69,Female,162,94,old
834ce6be-03bf-4914-afc2-2d0546324618,90,Female,122,29,old
306221ed-a1b5-4d71-bd1c-e9401255a934,79,Female,182,59,old
f5a4876e-9034-4587-8a77-845764ac7738,60,Female,46,91,old
1fc87716-b4c6-4986-8bb3-59acda82378e,60,Female,50,1,old
8d91f8c7-f04a-4552-9db6-a2d0711d610e,74,Female,50,60,old
faf5eada-1b01-4d2e-bd98-f115f0934bcd,69,Female,79,50,old
b15cf8ab-430c-4b3a-b68d-f33abbe9b4ca,67,Female,66,90,old
698272ad-a31b-455e-b4a6-276aa0926343,87,Female,49,62,old
5999b712-366e-4edc-a864-a5cc5620bb73,75,Female,148,36,old
10078039-01ca-431e-b1a3-3dc147512855,78,Female,129,45,old
22b5ac08-ff1e-47f3-a771-bb2350003fb3,61,Female,22,57,old
8312ea80-5f92-4e15-af6d-0e0bd276798c,88,Female,184,1,old
7ad1f808-b8b2-4497-9ccc-9d17f1ac855e,73,Female,187,28,old
fdcefbae-9aa7-46e3-ac75-ed0c13747591,81,Female,57,46,old
51f02760-1e6e-4354-a8be-172b91c25772,77,Female,152,36,old
552c1d64-8b05-42e5-b0b8-6855bd035f8a,69,Female,95,14,old
99c80c09-0287-453c-b568-906cb13f1f37,86,Female,161,5,old
25ef4bea-e923-4e69-b6c3-fd66c7a19f55,66,Female,118,80,old
522ef0f1-66a0-4e43-a604-ebb096a1430f,85,Female,184,56,old
642358d9-2752-4050-8bcd-ed93067f085f,63,Female,175,35,old
8ff71536-bca1-4756-ad37-13793215c030,67,Female,92,7,old
2f385fe4-47bd-423c-8dd4-f5a169e8d514,89,Female,189,60,old
2265d910-96ff-4508-b18c-bf6af65b902e,86,Female,61,87,old
2c6822ca-448d-412d-8ae3-0e3c1d7d6219,64,Female,73,82,old
54c5b997-dee2-4a12-88ce-18c21134b67c,60,Female,190,94,old
5c82c8e9-f187-4387-a1de-694f48e95f5e,62,Female,50,28,old
6fa25a54-80ab-410e-aed5-890271132df3,83,Female,67,76,old
8cacfb57-9a7f-4ce2-b524-315ed08a2b50,89,Female,172,57,old
1e8bfaf6-a97b-43b1-a299-43ecacafbe31,70,Female,69,13,old
e610121c-708c-4c6b-8ead-06c6f0b168d1,64,Female,114,22,old
f16d26bd-c2fd-4d3d-b692-4e1c5849de8a,85,Female,72,93,old
8211ee02-eca3-4951-9afe-fcf7691f7609,78,Female,156,92,old
a9c8f0a3-54fc-4610-887f-0780d2753ca5,87,Female,180,89,old
069ed68e-651e-4f2c-b2bf-d69acced7c83,85,Female,104,34,old
b9912958-2f0b-4081-9ca1-da8bdcb48e22,62,Female,110,25,old
e6539cd1-37a6-4456-bcf4-3351d5bcda35,68,Female,51,65,old
89a13e65-8b75-4d73-a742-ec39a274ddf3,64,Female,29,9,old
59c1f472-5526-4ed3-9ae9-d86133c73077,88,Female,129,10,old
0d0b4e9f-76c2-4d85-bbf4-48c3a490491f,62,Female,29,77,old
3fe82c76-30d4-4c4a-90bf-bbe3059d8f56,84,Female,103,49,old
985c509f-8926-4e56-be56-5a48f31488c6,71,Female,36,11,old
9dcdeb81-91ed-43f1-8025-e5f5b30d4b4c,74,Female,112,42,old
b79eb16a-ec3e-4340-949e-e497a4ce4874,75,Female,131,37,old
868948b6-51ee-4e97-9438-6d41ef0ee923,81,Female,136,69,old
20868623-c6c6-4ef8-8b1e-0deb499d3b07,60,Female,124,67,old
4d337938-939e-4286-b792-320fee804fdb,73,Female,150,44,old
7e173e7e-4800-47ee-b187-11c6144cfb9c,79,Female,158,86,old
f38586ef-051b-4800-a3d4-18f09abcad38,70,Female,96,60,old
7a764d29-9246-4f37-90db-22c3c92e34a3,60,Female,35,98,old
3672cd19-c46a-48d5-8417-5948c60d8c5d,87,Female,127,8,old
fc176109-6a8e-4f62-82e2-3e2bab1908e9,66,Female,72,3,old
3a45f217-8db0-4a8a-8ff5-1f0dca2401f6,77,Female,27,85,old
ecaa82ce-55d8-4668-8783-86b95d914650,84,Female,158,13,old
6ad5252c-4ff1-403b-87c4-b939edd495e5,89,Female,86,53,old
5f95814b-4559-4627-b3bb-eff8fd96e08c,83,Female,156,83,old
ff5feac3-a919-421f-a19c-21738ff1a8c2,81,Female,168,81,old
513e00b6-fff5-4383-b82b-55aebedcfb7c,65,Female,117,20,old
14cbb78c-d0bf-4b47-afee-261ee4ef796e,82,Female,58,8,old
8f51f32c-7c0b-40f5-b4c5-df22c81290ca,90,Female,139,15,old
ae816428-8b2e-4286-98ff-02d3e8208e4a,60,Female,21,84,old
b4b66867-7722-4004-ba3a-b227c75285c0,69,Female,80,82,old
41e72687-7ab3-456e-a145-6933be0c3139,71,Female,150,99,old
5415defe-3a28-4fb5-b1f9-56b92265e041,69,Female,178,2,old
df84fa5b-55e5-413f-8349-73749843f178,88,Female,86,36,old
70ddcfe8-7ad2-47d2-af3c-c1c2462031d4,78,Female,57,46,old
655837ec-55a2-49a8-bc7b-2f2c95b3fca0,64,Female,21,69,old
e56c8b0c-64cd-4f4f-b806-5f0d0c365532,88,Female,102,57,old
843356de-ca01-4e47-9f6c-8607d313f300,70,Female,184,65,old
47bf03fb-5bdf-4f2b-8463-34ed2e3a3904,90,Female,103,15,old
425dc651-c9d0-4209-a6c4-ad9a0aa28b74,81,Female,45,41,old
a1192eb3-738c-4745-bd8e-5c1863804df6,74,Female,29,33,old
137eff25-745a-4e26-bdcb-338d3f23de00,85,Female,133,93,old
b07a7ea8-4b24-4302-8f03-25946522f634,69,Female,50,89,old
6fcde056-7e41-48c6-8f2f-f056e8dbf654,77,Female,151,36,old
4c697b36-3b6f-41e0-a84c-4620ab652834,75,Female,144,60,old
fd1c7225-4c4e-485d-bc7a-be9d6ca0836f,86,Female,120,45,old
8a97b38d-527c-47b6-b115-5d97dc06f360,84,Female,132,82,old
1e8b4b31-6ba5-4f75-a59c-d022ca7b111d,85,Female,37,26,old
ad1b6e16-fff2-4aed-ae1b-5160a91c056a,65,Female,136,97,old
3ec9b0c3-15b8-4b43-8c5d-257852b1903f,86,Female,171,33,old
2471518c-96b3-4e70-8bf0-f6ac45a94873,76,Female,112,52,old
1b61acc2-81ac-423a-94b3-1e43c533aad1,79,Female,179,13,old
ba12c49d-a589-48cc-8744-3e911dc35384,61,Female,152,73,old
f8fbdd81-8e1a-4b55-ac27-d12fce4104a3,73,Female,20,48,old
70755501-6585-4971-a0d2-36aefa2d5bea,78,Female,174,61,old
b2bbfbfb-aa7e-4208-8c7b-87b83dddc68c,65,Female,178,45,old
786acf53-bdc2-414b-9690-d93b7f95ac0d,78,Female,112,52,old
6f9aae66-9ca6-4a0f-861d-b6dfcdda51fa,83,Female,41,23,old
e7643529-b76d-4994-a97d-026fa9c7e8ce,76,Female,124,89,old
9b4fd09c-5e9e-4f1b-ba9c-71648af85cb4,68,Female,97,62,old
f72edd27-d897-47e9-96aa-fb81ad872c50,77,Female,187,54,old
69ae26a2-6dd1-4180-b524-746ab5f2ef7f,62,Female,99,98,old
c0cf83ca-d1c2-41b9-ab51-c3bb579f6592,83,Female,133,20,old
5c637e53-d47a-49ee-b881-98617b0987fb,87,Female,138,34,old
65be5b60-870c-4c7a-8069-a69f6261f9fe,86,Female,199,32,old
b2ef03b6-386b-4052-984d-e3b6ea706133,85,Female,113,19,old
7a5a169b-1bff-4c6a-973d-fba7ea4209b2,74,Female,62,87,old
7329c192-7bd4-474c-bc8a-2901015d13fc,71,Female,72,69,old
436dfe13-9949-4611-b6b7-25572c8c1e7d,86,Female,90,30,old
ce67ef06-6fee-4e27-bf56-d5661dd71a1f,85,Female,143,65,old
2bdb5b03-d3a9-4209-b6a4-d87131c3de35,89,Female,176,32,old
6dadd7f8-da7a-4127-a517-dc8dca0d6f35,64,Female,74,4,old
a0e9d35f-fbe1-4b2e-8979-035ff9713950,80,Female,52,59,old
92b82ff8-445f-41be-9327-12e517c94388,62,Female,106,45,old
10fa7a60-78e7-46b0-8ae5-be9468b025b9,79,Female,82,87,old
e3e41013-b30c-4423-8730-3e9e7e0f3166,89,Female,190,55,old
33c3dfa9-d63b-4e45-90ed-e557184861a3,64,Female,185,94,old
8feaa5cf-daed-4ded-aade-2fdc4358cd9d,60,Female,73,12,old
d9988059-912a-4e5a-a15f-1cfaae44c677,71,Female,181,63,old
449f2575-5c5e-4188-892d-f21c3560daf2,75,Female,57,15,old
e7824da2-de52-4a53-85d7-a2278f381ed6,82,Female,39,52,old
f01a686a-4636-4936-a5b2-3feb1841e9fa,76,Female,132,17,old
7f9c224d-71f0-465a-a76b-5d80c75908f8,82,Female,164,13,old
4f78fba2-34c3-415a-8308-1f8591361f99,65,Female,78,26,old
f0bf00ea-2c19-45e3-89a6-6c5ddb4d8f58,84,Female,51,30,old
b3dc5d7a-22ac-4b3c-a881-e7c8fa528b2b,66,Female,32,7,old
0a2eb6f9-2cb6-4c98-ac6f-cb3077f8ec5b,74,Female,152,97,old
20f70195-138b-4f57-b9cd-f8f8e5240a6c,87,Female,49,65,old
e5b3d886-0bd9-4c72-b525-cb1abe219e96,63,Female,172,6,old
024a48b1-7b8a-45eb-a384-7b60c176be59,65,Female,78,38,old
c33da073-1078-4652-92b7-71da5b8270a7,76,Female,142,20,old
efeaf023-e91c-4136-b469-1e5d156b3c3b,71,Female,158,24,old
ac1b50d5-85ab-4e24-8303-81926ae9267b,88,Female,79,41,old
a2460a6e-f3c9-40af-97c1-f412695f519e,82,Female,84,66,old
c634ce34-c1f8-4e3b-9d47-fece757c2080,74,Female,95,31,old
57680687-8ab3-46e9-bdf2-cceea10d7923,67,Female,136,16,old
57a7e684-51c7-4e8e-9c61-d93897034f2f,76,Female,72,36,old
c70c638c-a4f4-497b-ae39-52833c423b4c,84,Female,38,20,old
04abee4c-5538-4a25-94a4-73f94ebc3e6b,74,Female,132,9,old
27162abc-766f-4ffc-ad3f-c2a151a4f0c4,69,Female,27,59,old
2b904e4e-00a2-49dd-bd50-b8115a4f6d58,70,Female,85,74,old
053c7ef0-387e-45f4-9ad3-37b5c7f7eb26,72,Female,87,12,old
78b03ba3-7e6a-4593-8a92-04b7e371eb94,61,Female,98,21,old
2eb5a7dd-aa97-49bd-827b-1607e14d788c,90,Female,165,5,old
9f5b4aed-e78d-4b3f-80b8-e3b7f7142b6e,74,Female,51,25,old
4fe8ef9c-e55f-4d94-8e18-4bab30d182ac,88,Female,67,5,old
06d93b08-d8c2-44f7-bc2e-211bd717a2cd,84,Female,157,17,old
b9c22914-d133-40b3-8168-401ffce48296,72,Female,68,17,old
2203090f-3413-40cd-a127-9199e9054f8e,80,Female,78,45,old
41204820-2ad1-4cbc-b084-c477f3a4cf6e,80,Female,46,15,old
63bcf689-be2c-4b17-9dca-69fd74c16259,83,Female,160,79,old
036f8058-17f2-4474-8049-39a642dd1b5e,73,Female,46,22,old
a527c6dd-253e-4865-b169-f21eb95c38fb,71,Female,141,26,old
b76fde27-12d3-40c7-b8fb-836ddb99e5a7,76,Female,189,40,old
6298c46c-23f9-444d-877b-f2acaade2ecb,76,Female,75,14,old
f7b27a9e-2e42-4b76-91c6-d71fe7b412a9,84,Female,186,45,old
4f3cfed2-9d12-44f4-8979-2409a46729a7,83,Female,112,81,old
a9c44841-b63b-48c6-b68c-e2e03beae27c,83,Female,82,38,old
18442dd5-6ef7-40bd-af33-c26d70d1efe9,81,Female,83,31,old
1bcc0095-d03a-4cdc-8bb1-301612f49ada,90,Female,26,76,old
26318519-ac8c-4ab9-81a1-270d1061647c,75,Female,110,87,old
9aaf35fc-75bb-4706-98d4-a6777e27519b,64,Female,141,1,old
9ad34258-7556-4ee4-9cad-8ac79634f800,78,Female,59,68,old
40373a3d-a062-4985-bd52-075d4e4addbd,61,Female,151,76,old
640c4786-dd02-4589-a4d1-aecc48379862,77,Female,157,100,old
42a9306e-6cb4-411f-892c-7f146db53df3,62,Female,146,5,old
f7634ae6-4f7f-4813-9d72-34b844d95950,70,Female,49,35,old
c791c861-db58-43d4-9570-1f01c69f7e55,81,Female,25,70,old
b58ad06b-f138-4048-81d0-b8fcadf38789,73,Female,85,66,old
59c84e9d-b0a4-486c-bb27-ba75bddb154d,67,Female,163,55,old
75ff4bf0-3338-4753-9289-129fe8abcd83,79,Female,58,38,old
c2ff4c08-b5ad-41aa-bd90-d20d6babc625,79,Female,100,7,old
5af1942a-df1a-4176-ba64-f05f1037ef83,82,Female,177,56,old
f24aba59-097d-4093-95cf-b313fd26acab,83,Female,102,32,old
04bd3c31-2840-4572-b255-2e3e0ef269d8,66,Female,156,80,old
650e49df-4813-43cd-9c79-7ecd9f4df7c8,71,Female,175,1,old
cfdeeae7-9f3e-482f-bca6-368762bc50de,62,Female,120,60,old
07eb37ed-77db-4955-8113-1915d8b85667,79,Female,26,15,old
992e07a6-f01b-4c3e-90bf-0af240caf3e5,77,Female,57,1,old
1a70a60a-766b-42a0-87af-082d1b6fd8c8,62,Female,93,91,old
b5cd6dce-b3b9-42b8-9dc1-66656bd87bcd,65,Female,38,62,old
253d3332-b823-4c69-9cb6-2a3be7ed5d3c,85,Female,92,26,old
34c48a17-9fd1-4198-af81-6a87fb49a2ec,73,Female,153,1,old
f856484d-f160-4835-9e6a-a189734976ec,85,Female,49,97,old
fb5e186f-802b-4c63-903a-32206ddda487,74,Female,182,42,old
aba2173c-6609-4df6-ae81-97827eaf1cb0,69,Female,195,78,old
824be5a5-3b8c-4270-ac2a-db865edbeaab,68,Female,184,65,old
35805527-2f5c-4b2f-80d6-6f752ae07a1b,85,Female,82,17,old
92d8547a-b800-469f-8b17-a71b4a22618a,60,Female,190,46,old
14050058-18e0-4a48-b1cd-6622ce336eee,90,Female,192,65,old
6516b64b-a237-41a3-a061-793f21878f7c,87,Female,90,34,old
5e85f778-6a77-4c25-bfac-64aa2a605979,65,Female,35,20,old
4e0f66bf-1ae4-4f4a-a2a1-1b0817efc9ee,77,Female,111,8,old
ac08342b-59e3-4d5a-ae2b-4770311d3a5c,81,Female,37,5,old
b8ef8803-abf0-4236-9aa7-9eb750cb79c1,79,Female,187,54,old
6b3b73f7-09f7-4ce9-97a9-e72b36a60cd4,83,Female,148,9,old
1ac40d28-9b20-4ba9-b78f-5e599e553308,64,Female,129,6,old
62dd0f8f-2d51-4b50-b9e4-72bf321d5a5a,71,Female,57,58,old
6693671f-7752-4f1c-bd41-fbac79e26ee4,82,Female,110,94,old
dd058ab8-4418-4a7f-bbad-ae110dd1bc1e,86,Female,161,16,old
3cbad383-5340-41d4-8b94-685e33b7702f,81,Female,152,11,old
49fc4505-1e96-4b90-a655-92ab27e1ad18,64,Female,41,81,old
aa9e6043-55f6-47ec-9572-c7fce8ba43f3,90,Female,138,28,old
9390b55c-1229-4f1a-b0cf-055775034d74,77,Female,128,78,old
13019229-b823-4280-b46d-45c715050a76,70,Female,155,59,old
6f25bc35-b11f-49b5-ac5f-55b73cb400a1,71,Female,44,56,old
c1025c2e-7679-4808-88bc-01d2d42d872a,67,Female,199,50,old
7dade03b-5a9b-422a-849a-8adc08a03497,86,Female,172,50,old
539f18d6-5324-4ebb-8f41-29e0a6cbb4d1,68,Female,53,51,old
b56de419-88c5-49c0-8536-f50dcb8f7af3,87,Female,153,22,old
e7570e83-a339-44ee-9c26-962b8a0d2f8f,66,Female,105,18,old
dcef0d79-b492-4a55-baf7-227b73bb3f2e,81,Female,22,69,old
dae4d8ee-5958-40d7-b45e-c51895cd6a8a,73,Female,144,91,old
000c39f7-e7fd-4152-964c-3df69159d5c1,72,Female,30,78,old
6956390a-672f-4f92-a72d-4fc4c26e37b3,76,Female,52,72,old
6da9eb68-783c-4088-a416-ae1a5929f27a,77,Female,114,54,old
17ca81e8-0c61-4b59-bc8e-eeee606fe30c,65,Female,24,35,old
ad58b922-861f-493a-9c23-2f22174ad843,65,Female,94,7,old
b5be5f37-1754-4f9e-86d4-5f72b48555cd,63,Female,145,93,old
20e01c4d-b488-4101-930e-43be618d6a3b,84,Female,162,10,old
0f2e415e-330d-43b3-a5ba-f35857883cf0,75,Female,31,77,old
396ee6b6-d53e-4675-a99f-dcd7ebf276e4,71,Female,65,70,old
d82be296-f5a5-4e3c-b9e9-6fff22a353dd,60,Female,58,64,old
d9833e92-a2ce-4444-a1b9-74b216e2c101,68,Female,94,91,old
9b2f4b16-5ad5-463e-a87a-bbb7bf310a2b,77,Female,116,83,old
97f6ffd3-ed65-4bd2-a8fd-97622ada4bc0,73,Female,95,40,old
efbcc469-bfa0-4c5d-aee6-6817db02e0ae,65,Female,54,22,old
0780e783-ab2b-45c9-9ae9-78ef8dc65c5d,87,Female,170,59,old
3c11f841-d87a-4b95-b6eb-2dd36c0ddf3f,84,Female,97,63,old
4b9e15fe-4d5a-4522-a453-6ffb4bb2d8a5,60,Female,65,62,old
f72ee9e6-8043-4af5-915a-c518ee90bb3d,74,Female,63,19,old
d3088ab6-b047-43d6-a593-e866b6cd8216,84,Female,44,31,old
d39872b8-0e8a-40bf-8ba9-44121e5a1ed3,61,Female,190,1,old
6fb95d63-da28-45d3-bb7b-a4aab2c73b9c,73,Female,91,54,old
483abe2e-4341-481b-9385-2f38184395fa,62,Female,104,24,old
0b65c48b-3c30-4558-8de5-9ebea02f9ff8,89,Female,101,8,old
7596e1b8-b0e4-47f7-a753-027281806bcd,63,Female,113,69,old
4247398e-ecd1-470f-b860-3debcc47d45c,74,Female,70,56,old
e63ecaaa-efff-432d-8e9f-28280c31d7e5,60,Female,77,82,old
89766ec1-9c1e-4c9b-837b-3022f73d556d,65,Female,32,90,old
9952bb37-3f55-499a-9b2a-711ab1edaae3,75,Female,161,17,old
f01fa18b-3ad8-454e-89af-a70a519caee5,65,Female,64,33,old
fe40c170-2890-4762-b183-7b0b4fa5ff23,85,Female,150,53,old
3d9ecf3d-854d-44ba-9b6d-68f0e6a041dd,75,Female,109,20,old
820481af-336a-413b-b6ef-510aeb9e688c,70,Female,105,48,old
3d2bbbce-adcd-43b4-854e-c7aa9026f512,89,Female,162,15,old
1e98af95-df78-4069-aabb-130322471160,88,Female,68,52,old
f35b6a79-7db0-45c7-b5d4-20e3165231c1,65,Female,170,80,old
b3701aa4-6073-4f5c-9a5c-afc7f46af6f7,79,Female,162,26,old
d8089c26-d058-49df-8e5c-4d0bc9a02f30,76,Female,77,8,old
eaeb5748-4ce1-45b2-b28e-2580e4b5a96d,76,Female,121,75,old
1037b90b-7ac0-492c-85dd-5b3bebd08e90,67,Female,109,37,old
5e010521-320a-4f98-979b-c24a5e96b522,73,Female,199,73,old
86234b71-dbe8-4e03-9a39-f9b0151a10db,86,Female,134,38,old
7d242ec9-a551-450b-87c5-bfad3dfc23cf,61,Female,67,5,old
e1416b23-e1dd-4438-a254-72132dc5ae6b,81,Female,103,69,old
c92f6397-31ed-43b3-b625-9d86f2b09659,82,Female,104,92,old
e1cf580e-9753-47f8-b858-65c134ce806b,69,Female,110,57,old
dabdcb9a-25f1-464d-8979-e4f7e7cf3e8c,74,Female,181,56,old
8e6829a6-ade9-48a9-848d-024320aba8d2,81,Female,61,72,old
c356acd1-5543-432b-9d46-a9d8431a69b8,66,Female,26,67,old
ffa3c08e-c0a3-4b10-9490-9decc7e897e6,81,Female,57,13,old
88fa49c4-21e4-4831-b415-1a6256fef5f4,64,Female,163,11,old
6d94a5df-9808-4cfa-8b5c-748825d61200,68,Female,108,7,old
4daa0ab0-c5af-43e4-bdde-9ac94439b425,64,Female,54,32,old
ecceb650-dbb9-4bec-a566-10e36fd947c9,83,Female,92,3,old
478b5291-5a2c-477f-867b-1344f6a1188a,90,Female,110,83,old
fa3aeffd-12f1-4c03-8891-170e3234691a,75,Female,87,8,old
67255da1-71e4-4f5a-9ed6-ba9e2d7404d3,76,Female,25,60,old
375f4128-b0ff-432d-af7f-ee55f1346f5e,88,Female,177,86,old
eca40bad-c76c-4b26-be36-2a110c313e48,74,Female,41,33,old
bcce4c06-1514-426c-b7fd-c10297913b03,87,Female,171,14,old
5e32bcd5-1dbc-47ab-88d7-d7fb85363dd6,63,Female,180,28,old
d2d23739-3814-43e2-8c36-fe235c3205c0,83,Female,37,51,old
81137009-8b93-4f08-b55d-c88140345363,67,Female,63,55,old
47bd7f05-359b-4faf-a581-74312f232c95,67,Female,106,64,old
f44cf4d6-1111-4430-81d1-30c92f3883e1,78,Female,101,41,old
69098866-9435-4100-aedc-eef4baf3b5cd,90,Female,187,67,old
2338e405-3fd0-474e-8d74-4906b6b585ae,62,Female,71,89,old
ff7cd52d-c6a7-4272-babf-a1639b12a500,60,Female,37,46,old
2ac48a30-eccc-4451-8413-3d329db15e18,85,Female,139,90,old
7de51205-bb1a-4976-a9a9-bdaeb0469cbd,80,Female,150,70,old
c8d398de-aebc-43ed-8bca-90a8c3a77f63,74,Female,119,81,old
755bc93a-f6d5-4fea-9f66-a6d413cf3137,72,Female,185,22,old
e2b261dd-ed68-4619-954c-bc58f987796f,65,Female,62,30,old
92dc66be-f1dd-4aaa-ab6d-7b7c9c1de59c,66,Female,165,50,old
9b043e65-bf5e-43ac-907e-8b5f0b8d4795,76,Female,104,34,old
559fb6af-9476-4b63-aefe-f92a6cb9f211,61,Female,88,41,old
806b0ca7-f773-4abe-ba70-68b36b8721f5,81,Female,73,3,old
01e45059-b0e8-450c-bfc0-4763dd8173f3,88,Female,133,16,old
5743920b-9d9e-4c85-b7b4-a0c003745a85,82,Female,113,52,old
f9f02b20-8c6a-4644-85d0-d9f1ee6fa402,78,Female,164,1,old
133b151f-04e9-4058-8c52-b1cdae2d27b8,89,Female,185,63,old
c32874fb-61a6-45cb-9ee0-368c598b80ca,72,Female,95,1,old
4f731a95-083e-48e6-9375-de67b368cb38,86,Female,148,58,old
bc161a12-07b6-4c09-b93d-df8f4fc565e3,70,Female,39,63,old
afaf8c9d-1d5e-4cb1-b52f-4ed0a5edb44a,71,Female,162,52,old
d1d1c9fb-9892-49a3-b205-d9b36a6e00ab,67,Female,109,42,old
10b71baa-0adb-4dd8-9704-7febc5ab5583,81,Female,145,19,old
8750fd8b-f14a-47b2-ab8f-2965923a5885,80,Female,172,57,old
fb4b5348-5184-4cc5-9537-a1809a4a48fb,81,Female,180,11,old
3297d752-57ae-47aa-bd6e-7ff50156f559,81,Female,59,97,old
36f90cd1-0f40-4ba6-925d-7ff67b9c0405,85,Female,150,78,old
a4c9987a-9e92-42d3-98ae-98ed01ad9cf5,65,Female,196,46,old
66a98e43-15b1-4448-b315-32e75641a056,66,Female,196,68,old
9f8fb084-a6da-4cfb-aa2b-9ccc549f12da,69,Female,176,20,old
d58c099e-cebd-4a42-bcfb-54fda66debe4,64,Female,149,2,old
cb3d1767-97f4-40dd-ab5a-bb1c6ec66abf,68,Female,179,61,old
937256cd-2d40-4cb7-87ee-7d51feaa1c97,89,Female,98,66,old
75bda425-3d8e-47f3-b906-e4b81ba486d5,77,Female,160,59,old
31b36c45-0315-4a9b-a011-a3a816c3fced,74,Female,112,21,old
b8458d4e-d194-4b46-8c1c-b7b2753b3f92,62,Female,193,58,old
5321aabc-6141-4ed1-a51e-6d9d2676621b,83,Female,96,17,old
65baa18e-80b7-4cb4-8c38-dfbb40b8646b,79,Female,93,49,old
b047ba18-8d2d-4a41-b65e-9e0b58e7fc02,83,Female,160,69,old
1fe81b24-a119-4c2e-9846-cc4a33ae689c,89,Female,43,59,old
44158075-f528-4ee2-a7b9-1176fce7e278,83,Female,57,22,old
1b229a67-4de6-4ef1-bf20-e963ed31bde0,69,Female,146,63,old
920e1486-0007-4845-8499-1697c835125f,74,Female,173,77,old
585f041f-eda4-4b22-abbe-dd2dbfbe03c5,88,Female,27,27,old
5a562960-6b74-4512-b1aa-90f9c754d202,89,Female,69,5,old
5f3607ae-5c14-4450-b12c-b0cb53b66c1d,69,Female,134,53,old
469524fa-5516-411a-a470-6f5b753c71bf,86,Female,23,80,old
b124a5d2-6c6b-48e8-be19-6291f4ccf32c,85,Female,81,44,old
1cc36477-bf07-4bb2-9532-e798f03d1a47,81,Female,53,32,old
975a9648-698c-49dc-ad31-59b0e094ed42,85,Female,126,79,old
dca35f46-ab77-49df-a509-55021f9d835f,79,Female,24,43,old
331dd2b2-4b5c-4874-bbc1-c4e5ed02ae82,82,Female,29,86,old
3b688520-352b-4b3a-b99e-34d226c73f9c,85,Female,137,20,old
7088071d-a09a-437a-b349-dc1a47abb98d,89,Female,98,33,old
0da42fc1-91df-4a16-be13-ed34d991abc7,89,Female,25,25,old
734389c1-bc44-432d-b5fe-505feef0d865,73,Female,129,39,old
632bd284-0802-4771-9a20-90996e7e5803,69,Female,96,38,old
5dd082cc-9bb7-44f1-86b8-b953e7eadfc7,89,Female,98,12,old
e9bef47b-4300-43d2-9675-7e5ca9873208,87,Female,199,3,old
2cf512e1-66ea-4995-bd9f-550e41e2073a,88,Female,37,94,old
a585e4bf-2f0c-459b-98e7-8c566d477adc,80,Female,80,81,old
b5e8399f-405e-499d-952a-38c1f465a9b2,78,Female,72,19,old
58b5a790-0866-4bb3-b563-6e51421ad85c,82,Female,25,85,old
50d6840d-aa8f-4c08-b6db-03a37eb94c66,90,Female,109,65,old
4a3cad7f-a2b6-441a-8579-2db4978cee94,79,Female,29,51,old
f0adfc27-9b52-4592-9b69-7a5fc29888f2,70,Female,123,11,old
e1d1000c-1d96-4c7a-a8b5-bd53467e07c0,73,Female,29,44,old
f100cc6d-06e3-48ca-93cb-a905ace5e32a,62,Female,171,90,old
43caa5d7-acd4-42f8-9cbe-a87e423edd4e,71,Female,108,58,old
444b1716-43e9-4a81-8db8-0f2def763f06,79,Female,177,2,old
834c2658-8826-4a33-a8bf-99398d0e85e2,86,Female,31,100,old
4f504804-de25-4f8b-b00a-c33f360dd3e9,78,Female,126,21,old
8df7d002-7836-4ec9-aee2-cc03ccfb4b7b,72,Female,130,1,old
805ec311-5908-4d93-bd22-ed0104e49454,76,Female,131,65,old
36c82a81-ae06-4973-aa81-2e9f1b8b1062,89,Female,109,86,old
28aaacbe-2ef2-4232-9bb7-1e8189ccf3dd,82,Female,24,90,old
aceb2cc0-f45c-41e7-a1d7-384ddfae6a2c,70,Female,98,30,old
7175cd47-076c-41be-800e-f2ef2d8d8eef,89,Female,144,64,old
e111897f-0057-42aa-944f-0cce6539bd8e,77,Female,110,1,old
28add739-23fa-4ef3-b5ad-2223e628f65e,65,Female,78,74,old
ea19684a-18c2-46a8-85e3-e066dfa26915,60,Female,148,20,old
4d59e4ea-652e-4ce9-9f3d-5b393435c2ec,83,Female,53,80,old
c8525639-8bca-4340-85e5-53661d521a11,68,Female,178,23,old
65a9789e-adc6-4223-aac4-d9754ad02143,79,Female,135,66,old
ad57bca7-cf1a-42f6-8959-fe1a9dc9e800,75,Female,27,52,old
3034e669-3dc8-48a7-9960-58373e2322f5,78,Female,49,71,old
e70e521c-2274-4e02-b9d0-a8960369eb43,72,Female,83,29,old
70d95f4b-e966-45f6-a83e-4aac23df3f79,63,Female,164,48,old
58d9a82d-2f72-42ee-8b19-3d552288cdfe,86,Female,160,25,old
6da2b8d9-eb11-44ca-8d84-c8b4ca7db5e9,83,Female,58,57,old
265aa12e-eb42-4386-9ee7-296a72f56836,62,Female,155,81,old
56b36490-90f8-42de-bdee-f45b3d004286,64,Female,165,93,old
356d55ca-e48e-4b4b-9ae1-425a461f56f6,64,Female,156,59,old
b150ce31-4354-4fb1-b8ec-0ea1f3440005,80,Female,105,80,old
6718179f-27f4-46a5-9dad-03a22d57a608,89,Female,69,3,old
87dc23e2-9031-4a45-b45e-8e9da62fc7d7,69,Female,84,74,old
8d959e3c-e1ec-46ab-8dc4-3ee4213752e9,90,Female,24,82,old
641d3e07-8f07-471b-8ed5-8ecbf3cd5344,90,Female,187,46,old
4edd3167-6235-4da6-982d-a2d33762d8c5,85,Female,45,4,old
842f9527-7021-40e7-af0c-295a5d742bf1,78,Female,155,73,old
1d69fcdd-9417-4338-be26-d5fe034b3dc4,84,Female,73,82,old
1808b824-2141-479f-afab-7e2c807f4188,87,Female,117,60,old
e1ae9ac3-a218-4f5d-9634-b52363158553,79,Female,120,84,old
1a048ed5-04fd-4d77-a5a3-ea42cba8354d,90,Female,118,1,old
3e746904-19b2-45b1-8cf8-0d94d26d3796,67,Female,112,49,old
b4d7f04f-83a1-47bb-b9a2-eef735801794,88,Female,183,81,old
2493c010-c81d-49fa-ab79-873d6f0b37eb,62,Female,49,91,old
ac1209bd-9df6-4664-8ca1-7a83868cc833,62,Female,155,37,old
81c0b310-8cd8-41a4-9158-0b8e00d94936,79,Female,192,66,old
02a2baa0-5124-4625-866a-321b152fd0e6,78,Female,137,33,old
f0f44657-91bc-45ba-8bb8-dafa3b7ff3af,60,Female,130,25,old
e3928ee9-8bb7-463f-acc6-11ae6bb45edb,84,Female,119,12,old
48112544-6cd2-4078-83b1-c109d235e128,68,Female,184,46,old
8adf307e-ec08-48e9-b540-cace57c119d8,79,Female,132,14,old
7baca1cd-c2b1-4686-9d56-1046ef0d7ffd,89,Female,198,77,old
100bbcc5-27e6-4c5e-83f4-fb4ea06e1fa8,61,Female,67,66,old
3a605877-490e-4e60-932f-24e67bd2a7a8,63,Female,119,85,old
4ef47c4c-bbbe-49d3-86dd-331b1774ce03,83,Female,87,67,old
447970ec-6cc5-4414-9884-c05c9dd6be35,77,Female,188,82,old
fd271523-4711-4e76-9ebd-3468b78a914a,79,Female,129,17,old
9d2d8d1d-94a8-4cce-9ddc-9ba92418ec9b,89,Female,104,38,old
83c55369-8895-474e-abc9-5b61c3c051fc,77,Female,61,16,old
35432b4f-eb17-424c-afe0-3f330eb32f73,85,Female,39,95,old
e114a3a5-2c8d-4f4f-b2c4-0e942772481a,77,Female,185,98,old
deb53f08-acd7-42d9-bb3e-3fe37b57c850,83,Female,72,20,old
8c933777-7624-4bee-8508-b5d3ab5d8734,61,Female,155,82,old
1f2931b5-ab60-4060-8ed5-ceef87131b47,78,Female,38,21,old
c632a6f9-d183-40e1-a955-1bd55cb49fc2,67,Female,112,23,old
05b1dacb-f057-4da1-af9e-0ea0d80abf7c,64,Female,49,97,old
87ec4866-5e93-4172-ac60-99562fccbe9b,85,Female,59,46,old
d3bf51cb-5521-4190-89db-601fd40f4357,78,Female,33,44,old
406049b0-7d53-4159-b70e-bd36b37d72ed,71,Female,98,93,old
3387e16c-c269-4bb3-8ebf-355601244074,60,Female,158,92,old
1ec176a2-c32e-46f9-ab3f-dc6d8cd81de5,83,Female,154,16,old
582baae6-ef93-44d2-b1b2-da607faea4f6,63,Female,147,59,old
f3df8548-bbe6-48e0-bf5e-3ca3b4a30ccb,78,Female,89,60,old
52d5a5e2-72f7-4488-822a-4f8b82b1bcab,62,Female,34,3,old
40c215c5-92ae-49d1-bb1b-61a467d0edca,69,Female,123,35,old
4f2442c5-b8bc-4f0a-b948-118d37262e3d,62,Female,163,22,old
30df90dd-f191-4af4-9b70-db7eaff341b6,69,Female,167,24,old
9f72964d-6e97-4094-a312-ba5ba7c0b871,86,Female,185,67,old
d341a80b-e2be-4732-afad-0c57a4323f92,68,Female,35,3,old
ffe9a7cb-be8e-49a8-97e1-2ac46561f538,65,Female,54,38,old
33b68177-7f99-422c-8b17-b8d992713166,79,Female,140,21,old
99439ec5-e0b0-4c16-9614-2393184439d7,79,Female,78,11,old
1d9d4040-3573-4997-abf0-5884e0a37731,62,Female,36,49,old
a374b7cb-f1ed-4fcb-9ea1-f3f93306f48b,87,Female,66,40,old
0be3f17d-15e0-44a5-9711-34d53dded3bb,78,Female,21,17,old
4950ffc0-2bca-4dcf-beb5-62e67ab31cce,65,Female,89,29,old
84f49957-67e9-4d5d-a0e5-e3a14b4b5833,90,Female,66,87,old
16852be3-0cde-47be-88a3-be2aea71e7ce,70,Female,61,15,old
e88153da-88af-4ea9-b449-65fa2f18e98e,90,Female,55,8,old
d736ef7d-84ad-4a03-9d89-f6c0343457d7,84,Female,118,65,old
f8e9ff3f-0d70-4711-aefe-3ac639b5a31b,84,Female,70,3,old
f7fd4398-b414-4ad9-9257-1e7f88f9f13f,65,Female,53,63,old
17ed1f7b-805a-4f27-9bec-defa74ffd846,82,Female,36,42,old
9e092640-bf47-42e6-bb7c-72e003b25471,70,Female,199,52,old
ceb5f94e-b5bd-433f-8717-bb77de991e1c,87,Female,134,43,old
36d9ffc0-7951-4cff-b146-b1759f3e5685,81,Female,157,80,old
d0206454-2d11-463f-bbd2-dbad1c0866e5,85,Female,116,71,old
2d39dad0-7c4b-4d1c-8b3d-dc25be0e5e6b,86,Female,162,100,old
69fd7324-10b3-4aa2-b72c-d32b55b10d2b,84,Female,198,88,old
9e57a72e-4893-4200-ac46-51437ea1991f,73,Female,149,22,old
a3c3b647-de17-4f66-8c8a-a8d526516b97,77,Female,46,61,old
6ee2557c-b876-452d-836a-d6571ef8df36,80,Female,131,5,old
99e196b6-03a1-4f89-a7c1-4889c03319ad,76,Female,53,24,old
3fec23ec-05de-4466-849c-0f718e3fea32,61,Female,121,5,old
a170b7f6-5e98-4229-9253-e59b6d7b016f,66,Female,78,64,old
1dd81aa2-84c9-4576-8d06-59b87a7918c4,69,Female,121,56,old
23e7514a-c738-41f2-8eb1-0dc8e146c547,89,Female,26,26,old
2056475a-438d-45d5-a87e-8ad346903f60,72,Female,74,33,old
99fec98b-7f15-4739-b941-27c7077618ed,80,Female,73,60,old
0eaae44e-9025-46af-9d65-c820461cc70f,69,Female,44,29,old
ff421c05-eec0-4e06-bcea-5cefa27852fc,69,Female,182,65,old
d36057b0-81b0-47d1-bc81-4e9fc4e3a3f0,82,Female,33,55,old
0b021855-3b08-48e7-bd6e-6fb0ce08fabc,68,Female,176,25,old
05135f1c-39be-441e-a247-a88d550c92c9,82,Female,44,11,old
d8e938f7-944e-46f7-a3c8-c8178b01696d,62,Female,37,45,old
df883776-bdb0-4bce-88e0-58014fc96449,70,Female,185,69,old
98ac8784-c4bd-4afa-944c-2e4ff97ad853,60,Female,35,89,old
655c21ca-fbae-4630-a693-f6f3cfe14682,65,Female,122,42,old
81551ba3-d3c8-4d1f-b31a-14f047711de9,63,Female,180,14,old
63dd03de-384d-4380-b4d2-8e91a06c8eed,60,Female,21,29,old
318d435a-615b-41a9-9b10-6e53766468ca,64,Female,81,8,old
af00ed42-1767-43fd-b752-f2522667d603,85,Female,128,99,old
8fbbfd49-9ae1-4e90-92e2-548b7274b04a,64,Female,88,24,old
9677a417-140e-4dc2-b63d-61b43ae189d0,64,Female,166,40,old
9a6beaff-917b-48e9-89bd-579b2336d9af,73,Female,117,7,old
352075f8-57a1-4205-9db2-dc51e48ca37f,88,Female,62,56,old
016872d0-4d80-4f70-911b-bafdd20f7136,61,Female,60,55,old
fdb67bc1-7d13-4948-9c17-13df1547dbcd,90,Female,125,18,old
0c973278-ad31-4183-acb4-e65533a14f15,81,Female,176,35,old
815a5716-3b4b-481b-80e9-24368cd68bf4,68,Female,157,58,old
155e5a51-8da9-4831-bfe9-9c5e1d821c8f,70,Female,192,100,old
4e2617c5-d686-458e-bad8-3506c15f3f8b,85,Female,47,5,old
acb2b674-9ba7-437b-849b-0088839cdadb,63,Female,163,98,old
5c6b84f5-32fd-4cc3-a9e8-180788d54aa4,67,Female,126,41,old
817479b6-aa1b-4a20-b727-79dcc580f7e9,90,Female,87,47,old
bb632f53-16b0-43d6-9a79-7c7c98936557,64,Female,21,26,old
f7d3b8f9-81e1-47fd-bd48-90ee829d5fec,69,Female,79,75,old
019dff96-caf2-4841-b159-ff6105fbc637,85,Female,186,51,old
404e9efc-2e0c-45a4-952f-3a3e38607fee,63,Female,40,51,old
2aef8673-237a-4b9b-a5e3-6b6ea7cd09ea,74,Female,108,78,old
83e9f52c-d61e-4ff3-b63f-82f763cf30f2,76,Female,173,56,old
2614f2f8-5eb6-4245-b2ab-f99c0da19e0e,73,Female,36,22,old
94114790-bfd6-48e6-aa82-95623cf22f59,64,Female,72,16,old
534a16e4-e983-4c89-9c0e-3dc59bb6bc07,71,Female,98,96,old
911f1579-924a-469e-8731-3d2910b78909,69,Female,106,30,old
bb5b4f97-166b-4251-bc32-2220df156523,84,Female,83,78,old
a09efcf0-d542-4de7-b4be-222f77404dcd,82,Female,86,16,old
4332caf6-332d-4c98-aa73-d4e91863683a,66,Female,159,91,old
7af473bb-686f-4ab9-ba42-73d28c2c7b95,70,Female,162,70,old
e2f138ae-ff2e-446d-905d-639ab463174e,60,Female,57,48,old
81f1525a-5672-4ea4-be4d-4f765ddd6b15,85,Female,44,91,old
93c44d12-8ae8-46ec-aa4d-726f736902e2,87,Female,82,98,old
c164ea7f-e4f2-4d78-ab26-a8e563a75757,77,Female,52,40,old
3b38c096-b59d-4707-ab74-b505f1176cfe,89,Female,180,98,old
db4685fd-35c2-48f2-95ca-decb435eed0d,83,Female,105,24,old
3916b1c9-a576-48d1-9c9e-40862234217b,78,Female,167,19,old
dd6f282a-3346-4326-b47a-c1e4fb56c477,79,Female,162,16,old
af4b080c-2ce2-4dce-aea8-f314923f63bd,74,Female,97,89,old
360390d6-ba9c-4c44-bee7-241b15616c04,72,Female,54,65,old
df3a9af8-e62f-4947-9483-b5e7bf0d48ec,76,Female,58,92,old
74057b4a-a715-4b33-abf9-939189d9bf1a,89,Female,57,59,old
13b1571f-0c07-4499-8842-b8b6fe09b50c,71,Female,176,91,old
c29bbce5-0487-4e61-944a-10faf4b82c4e,82,Female,159,46,old
04e93070-60d5-48f9-abdc-c378d40e936a,68,Female,125,21,old
25872380-a44e-4f67-8c99-093915a1dd82,66,Female,64,28,old
0c33172b-5ff9-49b1-ac8f-662797ebafcf,74,Female,31,97,old
fee49100-1682-4d76-b90c-263ccd40f625,74,Female,163,5,old
0c3a4a79-6a9c-47b0-846f-b00756f15d60,72,Female,62,13,old
19bac79a-de64-4102-9532-672b363d62a4,79,Female,89,16,old
2d068860-3b10-4818-973a-6d77659abdc1,74,Female,171,69,old
76d78734-ac37-46aa-955e-19f003c437d0,71,Female,148,48,old
9dbee0d8-cca8-42c0-8d1b-49ade5e98fb1,88,Female,152,1,old
d8cffc9d-144f-4647-9d36-38f403dddbe3,89,Female,45,77,old
8f98ec03-d1f1-4b45-b583-4d1073eaa5ff,86,Female,134,6,old
cebf21f0-be7b-4cf6-9666-e784ce566fc1,79,Female,42,94,old
4b85e090-712c-47d7-9fba-74f1f5565096,81,Female,182,70,old
7178e958-c73f-4556-9e2a-2b3441f49d39,67,Female,172,40,old
c0d855b2-f827-4584-9b37-1f5f0f61e184,83,Female,149,97,old
ab1f4619-988c-4cb1-b5a0-2c48608dd81a,80,Female,171,80,old
df6bbe52-369a-4412-a33b-ed28e8654720,76,Female,128,55,old
37afc04d-e1cc-4be1-9d85-20171e30dd49,81,Female,26,51,old
2d6ad91d-b4a9-4dbc-8b15-faa42647756d,75,Female,44,90,old
9898cf66-a23c-4446-a68c-f0ab47f5ce6a,69,Female,85,99,old
e07783a2-cb24-4520-96eb-7a3dc7947658,70,Female,27,99,old
c516359f-9dec-4ad4-a106-b11bec65933d,78,Female,105,98,old
b18bd387-1d91-4240-b107-3b01ef9a8403,88,Female,157,30,old
15f795d8-ca03-4cfc-a52b-ef7fc5aaa303,78,Female,151,35,old
df91c75c-32f7-461f-9279-8a4ed3a1a7a1,70,Female,57,7,old
7d42eeb4-8cda-4823-bec4-f6d14cfdd0cf,67,Female,194,26,old
808022d5-6e57-4845-9ee3-7e3b8095608a,76,Female,55,34,old
7422862e-c374-473d-bb4d-7f30ce24ea56,65,Female,181,38,old
07dc7fa7-b364-40ef-b1f4-e7dfd493124b,80,Female,198,65,old
2e98735f-2da0-4d57-9523-b89a5168c8a4,89,Female,29,59,old
93bc9df1-8c25-47af-ad4d-7a14d707b5eb,66,Female,95,7,old
ca06c91f-4105-4fa3-bebd-81cd9e1f5cb6,67,Female,65,61,old
eafd3ebf-d4a3-4711-8aad-dd890afb79e1,63,Female,148,30,old
82c7b27c-e2f7-485c-b568-e87e351ef5bf,76,Female,109,87,old
1d8e99a5-127c-4a8e-b5bd-7bd7269de654,73,Female,27,86,old
e798e035-4680-4f2a-9c1a-c3dc98ebff79,69,Female,178,87,old
a232ca8d-6884-4630-b038-53a9ad73c037,72,Female,59,11,old
3afbf70c-b06f-4987-a785-54fe820e6345,63,Female,99,50,old
c8f433f7-8880-45e0-b0c0-6ec4ecb47dea,76,Female,170,12,old
e2398c40-ca8c-4840-b561-fe37cc8e61cc,82,Female,195,22,old
bc092990-39a5-4b2b-a113-b9ed40d06228,65,Female,169,40,old
cd0408f9-3355-4e90-a8be-da1b18fa0462,83,Female,98,84,old
6c12b014-820f-4820-9b40-bc6255ac4ea3,88,Female,98,8,old
4e11246f-81bc-424b-b01d-684b1b4c2976,76,Female,29,7,old
8c26eb7c-9a34-4ab3-a037-7d797a7c033e,67,Female,199,59,old
2d140848-bc7a-4e76-8781-33f6dd46d466,83,Female,59,67,old
2414cc7a-beba-44ca-b298-149d4d0bceb5,85,Female,26,35,old
192c4b0a-9bbf-46e8-83b7-5f77ff0c1ac2,64,Female,69,12,old
cab46b33-0981-4707-a6bc-9c300cd8e65d,83,Female,41,86,old
613edf2f-6774-4263-bef5-a7c4b0534f7e,87,Female,77,46,old
0cc72129-dafb-48a5-a43e-12f9206f5c5b,62,Female,98,63,old
9c31977f-31e6-4c7c-8371-91dfca536e92,63,Female,70,1,old
7a7a77dc-d4f4-4658-a769-5cdc32d36a74,88,Female,179,71,old
1a5aae8f-8953-4121-9292-92b3a1321762,84,Female,147,84,old
8d3d5056-feaf-4517-9402-f1801123a672,84,Female,191,85,old
0bb3f67f-b542-4200-9634-545872d45c33,76,Female,153,24,old
144df049-ef22-4fe4-b7f0-cb0552863baf,64,Female,86,80,old
d9adf289-68ec-421e-a39f-aa1435aecf65,61,Female,185,46,old
f55fd157-58d1-4d2d-a529-a02eb46438e6,70,Female,105,71,old
03ddc115-0a68-4a95-9539-55d8b157d8ea,62,Female,20,13,old
2b6e69b1-c5a1-4d3d-a90e-cf5b881ee853,84,Female,78,5,old
599a114c-ae77-46fc-8c99-27a2d3645ac1,71,Female,71,32,old
6af3f0be-1edc-43dc-ac8e-73950292118d,75,Female,186,68,old
844f5018-35df-4c64-aef2-5722c3576ffe,90,Female,197,41,old
837e6a04-2aef-4e05-b22e-466e09319a0d,74,Female,197,41,old
d48cc765-6a77-47f0-a532-7e17122883e8,89,Female,23,36,old
1316aa4f-5220-4b4c-ab4e-c46bb331568f,83,Female,187,61,old
1ce8c675-047f-49bc-9c7c-6c85bd159675,76,Female,66,11,old
54a06936-d94b-48fd-8493-d8445d4c3161,85,Female,146,16,old
e347fdb0-6142-460b-8b42-6424e2f008ee,64,Female,42,78,old
0bdb355e-29b6-439e-9860-e68d636aeaab,86,Female,81,12,old
6641a841-793e-45dd-91de-85017a629d36,83,Female,147,11,old
8aa4e200-d534-4edd-abe1-f4790fa0c700,73,Female,169,91,old
ed96a932-4f6c-4d02-9653-5e2974ecf750,68,Female,189,64,old
867734a8-b341-4644-9c69-cb2560310793,78,Female,142,77,old
adddb239-5e7a-48fe-8d63-4a603c1c1353,73,Female,146,46,old
0a619d5f-5a38-43c8-a243-bcf312d81f8e,81,Female,166,48,old
7d2a668a-d925-4514-9b8c-8b9a0bf20d0a,60,Female,41,65,old
d273f733-55d2-46d2-ac9a-d015206d7b4a,76,Female,88,46,old
5a72e21d-0095-4364-be2b-5bd106dc7927,86,Female,153,66,old
ade8aaaf-78f7-4c05-957f-7d1f0dee4367,85,Female,135,32,old
b6080c16-e167-432c-b2b4-f0325983488e,60,Female,159,99,old
baaff061-455d-433d-afb7-fb823cbc00ff,76,Female,111,81,old
eee05579-d22e-425f-a144-14e3b917bcb4,76,Female,56,37,old
4e938d15-056c-4703-b39b-bdd26ea721b0,90,Female,131,97,old
210cc9c3-2b84-4536-a54f-fcd521d34052,64,Female,41,53,old
255f2ab4-f5ac-4bcd-9ee4-d3849c5545d2,88,Female,114,55,old
42d418c0-65bb-4136-a1b9-95915d933279,62,Female,75,64,old
7968ff56-e80e-417c-b448-2eceeb8a09ea,84,Female,200,42,old
e2b0d521-0954-4869-8269-3fd7d7f8f144,64,Female,57,50,old
d31b226a-d719-47c1-a105-d393b7c8d699,85,Female,185,37,old
abd35b86-a06f-4eb0-b93e-53a072c5abd3,90,Female,22,88,old
8b4cfd5e-fa7e-41b6-9a8e-3d499d76af6c,69,Female,178,21,old
e5c6ff62-f499-4d6a-b0d6-1950d7f9aee7,72,Female,46,31,old
7e48d43b-2a6b-47f0-861d-b89aa27d1bed,87,Female,22,57,old
ac5b8fc2-096a-4ae8-8e01-e741c380d554,63,Female,177,51,old
ff3adf3b-aa60-42ee-8482-8b2651b51547,74,Female,98,55,old
4beaefef-41c6-4c55-a8d4-6d52ae2290c4,85,Female,177,53,old
3ceb33fb-e4f0-4a0d-855a-e462fe4ed01c,86,Female,99,41,old
9b2b4ead-a132-45d4-a581-d38d93aad553,90,Female,65,68,old
91560784-7c04-4b13-9765-2465adf1b0a9,75,Female,126,5,old
166669c1-8630-4562-8ec3-e108a719f082,64,Female,80,92,old
fd369fa4-7c95-4b38-b604-2627acb8d4a0,86,Female,130,2,old
5f884401-c2bd-4513-8e0d-a3e632862834,64,Female,85,13,old
b9772f5c-fa62-410e-b00e-acc0bd00055e,88,Female,160,37,old
324b1b0e-ecc7-46e1-89c3-623f6f60a9ca,84,Female,99,76,old
9e7f930e-4998-41a9-96ee-3df2eba4725a,78,Female,71,54,old
c2f333e8-e6b7-46f5-adf2-12bb51547c61,79,Female,157,84,old
698fed87-7ba5-4479-8c1f-5f28a4223b63,64,Female,181,75,old
013b5ec5-2863-4f38-b194-4455475823ae,71,Female,23,98,old
36809766-401c-4480-9b22-e2f70379e0cf,82,Female,170,1,old
1ef9babe-849d-4355-9017-d8095016e3b2,88,Female,66,87,old
20e2de5f-1d01-4d50-ad62-4f6ab33d2ead,80,Female,92,75,old
0b713f89-19e7-437d-99f9-c4ce7b48daf8,69,Female,141,55,old
57957435-d775-4c5d-89ff-2ba38b0367a1,70,Female,150,73,old
ed671f2f-b01e-4020-928e-af1ff465ee1f,88,Female,166,77,old
837b5f12-7842-4da4-867f-10ef7c4a6a75,79,Female,116,54,old
f581cccd-61f5-49d0-9578-4a7896bc1dde,63,Female,192,45,old
c24cc241-3f98-4d73-99c9-cd79a4f49a2f,89,Female,135,67,old
8f826026-7679-462e-992e-d971c3c16b2d,67,Female,35,62,old
c12bf1fe-6808-4679-83e7-e2457393e10c,85,Female,33,93,old
68a56489-916b-4eb9-bde6-792992f9e277,66,Female,151,98,old
63f4b2b7-72dd-4e40-aca1-41051f5d64a5,75,Female,36,52,old
238ed3c4-9a96-4394-88b9-f1d69f81a7d0,68,Female,172,56,old
1587409c-3d20-4703-9c3b-0eef59abb477,63,Female,44,83,old
af8a6f5b-4ce6-4900-84d8-8649e5a2aa20,63,Female,63,68,old
90086825-7b44-4a43-9006-d1b2a52372d5,78,Female,138,1,old
9f9b0c8a-89ba-4a01-a2bd-b2d9b7d1ce16,66,Female,141,38,old
e19b03bf-3716-41ee-858f-c9841ee3b175,74,Female,178,55,old
38fc197f-4110-4d6e-a612-172dac5539dd,90,Female,144,91,old
3720f3c4-049e-4099-98e8-5ef3a3c3cd02,68,Female,138,14,old
d380ac44-f022-4357-b66b-8db1cdecaa72,74,Female,158,86,old
073f4c98-9f42-424a-85c4-4e6323afd610,65,Female,70,72,old
a3a0d87c-3f34-406a-8139-b400ea1b351c,81,Female,196,90,old
bcefd787-c74f-4860-94ea-72e4d92550dd,73,Female,119,60,old
f742c42a-7862-4894-8e4b-4ab0b5cc7414,74,Female,37,40,old
bac0c387-374a-4222-9082-a38dacfb9f92,83,Female,92,91,old
48f7fbcb-8799-4791-b0de-db5eba6f6aaa,87,Female,103,33,old
be5c11c7-4095-4ea4-b744-50f01d1dc52d,73,Female,167,62,old
4796e479-c3aa-46a2-b5e4-2b9b59451cd1,78,Female,190,67,old
ce06a409-96ab-47dd-9d5e-bde0274c9255,70,Female,89,37,old
68641bc3-ceac-4795-86d2-848c53992f01,83,Female,36,22,old
ad01fd2e-0579-41a7-a740-369892e293a0,84,Female,157,91,old
584a4604-6b68-4106-95e8-37ca63eb777c,64,Female,124,73,old
7828a6cb-909f-464e-95fa-9553c24834c6,68,Female,40,39,old
295d9a3a-0769-4300-938a-fab95f81d005,66,Female,172,53,old
ae657646-06b0-41d7-9dcb-2b61ce7c3bba,76,Female,86,34,old
98da71a3-8b0a-441f-a9b0-3fb257d1643c,74,Female,108,55,old
40200024-8f8c-4c3a-908b-66b4025e4030,89,Female,187,89,old
a0067af3-ab97-4466-ad23-9f6fa29cb9e2,70,Female,62,16,old
6c486a32-d94d-409b-9df7-0b3b99c44057,60,Female,51,36,old
46e6c425-c6b2-426b-9359-1b95814c7e61,65,Female,120,90,old
4cd44877-d5d5-45a8-a2b5-ec4fc5ee9b60,68,Female,77,67,old
92484ff8-72c8-4c53-95a2-252615c2c932,90,Female,29,8,old
e533bb9a-a59f-4f64-8a8d-6d5c11deceaa,90,Female,100,54,old
e352643b-ed84-4b94-a1be-0d7289b19140,80,Female,83,82,old
a3757c3f-3a89-4dd7-bd8f-e549017fc927,73,Female,182,49,old
9f7f5d79-8d39-4235-bdbd-2cbcb5ab344f,69,Female,121,70,old
163ac452-8899-4ec9-b84a-886d24c5cc9f,62,Female,154,71,old
0ecd6230-5f74-4978-b064-f31e432433ba,84,Female,117,58,old
93fe563f-3540-4884-a2b3-6ae625f2aafc,80,Female,72,26,old
b64adad0-2771-4d10-a2be-22784d5e1b3a,74,Female,24,35,old
c5b66f83-80a2-46d9-a565-3e4ab9cc0261,81,Female,85,100,old
4e7a3798-c379-47a7-9f5f-cc58c8a4e910,75,Female,137,83,old
5eb236bb-4224-40f5-94d0-69b8cd075154,87,Female,130,22,old
34dd3847-eb41-42ac-9702-0bab13158c33,90,Female,49,83,old
29a15dda-210d-4f9d-afde-973cb96f7c52,81,Female,87,27,old
ef025023-02b2-44de-9edc-e94096e01848,86,Female,196,66,old
6608e609-cc78-42e1-9644-c7714725187a,86,Female,198,18,old
3b4b02f3-8c8d-44de-bba1-2b59a0572bee,69,Female,65,98,old
e2b4c06d-c7bc-49f7-93db-f494e7ba2bb3,75,Female,76,53,old
578fdc40-85b7-41ed-9a22-e1a7f6734f8c,78,Female,120,68,old
2fa479a1-0470-4243-9b40-55044b44b140,61,Female,109,37,old
62b5877a-78a1-4de6-ad2d-5e843a6b3b0b,90,Female,86,29,old
468bb64b-23ec-4699-a677-3afaa8e0dce9,69,Female,167,90,old
b9d147a2-4ed2-4691-b6da-e4d8c63480e2,73,Female,33,48,old
0ce3ef6b-2738-450f-93cc-d220405fa77e,66,Female,103,63,old
6b780bbb-a959-44a4-ac3e-dd691b9b33cc,81,Female,146,62,old
d9a766ac-563e-4843-bec8-a9373fa9ad68,67,Female,101,19,old
b1d40ef4-ccdc-4c53-87f8-236e7abba543,66,Female,89,26,old
39707b6c-a28b-4643-b811-f8ecd014a474,88,Female,34,35,old
23c5e945-45a3-4526-a305-70aa179872c2,75,Female,135,54,old
33663d87-0dff-4950-9744-7b62e117336f,79,Female,71,11,old
2e8e3b52-7c12-428a-8ccb-b58a25e6533f,88,Female,176,8,old
95398daf-a4df-4180-b289-bf5de481b354,65,Female,48,38,old
8961d0d4-6e41-4c9d-ae24-7a08b3785804,63,Female,184,37,old
b90dc9cc-f967-49ff-9fbe-487ed572a84b,84,Female,64,42,old
b47da945-6edb-4cf6-93f1-cc2393611387,75,Female,168,87,old
212a1985-e57e-42ff-97b4-24985f4512cd,66,Female,74,57,old
90901417-9bb6-475a-bc4b-09b60f07ab5b,89,Female,120,47,old
0123d2a6-a38a-4922-a8e5-178ff37e5f40,90,Female,33,32,old
aef3c5fb-3596-49ed-9007-96d6888c4a7f,81,Female,170,97,old
276e3d9d-30a8-4293-9e36-dba656b43d6c,81,Female,135,95,old
2f7da83b-a55b-4018-9f42-38df2476b1d5,88,Female,124,19,old
1e440e5e-d6a5-492b-bb8d-d7070f2be967,62,Female,53,52,old
0cbc15a8-9efb-4efd-929e-659c2da67826,86,Female,96,74,old
16eba816-3ada-490c-a6d2-0b6724717f65,61,Female,76,93,old
323d9563-5a8e-4f44-afe0-984b99817946,86,Female,177,32,old
b07706a7-bd57-4f2c-8320-bde26fe63034,81,Female,124,62,old
3a83f9aa-6b0e-4a02-9f19-adf25bd05bf5,65,Female,199,78,old
c0fad555-b8d9-496d-b7fd-f412413ca2e8,67,Female,127,68,old
0c0281e6-c7e8-4401-b175-352a4b488545,85,Female,127,98,old
071c5034-4583-4981-9cd1-e2e9c9d614c8,61,Female,154,43,old
2d78b857-639f-4210-a44e-957087c059bc,70,Female,180,47,old
69255213-59c2-49e6-b0d3-a903949c7820,65,Female,71,80,old
7f39cf75-58f7-4183-934c-2117c8b60dec,74,Female,197,16,old
18db1480-e6e6-4d77-9e67-54f4061093f7,79,Female,99,33,old
4341fa39-4a6a-408a-a90a-501ba8001b8d,73,Female,189,55,old
8b3a29b1-787e-4348-8687-b4b73cf696e8,68,Female,24,85,old
ae48333d-3859-430a-979b-b4ea482543db,86,Female,42,57,old
90281bdc-9b73-431b-b6ac-5c54671d8caf,67,Female,38,81,old
473ee0ef-bc00-45e0-ba19-3e54ba7649fe,79,Female,110,84,old
f64d34f0-0690-4862-ba29-09ce7bd20356,68,Female,113,93,old
06b0cd81-c9f9-4090-a500-989058f88304,69,Female,135,75,old
00c8418e-bb09-482b-9232-20304ab09106,69,Female,79,45,old
d4ebfa36-5365-4ef6-83c0-a336c2004c56,81,Female,189,32,old
b10e506d-f0e6-4576-988a-30c534e8245d,67,Female,144,20,old
8d4a8f66-b352-4bca-b077-05e99df2243f,89,Female,113,15,old
a69434c0-eebe-442b-960d-29b3714b9592,76,Female,137,88,old
47f7912f-f8c6-4de0-824e-8d57dba71519,71,Female,130,96,old
d5ad86be-b408-47fc-9ebd-e26546120f8d,83,Female,86,3,old
8c31f3f0-7b61-4b75-9a47-e1f3a6286e89,75,Female,133,22,old
66f1daf0-c808-4fa4-810d-874183478016,83,Female,39,68,old
cc4480ee-06c8-48ae-a15a-ff30775803dd,83,Female,108,46,old
8ef1f6ba-78a0-49a0-9ec1-8b66572cc631,80,Female,68,79,old
8925e399-fc68-4f1d-bf1f-b610d5ab23bd,79,Female,102,62,old
7529240d-df98-4ac3-b3f1-0ca104a2a82b,86,Female,176,81,old
6db4385f-aebb-4f93-a5c8-7b098122c298,79,Female,27,24,old
5c2040f1-ba81-41f7-8e77-220b03327985,79,Female,101,40,old
03734c49-a024-41f0-a0b8-ce8a6e9e6432,74,Female,109,24,old
5eb1a6f8-8c13-427f-85de-a0aec862b50d,82,Female,136,71,old
2a183046-4284-4a1b-9504-eaefe21dc01a,73,Female,23,89,old
0da3ca90-1e7a-4358-9b6b-4544373ab636,72,Female,104,68,old
f743f8c5-6832-42e4-b703-239460e9a798,83,Female,73,53,old
d52b001c-89c9-498b-b6ab-d507318a927e,72,Female,63,30,old
c6cca5f5-9cf9-432e-88e7-79af469bf9b9,71,Female,74,81,old
28a97ae8-9c29-4faa-873d-12a20565ae0f,86,Female,79,43,old
6d2187f1-932e-4b86-add0-db9b02bce739,90,Female,142,94,old
4de47f94-8ca6-4c7f-b8fb-3090a67063f0,83,Female,35,25,old
482573a6-bb5e-4695-bb7c-c55e4543adf0,81,Female,168,54,old
7b2590fd-da6b-47a2-adcf-f07491579b03,79,Female,46,67,old
9d4f7674-1dd0-459e-9221-6d0de6548f4e,80,Female,175,27,old
69c782e8-9104-40c2-abe4-65b30d46198b,90,Female,85,79,old
ead84f37-ac87-4a20-a821-769206c2556e,88,Female,31,39,old
574d79bb-3d9c-4399-9db0-41f463f2ba95,84,Female,24,100,old
2e5869d2-96c7-4d59-8d3e-b973ba36ffcc,88,Female,198,66,old
00b94cd4-0d08-4ecd-975d-a58e56a507de,71,Female,54,24,old
f82ac1e1-b336-42e3-a409-f114f6a3bdaf,77,Female,72,41,old
621e5f2e-8280-497e-b546-cda9d86a7b7c,82,Female,191,71,old
bb8a5199-28fc-4ca0-8336-5b1bef326151,62,Female,53,73,old
d004cecb-e4ca-4404-a15c-365563cd7d01,78,Female,184,98,old
977858ee-d69e-4acc-8ad8-98f7f27b1485,79,Female,51,43,old
63e873db-4296-4613-a8db-26fcbcddd92e,67,Female,152,18,old
b1a51c3e-583a-4c46-9b24-2d3ea258c8a0,89,Female,37,20,old
afce295e-a0b4-474b-b668-5dbf1ce979d9,81,Female,171,15,old
795cd47c-1c62-4087-aa34-f694cc87c912,65,Female,107,94,old
75e82e21-546d-489e-8c3f-ec568cd95b92,72,Female,59,92,old
0863dd0c-34ca-439c-a318-6ed99ecc4e15,87,Female,123,74,old
113b30fb-9a82-477d-9f53-e6ac66003bb1,90,Female,192,70,old
02dce46b-8888-46a8-8afb-d7a8b024096e,61,Female,156,83,old
02b71b98-c72b-4345-ad83-8d9f3b85a147,66,Female,104,80,old
285ad9db-a49a-4386-8125-ab709e46a3c6,81,Female,57,92,old
e75998b9-7ba0-466d-8635-2615f445f8cb,76,Female,91,47,old
dc212171-eb54-405d-8615-887d17139f83,68,Female,155,75,old
c3195607-c737-405d-b24b-2cec84d67c59,87,Female,153,22,old
08a5b1b6-33fe-4547-9c85-86f95c40738c,80,Female,184,88,old
8154df0a-0fe2-4ae8-918b-dcece2312360,89,Female,53,87,old
a084e4cc-e8fc-4695-a6a6-44a6f02aed1f,67,Female,130,46,old
20f67afb-bad9-4dd5-831c-81bdf19ba098,79,Female,134,33,old
ab1abb97-3c26-4661-b68c-84f3f31d4049,83,Female,28,90,old
a9a7656d-d33c-42b9-8bf0-42bbdf6f2539,68,Female,170,91,old
a801f947-f7d7-436a-90b9-79c0358e49f3,85,Female,26,96,old
e043975a-d08f-4ddc-85ef-d63d421749e5,68,Female,145,87,old
7a290a09-6f9d-44f3-8ac6-713d94effab3,61,Female,187,89,old
bbee7841-bd39-42e6-a68d-49f0c6d73276,80,Female,57,79,old
1ec84221-4f96-483b-ba59-161f37c75f33,69,Female,190,61,old
375bc346-c5f4-409e-b031-c7c91ca27274,70,Female,96,5,old
e18bb882-d64a-446e-be43-372597a21bf4,60,Female,52,92,old
014a1535-0a49-4c45-a1c7-5023b11f83d2,73,Female,96,25,old
7e0a9cef-18ed-4c1f-9aa3-d46b019e0936,62,Female,37,62,old
1f93fd9d-5e56-4675-a025-45524b50ec9e,83,Female,200,94,old
6f39aae9-e681-4d46-a4ae-3f6c1a04806a,87,Female,20,91,old
50d973fa-04b0-4516-8068-984fc32b3ccd,85,Female,161,13,old
b9856f65-d89e-4d67-8344-44fae4bbbb7e,81,Female,151,19,old
4c473f53-4175-4110-9c81-6958a855b09f,62,Female,129,98,old
a326fb7b-9379-4ce0-a799-9ef731ca87cd,73,Female,145,1,old
b192fa5a-6e98-4bc0-b867-5235ba596233,70,Female,152,77,old
b9d214ff-877b-4a6b-8f9b-dc3c4cc0f961,74,Female,171,15,old
962b52c0-5644-4a19-826f-0c5e29591f27,88,Female,54,85,old
f0bb570a-f677-4eb9-a4dd-e5063018d8fa,64,Female,174,92,old
2de6df54-c9a5-4a92-a8d9-8b8e58341d35,86,Female,93,37,old
3a53cec6-586b-4dee-82f4-a10bbaab8fc5,77,Female,126,64,old
5a7b9107-ddff-4581-97d3-389fe54c5c73,88,Female,78,72,old
4dc27a83-c095-4e2e-92bc-b03cf40a096c,70,Female,58,82,old
26278e20-6a9c-49f9-bcfb-d38650ae7021,62,Female,174,35,old
0956182f-c285-4edf-b7b8-e544f88fb4c5,84,Female,48,38,old
81930897-0f13-442e-b82f-a94a3bd54e15,78,Female,142,5,old
030b8d3c-01aa-4698-9b81-80f437b2bb50,69,Female,113,21,old
3a19e934-0b07-4c1c-a197-2b50211aeed7,81,Female,54,62,old
616f2431-f26a-4f67-8a74-770946a24d06,62,Female,152,91,old
c1190034-962f-436b-9cef-d552caa8935c,75,Female,131,42,old
3728838c-ab26-48b9-9763-c9ac7102f5de,78,Female,84,82,old
31d75c4a-1e23-4d77-ba79-135d6e46af2a,77,Female,102,7,old
28714508-0ae4-42f8-90e4-3f19a67e025c,67,Female,53,40,old
3a963bb1-458f-4126-aee6-d87a34f06dc3,67,Female,89,87,old
957f62b0-594b-44b3-8b79-a536292cff37,69,Female,188,50,old
ca521212-ac48-469e-909b-8d20e52e5d12,68,Female,180,10,old
ab8da4c0-55af-4c1c-b52c-c4517bfe3d9b,85,Female,133,4,old
d383510b-7098-4b74-b8a2-c5eea65cf671,76,Female,68,60,old
0e9e109e-9662-4e64-82e4-50141c35ee1d,67,Female,133,16,old
3ae39d34-2e52-4424-822c-44d945c956c5,89,Female,105,27,old
6d2f5065-c7b3-478f-b499-11e980003c50,86,Female,172,97,old
572cee81-8cfc-4619-8658-e762513a0c1b,61,Female,88,21,old
cc452f6c-bbde-4466-b7a8-bd97e9ad9759,71,Female,98,70,old
ca1b6260-c567-4c4e-ad69-54adb7e89910,74,Female,192,32,old
374d123c-014a-430d-a013-948c9a583adf,81,Female,84,1,old
500ecc67-2dea-4479-8766-2143bd8f0cd9,70,Female,37,21,old
2b9da4ba-8001-4323-89b5-43e7ae900eb6,62,Female,108,18,old
75cab685-c95c-4f62-a965-b282075e550a,61,Female,155,81,old
3caad6ea-a991-48dc-83a7-546cc768d812,61,Female,187,76,old
4e1bad31-6682-4c6e-8612-4d5d90a6456b,76,Female,34,40,old
3d50a243-5691-4bfb-a7ba-d735efcace19,70,Female,46,39,old
ebbe3e5d-916c-4323-b4fd-cb5eba366d74,76,Female,73,13,old
b580ac73-c617-4e05-9ff2-3f73d351aa36,61,Female,146,92,old
68ffe99d-ba60-4b9e-8cd0-e31bd2a3c88e,76,Female,184,79,old
a40be675-8a5e-4957-b469-17617211df9d,66,Female,145,53,old
ed8567af-89a6-4951-a0bc-57a3b240008b,61,Female,155,79,old
e78064a2-d1b0-44ed-b7b0-bd7e24251c01,87,Female,22,59,old
bd8a81e5-b546-409d-9869-21625253ef3e,76,Female,68,60,old
f9a89e34-cb9a-4175-bced-4a02fce43e00,70,Female,186,12,old
359081cc-21b7-418d-9140-38b48c6a4b1a,70,Female,161,96,old
f5f27848-32b9-44e9-a3e4-92cfdaf90133,83,Female,196,59,old
d3b325cb-aaed-4625-9cde-a3321f34087d,69,Female,159,44,old
e9d87ebe-9920-4cf9-9780-36b80fbdc4da,73,Female,117,75,old
c036a285-1a23-4c6c-8819-42773f6af01d,86,Female,125,20,old
3fcd82a6-580d-4424-8f21-84db028e3287,71,Female,148,41,old
b97f1b11-64d4-4012-80f5-81139eb43d8d,62,Female,113,91,old
0a5bc4e2-6457-4df9-b26a-37168bb76ab9,64,Female,110,58,old
1d1e70a8-c3a5-4d10-b4f6-12d4a4825351,69,Female,62,24,old
0a7fe76c-dc45-433b-bfdb-81d97160c35c,67,Female,94,28,old
25ba7dd5-2f87-4d23-871c-ad35310c9d35,83,Female,64,70,old
4b0a6d4e-6314-4e2c-8083-5680bdb10a31,68,Female,125,96,old
417bdebc-bb1b-481d-a457-2eeb2b1d2996,65,Female,194,19,old
009b6b03-63af-4f3b-853b-92e26c2a7be7,81,Female,89,83,old
a0ea64c7-2f9e-4f32-9dba-e5a189a302c3,68,Female,144,16,old
45d59926-e89b-4c48-8bab-c5c497cdeb60,74,Female,126,59,old
e1da482c-fe0e-4b82-ae4d-e60b32e7d406,61,Female,176,3,old
810682b5-c683-4682-a3ea-2f9f034b71c1,66,Female,190,3,old
918d0a69-915b-4451-9607-f166ab8af617,61,Female,162,85,old
a3758397-b1ee-48ef-9a8b-de7395bf3abb,84,Female,121,53,old
abdecf74-4384-4e23-9b92-4170c6ffc4e6,71,Female,199,48,old
bc2f1847-7213-43eb-9096-75b27e5d43b5,76,Female,119,3,old
b9b60d27-4dad-4eb1-abae-31ce513d8c44,68,Female,61,65,old
b8b8b59a-dd04-4a63-a75c-96aaffdce8a3,75,Female,154,3,old
3de427aa-d8a3-46d0-a77c-5c3941cc736e,67,Female,193,81,old
5890b93c-e17a-4844-8c36-062d508ee764,61,Female,67,21,old
c3925058-7bd6-4cd7-8a26-181eb8604b0b,84,Female,181,63,old
cf9dfd07-c180-4fe1-8684-19e1b48b2d69,78,Female,130,24,old
222831dd-910e-44cb-b4dd-184689217484,71,Female,157,53,old
ec82c127-8624-4bb1-826a-c2bcbd8ce386,72,Female,180,75,old
a885703a-95a9-41c5-8adb-0d97f653a7c2,63,Female,172,36,old
123bd39f-aa4b-4c0d-99df-dbf4805f0b77,90,Female,58,29,old
d05a3685-7029-46f4-917a-98ef016a5499,79,Female,176,93,old
3ac463c0-b31c-4207-8f16-73cdd54bc999,67,Female,57,28,old
b7a0ed42-fca6-4661-9d35-355f1373d040,77,Female,93,97,old
6c3e8ec7-2556-46f2-aeda-b20f86815c07,79,Female,20,74,old
ea9b55eb-c3cb-47fa-b07e-88310f5309e9,85,Female,121,34,old
627cb32e-1a2a-42d0-a4a4-b261795ad0d8,77,Female,79,90,old
165cec86-e1f4-44c5-94b4-699f6773bcf9,68,Female,172,58,old
ec97722c-0d14-43b5-ad34-3c27055b6050,70,Female,110,75,old
6c7fa727-82fb-47c4-b82d-8ad5702aa6a9,88,Female,81,46,old
978bbe22-86f1-4fe9-8127-98a86b717914,64,Female,42,15,old
8d88850c-03a6-4408-9ac0-43bbed530d39,74,Female,183,83,old
4da6f1ba-49d3-4365-a8e4-c165b1085f01,65,Female,174,7,old
27f100aa-1bdb-4008-aff0-18c7757b3bd1,88,Female,170,99,old
41bd19c6-59df-43e0-8046-8662516a0db1,63,Female,122,98,old
2e773b81-887b-4867-80ef-3c8073ca9ea2,89,Female,196,84,old
e380c97e-729a-4c55-9b46-22b049d84492,83,Female,136,21,old
2daeaf5a-d224-4b3f-bd7c-a76148cdebea,81,Female,87,43,old
3148a4b7-b37b-490e-8dff-647f599715c1,60,Female,35,21,old
dca17662-c51d-4472-b459-3e623b3ca138,90,Female,186,100,old
ebdfc9f7-2ec7-4e75-9ca2-846caf894900,73,Female,63,87,old
212b6657-c94d-4d0b-a274-edaf4dac5503,70,Female,158,31,old
2629e537-8817-47a1-8ecb-66f51639ddb3,87,Female,69,38,old
28802369-79c9-474d-ad4c-2afb122dd60f,63,Female,31,50,old
4c02d0f1-9254-4c83-9c44-3e36d6583cca,74,Female,20,69,old
26bb3996-7ee4-46ac-95e5-738055377341,73,Female,193,62,old
0d89dc72-f2f5-4121-b886-1b4863bcf9bb,61,Female,24,60,old
5b7ab4c3-7f95-4731-a993-d94ad80b9e4c,60,Female,171,56,old
e1c62ff2-83ee-4786-875a-0a313677877a,61,Female,101,20,old
b096af0e-bcbc-4a5e-b785-f84ffbfd66ce,79,Female,168,32,old
c69452d9-5f52-492f-84a1-4b7d254a1222,85,Female,52,63,old
b82d5743-49cc-4b5d-bcfc-65381f624b91,78,Female,21,15,old
aac503e5-0012-4be9-8800-c25012c8b570,80,Female,173,59,old
c7cd59d8-3865-4eac-bb4c-01730b11b7b7,61,Female,69,31,old
c2a9aa78-5c3b-4ecd-a487-c19367a15329,63,Female,49,3,old
9a514b00-b33e-4784-8bdf-af03425efddf,89,Female,40,98,old
7e904681-f8ee-4ab0-b14f-ba22a3b4c9d3,77,Female,44,90,old
c4f55e21-0ef5-4e96-af07-242d7e9516e9,77,Female,95,45,old
0a72cf2a-5764-45f6-a8a0-3359b9c4b82f,76,Female,95,87,old
a77ab4b9-6e65-4b72-a52c-47ce11555108,68,Female,168,30,old
56a7b307-5e10-402b-b092-a59187c13df0,82,Female,135,61,old
7ed4e5b5-93a3-4e8c-ab47-e9a61a684177,74,Female,145,32,old
efbd3fe8-0b53-46e9-93a4-35060ffa78e1,72,Female,142,94,old
112d78b9-90fb-4448-b39e-dcf4ff3d37c3,62,Female,95,43,old
e3e86815-d15d-4cd2-acb3-4b5a375a3e6c,84,Female,180,23,old
254ca41a-3907-462a-83a0-4f0443d8af5f,83,Female,20,19,old
4aa2bffc-43c9-45ef-b5b4-01e3b782669f,85,Female,32,9,old
b3fa46a1-1e62-4171-82d6-79b8bbac6261,71,Female,140,51,old
b60dde4c-b670-48b0-973f-bfd2204ac352,88,Female,77,97,old
e8d9ae1a-e77e-4e24-91b3-1cfcdf3b8909,70,Female,178,41,old
8001997d-0626-4a82-8bdc-67ba4550c400,69,Female,50,52,old
70ae4342-f47e-45f1-b6c9-757f4ec8cf58,89,Female,50,97,old
57b37a4d-bc57-44d9-b442-30deb71d3423,88,Female,51,24,old
ccacb8ad-7565-4ea9-b160-ae4223c71348,77,Female,149,22,old
ba2c9b70-43d1-4d9d-ac20-287aa3cbed02,63,Female,175,75,old
c37f3e65-89ad-4661-908b-6bc58b3c590b,80,Female,113,91,old
92881f35-c10b-4d93-8c98-25cd204ddfa6,69,Female,35,93,old
897550a0-133b-4e51-aa37-356e152def82,87,Female,64,10,old
20a9e6c0-3bfb-4a16-b673-30d4a36fbcaa,72,Female,166,13,old
738a4245-0c92-4c27-a154-fb78aa8f2c53,81,Female,52,21,old
1cc68567-0651-4357-90b6-470e71dd8901,85,Female,167,45,old
832af547-02bb-4016-b261-cb06b17454c9,63,Female,76,45,old
72433708-903c-4666-8d73-820c83fe1ae3,67,Female,176,45,old
325920cb-0be4-4f7d-a33d-381f53879543,63,Female,176,84,old
2ea57d6c-7394-4086-ad71-05e04dd526d8,60,Female,197,63,old
b6c6a41e-fc98-458b-9ac8-6536b6b689a4,70,Female,155,97,old
0dd61d91-b16b-469e-90a8-dcb40126ac88,72,Female,70,1,old
46ba9c32-9334-42f0-b534-5a039ecc1890,89,Female,99,58,old
82013d31-378a-440d-a892-2efe541b80ad,77,Female,109,33,old
0ad851d7-bbcd-4daf-b580-f247425704a9,80,Female,189,46,old
964c4ffb-258f-45c3-86ba-8dcafdf15f85,88,Female,124,98,old
0cf9ec13-24c0-4291-a52f-5f794ee32d13,60,Female,142,94,old
98414d8e-05b1-4e10-aefa-31f27f8fcc57,87,Female,55,27,old
6af8e2a1-abed-4f61-9e9e-a3850e52dcfe,81,Female,118,96,old
7b0583ac-ca18-4f4e-b108-d19d176ffa72,74,Female,185,35,old
7353d52b-233e-4594-8c36-9e59fb54857e,88,Female,166,38,old
bae09cf6-d2ab-433d-9b82-f45f85210d94,76,Female,72,15,old
1d27102e-1504-4170-b96f-21d89911c9e3,66,Female,160,59,old
1a6d9701-ea61-48c7-bd65-af67d40e4b50,62,Female,82,50,old
f651d93c-a143-424f-a63f-32f2ccfcfd68,63,Female,155,13,old
46cb50ef-5427-44b0-b64e-b4b794066049,78,Female,136,52,old
baa751d6-4473-4255-a15f-4da529504d4c,75,Female,148,60,old
22fd9560-6dda-4710-bf65-636fbec8d78e,67,Female,118,88,old
ad5c4127-4ee9-47e1-9e24-73cf78d43c50,78,Female,40,58,old
fbe27008-5ec1-42aa-96dd-213fdcf69672,60,Female,61,46,old
d20d2b46-8f8c-4bec-a997-334e1ec78a7f,88,Female,66,25,old
105e95e1-8d1a-4526-83d5-3bbf5b1da8c3,74,Female,39,73,old
eca93f55-c4b6-44e3-b013-a7d2edb7541d,79,Female,116,79,old
a8bfca32-e07f-462e-8ee1-7d2e7c379472,85,Female,192,21,old
5284c2f8-61a6-4044-9c7a-2356b8faeddc,78,Female,136,70,old
4722b9e9-e743-49f8-ac5e-c1164c4f4251,67,Female,173,42,old
f2d671a6-1a39-4f38-8f5c-a14f3e12e8dd,82,Female,65,71,old
e7e65656-0ca3-441c-b887-0fe314d5ce30,61,Female,79,14,old
f4e9ef8a-07c5-447e-85fa-ad5757b8a86b,90,Female,135,63,old
8102839e-edd9-4225-ad8b-10f20a0c710a,75,Female,154,44,old
b5d29551-275b-4f8b-8675-1fb211a3fadf,70,Female,90,85,old
21d07501-1a94-457d-8b5c-43c9449153e8,77,Female,107,34,old
8ed90822-a03d-4b8b-9fc5-43b99108a1e5,86,Female,187,91,old
102e26cb-7f83-49d2-9b1e-b67a2e5fb87d,84,Female,40,93,old
82e774fe-f8b9-4756-bd59-46fef69a2729,63,Female,58,53,old
aafad8f2-bf7a-48f8-b8b4-53c8fca434f0,72,Female,108,49,old
afad19f0-1126-46c1-91be-e4ca544edfe3,64,Female,179,12,old
b90419ff-52da-4b0e-b225-5860355eb3ee,63,Female,38,40,old
9bb5fbc4-2398-4c0b-92f7-025f538e2880,87,Female,62,53,old
8e0108ac-89a9-4cad-abb3-ec1df78d61d1,77,Female,46,48,old
fe696bdc-c6e4-4b96-80ab-8923ddb74fdc,69,Female,180,96,old
4ce867bc-260e-43d8-a604-50c5262eadef,87,Female,87,99,old
25b743e4-f1af-4be3-b2d2-0fb964d2d4b0,90,Female,82,5,old
d0bf318e-76f7-49ac-b886-e9e9d147d327,65,Female,66,80,old
49bb2a94-a2b2-499b-abdf-cc7c779a53a7,79,Female,132,12,old
c4da1b5b-d173-471c-a49f-713d48044ec5,67,Female,174,67,old
4ce7cc25-3cd6-405d-9b9f-702cc41b063c,73,Female,167,60,old
7f858532-406b-460a-ab6a-760e29acf5f1,66,Female,108,59,old
57d7365e-21d6-4e30-9906-0e70f531cce7,60,Female,26,89,old
b35299ac-78cf-4263-b4ed-1e8b7bb67476,81,Female,39,11,old
d5c87d0c-66a7-463d-804e-d7a359d0acaf,73,Female,56,45,old
f6131438-92cf-4b66-9dae-345877166f57,67,Female,151,53,old
fe1458c9-7648-47f7-8ad2-6d84436a09f1,73,Female,94,12,old
4ac7ec03-bd81-455c-8514-8ef0702b8559,60,Female,93,99,old
d218f30f-d55d-428a-a833-453eb38dd08b,86,Female,195,41,old
04ad34a7-ff0a-4a62-ba60-1e96c2f16836,62,Female,137,91,old
3ef6b243-61ee-49eb-bcf3-4a90106ec17d,75,Female,67,6,old
a6dfe2bc-3e3d-43ee-bc51-074675286109,63,Female,40,69,old
23ff64b1-ec7f-4a85-8557-1a13eff95e14,82,Female,100,86,old
bce3fae6-b681-4818-a6a8-fec9bed926cf,78,Female,187,1,old
a81fee3c-6ccb-46e4-a892-a81a49fd3049,69,Female,77,7,old
71084205-b50c-45cd-a1b1-4526dfa2bfc5,69,Female,40,89,old
cec7e0ab-5dac-490c-a918-33b8b4348c3b,84,Female,195,23,old
d5d043a5-319e-4f5d-b27a-48d8ba2086d1,65,Female,82,36,old
9fc9313d-dd29-46d1-a2e9-fa7e6e0339a6,69,Female,146,25,old
104102dd-2d5c-40a6-9b1e-80251ca82322,86,Female,41,45,old
deb38a10-3e5c-4454-8cef-82b039acb655,80,Female,51,47,old
937075e9-7d4e-4ce6-826a-bacb2a8c85e2,66,Female,27,40,old
7857c75e-a04f-4586-bafc-f02635430e83,89,Female,158,54,old
14b071ef-a1ee-4948-8778-cfe831d27a97,87,Female,75,3,old
46b5561c-4c9e-46ba-9e88-085a9031b455,75,Female,25,91,old
2c07f27d-0cda-4638-8a41-f432205cece7,90,Female,160,52,old
aa48f9db-0c0c-43e7-af98-4b61480f06a3,81,Female,130,41,old
1cd78e4e-4edf-4f42-9b81-559d823b14cc,74,Female,172,70,old
3f1effb5-955d-426f-ad06-bc838559ad3f,78,Female,120,31,old
2c16a7d6-c1ca-43fd-9081-5c4cdf1f7e87,77,Female,84,94,old
39570ac3-cc66-499a-bb56-11684f7ddcd6,67,Female,109,13,old
f021bf3b-b237-4943-8979-970f459bab69,66,Female,39,64,old
508e988e-a897-44c8-a937-cd6c06fc6931,75,Female,128,42,old
e23eb1c0-59da-41c7-b3e3-517a11c1037e,60,Female,148,43,old
8d9ed792-366b-4f3c-bc3a-4b2000ccbc6a,80,Female,87,64,old
10a858b7-ffa2-495c-b4d8-891b509c3c77,78,Female,60,18,old
b85cec80-4d47-4d02-9319-8bbd852429d2,65,Female,34,85,old
8ead95e2-6502-4ae8-93ad-e9d5c9d0feef,64,Female,38,32,old
e2c4919d-84c8-40d0-a971-2c6a8fc1bd75,84,Female,136,58,old
f34bb9e9-5e98-45b8-a7a4-47d63e822d8f,71,Female,58,50,old
228624c3-88fb-4e32-877d-47ae90e54849,64,Female,186,93,old
e285fc93-be24-4447-96f4-8698b52d5412,87,Female,98,48,old
cced9824-4ece-41e9-9bbf-5aa86179c7e2,85,Female,155,35,old
e863310b-5bd8-423d-9629-2db0f00e3915,71,Female,39,65,old
cea859fd-1f34-4225-ae5f-1e823366db15,86,Female,33,87,old
da4605c1-9f3e-4f03-af09-bcb53b010a08,61,Female,67,62,old
b2a11467-fde9-4c81-bff0-f7fdcf340c6e,67,Female,102,87,old
f60c3733-5f5e-4f17-ac64-354d0992ba3f,65,Female,109,20,old
309e2dcf-9d73-44e6-bb48-c807e5f84e0d,71,Female,109,93,old
15ee815d-3476-4f72-938a-65a28f8864ec,90,Female,113,29,old
6e442dfa-66f8-4ee9-8ec0-28a551a27bac,74,Female,145,10,old
5a39f1f8-1023-448a-9946-5f6eecceffe5,89,Female,139,57,old
0c26d588-1780-4dfb-b082-b7ffd0f10c88,81,Female,25,48,old
b87d3258-7fec-4c6e-9b6d-4bd71d30c437,80,Female,36,38,old
a0fbca26-716c-42d5-bc92-5281bcd6d9aa,80,Female,70,81,old
e7bbfdee-e83b-471d-b42e-0dbe6a1142a4,66,Female,105,28,old
fdf48b25-58c1-474a-bde5-c95606b8a9ec,86,Female,91,98,old
29d44beb-bd49-436d-ab39-5b8baefbf3f5,71,Female,54,12,old
6ad18160-56a3-4744-9c26-2d892f9fc962,74,Female,32,35,old
741aadb3-0b30-49d7-a54e-09542b48d014,79,Female,99,80,old
a4ec03e7-0c8a-48d8-9bbc-2d65dc116771,71,Female,164,63,old
d2df92f2-2304-4409-9ae5-eb3e0ce74711,89,Female,145,55,old
9782d93a-ef1a-4f5e-8d97-d9af9b40c55a,71,Female,153,45,old
93e27bc2-e574-41e6-badb-cd425c8dce26,66,Female,184,67,old
fc361cfe-f9b3-4c8b-b918-371c8b4b6ed4,60,Female,31,36,old
5aee6eaf-55b1-4d41-ba48-831f79ec0666,84,Female,94,76,old
a17af11b-b502-4701-8137-73b23b6ae3d3,73,Female,83,50,old
8e0ca7ef-c763-4329-a1b2-21a5547790b8,64,Female,88,77,old
2626ef40-0b64-44e3-aeb7-3fde4638bddc,86,Female,107,15,old
7c77b737-7a40-468c-b189-44474faaa9e6,75,Female,167,34,old
53e93898-8b87-49d7-9830-f0ab274b43c4,75,Female,137,81,old
ddd8bc91-8004-4c57-8282-ebfb4777eb49,82,Female,115,7,old
11ed4d83-e799-40ef-b7ef-1bb1d57a5521,63,Female,136,82,old
f105cc6e-de33-48ed-82e0-775c8a7eb8b4,62,Female,151,27,old
50a9925b-a027-445b-8a7f-6e802ff526e7,66,Female,107,40,old
75cb8549-3efb-40ba-9939-b7edb3f17daf,74,Female,132,10,old
ef8d3958-2b26-42a1-928a-8cf774d386e5,67,Female,171,55,old
7a9a842b-8eb4-4130-b8c2-412242ee0714,84,Female,42,58,old
632f72a1-c438-4a64-acae-543c0e012811,74,Female,103,85,old
77407c66-ad57-4176-906f-8fd8a38911ee,85,Female,70,83,old
3f53086d-af15-4228-9574-4b0179074b2a,82,Female,158,23,old
10ed78cf-4305-4523-b243-165eb61d1fd4,83,Female,91,57,old
2452e636-01fa-44b4-b25c-f46a671f694e,78,Female,92,73,old
75097725-28ed-4cde-98e9-c5f6f375614b,82,Female,82,77,old
7f565e19-6c95-46dd-a79a-f703ae224816,64,Female,126,91,old
6d4e1631-dd24-4863-b675-06a90b554239,67,Female,34,42,old
a8eb8859-7506-42b6-a383-4b80c195d8b6,79,Female,30,92,old
3023400a-ce39-4e40-9728-8fecfd22166b,89,Female,165,57,old
174ee08c-6cec-4064-a1dd-eebed943b0e7,76,Female,26,12,old
ab4b09c6-75c9-4f4f-8f9e-269dd8765f36,76,Female,160,69,old
3083aaa0-0f94-41e8-a6ef-e61e9ab9f8e9,90,Female,43,78,old
e9f6fda8-e27b-4c81-8034-e1bfe1e1df95,84,Female,85,28,old
eb97535e-b32f-4e7a-b3e3-8a88fd205a7a,67,Female,148,67,old
574272bc-6140-4952-9166-13c8007a1905,69,Female,173,77,old
ea4a0578-58d1-4429-8421-d01672d75fb5,64,Female,70,60,old
0a4167fe-3b8c-4d5c-a756-372acc0a10d8,82,Female,59,96,old
8fbb717b-1aec-45fc-a091-4088c25882c0,88,Female,150,11,old
af5a87b7-0b3c-4a9d-ab2a-5ace26ae187a,64,Female,120,38,old
62375353-92d3-45d1-91e5-5ac768fa6634,75,Female,50,35,old
bbdc196f-e54f-4ae3-8df4-e095b2fa8f16,86,Female,160,49,old
80abe65b-6fe7-47f3-ab4d-abdec4fa6908,73,Female,35,42,old
a052fa2a-e89a-4497-a27d-a9c186d5f375,63,Female,168,77,old
be5856c7-3377-4e28-8e92-bf9afa687588,85,Female,41,5,old
83e2323e-887e-4327-87b7-707a087d0204,64,Female,50,69,old
1c6618b0-4855-45db-a6b9-9c705e2c1ab4,65,Female,61,59,old
310e79af-d7f5-4858-a272-07f3e9d7459c,77,Female,76,21,old
8461704a-a8f0-4a91-8851-814fd6d28bcb,82,Female,164,92,old
ee82c4cf-55b5-4437-97ba-280fd1c6277c,90,Female,82,5,old
460db1d1-445e-49b6-92f1-e00553e64978,81,Female,39,62,old
7f836de3-68ee-4ca9-b7de-f6990c1fa14c,75,Female,189,57,old
12a374ed-c2c0-47fd-a863-d3142a6ca42d,74,Female,55,7,old
7131b222-3e39-4bcb-ad47-31cc99485fef,68,Female,166,94,old
bf1dca65-6626-4ac6-86f2-a3e7c1a18862,79,Female,101,31,old
9656222c-950c-40a9-981a-4aba7ae6ea2c,63,Female,148,1,old
7732c659-e397-4780-9c5c-f93e0480055f,85,Female,90,98,old
5cc7b992-e97e-4d2b-a508-e9639d3a2642,75,Female,33,96,old
bfa2ce82-6c2d-4998-b6b1-5f115fe7a686,76,Female,128,38,old
cfa100c0-764c-441a-b065-ef829ad85a05,88,Female,183,88,old
bec62aeb-8d81-474c-b602-a817ddf6f2aa,81,Female,48,66,old
b83c3c36-cbee-4dbe-8d63-b7c3aa9ae28e,64,Female,109,29,old
5158ae87-e340-49b0-a157-e6e819e681cc,84,Female,25,70,old
c0704604-3541-40d0-bca0-f16b02b4780e,77,Female,185,10,old
6edcde1b-6297-41ac-b7a2-d19fdcb1b35f,75,Female,198,1,old
1cad97e9-9e17-44ef-bde1-79552839b225,79,Female,190,80,old
d8f6b616-aa0e-4ccf-ac3a-d3ccc79ec572,72,Female,42,96,old
c9f1bec2-4e81-47ed-af66-ab015aec75cd,71,Female,123,57,old
d908d938-f72b-4aa9-8c55-335712c8d302,67,Female,139,85,old
581edffc-add1-423d-8f03-22d1d1bab0e7,72,Female,118,63,old
7dd7673c-c90d-43b9-b8e6-f2d7a1a6ad60,89,Female,165,21,old
2bf0c9bd-943c-430a-a275-e41e470ade36,84,Female,48,3,old
7101acf7-e0ef-4f4d-ae9b-b33727537632,78,Female,73,78,old
25b52e30-5f52-4c35-8e33-0511889f3242,66,Female,92,95,old
e90a1a5c-a52f-4d83-8f07-43d2f22fedec,86,Female,141,59,old
22db0797-4fd5-46bc-90de-e6fa53b19280,78,Female,25,61,old
bbe20f7e-ea66-433d-acc8-c2330dc24db6,68,Female,71,30,old
d896ccdc-9b87-47de-bcc0-bdfcc62bdf49,75,Female,193,18,old
33ce2b11-6583-44b8-8c75-2bff289037cb,70,Female,168,55,old
c8b2f6a3-9f72-4803-a05c-6d71cedcf8fc,63,Female,147,55,old
b738ae86-5d7e-4087-b688-8fabaed54242,72,Female,152,25,old
08864503-984e-4753-afdc-0edc297a1f6c,63,Female,146,92,old
93bcb839-32e4-4e39-847b-b7c88d744516,77,Female,75,92,old
de230c38-fa00-40c0-baae-556660382ce3,74,Female,33,92,old
2273a438-0bcb-4650-997d-0d504c33d15c,65,Female,126,16,old
d16d2b9e-48cd-4014-8326-ef32be6a54a4,66,Female,28,51,old
cf3da3d0-993c-49b3-a783-15dbd4840101,69,Female,182,97,old
9f8c136e-fda4-4747-b890-6948f239cf15,84,Female,101,41,old
b14d0546-b35f-40fd-b6b2-05418e7832ec,80,Female,72,57,old
3cdc4152-7ae1-4389-8216-28c8c98c95cb,70,Female,64,78,old
f0357a96-d216-42d0-83f9-50f59bae65b5,70,Female,126,15,old
350a82b0-11a9-4f5a-a27c-e2f61b2d0f71,72,Female,190,49,old
da15598f-e408-4d91-a95e-715a028d58d5,85,Female,37,20,old
5ab5397f-1678-43ea-b03c-7265167c4a58,88,Female,120,24,old
3fc00cc9-884e-42c4-b73d-bd357e4af02f,78,Female,55,72,old
751dbdc7-f5fb-469f-8c62-207d5eaaedd2,64,Female,138,83,old
5726be98-f86a-4590-8911-d3bdd67d7901,83,Female,142,55,old
91020f8a-baf8-4a85-8b72-6beaccb1a5c8,86,Female,162,16,old
63078c8e-8cd6-483c-9750-4894d4d7d08e,75,Female,93,66,old
ecd62dba-5735-4f84-aa07-4e84dc687444,90,Female,89,65,old
f8deee7f-d03b-4402-8e83-677ed719f872,74,Female,121,84,old
df16b835-ccda-4d24-b801-4a3b811414ad,76,Female,46,22,old
a4e8bae2-3a90-486e-b9a7-2c79c647004e,78,Female,103,49,old
ba168e15-190a-4c1c-a8c0-b24398d2583d,71,Female,82,78,old
e378d537-6149-434b-b768-3dd071a6063f,68,Female,118,7,old
33e18095-88c3-4980-ab36-2a306c867f28,69,Female,150,43,old
d96d1382-b85c-4dc4-85c7-35f75880b937,72,Female,162,85,old
d3524640-9d0f-4268-9430-86e261322021,83,Female,134,78,old
a8942e16-600c-44fa-aa1b-1facacb1a1cd,60,Female,91,26,old
4fd6f20e-3d45-469f-b5ba-b5392177c214,86,Female,76,97,old
9c36b68b-453b-43ff-8734-a73480bd7997,77,Female,43,100,old
351aa337-133f-4434-95db-a28edd25a66f,78,Female,54,14,old
c148ede8-7db8-4ac7-819d-993170874c9a,83,Female,138,19,old
4a600821-cb00-47ef-8af4-c6584afdd43a,86,Female,73,70,old
8d1f1439-b8da-437e-bb5a-3d06798ae892,77,Female,151,73,old
3b447f2e-00b8-4439-8627-6946fe848328,83,Female,196,74,old
7369e9da-2fab-4662-a1a1-ea3530bb7469,87,Female,125,75,old
9423b429-1505-4b91-8d6c-e82bee8f8f75,78,Female,95,19,old
9482200f-d3d4-4283-8dfe-721ecc440ae2,72,Female,44,25,old
81d5aff5-880a-4d6c-be81-81cf353d9069,87,Female,34,48,old
55e5de7a-482e-4819-aea6-847cef2712fa,85,Female,51,67,old
83b407bb-92bd-44bc-88fc-3ec843c1a420,80,Female,24,96,old
45c8bf2c-b6d0-452f-b930-0a4bfacb4dfe,79,Female,66,21,old
45b95d80-21f9-4f27-a7d5-e67e32aea7bd,63,Female,68,52,old
7848a39b-42ad-4bec-864e-5b8b5ede3453,90,Female,39,6,old
245314d1-69c7-40ca-bca5-4f58ae2afc36,76,Female,58,9,old
99b61486-fbd1-46ac-a6d5-fb7b7a0e4970,74,Female,182,42,old
1603d3d2-c082-4d2e-a788-cc5be89f912e,81,Female,74,28,old
6339a2c0-6300-4db0-ac2d-502f6d0938c0,83,Female,153,48,old
8ccfa3e0-a7ad-4ac8-9fa3-c12efa959e6f,83,Female,172,10,old
bd48e93a-5189-4fc3-9276-f8520dca955c,72,Female,127,89,old
18b9560e-ef9b-43d6-9669-fd2c5c29fd92,86,Female,157,42,old
d99a5e77-5bf0-4231-b4b6-ea5b58b3fff2,84,Female,87,21,old
3640f506-a9e8-4f1a-8e63-936d92df08b2,78,Female,125,34,old
12a4dd62-45e6-4dee-8c22-ecf03bb76508,65,Female,135,24,old
ef2f70f5-8200-49f5-8432-0e2c8e0573a2,60,Female,128,33,old
82eb466d-813f-4329-9e01-2b4d7f6c4a01,86,Female,163,74,old
a948d6d6-90cf-46d4-b3c7-14fc08582bcf,62,Female,54,35,old
223de22b-7449-4a50-b108-f8d95e324b09,63,Female,36,95,old
0a1aa4df-810d-455f-987e-1d7ba6d5e13d,85,Female,86,67,old
eff9d0c1-e571-4bce-9577-fcb8ce68f98e,63,Female,158,99,old
faed1942-898d-4f52-9e38-4e1f72c5321c,67,Female,153,4,old
27ce9d56-8ea5-4629-aa46-c0ecaf4a0c9a,65,Female,123,48,old
49d5888b-9962-4e65-a39e-d2fc815b458e,79,Female,166,67,old
4751a0a1-9baa-42c5-8430-d93123f005cc,89,Female,169,17,old
05bb8bea-0d6d-4e5a-a4cf-d6e255236f80,78,Female,140,14,old
203efd65-b132-44ed-b205-7af624e2dc49,75,Female,164,66,old
9ab5c7c0-e6b6-4b53-925d-7bbccb62f6a2,80,Female,174,55,old
a94b3ff5-74ab-4ba0-9e6a-e7d3fb7bb0fa,89,Female,150,84,old
2a13ad05-b40e-42a4-9355-186b4908b1df,77,Female,126,7,old
611a4635-aeaf-42e1-b383-0dfe7fb268ae,85,Female,92,26,old
36f639b6-8989-45f1-b940-1fe93547eb10,88,Female,142,94,old
616eb43e-1771-42b9-9ae4-1c8c8a499378,72,Female,94,42,old
d306bb6d-ad11-401a-916e-727ec4487bb0,64,Female,140,27,old
e13a4478-5d9d-4c78-9056-fe51c5919e95,65,Female,52,67,old
b8be442d-ac15-422a-83b6-73fa77964b32,75,Female,160,67,old
0556ac25-0cca-4946-aa6a-0dbad9ee8938,86,Female,42,96,old
01cf1a64-3de7-4c8b-8769-b9536e60d7dc,70,Female,83,96,old
3c1b8436-0d65-4614-8641-7b5907fdda0b,73,Female,101,96,old
91746474-c601-4d70-8373-514ad2f3f197,68,Female,117,37,old
3fa08140-2aa0-4ffd-83e7-3c1d6e2dfe9f,88,Female,71,69,old
540e0bb4-9eea-4365-9e62-84b1045e6305,75,Female,51,32,old
d6bf10f5-9e5e-4f8b-8784-0c0117de7c25,65,Female,162,13,old
d91e45e8-84a9-4c5b-bd17-ea74ec48516b,69,Female,78,37,old
0347a6c0-c3e2-42f9-b30e-cdc8d93444b6,88,Female,169,23,old
b24a661e-dc5e-4286-bee4-6b7cc09c3ac0,90,Female,30,100,old
90dd9b64-e4e9-44b3-ae43-8e2687dc11a0,65,Female,93,69,old
f4cfd527-9e8d-4649-85f5-44de472003dc,90,Female,59,14,old
5bb404e6-0029-4b90-b3fe-20c88068b803,85,Female,193,24,old
bbedda4d-6271-4a96-9732-725e699e3809,67,Female,85,20,old
b2f01c07-83f9-41e6-944d-de86677dbf97,61,Female,58,74,old
9abebc4c-1be6-402f-bb71-4aaa9d6868ab,76,Female,143,71,old
2cff789e-9c55-4d74-90b2-eb87e7f44ac5,72,Female,65,39,old
e27e5c4b-8df1-40ea-9b68-91f3d1cca834,82,Female,152,7,old
e0bc22ec-d1f6-4c2e-a06f-a7e0f3e8afea,74,Female,132,53,old
c4e7d481-0c4a-430a-92b2-7339e141f69e,69,Female,159,33,old
ba05c715-ba01-4ba2-8327-1308367c3a03,64,Female,154,30,old
4b5e8079-d5bd-4fd3-b7fc-b4c83be0b0e7,73,Female,85,5,old
de14bcca-c8ef-447f-b980-e8881c76a5b1,66,Female,180,93,old
f270069a-e2d1-4d3f-b52c-51ba0e395aec,78,Female,187,8,old
b7e5243f-f1eb-4b20-bc20-17513bdb8d9d,60,Female,48,22,old
7eae7a3f-13fc-484d-ab59-92fd11be0e87,64,Female,67,91,old
4590804e-b75b-40b6-974b-910496238bce,86,Female,88,64,old
c31d639b-45b0-4133-94ae-8703429a0c74,61,Female,107,17,old
97a6d9ce-084c-4798-9447-696f5ad41605,80,Female,78,23,old
bf8a7516-b37a-49dd-ab4b-61888680d134,74,Female,200,25,old
fc2c764c-48f8-40bf-b0c1-c08c7c2186f8,71,Female,43,46,old
393ab9e3-5ed3-49e6-baa4-1a3df6d591b7,64,Female,137,72,old
602f9376-7674-47b0-a1e7-3d3859337e99,61,Female,46,67,old
d05066e2-188f-4eee-a414-4209f79359bd,90,Female,185,10,old
ad6c52a9-87a9-4915-9b0f-05a030ac3800,79,Female,79,86,old
737ec5ce-629e-4a3a-99b1-7aa3f2e2123f,88,Female,137,39,old
ed3e75f1-e170-47ea-8b38-b02a4c04bc76,75,Female,195,81,old
941b6d54-4891-4177-90ab-d5e3eb658be7,60,Female,185,35,old
68cf1753-e592-4aa5-b68f-a86b8fd42841,66,Female,92,95,old
29532f33-54bf-49b8-8ee4-989d1283d630,82,Female,198,80,old
f21318bf-c91a-48b8-9ed4-462eea34ee75,60,Female,80,92,old
6c103cc4-45e8-4ebe-8aba-3250cb0d141d,60,Female,107,15,old
a8387b9b-1686-47a6-9001-e86a05f929a4,64,Female,105,44,old
a70671e2-57b4-46a7-839b-d0e882bd2160,90,Female,48,54,old
844258cd-1fc8-4c47-86d9-ce6f4d8b037b,77,Female,173,75,old
f6b6b0ac-35a0-4e1f-8499-6ed0b733de5c,64,Female,40,11,old
06c0b743-daea-43bf-9c77-38a7c1daf7ab,85,Female,105,62,old
5b519fd5-dc41-4476-bcef-49592caa23e1,75,Female,40,91,old
38c25814-7df7-4c41-b687-7229252bf086,76,Female,154,10,old
e8b93f6e-d6c3-4a19-a199-c3b7a78ae961,89,Female,135,24,old
7d123b77-70fb-4b2c-a809-6d629edf5cca,66,Female,28,68,old
ed5c2341-6276-449f-a136-be47adad54fc,70,Female,164,36,old
287e54f7-87c3-4c45-b429-a0f5f4797987,71,Female,34,36,old
af4490e0-3852-47dc-9baa-76dcc1a28527,69,Female,185,1,old
8013feea-4d5c-4aa0-b476-84cc90dff382,78,Female,141,36,old
860098dd-0e51-42d8-ba2e-f65a4b3170d4,74,Female,195,92,old
3915fa84-2ad5-4d6b-8fc1-13755cca8ede,78,Female,48,28,old
ab80cf6b-c370-40f7-ba87-07466e8a74f8,88,Female,100,40,old
c548d54d-49d0-4bb6-93eb-0f1bc8ccba81,61,Female,47,62,old
2165f62f-7ff7-44a1-b507-c8cc5bab8c48,86,Female,178,28,old
00393b5c-befd-45bc-846b-e0eb50379577,63,Female,176,71,old
f6f25273-8aec-4c98-ad64-bc9b94ba74c7,60,Female,51,81,old
60be864d-6cd4-42d7-9ba1-7c7ec2b8d52c,86,Female,32,9,old
76eee9e9-6cf8-453c-8027-1bbfb2370304,68,Female,29,64,old
cd4bd749-fc14-45ea-bbe5-53a13f098cc4,82,Female,101,61,old
df165f9e-fbba-46bc-82f3-93aaaddc43ed,70,Female,139,45,old
5be156bf-5a25-4ab7-9592-eac210442be7,71,Female,122,81,old
df37e08b-2ab4-4da5-88bd-c82789ee0357,79,Female,127,38,old
cd6c081e-f1d9-4493-b847-e504d2f6e511,86,Female,168,3,old
1b47e795-824e-43f1-9a82-544425a40946,74,Female,112,9,old
936cbe39-0582-4cdd-92b6-f72fe531a691,89,Female,41,94,old
2d819777-56db-4699-bfbd-5df8a8f6fbba,69,Female,129,50,old
6631fca8-c0a2-4ff9-99cf-27cf0fd93007,76,Female,108,64,old
c9ccea20-f759-4a72-9ec0-cb5db614491f,72,Female,200,33,old
86ee22b3-1265-499f-af68-d7db7085548f,63,Female,66,100,old
89ca7190-4f31-43ea-beb8-76164c9211d9,78,Female,104,40,old
73b6c131-3cac-40ed-90aa-9ad7a5a6ab9b,67,Female,192,95,old
7f13b6dc-cfa9-4712-a174-1643994c2cd6,74,Female,181,58,old
dc5f66ba-7dac-446c-8d8c-66e26acc1a6d,67,Female,32,39,old
96207da1-581d-4ddf-b786-6a0c83a75a97,80,Female,104,86,old
c264716e-e1f4-400e-be1e-e1b1125b2524,83,Female,193,19,old
f679f8a9-95a7-45a6-8a8e-0345d763f334,66,Female,90,68,old
0235ceb9-a122-499c-86e5-37365b3aa66a,83,Female,148,84,old
1f6c61e7-2ea6-4ba7-ac8b-7f3384888ff0,76,Female,195,81,old
cfa085c3-661b-429d-a900-8ebfad9782ea,73,Female,159,76,old
becdfa91-5680-4dc5-bc8f-eccd398ca4ad,67,Female,106,76,old
9d802901-cd61-4f64-962a-cdbda620dbd7,72,Female,119,40,old
4cd279ef-f3fe-4e46-a97b-0ea4cac02a76,87,Female,146,74,old
ac83ac23-86bc-4f2e-9751-b706719aa430,69,Female,64,37,old
44366231-4570-4b2e-b2c4-57639d44167b,84,Female,180,87,old
bcea3fab-cbf4-45f1-bfd5-fe36c25c2731,82,Female,51,22,old
fcdcab36-cea9-4ecd-841d-6ca56b6f82c4,89,Female,33,95,old
5d36b509-a9ad-4c53-96d1-4cef5e413416,79,Female,90,76,old
fed7ffa5-c2d7-4077-ab9f-32b956eb6c48,62,Female,144,17,old
b8e1fe24-4450-40db-a869-cc456215b716,75,Female,26,40,old
a0a6fe3b-28bb-4e31-b3d1-686e98e43188,60,Female,155,77,old
47ffaa3d-98fc-4380-87c6-24c4c2c01bdb,71,Female,179,45,old
9683297a-c187-465b-a30f-9b49c1ecfe85,65,Female,91,36,old
e165d93e-40f0-4160-a5b7-1564961f52f4,88,Female,161,20,old
ef2bf876-84bd-4841-978f-3aafb47dc958,86,Female,200,73,old
1acb8d9c-c413-428f-867c-cff8986254f7,63,Female,75,74,old
bc539243-481b-4595-a7b2-19f107658683,85,Female,73,29,old
18e8e4df-0899-4249-bc92-3ce7028b55ce,62,Female,169,5,old
5c24f99b-ecb1-4e6a-bbce-67785435a638,61,Female,65,60,old
06cd759f-3899-42ac-9d58-47ed3351983a,60,Female,128,66,old
f8f5704a-4670-4093-97f9-7f4d0b24bacf,75,Female,22,89,old
e308334d-3874-4c39-922b-e4dba3950adc,72,Female,162,30,old
41556274-e07e-4941-8c37-49d7609971af,87,Female,168,32,old
fdd149b9-98c7-4a41-9b7f-b6944a0f1d9b,89,Female,178,68,old
d322872e-4509-4d79-b00c-2e4d3f80ef20,73,Female,175,98,old
ff757194-a476-448d-ab5f-5137d0955f33,73,Female,100,59,old
f8c7069f-284b-429a-903f-d4c18b721add,61,Female,85,57,old
dedcfce9-f478-4ffd-92c4-85283d168267,69,Female,42,31,old
a631d46f-ece1-443b-8c0a-8348930f3585,64,Female,138,41,old
f3c61d51-64a9-4490-95ef-0a0a24fd6b0e,64,Female,142,90,old
b55933aa-0e44-478b-8002-c69900ccb4af,73,Female,187,15,old
03261e96-76be-4f7d-a0c8-e5d786322002,80,Female,193,95,old
e998600e-f2c7-44c7-925a-ec803a4e7c51,63,Female,43,65,old
86c7fc6a-9bfc-4d77-bc50-b724595afa25,84,Female,64,51,old
5f794454-b37f-4c7a-a7d3-98b8ac2f2d45,63,Female,191,65,old
a4ba755b-65e2-4436-b5bb-a0a89bd3f156,63,Female,30,81,old
3b5bcbe4-dbc6-4cdc-9c77-0ee5dbd718d7,67,Female,143,38,old
a8bcad70-0b0f-4207-a0ca-8d88353b2646,73,Female,171,68,old
20501aba-b3ae-42ab-8076-a57eb0bbd322,71,Female,99,35,old
ffc13f08-2e17-4ad8-b9a0-19a8f71a67cd,67,Female,193,98,old
94422731-7ffe-433a-8695-ab90b5dd07f9,71,Female,124,17,old
f96487be-794b-413c-8ff0-16c0d0f4bb61,72,Female,22,61,old
2d6907fa-7380-425c-8cdb-422e4246bce1,72,Female,166,10,old
11df8fbc-08eb-44ee-90e0-f274b674a4de,82,Female,144,27,old
11df865a-d1ba-430b-8d35-6b6423198a42,88,Female,188,60,old
16d34bc9-7f6f-4797-a8a5-cd908a9ff3c1,64,Female,160,11,old
df8a4477-422f-45c3-a97b-d17c152d3611,71,Female,30,33,old
24fcfc51-3300-4ed6-85c2-ad5685696c0b,72,Female,131,36,old
45184c7e-a4e8-4afc-8305-b1266a643468,80,Female,142,56,old
873d747a-45e8-4f86-8c9f-bb8b4aea609f,74,Female,50,69,old
621e00ea-a2e8-46fc-8edd-c8ef14718e87,69,Female,146,1,old
fb8b0e8d-4a6a-41c7-9a3b-1cfddef692eb,67,Female,64,17,old
d53c3919-784e-4257-bc1b-4efb01bc68f7,78,Female,139,61,old
8be9f117-3a3d-405c-906e-573710837cc5,85,Female,68,23,old
4b033a74-ae5a-47be-a012-c85a44f91ce2,80,Female,89,81,old
04b5027e-c331-4c2a-a631-5ebc70280d04,79,Female,163,63,old
096d2356-41d0-4182-b838-6dd1eb3db24e,77,Female,20,62,old
c0354d98-8ea7-4df0-a557-8e55611ae328,87,Female,178,68,old
1c8e1657-b7c2-4287-8b3a-8a391e9d771c,64,Female,85,19,old
4d11a977-e2a6-44fd-b8aa-15c6badcbe22,87,Female,154,88,old
3cf50665-3115-4c54-988a-ac81a93c8c5e,78,Female,115,93,old
2db19488-22a6-4128-8364-fb8db688ca9e,78,Female,67,17,old
99d312f7-dfef-4245-9bbf-61e7e0586fb8,64,Female,46,99,old
9177bdcf-6559-472d-b892-92334c4c399a,70,Female,147,83,old
2307d0be-cd0b-43a3-8774-a965c5f26d8a,79,Female,128,64,old
bd0d4304-1e5a-44ee-a3ba-482fe2818844,75,Female,168,44,old
1adddcd4-0215-4b12-b804-5ea9387d9bc7,71,Female,70,94,old
0a94cabf-c701-4749-a7ef-ab1807127fce,82,Female,167,39,old
06be8b81-caeb-4396-ba50-db96f27af048,76,Female,185,79,old
0c3e0732-0a70-4e7e-afcb-613755fc4d3b,90,Female,147,8,old
c5bdd0e7-6600-4f2b-aec2-4d6f6e2f6f19,89,Female,77,71,old
654fcb47-da24-43be-bbe8-6037e1b1d78c,79,Female,152,99,old
2cf876f6-acbd-4d8e-b64d-ae5e8c01d983,72,Female,135,100,old
aedd4298-bd1e-452e-8fbe-457eaeaa7a97,86,Female,155,62,old
5e646178-b8e1-4f91-9cee-dea4e021dc6c,60,Female,157,85,old
5b017c31-92e4-4b65-910b-b74487257ca5,79,Female,38,69,old
794c3079-ba9a-4efa-a9e3-0fc340de8faa,89,Female,24,91,old
384eddd2-9613-4314-840c-b53810d39fab,70,Female,123,31,old
e932d72d-ef0d-4097-a657-cc1a140dfcfd,90,Female,142,80,old
9e6cf5b2-a8a2-462d-9df5-39d17c0e4f06,66,Female,119,24,old
6f7e4669-feab-4a02-b4a1-e8c21f58b612,86,Female,51,94,old
cee67697-91b1-4c64-b079-da273e67a4f9,61,Female,129,23,old
f8822a98-60a9-4ad5-8b27-6a27ccdff977,83,Female,175,41,old
d7d60bca-203f-4a7e-87e3-b24e0f324a71,76,Female,177,36,old
ee78c488-5b5a-4673-add6-d45e4e3b19dd,63,Female,45,61,old
f087c489-f1bb-43f7-aa62-a485020991ff,89,Female,105,76,old
4a2889fb-24c5-4bfa-a802-55f132745585,62,Female,29,72,old
460fa938-97e5-4867-aaae-434e17c607a7,62,Female,138,41,old
ee539b0f-05b6-4a48-8967-bbb881855d5d,65,Female,107,77,old
01095e70-9002-4387-95c8-d7b93e24b091,78,Female,36,2,old
85590b68-cae8-4f9a-a194-1d79887915ac,68,Female,72,72,old
fb437d24-36b5-4a6f-a53d-788624c9163a,73,Female,192,70,old
8d1654ec-a258-4e8d-a741-2b2ad01813ae,87,Female,98,76,old
f184e4b2-914b-449a-b597-53f98eaf5de0,66,Female,164,3,old
47fa60d5-910f-4b56-bec1-47dd042b56f7,74,Female,137,26,old
e2f601ac-831b-46db-81db-07652aeeda1a,76,Female,143,37,old
0e0efad1-5aa2-430a-9060-5b22f561cad0,88,Female,187,6,old
b202c0a7-b548-4ef8-8f8f-30039899532f,68,Female,29,96,old
1f0f0bec-a92a-4964-bf84-474598087fb2,80,Female,63,84,old
786514c9-9676-4bc7-a9d1-95a6e7988c0f,85,Female,93,85,old
484f4a19-6532-4bb5-b4f2-ec029d4dc0b9,83,Female,107,70,old
88f0d0f8-8751-4fe6-8efb-3bfe825592a5,60,Female,85,29,old
3530f314-3a8a-4453-a891-d7e2f540b5f1,62,Female,166,72,old
d514510f-e125-4b95-9ec7-3e7051f4eaee,64,Female,192,76,old
c0d9811e-3708-484c-bae4-6b06018fb21d,79,Female,192,74,old
66011427-5e14-4038-85bc-ab78d5b06348,79,Female,40,45,old
2c7c8151-ffb1-4524-9c2d-46f3b1610127,86,Female,169,27,old
43ef0248-1474-4a6d-872b-73c98937cd1d,73,Female,189,42,old
b15dafa1-0b27-4494-b10e-3120ff213276,72,Female,80,78,old
e669258f-b78e-49f4-bea3-889f14584cff,79,Female,142,68,old
e43f41b6-a286-4264-82fe-b33c5c588046,86,Female,37,5,old
b6b35c2a-7900-456a-972a-620101d4284d,88,Female,113,54,old
8479af27-362f-471a-b0dc-c6d8877aa719,81,Female,46,73,old
afabf8b7-caea-4959-8a6f-48eec052afaf,60,Female,101,91,old
11f34587-cf2d-47c9-9ad9-04fdb5a048ae,70,Female,133,79,old
7b9bd552-7eb1-48e5-bd21-22ef56f0f61a,88,Female,137,55,old
9bc7d3fe-b81f-4d23-9229-58e11a5110da,89,Female,122,38,old
2f4efa54-9408-4abe-9763-77e9c3c79cb0,87,Female,71,77,old
50dbc0ab-0885-4450-960b-a6e035424807,67,Female,23,24,old
cfb22922-3508-4142-9cee-ed29b06655d3,68,Female,106,47,old
eac88d75-7dab-41d4-b79a-91abc913b888,62,Female,34,13,old
b5a6c7a0-ec13-41f1-ad69-77ffe77f3a03,69,Female,43,79,old
43437467-5d1c-404e-bcec-cd1041f05188,81,Female,50,57,old
d0c5c002-bb60-4bc9-abc2-944b83d5faa9,74,Female,51,12,old
c5abcda5-39b6-4646-9a65-b395555b9885,66,Female,21,87,old
554f05f3-5c28-4d76-bdc1-94e3d86b650f,75,Female,131,38,old
0b95d3d5-ad67-4ee9-8329-00a0d7c5bad6,69,Female,58,27,old
e94366f6-40a4-4a28-acf0-294d9ab7a4eb,62,Female,68,57,old
a9c7795f-1b27-4f01-9187-10b07ebcf3cc,64,Female,45,6,old
329236e8-66d5-42a7-9c25-99b6fee55ceb,76,Female,25,98,old
0eb0a625-96b7-4dbc-883e-7fdeebb15567,87,Female,189,97,old
afd20e99-b789-41c3-be95-ea69ee80be6c,69,Female,166,16,old
fc4bd365-5ea5-4ac6-af63-c05ecd7398f8,87,Female,125,82,old
0b4a287c-7fec-419f-9ec0-ebc0f89dfe18,61,Female,77,25,old
800ceb7a-402c-4295-a2ad-a0450b4c208e,71,Female,111,45,old
f7bf75b2-61a6-42ce-8285-59079df4d82d,82,Female,116,77,old
9d5c6304-6918-4501-8307-f4f174f7485b,86,Female,53,31,old
eda05cf7-57d2-4159-a158-83e4449a280a,68,Female,118,50,old
c30c4990-c56f-4076-b153-06ecec36ea56,80,Female,33,80,old
8c16ed81-f74e-4e3b-b895-4d3e127b678b,67,Female,178,58,old
2d4d3f6a-71b6-478d-9bdf-287ce42f4770,90,Female,162,8,old
379a41ca-1c17-4048-9bdd-2d0caa9eb5dc,66,Female,191,50,old
7cf8a4c4-0b27-4870-b57e-ca66d57e047f,60,Female,101,39,old
4d79434f-22c7-4416-b2a1-927fc2a1a7a6,85,Female,155,19,old
716aad79-734c-40c8-a16a-3bcf8f0f151a,69,Female,93,53,old
e96ed60b-be1e-4420-949b-fc4a04d2c708,79,Female,165,61,old
b73c678f-f2ea-41c8-b360-7f7e8954ca46,78,Female,144,69,old
5b54d3c4-d303-4639-9bcf-e2f4070be0c1,64,Female,189,51,old
cd92e7e0-e4a0-4419-a136-7956aefeb090,66,Female,167,60,old
dd1ccbfd-8d1d-4a5d-97f5-67d69657f178,75,Female,155,24,old
0df15e08-ad7a-4f82-b2e8-5d6b5f0e6939,80,Female,165,53,old
a5a9bcb6-6267-4961-8b18-0a4e158b5c2c,63,Female,52,100,old
5e7cf8bf-2217-431e-bf85-4ee3c8cbbb9d,77,Female,87,41,old
c753fa8e-0feb-4d61-933b-c426b2d03f78,70,Female,139,33,old
5b900f85-11e8-4713-b752-c6f0a3dadcf3,88,Female,23,83,old
d10b3529-bfaf-40c7-bb25-ee44cda4d318,90,Female,96,8,old
cfabc971-30f6-442d-b3f8-e8adeb36b64a,75,Female,60,8,old
4ed74a0e-960b-4080-97fe-8a24d0a191bd,86,Female,89,52,old
4b2e4dd2-6a1b-4e87-b8fc-54d09d22c470,61,Female,104,25,old
7ecca2da-7764-4d90-917c-b39aeda5b41e,65,Female,121,15,old
47f7810c-72cd-487e-9edf-c823d987fdff,62,Female,28,68,old
6d5990a7-6aef-461d-af1b-3a383f890dea,90,Female,146,87,old
b6ab80fb-1a9a-4d50-9bac-2dc8b3ee4a42,68,Female,71,53,old
658fe65e-7616-4742-857a-301d74bf3c4f,64,Female,33,6,old
5a7ad76a-77ce-4528-b654-acf22c34f61c,69,Female,87,44,old
631ef345-b22a-4e58-87a3-702f348ba6b4,72,Female,155,96,old
518b60b8-00f3-486e-bec6-2d0c5534420e,60,Female,127,97,old
fac8070a-0235-4fe3-8d17-f6733e3f08bb,68,Female,170,36,old
0028110a-4995-4d08-a78f-f30a301a1c56,68,Female,187,70,old
e4419ebc-0781-45df-859a-e2f28a4b3d9b,83,Female,182,94,old
f30c2da4-038f-4dc8-af71-ef10749afb2d,66,Female,46,100,old
6bcfe491-486c-458f-a607-720a153e61a3,60,Female,170,22,old
0207b362-5d4f-4691-b61a-d75b5d72d4e4,65,Female,43,90,old
20994479-4bac-4e9e-9072-18e97a6e633f,65,Female,168,17,old
d312388d-a333-491b-b540-070b6e4211b0,82,Female,142,6,old
8ad00fab-44ed-4461-b8ff-8777a41410d4,70,Female,197,21,old
feb5ea86-a233-481c-9a8c-3854f823d287,82,Female,75,47,old
b63330ed-abd8-4a02-8b00-cc9d71e6b051,78,Female,64,36,old
8ec6e412-d172-427c-860c-b86507c2c007,86,Female,154,4,old
3b2cf6d6-59a9-4189-b5e5-f08dd88e83bc,77,Female,146,62,old
78c3d25e-c407-461b-bc11-67e37d9da3a5,69,Female,196,57,old
53b9b88a-fbdb-4ac1-934c-d8fbbcc9eab9,71,Female,188,13,old
1c1b75c0-5895-4967-9309-75445bca4ac6,62,Female,77,53,old
1ea2d962-9c03-4bcd-8a64-815de7554ff6,75,Female,80,1,old
e98dd697-d5b3-4f55-a509-67acbd7889c2,89,Female,195,11,old
14da087e-7039-45cb-b39c-b8f75aa68b35,83,Female,87,61,old
b12f4265-321c-4c39-8065-6cda5db7ef88,63,Female,157,37,old
6286c9d4-5be2-4723-8def-adbe6d92f413,71,Female,38,41,old
38d95cac-b34f-4c6e-9e47-8ef2ff857cb4,72,Female,88,36,old
e10491ad-5881-4f5a-990c-d6c82f3d9902,81,Female,33,32,old
3a8b6cbf-725e-4ab4-8ff2-2631037103d1,76,Female,30,6,old
c493e5e4-6449-4e56-afa7-447357df4a8c,73,Female,79,51,old
3601fb3e-da60-41bf-aee3-80507fb1ca66,80,Female,145,1,old
4c60024d-8d65-4636-accc-7950942a423f,64,Female,112,61,old
152c1290-d5bd-4de4-9835-a8663c605389,80,Female,45,38,old
835a3679-797a-4f17-b8f7-3f408634cbdd,77,Female,88,18,old
a5175a4a-014d-4b9a-895c-7172039ee2f2,73,Female,175,9,old
f2af9ced-f5c0-4664-9208-ff80b25ca69e,79,Female,169,88,old
578a4c8b-3865-4d94-86f4-b8dd4fe94e8b,89,Female,145,35,old
7f0a4d73-f0d3-4605-8530-4672c28d42b8,65,Female,127,74,old
7b10dae4-0eb7-4b31-9a58-a46e1b107362,84,Female,148,20,old
c1d58510-65ec-4122-9acc-ff0523fca994,77,Female,21,64,old
49a29b48-00f8-4d44-b0ee-007bbb7caa6a,78,Female,168,68,old
c96ae2f9-84cc-422a-8d77-da08abd693c7,73,Female,154,28,old
5ec1e448-5a30-4391-b13c-74cf09bdaa2f,69,Female,46,21,old
3529979f-180c-4d2b-9d5a-0dddb524377c,64,Female,195,30,old
90dbdc50-e8c1-429f-8fc2-92d02c8b2ce9,89,Female,27,83,old
0852b102-bd96-4ccc-9ec9-3132bff0cd5c,62,Female,113,61,old
789c5e98-7a8c-4232-b6bf-5420803cf81d,68,Female,192,62,old
49df6fd0-1fdc-44cf-8679-1970df1bafcc,63,Female,142,72,old
ca802973-cc07-4156-a56c-7ef6f929c308,71,Female,28,42,old
22dc5413-7d12-4706-a7ef-93a7f64bfbae,88,Female,84,59,old
c6f200dc-01b5-45f0-91ce-de8910720d85,73,Female,76,52,old
51f3bb1d-b062-4501-896e-64db528f3244,87,Female,47,13,old
b23f4beb-db83-45a6-b493-16330854567c,88,Female,130,33,old
a275fdb7-8827-4fd0-9d1b-355fbcc22d19,87,Female,156,42,old
20895d67-6b66-488f-a4bd-1623b0fc2105,65,Female,172,68,old
a53a9a59-b1bc-478b-8b88-b1b69838b4a0,80,Female,125,32,old
986d5511-da53-434a-abba-4f9f1e24b07a,88,Female,35,6,old
49c92faa-a56e-4936-a919-1c69a0895961,67,Female,130,17,old
b5869e56-16b2-412d-9ec3-37be5e84acaf,69,Female,120,54,old
87b487b8-ca41-4fb8-bd7c-6a9238f550f4,85,Female,176,64,old
8b7dd107-f84e-4e72-b228-a1df65a49d2f,79,Female,76,42,old
d9694eac-061c-4e88-817b-b41b4cdcf790,65,Female,173,32,old
2b5a21a1-5642-4604-b43b-8c6530f4e73c,79,Female,127,5,old
cef309d6-9a89-40c1-a53c-de2707c6074a,87,Female,27,24,old
b47ede71-7ddb-4dde-83bd-a14ce93eb300,66,Female,107,29,old
a47727f3-20ca-4784-be96-93be8427ba2b,84,Female,149,78,old
0c3157c4-1a42-4037-9ab8-a6b312cab7e5,82,Female,171,49,old
33a9f58a-60a9-43b6-b420-b25e55f9cb85,84,Female,185,32,old
26814d1d-989c-4fc8-9b33-7a6246914929,74,Female,100,51,old
9d4e0472-b018-45aa-832f-d5d8bd8a1cc4,76,Female,24,44,old
bd794c8f-d8c6-4281-a20f-d292f1882b41,86,Female,189,64,old
aac7fa9e-b54b-4b38-a9cb-5a7b5b6114a9,84,Female,176,94,old
c099dc96-2603-4d29-b97a-a0697a9a4fe2,90,Female,100,10,old
40c303b8-3e11-4e99-b3eb-6e3f0610c97a,70,Female,38,84,old
62a761a4-e2d9-47e6-9f48-d6d23d8286ad,62,Female,67,41,old
778d63b4-e390-4a32-be3d-52dbbd39d731,65,Female,113,91,old
9ea7c70b-4920-4a1e-a261-52e4b04fd3c5,64,Female,108,47,old
7177bda7-a159-407d-9c4a-e09fe25e006c,79,Female,45,94,old
6f6f213e-7f1c-44bd-8e95-6d70c87668da,74,Female,149,84,old
287bd881-addb-4d3f-bb17-d7bec78cac51,68,Female,69,93,old
91dd18b0-7bb6-4d54-b2b5-888563ff1925,85,Female,36,95,old
fce21200-022a-48db-9cf0-a42f7dd2ec45,67,Female,68,82,old
5339f2b9-5130-42b2-ab1c-59041472771c,73,Female,32,84,old
4625571c-0342-4a30-a9d0-00cd510cff21,90,Female,134,92,old
c07f0404-6d6b-457a-bcf5-4fa506f9b620,80,Female,137,15,old
b5a8b6d3-b26b-41c1-97fb-6d102d8edd74,63,Female,148,88,old
bffedd68-7a7e-4d33-b428-a685d297a86c,60,Female,74,11,old
3c6fdf12-6b75-4b3e-ae8a-87f3865520c2,81,Female,139,25,old
3ebc903d-8665-433c-8ba4-ffe13777a89f,84,Female,97,28,old
65fe52b1-67a7-4aad-9bd1-ccf7ad78c1c0,84,Female,56,16,old
15772166-2351-4d03-bfa5-86c6def3c2f7,71,Female,132,36,old
8c91df60-a1c7-490b-bcd0-374b3d5e5c8f,83,Female,55,42,old
aeba8dbb-3da4-44fb-a050-02122f56ddd3,84,Female,134,40,old
b625d21e-891b-480c-aa44-2b9fd68cef20,88,Female,44,7,old
db45bde8-842e-4e9d-ac23-d2cd8b5aa887,68,Female,47,51,old
a074203c-14d7-4ac1-b303-05308794a674,87,Female,90,42,old
267bb3b7-1761-44f7-a126-0c6293022746,74,Female,176,100,old
3ad5ed1d-5ecb-4a2a-bfc9-9c4ae1ba7b83,73,Female,185,25,old
06578882-a3a1-407b-9938-d886c7326469,74,Female,108,11,old
641b6337-46d2-451e-bc4e-f7c43617bb10,73,Female,116,43,old
59d01873-430c-4136-816c-026d792dbd92,63,Female,167,27,old
c63921b4-ffee-4ac4-8e94-06c3c628a3ed,69,Female,106,6,old
d5b6a5bd-e2f3-4871-8e4a-cda0a9808360,70,Female,99,88,old
bdafb917-f49b-442e-8258-8cee9c6d729a,77,Female,158,41,old
adca1457-b740-4cbe-a3ba-0ef31bcbe8b7,79,Female,167,24,old
76351ec2-d36f-4ac0-bb3e-7b94d2cc67fb,74,Female,91,60,old
cab5b3fc-8b96-49bb-8128-6abba43c6210,82,Female,194,94,old
4fd6b7d5-1e7d-48d1-812b-2523c08bbbef,65,Female,138,34,old
61c491b9-a0b1-4b73-95d3-e7bc1c5833d7,72,Female,54,58,old
08eecd08-441a-4cb7-9cd6-29d9b5c7d25c,84,Female,142,61,old
1b7f41a3-fd54-40fa-8012-f0a8f06dac61,79,Female,33,26,old
b60988c7-af20-491f-b7b0-34e30f9bdb0c,68,Female,131,42,old
9d229094-3270-4459-878d-5f56856c1c5d,89,Female,31,81,old
dea42fc1-e289-483c-9ef7-519a351f50c2,76,Female,113,18,old
175a9f77-9a5b-4b06-970a-04d4d3a62a07,85,Female,145,99,old
1e5d1fb4-84c5-425f-b21a-1d476fd1979f,60,Female,43,40,old
5001ec4e-300f-4542-b453-66e714425e66,70,Female,61,60,old
953947ce-18de-486b-91c7-e05f61890708,72,Female,113,2,old
6d2148b2-717a-46cf-85c0-86568b9f474d,86,Female,99,68,old
1a9fe225-64ce-4f77-9cc4-cd7c3481ac62,76,Female,183,60,old
168d8c1d-9f03-4e5d-8b9c-dad95bf7e8c3,90,Female,35,24,old
8a7e7fe6-733c-454c-83a0-60c68657dc65,63,Female,148,71,old
708f120e-482e-4c15-a240-4e9a49b7e1c2,71,Female,193,57,old
4f6037b1-0093-48a2-a549-22afe0aed85a,62,Female,68,69,old
a50bfcff-151e-449a-bd63-ae609803f11f,64,Female,36,5,old
b7f4a2b9-bf61-4957-860e-f28b33df6a17,83,Female,48,10,old
fa5ddfa1-7b36-4b33-8f54-c9f3fe057fb6,67,Female,98,92,old
616778b3-a06e-4383-ae72-eb29a111841c,75,Female,159,68,old
3ec7eaab-32ce-4104-bef0-d60df12da648,70,Female,61,11,old
3f7a8efb-0ec7-4c5d-ac66-843806101cdb,65,Female,148,13,old
f0755d3c-56fa-44d3-b251-4db73220be59,70,Female,95,28,old
9d423be5-b36c-4d2b-8ee7-08ef7ef1764d,72,Female,23,78,old
a50ab22e-6864-4c3a-a83f-2c5401283a3b,72,Female,29,61,old
a823fa03-dfd5-4b4c-b798-5335883cb168,82,Female,56,52,old
8c9ce9a1-fe18-4ec5-bd8c-6cffff217db2,79,Female,161,69,old
6213f1f5-2123-4562-bf64-84ac5d73d51e,65,Female,99,45,old
d88710d3-5777-4a23-853d-166850b92c91,84,Female,86,38,old
5a60242c-443a-4a1b-9964-ade1e44caf56,76,Female,105,10,old
596f06fc-def9-4598-997a-2767d92b2d45,88,Female,70,50,old
2acee6da-9296-4100-a85c-3869fa0e9b67,79,Female,80,40,old
96808f36-96ab-4324-93c5-d8424f709de6,79,Female,166,77,old
9b8f85f2-e4db-4c78-a02e-c341ce1553c0,83,Female,129,5,old
c233d481-f217-46cb-b62a-cca578f4f5d2,62,Female,101,79,old
9b2b95a2-7a10-4b75-9484-31f4a6293a94,62,Female,167,98,old
5951cb01-8343-4184-b14a-4aac23abdaf1,89,Female,121,69,old
d764971b-e210-4a26-b069-66f52229a915,83,Female,114,99,old
ac657356-99fa-4b4b-9607-ec03f186a904,82,Female,79,65,old
0e62b500-c705-48fb-bcc4-4c1bc7728ebf,87,Female,82,58,old
e487cd8a-48ea-481f-9fcf-6bb311c11939,66,Female,191,71,old
2a18fb6b-6850-4ef0-9496-511e7dbe29cb,84,Female,146,31,old
965517af-5645-4444-84c0-517a0a82a201,66,Female,180,94,old
c2d2e7a6-d09d-485b-95fd-ce2a71128e61,63,Female,161,70,old
a9910621-ed32-4594-ba93-f446301f84e9,84,Female,54,57,old
9c01b43f-f76c-4bbe-8f61-458ba244f975,76,Female,132,90,old
145a9ac3-3b89-4753-9672-10d818723952,61,Female,192,5,old
e83a0556-8099-42eb-8a98-1f8b9bbba5cf,83,Female,20,11,old
df6603d7-54d1-4ac6-a59a-fcaabfd14e04,62,Female,102,95,old
84f4d064-408f-4ede-9b5e-aa66c19cceb8,90,Female,169,90,old
0f9805ed-6289-4158-b9dc-8ad93bc74de0,79,Female,33,84,old
1bbce29a-ade3-43af-9bda-4f5839e60741,66,Female,62,99,old
14f79758-94b3-4258-a404-71cf6071821d,90,Female,76,80,old
4382e5cc-dc60-4f75-8ef7-7e19a2b3f3ae,80,Female,110,29,old
4b67fd6a-c6dc-4808-93a1-ea3a7b4f3e7b,67,Female,63,79,old
e1cbee3c-d5ae-4c6a-bb5f-0156fe69da66,82,Female,150,38,old
acf59770-f331-49c9-a3a8-3686c3b4796d,65,Female,122,98,old
ead72a29-af09-474c-ba27-d1e256095313,77,Female,113,23,old
30b7ec6e-a37d-4e40-b0e4-ddcbba97c694,85,Female,93,92,old
02197044-c2df-48b0-9805-505723d65b8c,69,Female,177,52,old
3a5d6ee4-8c52-4243-8b85-731ff0abc3d0,62,Female,56,96,old
f571c0a6-2453-4c36-86ef-62631a4e1de4,74,Female,50,55,old
719f952f-088f-402f-841b-d58f661ea1bc,86,Female,37,100,old
9d1222d9-1a3f-4097-b70c-ad6b374e958f,65,Female,90,18,old
0ba46e49-69be-4c7c-baa8-6ba1eac0a3d9,63,Female,103,90,old
f2e1f459-1c6d-4160-9150-f23bffdc87f7,78,Female,157,90,old
b6c7d9e8-da92-434f-a930-9d6b68268e7f,67,Female,182,68,old
6b6ddf62-1a3e-48d5-8459-57a12eab7354,75,Female,39,28,old
6d964a08-ea1b-49ed-a705-5c055092b7b2,60,Female,167,100,old
24c8dbf4-7005-4a38-b9e4-ea26472e285d,83,Female,36,85,old
7345ae5c-c218-4ab8-a14c-464977a3ad95,84,Female,193,2,old
06fb80f1-3f96-432c-b5be-abe6e124bb63,83,Female,84,79,old
c4b6a8d8-769d-4349-bafb-db16f6c24e82,83,Female,136,100,old
321164fa-bb3a-48ca-bad4-99ed64b659f8,86,Female,109,68,old
3b2bbd3b-9da9-4821-acdf-73e6144cfabb,87,Female,157,95,old
5303d578-d14e-4604-8601-7fa8ab26c64d,68,Female,31,76,old
dde960e1-ce68-4ca4-bbc2-0d8fdac83460,77,Female,51,54,old
5bb1bfd9-8544-4288-bf2b-8025206f47ea,72,Female,136,53,old
52f8dba3-3485-408d-8e2f-921e286dcf50,78,Female,56,98,old
84a56b1b-1767-4d9d-8c04-ba1847b7a003,78,Female,48,66,old
9518ae1b-0656-40b4-90a0-e2fbad8cfd44,69,Female,171,66,old
1070537b-7aa1-4385-8442-bcf219c97aee,62,Female,26,87,old
1858818a-6914-4b63-a25e-7aa0a96f1cb6,66,Female,188,47,old
4431272e-9775-461d-9e4c-4cc9e40da0cd,83,Female,132,4,old
a8cf8467-fb27-4032-a443-04ed775d0224,89,Female,158,83,old
5af40480-6a7f-43a4-a935-357a16211010,90,Female,161,21,old
1ceb7e9f-8a6e-483a-9767-4691409fade6,69,Female,175,45,old
c95b9e66-8571-473b-b576-d9b9da4717bf,73,Female,111,45,old
b8ecb4ea-5748-4c08-94c9-36d0e72b370f,63,Female,47,30,old
8e8d4340-d7b7-4d98-8d8c-36368b6638f8,81,Female,108,52,old
3d37ee66-21bc-441b-a974-c732379d9321,75,Female,117,39,old
433f68ec-ebf0-455a-9dd9-f10551480f71,68,Female,172,2,old
8f733507-4d2f-4925-86d7-8b1beb1e5185,66,Female,176,21,old
0dd9c556-9570-4eee-8c2a-6ca53d5dd43f,61,Female,190,19,old
cefe820e-be23-4920-be11-d2e4abfa266d,70,Female,127,68,old
d79e73d7-09bc-4856-8c08-da49e92aec56,75,Female,52,23,old
358e5908-1e8c-47af-b0a5-9b620fbacada,69,Female,125,20,old
d31a32b8-488b-4b3a-b1b6-bec933dca34f,79,Female,134,60,old
30d44954-c804-4041-83be-ddf4496494cb,78,Female,122,16,old
07f58f65-257d-4d73-bcf1-31667b45268a,68,Female,140,21,old
2bd45268-d657-407f-81c8-4d6b8334c405,66,Female,170,28,old
bc60b4f6-8900-4273-bd80-3148edbbc749,88,Female,55,39,old
14141ffa-8015-43be-8750-fb67a80c526d,75,Female,78,52,old
2838b83e-256f-4d76-95cd-9a2068c4ff33,61,Female,38,18,old
015b79eb-abb3-4501-a21b-b310abc0281e,88,Female,136,46,old
61b16ef9-e8a9-4261-bad6-677c06b4ce43,81,Female,123,71,old
334730c8-3d05-4846-a6f1-5c57a321b615,66,Female,141,82,old
17d138fc-be55-4c4e-b794-f07f12072496,87,Female,180,84,old
14483acc-31cc-42ad-842f-4fd345c1eb3f,69,Female,37,42,old
3ec84fc4-fcd8-4fc6-aa43-9344cfa056be,65,Female,29,60,old
7dff1b54-9f1c-48f2-9b72-5bbc4274c0ad,62,Female,111,36,old
c892523b-96c0-473b-9092-e7dba32f298e,64,Female,49,35,old
1a5b76cf-608b-4ec2-8dbe-fd18aedec6d3,63,Female,81,100,old
9025b910-49a2-44d0-a024-6604b491550e,64,Female,179,5,old
0c3528b4-d033-454b-b48e-a150962bf64f,86,Female,171,23,old
a565b6f3-b970-4c23-99c9-3b628ac7c89f,79,Female,66,90,old
1eef421b-6301-4bed-952d-921c9b53d75e,90,Female,50,44,old
3fe25302-c1bc-433c-a2c2-22b52ed93b19,85,Female,42,38,old
f7a42b44-4906-4cd8-ace5-c3c1dacfb50f,75,Female,64,23,old
d4115db8-d5f4-498a-9386-33364af518ff,61,Female,116,24,old
ed1981e1-76bf-4d06-a404-b3c4c8dd320b,72,Female,68,62,old
3441d32d-a911-43c5-b72f-6af1264b951d,65,Female,67,43,old
3e8e1ed1-bd7e-4413-b182-f539779996de,87,Female,22,52,old
3afbe1ad-5fc6-4c7f-952f-421cd88ba0c4,86,Female,190,76,old
2af58df2-2686-4a68-8ab4-d8858ab1fb17,86,Female,161,68,old
56b2fdc8-4aa1-4d9c-b072-eb48f5adb58d,70,Female,184,36,old
f7bd7315-7182-46ca-9169-9db4b639d8df,67,Female,171,92,old
1a7b49f7-c59a-4ee4-809f-f9c6e00bc2e5,79,Female,100,72,old
567cfdff-02f0-45cc-a852-1a51aa5338bd,67,Female,81,91,old
4f1ae664-75ef-4c5b-a814-8c905cf64706,90,Female,198,73,old
d0469c8a-3a7b-459d-a4a7-ae3cf5fd0e6d,86,Female,181,60,old
f2db62b7-1caa-4bed-b0e1-653431758155,80,Female,130,76,old
a8615056-274c-4445-b59c-575de64fcb13,86,Female,132,9,old
f177c810-b538-4c62-b74f-1d31af9246eb,74,Female,31,46,old
ac83147c-e1e5-4499-a6d3-d94c880d23d6,78,Female,63,7,old
6d91acd1-4d21-4e48-ae9a-8193457f2121,77,Female,132,34,old
b1155690-84af-48d4-813e-7e2a18206abe,61,Female,146,12,old
aae77ebc-9ee2-4eb2-a243-81fed8933f5b,67,Female,199,60,old
0e90e844-12f8-41b3-a4d0-f2421e0adcf5,75,Female,156,93,old
c2f5a470-9d7c-4cac-ad4c-a8e2f16ec24d,66,Female,78,21,old
b00ee4c6-d37c-439a-98a8-c98c1e788565,88,Female,177,69,old
7f79175b-4a54-4363-823f-a5e9101de6d8,82,Female,199,47,old
a6e2fd1e-1abb-4a33-ae03-1d14ae25a262,72,Female,186,31,old
c6979c16-f298-4d1d-8343-6543a32b28c1,89,Female,176,35,old
54383721-0cf5-4e4e-acf1-f881a5e89dd0,83,Female,177,63,old
35f94b41-269d-496c-bca1-ee6880b9bbda,67,Female,86,10,old
e841813a-1638-485f-a935-e2cc41430ffa,81,Female,54,64,old
2c06cddb-22cb-4334-be91-f6f8a4d2b894,76,Female,133,7,old
0481a27d-9738-4b29-9f74-0d9f3e472b42,83,Female,159,28,old
b243a5d7-4587-45db-abbd-891e03d8c879,62,Female,70,23,old
2e4d9a43-a913-4cde-836e-0794c6b7cc62,67,Female,127,67,old
945e6c98-12df-4571-a245-0c5f3d6a710d,86,Female,196,27,old
c82c9107-1440-42d1-b81a-edac18c1d707,70,Female,165,32,old
f8106020-fc57-4cf2-a0e5-f8bee80df6cc,78,Female,98,9,old
9d9c7ccd-b2ca-4486-b811-e79286c6b0ad,84,Female,131,37,old
a20a9af1-df6e-4356-b789-5d93f4e63040,82,Female,61,17,old
6c85d904-911c-45bc-81ad-02986d16bb1e,60,Female,62,85,old
26113eed-4378-401b-96ec-82e122eb10e3,86,Female,137,38,old
416aa763-8ad6-40b6-9b1e-4e898cfdb766,85,Female,69,72,old
3c513ac3-c349-4849-b1b3-eb110b7c374e,84,Female,113,87,old
a865f4aa-e087-40ca-b71e-b74c4979ce73,75,Female,104,32,old
93b24dab-3e42-4f04-bf3c-3cc743b097fa,70,Female,68,1,old
13307b07-cd2e-43fc-8f08-5ea31af5cba4,64,Female,117,66,old
3295fbee-e022-4971-bbce-3883ad35535f,65,Female,63,16,old
7fe8a871-7796-43f1-9ab4-b5de2105af68,63,Female,116,40,old
c0000aa0-fc8a-440f-9677-e9a3745a8956,69,Female,198,77,old
3356256b-2543-40aa-8f0f-ee66f96745d8,89,Female,104,43,old
f4a69736-fccd-442f-8b96-5ebc0cf73f08,75,Female,120,47,old
14cf478e-4a23-4f36-9691-95bf6eb46b39,87,Female,149,76,old
b204c21e-7fa8-4c79-9c5f-a5356e0f322d,88,Female,87,100,old
28cbfe72-aa2f-4071-b046-3a19ef9f0599,62,Female,111,23,old
44ff3ca8-8279-4299-afea-3785ff339e5f,68,Female,129,68,old
8f45aebd-b65a-4a9e-882c-5bdbcedf28fe,90,Female,142,10,old
ca3e3a6d-2996-40bf-ba59-ee598be1066e,68,Female,116,42,old
f7f11e6a-21b3-4975-87e2-61d60e8479ae,90,Female,24,34,old
afe1c54a-5074-40e1-a5d2-5e150c0a196f,79,Female,134,83,old
7ccd8a1c-0599-4898-97a6-ba7962ca8814,78,Female,130,59,old
26148439-7320-4dc7-b6d9-8a9e109d14e8,80,Female,124,49,old
3787d371-ff31-44a7-a2ac-be092bd4885b,83,Female,145,38,old
2d44bf1d-2f2a-495a-a935-3b770f1c12ca,83,Female,142,100,old
f6c9552b-effe-4fa0-9cd5-6449da00eed0,69,Female,125,16,old
fdbe40b9-2d63-4cb0-8823-19ef327673f7,84,Female,141,49,old
87ed4365-fd08-49cc-9455-f43fe8dea3fa,82,Female,193,86,old
ec5dc08d-272d-4a84-bb41-b988f258d115,76,Female,125,50,old
ce480ee6-5c46-4f31-9dad-49fb5219b107,73,Female,151,51,old
c3701c84-d8e8-4ce0-b9ab-bb2ade37e9dc,82,Female,48,87,old
3b18e833-9aa0-42c9-bec8-9c4982c6df0b,61,Female,52,71,old
776058e4-2def-43a5-9eb2-41820c142571,68,Female,190,58,old
c32942a5-b352-4911-9c23-e91dcf1e9afc,69,Female,31,93,old
6cccc228-bf64-4266-aae3-0e59cab9d7e1,88,Female,92,5,old
b5df20bd-c5d3-470f-bc68-a1a135359de9,88,Female,93,56,old
71c1eb8c-88b7-4b2b-9457-7cdd0ec8118f,64,Female,145,64,old
91a64cd1-1804-471a-a05a-5b2e1bf3a134,65,Female,105,88,old
1f889a39-d5d7-4941-bf10-05a5dd4cf516,70,Female,93,4,old
779d827d-e60c-47ed-9074-06fb06224b97,87,Female,152,98,old
43aeaba7-00a9-4ce9-8f6b-5c4175b907e5,66,Female,79,9,old
a1b2a223-a91c-4091-b3d0-328c3abedf37,72,Female,71,36,old
d64abb10-a15f-4061-83dc-5d6d361c7167,64,Female,130,3,old
41680235-8381-48c7-a3f8-d6fa3a6e9564,82,Female,48,61,old
56d81a99-954a-400d-908e-7093c1238ddd,70,Female,157,60,old
0324806f-9c11-4881-89c2-20c303ef6c68,67,Female,55,51,old
bf46cc30-9341-4e78-98cd-ffd2716eb225,85,Female,168,98,old
1ac6eb14-572f-4a66-b20b-b29e3f278541,67,Female,100,38,old
641ef82d-b97c-4b33-9d8e-72fe8e1a28b1,62,Female,34,40,old
df6378f9-c9d2-49a3-94ad-6ba94d157fd8,78,Female,183,14,old
ec4b8fbe-a709-42a9-8d64-4b4edbb52a9a,61,Female,127,94,old
5f0a255f-02d2-4f79-9664-7ab310284b1f,67,Female,47,97,old
5211bc33-206a-4bfc-a4c1-8efe86946d6f,84,Female,94,96,old
ac87101f-f1fc-414f-8dce-490d7fe6afbf,72,Female,197,28,old
8372eb29-81b8-4edc-a491-fa30ff189ed6,60,Female,195,6,old
d93282c2-ad39-4e6f-97ef-498835897107,63,Female,54,93,old
b6a4c294-9bbd-4be3-8f55-80ad2fffb65f,83,Female,76,76,old
948e09c7-a498-454e-a9f5-db55aff383a7,72,Female,184,66,old
5cde4026-7916-4585-8938-f9861ec3ccc9,77,Female,59,41,old
a4b1c22e-225f-4c58-80d6-a6169ddf2c3e,73,Female,169,1,old
721b2cde-f004-44cb-94d0-bf53abd2df5f,86,Female,179,24,old
4a6411df-29cc-4fe8-8980-ed70a80e769e,69,Female,45,60,old
c6104d05-f0ae-42ce-b0f5-abc6492ceec8,80,Female,184,13,old
84ff0da8-2584-46a8-b779-3317abcbdd1b,75,Female,108,26,old
5c0654f9-82f7-4834-b496-d0944a4172e9,77,Female,120,68,old
70742c28-c4fa-49b5-9705-d21a7a42d899,69,Female,62,71,old
880d6167-2be8-4797-95c6-aa032eb727e9,79,Female,101,23,old
3b98acbf-1625-4097-9c96-ec1cb825bb82,76,Female,78,63,old
279c7815-ef53-4202-b1c7-6e50cc33d0d7,84,Female,28,47,old
5ef91342-fd38-4c55-bbf6-443b8ed0359d,78,Female,43,79,old
4d2d96ab-4668-43bc-9279-1b60745b3f6a,65,Female,154,33,old
0b33a95c-d4c2-4925-b79d-f614e10122ed,60,Female,54,23,old
fb4d0939-2688-4bef-bdfb-6cd899438a26,69,Female,187,41,old
e1968165-4bbc-4fb8-ab7d-09fd8d56b2f5,60,Female,57,3,old
390ffd36-bdfd-4830-9c27-3e94c501870b,89,Female,41,39,old
4877e798-f927-4f5c-b15b-ed67aec88f00,73,Female,147,21,old
ea120d5b-86c3-4581-897e-29074df70bf8,90,Female,45,91,old
34255a8d-f36e-44df-aee5-da7731fe0ecd,64,Female,194,48,old
281846d2-8f41-4dd0-ae10-70e1f1137bfb,85,Female,179,22,old
f12266a5-316c-4349-a7fd-fcdb52010e9c,83,Female,42,3,old
08808d4d-5c04-46cf-bfb4-13edc1974071,77,Female,56,11,old
66a8e6dd-052e-4e67-abde-505f2fc66000,78,Female,72,87,old
9b7381d4-948a-441e-b78a-5f6a2be9ea7a,86,Female,83,34,old
1cc89e49-61bf-40e7-a48f-26a6c4c61f49,89,Female,113,38,old
e51d9974-1849-4d5b-aa9c-d74e5f9be27a,66,Female,178,99,old
f11c36fc-a452-4134-acf9-78206d724520,80,Female,44,78,old
4e310d71-c69e-482e-b4da-b39eaf679703,86,Female,87,31,old
af3b0edb-84d1-433d-98d1-c53d6c3a46e0,60,Female,127,73,old
44f2dd23-5a4f-4e02-902a-f5737ad1dced,85,Female,22,28,old
21fccb4e-87a5-4c57-a8e5-ff718888bba6,83,Female,59,8,old
904d22e5-1cd0-4b53-a2ec-9ea32b8dcbd2,83,Female,192,80,old
a819c59f-b857-479e-8efd-9c0c7d3b816a,67,Female,193,56,old
0803ba58-e67c-48f1-995d-f0a7f4d83319,70,Female,30,84,old
c1a3f0cb-af06-4462-8c0a-32912f4ddba0,90,Female,135,15,old
cd64f0e0-01b4-4f69-ad53-e81b7e44a107,85,Female,167,86,old
a2d877d0-74cc-4071-86b0-724a635245ef,88,Female,163,15,old
66141e22-d936-4bfb-8cfc-69b43a1e5dfb,65,Female,57,63,old
901707fd-5222-47e0-9428-ef8a640b2661,84,Female,84,57,old
2c3c0367-055f-40b4-9417-9b52481251b4,63,Female,103,82,old
296f1fac-9cee-4526-ad63-3ec755ca74b1,72,Female,72,89,old
ae2209cd-3ea2-4d73-8c47-d38f4b409c54,86,Female,78,56,old
7346254a-2023-4f97-a1bf-65b98f78a61d,62,Female,63,77,old
043c3704-987a-4ecb-b45f-cb4961fd2625,89,Female,140,49,old
93be5b8a-afd7-4bf7-9a6c-caee0d5bff47,60,Female,113,75,old
1611eec7-fbc9-4a6a-9463-91ba0bd34fcf,82,Female,120,35,old
502f5afb-d401-4d49-b9d0-3fc16a4f14ac,89,Female,21,98,old
3d009ff4-2c55-41f0-b605-88aea4a6570f,71,Female,182,11,old
cae9b7ea-2465-4ee3-a5d4-02c53a0a7f4b,90,Female,151,76,old
9cfdf069-1a69-49cf-8f0f-9c0057ba5cc1,75,Female,85,41,old
044ec241-fadb-45ae-baf5-276566239cb4,66,Female,91,81,old
900fe0ed-937e-41eb-8a4d-89bce84b64c9,77,Female,97,86,old
db6265b2-d1bd-4661-87a6-be6d28f46e3d,69,Female,86,37,old
58508302-5d92-4de0-b3cd-f9ff0dbc104a,68,Female,155,81,old
3b90190f-20fb-4e52-a7cd-efd3a3926ebd,64,Female,165,75,old
484187e2-5130-409a-8bc5-1456970e0696,83,Female,191,61,old
3a3886a7-c786-46e7-a6ed-a320e04eef86,61,Female,138,73,old
ba6a2bd5-baed-4c2d-86eb-db29613e6343,62,Female,96,1,old
58075a4b-33bd-45f8-b9ff-4e8aa21d05d7,65,Female,154,30,old
3833944a-d3d2-4c68-99f9-98b16c3db1e5,90,Female,98,66,old
0eb7dd5e-69a0-40f1-b627-f9a9cd449a4d,65,Female,134,29,old
6142157c-a626-4ede-872e-4245754031f7,79,Female,20,37,old
3389040d-80f3-4e30-bcf4-7d22b6779063,66,Female,196,13,old
9361b1a2-4e63-4b15-ab51-511c40d036e0,88,Female,144,1,old
8a9b5a01-d501-426f-acbb-96f3229603a8,60,Female,142,26,old
dbcdacc8-a109-4ec0-9470-7c1acd6c3b61,63,Female,126,63,old
f2388bb1-28b3-4845-b62d-0d7928bd1375,71,Female,191,68,old
5c399640-869a-4103-9339-e1786a6b9fc6,64,Female,166,47,old
614bda00-1fd8-43ad-8668-c426d5e4706d,87,Female,122,18,old
06cfb9bf-dc39-47b6-8860-6f46520cc211,87,Female,27,12,old
5c41d13a-8c40-45c9-a51b-c99f113d91c2,76,Female,92,5,old
b3d5c195-eb16-446a-beec-e2fdda09663d,64,Female,69,38,old
1fa796b4-986d-4589-a233-56567f116a83,72,Female,42,27,old
6057ed10-3685-4343-94b3-e68d3c32f52b,70,Female,94,69,old
999e12a5-c879-484f-9042-8c47c4e4127b,86,Female,75,91,old
57c28c3f-8652-4332-89e3-673ce87812f9,88,Female,20,85,old
a382ac09-6687-46ff-b8c4-9d28e4e548f1,60,Female,78,26,old
8844e95f-8233-4965-91aa-5386ed32e5bd,71,Female,150,2,old
97fc1560-7daf-42b3-b029-cd1398e729c0,74,Female,146,40,old
b6527284-313b-497f-87b6-10f926e79806,87,Female,23,38,old
5ef42e50-6f84-4d5d-bf1d-b7c139a4c3d4,66,Female,194,3,old
157433eb-7b36-4d5e-bff9-538d35ff09a1,89,Female,105,19,old
72eb3368-2968-4352-9c0f-efa8736f517c,81,Female,86,61,old
dd572fec-fd04-4884-ad7f-5cccab9e9ce6,82,Female,64,25,old
64454f27-bd8f-4717-b82c-03705386e1bc,88,Female,127,70,old
669badfb-6962-43c5-827b-f930b66c81f1,76,Female,76,15,old
e1ab4b38-3cd4-42e0-b43e-3d13bcfd5629,86,Female,133,47,old
28b6b748-82b0-4183-93aa-5c779c0f8a6d,76,Female,170,8,old
98efecb7-f4b3-4e66-ba23-f4faccc7c556,62,Female,30,22,old
5a3dcb09-8cb3-4668-9092-aaf543b2024d,82,Female,22,70,old
241bbbd8-d374-4b3a-8eef-20459d86728b,90,Female,199,88,old
4905627c-ff2e-452e-8215-064c0f196bf1,66,Female,176,30,old
6e8e6e1a-04a0-4b6a-bc37-f384c386d4f2,76,Female,131,28,old
a47dc21e-764d-4829-a14b-0b9a957c3962,65,Female,61,98,old
ea97709b-ec69-4f2b-91af-c622164539cf,61,Female,174,15,old
1f0dc47c-2d02-4fa3-8b00-8f9fc961fd83,80,Female,49,39,old
c4d535db-00b8-4f65-9386-dc8cdbbca56b,67,Female,127,28,old
7d415dc5-58f2-4b6f-be4c-e9f90ebd4414,73,Female,74,86,old
0eb4028f-da47-435a-969b-9860a6205fa5,76,Female,175,99,old
b72420d9-5b6c-4bbe-85ec-3b30aba9d544,66,Female,107,39,old
18f7d7bd-3670-41a9-809f-a3c2aa87a023,82,Female,48,75,old
1de49b8f-fca8-4d7e-847a-1f61b3b96c3b,85,Female,36,65,old
8b8f4da6-2ca6-49bb-aa6c-3421ef58511c,64,Female,38,31,old
cbfb3b9b-6381-4424-bcad-e9dcc5dfac65,78,Female,129,95,old
53429454-fe56-474a-aac5-cea1f4a98012,60,Female,146,2,old
c1e817e7-fee8-47d4-a808-09925d70203b,74,Female,188,93,old
3fb80a69-9f75-48b1-b422-cd787cf5f88e,68,Female,94,9,old
3cc5c990-f70b-4fd3-b739-916387364c68,61,Female,157,83,old
964763d6-59a3-4878-8711-2a54394a335c,65,Female,184,77,old
1241c1c8-e829-4e9d-9539-5bc3afae3ba3,74,Female,147,8,old
88a5e255-dc15-4aa8-8b56-5aef9678c8a5,61,Female,90,93,old
87e8f9f8-dd05-4f7f-8d87-e382da9699f0,70,Female,133,60,old
c18d6595-4814-49a7-9a70-db406ac79963,71,Female,70,85,old
207883e1-41b2-433d-8592-0ac698f3dd07,87,Female,72,69,old
a07aebfc-22cc-4c92-891a-08c4836a89c9,81,Female,142,73,old
f60c6fc4-ecdf-4bf4-9067-4d6b6306025a,65,Female,117,97,old
29a16118-a24a-4eff-8c83-9cb6e18baeb3,80,Female,114,69,old
42a3a66b-46f6-4904-b53a-656c5350ae5d,74,Female,80,100,old
478ddbcb-4ad1-44a8-bd15-1e9ca741097b,71,Female,57,92,old
53defe48-4aa0-4d96-827b-0b5ab4d64e7a,77,Female,74,36,old
e3455262-b361-407e-aefa-70dcd114d165,86,Female,142,57,old
e8a31b16-0a7c-4797-84f9-3cb9820e64d3,86,Female,107,94,old
5fa41736-affc-4270-9b36-ec22d25414d8,71,Female,117,85,old
a614404f-1082-4629-b96c-05f657d77727,64,Female,137,3,old
d102a218-4cf7-4f91-aaf6-33ae69867ac7,63,Female,27,91,old
f3163f63-9aca-4879-acb1-134a3824c938,82,Female,57,21,old
41cc56e6-bb74-4bf9-a9f3-8b5d43431089,69,Female,80,96,old
3634836c-a89d-4167-9a30-2d0d14a65a06,83,Female,175,40,old
63762793-9634-4357-9f00-16e5697e9c6b,76,Female,145,12,old
a96094a1-5bf9-4d41-bd6e-7abe47dd0fdd,87,Female,192,57,old
46133cbe-890d-4663-8965-a0e1f72348f4,67,Female,117,77,old
792311df-840c-42c2-af9a-ba152040a10b,69,Female,180,76,old
6da13949-57ed-4799-a8c1-c28edb78f5d1,81,Female,89,88,old
eeb8107e-2baa-442f-8c6b-0be3a7e373df,77,Female,46,7,old
b4f7f2b0-1fec-4cec-a345-215c8c562609,90,Female,48,41,old
c912989a-4ba9-451b-9585-a68b82688d02,71,Female,147,14,old
5fb0b94d-589f-4cd0-ba8e-4b5287fa6595,71,Female,128,80,old
80edbc79-9448-4e06-b73e-0d7097a058c4,87,Female,130,34,old
9a31aecd-bd8c-4578-a2aa-1624d24027cc,89,Female,156,58,old
96eaf0f2-84b8-444b-b17c-afc9cfdc35f6,84,Female,57,46,old
cadf96aa-68d3-4256-9b96-ba0df1f2c3c3,90,Female,55,95,old
c93524a6-af40-4886-8907-71989795e741,76,Female,125,86,old
4188da66-e54d-4239-9b4c-9246a430e803,87,Female,110,58,old
795d8e97-c1ef-4cf8-a8fb-8032ff65f88b,64,Female,141,6,old
e83496cc-0e77-42ac-a9e7-c75d25190c55,77,Female,165,53,old
19089eed-5975-474a-b318-6e2e12d8f727,68,Female,102,85,old
e59de04e-5edd-48a3-91f0-daf3930d22e7,78,Female,21,18,old
0253eb8c-7f05-41b5-84f8-0d3e511e4635,86,Female,175,64,old
4bea022e-e3af-4fd3-842b-ff1b091d7426,82,Female,40,98,old
c023f874-2962-44cc-bba8-1441f35fb8d4,66,Female,53,22,old
0e5cde70-0826-4dd8-ae1b-0564c990f666,84,Female,59,50,old
dace6d8b-d48f-4b4c-ba9c-3022fc788b53,81,Female,176,43,old
0da06dc1-76ee-4cfd-8a70-b5aa3cc9651a,79,Female,164,59,old
ce5849f6-3007-4529-ba77-40fd029d0d1e,85,Female,86,38,old
39b53eb1-7f67-4f07-8f88-7465405baec4,86,Female,194,34,old
37bbba40-bbf5-4d19-bc2d-bf8de8e6f578,68,Female,75,97,old
1f88091b-6f60-4026-ab60-ce65203252f9,78,Female,31,20,old
68acf688-c243-4684-9ddf-a94fd2dc8bc4,63,Female,109,20,old
e9bfe998-aaa8-4171-bbae-0d2bf70afdc0,60,Female,32,21,old
fd8d71aa-a183-4c10-9f96-466b2de4341f,87,Female,119,96,old
d9eaf265-9d70-4493-b0d8-d2fbe436d0f5,79,Female,41,81,old
36e547d2-9268-40a3-a597-716263334a17,86,Female,114,42,old
aeaeb2dc-22ca-4ba7-9f2f-55b67721df31,88,Female,156,99,old
467e24f3-e54f-4c7b-b8bc-586b960f5a5f,77,Female,151,63,old
c7bc9534-f68e-457f-bd66-1eacb12d7483,73,Female,64,34,old
dc6dad66-fa9b-48cf-a570-f562673aaefe,72,Female,167,5,old
4687ac85-88ab-4bf7-9514-ebf94638c088,75,Female,189,53,old
cebc14bb-c308-444a-ae62-52f268d49f10,87,Female,112,39,old
2a607166-5e3f-4e7b-a9eb-4e73b7ce50bb,69,Female,112,68,old
ef45e439-4379-449b-a707-9a768ba19646,62,Female,146,58,old
2f089a09-3e04-429a-807c-1245f470b796,82,Female,65,56,old
89279d88-9068-4644-94b6-aeba895afb29,77,Female,132,11,old
5129fc7d-d0f1-4590-acdc-8baeec5d7eb8,75,Female,187,60,old
34e84538-e90c-4acd-8b87-1bd84bdab5a0,81,Female,87,26,old
ae0220ec-f4d8-4899-930b-026b3b76bc5d,85,Female,43,86,old
4ba4c486-0e35-417a-bfa1-5f067f43f5ec,65,Female,77,64,old
70af1270-8c2d-412d-bdc5-d8fc4f20677a,86,Female,83,80,old
2f201908-fadb-4721-8532-a67e9856e2c2,61,Female,190,72,old
a17db71b-f959-4daa-8e51-4ac72b4d5fbc,65,Female,40,68,old
6fc9e4d6-3ba4-4800-a530-322697b5a9ba,76,Female,117,11,old
c90d7faf-ddab-444a-bee1-e65c3b62949c,81,Female,54,4,old
680716f3-5eea-42fa-a3fe-04e62f6602aa,69,Female,54,69,old
91412d84-bacb-42f3-862c-f45172b97171,62,Female,68,61,old
4ec840c3-c380-4469-8912-df1861923404,64,Female,139,17,old
a5dde2e7-2b90-444c-a8d3-f4103ab646ef,69,Female,32,66,old
e33e2ed4-4111-4a1b-9d10-e28a116420da,80,Female,36,34,old
877c2034-5a0f-4395-94f9-7d1b097aed5e,74,Female,112,37,old
3e0ee4ca-223e-49e3-b781-61b6477ae6ea,65,Female,174,73,old
f20ae1aa-5b42-4d7a-826e-17c2cc2031f2,65,Female,136,59,old
0d102d8c-4d3c-4034-923f-de23a7cdbb5c,82,Female,155,50,old
9e8b6a8b-ee2f-432c-b5e9-a2935e6f3288,82,Female,103,67,old
feb2e7b3-8b7f-4cd6-ae29-9b1f0453ce43,60,Female,111,65,old
d3b81cdc-9add-4f68-b0f0-3776da3da794,66,Female,33,47,old
2e7715f4-a08f-4b25-ae21-399643e706dd,65,Female,103,20,old
2fd644ed-cf83-4f65-9d69-90b3ccd87284,89,Female,76,7,old
61aa3f0c-d567-44de-852b-88623bd1e22d,78,Female,107,27,old
54ebdee7-9759-406e-bb86-cb0d9d746f6c,72,Female,59,90,old
1cadd5e6-ef33-4ba0-9346-a9a11121d06e,64,Female,26,12,old
56716490-94c2-465c-9842-ad31756491eb,75,Female,104,59,old
b9dea5cb-4902-4c53-9043-9c813185a117,70,Female,146,84,old
448308c3-6550-4037-81d0-07a97fa71626,69,Female,116,41,old
67ec944a-6547-43bd-a554-2e5b2e2857a4,81,Female,197,55,old
5ef75afd-211b-42aa-b769-5c098f2a7dea,62,Female,49,98,old
66dc808a-4917-4e2e-b1f0-08d6a7be53ed,89,Female,177,81,old
1ef7c368-3967-4e41-8079-2c5ec50a8dfe,72,Female,89,67,old
e2c8814f-bdb8-43c5-b007-0851b67bc73d,83,Female,87,74,old
74015ad7-aef4-4283-aa4b-59f37d7aba41,72,Female,196,30,old
9160f767-9b7b-4ab4-a521-6e4d43278950,78,Female,41,44,old
e4f5a957-ada0-4747-b55f-4cb0fb88541f,84,Female,191,63,old
799b07e9-e202-4da0-91b0-d9691e1aa371,61,Female,174,29,old
b06744e8-9d21-41f8-a0d1-3c91e9a91e03,66,Female,109,51,old
11266ff9-769f-48b4-af0c-0762c68e9e98,61,Female,47,89,old
e9f066cd-d5a2-4c03-9e0d-9616e541f4dd,60,Female,176,100,old
8b75215c-792f-46c3-b75c-0db4c905eb59,66,Female,123,84,old
80a2fc48-794c-4bc3-b9e5-6401ab6182d7,64,Female,89,91,old
d3223cb8-4209-4838-83f6-7b5f1ef4053c,79,Female,169,77,old
81d41a23-226c-42f6-9da3-d4cf0cbfc36a,65,Female,155,16,old
35f98dd2-dbd3-4dab-9bfa-0e4d3a56ea0e,69,Female,29,2,old
6fb9186e-b539-4689-b6b6-0aace51afb82,78,Female,110,55,old
3da47f5a-2b91-4a90-b50a-f7ee5b7e7f13,77,Female,46,37,old
931648fb-3fab-49c6-a3b8-6f0751303c97,61,Female,33,16,old
e41be04f-532b-4a9b-8b80-f2179527df27,79,Female,121,90,old
ca2c4a5e-d051-42ad-aa4a-906e45e258a3,80,Female,32,26,old
c6ec6b5d-a448-49f0-aab7-aedb9e823f49,90,Female,59,73,old
84205ba9-177e-460f-9beb-659398abbbc2,88,Female,128,10,old
b1976861-c5d7-4ce4-97a2-20e644e126cd,88,Female,185,32,old
5154933d-da10-44b5-90a0-a84fbb5aad6d,70,Female,185,50,old
426d866a-d589-4d6e-804b-6cadf33959d3,65,Female,136,5,old
eee41b51-0108-4b2d-9b17-62c47963e0e1,61,Female,142,46,old
6b525fcb-d487-4fb9-a723-5867321e6d5a,83,Female,113,79,old
0afb7619-690d-4d60-a6c6-62de658de575,65,Female,118,52,old
994cdb7d-b24c-43a5-a0a9-9e6a479f24ff,88,Female,144,66,old
0764223d-bf3a-437a-b98f-8b1d4f61d316,67,Female,72,13,old
b78019d0-8aa5-46a3-bfe3-37b77c5af8b9,67,Female,64,93,old
e1301e5b-a193-4f85-a913-5287f6a22029,67,Female,27,62,old
1d1798bd-c970-409e-8380-0fcea6e3b482,71,Female,166,94,old
595148ad-51b8-4088-b888-592cba369c4b,76,Female,22,12,old
6f8d6053-44d8-4839-9d26-c27ecac8af31,78,Female,181,1,old
eed6371d-76de-4fde-93f7-95952d190cd7,68,Female,55,30,old
f852a028-7857-440c-92e3-2a49c8e4b6a4,81,Female,161,64,old
29c835ee-da8d-44f2-8375-49b990e2833a,63,Female,23,25,old
913dda56-7c73-4607-a21a-abfac1bf0311,63,Female,104,27,old
7d17e9f9-2c85-4df6-a0a1-a0d8b610dac9,74,Female,148,7,old
8a0d1f3a-2a93-42cc-abeb-4527750881cf,87,Female,71,51,old
33755bfa-8709-48b6-8cc8-05360058cf05,62,Female,194,37,old
d5c096db-33e1-4a9d-8459-0acef88b3d36,65,Female,142,52,old
baa65b38-3c5a-4200-be37-dc0829823c2f,70,Female,200,41,old
94502a22-10a5-4c89-a9b2-d9ce802f3d68,80,Female,79,53,old
24fbfd88-66a1-4c78-9de2-2f2041c6d791,70,Female,195,34,old
ad9aa8cc-016d-4c7c-b218-bb103d7bb9f4,65,Female,49,83,old
a8316482-8eeb-4cc8-9a8d-d37c733fd5c8,64,Female,169,37,old
900399ac-fe70-47e2-bd1f-d3b5f52f765a,60,Female,46,54,old
8f8d08f2-69d7-488a-a550-369409bf28f6,70,Female,174,5,old
77975e8d-4aaa-4036-a624-a3f1872304f3,61,Female,95,3,old
46490175-75a3-4399-98a4-2da410406594,84,Female,117,82,old
6b9b44ef-8986-4b68-97f3-37da8f344a75,62,Female,195,92,old
5b5cb01a-7940-449c-b0c8-df4509fefb6d,84,Female,176,50,old
2ef0a232-c295-4d69-b8b3-d4000b37e021,75,Female,187,61,old
90c22f9c-1ade-4004-bea4-c2670f838edc,68,Female,189,53,old
2e2c8550-ccca-4d61-a980-9edbc38207bb,75,Female,29,71,old
3f2435a0-f78d-45c2-b7ec-9f4039ce36f1,60,Female,47,83,old
df280ed5-7e5b-46ef-b634-1c968e8dc563,89,Female,183,85,old
acfa9a05-5508-4d87-9fe0-23e91bbac86b,87,Female,168,55,old
39ec7e67-1745-49da-a4d4-e37c5fdf0202,86,Female,67,25,old
4cd928e4-26cf-4dc2-93f4-16b6579b0dc2,68,Female,79,36,old
dc941431-151c-4f45-9c05-9259c678242a,82,Female,140,20,old
cf1eb85a-984c-4acc-a627-2bdaac32569c,66,Female,99,30,old
dd464dec-660f-42cd-add7-5a3e468296cb,72,Female,156,78,old
51e43505-6cc0-4ea0-b6e2-642ac72d5272,88,Female,193,11,old
db3eb1d1-a7e3-4da8-abf0-18a0a3219be8,83,Female,128,77,old
8f2da659-db6d-4ee6-98c2-747a30255783,80,Female,170,26,old
3ffd033b-7356-4ef7-b320-d96618596a64,68,Female,44,18,old
e20d9c8e-3207-4fe3-8082-8f566b86bc24,89,Female,156,17,old
2996a669-8017-49ea-acc8-37f09dd9ce0d,84,Female,177,97,old
70fdf2cb-1a4d-4b5f-8b00-2fafef2214a6,63,Female,173,99,old
6b70fdf1-a44c-4511-a947-b648f463d12f,65,Female,148,38,old
a906684c-5466-471d-875a-6e7f2f4fb17a,76,Female,41,74,old
55f37e00-c0a4-4602-8c20-48f8b9090a0f,85,Female,70,27,old
9bbfc6d7-408c-43fc-841b-6dd3731330be,88,Female,87,91,old
72864dd8-ab80-4c00-a932-9778a1e8ced3,68,Female,28,48,old
e811a7c4-0c62-4d80-be07-d1d7a4e448ee,87,Female,174,73,old
bf29cd0f-76b3-4911-8229-882c958d79cf,62,Female,60,23,old
69719fde-7a69-476c-bd73-b661d927c35e,75,Female,148,95,old
4f53426c-ec31-4793-b559-6dc2161df5c9,71,Female,136,5,old
0869a821-af98-4287-8e46-511e297fd7cf,78,Female,66,75,old
fa4fe228-c29f-4856-a584-d8f81d95f892,62,Female,46,20,old
b4a16a00-61fd-475f-b645-da6f90a6c802,85,Female,144,3,old
eda307c0-9502-491f-9274-639777491adc,61,Female,35,25,old
cac7a120-2970-45b6-a762-c9965fb6228d,65,Female,91,7,old
5ba19fca-5424-4abc-b289-c1e52611b2f2,79,Female,60,72,old
a0313d4d-a16a-4400-a622-07f06a842701,87,Female,60,3,old
4b78a6b4-27b1-49ec-afc8-6427b0ff38ed,74,Female,82,56,old
aae713a2-80fc-423e-960f-e71749b3a8b2,88,Female,184,55,old
69247c91-b8df-40a9-81de-a1ee80618e72,72,Female,34,95,old
d121579c-2f23-4321-bca9-4be0ea92bf01,81,Female,133,82,old
7c9092f7-e461-43a6-959a-4f54df8b9763,74,Female,94,49,old
9f13ea7b-591e-4aa7-9f3e-207c47135a00,71,Female,176,81,old
819286d4-cab8-4297-bcee-de09aea34e98,79,Female,58,64,old
880c3b95-7971-45ea-a476-e29e393536d5,81,Female,33,83,old
1441ed97-a057-483d-b81b-98a7dda6b307,89,Female,121,81,old
68eb6cef-0e36-4baa-a513-0e7b5c81a2c9,73,Female,50,25,old
03482298-50e1-4c4a-ada8-16d5c3f0d299,81,Female,56,29,old
cb95e40a-b496-45a6-9963-94a032b4fd4e,90,Female,62,15,old
7578292a-d8e9-4863-a514-ed87a5e8cca9,73,Female,183,56,old
d1a1d977-0bfd-4073-91ac-ba24daed767f,62,Female,47,16,old
405df51d-39e5-47c2-b944-fc48340d0500,72,Female,154,70,old
28fd8157-15ca-422d-af17-bbce8a7ed48f,86,Female,88,94,old
1f24b93c-8bb0-4b6f-921b-d00296884679,62,Female,192,6,old
743c4569-141a-4f0c-90aa-24fec415f512,73,Female,145,25,old
203f7d75-8087-4005-867a-c66e937d1c51,68,Female,145,38,old
1a8a8106-2537-469e-88a8-7718b7ee27bb,62,Female,44,15,old
b28dea99-9f8c-4a49-aeb7-5dfb31450d8a,81,Female,135,27,old
af3b28a8-3f69-4d99-a913-1512bc8bdb15,68,Female,98,32,old
cfa99cc1-e030-4745-9e56-eb354c3fd138,65,Female,162,31,old
aecb0179-4c7d-415a-a2eb-49ccdda0d103,77,Female,58,87,old
3819f633-6dab-4a03-8f98-31c8a2bfaaa1,67,Female,159,30,old
11ed2427-309b-4808-b395-c05ef2088997,83,Female,178,54,old
0edc27a6-3b69-46e7-8389-e9a886469d97,70,Female,149,68,old
f3baff15-402f-422c-9694-b75b153ea261,61,Female,87,75,old
7fb20b76-0393-40fd-9256-b1458531d03c,83,Female,101,51,old
4acae763-8068-46e5-bc75-9e21f0fbc85c,85,Female,64,46,old
81311d42-b9b7-4a69-8120-b6a2a16c7a95,77,Female,193,11,old
bbe9d763-6078-4465-be03-7607673818a1,87,Female,97,25,old
f503734b-d8f6-486b-a5ac-f589f8f71a4e,80,Female,169,31,old
f32082c8-32df-43a4-8253-e8dd2dcca4ca,80,Female,173,21,old
c657b192-68af-4319-83b9-ba150c7a0c56,63,Female,104,75,old
84cf48bc-c233-4e52-8530-2f04c630cd39,64,Female,96,68,old
2f0efd48-0c77-4860-b447-124ea12aac66,60,Female,92,11,old
6a609902-ff95-478b-8bf3-964f28a0197b,75,Female,21,13,old
afa73844-cea5-4311-9899-80c1aceb07ad,80,Female,103,40,old
24326be2-c686-4c68-a5c5-ef7a12024a01,89,Female,26,90,old
062cfc8f-ba2f-40f4-b49f-6df42ef89663,90,Female,38,83,old
a1dcd1bd-42dc-4078-a935-b903c369c457,64,Female,123,11,old
b864684d-4713-4939-a6f7-f7b5d441e00d,77,Female,153,75,old
46052f64-6ae6-44a7-8225-9bcc2a705acf,66,Female,118,40,old
ec5d5877-5f07-4d86-b626-c9f90c32bdd8,82,Female,27,78,old
501b2681-d611-4de7-9478-9ba14b31a16a,84,Female,76,14,old
4acd5dab-9c74-4478-adcb-aff0a79e9b3d,83,Female,162,6,old
bdf3fe85-a3a2-4101-b468-30198566a752,62,Female,188,29,old
849721a0-daff-4a9d-af61-693673b70313,80,Female,22,23,old
d545ada9-ee95-4f89-a18c-5aa2b1db5cee,76,Female,192,2,old
766405d9-0b4a-40c7-84f1-5e312057870a,62,Female,74,85,old
5ee7a6f6-5c2c-4b93-881b-e3a4fd41b49e,90,Female,38,44,old
2f69a262-97cd-4fba-a31a-ae0f4a3dd14e,86,Female,81,55,old
fcc1c336-d864-49e9-8514-105c000e8793,64,Female,76,86,old
8fd8566a-b846-47c0-98a8-c048a475dac9,61,Female,140,80,old
ad84971c-6c2e-438b-ad59-667ea11de1ea,89,Female,182,45,old
c196e9d9-d3b5-478d-a397-d176dc3e9fcd,67,Female,156,30,old
b3819aa6-b96a-4c9f-b47a-8f32f1b08bfa,80,Female,148,56,old
887d3dbf-f47c-475f-b6d7-cc60a2dcc680,69,Female,155,35,old
6843ea4a-8b17-490a-a24c-eec2624cee09,85,Female,107,97,old
1f992464-a498-458e-a317-d2e8c7cc4e3f,77,Female,35,15,old
b1e21cb4-b208-482d-8cab-1aa57b123a1a,74,Female,115,64,old
e1bc035e-ee2d-43ad-820a-240504d0f4a8,89,Female,132,81,old
f6f4b2df-3932-4a47-bb41-91ae09163059,69,Female,78,28,old
39aa1994-ebfa-4fe1-aa5a-9589ef244553,87,Female,199,37,old
5e747c8e-f8ab-4dea-8f6f-28a686408ba2,86,Female,77,46,old
e8e55c2e-44e6-435d-9fce-8f6c96ba2195,68,Female,197,18,old
9eafe260-a816-4e17-910c-ba5c8db5dab9,65,Female,175,2,old
d8b2e9cd-8ae2-4a5f-9847-91553d64bb41,74,Female,188,54,old
99313ddc-a00d-41cc-9c9e-b3c2daff945c,67,Female,26,68,old
91b2e639-b178-485d-baf2-f95dc4618c3c,80,Female,168,97,old
6cd37f19-4329-48c4-ae71-fda482da0b86,68,Female,172,10,old
da5bd7fd-b806-449b-9840-3f8623d85de1,85,Female,48,18,old
58248933-b27c-4c98-a1c2-17b0828143bb,84,Female,142,76,old
c61e6b23-19f5-4bc9-9071-81a27340cb29,68,Female,126,42,old
b52d0238-77bd-49da-a8a7-ac99001a6ea3,63,Female,145,65,old
eb70b9ec-4ddc-4e77-a2f1-21b24abf978a,75,Female,80,48,old
8db74ccf-bd52-4d6b-bc44-9e7097f65ec3,67,Female,67,30,old
472df8ff-7aa5-45c4-ac35-c24779c831b1,61,Female,78,18,old
125000e6-d7ae-4576-8e1a-49560129f0eb,70,Female,149,95,old
092492c1-0c7f-4cd5-91fc-dfa2bed2e464,81,Female,194,32,old
8b564ad4-82d2-439d-8bff-bb2eb3e2a02a,88,Female,57,24,old
314fb6ee-738a-45d8-bb0d-e549d70652d5,85,Female,196,45,old
8d0f9ffc-63d5-4f6b-a9d0-0db274e98345,70,Female,55,11,old
26df3b28-7549-4526-831f-3363b97e0325,82,Female,29,5,old
c0b904ab-02ea-4ea0-8d5a-1a02e6872faf,62,Female,58,73,old
5372e4bd-3759-4a88-8359-a6a3ab492547,72,Female,110,18,old
804ea9ef-2e90-4791-8585-b1670b477ceb,82,Female,135,11,old
f207fb5f-01fc-4bca-858b-7658d31c0781,87,Female,24,41,old
d06093c4-b28c-48ff-b17b-3fe01acb177c,77,Female,92,72,old
d40f87fd-e8ee-4ab9-8bcb-8ad449f60d30,61,Female,137,50,old
aa06228f-a058-44c0-89e1-e7ce43bf7a92,60,Female,49,15,old
615e5184-efe7-4a99-a6e0-2ced9c56fc6e,82,Female,41,89,old
099200c0-6205-438b-89d2-fcc10ef61527,72,Female,32,92,old
c3a9ee90-2453-438b-b18b-2f93655ce272,88,Female,198,53,old
b452b513-a262-46b9-9fc0-ddcabdde1e03,84,Female,156,79,old
75492552-bb91-4fa6-a5ad-2cf432275405,65,Female,55,34,old
7a3ae0da-b208-4e0b-9ffe-6083090d54e1,80,Female,61,37,old
5839e0b5-a49a-4df3-9ea1-949e326e9c54,64,Female,172,23,old
a4c07c7e-ff27-435a-b6db-4238d11e195b,79,Female,92,3,old
b696717d-86b3-4375-8b2f-3c8efc1e0bd3,82,Female,146,51,old
fe223093-95fe-4e0c-82df-c99501faa426,84,Female,108,62,old
a47233fa-45bd-4212-98be-63e1c2649508,69,Female,191,66,old
912427fa-07a0-4a48-8b40-6b37f4d9c10f,85,Female,94,88,old
07932e9a-9509-4f77-8557-c1ca2bdb67d4,65,Female,89,94,old
45ec6816-6847-4ddf-997a-df0737125439,67,Female,165,85,old
fce3ef7c-66b6-4b23-9eed-1c11218086f4,60,Female,47,96,old
1d745aee-faf4-40f6-8955-82488f2a1fe4,79,Female,181,81,old
a82fd11d-de9d-4b9d-beaa-c5316a1610b5,67,Female,166,32,old
f958adec-5ea4-4a9d-b7a7-ad00b554245b,77,Female,46,50,old
2c4dd09c-e04a-4ce7-b98d-92674d83a243,90,Female,188,74,old
82a10cea-5c84-4136-9712-aded5133d6c9,65,Female,36,16,old
d9afe6d4-c980-4d3a-be1a-f73342ffcaaf,88,Female,34,20,old
b967c439-1294-452d-a86a-b51fdd2fd9c8,68,Female,190,22,old
0b62d99f-2305-442b-8c1c-2dc11f2fb1ac,67,Female,142,5,old
0aeea8f6-9931-4a49-875b-e75c19537bda,87,Female,66,47,old
2fcf6324-457a-4c5e-8d4d-77e818a37930,66,Female,68,12,old
ab7ce2bf-1712-45a5-9090-26f621855113,78,Female,159,87,old
84ebff02-7462-4a22-86cb-4ff7a65ea5b0,60,Female,199,77,old
2485020f-33b5-4735-abfa-79d5704f79ce,86,Female,189,51,old
b2ccea38-2139-4f23-bfaa-c21cef63864e,87,Female,20,83,old
30176fcd-742b-4687-b058-2b1f65c0793b,64,Female,49,56,old
e08d5381-9cff-4800-895a-fc3413098de6,88,Female,111,16,old
0abf1012-8bb3-479d-be76-1ea630f9132e,90,Female,48,72,old
eefc4356-9b5e-45e3-88a6-baf771b240f5,88,Female,44,93,old
2740a4ce-b4e3-4e5e-b432-3d864d88b39b,81,Female,174,95,old
8d0b1db0-bb3c-4f60-b9a3-288c86ef9b57,79,Female,30,41,old
2097f4b3-3b81-4b5b-b9ed-820abf5c1685,82,Female,154,30,old
7017c240-1d7b-4169-9967-d85195210b50,63,Female,62,88,old
2deae714-f157-44c1-ad3a-ac93f3622bbb,72,Female,76,22,old
e6498503-4f54-4268-9e19-44fef2ca1c8a,72,Female,46,71,old
b0a913a2-c58f-4997-81a7-2b28ed943984,61,Female,31,13,old
bb852825-b5aa-4026-808d-019b61485653,84,Female,87,28,old
8b9a8d7f-d7d6-4209-9166-e024aa2d3a64,75,Female,140,82,old
da0d6e95-5ad6-486a-a1bc-311fc09125a6,77,Female,22,74,old
a2e9e954-fcd5-4161-b868-fb9f1ec9038b,75,Female,129,57,old
7308254a-6489-4f53-ad4f-216e4b8ff15a,80,Female,51,52,old
ccf230fe-fcac-4390-990a-498243608937,87,Female,177,15,old
138dd8a7-a8c9-4509-8d72-efb3b9abf2cd,61,Female,159,43,old
4727d8ac-3b36-4187-8202-1dde56b90c2b,65,Female,69,6,old
0a0be030-0447-4190-b141-0a8a20c0c1e7,73,Female,106,82,old
ee46e945-3e30-41ba-92e4-305d6b7dde2f,65,Female,150,6,old
0bc58e32-4929-44d2-9bb3-885fb2774a26,82,Female,199,67,old
f16b4b7b-891f-4b13-9f37-c9e95422fa2d,88,Female,113,52,old
9d553cfe-2498-42c5-8e02-85f7be7b849b,77,Female,101,35,old
ef5298ec-d863-4d2a-9541-d92b38bbcd8b,78,Female,45,75,old
d96def85-54fc-43e0-bbf5-63f70bcb501b,65,Female,158,24,old
4595c645-6413-41bf-9aaf-5a40ef4dc7f3,73,Female,49,18,old
ec889ede-31a7-46d4-8643-3feef7174c87,73,Female,120,88,old
8c7bd150-64b3-4203-9966-f08ca1702d4a,90,Female,196,69,old
a9caadb5-0837-4412-ac56-b25b52754183,63,Female,73,94,old
d926051d-e6da-43da-8694-7d31885e333c,88,Female,128,43,old
903cc13b-fd70-4237-953a-19f55a6f524a,74,Female,128,29,old
4d7f4638-e1b0-4623-a5f0-4cfc87859126,66,Female,122,57,old
8bbbc5d7-83ef-4af4-9aaf-6d659172bea4,72,Female,84,85,old
3e74e158-066d-46ff-a985-f97ff6f5b44a,67,Female,171,67,old
4666e3c3-125d-4480-a6d3-e2ae3b95e8be,69,Female,40,5,old
5ecbedb9-5413-46fa-bde6-d2c4d886e42b,81,Female,102,100,old
92be061a-08f0-4f52-b49c-68ff7c1dbf8c,72,Female,117,89,old
15554a44-2d57-4a6e-82c5-540121c15baa,79,Female,114,15,old
fc0497a0-b6dd-451f-b041-d42fdfb2d7ad,76,Female,139,67,old
3d3c55ab-9ee8-4ae2-8490-334b1181424e,85,Female,85,74,old
a1318d9e-2c15-468f-84d3-1361fd273c7c,75,Female,132,6,old
642e132e-eda8-4f9b-9a38-118b4a5d697f,65,Female,79,26,old
7eabeedc-0677-4d11-8eb5-ebd2247d5865,75,Female,69,87,old
3c887f6e-9109-49a3-ae13-83ccb404f14e,88,Female,149,97,old
e727a412-edd2-48c1-a1e8-a799ba0e3a72,84,Female,183,64,old
b744365f-fd0c-4e71-b7ea-7204e8caf304,60,Female,43,48,old
57a83efa-bbc2-4cf1-84aa-bc7f7422ab01,90,Female,141,2,old
a07cb469-c883-4875-9722-1a7252fb1966,67,Female,134,99,old
3ad05593-147d-4e5f-b8be-1ead71af63e3,66,Female,124,63,old
30efa6f4-5228-4cc4-b3ad-7f3880c2baed,90,Female,117,5,old
cfca0560-a490-4acb-a846-f47a4e5ff891,81,Female,150,53,old
18c89cf5-f2c0-47f2-b92b-c89076d0340e,70,Female,40,88,old
9bb8df07-6da4-44ef-b9a9-f729bfb56d8e,65,Female,168,87,old
1bd50a2d-8287-40ee-858e-ebc73ac58811,83,Female,166,34,old
ca088e80-8879-4bfa-a4c9-679495cdcc3d,68,Female,73,94,old
e97c0d53-d9ba-4305-a247-e875287d073b,61,Female,103,99,old
707e3a99-9f31-4b8b-a156-7d942ad7fa6e,66,Female,175,17,old
4f5dafe1-2dcd-4cea-ac42-4b7517670edd,76,Female,36,90,old
d6d1c66a-9767-4055-8959-85256d47a725,64,Female,67,55,old
58b9e272-cb89-41f8-98c5-dc8c9b358133,86,Female,22,100,old
3c81468d-10d6-4af9-88b3-dfbac7d36a1c,65,Female,24,42,old
92621729-5cba-4914-accc-d5f815ddab68,75,Female,23,89,old
edc5d6bb-082a-4389-9f95-d42462aea858,65,Female,141,5,old
0e02fb88-0b19-42a5-a5b4-52e420d2e4b2,77,Female,195,84,old
db074a8e-ed66-4e9f-a6f0-ef64a3a8b40a,82,Female,112,18,old
d9566d21-934a-45b2-9cb6-62c66d2c4a1d,68,Female,53,86,old
5f40c63a-6186-44ce-a891-88e3d97171d6,88,Female,170,13,old
e54231d0-23c2-443a-9042-0d3eaa22171e,62,Female,115,39,old
909a12b6-e616-4971-b21d-c3566c6bd21a,84,Female,109,65,old
d807c893-79e9-4cb6-bb44-c14c3d5008af,80,Female,36,13,old
dc96ad57-94d0-4a24-b3a2-ea3d8d4a9eb1,63,Female,44,88,old
0cb1c672-946b-4143-84ae-07672ae6d5a4,71,Female,77,31,old
16482734-e9d0-434f-b235-e39f3e7bd727,76,Female,164,69,old
2f34d441-e7c3-41a5-884a-7f6a9eda1ad8,72,Female,88,28,old
35c33778-1024-4fbb-bb31-a9a5a9cfa047,80,Female,142,40,old
412a7490-ad13-407f-8e34-e72de92d4038,70,Female,21,90,old
d67fc2cc-d523-4abe-9c66-b02b17342d96,89,Female,47,70,old
d9ca6a2d-6e4d-4ff7-9a79-7abb8f4188ed,65,Female,145,42,old
9d4dc8b4-7268-4cd7-84a1-0b65292b3683,73,Female,116,68,old
549c4927-e9fa-4775-90d2-f815633905c5,69,Female,66,16,old
0ccbdc5b-ea23-43a0-82ed-cfe5702cc27f,71,Female,95,52,old
50e3879d-f75d-490f-be31-1304c9dee4b4,87,Female,180,91,old
3dfa2f48-43cc-4e0f-99a7-aa7f84e52dbd,61,Female,109,22,old
fc6afe20-1abf-4d80-8c6f-b75363fd1153,83,Female,198,72,old
9d80c0e8-68ba-4aab-89c6-203fd7774a45,63,Female,198,61,old
9a28dc28-bad0-4c38-b5bc-a32ace8ca6a5,77,Female,36,27,old
df4c8b5b-11dd-4090-ab55-e7b52a129947,80,Female,36,32,old
4d28e9f4-0403-4609-bc74-9dfd10bdbb98,77,Female,135,16,old
695d17b8-ebb2-4e65-af4f-c181d54b7d3b,87,Female,67,42,old
ea19df27-6a1b-4e8f-80a6-c797acd02888,87,Female,159,45,old
92962cdc-8453-4a74-8403-1bd7a2d6a5c5,69,Female,65,52,old
cf91f428-331c-4fb2-ac09-d617c941916c,78,Female,137,42,old
231447e9-7ab5-4dae-838d-01d5773ba5c2,72,Female,63,12,old
69b28298-be3f-46bb-8a68-46b7d1c2b290,71,Female,81,17,old
89a85b59-24c5-4f7e-b0a0-6b77da4ece10,86,Female,119,89,old
8a71af4e-8692-437f-835a-03820bdd6975,72,Female,45,10,old
23411167-8a9e-4dc1-b5e3-b9117db1d969,72,Female,62,23,old
f666f92d-f89a-4a27-a3e1-a2eca6fc568a,72,Female,69,19,old
401ce931-7f39-43c3-b2ca-02816c210d1d,71,Female,128,42,old
b3fef609-2e02-4a63-8b5c-c43749ce9e5d,67,Female,40,5,old
4465e6a8-4918-48d2-b7cd-c0c2f1a96377,76,Female,131,98,old
cf53c249-a453-4524-a542-b7630c30ce94,76,Female,120,92,old
b3444073-3307-418d-8e91-5dbc7e9d5b97,87,Female,125,61,old
202179a3-f0f4-40c0-a2da-2e419a2fc0d5,85,Female,82,73,old
cb49cec3-6954-4864-98cb-a71ea1be2ec4,90,Female,112,31,old
a688e903-cea8-4373-a58a-0d3205f564e9,86,Female,179,64,old
b20dcedd-6a9d-4c77-9824-fc389c3602fc,61,Female,110,19,old
ecf7a65f-f700-4534-8aab-f0781c95dc8a,83,Female,103,19,old
794e4ce5-64b6-4182-88bf-9ef8b3cc84af,85,Female,187,38,old
2ff7a318-ffd2-4d3f-9ffb-ca0dee99da8c,84,Female,176,66,old
798e09d4-2d60-45b7-849a-2d4ca64ddf32,70,Female,83,2,old
b0cd8989-4ac9-4014-bc44-7f930c8a87be,62,Female,60,5,old
ed234af6-1269-4599-b244-288468bf6a98,73,Female,94,25,old
958c6506-2a0e-4e37-b60e-c912ef65eec1,74,Female,98,89,old
ce1ff51c-cff0-4211-9fb2-34dfe6dfeb2c,62,Female,106,78,old
9a13ae3f-ace7-4d71-8902-4e07928232b1,88,Female,25,36,old
92cc6ed7-8bda-4a01-9d22-53f2e13f44da,83,Female,74,61,old
e94082c7-2c41-452c-ad73-721c2d708517,88,Female,193,5,old
503ce804-d536-487c-8203-f0f73bc15c8c,85,Female,190,2,old
a92feb24-1694-4f7e-89e5-e659756c1cf2,87,Female,159,6,old
b765a9f4-62f5-4979-8512-f402875fffa3,66,Female,62,16,old
fb09f3a1-d5ae-437f-b90f-a6699224fc19,87,Female,119,31,old
bcdcc5f7-011d-4570-a1ec-47a638de1b28,82,Female,27,70,old
0e62bf67-2670-4653-a3da-efc11db8aacd,65,Female,116,76,old
3f5a4f5c-705e-43ec-80c3-5cb733d22e59,66,Female,40,32,old
c05418dd-902c-4555-8116-5eee6f800cb0,82,Female,74,54,old
1fd73fd3-3c0a-4def-91b8-f3140aa15026,78,Female,176,47,old
240f6fa9-c993-44bf-b26f-7e67d440c78e,78,Female,127,26,old
8abd1b97-1185-428e-85f7-9642162e13ab,70,Female,138,52,old
b7a5ed94-a080-4772-9fc6-029e562cbc05,71,Female,62,30,old
3d363981-10b6-4e40-943d-5699af881e65,72,Female,33,84,old
a65d60c7-39f7-4895-bdfe-53bf1d9e9101,90,Female,160,36,old
764cf08b-baea-4a0d-9a64-af204c698505,74,Female,126,22,old
fd3bf3d6-7c36-48ef-a3db-ef31c156df20,66,Female,52,50,old
651cd12c-0101-406c-9ba5-8f76ade8a88d,76,Female,172,57,old
389113d8-bcc7-492d-a4a8-075454579452,63,Female,193,65,old
86a68dad-9365-477d-9df0-de181736cba2,89,Female,94,77,old
f6d24db7-a565-436f-9e21-0cc2ea16cc98,82,Female,109,35,old
a30d5b36-3ebc-415a-bacc-2455425b9502,80,Female,165,32,old
4717df6a-37fc-4ab7-9458-7aff2f6b6a03,68,Female,31,8,old
deaa932e-b206-470f-8c9f-ea1a5f9b0c21,89,Female,163,58,old
33a8ea03-1f45-47b3-9ae9-e151cf51b5d3,67,Female,66,21,old
e963b9d3-8126-4591-a7aa-b5e4950037d5,87,Female,38,11,old
3a8cfd68-87da-4959-b8ac-5839b89bae2c,76,Female,129,49,old
92229ec0-0969-4492-b98a-3f464a95e5c2,76,Female,77,83,old
5c430ebf-7900-499b-9ddb-6201d8480032,67,Female,130,94,old
1108a386-a29d-4093-a01b-84a7f50c5114,76,Female,77,20,old
5f2e4b5f-bcb9-4d9c-b2d3-d8a5ad030588,90,Female,166,31,old
ba176bc5-89ee-4758-8f87-7923c5d35b4e,82,Female,124,83,old
9eae2c30-d753-42ad-a11f-4594fd779fbc,69,Female,178,21,old
7e217b8b-1847-4bd5-98f2-3bc39eb955a5,88,Female,58,40,old
3f8e4bcd-2572-4fea-a0bf-4841293cce2e,60,Female,65,17,old
c0a7d7e8-b904-4b05-bda5-f6c47b3e181d,89,Female,24,74,old
72be18ef-461f-4dc6-b69b-d8f81614c2f3,82,Female,39,92,old
976d3346-d22c-446c-9856-0402774342dd,65,Female,198,67,old
7dd5de34-46ab-4c3e-a987-3e28ac46229c,86,Female,47,40,old
adb3c2fd-dd7a-4d68-b7ff-7d03ac7d5105,74,Female,151,51,old
8a17b236-ba7a-4ad1-aa32-b35888cb7ba8,80,Female,158,78,old
ff7a759d-dd1b-425c-a0ec-a9f8f4c15b39,77,Female,94,7,old
464cf3f7-46d7-496a-a50a-5f10fa3fddda,90,Female,106,91,old
d6298bec-adbf-4cc5-8056-3bc930ba2064,82,Female,99,26,old
a2f4dc15-8a96-4e8a-955e-a81fd43e9227,62,Female,132,55,old
0958c7de-f94a-4e5e-90b0-2e4c8ee0abd8,88,Female,149,11,old
1c8ccb01-7352-4f2a-8bca-5a6407fcf450,65,Female,85,15,old
496e7c51-4358-4a29-b5ad-a198228af7b4,86,Female,105,68,old
060e04dc-e64e-4d30-b928-aa986de1ac1e,63,Female,94,39,old
a12cefee-114a-4deb-8151-1d1df85fd925,88,Female,61,26,old
a812bcd6-c276-4acc-9e32-b92292330f23,77,Female,144,97,old
fda0f22b-95da-431f-80a9-57acfae920dc,71,Female,44,96,old
c738d43e-dfe7-4290-8cc4-15b88923c217,78,Female,120,79,old
4dfb0c80-24fa-478b-ad6c-c137c673b229,79,Female,83,59,old
f346d2c0-2ce2-418b-ac1c-24a95d2b87f3,72,Female,92,46,old
bfa7e490-22f9-482f-ad29-37522ef51225,74,Female,178,65,old
967c24ad-0371-4163-af20-78d9f91f3391,70,Female,47,19,old
a4c77004-46ef-41df-94f1-503ca833f0a2,67,Female,24,9,old
3de1ee22-593c-419c-83c0-c9834e05d39b,74,Female,111,95,old
5323b846-960c-4861-8780-ddee30f8bf14,86,Female,20,99,old
2d50a1de-7b61-49bf-aa5a-8a0f8ffc9c0b,63,Female,24,8,old
bde8bcf4-efd2-49eb-a5eb-152eeaf2ba03,72,Female,59,3,old
68c905f6-be82-4c2d-940f-9c71de022bfc,76,Female,69,4,old
f550eb58-60b9-4202-b771-49d3cf1c7f3a,90,Female,21,69,old
96abfdd8-cdf9-46e9-ba8d-f0dea0d187c3,83,Female,83,57,old
253162fe-5e73-4fd9-9df8-689f22998100,72,Female,82,28,old
1b1e93ae-3299-4e42-a9d4-4ce949de1fc6,83,Female,162,34,old
a1e79995-f3d8-4cb2-bfbf-26ef756a3cbc,81,Female,32,9,old
ed095f54-02e2-4a55-ad4f-cb58da93b8d0,87,Female,122,27,old
9b997b85-e226-4284-b199-a72cd0ba332f,61,Female,21,93,old
26467991-0020-4f3f-9bec-ec5daf71a7a3,77,Female,160,43,old
6cc8e09d-84cf-497e-8773-22e484123f69,87,Female,193,25,old
78daa0ca-176a-4612-a516-fc27385739e1,90,Female,29,52,old
16ca9188-ddfa-4393-ade0-fa79658be845,85,Female,25,54,old
60446456-ee34-4783-b375-f08cc848afd6,66,Female,169,82,old
38f2a782-5a2f-4f55-b98e-5779cb9bcedc,83,Female,128,47,old
26c5b825-aa51-43ee-8db3-9e9a1a0f07a1,71,Female,36,38,old
9d339e6d-b74e-4fb5-9714-a32b12bbd100,86,Female,41,43,old
5329854f-ae53-4efa-ad18-5d69a51794d3,60,Female,33,24,old
91b2111f-aa3f-416c-a605-fcf41168a4b5,63,Female,106,6,old
8c02218e-4bd5-4785-9c94-2b96a65e12df,66,Female,144,42,old
2fa3c8f5-911d-445a-bd1d-ace97cd902b9,86,Female,25,74,old
17a17645-2e16-46f4-a235-497bce3bd468,73,Female,161,75,old
1382e216-8e21-44e8-b66d-e90434dc7019,73,Female,140,97,old
20c51386-c8e0-4605-b3c9-5d519a794b6c,74,Female,185,15,old
d7aa96bf-31b1-4f0f-9776-a2c5b31e0d39,85,Female,150,36,old
a3fe3e37-6a02-4fde-8632-091b51e7c9c6,81,Female,186,68,old
99b36e83-3845-4e7e-a089-d2c55be2f46a,75,Female,168,46,old
ea7d0ca9-f343-40d3-9988-8ab4513a4166,83,Female,142,48,old
68f2b205-fc16-48e4-96c4-1eff01c158b0,86,Female,56,89,old
2e757565-7249-4315-a629-31e0f7e813a1,79,Female,118,80,old
96cdcce4-9f87-421e-99f0-eab0fe03b35f,64,Female,54,51,old
4d53cd9f-76a3-4673-be5e-a19d1026cb6e,60,Female,104,48,old
3cd68e99-4c57-45e3-bccf-cf7d0982d6af,70,Female,150,28,old
27310d8a-294a-4f3a-8fce-837c2b73f7df,87,Female,122,19,old
963fbb13-6952-40f3-bdca-80c6f60c107d,79,Female,71,18,old
1833bd71-296a-4508-ac31-3fbd6baede9e,82,Female,87,24,old
496fdbf5-cd8f-4708-947b-6b9acfcec9ba,63,Female,138,95,old
4e713fff-7c21-4205-8401-cd2bc55c8458,78,Female,180,68,old
e9947303-cd0a-43ea-9c76-ba2987c1f6dc,86,Female,65,51,old
4083f637-0fd6-460a-8a7f-dbd9f311e80f,71,Female,97,43,old
742539e0-cd78-474e-9cd8-4565779655f1,89,Female,83,77,old
16be2348-ddc1-48a9-867c-4b8da17cdcd3,81,Female,46,30,old
74ae8678-a029-4066-95fe-b746ea9d4a8a,67,Female,155,23,old
2d85e595-2abc-4d5a-9d4e-11e8ec257e31,89,Female,189,44,old
8238cb9d-3d8d-483e-840a-b16efc57612a,71,Female,54,99,old
ceb3ceb1-2154-4b24-955f-e1dbcabda811,79,Female,187,28,old
130135ac-d66b-4641-a913-e493f009ce88,72,Female,148,17,old
163c4992-745f-42b2-8c97-7af89e4c1176,66,Female,85,100,old
e6356f3f-898c-4efe-8d19-8c7a88360ce0,60,Female,126,42,old
fd8799a4-a20f-4df6-abeb-cf50f2a23b41,89,Female,110,95,old
338b228b-2351-4add-91cd-f0cd8ee31825,75,Female,73,78,old
f4521a1e-f525-4074-b28e-50ebab97e68f,68,Female,162,13,old
bfbc20bc-42d9-4074-ab08-47154cf5b3b6,87,Female,55,3,old
750d6d7a-a0bf-4ff6-901a-b06ec6601178,76,Female,185,61,old
bde240d0-68d3-4659-a1a9-9fb0fa164d7b,69,Female,102,57,old
87d198dc-f027-4306-9a42-d166a95c52c2,65,Female,28,90,old
b7f8c2a1-2d80-4173-92e2-d16f863c6928,81,Female,146,67,old
55ee165e-e74c-4589-9be7-a61a00cfce46,65,Female,95,33,old
4946f1a9-ab13-4893-9d7f-9e28faf48f6e,64,Female,116,67,old
93edd5b7-913c-4cc1-8cfc-3c2e48539152,78,Female,24,61,old
cfe656e3-8f86-40f7-bc56-c5ac7597aac6,88,Female,75,90,old
ebff68a6-9e0a-4aae-9fe8-83c40c6941e7,79,Female,149,45,old
ac52cf00-51fb-4377-a6c8-32c71822be1f,72,Female,163,50,old
d9c8605d-ef73-4a5c-be03-2d6f08a80646,64,Female,92,27,old
c7dbafc7-a630-44b8-bdd3-d07f6e2e55bc,76,Female,38,78,old
36aaa595-97de-4d38-a6a2-b0d50cab90ab,67,Female,150,79,old
4c220062-6465-4c9c-aa9d-ed06b5c04e19,64,Female,185,1,old
c732ed0c-3bce-4e97-a90a-dfff1fd57d38,83,Female,154,64,old
3532d4ee-f590-4d9a-957a-933d0cc62d90,73,Female,180,26,old
b1d3f514-b97f-42e4-b564-261a24c2951f,88,Female,110,72,old
5db07c20-fe07-482b-8e0f-216aa4abf735,75,Female,109,89,old
82822e13-6bd0-4236-9002-8d28836972f9,64,Female,176,51,old
1a650ede-ab07-43bd-aa14-b606cade80a3,68,Female,126,34,old
b25e6314-335b-4be6-8698-368f3cad27ee,80,Female,131,59,old
95c2d15d-71b1-4126-ad03-08c41e6364a1,78,Female,74,49,old
64d13370-7fb4-4229-9df4-8ceb3a88b87e,64,Female,101,72,old
7c769645-ac67-426f-afb1-4a9d4a226640,81,Female,52,6,old
f5f05e3f-1ffa-4489-aab7-fb2cdb5896c5,70,Female,94,75,old
613b1f2b-2ba6-4b35-8ad5-04e63b5698e2,88,Female,198,86,old
c9cd8189-71d9-436a-877c-59e8b1f53638,76,Female,93,25,old
61e4c20b-5dac-486d-9b51-4751765dc85f,67,Female,193,82,old
143075bd-7237-4d88-80f5-06c1371d5862,79,Female,44,59,old
1d6f608e-92e2-4931-8db0-0200dcad1c9d,75,Female,66,8,old
9b405eaf-b2fa-45d0-b002-29198c3a83b2,67,Female,22,56,old
6132f96a-0fea-482e-ab20-331af2eb85d9,67,Female,93,60,old
2cb78180-5853-4540-91d3-07e6e1337675,78,Female,100,8,old
64c33d8e-d8fc-4701-b999-0eaf06bed256,65,Female,93,99,old
114205f6-3a99-4023-b9cd-2ddb5b849bd5,85,Female,152,58,old
56853c08-fc1e-4ed3-b2d0-d46df1be290c,85,Female,87,56,old
dd22c021-46f5-424a-9317-5fe5e4ef678f,89,Female,74,95,old
db51798a-d562-4b20-9829-4b43bdffc50c,83,Female,98,53,old
f98274de-db13-4814-ac7c-889c8c1086e9,64,Female,46,58,old
d5b3dc4f-01a9-4084-ba4d-de0f8f71b4cb,88,Female,124,19,old
ef05baa0-1b2c-4d0f-9626-0269fa18350f,71,Female,50,25,old
c94dc3b0-4c42-4cae-8ca6-6e7a8791704d,77,Female,81,82,old
4f047f35-af38-4634-9a0f-53bc99345712,68,Female,84,31,old
efa8597f-7e25-44ed-b20b-ec071babb33c,89,Female,136,62,old
1e2c820a-1345-4305-b484-0780eab56a95,90,Female,197,77,old
b5c7c662-0f67-465a-8529-d186f4d56c1e,72,Female,89,37,old
186fa446-e72f-452c-919e-5b36c930b447,87,Female,113,26,old
e3cbcea9-b69a-49b3-a6da-062b31ad9dba,75,Female,105,75,old
ed257c0e-4a5c-4006-be82-d4eb45c52ed5,67,Female,86,29,old
5390b304-05ad-49aa-9755-4877f841a407,73,Female,98,55,old
9f877b62-c5f3-4241-bd5a-231b6eb4b6c7,74,Female,89,61,old
f6df896d-dc03-4e31-9296-8ff097329f16,67,Female,162,3,old
bb9ccdd0-0cbe-4b0f-aae6-418486313fdb,66,Female,193,29,old
36dc6e8b-81a1-4a38-8ae9-d56a912e032f,67,Female,143,63,old
4aac662e-0056-422a-be9e-c03421dc5b3a,66,Female,171,93,old
54fbf71a-b1f9-4efe-96c3-78b5624f94af,76,Female,139,63,old
3b159fad-fee4-4f69-8a8a-059b4cff7f7b,83,Female,132,31,old
ed9ddf71-f60f-44a7-b4f3-1e22ae305e0e,67,Female,39,55,old
e06f7d21-0ff0-4263-8dad-6645058a6e03,63,Female,180,58,old
3a505709-117b-4377-ba79-d1ebfebd38f8,86,Female,72,59,old
07e4548d-b594-4e63-aa9b-4c182b8757d1,86,Female,135,66,old
029cd25c-fd8a-4c5d-b1c7-2d1a50001ed1,75,Female,49,26,old
f795ab8c-4165-41dc-a7b8-005f34a1c24a,82,Female,183,38,old
af44f820-3598-420e-b33b-1192014846fe,80,Female,61,70,old
a91e1b7c-4f1e-4e63-bf4f-924df85f6b03,63,Female,70,18,old
94018710-3f8f-4015-a45f-dfcf3bf71977,66,Female,118,62,old
aab53799-d3ff-4d60-b423-a296798b56ee,85,Female,163,35,old
4b9d5e3b-c8b9-48c8-9ce6-87962302ceb4,80,Female,46,35,old
eba11dae-c6e8-491c-bc2e-f0d3a7821e7c,69,Female,77,60,old
ca096e00-462c-4caf-afe2-d20938cbace3,86,Female,79,91,old
56eceade-1b1a-4e7f-a223-ebcde995a547,61,Female,74,27,old
9d6936d3-ca8b-4af9-b8cf-dcb58013a118,65,Female,35,54,old
578af37c-ea50-4d21-aecd-71f94fde6003,60,Female,184,47,old
840f36da-5676-404c-81f3-08558ce9fbad,85,Female,20,94,old
4465d4e2-d71e-43cd-9bb6-9363808021e7,86,Female,118,98,old
2c87ec64-e0ff-4a13-aebf-e541156aed86,81,Female,105,66,old
222ef535-e97c-4793-8f38-52d4f2e5f59d,60,Female,101,94,old
789e57da-09d3-41dd-9f86-b90c54bb33a8,74,Female,171,94,old
6ac2a2d5-6e5c-4d54-9014-e5eaaf34a929,84,Female,68,59,old
ed393375-e4fb-4e9f-b8c7-1ed262659794,60,Female,150,30,old
40f8f7a6-fc49-4f6c-8d3f-8c24873f7ceb,77,Female,47,69,old
8236d6a0-9911-4750-a6da-8f66e8e99376,68,Female,22,2,old
bea08913-cb1d-4beb-ae54-4412aa8d4482,67,Female,175,77,old
02e0cdd1-a7fc-42d3-979c-166222f8efc1,65,Female,54,16,old
60ff3e01-2a82-4e6e-b9e9-23f1e8fcd0cd,78,Female,125,91,old
c43b5fd8-045c-4519-b69b-a21541639393,64,Female,176,97,old
88092f90-5ad1-4932-b07d-8c571e133329,78,Female,192,99,old
72254678-5f98-485b-b43a-58d01e81ad9b,84,Female,162,85,old
7c660657-be00-40d4-8bf7-91ee1efa2282,79,Female,64,40,old
93e2dbc7-fc19-49ca-92f7-b38f52f4700f,62,Female,159,98,old
d34e90b1-86da-47c6-9eef-1ffbae5c7054,66,Female,51,29,old
ed28186a-d3a1-4b68-85b3-3826c71392ae,70,Female,176,8,old
78b8d87d-df6d-4662-834c-139f1a04d408,67,Female,187,45,old
38547d71-b3f1-43aa-ad5d-3a4d26897a9e,60,Female,21,91,old
03f2959d-e114-4f2b-981a-156209f5e451,87,Female,50,48,old
6d204519-85d7-4c50-84cb-c7c1b9bf7646,67,Female,165,12,old
05e55e25-b43e-4167-8443-f6abf1554f3e,77,Female,193,57,old
f40d8145-99e1-498a-91fc-5acde5b268d5,86,Female,128,66,old
df789f03-fede-47ab-84d0-9440f2a51626,68,Female,197,13,old
14a30d88-cddb-4f0d-9dd8-eac3793dc563,74,Female,166,100,old
a0e2e77a-a915-4646-aed2-8a83a4d8da3a,79,Female,175,64,old
52e43660-d044-4df2-8f5c-4fc7b0d52afa,86,Female,60,43,old
4829cff4-8288-4272-ac0f-2389f7f4d22f,79,Female,156,1,old
c6aa8aff-b38c-4d1d-9da3-bb7f90988bac,76,Female,197,48,old
819a67b0-dde9-428c-b386-df0cf3e78661,75,Female,158,77,old
b25f09af-4f51-4a0f-a4b9-2f1fb7f8226a,87,Female,183,80,old
9869d0ef-a9bb-41f0-acee-726faceac8b5,90,Female,45,28,old
081ae519-7aa6-444a-bd13-4eba6a3c5c1a,74,Female,123,96,old
ebcbcbe5-4747-449a-9dc1-8c02e8611056,65,Female,26,5,old
c1b11541-b6bb-4373-8a1c-ff8719d60895,69,Female,110,22,old
35f51955-508c-449f-8fe8-b705047a78d7,64,Female,156,51,old
dd778efc-6b0d-434b-9daa-c7bbb02789e4,81,Female,122,46,old
4b42cc8d-29b4-4351-8a47-ff73821734e8,62,Female,177,40,old
0400e599-d27e-4df2-99c3-33bb50f2c5df,86,Female,128,57,old
e8b49465-04d8-4071-bac0-c9173715197f,89,Female,26,69,old
bb997078-b5ea-431f-a434-be283cfb4349,79,Female,133,76,old
745d7a26-d832-4a11-941f-4babd61ac8bc,61,Female,173,30,old
63971dc0-eedd-454f-be7f-fd5c9d74fc37,66,Female,94,99,old
ba428e62-ee09-46ab-bbd8-c039a0b3c8b1,86,Female,30,20,old
31d24f12-cfac-4341-89fa-123b6eda1778,64,Female,154,3,old
387c865c-b268-4f12-95e6-225e98bff7c0,63,Female,173,5,old
ebeee93b-b370-4b5b-b4fa-0eb736715b6b,65,Female,80,38,old
37d16e60-640c-4dd7-91ef-fef19ffff205,86,Female,123,52,old
c1ec4b3d-2d85-47b0-a940-0e54c370b2b5,67,Female,155,34,old
053bd231-a30c-4978-a209-3fb07d139546,85,Female,153,9,old
63636660-a22d-4e13-87be-5500a13cf971,83,Female,191,35,old
c7ac6107-c7e0-4d1c-a9e4-c672f11fe030,80,Female,175,64,old
4ea12609-1417-49e2-bdec-f19a7e6b0647,83,Female,88,98,old
75c2dbe7-074f-4ad1-a822-db3a8439d83a,64,Female,141,10,old
06728c59-8535-4bfe-aca3-62977f62684d,83,Female,40,3,old
cf6c2e6d-d718-4b96-971a-8fed50de6cea,65,Female,132,86,old
7f65c452-0eb1-4776-8a27-e8e094f51923,86,Female,94,81,old
4c251534-d6bd-4315-af97-240653bdb963,81,Female,32,83,old
25421c8e-d08e-4bc0-bf85-af31fe09ada7,66,Female,172,41,old
0d9e03cc-689e-4525-b24c-b0f319785332,78,Female,183,84,old
5b41eab4-707f-4940-a0a5-b7451673fee9,70,Female,95,70,old
01845d62-f2f7-41ec-90f4-f0103bfeea3b,79,Female,66,95,old
387f0667-e690-41c3-b8cc-35f334f65446,73,Female,197,37,old
f7602199-511b-4a7a-b2c7-eaa7d57e2a4a,65,Female,26,15,old
32458a2a-1d3c-4b51-81cc-c9872d4ab789,83,Female,22,31,old
5857d4b3-0b48-4622-9026-9bcb1c1f25e1,81,Female,126,96,old
fba76470-408d-48e8-b4c6-0862e25d05cc,61,Female,114,57,old
042d7c10-198d-433e-970d-295ed96f399e,74,Female,29,83,old
4c61a823-7407-40f4-82fe-2fc5b23c560f,67,Female,97,36,old
8eb18fed-fc4d-4426-959e-531e647d085c,89,Female,162,55,old
a14ea0e9-0831-4053-996f-4fd2d6796d4b,81,Female,144,7,old
b3af79f6-57eb-49d4-8fc2-3aac55d42a4c,78,Female,63,69,old
d3ce06f1-707d-42bf-931c-eaa949c189ac,90,Female,124,37,old
108ed669-38a4-4ec0-9730-40da3ee100c6,63,Female,76,98,old
dbeb1b88-e42a-442f-a12f-bce076cf8392,79,Female,150,23,old
bb48d4bf-255e-4ddc-873e-492babc15a4e,88,Female,37,15,old
cacf4875-d448-4c21-ae73-d8092d937cc7,61,Female,52,36,old
547b52c0-f0e3-431b-b8a3-e409c22b5a73,89,Female,173,7,old
7c0374bf-bafe-44e4-aa0a-d5a0b4a6962e,84,Female,75,95,old
71e2c7ec-e0c4-4ff9-bde1-a5e19ebaa7d0,80,Female,60,8,old
43995f81-9a5d-4f1e-a42d-8b5908baf44f,75,Female,192,15,old
171bb2dc-3754-4112-83bd-b54e77023a75,81,Female,29,83,old
6445c999-09db-48f7-a06c-0c62ed281455,69,Female,23,60,old
4b34863f-61ab-47a5-b764-b6774aa79fbd,90,Female,38,72,old
d1206f50-ce4a-4794-b28f-e3b065513d2b,78,Female,197,80,old
acc8e327-7a88-4f25-a260-24fa1581e77a,77,Female,199,91,old
765a57e8-f51b-4c28-a078-581bd4f778ec,71,Female,168,13,old
7b6ca4c6-833c-4b6c-a6d3-5c719e183186,84,Female,166,3,old
948e2ee8-bdbd-44c0-a7f4-9d8f2527277c,86,Female,64,22,old
085f9c10-2475-46e3-bcb0-d52fc649fda5,74,Female,195,99,old
fc97d64a-7957-4dcf-a139-c777009c8bef,85,Female,59,38,old
839f2ecd-9518-4330-838f-a400d9aaca38,69,Female,169,24,old
a1f3c88d-6a34-4819-9221-bb62eedade67,77,Female,21,64,old
a8780c64-e2f3-400d-96ad-9981761cae8b,64,Female,45,73,old
2847fcfb-41d2-4dd2-a407-1a35814d90f4,84,Female,190,43,old
786bcb9d-aa0c-47be-b4aa-b0130e3437ad,79,Female,129,37,old
55fbe959-5e51-491e-b85c-ee48c594e14b,61,Female,88,63,old
6fc83c4f-42cd-4c80-b345-7e78bbf18922,81,Female,123,89,old
f87412b1-6f98-4163-aeae-0f1ca4a5c40b,89,Female,83,34,old
d08c6c56-c9cc-4668-a95a-4a8c9f9f1ab2,65,Female,199,77,old
63043c93-1eaf-4b4d-b029-160e2f15cb5b,90,Female,198,60,old
df242114-947f-40a0-a72e-1fde89563ef4,72,Female,88,88,old
6bacc9a9-827e-4f30-8406-a03609eb8e9d,81,Female,188,12,old
f0be3b28-cbee-4753-83b8-9a11adb6f63a,60,Female,121,100,old
a42144d5-a2f5-4e02-8299-d8337f461f49,83,Female,179,65,old
6b4fac79-12b2-477c-b7ad-5fda3eeb9b8c,67,Female,99,91,old
54903fbc-c7e1-4a3f-b955-ca5ecfec52b6,61,Female,179,19,old
d1b75ec8-48fe-48f5-825d-f9ccb772d8b7,89,Female,89,91,old
8dfb0b77-6512-407d-a017-d195cfb29cef,62,Female,141,84,old
0d1294b1-2901-474e-804b-fa9874f4edff,86,Female,25,47,old
c74ffdc8-e088-4909-8ce8-7ccc2411526b,62,Female,171,40,old
e2edaccf-26e0-43c9-baba-d13cf953685c,81,Female,106,28,old
a50d867b-4de3-43f0-b256-197685f61105,76,Female,197,46,old
33ce0cfc-d78b-4b2f-b759-0df786f5e0b9,81,Female,177,59,old
05917543-3acd-47a0-ba4d-6c8a681a0333,81,Female,35,35,old
fcc971f8-fcb9-413e-bd48-033d81e8c426,81,Female,180,86,old
9324b268-eda2-4848-89b2-adbad7608c15,72,Female,190,13,old
76cd4e14-78ae-4d85-96e1-9f833beb1bc6,68,Female,106,100,old
593d8d71-380d-4a76-9480-fb90ea6462a3,64,Female,194,29,old
c8d9bd06-3086-4eb0-b5fe-e3c7e0a2d2c0,67,Female,176,81,old
ec396066-e10e-4946-9593-8308b7d553b0,71,Female,50,25,old
f7289dee-c6c3-4108-a2f5-41777e9b8645,84,Female,92,48,old
a77b65b6-9ffd-407f-bd1f-918d6b3a460d,60,Female,125,41,old
683105ee-eff6-42b7-8936-82ee9cd0c73f,76,Female,123,17,old
19b6b61c-7552-4002-a386-613e79e3b2d9,79,Female,180,48,old
dd67bdeb-26ef-4408-99d4-fd58266dbdeb,65,Female,165,51,old
9a8ed3fc-8cae-4cd5-b72a-d88d37808fb3,61,Female,113,18,old
6a60b880-9b9f-4303-852a-5f79e659f6c4,79,Female,29,26,old
7a668d3c-4658-4734-a45c-021261bc503c,74,Female,91,89,old
b723a784-a38f-41d7-8687-c1c671e91a9c,81,Female,64,27,old
7d657d10-1992-4d72-b926-55f9400a9e0a,75,Female,113,67,old
3a78fa83-fc22-4237-910c-d04988cedac6,81,Female,179,16,old
ebd23e4a-a9b2-4bb3-a855-e78508f4b6a0,71,Female,38,1,old
cfe00477-51c8-4a68-971c-f552e99b4886,85,Female,76,44,old
313f4207-9037-4bdb-a920-a771608833c8,83,Female,59,9,old
bea96c31-0103-44fd-a5fc-00da7d213d70,69,Female,117,42,old
bd456876-b1f3-4c39-b849-51420cdda5e2,66,Female,63,90,old
8d7e1f97-0cf3-4346-b780-e93c559d1a53,89,Female,147,25,old
98b5d6af-86e9-4c47-afc0-464c5762c399,78,Female,88,98,old
706d46b6-b66b-4cc6-9b2a-00fa1dfae3a3,68,Female,173,21,old
63adcb2e-ec0d-44b0-ab46-20e63178cecf,63,Female,37,85,old
8acb8d67-1628-49f4-ba62-e771264304c5,80,Female,39,22,old
c68bf42f-6983-41d0-abef-c41bcf341014,86,Female,56,64,old
9887aae7-66ae-4d6d-9dba-b1d36a849dcf,80,Female,55,1,old
0abfbd37-5bde-4463-bf00-58bd2572622c,68,Female,107,87,old
ee5e4f31-5361-4c3d-ab80-757c1caf0d59,86,Female,77,54,old
688e8460-6c08-46f7-b744-108aebefd662,78,Female,94,100,old
a4aadc67-2c55-420b-bc38-37bde52ca625,79,Female,150,66,old
c38e9e95-d4da-44fb-bc06-d8ad12717e03,65,Female,102,52,old
7e810404-1035-462b-ad2d-e89399e2c416,76,Female,123,79,old
f765784c-2849-4b1d-b06d-45ecf1c482be,71,Female,159,71,old
2f4a3ce8-dde2-4fb7-9ed9-5fcc8e1bcdee,60,Female,143,18,old
b9f03d66-5ebf-42ae-8cb4-ea90f0d6a0dc,82,Female,109,49,old
90aaca1c-b0f6-4e57-a62d-10223bea1dae,89,Female,169,42,old
d83c89ae-b29b-44f6-87a5-046ca4744517,65,Female,44,67,old
f735b4c7-fd5f-4c46-8109-a976abad4d0f,86,Female,160,53,old
6a14bb5b-f3c6-4de0-a353-ca6b93c0550a,75,Female,139,20,old
56dd9268-ab81-441b-bfe7-39fb44321cb9,84,Female,50,65,old
4bdc59db-55da-42a3-89a7-4602373b64a4,76,Female,101,79,old
63311c44-ebc0-442f-a581-b643d767ad81,85,Female,160,47,old
c0e29e10-daa0-4ec7-b3ea-4399ead54393,75,Female,106,56,old
f3ed1f2e-8fb0-4687-ab2d-448c497b9413,76,Female,49,81,old
0256402a-81cb-42ff-ba34-5f4dfcc36939,69,Female,84,97,old
8945985e-60de-4a8f-9b7b-b3c538581fd8,88,Female,24,74,old
36acd568-9b2b-45ab-b10b-2aeb10ef88fc,79,Female,126,23,old
f7a9e3f8-4567-4fd9-82ae-00469fec391a,72,Female,173,2,old
7051c7e2-5864-470c-9cea-15e5d6f9efcf,69,Female,32,39,old
2b5361cb-9fe3-4129-aab5-fb6c45e22051,71,Female,66,60,old
21c26582-4425-4296-8305-4045edba61b8,70,Female,109,6,old
