Customer ID,Age,Gender,Annual Income,Spending Score,Age Group
1770b26f-493f-46b6-837f-4237fb5a314e,58,Female,185,95,adult
caa4ad5a-51b2-4af1-91cb-e2802f620239,32,Female,160,96,adult
0c9d0e0d-a601-488c-9f3f-f036f2bdb536,51,Female,135,87,adult
9c702610-d6ce-48fe-9857-9e295e161ceb,39,Female,48,36,adult
59052529-9a68-4936-93db-43cc1d541e84,39,Female,136,95,adult
767f9ffd-7211-4045-a1d0-f700220928dc,35,Female,71,52,adult
cfe0eb40-4892-47fd-ac84-29dbd15f7bd4,57,Female,106,7,adult
b818a1f8-fdff-41a3-b1ca-de3faee17f81,56,Female,43,52,adult
10a2a14c-cebf-410d-81dc-c333101b5e6e,39,Female,45,12,adult
68969a5d-975c-4a8a-a357-1ce87ab24459,58,Female,85,16,adult
7cb46cd5-4ba6-4177-9d34-ceda14ed832e,45,Female,137,68,adult
0a9ca7d8-91f4-4189-a959-e8d5fde13881,48,Female,171,54,adult
3df8f77f-b527-4f3b-a2cf-b163ff5965d9,50,Female,101,32,adult
accc810b-e7e1-44dc-80bd-98e82bef02d1,48,Female,46,95,adult
cb05e681-1286-4f97-8e7d-2c9b67778936,49,Female,190,2,adult
c6ee3f30-4f9a-4125-8ba4-c6234e046dfb,33,Female,135,90,adult
97673bb1-e729-47b7-baad-905d6265d941,38,Female,37,91,adult
085e5698-1f05-46dc-b758-61a28ef4dac3,54,Female,29,61,adult
7d14cebc-4aed-430e-ae8a-6415fde6e4e6,39,Female,146,81,adult
2ddd5825-e37e-48bd-af2d-5e31c9955021,44,Female,113,14,adult
2260c459-3b7c-443c-a31d-088405b7f09c,55,Female,127,31,adult
601dddb0-0511-48c1-8e91-0dde69040557,52,Female,61,9,adult
385017d0-a567-45ce-8528-28c8b8804112,30,Female,99,4,adult
b75fb976-3c52-4fd2-9a94-3a2d85d70a82,36,Female,143,40,adult
0ced3471-db47-4b19-9723-e8333b091f98,31,Female,76,65,adult
35ec8343-eb43-4faa-af75-7a731381d1ee,37,Female,133,22,adult
15ce7dc4-22bf-40cc-b575-9ec4fbe27dd9,51,Female,88,84,adult
f17d239d-6a67-4b77-9fd3-5377ea88c142,49,Female,194,43,adult
958eaa2c-0c0b-46fd-a085-b29ce9d5d8e6,56,Female,55,18,adult
85a5ff51-fe9e-4518-9fb2-11b86df7d52e,46,Female,48,62,adult
af9762ae-ed8e-4aa0-b32c-922d500b4cf1,53,Female,156,35,adult
ee9dbbc6-b790-4c28-a8b3-07272787b57d,44,Female,172,76,adult
90f1ac1f-07e1-4817-bfde-7e5f23f3e17e,38,Female,182,68,adult
d13d7964-0d0d-4be0-bb64-6f213f921579,42,Female,118,82,adult
9dfe38e0-581d-458f-bbd3-7b2d98865728,44,Female,84,1,adult
e010b10d-8ed9-41af-bd30-05de2c0c6fe4,58,Female,123,91,adult
1ecc4ca8-45f0-459e-a911-dae3227d2b0f,33,Female,178,29,adult
f50f86f2-79c0-45bd-9759-ff8154a7ccc3,59,Female,97,97,adult
40f78c97-8537-4b3f-87d8-796bcbced99f,35,Female,139,33,adult
c225df9d-d2fc-4e1d-8328-894dac5471e1,37,Female,144,45,adult
d93d2a18-c9e8-42ed-a97c-84912b1b0efd,44,Female,187,6,adult
60fddc74-977b-4d01-8805-9e859748fdc3,58,Female,139,35,adult
fc971eb9-f7bf-46cd-9e83-6d1637d15ccb,39,Female,119,3,adult
b8858575-b5d6-4f66-8293-7521077f6d92,52,Female,76,31,adult
0729ee7a-444f-4c2e-9889-fb725930eb84,45,Female,58,64,adult
fcbc528b-9386-41fb-a974-19a9643c7580,59,Female,46,78,adult
1f4fb2c0-d8ae-4d1c-90ff-95a8e3dae34d,34,Female,61,72,adult
f13a0cc5-6fb9-4882-aef3-9ccfa421b185,45,Female,96,43,adult
df11c432-c609-49b4-98d6-855eab890208,48,Female,93,70,adult
f5712da2-092b-4f52-aed2-bb93b9fee5ab,33,Female,36,73,adult
64883a2d-bb3a-4a30-bb76-47f28ad095de,33,Female,120,51,adult
2a5cdb1a-3f0a-4b5a-a33d-d0d81f7661a9,46,Female,181,64,adult
3f116bae-d95f-4018-9585-f575dc693e71,34,Female,135,27,adult
cf345cd7-8b4a-45c3-b391-1ff46ec6e2d5,35,Female,29,18,adult
2af8b09c-99e5-4f97-b538-cd687a385120,39,Female,33,2,adult
21c59500-d439-4bd9-84f6-06b8767ac948,32,Female,163,64,adult
5cc59727-7005-46f6-928a-1764d0f6032d,36,Female,120,52,adult
6fc3660d-23f5-4a54-a8df-e146387a73f2,41,Female,114,54,adult
94b3153f-cc9d-4a55-8a2e-742a6555c537,33,Female,110,49,adult
644db267-9082-4c42-b02d-fad5bf30d735,35,Female,183,68,adult
0dbead2b-6caa-4e05-b2de-e5f81b373a4a,34,Female,39,84,adult
b35f3089-a257-45eb-ae52-c78e2c266374,35,Female,77,29,adult
2f4cb703-e5c1-48f3-9a89-3615b31e20f1,54,Female,103,49,adult
45d9a060-39e1-4b67-8189-8dbba0d91767,35,Female,120,94,adult
ad5f7b6f-aef3-4867-87e1-f862a6519ce3,54,Female,113,65,adult
ea98c611-5bb3-4855-b79e-04be0cd0f179,39,Female,81,66,adult
705ace34-543a-4cdb-956b-c06f6eb33a4d,52,Female,141,30,adult
5e562023-f971-41bf-a7e3-a82bf894155b,32,Female,84,77,adult
b9b58bf2-a4ca-4254-b61e-1db5d7adc35b,57,Female,27,59,adult
8f9a7106-5e73-4627-98af-f49939ed8b15,34,Female,139,63,adult
b487d49f-6321-4873-9b5a-4fa413f01e0f,31,Female,154,38,adult
2f092cee-3d08-489f-921e-1dfaa81ba6b8,32,Female,176,2,adult
c17d862a-d452-483e-98db-abebf2a59c4d,32,Female,119,21,adult
5ace7e9f-f02d-4c07-b0cc-ba3ff524565d,59,Female,147,49,adult
8149aac3-bc36-438a-ab77-4a7b6583633f,37,Female,111,1,adult
3b514d1a-485b-4fce-83bd-b9a58dceb229,46,Female,135,1,adult
9afc5697-6b05-44ce-b69c-a9c72a475173,58,Female,29,83,adult
fe29db65-654a-4b03-9ded-647b04b23e31,54,Female,184,13,adult
bdec8ee7-d49b-4dcd-9312-23e4c7acb6ab,46,Female,39,73,adult
9170cf78-906a-4425-a8c0-8c9a6daa9274,34,Female,174,15,adult
e56ba8a7-3424-4934-840f-ba04aa52cc7f,55,Female,112,18,adult
052c0bb0-b259-4fac-b090-66822627962f,53,Female,101,61,adult
13e2e441-4002-4f31-8e01-a563a52e0f1d,43,Female,21,32,adult
978f4588-019e-446a-90ad-5e8d166b0a73,45,Female,164,51,adult
cd5c4d4a-e09c-47b8-8a86-ad7bf33ffcdc,36,Female,28,36,adult
af312505-503a-4a21-b6ed-6f05935e3fae,51,Female,145,71,adult
9ebb7634-543e-48e6-b54f-60a6f1e443da,54,Female,166,98,adult
b9b12e25-242a-4348-98f2-573f986a933c,36,Female,26,57,adult
2265a1ff-39a5-4a9d-b1a1-4ed26bfc4e96,38,Female,137,59,adult
3e8bb550-47cd-4528-8aa5-3b27ff02073e,48,Female,91,69,adult
6682df3d-1ef3-4e04-8937-4ab41077733b,51,Female,46,15,adult
1915a8a0-d820-4500-89f8-c07f1779c57c,33,Female,120,56,adult
a61dbcfd-b5ac-4490-a6c2-08ef6cd332c9,52,Female,174,55,adult
1adee7ee-0f65-483f-959e-0a719b870400,41,Female,145,78,adult
97e26698-f92c-4cc2-b2fe-09d7d46077ac,41,Female,87,25,adult
d8ff5f28-7490-403c-8a40-469ce1c738e9,41,Female,183,79,adult
d9bd54d6-d652-4cbe-b39f-79292185c383,47,Female,66,57,adult
03643ade-854e-48f3-bab3-d961de3d6d7a,57,Female,54,10,adult
dd2af46f-e80e-4b0c-b5fe-a85b9e9ab3f7,58,Female,174,56,adult
264c05de-ba8e-4e15-95d1-6499d556c257,34,Female,89,56,adult
6c377620-e3d7-4781-8c93-91cea1fc4f5b,40,Female,104,52,adult
fa9324e2-86a6-4f2f-a1fd-c21b89614e18,41,Female,141,40,adult
9621ec0a-1539-42cc-8f4d-76a924a01928,46,Female,96,81,adult
6bf4c7ec-2e20-4295-9c9f-758d99524fe2,55,Female,153,38,adult
030d5b35-bfb5-4f07-a3e9-5ad2682377df,53,Female,86,13,adult
9dfe042d-fe6b-4b74-8e5c-3d03433956d4,49,Female,190,53,adult
d6de240b-cabe-4204-89fa-93985320af71,44,Female,121,77,adult
9bfcc6da-bbca-4f11-b734-72fa3c6324d5,38,Female,176,31,adult
df082063-bc37-4c89-8b1f-9c5498727268,45,Female,194,4,adult
49687ab1-89a7-42f8-9b16-5fbe8ea62590,39,Female,172,6,adult
505b77e3-529c-48aa-b845-0dcd49f522c2,57,Female,120,39,adult
7a2e2fe5-6355-4de3-b7bf-a7270078e390,46,Female,181,98,adult
ff1e47cf-076f-4c16-8893-b160541703ad,57,Female,164,55,adult
43887acb-dfea-46d9-ab39-9104fce4392f,51,Female,37,43,adult
25fc839e-3dae-4731-b68c-968c25fabd08,41,Female,175,52,adult
9355cd12-1a34-4899-844b-5c5c9eb7a996,43,Female,127,7,adult
00551c59-05ca-427f-bdbe-818fd64384a9,49,Female,123,79,adult
85d7e324-5118-4609-ba7a-8f0848458c96,36,Female,134,93,adult
d5da1282-d7be-4cbe-9cbf-cb05315284a7,56,Female,160,12,adult
654faf06-7ed1-4f1e-aa13-1c6f818a249c,57,Female,78,5,adult
7b219b3d-42e0-4fdc-85a2-8e1b79dad1fe,37,Female,55,27,adult
549090ea-4ec1-4a61-8433-aac5005ad67d,47,Female,114,15,adult
76589ce3-d58a-497d-b694-3f5477278129,49,Female,100,63,adult
6ba5a806-51d0-49e5-863b-dad8a8165d28,36,Female,139,65,adult
5f0396c2-0316-4b53-8748-149ff0b84b95,55,Female,84,85,adult
f14bb00e-5be7-42f1-bd75-733b4769a850,43,Female,133,36,adult
45b1208c-9fdf-4e88-b2d3-50e815ef9a05,58,Female,127,34,adult
45622381-d950-4646-a0f7-842cc10bc0e8,35,Female,196,71,adult
527efc80-457d-4deb-a283-88bb9cfe7bec,33,Female,183,84,adult
1143b9c9-a3b2-48af-982e-b151314a8d34,38,Female,184,71,adult
4ff50d90-4f71-47c9-a333-caf259c8fdb1,38,Female,66,61,adult
484c79e1-ecd4-44c4-817f-74bb5c78c5ce,36,Female,97,80,adult
27e429dc-d7b1-42ea-832f-462357fd8799,43,Female,57,81,adult
0404da48-6db3-4b67-b8cf-b72277be4650,39,Female,47,26,adult
92814986-d26d-4231-a016-863974631bdd,45,Female,72,21,adult
c6379002-35e1-4aee-8685-235b5327e76e,31,Female,144,81,adult
7e8c1987-e66c-413b-b567-b9bf505c010e,30,Female,196,9,adult
0b5afeed-5b9c-4330-a46c-88333593ce60,57,Female,167,32,adult
e073983a-ae0d-4918-bece-d071626464a1,34,Female,58,62,adult
135dfd93-41fb-4e21-8dc8-1265e825cb8a,42,Female,50,98,adult
dcfef52c-6219-41c7-8fb0-57a2e9df9360,50,Female,76,44,adult
88d57f33-c55f-468b-a01f-d1749b63ff33,34,Female,68,9,adult
92550b23-8359-4ea9-a52c-beac4be84d90,54,Female,39,91,adult
8116c437-b27f-4b2e-924c-3a0d8a5c07ca,37,Female,63,78,adult
764593ca-5de6-4b1d-8ae0-d83e2e7d6daa,53,Female,127,8,adult
f057ac57-d24a-4a16-aaea-46eecf37fac4,37,Female,180,88,adult
a1ea94aa-7bae-45e1-8232-1e1afc9af9a1,42,Female,192,89,adult
b45b8a87-a9be-4401-be15-5c08c8d78796,52,Female,25,41,adult
32e6a103-db7a-4e31-8b2a-7420c134b5f8,30,Female,98,99,adult
043f69c8-9ff5-4407-8706-5e2c9ac702fe,42,Female,40,53,adult
8b6256c2-7d31-4be5-866e-2162cdb99c45,44,Female,34,57,adult
83cf9f56-63df-4133-bcdb-ff22d23ab463,32,Female,46,4,adult
105cdf25-a93c-40ee-b747-f208ca9316c8,34,Female,47,2,adult
96d2144f-8ab1-427d-9280-e775ed91affa,31,Female,197,72,adult
6c7876a2-5f92-4763-9754-86ca0a8a6b70,34,Female,52,82,adult
aba6b872-cb25-41ef-8c5d-8b068abd69fd,46,Female,129,22,adult
4a0acaa5-85ef-4ef1-a0e5-110696ec78ae,54,Female,113,97,adult
025509e9-03ca-4f0c-bd2f-9d1f7cb5fe85,42,Female,28,7,adult
e01e948e-95dd-4a67-bfe1-03827e86ad5d,35,Female,77,71,adult
875fe0e8-76e2-475b-ac43-da2df1cacab3,48,Female,162,67,adult
0dba8477-9d52-442a-b393-35528c23c59f,36,Female,130,72,adult
1e355919-55eb-4010-abda-313d5a6cbe6f,54,Female,185,38,adult
472bf092-6b64-4f06-9d29-c665bb707f37,47,Female,131,49,adult
14785924-9642-4404-b63e-527753e3af4d,46,Female,187,81,adult
cce518dc-b921-4ce2-adf6-d0bff096c507,34,Female,30,78,adult
2cd9fe24-bed8-40d1-8a1c-8f1c8e30df7b,43,Female,86,81,adult
ad0c8885-11cc-4f8c-8282-cc44b29245b7,42,Female,90,47,adult
d8e75d7f-22ef-4302-bb01-5c16edb666f7,33,Female,170,3,adult
693bf29e-7226-420a-b362-6a1cdf9bbcde,45,Female,195,22,adult
e57bf327-a2dd-4ca0-89bb-fe5c5dfba533,57,Female,87,99,adult
6a13a6e0-1b58-4323-85ce-494cdff1d457,52,Female,197,64,adult
d095b2d5-63a7-43af-9396-021d4f9ca110,35,Female,87,74,adult
faa7d57c-288e-451a-a58b-b139c2aff349,40,Female,97,51,adult
fbd51a51-dacc-4b8c-8d82-93a5a350f7c7,34,Female,56,9,adult
eaa2d11d-dd48-4470-8edb-5e9ac04167e4,41,Female,159,18,adult
a0b4f41d-fd42-4871-abdd-4051b7c6d302,32,Female,24,19,adult
e7c25afc-7485-4b1c-8cb8-d6725b351613,42,Female,50,13,adult
beff03f5-d600-4b20-bb65-90b04c3816ac,52,Female,49,100,adult
348f2d26-f5a0-4ecf-b1df-e2501c98fcff,55,Female,135,12,adult
bdbfa8b4-7e0e-4679-b2af-a136294b229f,53,Female,146,68,adult
686c6ac2-bc44-4471-83fb-5577f668dc91,33,Female,99,82,adult
beaab7e4-49f2-4ff5-b16c-6a7f3c98b371,41,Female,199,9,adult
161e7f23-c342-400b-b0fe-b7b8129d829b,49,Female,65,3,adult
35af7c10-6eed-4355-b128-1f3bc564104a,39,Female,111,85,adult
b56a5ee3-8166-467f-a97f-a7c62039de36,58,Female,116,38,adult
b1caf19a-2d8f-4ca4-9c23-4071522a485e,31,Female,41,100,adult
9c7f91c7-0184-4a31-b39f-41a7f8a65d8e,46,Female,172,78,adult
0fcedc46-a13e-4823-b63b-376d7655685f,50,Female,57,72,adult
692ea278-6dc4-4d64-bae8-c3afc2650c94,55,Female,190,97,adult
de1216fc-1ed3-419d-a3e9-28cb97270b4c,45,Female,72,45,adult
48f388e9-8e3e-48e5-b473-773531001b05,59,Female,169,89,adult
ac6a07b7-d741-4088-a394-07c30edb5e0e,36,Female,66,37,adult
83470f3e-e790-43e3-b1ed-524661f100ef,37,Female,69,48,adult
6979ef4b-532f-4c81-b02c-81fdd42ff387,42,Female,99,51,adult
dcafbefb-6165-4fe3-b550-84558d2d8845,44,Female,162,35,adult
5cc20e02-77ce-414e-a33a-d19f8df2119e,59,Female,188,33,adult
f41da56c-80db-43e5-8cf6-03a5f0ef4303,36,Female,154,63,adult
1c39d446-2dbc-45ae-bd04-11cf34089515,49,Female,82,85,adult
8d35adbe-4a84-4bbf-96c5-f5816617e8ca,40,Female,179,65,adult
2514cdb8-8937-44ff-9158-f46b7a6351bd,57,Female,41,23,adult
ef7279c2-c4ed-4724-9415-48be528d1956,36,Female,40,49,adult
916ce23c-a176-4773-afde-37aa9fb54ce5,37,Female,175,73,adult
cc7b74b8-f9e4-4f3f-bf47-9535ee20ba49,51,Female,184,18,adult
ce14bc23-c92a-4a90-bdf6-145b05924a6c,33,Female,164,37,adult
8e2e270c-40ad-46ec-985e-95ca84cbf448,57,Female,38,4,adult
74e0acd0-9e70-442a-b32f-b53f5a2fdb81,40,Female,20,23,adult
c960b231-9e23-426d-b14e-cc2270e49ae8,36,Female,200,38,adult
167fd49f-561a-4a00-8de9-abe9ac049ea3,55,Female,191,22,adult
3f19e8ad-ccb1-4924-aff9-fa7ff6c4b951,40,Female,44,17,adult
a3e094e2-3482-41fe-8367-9f4239a463dc,45,Female,95,7,adult
b3560049-e3e0-4205-93e0-b28583f22507,59,Female,63,79,adult
bb92c47b-b30b-4b83-b665-5d8ab002ede8,44,Female,56,98,adult
e806a8e3-c969-4769-9a0c-00e142523be8,44,Female,40,47,adult
cda57457-3a76-476f-8b30-1f0c6016c6ba,53,Female,137,21,adult
0c4cf636-e163-4eb0-aa7c-17746961308a,47,Female,77,63,adult
3dae43df-0cab-4ab2-b0f4-878888736e2c,51,Female,33,58,adult
f6a1f9b8-c6dd-4768-ad5f-82b41738695e,58,Female,148,51,adult
810b644f-11e4-4be6-920e-2b39c5588e01,36,Female,145,65,adult
c6c6b561-f44e-47ee-9a64-28053ee1555e,44,Female,100,13,adult
980b6193-2ec8-4e02-9134-86a72ceae180,56,Female,86,91,adult
a7c602da-ab32-4263-9b92-030f6f5cfcff,41,Female,119,25,adult
60649004-05c2-412e-8525-47ff27afecdf,53,Female,79,4,adult
799dd301-c044-4ffd-a4cb-d8be4904cf68,55,Female,130,76,adult
33707fa1-c98b-4ec2-8d38-8ddbd1bb5ca7,59,Female,25,76,adult
d7df1489-a8fb-4fb7-9eeb-5394b1c4d5f4,48,Female,45,84,adult
d9895b44-6739-4a44-bf43-5cd8d775f336,57,Female,74,51,adult
5757c5f6-8c43-4573-a471-142fc2641102,38,Female,100,99,adult
a0939b79-d9e9-4c5e-b003-ffb3ad86ca6e,30,Female,77,97,adult
bc513996-4f83-40a4-819d-6dea13aea0cb,44,Female,157,77,adult
821a8ec9-e232-4338-ab06-14039b14656e,41,Female,74,74,adult
9b4b2776-43c5-4bb8-b041-79aee27f9d3a,45,Female,98,33,adult
a08f7033-2ace-4e43-aea2-df49ff0fd32a,30,Female,33,57,adult
a878af26-0155-481e-b763-fe8445041078,38,Female,85,61,adult
c30f923e-abe5-4fba-a61a-198d0bd41064,43,Female,92,25,adult
0a6ac8f3-af9f-4a48-95f8-0dc6735b941d,51,Female,182,45,adult
be049248-72d8-4863-8aa4-9e4267a235e7,44,Female,28,95,adult
74ce84b4-7e12-4d42-b98c-d182a88e9772,59,Female,73,59,adult
1b837bf4-eadc-4446-bca2-bb2d2b16ba62,56,Female,172,59,adult
a4cfa150-f8c1-4e80-8f52-ef01a3783dfc,30,Female,187,23,adult
c006c0f9-a5d5-4d74-8b40-dece2851174b,41,Female,161,23,adult
0f8b9553-3367-4ef4-8a9d-b7183ed12fd3,46,Female,31,97,adult
06bda0f6-0b15-48f2-85e0-ca21d46254e0,38,Female,194,66,adult
6879035a-abf9-4323-bd5e-22524eb5a434,33,Female,167,88,adult
7b128ae0-008f-4373-b2fd-44ca65f10527,48,Female,98,35,adult
cbd3ef65-4242-4de4-a5b0-321303d796a5,32,Female,111,32,adult
c1241915-cacf-4d62-839e-5bf37754c281,51,Female,34,3,adult
7f064faf-22cd-4f42-a444-e6329e828f3a,45,Female,48,54,adult
cd74551b-fa48-411b-8f09-862bd2be7668,56,Female,159,6,adult
573befca-69b9-4339-896e-4c4ab77870f8,41,Female,87,71,adult
5d2aba91-f11c-4f84-9d00-8413a4dafd23,50,Female,173,59,adult
134357ab-1ce6-4185-833e-a86d120c2e7b,56,Female,73,89,adult
b48ca9fc-3ce7-4b68-ab12-b33e930877b0,36,Female,131,4,adult
783fb416-c31a-4cce-8b8f-9253bbe8da17,45,Female,21,8,adult
a688d91d-3d1d-45c7-9f0a-bd1af8d3fd59,34,Female,149,11,adult
d1eeafd1-0172-4b65-a8e4-5518e6b20de7,51,Female,29,9,adult
5268399b-af17-43d4-8c9b-ce4c4f9443fc,54,Female,21,7,adult
ac5f7f87-54e7-48ad-9c87-ea852ea6f2df,54,Female,24,53,adult
3de0d33a-9ce8-40ea-a202-2c2a10240f1e,45,Female,104,47,adult
37ac12eb-42a8-4d3e-8563-309b6c49b59b,39,Female,168,17,adult
ff2d703b-80be-4999-9091-84024f3a53aa,49,Female,103,32,adult
c98c0f2b-94e6-4f38-b8a4-f451bbd7aac9,39,Female,144,78,adult
1310e1d8-4371-409b-9c9c-867d866bed47,47,Female,149,10,adult
0fd21376-8303-4524-b4e0-f579175ad868,37,Female,144,96,adult
3e6f65e9-1638-40c7-b513-f3e237bd9ee2,44,Female,32,51,adult
7c39ed4c-2efb-43ac-abed-d8e8b18d0fbe,42,Female,32,33,adult
48b9c775-373a-4150-b5bc-87b3a2af3534,41,Female,173,73,adult
486a640b-4c6a-405b-ac91-35836248e301,35,Female,74,55,adult
97f2b4f8-2df3-4434-98f7-17d21a617868,35,Female,149,2,adult
aec0af35-3b92-4097-a7ee-7b04d883d59b,33,Female,57,39,adult
ad545811-08fe-44d2-9e94-a9691f0e9ba7,31,Female,98,41,adult
ddda6fe0-6b7d-4712-a925-cc050456de8d,39,Female,117,74,adult
17e280bc-b99c-48de-8b1d-e48fa6fc0f2f,57,Female,71,42,adult
5ec85187-be7e-44bb-b30f-3fe37d3c5192,45,Female,65,95,adult
453e53a4-287a-431e-af5d-df6151be4ccb,56,Female,88,83,adult
38a2ce2c-4111-4f23-a94f-afa40d53fa6d,55,Female,88,50,adult
29452d6d-3109-4371-b314-f170e912c36e,54,Female,86,94,adult
69d35ab5-6ef7-4ad6-b209-cd832f1a0d78,34,Female,104,65,adult
70c0debb-3ff4-404e-b572-2944a63ae325,45,Female,195,23,adult
c7b61567-964a-45e3-88b0-50502ef7dc3d,41,Female,84,98,adult
cad0a90a-f29d-4814-82bf-16c96cc50ac2,39,Female,102,11,adult
2f266c30-de87-43e4-bac5-c6d46f59a04d,56,Female,166,76,adult
1e559627-2d62-4e7f-806b-7804fd053e03,53,Female,66,5,adult
6029ba07-2872-4773-bf26-0ab8dc6321d2,57,Female,173,64,adult
1494983a-a724-4589-ad6e-9c9d86a50550,50,Female,80,47,adult
226d2087-c014-40f6-b743-3b4e6b3fab54,56,Female,171,37,adult
c048b835-6f77-465e-9442-1d78d39a6a6e,52,Female,38,77,adult
664d285e-c475-493f-a429-63c0799bd7b8,39,Female,98,43,adult
7ca54b50-6163-473b-861c-b1f97a7a4a7d,36,Female,32,73,adult
390ae8bd-1da2-4361-94e6-75b47e44a1a1,55,Female,42,50,adult
f294d363-029d-44a4-b22b-e9efdcea3f5e,48,Female,26,53,adult
fd734682-826c-4cfe-9e8b-59bc21e1e3ce,37,Female,171,84,adult
d5271831-f9bb-4998-8d35-0e6d6e0cc559,45,Female,134,32,adult
225b2f6c-787d-46b4-b852-7c9818e13708,38,Female,31,51,adult
9b1d8e1c-1554-4838-851f-6ada0e3ac07b,43,Female,70,2,adult
eb99d96d-ba08-4bcc-ba20-ba1e844f3471,48,Female,182,39,adult
b2cc048c-a0be-44bf-afcd-df1ee9da7a70,32,Female,140,97,adult
d593e51c-fbc2-4f90-9f63-782db0aba301,31,Female,192,38,adult
9d2ded43-6da3-4798-9a20-3bae266623bc,45,Female,24,66,adult
8caa23a6-4ee2-40e5-b09f-544bd452e874,48,Female,183,59,adult
f2fc2eda-1a48-4dcc-b0d7-3551b836c296,47,Female,60,18,adult
bbf101c0-14bf-4fe1-9211-345c781ae707,34,Female,183,73,adult
3da39186-4bb3-456a-8c72-d0c7f3b49fd1,46,Female,166,57,adult
bf03106f-2ae3-4de5-8dd1-77a6db17babd,49,Female,97,49,adult
c0d1fbf7-49ad-4fe7-bcef-2dfd9f4ff9d6,56,Female,145,51,adult
df7aff5c-66b3-4115-b133-63b1b67e7741,34,Female,46,9,adult
2fa27128-d71c-4fe2-a96c-9472265643df,40,Female,27,49,adult
df4d0bb3-69cc-4c18-91fa-3452d09d557c,48,Female,30,55,adult
178351dd-be30-4d45-a08d-4dc879779584,55,Female,50,89,adult
0a1b408a-d081-4090-b35c-c5636f3a46be,32,Female,138,21,adult
28061bd5-ac11-4b2a-b818-e61c5e3a165a,54,Female,42,57,adult
dcc4ddfc-cfa2-4afd-8f70-98ee619032f5,36,Female,69,50,adult
03f58f54-cf32-484e-b559-bcc306841215,31,Female,105,84,adult
b5aac21f-05ae-40be-8d6f-e02169d80cf7,55,Female,155,46,adult
0c086aca-c456-4144-b1f9-ffcb74b36238,43,Female,73,15,adult
2bc724db-9c59-4253-8cfa-20c24afd96bb,53,Female,31,49,adult
e6a73d16-6e54-4e26-bb00-b89c6e850c38,49,Female,104,69,adult
1839117a-ce5e-43ae-bcde-94d7bcd5bb57,49,Female,74,47,adult
71073e35-61cb-4184-8fb8-abeac39ffaa3,39,Female,87,39,adult
8126a8a8-2ab6-4679-9e30-525c096f119b,41,Female,42,66,adult
7a7bccbd-58bc-46cc-ab29-03f7a387c5db,57,Female,97,64,adult
288fe638-02d0-49ed-9c54-f7442dd28ab6,58,Female,99,34,adult
cf0e0d24-0e63-4767-bed9-5e07114963de,38,Female,148,87,adult
c1603693-5978-47ce-8eda-420f5597b917,59,Female,72,12,adult
869b58bd-5e4b-46a7-8694-12f78508a663,53,Female,55,20,adult
75630588-7d1a-4f68-9b2b-76d47968993f,37,Female,139,94,adult
d7579ea4-adca-439c-a969-6a2f4157211f,49,Female,174,92,adult
f1cfbd88-eb53-42d8-bf73-081c8dc3546c,31,Female,98,26,adult
a5a3d043-7eff-4a6d-8af1-e9abeaa1c2a1,53,Female,110,60,adult
26404957-2bb7-41e8-a21f-4d5e787e2427,58,Female,155,96,adult
58a18561-55a3-4f2a-bee7-813751e6643b,52,Female,58,52,adult
d4ee4e77-18b0-4a4e-bab4-9d8b99809a37,32,Female,25,58,adult
adf0cb47-9867-433e-8359-cd0f5e577996,50,Female,108,1,adult
2a884f2f-69c3-4062-a173-abadb78956e1,37,Female,133,91,adult
7c87bc39-7672-4c73-a1d7-03dcbda6527e,48,Female,156,43,adult
fbc7ff33-ba42-4b5c-b9ea-6eee3d7ff2ad,50,Female,176,26,adult
4fb4708d-eedb-462f-8fa2-69b69d80d466,33,Female,37,15,adult
70a43632-9f19-4ebc-a1de-e8dff404778f,57,Female,23,24,adult
9fb90cb9-5dff-4bd1-a5c3-8188324d6d69,52,Female,187,47,adult
c2d3d15a-7815-4e83-bebd-562e35e9952f,46,Female,78,88,adult
83cfe37d-fa72-4fc2-8583-c20646d9450d,49,Female,56,73,adult
db9f9fca-8c77-4246-b278-a6f6b409bdb2,48,Female,99,29,adult
11e0c9cc-51df-4f90-81d8-9aeda24db446,30,Female,72,16,adult
49e4bee3-ab0a-4b54-b251-0b5d75e65cb5,40,Female,68,21,adult
2315ec6b-ce39-4390-bc2c-594ce5492470,40,Female,125,63,adult
3430ca5c-f008-44e0-8133-2f276a9f03ba,53,Female,174,37,adult
3bf49547-991e-4979-a456-077c2def6367,56,Female,30,72,adult
1919689c-b4ca-42f3-87bd-a43c589ce3e7,52,Female,62,8,adult
7bf66bca-f947-48ea-acda-8fbbc1d129c2,34,Female,49,30,adult
e167f0d6-36b2-42f6-8756-107e9fc2d5e5,59,Female,124,54,adult
bb1185d9-ed5f-40e0-8134-06ae03efc140,37,Female,47,84,adult
5ecf2948-10df-45d9-852f-4bb7be23ecb5,34,Female,198,73,adult
bf54f224-1c7d-4dbe-8310-8c04fdf18097,50,Female,101,58,adult
44d2a563-51d0-4ab9-be85-bc4937ab06fb,35,Female,77,89,adult
9dfccd4a-7ba5-42ea-9a3b-568102d62864,57,Female,138,51,adult
e7a35ff3-a78e-45e9-8a3b-75af7ec2c287,31,Female,167,21,adult
fc5aea47-ada2-43aa-b3b2-47390eb12431,30,Female,54,9,adult
c64f8def-4aa7-46c3-a38f-97b4da348cf0,54,Female,188,70,adult
6db1c60e-8442-4516-b00f-2141cac19462,35,Female,153,61,adult
415bb9d2-6f6a-480b-a5cd-60bec3003b2b,58,Female,24,45,adult
c1b9f543-3944-463d-9116-1fcfa30ab45a,36,Female,159,92,adult
7a9a99e8-1267-4542-a5f1-79968b265490,53,Female,88,3,adult
9422ec09-39d1-4fed-92f7-a134fd12a07f,58,Female,38,11,adult
55eadf3b-40b9-490a-8f23-f5ce24315182,52,Female,29,41,adult
87378703-f207-4612-ace3-736a7fef31c2,36,Female,153,19,adult
01b53c14-f001-40ab-9dc4-cba3e6e078a8,34,Female,55,20,adult
6d48f7c6-9649-4d2f-8e9c-9643770f7d00,33,Female,22,5,adult
08a4f7bc-47e0-451c-a8b3-7e4bf5d009d6,36,Female,169,94,adult
60b1eb37-1edb-4545-839b-f7e3f47e0964,56,Female,157,20,adult
897c056b-2723-4259-bae0-61c0f2b709c2,50,Female,92,47,adult
a73278d6-6f94-49ca-b386-0a36cd5b9091,40,Female,35,40,adult
4a044d8b-c835-49b0-a3a9-ed449440b233,54,Female,126,89,adult
442d708f-ef5c-44cd-a64d-8d3aa9ad264f,31,Female,35,46,adult
447bfc06-8e9a-4a2b-946d-c67e656fe02f,30,Female,45,10,adult
a2f18835-2e25-4089-81ba-c73fec497900,59,Female,89,28,adult
642fa7b2-dfe2-44cc-aaa5-23f670c1ff30,35,Female,173,41,adult
9a06fb41-a33c-4206-98ae-ee61ae00cd9e,40,Female,193,39,adult
2179bc93-d107-4398-af40-294a7f49f6a2,51,Female,191,97,adult
cde30dfe-d9c8-4a24-b36d-ae84012eb175,50,Female,187,72,adult
fb531472-9c87-4f71-8219-43356dc2e5a2,59,Female,82,14,adult
cc213db3-af72-4e79-a970-0c5096655d43,52,Female,131,21,adult
185e344d-aa56-4dd2-8f45-b51c95a40f92,33,Female,127,83,adult
5e333fd7-4350-4960-8c2d-8fad158cf94d,53,Female,50,46,adult
e1824301-7676-4447-83b2-1dd80278d41e,48,Female,107,15,adult
d255d826-be53-45ff-852b-78f6cd44c6b4,30,Female,94,48,adult
aa2de9d3-fbd8-4106-9a29-152ddf112a2d,52,Female,165,15,adult
4b8a0c19-2825-4461-9731-baa17b47bc03,42,Female,117,19,adult
fa17d5ea-5b27-4d4c-ba2b-436e980798b7,59,Female,196,82,adult
e75ce26d-175f-4326-90b3-a9efdb005743,47,Female,27,12,adult
05540d2f-c4ea-4b14-8f41-a928e04d0c65,58,Female,73,73,adult
ed163f77-4507-4d00-b8df-fa3ea8922d40,43,Female,123,43,adult
fb7e4583-2d20-4478-8317-082e6d510e48,52,Female,47,76,adult
e22d1b8b-de0c-4671-b092-eaa95b9495c9,54,Female,29,37,adult
3536dfc1-d42e-4613-ac4d-074b60b2eddb,56,Female,166,2,adult
26b4cfc4-4c88-48e4-94ee-705b2f68a803,40,Female,189,8,adult
9ca4037b-e6e9-41aa-826c-efe267c05300,48,Female,99,37,adult
2f4fec8d-2094-43eb-9ca5-04bf01b1899d,38,Female,43,3,adult
4876ab17-1b90-4482-ae95-2701c23f51f6,56,Female,167,87,adult
139dbfca-3e0c-45c5-828c-f79a776b7d5f,56,Female,120,86,adult
826eb4f1-e2a3-4975-afc5-d542e52ece6d,37,Female,191,45,adult
30d08703-2bef-4b44-b469-211df11506d7,48,Female,72,72,adult
0cf679af-6007-4b42-8ab5-100cdc56fe07,42,Female,192,69,adult
1be17788-53d1-486a-be57-6cb3692ff9c2,44,Female,44,81,adult
1c100687-42b4-4741-ae35-e52c1e0a7362,32,Female,178,76,adult
fab21885-eab6-48be-abc0-44d3e47b45fc,37,Female,54,37,adult
149c2280-0bfa-4cd2-9013-024b80f53d3e,45,Female,190,57,adult
de2bd99e-08d5-416d-8e0e-1443eeec74db,56,Female,142,16,adult
62adf9bb-6d3d-4661-b4de-fd6dcfe1534f,40,Female,59,34,adult
33771242-9ec3-4626-bde1-bc61862de7f1,45,Female,51,68,adult
6ccc243b-5be8-43fa-b332-275281b814ad,53,Female,68,76,adult
d03ff4cc-0c55-41b0-b729-8a6b0f6eee06,56,Female,130,39,adult
fe35b621-cbde-42a6-a3fe-e7fe28acd2b8,41,Female,96,11,adult
2d57b5e5-f20e-4925-800f-c2f922f44376,55,Female,169,21,adult
6653324a-1075-458a-a4ec-4425dd067609,54,Female,74,89,adult
040690fd-5061-45b4-b815-fd9384cd09c0,43,Female,103,7,adult
54588a65-4e64-4c0b-9f63-e3ffd429f7c3,46,Female,197,37,adult
879840fb-8a80-48fe-afcb-7c92dcbc9ea6,50,Female,58,74,adult
c6002c55-2ff8-4951-b6dc-e7eb6d3cfb02,36,Female,73,3,adult
c255db93-504f-4705-969a-03aace9c4ac6,45,Female,184,18,adult
741c868b-2592-4ca6-b81e-eb41a6c794f4,53,Female,161,12,adult
015ca33a-7a09-4d53-823d-96267665151b,35,Female,47,49,adult
f18e95a4-d695-498f-830e-b986bdb57637,39,Female,59,8,adult
b257b76b-5e0e-42f3-a55c-f30e5a9739be,52,Female,85,58,adult
37994596-8d27-47bd-b6c7-f57590438913,59,Female,137,37,adult
a50eff78-96af-429c-9715-ed7d8ca90e94,41,Female,35,79,adult
b2de288d-6173-4400-8f9d-d98d5f8e05ff,59,Female,128,49,adult
08696e62-8e43-49d7-8b51-d1a5f18e1b2d,36,Female,139,87,adult
43a9dd7b-166f-4550-879b-562487337b21,57,Female,50,12,adult
1dba76f3-6268-431e-b9eb-79b1dd03d168,35,Female,135,20,adult
4520e06b-84d6-4209-b0a9-0096d8da4a2a,57,Female,83,10,adult
e3d9312c-12ef-48a0-96c1-e965855e7615,53,Female,189,62,adult
ae1c494d-39f7-4c56-8273-e46cf34393e3,31,Female,103,51,adult
af34e3c7-ea10-46d0-aae2-acc0631e397c,42,Female,132,2,adult
4a2636e0-04f3-4f54-9ac8-7c10874ded31,37,Female,39,46,adult
54fc47db-f225-4185-8b48-a66a23b251a9,42,Female,104,39,adult
7560640b-9107-42bd-bdfa-81b7de96808f,51,Female,24,14,adult
d433922b-093c-4edb-886e-1c475bdc11ce,50,Female,127,25,adult
f027a402-efe5-4e53-beb7-8e7041539001,50,Female,46,33,adult
8981db72-062b-4068-b573-3a288e98664c,46,Female,43,63,adult
1c33877b-8153-4590-a11b-9365ba7355db,58,Female,130,40,adult
0fdb4b31-c4ff-4604-8ddb-764062bd5406,36,Female,26,27,adult
8e9cd7e8-e3e2-498c-880f-3b0aa9fcbb0b,51,Female,42,86,adult
ac5d92ec-dfc4-4623-838a-84e81f8f3e28,58,Female,53,76,adult
bec26fdd-9c24-4077-aab8-25fe7b857c88,34,Female,114,63,adult
4b50e413-1dfc-4fa2-b3fc-20b55b6691a1,50,Female,114,31,adult
b8ab5524-64bc-44e9-a9cb-5c1c4c6b6210,51,Female,119,31,adult
9324bcbf-b348-480b-9792-35e75878d0df,39,Female,90,86,adult
4f0851cd-0939-4143-a438-1281a61ad089,34,Female,174,2,adult
0ae01421-0037-409a-9a1b-8b102f004f3a,39,Female,164,98,adult
53fb88e7-77ec-4c43-be93-4897b8793a54,52,Female,121,80,adult
df5a7589-2918-4912-92b8-5f1db6d955fc,35,Female,167,95,adult
866a0c4e-8ea4-4387-a39c-6b50a9d65a2f,47,Female,162,18,adult
821b7996-6619-49d9-8ecd-0fc81351670f,43,Female,151,87,adult
5ab91bd9-45ce-4cf3-987f-eb077a05dbec,51,Female,77,87,adult
038882b0-bc85-419a-9733-7224172a65a8,32,Female,172,17,adult
866244fe-3cd8-4ade-90a0-589c8b9620bf,43,Female,121,81,adult
66136e58-fcb9-4ca5-a7d8-2f7b0936fc89,49,Female,160,49,adult
b63668a4-8631-4aa2-b53a-5c98a53c3f50,46,Female,144,29,adult
ed192d77-436f-4a45-9931-52c33cb37012,52,Female,187,12,adult
c14dacb2-3118-4327-a976-f73e08cbab36,42,Female,179,63,adult
087cc663-1e7a-4f94-9dcb-e27489eada64,31,Female,122,18,adult
1d0c256b-16a1-426c-a67c-cabde1402ccd,52,Female,134,11,adult
e04c1fe1-d82a-4125-9307-4c1922aa2759,39,Female,27,80,adult
4bdc8626-bf62-4295-92d1-902f9c789ec9,51,Female,76,53,adult
61daa96c-a4ca-44ae-8531-00f06b04498e,49,Female,150,16,adult
61d75b50-5716-4c64-b419-561c8f175c2c,32,Female,197,74,adult
1989f1df-9b3d-4921-951d-5755ba12da9a,45,Female,21,23,adult
6144236c-4443-4064-b6e3-f3a9c74c8f64,44,Female,31,17,adult
41867179-d651-4f58-a482-288e6b592c83,49,Female,71,92,adult
22a6de91-2a79-4b86-bb55-c085ae081b67,55,Female,52,62,adult
9da52c7c-f732-470f-88e5-db1f517baa50,49,Female,95,4,adult
2558c2b8-aec4-4fdd-bad4-bc7b066e641f,54,Female,191,57,adult
0624e5e4-a00d-49fa-9a1d-36752e84e053,59,Female,144,28,adult
e472554b-b074-44dc-af1b-0f05d9351601,34,Female,171,73,adult
00c8381f-b352-4c84-ad8b-0129e3ac1777,43,Female,196,39,adult
668c7216-268a-443b-b52c-919af81b554e,54,Female,93,93,adult
431617a0-061b-4a90-86d9-2c25241f0a7f,40,Female,22,29,adult
13165245-8b06-468d-8425-c0a60c750f04,45,Female,141,43,adult
50cd06cc-f37a-40b2-b4b8-fa675020d075,54,Female,26,71,adult
3ebd95ac-7a57-4d91-9ff4-c5dbfbcc908c,46,Female,84,52,adult
9050d0a3-ffa5-4923-a5bc-9d72cb87f900,57,Female,125,99,adult
87f21e01-9c4d-4060-9b8a-23a06793f54f,51,Female,168,39,adult
db7a2b77-a4a1-499a-bbd9-0f80a4022fbc,52,Female,97,28,adult
4fcf0824-99a0-4e37-bb10-124baa8e00ea,48,Female,44,62,adult
8ba030dc-5db5-472a-9a18-c877a86c1b7e,56,Female,59,47,adult
7c08eb78-92a3-4500-be49-cbc1340991ff,45,Female,143,2,adult
8ccec6ca-f4f2-414f-b528-0afd76fc5206,41,Female,67,50,adult
cafd8db6-d5ac-4a07-a2f2-820161a12518,31,Female,181,92,adult
9516fec4-5e1b-43dd-b422-a83e183e3e70,38,Female,122,46,adult
e1a74627-f6df-4693-b19d-4bb045993229,48,Female,34,43,adult
ec759c62-5b53-48fa-bd47-47cef9e637d1,54,Female,194,12,adult
c6cf66e2-027d-4b9c-8a6d-d53a05834ef8,36,Female,146,44,adult
0bc10743-e4a2-4796-9e89-d8d14bb581fd,52,Female,173,28,adult
dfc4a4cf-b531-445e-b7af-2264d0718c24,31,Female,173,13,adult
52f70c4d-7f6f-4c52-8c0c-28d1a0818d26,50,Female,92,49,adult
befba32b-2472-4a81-8626-517013e0d4eb,36,Female,102,22,adult
cb61aa3f-c028-4a68-9b4f-bef4abd2c74d,47,Female,22,20,adult
c83f8b93-1d8e-43ef-a3c0-d9ef02ea8a0b,52,Female,93,46,adult
dd090264-f587-4eb7-a1d1-2300b32d5e0d,31,Female,47,52,adult
22301a98-88a3-4e9f-8a5c-adde33ec64ab,44,Female,57,87,adult
848afc75-6698-4b90-95ad-89f896215b18,52,Female,55,27,adult
89b23419-1263-4cf8-adca-45ae8e49d24c,53,Female,22,14,adult
4608f5f6-a8e8-4ada-928d-52762e565b1b,32,Female,133,54,adult
ce12da44-7bf6-45c8-8a76-2c36d6b0a9de,59,Female,174,3,adult
d5f21e7e-c9eb-4ec9-836d-36f29bfdba6a,49,Female,34,77,adult
8476b12d-7fbb-4eec-8342-39f86596cb6b,47,Female,132,11,adult
9f321f62-d747-40e0-84d8-a3fbd0ed4a78,45,Female,149,88,adult
e801fcff-4bee-4e45-a786-07c12c51477e,45,Female,135,100,adult
a29935be-37bc-4adf-9a02-488d6b72cc41,40,Female,85,93,adult
09581637-dfd8-4da8-af8d-abd2163bc730,37,Female,143,94,adult
33b7db56-2d41-4abb-b438-1341d72defb6,48,Female,74,83,adult
6c8cc763-7c56-4aff-a0ca-c7750ac4655c,30,Female,148,58,adult
9f3d0fc7-0616-40c9-b011-1f56841ef918,56,Female,107,48,adult
9759eb10-f465-4042-b71c-29c724ee84ac,59,Female,68,99,adult
10faae24-d3c8-408a-99bd-1e4f2f1465e3,38,Female,119,19,adult
6e030b58-6131-4b36-b041-094e1e653dc7,55,Female,47,71,adult
4736df70-8bd7-4f3f-8813-2249f47804f0,44,Female,155,3,adult
764e8d50-ed3a-40b7-8b58-0bd2882a97ec,47,Female,82,93,adult
0a5d932a-a194-4ce3-99f3-9ea5964d48e0,30,Female,62,25,adult
95c2965c-d24d-4146-98bc-993ddb8bf0e5,59,Female,46,1,adult
24582f8d-afe8-4e00-8ce0-595eccb6a6a8,55,Female,158,29,adult
1a88d4f9-dea5-4497-a693-0f0a819b8bc2,58,Female,179,93,adult
039a9d3c-fa0b-42fc-82fb-b94fc7acd326,50,Female,187,76,adult
43cb0f79-49d3-4b80-a94b-a39226efe727,38,Female,175,68,adult
56f4e797-1830-4ba5-81a6-a9905859622b,58,Female,194,53,adult
af5fe2f8-41b5-4a30-bc2c-9f5246ca0e6a,50,Female,148,73,adult
bc2764c2-e654-4a86-9f0e-d1782fd86b30,30,Female,42,46,adult
f27f396b-4f93-4f0f-9b56-9260854cbc63,55,Female,120,80,adult
2777c9e4-1a10-4977-9200-955e5bd5a738,51,Female,163,16,adult
e44d6380-06a0-4753-8872-9911cd46112c,55,Female,175,63,adult
a2afcc0a-e2ac-4926-98cc-d4250760eaba,31,Female,122,43,adult
e2b50d76-e5d4-4ea0-a85e-0648ac990029,57,Female,38,2,adult
d3c06bd8-d043-4658-bd65-1f128f002aa0,46,Female,81,46,adult
cf01dbbc-2b3a-446b-8c35-074565b27c0a,48,Female,48,39,adult
700b55ff-d259-447b-afe1-b0ce6d7810cb,38,Female,33,6,adult
bbfc56ab-2183-462e-963f-45a0cc7077cd,46,Female,166,56,adult
6c968fc6-589e-4a76-9bcd-9a8d10bc41a4,41,Female,72,5,adult
b61cdb7b-d9a7-453e-9599-dc1d5979d76c,54,Female,117,24,adult
ef9b172e-eeb6-456c-9cf7-f7d5c8389047,33,Female,120,71,adult
b3ac8163-1988-4beb-a5f7-ad95409b39d4,48,Female,103,18,adult
e964f891-027c-4f82-a5c9-73ef60d5f8d2,43,Female,160,71,adult
6adce0c4-e433-4348-89f5-95b3c066f332,39,Female,34,65,adult
e711bd57-d2dc-463b-82d3-05c5af872079,31,Female,45,89,adult
7bcbd27d-b7f7-4445-ab9a-112972b858d5,43,Female,117,10,adult
a3e6b228-b483-4bb0-9b1d-c7370915ee6e,56,Female,121,64,adult
384c4e9e-fa4b-40ac-8888-136d06628cae,59,Female,134,56,adult
064d4672-8762-49ee-b21f-8e5bbc73566c,50,Female,34,76,adult
cc79f52d-e532-43db-b59a-a76e1742ffb2,35,Female,99,41,adult
628e4689-bd69-4d0b-98c6-1202b13ba7e7,50,Female,95,68,adult
f0b9c955-5899-4ddd-bcb1-ef5f0eee4998,41,Female,84,21,adult
0730669c-0188-4fbd-b5ce-e4c8204ac239,50,Female,109,4,adult
cb0778d7-2794-4630-90ab-6457c6496895,40,Female,107,85,adult
5838ba88-5996-4664-a5a5-4081233c3953,44,Female,196,89,adult
180228ba-1c23-484c-a4f4-a69603526a8d,59,Female,158,66,adult
0b1d78c2-e0ca-4643-bf3c-6b69e3a72633,46,Female,55,22,adult
bf191795-dfd4-48fa-93c1-4fc445df0fdd,58,Female,94,42,adult
2cf4d427-ea30-4aaa-99b8-83c6d44f92ed,49,Female,91,39,adult
a478c650-77d2-4eea-9765-231d06626b7c,48,Female,182,85,adult
e1eeb357-7592-420b-863d-8d61209f4b2d,30,Female,135,29,adult
a50e4340-fc29-4f29-8a21-383526de6340,54,Female,57,99,adult
e3095017-5c0a-4bc0-bba0-19b41a1af2f2,51,Female,107,97,adult
418d4232-db2c-4921-96af-2ac005e0da2b,54,Female,146,81,adult
ec51738c-f173-4d5e-b95e-41945b80433c,36,Female,130,59,adult
74ea0029-b99e-40fa-8632-f3f29b0a3d75,57,Female,105,89,adult
a71b615b-f5ae-4489-aae3-8b254726c86a,56,Female,150,58,adult
c2f1cb7e-29ba-4f2e-9906-a2dae8e7614a,47,Female,169,34,adult
8eee0677-2b87-4549-b2ba-6147a4bd307c,43,Female,50,7,adult
cde8e919-6bd9-4651-b0e5-82b017d3f771,42,Female,41,39,adult
1b22a98f-f1d8-4851-9c03-b806465b2eb9,48,Female,145,89,adult
4b1d0dbe-ae10-48ce-a889-8754b83461bc,41,Female,139,65,adult
268efe9a-de99-450e-8c00-80544f323790,54,Female,66,37,adult
bf7fd5a4-d60a-4672-9372-9b23ce508c2b,45,Female,72,84,adult
c0fc1871-898b-4bc5-9380-7a6c2fd2f6e3,44,Female,40,98,adult
bcd73617-d05d-4f39-977f-776fd7ecaa73,51,Female,177,83,adult
1a1d25d3-9cc5-4fb6-88aa-5689d36f0c0a,43,Female,124,27,adult
b10a8f06-614c-40e7-891e-02f64d094031,42,Female,91,79,adult
f13a7e54-8def-46eb-b867-665d646d7fbd,53,Female,27,100,adult
6f394252-a30b-48e2-a3da-ab4ddfd61e24,39,Female,189,23,adult
4349a405-9d8b-48d1-be77-cf390b66f2b6,42,Female,31,82,adult
82b60aa4-a682-4a04-9cb8-7d6794ae1969,38,Female,192,99,adult
a250d8d3-6096-4c96-ae24-b6a18921f9fa,37,Female,170,37,adult
395efc0e-4d1a-4f4a-ad66-8d9beb3939c0,30,Female,193,14,adult
0dc4abb6-a485-4444-880c-424d4ccfc112,31,Female,58,97,adult
be662e8d-50ab-4b0e-9993-a4c66554fe23,41,Female,76,30,adult
1816fa16-ad9c-4b72-8c20-5c18627dc706,38,Female,168,89,adult
db533dae-3ee9-49b3-bcf4-0cfd6f21e084,45,Female,138,74,adult
6e97d4dc-ffbd-480b-9f6a-f783b2da4450,42,Female,58,36,adult
1a8cebc7-f1b5-4e91-bb1b-abbe1d52be2a,42,Female,168,29,adult
c6fbdee5-3552-4acc-8b5b-0b1e8777b5d4,41,Female,30,43,adult
b39166d2-5f64-457b-9767-2b5088015d46,31,Female,168,61,adult
7f374664-be17-4c1c-b174-a1a20cc7f228,36,Female,172,80,adult
75a20293-e3f4-4c4c-add0-d372aa0fcc12,44,Female,149,98,adult
52e9f00c-2679-4a26-ad41-23625fbe4467,47,Female,142,73,adult
c9447e76-d013-44b8-8f1f-7a7ac5788629,51,Female,89,60,adult
6601aa3d-ce9d-45da-b866-3706be4d50a4,46,Female,22,84,adult
03d45c5b-a991-49b4-a111-7be49a5d718c,40,Female,57,93,adult
544ac404-b1f1-40b1-92b8-c9d09a018103,32,Female,148,2,adult
cc3c8fac-8866-404c-914a-55467f17e75b,42,Female,72,86,adult
c834b363-f776-4e2c-b080-7316159ae7f2,45,Female,104,25,adult
40b0b8f7-aee3-4323-b4e3-4cb49a1d1ca9,55,Female,155,27,adult
16eace75-fb9c-4910-b64d-df787df44abd,32,Female,74,69,adult
74695b24-87d0-4092-9152-1669f606412d,39,Female,135,53,adult
cc8a6caf-b191-4cd8-92ff-a11f6a3df7cf,41,Female,83,11,adult
44b2e63a-e60d-4c67-a45a-7c36140c479f,49,Female,200,13,adult
ce42aa3a-3a8d-4cae-b8e5-95f3a10c2333,30,Female,176,93,adult
77c4812e-2dda-41fa-81ef-2e148e25c490,32,Female,20,58,adult
7b715614-c799-4ce0-9ac2-f9872fa3a085,47,Female,150,31,adult
06c7b268-8656-47c6-af00-2ad82f4f3035,30,Female,126,16,adult
92895176-2cf2-4ee6-8060-8b58f1f67974,38,Female,34,75,adult
1b53356b-1156-4a66-94be-59e3d688c0f7,32,Female,111,67,adult
9b538a99-7d33-4967-bebb-a813b7178b8b,43,Female,156,38,adult
8bd8bb30-1933-473b-a560-0315f505d9ec,31,Female,151,91,adult
839e6818-fb9f-493a-9a0c-9fe64644546d,39,Female,186,27,adult
1c2bed3a-4a35-4b64-b599-0bde98a2e052,30,Female,179,67,adult
1530794f-52db-443c-8488-26c7dcf4f864,54,Female,68,17,adult
ca5bbb88-574c-4a47-b8d5-992dd6c4b4f2,49,Female,94,66,adult
ccae417d-8e38-492f-941d-4ed0ee2d1eda,59,Female,34,24,adult
d627dd2e-1c6f-4f5d-8478-47e550b17065,38,Female,24,2,adult
28b579a4-fb91-4a1b-9e29-83e44b79701f,49,Female,25,61,adult
9b44a887-3c91-47da-9a57-6e9288511bfc,40,Female,52,39,adult
444f5a57-fab2-42a8-8243-ea926937e934,48,Female,38,97,adult
c9188c48-1375-4119-ae64-1246c6895d0b,34,Female,25,8,adult
c6bc06b6-c3dd-4daf-8af7-e8fdd01b8a4d,37,Female,194,88,adult
ce0d4cf4-4086-4b01-b27c-90e5c0722097,52,Female,141,53,adult
b5bbbdba-61e8-4bb3-9251-d3799039654d,59,Female,135,20,adult
81ed8d91-836a-4799-abbd-0aec9de55b1b,49,Female,37,68,adult
a93de2af-2f3d-4cd8-87e9-58a3d9fc8c1c,53,Female,181,29,adult
d0e0a084-27f3-46bf-be19-aa88eb7bcf7b,47,Female,91,29,adult
d8a2652a-18ad-47d3-bd16-f803c55b3d0c,53,Female,182,57,adult
7147817b-8d9f-46e1-84eb-e2e2aa930080,49,Female,93,20,adult
dbf86334-3795-48f1-8b8d-ecec48cc93f7,49,Female,106,88,adult
02de202b-2461-4a7e-9563-ec19bcdc4bd9,51,Female,94,85,adult
f793b12f-6d97-483e-aadf-b73f062b7810,44,Female,165,18,adult
c46641ed-709b-4f72-9cc4-a52c1ee30cd4,36,Female,51,28,adult
77829a82-8b5d-424d-b60e-b627d80a560d,46,Female,49,2,adult
517dc2dd-c268-4550-b164-4981f39334e5,56,Female,81,96,adult
02ae5fcd-ddb6-4a9e-962f-b0903bfb3e09,51,Female,55,15,adult
648b946e-b090-4e10-8e73-9c77badcbc4d,42,Female,78,70,adult
00629720-efa7-4211-b911-cfa291819495,54,Female,167,3,adult
d24483e7-6726-48e5-8d35-9f52d5e3bbfb,33,Female,114,90,adult
0ed26fcc-3308-4c36-a998-3bbd4c536a91,49,Female,147,58,adult
1f2e9bd8-12d2-42c2-87fe-3fd331529574,33,Female,110,71,adult
fa341590-5beb-448c-85ba-4eb68fe5c22e,35,Female,190,48,adult
0ec09495-427a-4a8d-94ef-ea6d64bb601e,41,Female,162,25,adult
d2278fee-7d8c-42ad-a194-07303aecd0fb,34,Female,147,17,adult
a777d788-b776-4e6d-919f-848a42fc8c93,39,Female,176,73,adult
785f64c5-081c-413d-a88f-4d16dbd89ad6,49,Female,104,4,adult
691bf67d-6e7b-4677-97b6-855082714326,32,Female,99,95,adult
c5def11d-d993-406e-8d49-a391ced7a5f3,52,Female,197,97,adult
b895ad8d-07fa-4664-b3f4-b6c0aa13571d,50,Female,46,88,adult
75e800b9-4400-41f5-9e77-46b990d1195e,59,Female,70,72,adult
059d3930-0847-411a-9070-5b0225a99150,35,Female,168,12,adult
4d3d8e3f-33ee-4288-b3d6-cfecd1c6dd85,54,Female,193,81,adult
1bc9c140-274b-4c76-9d3c-60a79a880c0e,48,Female,169,10,adult
2164381a-459c-4ab7-91fc-eb963f6d6a55,56,Female,190,87,adult
5bb952f8-f214-4f43-986f-9e18759b2b3b,46,Female,75,16,adult
8fa9b628-9905-43cf-8a4d-a97f4590b6b8,33,Female,156,17,adult
3b6ba990-f9a0-4d34-9ae7-af452e4ce966,56,Female,34,84,adult
5cbdee1a-7b09-46ea-995d-ebf104eb45df,30,Female,85,68,adult
0eba653c-fc35-4b0b-9ee0-47f68b9070a7,39,Female,175,16,adult
9979c7c6-b69f-4b06-9518-93f51a5ac4c4,33,Female,171,40,adult
edd33788-2680-473a-8a17-b1af24e39cf8,56,Female,28,67,adult
cc3abe3c-457a-48cc-8ffa-bb34331e6135,59,Female,175,98,adult
96971f6b-dc8f-4f45-bf8e-83f23c9b6801,40,Female,183,87,adult
907ff8b9-be29-4c7f-966c-8dea091a468c,36,Female,186,79,adult
da9ab452-5b81-4a9a-8ba4-245065df03e9,48,Female,157,3,adult
55de1e77-7323-4e5e-9da6-9f3f0a4c06db,55,Female,94,62,adult
8b018443-5d42-4fff-b696-9858fbbc1544,38,Female,148,85,adult
db3a8fe9-c5ef-4609-92ac-cd809bf873ab,59,Female,78,45,adult
68f561bb-80c1-4dfa-a7e7-bc3bf7dde775,40,Female,22,3,adult
0745ca7b-3731-4c6f-9663-5bb0a7821ae3,32,Female,50,45,adult
a1176f84-3a0b-4e80-a378-d3c7780d5ad4,38,Female,130,25,adult
b8081c0a-46ac-491e-a227-baa8ff1c4253,44,Female,44,57,adult
0d842655-ebea-49d1-8510-f833b3152f0f,44,Female,28,100,adult
996d1f47-b697-443d-bf85-80d6d5b2b353,36,Female,104,40,adult
f976cbb2-e9b4-4df2-adbd-94ffc793c539,59,Female,172,92,adult
384dd2ce-91a8-457e-83e3-2bdae68661e8,32,Female,184,96,adult
b5552921-ac43-4432-95b8-0feb97048495,56,Female,187,76,adult
d9f52c30-b4a1-40b6-9759-68463ddb7ece,32,Female,63,76,adult
0863a732-94ef-495e-acc0-32ebe3d7e5bc,37,Female,151,78,adult
a197a98b-08a3-4947-a9ef-28ca375d984d,58,Female,170,3,adult
28b427aa-5d16-42ea-9984-800d9134d994,45,Female,32,87,adult
6c8faad9-6f5c-4dac-ba74-9dbc7848b620,57,Female,39,50,adult
589d73d5-272b-4338-aa99-93391baeb4eb,48,Female,87,34,adult
17bf3ff6-7a34-4f7c-9d23-156e51284068,47,Female,199,29,adult
99781e03-6316-439d-94cd-c300b63344b5,37,Female,177,47,adult
4731df6b-5f9c-43c1-815f-b9c46de0f8e5,38,Female,56,46,adult
3c1acb37-9ce8-4c6d-aeca-fa571cbd5b75,54,Female,120,33,adult
b18ed7a1-3ca3-4a11-aa6a-8f3ffd97a53b,50,Female,94,100,adult
3d11a946-e5da-417e-ab13-f2ffdaead63f,35,Female,131,25,adult
d9f13fb5-8c96-4248-808c-888fe0795d41,44,Female,90,3,adult
ae636a5a-2d45-426b-aef3-10ab11ef19a0,56,Female,54,66,adult
90a3df2d-c7a0-4cb9-a980-9907900e209f,56,Female,148,74,adult
7a5aed2e-ec20-4b02-ae29-01f716da5997,49,Female,46,84,adult
bb908516-007a-4bee-8ab2-00595f4a99d8,54,Female,84,5,adult
31c89da1-9167-4fb1-bf00-4db164e0df69,58,Female,76,50,adult
52c559bf-3742-485e-90cb-0989095a1684,32,Female,119,65,adult
a2e50257-817d-485f-ac26-3620439aca59,53,Female,179,68,adult
f9e6f440-5cee-4a1d-b268-e38665f02b71,49,Female,42,76,adult
e5ad35d8-d82c-4e4a-b084-3e16383d34fb,33,Female,24,62,adult
b0db9bb1-19b9-43b0-8268-578bd3a5e388,50,Female,90,78,adult
0c488473-d36d-4e2e-9d33-97106ae15240,53,Female,161,66,adult
76b4a421-1d63-4488-bcdf-ba284df7832f,53,Female,40,19,adult
636734ac-c036-4f03-b644-a3b85aa2fc94,59,Female,155,71,adult
dfef836c-4f1b-4f6e-b292-89da3770b625,58,Female,51,21,adult
d0e06fb6-6f54-465c-946d-6c114dc9d4e2,44,Female,160,1,adult
43e1277e-ee9b-49f9-910d-4fc033e25f14,46,Female,194,51,adult
8962a46d-0cfd-4e42-8ebb-52ca111e412d,59,Female,40,70,adult
aa05fe7c-3abe-4857-8169-77bda154c329,42,Female,64,40,adult
358dda36-4413-40f0-81b6-0eba72f241d1,53,Female,172,43,adult
3f64b72c-ee4e-4c66-b078-6602eb408626,34,Female,27,62,adult
76b89c78-32db-4370-a282-0ce20315846d,53,Female,22,86,adult
26c873da-92b9-49a4-85e6-0802eeb3a81e,59,Female,169,58,adult
69179678-32dc-467f-b2ae-5fa5b6ff2fe5,56,Female,45,1,adult
0684d6b7-edab-44c2-abbc-96a7c404bfa4,30,Female,72,73,adult
f04f3b09-f653-4e91-8e83-b73ddd001f73,56,Female,35,47,adult
453fe9b7-fef2-4c70-924e-a2203dab5219,59,Female,87,3,adult
a17e3555-6409-4dfb-b780-21566361eeed,33,Female,108,47,adult
7f78b8bd-03a0-4e22-b2b5-c24af95dcd47,34,Female,79,48,adult
a4302ea6-a0a5-41b2-ab94-4b05ebdb4144,33,Female,166,51,adult
92c52c2a-9955-440e-bbce-e94abea9769d,35,Female,147,36,adult
b5816584-c899-408a-8df4-cbe3b065512c,43,Female,39,12,adult
1dc66b39-06e5-4f3b-9800-50645fa01618,59,Female,125,44,adult
dc6ade63-5fbd-47b6-888c-b681c848cb6a,31,Female,67,96,adult
0c3ab54f-67e7-43d7-a182-f031424e7e86,44,Female,89,96,adult
40271854-dcb2-43f9-bd99-243205f2343e,48,Female,75,66,adult
39020fc2-6c71-4301-a6a8-e10cc15bad6f,42,Female,111,86,adult
c772b69c-5f89-44a6-b4d8-3d27398c726b,35,Female,164,93,adult
620fb430-e1b5-4afc-800e-1649c5685e3b,46,Female,119,43,adult
c4788c75-15bc-47db-a0f1-50d11b666288,44,Female,173,28,adult
32456c63-b91b-4885-9675-0ef27f66e196,58,Female,105,15,adult
918023c0-b82d-4128-a49a-34a987854718,49,Female,33,87,adult
c5b421e3-49ac-4932-b6fd-f7d67cba56e0,41,Female,58,40,adult
8719cf8d-a641-4853-b0a8-b5f58b21ef7f,39,Female,67,24,adult
4c093d3c-3fab-47d7-af7d-5a5cd64619bc,52,Female,133,57,adult
9adaa877-a32a-47b6-8dd6-462de91cd67f,47,Female,95,66,adult
619b626d-f384-47d9-83c0-ea99a0034783,40,Female,167,33,adult
9f5083b9-4c6b-4100-94b0-26cf118917e5,46,Female,193,12,adult
dcfef40b-cc76-4e1b-bed8-78d1cea8ffe2,54,Female,77,9,adult
25884107-d990-49e8-9f1f-720705ea49bf,36,Female,34,52,adult
19577535-f8d3-45c7-a91b-e4ffe784c0f8,53,Female,37,19,adult
47667169-3e66-44cd-b0ab-50dd5cf3a851,32,Female,101,59,adult
7b1dc171-c3fe-4828-9abd-57bf1c7772ab,43,Female,41,5,adult
ad922932-3727-465a-8943-a179bf960408,35,Female,71,15,adult
df2c18d1-7eeb-4d64-8f3a-3f118a33a3ae,36,Female,24,13,adult
ab043783-2e76-4ad8-89ec-442250b68b71,51,Female,163,64,adult
fabdde92-b82a-440b-8db5-a40c7bf457fc,37,Female,176,53,adult
6ce8ff7c-fbfc-4c7a-946e-66965e9acf5e,48,Female,36,22,adult
0638d96d-441e-49b8-976c-6d49a13a8692,37,Female,104,98,adult
bfbe9dca-68a6-46ac-aeba-ac105b129c92,58,Female,121,49,adult
e5a5d3d8-3d15-4c36-a12b-f675a1a1f105,59,Female,127,30,adult
50f28b2e-1a71-4c6d-af23-9ccedc1052bd,37,Female,135,16,adult
421e5a53-ac42-44a3-9178-6b3909870f0b,41,Female,78,10,adult
b3146b58-b611-42d8-8101-386be588b072,35,Female,37,72,adult
dbf8f4de-c766-4676-996e-166607068c8b,57,Female,187,56,adult
1e80ffe4-18bf-4217-bdc8-ce0ac657c9dd,57,Female,165,71,adult
1574c6f6-c976-4956-a193-ba317a932f85,54,Female,56,94,adult
81a16720-019a-4bc7-91c4-1e04e69d81d5,39,Female,103,26,adult
3b90ccc6-41fe-4b3c-baa2-14cb77e6b766,44,Female,141,1,adult
23420ff4-2179-4ce8-95ef-88be670fdc52,55,Female,183,68,adult
b042ff7e-a78b-4fd5-8c57-1f7b8e181342,31,Female,150,48,adult
aa2c0a99-182e-4d43-be56-686b9774e6be,43,Female,148,1,adult
b87f131f-c890-4d0b-a6d5-dc29ff6788b3,48,Female,194,64,adult
f58a8501-85b2-434a-ac00-91fbd94cd3ee,56,Female,71,81,adult
8e4131b4-0137-42f6-99a6-a2b764cc5468,56,Female,100,23,adult
2ae6f35c-5a61-4afb-ba86-461130264533,42,Female,82,8,adult
319a3bb8-d79c-43ec-b247-1f86247866d8,55,Female,154,62,adult
64ac5c95-ecd2-4ad0-a961-4176c6ade783,46,Female,190,15,adult
009be2c8-e954-499c-ad81-876e8ff1f0a9,33,Female,93,49,adult
94b7baaf-7f68-4ad5-aa87-e3e53937f64d,58,Female,137,1,adult
0edfe95a-f494-4d23-ab56-8734364e9c6e,42,Female,33,36,adult
1502e6cf-ca22-4cfd-851b-263d0e37f01e,46,Female,38,88,adult
1337f109-7c78-4f4b-a3b1-4258c7c75de2,54,Female,120,56,adult
5d266b6f-825a-40cb-9ad9-abc7f3d9fd80,31,Female,101,46,adult
8f7b2463-1e8a-4da3-8100-887446c99d7c,52,Female,29,76,adult
bcf51ce9-092e-44f5-bd6e-64f8d78df15c,58,Female,21,42,adult
8e9e8dbb-cdf9-442f-a306-c77d5b076948,50,Female,73,21,adult
08bb34a2-6fe7-4aad-8613-260dd9cac1d8,40,Female,146,59,adult
a504a82b-c510-4e49-a2fe-3f0a2370fb72,38,Female,43,52,adult
00b1aa58-9146-4933-ba4f-537986e093e5,35,Female,150,33,adult
d1cc407e-7db3-49ab-8939-96f815580f50,34,Female,119,57,adult
d65dab70-62a9-4ca4-9512-d86eefb84db3,31,Female,128,47,adult
995d76ee-2d6f-4c39-8e3d-fd4a7b00aa67,42,Female,135,65,adult
b1e523e5-52b3-4baf-bac6-0d493bbca266,42,Female,54,26,adult
b1ee34bc-5d23-480d-a125-f77e6a7a4e7a,35,Female,182,87,adult
fb1efc7d-012d-424c-bc7a-870e9214294f,46,Female,44,52,adult
59e03e56-016b-48e0-b737-a179280820ce,42,Female,176,15,adult
d945dfa0-1e38-45da-8462-9c9e09afb55b,56,Female,62,91,adult
58f37526-a933-4a5b-b3d6-bd6055ae786b,35,Female,56,13,adult
d069a23e-1382-48d2-a456-c5cec8c84905,49,Female,134,74,adult
650f5ac9-f970-4df0-8497-a7099f440015,55,Female,38,66,adult
c7fdf0fa-dbee-42da-8934-1d0fcc7b4109,45,Female,89,62,adult
3068079b-cc2a-402e-8bbc-01bcce16f096,54,Female,42,86,adult
7ef3c872-c3fc-430d-8e48-415495f39542,40,Female,27,18,adult
88073b75-d22a-4898-a0cf-3ccafeb2c62e,30,Female,162,11,adult
1c6ed150-f47f-4095-8cdb-c8b652ee0e6e,43,Female,93,54,adult
03b9392a-e62a-49cd-972d-60293127bd7f,46,Female,133,49,adult
743a32dc-472e-4f1a-99b1-e80c750252d2,52,Female,45,16,adult
ba727ce1-6789-4167-a933-8537688df6a7,30,Female,174,68,adult
42d4d26f-112a-4ab1-950a-68f1878b9bd2,32,Female,74,17,adult
4b1aee6f-fd3a-42e2-abed-f34ff8df9f0e,41,Female,138,81,adult
7f52884c-a4ab-4eec-b4f5-2c74db23b4d3,39,Female,104,100,adult
e53ffe14-5c56-443d-a961-102079dc37e0,34,Female,46,42,adult
a3c3998d-12a6-4748-b0bf-d499476298ef,34,Female,33,54,adult
9c7c5bad-22cb-46c2-8b4d-4936c9364267,54,Female,40,32,adult
c23215da-511b-4c28-a058-e7fc2b119532,50,Female,130,19,adult
18a87057-2696-4d04-89b3-516d1deccfa4,48,Female,61,69,adult
ac88779f-fce5-40da-934c-26528340088e,39,Female,140,38,adult
47d9c71a-a09e-4ca0-be60-4f2e0908ea74,45,Female,131,99,adult
8255ab1e-ffb4-4bbd-906a-9f024cd0e0cd,57,Female,126,4,adult
8f9541e5-2df4-4071-b6a9-294ed025dcc8,37,Female,79,25,adult
1398181a-71cb-44a4-9897-c55beabb8b86,47,Female,72,78,adult
733534d0-9b9e-4e18-8688-bbc55284df67,35,Female,192,75,adult
e7d229a6-6f39-4bd7-9b6a-9cc283d7f14f,47,Female,173,85,adult
66d0727a-2fee-441d-9f98-c4707f71c433,43,Female,110,59,adult
67a2a5c5-773f-4953-b42f-1f839cb00e93,52,Female,125,79,adult
83efb719-eb9a-44cd-b3b6-66b7eb2804e2,37,Female,82,95,adult
789a6855-3861-466b-8130-151d93725b04,37,Female,119,51,adult
a2d18956-0099-4dde-b951-7b6d14ef946e,39,Female,177,24,adult
7fb19034-036f-4416-b6db-99798c8e10bc,50,Female,79,81,adult
c756f62d-b347-4ee1-9734-ea76803de179,48,Female,68,85,adult
3b2861a3-4adf-4e21-a927-8a3a55414569,40,Female,101,90,adult
208b3f7a-6b04-4e2d-b63b-4dbf983d6d16,56,Female,196,88,adult
9e5e4387-f17b-43c0-ada1-2a18ced1c67b,38,Female,174,55,adult
d0fe5255-13b0-4864-a932-6588d62c8983,52,Female,121,5,adult
22111fed-0d83-4d6c-a9d1-59087d431226,46,Female,42,59,adult
54b57178-2c8b-4f1d-af49-2c4fb2eb9897,48,Female,50,18,adult
dea098ca-e68b-4379-9eea-14f15df267de,42,Female,158,54,adult
2e34d16a-9283-43b3-be47-1e5d9d7a8c5b,30,Female,96,27,adult
6cba917c-2a05-47ca-9573-b18cd31cc920,42,Female,118,36,adult
a7058e68-47c1-49db-bb86-75e9dee4bd41,32,Female,111,35,adult
4869d0c6-ce29-4ed4-834f-f91057acdc24,46,Female,106,34,adult
ee51c591-bf9b-49b6-baec-417712fa4af1,30,Female,35,67,adult
2486ea28-85d0-46c0-b87e-7dcf0273701f,34,Female,189,49,adult
1cdd0af8-1969-4869-995c-31f9951ad500,31,Female,174,14,adult
0b328212-d728-4bbf-8390-0866ee378d88,45,Female,59,59,adult
eccaea10-efe5-476e-a839-fed9cfd817c0,55,Female,50,97,adult
e0662f73-520d-4625-8d6d-74764dcdf458,43,Female,30,1,adult
871f506b-a649-4a9c-bc88-f16a923a6d36,37,Female,182,68,adult
4a3287d0-c6cf-449b-b4fe-f12a1d1f982a,42,Female,24,63,adult
d0bf1051-b245-45bf-95ef-64655d936f6a,51,Female,195,56,adult
f5194f8c-0166-4d16-acfb-2eb007cca7d9,33,Female,27,50,adult
eb6cd96c-559c-4996-a69e-4366dfc24d3a,33,Female,129,63,adult
634ea111-e8e7-4ca4-9541-9c7e124f79e0,55,Female,154,8,adult
538a18e6-101e-4b04-b579-d8e17ab144cb,58,Female,182,50,adult
bc784f19-7037-4d90-8c30-ff32eb6a801c,30,Female,139,82,adult
145462dc-c23b-49bd-9872-82443fcd580a,30,Female,118,1,adult
2c31afab-168d-4206-9f2b-b83a7a991eef,54,Female,161,43,adult
15947449-c3f7-4b65-9a2a-e62ae919b88b,43,Female,98,62,adult
bc10ccba-6ebf-4b1e-a9c6-211dd2076b04,51,Female,154,58,adult
41d45685-db98-44d6-bcc2-41fe3e7fdaae,35,Female,152,84,adult
0d8db1ce-5b85-42e3-9e7a-fee09049dc29,41,Female,24,62,adult
c2e05918-ee21-40ee-b6ac-7f82cb8b9991,59,Female,194,34,adult
7fad03a4-8d4e-4b2a-8410-d3fb14dd679d,58,Female,136,89,adult
912590eb-fbdb-4b1e-89f9-95c100e3c566,47,Female,167,21,adult
bc8e7c4e-79a9-4b43-816b-f2ebe4681f6e,42,Female,175,60,adult
4722fc6b-f276-4a7d-82b2-79294fdb8371,41,Female,26,79,adult
3a0468ef-7cb1-4cc6-ade4-ec479cdeb630,37,Female,50,64,adult
816a5be2-001a-42a3-b007-b58fc50c53d5,49,Female,147,5,adult
becbf349-f229-4e65-b772-af106f046240,36,Female,57,99,adult
8781a98f-7fdc-4fa9-b784-2d12adc3c549,48,Female,32,55,adult
346cde44-c578-4fc7-a348-9a16b9b86aef,38,Female,137,45,adult
f42923f5-ecb6-456b-8255-c71243a76614,55,Female,125,11,adult
28c7c7a3-1890-4dbb-9b71-aeb9717b0ce8,50,Female,45,29,adult
768f2f41-04dc-4396-bca6-cf2854c67e03,30,Female,130,62,adult
19d1fe17-1eb2-4e2e-b289-17bc18ed021e,52,Female,147,79,adult
ea74f213-1709-49ba-bf00-9da9275e9ee8,30,Female,61,76,adult
787e4d1a-9713-4209-89eb-36d3c160e30b,57,Female,25,35,adult
5355dac1-2943-4806-9220-30ad21708b27,44,Female,93,49,adult
f8808be9-da04-4383-aaef-78bc060a5127,53,Female,88,76,adult
903678d5-c1cc-4727-be1b-d34e9945be78,36,Female,44,78,adult
06120b5c-2d05-4c8c-bdf5-b9355454766f,48,Female,75,100,adult
e940a81a-1392-4834-a0cb-ece35bb10415,50,Female,21,3,adult
7318f6f9-ed74-467b-ade0-14174cdd7516,39,Female,40,4,adult
9a5bc84c-109b-48b6-9c1d-a6681a8afa49,55,Female,177,91,adult
d71775c1-2c0c-471b-9f50-20f0cf93eebd,45,Female,154,31,adult
b1c48e7f-0801-4c02-97e8-e59c90c61d42,50,Female,39,34,adult
c256afc6-ee70-46e1-97a8-f151c49e095b,48,Female,168,27,adult
b9cd1566-6f25-4ce5-b2a5-13b749874396,48,Female,112,61,adult
03efa63e-b563-47f3-a66a-92421d4699b2,46,Female,93,20,adult
2da725fc-cf64-4fa5-a736-d02b8ac0fede,59,Female,43,40,adult
9443f607-7cfb-4ad6-97f0-12688ee18c74,39,Female,169,82,adult
848aa0a5-8eb5-47c0-a100-443bacbf9f65,31,Female,185,19,adult
ea9e1395-318f-4939-b199-816abbbe657f,37,Female,160,93,adult
7fe634ca-5a64-4e28-b330-0a12200648d2,44,Female,113,28,adult
4296c56f-eef6-4a22-966c-e6b490ab0c77,54,Female,134,57,adult
d4a3c818-8565-4332-aa94-5f8bd9409116,48,Female,123,41,adult
fb443ce0-6e0d-4207-bb8e-e7236ab2906b,31,Female,28,60,adult
7cd2e48d-d77e-41c5-a440-367e859aa49d,37,Female,145,26,adult
f546af4d-5823-4681-9c1e-08425c02adcc,56,Female,97,83,adult
fa3b095b-5691-460d-9ee8-b1ecba4f61e7,43,Female,140,77,adult
d7a38726-1e11-41dd-b36d-b285b2646ed3,57,Female,155,73,adult
47c918db-18ec-4e36-9091-5660b17d0e57,58,Female,135,88,adult
5f5883ef-f978-4566-ae7e-0a22bf659ebd,44,Female,186,23,adult
fcbc1a44-9279-4162-a052-a7c486176fec,44,Female,58,14,adult
66ba7666-f4a6-41e1-b339-2eda69e98009,44,Female,180,88,adult
798b309c-162f-485d-90e9-9c321fbde6cb,30,Female,57,23,adult
615a71c6-fca5-4ff0-9876-663f296cf257,53,Female,34,91,adult
7e04bbaa-9880-4c50-9f62-fd604e018b95,51,Female,171,94,adult
fe456c2c-fbf0-4864-8c07-201a4306d089,38,Female,123,54,adult
10ad9263-9836-44d1-aae5-e5ce08d5b132,36,Female,77,51,adult
b511f61a-30aa-4d3b-9328-f411f5f23419,57,Female,179,70,adult
9d154e6e-4e51-445a-a22c-153cefe6730f,35,Female,105,92,adult
1f336e6d-ec44-49cb-b625-7c309bac465a,37,Female,144,12,adult
fd9449ee-4ae7-4f28-bfc7-d3613773dfd4,40,Female,179,58,adult
dd6b15b8-2207-4c0e-b7fa-56004fdf5e2c,34,Female,82,53,adult
15658209-050f-4b56-92cb-3d69f4bb503e,43,Female,159,93,adult
8a50c928-7487-4ffd-80e6-292576e76e60,45,Female,84,49,adult
d6ef6bec-4969-430e-9a3c-3a82269e01df,41,Female,141,75,adult
e93ae0ed-1ba3-4e80-9282-faa36320d745,41,Female,165,75,adult
26e5a6af-c5ce-4cec-a921-5701d6434304,38,Female,67,85,adult
8c35841f-5019-4a9e-b5a3-8c133dad84d2,44,Female,113,58,adult
d35337b5-989c-48f3-b23d-091cda14dcdc,56,Female,38,55,adult
7a62bb53-6104-4372-b7ec-6d75fc7f0f6c,48,Female,170,52,adult
a573b956-7dcf-4e82-bdfb-b27f5530da9b,43,Female,77,81,adult
b548b570-94b1-49ca-a5f4-2da59e90948e,58,Female,156,64,adult
116883a5-4624-4d09-a475-e66aa2e56348,45,Female,139,85,adult
7088f7e8-01c3-42d5-8a73-ec9bb0b480fd,50,Female,44,26,adult
e55820a2-effe-4597-acdc-37c7197c2e9b,44,Female,189,77,adult
74323829-2916-446b-85f2-2bc1850125ae,34,Female,76,21,adult
18f067ec-11a8-4159-b660-47600da57c43,38,Female,190,40,adult
0a586b53-46a5-48e0-b8ed-87eeb510d6da,40,Female,132,91,adult
fe366ec3-cc7e-4c78-9b20-02015f7fa9d7,42,Female,172,20,adult
b4e54961-eb13-4c9c-8c84-dcf68964b52d,53,Female,106,43,adult
1d8ea9f4-ca04-4734-aadf-bba26c7b0370,56,Female,68,9,adult
2650433e-fe82-4cdf-9c5e-9e8d3cf5dc4c,53,Female,113,4,adult
efa31a19-014c-41d7-8560-1a3e1bb33f4d,34,Female,103,94,adult
b56d7a9d-86a9-46cd-bd31-88d47a51dbec,49,Female,191,7,adult
e91adb6b-a2eb-447b-ab78-a791bca3a715,52,Female,93,6,adult
23ace256-bef2-4730-b4a4-ca388e9ccd2b,31,Female,93,82,adult
256b173d-59b2-4858-b01e-cf4893bbc4d6,31,Female,102,59,adult
b3ecce8f-6256-4a46-9b20-cad38217baae,30,Female,127,77,adult
74d9b5f6-3a39-4a5d-84cd-1d9a6252fe67,55,Female,165,92,adult
250830b4-3c61-41f4-ab91-d02959408209,32,Female,77,81,adult
6207bc0f-5166-4690-b5c4-433e1c3ca4bb,52,Female,62,87,adult
95050a4b-7b5b-4a0e-b5d4-b2ff1afde930,51,Female,28,16,adult
e011f752-433f-45d2-84fe-89c3205c6d21,35,Female,78,65,adult
4a4f8d2d-1376-4f35-982d-e7f06dd36df9,34,Female,186,24,adult
f9fd2e66-9a4e-4bad-b69e-dfba60398591,42,Female,39,72,adult
7a4cb8cf-43fe-4562-ba26-1fcdf4b28e5c,50,Female,195,46,adult
3e49bbb7-dae9-4c92-bef2-661b1228801d,33,Female,142,17,adult
ececbd9d-b926-4690-b439-70e04efb1ad7,38,Female,121,8,adult
c0545a12-8c17-424c-ac88-39f38362ab3d,32,Female,38,87,adult
fc3d813a-b8cb-40d4-855e-19df42b11477,52,Female,75,65,adult
e0d196d7-fef9-49ba-88fd-88445666106b,58,Female,144,41,adult
a7040234-823c-4675-a302-ce7277a67c6a,46,Female,39,39,adult
16278f55-46fe-4403-9d30-0fc4a2ddd909,34,Female,115,91,adult
88defec0-bc4d-4112-ba12-a74cc43f836a,30,Female,22,26,adult
a0f93bd2-30bd-455d-87d7-e082abd53349,32,Female,32,96,adult
f977c0b8-ce9d-469e-a258-68f251066fde,45,Female,89,70,adult
da5b3482-955d-4205-b38d-648c4d777bbb,51,Female,120,3,adult
421d16f2-206e-477f-a26b-48330a77c3ae,42,Female,140,9,adult
b26fc448-e33c-4888-a34b-6c9fb46c3763,42,Female,106,40,adult
690d6278-06e6-4691-99fa-4b7b511b7ed1,59,Female,42,26,adult
58df38cb-956d-409b-9cff-cabeae3e8502,52,Female,142,33,adult
d3d8710f-ebc0-4094-b92b-b3630b171bb5,32,Female,144,56,adult
1034415c-8409-493f-af3c-da69a9d1f8d4,34,Female,77,27,adult
0d2a90c9-884e-4b32-bcce-9ead482f0dba,54,Female,76,79,adult
2efeaa48-1101-4c68-b046-64c0c68e4674,37,Female,126,67,adult
1e59addb-cbb5-4127-adb4-b7629c43992b,32,Female,91,91,adult
69092c3a-e64e-433a-8c54-38089521e962,31,Female,140,88,adult
fa8cf03b-3649-4a9a-b6fb-755762b0c716,47,Female,61,79,adult
90bab1cd-00df-4987-b7fa-646bb51608a8,47,Female,133,74,adult
ab4c3bb0-95da-4f72-adbc-f649fefebb19,43,Female,147,61,adult
cf3d8566-fa97-489e-9b5c-563b9d766f48,51,Female,47,34,adult
50f4735c-40c5-47ca-9bb2-8adbf5fcce46,40,Female,139,51,adult
5e8cc5ba-c5d6-4575-8774-18efbf97d43d,47,Female,157,39,adult
4a2d96d5-2511-4a0a-9ac0-76fd0a60596d,39,Female,35,53,adult
ec0724fe-b7a7-48a1-9ca8-318b32596899,45,Female,21,73,adult
bd6baf1a-e004-4704-9693-5e8aca53a985,37,Female,179,43,adult
89da5ee6-b3ac-4a5e-880f-9e598db773a9,50,Female,65,24,adult
bb6c39b8-d2ba-432b-84a0-cfc630c00fdc,36,Female,134,19,adult
65f49792-6bca-4e77-a886-35082db2d095,57,Female,39,63,adult
adfc2dc9-8732-456c-a835-87a80a31eaba,50,Female,127,33,adult
3b9c2626-45c6-4925-9965-b434dd3c058b,36,Female,184,94,adult
a27ace65-83cd-471b-8422-c827fbbf4c0e,47,Female,64,54,adult
b6c4cfb4-e530-4431-9e63-73ab06ef23ba,45,Female,150,64,adult
5813c6d8-5426-416b-9e24-c8c10dd86cad,55,Female,24,32,adult
0d95f533-6de0-4525-ac46-a37c64aa26d9,54,Female,174,35,adult
af164a66-b9dc-4d0c-b121-fef5ddff3bca,35,Female,50,71,adult
f442d8ab-6912-4e05-8088-bcb4a1aeb6ea,37,Female,38,2,adult
e946ec07-884a-4900-9851-106b5cfaee29,43,Female,158,82,adult
708628d0-9296-4195-8bcf-8bf3aaef2e09,50,Female,184,98,adult
9fa7b3f3-00fd-4c8d-a7f8-77b267d1396c,38,Female,40,52,adult
f85b3ec8-bf77-47c3-b61d-28e4350aa044,45,Female,190,15,adult
07f5a472-ba4f-4a0e-80d3-826f23f122d1,54,Female,181,21,adult
84f1121c-16f3-4d8b-bdc4-38950377a77c,31,Female,166,48,adult
bfc7b71a-037a-45be-b464-8725f041f482,45,Female,25,54,adult
46c3698e-8715-415d-a2d9-e85b35f5e768,48,Female,169,64,adult
ef34752e-f074-4770-b6be-b05df0d93b6a,58,Female,34,34,adult
92877ce4-6ed1-4313-aa4c-627180665943,46,Female,32,28,adult
4e520cd3-b34d-4bba-84b7-07fa91c81ebe,51,Female,91,21,adult
21b20863-c752-454d-8279-b65e15bd023e,36,Female,49,66,adult
c1d910ff-e404-4f47-a3f7-e4641531802f,56,Female,26,25,adult
40bce9c5-935b-4f83-b397-ccce580bac67,53,Female,132,58,adult
4db4cb10-c87a-4451-858f-28f70eb8d242,35,Female,113,72,adult
b170aecc-98e9-4ac1-894d-35053648b9e6,57,Female,25,57,adult
51588735-6b91-4bc1-a34b-e1e5ca677d34,38,Female,87,66,adult
9d672a30-45e1-4d42-ad05-0c9a59bfc1fe,31,Female,28,14,adult
b22d6b45-e743-41ce-ba7e-c8a0ec842715,44,Female,54,79,adult
d9c08e59-f5bb-4310-ad8b-fb4b4f668728,47,Female,96,89,adult
3080cc96-8e21-4ce1-9200-99cc468f8096,40,Female,182,55,adult
277c7456-335a-4e98-bb1b-f3b943af4328,53,Female,146,37,adult
e40556b2-30d8-4618-b944-c7faebba2567,36,Female,145,34,adult
bcf400c5-e54f-493a-8ca2-3f25e09df8c1,32,Female,79,18,adult
497f2d15-dbaa-4866-89a5-2d26a87e2b74,36,Female,86,79,adult
1af0db7e-304e-4e72-8a64-b392f0dbc367,54,Female,131,77,adult
4153434e-0b83-4e27-bf17-3470e6086551,40,Female,45,80,adult
da21d29f-e947-4af1-b176-117d4c6b72b3,56,Female,101,13,adult
e98c7157-edf4-4ada-a335-54c73d29ad9f,35,Female,169,83,adult
c46a656b-aeb2-4f13-9fce-33bbff6f9d9f,48,Female,58,32,adult
eaa52226-d204-40dc-8fa2-b0b4c3e6fc2f,37,Female,37,64,adult
3833ce88-6ed5-4ead-b6f6-da48ffafb90d,51,Female,83,83,adult
93a09b9b-2cb1-47ff-83f2-410d8011bb46,53,Female,36,96,adult
f3f86bec-e355-4232-a628-33f57123be5e,43,Female,164,71,adult
66f4e72c-af5d-49eb-984e-72dc771f322f,41,Female,170,37,adult
abd8efcb-c06f-444e-bfca-c986079cd052,36,Female,156,6,adult
4afdfa8f-d568-4fec-bf98-a597cabdedbe,40,Female,161,47,adult
4cb03615-3140-40a1-8682-e234e7317416,43,Female,77,81,adult
03cf56d8-9e1a-4b76-8dd4-7c224a2fb9c2,34,Female,171,4,adult
114f329f-5480-488a-a416-9f7dfd4cd3b0,33,Female,200,67,adult
0e95c4ad-bac1-4538-951b-3558d8c576f5,51,Female,27,65,adult
11ff73e8-b861-43a9-a7e9-7fdd1c555dce,46,Female,46,44,adult
b27a6418-3257-450e-98f7-92ee6f9d5792,52,Female,181,74,adult
88564f87-8ac4-4560-891c-3d2ee9127250,55,Female,79,69,adult
4c570507-a2b4-4ad1-91f3-b3c993e8c872,44,Female,150,15,adult
ff0b6f6b-7145-44eb-8f4f-5786b2f3c79d,46,Female,91,76,adult
aa75dfd5-80c0-4bef-bd48-f58d559c53ce,31,Female,104,54,adult
a33a8a44-7ba4-485f-b442-3be943ab9266,49,Female,34,2,adult
b3ad3b0d-0b60-4193-b59a-19a7428fd9cc,41,Female,187,57,adult
2bffad0b-07d7-4f52-80f6-ea3b73b7db3d,33,Female,114,55,adult
383797cf-99f3-466a-96fd-72fc06bbd8fc,31,Female,145,85,adult
3aa5b9a9-6e21-4dcc-b08c-53262c1704a4,58,Female,141,8,adult
5b27d79e-5cbc-491c-ba9f-93900e93c76f,51,Female,41,9,adult
76af8583-8a40-4552-a4e8-5b54d9176018,44,Female,90,93,adult
080e4848-a79b-41fc-8a26-9f7965caebf9,49,Female,54,85,adult
4ee268f1-70b5-475a-86b9-10b5e8acd13f,56,Female,85,50,adult
1262cb4a-298b-4620-a3a1-9f24a58b007a,55,Female,31,68,adult
5bec113b-c20d-4733-a93e-e99d2556392d,33,Female,125,71,adult
933d20d4-8773-4d0b-90a6-c1fe84503ad3,55,Female,94,16,adult
323aedd1-429e-408a-9b8f-804a2d0c072d,39,Female,87,4,adult
1aedb09c-e5ea-4457-8055-dc06f133e77f,59,Female,42,20,adult
d66ebb5f-feef-4113-a692-3e0f0f3ac747,41,Female,61,38,adult
7d60b55c-4243-477a-9cd7-a0832c53da7c,54,Female,79,81,adult
8cac6abd-ea8f-47f3-bc3d-89d8113049f1,35,Female,101,11,adult
61b8dd69-d086-4ebf-8ec7-4bb75b3ea547,48,Female,28,37,adult
a3e3df2a-683c-4136-bd6f-1f7b9fa4805b,57,Female,60,31,adult
fde5345c-51ae-4eab-82bf-2ffc593abe4c,51,Female,103,59,adult
b6e1f4c4-5a03-4bc3-b1f0-701881591944,59,Female,177,44,adult
d38286e5-35e1-4bf1-b5e3-87003a553a28,50,Female,174,85,adult
6d5594ad-ea8f-479d-9f88-c50de40436cd,45,Female,95,99,adult
5ba75bde-e188-4457-8038-af8b3a10a122,48,Female,42,90,adult
53564b73-d581-4012-8c3d-998977aa8b8c,48,Female,39,29,adult
eea565e7-ef2e-46a1-a33c-95bf282997f5,42,Female,171,63,adult
b6b384a7-2812-4cb6-9368-f5d91d66c483,43,Female,126,96,adult
e67232f1-ebcb-4178-8730-7a58d435addb,40,Female,184,16,adult
40415da5-01e0-4077-8a1e-d62483dbe106,34,Female,90,49,adult
288e25bc-b3c6-4ae3-9137-4e6621abf394,55,Female,166,23,adult
df4c14b7-2e8f-4fa2-9a6b-99719ebcf081,55,Female,59,86,adult
97d8cbd0-7fdf-4f6c-823d-b8c8380b2d5e,54,Female,124,52,adult
5e98af57-e56c-4fe3-a742-e69a57cde300,32,Female,119,59,adult
8d2eccd0-2231-46a3-9acd-6e6ffa4fabd0,59,Female,117,84,adult
e0cecb0b-8b37-45ad-a4a3-de34c6558c6e,59,Female,98,84,adult
8d2e215d-f966-4f0f-9d33-9bbb080e7ee7,53,Female,78,28,adult
75119e89-4b8b-4f44-8428-5de21dc8f517,36,Female,120,20,adult
b3f7a9a2-d040-4612-990f-85fee7322aa3,52,Female,107,11,adult
02f64440-9fb0-4fea-8a77-a1eef46bd2f2,47,Female,42,69,adult
5ef1b02c-e257-49f6-9a6a-f224006fb88d,38,Female,120,48,adult
e9a3b1bb-7ad9-4b26-9591-150a2850578a,54,Female,156,14,adult
5320051a-929d-41aa-ad54-ef561181bd44,34,Female,185,13,adult
8222e392-d407-41a3-8780-ded30395ec68,38,Female,28,38,adult
6b6d61f8-ddfb-4e49-8861-4d85e9dd2a95,30,Female,181,70,adult
878b96f1-4a71-4745-8d51-eedd8136b5a5,35,Female,168,87,adult
5fe6febd-a5c7-474a-9e6e-0a3d93db1907,31,Female,27,14,adult
0e54e328-5cd5-4dc0-ad87-aadb60d47d40,35,Female,37,91,adult
6827d411-36e4-4bea-8fc1-79634cd1200e,58,Female,81,55,adult
246045a9-b0e6-4cf4-b752-0f30eea471f7,45,Female,155,1,adult
2af4a221-e51e-4e7a-b0bc-9304c198aeff,33,Female,178,44,adult
8f7413bc-9d51-4dfb-abb4-f7231454de82,53,Female,165,39,adult
4703c1c1-a3c2-44ca-b64e-c50b0b3558cf,32,Female,88,59,adult
e28981c3-a239-4334-9059-ed145cb7ffb8,41,Female,25,98,adult
cf81cc1d-86b2-4ad8-963a-f67de6a9f32c,55,Female,108,10,adult
ea954c75-c936-4159-910e-144d1e476980,50,Female,55,55,adult
d61af6f4-58f7-46d1-974b-d7ec0824b5ce,36,Female,38,92,adult
68e0298b-7a03-4d26-83fe-e38b5e350840,36,Female,196,34,adult
a6c0890e-e006-46f6-b1fe-a886306d867e,37,Female,166,62,adult
cb8f9402-8952-43c6-be01-e5c6c1062d90,34,Female,119,33,adult
553b977e-e3e4-4b52-9f0c-54fc70035897,49,Female,73,64,adult
e4c9aa31-9af0-4fee-967b-2d775a4aa654,49,Female,90,13,adult
78fdb875-6b1c-4f2e-be18-46d27c4621fe,59,Female,50,8,adult
d38d4874-042f-4062-937a-b328509a2466,56,Female,104,68,adult
22ca4e34-daad-4fc3-8fa0-45d36f4524ee,48,Female,191,100,adult
6360ee5a-c94e-472e-8bf2-6301b25b8cfc,30,Female,162,65,adult
8a2451da-ad45-479a-ac7a-1d0974f99888,48,Female,192,46,adult
43c0d8ea-9ad0-4cea-bbb0-82e1cb0eafe0,50,Female,106,34,adult
aff3daa3-886d-4c95-ae51-7c981cf5e566,47,Female,110,9,adult
c728773f-2185-4dde-a42f-074f344c94e0,46,Female,128,19,adult
4e4677d6-c79f-4f61-b4d8-97e3196b87e2,31,Female,91,55,adult
595b4e0b-94a2-45e0-bfa4-4f9ef1c342f7,58,Female,162,58,adult
e97eacf7-5c8f-49b8-b410-e5b01a9d10a1,37,Female,84,76,adult
17420ef1-230b-4441-9054-649ce9cd9179,43,Female,83,36,adult
e04af67c-6f7a-4a55-a3d0-938201d3e09f,35,Female,150,76,adult
c05e6a67-ebf1-4c0a-b891-e13fd206a49e,53,Female,53,95,adult
e2c73c18-5fbc-4e64-b66f-1dceb0a95106,59,Female,126,26,adult
c1ae04db-0926-4fa2-a80b-b84ee809c09e,35,Female,137,19,adult
0b8bc877-1e29-452a-8ce3-0b51e3f761fa,56,Female,144,85,adult
09049e94-12a3-4956-b8ad-4f69daf98c3d,51,Female,131,10,adult
c9d34a81-90e1-4a66-af17-3344f5d9e7e3,57,Female,92,3,adult
4a3d7068-ad88-4dda-9369-32eac1367745,40,Female,171,11,adult
dc94316a-2b33-44ff-a376-0c774d8b8c17,47,Female,90,84,adult
760cbc5a-9c01-47a6-bc05-d3187b2b5452,45,Female,170,10,adult
57f956bb-f763-4491-9318-7ef03dce7358,40,Female,129,69,adult
d38aae1e-e5e2-4fe1-ac9d-f39eeadbd9a2,49,Female,115,75,adult
b2e8a363-942d-43ec-b65a-31884dc0c933,51,Female,48,35,adult
eac2e001-1d6e-48b9-a01b-b3fa98809b42,39,Female,55,30,adult
72388bf4-297a-4075-a18f-4c1f6a99438a,49,Female,26,26,adult
73ebeee3-01c6-4ffc-8a7f-bf81391443a4,44,Female,168,82,adult
05174e0a-b1a0-45cf-91bc-5d16836da7f2,52,Female,40,79,adult
30be8d15-a439-4a0a-9239-aaf350bf2570,43,Female,155,5,adult
235db8ea-80f0-4595-8e40-e5a69d6b9d4c,43,Female,100,54,adult
72deb4b2-ccfb-40aa-883f-10d28cd83db7,30,Female,65,3,adult
abcd9a95-6322-4360-8931-e9d1224cc87a,51,Female,190,33,adult
1e4335e1-a9d9-45c1-9ba5-d36473a20979,34,Female,173,60,adult
93ae36e0-0b5d-454c-8df8-a5b8b58d6198,43,Female,82,83,adult
429f9a36-bec9-4c25-ae99-cb5099a62554,53,Female,84,84,adult
3bd1c04b-146b-4bb9-a618-5729a89b921b,44,Female,185,79,adult
927b1889-80cd-4bdf-989e-5a1a16b01db4,55,Female,164,77,adult
7ee6c4a8-b031-41aa-ac93-9414eaa9dff2,50,Female,67,20,adult
ea7e10e8-171b-4b17-95d8-5b92e7bee249,33,Female,89,58,adult
a615476d-0259-4f6f-ab83-b2cf2d6abca5,57,Female,45,74,adult
0217dedd-eb7c-4740-a3a0-55f1c0c30668,30,Female,103,9,adult
ebd0f957-1f65-4fc7-9b15-ad596b0991be,44,Female,115,84,adult
e06f8074-439b-45d4-9a73-777411e68f85,52,Female,182,35,adult
40d55bb5-f087-4891-b722-80f6b2d94957,58,Female,99,93,adult
10a47802-6393-4b02-8d9c-177df50b8778,49,Female,64,69,adult
b7748859-e4bb-471b-b34e-5ba47c759602,38,Female,98,21,adult
59225f13-e4c2-4aa0-bef8-6ba58ccd58a5,30,Female,147,93,adult
f9d6d4e7-eb90-431a-9a33-acc9a5ab6e25,42,Female,29,40,adult
f8d8a623-402b-4037-9b11-7ba5668686e5,35,Female,162,70,adult
55f4d9e8-2923-4dc5-997a-939810d0c7b7,51,Female,140,73,adult
fe50a400-d51d-40c8-b1c8-13e4a9a7bce0,53,Female,121,64,adult
8edde699-10c9-4817-a89a-2ec377057ba4,53,Female,117,44,adult
3723a9d9-a019-4a4e-bc5e-a22c7d1ab8bb,55,Female,196,49,adult
145cd977-bfdb-4f99-a8e8-d8b395960b2e,54,Female,44,24,adult
42f013eb-6bc9-4064-bcbc-91773ab0f8dd,30,Female,152,69,adult
cabb2b54-33db-44c2-adda-93c78c951340,51,Female,149,50,adult
7c4d123e-dd81-452d-8548-3283fe377803,43,Female,67,28,adult
abbabe06-feaa-404a-a2bd-d0ec40961c89,32,Female,118,38,adult
54e98deb-fb84-428e-ad40-1046ed726fc8,34,Female,50,57,adult
05823d9f-9132-43fd-b80c-5247c49b8f7b,30,Female,32,70,adult
b88edc30-ec3c-496e-b0eb-1080d83b4c7f,52,Female,78,65,adult
ffd41418-0305-4a03-b45f-c6b8964c0100,46,Female,134,53,adult
d4f175b8-dda3-4435-a069-b65f9c17c890,40,Female,85,93,adult
afc7d8cd-3ddd-4af5-8aa3-428079b828df,41,Female,196,28,adult
f8db2549-71d2-4a93-8216-afbaa398ddd4,56,Female,83,53,adult
27b05c9b-a539-4774-8131-6c4de87039b6,30,Female,133,82,adult
a007e507-5d39-4c1b-818b-93fd84e00cef,51,Female,61,86,adult
9dee3ce4-5259-460c-bb74-87addb02ec2c,38,Female,70,7,adult
83354d17-e4b8-4bbb-8488-ca4244a0f298,32,Female,38,52,adult
12e4ca57-d05d-49f1-be35-71e50fa12601,52,Female,190,3,adult
fe62d567-a0c1-4a2b-874b-c050a41425e4,47,Female,136,7,adult
239ba7e6-5c23-43f8-acda-41d45198f4f2,44,Female,83,48,adult
97ac50ed-15f0-4ec3-978b-4c070dd1ccea,31,Female,80,73,adult
69d82e5a-6bbf-4b2c-a503-14ce6245d763,44,Female,43,4,adult
dbed72c9-6586-4f6e-844c-4d48ba3e98de,34,Female,38,48,adult
ea61dd3f-383e-4dd2-a9e1-e27fd8680aa5,59,Female,125,14,adult
ea4455e2-202c-4024-8ed0-bed85c85cf22,40,Female,125,46,adult
55ff8baf-1394-4a71-a00e-e6abc9900e02,42,Female,85,21,adult
ff7c1f6c-1c2d-4779-8fc5-ce57daff7703,59,Female,124,46,adult
dcfa1029-e292-4ebc-aedb-a13702ca9b90,57,Female,190,34,adult
33ab889a-83ee-49c8-8c5f-2bbaae43ee15,55,Female,157,36,adult
f9b7120a-e9e9-4029-9a56-dd54412a2cd0,52,Female,130,98,adult
79ddd963-98e8-41ec-98b3-881b0e898206,41,Female,115,2,adult
4a28f50b-a30e-48fa-9d0e-40f91bb79459,30,Female,48,87,adult
4496fdd8-dac4-4c5b-88e5-31cf68d08220,57,Female,180,27,adult
1b751d13-5e75-47f9-a63e-500b39fad7e1,44,Female,59,53,adult
60a1d6d9-5a71-4934-aa14-37ddb9462a2f,46,Female,184,11,adult
7781b5fa-e846-4772-9d87-7befb6331921,52,Female,94,40,adult
d2c1de88-aa0a-4fd3-ad99-abbe2b417ba6,56,Female,87,58,adult
287198dd-f766-4a0a-9e2e-e05fdcedd288,51,Female,60,63,adult
b3f3b9b7-c818-4410-b585-c2d4c4a61ba5,58,Female,86,9,adult
62d2613e-a900-4763-91be-b265cc3c840d,34,Female,33,64,adult
2fa9b02f-5fd3-43bd-a569-44ad50b17221,44,Female,79,45,adult
aea9ecb7-91be-4169-a617-eee0e4036eb9,38,Female,147,96,adult
19c7d90a-95df-4a87-9a0b-fba429d2c7b5,46,Female,178,21,adult
0b4d4b91-2eec-4bf7-a5a6-180c08ebf1e7,31,Female,168,27,adult
406eb05a-108d-45f5-9b19-27f539700067,47,Female,188,49,adult
babdfd5f-f529-4c4c-9143-4975c10aafdf,35,Female,120,71,adult
6a22cc5d-ac50-4329-b447-1e4ad4499fc9,30,Female,172,98,adult
90228bb9-4864-40a6-ba91-951234ea44d8,43,Female,66,15,adult
129ac877-2b7a-47e4-a6e0-3d509bad4efd,54,Female,138,82,adult
f62793d4-f9ae-44e8-8889-a76008c80583,54,Female,174,91,adult
1120e41b-e8c0-4c55-b5a0-15825d9bd6c1,47,Female,66,60,adult
cb7284fc-4e8b-42db-9685-1fe67560de36,51,Female,47,64,adult
abb9a3f8-7c6a-402f-b9bb-0aca85c2cec8,36,Female,110,87,adult
63901fe0-11cd-4499-b63d-5c827b93be51,50,Female,163,16,adult
00db2519-a117-4a83-a1f5-9e59f1e016de,50,Female,196,92,adult
c28ff262-806f-4de1-8cdb-42bff7e34123,30,Female,27,25,adult
655ae7a0-8c15-4300-8a3b-af2fccb8640f,48,Female,50,62,adult
64a08220-c3c4-4881-ac32-81dc512cdab3,41,Female,94,26,adult
66819e6c-c5ad-40f4-9bf7-45c7fc497971,38,Female,138,83,adult
5d14e5c5-f710-48ac-a501-bf8ffa739367,48,Female,108,45,adult
52816f1f-62d6-4eca-b0d0-e9279d7c0deb,36,Female,154,93,adult
590adcf4-3e16-49c4-9d53-f4d087cefcdc,38,Female,65,90,adult
5441098e-1607-4447-b0b5-92b176c28fa1,45,Female,113,2,adult
af03919c-efd1-4ba0-b296-701f95fac27f,59,Female,155,72,adult
01acaeb8-3569-4ad5-95a6-7e7ba252b021,58,Female,33,64,adult
105076ad-f04b-4eb9-b02a-4a3723f67086,37,Female,149,9,adult
4cc8e9b3-4502-45b1-84f3-40ad2a57be99,50,Female,95,45,adult
4258dfb2-547a-4c71-9f59-13a91b086f3e,32,Female,148,83,adult
030d7273-599a-41a8-b6aa-090bdd2bae7f,52,Female,184,93,adult
fff2ea32-17fc-4331-8186-f05728bf6b84,45,Female,187,91,adult
bce2e935-787d-459f-97bb-84b2661b3382,43,Female,173,1,adult
41c7c393-8a4f-4e7a-83ee-5bc55b6965cc,52,Female,172,23,adult
53306419-6429-4dbf-b3a1-8c31e9bfd6f8,59,Female,164,42,adult
b5a02b83-e0aa-4382-a79a-c181778f79be,48,Female,115,54,adult
0828ef6d-11bd-4cf6-b9f6-4e2d0308ca58,32,Female,113,27,adult
4b35bd8a-dbb3-4671-8d98-27399485be5f,59,Female,46,86,adult
e55483f3-e77d-4ba8-8120-a07bf95ee375,52,Female,192,3,adult
2a218545-9f4f-46ef-85ab-300aef1308b7,53,Female,33,6,adult
2c47f398-a9d9-4638-a98f-08be1de7707a,51,Female,148,45,adult
3c957495-9d9b-4784-9b6d-1f1a0b1cb1e9,36,Female,21,65,adult
c707d322-815f-4c04-a3e6-a3e4ad1f94b3,45,Female,38,84,adult
d0db8c37-81df-45e7-8a6c-5391b7c44a7f,43,Female,186,39,adult
2558e0ba-f1f4-4dc3-9bc2-c2e437613e32,44,Female,37,17,adult
b56c369d-23d2-4a69-a6bb-c294415890fc,39,Female,176,57,adult
47f8e639-90e7-4c27-9ce9-0c428883656a,31,Female,76,33,adult
61b405fb-b970-487c-8843-753e27a7b21d,41,Female,173,20,adult
028eea37-3bf4-4e16-9c4f-1ab711b94e4a,48,Female,112,55,adult
7659b0bb-785c-4402-b7e9-d0cff9035f75,48,Female,110,47,adult
d2bf2905-246c-4a32-9bcc-3f0568adde02,56,Female,174,40,adult
713bd49c-0263-48dd-bb49-92a6617eccb5,43,Female,94,13,adult
c9d6fb4d-e5f2-409e-8973-0243cbd8cf75,54,Female,180,16,adult
ac153e01-5152-4481-99d3-b1ba5c4727be,33,Female,117,1,adult
e880b991-a6d1-4b77-9e99-e955bd47b4e2,36,Female,156,50,adult
036a07cd-83b2-41c7-a4c1-f39541d0bfe2,36,Female,197,64,adult
a9073ab1-6344-42a3-af26-778bbaeb68a8,55,Female,143,92,adult
98d1159e-d5c3-427a-81f4-dc541e366b60,32,Female,84,45,adult
cb13317a-599a-43e2-80bb-7800382c0372,48,Female,72,52,adult
7ea38630-fd0c-462d-8161-2ca7768db12e,36,Female,188,50,adult
af17deac-7967-4750-9a07-bc710187bd7e,31,Female,28,48,adult
9bcbc0ac-8435-46b9-a8bc-054ae0306b7d,48,Female,143,30,adult
a49cc37c-4ba4-46a7-958a-219b3cc9fea5,38,Female,47,71,adult
64d8c176-e5ab-4a6e-8d19-7d587cb2f7fd,41,Female,137,72,adult
b629ed65-fdf1-4b11-a267-7f812a35592b,35,Female,191,9,adult
f4f7c627-ee78-4856-a7c6-de0ae2add43c,51,Female,27,8,adult
859da58d-90bf-4169-8ba5-393919e026bb,47,Female,132,55,adult
f2ef2196-f52a-4459-a0bf-e79429bbf2fe,34,Female,135,87,adult
5d61cda0-6fd7-4e7a-a11c-09e7c72e1830,41,Female,84,41,adult
2fdb05a9-ca18-4274-b261-44373cf870a0,46,Female,67,99,adult
0c524bad-5058-4356-8cfb-e0718643ac5a,49,Female,39,72,adult
c2b8c649-9330-4609-908c-dcb68e610033,56,Female,168,65,adult
d412673e-d379-4dd3-b9e6-1d116bf00a75,58,Female,67,16,adult
c2b890db-99c0-45e9-a15d-786e0492f595,35,Female,123,86,adult
9bb5edac-1fa2-470a-8d09-b3c8dc5d0c9a,45,Female,49,19,adult
2c401119-9df1-4434-a547-5a2fe188f709,46,Female,72,28,adult
0cbb0465-c9c0-471d-86a3-fc2a7e277b94,43,Female,120,50,adult
c1e1469a-1377-47d5-b9d1-a96e50308143,56,Female,90,82,adult
49e5e9f5-ce00-423e-9dbc-a65c2a6eacc4,51,Female,108,29,adult
87047474-864a-484f-8090-6bb3be539b30,49,Female,171,25,adult
45a3e35e-cca3-4762-8dd2-c707d6a7f21b,47,Female,58,98,adult
2f394252-7f35-4c48-b323-befe7862af68,49,Female,70,95,adult
886a8872-a128-4567-afcb-4b7887fd236c,31,Female,140,49,adult
ce017afa-dd5b-4dce-84ab-727a916b9852,53,Female,79,23,adult
baf647bb-aa70-4750-addd-52c085f5dbfe,49,Female,79,36,adult
8a368e69-bf53-4699-b5c3-f38a9e40850b,37,Female,100,83,adult
f0c2fba1-b85a-4df9-a2bb-9f14dfdb06b8,59,Female,27,79,adult
dd4234d9-f6a1-486a-b5aa-33a1168713dd,30,Female,108,69,adult
7d3693b2-d7fd-4561-a612-64575dc1c7c3,48,Female,25,31,adult
fefa101e-6935-4ab7-9ee8-59b4663b4912,42,Female,109,37,adult
de2b586a-79ac-49e1-85d6-579ad27b107b,40,Female,25,21,adult
84e30238-d1ae-4fcf-a5e0-385efdd14649,30,Female,81,22,adult
f000aa45-2fea-4869-b601-4a42580590a2,44,Female,87,25,adult
0ad036a1-3e6f-4420-a02e-af6a2ff8dcb5,30,Female,198,11,adult
ceaa6ebd-38ce-44ba-bf69-77f6899447de,50,Female,156,80,adult
933b2594-ef47-4233-b281-317bef1d863b,35,Female,45,6,adult
4cc24c9b-d33c-4138-9104-682a88fd5012,45,Female,199,26,adult
f9a90d28-dc5a-4c04-80d4-0ef4ffb3e38c,50,Female,183,80,adult
e9c1b0f0-0902-48e7-8744-dde50f23b474,56,Female,164,30,adult
d6dc9190-be21-4f56-a66c-e0539658f365,54,Female,114,17,adult
75eb8ba0-f717-4bcd-a6ed-a1a6849195be,37,Female,75,78,adult
95bece5b-3ea6-476e-94c3-19c4c5f887e3,56,Female,177,26,adult
002b1357-9563-4a84-af07-ab464c231a23,51,Female,153,81,adult
1da7525c-66eb-4f7d-8728-ebe9c47c4f94,47,Female,179,51,adult
55500efb-f4fb-42fc-86c7-471b9eb7140e,30,Female,76,89,adult
0f9e403a-9bad-4bc6-a73c-6a3905222749,49,Female,177,92,adult
fcbe7504-bd6a-4811-ba66-28db2dfdf131,45,Female,139,21,adult
2e374298-0dcf-4d51-a81c-20c42e700a8e,37,Female,70,12,adult
af330c0b-ac7f-426b-8f9e-eb3d77e3c551,48,Female,165,70,adult
42604f6d-c5fd-45d3-bb4a-74e9f75df072,43,Female,197,89,adult
3c5cdffe-11fc-412c-b689-7ecc0d7c7a0d,58,Female,124,59,adult
4dc41734-2992-4bb2-824d-153c84bacc33,57,Female,111,11,adult
2562f0e7-dcdb-44b1-a36e-5539f2123749,52,Female,84,21,adult
ab0f10a0-3274-4250-94fd-ae2e42eb57e1,49,Female,85,70,adult
8f20d109-1640-41a1-8d33-26782de9c05a,55,Female,174,91,adult
021899ed-541c-4a1b-b340-a4b7ffb510a6,47,Female,174,72,adult
7f1a8a52-27bf-441d-b09e-7efe079b8d13,52,Female,144,46,adult
5654d7e9-2ea7-4f40-9095-7375f7bbd41e,49,Female,65,92,adult
3a8e4a8f-ded1-4fb2-95fa-7cfefc2c08e2,45,Female,147,54,adult
4095fc3d-74ba-4d07-8e20-1a57e42ea9e0,37,Female,59,65,adult
cc87900c-2e51-46ba-8026-b4ce28a23607,46,Female,91,82,adult
424e3245-a1ed-4c52-880e-172de26db474,50,Female,123,49,adult
4ddcea3c-502d-4076-a4e4-23ff0d21466d,50,Female,82,11,adult
99e4e3ec-0dd9-4fbb-8908-a4b7a3c4be0f,39,Female,35,59,adult
95dcf36a-04af-48be-8924-b208f8ebee19,59,Female,113,67,adult
75ccf85c-2500-4889-962c-f2fafc221a1d,42,Female,23,82,adult
fe100927-f29e-4a4c-ac27-5f7ba96e5570,43,Female,91,81,adult
b6edc49a-68e6-4c53-b735-490170530a7d,37,Female,121,95,adult
140b91ae-4cf3-4224-b7f1-1e11b14b537d,30,Female,154,24,adult
ec6f3927-f9ae-42ab-9152-8a7e74f8bdfe,55,Female,103,67,adult
03b6027a-1e2c-4d33-bdda-16d3e83973a1,39,Female,152,32,adult
27959509-43a7-44d7-8d10-49661e6f3de7,31,Female,57,17,adult
c659a8a8-5b12-4c82-a093-cf0ce0cba3c5,41,Female,96,29,adult
dca4e75c-21e3-416a-9fa6-70c2cf60512a,37,Female,29,57,adult
172e3f9e-0242-448e-8a50-e633ea38c360,36,Female,63,31,adult
1b38f4b3-ccad-48ae-99b2-3687c7a09770,44,Female,137,9,adult
16235068-d19d-4f65-8e7e-944ff93c0a6e,34,Female,65,90,adult
51d6d8db-f91e-4582-86d7-0298c17e4412,38,Female,49,43,adult
a2ff4b69-91bb-4b54-a38f-907638eaf823,46,Female,35,24,adult
b75e3124-efed-4de9-b9d8-312fe4904bab,32,Female,177,14,adult
fba7fe69-3441-47af-b4b7-43c2243812be,49,Female,130,84,adult
7c9622d8-4034-4118-b070-f2625a9d0b49,33,Female,142,65,adult
dba475bc-81e9-4c14-b45c-6d6667be76af,47,Female,191,58,adult
bf30bd53-47ec-4623-857f-a1913aac7e93,37,Female,21,77,adult
b74ab4b8-91c0-42d6-9d9a-783e844c4e40,34,Female,110,18,adult
21e3bd43-f79c-40a1-b74f-562dfd311c3a,47,Female,154,35,adult
d9046da0-05ca-435e-9639-2d729069f3dc,55,Female,29,15,adult
10096e7c-9f32-4937-82ff-d60f30c6b3bd,37,Female,78,79,adult
8d4ab6e7-2980-4429-bb94-f571d048bcbe,51,Female,187,2,adult
6325e55e-98d1-414d-8201-540fee3f11eb,52,Female,176,52,adult
0b229711-9c49-4af3-b5b9-a554b96afe5f,52,Female,26,65,adult
e2ab361b-b19a-44d6-96a1-7b3f00d2ae65,55,Female,92,96,adult
8e770c5c-7ac7-4f84-b497-66e06fc72ec6,42,Female,138,66,adult
fe22e006-8eeb-43aa-8858-896c44691cbb,58,Female,164,97,adult
6b67e548-e9dd-4e82-a4ad-c143c41ac10c,59,Female,196,44,adult
f5286d9d-1143-4576-97d9-b9aab67c5827,50,Female,43,58,adult
e6f692e1-f0d7-4de7-83e5-069aed810e49,41,Female,124,79,adult
8f1307d1-ed66-4da1-90f3-b76bb73169f9,39,Female,197,88,adult
7df73089-7c0b-4088-9ad7-551614e7aa05,55,Female,128,91,adult
e51a3a1d-b9cc-412b-bdca-e367bce6deb1,54,Female,133,58,adult
2e3f9045-7474-434a-82d7-9832beaf118e,36,Female,184,18,adult
2241c63b-5521-4856-bba9-173836cb7655,43,Female,180,85,adult
0e46751b-5fca-486c-8cbd-d307b53f14d3,47,Female,133,58,adult
7dc79a28-5388-48ca-a04a-51bf23ac3068,57,Female,26,65,adult
43eb6ee1-a6df-4ca0-8224-e9483209ca50,39,Female,82,32,adult
8fa0bcf7-5254-45dd-b325-731ac54315be,37,Female,199,27,adult
cec4ad79-b98c-445c-b449-0f706da83c96,45,Female,52,9,adult
7c3de902-f9a2-49bf-b87a-0ca8f998d84c,40,Female,26,32,adult
ae10fb3a-6af1-4d06-baf9-3bdcbc5c4f2a,32,Female,64,9,adult
3e5f343c-34c2-4dbd-a910-2c1138acad64,53,Female,26,32,adult
3815786a-e851-4ed0-aab7-1f4ccce2a5a2,54,Female,99,39,adult
a4025579-3c9c-4c25-9394-526fc9b7b977,33,Female,102,59,adult
2d58b438-bf9d-4633-a93a-464655ac403c,44,Female,155,12,adult
6f8aaf88-40c4-444d-8788-96d291adfb43,58,Female,56,41,adult
112e32af-1584-47fc-8372-655ec31be466,51,Female,74,92,adult
08e5897e-9062-4d53-b568-ee925b1eb067,45,Female,115,82,adult
da72497b-52d7-4310-b091-482b394c75b3,52,Female,146,96,adult
da9d36a3-8c7c-4ba6-93c1-18fa813f2a56,43,Female,23,32,adult
72dcd85d-55c0-41f1-bfa3-b9083d4e14b4,38,Female,125,52,adult
a6c07c28-0a39-4aa7-bba9-fae6b1439bd4,38,Female,168,72,adult
1009cb54-878a-43ff-8742-4bae3bdfeba4,39,Female,96,100,adult
909dbbf3-f064-4c72-a7ff-e022cf3ab250,32,Female,108,89,adult
7cf59591-57b3-4a37-b35a-e76a5a972430,49,Female,177,61,adult
ea036b52-5ff5-4988-a276-df0e5023e098,44,Female,177,39,adult
8e1ecb8d-0550-4b1e-a591-00ce306ea24f,38,Female,93,20,adult
71c74d62-e6fe-4b3f-8e1e-c7b85b09933b,30,Female,56,54,adult
f0533e24-0f48-4d3a-85af-1fb9752ac5e6,58,Female,76,76,adult
5c59f1db-725a-4c51-8a51-f43065e7ee3e,41,Female,196,47,adult
5d889419-5b3f-4be1-bff4-6380914e56fa,41,Female,48,4,adult
2fdc8bc1-3d62-4e0e-9ab1-829cb3350df3,41,Female,105,73,adult
53d5f893-e973-4f1e-a84e-dd6156968106,30,Female,198,64,adult
f8c115f3-834a-4ba2-b5db-a5d078b80e86,38,Female,122,42,adult
7e7e9765-65a8-48f9-9cd5-79e93f200994,30,Female,181,44,adult
d76951a0-3047-4459-b6ee-2e4c9ca4437a,34,Female,166,1,adult
a1670423-7e0c-4de2-8992-14c242ccd219,36,Female,46,75,adult
3e32e1ca-ab44-4652-a5b2-2f7e01b95def,42,Female,116,56,adult
16e50fd7-6d98-4293-beed-c655d9c1e8b6,59,Female,132,36,adult
bc45775d-52f2-4046-9a63-90e1c6414ee4,43,Female,147,39,adult
e926c1da-a37c-4a9a-91f7-7a31974fe1f7,51,Female,149,65,adult
9724d429-83c1-43c2-81df-efde631d98b3,43,Female,55,38,adult
eaebc8fb-f291-42da-a505-6b5d29ceffdc,51,Female,21,44,adult
324043f6-e4e0-4487-8846-10cb15a9d4d3,52,Female,60,89,adult
d3d7c117-64e3-46fa-ba13-ff485d27fc78,30,Female,66,65,adult
1bce5368-ae83-40e1-a3dc-b3c41ff5d9b4,51,Female,139,71,adult
7f380c4a-45d7-4995-a4df-7a1852165fd3,50,Female,112,48,adult
6cef8ad2-3fc6-41e3-9899-905c38957f7b,36,Female,150,76,adult
e157a584-3343-4cec-9c53-324052073721,36,Female,80,91,adult
649b89ba-5038-4598-948e-79abb9b5d4b6,46,Female,119,5,adult
41435102-b881-47bb-8a7c-50aea70221d0,58,Female,22,35,adult
07004642-a694-435f-ae34-f2650cd96a0d,47,Female,60,57,adult
d32dc56c-9c64-471c-aa93-988253609126,52,Female,141,59,adult
55d8a58f-fc60-4c71-980a-35c8df5890ee,45,Female,141,99,adult
1bb15d5e-a111-4f13-b5b7-98922ec4871a,51,Female,116,64,adult
8af2b028-f8f1-497c-b0ce-7de2b80d0619,56,Female,183,11,adult
eb097d75-f890-41c9-8c40-092910c20f48,57,Female,137,75,adult
d9b95e88-3db7-4c2c-b1fc-289a46b5427f,33,Female,161,29,adult
a31a055c-9980-4a8a-a661-4d3c049f6baf,48,Female,33,15,adult
f9ff1e91-6aaf-415a-bda2-2c78127eac61,34,Female,25,43,adult
bca42191-9092-4c47-9fcc-3022fa5839cc,51,Female,143,46,adult
2079de00-62ce-4968-806a-3836dfdcd1d6,48,Female,175,90,adult
523309cb-6481-4915-a09b-6bcf444ee419,55,Female,83,46,adult
4edef1de-d378-4e71-9072-f90370591883,30,Female,147,36,adult
7a7f1133-9690-450c-9a60-4ef99b40b51b,49,Female,47,27,adult
8358b012-8d0b-40da-94c8-7cf3e7ca1d83,46,Female,102,51,adult
a3e20fd0-b759-412d-be5e-81dd8e389c69,58,Female,123,65,adult
661f9f33-1512-4c67-9b78-3ef0b6538866,59,Female,172,42,adult
baaac55c-66bd-40e2-9044-e57949892db8,57,Female,103,20,adult
5fa304d8-f706-458f-97c0-49bdf6cc399d,35,Female,181,79,adult
5d317add-dba3-43ca-84e6-b28f55bd72a4,52,Female,36,63,adult
64e3ebe1-b28d-4237-bb8e-eea163c282f8,30,Female,37,32,adult
c6fd4599-d687-4e61-826b-66bed9ac5f79,32,Female,138,99,adult
2d16e085-6914-4f1c-b8f6-36e29513b1e3,51,Female,79,21,adult
f9e3f985-cd69-4e57-a755-ec8665a68cbf,47,Female,124,1,adult
e4ad484b-5407-4bb5-929f-4c0d64b4081e,59,Female,107,93,adult
fe88c0fe-32ec-434a-8285-5b9bcbb8e0b9,42,Female,78,46,adult
1b2ba1e4-1688-4ebf-8cc1-df7bbb5c7c87,59,Female,36,58,adult
14e5ebbc-df56-4bd4-9887-472f2c098fd0,49,Female,142,96,adult
302732a9-3598-4893-a5d9-a9a06623d00b,47,Female,89,44,adult
d56454c2-3964-4e8f-ae57-65cd12ffce76,53,Female,155,67,adult
d14596aa-4ec9-47d6-b248-46f205557868,43,Female,118,28,adult
0ebc3780-fe99-4fb3-9a9b-748e6de7d443,51,Female,111,48,adult
8cd6515b-dc8b-4ad5-8476-56f23a21a72c,51,Female,198,92,adult
cdb1af93-ac7f-4568-97bd-9ac032b05855,37,Female,167,56,adult
95ad20fa-2ec6-4410-aaaf-e9af7ca9bcca,40,Female,30,78,adult
5afe1cba-6058-4703-96b3-375eb29e2427,42,Female,184,76,adult
43958cfc-6e9a-4456-82a9-798738ad97d4,32,Female,193,34,adult
34c56b79-7d87-4f4b-898c-9756d5650cf1,33,Female,71,6,adult
66a2cc39-266d-4a1a-b2ec-915e2a14a182,40,Female,181,86,adult
5862bc48-e36a-43b3-a242-2c1e17825ec0,30,Female,131,36,adult
a021b1c4-5227-456f-9bb4-e2ffad7283e6,34,Female,136,36,adult
d68b2623-b0fe-4dd3-acb0-36f8861d7498,45,Female,132,53,adult
fd910434-6d11-4acd-8497-8f4d82ecfa1c,34,Female,53,88,adult
ed43da7f-d222-4228-868a-d198f122474c,37,Female,38,33,adult
0a992fcf-e287-4464-8de3-612113b500aa,58,Female,43,2,adult
5fc952e7-a137-4579-ac5a-3c507416be77,30,Female,126,18,adult
5f4a9ff2-666a-43d1-96da-02b82fd80b2c,46,Female,37,71,adult
3284a765-d2fd-4981-8dc5-c0f51daeeb3b,47,Female,150,39,adult
889fa704-58df-4162-b943-263f333a8a17,42,Female,102,32,adult
a2fb7c3f-6895-4eab-bd9b-39616690ce03,44,Female,160,56,adult
5d869ec6-77a9-4910-b7f2-318fa9618dcc,52,Female,129,70,adult
4e0e55ba-4973-4aec-99b5-6422597dc251,42,Female,142,55,adult
6c02eb5f-f508-4fc6-87b0-ecc7a7c3235d,39,Female,153,5,adult
089e1677-7618-4adc-a97a-ca2d14741bef,47,Female,47,86,adult
f95bf11b-e6fb-4f62-9e7c-670f4d9e0984,36,Female,186,7,adult
1f698320-c59f-43b2-9216-bda710f9645c,34,Female,75,98,adult
143e6601-1d53-4ed8-ba6f-93ef3581e5ab,38,Female,172,52,adult
6da66a5a-bd58-4f33-9246-6954e8373d65,52,Female,184,54,adult
a5036b36-a3e8-42f8-b557-2a25a1a8a8ac,52,Female,80,28,adult
cdf7f445-cd29-43cc-906b-a45265dbf33b,46,Female,124,27,adult
67801068-815c-4e14-a96f-eac7ce43d970,34,Female,55,86,adult
cff58555-71d8-4ac1-9b17-7564e480977b,46,Female,47,47,adult
4b993a13-5edf-4929-a73e-111984dbd2dd,32,Female,86,28,adult
c43df0f2-9c4f-4371-b091-02d42c229442,54,Female,180,55,adult
8ddc1977-0858-42a0-b506-144a20e35cd8,50,Female,32,9,adult
58ec175d-419b-4dff-81a7-f06bb26424bd,44,Female,105,69,adult
6a481519-53a9-46b6-9f18-3883a3ee3c73,33,Female,129,34,adult
9fc8d482-df8e-4487-9393-6b95a6af984e,47,Female,38,12,adult
37f91e96-6f5c-4751-a4a6-b2c03289eeb3,30,Female,65,50,adult
6b00258c-d6c8-468a-91ae-43d85b5676e6,56,Female,188,50,adult
1c27a43f-20a5-4c23-8fb3-2c8b94a0330d,35,Female,93,93,adult
5c2dbcef-cdc1-496a-a3c5-f8b5f5bcce3c,55,Female,21,8,adult
248e3404-02b2-4b9f-a153-9d180214c2fa,51,Female,51,80,adult
e2e61e40-940d-4a69-ae88-ba76b0d15236,44,Female,144,45,adult
ff2754ef-915e-49ce-a294-5b70f3182a52,52,Female,165,26,adult
15d61242-b25a-4084-8da0-be7e796a73b7,52,Female,127,19,adult
8113ce09-b2b1-4f80-a936-c1c389a24dbe,31,Female,56,46,adult
9910d8f2-ef58-4a09-be16-f64a99a57563,37,Female,28,54,adult
7ba8cef4-0351-4237-a273-ee4d0a5e939c,53,Female,105,47,adult
c07ee73a-d881-4bf3-95c5-6bd2cbe91ce5,45,Female,94,95,adult
889369c6-0c9e-4f95-bfbf-7478ed2119bf,54,Female,84,91,adult
3faaca47-7979-439c-afea-9d9b0ec689ba,59,Female,131,60,adult
cf3bf994-1d87-4035-891d-439b1cd2780f,40,Female,193,99,adult
4e8850aa-795e-4ab0-92af-12895885ec97,33,Female,178,87,adult
9a30342c-1a33-47d9-af43-3e167bd385c4,51,Female,130,19,adult
6c68a042-3c79-49de-9a87-370abb21e8c3,43,Female,45,26,adult
f36d1131-b233-49af-81f0-b462d4f511fe,34,Female,151,71,adult
748d6a98-43f5-483b-a70f-99ba6506988b,40,Female,100,39,adult
331df773-d15b-43bd-83b5-1c9a8ab830aa,53,Female,84,51,adult
a0688590-ad69-45c3-8893-0da66b178477,48,Female,30,86,adult
032cde62-d012-4ca8-bc78-b00b2e21fefd,59,Female,178,71,adult
376e2705-fe13-4bd5-8dec-83a54634eac5,46,Female,25,99,adult
651688f3-5784-4414-b392-82d950c2e65f,52,Female,189,25,adult
2c891e69-9950-46da-a816-755f10e544b3,41,Female,145,27,adult
e01742cf-1123-4a42-abdc-7b12dff4ad18,38,Female,142,31,adult
7b8c779b-47af-47c5-a60c-4ae209f01531,31,Female,45,37,adult
8a4e2cfd-1ee3-49d0-a68c-c995b70be419,56,Female,144,61,adult
42612f26-4288-40bd-9ce7-0c05b14d358c,30,Female,119,32,adult
b08d8efd-d2e4-42b3-ac97-de7b1e43ec81,48,Female,67,62,adult
18fedaeb-75a2-4489-96c2-87234cab4d0b,47,Female,75,100,adult
2fec6c6e-60b6-4cde-85ea-cceb613b1c71,54,Female,135,35,adult
6ba553bd-85ac-475e-a57d-29f1bd882d98,58,Female,97,29,adult
ce129f4b-f9cb-4cac-aeeb-4ddb8fcfa128,49,Female,176,6,adult
1074cfa0-1f64-4570-b011-c4dff1b8e122,50,Female,52,19,adult
129c23df-4710-465d-9206-2db4fdc8ee29,35,Female,138,46,adult
ec05bc35-ac1f-4bad-8015-313a994ad114,30,Female,37,3,adult
030475fe-cca0-4b81-98d7-b038ae56ffdf,40,Female,151,68,adult
e40533a4-9bbf-4fea-9b8b-a34dc6f8656e,58,Female,24,44,adult
974ef6db-bd8c-4ac4-89d2-8f850bf85131,53,Female,50,5,adult
873e9981-e39d-4cad-8fd5-77729ac407d7,39,Female,158,88,adult
40415993-065c-421e-9b43-f3030de78e01,40,Female,51,53,adult
d39a37d9-95af-47ad-935c-18002fdf8944,36,Female,36,19,adult
ee06bc03-5ea9-4c10-9320-f088a73bbfff,49,Female,121,36,adult
5c49acf0-c7ca-4160-9960-9fd706c40d7c,38,Female,72,7,adult
87852668-40fe-4a57-8f27-e45347250304,41,Female,110,93,adult
c55bb287-bae9-43f2-a78e-39ca26cab61f,37,Female,115,59,adult
c7318035-7209-4210-8751-1e5cdb7f873d,43,Female,107,13,adult
f46e18f0-8061-4d75-acd4-6130dc7cf06c,41,Female,93,65,adult
e9333068-a704-461e-b5a2-078e7ff1bdad,58,Female,91,9,adult
656a9a0a-ce2f-4182-b59d-22b35f5f142e,55,Female,123,17,adult
b9d5aa0f-4a7d-410a-8545-d6434ff1a049,33,Female,191,98,adult
26d5efa0-e432-48f9-a85c-401b05294583,44,Female,180,19,adult
8178a4e0-1019-427c-815f-f42b767b2a9f,53,Female,98,35,adult
9d36af13-87e5-4539-82f5-520d7de3b62a,36,Female,37,54,adult
859dee7b-e820-4329-92d5-6e96224a9260,35,Female,178,8,adult
6a14a168-9c23-4506-b88c-8e9c2f0f277f,54,Female,168,39,adult
4d7038d5-cf77-4a61-a915-e4b85db83bc9,52,Female,95,12,adult
54449e3b-7e5f-45c6-94cb-95a6d24b8f71,42,Female,149,6,adult
371d4ce8-130e-4b05-ac1c-4e4e7fd3aacb,54,Female,117,92,adult
da472177-cda3-4575-9a1c-44eaf02b8a5c,31,Female,93,11,adult
a142a353-eb2f-40cc-9db5-b3ccbe26297e,40,Female,85,93,adult
0ff90970-4bb1-4037-942f-e7293222d3ad,40,Female,58,55,adult
da0acefe-c080-4b36-9adb-e0baecdab24d,58,Female,106,87,adult
ab09cf81-d434-4067-aa05-657b68af612c,58,Female,140,32,adult
cbd18920-6128-4d1c-843a-b528606e6658,32,Female,60,26,adult
854c909e-e983-468e-9757-57eaf9ea376d,46,Female,174,78,adult
a3274820-517f-4657-9817-bab6a1cd8180,53,Female,177,64,adult
034cdaef-92cc-40e8-b058-8a17c003964e,35,Female,32,8,adult
bdc193c7-99a9-4587-9aa9-66083bb9d485,35,Female,119,40,adult
3cb36523-1eab-4925-9c00-c11617c58cb3,31,Female,193,27,adult
bed21f66-dd36-4800-ae20-7094349f1cf8,35,Female,148,76,adult
fe1be779-56d1-4800-a3f2-273fdf9d6022,50,Female,73,23,adult
00e85cc7-a606-41c8-b01b-037037617d09,33,Female,187,83,adult
a8e2ba84-6468-4941-8c32-85bf204f3bf1,52,Female,187,95,adult
c0190a5c-2d6e-41bd-84e6-1d8c5dad29b9,33,Female,149,76,adult
a53c4875-eb26-4162-aeee-831ef715b735,48,Female,102,46,adult
f56f9f2b-8512-472d-a8d6-723b406a1063,33,Female,167,59,adult
0c6d5abd-76af-4013-b6a8-b9c76d52df29,49,Female,121,75,adult
7d6e3949-faf2-4685-b3d4-64e895a7bb83,57,Female,66,54,adult
93980cf8-b9f6-4192-95b8-3aac4e4c0d74,53,Female,38,4,adult
51a7c091-f60f-4e46-b8f9-820f3d0503e1,45,Female,140,40,adult
c6c399ab-862d-4a7b-836b-46d2d20baf0b,39,Female,54,91,adult
4e04dee5-0afc-46c8-9a54-d1d3b4adbe92,40,Female,159,70,adult
0b827f1a-22b1-4201-8fb6-15547ca79a23,59,Female,135,8,adult
906f357c-ad9b-4b0f-b4fc-1ec551869870,49,Female,183,7,adult
0fca10da-39d7-4ada-8168-7b676029df01,46,Female,21,11,adult
1c96c198-d249-419d-9d1e-d7e3723cc068,51,Female,92,60,adult
6aae3898-a3e9-451d-90ac-23d5546bf88b,59,Female,161,53,adult
987501ab-e1aa-4adf-bc6e-8220db6a297a,35,Female,35,94,adult
006e329c-631a-4c48-b53a-e7b0c6a4eaf3,42,Female,50,39,adult
ee4d02d5-f57c-4108-924f-b04572a8f2fc,40,Female,114,13,adult
4dbb441f-0c00-4c71-a631-a156aacf8b69,49,Female,95,16,adult
10135303-2a0a-4031-bc5d-be972537037d,41,Female,123,87,adult
b1fcc64f-e0d5-4946-a304-5b54aa8c5d40,43,Female,116,2,adult
9046984d-7b52-4cfc-a6bd-bb66ec904b68,40,Female,109,93,adult
2c192473-7ae0-4c15-a5fe-c36285fc7d77,46,Female,31,13,adult
199de365-5cef-4be6-bd8f-ad8097a29fbb,43,Female,162,85,adult
a2bebdbf-2bd2-468b-a805-edcd9a11803f,36,Female,143,61,adult
16670faa-cae5-467e-a8a0-63e1548b9090,45,Female,41,40,adult
60523e5e-5605-408d-9c21-f1ac2822ba43,52,Female,28,12,adult
0ad1892b-4b33-4961-a8b4-5808503aabd1,56,Female,145,17,adult
520234d1-3996-49aa-a370-8ad4527ad590,59,Female,158,41,adult
6c99d8ed-e43e-4919-8462-b24e68adfcea,53,Female,195,8,adult
a732a8d8-3019-4830-aaa8-3f50b12bcfc4,35,Female,21,39,adult
567b0a33-c685-4e2a-a5ea-c0737532de8c,50,Female,61,68,adult
4ba8b3ce-beda-4da1-a3e5-70cfad7c3892,30,Female,172,5,adult
ee640665-78c8-4a5b-be33-62faf23cce59,52,Female,89,77,adult
94d6353f-6c6c-4dfa-aa3f-399da6465262,37,Female,169,67,adult
dad463b9-86eb-4054-86b4-f96a62d6bfb1,30,Female,114,60,adult
d1bab99a-c7a2-43a8-a29d-72f703a29f84,30,Female,102,50,adult
7208c821-4599-460b-9e3e-92af7172dc8c,52,Female,38,78,adult
96a4e41e-3624-4fd3-9413-74a10abc566e,31,Female,146,12,adult
e35f2af0-7906-4296-960b-41436be543a3,52,Female,43,89,adult
87d9e51b-b017-42ac-9192-a80c5ef26fe8,51,Female,154,67,adult
ee42b577-2bd6-4ecf-b98d-075d8b4a7866,43,Female,43,29,adult
95c4c04f-619a-4615-9895-7afc6171a6a3,54,Female,139,53,adult
e825ce70-60d1-4772-a05d-ebf4e287b0d0,42,Female,104,43,adult
211fbdeb-0f19-445d-bf23-324d1098ff2e,38,Female,192,42,adult
133605c3-fbb0-41e1-b3d3-54bd53f334e2,47,Female,26,44,adult
55e106ce-cd8d-4984-8b6d-e3e8a8cc1081,49,Female,59,97,adult
ea5868a4-e0f5-4c6d-a988-7298b0e3db00,32,Female,80,85,adult
fb53a389-0d97-42f3-99ec-d3037404c559,50,Female,113,96,adult
1ea684cf-3458-452b-a854-8052df1a6d3e,38,Female,142,33,adult
729d819e-9518-40d9-9bbd-2ef7f2f91712,33,Female,91,67,adult
d52cccff-8b0d-400f-b5af-13b70707a579,39,Female,26,60,adult
40b39024-15a0-4ba8-8028-80528b99f631,45,Female,155,68,adult
de3757f4-5846-42f1-8405-5e09567b9110,31,Female,148,25,adult
e4a37096-725e-4105-b557-e933dfd9c107,48,Female,121,90,adult
0bb38774-608b-47ae-9cf4-bffbaec08445,56,Female,200,91,adult
9ac9cde3-f2f2-4411-9bf6-f12acc24bec4,35,Female,131,85,adult
98dbe9ce-4ab4-40cc-8f9b-02caeebb9d5e,50,Female,74,53,adult
292c2eae-d346-4d04-b6cb-70e5aaaf7399,54,Female,98,63,adult
4eb7d119-72b7-4a36-b349-fb97e364c3cd,38,Female,65,81,adult
ce5f0796-cc48-469b-86e7-cde8210755fb,46,Female,44,34,adult
5029be7d-2bff-4616-8b85-f6a4703e4fae,50,Female,77,9,adult
e3f46c18-de61-40e6-9561-8bca96d07b94,34,Female,144,32,adult
26e64397-6de5-4c95-b9c4-ccdac3c96fe1,33,Female,158,77,adult
0dd04cda-a9b2-4980-96be-370e88acac65,43,Female,47,64,adult
a1fdd0e5-9606-455e-a400-d13093f66a00,34,Female,181,12,adult
94e2df21-a263-4940-bb89-95ecabae16e4,56,Female,158,43,adult
a36b122f-7d54-4498-ac3a-0b02da17fd49,58,Female,114,90,adult
a97fdc05-910e-40a0-a8da-243b64c60664,33,Female,156,66,adult
477841fb-1d9b-4d72-8204-f72870d45015,37,Female,136,42,adult
8fa83b19-6432-487c-bfe2-b0d14315a74b,35,Female,34,43,adult
ba024f80-86c0-453b-ab44-32627bf1d53b,31,Female,64,63,adult
6585411b-a4bc-443e-a1c2-5c105894b403,52,Female,86,99,adult
52f902b3-b0d4-44de-a8c8-a7b7ac368c3e,32,Female,107,36,adult
b965a823-7056-4e6f-b3b7-d43f8cafd23c,46,Female,75,17,adult
46d1b44b-c8ac-4950-a637-867f41c2ef58,42,Female,33,91,adult
95f63f69-c559-4f19-8675-6fd1caeccdc1,53,Female,69,22,adult
f750e57b-1e1a-4f98-9f32-04d3e0551d86,35,Female,170,9,adult
cc6950f0-7bea-4a5e-a8cd-8dd1a6c3d333,31,Female,114,6,adult
24924399-abb5-447c-bb6f-f03495ed8298,58,Female,189,33,adult
37a62a59-c52d-4af5-9fb2-b690355187ec,51,Female,194,59,adult
6b8b61ae-df40-4ede-a8d2-fc9251166078,31,Female,196,77,adult
54734a76-e8a7-4fdf-b3e3-b770bd4c355f,43,Female,80,71,adult
b4a9ef73-579b-4ff6-8de0-3a6c4612e2dc,50,Female,166,44,adult
b02457c1-a2f0-4b1e-a8d5-a20e2fec7a28,46,Female,119,28,adult
877356d1-0dd6-4604-846b-3e4b20f2b8b6,32,Female,118,9,adult
040abfdb-4827-44b9-8191-b719cdd27f81,56,Female,49,44,adult
892482d2-69ec-43b9-85e3-798379687085,57,Female,92,39,adult
86780be3-306f-49fe-b6a0-a21cc3f2ef8e,31,Female,69,14,adult
1acd055a-ab29-457e-a4c2-b1558132561e,58,Female,80,44,adult
cd515217-c4e9-4b54-aecd-9e3d71b4f27b,48,Female,177,24,adult
a3e2c90c-04de-4bde-a778-0da82ad61592,54,Female,34,71,adult
7bf26140-6f9a-480d-9f67-5afc1d2be7fb,42,Female,141,8,adult
95c8db8d-ddf6-4f49-84f4-275f9bd979f6,57,Female,72,83,adult
c091bdf6-2204-48c9-a50f-9955163440e3,51,Female,195,38,adult
ec65a31f-64b5-4c7f-b831-7f990298e9fa,59,Female,182,33,adult
8218f3fd-9e8f-4823-add0-91efc71a83ad,36,Female,25,1,adult
a8c1c393-4737-4dea-bd4a-6ffdc54699a7,31,Female,53,14,adult
42c51404-d1a4-497a-a9e8-a7a3ff23fc28,32,Female,116,63,adult
545aecba-faca-48fe-955d-758ef46dfc65,33,Female,182,46,adult
9bdce1c9-af60-4111-b1f2-f1138430f923,30,Female,31,57,adult
0f7feadc-1a72-48e5-8ea2-de6cea8d91ef,46,Female,154,43,adult
68eea37f-9066-4128-a478-d20767bda06f,56,Female,134,30,adult
56ebb761-8d55-4c74-b426-fbf71fff31ed,31,Female,96,89,adult
8900a200-fd1f-420d-a05d-29ddfec8acb7,42,Female,26,43,adult
9bd15ac9-1b85-4113-b81e-f44bf701ad39,53,Female,119,64,adult
9cbfafa3-cfb4-4518-8186-b3fba0ddb073,31,Female,194,27,adult
2ec16c77-5388-4d67-b2f3-122c639742e9,41,Female,66,66,adult
e2b1ede5-ee25-4b7c-8517-e5ea3467f689,40,Female,65,39,adult
e520e624-f49d-4fb0-b95c-c35ab24540ba,48,Female,73,96,adult
8f5c15bc-78db-4b70-981e-db0870b2644b,46,Female,163,75,adult
4fa0342f-20b4-4b2a-85df-d1eb8b536a09,51,Female,158,72,adult
c753849e-6543-4e33-859c-8176063d9609,32,Female,158,81,adult
7db977bc-5a99-497e-8d4a-a76759dba5a5,53,Female,76,65,adult
eb045a12-df7a-423f-8178-0be9214eb548,49,Female,96,74,adult
9f07704f-299c-4e48-bcee-42fd19a1fc04,50,Female,153,64,adult
b4c21718-b6b0-403e-8f69-9537c4102025,59,Female,67,45,adult
ea571af7-035c-4236-97d7-7d0384a55293,52,Female,95,29,adult
92d9bf77-7ef7-4de3-8734-8b20127b33b6,47,Female,193,63,adult
d03d5bb3-bff6-441c-9ea6-dc166d5346e4,49,Female,21,65,adult
48988fe0-85f9-4762-863d-b6e822ddd120,49,Female,96,85,adult
3070131a-014b-4eff-96d7-d20db16b4162,47,Female,192,17,adult
2af1681d-cddf-4028-88c2-80fe244de824,52,Female,71,11,adult
b2f8f38e-7b58-4fba-8d83-eefeb8fd7d3c,37,Female,100,5,adult
b4c4a8f5-52fa-429b-a497-13d71cc34629,43,Female,124,74,adult
570b5a93-3061-4c14-b503-aa8db6340e1f,41,Female,39,18,adult
59767131-c805-4744-ad68-b14ed627012a,35,Female,47,34,adult
6a1a79d5-bfd6-4cef-bbc0-ba2a0644ee9b,30,Female,74,74,adult
c9c726a4-ba32-4d6d-a0c5-d8edd40d5e13,57,Female,48,34,adult
bc374226-dd53-47f6-a047-1d09aceb6357,57,Female,172,70,adult
1c3bd0f1-0a67-4f6b-be24-a6553e93e94e,45,Female,78,77,adult
c1dd7ed9-0b82-4d4b-941b-af8c8c6d4a33,42,Female,43,92,adult
d229c0da-f03e-4b6f-9437-233678db2e4c,35,Female,133,15,adult
f85ad401-3365-4e99-b39f-bf553eb48163,56,Female,182,99,adult
08912283-bc62-48b8-89aa-f59da7338e5e,57,Female,94,59,adult
e586eaa3-0343-4632-ad8c-d1cac3b784b5,59,Female,96,8,adult
d086a81a-cb80-4bc7-a361-1b84f2a06859,50,Female,107,10,adult
919d1d85-94b3-4dbb-8ce1-2b60c6e8f625,38,Female,30,71,adult
e82c67b3-0b9b-4c95-8f4f-4462625a5562,34,Female,198,96,adult
a43f7d0c-1f32-4b71-b7bd-226b09e68ce0,57,Female,46,77,adult
cc43f26f-06fd-4d1b-8272-fefa84ef99b1,32,Female,88,44,adult
d94d3f1f-2cd0-4ae0-b6cc-ed233b9beb2f,47,Female,40,40,adult
0ba0e151-8dc4-46c8-b9d5-59217891514b,42,Female,181,90,adult
4eee4e92-3af1-4a1e-a183-8ed87b1d00f6,40,Female,109,42,adult
13aef6a4-2459-43c6-bb63-2e40f842ec76,55,Female,180,23,adult
f0f8991f-82e2-4866-83cc-fde0051dc5f7,46,Female,33,84,adult
affb4272-3278-41a1-bce5-be009b5bfaf2,31,Female,52,23,adult
5eaac1d1-29b4-49fe-8b5f-48cd03378afc,48,Female,171,88,adult
7e810be0-b0b1-461a-9609-fe98924e3d61,54,Female,126,67,adult
e7650b31-5d34-4b1c-b491-9d8ceecd04a6,46,Female,67,43,adult
fa9aff2b-bf99-47d8-bdfa-a9f89c49fc84,41,Female,94,6,adult
26be962f-cc23-48f0-8602-ade3303916c7,37,Female,96,25,adult
493ef6e2-48c8-4247-96ae-ee6ff5fc3f63,31,Female,91,49,adult
6e2d71bf-250d-4fce-9a80-e9c7b17f83a9,59,Female,118,11,adult
feb6a955-1614-43e4-a2eb-0d64fee41307,33,Female,101,31,adult
049955a6-bbd5-4110-bd88-0173208a01d5,51,Female,54,78,adult
fd4a2dc6-e909-4643-ab22-931ebe2c8f4a,38,Female,28,90,adult
dd1df1c9-4397-4aa4-a3e2-a33565304d45,56,Female,121,80,adult
ed24f911-d2c3-4f9b-aa6d-1fa65af3e99f,30,Female,30,87,adult
d00c82f9-83db-499f-bae1-2d46cfa8f95b,39,Female,178,85,adult
4c099838-d32d-4504-a1c5-acb4464f473f,34,Female,184,29,adult
9367be07-0d56-47fd-a09a-3d10a2cec27c,36,Female,58,94,adult
ee244206-4367-410c-ba4a-a5bb143282aa,38,Female,76,42,adult
38e01a11-dfd5-4a71-9152-c3a05a5090e8,58,Female,102,24,adult
32c7c7a7-e271-489b-85b1-3a745369c895,43,Female,117,84,adult
bb64578d-37d9-4cdd-81c3-a5a73f76cd73,55,Female,57,79,adult
44d27c5b-f59d-4907-be33-e3a0a25bc4ec,50,Female,167,19,adult
e2393c96-93fe-44ef-bf4e-f532ff90c02a,56,Female,176,53,adult
3df1dfe6-02a5-4739-8d6e-5286844a11e6,46,Female,59,70,adult
5cc79178-329e-4461-b0e3-635b24ab409b,44,Female,143,75,adult
8200860d-2f7d-4300-82fd-315b8dbb8be7,58,Female,124,84,adult
78f01057-6bcc-47aa-9837-83a6a03a1cd2,51,Female,195,94,adult
ea73809f-cdcd-4bc4-a4a0-9d5af43247c9,51,Female,111,95,adult
240e0b76-3696-49a6-b88a-244a268de520,37,Female,117,33,adult
1cf02668-b092-4754-a6ca-cf08c9d33652,41,Female,69,49,adult
d04897cf-1ce1-413f-b49c-5ee04e24fbfe,57,Female,157,17,adult
4c51a2aa-e501-44f6-b640-f68ba90dd728,47,Female,33,80,adult
3aa5448c-b826-4a27-82aa-12ad008367c2,55,Female,71,43,adult
7000a6ec-ddbb-4b61-a869-09373d5796f2,41,Female,197,17,adult
68071e74-3203-4c23-bf18-6fc4fee2bbba,44,Female,42,87,adult
0abc8c47-bc23-4d3a-892a-5cb1dc8f6355,52,Female,51,5,adult
7e1bc468-de23-4a54-91d1-984f44850224,38,Female,30,8,adult
23ee1531-2799-40c0-b405-bc3a256ccd8f,36,Female,25,32,adult
26151c49-480f-4ecc-b62f-7cf257bf9b81,52,Female,138,64,adult
3d852dd0-a9b5-4cec-958d-934c30e43797,55,Female,161,10,adult
cf2ae689-3274-45dc-ae76-9d2a5d8ba483,30,Female,165,3,adult
982482e7-0d05-4995-b62c-9562dbbe5e8f,33,Female,132,51,adult
48828a14-cd57-4dee-b071-922a178e7f01,31,Female,153,9,adult
28c2904a-274b-4d9e-ab05-1d1e246f5ba2,55,Female,134,63,adult
3324ceee-974f-40b6-8590-7bc459e2c5ac,33,Female,128,36,adult
b61549f9-cb16-4b67-b929-f1fbbf939b71,49,Female,60,78,adult
c46411ae-31c2-4906-ad17-57eb5ba5bc42,42,Female,44,12,adult
2d96a209-8c36-48a4-8c96-f29bab22eb5f,59,Female,133,56,adult
862cc968-9501-4916-b7e0-2b6b0f13b9e6,30,Female,82,71,adult
0e21e42c-3aae-4711-83c0-737171bccfcd,32,Female,138,96,adult
146cac5e-d9d5-46ce-bdbd-cea4d1945bbf,56,Female,41,40,adult
72e7e14e-a7c5-4046-9707-990fe6cf917b,49,Female,34,12,adult
8b7f5191-9a76-4586-a084-18609e71dd39,35,Female,48,15,adult
e90eb985-6959-4372-b395-a576dd280a20,53,Female,146,100,adult
e411a08b-e2c9-49ed-bfcf-9fcd754e40e6,32,Female,38,100,adult
7fc4fd4f-0649-4e3a-96bd-7f7890358c89,30,Female,160,100,adult
6d2158f5-faee-4c3b-aec6-044a03ae4a41,31,Female,32,28,adult
f1eee411-dc6d-4f2d-9b16-0f486b8f3964,32,Female,164,26,adult
91685add-ee41-4f26-8e7e-95e5e3b7a084,47,Female,190,33,adult
28fae2df-6c35-4e4c-9d09-d63bcdb9c2a8,56,Female,79,26,adult
153f2493-f057-4157-a09e-cf69fcdb087f,45,Female,51,100,adult
f55a4b62-4d04-41a2-8884-a5dcbb3b649a,36,Female,98,17,adult
7db44bd4-7298-4a87-9c4e-31295bf19c84,51,Female,184,43,adult
7300fa90-ce6c-4426-b20b-b2126da941a2,34,Female,101,72,adult
6481a917-3d28-43ef-af76-d346d0785d71,35,Female,93,25,adult
2d2be9ee-9929-4a1f-864f-96029672d094,53,Female,51,1,adult
8b0cf8e9-2d07-437c-9a51-334d57dd0124,44,Female,141,46,adult
57fe820d-e3d2-4dff-9d60-3c3c56a2b1be,49,Female,118,6,adult
c4eab55c-62fe-4ce2-baea-669355e0cc97,48,Female,196,69,adult
fcbd41e2-fef9-451c-a4c5-95355a41e40a,38,Female,23,36,adult
1559978b-ff50-4d3d-a57e-5da6d20f719c,58,Female,117,40,adult
405b0e0a-f2a7-4012-89ef-63682122d042,48,Female,96,61,adult
92c8e106-f09b-4029-9e8f-4611af46c04a,48,Female,94,8,adult
007d51ab-0af7-4bd5-9ed3-af8f7039838f,40,Female,104,18,adult
2199070d-7e43-438e-91ce-d45863395f5b,32,Female,171,24,adult
c704bb8e-1310-46f4-a5b5-f4817149fb6d,59,Female,74,28,adult
fac276aa-2afe-4051-bf74-9a488c532002,58,Female,92,44,adult
29861c90-bcb0-4e12-a848-3c0822f4d97a,51,Female,67,37,adult
1ecc3c42-5d06-4f86-9171-2eb333af52be,32,Female,87,78,adult
b52a596b-ec20-47c2-96a6-9c2676d9dfdc,34,Female,105,64,adult
767b6639-42ca-491d-b292-85e90041c1b9,56,Female,109,28,adult
665d9b58-961d-4151-aad9-dd9cc059d16b,51,Female,20,57,adult
aeaab4f3-ec2e-4238-96a3-1f8f81e48c47,58,Female,36,33,adult
78a2045f-19d7-46a3-8723-62cd2d978c9e,52,Female,23,93,adult
c61fe622-2803-400a-99c3-f1d0d5d3e7cd,37,Female,173,60,adult
0501dba2-e94a-4c29-b70a-b5fb73ca73bd,56,Female,36,3,adult
41bfb37a-335c-4107-ae07-273189dc49da,58,Female,63,99,adult
7c7fd3c1-77e1-4ac7-aaf5-f999a305a402,58,Female,158,56,adult
5a4290e5-eb14-42ba-8149-9de33c9d5e4b,40,Female,45,100,adult
c26e2583-aab6-41ba-981e-90e6decc99c4,54,Female,196,30,adult
3e73d57a-61ac-4079-9f1d-a6c514ca035b,46,Female,171,47,adult
5fe9bf02-af35-4615-952a-dc51bd3feeb6,48,Female,53,75,adult
a7d97dbf-6e17-447b-a6ef-7ea9b8150605,58,Female,67,75,adult
d15de9d7-dc98-4418-aa77-d9379dbf219b,42,Female,52,36,adult
741fb135-98b5-465f-a8b1-f6867086b4e0,44,Female,82,64,adult
81c3c1df-6fdf-4dc1-a0d7-39ee403ac87d,32,Female,125,38,adult
70dfbbeb-11ce-4287-8072-f5168efd8cf7,31,Female,55,14,adult
bad30b03-53fe-4233-b18d-0e028ccab2c5,41,Female,161,19,adult
14f3d551-1e4e-42af-9755-a2e706bbf707,38,Female,58,37,adult
586fea4d-28d7-4ff7-a783-321dccaae0ce,46,Female,187,89,adult
f876f8ab-6696-4d96-966a-388b736aae2b,51,Female,68,42,adult
3a263fa1-c6d5-4aea-bd58-57ef6c3ee58c,52,Female,143,71,adult
03fc2d95-c553-4de8-94d7-571eab012609,58,Female,135,31,adult
6fb0d538-4aa7-47ef-b99e-f2a111e5a39d,55,Female,133,79,adult
0e6a4125-fc48-44d8-be7f-af895b96e7ab,31,Female,86,80,adult
146f21b0-b65c-40e0-a973-ee3093cc9960,58,Female,109,75,adult
4b72089f-fc1b-44f6-9375-9e7c15a1dc93,37,Female,31,36,adult
06baf16d-4dd2-43a0-a379-53e30480399b,40,Female,195,10,adult
77ba50fd-1b1d-451b-9fec-0618abbb136d,51,Female,190,48,adult
1a6f6dbf-8ca9-468a-81b9-09b01b0fbad9,33,Female,138,78,adult
5c5f1ce1-0880-4dea-b341-c6e1ace2ca80,46,Female,145,68,adult
7417c1c3-b230-4244-bf5b-d32d304fbfdf,33,Female,24,14,adult
002c353e-bb56-4590-a66c-38c728ded7a6,41,Female,24,3,adult
c0d1ab04-b4bd-4462-af80-36dda86cdf94,48,Female,36,77,adult
36b2d3e1-3b40-4f80-a72a-9501325ca8a2,47,Female,175,99,adult
ab19a586-f6d9-47e3-a46a-ba95c63d9c42,36,Female,157,63,adult
c3788633-4bec-4301-a930-d275020dfb00,57,Female,115,45,adult
b02baf45-375f-48f6-b4f0-f5da5d0cd1f5,45,Female,67,8,adult
cb8547b5-1e5a-4881-8d1f-0cea59a28a19,32,Female,188,78,adult
aa89210e-cf7e-470a-8112-efc10b793132,46,Female,105,86,adult
2db4717d-aca2-49da-aaf4-45c1c90d44ae,38,Female,82,25,adult
dd07aad7-7db1-4d99-bdb4-9f5dd2da4199,56,Female,173,93,adult
67487786-7a71-4673-bbbd-fda3e4391140,39,Female,42,4,adult
23bd37b7-e9c3-4731-a5dc-674cb7c4fd62,46,Female,43,95,adult
c3ebef17-220a-4379-b647-3ac8a7041422,51,Female,185,80,adult
033fc9c9-c6ba-4f73-90c3-7e067186509e,47,Female,150,9,adult
73295c89-2527-4320-b21c-70038b38560f,33,Female,159,76,adult
0cbe0e5a-63a9-4ff7-920f-c12a7297b148,30,Female,150,5,adult
6b6b758c-4af9-4c34-b816-6497713abe45,59,Female,158,28,adult
21da52af-1194-4c37-adba-aa39a6393706,52,Female,186,13,adult
4e5afc29-76d9-4769-87ad-4ccb23bfcaf8,44,Female,121,76,adult
ef9f49db-90e6-43b2-a9a2-d04ecbe8a58e,43,Female,108,51,adult
0146f18c-7699-4ea8-a8e6-efbe5df91d9b,39,Female,23,75,adult
ffa0a3b6-ec3a-43f4-b743-6d75c2c16bfd,53,Female,24,84,adult
15b19010-b9c7-4123-be62-777d5709cbc6,42,Female,48,4,adult
127846b1-d166-493c-99d2-d2d54a69a487,30,Female,161,11,adult
527bf3e1-1683-4ad5-a9bf-f812e981bd0f,52,Female,100,53,adult
862abedb-1e06-4688-8a15-0d45cdda8045,58,Female,75,80,adult
a715457a-5533-4b9a-b651-bdfe064e63d5,47,Female,72,41,adult
a0d8a182-c63b-4370-bdc2-0e7d2f17ae0e,58,Female,128,5,adult
917a0de8-a765-40d9-b6ee-524ea615cfc9,51,Female,189,11,adult
1f084064-9ada-4dc7-84df-b174e53f241b,58,Female,36,4,adult
716c8997-0b30-454a-a5b0-9d6297aee6fb,36,Female,88,56,adult
160cae26-5a36-4fbf-99a9-0e5cec62474c,54,Female,42,52,adult
f87301cf-0d93-489f-a148-8e23cddb1000,55,Female,188,7,adult
22b4fd4f-6fa2-4c77-be5b-57b9175bcd42,44,Female,50,58,adult
f2b9c62a-1fe1-4d3b-8afd-c02e953c1f88,44,Female,53,5,adult
edb24978-bfcd-4be4-964c-77f65ad78a62,56,Female,83,67,adult
9a56f5c9-e48b-457b-8770-6133ec0345cb,50,Female,172,47,adult
b9402aa3-6fea-4409-b378-d8d6a24c617a,45,Female,143,46,adult
67ef8353-1296-4127-bb38-1ebf1ecdeb60,59,Female,85,58,adult
da1ea379-a3f3-446d-bc45-0f35ddea5e7e,31,Female,198,73,adult
572527d1-c838-4a56-a255-7a63baa48c16,32,Female,191,95,adult
058856ad-bd74-45ff-aa95-d9f9d9f67207,38,Female,199,30,adult
ccd3f451-3ee3-46ef-87be-06465e59149e,51,Female,194,49,adult
e63a3277-ca21-409e-9055-7363ca27e7c1,59,Female,42,30,adult
ff0714f2-d9cf-4654-8ed9-d255f911a97a,52,Female,26,73,adult
3b762e5b-5364-45c6-a05e-d6bbdd1471af,54,Female,72,76,adult
00cb5c12-ae4c-4dcc-8360-1e542188151e,54,Female,184,35,adult
444c5c4b-f5ad-4121-aca9-fcae329e8e4d,52,Female,116,50,adult
96ad38ef-7ddd-42eb-bb1a-3d4d88b43906,50,Female,85,32,adult
c431c8bc-317a-44f6-a4f1-19a174706379,49,Female,172,10,adult
c4e2cdfb-0c74-46f3-bcfb-45683f9e5856,34,Female,55,38,adult
d5a641b2-11c3-4a8b-a24d-58231cd4de75,32,Female,127,93,adult
6f694fec-c998-47bd-a171-ffba93af6e47,53,Female,52,46,adult
697ddc81-dd2d-4045-81bf-aaba63817b1c,30,Female,46,55,adult
5f898942-1687-4d1c-9848-8c4c2ab8967c,51,Female,55,15,adult
c7722841-d9fd-4a19-aaf3-7c6994d7c458,53,Female,188,85,adult
a6e007f3-e435-40a8-8c23-e04930e6a764,53,Female,83,28,adult
afcef2b0-b0bb-477b-8212-600a19922082,47,Female,23,33,adult
79c31165-636d-4845-a441-086226a9379d,40,Female,35,71,adult
35ca80f0-505c-4e5b-bab5-4afb12a3be34,34,Female,136,11,adult
806b9e16-a803-4318-8b83-badb390c1c85,56,Female,109,88,adult
06f5fd64-b0bc-48ab-bcc5-20c4be2ad699,38,Female,51,31,adult
c8fd5fb1-12c1-42a3-8b5c-34d7aedf4ca9,51,Female,79,68,adult
52b21c1f-a933-4b4b-9ed3-7ae945ab5000,47,Female,26,18,adult
3e9e277b-c421-4935-9e53-f13a7d6d9d53,30,Female,42,28,adult
79dbe975-6d02-4295-bddd-d8b6a3f468dd,56,Female,179,78,adult
98af2f9f-74a6-4b69-86f5-129f9dbb46d4,39,Female,114,32,adult
2decc2f0-a74b-4d16-9d7c-9c31e4dc8d1a,51,Female,132,59,adult
e660c44e-ec22-468c-b8a4-96bb6e379210,36,Female,116,42,adult
8fba8ab6-2ce7-4327-bd06-031e4e9186cc,32,Female,160,60,adult
09797bd9-6e5b-4467-8c5e-81ddc438687d,56,Female,74,93,adult
8c30d00d-ed19-434b-9da4-8fc0a8b35207,56,Female,21,30,adult
651ae938-a482-485b-af9d-65e901d3d566,34,Female,114,82,adult
3f423447-b862-4277-94c5-91c66e351040,44,Female,177,22,adult
d3075d66-78fa-44c6-806f-30a27d96627e,35,Female,74,65,adult
252e5aae-33e2-43bd-b525-f749b63cbc67,39,Female,71,98,adult
e5d9c9e8-a761-4c93-99a5-77e31cd529fb,55,Female,161,37,adult
1265688e-c5cc-45c9-a7fa-6c58f8728a24,51,Female,123,55,adult
2d9d83b8-084d-4220-8688-08d9382d4afe,30,Female,39,94,adult
805560a4-380a-4090-8220-d50b6695fc7d,33,Female,33,30,adult
1ae0a497-87c5-4c0f-9d9a-7aedbc87d2ef,37,Female,22,43,adult
6c117a35-b315-4a1b-8cb4-2fb2d1836824,37,Female,50,65,adult
59a7f965-0c32-4060-b799-ad5b00cf5925,55,Female,192,86,adult
708f3330-2a3e-4567-949b-d7722d483750,38,Female,187,71,adult
b6e2f9df-a54c-432b-a93c-3fe956cb6851,55,Female,108,94,adult
29df5a15-630a-41d0-a7d7-e28369100147,58,Female,62,54,adult
53fc3323-e577-4db2-bc12-f98fa00a2373,53,Female,167,94,adult
12aa3740-3af3-43b7-99a1-169b0446e869,55,Female,183,87,adult
4578bbe1-79f5-4988-bf7d-b6e1a4138f39,58,Female,65,50,adult
ce718be0-f8c0-4099-8d68-3285504027d0,37,Female,75,37,adult
47de810d-5316-4ff8-a658-fd71951bb88c,39,Female,122,87,adult
92503030-6249-4f1e-a47b-8c92eddf1fe1,53,Female,179,18,adult
cc23f574-e2e1-4f05-b3b5-1ecfb1e1a4d6,52,Female,169,2,adult
e93ce3ef-67c0-4c8a-8a72-84c17d3b73dc,47,Female,142,4,adult
e0ca63c2-6d27-4235-8e5a-4a0481d0da75,54,Female,158,68,adult
6a1a242c-fc36-445d-ab9a-f414782aeda9,36,Female,43,55,adult
55ff3e28-e5fe-4ac9-8c8d-471ba258b4e1,51,Female,100,74,adult
45e539d5-4ae0-46c3-ac32-89e060defd04,54,Female,189,22,adult
f6c4306a-5948-4202-b525-c9074ac85767,38,Female,30,38,adult
dac652a3-d852-4490-90f4-f0682d49c176,36,Female,145,95,adult
340e1aa9-6df5-41fc-afe4-2de014ecc62d,36,Female,171,37,adult
47885f5c-ed98-4821-a5ed-f048ff15b041,34,Female,80,13,adult
bccb2803-60e0-479b-a3a5-9eea23818925,47,Female,69,57,adult
a78b4e4a-4b63-427f-802b-d0f9f5841541,47,Female,55,58,adult
93372b3d-864b-43de-a862-b2017109592d,58,Female,130,63,adult
f7171d12-39a0-4f85-85b8-741e817ad3ad,32,Female,69,10,adult
7e946a29-f4bd-433b-a17b-9d77b64f2f82,42,Female,32,12,adult
61aefae2-e014-44e9-83d3-528b54882277,55,Female,46,35,adult
9dbe1ae5-c7ee-48f1-84f8-8dfb1d28f235,34,Female,43,37,adult
595b74fc-ad81-47af-ab7d-27d737aada0f,49,Female,65,42,adult
d34ae4cf-816c-4ca5-a673-ad54dfda6567,40,Female,172,13,adult
b2a17263-0d58-42a7-bc2e-0240fe0ce5c7,58,Female,69,3,adult
029b91a2-deaf-4ff1-b4d6-ae76affb5434,44,Female,54,7,adult
cb64067d-bf6d-4a33-86a1-8c382233f258,30,Female,53,55,adult
dafb3207-2217-4187-beaf-72a57a383d13,35,Female,199,33,adult
fc497d59-156f-4694-badd-35ed0f66c347,45,Female,129,33,adult
c4cbf057-5318-4aff-a033-530dcd892d57,35,Female,39,82,adult
2d65b967-f41c-41ad-97ca-84980f492285,34,Female,82,12,adult
593ac408-4f3e-4da3-a96b-ee0bf85d0195,47,Female,26,38,adult
9aecd23f-68cd-4bf2-9f7a-8a500619ad01,54,Female,177,53,adult
c5a87959-fddd-47e5-ab47-c3e69481c523,50,Female,104,25,adult
40060d5e-ef44-41cb-99c9-b71d3d21c37b,57,Female,53,24,adult
8a9899c6-1180-4180-882a-117ddd986c6a,43,Female,168,50,adult
4f90627b-1767-43f1-972b-63c31f142f82,59,Female,46,44,adult
8f47864e-c264-47ea-a00d-0cae5c3562ad,31,Female,185,39,adult
7c0bc16a-b232-42c1-b4d9-29d2d24b0004,32,Female,36,33,adult
d148b105-8495-46df-b38c-e3d920b83b95,48,Female,184,19,adult
da3ca8aa-1c1a-4f9c-855c-93e20cc3b35d,50,Female,153,16,adult
d6fed23c-824d-4be2-8066-51169aa9f99e,41,Female,122,76,adult
9331efc1-242a-4fa7-b0c2-13cd6a0dd869,52,Female,187,10,adult
475544f7-0d5c-4541-b11a-4cad255e80ae,43,Female,136,44,adult
acfd39b3-2286-4904-82a2-1dd14f0ad600,31,Female,147,60,adult
126121d2-a20d-4863-ab43-7f9069afd360,33,Female,31,50,adult
e88fa36d-475e-4650-a1cb-df901021a4ad,54,Female,21,63,adult
edc74aca-149b-4b96-a44a-3e529d1b0e0e,51,Female,52,99,adult
8eb618b4-2fc0-4f6c-ab43-a1219f55457d,45,Female,172,49,adult
a9c3d8e0-cbdf-4735-aace-aba6d642d7b5,47,Female,117,46,adult
c27cd221-584c-4504-a5b6-308a3020d91f,50,Female,31,19,adult
bf25c154-cceb-4ed4-8307-8198d4950907,43,Female,47,57,adult
d022faa1-1df6-4710-9aca-519625e448dc,55,Female,48,23,adult
1a18cd5b-71d5-4527-8ac9-38191c5124ab,57,Female,54,21,adult
670009ac-6747-4983-bd29-7dd840408416,58,Female,139,54,adult
57ccb777-2241-433d-b10c-1957036cd546,55,Female,159,34,adult
fd9fadb4-1820-46cb-85b8-3333ac885bc2,32,Female,46,73,adult
9d5ca57a-40d3-4e3e-b2b6-889f31b112ee,47,Female,110,22,adult
800476e5-bd53-4161-9eeb-044418152c38,54,Female,93,65,adult
ac0be6bd-1e2b-4149-88b2-ee307a050077,52,Female,51,34,adult
9cb31f9b-f064-4e2e-a476-6de50c29519c,49,Female,104,27,adult
3aa1f275-03c2-46ae-95f5-b9a8ebe8ec32,47,Female,189,14,adult
e6ea00a3-d802-48d7-8a8d-bebcd0c4180b,32,Female,100,55,adult
6cd6109c-2c76-4108-ad58-ed995960f35a,40,Female,196,30,adult
21d2cfc3-75dd-455e-b330-3e76f4f15686,44,Female,42,85,adult
49aa6996-20bd-472b-aa6f-08c28a545c06,37,Female,39,33,adult
2a356ecb-a7dc-4793-8aac-18fc3f5807bd,56,Female,73,24,adult
bdd4cb7c-7a18-4756-9993-a235fc66fc9e,48,Female,143,97,adult
bf50be42-0e10-4717-9c91-500d4f1bbd12,48,Female,102,38,adult
5f614382-ea64-4930-90a8-d7a0085a0eed,34,Female,36,27,adult
2061675a-890f-45a0-b55c-22ee1bd519d4,44,Female,156,65,adult
55a99e67-2527-42c2-aa28-8708b71578db,35,Female,130,42,adult
6bce17fd-ed9e-4fbf-b1a4-2c05ab5a441d,36,Female,43,96,adult
14cddf33-e65d-4ede-8c11-887c322acdea,38,Female,105,7,adult
b2717fa9-8e5f-4c3c-952d-1812322296c4,55,Female,110,69,adult
8f61f3f4-73bc-43db-b2a8-d51550a7d6e6,49,Female,140,24,adult
9f19766d-30d8-4c3e-a12a-b635533d2831,42,Female,94,76,adult
6ceb994a-74c8-40e9-b41b-0ff1ab17b35f,48,Female,164,45,adult
09ba8628-3803-4200-84e0-0699ec683cb4,32,Female,129,88,adult
285b2b89-e929-4317-9c77-1ae01818e974,49,Female,161,70,adult
a4d51e79-137e-477c-858c-8309f5324c89,35,Female,180,98,adult
38b4ae96-60c7-495f-9383-e0250dd612cf,30,Female,137,13,adult
5a28eabd-a9f9-445e-9611-e49d5769cdf1,43,Female,190,72,adult
6eaf9653-618d-41b8-8f32-d4f9ae5cd808,58,Female,50,60,adult
231db33b-7a15-4106-8af6-dce6216ba581,45,Female,82,99,adult
46523fc4-0982-454f-92b6-30f26be22041,57,Female,192,59,adult
8580c3e5-8753-4cb2-be06-f3074cc46771,56,Female,29,44,adult
caf2e1fc-8259-4f11-8040-158088813933,39,Female,74,66,adult
396468d7-1ddc-4891-aec9-24738a893aea,54,Female,100,56,adult
806e16a0-a5ff-4e0f-a72d-1fb0226af1b0,40,Female,57,41,adult
c2025f74-7105-424c-9650-2be2e277eb9b,50,Female,179,10,adult
8aff3ed4-9c25-499c-9a18-c957e9d325b2,42,Female,191,95,adult
d92f767a-48c9-4fa5-83ab-e3d1c9b48806,34,Female,143,69,adult
25a34f60-5d7b-404a-92f2-35c5ef438fa6,39,Female,158,24,adult
8ea16008-b88b-4c1b-ad4d-a0eacd247b9d,37,Female,191,88,adult
fab46bca-1f33-4918-ac7a-619a55229f36,33,Female,176,30,adult
217ef047-ed27-4278-94ec-2d5207b64d7f,31,Female,102,57,adult
30c0dd1b-63cf-452f-8eb7-2d56b0b2cb79,52,Female,58,67,adult
5e2fd9ee-e1c8-46f2-b9ae-790fee9c1691,50,Female,63,61,adult
7ca911b8-1a57-4a3a-8c2f-1414fde21ef5,52,Female,130,64,adult
4d417b8c-1228-4c9d-b002-8e44f60c5475,38,Female,58,42,adult
c3bf1845-6d09-46c6-9fa7-fe67ec1528bb,37,Female,194,13,adult
2bcc6773-22ef-4a01-a73e-709c06fefba4,53,Female,137,15,adult
a2d30fab-24bf-42c9-8ef1-eb34033def7b,43,Female,34,87,adult
689c2b91-6c8e-4a9d-b081-60adea19fe22,32,Female,53,47,adult
0b7a38f8-cb70-4d4c-b21e-ab6429a08652,42,Female,129,84,adult
c58a0756-01c3-4f8c-a9f1-3c264a6a2e31,37,Female,98,60,adult
0047588a-8712-4383-9ca9-02f68c58661d,34,Female,92,7,adult
a47ec2ae-202c-4436-87fc-e7685041acec,55,Female,136,96,adult
24411e02-120f-4986-a632-19e306128c8c,32,Female,37,36,adult
4a585052-541f-4eed-bbe0-838b869a483e,49,Female,80,11,adult
6c8ab756-0fec-4ce8-b14f-a8771ff2627d,43,Female,23,77,adult
35da5d82-5553-41d2-b02a-63458bd6496a,58,Female,100,90,adult
f984b509-deda-4640-a6a5-995aadf219e4,47,Female,155,67,adult
bc2fe93a-fc2a-46e3-bf79-7179b35ed5e4,37,Female,107,12,adult
dea5fa0a-9362-4ec0-9f61-fd71aafbf9ca,55,Female,169,57,adult
56695991-22f4-444d-a278-39ebdebd7fc6,54,Female,148,80,adult
72cc18f8-5d93-4667-949e-001c6bf632d2,33,Female,136,95,adult
a75b6413-33ed-434a-b78c-6df98ea74851,55,Female,135,84,adult
07b3c6df-b512-44be-9d0c-16872220e5b9,32,Female,119,22,adult
a13ce911-eca6-40dd-89eb-ca7597f22d20,41,Female,42,32,adult
0b23a2f0-db61-41bb-9812-27aec40ed7fc,57,Female,185,37,adult
321b3946-9617-49ae-b789-20eb56c1fa5f,43,Female,150,81,adult
9b2df3b8-fe9d-405a-b3b5-76bc3363833d,51,Female,182,6,adult
b065c81e-109a-4784-a8ac-5f596ae14f17,43,Female,156,69,adult
9900d5fd-46d5-4cd2-8170-262a4a9a5dc1,58,Female,63,44,adult
546903de-a8f5-4511-876b-a506d47dccb7,32,Female,192,90,adult
c3e69199-2467-410e-b883-7de06bc9c0c3,55,Female,186,18,adult
7a450413-c2c4-484d-8b25-54309127f6a2,58,Female,85,46,adult
c6a1c7f5-1fb5-4bc1-a206-9d0a48828c79,55,Female,26,95,adult
daa29157-923f-4233-a43c-e9b9e636bf9a,34,Female,178,85,adult
edeb3c39-543b-48b0-9560-faeb0fbb2367,56,Female,117,66,adult
59590060-5673-4633-a3f1-7512d6aa6927,33,Female,127,57,adult
1043b7bd-5d38-4f78-a3eb-0d1da36fd480,38,Female,46,45,adult
01be630c-9f39-4c40-a875-6e461f026dbc,51,Female,190,65,adult
2e88452e-08ae-4e29-9d89-cb9f6149f415,50,Female,167,24,adult
6a9932fb-415b-43a1-b663-d6430f04a437,49,Female,143,60,adult
8f04cb51-e67b-4b52-8d1c-23393dc95a5a,55,Female,105,44,adult
58c6b4db-2417-46a7-b03b-03f8c7e06e1b,55,Female,134,76,adult
dd1762ad-541d-4d74-98df-14d3e60348b0,49,Female,143,28,adult
7494e0e0-8656-4ce2-a133-a3344d7f883a,46,Female,46,8,adult
6d3f20ee-650a-4aaa-8ffd-f9626f1e4074,51,Female,183,3,adult
4eb95cd1-21e3-4696-b33f-704eb83e2e2a,43,Female,137,38,adult
888c3125-34ea-4cdf-8efe-62b4311fbe15,53,Female,55,99,adult
3c67ec5e-6582-44af-9961-c510b5f6fca5,47,Female,99,70,adult
c9551a1f-5b40-4b4e-8a75-b2692b6b493d,32,Female,58,74,adult
6770b848-9463-4ef6-bac6-6095698b6c9e,51,Female,85,73,adult
6393e28e-228c-45dd-9532-290e920a9d21,32,Female,140,9,adult
c4045e78-d234-4c2e-855e-b118f9bb9937,38,Female,122,11,adult
8c78f3be-5630-43e1-8218-f010b9797427,30,Female,141,82,adult
3ff1210d-9e31-446b-95a3-16ae071c417d,57,Female,100,41,adult
8952b899-ecd6-4745-b006-5ff6b159ca51,50,Female,100,24,adult
853b95af-8478-47e4-96cb-0baf1558f00f,45,Female,55,63,adult
3f1550e9-4315-4319-ae7d-b39ec8d59139,54,Female,122,7,adult
0a383b53-f17b-4145-b4d1-69c27bb9b9f0,50,Female,159,76,adult
8b07b87f-2b5a-420c-89aa-4f484f24a6ff,39,Female,108,11,adult
489e9c67-7de3-41cd-9936-a83e8dd6a399,47,Female,47,12,adult
e89e7103-ad41-4a77-a10e-d6c130a364c6,54,Female,105,96,adult
cc5a6e17-9d63-448b-99a8-1e9c5d585664,42,Female,30,26,adult
b253ba8c-087d-4143-860d-6e75a89ccbde,53,Female,46,93,adult
3cf5e36a-9b91-45df-8246-f2824acf2922,43,Female,143,69,adult
36f69f03-d22d-4f54-96c7-38d22667997b,33,Female,65,73,adult
585d788b-329e-4595-bf38-11161f05daf1,58,Female,100,90,adult
28c35eab-b6ba-447a-83c0-150df8ad94d7,38,Female,73,76,adult
b9fe520a-4562-4df0-8b09-5ee757ae4e0e,43,Female,199,69,adult
2fa6e40a-ed0a-4b9e-9613-2bc8e582ab2c,51,Female,142,98,adult
eeb5a07a-a6a2-47f0-b6a5-e903599e2edf,38,Female,34,60,adult
1be803be-345b-4c1b-be9f-f6e7afcd5bdc,51,Female,193,92,adult
e99633b5-1db6-48c7-8419-784510ca7d00,40,Female,196,62,adult
bfdba49f-9023-4031-bf3b-1f4ebf21fb70,59,Female,167,86,adult
ab9cb7d5-7931-4f65-abc9-885d0676f41c,50,Female,193,53,adult
f44f735c-3818-4e02-a7ff-219f86afee5a,39,Female,102,90,adult
e9fff3ba-a40b-4dde-ba4b-921e22109593,45,Female,186,81,adult
988e41c4-c076-4b64-9512-dfbc561df8e4,47,Female,74,69,adult
aa9ed604-1e43-4dad-9398-b295d8dad89d,55,Female,110,97,adult
07863324-d94a-4856-ac6b-c5d68c1e9f68,40,Female,147,23,adult
c3fc57b5-6ac9-49e2-bec0-bde9df8dcf84,56,Female,164,34,adult
6cc5eeb7-31ab-4194-8aef-a0916ea20fe8,51,Female,165,16,adult
35a733f9-33aa-4ccd-9175-3607e56c5ccc,51,Female,183,100,adult
84673473-caad-42ad-9e62-718fd2f40ba6,45,Female,71,82,adult
11397c26-a128-42f7-b11c-17012d5513c8,42,Female,102,14,adult
b19848e4-a13d-4b15-b5dd-73163f004aa9,54,Female,73,18,adult
c0fce6e6-fdb3-4300-9660-9be583dbd331,40,Female,70,51,adult
6816f607-2654-4eb5-a7e7-b45c4cad29cb,35,Female,44,88,adult
c2a53ee7-d595-4a32-a151-05ce32ef12aa,55,Female,67,75,adult
faf8f915-f7ef-46c4-9773-22f9b74392d4,53,Female,92,53,adult
da0a227b-bda6-442d-a3fa-d15e70d8ee64,54,Female,198,74,adult
54403a9e-373d-4cc8-b185-67cb49cea98e,37,Female,188,29,adult
e1cb9cd2-333e-4acb-9ed2-ba35a96672af,59,Female,126,30,adult
4c8d5e07-c654-4535-851d-69c7d4b4d788,51,Female,151,15,adult
66199157-9255-40ef-927b-3d2a99d1312e,46,Female,77,31,adult
f3c1d221-c227-44ee-b474-6c7b60a83eb7,55,Female,197,29,adult
720ff62e-a389-4fea-976e-32d8be793916,50,Female,56,76,adult
5a3345a4-19b1-42ae-afbe-93a599173817,53,Female,199,14,adult
47b04087-fe26-4e4b-96c6-25c7372d4f5c,51,Female,156,42,adult
dc64e303-07c2-4db4-82b4-10fcbc4083b9,31,Female,86,83,adult
895da2e9-a732-464f-ac52-9e0389d331ea,44,Female,104,49,adult
36c7e28c-ad26-486b-9e59-016629ee550a,56,Female,150,86,adult
28113165-1106-4fc4-9423-e3430c2d86ea,39,Female,111,81,adult
80e35fb4-37d3-445d-a38a-6fc8166a1f12,56,Female,153,21,adult
2347cc5d-61ab-46cc-8078-a2f1a95d8850,51,Female,147,78,adult
f2ac297c-6cfe-4b81-8b65-0ef8d2014202,59,Female,24,11,adult
c8f1ba19-5b6b-49be-a2f4-291898b15d38,44,Female,188,76,adult
fab96e4d-a5d4-42d1-bd27-8f414caeaed8,58,Female,86,5,adult
4436f690-e50d-462e-aceb-d324ed3354dd,33,Female,81,5,adult
664d7753-e8be-4401-a007-77cbdcae5258,39,Female,116,33,adult
d3d49e84-7342-4e95-99ec-19ab30cfa61b,30,Female,155,22,adult
5f1aae17-74cc-4f4e-9520-de3fe8b730fd,32,Female,50,55,adult
b53a14ca-d9f3-433a-9814-ce88c784c94a,52,Female,57,69,adult
f8f8adaf-5fd3-4cfa-ba31-ff4ec108b2d9,44,Female,77,81,adult
d382e8c5-0c22-4d7b-9ee9-b12d3b230d53,32,Female,50,92,adult
5777ba7e-476e-401d-baaa-9bc099f8f442,34,Female,126,29,adult
168d9176-1a81-45d5-8107-948398ba5932,33,Female,195,22,adult
c1e97a37-b2a0-49ec-8e1d-8bcc74c5068a,38,Female,143,71,adult
b8522c76-fa5b-4eb9-b6e4-1f929d16bdfe,44,Female,35,4,adult
0d3ed704-e443-45a0-a47c-7244d6e68f4b,37,Female,144,92,adult
3606631d-6e6a-4283-872c-51159a8fafb4,45,Female,85,56,adult
dd309d59-a2bb-4c82-baad-719774f81ec0,51,Female,193,1,adult
7491921e-169c-47fb-83e0-ecaa9d001cbe,31,Female,157,11,adult
fee4c087-c947-4185-81cd-9f3716ffebb2,54,Female,133,50,adult
8a99ae04-ecb4-4669-a2ea-53bf669aa5b8,40,Female,185,100,adult
d3896d0e-ec1c-49f8-b6b3-066d43a04372,45,Female,193,93,adult
a0393f40-d30f-4fb6-8cbe-6856fa72018c,33,Female,95,77,adult
da52a83c-a484-4f45-8ccc-58f5c8f45139,38,Female,63,8,adult
0d1c4ec0-d931-4800-9124-e3a8dfa665b6,53,Female,152,70,adult
bbe0ca49-8e03-402c-be08-95a2fe1dd8f5,52,Female,176,41,adult
67ef8426-6939-4b39-943f-6c97e645b238,40,Female,194,3,adult
19657199-118a-461b-afc1-ab3f90ca5685,51,Female,93,100,adult
d07a1066-892e-4215-ac43-eadcd840724a,51,Female,167,50,adult
b5b694a9-5bb8-4ac6-8620-91952bc6332e,57,Female,80,72,adult
5c111e43-8398-49c6-a4c7-2c4804fb0e23,40,Female,167,67,adult
8965c546-94d5-4bbc-8e3e-4d6f89f8f922,34,Female,88,62,adult
2404b793-b81c-4a7e-a1bc-48473261aa73,49,Female,91,90,adult
77b08770-4360-41c8-a37f-1488bb54b149,35,Female,106,44,adult
dc896987-572e-48bb-891d-92f5402999f9,32,Female,64,21,adult
2fc65c89-5315-433a-9761-bf36d28d8fde,40,Female,129,22,adult
6d2e6f51-8886-4fc3-b063-f7a5248a5bbb,36,Female,154,62,adult
2e8973c7-70d9-4546-9b91-8c4cbb589251,39,Female,193,35,adult
4e71d413-ca25-42d0-bb40-eb6cf9c6996b,40,Female,195,46,adult
2fd1661d-113e-4d5a-95c3-1d5044bd88fc,39,Female,105,62,adult
8b8793af-4820-4db2-b976-4e66223d38c6,46,Female,92,35,adult
fe4e9f7a-dcce-4e40-b89c-2be1058e2b0c,46,Female,96,71,adult
6f657c2f-f63d-4df4-969a-7bf0b54630e6,54,Female,93,14,adult
3a145aae-96ae-4dfc-b75e-3f4230dada7b,42,Female,152,24,adult
d442552d-868b-44f7-ac28-83dee30d233c,35,Female,82,78,adult
1d48a535-673a-4f88-a176-3632f334647e,32,Female,115,94,adult
a6136afd-42dc-415b-b6c0-d54fa095b201,32,Female,164,38,adult
83991567-18fd-40bd-896e-ad3ab3b1829f,42,Female,40,90,adult
825ecb27-d89e-4cd2-8943-8bef316e2d9a,31,Female,140,89,adult
d964a526-aafc-4ae8-b21f-e0c9e9eba1cd,47,Female,125,12,adult
88e9ded6-8a3e-4284-ba94-7687f6381826,41,Female,42,95,adult
9b49156a-5932-456c-8ab5-0602077c6355,42,Female,34,77,adult
02174f79-383b-454c-a83a-193e2fb7f1bd,33,Female,29,93,adult
cbd1dd01-631c-4338-a9a0-01af551814ce,47,Female,36,42,adult
34b8df8e-b0a8-4a3b-9570-e7394294daca,49,Female,117,44,adult
17723021-c1c3-4fa5-b483-4c83c65c8ed2,44,Female,183,19,adult
4fd39074-483d-4bbc-a78c-64ce284be818,56,Female,126,82,adult
d1b1c167-b919-47db-92ae-ed903dc2477c,41,Female,133,79,adult
7b59d14a-f994-4b4f-88b9-361951b63cf7,41,Female,190,8,adult
fab5afb8-6c97-4596-929c-e5149ec6888b,47,Female,72,82,adult
3336fc8f-832a-40e7-ad26-fe6006f43462,38,Female,67,25,adult
e7283c0f-cf30-4900-9002-3011b5fc0c74,56,Female,111,64,adult
95cdf25f-a22b-412b-9399-1de5d84e2c5c,52,Female,154,13,adult
3bd05bba-aebd-4280-900d-0cadd1fe3fc9,38,Female,70,45,adult
a763b200-5597-4c2c-8f9c-4105fd76abaf,58,Female,25,25,adult
0d3abc1a-9afd-4cb0-b14e-77691c19c724,48,Female,108,28,adult
eb885fd1-004d-4844-8062-e5ef983f5fcd,58,Female,32,91,adult
92f004b2-6e05-4cd9-adbc-5354b4a0a2d3,36,Female,105,77,adult
fb40341b-e87b-4c2c-9aab-e2faf9165a6e,36,Female,105,25,adult
f5ffe33e-9eb5-49a4-9a16-5b1ae510ad6b,51,Female,164,59,adult
503520ca-2533-4354-a214-00faa70c1a46,36,Female,65,6,adult
a2418c5d-6883-41c7-9c3e-c84b415715f2,50,Female,168,19,adult
3358a0cc-73bb-45ec-9abf-b761cb3c7d82,38,Female,145,4,adult
a10cc9af-58a4-40fe-9ecc-2ab7a1b977d2,47,Female,133,64,adult
8d7bb5ed-55e8-4f9e-aef8-a3e3fc7a73c8,46,Female,195,92,adult
d23148c9-c0a2-4ba4-ae94-fce61d2a2209,56,Female,37,2,adult
4f46d854-52d8-4003-950b-38d9d460f7e4,58,Female,120,68,adult
3330c863-fb79-44fb-9723-d1b91ca30389,46,Female,135,60,adult
f3511628-f378-4932-b66c-79bb9c827b84,55,Female,53,69,adult
f04cafbb-a191-45a5-a548-2543dd64f012,47,Female,154,91,adult
f7625c89-c885-4b44-a154-1a79df1a684e,42,Female,30,39,adult
559564aa-7c5f-4ac5-bc35-e91454ba047f,35,Female,113,45,adult
b0be1934-d503-45b4-8be3-41b3a7a3cec9,46,Female,64,28,adult
0f9b5c10-4f54-47b3-a3c1-c30ce29dd308,30,Female,79,34,adult
d9259437-6a56-423c-b5a5-2387d4ce8352,54,Female,75,89,adult
b10b4721-e670-439e-83cc-46b8e0ef92ef,47,Female,64,82,adult
9db72ad2-9176-4cf9-9ae0-06ac30534749,46,Female,116,34,adult
ee787db4-6312-4e93-ad8b-bf7a95761604,44,Female,30,77,adult
29699e7d-199c-4dc9-8a0b-7f9a8735a844,44,Female,137,72,adult
cd647c58-a364-4fd8-8d47-13b7224c54cd,42,Female,58,96,adult
ca5b697b-1efb-421d-acf1-634025a8dfbb,59,Female,173,25,adult
ff4a887d-8823-4fb8-ad45-a135b78e3f87,55,Female,121,66,adult
4660ac91-54ba-4f97-992f-30e43a8d0a8d,35,Female,127,3,adult
816edd3f-2b6a-4297-a4ca-a2085e20f8d2,36,Female,61,14,adult
381486fd-df72-4d0a-a2e9-15ec250511fb,39,Female,107,74,adult
5b876b07-993b-4d1a-bf02-660217e407c2,39,Female,100,46,adult
ccf5d9cd-d355-47a1-84ae-5af54ac405bb,46,Female,189,54,adult
76a42bcb-5f89-466a-86aa-71c64b728507,55,Female,152,89,adult
2e62ffd3-e41c-455a-ac0b-5436d271534d,49,Female,105,1,adult
ee820d2f-6347-4c8b-b758-2e4e53082397,43,Female,88,52,adult
d397b07c-a6ff-47f9-808a-b4ff75fa004a,54,Female,44,85,adult
3183265c-b415-41aa-b079-2832fdfd9adf,52,Female,108,68,adult
4a505233-c37d-4eee-ac6e-c6ecf774b2c4,59,Female,118,27,adult
2dfc89f5-5111-44d4-82b9-885e65ca475e,55,Female,154,10,adult
fe613c33-370e-4227-a2db-eea8dffdc170,49,Female,81,12,adult
48d9d733-71aa-4cde-b394-da0fb9755d59,31,Female,105,57,adult
8ce3f750-a527-402d-84a5-67c0446b7eb0,37,Female,44,73,adult
87ab2deb-133b-4cc1-8d60-5eee95cb5b71,44,Female,82,28,adult
7679ccc7-22fe-4270-9d93-0ac9cb8af90a,56,Female,169,68,adult
28a4b795-b381-4a63-83e9-9cb225236217,37,Female,169,1,adult
834017a2-f644-4153-9bc2-fa23e10e3af9,53,Female,94,59,adult
3e72a971-20f1-4023-b6d9-b024929ee68b,59,Female,193,41,adult
1d1cdaed-b12c-42e1-8131-e2b80fb10dc9,54,Female,98,7,adult
89b2fecf-44c8-4e71-ab32-b8f8441c4ea9,54,Female,124,15,adult
6eb8d8dc-7c72-434f-9b0d-ce2383d8bf72,54,Female,34,4,adult
b6362c8f-2864-48af-a9ef-3cb3ba424d46,33,Female,166,99,adult
17147b8a-9bf2-4b6c-a990-6a188ac0d904,49,Female,109,58,adult
6611f55c-056b-4b3e-adb3-ec46c7c8050a,37,Female,88,94,adult
a9246152-103e-456e-bc4f-4220f124c31b,56,Female,126,68,adult
d4817f07-d3d5-414d-951f-a1ffa1369691,51,Female,141,39,adult
54549b1f-83da-4d03-9c48-6bcbbe0b5ff2,50,Female,62,91,adult
044c26f2-4a76-4df5-8080-f809e394b900,56,Female,158,32,adult
97dbc38e-fe1c-44af-a932-9850098b369e,53,Female,43,61,adult
82896232-21e1-488c-bf6b-98d23979d458,56,Female,136,41,adult
f0b8c7c9-17f3-42bb-b6d1-69003c7546ea,42,Female,187,66,adult
0135d7ce-a83a-46ce-aa3c-b3bcad8f4d52,45,Female,131,36,adult
8850d572-99b7-4631-a526-eaa1be13e4e9,31,Female,116,90,adult
f32fac1b-236f-4a75-bd78-aa773e8febc0,47,Female,34,35,adult
fb2fb798-1963-401e-afe1-47d5503f99e8,47,Female,133,38,adult
35dbcf0b-1c22-4515-b2e3-6969702e5cfc,53,Female,51,88,adult
bd5c9255-f449-4e6b-becc-14e3337e9246,53,Female,50,65,adult
507e4308-3ac5-457c-a706-224c870c4050,51,Female,65,13,adult
ba856701-959e-40dd-b0fb-370586273529,45,Female,95,60,adult
4e4338ca-09e1-484c-a181-4a716a46b9b7,36,Female,55,54,adult
3a939f80-1791-4a6d-80b2-b9f6636fa42c,36,Female,34,15,adult
302f4ca8-303d-4026-ae31-e17270de5624,34,Female,148,90,adult
01deee68-f822-4139-b34a-2aadb631a786,49,Female,101,73,adult
a737bd08-fd0a-4446-a3a4-14957918a044,44,Female,155,32,adult
52ede70f-b640-4dd0-8a14-7bc7102ac249,46,Female,183,75,adult
4c9b0957-54d9-4f04-a557-2b0044cbd059,46,Female,197,16,adult
dbb2de15-b9a3-4111-bcf2-263bf001a04f,41,Female,162,32,adult
9681eeac-4cfa-4d24-b5ea-e61e0a3b718f,54,Female,88,95,adult
f54733da-0e54-49fb-b7e8-b2149439820d,43,Female,69,91,adult
d1ca39ca-bca8-4c75-962a-a1dc306855dd,58,Female,181,55,adult
73e9c746-e41f-4c5b-a863-c7f90a3eadb8,51,Female,104,99,adult
bc7e225b-9322-41d6-b881-97d1f1d1b958,37,Female,56,14,adult
4a17aab1-5f6d-4a9a-aea6-4b1ebf9d29fd,45,Female,56,11,adult
a78d98a9-d4a9-47e1-a9b1-494db4f40204,41,Female,189,34,adult
f68f29a4-c5d9-40a7-b5b3-073057bdbdf3,36,Female,55,59,adult
e397ddce-c718-4a8d-a1b8-958ab2872fa8,44,Female,89,88,adult
ac0fa0af-f436-4992-bbcb-ec2e86b7c13f,37,Female,44,51,adult
252799f1-887f-44e1-a356-113f47a0fd8c,50,Female,53,13,adult
bf10e4f9-477d-4651-8ace-2ef5a7958e37,43,Female,47,55,adult
64dedee6-d498-4a86-a767-5b96df9da712,56,Female,53,16,adult
0b8e6dc3-704e-4f5f-b824-c11d469a5863,45,Female,99,54,adult
a1ef8b32-e535-4048-837b-6cbe960e3165,38,Female,29,41,adult
3be0ee86-f3e0-4d9b-a717-a26ce133fd83,31,Female,109,90,adult
f40d1eb2-5e72-4531-a88b-c0349f859694,42,Female,175,83,adult
eeeee8fd-e091-44ed-9bb5-5da787f6eec8,57,Female,31,49,adult
f93eb196-711e-4ee9-b95a-f4a72c79c266,50,Female,173,8,adult
e8c2007a-73ac-4e72-9319-f6eee5cdab80,36,Female,32,70,adult
bdd01d79-1cb9-473b-9dee-173a17d43fa9,36,Female,182,96,adult
733044ae-de23-490a-856c-ae149c5cf6bf,54,Female,72,57,adult
2a700899-5641-4c76-9b00-436cf70ca0b7,53,Female,81,82,adult
eb869e8a-3974-4431-805a-88e2e923e454,39,Female,95,93,adult
392b1bcc-5739-4833-9a49-bbe351f88c88,31,Female,154,14,adult
49db9e45-a86b-4dad-aa33-a9cf697757be,58,Female,153,58,adult
1d501a24-e1b7-4a8f-a594-fe6d4e1bae71,36,Female,53,47,adult
6724db64-584c-4c25-ba4e-5dc3d3f2e377,40,Female,100,46,adult
2231c1ca-363f-43b3-8f4a-b92b1246f8fb,31,Female,85,87,adult
86abb2e0-be04-4e30-9b6b-0c341051830f,58,Female,59,43,adult
bf1ac776-c405-4d5b-94f3-1839b801af9f,32,Female,113,38,adult
5bfff714-12df-4d44-b138-faa189c3aea9,41,Female,62,62,adult
c138b6b6-36ab-48c2-99c3-6713efd3078a,59,Female,162,39,adult
102294b4-de68-483e-b175-1893b62daa19,53,Female,198,63,adult
7f5f16b6-f472-4fd6-ad63-cb62f7dcd5c2,54,Female,36,60,adult
8775b025-544c-4d4c-aa17-841b72d54f0a,42,Female,146,23,adult
61f39fd0-59a2-42ff-b846-cfc0238b29ed,32,Female,188,75,adult
9f52f805-9b18-4386-b98c-b6e98bed66ff,31,Female,123,88,adult
b3791951-b235-444e-a7dc-5514ba222c8e,51,Female,103,6,adult
0806f042-d980-4a3c-bfc1-d8802378b352,41,Female,81,81,adult
bed92b71-f682-4e30-9b5a-8079e72645c0,45,Female,48,26,adult
e159f52f-e58b-4ebb-b3ce-81b6e7bfb17d,48,Female,138,26,adult
dfad4d04-507b-4a7c-a6b5-24ab679f1c1e,42,Female,101,21,adult
7fb7597c-ec35-46ea-a2de-5fcfd901336b,54,Female,157,88,adult
ea28319e-eff9-4c17-9a8b-93bbd7126a5f,56,Female,140,88,adult
b26de143-f0e5-4ef4-aa3f-67cba90fdf6f,55,Female,70,46,adult
6ca2e03c-3b63-438e-90ae-9791e2f75736,33,Female,102,62,adult
f2e6181f-f11f-4217-be74-63f086a2b62e,55,Female,27,84,adult
b4402fb9-fe17-45f4-9790-b9d59e4cf0cb,45,Female,122,62,adult
1401eaea-6421-44ef-bc1b-a35c824ce995,45,Female,76,12,adult
e49590a2-e18e-407f-b886-783ed8b09b57,50,Female,175,72,adult
59862bf5-9e8d-48a6-b9d1-a244757f2d4c,36,Female,127,86,adult
c1575a35-c355-4eea-b2c3-73546cd44d00,37,Female,108,4,adult
fcc00c22-84b6-408f-bb84-16778babb77b,59,Female,90,85,adult
1e5e8f14-656a-4fc2-89e4-83ed470fe1de,30,Female,73,100,adult
cd47940c-49c6-4c76-a09b-7374a7822089,57,Female,62,86,adult
b510e67b-5d87-4c2b-9b15-e55fdde2b375,32,Female,37,45,adult
a4ded370-8745-4a88-8715-92984e84a738,39,Female,125,87,adult
92558f03-5d6c-479e-8f7a-d2b20298cfe2,52,Female,178,63,adult
a323b6db-022d-40aa-ba24-65fe9bd01569,46,Female,99,96,adult
e47a01a6-b55d-4d7f-a6bf-4e85dea63c29,38,Female,163,12,adult
b103c171-5594-40fa-a212-cff3b040051a,34,Female,132,11,adult
6d29b9e2-807f-423e-be78-246991a56b96,50,Female,37,39,adult
f7b6f786-4138-4782-9d59-be7ca1ff574d,33,Female,121,73,adult
c23f5f6a-c47a-4e0b-afea-76749bab266d,37,Female,157,98,adult
3da40c4e-3649-4212-8252-394fcf0aa2fd,35,Female,86,53,adult
29b4a3a5-ff2c-4b46-8294-4fb08ea40c4b,56,Female,131,69,adult
de2e1b5e-3b14-4166-91dc-b4000a6c6d22,35,Female,120,96,adult
06de93da-5c13-499a-a8a0-22feae99e008,49,Female,51,11,adult
9d93016b-7c4a-4349-83e6-9f2b7d941e54,57,Female,183,57,adult
2c2f2717-49f8-48bb-9cc4-e8e82af79b00,44,Female,56,94,adult
c7452ef7-b471-46a6-af27-b00ce0673010,53,Female,51,56,adult
a08b00bc-990b-468a-a999-8e49477d8733,47,Female,110,10,adult
de3328ed-b6bd-452c-8989-b7f5064e105e,35,Female,70,6,adult
7beac235-1988-4798-bd23-ecac3ab2bc01,34,Female,198,76,adult
b0620fe3-c130-4227-80d3-dde548d9489b,50,Female,81,90,adult
aeae0564-c898-42ad-b652-0bef67d02766,30,Female,110,15,adult
4c701704-7450-4a23-b561-683184a59839,46,Female,111,82,adult
a3d6bf0e-86df-4232-9aa5-1e516a79272a,37,Female,101,73,adult
92d720f6-aeda-4754-a6d1-79a11dc70322,45,Female,165,42,adult
719e2a31-053e-4a43-95bb-cf4ece5230b7,58,Female,119,63,adult
4d028351-9d44-4bd7-ac71-3f77fe82ff6f,36,Female,190,62,adult
0c25727d-7013-4cdb-b2a0-9c4fe619fa1c,55,Female,101,23,adult
a04c577f-e5a6-4f1b-ad5c-c83b9a05ea83,47,Female,169,79,adult
db98f832-b410-4fd8-bb2f-6c7d9a4b8c76,45,Female,170,67,adult
bf3295bb-b7f2-4d9f-a223-42ffa47dc31c,40,Female,149,48,adult
c6d283d0-2d9e-45bf-a1c8-32a4dc581d52,37,Female,112,26,adult
511134fa-a678-441a-82c7-2dd1f52c18b3,39,Female,22,56,adult
ca47c539-d8a1-4380-b61e-dcb474b5e71f,39,Female,188,94,adult
fcc557e4-27ce-4bac-a17d-3e573555d8cf,52,Female,26,89,adult
2e64811a-aa24-4178-9ffe-7caf1dae30b6,59,Female,131,53,adult
98885370-f806-4c10-8700-7f21201afddf,47,Female,136,88,adult
1c198768-33a2-40d9-bd92-9223316bf6ba,31,Female,65,98,adult
7d876177-4751-4367-a444-54369f5abc4c,39,Female,134,8,adult
0f9e3d64-e50a-4bc3-8b1e-8bea1a67e83e,33,Female,85,22,adult
9537046d-66b3-453f-b068-8200d3af3f04,36,Female,97,9,adult
f6227ad1-84f1-486b-b861-e8513eb1dc06,37,Female,183,92,adult
cbcb3bcf-f0bd-40e1-bd69-0fb82cc321f0,44,Female,181,6,adult
5156acd6-0d66-44f5-a9c3-2177f9d66059,58,Female,105,85,adult
34b4ff2a-075d-4b6e-a9a2-3379898b01f2,33,Female,41,18,adult
1b6b9eb2-664d-4858-a97f-c60398a74d66,35,Female,46,49,adult
2152aa66-5436-4b53-b9bf-702e2dccc4a5,45,Female,27,50,adult
369a5c74-1c59-4254-9c03-4bb13f4557a0,48,Female,189,77,adult
0110c1fc-e004-44f7-865a-3ae5c197c3c5,43,Female,141,16,adult
1904d621-8006-43a9-8310-3d761345a7a7,47,Female,199,67,adult
ad6bbbd4-0fa1-4b3b-9a19-35439df2a646,39,Female,32,50,adult
bda2f95a-23d5-4624-83db-5ab724800590,40,Female,92,37,adult
8fff44e8-1d5d-4f04-8a6f-d7cf04d7b338,56,Female,78,87,adult
290de2f9-b195-468c-b2ec-9a30852e73de,37,Female,57,27,adult
5adba98a-489a-4fc2-9c0e-af0334812d86,59,Female,193,52,adult
48f364cd-58de-4ac1-bd1f-0598a160ade2,49,Female,179,31,adult
c0e4523d-7e28-483d-8b14-89fc3ecd790f,37,Female,195,3,adult
d5abe356-58c2-4580-a954-3cd98dfc8366,58,Female,72,26,adult
6affb9e6-203d-408e-b13d-a1c71c4c203b,58,Female,138,33,adult
5d9d949e-fa78-4566-8975-022ccba18633,49,Female,169,26,adult
ada2c863-1bdb-45dd-9450-6da93657cbea,37,Female,36,1,adult
fb819357-fbf4-4caf-8f34-49e299b2691b,50,Female,41,26,adult
3158a943-7dc7-4e1d-afd7-f8b6e9c591c3,37,Female,41,76,adult
fcfdb448-d4a7-4c06-b160-144d4110760a,42,Female,38,19,adult
918f16f9-1d00-4314-b448-622c27a0d084,44,Female,154,38,adult
95f0e325-068e-4350-a26b-55fd39c5c001,48,Female,49,51,adult
06434874-cd02-4e74-977b-08c4d9bf4439,51,Female,67,15,adult
cbe6fef3-aefc-40fe-9b06-0b1e509dffde,44,Female,164,1,adult
f0a4672a-43d6-444d-91d7-bff18c51d7fa,57,Female,127,41,adult
a1b8e832-e40a-4670-b58d-dfc0ad1d791f,36,Female,112,78,adult
c4a88d9b-1036-4a17-912b-1671d022aafc,57,Female,189,57,adult
4989a716-b160-46d3-9cbc-83bb2cf12760,47,Female,172,98,adult
8d28b414-2382-43da-9daa-181bbd44a250,38,Female,112,10,adult
350c591b-2de2-4b3c-adfd-d3d1d8b07bd1,57,Female,107,57,adult
ad4a5813-53d8-4981-b529-534f42aba501,48,Female,42,53,adult
984e5c91-cba3-4538-ba3d-bdbb562ecbe0,42,Female,85,33,adult
ba5b2d3e-ac91-4b90-a5db-5f9a204acda7,53,Female,26,97,adult
ad00704d-1081-4624-9c6e-966c0786e33f,53,Female,161,64,adult
9409d8c0-2845-483e-930c-914c375d0970,35,Female,175,24,adult
35d6f09b-2650-420f-98c5-51d0eaa9ad63,46,Female,53,79,adult
d348fdd4-310d-448a-9957-a771bb0e8673,44,Female,93,25,adult
f2224cbb-ffa9-435d-8434-cf31535161fd,36,Female,161,59,adult
0a1e9cb2-fd3a-434f-a308-a52f92a6f679,39,Female,195,72,adult
125044c9-a8dc-4008-b408-026e42b5442b,58,Female,110,34,adult
ed0a368c-1715-4320-b4d1-b6380d1873b5,39,Female,111,59,adult
b7501a28-2d0d-46f0-b290-21e1ca0b5114,45,Female,103,96,adult
10430ad7-889f-4ecb-96dc-03493d1fe427,33,Female,191,77,adult
c774e6c4-ce07-4993-b7fc-5ad992386f8f,41,Female,196,100,adult
966d7d41-3a3c-4e41-9b51-c927e9dfa100,42,Female,33,89,adult
d8e447d8-9b9b-4c87-b47f-71e2ce1d5872,46,Female,121,41,adult
1f66ece5-baac-465e-adc5-f7b295c3124d,30,Female,159,95,adult
fe33018a-95df-4e1c-ad93-00567a3ef708,35,Female,164,79,adult
054c6dc2-8f57-4cb4-ba55-23893dab7a91,35,Female,27,44,adult
1f1b6e4d-647d-4d05-9153-49193042d98c,48,Female,162,54,adult
f189bfb5-ba08-4490-ac6d-631a712971e9,33,Female,98,43,adult
1b45d53e-869e-4fd1-92c0-af6af1ea306a,40,Female,125,96,adult
772c6c08-9484-4745-8985-9ced95820a32,30,Female,110,22,adult
32d15c55-d12b-44f0-9c2e-dd4e0e4fcd2b,39,Female,91,97,adult
a98397a1-349e-4e8e-b54c-ffa11c3e4b0c,38,Female,59,21,adult
80361fa3-6382-429a-a7d4-736a5a3f9995,55,Female,171,92,adult
b7d617e9-58b0-455b-a9b8-e6b9774c603f,30,Female,169,84,adult
02acbce3-7770-4555-b69a-189760150b36,46,Female,39,98,adult
b7d26a6b-07ff-4c7d-95fb-ae687c91849c,44,Female,21,14,adult
5c0342e3-7ba9-4bc6-a044-0a5125754af5,50,Female,195,21,adult
8cb9b97e-bd77-4c57-99ff-a51b64f4429b,45,Female,68,53,adult
be4f54e7-612b-4a8e-abc1-e68e3fda53b9,44,Female,166,4,adult
bea6eb38-9b7b-4926-a70e-2b02d7b88fdb,33,Female,147,7,adult
fb2086e1-fb2a-4cc3-bcf3-8ccf7696a026,51,Female,81,75,adult
9dd4b668-861d-4c26-b2ca-b08c3b34796f,37,Female,135,42,adult
b3b22f6a-95bb-423a-8c4f-22a9b76fc798,45,Female,162,47,adult
f2f6d9c7-2524-4bb0-bed4-ae64ff1f7268,32,Female,48,35,adult
c6159bb2-fd63-4dc4-b403-b553ee6ca91e,33,Female,22,43,adult
a2b9ea96-9580-4ba3-9335-5e16394e949b,54,Female,101,17,adult
0acce9be-0703-4526-b59c-afdd5b1faa22,37,Female,91,2,adult
298309e3-738d-4ea0-b7cb-a1c2719964a5,32,Female,104,71,adult
946b9637-6fb7-4563-9876-91f7bba522a9,56,Female,87,32,adult
51757c4e-0bc7-4985-9d2c-2084e9d091e1,35,Female,52,36,adult
eb5d8e0a-f5b6-46e0-baf9-2cc37e423c0c,53,Female,105,76,adult
b6b5a658-2b4e-4a4e-8b29-bc6212d718a6,42,Female,73,56,adult
af96a287-fc4d-4f37-b7b9-a2033265a09b,53,Female,125,82,adult
ab4a58a7-e368-40d3-a214-f3a19c9d015b,57,Female,34,20,adult
b369ec52-dc30-4615-8d67-bd807d9a9d5d,53,Female,173,10,adult
2b0dfab1-5a38-4ca9-8934-21d052b173bc,42,Female,34,33,adult
d7cb3057-fd2f-4be1-a49d-ee5e1d7c89d4,33,Female,180,36,adult
2178d21e-6820-4a43-b387-ee2bc0f25c61,50,Female,172,37,adult
a56a7c79-93eb-4c2a-ad91-b07be87b91b1,56,Female,197,78,adult
34015d55-9a14-43ed-ae53-e0398453e5b9,37,Female,41,71,adult
2ea0e670-efaf-42bb-9f5e-b10aea00f288,49,Female,38,33,adult
b08c6ee9-5daf-4260-b39b-b2ae3a904ca3,55,Female,130,39,adult
3b399282-6399-477f-9788-1e0b434e2ab7,32,Female,197,83,adult
234906e4-6eb2-46c6-8c19-a9e64b98694b,30,Female,58,63,adult
4ec878c1-489f-46a3-97c0-6b08d2705386,47,Female,23,65,adult
1038e58c-6846-48c6-b582-5e7d6a126df0,41,Female,190,61,adult
729131e6-29fa-4b12-86df-98a172ad3da4,48,Female,188,14,adult
f1726c45-b2fb-4dd9-a937-90053b1cf3b7,36,Female,162,37,adult
9946993f-80f7-47d8-9248-fb89c2d53665,59,Female,143,90,adult
a025227a-30ae-417d-b056-571fccb28e09,42,Female,97,97,adult
595cfed1-6a04-4e1d-b931-cf6006adfaf7,50,Female,154,47,adult
cfe17c67-89dc-4cd6-bc1d-689fecba1ccf,40,Female,151,18,adult
3e74a9eb-5140-430c-aee8-4657c6fa72cf,55,Female,60,61,adult
386f6bae-52b3-4fb9-9fdd-fccc4f21ec25,55,Female,200,55,adult
7f141f7c-9d80-4eec-b16a-40b49dd0665a,45,Female,94,100,adult
cd1b50e3-6bfe-4f13-bca1-8acaa94ec627,35,Female,197,76,adult
0a569711-872a-4062-92ad-414b81d785e6,31,Female,118,50,adult
200951fc-b6e5-4100-b16c-aab1ad46929e,30,Female,189,86,adult
9bb4ab74-e064-481c-b522-62172fd2bc3e,51,Female,194,39,adult
362d7b65-e77b-4e3f-b372-64d5cecc9d9e,51,Female,41,57,adult
2e5adb4a-6201-477b-bc00-ef1b123cbbac,50,Female,55,92,adult
0e165440-8a80-4009-92ab-872d1668f426,38,Female,170,40,adult
aea58cbc-3ba7-4704-a601-15e527c11e5d,30,Female,159,91,adult
49211416-ff4e-475c-9648-695d53fd6c3f,57,Female,196,48,adult
b0b88e8f-1228-4440-8930-7f581ef98e28,39,Female,36,27,adult
c4798022-4872-4c82-82dd-41636ad0b583,44,Female,166,27,adult
0ad98be4-2618-4817-8d7d-55066cebfd71,30,Female,134,60,adult
4e998440-9921-4efb-bcb9-d5850467648b,51,Female,192,70,adult
82862865-8451-4599-9cf9-a9d70fbb7a7e,36,Female,127,57,adult
37a251c1-1f9a-447a-9c28-4c2729183708,43,Female,36,1,adult
72a327a0-a4a1-4e1c-8ce0-cd5874065cb1,46,Female,75,52,adult
1941db4a-a59d-46e9-b9aa-28dd5436e75d,41,Female,46,79,adult
4c622d17-2736-4faa-9d39-29d883ca7f5d,33,Female,104,23,adult
a7322685-2200-4163-abc6-632d75ce8348,42,Female,196,46,adult
e1034276-ecee-4b46-85e8-8d423f7f035e,48,Female,117,47,adult
72e27f0a-986e-46cc-9d41-9eb1d01753b1,53,Female,89,35,adult
21da7914-ec7f-49af-be1a-b514c1c5781b,55,Female,188,64,adult
c60a4e5c-34b4-43d6-87a3-518f47b4621e,31,Female,38,99,adult
6c73d520-09fe-4430-a3c6-947555b0d3f2,42,Female,122,17,adult
a56557c0-7c07-4197-a508-45a234cd14c7,39,Female,164,66,adult
301f9ed2-ede6-4be0-aed0-3aba050f4a78,58,Female,47,85,adult
f8269bc1-9e99-42f0-8b43-21f7b4ba7c49,56,Female,86,30,adult
f8b39b16-726f-4405-be08-15d97e9bc72d,50,Female,46,36,adult
8c9eabbc-ed80-474a-99a5-aeb8662cb822,30,Female,195,28,adult
0467199c-ca27-4496-b43d-72d637fa20e9,54,Female,88,65,adult
3189aeff-5001-4768-8134-9c7b5f1acc9c,32,Female,121,1,adult
3bf1d7e6-cccd-43f3-b746-a10048e02e6f,37,Female,28,96,adult
e0a4b626-3029-4bcb-839d-c64a98a228de,49,Female,134,84,adult
42f527dd-ab48-4511-abb0-f108a26fe0d1,46,Female,98,17,adult
a5978074-6e70-45a2-8ccb-5c9833515610,49,Female,140,21,adult
6ae5842f-75ea-40d9-b6c0-4b78d0c77d72,31,Female,97,39,adult
95c658e3-0898-42b5-97f6-2f06eceb4e2e,52,Female,129,63,adult
15f32dec-646b-4b1e-bfe3-7dca5d30f6eb,39,Female,164,87,adult
964606fa-81fb-4ab5-ab73-bbfcc951a57e,54,Female,163,27,adult
0150c2f6-4dec-42b1-a6bc-2a61006d8a57,34,Female,187,65,adult
c8e7aaba-436a-4fa9-a308-89f143eacba4,47,Female,184,70,adult
055fd53e-e3b2-40c8-8219-fb810a1facb9,34,Female,42,57,adult
050c6981-4050-4561-a6ac-e8cd7e51e2ad,37,Female,115,13,adult
ecdc9733-f2dd-4d38-bdb3-1091e21547e5,54,Female,38,98,adult
35dc6fbf-4df0-4f73-9b0b-0f91c81ab951,36,Female,71,36,adult
e9721be3-68ea-49b9-8b8a-07fded5f1157,30,Female,177,67,adult
5b1a7b9c-3978-4432-b56c-93ade7655099,50,Female,120,90,adult
b0bc1c90-fb85-4fb1-8829-df2d03d7a80f,46,Female,70,63,adult
12487fe7-7fef-46b5-9cc0-6d6e7fbf767c,32,Female,23,3,adult
7c9bf4df-f3c7-47a4-8cb9-82bb2bd1788b,46,Female,110,20,adult
e8456cb8-a006-4689-b8dd-1f3bf28447ee,57,Female,49,17,adult
4457700c-9c3e-498a-ba9e-dd145102fad6,41,Female,96,6,adult
00182d76-c032-4d4e-94b1-9a562b3102e2,31,Female,184,1,adult
65576c49-69fa-4f08-a9a5-a09376363110,58,Female,99,59,adult
eaeebbae-3444-4fad-b1a7-44cd529fdf0c,54,Female,140,42,adult
47f51674-8e40-4ff5-9bf2-8e6af02ad421,32,Female,66,48,adult
d33b29c9-091e-4184-b50e-e7d9d204c4b0,38,Female,190,59,adult
0a1318ab-6e45-41f9-92c5-9b92eb36dc9d,36,Female,122,5,adult
d875af79-b6ed-499b-b869-99d35ffe5bac,34,Female,98,8,adult
a446ae7a-a655-40cc-8861-3109f62af891,46,Female,172,79,adult
114f8cae-56e0-4305-9785-155079eb2309,41,Female,178,32,adult
24cc43d3-37a4-4115-8524-78cb019e33af,48,Female,60,32,adult
ce052c5d-1723-4c66-ab5b-d8a79a315d1f,46,Female,105,39,adult
be4bb534-6341-4cec-8249-a41c85f8cb2f,36,Female,167,63,adult
13b8d476-c3ce-4b1e-abb3-19271441d644,42,Female,154,47,adult
99d63785-f460-4a25-9bb5-5dbffda528ae,30,Female,183,33,adult
52a220ae-f49c-4453-8ce9-a756db5e8ec4,40,Female,174,69,adult
7f22f8ec-411f-4477-9fb1-0fd755ac5089,43,Female,150,37,adult
35c0ed09-e8c7-42c7-b5fa-4e86ea5a1af2,35,Female,130,30,adult
826da88a-3f08-4959-9963-60e7c131d2d3,43,Female,113,11,adult
e4214394-b979-4125-8401-23f8ad20c2ce,54,Female,159,66,adult
4bfb2b66-4065-438b-8012-a6fbf5f53ebc,33,Female,191,62,adult
9b37538d-6577-4249-9ab4-f62d76b3775c,39,Female,120,48,adult
29e9beab-d693-46ab-8d50-c37e425823eb,31,Female,74,65,adult
30cb6569-c40c-4514-8ca2-b628515e0a3f,33,Female,197,34,adult
a9be73f5-3856-4269-a45d-3a75b393245c,36,Female,75,22,adult
7a5e2669-d904-4940-8518-07fb7d5e5d4c,45,Female,131,17,adult
d9ef1bf2-ab5e-478c-996b-f3b75d2975ff,49,Female,137,81,adult
ceffe873-f47b-45d0-b9fc-89dabd349e80,51,Female,165,51,adult
25ca6477-5a33-447a-8684-959cff33c41e,45,Female,118,48,adult
d76f0852-336b-4134-a9ba-7bf9dc07782c,39,Female,163,96,adult
c0909aef-fb65-43b5-a6aa-bded2245721c,43,Female,119,7,adult
1b5cafbc-f3fd-455e-b157-d9c90fb05bae,32,Female,28,62,adult
3a3cd31b-6cdb-48e8-8373-abadd46125b2,31,Female,28,94,adult
9097b3e2-9250-4bc7-8ed8-be1a4e26c3f5,48,Female,164,3,adult
18133cf6-23f4-4f47-af49-17046d666602,57,Female,197,63,adult
944265da-86c2-41e3-b0ce-47f58430970e,33,Female,118,60,adult
c15c527d-1884-4bfb-93fa-15678f0214bf,44,Female,155,20,adult
ab766271-3e75-4f9b-a72b-97d0699c56f1,46,Female,21,24,adult
701f3b4b-85d0-4fb2-a29c-3d0f821707f5,51,Female,110,83,adult
b8060ca3-e374-47d9-bccb-d8430cc734ae,34,Female,48,66,adult
2fba62c4-b176-4adb-b4ab-5d360cc537de,39,Female,79,40,adult
c7d5bdbb-f976-4a01-9c87-60db81613d5d,37,Female,64,38,adult
216ee05d-5efd-49c1-b128-ae40a8fcb5c3,49,Female,53,28,adult
0eafd379-e46d-487d-940d-9006e12c59ca,51,Female,150,84,adult
2a024cf4-945f-4222-a4f0-2a7a8dfca9db,30,Female,150,5,adult
772419cb-469a-48b5-9c5d-b7e45729fb54,39,Female,78,76,adult
7ca1e948-a122-459f-879a-d394e24ce271,31,Female,106,95,adult
af3abd43-c593-4c33-9d0d-8ad0a8fde73e,57,Female,21,14,adult
a75e3135-9129-4150-a547-f79b7891a081,53,Female,143,50,adult
0dfa8bc3-07e4-4eff-b3cb-e4af01369e96,34,Female,178,54,adult
5d5ae511-7a2e-4a4c-94f8-b2bce07bb430,59,Female,30,97,adult
bf64ebf2-9791-4247-b5ac-35e27d10bbe3,51,Female,137,35,adult
9a59b356-5e27-4afc-aadd-eead8b24bf40,55,Female,156,10,adult
8408821b-73cc-4159-a6ee-a4309a0f653d,38,Female,22,8,adult
c4bfc0c1-9a93-42a7-8535-4048000612a3,53,Female,85,27,adult
9bd9ae3e-b1fa-45f9-8e2c-86bfc448bb37,39,Female,86,48,adult
70cefe49-b2b1-4f19-9b1c-9db1f5624b56,44,Female,106,42,adult
1f61106a-4202-4457-87de-ab8f375dd708,55,Female,153,12,adult
57efc2b5-6eae-4c34-a2de-1ba4814a846a,32,Female,168,80,adult
574e3b08-2dbe-41ab-846c-312d7883f33d,38,Female,138,78,adult
b9c643c9-afb4-493d-8ac1-441626c42738,58,Female,56,98,adult
a1a862d5-7e91-441f-82d1-64f59053cddf,30,Female,187,34,adult
1569b0d1-09f7-4a18-ac66-317a94e79a8e,43,Female,63,63,adult
67a12f68-5301-48e8-bcb6-21e92a4f21b5,44,Female,176,55,adult
a6643aa2-2c14-4352-8be8-dcea0813fc24,38,Female,94,39,adult
dde7059e-7b9a-47de-8ca6-7756898b3d3f,30,Female,197,74,adult
2591b2c4-92e5-4f5a-b983-a1a485a2d218,34,Female,35,65,adult
14ed4357-ec4d-45b6-b38f-21ce0afc5095,41,Female,102,67,adult
78f7ac98-5715-43dd-9bdb-6566dd85414c,50,Female,60,13,adult
61809e3c-0c41-4975-9c6d-7864daf89b0c,55,Female,90,92,adult
ac5f27b7-cd64-41a2-83ae-3426df13bc59,59,Female,28,63,adult
21c563f1-20e2-4bda-96f5-6ff647efa345,32,Female,133,22,adult
d7685d9b-ea67-492f-a0fe-85a9b4be6f9a,49,Female,105,50,adult
2ffb1fe4-289d-434d-9d96-3672231c0aa0,38,Female,86,88,adult
2229b06f-209b-4e00-9cb8-da93dcac8d83,47,Female,109,61,adult
27874784-c867-4632-9039-0f80f5e62c1e,35,Female,65,29,adult
dfcd036e-8dc9-46c2-90f8-16748587521c,41,Female,114,37,adult
e5c11bfc-29f0-4720-b188-705dd637b228,39,Female,112,53,adult
2268750e-3bb7-4bed-803b-21c1a3203d32,54,Female,146,6,adult
b4f1ecce-3cd9-451b-9f4b-5424c302da63,48,Female,195,45,adult
fe05099f-8488-4930-82f9-ab32dd824539,45,Female,81,99,adult
6cbadff8-fe04-4f03-ac5d-381aeea75d92,52,Female,188,91,adult
709e9d01-7540-4b32-9741-e2f2a85cd42a,43,Female,107,87,adult
4c736f0c-bc7f-4ebf-82f6-672386533bd7,33,Female,149,40,adult
9b25a377-dd8d-406d-94b6-93fb7425b5d0,46,Female,57,100,adult
05be1a6b-fca2-4983-bab7-aab250b0e2da,47,Female,58,2,adult
1ff13445-d61c-4a44-80d5-537e08f853dc,31,Female,195,68,adult
88b8149b-dc01-4c2f-b553-a78a83e1b983,57,Female,128,39,adult
12931ee2-4fa4-4924-845b-a3bd72726c6f,40,Female,39,14,adult
1c40bd31-6977-4a9c-ae27-0682328d28c3,47,Female,75,73,adult
6f960a8c-49c3-4519-b1e8-a454db73a9af,39,Female,36,31,adult
aefc2341-9df0-4eb6-8407-50fb372cf59d,51,Female,159,19,adult
280745c0-6f23-43c6-947b-0312467ded7a,59,Female,200,8,adult
9481a697-e7cc-4fb9-b97f-e143bcbe0d1c,38,Female,88,94,adult
93a8a98f-97e7-4bb3-8322-bb7d266f9987,31,Female,146,46,adult
becdb2e5-b566-48c4-8853-e80a749db1c4,54,Female,191,97,adult
535373ab-a3d3-4f8f-8233-c29591b9c976,34,Female,147,28,adult
73b93103-8d6d-4310-982c-15f7279f7e71,45,Female,79,21,adult
f9c906b4-70df-441c-be8a-c6fa1783a69e,53,Female,86,72,adult
9bbb7c15-1e39-41c9-bb58-59ec596c3f71,32,Female,173,58,adult
585c4848-c328-40e5-9189-63d4b0306386,57,Female,141,93,adult
51e4c6ab-0ea6-4cfd-9acd-55f392a1adc3,49,Female,133,36,adult
45a73337-07e1-4630-9be8-343ea2561102,38,Female,129,4,adult
2bb28d59-b946-4a2a-969f-dd1ee8e359f1,53,Female,130,75,adult
38f4e5c3-c1e3-4c83-a101-56df9f4d9552,38,Female,96,95,adult
976ea7e9-3871-46c3-adce-8fbba9b051ff,44,Female,178,9,adult
47a2284f-7c76-464d-b8a5-152772b9e307,35,Female,179,67,adult
78dbca57-66c6-4abc-ab97-2036047e361c,44,Female,180,73,adult
e7afb23f-d4d3-432c-bc28-d4c808954b49,40,Female,116,44,adult
26a2b055-8e17-492d-97f6-4c4d9e884a05,47,Female,119,15,adult
aaddbd36-f3c6-4a5b-a5e5-b4d985adf69e,48,Female,101,46,adult
062695b8-fade-4dce-9e10-4f6c41c27037,54,Female,98,47,adult
b8b1f7d1-3694-40da-8d82-4304293eb7bb,57,Female,134,32,adult
10a1d625-e263-461d-8fc9-6dc68424e2d6,48,Female,187,10,adult
950d7ebf-f489-4b96-9c0c-7dfdaeed0ea4,58,Female,36,93,adult
4ba86c5a-e1c6-47d3-be30-eb224d6a2e3f,47,Female,101,46,adult
0292b0c7-20ba-4047-bf5e-cbb2fedeb00e,37,Female,25,9,adult
de975d01-a6ab-4fd7-b8d4-c24b2b600c5a,35,Female,195,37,adult
d4c1183b-bdbb-4796-a465-446a3ab8bae6,31,Female,34,50,adult
72a8f795-3aff-4d27-8113-e12295a232c9,57,Female,56,40,adult
10929869-73d2-440b-87d8-d2dc36967d64,57,Female,154,3,adult
ad2d4261-5ef5-4762-a60a-3b3794ff7321,47,Female,35,77,adult
c62066ba-04be-4619-9728-cddf2bf2f482,43,Female,195,51,adult
cad24b56-293b-4d4b-99e8-bc08cc409c9f,45,Female,84,22,adult
29493298-5ece-45ef-bf4a-d8fadb2ccc2d,58,Female,66,53,adult
0092d0e3-7822-4eac-ae74-d682b9795686,51,Female,88,32,adult
a42bf9bf-1abd-4960-9dc8-78af86389e42,47,Female,172,91,adult
1c220c5a-9550-44aa-9a21-ec2a7094ae5e,54,Female,154,3,adult
acc6eadd-89b8-4d70-b753-1f29da6c0672,41,Female,99,14,adult
1e8b8c0c-e19c-4469-9017-0d78d338b752,54,Female,34,44,adult
21ae298e-7b79-451d-a2d4-c837ce3a6b66,30,Female,113,60,adult
d992a874-c20c-4f9e-9619-832d355acd74,59,Female,44,40,adult
3d95f36e-4bb3-4566-bddb-dbf82a9eb660,58,Female,21,50,adult
4bcd1fa8-816f-40d6-8731-ff1eb7890303,57,Female,73,33,adult
0c27cbe4-1c15-448d-82ea-a731d596c735,56,Female,115,84,adult
f4f3072f-f91b-4bb5-b0a9-e26f66c8ce37,46,Female,33,64,adult
069cb341-7fcb-4f65-82cf-4c8716a7d7d5,40,Female,149,26,adult
8950c924-4a1a-4150-ad29-28a235045631,35,Female,43,90,adult
af09a417-6e1b-4bd3-b064-37dc8447701d,42,Female,24,42,adult
5c56a484-09ac-4611-9f50-aa73e8d966e7,40,Female,45,30,adult
3775a037-abd2-49cf-87b5-009d1cbb6386,31,Female,124,77,adult
e8feb92a-a005-46a6-b0a0-74945c9ca516,32,Female,188,68,adult
f9516307-8442-48ce-a86c-3751dc2ab799,32,Female,93,88,adult
60aaf8b1-632b-416c-99dc-f1954755b7e0,34,Female,132,26,adult
b245248e-1b3d-41e1-94ba-801fd1982886,37,Female,192,30,adult
f373714a-4724-47ec-b4eb-37a9ce9e0a1b,59,Female,79,54,adult
e6c2dee0-b3a0-4e50-8399-837466650904,56,Female,162,91,adult
ee8ea13e-2338-4da5-8f78-66827fbfd288,46,Female,185,40,adult
926aa63e-5462-4a2d-985a-00ad54440c59,30,Female,91,2,adult
375242c2-c0be-4a30-b0a5-1b2aa6495f3a,37,Female,166,24,adult
be61b8a1-b856-46eb-ba5f-0ab7f5c5c633,51,Female,172,59,adult
d3c4d72b-8ae9-4f50-86b0-73d1c214c60a,40,Female,133,50,adult
7ef1cc45-1b19-4614-acec-e298f08d6c41,42,Female,84,13,adult
62054494-a0d3-4d2e-bfca-a5d922aeee75,30,Female,80,91,adult
d75ce804-39d3-4067-beb0-a0bbac985ed0,37,Female,109,86,adult
fa456682-9f20-4dcf-8572-143fe21626fa,31,Female,130,64,adult
4bff5832-5c04-46b2-8670-77d5da307560,58,Female,169,98,adult
1213a58b-b16b-4b02-9432-d396c3d5598a,47,Female,63,40,adult
8f25074f-eb25-4541-83c8-24989fdec8a5,40,Female,160,61,adult
f3886163-b167-4cb8-b624-39880560720d,48,Female,30,95,adult
6f27c307-bc0a-4671-8261-634376dca70e,49,Female,183,5,adult
b931b424-01ec-46a2-8d9e-2edc0d320e2e,35,Female,142,19,adult
3d29bcfd-d54a-4bfd-9922-324194678fee,35,Female,169,31,adult
b48fd481-c436-434e-8e13-7aca612fdde5,34,Female,101,59,adult
22b46624-4b9a-492b-a936-434652f32d92,55,Female,44,31,adult
473fc5cb-5e04-4e17-8784-e713499a174a,47,Female,42,83,adult
121ba20f-0d67-4527-be56-bc9b0da8fef6,48,Female,79,2,adult
8ff633ab-5580-4439-a5ce-a1fa2e9084af,55,Female,171,29,adult
34a0e93e-45e2-4247-80ae-95690bf82da4,48,Female,125,100,adult
231d1f78-d2c7-438e-9aea-a5659121cc67,34,Female,142,26,adult
3dfa99e7-8da0-4e15-8c6e-c370f3d18f0e,43,Female,158,92,adult
ee582a3a-41b4-486b-bd16-bdc0b34b94ce,42,Female,126,76,adult
b18714ec-a718-46f6-a37d-cd948f12fee5,53,Female,123,27,adult
d8e45483-cff9-4b08-81db-5c2ceaba1598,57,Female,119,77,adult
d9a0894c-1379-4804-af15-5d0ebe939411,37,Female,96,41,adult
031f1989-9827-4c5a-8d1a-a01fde83dda8,57,Female,175,97,adult
aa679540-c8fc-4f22-b5b1-82517f565fc7,40,Female,122,86,adult
e37e2dfe-9e80-495b-a2ca-36846acb515a,44,Female,193,82,adult
f8b52c93-4ba8-4191-b192-894ebecb8498,36,Female,77,58,adult
3712778e-7206-472c-886c-60ba10386fe6,44,Female,50,58,adult
ead35eae-d99d-4cbc-8868-55ee52588971,36,Female,147,3,adult
ab36a10d-db26-4238-aae6-03ba76ece0f0,43,Female,115,97,adult
cfd9a128-25e1-4225-90f8-4e2daaf226d4,36,Female,168,54,adult
f2db6549-54c8-4bb4-a69e-cfd6ba86243a,57,Female,91,9,adult
dedd5c87-6203-48df-9eb7-177b186e2a40,37,Female,123,82,adult
43c035a1-fa6f-49c7-8384-0a8084973f97,52,Female,103,48,adult
fcc5ecf8-8d16-4b62-a682-062c9cfaaf73,54,Female,28,93,adult
17938b6f-eff5-4621-a0ba-e5a668eba134,33,Female,88,57,adult
6a747a72-097e-4fd0-b30f-eeca0d0963aa,34,Female,71,45,adult
a4757c28-4130-4749-b409-9294bfd4fc74,38,Female,71,28,adult
c4af2fee-882d-46d0-a32b-70369873153c,58,Female,85,33,adult
899d5819-d1e2-4256-a4fb-99b2182ba577,57,Female,61,49,adult
9ff48da4-4bed-442b-935d-612241138ef3,49,Female,163,69,adult
d0c57ead-8c0d-4db7-8619-36b7cf8c041a,56,Female,193,89,adult
93818cfa-bcde-4dcd-b963-7269f0f89735,31,Female,113,37,adult
a9b695ca-ec0a-42e7-adcc-4ea10e9268b3,37,Female,98,34,adult
bd9739d1-8dcf-4266-b337-5bcee634aad8,50,Female,59,86,adult
81d8b24b-2e96-4d8c-8762-be146464fb0b,56,Female,44,53,adult
8912b4a3-6a7f-44e5-ab3e-1931baacc26c,34,Female,25,29,adult
b2db0b06-31ad-48eb-8bba-b3a5365ebedb,59,Female,145,53,adult
7699003a-5f17-4bff-b819-86c9782422cf,51,Female,128,92,adult
a98e4e50-70e5-4b92-b5e0-0f241b3b4657,33,Female,61,44,adult
f730a5ab-1de8-43d9-9eca-45a88b1090e9,35,Female,107,46,adult
4679ab83-c0b0-459e-8e0f-5a29219e22dc,56,Female,195,9,adult
7d189576-acc9-4cbd-8b36-762acad6beef,52,Female,44,28,adult
2e9bcaf9-8662-4df5-9b7f-34156c82de26,31,Female,44,55,adult
9d826138-747d-4895-99c9-10db65ce774b,54,Female,62,53,adult
0c1b898f-5055-44b7-b173-c9049f3faaa9,30,Female,158,65,adult
3581ba4a-772f-4f1c-a543-09cddeaf0b89,35,Female,180,1,adult
a9095581-8458-4575-9a09-224f374add3d,42,Female,56,14,adult
1b79819a-55a2-4ab0-829d-74127aa6beb4,44,Female,44,43,adult
8af5b6b0-e399-4222-8a8b-6dd99f78a355,39,Female,193,9,adult
cbf7ee84-1dcc-4f86-aa32-d8807ab7872d,44,Female,71,68,adult
15ab601d-7172-4db6-904b-437a9bffda78,38,Female,192,6,adult
83bb2b07-134b-40fc-aca1-44cf5641dffe,43,Female,81,2,adult
af573cf4-9b78-4023-9eab-b6fc0e3dea88,50,Female,99,56,adult
98aa536c-c758-4fc4-a4d5-f97c13f6ba77,35,Female,174,52,adult
d2f0090e-5ae2-4428-aefa-8a8de1f7b6cd,30,Female,84,39,adult
2573f739-39e2-483d-9352-8e34ad0f86c3,51,Female,177,67,adult
cb31c6bd-c0a1-4b04-b1c2-500aff9dfe4a,54,Female,42,13,adult
4d2ffecf-2da2-4bf8-9c63-cd249634af6b,50,Female,92,93,adult
a4596dca-2ec8-4d40-88f0-8a29dfaab2c0,30,Female,48,47,adult
345ab889-7c98-4c2a-8d6e-092bcb6d7d70,33,Female,58,3,adult
249f2c82-39dd-468a-999b-81be8499b92e,56,Female,54,70,adult
4526e5dd-fd32-4447-b867-b8b3fa7516a5,38,Female,163,85,adult
2c573ee8-79f6-42ee-96ff-a360c402ec82,32,Female,114,8,adult
01ff2e31-beaf-4829-9cf0-a8a58aff05a3,45,Female,193,66,adult
221cf03f-99f0-4c90-8894-b659c3e7878e,34,Female,188,5,adult
6aa337ef-b94d-4a28-848c-546cf79120aa,41,Female,195,84,adult
b3cc2bd0-0f07-4ce6-b13c-9e71dbeedae3,49,Female,168,74,adult
4956bdfd-ccb5-42a1-b076-111a35ad41dd,58,Female,92,42,adult
a71686e8-cc41-492e-8fb9-18ed4c3c05a5,57,Female,39,10,adult
79cda1d5-95d8-4388-b5e2-37d7657e4119,58,Female,21,93,adult
01686d83-11a9-4972-9840-977c704873db,58,Female,172,73,adult
5220bba0-5ea8-4252-8b30-1efab38e75d9,36,Female,37,23,adult
fa7a2f73-01fc-4c1a-a3fb-67f443af3415,34,Female,62,62,adult
2319cd58-28a5-4b44-8260-a1e6b737f31a,51,Female,48,88,adult
49159479-ff33-4941-aa51-ee5876c3f27a,38,Female,177,1,adult
cee52fb7-c2a8-4e07-bb62-b6aecabcbb2c,51,Female,79,37,adult
ffb6ea81-56c7-433b-9717-217fcd18573a,57,Female,172,52,adult
dec1c8b7-73b6-488b-980b-ea598e050791,51,Female,79,52,adult
7f64ea86-b7c0-4dca-a5b9-77db48512957,58,Female,160,2,adult
fd7c4509-526f-42e8-a491-53a2ff6418b6,44,Female,27,38,adult
125f9f28-ebf8-411e-b4a4-606b9a163691,36,Female,198,12,adult
cc03d887-7c88-4fd7-9295-e35e5a4f642b,48,Female,124,62,adult
cfc90a91-ea79-421c-8739-df355402690a,33,Female,69,95,adult
9b9050e4-df02-4ec0-899c-bd5e9486dcc0,45,Female,162,49,adult
944b04d1-cc6a-4526-8ff9-dd260e40bd1b,42,Female,143,83,adult
0d15da66-8549-4697-b0b5-c173a8fda60f,43,Female,172,11,adult
e254312d-a02d-49df-b33a-ea0aa1b835b4,51,Female,86,33,adult
f3411153-abc0-4799-8ce4-0fedcb750945,32,Female,56,12,adult
ff04685c-4bdd-4f0f-ada2-e9314ebfb0ae,46,Female,168,60,adult
9aa8ef20-c58d-45f8-b7a1-e26a281bfa35,33,Female,43,83,adult
1e01b564-b5ab-408d-b9f2-9a9d2e88abea,52,Female,86,28,adult
8193ad5b-430c-44b1-9716-14626ce661e7,37,Female,69,17,adult
a471489d-1f2b-49e2-8318-335e998a2c45,46,Female,197,66,adult
497e5b37-e398-4e30-8a7d-5515029fb4c9,46,Female,112,71,adult
42ca36de-4400-4476-93b8-d11bbd89fd85,39,Female,193,72,adult
8bb7ca47-de0b-46fc-a8ee-2aa1e153b801,38,Female,81,30,adult
200a4f74-7fc7-4154-80bc-cab9cd08c6fe,42,Female,193,27,adult
a78c7916-ec83-4862-a5da-2cdee6e1af8d,31,Female,170,64,adult
a4c5aa32-cd3c-4985-b8af-47d1d0c767ed,47,Female,61,50,adult
1ebea43c-1b4f-41e4-ad64-7c62b500f491,31,Female,152,48,adult
bf86f47d-1e65-4ce6-94b0-22068bf561ac,49,Female,134,81,adult
dc659ad1-70dd-4d3e-86f3-7de4662091cf,55,Female,65,86,adult
d8ed3e81-8773-4eae-aafc-4fb9d34a187f,40,Female,56,45,adult
ff07e705-c2cf-43fd-8073-b64d080f3274,59,Female,92,19,adult
ab97712a-b859-4b4c-be64-83422ab6b3e8,34,Female,70,72,adult
4aefa19e-767c-4b5b-86b8-a6aa94d12158,50,Female,191,100,adult
83b32fdc-30e0-4b4b-a971-e55b0c02fa6e,39,Female,164,46,adult
2ee7ca07-5561-4a83-8cee-f6ef9f5d6d48,43,Female,134,9,adult
c324474f-c913-4f80-b857-6440a3d6b02e,47,Female,195,47,adult
83ce800c-4328-4ba4-b77c-47b6aabfad53,55,Female,125,1,adult
2b46fcc9-f6fb-4455-8bc8-7cdb77e6b1b7,42,Female,65,51,adult
098fbada-94f0-4a12-a96f-e4e01c3bdf26,35,Female,119,8,adult
16593e3b-a5d8-4401-9c39-c5115e821fde,56,Female,153,56,adult
d8dafe82-8386-42e3-8d41-8e8dc032cb67,36,Female,50,43,adult
87f1479f-65c9-4568-8854-881e27fbfab8,51,Female,155,32,adult
0041fede-7d01-4ebe-9780-a6112657635e,43,Female,118,70,adult
46bb7480-33c6-4cbb-996c-f9d33ba82679,30,Female,174,78,adult
45d8d167-ac67-4f34-bba1-5e3a4578c1ee,43,Female,122,94,adult
8339eb16-dbae-49df-a291-903075796986,39,Female,161,52,adult
46995fe4-283b-49d0-909f-1e279b5df72b,47,Female,77,30,adult
e5508c10-506e-4eec-a293-00da6cae06b5,48,Female,97,62,adult
95626c4d-a8c9-4951-9f79-878ebba7bc38,50,Female,32,40,adult
3f6bfc65-3f4e-46e8-8711-70d46bb6a7fe,40,Female,95,46,adult
1e815ede-0546-4369-93c3-f045b43b521e,57,Female,161,70,adult
e2e3172d-3914-4d35-bdd4-4dc9caa54aa5,40,Female,131,70,adult
7eef50da-3719-4dfe-af39-b3d4319b1bfd,41,Female,61,55,adult
a50e2d64-fb87-4489-a5b4-2e999bf5dde3,48,Female,60,67,adult
142ee920-6abd-4e10-9832-a4396c606a04,38,Female,114,35,adult
400fc52e-6c1b-491d-ad03-492ddbd588a7,44,Female,134,23,adult
14803107-089c-4825-b5e4-da043f6b223c,38,Female,168,33,adult
e8fa56c9-82ef-42c2-bb3a-da2371908acc,43,Female,162,91,adult
3ec4a6f8-1e60-45f7-bb3c-e32490d523d9,56,Female,43,42,adult
00ad020f-d75b-4a7b-9977-19a46746740b,43,Female,154,25,adult
cd00e8b6-f051-4b51-b026-802397d2818a,41,Female,70,66,adult
b6988641-404c-4029-829a-972c82ff48d7,55,Female,116,80,adult
2c7e4805-f25c-402e-80b0-a350bd654093,44,Female,149,49,adult
5a069465-b877-4ae5-9e45-0323b24d9ac0,30,Female,102,96,adult
215dc322-ac78-4b06-8eaf-ed2beadeb164,50,Female,43,31,adult
9f37ed95-11c6-4ef6-b1b7-1adf3c46d050,42,Female,31,79,adult
916d7209-c456-4870-80e0-fb91e0e09730,32,Female,197,94,adult
22d87a58-4f3b-44a5-bbbc-3672eef1550e,52,Female,69,68,adult
909d47be-11a7-4ac3-ab52-3984746fd317,52,Female,96,8,adult
cfb31724-96d4-4ecf-beb7-e933820f34c7,56,Female,73,73,adult
1662322c-c4b6-45ab-b311-0106b675aeda,57,Female,124,97,adult
03042798-edcd-4b18-8ff8-7b3c3f94bd4b,46,Female,162,38,adult
3dc73c4a-9d5a-464d-9d2b-49ecd5b5bcdd,48,Female,103,81,adult
5cc6fc5a-8bc4-489e-af0b-a2b33f7388d6,37,Female,120,4,adult
e054c912-bdb9-4ba4-bacd-0691c815b5bb,39,Female,96,95,adult
a3c6faa4-0eed-464c-9ef5-c573bae23585,48,Female,33,43,adult
bbe54d58-9618-41f3-8f23-3a48b30438ea,30,Female,90,76,adult
b1fe7d87-6346-44fc-8d1c-d43f819d2609,30,Female,63,59,adult
d837eabb-8dea-4fbd-9dc3-657371690378,54,Female,57,58,adult
ec47c3e6-b46a-4fde-896a-ad0d8b06f0ee,41,Female,105,25,adult
689f4d83-7670-41d8-94b5-6ff5a15fdf17,33,Female,150,28,adult
fc20f39d-c6ce-41e7-893e-d72680c24cc0,35,Female,53,2,adult
26ac0ac4-752b-4c2d-9b8e-cf0b97ae64ac,33,Female,186,22,adult
89f450b1-1403-46a4-b94f-e7259f1c6072,32,Female,66,97,adult
17934504-27a5-4ca4-843d-819011034940,49,Female,199,35,adult
d0f8805f-68ef-45ce-9272-c09a66fad78e,51,Female,95,11,adult
e488a54d-d9df-4173-9e52-6f7b669428c8,30,Female,110,39,adult
cbe2dc12-c88c-410c-9165-9c67c4137395,56,Female,124,25,adult
3f24db2b-34e3-4bb0-9fca-b7680fda5682,44,Female,100,69,adult
3ee0f1b2-6a2b-49e7-a96b-73a183982602,54,Female,177,18,adult
09e0345f-4c90-4cbf-9570-d61838a4bde6,32,Female,176,65,adult
c64b1878-f217-4192-b14b-ae9919ccf135,37,Female,132,44,adult
34bbb331-e22a-4532-8333-3c5da134c058,33,Female,150,52,adult
e4192b54-e3f0-45b9-ad33-95f3d394225d,40,Female,41,74,adult
b1b80976-ce1d-4971-97c4-e3af44e0e4ea,31,Female,75,18,adult
e2f3d285-48dc-4860-9355-e4402a4b2024,47,Female,51,56,adult
1c1918c8-fe1a-4588-98d5-e574a22c3650,56,Female,27,44,adult
5138f41c-b966-49d8-abbd-744d45ac56ab,58,Female,74,87,adult
081cf0bf-c7bb-4ab5-b6d8-d1918ca2097a,54,Female,153,87,adult
d716b75e-41e6-4a6f-9ad3-a25a42e7b16e,43,Female,137,68,adult
76f0088d-c56d-4677-aec9-9add5e03c1be,48,Female,166,60,adult
ca446d1f-1a10-424d-bfbe-1617dbd3379a,38,Female,172,100,adult
b52e059b-53b0-494e-ba15-3319aa3b26d2,38,Female,159,60,adult
3918444d-ec0f-499b-b247-7d6005475274,58,Female,74,88,adult
6088c045-44ca-4717-8b31-f1e770e748f0,45,Female,139,15,adult
7aa4ad2d-49d6-4043-acf9-f6a0a711a5cd,53,Female,166,13,adult
8896f882-9336-459a-85ac-3a464c459738,45,Female,134,52,adult
b8691a63-46af-49f6-828d-461b13af0a2b,58,Female,162,48,adult
6179f86d-8ff9-4291-b7b7-b54a3e328817,42,Female,157,70,adult
ea05c943-d5c2-45e4-911c-e164c47e5fa0,33,Female,176,49,adult
85b12c8c-c2fe-432f-b626-2f01847722fd,32,Female,88,8,adult
61efee5c-c7a0-4a63-b2d2-c511d0ccecc6,57,Female,43,72,adult
5e1521c2-3f07-477f-9b26-d21d12b94668,43,Female,78,36,adult
81697d09-d566-403c-89f2-d6c89d6984c9,30,Female,91,64,adult
f449c8b6-1e69-4d46-a2f8-fb0fcca7f6b1,51,Female,49,60,adult
d1133b8e-fb58-4a06-b5e7-c18b93da2ba3,53,Female,55,59,adult
b0f0a227-9ed9-4a9f-bb03-0a496590689c,34,Female,24,35,adult
d84f4db6-5940-4f47-a5d6-08872706310a,31,Female,83,87,adult
d7c755b4-85eb-4c9c-b803-c0858ff848f7,31,Female,128,84,adult
2d5b8123-fc67-478e-9130-b6bfc9400722,48,Female,67,10,adult
f190ecdd-5954-4acf-a82a-d5cfba0882a6,54,Female,151,44,adult
70a255e9-6039-4a7d-b80f-10e8e94f80ea,32,Female,196,92,adult
5c3a468a-3dde-4d8a-8614-0cd1d5fde24a,57,Female,145,64,adult
d1675afe-2f98-4cbe-ab19-46f523ebefa1,42,Female,106,46,adult
6407aaec-985c-4dcd-9dc2-5ee833901dd0,57,Female,22,44,adult
b07b5c98-6c67-491b-9404-2a0290a281de,33,Female,185,22,adult
2ff0f11a-2607-4020-ab95-c7e62ac04881,56,Female,56,78,adult
c1ac1891-b5e2-4249-9970-6aaa98046979,46,Female,137,99,adult
8c83310e-5736-45c2-84e0-79db520f2ca4,45,Female,182,37,adult
d79edb99-4d88-49f8-87a2-bf2efb7e4a97,51,Female,22,94,adult
b23c8fbc-292d-4089-885c-18ed716aada7,59,Female,152,48,adult
b3c9cc86-024a-46c2-bf5a-a661a49d2039,37,Female,113,57,adult
0f4a18d9-1ce2-434f-878e-20036201c611,33,Female,70,73,adult
870e7a82-b7b2-49c1-8fc9-0ef97e4dadae,38,Female,162,3,adult
993d46d1-ac76-42f4-96d1-3cd7f0d12cf6,50,Female,189,21,adult
00ea4c0c-dc8b-43ad-8e53-80344d9b0df4,51,Female,108,78,adult
968765ff-1fa6-4e83-8c28-665c758a8981,45,Female,72,4,adult
f05335c3-f278-4433-bf5f-03c9beba8034,53,Female,145,30,adult
f9ae974f-5133-42aa-bbcf-b68fef39aa65,35,Female,128,71,adult
b78048c4-3101-40d3-815a-5ed52f97a4fa,49,Female,132,74,adult
6c1eaa59-beb5-4aee-bc4b-dd1522042e73,39,Female,193,93,adult
32eb89a8-9a6e-4967-a0c2-e547dcbb6581,34,Female,179,42,adult
343fa24f-7343-41a4-ad5d-913e6293c6c1,44,Female,110,38,adult
e9545b9b-d57e-4dfd-b594-4a8569d646d0,41,Female,97,76,adult
49c52223-dbde-4a75-9d02-9df748a95320,40,Female,123,23,adult
64e00076-b380-414a-8053-64f1b372bada,44,Female,153,59,adult
3bd41ee8-e0e1-4f3a-b345-e37a5a2775fc,56,Female,80,3,adult
a584ce4a-8419-480b-9bc0-eeeef3ee860a,52,Female,52,31,adult
3e61dba1-1e46-44a6-a319-51c979a81a0a,55,Female,178,59,adult
9748307d-108d-4388-8ed4-829890ed15e1,48,Female,78,42,adult
c857e397-93eb-4056-ae6c-eb0e65783711,41,Female,191,22,adult
4b6e29a2-4264-452b-a06c-0327b2c84188,39,Female,52,44,adult
40f4c4d7-ec00-46f7-bad3-d2c291ebc63e,33,Female,188,2,adult
4272d111-6e07-41d5-84bc-ef5ecbbc20a6,30,Female,174,84,adult
28872c45-d5ee-48ce-ba64-45e55eddef23,30,Female,146,100,adult
4d96354d-701b-46ac-83b2-4f619bfd85dd,44,Female,30,85,adult
586d9d04-172c-4775-a9f7-648194e4133f,57,Female,188,39,adult
dbbf5e6b-ee92-4bce-89db-174c7bde9f53,33,Female,82,81,adult
0c5cdd12-880b-4182-87b4-e7759faadb8b,51,Female,145,76,adult
f613eb55-4a9f-4aa4-95d2-c79d15541071,33,Female,152,37,adult
e9ee6954-c09d-4986-8161-c1d94abc3324,31,Female,131,27,adult
4ad46545-4a84-447d-8f36-d962f72fcc15,40,Female,84,20,adult
ba611ef3-6ea1-4953-8c0d-6b8bfadf6092,50,Female,80,74,adult
f195a090-5205-4bb5-a1cd-92cecfa31547,45,Female,24,47,adult
8fb134af-ca81-4512-a2d8-975111e7b3f1,58,Female,28,16,adult
c11008b3-f0c3-4657-8f63-d672df08bc39,50,Female,131,72,adult
6bb2e736-9585-4672-9db0-ca29831feb82,38,Female,117,8,adult
37136b3b-70d9-4699-91a0-53e55fa55b0a,52,Female,57,13,adult
aa44551c-6ca1-4556-a812-708d372f87fb,52,Female,93,67,adult
ddf116f3-8a86-4e5c-820c-2a97c32404f6,34,Female,41,7,adult
cf9e980e-4c6f-4e9c-8b8a-f31466786225,48,Female,54,90,adult
6d5d02f6-f3e7-4653-8df8-8aca4ec312d2,59,Female,31,24,adult
bdf682de-82fb-4f5d-9085-a80e9f9c4ffa,33,Female,105,90,adult
cb1b7157-fb08-49ed-856c-4a0f497045e2,51,Female,89,76,adult
c59ff6a7-4668-4930-8519-dadb9317b39e,34,Female,200,5,adult
c940ae27-01e8-47e3-9ed8-64a742d5b267,37,Female,78,18,adult
44703b3f-aded-4d46-831b-401e3a17729f,48,Female,49,27,adult
3b271a37-0eb5-4d87-851c-eab3b565868f,36,Female,138,15,adult
347fdd17-d643-4f06-83cf-1879c29278f9,32,Female,58,64,adult
8ab80628-fc1e-46d4-988f-8348d141470f,45,Female,64,46,adult
9db65ca4-6624-475f-8157-496e2f490e77,55,Female,156,39,adult
c9f6c65a-afbc-4885-a81f-b8eb7d943eaa,58,Female,71,23,adult
fdf13ef1-63c4-43ad-bc00-e8aad95a4591,48,Female,109,10,adult
7af56085-617b-4470-9aca-ed0a15fc5bf8,43,Female,61,33,adult
72b8e2f6-f6b6-4a9b-a2db-c79a98f43d2c,58,Female,78,90,adult
0058d7fe-f36a-49ef-b51e-76e8dddff76d,53,Female,66,50,adult
19a15326-c0e8-4ba4-9955-4321d9845299,37,Female,21,44,adult
af8bf586-47db-4f68-a781-e9f19d825fce,33,Female,104,11,adult
63cffc12-d6ab-4e82-8121-85f959d87bb9,56,Female,24,20,adult
5641b99d-01df-42de-b192-eec73ff40645,47,Female,166,100,adult
2c35a3e0-9c86-43f0-88d5-8a3f38b8c68c,41,Female,57,71,adult
4758bbe4-9ecc-481e-9097-99c95ffd9a42,56,Female,33,43,adult
03e544c0-02c8-464f-83b1-e21683758da7,35,Female,175,64,adult
d88f8c64-ec49-4744-bde9-9719a4452dc9,57,Female,57,3,adult
fce3316d-bf35-4c6b-99de-b652f16474a5,43,Female,179,59,adult
1fffb709-7d20-4436-a11f-91539c307f62,55,Female,53,27,adult
1085d408-88e9-4015-9b4b-77a31d510e75,36,Female,92,79,adult
afd5d63e-79ed-4943-98dc-878b079a417d,41,Female,179,33,adult
f299e245-efcc-46b5-98f3-73cbf6ab37f7,59,Female,156,34,adult
73293f0d-5e62-4f8e-ba15-50a0a8137908,54,Female,114,57,adult
66558774-68e8-4885-8f38-4497ecadef73,42,Female,52,64,adult
884d9aa1-3c16-4a56-953b-486d98d9eb4d,47,Female,28,86,adult
f48a3225-8e4d-4b7d-9043-fbd835d85b69,39,Female,162,46,adult
1a177342-5911-4e4b-9e66-2261778770a6,57,Female,172,90,adult
b2f9cdad-8141-4ea9-8bac-109f1c3b6274,32,Female,28,73,adult
a481442f-c070-40ef-8fdd-a26c1cf8e394,33,Female,66,18,adult
657b43f0-d4fe-46ec-8e03-5982df75f9ab,33,Female,45,31,adult
40b81ba2-a488-4959-9590-73f14e6c7a53,39,Female,65,20,adult
372329d4-ad94-40ab-be83-802d1325a264,46,Female,181,34,adult
1c8f7813-56b1-4983-8119-a8343c13e16f,37,Female,64,51,adult
2c335b4e-860d-418e-bd36-1674fe21d0de,52,Female,169,92,adult
544713d5-623d-4cf9-9561-8c55b282113a,50,Female,108,55,adult
41396501-5fc5-42a6-938e-67de977627ee,35,Female,89,59,adult
0dcd8d76-6641-4f67-a19f-f312b53d6714,55,Female,190,98,adult
636d6924-fef4-4fe6-819f-5e9ee6e5b5c6,34,Female,160,12,adult
f1399076-7a07-460b-8958-b7dbace4774d,35,Female,80,78,adult
87e3c727-1df4-4d41-9296-9d2f5f3c3f43,48,Female,176,80,adult
116e6035-9d61-4f35-923a-f2b2f7a2ccfa,53,Female,31,29,adult
41e67ec7-0b2d-4325-987c-83f8798bf5c7,39,Female,25,24,adult
e70fe988-cd7a-4777-b341-cb77ea9ec5dc,32,Female,133,9,adult
ab0248cf-d861-417d-b263-5a167fb365bb,55,Female,40,46,adult
47e1b471-b887-4de3-ad93-f51ddb700219,53,Female,173,52,adult
3c0ff7e8-32dc-4427-9ace-515fbee49db9,39,Female,44,46,adult
2e623ec6-2578-45e6-adb3-f1d55e6fdfa2,46,Female,130,23,adult
fc972da5-b93a-4c89-b939-62e868b0c121,56,Female,129,47,adult
70aa2c53-3482-4e9f-b57e-adfa16301131,52,Female,166,79,adult
1f670739-655c-4d9d-bb22-fc014695a69a,34,Female,106,95,adult
2c5caf73-6ff0-49bb-9c14-0452beafba1d,44,Female,31,98,adult
b2d11521-ff15-430e-9481-ed59dbe65938,51,Female,84,32,adult
0dee2cee-b68b-45b3-a835-284ff1f08e96,41,Female,200,49,adult
43bb45f8-553e-4864-9fd8-f07c4a7eb505,31,Female,160,83,adult
b476577e-cbef-442c-8035-dce524fdad50,40,Female,177,93,adult
b27cf1af-dc75-40ce-8f99-f791fd7052a7,46,Female,58,86,adult
9422f7bf-c017-4d0f-a08d-42204692e38e,57,Female,66,63,adult
397c2d40-4524-4d24-b6a5-07b612cd68ff,37,Female,179,32,adult
ee0c1f0f-8204-490c-9be4-984da5057481,40,Female,111,81,adult
e58aefac-543d-46a5-bad1-2f3533813620,44,Female,48,40,adult
73c37942-b591-4e05-9b42-78ddee991f78,54,Female,90,4,adult
a0e442a8-73f6-478e-a030-642f01e7bdee,33,Female,64,33,adult
0e116e71-bcee-4201-841f-12bf94a59b6a,33,Female,60,98,adult
b1396767-68c9-4b83-874b-f526bc268d83,51,Female,132,37,adult
b7c9d348-f693-4f83-abee-46d373981b47,51,Female,129,82,adult
6a3f3ca9-5ec6-41f6-b162-71e9abb74a0c,44,Female,90,60,adult
da20df11-c7a2-48f5-ae04-68e7c399b9b5,54,Female,156,71,adult
48193058-bce1-43de-b0dc-02d47e8ac177,30,Female,79,95,adult
f568fd65-3384-4879-b18e-38e848f0cd47,31,Female,170,37,adult
2690dba0-8a40-43a0-b2e9-25895e7e1537,45,Female,179,87,adult
77192c96-96d4-4f43-8e09-33d9b3ee32ec,41,Female,164,80,adult
a93ecd69-7bc5-41ec-9261-65339a588573,32,Female,141,17,adult
f180b8e0-6da1-4460-8e3c-59f0ad62f013,57,Female,105,75,adult
63e6457d-08d5-4ed4-abda-081ee4f84c80,40,Female,77,100,adult
fa23e320-c3b8-41ae-9714-ddf525735895,50,Female,39,3,adult
b77bb317-4107-47b3-a0a8-d89a57e1fa0f,39,Female,157,80,adult
384b0594-6bbf-4a48-bc54-3f58254d618a,49,Female,132,23,adult
bd75c7aa-3ac1-44bc-8606-55f88b48db29,37,Female,68,34,adult
35285226-f7c9-4747-81b8-c4de93b83cc9,30,Female,94,60,adult
80632983-9b63-499b-be85-ba0bbf3e2bc5,50,Female,86,16,adult
9f4c2f89-422a-4d20-ba54-adcee4d35b63,41,Female,199,61,adult
d73e9297-31a9-48ca-9057-f0db265dfd99,51,Female,95,33,adult
ab6c36ad-1eab-4f0e-b289-6f2efe77ec88,31,Female,199,24,adult
8eca342a-2991-4876-ac22-ff560397847f,49,Female,173,23,adult
ad4d14d7-a780-453e-9791-7b87e91648fe,46,Female,112,55,adult
0f3c975a-256b-4e44-8946-9644974f40f0,56,Female,129,7,adult
f4669af7-8913-4e18-a412-bd4e9cc06f6c,40,Female,112,92,adult
3d894796-6a8f-490a-8549-be8f9b4a9faf,37,Female,79,7,adult
837ac310-e8c2-4381-b139-49e8d20294c5,58,Female,162,57,adult
7ad0bdb1-f2d6-4a67-8695-4d0d80d60587,58,Female,132,72,adult
75af9759-2fed-4556-a387-c28f6ea05af4,52,Female,71,93,adult
b4f8228c-efec-4b76-8a6b-54da05c8f6ff,49,Female,120,100,adult
fe9466cd-335c-4b69-8bab-868a91ac23d4,45,Female,59,23,adult
0f453ae7-bef2-43d5-8167-9a0c92985b23,34,Female,31,82,adult
cb866db2-81f5-4cf5-9ab6-928df4278ad5,41,Female,46,49,adult
c913a9b1-f6fd-49d7-9805-2c5c4201433b,59,Female,127,86,adult
3f50f547-12c2-4881-bba5-5e129cd9e663,39,Female,70,5,adult
e91f5b81-07a6-452b-9cba-e3265708c481,52,Female,186,58,adult
850097b9-1160-4f00-93b6-f71781e51ded,33,Female,39,46,adult
bf300c18-45f8-48c0-96ce-533dcfcc8371,34,Female,96,99,adult
29ff2eb1-fe58-4daf-9435-fcd207b83a5d,36,Female,159,32,adult
f34de5fb-1f96-41ad-b4ce-aba97fe9ada8,53,Female,140,97,adult
b0e5d926-81c2-4f3c-9b12-8f8f03411cc5,55,Female,129,11,adult
a4d2409c-40db-4de8-bb99-bce6609ccc38,50,Female,115,89,adult
c34aaabf-907e-42a8-87d9-dc63780d4572,34,Female,114,74,adult
f55b4a16-2a72-4ab2-b152-421ec36e1e2f,33,Female,31,69,adult
cec74949-1d5f-4cfe-8d0d-dfdc1aead984,32,Female,178,49,adult
3c8f92f4-5dab-4fcf-abe4-293e531ae66e,39,Female,80,47,adult
07b2318d-341f-441b-b8d2-6c52bd43aecb,35,Female,58,3,adult
e02b3f69-2a99-4050-84b2-212cda157c76,48,Female,25,23,adult
3471beef-5d79-4f25-ace6-4851661c41ab,36,Female,49,43,adult
672e4176-f269-4856-9ef5-30efb29ad7d5,57,Female,149,10,adult
6dc9ac74-bccb-4244-911d-af4714bcf21d,42,Female,26,54,adult
8cfd5606-d715-435f-89b3-cb4679af9845,44,Female,191,12,adult
98b90f86-a141-4a0d-b721-4b105b69b893,47,Female,70,95,adult
ae8e2af7-f88d-4ba2-aa57-313fd4baf0c9,42,Female,137,81,adult
e1fcc320-f7eb-4e01-9d1a-42fddbc2da9d,35,Female,124,30,adult
87db515d-cf83-4d9e-8dc3-3c9160595426,32,Female,121,25,adult
a1956b9c-5d5d-4252-b1f2-379b2e12aa31,57,Female,80,52,adult
146e0637-bf90-4c4c-becb-3f64af41fb13,41,Female,171,92,adult
aec37003-d117-464c-b708-63d563eabb9d,51,Female,120,90,adult
08019019-63de-4ea3-adf3-b3c443ccb65d,43,Female,81,85,adult
d94002b6-b2df-423f-b030-af1f2a9c21ec,58,Female,137,93,adult
7b7cb98a-3360-4362-afbe-ea293242d00d,37,Female,188,3,adult
bae1c5d2-f1d3-4d53-9cfa-8cc43a20499a,50,Female,168,93,adult
8e60d77e-71c8-426b-bb4e-8db12819a0a8,49,Female,190,31,adult
a53c3344-2445-4216-a1e0-04f1c9a8abdf,31,Female,22,8,adult
47dbc61e-919d-43ae-b0ef-e11fe11d34ef,45,Female,82,73,adult
a51593c7-41aa-4e35-965e-47b31391cd81,42,Female,33,38,adult
cfca70f0-fcde-41be-8258-dd717882642a,52,Female,60,83,adult
49743526-b76f-48d8-8f3f-e322215ed43f,30,Female,116,43,adult
82a0afa7-b4ba-47bd-8c03-873195d4785c,41,Female,124,73,adult
e08952b5-4405-4a76-959f-30be82f063a9,49,Female,41,75,adult
bccccd78-675f-45d9-9008-3002883dfacc,51,Female,171,36,adult
101fa8ac-5d99-429d-abf3-b3a7b33c4d44,50,Female,124,45,adult
8c019de4-ee72-4439-9b4d-a85387e58683,34,Female,53,22,adult
c213db58-641b-436f-9621-626ece529936,32,Female,190,51,adult
df8dd104-47a8-48a5-bcf4-b44844f0c6cf,36,Female,77,6,adult
bd8b5c62-202c-4897-bc8b-f7cd14a61a27,31,Female,185,41,adult
68f82503-5187-4a14-a990-138ba90b0e66,56,Female,171,96,adult
d2705fae-053b-4df8-8a35-6e29f33c21d1,42,Female,27,98,adult
65f1cf31-3469-4e46-8190-f4498147a114,53,Female,91,16,adult
a5f72b86-b7b1-441f-972b-c5d353c696f5,54,Female,171,43,adult
95e4d7b0-f66a-4587-b3f1-7c354d604911,49,Female,179,77,adult
418d1843-3093-49b9-8571-bc947c7233ac,54,Female,152,100,adult
f649088b-2170-4bfc-8a46-1b76614a9da4,30,Female,121,19,adult
8d22bef9-370e-44e7-ad0d-3f8ba7902caa,49,Female,165,90,adult
05909170-b628-45b0-af25-6dd4943f9c1d,57,Female,170,52,adult
9dea603e-76a2-4369-af67-91e57103d6c8,30,Female,44,19,adult
e394149f-f5dc-4937-a0ce-d48e5078b016,51,Female,115,79,adult
314c68cb-53fc-44c1-800d-7d2997e09198,38,Female,33,40,adult
4362543e-377f-4cc0-98cb-cb5beb825221,56,Female,130,6,adult
9a720130-46ba-4f89-a222-10b786478d56,47,Female,154,90,adult
482ddf36-4315-4d3b-8705-d793a9d5b673,40,Female,102,92,adult
a78c01f4-b11f-4f3b-aea4-dd5da175a398,35,Female,114,80,adult
6e700f33-71b6-43df-8526-29e09c73b934,54,Female,176,42,adult
4c2b0335-bac5-437d-8c09-81913c1c9d8f,58,Female,111,70,adult
ad30273f-8815-4f60-83d6-f3c76d247027,50,Female,92,95,adult
f498b519-148f-4ace-b223-bfe647f6f88c,47,Female,113,82,adult
b3000ebf-0149-4b9e-b34c-d901017e6d76,36,Female,96,56,adult
65578be0-a91a-4f44-bfab-90b131bad59d,56,Female,175,7,adult
ba5684f8-29ba-4d2a-9a0f-cae0a451ab3c,48,Female,60,40,adult
edd0139c-a4c4-4710-ba94-0bf56dadfa03,40,Female,87,17,adult
33a7989c-e25d-489f-afa0-667687b6a6bc,51,Female,106,2,adult
846f318e-778e-4e08-a3a4-2a3dd7316d25,55,Female,82,79,adult
1e47aa10-7e74-4a54-ba7d-dbb950dc7d1c,51,Female,133,52,adult
6e414c89-ed6c-41f5-a594-5e6e6a235d1f,50,Female,53,8,adult
1d526c0f-75e2-4305-b280-ee53808dbbca,39,Female,84,49,adult
9df4d572-a04c-4878-a133-3116d76521d3,34,Female,148,51,adult
0de64267-a896-4e5a-9cb7-61f66e42615f,59,Female,125,39,adult
e9147425-28c5-416f-9635-cbd67fd0d8ed,37,Female,79,80,adult
d9adcdae-b2af-4d80-867f-91af6e78b3ab,41,Female,191,72,adult
e4ceecb8-e779-423d-a165-33a85f91c853,48,Female,175,30,adult
f3eaf2b8-90b2-4457-99e8-a4979e01a292,58,Female,158,80,adult
88d5ea91-cdc4-43c9-845c-04ecf9b11e79,49,Female,35,62,adult
4ce6efea-0850-449f-bbb6-9a8e93e2fb23,43,Female,55,29,adult
dcd47acd-1fe4-49fb-8b53-7cf0f46d1a63,55,Female,194,15,adult
5b4f0198-4943-4695-a214-09ec636eeec9,57,Female,50,93,adult
c20a06e9-3025-4a77-916b-b9ef37005ecc,57,Female,24,83,adult
dbf9821b-54f2-4310-a3b5-63dd3a3a5fa1,42,Female,101,97,adult
044a8e8a-4499-4e45-a88a-55a837d19849,52,Female,173,52,adult
b3a86627-9bac-4e4d-941f-bc3297160ac9,30,Female,146,85,adult
00e5bb34-7e20-4938-8dae-42287a17f429,32,Female,50,26,adult
b090cca2-2f65-459b-9ea9-f6fd920bb39d,57,Female,152,3,adult
8827234d-4517-4c74-ac1d-4f92d97f4dec,31,Female,55,26,adult
082c4f34-daaa-4164-8f4e-bc9e1b3defdf,30,Female,50,58,adult
b341ab08-fa5a-4057-81fe-09cc9fb3b702,34,Female,135,89,adult
a6e80a1d-8125-47f6-9c52-f704c612eb13,34,Female,30,54,adult
0a881850-7e1a-4888-bb90-578260dc37ea,46,Female,128,22,adult
8bc625f2-d583-4c84-be06-57e58169e279,35,Female,175,90,adult
0fdfe5bc-3918-426c-aa3c-71ff0ad3afc2,30,Female,152,33,adult
b9c87dcb-68e5-4a8c-9b86-6827d60705b6,47,Female,86,56,adult
1be7c049-d832-4ba7-a02a-849abbe6d49a,46,Female,189,48,adult
6bb63772-3c21-4e84-b62c-25ff7207762d,30,Female,65,78,adult
c8aebac9-1f5f-48a6-8d60-daef6b637e53,53,Female,166,17,adult
2a8c75d4-ae18-4003-9b6f-088599c2cf88,33,Female,168,33,adult
6645a051-2ea2-4f07-b568-42ca154c3454,33,Female,117,21,adult
c5b8a210-9a71-4b63-ad16-93a16f5de0de,56,Female,184,46,adult
92850089-195d-4a5b-ba0e-bb78acd93a3e,32,Female,44,62,adult
9ea4ed60-7608-4d1f-a566-3ecb017c221e,51,Female,49,16,adult
0229bc0c-d69d-4213-9488-941895a60f6f,42,Female,45,9,adult
fd05b627-15ec-46b1-8015-e23a273cec3a,30,Female,76,39,adult
b2b16e6f-e12e-4c3a-a1dc-2bba20b412fc,50,Female,156,2,adult
a8ba77a0-8ea6-4546-8169-fadc7cc80aac,30,Female,90,66,adult
7bd94faf-cca5-4e01-9bfd-4e5c57cc3776,58,Female,190,37,adult
d389b179-262b-4069-80dc-da3d923550eb,56,Female,98,81,adult
2f7cdecb-b5d5-4ba1-b6a4-9fc24373400d,42,Female,22,70,adult
d6a28c96-922a-40d7-9966-5a6b961d381a,36,Female,46,39,adult
8ffb77f8-3e4e-4e62-bcff-12734877d084,34,Female,36,76,adult
6f442c36-c881-4041-b115-357d264cf78b,34,Female,162,20,adult
86fd0754-7e38-4fcd-9e49-40bae50a0c06,53,Female,68,3,adult
5f2e86a3-d244-488b-ad36-c79cf46be46b,35,Female,193,34,adult
7a509b25-8e2f-4907-a2d9-7e90723528c6,50,Female,191,7,adult
f044b054-5546-4eae-9942-e0a657cc124c,40,Female,102,49,adult
1a695b18-c729-471f-9243-f2ae9dbae9db,35,Female,54,7,adult
50fbfed1-7d60-4398-bf45-3f246bb6369f,45,Female,68,79,adult
720d5085-0248-4939-b8c1-9261b5896cb5,40,Female,28,88,adult
02da8108-fe4f-4300-a4d3-e2210f8d240f,35,Female,105,49,adult
