Customer ID,Age,Gender,Annual Income,Spending Score,Age Group
d410ea53-6661-42a9-ad3a-f554b05fd2a7,30,Male,151,89,adult
7e211337-e92f-4140-8231-5c9ac7a2aa12,42,Male,158,40,adult
49ba3e9d-a590-4303-b443-e794d0364c11,37,Male,171,75,adult
5963ff82-b2de-453f-bffe-4fed059e18ae,58,Male,81,23,adult
96892d38-cadf-4409-83d8-1b7a3b37b05a,40,Male,64,62,adult
d5e8bfcc-51e1-44b2-a59d-9174d10efb97,55,Male,77,86,adult
3e260c72-5788-4641-8dad-9cc7a4eaafef,45,Male,82,39,adult
b6e3dfc4-1a49-4424-a0d9-d0f796002933,45,Male,147,1,adult
92390e01-1df1-4643-b044-546283ae7773,46,Male,88,3,adult
38cb6a10-0af1-4505-b3df-0f8ff3a4e4d3,36,Male,64,23,adult
9a359e4f-973c-4f8a-91dd-eb930fddedc8,36,Male,126,35,adult
bd38959a-71ba-4d38-8a52-3c23ffcf5cdd,44,Male,101,55,adult
3a626479-8b72-4500-a12d-97bb7d76e0e6,33,Male,68,27,adult
65f74905-788e-4b8e-b2ba-70b6ab52fea1,57,Male,165,9,adult
c66bcf0c-db9a-4201-8b7d-5c445e585b1d,46,Male,43,54,adult
b72a56cb-3430-4f05-9f46-6e0a2947bad4,51,Male,196,31,adult
3e51e22e-e3ae-42dd-a4f9-d771c07676ab,30,Male,195,27,adult
36fd3a7f-6226-4d3b-baf5-e39833d9782b,53,Male,150,32,adult
81dfd08e-32f2-40a4-95b4-a406726d0dd4,55,Male,135,96,adult
a81643c1-eaf7-4b97-9952-f6cc0881f37c,38,Male,130,71,adult
ea1cdcc7-425d-4679-83b5-25b8332b5e6a,54,Male,47,42,adult
dd8ea81b-09a8-434f-a9cb-b0c4baf6f248,38,Male,70,24,adult
e7d7ac8f-87c4-444c-9118-04d957987b53,33,Male,182,1,adult
30a4fcce-b05f-4988-9d5e-0d580e9028d6,52,Male,30,3,adult
dd714097-4205-4096-b6f8-d9822acd3c04,59,Male,194,47,adult
46654e16-4363-43d7-b3a5-54120a7b27a2,49,Male,198,33,adult
6557b342-6b66-4645-942f-b13f33f67e64,54,Male,88,40,adult
78883927-b348-4c79-932a-074dbf6af0f8,55,Male,74,13,adult
bc695e38-c5a0-46bd-bc6d-818403c82949,31,Male,84,8,adult
d4406fb9-a8c7-45f5-ac3d-85d9001719b4,36,Male,191,99,adult
d7896112-ac06-4c31-90ff-479f168d9ac3,40,Male,44,70,adult
6d4c5a7b-cc6d-4fc2-af14-2cc50e842f20,41,Male,33,95,adult
6c2dbd85-8fab-489b-b91e-6f148f53bbd7,57,Male,100,18,adult
461ab175-47b2-4231-a028-1d69a212bdea,35,Male,33,15,adult
7f8da330-ce44-4a67-82e8-a39fd77d57ca,31,Male,86,28,adult
2e3dc035-dc1a-4f71-915d-632f29333996,46,Male,74,48,adult
574ccc4a-f0a1-4f46-986e-257dbb8be849,35,Male,84,53,adult
5ee59227-16af-4127-a51d-8981576f48ab,37,Male,135,6,adult
16226691-d6ba-4b9e-b192-e96299023f4e,50,Male,141,83,adult
29ca88b2-fc25-4417-93f4-823d9d8ac2dc,40,Male,181,23,adult
206ad996-8643-4336-a3f1-6891e7cd470d,53,Male,170,28,adult
880df93e-6bc1-42bd-bd6a-e2b8d499b710,33,Male,99,64,adult
d44d49f5-41d5-4588-b27f-0fed752e5a8e,44,Male,200,4,adult
a51e2948-955c-4f67-9a32-a22dd3e3798f,48,Male,125,1,adult
45d48162-ec3e-49aa-a8fb-bd41df8f113b,41,Male,68,37,adult
b14041ef-0432-438e-8737-e30c31b391af,38,Male,55,53,adult
4cb3f773-9193-401a-b091-4f4eccc0d7c2,53,Male,178,26,adult
20e9a636-f643-4017-8a0d-3ce805d7b7c1,47,Male,71,66,adult
39a12692-e72f-4a0f-bd56-7cb781f7b6d7,55,Male,130,39,adult
da1e6e16-b189-46cc-ba61-91f6ee561561,32,Male,95,5,adult
1b8ce4c9-6432-40c5-8ced-0e788b54d930,56,Male,166,89,adult
5b5ce678-7380-4394-9026-2de0f63d5968,52,Male,57,35,adult
bd02bf04-5336-4472-8b51-195741474110,50,Male,191,46,adult
864add3b-a2df-41ae-8ecf-3df893ff3820,59,Male,194,47,adult
9e2d5902-4743-49f8-a999-80179e122ef5,53,Male,30,26,adult
13b200fb-a8b3-4861-bc81-93ac906b37fd,57,Male,135,39,adult
223c155d-0063-4892-81a1-6aee11bf3fb7,34,Male,151,35,adult
be7031c3-7d61-4ff6-af8e-4a34db857585,45,Male,197,19,adult
d7a8d545-2907-46c8-84d7-fa841cf3f15c,38,Male,26,39,adult
f17fbb93-945a-4d78-b6d9-d5e74f766f9d,53,Male,161,6,adult
3787f7ba-d2be-40b9-aecf-17eacd3dcb50,42,Male,193,89,adult
6f33b4ee-3229-4142-ba94-7bfad1ca0148,37,Male,122,4,adult
86020c4a-69f2-437a-b5a6-e6ac368e4637,50,Male,158,17,adult
a78e4455-ac5e-4661-a51b-08e7a98c21ab,53,Male,75,55,adult
a89bd9bc-80df-43cd-8304-aee824e2f8cb,58,Male,38,60,adult
38520282-8c74-4bd1-b64b-ffb002dce3fb,54,Male,107,20,adult
7150b9cd-53a8-490d-9654-64aa3333b7ee,40,Male,88,95,adult
35ae6135-3d36-4c36-90de-5a7df63f6439,34,Male,183,22,adult
91bc4e41-7d65-4a22-9f29-a862563247a7,40,Male,21,51,adult
bf8c6ac0-85a0-4546-97b8-b8c80c7260d7,56,Male,98,74,adult
0503efbf-1ecc-489d-bb04-0aa739aff1c0,48,Male,101,26,adult
156f1fad-9015-430d-ba9e-6cfc9015de4a,59,Male,195,40,adult
4c33493f-20fd-4437-a338-7990a2b1d797,45,Male,199,19,adult
e1655d99-439f-4e90-a43b-94a215b53536,44,Male,184,2,adult
9b588ef2-105a-452b-b6e8-534b5885a18f,59,Male,79,19,adult
376d2107-1885-41a8-b612-99c09e400c92,55,Male,85,91,adult
19bbaf6c-2193-4a0d-b186-dffc1d475202,39,Male,194,85,adult
0ab046b0-8203-4251-a273-f791df0f288d,53,Male,58,10,adult
09fc6bc4-2122-4979-a6e6-125bc356da22,40,Male,98,52,adult
a17aac11-31ea-4c1c-87a2-8892d1f93824,54,Male,91,28,adult
9e96cf1e-496e-4547-a981-2e485c00dd46,55,Male,159,50,adult
e062a013-6961-425e-9dc3-cf22000fae95,51,Male,154,71,adult
064e51d1-8861-42a0-9b02-91f520d68e13,51,Male,192,41,adult
e3623cad-6a78-4f78-bda3-b8593c88a68d,34,Male,67,91,adult
ef3c14a1-1f13-4146-b661-bed3eea727b0,48,Male,26,52,adult
2270ca39-aab0-46b3-aa7f-117e931404d3,52,Male,152,91,adult
71109abb-b79d-4e91-939d-1c42db235ce3,41,Male,50,43,adult
44ab91a1-6481-40f6-af9e-f2fb78eb9633,40,Male,55,16,adult
3cbcce97-f541-4bf8-8e53-c44b6b2b88a6,58,Male,105,47,adult
c1026f2f-c4a3-4914-8f48-9227d02606e2,40,Male,80,79,adult
e2166230-573b-4106-9bbd-8605a4d344a2,56,Male,49,47,adult
c21bdd04-476f-4999-b417-bfd058cff096,52,Male,23,1,adult
55b58ffd-8345-4e23-b347-324baab8a7c6,36,Male,186,31,adult
da51938a-f65d-4557-98a1-7a9607362622,58,Male,125,30,adult
ce242490-c210-4116-a9d7-1b8fd610b0ed,56,Male,50,52,adult
b5e3b540-dee6-42d4-8c91-22580c12a6b6,48,Male,71,79,adult
8277a8aa-4d2d-4b2a-87b1-ba1c37f4670c,42,Male,124,64,adult
9dd88f36-3a4b-4059-8a9f-16736cdb3405,34,Male,100,59,adult
ee28a141-7239-4b72-a0dc-5bf203c3bbc9,33,Male,55,96,adult
0f40a665-7975-41ad-89d1-4f7352dccfca,38,Male,156,41,adult
61d639a9-5457-40f0-ad53-54d98853c0de,51,Male,60,59,adult
d601e997-b16a-45eb-8c2d-358dad6653b8,41,Male,144,21,adult
3b6b7da7-d27a-4316-bbeb-060382c5305f,31,Male,93,2,adult
8b1f6a4a-3dd1-431c-9b20-82d9e21fb68f,55,Male,84,34,adult
1467a2a9-cc1b-404b-b7d5-b3c0d3659bed,54,Male,172,23,adult
c392c8b2-eebe-49a7-a236-e9e8675bf558,39,Male,60,27,adult
a5ad4f09-3d73-4f6a-8613-7bc910a2b09c,31,Male,145,81,adult
ac37ebe5-c003-44b2-83d4-f76596986d38,52,Male,188,59,adult
873d22c5-8cfc-4d79-a7cd-5acf68cbb501,34,Male,161,50,adult
8d9a2d3b-75b2-4f1b-8f2a-81e3bb22109d,47,Male,87,24,adult
3bf895e5-5e0c-442c-b445-3c28ae227c62,34,Male,125,85,adult
25df3e32-d769-428d-a240-4ddb51efcb70,59,Male,111,52,adult
ac4c7f60-6985-414f-9ec3-8a4c6f77350b,57,Male,64,57,adult
4a731454-9e35-4850-951e-ca2e08e0f7ad,31,Male,31,48,adult
1093b0bc-3a07-4dd3-8036-66fdcb9bd901,41,Male,114,14,adult
7a9f8d8c-a039-4fb8-aa26-c8861b758819,31,Male,153,58,adult
adda497d-25b5-4cb2-8384-f78d3f441068,50,Male,91,27,adult
50c50d06-8e52-463f-af64-5850b1217e60,57,Male,32,43,adult
8456b5c3-2974-4fac-b31f-a1c56c6a60d2,54,Male,175,37,adult
5284802a-97a7-4ad2-a565-5f0f51f3653e,44,Male,163,79,adult
99c167a9-5178-43ef-9f1c-6d3f7ef003b7,53,Male,72,100,adult
892c0f4a-7037-441c-a126-637a31596f5f,56,Male,98,53,adult
c1e51247-0b72-4b6c-a766-3a36e4b2624b,41,Male,95,78,adult
ad4bc127-0aa4-4d33-9d87-a5c478c3a302,47,Male,40,10,adult
7cb9db97-859c-421c-bbbc-125aa6607c8b,33,Male,140,8,adult
d947cee6-2d54-4c52-aca6-50e52af21aeb,48,Male,34,72,adult
2b3f121b-d6b9-4211-8c14-2a04a9f96086,39,Male,190,50,adult
eb7cc479-6b17-415b-8635-b706ebe7b6f3,39,Male,119,38,adult
a6307da6-a752-4870-900e-35128acf878d,37,Male,196,55,adult
f19c3a5e-633f-4634-8591-ca1510bc74c1,57,Male,104,14,adult
6ad7b55a-7ac0-4cb1-9cf0-5187b00dc396,58,Male,167,29,adult
e9882678-855d-4934-8eab-93dcf5556261,39,Male,195,46,adult
bd6a3954-7968-4276-8341-afd08f404e0a,58,Male,100,11,adult
e4b89bc2-a2ea-4742-919a-a7eec1a060cf,55,Male,181,58,adult
0d36da47-c4a9-4f79-96a0-b1e1815ed928,48,Male,71,1,adult
851801b1-4db7-48ea-83dd-9500f64871f7,39,Male,34,11,adult
04cb5f97-255b-427e-9729-3abea413909a,49,Male,88,96,adult
63b6849d-5055-4779-938e-b52ad603f667,58,Male,31,37,adult
024f02e9-2e17-4861-bb0a-d948bf93667e,54,Male,112,44,adult
54b18a0d-34d2-4a10-8d23-7f3322cf9041,35,Male,182,42,adult
ef66c8c9-98a3-4522-a5b1-98406e85fac5,35,Male,94,74,adult
2d07c0ba-4c28-44fd-bef2-36970a896beb,50,Male,165,73,adult
324c3b11-4fad-413b-a6e2-d4f47b99f412,31,Male,166,39,adult
89bf9b0e-f6d8-4c7d-b7da-73ad476eaf8d,31,Male,178,20,adult
74eaf8be-ce98-46a7-bfcb-60a8b6bc2ba8,58,Male,166,39,adult
a4b537db-c8b4-4f89-a607-3c8b5d45e0b9,48,Male,55,99,adult
4d286e1e-fc53-4b88-9434-7a0433ba813a,46,Male,115,75,adult
a2180229-cf3d-4f0a-9dfe-026ea26b7407,55,Male,169,82,adult
0762163e-a3f6-49f8-8ee2-063e4bcef5c9,49,Male,195,99,adult
ec8d5d1f-c9c1-4968-b38e-14aec374250f,41,Male,93,8,adult
56303594-e40b-4230-99cd-3025840a67d2,31,Male,153,44,adult
f85f0c7a-4965-4287-bad6-efb7aa78e4f6,43,Male,145,17,adult
6e30d7c3-f6ba-49bf-92dd-5a36ee3b466e,36,Male,135,100,adult
3cd6949b-d080-4591-8f26-f3d54769be1e,34,Male,179,93,adult
6b88c566-2c7f-42f8-b3d6-7476bc4e6336,32,Male,63,17,adult
a2bb5f0d-5df6-472c-9d03-8acc1b4b6dce,47,Male,185,68,adult
fdf1ad0e-e6d3-4647-9113-5d24119d727f,42,Male,171,75,adult
035ac236-18b2-42b1-ae83-4ef877f6f10b,51,Male,157,29,adult
d9cea288-907f-46ec-a3f3-02f003d5880e,47,Male,106,82,adult
b843ac29-c681-4ff8-9bdb-e91cc8d41872,46,Male,68,72,adult
c8bdd7fd-16d2-4d54-b966-115ca35fc4e2,55,Male,125,58,adult
c43f1b4c-1275-44b3-894a-dc4665646bb8,51,Male,178,34,adult
eaa76e3d-93c2-4dac-8519-17a869b17876,37,Male,115,67,adult
1b21be3e-15b2-4043-8485-a7ccca1c62c6,32,Male,122,40,adult
16a4a3bc-a5fb-42a0-8755-642314421bdd,44,Male,174,91,adult
e8c9e658-ff82-44fc-b6e0-a80bb8ad4a48,55,Male,53,29,adult
765f084f-ba37-4e9c-9429-0f9cb70d8434,52,Male,117,29,adult
95796b7a-8211-44a7-8156-66e1af359b79,38,Male,77,80,adult
7372e1af-071a-4a23-ae7b-fc8d21cfdef1,38,Male,191,38,adult
1bd7ff3e-1a68-41ec-8e66-338904bfd864,39,Male,163,89,adult
b6ce3fcb-f159-4a07-8032-b66310693cd8,50,Male,68,79,adult
f6617ef0-5c53-4b8d-8e83-778df95f656b,47,Male,162,86,adult
408e82de-d2c5-46fe-aafd-bde2d14682dd,36,Male,162,9,adult
0364303e-96f0-4b0d-a427-5735695592f5,41,Male,80,57,adult
034efaa3-0a01-47a6-b07a-5ce8405a6c5b,39,Male,169,91,adult
f4d82b77-e780-4e8c-9f67-7f550527aec5,41,Male,162,7,adult
408b98f1-b98e-4b3a-aa33-d823508c0d6a,46,Male,108,5,adult
8943f570-518d-4985-a1e2-0bd23665b800,46,Male,63,15,adult
55d16308-ee69-41f0-9186-6a8a78932674,59,Male,135,49,adult
f15fdb51-abef-4eed-a312-6e9102a1d076,32,Male,36,27,adult
000b81bd-76fe-4c9a-8c23-cafa695ee51c,36,Male,141,9,adult
58aa6e36-3eb1-4c37-aa3c-f30f06a43cc1,31,Male,161,11,adult
bfc9f33e-4e97-4b10-91bb-62ccb595f048,35,Male,131,27,adult
102cc8b2-f550-48df-bb80-4ec1fb9cd270,41,Male,59,74,adult
d3e6872c-ef1d-4eed-a6a7-6c2efa0056bc,43,Male,59,57,adult
eb16a3b1-a636-4d03-b237-13e81cd1807a,49,Male,93,73,adult
3a19d2b5-f19a-4e8c-b482-d256e06894e3,37,Male,157,7,adult
c8b87957-e271-48f4-a50d-f997ec73d36e,58,Male,50,81,adult
ec0c157d-a1df-49b7-a912-09921b285915,39,Male,166,34,adult
90a642c5-7194-47b2-9448-d44e4e11665d,33,Male,65,45,adult
a0718f39-4b8e-4857-ab21-eea79372c456,43,Male,76,71,adult
7357c4b2-24af-4cea-8b99-e3541eaab65d,30,Male,28,79,adult
2f5f358f-b696-420c-b813-7f4b77c5f2de,41,Male,188,18,adult
b525575c-7e32-4203-86cb-c87551491a27,54,Male,172,85,adult
a0d7752c-b02d-4b7d-ad75-586bee029552,45,Male,49,79,adult
f2b0d086-96e9-4533-97c2-db2affe8013c,45,Male,169,37,adult
8c23533c-27d9-4fc1-85b4-3bf76c926328,32,Male,147,21,adult
11c67857-4319-4e86-887b-40a801409501,39,Male,197,78,adult
5402c63e-ce6b-4b6e-b467-d9df733134c5,33,Male,139,7,adult
e43c03b7-dfc8-4f87-8dc7-21abab1dcff0,41,Male,192,68,adult
d33f5dd1-a4ca-4343-9b7e-899cc9565115,46,Male,134,94,adult
173fa8e7-c12c-452d-9d50-383bab6e84ed,31,Male,124,60,adult
51a9b5d3-6864-410a-b0c7-69f72457b534,43,Male,177,14,adult
23f3025e-ea1f-4dba-95f1-66dec69f92cd,36,Male,46,2,adult
676ede6b-0aee-4926-b7c1-bdd64e723fb0,36,Male,109,70,adult
6a3fcc1a-36a5-4c24-9904-ced12a7c87d9,56,Male,180,2,adult
b496b2d3-590d-453a-943c-de7af307347e,49,Male,136,98,adult
531f40d2-9af2-4c8a-844b-3f5b93b176e5,41,Male,160,90,adult
05bd890e-7223-4090-bcc5-9629d69ac5f0,47,Male,161,77,adult
106ec1af-5ba6-41c7-9a5d-5e4da805e9d4,37,Male,143,3,adult
741ab5eb-d5e5-485c-a29b-5cd25d1269ca,39,Male,83,77,adult
587863d1-fb64-4a9e-af4f-bab22762d818,59,Male,143,51,adult
a10bbd63-ba28-40f6-935a-c35581b59b72,50,Male,110,78,adult
5f94b4f6-96ab-4d3e-a680-faf25c3a6650,33,Male,82,53,adult
f2b78598-19d9-44bd-8bb4-b9edf843fb1a,41,Male,40,87,adult
683bc491-73a2-462e-b502-95fe873dc7a9,31,Male,170,86,adult
dd29b83e-9e9f-4bd4-aace-d3e388e6307d,48,Male,86,29,adult
27020b71-c0d5-4199-915a-d1e8ec9a3b1e,48,Male,31,47,adult
79e355a8-f59f-4696-af01-e5cff29a5904,52,Male,26,90,adult
e45836ad-cf11-46a9-ae3c-16360e6bd39e,44,Male,182,32,adult
92e50a54-47e4-4b4a-8be7-7fc48d84e498,46,Male,98,84,adult
2e335dde-8a2c-463c-b6a0-df9d5b3998c7,47,Male,88,17,adult
f5a4e437-c837-4a46-afae-1e6f202cd843,59,Male,72,51,adult
6b96d5f6-423b-422c-abfe-f1a867bb1377,46,Male,84,64,adult
92e20d6b-3b95-4585-94a6-594e84a4aad2,58,Male,57,13,adult
3814ef4c-a481-4284-bf85-bfd88b165861,50,Male,49,28,adult
a2cece43-e14c-4731-b863-6ef0ef6bcc88,38,Male,150,77,adult
bc36dd93-33c5-4ca6-9446-b307f2d77e50,42,Male,51,76,adult
1d138158-365b-4631-a806-8e0272793cd7,35,Male,112,99,adult
e5794b2a-2167-4d0e-abbd-b69ecf78a952,37,Male,186,5,adult
fb7f7e1c-b8dd-4bac-94f7-6a286e3e0981,58,Male,154,32,adult
386f5901-66db-4457-8cff-f448dfa59bed,51,Male,188,4,adult
f30463f1-213e-41a5-9b8b-7643ffa604af,40,Male,41,7,adult
9b915a65-cfe7-4ac6-b08d-58a0294d7b6b,47,Male,128,87,adult
dd42b852-b68a-4f77-8c26-103943d153e8,45,Male,91,59,adult
0d5690cd-d2e1-4260-84a9-ad4cf79451db,55,Male,194,56,adult
3e76530a-08dd-4c67-a729-fcd5431e72f2,39,Male,56,44,adult
7edb76be-dacc-46b7-b4a7-e481fdde7941,50,Male,49,74,adult
3896640f-d3c7-441c-81ba-35cac26d2387,38,Male,93,96,adult
d88805f1-3ca2-4f5f-9e1b-335d5b98778c,55,Male,184,47,adult
b495c6fb-e3fa-4e7f-98b9-ba1ee5b02202,52,Male,44,4,adult
dab0b90a-4da5-4904-aa60-02df4b735eec,32,Male,115,87,adult
31ba44ac-c573-4b76-83c2-ab0fbddd0d24,40,Male,173,68,adult
3ae0b8e5-38fd-4ed2-85fa-db17ddff2b0c,51,Male,69,21,adult
7057d904-e4ba-4697-9fce-fed7e1b79e99,46,Male,69,20,adult
6f7757f4-e0af-4acb-a40e-2c56ee830bc0,55,Male,172,98,adult
af53a6f7-6460-468c-8a37-c5a9a84448a7,41,Male,119,36,adult
21801254-a966-4efd-9ba0-2dc023c1f6ba,56,Male,124,54,adult
c2213386-f806-4557-a9c0-8f332d6ccb31,42,Male,90,57,adult
a3ecb035-17ed-4678-bbc5-a044f72d2489,33,Male,140,75,adult
e7497c9a-7221-45db-90cd-36583d070f11,44,Male,130,5,adult
120b878b-8315-4b51-bb0b-456d894bc0a5,50,Male,75,29,adult
18223e28-a763-46da-be78-1401a71207dd,54,Male,180,41,adult
dd5c03fe-d5cb-4ec1-9b11-368c7f918e00,51,Male,71,76,adult
e4502c6d-e7d5-43af-ba66-3d0048308a0b,59,Male,152,21,adult
bd039e84-1859-4782-ad04-12f8363da5ed,43,Male,36,39,adult
96028839-4704-41ff-8670-37d76cc11ab2,37,Male,184,28,adult
2b0fa6ba-6c9a-4939-8460-382cf5ae880a,45,Male,61,29,adult
c97eabd2-e9bd-4f5f-a632-fc4429156b7f,31,Male,198,34,adult
e0876d2f-deb1-43e5-9415-d0d204e43334,30,Male,46,91,adult
1e5d1e15-3b61-4a1f-b16d-d60b7950e9ad,57,Male,151,72,adult
e1337b15-7eea-4e87-a9ac-db2dd5e6d1c8,57,Male,112,71,adult
d12a949d-9626-4fe7-ba46-613eec1eaa10,56,Male,137,59,adult
24c6bd0f-158a-46ee-8b0a-c23ea59e5965,30,Male,50,15,adult
781f89bc-3c9a-46ae-85a8-5ec8e89a610a,37,Male,109,11,adult
eece7408-112e-42d9-ba22-a53bbf5987d0,39,Male,58,85,adult
b3128ef7-d49a-48e1-b865-6df355a8fece,51,Male,65,89,adult
3c8a1ed5-aac0-41db-aa89-e902781ca351,33,Male,119,57,adult
ffc947dd-10f8-4e9c-95d0-30f12c2063c4,53,Male,39,42,adult
0dbdb3bb-682f-4cb8-a371-8e421f39319a,52,Male,69,16,adult
daef080e-33ef-431b-9d56-7a89eb3fd2a7,57,Male,80,54,adult
67bb4839-0fa1-4c2b-82ff-e72a5a7d7a23,32,Male,90,71,adult
00ede4c5-6ad4-4a93-b3dc-1637ecf1ed31,54,Male,46,39,adult
d390ba4e-40f7-40f2-a5b3-2f2e9f29c72e,32,Male,58,85,adult
1404033d-2181-48e0-9852-a61faf330e85,47,Male,50,52,adult
d3010d98-726e-4077-8274-b6f85a26a530,34,Male,82,48,adult
685aad63-2c16-40e0-b0ba-fc8e22fe3f90,49,Male,198,84,adult
4a4032a4-e68e-45e5-ae04-881870afbf0f,44,Male,23,44,adult
77b3de49-e860-4292-a9cd-cb2ba3ca4c27,50,Male,193,63,adult
f4a2e7ce-e86a-48e7-96e1-af08006d3038,50,Male,155,93,adult
edb4edb8-b0c7-43a8-8e20-fc9cd049678f,41,Male,154,92,adult
892afd20-d6b4-401e-af01-73b2c16094e5,40,Male,50,77,adult
4a5ce3f5-50d7-48e3-95d3-591d94641e29,50,Male,181,59,adult
e56f4d4c-3a2a-4c52-8caa-448ae13bb9d3,37,Male,121,82,adult
4e4f6dd9-1303-4256-a91b-c45349b4dc53,44,Male,129,16,adult
de392eb0-bc48-4fd3-90b7-06446aa1551f,31,Male,31,64,adult
a8d250f5-57e5-4131-88bc-b1a5ac22f2be,43,Male,190,58,adult
1cda516d-bf10-42b1-898b-c90344fa3c43,40,Male,137,78,adult
4c823f88-5965-4c0c-b933-2aff5ee3eb11,47,Male,38,99,adult
121ec49f-3474-4da4-908e-c866b3b3d37c,51,Male,110,74,adult
13681230-31f4-4370-aa06-23aa117cf7ea,42,Male,181,46,adult
3f886052-810e-4468-8591-180d4fe7d68c,52,Male,25,48,adult
b4f92752-ca1d-4e18-89ee-09756151a8da,31,Male,59,8,adult
1f27f717-423d-4170-a922-89e2d9043bae,46,Male,195,98,adult
68f3b77f-0539-4723-a748-c597a2c474de,32,Male,101,41,adult
feb1affc-0c8f-4dfb-84f9-5dc31dd86ed6,44,Male,123,89,adult
fc0e4bc0-b55d-48b4-af4e-8fe1d76bd037,35,Male,59,48,adult
f9dc2141-81f9-4109-b677-0aacf22d8bac,55,Male,114,52,adult
6778511c-be9f-45da-9927-3de63645873a,57,Male,74,41,adult
c1be3d1b-dee8-4eec-985c-a9a25602bc6b,50,Male,24,57,adult
f17a55ed-0c45-44af-bd8c-66c2e08c3378,43,Male,187,76,adult
0d71f159-c030-4ecb-84b2-efd4920f1b64,59,Male,137,23,adult
776864a1-42f8-4d6f-8da4-eab5c427740f,33,Male,159,82,adult
c37c4101-ce48-47ff-a887-735b8c0419f7,44,Male,53,89,adult
2dff184b-b27e-45e6-97cc-01e6982e6a1a,32,Male,36,6,adult
36e5e1db-fa30-4edc-b86a-85eb39627c12,37,Male,162,92,adult
dd142f71-a027-4567-977d-e7d39d25c232,31,Male,119,79,adult
aa0b5717-2e68-40a4-8d91-bb650c1de7dc,53,Male,182,22,adult
cb7b4e44-f352-45b8-9a34-91e32d5e347e,58,Male,122,41,adult
f5231748-147a-43e0-ada4-93d3dd74652d,40,Male,123,73,adult
e48e8e39-bef5-4659-8070-b59d881f6d74,42,Male,149,40,adult
c3d3b95d-14f5-4abd-b413-a809f0657a9a,51,Male,184,78,adult
c9fba8f5-d45e-4ef6-972a-2a52a636da01,53,Male,68,87,adult
7da639df-d886-41ef-ade1-8455396e15e9,41,Male,21,74,adult
cb1c2ca2-f753-43b2-8265-614b43a967be,48,Male,65,30,adult
bca98482-e9f4-47d0-abea-35a6e2d7881a,33,Male,200,89,adult
441cbf7e-916f-4e50-88e0-c2833ba812fd,59,Male,136,91,adult
fe52fbfa-4632-43f0-b43e-73c9a7d86136,33,Male,186,41,adult
5a0c438b-653a-4761-8bd6-3693266446e9,52,Male,155,13,adult
24cd0014-5d32-450f-9cf2-765a1b3f0667,36,Male,35,78,adult
a3a9bb88-8cba-4ecf-9cb8-d8909e42a95c,55,Male,197,30,adult
1e362db1-826f-4d5e-a6b8-027e8205e531,38,Male,102,37,adult
4c3a7681-f383-4fce-93fd-b6cc89b447e6,35,Male,39,96,adult
aff06b3b-435e-4870-b8a1-6ae36f737f30,55,Male,91,70,adult
1be85e5a-9dff-4747-af8e-a690afca5dbb,30,Male,34,78,adult
4973c155-832c-40b9-87ec-535b01cc07a7,44,Male,121,55,adult
b1750e23-89d2-4f90-9051-d48331769657,56,Male,108,97,adult
201138ed-6bef-4de5-865e-8627ea06b4f2,34,Male,82,85,adult
cb0c09ae-b701-41d7-96f7-78eeaa2e9fe9,36,Male,84,29,adult
b4cc0772-c9b8-4a33-aa4e-509c952115fe,44,Male,71,65,adult
b3fd96f2-7bea-4d4b-83ab-63188189aee7,32,Male,42,4,adult
b5f4c9c7-82ea-4ee2-b548-1b20dfa6241f,32,Male,176,22,adult
75d2eed0-d139-4026-9d6d-cdcdf2eeac36,31,Male,21,17,adult
fd6a0202-4397-4191-8354-df128fd40c2c,46,Male,41,16,adult
426f5597-21d7-4683-8f17-88d2654bd0ac,33,Male,57,80,adult
3bbf585d-0082-40af-9609-01e6ac692395,32,Male,91,6,adult
392fc678-0c33-46c3-bfd2-34bab68c85a4,30,Male,188,67,adult
01f83618-9a08-4da9-a902-898702f97561,38,Male,193,71,adult
6526d5c2-f4a3-4a87-81f5-282764472fd4,51,Male,164,63,adult
1e4edb5f-3d19-411e-80c3-b306d3e5a2f1,34,Male,135,47,adult
468b8389-fcaa-42f1-9b21-af38a42deee2,56,Male,135,73,adult
9c667907-b508-4887-968a-70496d3d7b77,38,Male,137,49,adult
342b7328-689e-4aeb-88ab-8fbed6f685c7,37,Male,193,74,adult
8f38ca44-ee3b-47e3-8ca5-dad47d85ad63,42,Male,27,80,adult
dc63e575-0690-46e5-be2f-0e0198adbea5,41,Male,46,96,adult
053cf771-1ca1-4f74-8624-b9648d9d5ad3,55,Male,112,53,adult
43deb3c8-4963-4ab3-9b9b-71febf8ee284,34,Male,50,34,adult
c8e82cc3-8391-4597-9d6d-9e5dd7b8e650,43,Male,187,8,adult
37680eb9-6a4e-4a3e-8445-5f29385f4614,45,Male,71,12,adult
3bc105ca-77c5-48de-a367-8ca131534ad6,39,Male,43,21,adult
6532fc21-4d28-415e-944e-df63cd7a630e,34,Male,48,93,adult
8d8f8140-5090-48c9-8491-ad3946a60812,37,Male,160,76,adult
5ed925b2-e279-4276-8b48-8df74407f2a1,41,Male,178,18,adult
63b09694-6926-4c99-b8ed-80d2078df2e3,43,Male,123,22,adult
d996b947-a27d-4ac1-8531-907881059e16,37,Male,169,52,adult
923b6f99-8676-4614-8b0a-effc3365d844,53,Male,196,26,adult
fa0a3585-ad34-4b77-b5c4-57a7b3230d49,32,Male,89,88,adult
8a4de93c-0da9-41a6-aa00-45140185acdb,38,Male,87,97,adult
306fb848-0980-4455-bda4-bd77eda84dfe,43,Male,173,76,adult
9d06db78-265e-443b-92d7-957bf86ae277,52,Male,102,40,adult
45b17609-a825-4104-ae69-efc008e42d34,51,Male,78,43,adult
05e70edb-d73d-46d8-9ee7-34a185950a6c,31,Male,175,79,adult
7bb02aa5-6f50-4fc6-81ca-6b9f672c4ad7,34,Male,88,13,adult
44c20ef8-4741-44ee-acfa-36a3d7227181,48,Male,172,8,adult
1fa86db3-ddf3-4ea9-af52-afc4e4c9c716,42,Male,142,33,adult
0f073327-e283-4e8f-801b-bf4a2a88625b,40,Male,67,16,adult
1cb85d57-8e3e-4407-8616-7f1370016eb1,36,Male,27,34,adult
552a1af1-4caa-4ed5-91bc-2b7824e6a572,48,Male,33,29,adult
e2d33179-fc71-4a2c-8b02-c1e455ea43e5,32,Male,64,81,adult
081b1135-1a3f-418f-ad33-cd27c0159143,42,Male,35,66,adult
bf1757e3-1fde-42ed-b6ba-f6702baedb49,40,Male,53,42,adult
57ca7e90-9396-4cc1-92ea-b65aec1bd30e,46,Male,42,10,adult
138da96a-c7aa-4635-884e-d9a557d43add,36,Male,198,37,adult
dd6c7b08-6e46-4ae1-91ab-e0a814f7cc72,57,Male,41,80,adult
b88882fb-22fc-477d-8fe3-67373fa8f72d,59,Male,145,19,adult
c10604d3-7061-42ca-87e4-3350ac6e51bd,33,Male,114,89,adult
42113192-8292-4e41-b63a-7d627a90f8ca,41,Male,23,9,adult
6887cd28-7da0-44d6-a03d-a6c7b722b9ed,56,Male,152,8,adult
12a9d783-db31-48ec-83bd-f54dbe17aeaa,44,Male,150,87,adult
2abc2228-3ccf-40a7-b4f8-c80a23a64427,59,Male,56,96,adult
f602ac49-640b-4638-b19e-4f210e06879f,31,Male,153,43,adult
d22a3d1b-83f6-42bc-8d84-48e121a9065f,37,Male,40,3,adult
e4a54505-a011-49fd-935b-5efeee678e31,30,Male,140,7,adult
feede958-e01b-4b73-bbe1-a379954355ca,39,Male,80,47,adult
ecb468f5-437d-4e12-bbd2-2d3bc60e12b7,42,Male,24,95,adult
c3f10d65-9c39-4a5f-9274-0ec5aa8019f2,34,Male,151,18,adult
a4aa0b2e-848a-4a9d-b9a2-5fca0acba590,45,Male,163,21,adult
52a4759a-93a6-49bb-85bf-43751ba450ee,46,Male,148,90,adult
ac1e1df4-fc52-4e25-aeb2-bb3830c7074c,51,Male,71,1,adult
f5ddd23d-f779-404a-b546-a0b11bc69e3c,46,Male,97,15,adult
4ab244c6-d795-40b7-b7cf-a309670535cc,47,Male,172,86,adult
343feb0e-452f-4804-a538-59170c6b0db5,51,Male,179,18,adult
f3fc3388-9ee7-42ca-b03c-dcabafaf1342,53,Male,118,28,adult
e98f6e9f-4518-4922-94fc-b4ef346bd67e,34,Male,28,7,adult
f96e1051-3141-45aa-a865-321614e11dab,34,Male,162,81,adult
730fdb51-7f5a-4df1-bb76-d4b52d6c8fca,32,Male,66,84,adult
73e32acb-aa4b-4995-b99a-65504de94991,37,Male,99,86,adult
ffaa3f6f-68bb-416c-862f-b1c195f9500b,53,Male,66,80,adult
5a8cfe95-9780-4f00-8b0e-335078d92790,53,Male,44,64,adult
959bd3d5-6af0-4318-8d3c-9fe0ea5273a8,51,Male,33,31,adult
06018158-48e4-4201-ad8f-b472efc3ea76,49,Male,77,80,adult
c45610ca-61ef-4fa7-aecb-dbb788cb7bc2,30,Male,137,27,adult
64c10618-46fd-4a39-8cf9-e197638a94b4,37,Male,151,63,adult
f683d03d-134e-491e-a232-4f3f549f1923,52,Male,160,95,adult
d96719d4-9e23-4cae-8c68-6cae6bdbc8cf,35,Male,189,38,adult
9e90f99e-aa4e-4ee1-a0a7-144b1d7ce40f,41,Male,138,79,adult
0e055ffa-e927-48c5-b1aa-c245c596a920,45,Male,28,98,adult
31cb92d7-71d7-4d1b-bcb4-d45292700dee,41,Male,110,66,adult
e60ed6ba-3be5-420e-aa6c-9dc688e58bbb,34,Male,103,53,adult
a937c9d8-ab77-41e4-a8a4-d596845798ab,41,Male,33,98,adult
a6275e04-8b35-4299-9e6e-8557b81367d1,42,Male,177,46,adult
824342e5-c3cc-4048-b9e5-bce67e50f4bc,42,Male,80,33,adult
d72666af-4475-491c-a89e-a787a7975ba4,54,Male,162,1,adult
c1d971b2-45e9-43e6-a359-9ecf7c1e2db2,57,Male,162,28,adult
9ca4b264-5cc9-44e2-9559-d9363408e62f,39,Male,81,3,adult
8925d097-a288-4a4c-ba75-5e80f5b9fcd4,56,Male,178,90,adult
d815669b-90ae-4329-bd9d-ce5bfd160b23,57,Male,194,33,adult
175b74c4-c685-4595-8fd6-985a837bf311,37,Male,152,100,adult
ef07ec94-2bcc-4d28-b98b-544321efeee6,38,Male,146,76,adult
0e70c376-9b6e-41eb-ad7d-afb539ebde1f,58,Male,103,93,adult
8629c4c9-02c5-48b2-8d69-69e0f6efff7f,53,Male,149,6,adult
a1e65736-0a5d-40ec-a791-e7dd0a734cfe,30,Male,179,74,adult
ee0450a0-d9a7-401f-b2a8-e9035b94e922,42,Male,124,57,adult
151f5527-61b7-4544-81ec-d745c8ea51f9,49,Male,112,34,adult
2d85bc37-18bd-4a7b-868c-848f61544158,32,Male,83,70,adult
6da147fa-4817-4591-8777-9d3d039a4360,43,Male,102,33,adult
2cfca9ce-000b-4b44-9a79-afdaa0261cc3,50,Male,27,22,adult
58632e7f-58a3-4b22-aafe-1698d616c4a1,43,Male,140,19,adult
6f237536-6e99-402b-ac2c-f966d7c83d35,51,Male,32,59,adult
a888768f-fedf-4fa8-ad81-8b940ae09c98,52,Male,199,48,adult
b1702cfa-9638-48b0-9fe8-c69e8ba619f5,43,Male,99,20,adult
bcdd3d98-a099-4e1e-930d-73f140ed7dbb,56,Male,187,47,adult
a267a3cd-620b-466a-9403-a395530ebd32,52,Male,116,92,adult
72b4074c-068c-4a4f-b9cf-fda61382d639,37,Male,66,69,adult
d85f134a-60d7-4dde-b174-3e6aea919cb0,37,Male,59,29,adult
1776570c-c087-4841-b308-07b45fd6bb82,48,Male,180,78,adult
a5297452-7d41-47e8-b592-b95540af7dbd,34,Male,44,39,adult
ef5877fc-99b5-4609-bf21-17292f821a24,31,Male,25,63,adult
c88c1208-8075-4d31-bdd8-db60f7c3c087,53,Male,86,13,adult
d061bc7e-ff26-44c4-8eb3-f3090e869c1b,41,Male,175,32,adult
b3716065-b648-475f-a77c-f568b532d890,39,Male,55,21,adult
315c3c68-c75d-47b2-b5ce-34c92a2ea9d7,41,Male,57,16,adult
d15c8513-b592-4da1-b358-4937e79dffb8,38,Male,141,26,adult
ee323804-1192-40ca-a030-7bd55930ce3e,39,Male,39,57,adult
ddcf0ca2-c844-47c2-97be-2633b474474f,42,Male,36,18,adult
067819af-1701-4d49-b8d8-2761d321d1df,32,Male,78,83,adult
177c71d2-d9b3-411f-8141-97386dd07f4a,30,Male,137,91,adult
6ffb4c40-5db4-4b98-af05-6348942a2f10,48,Male,138,85,adult
b09c7d2b-9f12-468b-9616-2f7b1440e14d,53,Male,113,11,adult
c95f13ab-a024-4e4c-91f3-d0770eb397e1,58,Male,141,84,adult
603e3609-0031-4320-845c-08e2a541b0d3,31,Male,41,12,adult
d8098b7d-b339-453f-b3b0-0033367cc727,43,Male,49,94,adult
578c7533-8207-4f92-92ec-9126098dcb1e,38,Male,163,61,adult
9e41efd1-fde2-48ab-a415-1039450041c4,52,Male,109,7,adult
64510ca6-49d0-4c0c-900b-f12043cd9bc4,35,Male,106,93,adult
87c2f6c9-2dfa-476c-971b-b38d226e67af,58,Male,81,37,adult
208809e6-b2e6-4b35-8fe7-690dc88de7be,42,Male,113,42,adult
c3d26ac8-9c40-47e9-9b24-b1741b67e99a,54,Male,148,27,adult
62ff4a60-eaea-4cc1-a269-f4f831a5e9ec,37,Male,34,27,adult
c0af734d-97c2-4482-a5e9-a36a8e7eb556,55,Male,145,64,adult
ee87d65c-b628-4c52-b281-a5c3485b6038,34,Male,185,83,adult
8fac37d5-d8cb-4b77-847d-0150bdc1309b,39,Male,80,20,adult
91f55a4a-d832-4910-86db-0ebf8d5a6c10,52,Male,70,81,adult
67ef4a5e-bb03-4aec-883a-01e9874729b8,52,Male,25,90,adult
9d41bb7c-708d-4ad3-8453-0627bf0d9851,57,Male,149,14,adult
f33d7418-4740-466f-8580-a7cbea3c4432,33,Male,61,89,adult
0e65beae-01d9-4131-a88a-d1529ca51a18,57,Male,171,45,adult
c538f796-5d13-47ad-bcc9-a86299a3ae25,32,Male,169,39,adult
df2cfbf6-29da-4388-97f7-7be8f3bd0e91,49,Male,76,100,adult
107e0f11-a21f-454f-9409-f8f7fa6f95e4,44,Male,136,95,adult
53b43cd2-98c9-4934-a6d2-313f47d90152,39,Male,149,71,adult
6c36277a-ddec-4e7d-861c-fe56d10751eb,59,Male,43,70,adult
d1a5123a-563f-4f2e-9ff5-1f7e452b8f61,32,Male,174,70,adult
d596d9d2-3351-4cee-a3d7-f6c43cabfb0e,30,Male,129,43,adult
3b7602c1-7a2a-49cb-ac14-0941a5660459,39,Male,56,48,adult
9b63b0c1-2b81-4094-bb30-c6015c6ebcbb,50,Male,42,77,adult
d0f58463-7d4b-41ea-91d9-e85a8ce23059,34,Male,69,49,adult
d667b612-ef58-411f-9c84-4e74818ed12a,46,Male,122,80,adult
c1129e2f-d112-446b-8978-bfb46035be58,31,Male,131,6,adult
9a95cb77-d757-4a97-a5cf-5d7ceed7b346,57,Male,135,46,adult
f415514d-a0b4-4249-b551-642606159994,38,Male,69,22,adult
9ac40d4e-c119-46b8-be3e-117f2e2b771e,36,Male,180,92,adult
f5635307-3c21-4e2e-ad9d-a67507bafb60,55,Male,78,57,adult
81669a58-1235-43b3-bfd8-c25d6a406dcf,53,Male,24,20,adult
e6d3cfd7-551d-48a5-9932-43c6e0a97a0a,51,Male,175,45,adult
f7443a45-8212-46ec-b3eb-fd7299242ab6,57,Male,74,48,adult
29ad1249-76db-4e57-b949-ff6b24a9d848,36,Male,185,43,adult
5c98dd6b-e7ac-4b23-b60e-94288634ccea,47,Male,159,23,adult
61a30408-8221-43f1-a526-fdf0c1502194,54,Male,149,6,adult
ce3f8223-5d4e-4486-b361-d1cc053a6a54,36,Male,40,48,adult
c72573e2-605f-458e-a21f-dba5d6bc9ee1,46,Male,174,56,adult
f02b65c7-38b6-4084-adfc-546285eb6927,49,Male,115,55,adult
f7d8dbe1-43f4-427c-be15-ef16e3c8bef0,56,Male,186,9,adult
71dc96e7-34a2-4928-bf6b-fd64b96c2312,57,Male,166,30,adult
abcb2819-c53e-4d3f-9e07-5411c2cacaec,39,Male,110,82,adult
b1869ecb-8208-4fc0-97c4-ebba73d6e9ad,38,Male,192,15,adult
971420fe-afe3-48cc-b2a6-de8ebdca15e3,59,Male,100,61,adult
9fb07d48-d8ef-4a8f-8653-500f1e5d332b,49,Male,20,83,adult
9cfdc790-9c02-44b8-9d2d-19bf25c614c8,58,Male,180,74,adult
cae1ade2-e248-4ce8-b81a-63a48017b1cd,33,Male,193,74,adult
25a507e4-0b31-4881-be16-ad02de2301ca,36,Male,37,39,adult
4689bf9f-8f41-42d3-bbf8-63029dd04d4d,38,Male,105,46,adult
9b5c8eb4-7257-40f6-9e02-acd2a91fbbc0,49,Male,60,74,adult
663d0a9f-c20b-41d2-8a64-2fe50944fbad,37,Male,70,41,adult
819e2d17-8e93-4bb1-8199-c41ba30c99d3,31,Male,66,95,adult
bec6b969-3d3b-4454-8584-f40c4497f28c,51,Male,57,51,adult
4f12516e-d2a2-45e1-a80c-0abe6235033e,45,Male,99,11,adult
d63e87c4-859b-4c13-8161-37b89df85a17,33,Male,149,32,adult
507ebff9-7e3c-434e-978e-ad49b60a1f6b,38,Male,179,23,adult
86499697-8e20-478a-a31f-0f59d692dc5b,39,Male,66,14,adult
d77ff7f7-fd4c-49e5-8bb7-0287fc7b32ac,47,Male,21,70,adult
7e7a1f2e-16ee-4598-9498-4846feb9e5f5,31,Male,149,44,adult
03db7e1a-103e-4979-b516-f122fa03f75b,33,Male,87,88,adult
7b46d921-2952-4995-bf4e-94fe31062ae9,34,Male,123,8,adult
98acfb05-45d9-471c-9d4e-6f972abce801,57,Male,51,47,adult
86bdb59e-1905-4e65-b17f-1f33e73689f2,44,Male,75,92,adult
83032761-59ff-4ccc-948f-0ef110d58e5c,35,Male,74,6,adult
5b8b498e-3c54-4300-9523-35c7a73a4ccb,38,Male,164,10,adult
61cc71d0-5d68-47fd-a9e1-cee2646a120e,50,Male,142,44,adult
12b62cc4-d2f5-4ebc-809e-63115f0a3d75,49,Male,151,16,adult
6ac670c2-a10f-41b2-9ff6-7f9941b9e33b,39,Male,64,23,adult
56c6c8fc-474f-422b-a044-3dfffcd36adb,49,Male,138,77,adult
50926323-bd08-4cd0-bc7d-58ad30d7046f,45,Male,45,48,adult
4a5d87b4-376b-42ed-9c61-91b25b0bd1c8,49,Male,143,51,adult
2643bb35-7030-41ec-a885-a91fb3597001,47,Male,91,83,adult
0f3eeca2-7c74-48f3-ba75-f6b44dfae065,59,Male,87,78,adult
1e153c88-9b23-49c9-8b68-106d24cb3308,45,Male,54,36,adult
82af91c8-a50f-4760-b6a0-a454b0dd78a8,46,Male,74,77,adult
a7383ce7-3591-4c39-89a1-e08903aab145,45,Male,129,15,adult
4ee84a53-ddd9-43b5-a1ca-5da2a05c6bf7,53,Male,47,25,adult
dc23946e-298a-4503-a3e3-f218ce9fa740,42,Male,153,41,adult
16fc8b03-5f1c-457a-be7c-d229722fd62a,36,Male,121,16,adult
a65dbac0-175e-4e32-841e-b454b5f75836,58,Male,54,29,adult
88fd17b8-aa80-4d4b-823b-85af417732c4,45,Male,92,38,adult
46ddc781-c902-4afe-b7c1-597b22e98ba0,55,Male,130,24,adult
d3a66826-f9e6-4636-a7d4-465e594d41dd,50,Male,28,64,adult
892b622c-7c8d-4bd4-86b2-6539242a8e52,53,Male,151,9,adult
797fffac-da41-4e16-b63a-dbfa3ab7becb,57,Male,57,57,adult
141aeed2-4a73-456a-a315-a5d47a7c3d03,33,Male,79,3,adult
61597cdb-d17d-47a7-a68e-8bd612d936b1,50,Male,129,89,adult
15d4c573-b472-42d8-be9b-eb9b50f3853c,55,Male,141,7,adult
083dd542-e47b-482d-bb30-359db7f423b6,41,Male,176,44,adult
b3b471d6-d055-4747-ba06-3f90ecba97a5,35,Male,97,77,adult
a4924013-698f-4da3-a6fd-d0e827132a6a,48,Male,49,69,adult
55459e4b-a000-4ead-9f2e-e5d65ad7a769,41,Male,172,22,adult
7642d34a-49b3-4d57-8e69-3a200af868eb,37,Male,118,32,adult
f6d4914a-275a-43ff-a18d-c57824441d24,40,Male,138,11,adult
8a66728d-2985-4e6a-8e0f-cfcb17cc7483,32,Male,88,48,adult
56f55a0a-0566-4788-afd8-f6357e244c18,38,Male,168,93,adult
aeb35f98-5286-4d22-96fb-644aaa39386b,31,Male,49,64,adult
bb05ef5e-7591-4f12-b998-ba471604d994,44,Male,89,16,adult
5614bea3-5cfd-409a-b160-af14bcf37b00,56,Male,151,19,adult
7e53e0e3-d496-4f54-8e36-8d55382b925a,36,Male,170,44,adult
e8ec5f7c-4aea-42a7-a6d2-ae7bf987097a,59,Male,162,8,adult
cf20a84e-4b8d-41bb-b791-a2c816c4bc9b,33,Male,175,12,adult
d454e5eb-a4fc-4fdf-a1bc-1751c2f37add,57,Male,91,41,adult
21d82345-92a6-4b39-ad7a-7f0358a44f77,34,Male,36,7,adult
e94a43c2-cfa4-419f-ae7d-652bcef42133,53,Male,135,57,adult
8470025e-1f16-406a-91e6-036ad837abf5,46,Male,158,33,adult
9706f528-c44d-4434-842f-b57a08748682,32,Male,71,77,adult
89153cc7-57ce-4844-a54c-c0f2ece80aa4,56,Male,87,70,adult
1518ab96-e3ce-4b59-bc8e-1af4b4d085ae,32,Male,111,23,adult
9722ab99-a891-461e-9e64-f408c47c1bde,41,Male,107,59,adult
09c7d05c-fe94-487e-8bf8-c1e8d0316fae,54,Male,101,21,adult
62ebcb47-a4c8-4190-8046-226a7e92b30c,45,Male,77,32,adult
36e0abb3-5f6c-4df7-9bb4-826c7e113d43,45,Male,91,76,adult
6e4a710b-8c2b-42de-bc08-05563a3e49ca,40,Male,169,20,adult
6c368444-c7d8-4243-acca-5f9a0d7d9c4a,58,Male,65,20,adult
055067f1-2417-46e1-914a-fc4e3f2ca0a2,50,Male,110,69,adult
83a936a7-b88f-462c-bfa6-0bf1597e02b5,45,Male,117,33,adult
8434c0f7-e5eb-4992-8c65-347c7e086171,50,Male,156,82,adult
76c8560c-0038-4624-aec2-1d8e0f28c9c7,56,Male,29,57,adult
f1f28eef-570a-40fb-9ebd-512ff501f068,50,Male,60,22,adult
846df040-51c1-4759-a501-14d8440316d6,46,Male,92,61,adult
e768efa4-7e19-45c3-8c73-ebe925cd8c5b,30,Male,72,36,adult
f5dbcd9c-99d1-4cf9-b123-204a7ed74623,43,Male,190,76,adult
74145541-f11d-436a-a4f1-4b1c2362287a,47,Male,150,50,adult
6bb4ba9b-4689-46f4-bdbf-b7d88105219a,33,Male,187,99,adult
85917fa7-fa4f-45b2-9179-f5331cad1b57,31,Male,71,2,adult
3373f198-313b-452d-9e44-78397b65f764,37,Male,118,76,adult
5b81f1cc-26df-4ab9-821a-042c6ca41353,53,Male,145,62,adult
3aa96bfb-1aa2-460e-b283-da6b9a502540,58,Male,158,46,adult
fa86b1b1-ab56-41c9-b75f-163e8b304bc3,43,Male,199,5,adult
be52d057-d222-48d8-bdf0-80f5c24d5590,34,Male,169,65,adult
b7dd4671-fb94-4351-b422-29887d60152a,31,Male,177,71,adult
27179810-7f76-4183-a226-e03c2c4052d0,56,Male,60,80,adult
f157cff1-c37e-41b0-86b6-39d7d4350ba4,33,Male,187,95,adult
f0fb453b-cbf5-4c4d-9be5-1afc74f33297,59,Male,40,59,adult
4a2abae9-74cd-4db2-b228-af444131a7f5,48,Male,72,88,adult
1db42743-4963-4d17-be8a-d0caedae9217,59,Male,150,45,adult
14a37843-8d27-42de-aa2c-3e573d8c4e66,54,Male,55,8,adult
51a1417d-7662-4650-b6df-eb940747554a,39,Male,85,40,adult
a13689e0-7ec0-4d53-9072-07573b928af9,31,Male,172,36,adult
ac55508d-5eaf-46c2-915f-d9f8bf28c8ef,44,Male,90,95,adult
e79c088e-8be8-4e88-8fe4-d0840eb7b725,39,Male,126,41,adult
98f5d6b6-84a3-4475-9807-d60df48f655e,54,Male,148,15,adult
a24cfb56-ac4f-456a-a4fa-dd311a2ee81a,56,Male,127,60,adult
0bc1cb82-9b2d-428d-b535-8822d7a67c23,43,Male,33,51,adult
7269ada8-f470-4e51-b6d6-a98859b3a70c,34,Male,128,94,adult
d7cb3d60-d5e1-48c2-a9cf-a27eb44ce696,58,Male,32,79,adult
fc5a37cd-6b30-44d0-b660-f134d165f6e6,38,Male,187,1,adult
38cf953b-e660-45fd-bdff-e7ad0da82753,48,Male,125,25,adult
0d8b70bd-f84b-41cc-aad1-61548a565d26,39,Male,147,83,adult
47044aac-9bde-49db-b19d-c450be8f19b2,44,Male,104,71,adult
dd78495f-55a2-45f5-bad1-79f3b7a706f2,40,Male,50,77,adult
21478e0a-ad85-4886-9e51-6f74f15ff100,40,Male,27,54,adult
0b01fed9-b6a7-4bec-a030-9956d85b349d,56,Male,117,55,adult
b4f58bca-536c-4378-81c1-d5cf639d31aa,39,Male,167,24,adult
b26d740e-018d-4e20-b0de-dd1dbc8e576f,40,Male,177,60,adult
5ee38180-3211-4bdd-b605-47d878d4ddda,30,Male,116,18,adult
e8a55350-2748-4fdc-938c-547502a56b94,53,Male,37,17,adult
970f2664-75f9-4662-a515-facf09408d4f,39,Male,41,100,adult
effe62d8-1e42-49fb-afa5-d9da11e24d9b,36,Male,40,68,adult
7887ec20-cd52-4abc-b1bf-22084c726a85,44,Male,183,76,adult
fa25518a-9307-4c7f-9ad2-df65f9f16576,39,Male,48,30,adult
7fec3186-9e90-40e9-b6fd-9601d664c749,52,Male,168,93,adult
1a627438-143d-4eb2-89b3-5156a3c9e551,53,Male,113,56,adult
dd9b5fd8-bdc1-4bd0-abd7-2762152c2f20,39,Male,38,79,adult
61f2b51b-d2e5-4bdf-8eb5-8c2a54374946,31,Male,188,18,adult
cc350e83-42b2-4e19-8bbf-126ac47d2ad6,32,Male,49,54,adult
9183f2a0-426d-46c8-a9a4-dbe6dcfa113e,58,Male,175,77,adult
fb6b1390-5013-40f4-a7e7-c323bb70f159,57,Male,48,53,adult
28052bd8-df88-4473-9c4a-99855a11efe4,41,Male,184,56,adult
cfaa1d79-5729-4c0f-8dde-fedb6a30472a,48,Male,192,38,adult
ff70bce2-0b15-416a-af61-2ba845764ec3,35,Male,47,34,adult
0178f60e-311e-4b52-b1d2-9dc4bafc1b82,32,Male,146,11,adult
fad6218b-5bfd-4fbb-8727-2a93104d03a4,44,Male,133,4,adult
231eba38-37d2-413c-a5fd-8192312a00b4,37,Male,108,79,adult
a2dbd9f9-be48-4dd4-b9ba-a9d2ff096cc0,34,Male,180,75,adult
43978224-3b76-44d9-893f-dcac01befe24,56,Male,177,42,adult
af737e4a-49ce-4496-aaca-7f4d225cb1f3,46,Male,151,48,adult
e65e1e32-0188-454e-ae56-8625bf53a78b,33,Male,58,42,adult
8feb1513-24b9-4931-9308-b469956ce6a2,35,Male,93,92,adult
acec7b55-a68f-4a99-9b13-641239c29f9f,34,Male,151,15,adult
7a8661e2-1c2d-419e-a718-02561c56e015,51,Male,69,87,adult
aba64b18-d1e4-4326-95ce-3188923d9280,49,Male,81,53,adult
4e42b8fd-4ede-419b-96a0-5bbb291489e9,50,Male,75,2,adult
43aef8c2-af18-414b-8baf-29f56549b1e5,33,Male,163,60,adult
cc4ae0ab-4560-4c80-bd8e-34830d0aa589,50,Male,54,1,adult
2682c564-97c8-4128-bf12-15bebf711af3,42,Male,196,40,adult
fdad207f-6fc9-4cd0-8ee3-58fc8338d1b8,31,Male,37,8,adult
0b64f4d6-2f52-4158-91d6-811ac20d492c,47,Male,188,15,adult
05e9649f-c597-45dd-899e-2e7157a6e42e,53,Male,194,65,adult
fea54c47-8562-4266-8683-798d5c24ce05,41,Male,146,50,adult
f749c3c5-601d-4206-bffe-72bd456fbec0,58,Male,78,48,adult
9c6bdb1f-34e6-479e-91bd-7c650dedab04,45,Male,61,26,adult
ef0d8ede-7076-4f4e-b408-ec0bfb4d2a4b,50,Male,40,44,adult
86ac7ad2-ab3a-408e-bda1-38b23f4b1af2,31,Male,135,91,adult
49c30d6f-7fb2-4ad2-b38b-ba5a05f77d60,37,Male,24,51,adult
770cb707-031e-496f-9ecf-49ed57c55663,57,Male,151,60,adult
dae267c4-c8ee-4742-b550-0867547de460,42,Male,37,65,adult
6647acf2-5ed9-46b9-a5f3-fcfb704185c9,50,Male,33,60,adult
a483b469-b3d4-4a1f-8730-d2ac73534375,41,Male,132,27,adult
31ef4a71-dada-4e35-ae84-3de21f84f811,30,Male,78,33,adult
3f1b138b-d82c-4f42-ac99-030f0f93cda1,30,Male,168,27,adult
4971dfaa-d553-470e-8dc7-e24ea41377f5,48,Male,28,27,adult
b97a75b4-bd75-47d4-8151-85a68b1b684a,39,Male,157,91,adult
e1424e56-be3f-4f37-93f5-5dd91e12f826,41,Male,84,12,adult
ef20133c-6eb0-40a8-8724-40280cdeab01,59,Male,84,55,adult
b5e5af76-26f6-49a8-a421-bd22298ff53d,54,Male,46,53,adult
c7570282-8595-4b60-a341-cc2ae4c38157,53,Male,119,41,adult
cbee33ef-192e-43c1-9b7f-13b2f154138b,40,Male,116,68,adult
cd62fc98-1020-43f4-a706-b4d3778a5590,51,Male,28,55,adult
31965af2-f244-4acc-90d6-f5d3b3048074,49,Male,188,32,adult
f374a192-7f6b-403a-830e-add10772233d,49,Male,128,13,adult
980d35b9-290a-4320-812d-74c74bfa8d2e,36,Male,180,25,adult
fb00ac06-314b-430c-a38e-d79a7f119eab,48,Male,36,7,adult
a3288fd3-b07b-442e-9e31-3b8be4472953,38,Male,160,71,adult
30051eb6-d661-4768-834f-333b6f55637c,42,Male,78,34,adult
f40f50f7-bbc9-4817-bca8-94108a380a2f,39,Male,124,19,adult
1e19e677-8b5a-4220-bc25-85be3acdfe92,50,Male,161,94,adult
75b88eb7-f926-41c7-8baa-16fb40e55782,53,Male,169,61,adult
048b2e01-8be7-47b8-baf8-54d00c19a0b9,54,Male,174,11,adult
6bf2a517-e0e8-48b9-b9d1-f380069fd1fe,39,Male,37,89,adult
4eb24116-fe33-4ec1-a871-e3b4ea8510d1,42,Male,137,66,adult
b45b220d-9768-45a5-98aa-39f4c1772d51,53,Male,67,60,adult
7176541d-686a-432d-92c6-e24bda26395a,46,Male,137,70,adult
5ece4900-a47d-46e8-af32-ccb4a319f2da,35,Male,78,5,adult
9e3a6d5e-13a1-4982-91bd-0be732194601,58,Male,166,38,adult
bdadebaa-46b1-454d-a045-aac9240f7114,45,Male,28,25,adult
5b189bb9-413f-4c91-ad91-87f8f5b3abb7,44,Male,114,41,adult
817edd90-2379-40e3-991b-a2204a755d5d,45,Male,38,97,adult
399d2d2c-db9b-4d74-9fc5-327dafdc6b93,43,Male,109,97,adult
1a821453-c2a1-4dbe-8759-89dae354c02a,32,Male,104,55,adult
ef157f2b-182a-47d3-8968-ce5d86a00efa,31,Male,89,33,adult
97e79427-2557-4470-857f-d60ebd449361,47,Male,121,41,adult
a70f465d-a8e2-4fb8-893d-adfac37225f7,37,Male,114,2,adult
186faae7-fc08-4c9e-af69-232e14526c7a,44,Male,81,100,adult
bb5cbb87-5e23-4a82-a6d5-783b11e06377,41,Male,137,65,adult
f7f3fd68-1a3b-43f4-a82a-3a3e7658816e,32,Male,101,82,adult
45a2285b-1b93-4e67-ae92-6d9fade81e76,57,Male,184,27,adult
1b465021-0fca-4445-ab93-d940c10ec322,36,Male,163,91,adult
858309ad-09ae-425f-bcde-fba6f46edc32,47,Male,163,9,adult
c3469c1a-2702-4963-a65a-9bedd4d5d3f6,58,Male,83,95,adult
d0bd1beb-f4d3-40da-b48e-028d86588ccf,41,Male,52,19,adult
90f1860c-55ae-41b9-8707-7673226329bf,36,Male,184,51,adult
0f705fae-60da-4750-a6eb-523010e16f1e,40,Male,74,52,adult
45fe398d-8ecf-47bc-866c-b56e1e83920d,32,Male,126,70,adult
6aeba0a0-83ed-4a28-86ec-47edad376741,39,Male,149,4,adult
892e5336-45b5-4613-996c-298c05dbc594,42,Male,32,75,adult
508c32c6-142c-432a-bda1-8f1bb23d645a,46,Male,186,98,adult
8dd268dc-dc36-4d07-978f-afb765533c76,44,Male,63,90,adult
889a259c-c806-4e6b-8ab4-e9fa2b2712f4,53,Male,111,27,adult
e3d128c3-edee-47d3-80c5-7b4419a7650e,31,Male,76,19,adult
06859056-7b97-4ed2-967c-5d19f729dc17,58,Male,131,12,adult
e72b38ac-1d61-46ef-8f2f-fc10d0b3356c,36,Male,148,82,adult
1e8a9dfc-d468-4971-991e-bef1e2e098df,56,Male,68,89,adult
479bfa4d-5d4a-4a09-b87c-6775ce4618af,32,Male,171,86,adult
9c6e1f15-15ed-4711-8777-50d91f91c58c,31,Male,61,66,adult
43a31e77-e3e6-4d35-a85e-d971996a2b04,49,Male,147,34,adult
4d8ffb4a-12f5-49a1-92fc-93185c58e7cd,37,Male,90,61,adult
c766e3d4-f0e2-4408-a7e9-ec765922c889,39,Male,140,84,adult
aa6adf94-ef4d-4993-ad37-759250b86750,53,Male,65,30,adult
bad2b132-8e1e-4652-a76a-cca7de94d259,30,Male,191,23,adult
f66bd73e-aa98-47b3-bdbd-5974be9552f8,58,Male,174,55,adult
0b788b7f-f8fd-487f-a25c-aeaee8d88b66,45,Male,144,65,adult
9c76dbbe-5fde-489b-8e8d-4b8b675a41bf,40,Male,160,66,adult
07921320-1f5e-49a0-9d92-df4589e8e5b8,42,Male,77,39,adult
afb0a32a-afcd-4ea8-9811-8dcae02eeb44,41,Male,49,40,adult
a59898aa-f55f-4e85-b348-5d128fe87939,54,Male,90,28,adult
999f7670-4810-41c2-9777-3179eb1b18d3,58,Male,93,29,adult
b57daecb-f46a-4b05-9fd0-9a3b1b93ce37,55,Male,90,38,adult
a43b3b23-a7b3-4ba0-b6eb-f536be4941df,51,Male,114,37,adult
4fd8af2f-1730-4748-9e13-0c92661a53ff,42,Male,101,61,adult
dc85286b-988b-45e7-9dc1-d2d024111223,53,Male,182,70,adult
3b7a328c-4afc-4ebc-8836-459d0c31f961,55,Male,106,72,adult
94bbe982-16c3-4372-869b-7df58f07df1b,53,Male,97,57,adult
0bce28ef-b2a6-4533-a5ad-6f31bc1c8f21,36,Male,170,100,adult
a18404bd-8b64-4637-92ce-3322b116ea97,30,Male,39,72,adult
4657bb7e-c958-4e4d-ac7f-9075f5ffa56c,47,Male,58,36,adult
4c1f0e0a-d071-4d68-a385-50eef02efad9,56,Male,135,7,adult
1849e3c3-c01a-40a9-a145-797c4a0aeac4,50,Male,149,61,adult
48dd786a-eff0-4661-b6dd-da337255b8b4,34,Male,97,28,adult
a8171512-1528-4add-b00d-7b303cd6c13f,41,Male,82,48,adult
50d1216a-c449-40a4-9a48-8faf2f11b204,33,Male,125,88,adult
2ce6a4d6-ea69-48a8-ae4e-3f7f40d8c11a,34,Male,112,100,adult
c58bb76e-a21b-448d-b4ea-26be6ae76dbf,43,Male,198,38,adult
314414f9-6338-426f-afc8-d1625b345361,35,Male,75,42,adult
8c25f2a8-1960-4eb9-bfde-9fac133a1913,47,Male,98,33,adult
68e4fa90-31c6-4ad2-a4cc-0cac8a77d8bf,57,Male,63,36,adult
a2c86079-a610-485a-a549-e861c20d19e7,38,Male,21,13,adult
87d2b8d6-cfa2-4233-84ad-9ecbb0ca0b8f,50,Male,174,58,adult
802f62af-5732-4aca-84d9-9c6e94baf906,50,Male,85,59,adult
30ae9bf8-f52d-4b38-96bc-fb917450741d,37,Male,126,65,adult
0fc5410f-88d1-4042-a929-f390f91d5801,53,Male,116,22,adult
cce5db95-8f61-4e36-8a52-b8fcefa068c2,47,Male,168,16,adult
61c5a238-e875-4b09-b3f6-3d001a00246c,49,Male,112,17,adult
71c1be4c-94a8-49a8-8ece-5f3e803f4cad,36,Male,147,100,adult
0eebd0e2-2e4e-47c8-a0ae-887f00ee4ddd,52,Male,61,63,adult
3ab3a6fd-a1bf-416c-a604-4de94d7dcc7b,38,Male,169,58,adult
475988a4-72bc-4872-b454-f2ebf900693b,39,Male,143,67,adult
ed447a56-5618-45bd-8c33-366bd0a2f61b,30,Male,50,87,adult
3141cbc2-263d-4c3a-a102-916c3d1d90b9,36,Male,174,40,adult
f083ad85-11a6-45ce-b096-20d3b852d6a4,30,Male,155,61,adult
3ae4df52-fa29-4184-aa7c-b58967587b03,47,Male,135,29,adult
ad1001a0-a96b-4262-98d2-d488367e246a,57,Male,184,21,adult
66f0c522-a598-4cff-bd48-b94896de0b82,30,Male,149,41,adult
a9dce21a-7f8c-498d-ace2-a2f1657abb21,44,Male,129,34,adult
3fcee86c-8c51-412f-bd29-e3dace8e8e69,31,Male,84,14,adult
c6e8c480-31d6-462a-8d9f-3c0380b893d4,57,Male,115,47,adult
aec19734-a157-4b9e-9f12-cf3361ca1d06,48,Male,181,83,adult
5b23cfa2-72dd-4659-8ff7-fbba69c9d541,55,Male,117,6,adult
896a200b-eb22-4061-8f69-cdbf510b5491,31,Male,92,2,adult
39329c88-0ff8-4248-a6bc-ca72d44d93da,56,Male,170,2,adult
7268a546-1f3b-444e-9122-fabfb4a50c3e,30,Male,51,8,adult
28188e87-1d9c-4475-ab91-fc72b6e0d1bd,41,Male,122,68,adult
c2446240-6681-4f69-9d72-594c6ffb9521,42,Male,138,55,adult
5195e89a-4f65-4751-846a-5dab5ea4d112,37,Male,92,32,adult
b5e649c3-acf2-4977-9cc3-85f9924672d2,51,Male,77,62,adult
2bd8091f-ff48-4fa2-adb6-a0e4e125caff,40,Male,121,92,adult
18111868-9e40-4e33-8556-efb36c54de05,40,Male,64,46,adult
299bdb9e-0503-4281-a0d7-63b0a670194f,35,Male,189,59,adult
94f2647b-27a8-46bf-bfaa-3781b05327ac,54,Male,21,13,adult
9578a36a-27d7-4831-acf0-0184d503010e,39,Male,77,22,adult
adba2de1-8f1c-4fb7-b891-610beb1a3f06,36,Male,70,89,adult
b65f1bc3-297f-475c-bb6e-50f60e582bde,51,Male,43,87,adult
23b62b36-c3ad-48e0-a57d-aa061c005556,59,Male,168,43,adult
38434327-82f4-4e22-8ce2-a6cb1f8e062b,37,Male,155,53,adult
cc86ef40-4fef-4aa5-aef6-56d7e9947a9c,30,Male,39,55,adult
0e058fb5-d261-4e20-80ad-f7980273725d,53,Male,193,91,adult
d62edc2d-c1e0-44c1-b2e8-666c487ade3d,39,Male,192,82,adult
1e0ff09e-32dd-474b-b888-5b446a7a7b25,35,Male,181,100,adult
85cfcee8-3a40-41e5-a322-0dde226c2f60,39,Male,91,84,adult
fc833cbe-f923-4c71-8042-d01e1356875c,44,Male,77,78,adult
2e44e730-bc00-429c-97a6-deeb0cd2bfd8,30,Male,147,46,adult
f0c4e55d-8753-49d5-9496-cd978f5e7bd2,50,Male,92,17,adult
112eeff6-8d68-47d1-acf0-1d2388677257,54,Male,93,66,adult
d4525cec-cf57-4549-8be4-6a536b7c31af,50,Male,143,70,adult
0866e99d-b56e-44ee-b07e-2fc6ce86686c,48,Male,48,14,adult
7cef4adb-ccd4-4d56-a36f-a3e23439b306,45,Male,103,64,adult
759c4ea6-df08-44b1-991b-0b349d14c01a,49,Male,96,30,adult
df211d02-768c-4ed6-9084-05de1bc291a8,37,Male,66,66,adult
b795dd96-d8f3-4817-8a16-4544105960df,33,Male,39,34,adult
997a47b9-59bb-4007-851d-90abc5cbc29a,50,Male,162,21,adult
c0b88001-147f-4945-8829-f26bfb4a435d,52,Male,173,13,adult
a28b45e4-5785-44d9-a520-9db40803002b,52,Male,182,29,adult
e98ccf4a-d103-440b-8aed-fcb17de3996b,31,Male,196,31,adult
10479e73-7334-491e-8e55-7103bb1c1f50,35,Male,59,40,adult
9270a59d-b4bd-4f91-bf77-53e269ba7056,46,Male,176,8,adult
6221c388-81d2-40ef-874b-25939637bdbe,32,Male,166,12,adult
e79f4024-bc9d-4641-8290-c96b3921348e,58,Male,33,40,adult
3e2d7f95-4306-4710-be1c-58986c5b22ab,41,Male,146,42,adult
2fc6b8dd-5ccd-4acd-b3d9-e00b32586fae,48,Male,52,64,adult
1014b697-dd74-49b4-9fce-36d846282283,43,Male,86,54,adult
a83ea2c2-41a0-4b78-9611-e0a7ccb5aff3,32,Male,114,19,adult
151b1f9e-cfb1-4493-ba54-fa0c6eb69b3d,47,Male,198,28,adult
10bb5583-ed5b-4fbd-b574-0746deaa73c8,41,Male,35,86,adult
1164e5ce-0233-4268-a367-cd5a9b55bb41,32,Male,135,24,adult
47950201-2f59-4434-a9b8-a72ffa40d426,57,Male,195,61,adult
c727e6d8-ed93-40ab-9c0a-dc09011273a5,44,Male,164,97,adult
bb26063c-d20c-4e3d-99b5-db26b1dfa885,49,Male,185,97,adult
e5ceb6e3-4d14-486f-ae7b-389d98b234eb,52,Male,91,89,adult
a75b540c-20fe-48da-b6b8-ae39ee336744,54,Male,96,5,adult
d7414cd6-8afe-41c0-89d4-96a13c0bff70,37,Male,62,31,adult
a64299ff-a0c8-4afd-834a-7d49f13eab65,34,Male,55,98,adult
6073f488-2f37-4db9-8bc2-61809d746831,53,Male,187,15,adult
ec692e9d-2f45-45f5-9f64-ae9480a122a8,36,Male,190,72,adult
3682e7b4-ef04-4620-80d3-86930b45b822,38,Male,47,46,adult
f8280db8-3041-43f5-82dd-a2c173e0faf6,37,Male,152,77,adult
1def0c9e-7f0e-422c-abe4-00b8a1142771,47,Male,50,95,adult
67f73134-e931-48e8-92c2-248824a08e9a,42,Male,120,19,adult
4982db81-7355-4cd2-843a-fed61f9bd06a,35,Male,117,33,adult
72300be0-ce05-467d-9d2b-3b210612fcfe,36,Male,64,46,adult
f33507a2-d09d-4a0a-940f-0e82b52d5ba3,53,Male,166,97,adult
6142ddd2-1a15-4edc-b09b-59ef76443abc,44,Male,136,3,adult
06ace772-308a-444d-bb8f-4219655aa9e1,43,Male,151,27,adult
cda783a0-bf19-438c-ac70-422adcc31a43,47,Male,48,70,adult
7dc7e995-f56a-4a8a-905d-0c57d7513787,31,Male,111,77,adult
58c9a754-4812-491d-80bd-c2a1e9e99802,54,Male,86,31,adult
e335339b-4c5a-4ad0-8cd9-4849bc59356d,54,Male,168,97,adult
ff0eac6c-71ed-44ad-b1ba-b135c49cd7cb,47,Male,26,27,adult
4abecd94-65a6-429b-bf6e-a0866945d3a6,45,Male,135,71,adult
556451ff-ed13-40e8-a67e-ce1aa19b73a0,59,Male,185,98,adult
5720eb62-943f-4d30-83f7-f9483373d924,37,Male,149,100,adult
1b966b87-ced9-4ecd-92c8-eeffb18d501d,33,Male,111,83,adult
6ead60cb-6ea6-4298-a420-7d11e190d9c5,49,Male,156,100,adult
1c28970c-2faa-4fd7-8adb-cae0ad47052b,47,Male,132,84,adult
11c7e7a7-e238-410e-85f7-825135603c48,50,Male,84,67,adult
9ea02084-3635-445f-b4dd-156cc8e9dec6,58,Male,189,54,adult
b219d5e5-3d3c-44e2-a37a-922842c5d554,56,Male,97,96,adult
82855cf1-1259-491f-b8ec-36421b63f3ad,54,Male,92,12,adult
e31b1b58-3287-45d1-acb1-42595b2ccf90,47,Male,132,36,adult
9c486901-9cb0-4d2c-9ecc-885842635b62,46,Male,198,14,adult
42af006b-68b2-4125-8ddd-c5ea6f91cf96,55,Male,67,94,adult
4e62ed12-a370-43ce-9610-bbedbdffface,50,Male,161,61,adult
8042511c-e9de-44f0-bce2-30be295832db,59,Male,191,91,adult
c4c7bf35-a2fc-44e6-b34c-f8339520ad2b,58,Male,55,34,adult
8bfe1f69-9a33-49a9-8ee1-75dc164bae5c,37,Male,150,19,adult
5899c850-ec15-4d17-a7ba-9e204030125b,38,Male,194,18,adult
ee9be16c-8048-4d55-ab0a-5474c90071e3,51,Male,97,93,adult
17a1c8c7-6c40-40f3-bceb-f84be1de3a57,43,Male,93,77,adult
2bf997e1-ace5-4395-bdd9-44bec729f2fb,50,Male,44,48,adult
3e03dc31-ffa2-4768-8781-d349fd57c914,33,Male,190,79,adult
7212d786-c7f5-4cc1-af12-c03282c5d6e2,45,Male,65,47,adult
d5e55b59-fde3-4b91-9abb-908f5676005f,54,Male,46,14,adult
239fb132-43f3-404d-8fe8-9c6271262f4b,36,Male,22,10,adult
24abe99c-a982-4a27-bde3-851623e642fc,54,Male,165,17,adult
36c845bd-ca59-4851-8389-288b97e1e409,48,Male,198,42,adult
bf79d68b-b971-429a-812d-2c6e5391e3d2,52,Male,172,3,adult
9f529f84-d82b-4874-a1ef-d408d1b741b8,45,Male,113,57,adult
7c9db488-97e3-41a7-978e-669cf4fb9a91,39,Male,92,34,adult
d0440d5f-c5f6-457e-ac08-0f17d8998264,45,Male,60,64,adult
a9fd1555-5dea-46c2-8bd2-26057467e50f,39,Male,54,31,adult
b9ceaa3e-babb-4797-bbc7-aa6021db3615,51,Male,200,64,adult
3da80cb3-0caf-477f-aef3-3ee5ee7a921a,43,Male,28,56,adult
6f0684e1-aa21-468d-9e5e-672d0cbd1144,55,Male,67,31,adult
85ec4558-b62a-4a79-8905-242bf5b69616,55,Male,89,47,adult
a16c56f7-ea3f-4c97-84e7-11107d9d068e,51,Male,195,34,adult
37d3b666-0595-4330-a559-6a6a0bf4e4f3,50,Male,98,52,adult
ed1eb27f-78d5-409a-b4cd-2b555563ac95,39,Male,57,75,adult
b7e720a0-ce5d-4e3a-b504-4e3b91283545,46,Male,174,24,adult
a51dd080-1882-4356-b8c6-49db7378d199,59,Male,63,23,adult
742eca0d-1616-4478-89c2-019628ae43fa,58,Male,189,9,adult
016351f7-441d-4ed0-af12-d35cb2f8f476,46,Male,62,3,adult
40d0acdd-5a4b-4d94-8a5e-71d090cfba54,50,Male,157,100,adult
15dc3440-3d10-437f-974e-eb3f45709a24,58,Male,147,3,adult
ff9b4cd2-d593-4cd1-9416-168a52463948,56,Male,193,81,adult
3d8babd6-b952-43bb-88c3-0c5615502f25,47,Male,119,53,adult
d793252f-728c-4231-936c-5314aa78b65f,44,Male,134,44,adult
2fee8469-4c40-4b01-a81e-eb46bf085a85,55,Male,89,38,adult
1ca5e9d2-2ae3-4cdf-bb11-6f0f1133a12c,45,Male,177,9,adult
3aba6e35-84ac-4b07-b1e8-faf062b7a7c9,33,Male,196,56,adult
1de20819-ab81-4a3a-85d6-9e4e598e425f,48,Male,158,14,adult
d436dc10-d11c-41b2-a622-0cfd92420ad4,36,Male,149,83,adult
56ed73ba-ffc7-4f39-8336-e39f3e372e36,41,Male,145,26,adult
4fb30965-92bb-4d0c-9963-c447373711f2,59,Male,116,100,adult
ceb77c22-e765-4cbe-a8aa-2eeb2e0e43ce,33,Male,110,90,adult
ade1e8b7-50eb-40df-8751-7994d3055c59,53,Male,54,17,adult
42f7f90e-3d39-40a5-8bb0-a9f24f38de79,56,Male,37,90,adult
ef79a91f-147c-4f7f-8afe-fcc2c917ebf2,55,Male,119,35,adult
c62681d1-6cd8-48aa-80f9-d90cc72c5954,30,Male,90,9,adult
f5468909-4e94-4c27-b1c9-a1bc0fc32d96,38,Male,176,88,adult
88ae672c-9bd8-4483-aca1-4ea5465b6aab,59,Male,179,57,adult
7342c622-c226-4341-8aa7-be2f30be17b8,31,Male,53,96,adult
971f3bbb-5227-4d54-82a0-605c243ad01c,32,Male,133,84,adult
3777999f-1620-4185-a91e-95f35f446da7,38,Male,92,59,adult
3cd1cf10-bc17-4dea-8d3c-c091444001ee,50,Male,121,64,adult
3352b41f-9f28-4cf7-8e53-76fdda42acf1,35,Male,114,100,adult
f74f4247-f6ed-424c-9def-8b162b0a41fe,43,Male,165,38,adult
e5fddd5d-fa4c-4f56-b7b4-d33ab81bd20f,57,Male,53,92,adult
5550b1dd-3b77-4e6d-a0fc-bb51e6a1d906,44,Male,32,2,adult
7d8a943b-a5c9-44ea-b302-416ae8569412,30,Male,89,6,adult
ecee4660-40d4-4a55-9569-a40b101176d7,41,Male,120,17,adult
8d0592bc-5fa5-494b-9f30-0f178de447ff,44,Male,155,71,adult
59a97a87-5f2e-47e5-8151-23f1ff599bb4,31,Male,136,55,adult
6ff0e328-8f43-4837-ba81-2355a235fd7f,38,Male,86,59,adult
cd7613f7-0381-4bcf-944d-f9080ce3e4af,49,Male,152,88,adult
15eca141-ef43-44d3-b83d-c14797d4f1bb,33,Male,57,32,adult
db558ee8-04ed-448f-8a8c-f0968b04e436,50,Male,147,25,adult
131e1e12-5262-40f2-be35-e0c34bb67172,51,Male,96,22,adult
c34f3268-c33b-4cc5-95dd-169abc5f41d8,40,Male,128,12,adult
805f267e-acee-4271-8d1d-bba8b41e3a91,40,Male,153,65,adult
1463f5a4-a383-422f-8be6-f784619231cc,44,Male,28,15,adult
a6310576-5d92-46ca-960b-a7410931321b,44,Male,167,59,adult
774f9225-c564-401c-b1e5-08a66637aaaf,39,Male,144,90,adult
5752e371-95cb-4384-887c-866435852e71,54,Male,128,36,adult
8078d3d8-775f-42dc-967e-fa274619351a,51,Male,129,20,adult
f19718aa-764e-4a7f-a61c-89360e28bb0a,42,Male,150,69,adult
597326c0-6f94-42d2-8296-1b8f2c6fe6a8,46,Male,116,92,adult
a09ffa41-8596-4a0c-b2dd-6ba3193a9f2d,47,Male,111,31,adult
9e06b96a-6133-47b2-8a96-19efd28448a8,49,Male,90,10,adult
674f0341-d993-41f0-b5aa-d276186b2758,46,Male,156,86,adult
4db91a73-2f4f-4b27-aac7-d23598855d48,42,Male,40,33,adult
60b06915-5959-43bf-8f2e-e92591180f96,30,Male,124,43,adult
bf14a995-1986-41c3-95f3-f2a2063bc79d,33,Male,27,95,adult
d5e46c03-ff66-416f-a7ab-66285d244f86,37,Male,122,49,adult
8f789c33-6e34-4652-9a7c-025b5b3d6fed,42,Male,139,35,adult
92d38457-210d-480a-8828-8da4955cd991,59,Male,60,20,adult
781b0fd5-b961-46cb-b15d-5759884852f8,49,Male,192,81,adult
583a251c-67b6-4ddf-8c07-d08b333c3198,57,Male,184,14,adult
ec5e7631-d563-4510-8edc-56b33977e1ac,51,Male,190,53,adult
f5534be8-9a25-4c77-b5c2-fd29026ab4c2,45,Male,92,54,adult
44337e9f-f92a-4d3b-9491-c60f8a4b2224,48,Male,77,94,adult
9e650e0c-9adb-4866-8e94-092b1ee8588a,40,Male,93,87,adult
f771af08-58a6-4e9c-8721-519963d72d39,36,Male,109,3,adult
9f1683c0-9613-4dc0-a52e-20c3886ddcbb,42,Male,154,6,adult
d796cea7-9ca1-4581-a819-8c1f96378f9c,43,Male,171,28,adult
0cd83ab3-43f8-4760-8ba3-00d04c0937c6,57,Male,30,3,adult
71d1801f-db6a-4eac-8cba-855b4c32e95e,32,Male,153,90,adult
57e29607-9351-4499-aee0-c8e6466f912b,38,Male,102,77,adult
3c914f61-f75a-480a-861c-cd1781eea82d,47,Male,119,58,adult
48fece83-205a-4df1-bbb3-3c3dd6e57894,42,Male,190,90,adult
c14e1fa9-60f2-4e1e-80cb-6366e840185a,50,Male,35,45,adult
814e14ab-2c5c-46a1-9de7-39b628a5edf3,46,Male,151,42,adult
d198ad07-f1f4-46e5-8d74-7f5739b6e2bb,37,Male,179,56,adult
a5a85f11-ee2c-4880-a90e-684154a4b6ac,58,Male,70,27,adult
d5dc83f4-e850-4b40-bd26-a2a9aa2373ff,40,Male,72,25,adult
0e3c8396-a63e-446c-bb00-5c9595ccfba2,58,Male,123,48,adult
d6df5ef6-bef3-430e-8c9a-06b338939a43,39,Male,118,56,adult
1e38c67c-b95a-4f99-8a14-e2fd0ce6f69f,48,Male,54,73,adult
6d914abf-af4f-4ad5-8669-f6418a7ea254,43,Male,124,42,adult
031be724-4caa-4c0f-a0b0-246ef2133d62,51,Male,45,20,adult
4fc7f3d4-b8cd-471b-9354-a1033d82bcf2,41,Male,136,52,adult
2ad28fcc-df6f-47ac-9728-8091d4dee39a,34,Male,35,93,adult
4cd238c1-73de-4583-8e02-c9a0c7353169,47,Male,118,22,adult
41c0ee37-e9c7-41b1-a3da-902a68d63b82,49,Male,157,69,adult
11ed2655-a480-483c-beb9-1db6b02239ce,39,Male,136,24,adult
429281e2-5239-44f7-acf9-c1ae66029b4c,53,Male,171,87,adult
805291ec-f885-4bdc-b878-12af1a19f200,43,Male,188,27,adult
32e0d708-63e1-4e41-98f2-c7a31ad53577,31,Male,147,51,adult
a4d34340-4505-4f62-8ade-430646c377c1,30,Male,191,13,adult
31fe8a9b-66f5-44f2-a2f5-605fddc418a4,44,Male,129,79,adult
4bfc99df-d265-4651-be7a-9b9504449b66,41,Male,179,92,adult
577c7f54-1fd8-4d66-8300-8b674d3f10cd,52,Male,168,27,adult
1d7cc96f-ce57-47a8-99d9-6e51056cf60b,42,Male,69,59,adult
deb35368-ea21-40fd-ba33-6a0b99753293,56,Male,117,39,adult
057f30e8-141a-4ae3-b3ea-8d0127b22275,47,Male,147,90,adult
79ed9b6e-2a4f-4b24-95c6-3d9d06bb014f,53,Male,181,93,adult
75a776bb-02f2-4829-8fca-440ffa980d55,53,Male,142,87,adult
08603701-2370-4869-ad24-70054a497d80,54,Male,62,69,adult
326712c1-300d-4ac9-99b1-b668165e53d7,52,Male,55,47,adult
86613b2c-a6f1-4a2d-8676-3df455681adb,44,Male,33,3,adult
a3aba60f-0151-4697-bae2-1211a8c0a8ba,46,Male,89,54,adult
842a01d0-6194-4792-8e56-998508c14f5f,36,Male,101,66,adult
d2c8e3dc-aee4-4042-915c-b68f7ef0c3aa,39,Male,70,75,adult
0de5a60d-5a42-4887-8b49-23094dbf7157,57,Male,195,59,adult
5201f3a5-bd3c-4e34-884a-d8dff34de388,31,Male,46,54,adult
d15a2bf0-66dc-47c5-b402-377771c78d4c,39,Male,22,30,adult
f256f336-7666-4da9-b339-f55294bff42d,55,Male,28,93,adult
3d29a2ff-9191-4d87-b255-ca76f531ac89,51,Male,135,91,adult
344f052b-d379-4fb1-bd93-0e4539bccbc6,52,Male,82,71,adult
a6e504ba-1640-4ced-90fe-22e6d5bcca19,38,Male,188,51,adult
083c63b2-da8b-4826-8bad-a2f1d989a82c,40,Male,64,2,adult
0ce8046b-e06d-4e44-9c21-70713ac68241,35,Male,45,52,adult
97e81e1b-1936-4d3d-954a-e20c01b33e5b,42,Male,22,88,adult
ff716af2-34ad-416f-8772-b1d3e6e205cb,49,Male,191,58,adult
aab6cf14-2f26-4218-a553-1dfac84576f5,34,Male,38,81,adult
0113127a-f99e-4217-810f-fbfece4d0ae1,37,Male,100,5,adult
b3074ada-7fe2-4609-a425-069d704a864e,58,Male,69,17,adult
84afcbb8-b70d-4443-8562-97d84f68a5d6,34,Male,124,56,adult
a1035c53-8c57-4a80-b331-88290699ff17,57,Male,83,12,adult
ed05ea41-c94f-4b04-aa5c-3e00d69fcc22,35,Male,149,60,adult
7b6c0e5c-a5c7-4db2-9682-1167f50d54c3,42,Male,189,32,adult
ed8b9d25-5e19-479d-92b1-182e6bc7f87a,48,Male,63,39,adult
f8a25661-09cf-4a93-88e0-0d1a15952ba8,58,Male,20,82,adult
2b87c6e3-9514-4788-b882-652e2f5a38f0,33,Male,154,37,adult
0c3f1f06-76a5-4d8f-a616-affd7d22cee3,54,Male,135,52,adult
659fd819-9c9f-4c7a-a4fd-9a1f5ceac22a,35,Male,48,38,adult
e32e1916-5ad8-4256-be4c-8a04c879dc8f,41,Male,69,57,adult
2c8fc283-88a5-4c53-86fa-2c3a9575b4f6,52,Male,75,56,adult
c3737be9-6dee-46bb-83ef-ea13f9c473c2,46,Male,100,30,adult
4778940e-6595-4d45-98f2-d59f0038d367,43,Male,106,42,adult
d90290fe-9851-414b-94f5-c4314f882b75,38,Male,135,2,adult
594cd3e1-3777-4d6d-bee4-4ce851b14e81,33,Male,107,72,adult
a8dcf247-7ad7-4d1b-adf8-439567bd8579,47,Male,135,30,adult
63391829-65c9-4e38-bb06-eae7a5f12fce,45,Male,177,14,adult
177f7669-ee66-4763-8a81-8c1a8f1880ef,49,Male,148,22,adult
78d4a320-4a8c-4e41-8040-3e29e51e8a04,47,Male,126,15,adult
0d494483-cfe9-4ca4-b5d7-75f302bf5094,38,Male,67,100,adult
5dd29504-4483-4e42-b63d-ed16b2525da2,36,Male,183,71,adult
04a42645-5a10-4d66-8b2b-d49d5e8b8ffb,47,Male,113,35,adult
832d9aeb-b992-43e2-92a7-e761b716264c,32,Male,132,76,adult
12724861-dd38-4b7c-a692-21b3d1024994,59,Male,190,21,adult
04cc6edc-8f7c-4817-9eb2-8621edf1cb94,50,Male,100,73,adult
62dc41f3-4952-4d8a-b272-311169a9272f,42,Male,59,54,adult
b3a3862e-f56c-4c6b-8c53-ec85a5032003,52,Male,82,19,adult
2a42f759-172d-49a2-9079-3eec73fd7889,52,Male,80,61,adult
2adde089-dd69-4f54-8790-79dc4e0355c6,38,Male,118,93,adult
fbd27c4b-a284-4317-b0a9-c84f07dc868b,32,Male,87,23,adult
06157480-77b1-43ff-bcf3-48ea0b6d500a,44,Male,171,99,adult
3e97f271-111a-487f-9072-7a3649c170c8,55,Male,98,76,adult
3f9a6534-4461-46fb-8ce7-1f779c21f1b5,42,Male,191,23,adult
0aa209dc-281d-4696-8507-c4aa5c45950e,33,Male,108,75,adult
fa714433-1a8b-4f16-9196-e62af137079b,51,Male,60,30,adult
21f16386-6fc0-4794-a70c-1376256221e1,35,Male,91,54,adult
eacc7ae3-4e98-46fc-bbfb-0455b604249a,34,Male,148,43,adult
b2943001-b2f6-4d08-bc24-c8b7a7fc23b4,54,Male,82,14,adult
6335dfe5-36be-4bf4-8872-f9182db76489,50,Male,87,45,adult
b4d8ece8-2429-4955-9417-bd95b6f0a551,48,Male,153,41,adult
f3e572a4-723d-44ee-81b2-3e0c389d4474,40,Male,29,90,adult
37c7137f-83e7-4252-b5df-3b55b08b572d,38,Male,70,63,adult
4ae99568-731e-4242-9c0b-0820dd00f325,44,Male,154,95,adult
2e364f07-609e-490d-9eda-74225dc8ff54,54,Male,176,23,adult
98503845-f957-4967-8f83-cc3a68f8b94f,55,Male,118,72,adult
24b13632-4f48-4d87-8b10-83ece1075cef,59,Male,26,56,adult
b1645ca2-d2b9-4730-ae34-1837996c779e,58,Male,54,96,adult
64d8cbef-f16d-4f3d-bd41-7715c80f4b1f,30,Male,103,6,adult
24742e29-aab1-43e8-81b9-a57a777e4d0e,54,Male,200,20,adult
781549a5-22a4-411b-8b5f-ed41e076c3e6,53,Male,50,79,adult
d8e6dea8-0e6c-4946-a359-53d7700ee965,44,Male,141,10,adult
a2a0abd8-ccfa-4bd5-a7bc-a33d91ece4fc,56,Male,57,99,adult
0646da52-a52a-4eca-864a-48bb601dfb86,54,Male,85,84,adult
a671a472-8a09-441e-98c8-2aba001107e1,47,Male,91,47,adult
4b367e6c-5da5-467e-84cc-9e41641d7e04,53,Male,94,4,adult
8a946454-b74b-47a8-9452-bec244b251ff,46,Male,66,60,adult
799719fa-b313-4ef3-8c6c-8a53c064a2a2,46,Male,118,35,adult
3cd729ac-7fbc-42c6-b21a-2770aba8227c,52,Male,21,90,adult
573e9c97-06b7-407e-aa67-d7e439701ec2,43,Male,51,95,adult
ee5b870b-e975-4f2f-8d7b-01b2e2dc85b3,53,Male,154,90,adult
49e02689-ad3a-44e3-ab00-952a04d28606,50,Male,29,50,adult
09376097-57c7-4db5-b4be-61c60d1043f3,52,Male,93,99,adult
b4d76321-d559-4702-b803-5f82f37bb0f3,53,Male,39,13,adult
957bfed9-e20f-4bac-915f-9be7d06bb1c6,47,Male,155,18,adult
0787f9c3-a7d5-40a4-9094-ac4e2e66c5e8,59,Male,187,7,adult
e578a758-b02c-48d3-84d9-206109a3ee77,30,Male,23,62,adult
9423eaa7-a63b-40e9-a517-53ccfc8b50bb,34,Male,155,72,adult
f44b9e07-5875-47aa-b9b9-9a90d32727cb,56,Male,123,57,adult
91b6c49e-28bc-4a68-9981-6323073e6b22,38,Male,185,33,adult
ca98e81b-9a7b-4fbe-a292-f0f298931b54,52,Male,116,65,adult
3e31848e-e64f-4113-9b64-a02bbc5c7c70,46,Male,86,81,adult
d26da234-0c9d-4b79-99fe-83717bb021a7,58,Male,25,6,adult
ec1fe9d8-3a91-41f7-b275-8352e215c462,41,Male,65,83,adult
ae4a46b5-ca63-4e4b-a7e4-33ce433688c4,31,Male,144,95,adult
3c11f477-de6b-4311-b71c-ae74025129bc,55,Male,61,49,adult
c1fb5417-4ecf-4f6a-a1c2-e3306b0307ff,30,Male,21,28,adult
a6d40558-58f8-4977-aa6b-20f43bcd6dfa,47,Male,99,41,adult
8dbe7d2c-bab6-4e76-a617-7bbb0ddb2db9,58,Male,171,23,adult
ce0c8beb-698a-468c-99d4-2099c40b087d,54,Male,132,34,adult
9d827cb0-8d1e-4fcc-8ac7-dcb05b918fb2,38,Male,59,46,adult
968d6480-2b55-409e-b50e-8421673456df,38,Male,55,94,adult
9c96d8f4-ca6e-4ef6-993c-cee7b272b65c,56,Male,87,16,adult
9bbc3b79-b96b-4a26-9ffe-ed0342e9a61c,46,Male,45,55,adult
d24e85fe-8570-49de-aa60-5b6313a841bf,47,Male,151,59,adult
8f810406-9d28-4e3e-8552-beb130e0d7d0,59,Male,183,66,adult
3aa2e244-b176-4a74-a0f6-8fc804af346a,32,Male,174,10,adult
973305c2-92a9-4338-8658-72f0fa94f651,51,Male,38,6,adult
e8ec5d9d-ef30-4f96-8aa9-f1d3db9a31fc,55,Male,159,26,adult
46602d03-79c9-4ae9-b1ca-6df6b6a3ee40,58,Male,187,80,adult
d02d8b56-a446-46be-b725-2a018b10c8c1,57,Male,119,67,adult
07221147-86b0-4a1c-885b-e3e8b326540a,55,Male,83,73,adult
669c826e-1e53-412f-aba0-57c4ad2ba997,58,Male,52,11,adult
711f7a2f-6f14-4248-8e95-fb04513f1c36,36,Male,106,37,adult
c76ff56d-b8a1-4a14-9148-cfc5de7cca49,58,Male,122,17,adult
4dc34ed3-e301-4b85-86ef-bcdeecfd6c66,46,Male,101,83,adult
fe8170f6-0806-4446-8774-f71c983fd23d,35,Male,96,19,adult
43795b2a-73e1-48bd-8a4d-00db26af8275,57,Male,74,59,adult
251a2f10-d57f-448c-b666-b8769ccab6dc,47,Male,152,98,adult
80e667f8-9913-47b8-8ffc-41ee93006b16,55,Male,175,8,adult
0e7757cb-4157-4d11-987d-e8867d1cfe65,35,Male,44,10,adult
15e1899f-a5e7-4c37-b3ee-f678df2d3423,53,Male,76,22,adult
081c4362-1d6c-4093-bb2f-a079b55a8987,44,Male,142,72,adult
f1510e0c-024c-4e89-88f7-f6ec71ed4655,40,Male,174,9,adult
e567c26b-d0f8-486a-a6d9-efe828674c0c,32,Male,96,10,adult
5b759407-9a13-41fd-9010-8e883cace412,32,Male,199,94,adult
aa41756d-3fd0-4091-94bd-35b35ab2870b,42,Male,77,84,adult
ca398376-3bab-49b1-91c7-035dd834ba62,37,Male,34,86,adult
4c58aeb3-a163-4414-b180-571a235460a8,40,Male,129,8,adult
682a8948-35fa-4691-aed8-4205d3b379b5,44,Male,179,97,adult
a7c8289a-211a-47a8-8302-2646fd53bc7a,50,Male,52,59,adult
3e62620e-f9ec-40aa-a073-17b3f7be42a7,34,Male,20,45,adult
9979b54d-9050-4422-98ab-7204c9c3040b,32,Male,132,63,adult
360a8445-00f4-4cf1-8681-3a71a363b3d2,30,Male,135,56,adult
697ba732-ddbd-4e94-9b60-1d98a876d2d0,45,Male,81,66,adult
2d2d4c95-50d4-4c77-9f6d-1b5bb3020341,33,Male,84,6,adult
becc2c6f-719c-459d-9dd9-c30fc8cb09d7,55,Male,168,53,adult
25e2aacf-f07f-468f-aa00-51aac042721e,52,Male,34,71,adult
440740b3-46ef-4b85-8212-dc3da2603b58,54,Male,23,77,adult
49c63ae0-0389-4a12-94c6-e13884a6353a,47,Male,178,39,adult
11d8b566-2cad-4bea-83be-fd53d109edd4,48,Male,72,14,adult
4afab6b7-78b7-4108-84c1-0f5d9489eecc,51,Male,33,24,adult
0d97f250-1bfb-4b90-a3ff-c0c18abc72f6,45,Male,33,24,adult
b4f04e2f-9cfe-477d-9dfb-d449420fe6be,51,Male,56,7,adult
9d6eae80-d087-4788-b550-e06370019f07,31,Male,110,8,adult
7e6b6089-2674-4103-af18-d66e96cda3ca,37,Male,73,39,adult
880c5332-f42c-4ac0-ac79-4f24cddc739f,37,Male,146,83,adult
9b8d9ade-cb58-4c53-993b-c9ccecb2fa26,58,Male,42,48,adult
1ffd9ccc-5eff-491b-9d0f-f6f196089b37,55,Male,153,93,adult
6495cc4d-01bb-49bb-870a-d0581b6d60db,35,Male,200,55,adult
80dae463-6989-4fe8-a570-978491608a52,50,Male,144,49,adult
160fce68-d077-4c4a-941d-1ebef7c4de5d,47,Male,65,52,adult
3ee322cc-35eb-48c9-970a-11116444caeb,43,Male,170,68,adult
024f431e-a51c-4dee-9e07-670e9f8332f0,37,Male,41,34,adult
c9a1ffb7-3766-49df-af5a-e0f149f289df,41,Male,101,12,adult
c3ef2ec5-160f-4bbc-950c-d318e0ca67d1,55,Male,144,5,adult
4a1e036a-08c0-44b3-8c87-0150d77dcaa3,41,Male,107,20,adult
a4dd2b4d-9c51-428b-bc6e-1328ab538176,49,Male,175,68,adult
379cd2ed-b2f7-4ed3-a41f-3daeacbaab1c,52,Male,33,61,adult
8d7dc8ea-35e0-49c4-980a-66b9a2ed1931,35,Male,40,13,adult
5c8b3ec1-ab2b-4df4-9121-6174dba94751,36,Male,75,72,adult
f7faa867-e443-4849-b683-666e5f19b0a1,54,Male,105,67,adult
6109cbfd-52a7-4913-8cf0-f275f8afc9fb,54,Male,79,13,adult
137170db-321a-4e50-b792-5e7e14db0fe0,36,Male,64,17,adult
2fa9281a-a8a5-45b6-9dcc-2ed6b5de6aba,32,Male,56,34,adult
6c0d9872-d11d-4f84-92c4-333057917f83,40,Male,151,49,adult
acabd04e-5285-4b97-8757-6554c5b3efcb,59,Male,65,5,adult
4dd10f75-f9e1-452e-9cea-8d79e1eefe41,32,Male,116,16,adult
e05f6d28-c9c7-42ea-9191-a1d31cf73e6b,34,Male,40,11,adult
b4bd1637-7077-429b-a9fd-b8d8aa452ed5,48,Male,41,36,adult
b1af3e32-7e27-4588-968e-e36a443372d6,37,Male,132,52,adult
a8baffca-64a7-4e91-ae28-5884864ba500,49,Male,37,89,adult
1cce327e-79c2-4ab3-9e98-69392a4e4d66,53,Male,107,77,adult
4d8ed47b-f48e-4bca-9e09-ffbe816deebb,30,Male,112,21,adult
cb186d7f-a766-4bab-9680-c754299a594c,41,Male,23,93,adult
8ebd6bd8-1086-4cb9-915b-f77bbe3977d8,44,Male,26,82,adult
35946481-a551-40f8-be88-c660c975a483,37,Male,147,60,adult
fd1188be-42c1-46a4-acbf-7b2232a5f6db,37,Male,102,15,adult
e87df5d4-923f-4aca-b206-93309250160d,35,Male,186,85,adult
079e8b3c-ae88-418e-90a0-50dfe91237fa,53,Male,141,45,adult
5d8737c4-c63d-45cf-a01e-fe1d879798af,36,Male,25,76,adult
76d25977-a3db-4804-ab9c-6dd720df0b20,48,Male,96,32,adult
d1a94658-f688-4003-aeef-2a58ea90d665,59,Male,117,63,adult
24bf5e13-878e-4bb3-aba2-41402cd4a5c7,52,Male,54,43,adult
7aabc30e-0df0-4a19-85ec-0190a9583f89,35,Male,132,97,adult
55274a44-5379-4ef1-856d-474ee20149ba,40,Male,25,23,adult
4cc74728-61b2-4b16-adc2-a88dd08f73c2,30,Male,200,51,adult
9ea411e4-2435-487e-8ac0-49d73c8bd00e,33,Male,169,3,adult
ea825924-7398-4efe-9193-93ca0e1dbe6b,38,Male,75,46,adult
1215aa54-d838-4d63-8007-bce5e9e036be,30,Male,53,87,adult
98735baf-b5ac-4bfd-9e69-57cbe702a4bc,59,Male,149,39,adult
07af291d-5d0c-475d-9456-660a9e0af33d,44,Male,105,23,adult
05254ed8-c056-41f7-b1b5-0e7b796b0f5f,59,Male,125,99,adult
96a8f4c5-010c-4bd4-b10d-f548e32c1969,30,Male,93,13,adult
c9c00284-aeb3-4948-b2e7-13077d0c62de,32,Male,179,100,adult
115d8804-e4d9-4a8e-9178-345d506bbf6f,42,Male,178,94,adult
75e3629d-21da-428c-9992-2d8146efde62,47,Male,101,37,adult
cdef49e5-b583-4c59-8a23-77f05d31f37e,42,Male,34,76,adult
702fbc03-cf68-46f4-a60b-d17909703e96,42,Male,150,84,adult
eee6b24f-2c10-4f3d-91d7-edaf2541dfbd,51,Male,125,54,adult
ee99553e-87ef-49ff-b581-3ee92dbb6c82,34,Male,65,22,adult
8f5a4cc7-53ea-4c3a-ac1c-463cbbd44f0f,33,Male,38,36,adult
f1c01d62-f81b-4b81-88c6-1401c96bf18f,57,Male,157,79,adult
128a687f-0a75-479f-9ea3-4d895edaac00,42,Male,175,63,adult
69a57de4-e3ca-41a1-8a16-5aff2c6dccc9,43,Male,86,29,adult
78beb8fc-941f-49c3-8f5d-7a23e466c2fc,56,Male,151,1,adult
82f59e51-e58e-41a9-bb9a-7bf221840943,50,Male,60,81,adult
e054028b-32bb-4e0c-9dba-094fff4b9261,44,Male,57,50,adult
15139dd4-a628-4a20-811c-e766c46c454c,40,Male,192,50,adult
2d1ecc64-429f-4d9b-806a-6ac48892cd64,36,Male,93,92,adult
64578db2-3efb-4d2f-b17e-28dbf6df1fcb,48,Male,187,72,adult
cb0d127a-773e-46dd-be3d-02838f4bfbaa,34,Male,72,21,adult
a95a2082-9ff4-4a40-8793-e54cc6746dd9,58,Male,30,75,adult
32a0819b-a690-4e84-a2f0-25235b1c10c5,40,Male,149,70,adult
91668075-e372-48ca-994e-084dfdfd6c34,38,Male,89,60,adult
f124704b-b41f-4c60-81b2-6f0b31759a22,57,Male,76,93,adult
3949523f-ef7f-43c2-81cf-0312f57474a4,47,Male,56,98,adult
c5e3d517-0036-4839-8c76-3dbfbd0e84a9,33,Male,76,35,adult
f0c31f74-bf5b-420c-8a63-e0c19986ea9c,50,Male,159,3,adult
6ac66f49-532d-401e-aeec-5a983c84f6a8,42,Male,181,5,adult
c64cfec4-f316-4ceb-afec-7a5450d34233,44,Male,78,12,adult
73534234-b335-4483-b452-3fe11f7da4a3,45,Male,125,69,adult
b32839e9-fbc3-4613-b8c5-fba707c55545,39,Male,30,65,adult
6b946657-fb1c-4a5a-aab4-53493c0f799b,57,Male,45,58,adult
ddfdfb6e-af13-447f-8d64-8289b130840c,39,Male,57,66,adult
5cd8ca04-adcf-44bc-a7ba-dd55223d3037,36,Male,43,36,adult
7d8a634c-ea52-45f7-a357-78d58d083178,31,Male,130,17,adult
d32a5ff7-1a9d-411e-8679-6d573293f9e4,47,Male,44,73,adult
3fe43561-5496-47ef-838a-4f25fe66f4ff,37,Male,149,69,adult
77764ea5-742e-43db-9a31-b7aed6bc9556,39,Male,109,78,adult
ad826641-30a7-448c-b229-fdfc0a4821b8,34,Male,87,93,adult
048d3f79-4450-4e94-9007-60e65e471db4,49,Male,64,24,adult
76e56e43-fe44-4905-a292-faca30076af6,44,Male,173,81,adult
2d2ed15a-a8d6-4a9c-86f8-44152defd2ac,55,Male,123,99,adult
b6ad2971-2958-48c6-9bed-97167ba25913,49,Male,163,28,adult
473f9db0-a312-4e87-8e87-07457dc2d438,40,Male,184,99,adult
9812955f-4eb9-4db3-b084-4ffcdfafce4e,57,Male,149,53,adult
096a3341-1b4b-403c-9e98-aefd159a0878,33,Male,90,71,adult
1fbaff98-4a23-44c7-887c-468630526df5,59,Male,84,8,adult
b9f729d4-893a-4ff8-afc7-cbf16ec7b14e,46,Male,180,62,adult
65de8371-2f75-428c-b92e-4ff58942d3f2,53,Male,175,54,adult
2d05b018-616e-4ca3-ae4c-c8d7f95439d5,40,Male,156,48,adult
a8025580-60f7-4b24-87ec-7c82a67b0900,49,Male,28,23,adult
302315ef-c907-4235-b375-798a6ea049cb,35,Male,71,79,adult
7f05b791-00ca-45ab-9e78-a6306935ec8c,39,Male,157,42,adult
7b511e66-0526-4153-b1f7-229b25df8a50,44,Male,160,19,adult
fd642f67-a28c-4d67-91ae-bb25eefad0a8,31,Male,165,70,adult
e040513e-d948-4078-8fe3-9316ad66e5fd,47,Male,164,20,adult
43d627ef-bb0a-4f19-93c1-316c213f2dd7,30,Male,110,68,adult
020165bf-f431-4404-8fec-65a552d89ffd,56,Male,117,92,adult
e0830150-2eec-43f7-ad91-686db34a0672,32,Male,39,9,adult
f9323f24-d235-405c-b864-bf99291b92ea,46,Male,179,73,adult
f15d1a6b-a414-452b-9298-47313f88bf1e,50,Male,182,91,adult
a29fad21-92ec-4c6b-807f-e7dd2017ce87,49,Male,78,18,adult
c904f357-cd69-4a8e-b3b3-642b1cda6cd9,55,Male,61,50,adult
3f071fa8-df42-4ea4-9c20-bfc8cb6498b3,34,Male,31,30,adult
adef451d-3848-4155-ad3e-6ff493f04fbb,56,Male,119,1,adult
8e2e074b-6904-42b6-a4bb-e1cc008c7941,41,Male,183,15,adult
5b8a3f37-fdf4-467f-901e-202564084d4e,42,Male,92,76,adult
114a03f2-a052-483d-8198-6f13a7840099,59,Male,185,14,adult
68aa0060-e8a8-414a-a6b8-dac4bbb41341,49,Male,68,46,adult
01d302f6-8054-467b-a717-331ec7d3eeb9,59,Male,72,18,adult
c5a95440-39a4-4ed0-84ef-ae139b89a607,53,Male,42,19,adult
49e791e5-8c94-4533-bb20-1c3ed42c01e7,58,Male,30,82,adult
31aa2d74-109c-4857-9fda-e3aee0b23acb,51,Male,194,88,adult
d5a0565b-7105-4ff9-a883-bf3345ef4a26,41,Male,127,23,adult
798543ad-7497-45c1-b84f-380bd959a89a,54,Male,79,75,adult
786310df-39a9-4aca-a288-6077b5fcdc8d,53,Male,160,72,adult
dcc83e44-ee01-4e77-8840-a0320200fa34,30,Male,177,70,adult
72abb80f-41a2-4e2e-a536-ca9f5aa283bf,39,Male,102,77,adult
a48d58b1-a7f7-42d8-83a7-f8c4f8f28153,35,Male,182,99,adult
70b4e66f-6803-4c27-b888-7c095249692d,31,Male,183,1,adult
bcbd87b2-f390-4fae-8861-ab0a5b8e032c,39,Male,129,78,adult
64d31013-6e40-4661-9d97-ccfacfc01f9e,35,Male,109,46,adult
38b9d27c-5a9b-4da5-97f8-69a66006fbe6,58,Male,83,17,adult
f8b260c0-13a6-4974-9f97-8e34393f5a01,34,Male,31,17,adult
063f0496-d00c-4593-a469-a46094337cc3,46,Male,33,15,adult
02b04696-933c-4a88-b239-934ba6dee1b2,39,Male,57,71,adult
8405ae7c-7def-4e8e-bd77-64dc96eba8ae,42,Male,101,8,adult
601e7ace-f293-4f2e-bfdc-579aa7ffe0cf,55,Male,95,47,adult
6405170d-79c1-4e7f-bc81-5b4c82413e8d,38,Male,104,52,adult
37908e59-d717-4b2a-9340-9b9f34b4fefd,32,Male,24,12,adult
5ae91415-7fd9-4de1-a8e9-4c32c37e04ad,32,Male,75,29,adult
9f38aa0c-f3c2-4d63-9476-bec408bdf970,45,Male,102,52,adult
560e98b2-d6a9-4d3a-b56c-4974ea86f99f,43,Male,56,73,adult
5ef230da-b9de-44b1-b863-1387c9164bcf,33,Male,47,31,adult
a26fa0bc-fdb0-42e3-bbe2-1025250b7f6f,56,Male,188,47,adult
82cf8991-bbc6-4c32-a299-e0da6161a077,37,Male,128,66,adult
bb97d49e-fea4-4f66-af42-77e6f84c8906,31,Male,140,57,adult
4804e00b-2ad0-4da8-840d-46e4fc08f94d,53,Male,31,49,adult
996a5774-e333-449c-b590-8737733e1dcb,48,Male,198,72,adult
963843ff-cfb0-4e1a-a8f5-b5549209dd2f,38,Male,198,22,adult
34605dd0-85f5-45f3-8e66-46ea76e3bf04,57,Male,62,57,adult
f79bd0d8-cb61-422d-a800-f459a911a122,30,Male,178,18,adult
a135530d-f651-4454-806f-73c4ff3bcaa6,49,Male,42,8,adult
34fd75c6-74be-4ab4-b229-60113cac5c3f,58,Male,174,51,adult
7b1ebf1e-00c7-4f89-aedf-ad3c2dbbea16,46,Male,195,90,adult
6ec1e2f1-57e4-45e0-ac93-e6dc6c4e47b7,35,Male,145,25,adult
43566a2b-ec9e-4c01-a6d7-b541ddb7c6b9,32,Male,127,9,adult
1c4f3f0b-a546-4286-9ec9-a4439a72be0b,58,Male,124,66,adult
4d5df56f-66f8-47c4-b3c2-3b4c471937a5,56,Male,90,56,adult
8beda348-6534-4239-a4b9-d893ebd9b025,59,Male,96,39,adult
3450b275-4a66-4cfb-9048-99257c607106,30,Male,69,40,adult
41c6c767-5c73-4106-b2c8-62e67ed7b22c,43,Male,108,16,adult
3ae78159-6cf0-49d0-8116-dbec6862fe93,56,Male,178,18,adult
9bdaf2e5-94db-4916-ba62-d47c72a0779b,37,Male,75,89,adult
b090e1b2-a1ed-44c5-b8ef-37dd73eb4506,47,Male,184,65,adult
59365083-9425-4783-8803-4ce37e44d9ee,51,Male,148,76,adult
bd0a9f17-0b70-4471-a425-ae308287eaaf,35,Male,105,69,adult
2d9b9ad1-505a-4ef0-a596-6c4062160f0d,53,Male,123,77,adult
a36d12b0-696b-436f-bf76-1738575f14e1,35,Male,105,9,adult
6e1849f4-7d78-4bc8-a8df-db7d4ba6f443,46,Male,87,70,adult
863603a4-a6da-4b09-b7cf-1f5a5fb3f496,55,Male,74,94,adult
340819e9-5de1-40fe-8171-7b36432f073f,54,Male,114,94,adult
4211c987-c248-4e05-a499-c1add833a23f,50,Male,53,33,adult
8c5354fa-4f8f-4a48-ba6e-096bc26d1f20,32,Male,176,14,adult
24ee7248-26ee-41d8-85d7-e64fd1371e28,48,Male,162,23,adult
d841edcc-008a-4151-a19b-e3617996a9fe,55,Male,188,29,adult
e7ce6301-d935-45f8-bc56-431d5ad49d71,49,Male,187,94,adult
e6240833-dda8-4b09-8335-4cff0d6f3750,41,Male,181,53,adult
19435965-b3bc-424a-8b87-95c689da7f6a,36,Male,182,76,adult
496333dc-11f9-45f9-b98c-f8fc992e55df,36,Male,50,27,adult
cbf70ef5-1342-45e5-830d-afd393d4a285,40,Male,109,72,adult
9532a064-6c3d-45ca-af78-71ae00b4f924,56,Male,104,89,adult
9d299400-86b1-4ef1-9167-937cb0a3bde6,36,Male,44,19,adult
0801d474-f3eb-4707-8ab6-38388d21d6f3,39,Male,62,88,adult
f030876e-2065-49fb-a9b4-50590bf32bb7,59,Male,131,69,adult
4f6e5a46-9a21-4ddd-837a-04866b0d5153,31,Male,94,70,adult
27400c0e-cf29-4646-870a-250fa82a4367,39,Male,103,66,adult
44111cab-2b9e-4f3e-b9df-bc7eb50f6914,46,Male,190,65,adult
c0f99772-7e14-483b-8f72-aed7b67c0e76,54,Male,89,73,adult
ca6ada17-7cff-4b24-a6f3-d82b693e04d1,45,Male,195,67,adult
6df6a14f-13dc-40ad-b836-e7d6407e49a1,57,Male,113,3,adult
f967e6d6-b3be-478a-b2ee-bb7695156410,31,Male,45,9,adult
9937c88c-b14f-4b79-b4fc-f64294a99c19,39,Male,27,95,adult
09dc3d4c-6066-4040-b25d-cbc5e026157b,55,Male,27,40,adult
eabf531c-ea04-4b0f-b16c-1ff89e6a9330,54,Male,166,58,adult
a830a323-abc6-4b50-bd4a-51a190d04b00,47,Male,165,69,adult
15de8101-32a7-41f5-84fe-ee692bab00e9,57,Male,81,87,adult
7d8d5264-072c-46b4-9242-7ca40a642cf0,55,Male,186,8,adult
49c7b688-3a00-44cc-a59c-e802fcedbcb8,50,Male,119,82,adult
058c7687-e198-4700-804e-c512ea15abf2,55,Male,48,94,adult
c0cd702c-7c2f-43ec-ad5e-931a155a7209,39,Male,193,54,adult
2ac6f3ac-657d-476f-a348-c4579fb3501a,42,Male,181,11,adult
43bf3e57-b97d-431b-a163-bc226842805c,32,Male,27,36,adult
389f7147-4f58-4851-aba9-b2ce51c553cc,42,Male,100,39,adult
5929a520-2cc5-481d-89da-ae64c1d13e2d,32,Male,58,33,adult
94020203-74d7-4c82-9ddb-e50cf89a8112,32,Male,116,91,adult
add1621d-b329-4f0d-9f63-1d8da937c241,34,Male,133,2,adult
63b4d5ac-019a-424f-9627-5c675a55be71,45,Male,170,31,adult
06cf253c-e326-4370-bdb8-281a669d7862,41,Male,187,60,adult
3c96cfcc-5185-4f17-8bcb-777c704b8688,57,Male,78,95,adult
9506c7b8-074f-4417-96ed-6688f82ea274,44,Male,145,12,adult
6c55acba-b4c1-4697-8fb2-968ac8bc3a3e,34,Male,169,68,adult
0c76cccf-d896-40b3-a515-a73f4f47ad4b,53,Male,28,52,adult
a4badcec-d7ce-475f-b3fa-b01ec32e2e3b,55,Male,51,77,adult
fd59e9a8-96c6-4fe5-97ef-2e830c1d351e,37,Male,70,52,adult
e98339e1-3bef-4634-8dae-b8737a10aa5b,38,Male,106,85,adult
3af3026a-951f-4727-b34c-0fc2b90f3b66,47,Male,125,82,adult
c2c9abc0-23a1-42c8-8a75-0051f54b26a8,58,Male,145,29,adult
cdaf4d36-bef3-438c-b0b8-1f785b87b148,58,Male,97,21,adult
157d6d7e-1316-4979-9b7a-143043ac86b2,36,Male,135,71,adult
d4c5fb27-010f-4e09-8ebd-d26f63c461cd,34,Male,59,41,adult
2c57ee63-3322-4ff6-872e-2c7d1a449939,57,Male,140,60,adult
2fd6ce48-d3f8-4693-876e-b3c152d56edf,44,Male,192,15,adult
81631fbf-f346-4100-9aab-4d16f7cf11f6,50,Male,168,48,adult
73d59cc7-a6a6-492e-8231-28491b286da4,59,Male,148,94,adult
b6b56e1c-aaca-406a-8193-38d6e39af7cf,51,Male,54,83,adult
752f4ea6-f6de-45b4-b0c6-a33eee6f82ed,38,Male,39,93,adult
6bd805c6-1bfa-40cb-bd4b-6bae9ff03e06,54,Male,97,45,adult
8933a971-1e14-4a96-92f8-0f1f1df7157f,37,Male,134,11,adult
bffa193d-c4cd-48bf-9567-1c901c750988,48,Male,176,17,adult
4c3d2ec5-9d0d-412a-8f0f-4ef9e214d9ee,41,Male,157,81,adult
f01e1976-2e27-48d7-ab98-0dea989ff2c3,45,Male,80,87,adult
e5b2e947-7294-4eb2-bc7b-e26cd9367ee5,54,Male,40,38,adult
cdff4238-a258-4b66-a0e6-c0e176de50ce,38,Male,131,71,adult
118713b3-45be-4738-87ef-0eaeeb605bf8,44,Male,80,79,adult
eb9d04a1-9c35-432d-b146-eff410ad5779,56,Male,153,47,adult
ccf5ee1d-7df6-43ee-b074-f867fa6a0261,45,Male,71,10,adult
25e60a59-e293-47c5-815c-c3cb6bb541eb,55,Male,146,88,adult
d17ca235-0a91-4c3f-a84c-9b68ff8f4368,43,Male,51,54,adult
0419ba94-204b-4b78-ae4d-c0d11f50d4d8,47,Male,50,53,adult
c7b0f6b1-a66b-4852-93a6-f425de200840,57,Male,52,39,adult
22546907-73b4-4fab-a956-a0032dee9440,42,Male,103,6,adult
e7198065-3895-4bb4-9e81-57774d4e4227,56,Male,190,97,adult
569e7896-6999-4a36-b11c-0c58fd3cd6f0,47,Male,150,64,adult
6a4eb421-0078-4888-a122-eac9426df617,37,Male,100,1,adult
e8620c9d-27f9-48a4-a99f-79a6ef57dbca,57,Male,192,100,adult
6901f4ab-b31e-4aaa-a5d7-07267cecf39f,37,Male,155,42,adult
d097e42d-d71b-4d8e-b9c5-535bb07b1eb8,39,Male,76,11,adult
fadfc3f8-8016-4f11-8bbe-46e6d8361c4c,51,Male,130,4,adult
8ff43b40-6be9-4521-80c9-3a71d9cd9417,43,Male,180,11,adult
c41e95b2-ede8-427e-89df-6fedbff5c0c3,52,Male,25,22,adult
e8d37dd2-9ee2-48b9-95d7-a3f7e16ecde3,34,Male,176,95,adult
07a744c5-cfea-43ae-b5ba-3b1998b061c6,52,Male,175,54,adult
d802b2c7-7aaa-41bb-a7bf-2cedb526a315,33,Male,151,43,adult
e488a93b-6a52-47b2-a771-58bdc553ad2c,35,Male,74,83,adult
65401b38-9322-45d9-8711-a4c16a416631,52,Male,115,82,adult
4c4a3743-3716-4c1c-8ebe-c73dd4784810,38,Male,128,96,adult
4fa21c29-b108-4c31-be0f-1b91742d3db7,53,Male,136,46,adult
3b34b7da-8d7e-4037-bb67-37b81fb20fc1,42,Male,151,49,adult
00c355ab-f2d5-4c54-b836-8b2c5cfe5d16,42,Male,149,58,adult
627a2db7-aea8-4ed4-a997-bd5525e3f460,36,Male,135,64,adult
e8ff8f60-4c04-4336-8dda-cedf4bf3b184,32,Male,166,38,adult
86d9c475-a90f-42a0-8e34-74f9cd3e0e1c,42,Male,165,60,adult
e13b83c2-c1d1-4665-941e-4939b7ae9654,42,Male,72,63,adult
c5da496c-62dc-4b72-8b61-8c8ea419dbc5,38,Male,107,4,adult
d9c53643-0e01-41a0-92ab-9eb6983c16a5,56,Male,65,83,adult
ef2d2806-b73d-471e-9973-98d681b53e7a,34,Male,21,62,adult
f47eaf80-0193-4dbf-9ff5-01a9e715b098,54,Male,103,63,adult
999124aa-23d9-4d78-b449-950dd1b3d2ea,37,Male,129,47,adult
689662f9-8e78-4aa8-90dd-502f68c8c10e,50,Male,33,36,adult
c1512ad0-08b9-44fa-82f8-bb46270c5f08,49,Male,73,60,adult
6b161eb4-01be-48df-bf4d-977e1a34b2e4,39,Male,139,26,adult
15167e52-7ed9-40f8-8180-64ba60c3af9b,56,Male,51,38,adult
3c88de4d-b7bf-4f52-8186-43e9c5183f09,56,Male,32,39,adult
d8cf51c5-25ac-4add-92a1-c3b1bb7d4aec,56,Male,153,39,adult
bc180328-0eba-4111-8278-859e5b7a2812,57,Male,60,64,adult
40bf127e-5e15-4c61-a4ca-1763b6f1cba6,55,Male,123,55,adult
e8edeaa0-0c24-4fa9-986b-af233394f5f4,46,Male,106,11,adult
8b115485-8ae7-4667-b15b-e0335bdba964,58,Male,74,76,adult
5fa587d6-a259-4fab-9dd5-17cd1ca8eb0e,31,Male,93,99,adult
4c191079-771c-426d-a63c-3af03731b223,54,Male,117,57,adult
14e5ce99-d0b1-4084-be52-a3a5456dcc42,50,Male,146,34,adult
3c0294b8-1a83-47ca-a22b-ab85e40c1f94,48,Male,105,23,adult
3cf5bd0e-64ae-4a2e-8f10-a73c77970af3,52,Male,169,34,adult
3e1a5670-a38f-4636-a695-18320839e7cf,41,Male,184,36,adult
647fe33c-1cd7-401c-8ecd-cc0643ac0d11,32,Male,164,44,adult
8ee869a2-aba3-4e86-8d11-de95254f1fa0,37,Male,105,20,adult
2e3e018e-90e2-433e-af33-ae333b9e6f90,31,Male,51,29,adult
3c6ff802-edc6-4ec9-98ed-248cb17389eb,51,Male,95,71,adult
511d372e-1ec2-45cb-9631-427a74bd12a9,49,Male,186,22,adult
5d5e69d3-0428-4a2d-9474-34999e56dbba,33,Male,116,45,adult
55322d8f-1bb7-44eb-a26c-c3be190273ed,52,Male,128,61,adult
8025cc66-f8d1-4424-8398-34a5972cc43e,40,Male,105,45,adult
f7c22df2-e434-499e-9e14-8d93dea205b8,52,Male,123,95,adult
10f1f53a-9163-4317-9ab2-e2d2f2b33807,43,Male,175,76,adult
32c1fc0b-099e-45e8-b8ca-4b720eedcff9,48,Male,86,54,adult
feca05a2-d9f0-4b0e-a075-705b17ece841,36,Male,26,15,adult
363eed01-dfa6-4f9d-9876-301fb6ffb7b7,31,Male,180,50,adult
14a90ead-0675-4ca2-bc0d-51c066930fd6,42,Male,166,63,adult
bbaec149-44f4-40c6-af7d-8a7ae42113ef,48,Male,67,58,adult
6808a46a-f25f-4018-bb54-fe19d7b912b6,30,Male,30,10,adult
d2e1d37e-abba-43ef-9d55-9247d485ad81,43,Male,32,73,adult
df670cb3-b2d1-4f74-b7c4-bcbb4b7840d0,39,Male,132,32,adult
5e18fdd9-ff19-470e-8061-c0a1facf89eb,41,Male,95,64,adult
77050144-313a-4807-8ea3-d2a1f808c40f,33,Male,173,58,adult
fd9b7f9a-7ded-492f-a4fa-6c3ed695f44f,43,Male,41,71,adult
55855796-6332-4738-b5e5-2962138cc65e,40,Male,159,45,adult
dfccf143-3475-437e-a56c-6d3bca73bdde,42,Male,158,37,adult
03a7cb6d-d4fe-4978-a95c-c1c1fa8e2803,48,Male,107,45,adult
875bd181-3cf0-4c20-a169-b1a347c725f1,44,Male,60,86,adult
cba4daee-110c-472c-8eb8-8e9685f9d8d7,43,Male,148,33,adult
01690c2e-a82b-405b-add7-b68acf3affd7,53,Male,187,14,adult
e4fe8cca-23a3-44ba-bacb-33336814242c,41,Male,98,48,adult
33359b16-8c1c-4144-9655-c6fab4192e50,43,Male,65,99,adult
2ad8e3cc-38f2-477b-a22e-eeade6aad104,57,Male,47,92,adult
df6733c6-c244-4ffd-b9ab-4e5548cc8e15,44,Male,131,35,adult
f2702739-fd68-4254-84b2-ca87b373397c,53,Male,120,88,adult
52d04ec3-59e3-4fdf-a188-a6a0291dc280,41,Male,59,14,adult
283c1748-8374-4c05-88fe-c2165dd428aa,45,Male,37,96,adult
ae92289a-0ce3-4d4b-80a8-b400602ff043,50,Male,181,34,adult
475f24dc-6f49-4982-ab97-f7efd7fa7ceb,51,Male,27,7,adult
e86f3ea1-1bfe-45d7-a939-dcec3aa4ffa9,53,Male,45,35,adult
16731f7a-4902-464d-b82b-637b0fe52ad6,38,Male,68,26,adult
c1d1b63f-de29-4acd-992b-7a6f46e41bbe,56,Male,39,51,adult
e9df3ecb-52f7-4df5-a72e-306481212efb,33,Male,20,35,adult
9f5fac6f-96cf-4729-b8f5-a25149732e8a,41,Male,25,87,adult
5afd7c8f-aa2d-4b12-9d68-a89de018f7b0,59,Male,145,98,adult
42588fe4-624b-4ae3-858d-7c770f2dbc2f,57,Male,30,38,adult
8d8404e6-d8b4-4caf-a988-c9b6e7ba27a7,54,Male,181,6,adult
30156b5b-6c43-4e6f-96c5-2d534475c806,42,Male,127,78,adult
7cd9d128-b516-4be3-aa50-bb566c3283f3,44,Male,177,25,adult
4d63cd45-4aef-4d4b-a0cd-4b40f233455b,33,Male,141,95,adult
1273511b-8736-46e2-8d0b-06116f24c352,50,Male,187,41,adult
f8e9d5ce-bfd7-4c91-9ad4-5c4fcbe6b71a,59,Male,78,87,adult
7b43477a-730b-46fe-93d5-d2b67f29f48b,42,Male,46,17,adult
89467455-546e-47f7-8682-56cff49e00d6,51,Male,189,1,adult
3d09b73a-8082-44e7-9e79-1930f08aa954,39,Male,49,93,adult
d606cd77-2c59-4342-baf2-c224b87df209,55,Male,96,30,adult
c9fd4e13-a3fb-4121-a91d-f113f07c4e09,55,Male,122,6,adult
5352675c-225e-4c8d-be10-3c4ea2c7a2c5,40,Male,146,89,adult
6cf8238a-a04b-4cff-8284-87cdb120a865,41,Male,152,59,adult
b07f1fe7-43a7-4b4d-8809-01a565a79045,46,Male,95,91,adult
58de0a8a-ada9-48a6-b444-afafd5dde2c1,41,Male,69,61,adult
fcf39591-dc10-4bf7-a168-3f7ed5f99ada,36,Male,55,22,adult
73cb5c5d-f48d-4fe9-ab14-433a4096c25c,51,Male,87,13,adult
41a2a3c3-6614-4cd8-9e8f-520e5982d3eb,33,Male,193,30,adult
fb1e0d43-278a-4cbe-9e88-8f4321d4b26b,48,Male,43,9,adult
431b38ac-d6d7-42c9-8cc3-8bf3ebb46a83,41,Male,63,18,adult
75579e89-cc16-4c92-b6ec-653cfab1cb5d,58,Male,157,88,adult
32ded7de-b418-4d70-ad6e-a8b568fca320,40,Male,182,8,adult
c67b2e8e-3a1f-4a36-b91a-92f6498165e6,44,Male,48,62,adult
7d236d1d-3d02-49bb-a2c3-4ab1f6ab0527,59,Male,87,84,adult
8d3c6c71-4190-4361-9160-a542f0e5191e,35,Male,30,3,adult
5b6ad677-ece9-46bf-8b79-9e311059debd,59,Male,75,57,adult
793debb1-d2e3-435d-9235-5c9388c21d34,48,Male,58,23,adult
680f5a3e-586d-4eb3-89f5-48fdaf7fa359,47,Male,173,85,adult
0584ea55-4d5d-495e-b9dc-3e861d3abb31,43,Male,185,99,adult
4b92140b-a323-4238-81ef-c25ff488d096,47,Male,88,43,adult
2ab01ef5-f860-4387-99c2-1d5b426a844b,57,Male,180,75,adult
0648689f-2338-48ec-89f6-e9251896ea3b,57,Male,71,24,adult
df52f5ae-f357-4090-a017-628c8a718985,53,Male,178,82,adult
f539fac0-1eb4-4fb9-9035-ec7c3abdec20,50,Male,23,75,adult
f8a7f3cf-1eea-47cf-bb30-cf40e06b2b30,39,Male,134,42,adult
0110f019-a84f-4222-ba2d-feb230f08eac,33,Male,44,15,adult
6c5acfcf-b340-4ec7-bc16-7cd6a6245e8c,45,Male,154,35,adult
e50103cf-4c4e-42ad-80ec-943dd9bb0300,30,Male,51,3,adult
004cab8c-c72d-4265-ab98-aba690e15bbf,54,Male,29,66,adult
da6f3fce-eb17-4fce-a208-11e8be30aa1a,45,Male,39,74,adult
231900f7-d3e3-492f-8e1c-f820be18f795,32,Male,49,33,adult
cb50e92a-cbcf-4475-92e3-f11697b117b8,53,Male,121,50,adult
f16d9196-5785-43c8-922a-bf79b452ace5,42,Male,199,79,adult
3f0ff41a-37a8-49c6-b060-8fc35b7f6aa4,44,Male,163,12,adult
1882ba8f-0aed-4a19-bec7-61ecd34048fe,41,Male,191,8,adult
e5b26d79-5851-4a1a-a444-28092589f692,52,Male,147,68,adult
1784e7fb-8e7d-42a4-81ff-556102c6590c,57,Male,110,47,adult
1fc2795b-16cf-4cad-be1e-035970a7e92d,46,Male,138,93,adult
b21924a1-ff91-44e6-b6ce-28cf5e7289d1,48,Male,52,82,adult
c379d1f9-38c5-4b0f-afa1-6e69aefbccb8,55,Male,197,48,adult
0e537782-5ca2-4a2d-a977-41df796574c8,54,Male,142,79,adult
3b18038d-dc09-464a-9fd7-8d63d7d3065b,36,Male,134,77,adult
9e3dc285-4a82-4be5-848a-da9cd9a05663,39,Male,190,97,adult
5148c163-5989-4af6-bead-bb6511d51f77,44,Male,130,72,adult
3f0af352-30aa-4c5d-8b3f-83ecd91a8e3f,36,Male,41,94,adult
5c8aeff7-108d-48b0-bf0b-f0821fe37259,43,Male,156,93,adult
895bccb1-2f60-437f-9846-fe66b7548e38,59,Male,153,22,adult
5162e4c1-cb1b-4ea4-adb9-4026f9597fb8,53,Male,145,14,adult
59597348-0a7d-46cc-a7a4-d2fb2f77a97e,41,Male,189,86,adult
2c969ca5-46b9-4f3d-80b6-fe882da9970e,40,Male,159,87,adult
9cbc74d4-b4e9-4a54-ad61-bf4612f56146,41,Male,141,36,adult
72b75973-6302-4f12-a238-49072437b9d9,52,Male,152,43,adult
6606b738-297f-4233-b8f0-06934dc7166b,39,Male,71,82,adult
ebca9a43-9694-4948-9f46-5a2ae2296259,44,Male,26,47,adult
d1c31e79-bdca-49f0-8b13-8bcdbbfc8ec9,45,Male,86,45,adult
56a4cf8c-a3bb-4fa0-9793-43ea1dc183e6,35,Male,121,87,adult
8c51428c-18cf-4449-86c0-ebed6cd01b27,49,Male,52,13,adult
cf0f61cb-537b-4f7e-97cf-6fb00b0d6cc9,56,Male,171,76,adult
e49aa9bb-4659-4dc9-a85d-6ecffb0b5cc1,56,Male,152,8,adult
ab880be8-7cd4-4a85-9bcc-eebb756be486,38,Male,80,73,adult
8119b2ff-46a7-4961-a8ed-1ca311bcd939,30,Male,137,96,adult
13344a1a-bfab-42ce-979d-82102104cb2d,32,Male,93,72,adult
9dad2820-7fcf-44a4-a5e7-4d5fea376fa2,54,Male,81,79,adult
4c419334-2cb4-4e77-9ba2-9b7102e92988,43,Male,91,95,adult
6aa03d98-8623-48e1-bbe7-e84ffb83ee8a,44,Male,37,9,adult
3d451d0a-7139-451f-a843-271cff354d37,55,Male,71,23,adult
ee75a078-4e43-4d1d-bada-ded2dc931fdd,52,Male,143,7,adult
e30be644-8cfb-4c68-9771-33d05e2f6fae,40,Male,44,16,adult
6458d39c-f143-45ce-aa32-f20416822c93,49,Male,190,30,adult
5afb2893-be20-473a-a604-a76f51822373,39,Male,159,22,adult
02283363-3707-407a-9a42-636d3e6d04f8,52,Male,102,24,adult
0469510b-f579-49ab-9ca9-bacf42ca1b00,42,Male,31,97,adult
0b0704fc-bba6-458e-bb90-d36dd7d5a973,39,Male,123,56,adult
73715cf6-668f-4c24-81bf-a54662d9e841,33,Male,60,14,adult
73fb635b-0860-4a8b-a7c3-74c1770b4113,47,Male,137,85,adult
e645c1e8-fe9a-4680-b245-8df171b1654f,42,Male,33,7,adult
353aeb70-a079-45d8-ac06-7598bbf0de2b,48,Male,62,88,adult
4c2590e0-7f5a-41e2-b277-89cc13cda265,50,Male,109,2,adult
5eb819a9-8dbf-4f0c-9f0a-4a4808a9d884,30,Male,116,55,adult
1ed3cb86-324b-4e4c-9c2a-13b254ad79f1,47,Male,125,17,adult
53e55f6d-ad87-4952-9c06-006955fdfd42,33,Male,105,8,adult
a66961e3-60b7-4efe-83a9-106c241e05ad,54,Male,192,19,adult
4e844ee8-8ba5-4185-99d4-681769d09d57,52,Male,120,16,adult
8055b502-7db9-4f25-a96f-af58a0e07164,31,Male,41,69,adult
77cd0ba4-4e5d-4b51-9080-5811854308a0,33,Male,153,96,adult
9154089b-410d-4e3b-aae6-3a3bee0594d0,51,Male,108,45,adult
9f685c97-3959-4b61-83b4-f4830ccac5a4,38,Male,75,58,adult
1b522d49-207b-46c4-b973-b656ed1c9b6b,39,Male,126,83,adult
aa8897e5-fcc8-4977-9272-166f57872540,34,Male,140,77,adult
55660ecc-af98-4deb-8a40-339c68a98438,36,Male,98,25,adult
850f5149-919a-4950-908c-0774e946f9dc,48,Male,176,45,adult
61635511-4213-4155-8ca3-a67b76d3a398,53,Male,117,27,adult
7acbd787-baa9-4864-b379-2acc7e7ef364,45,Male,135,22,adult
f00a61aa-deb7-4e51-9f1b-1f96c1a7e0f2,39,Male,111,100,adult
9279ff7f-5b5f-45c0-a694-b558dc4e7bfa,48,Male,66,23,adult
6123d20e-2e91-426b-b3ce-58c136b69747,45,Male,81,70,adult
ed5a4cfe-9a29-4b1d-84d8-aad55435c6d3,50,Male,60,1,adult
327891d7-e592-451c-aa9f-82af84291bb5,55,Male,185,50,adult
332d95e6-00e5-4cb5-a1e9-7cd0337efcf4,51,Male,74,21,adult
cb5cd940-e59d-4344-979d-185027661659,35,Male,178,41,adult
ba590833-3ae8-498f-9747-04dde2bbe7b0,44,Male,27,46,adult
c6135253-b841-403f-b515-0ca1e3e06e3f,49,Male,120,64,adult
90378715-0c35-42b3-ba6f-f852157cc615,39,Male,195,50,adult
4c94d016-b1a5-4209-9543-b59ab0a91481,37,Male,87,50,adult
02ec7685-eb34-4bda-83c0-e73a275c6943,49,Male,170,79,adult
d071c6e8-eaa1-4f56-b84d-f9fa37abdbd6,31,Male,193,71,adult
7e91f3a6-20fd-491a-b529-c26f6a77d1f1,44,Male,181,57,adult
0cb8245a-ed6e-405d-b942-0ca20b423496,54,Male,162,44,adult
973805f0-6f91-4f4c-bd8c-f08a06cc6c9e,31,Male,74,78,adult
6d419296-15ae-4cfa-a2e9-9a2822f9f3fc,32,Male,138,38,adult
a805a906-0545-498b-bfd3-ecfdb3c84fbb,34,Male,70,20,adult
0d89e4af-82eb-4a45-991e-fe868a84ea64,55,Male,96,85,adult
1ed4a105-4d30-43a7-a6ac-f9957fd0c1c0,43,Male,91,28,adult
2953ac34-cf0e-4a2d-abcb-906b5200bfcd,51,Male,165,14,adult
a08a9b3d-0f3e-4f9f-bacc-9e71afcca9fe,30,Male,70,91,adult
2e857222-b7f4-40b7-8d86-ad2ccd7514d7,39,Male,24,24,adult
d8a15b72-0a87-4cb8-98ae-4bb3a62249eb,31,Male,93,100,adult
ffd29b86-ce82-4896-b9f2-748defe60fbc,32,Male,93,89,adult
2b942a5d-834a-47b2-8dc1-bfa9b16248a4,32,Male,100,73,adult
74d65748-03dc-4c6e-ab79-044a9e4f8276,36,Male,66,49,adult
aa70c8dd-73e9-474c-85c0-3fa444e1776d,58,Male,125,69,adult
37ed6c82-bf02-439f-80da-690f6e6b22f9,30,Male,38,14,adult
b4da76ba-4d56-4bcc-ac2d-6dda94ef2643,50,Male,107,25,adult
9078d828-f299-4ae5-be57-b8c72cf1226c,41,Male,113,55,adult
1b886e22-fd34-40f7-bfcb-6a4f3383c358,41,Male,75,90,adult
bd814d88-2a64-49bc-9fdb-e0145c03598e,38,Male,23,85,adult
859cbbe4-d0f6-44f9-9296-7d3f45108909,49,Male,27,43,adult
6bc20010-091f-40ca-97b2-6a88242dbe6a,48,Male,81,98,adult
7481d4a6-f38a-4fa9-bcc0-4cdf7d658c19,53,Male,112,66,adult
7ac757a0-e0c7-46c9-99d6-d32cc3abc121,45,Male,59,73,adult
f11b37ae-f06c-4cdc-801d-2b5b34a0a1fd,44,Male,61,5,adult
1e6f6ada-6b28-459f-82f9-3acb5982af83,52,Male,144,87,adult
41ef0990-85f5-4061-ab03-2bb3e2cdfb86,40,Male,112,15,adult
5cb774f1-cf22-4fd0-8782-93b8056f387d,33,Male,176,21,adult
c0898f6a-28ac-4631-8ef1-e111828484b8,46,Male,160,4,adult
6dfa0a99-e5d2-401f-b24d-e97234c99111,37,Male,151,37,adult
2e7a4b7c-ca69-4838-b962-9fa4df5b47d9,34,Male,146,95,adult
ad1c5de8-1d52-4ec0-a927-c981edf10363,55,Male,154,26,adult
ec1b6b04-eac2-4e01-827d-d2f9d960bf77,38,Male,56,52,adult
4ff3270a-8395-46a6-b475-fd05d51f1a93,48,Male,112,13,adult
47449c12-a885-44f6-b210-233a584b8ef3,34,Male,114,15,adult
4dbda48e-2e00-48f0-b597-3d80e2b51c37,46,Male,135,61,adult
9b799baf-6aa6-477b-8c67-2582bc27e908,50,Male,168,66,adult
ad65888d-180c-4a6b-807f-4defbeb3f526,30,Male,27,44,adult
b2dad626-4356-4b3a-96a9-83276074eb83,49,Male,78,95,adult
b9b1f7fd-a5ca-48a4-b8fd-497ef486edb1,43,Male,29,16,adult
fd935c3a-940e-429b-a11e-459291622a56,44,Male,53,60,adult
39b18789-42b6-43c5-9588-2cf98e6b6432,59,Male,126,54,adult
efa28f9e-72e0-4636-9e13-0a01d3f836fa,30,Male,188,2,adult
28028afd-d566-4ecc-a8d3-fcff44ed92fb,41,Male,180,11,adult
445af05f-12ee-4e4c-8e1e-0657ab22b28d,31,Male,191,14,adult
ed022725-bf3e-45e5-b80c-05ac81fee5d5,44,Male,38,38,adult
4ad320d2-0faf-41af-8df3-2161c7e0296d,46,Male,180,49,adult
e9cdc280-78f3-47bd-b7ff-718608d4a32f,34,Male,195,23,adult
619703c2-ab16-4b29-8547-dbc552c560a1,34,Male,58,91,adult
96894e06-8adc-4f47-bc3b-762cec43b3e9,42,Male,142,56,adult
30cb8047-5870-4ae6-9609-5fc1a435c149,36,Male,169,72,adult
c3d56363-7ae6-43b3-8649-9b49c590bb77,53,Male,53,47,adult
0016d8f9-477c-400c-92e3-39c01f65ea8d,59,Male,88,14,adult
c4a21596-f26b-49bb-9f6e-ddc0d87656b2,41,Male,141,100,adult
719c2aaa-5061-4398-9d07-06bb1bb9f7d9,57,Male,88,6,adult
39ed3bed-1c65-41c5-a4d0-cca251b753ae,57,Male,137,3,adult
6faafe9f-e929-4137-96cd-32b3183d9fa8,30,Male,84,30,adult
464a88f5-c91d-47a7-8b20-ff6edcfe0eca,47,Male,132,63,adult
80ef8a5b-1370-4d4b-a675-16c2099ec32c,36,Male,196,20,adult
c7f454e2-cfda-40bc-ba1c-bcff7f61ce3e,41,Male,141,70,adult
a69ef19a-0d61-41f7-b680-f891118f5bd4,59,Male,27,3,adult
966b20f4-448e-4806-bfb7-203dc2330493,58,Male,168,7,adult
ab9ed2a5-92cd-4cdf-bf3a-de0adbe94971,32,Male,20,54,adult
6ed5f080-0dff-4564-8ed2-d74ee102c531,51,Male,31,11,adult
4c3f4df8-58ee-4784-8b83-065e7582ded2,51,Male,173,32,adult
7021f5f8-766e-45f5-a214-f4fbbb239f37,53,Male,26,91,adult
759f2cfb-0257-4842-95ca-7377e74fcd1b,32,Male,24,68,adult
8efe0afc-05d5-472c-8df4-914eff0aa588,45,Male,199,63,adult
ed641698-1bea-466e-bfbf-4945a6bdc4d4,58,Male,74,60,adult
cb02d5b0-ac13-4e84-bded-9d478f9a8ea3,41,Male,102,51,adult
91eaeb1b-2521-44d6-8ea8-53b14ac4a533,34,Male,172,32,adult
37b9d347-0513-45f9-b753-64119bc5f19b,51,Male,131,71,adult
af8c6e0e-8f23-41a5-977a-a7144a39efcd,47,Male,62,82,adult
17f368e7-3b27-42c9-b918-13254a03afb3,39,Male,131,26,adult
72f4cacb-8960-4d2e-8c2f-d373ecd21a9c,44,Male,94,16,adult
faaf02bd-5c95-4cae-b20e-0ff12082fb20,35,Male,108,56,adult
0b834c85-7d5c-48dd-aa63-a6de67b7488e,50,Male,87,65,adult
11e5600d-35ec-434a-bb27-184cbc0e0c6e,34,Male,192,1,adult
68d23e3d-fee3-4b13-a8d0-b0ee23f4c4ba,44,Male,182,18,adult
4c3d5b47-b985-45a7-8c32-40dd8e9a54d6,55,Male,175,8,adult
1f8b9c5e-b06c-44bc-99f9-47cae6886094,53,Male,170,96,adult
2e4353ae-c708-42de-a9b1-010943cb8c38,34,Male,91,8,adult
f3432f13-ba8f-4eb1-a4fa-5129424b3b60,58,Male,35,12,adult
ba0e5f5e-a784-4c83-ba13-419da3b85ad8,47,Male,128,41,adult
a1b5e7f5-d9a2-4397-b622-f8242ed997cd,57,Male,134,34,adult
4ca76722-8e4a-4e59-ae30-31ce5a8541b5,56,Male,59,66,adult
0d2265bb-e8a4-4161-8c6b-cd7c908b35e8,33,Male,30,63,adult
f3670c26-72cf-4aab-8c19-75dcba0f9d7b,35,Male,110,24,adult
b7f5d1cb-7994-439b-b76e-4094c6296ddf,49,Male,26,56,adult
27c14390-4aaf-42d7-b747-4e48c9da6b1e,47,Male,30,73,adult
e67bcf01-5cd2-4fbe-b24f-7ad896048f46,41,Male,181,45,adult
d63f3c41-b848-4b9a-b4aa-8ec1f721ca75,54,Male,181,35,adult
dae9914e-5c99-496e-9a95-93bcb6f8137c,30,Male,163,55,adult
c8278f2f-e44a-487b-ac1b-dd05695210c9,31,Male,132,26,adult
d69341a4-8016-4b8a-80d2-9f2d9305ddad,58,Male,58,38,adult
1889c8e6-888e-4f86-a015-086bdfed31df,53,Male,160,52,adult
589c49ed-9de3-4ee2-ae34-be572ee40b53,56,Male,111,11,adult
fd100374-927d-410e-b72d-2f17ecc89020,37,Male,59,61,adult
3a1e43a8-4b7b-4f01-8597-6073d7cc65f7,34,Male,199,91,adult
53f8cd18-fa27-4f21-ad25-57c491ec52c7,47,Male,123,99,adult
45527a41-9fca-43db-a098-c6408ba2faeb,40,Male,48,12,adult
b81e5a2a-e830-4069-8ff9-5d377b09760a,30,Male,136,79,adult
e93187bd-2dba-4364-9aac-88703d762124,50,Male,58,88,adult
f31fc82f-b632-467b-90f0-08bc81145452,45,Male,98,18,adult
617edf51-b1d5-4fdf-9c32-03c1adff3d89,49,Male,165,74,adult
46479d9d-4d13-455c-84cd-c031bfc826bb,51,Male,142,27,adult
9bd60480-4b80-480a-b501-2de4ca776a95,34,Male,79,13,adult
0fac2b9c-3093-46a5-846e-39c42d3cc2af,50,Male,180,50,adult
b360b1da-ec8a-4d9a-913b-891339011f19,40,Male,175,69,adult
857339af-625f-4cab-b6dc-efe55e1ad472,35,Male,50,23,adult
cbea498c-ef28-4589-84b3-92f4b0cfb801,50,Male,86,35,adult
7d7e2169-e2fb-4078-a5b0-c220f2588c4a,39,Male,21,81,adult
39fa8b24-03d2-4ca7-8f4b-0ed12c497657,53,Male,123,19,adult
0720ed57-0d79-403b-bc23-7fdc9844b254,45,Male,120,7,adult
8f4d3cea-614f-4184-91e4-1ecb83d85eaa,33,Male,158,22,adult
8be38cd4-cd91-4165-bffd-ba02ed9638cc,47,Male,121,52,adult
fc493338-7e63-440d-8675-9e20a612be6e,55,Male,97,92,adult
57924640-b608-4bdc-a250-787ae025623e,38,Male,89,77,adult
67e64576-680a-4bbb-94b4-e8f8d706dbfa,46,Male,151,72,adult
279338b7-f558-4ad1-94fc-8aeb57845cb0,42,Male,25,17,adult
49af3de5-23c8-4967-b449-c15ca51e08c6,38,Male,126,95,adult
0ce16e9d-d23b-4099-876c-47e0ac81d20c,39,Male,191,7,adult
c8f18f9d-0a34-42f7-8465-2875563fda5d,36,Male,148,46,adult
d4fb4042-6f2a-4358-bd8c-354b18577ef0,35,Male,117,80,adult
5853fc18-5c79-4c67-ab6c-83063c993134,36,Male,157,72,adult
fac43242-c79d-4f84-ae75-81c6c13de98f,55,Male,92,7,adult
4511e45c-f219-4dbb-b07e-47ac82689c6c,56,Male,127,56,adult
4121f10c-2958-46b5-bb81-340b9325aeac,49,Male,119,1,adult
9915d037-ed00-43bb-ab1d-73e3df6a61a1,39,Male,164,31,adult
ac00dc6f-4038-4120-8f64-f43ad03bfcc1,42,Male,180,39,adult
d4beb366-1b53-4bf8-93b4-95bc65cdf7ff,33,Male,122,14,adult
ffe083a4-ad6d-4d51-a68e-3c4bd7b40969,40,Male,182,73,adult
ae4abfd9-be7c-46c9-8e46-7157fda6c4e3,50,Male,106,29,adult
82ba7c9a-9fad-4ca0-8407-f70cf22a1f6a,51,Male,22,33,adult
14112864-fb0e-448b-b030-ad4272363287,33,Male,196,65,adult
3246beaa-1b8f-4d51-95fe-bb23b6171671,57,Male,94,39,adult
076e13ab-069a-43f6-9715-f8820438e923,39,Male,116,23,adult
655a0d40-4f2a-4012-b940-5cc6a5aa01b4,54,Male,104,12,adult
b81665aa-0328-4545-9ca9-e24877e72c9c,59,Male,56,99,adult
82daa76a-d260-42b4-9cd8-af34d0667915,44,Male,198,50,adult
48847c9a-7dfd-4e94-8cc4-945729b3c63e,45,Male,60,38,adult
c61a004a-6713-48de-8f3b-d7f28c66bc08,36,Male,20,32,adult
89d759a2-7828-48bf-87d8-2cd9730698ce,51,Male,65,56,adult
776b1f97-20fa-4e69-b3d4-884fd4e20596,33,Male,59,42,adult
ea365512-70a3-47cd-99bf-e92761512df6,44,Male,104,66,adult
21aadaef-22d2-461e-8df7-8a3d02d43524,55,Male,72,71,adult
5bf00065-3234-44bc-81e6-a4dad6680347,45,Male,111,7,adult
49ced4a6-2e1a-454d-8432-fda21c4969be,41,Male,117,3,adult
4c41378a-42db-435e-916e-83bade060731,40,Male,84,35,adult
08dbc024-1b60-4249-93ef-ff1541902cd1,36,Male,167,77,adult
0a048b40-bb6a-4be2-900c-31367c9e1eb6,59,Male,97,54,adult
0b794177-f88b-4091-b7ab-58c1578f7566,43,Male,75,38,adult
043d9c2b-55ad-457c-941f-254ba1ab80f8,32,Male,37,53,adult
05de84cd-0b42-4051-8785-bdc271d73daa,33,Male,64,26,adult
bf017858-f6b1-4778-b62d-8aef7dbbcb2d,53,Male,165,84,adult
16526842-8a3f-4e27-8125-30e9b65a01e9,36,Male,150,69,adult
e2366119-b16c-4dd2-b6dc-0a5b7ad3bb0b,50,Male,181,59,adult
16737426-b43b-4602-bcb0-d8e2749ef1c6,54,Male,74,49,adult
c8bcbd73-0b2f-4672-a908-24e7223562ea,40,Male,200,45,adult
dda0311c-145d-4209-b0b3-5429afbe8b58,35,Male,137,68,adult
0fe3a53a-c676-4858-bde1-7b45cc92ef63,55,Male,113,59,adult
7a3f936d-2c3c-4207-b055-b29c07e02726,54,Male,134,21,adult
4dac7355-e1d0-435c-b443-27252526c358,38,Male,59,42,adult
161d0c9e-ed37-4437-8402-32f5064d3803,34,Male,42,50,adult
490d2133-7cf0-4a2a-8c0a-a481e935da41,45,Male,67,18,adult
008e30be-3e1a-4f64-a739-9781ef62380f,30,Male,75,91,adult
68923abe-eb94-42c4-9d4c-f325d6ef2b93,37,Male,169,27,adult
b7ef3f3f-6e96-4662-99f7-2ff0e0bd3cb4,53,Male,112,2,adult
8ba7f89d-73d9-4daa-8cc3-922583b23dd4,49,Male,20,61,adult
1534c4c7-4966-4b99-8379-d1e78fc40c10,49,Male,141,15,adult
f1a2c001-0778-4864-b1ab-b2bd42119577,49,Male,61,26,adult
5919f7ac-bc36-4f25-976a-ce540eddd87a,45,Male,36,92,adult
42b0bd93-6ee4-4212-b432-185e72467c6c,47,Male,182,5,adult
f46db34a-217f-4d32-9aa1-09d20bdf3072,31,Male,193,41,adult
125008fd-589a-499e-8520-3f68c349bdc1,35,Male,105,96,adult
acaab6a5-dc5c-47a4-b22b-4144e0add923,43,Male,63,84,adult
d97e0c54-984e-49cc-8291-a080ce2515ca,52,Male,95,84,adult
24fc9d43-e908-4ac0-b635-0d92221ffa71,38,Male,25,68,adult
04d2e557-8a6a-44cd-9bcf-9696d4ba7b76,54,Male,34,32,adult
3faa000d-318f-40ab-9567-9b10869cbb5c,42,Male,21,39,adult
d2399b85-24af-4f1b-91aa-9da12c79defb,57,Male,126,40,adult
4cd58a74-1126-4be6-8fe2-7fa7dabc6198,33,Male,104,77,adult
5de91ef0-f2c2-4d14-9e82-6ddb7e3f3364,59,Male,126,13,adult
cb9299dc-9f0a-4a2d-80ba-0a72f9e72472,49,Male,95,5,adult
0ef1667c-e599-41fa-ab03-3272fed3a606,34,Male,100,62,adult
bbf64356-afaa-4e0d-b634-78168c8b2a39,45,Male,155,61,adult
76966eb4-80f0-4527-8d0b-6200fa2b7df1,54,Male,66,92,adult
ca76b19e-85cc-47df-8484-d3513ca65742,57,Male,59,76,adult
32cb6f0f-f952-462e-8a2f-8fa063ca7d22,52,Male,160,58,adult
a4a0a60c-ce7a-462d-8274-4d74fb80ee68,40,Male,35,11,adult
67df4c56-1f24-4c26-a92b-1227d3b85452,51,Male,168,72,adult
cf43904b-39c9-400d-b441-1c3983ec4675,41,Male,158,21,adult
2044e6a5-4bfa-4162-b2e0-f43eb0e479b4,30,Male,78,33,adult
6e7050b5-d139-480f-af95-7e51dd3db0a7,32,Male,80,81,adult
11fc0b6d-c974-45a7-9f30-221da7b1db67,51,Male,173,13,adult
6f2a4203-6167-4f26-a996-66b569594a8b,45,Male,155,76,adult
26bddd3e-6b93-4700-a462-30e8ba6daf1e,30,Male,173,56,adult
1cb6197b-319e-445a-9bd1-f43243123f01,42,Male,175,86,adult
528a101e-72a1-4fab-8c5f-8d9de4f9a134,31,Male,177,24,adult
a90cea24-1f00-4853-82af-5f4bc17a1023,47,Male,25,17,adult
5b03d26b-cb1e-4d76-a395-56bbf4081dee,43,Male,156,79,adult
02effb81-dd2b-44db-bf4e-097257e6f520,38,Male,165,32,adult
9b8ba760-2fd6-41de-bc7d-5a6b24921385,57,Male,199,66,adult
3e7e602b-ba30-407b-b085-e2a188fb3f80,58,Male,81,40,adult
c742fce2-a43f-447d-9d49-a62cf6ad552e,35,Male,106,57,adult
979d70ab-4d7d-417b-a8ce-2816403dc41d,58,Male,91,96,adult
233f0619-88a7-4979-a1b1-4002084e848c,56,Male,55,31,adult
ddb8937b-41bf-4ba8-a5b4-aa16e63454c1,42,Male,128,72,adult
1f8706a3-234f-4c0c-aea4-32b239eef897,58,Male,129,71,adult
ac6d2ca4-5550-466b-aa13-ff3712a2e9a7,59,Male,79,81,adult
26264c3c-3383-41bc-a04c-587b98851914,44,Male,199,50,adult
8a5bcab4-962c-4bc4-8eb7-678e10f70949,58,Male,21,21,adult
11cfa274-609f-474c-b68d-60124aeb015f,37,Male,81,59,adult
a314bc12-1c95-405b-bd8f-7f0813e81187,39,Male,122,92,adult
8f3bb5bf-8f0a-416f-a55d-b7bc447071fd,56,Male,67,50,adult
b4c1e9f4-fa97-4f5a-be69-33264343009a,50,Male,83,28,adult
f9e6417e-38d1-4141-b466-67681cde6499,46,Male,90,88,adult
b02076a9-7bfa-49c5-ac0d-af4dcd4cf0d0,56,Male,22,71,adult
eb5caac0-4a16-4ac9-9e2a-2d266387cefc,43,Male,156,23,adult
7b581815-9c76-475f-b519-c882e06df29a,34,Male,71,62,adult
db43f686-7773-4366-a2f0-110386f7e7d2,30,Male,186,61,adult
bf8b60c0-557e-420a-9358-70c42633f93d,55,Male,130,67,adult
df794152-63af-4be7-8a72-112e4a65f0f2,42,Male,37,98,adult
5ddb8dc7-a7b8-4e4b-955d-c63fd16c223a,46,Male,136,2,adult
cb0f269b-6e7e-45c5-8e0a-919fd690a79d,39,Male,164,83,adult
aca58048-10e4-4bc6-aacf-332d1b1c1644,33,Male,74,71,adult
b1744459-3f9f-465e-8f15-f83d089365b0,53,Male,164,8,adult
3a622d3f-bbf0-4373-900d-ed341b1d1ede,57,Male,118,34,adult
e155956b-e41a-4878-88cd-78b487116eca,56,Male,91,93,adult
8c68e55e-7ee2-41e2-bb93-0f628bac1d36,56,Male,116,14,adult
6f05b00d-69f1-4e98-a6f5-45684d3f263c,51,Male,105,57,adult
4fa561fc-c4fa-4fae-859a-221d73de1a2f,37,Male,46,63,adult
e3ab211a-48d5-4f30-a3ec-744776db227a,35,Male,168,42,adult
4e878449-44dc-46f4-b1c4-d448bad8ecfb,42,Male,141,72,adult
66b8467f-6ba7-4e89-841c-ef147a609171,59,Male,176,95,adult
03b218c3-b84c-4fe4-9c4d-35bf168fd1ee,49,Male,101,39,adult
5ddb35af-abd5-4fca-8ccc-f0d24effb936,58,Male,34,78,adult
1a1aa6fd-bf42-4e78-aa9a-225da822b453,56,Male,134,53,adult
26346428-ca80-4406-a352-25824d296e28,51,Male,46,89,adult
c85299ee-b7b3-4c09-8b58-cd79047224db,42,Male,138,59,adult
36983634-7d2c-4132-8b3b-db3f846769c8,52,Male,69,58,adult
74a6089e-2786-4d3d-a7b3-4cae2c12a13b,54,Male,149,24,adult
600b3fa9-de3e-4035-9374-54e0496bf408,47,Male,96,94,adult
496a0eca-4b45-45cd-a2b4-b07d2463e7a6,34,Male,95,93,adult
d4b7eee3-d9bb-487d-b28f-af3cf529cc6e,54,Male,180,34,adult
6d18dcb0-348e-43b6-b273-28147293f67d,44,Male,133,73,adult
1dc01e4e-48dc-47d5-a0ac-63885f238194,42,Male,41,29,adult
5e464cfc-9597-4d2e-8757-ac6d6b7d3548,56,Male,189,25,adult
37bea153-b91f-470f-8d56-cd752acaf234,30,Male,123,24,adult
55c1084e-a8ae-42cb-b741-d1e26cdddda3,32,Male,66,45,adult
5f2d5ad5-2d37-4e9c-8f9f-2e3f6616a16f,34,Male,135,21,adult
1f749ef0-ada9-4582-8257-8f073bcf6757,37,Male,45,15,adult
018edc45-128d-4926-a3f3-112b3f6426b7,49,Male,33,61,adult
b3990ccc-6adc-4b78-a68d-8751428be08c,48,Male,53,65,adult
efd09d24-2f33-4221-834c-cfb93778dab2,51,Male,132,92,adult
fcbc54ea-30ee-4167-8884-65270eba3fa1,33,Male,121,34,adult
b58209de-83e4-4043-9688-bef5c5d93134,47,Male,183,67,adult
4950b712-94f2-4824-aee9-4904aa573548,47,Male,54,33,adult
1b1a6a64-8c3c-4bd9-bed5-17b674a151d5,36,Male,138,13,adult
341cf60e-8b60-446b-abd3-bfdcc77d1d1f,50,Male,32,79,adult
1ed00517-a807-4434-a3f8-6b7d42aded33,30,Male,69,69,adult
99459ace-3e44-4914-bbb7-cbcff2e042fe,51,Male,146,56,adult
96a9390d-a164-48c0-9a75-803be0cf1f5d,36,Male,90,20,adult
7509ae85-5cd7-48be-b546-766806122f16,32,Male,61,30,adult
3f558416-ef7d-48f2-830a-d2f97fd73a2c,45,Male,65,49,adult
11623ce2-bb53-4ecf-8aed-a04298f2a816,54,Male,35,65,adult
1cdcb3a9-763a-42fe-965a-315be32a72e1,37,Male,38,43,adult
7eb8039a-1a26-49d0-b3a1-151616346aa6,58,Male,159,59,adult
182cd2ac-6c3b-4739-87ba-111b826e704a,38,Male,57,62,adult
11c25ae7-8595-4576-b52e-a243922b1527,42,Male,22,98,adult
f9653e30-bb87-4d3b-be7d-48eb850208e2,55,Male,71,32,adult
176a652b-a419-4186-9146-6ecfe4c5f34b,57,Male,39,92,adult
9d47ff63-5357-4abe-a409-f562df31296d,56,Male,144,80,adult
7baf13bb-b6c1-451c-84a7-acebc0ce2aa8,48,Male,40,10,adult
8028c712-e500-4532-b8e8-ad5f16bc91cf,52,Male,138,38,adult
369424d2-00e8-44a6-966a-b785f13193a0,32,Male,50,36,adult
1b52a357-dd10-4ace-83d7-790d9ab5eaa1,48,Male,24,52,adult
cc76e68c-07ab-4b9a-8c5a-ef36b167dced,57,Male,106,62,adult
87f7baba-4a74-4335-93b6-2f60e1c3e7e6,41,Male,131,25,adult
f60abe2b-7de5-429e-9825-ee40c7df026e,39,Male,131,87,adult
07a1f9f0-cb00-4fe6-9f8e-873a243e435b,53,Male,49,63,adult
2d991971-7eca-48d7-8849-619839dab49b,36,Male,152,24,adult
71aea59f-40d4-467e-872a-493458851326,52,Male,84,66,adult
1dc744b1-5eab-40c9-917a-d9d248ab166c,40,Male,65,19,adult
acf50dc0-9c43-4e25-814d-a944ecfeeddc,41,Male,196,81,adult
7a4eb09c-c226-4ecf-b33c-b635f20fed72,47,Male,176,57,adult
0a431c09-8b99-4b54-af49-0b8e0e5e6278,50,Male,143,32,adult
e5abd44b-901f-4c92-aea6-80308d52b419,41,Male,140,60,adult
b9801585-b3a0-4f25-a13e-4fb76f1284a8,32,Male,41,21,adult
2c36b4a8-b02e-4f7f-aeca-2170c8cb621d,32,Male,121,3,adult
a5ffd0d1-77f9-4aa7-9eea-f0fbd5c98da1,58,Male,74,97,adult
82e2af03-813a-4930-a56e-ac15bbded6fd,33,Male,96,79,adult
dfc4e3a8-f3b2-41a0-a8f9-32fc48d928bd,45,Male,92,42,adult
91ddbca6-e243-49f8-8c93-0699b84f364a,53,Male,43,92,adult
24f8b9c4-efcf-4789-93ad-6e8119dd7629,36,Male,52,78,adult
68dd42b4-4904-4395-a062-f5ff8e88a0d0,34,Male,199,50,adult
537e7c65-3a14-4862-9e4a-71578b3615d5,41,Male,179,89,adult
18467f4c-7d2f-4e4c-b8c7-0420c30313a8,57,Male,180,78,adult
c4777eec-0ff1-40c1-a0be-ca829551c8b0,51,Male,191,28,adult
847a17d0-0b31-4201-9ccb-19124222a9d1,53,Male,151,55,adult
816a274f-f268-449d-b5d5-817a34c86a21,43,Male,151,7,adult
a390cc93-b4ab-49ac-84e6-7cf3b5fbb157,40,Male,142,30,adult
cf0e45ce-a44d-40ad-9d08-1913fa2f2db3,53,Male,173,21,adult
5ea2bcaf-c9ed-489d-af47-156df2f74142,41,Male,148,96,adult
8c504e5f-ec9b-4832-9276-dde8a220623d,51,Male,46,91,adult
cb48d163-9f97-4869-adbb-b8d1e352cdf7,50,Male,107,71,adult
047f3b72-5cf1-49f8-92b3-01a29fe2bfd5,30,Male,30,62,adult
bc24ab29-aa4d-4238-b0fa-571ad6271d35,55,Male,154,30,adult
d9f81479-8c9b-4f96-aa40-832998a0529e,42,Male,64,65,adult
82c5159d-9291-4816-96b1-e8e35d08beab,46,Male,147,36,adult
7a911220-fc1f-4873-9926-93441a2db0aa,56,Male,63,48,adult
522fd426-640c-435a-a579-b572c687222f,34,Male,64,36,adult
809df492-a2fe-4ca9-b678-ce79348cc437,53,Male,174,21,adult
64d77b6c-a145-4189-8d39-b376e842c06f,38,Male,99,87,adult
15dc53c0-42ab-4d88-a43d-69f5ca838efb,51,Male,124,58,adult
daae4d7b-2829-4b33-a731-6c38bde967bd,32,Male,116,84,adult
6f7467ae-6245-45a6-b05c-dc131bbcaf7c,53,Male,164,91,adult
05fbd97e-977d-4e4c-9a02-4d03bb785303,38,Male,163,2,adult
4f97a661-6c18-4852-9dac-e2cee70c8d5f,38,Male,65,24,adult
b5d186ea-0c63-4090-977c-4a25f838a02c,55,Male,140,98,adult
1799217c-bcd9-4ce6-a8f2-5f09ce97733f,45,Male,89,75,adult
d59a0a3e-9f47-4bb2-9430-c8ae8a5abbea,30,Male,67,73,adult
7476756b-e5f4-485f-a5a5-6a01766d69b5,52,Male,138,66,adult
63f30e52-ac52-4b7a-a4b8-b4e4fd58285c,59,Male,41,81,adult
b27133b9-a2bb-4220-8e8a-985d18bd65fd,39,Male,173,80,adult
eff423f7-3e57-41fd-90a3-76eda474d261,56,Male,190,100,adult
22c7fba7-0e7b-4c56-82aa-4418c6feff7a,54,Male,67,91,adult
9744742d-ea19-4987-a8a5-ea4727e9f2c4,57,Male,23,92,adult
f234dfbd-71a7-49d1-bbe9-426d6b333284,52,Male,135,91,adult
efca7f6e-ae4b-4f27-bac0-7598415fa205,38,Male,98,85,adult
466b83bb-7f83-4081-a64a-cc9cfe7877a6,31,Male,74,56,adult
b707e412-2cf1-4fee-9621-4dd5f770f84f,38,Male,148,76,adult
5dc2e89d-0dbf-4180-9359-efe5917d686e,48,Male,154,80,adult
30296819-1eff-4bc1-bdd3-b69a01710a84,56,Male,116,67,adult
7522e721-c4f3-42dd-8e1b-6c7d6724ecef,54,Male,108,64,adult
bb556ec2-2af0-4c12-8fd7-28c3b6412d12,56,Male,147,60,adult
1152ea33-01ec-410e-9f9a-532004dab641,46,Male,117,51,adult
fa34eaef-9427-4eba-94b6-5b76641e87ca,52,Male,150,33,adult
3a095516-9b42-4e19-99ee-3be8a0c099e5,30,Male,156,96,adult
5bcd6583-a799-4985-8408-bb8d10443879,34,Male,190,8,adult
f0c658ef-f0e4-4863-a9e2-52d3f57e83ef,59,Male,57,4,adult
06bfdb6c-122a-46a2-9864-4b93ade5f8da,40,Male,50,45,adult
509ccfd8-2b03-4876-9825-a9ebf8db2a4b,57,Male,81,72,adult
d64603f6-1551-45f3-93a4-330d42b5e7da,50,Male,141,19,adult
1d75fcbd-b16b-4134-8acc-6f761f0d9b13,43,Male,43,12,adult
7c8eda2a-517e-4e51-a601-967f6aac27a4,35,Male,123,60,adult
651fe35c-0099-43d5-a874-95fd86cf75b8,46,Male,95,59,adult
76d3ded3-ce9c-4100-bcab-0b03abe8701e,44,Male,123,59,adult
e16bf957-80dd-48a1-9ef3-58c22078ea26,51,Male,22,62,adult
4c43f4b3-6926-4921-859c-c538458d77a2,39,Male,131,96,adult
9cf8b907-4f12-409d-aa88-64e73ec89734,52,Male,180,73,adult
3b608a83-bc5b-4104-b823-962da4308c6a,30,Male,167,10,adult
332342d8-8370-447f-ad66-6eb6a9a8a865,42,Male,184,15,adult
288b2de7-b658-4239-9121-cbc571d48de3,42,Male,117,9,adult
33ddceb2-2c88-4079-8acb-8082b4fa8314,35,Male,144,50,adult
694c25f6-18fa-4b54-8d4f-056d1112eb11,35,Male,100,95,adult
27efb71a-931b-41da-bef8-cf9da81fb306,31,Male,42,23,adult
33929683-6cf1-4d45-bf96-078d58def415,47,Male,86,87,adult
44cc2c16-696c-4b96-8d84-945a9c150a10,58,Male,39,96,adult
14445f53-8b41-477b-b858-53a1ec203fb0,45,Male,114,3,adult
7cc0302c-5257-4a29-a071-75be4a76ffaa,43,Male,89,50,adult
98677ac2-ba83-435a-b999-e6345409ae7c,57,Male,157,36,adult
3324470a-9b99-492b-a2df-cfadebcf88cf,33,Male,36,7,adult
d9ae67f5-788c-4402-bc13-133956562ff9,50,Male,77,83,adult
ccdc7ab7-a6cf-4af8-aa5f-0abc25456bbc,41,Male,114,54,adult
37473411-5bb7-4b4a-bb3d-12fe62fb7856,58,Male,101,70,adult
c98acc04-66a5-453f-a402-ffa6f0c06ff2,46,Male,92,80,adult
9607c24a-9660-4b0e-b302-eb3ad41a2d0b,34,Male,58,31,adult
cad1455c-2605-4777-8463-8e691c21e9b4,54,Male,197,55,adult
cb66338e-a2c1-4755-b793-f4f956f1e817,53,Male,180,16,adult
846b6bd1-e498-4d4b-a565-96be0cfbab13,43,Male,108,43,adult
060419cd-1ba8-4b69-946a-8e42f663a422,38,Male,158,31,adult
ed00ff5b-ac6f-4dd6-ba48-72d2fcbc6ff4,51,Male,161,17,adult
39699c09-7b26-4fcc-85f0-efeed280693e,57,Male,191,93,adult
692ba44c-aed2-4ea9-99cb-ce1c4dd3d31c,46,Male,170,22,adult
59ef36e1-aa8e-41dd-bc64-4550a394905f,32,Male,136,70,adult
edb2ea97-e413-4b41-855e-958b7f846f46,59,Male,191,13,adult
e64d7fb3-e96b-4917-8118-e5e9b86469c9,57,Male,200,83,adult
6eb2766c-b090-4f7b-bbe8-eb35df47efd5,42,Male,143,72,adult
c2908cbf-8374-4c93-81ba-fe0f67b2d6ca,32,Male,56,1,adult
a8cf8516-7bad-4e39-bed2-1bdce67c3d4b,46,Male,169,62,adult
f8896814-e82d-4f0d-a0a9-104fbdc9dd6e,41,Male,88,34,adult
d84d147c-ef23-48dc-a9ab-42fe84263ab2,58,Male,114,33,adult
31d37c97-6679-4039-97d7-441e18bd1c04,47,Male,170,85,adult
8b496eb0-8ca7-4cf3-a484-e49335460252,35,Male,132,57,adult
8b3bfec6-5c1a-41d6-a3da-1774ea40e3ef,43,Male,160,98,adult
71471fd4-d32e-4ed4-bb20-ae78c3aa974f,56,Male,83,55,adult
4998f72b-faeb-4cb1-a923-26b04b66de85,56,Male,60,59,adult
35c18858-ee6a-44f4-a476-765b36014214,45,Male,59,42,adult
908c2540-9ed8-4ecb-9f88-51f7eb6f1bf7,44,Male,89,93,adult
481ede94-31c5-4020-b783-a7e356be37fc,32,Male,191,16,adult
08ab1322-38c0-497f-919f-53608adf07ec,35,Male,30,30,adult
f26da447-3d32-4473-bcfc-971ef1d37529,49,Male,38,80,adult
a03d3752-83a5-466f-876f-faf379f63f6c,35,Male,36,5,adult
2c381351-e8d4-46f9-b57c-59ce283633d7,41,Male,107,50,adult
267431a4-54f6-4bf5-89e7-112bbd4cef49,47,Male,197,19,adult
b643a931-4fba-4081-8bc4-cab53b841ba0,30,Male,20,16,adult
9f4d2acc-2601-4a41-9f02-1f07b139fde2,34,Male,184,56,adult
03c16b06-269c-45d6-894c-0cee4ddd1149,55,Male,56,29,adult
b62876c3-9b84-4b73-9ed0-1dfac40ed9e2,41,Male,44,40,adult
a012e1fb-aa45-40a6-ad7d-f39401cfb180,31,Male,86,21,adult
9aa1863c-130a-4c08-bd5f-3470ca00f6cd,34,Male,200,50,adult
1da8726a-8306-4989-86a6-f5183720529e,33,Male,34,57,adult
dbfc90ce-5569-4eb9-9fa6-ee219ff211fe,34,Male,21,82,adult
d9af3f65-e7a5-4397-8f3e-c5e3c32fb877,43,Male,86,48,adult
51ab3515-78dc-436d-a2f4-8bec357f194e,35,Male,178,4,adult
8ba818e3-f916-44a1-8637-119ee64db160,39,Male,82,61,adult
cd08db21-0853-4480-80e1-854de7edb6f1,41,Male,40,14,adult
083de5dc-cab0-4863-9413-60d06101f275,57,Male,79,48,adult
2b52288b-5128-45a6-a9fd-a1ad3512e7e6,36,Male,103,16,adult
96d7d365-2475-47e3-865e-e1a43bffcea7,57,Male,21,32,adult
c2dd0cd4-e68c-4a36-b216-8b3c80795331,46,Male,71,78,adult
8d2b4b76-7daf-4926-ba86-08a38c7843a4,47,Male,72,53,adult
9142de98-a34e-4200-8151-89ecddd31fda,55,Male,160,47,adult
5ce8f7ef-6097-4128-9822-6f2756a1ac27,34,Male,85,95,adult
0d25443a-d357-41b3-ad0e-b31b342179fe,50,Male,43,26,adult
a1216efe-624c-4c35-91af-5d166c2d3b7d,38,Male,40,31,adult
94f3112d-92dd-4a39-aab6-17e6c3b91c1f,50,Male,192,80,adult
3183a51d-25c0-42a3-9329-10b29d9f971b,43,Male,44,26,adult
89e9de5e-cc1d-4076-94e9-d95d76a8f52e,47,Male,56,73,adult
255d96ff-4dee-412b-a422-40c0e0d5caeb,54,Male,185,44,adult
7b4f693f-407c-4d47-8d7e-08c0408117a2,55,Male,161,64,adult
5200abf3-5d86-4594-a9e9-f070c436b9b5,39,Male,124,7,adult
88b40cc4-8a5d-4dfb-8b5b-1d819decbdcc,45,Male,104,39,adult
8dac62d1-7947-4d56-99fa-eb4eb52d2efd,49,Male,38,81,adult
5b89e7cd-6162-4656-ba7a-7ecb420f0682,46,Male,76,84,adult
ea1490f4-fd8f-4c73-ba5f-7dee0e43558e,43,Male,198,8,adult
b1573234-2454-4d14-aec8-f917b588ebc8,46,Male,28,62,adult
b51de829-a5cd-4941-a37e-ad71fd23842e,40,Male,83,77,adult
b8df6590-5d06-472d-9e5b-221c39c7661a,56,Male,98,1,adult
be081c97-c7c8-4f5b-a141-7fe5d371f334,44,Male,175,94,adult
79c07c94-9725-4811-b027-77ee9ce44093,59,Male,96,77,adult
f1a0cf90-d927-4496-b218-9cbfbefce691,59,Male,193,54,adult
f6e5722e-39ca-465e-8cf1-c1fd5242ce94,39,Male,151,23,adult
8594429b-9ea3-4ce7-8efd-9774af1dbe36,53,Male,150,4,adult
e99420b0-3b45-4864-9545-26b563d36586,32,Male,191,29,adult
835e94a6-8393-4584-adf1-db855480164a,34,Male,58,23,adult
3a627b86-dcc1-4ccd-9cf9-a2739fcd4dc0,58,Male,97,81,adult
c9466733-4b5e-4f8f-b60b-9f7cca646b43,53,Male,177,22,adult
bcde46e0-09f4-405e-aaf1-ff1774ead358,34,Male,81,37,adult
60065ed8-4433-4808-a5c5-b42c427ae04b,55,Male,44,20,adult
7961fb24-2bf2-40fa-8c3f-ec8b2fbde298,39,Male,30,44,adult
337802c2-1ad9-4025-a847-4160c600ee26,30,Male,63,6,adult
e3e8b57d-9e45-4af5-a620-c3d2c3ca2794,54,Male,43,16,adult
50236b92-b7bc-4808-b7b0-22dc7f9af549,37,Male,92,95,adult
03395b8a-fc71-4bfc-9160-40783b9904d4,38,Male,69,60,adult
86c3b004-c5ce-4a53-bc0b-c728886b06c6,57,Male,129,57,adult
04d05643-af3b-4a20-a648-ca8e606c9b91,51,Male,177,58,adult
444a2589-e702-42f2-9a8a-9b89db8ab3d5,50,Male,89,44,adult
21c1fee6-df60-4650-b08a-3fcf238094ca,43,Male,93,60,adult
64946a2a-67e1-45e8-9fbb-37cddea9e009,52,Male,104,87,adult
9496ccc2-acaf-452f-9cfe-8d952725083c,37,Male,61,12,adult
d0c8ec40-9fff-417d-a0c2-0fc723ddaa61,35,Male,22,35,adult
7eb8521c-582a-4a19-a55f-4a3cee283ce2,37,Male,113,35,adult
eb638ec0-256f-4171-8ec2-003e38950bf0,59,Male,99,14,adult
ed70811c-1e22-4dbe-afc4-5b93ceb17cf1,46,Male,67,43,adult
b4b32c47-e632-4372-920f-840288409055,48,Male,88,96,adult
82d49e63-0f5e-451a-b6ad-10c794847ef0,41,Male,164,88,adult
da148b86-c301-4cc3-b050-22f2a1a7a7c4,31,Male,159,95,adult
4c5f1aaa-1cb5-4ea4-87db-4987a9d23529,58,Male,80,64,adult
32214ee2-977d-4382-aa04-98a4bcb282e9,53,Male,92,64,adult
6285ab24-81f6-48d4-ab3f-d61538fd4e41,48,Male,95,42,adult
7d6921e0-add6-4dfc-a1d6-5539c9cf605d,32,Male,162,82,adult
e6f01e6b-c7a4-41ff-9609-aaeddb26b3df,43,Male,103,12,adult
722682c6-9591-4576-bb19-24650d65a39a,44,Male,146,47,adult
fbd09a98-6ace-4f9e-9922-0246aa35fd74,45,Male,115,72,adult
39e15fed-03e8-47b0-9ec1-756e7a8cbfe5,31,Male,33,9,adult
934b596f-d299-4636-acd4-047cf9e09b30,45,Male,45,52,adult
c8320f22-43a5-4d0c-b643-ca9d29ac6f03,55,Male,112,58,adult
4ec25576-bb99-4da3-90a4-b7e972eab9a6,30,Male,28,59,adult
056d1b8e-47ef-4ca0-be79-36e6679518e0,54,Male,88,48,adult
2ffc83a9-3dc5-4e15-96b2-41a5c4080561,47,Male,170,31,adult
b4dda8da-4634-4223-82b4-3e6bbeaa50ec,40,Male,158,11,adult
8c0625f8-624e-427b-b534-0f3f9d094e3f,38,Male,129,87,adult
a831e574-05db-4ab8-97e6-799e777ed4be,56,Male,123,98,adult
648de47e-d93d-4d95-bfbd-d62750765d13,32,Male,143,30,adult
26106148-1376-40fa-9956-ac91e5865a29,37,Male,57,68,adult
06940bb6-a960-46f8-b96d-f4e2b10cffdd,42,Male,128,36,adult
1de565cf-6144-4051-9a7b-0297041983db,51,Male,78,80,adult
c8a2d67f-46c1-495b-ac31-fbf5adf37fd7,34,Male,41,74,adult
14ebed53-b9e7-4d0e-a95e-351e70de92ef,39,Male,170,55,adult
2abc68b7-074f-4ab2-9d58-8b51ccffd411,55,Male,168,36,adult
ff4fa596-bbc3-443b-a69b-361e4e89c873,42,Male,183,59,adult
9c8f4641-1ad6-42f7-91a1-f5ef1a72b77f,51,Male,134,30,adult
6c866111-2370-40b6-a5ec-942c651353a0,51,Male,85,47,adult
fcc15bde-09ea-41bc-a746-310496a35147,30,Male,125,72,adult
0e6a1120-4bd8-4c51-bd4a-2691d19a5002,42,Male,83,26,adult
02cb535e-f534-4a4c-9192-2a142146c375,49,Male,74,62,adult
d9564ba6-68a5-4045-aed4-a06930342173,37,Male,66,93,adult
4bd250b4-f3a4-4dd3-98e1-2679715421a8,33,Male,124,20,adult
fa62122e-c905-4388-ab18-45087e0734ed,54,Male,172,57,adult
8fbac64d-6b81-4567-b776-0297fdeeab36,59,Male,82,29,adult
ac6bf81e-5f1b-43a4-8fa3-1ad12cfa3e33,31,Male,174,100,adult
82de71b9-1f07-463c-b9f4-ddf5c6cf4365,35,Male,63,28,adult
100312c7-7ddf-4c67-b58d-ec0200a10df3,34,Male,46,77,adult
bd9e45d9-c958-4e60-bb51-3f284121ec92,41,Male,81,80,adult
3e2ab768-0ded-4126-bcb2-a5b9701f22c2,52,Male,101,97,adult
ebb63095-7f27-482c-bdf7-85f2c9588d4f,40,Male,65,75,adult
5a01bb5c-7f70-406e-acb6-3778de95138d,56,Male,192,42,adult
e5c40dc3-3d23-4b7c-8159-76788a929e47,30,Male,51,77,adult
a764bf55-5f12-4a14-9da2-b34214160a44,50,Male,67,47,adult
400e7e6a-baa0-4895-aa46-9d170c91a6c3,48,Male,83,70,adult
306af2e9-b7bf-43e2-b940-70af35daa47c,37,Male,48,8,adult
f6d6c1ee-2454-4129-855b-21b5c711e602,38,Male,92,25,adult
c73a275f-0a5a-47b7-83ed-1a712b506be2,59,Male,176,64,adult
8a7684c6-c9d5-4e5a-bb93-5982fcd82005,43,Male,81,89,adult
727cdd2b-9bb7-4f30-90b7-0c928c8a28c2,49,Male,56,41,adult
1327a38a-e7bf-4424-ac29-4417e134a1c9,32,Male,158,20,adult
0da7813e-f19b-4782-ac19-835384da07c7,58,Male,182,84,adult
ff970a71-c91e-4547-9082-4313375eddcd,50,Male,38,17,adult
0f3ee62c-0fc0-462b-ac37-888377780165,42,Male,63,50,adult
f24463f0-b275-4c9a-9b6e-76de786ba9ae,31,Male,20,27,adult
0d435e6b-f502-4398-8f01-c9307dfba0ed,32,Male,194,67,adult
a4901a67-cd84-4f31-8ae1-bc3b57dec901,47,Male,102,27,adult
c10b1687-6535-4abf-ac47-5f9521341476,40,Male,76,89,adult
50ffe180-02f5-486f-94be-012b708f72aa,59,Male,175,71,adult
090424f1-4abf-492d-8e65-04c508f7e153,32,Male,52,12,adult
90e76b21-9efc-43f6-a1c2-5682c3835d6c,42,Male,122,51,adult
fb19e82a-228e-41f9-bbc5-e900e85fa057,55,Male,32,59,adult
a8862d27-f69d-4096-a953-f5b278e89ffc,46,Male,68,39,adult
cab7c7c6-3949-41d9-a7ea-d003bb7702bb,59,Male,103,25,adult
17d32552-4e0b-4d33-9804-27524d6dc226,39,Male,104,1,adult
588aa3f0-0b88-4fe3-b48f-93a70d4de536,36,Male,148,2,adult
99f868cf-bd74-4d97-831d-e9ced7f167ca,52,Male,107,42,adult
71c1d979-69b5-4036-9a4c-3044913650fa,51,Male,70,55,adult
203249fb-cbea-4181-a80a-dea481b8bbae,33,Male,54,97,adult
c16f9e16-c1af-453e-b093-3d41976375c4,49,Male,166,19,adult
50a001e1-a73b-4f21-a485-460712f0cf27,46,Male,187,79,adult
4d9d9599-a5ba-4944-9b1f-e53eff16c958,38,Male,141,63,adult
c4859900-d4ce-41ef-bf64-0b43e290403f,30,Male,54,13,adult
02369ab4-b433-42cd-911f-a7cad31f20c5,42,Male,176,8,adult
ddc1eda8-7bb6-4147-9a86-37cd3adbe29a,59,Male,30,19,adult
d14a6c47-6f3a-4d4a-800f-166621e96b7a,39,Male,160,56,adult
9a6bc908-9b6e-464a-8c20-3201dbfc1952,32,Male,134,15,adult
6006432b-7a58-49c8-a16a-4cb7eb23ed42,35,Male,198,48,adult
db99ab13-ad30-4515-9231-2c12b9368b1c,55,Male,142,7,adult
331cc7d4-29e4-4dbf-80be-148a8db1fe69,58,Male,35,86,adult
69e541d0-694d-4888-a104-ad9676e5b3a9,50,Male,181,41,adult
9ecc9fe8-2aae-4de5-9215-5ceace684ef5,57,Male,157,71,adult
ba915151-d131-4f84-b745-dc6ae0dd6d21,41,Male,163,90,adult
2719d196-6128-4811-bab1-3a86d4948e59,53,Male,55,95,adult
33faa32b-4b85-47f5-a17b-ea54bfef4ce8,56,Male,186,61,adult
cac78615-213e-4fc1-8519-273967fd0ce4,50,Male,172,85,adult
30892fc1-948a-424d-8c7f-b0134ff2eee1,45,Male,140,53,adult
f8f4409b-f7bc-481d-be41-4684649d2e5c,47,Male,162,85,adult
e2155798-1943-4214-b170-b1c9e2069919,49,Male,32,74,adult
1947efed-7b42-41f1-be37-3a2ad83262af,35,Male,24,74,adult
db468a55-a43b-471f-badd-d0ca2fea7632,32,Male,62,78,adult
72a15fd8-da66-4c1e-b31f-0ebe9711b09b,48,Male,118,28,adult
fa6e16a2-87fd-478b-aa94-9fc69f13c7d9,55,Male,26,73,adult
c270fa9b-074d-4961-b1fb-dd2a5e627e70,52,Male,146,88,adult
c5d98715-d081-412d-bee8-87646494816d,43,Male,175,62,adult
bc240568-76d4-450a-b21e-5a3369eddf64,31,Male,150,44,adult
8765ea2f-86ab-4e76-a57c-bfe1e0822df2,54,Male,45,85,adult
37f93a58-e752-443f-9646-28f9e7ba76cc,32,Male,33,99,adult
aeba8307-4419-4c84-9ce1-1003d71da10a,59,Male,197,47,adult
cfbde093-5d1d-4f82-8a56-178cf9327b60,45,Male,162,64,adult
01a4ca7c-404b-4a80-a6b4-4443f2f6b94a,57,Male,140,82,adult
b5b3a6f6-c11f-406e-8f3f-808962b9751e,34,Male,139,62,adult
112cbb2c-fcc3-419c-a7f3-f4de5deb6377,58,Male,127,68,adult
a9a6ad04-c531-40c3-8a13-55a65c1a73e1,37,Male,189,56,adult
6e2a80b2-7879-4462-9a59-77cc2dfe3c61,55,Male,61,23,adult
b62dcee2-4f00-4e04-b491-a9a4e7005129,48,Male,176,51,adult
30dbb985-7e2d-4293-bcde-07e1f786ffd3,41,Male,107,82,adult
11045609-b61b-4b13-b154-08bc3d8f4a7a,33,Male,105,73,adult
9e7db6ed-cf87-4330-a8fd-6fbc02b79c16,55,Male,34,46,adult
930a5502-8fd8-467e-9005-a853ba9416ce,58,Male,152,79,adult
9818e806-092d-4fba-841a-49ddaff96920,31,Male,88,44,adult
65bf7027-15cc-4de7-a049-535a9e9a83d0,39,Male,81,16,adult
d8474576-98fd-403c-bfc6-9f0c0bf4e4f2,50,Male,171,33,adult
c4c22f71-6148-4c58-84da-04a5796cd473,31,Male,111,39,adult
7a694848-547d-4840-a18c-9b7fad55e483,35,Male,151,20,adult
737c5cf0-aca7-40f0-9160-c00d483f47ac,43,Male,184,96,adult
da26a2bd-d5d2-4030-8e71-f80aad0022aa,31,Male,72,16,adult
3bc147b2-0fc3-47b8-88be-b427733cca37,50,Male,28,93,adult
28672587-e450-456e-83f9-be70b6be0643,55,Male,111,45,adult
655883b4-23d1-42f2-99bd-ec94cf475ae9,32,Male,90,6,adult
4a210c19-e24a-49ab-9f1f-95a0c1118f80,48,Male,71,79,adult
1076abca-6170-4f37-9683-3899d63a5577,55,Male,32,35,adult
7bff6c18-e352-41bf-a242-6b2a902980fd,30,Male,131,25,adult
beaa9561-58e3-4cc5-97d0-22e3b5236d2e,37,Male,118,41,adult
8712437b-d027-4ab7-985d-e9327b45c4f2,59,Male,117,10,adult
99392e3e-718b-457a-9f42-507b3f97f42f,49,Male,126,69,adult
4ebffe22-8729-4a0c-9ea4-d25f0a43f4ea,42,Male,195,19,adult
e274d07e-1e78-446d-895c-71de8f846a9e,53,Male,156,79,adult
297573e7-eeeb-4faa-b605-2c4be14b2eac,33,Male,119,77,adult
a35b7b37-2400-4c5a-8d36-2c5d3f507354,37,Male,59,67,adult
b3baa8f3-2262-4939-98b0-5cee70aa2963,51,Male,177,36,adult
d27e9ee2-1091-49ec-82f3-7d1302d04b66,45,Male,33,44,adult
43a8855b-8a4c-4982-9ea8-add71e1fc73b,56,Male,169,88,adult
1b7c3ba7-2487-4857-97c2-1d57bbc4a7c0,59,Male,195,43,adult
0be689f7-3da5-4bcb-8cc5-847042eb2fc3,48,Male,34,100,adult
6887a652-a2c3-4862-b42b-2e1b2c0c95b3,33,Male,136,34,adult
aac49b19-80e7-4c7d-bcf9-7eb60b024785,34,Male,170,3,adult
8a0a7933-91c6-4da6-8206-9f6504ad5835,39,Male,115,68,adult
10a038b0-4cc7-4d85-828e-f809496320de,48,Male,94,58,adult
305e2e55-b1a2-494b-8cf7-93b30c2b2c4b,57,Male,171,86,adult
7d35bcc5-3bbb-403c-b990-27681f850d83,34,Male,37,70,adult
db4bf21a-6f6d-4f8d-b8cc-99deed4445ef,43,Male,191,27,adult
44f3f5ae-cf8e-4421-a9f0-d4c97a74beb8,36,Male,177,68,adult
a026460d-99be-4dae-b70f-e3e3ad5f5ea2,32,Male,191,67,adult
60a183b3-7fef-4f65-b573-9f46de18e931,50,Male,171,91,adult
529aa24f-d94d-4ede-9996-ff62044e5f0f,42,Male,51,88,adult
65853597-4ec2-40ea-b3e0-562f03cae366,51,Male,115,69,adult
96dbc4f1-3485-4a62-9ef6-e3d70635e2c9,46,Male,51,77,adult
22b70834-ed5a-463d-b6d3-61de17f3747a,50,Male,28,34,adult
6c978c12-d76e-43cb-9c95-b53f735c6614,30,Male,158,79,adult
335ec8df-2da0-40e9-8384-e36968efc8f3,30,Male,127,45,adult
9668523d-ce3e-4489-9165-e4db14e13b34,44,Male,168,13,adult
3fd502f8-c06e-4e08-b8f1-25ccc3279d22,37,Male,86,74,adult
4e73b51c-8e51-489e-b0af-b6ebfb978d80,43,Male,31,70,adult
03cb6266-be89-48a5-87f9-48ddf29279be,48,Male,90,51,adult
72aec022-f455-4478-9b0a-7a49a8db1b6c,46,Male,54,81,adult
0f7296a5-c319-42b5-aef9-875b58a0afad,51,Male,115,9,adult
b050f8ee-e665-4e67-a8ea-9b6086b18c7c,32,Male,168,57,adult
ff74bfea-0821-4043-8c20-16d2c3bea1ea,55,Male,34,63,adult
0ef99a4b-bf2e-4b4d-884c-581846214cee,30,Male,99,31,adult
cc403bc9-f71f-4b57-84b7-b5e04342e011,45,Male,82,3,adult
d06908a4-beeb-4ff5-bd99-a6499ecc50d3,40,Male,117,25,adult
f1a9038d-cf5f-4c96-a98d-6c50f7c174a6,49,Male,151,82,adult
185be973-f1f4-4264-810e-293656a14bcf,57,Male,175,38,adult
c3f38250-f88b-4a48-b8d4-754daf9d3883,49,Male,169,7,adult
62871bde-e4e5-48f3-bce1-3c3cf29a1718,40,Male,76,23,adult
dd942451-aec1-4351-8f34-79ab2592371f,32,Male,136,32,adult
5aec9e73-7209-4d06-ab61-21c0efdb75a7,35,Male,35,19,adult
8bd5a480-57c9-47f1-b7c1-173e6e886ab7,39,Male,111,32,adult
18cad26c-bd35-4894-b61e-8643a5a2ce1e,41,Male,126,61,adult
aba7f270-be0b-4db1-9da9-421c207d6376,30,Male,48,7,adult
0be8ba70-5054-4b0f-8268-b44f912ed645,48,Male,139,48,adult
863826d4-a4a0-4f99-94d5-cca28df76040,52,Male,82,7,adult
c9f947bf-22b9-477f-9763-513dad94572a,41,Male,142,24,adult
ac607b89-c633-42c6-a2ff-b8c184c617b0,33,Male,33,64,adult
83d400d7-b974-4c81-8e67-527ae3332652,36,Male,131,28,adult
ce90bdf2-7755-44dc-a258-a2d4e96afeaf,47,Male,173,6,adult
d561ad99-bcdb-42a6-811b-009be5a6bf97,36,Male,158,100,adult
20300755-fb31-4203-a6fe-3d612c17da69,36,Male,30,38,adult
71a5bb4c-b7d6-4c7d-a532-101384e360c1,45,Male,61,8,adult
3ad8417b-50c6-46d4-9ee7-899f0f987a5d,52,Male,33,24,adult
de37a789-e5b8-4275-a0ee-bec10a18ef7e,55,Male,115,99,adult
13ca50d8-947b-4996-8051-1b50f6a48ffb,54,Male,181,33,adult
e6652043-8d1d-412f-902b-46215009c715,53,Male,150,91,adult
bdc5dad6-3217-4b1a-95e8-a1c530169096,55,Male,156,70,adult
d69574b4-baaf-473c-b68b-1bdf22166005,53,Male,54,48,adult
9466e66a-24b4-4941-a515-fc9d9fb8755f,54,Male,45,55,adult
f9e19c28-ec18-482c-96d1-fe13b1e5ee77,35,Male,51,20,adult
e85bfd2a-b2e2-4256-832a-3329cf259a1d,35,Male,52,99,adult
e2ef0c4d-50fa-4183-b2c2-19819cd10a74,46,Male,147,20,adult
5115399d-f580-4120-94c8-c01413141cf0,47,Male,84,61,adult
d6e52358-0dee-4a07-ac87-3eb9f14bbe53,36,Male,90,73,adult
fccc36b1-0c5e-4f57-bb99-aedfe1486ab1,40,Male,122,68,adult
7bbb7240-97e7-4e78-b45c-1307cbe4c916,52,Male,111,81,adult
8bc4c67a-4dfd-4382-a527-45439a2e719a,35,Male,123,100,adult
60f45750-9a77-4ed9-94d0-1ca3f6f9d7de,37,Male,97,96,adult
7133ff70-3a3e-4727-80a8-4853d1c2c3ba,57,Male,96,51,adult
03756702-6e9b-40ad-b0ad-9aaadbcba85b,49,Male,149,13,adult
a917d924-bf72-49d2-a727-32660c3ba7a7,47,Male,34,43,adult
a2a5f39a-59e2-4646-b22d-0e9ba5d735ba,50,Male,163,46,adult
a896dc8d-cee0-48b2-8a42-04853cfb93d0,51,Male,150,45,adult
7360a2d2-3f93-4194-af1e-dfc708cc8eab,52,Male,56,44,adult
ceee0846-4fe1-4539-bf58-1aefa6f4b774,34,Male,123,27,adult
51fbf09a-aac1-48b0-9aed-5b0ab8c1ac86,46,Male,30,89,adult
86218084-27c2-47f0-b5e8-977a28fb2ba3,44,Male,51,29,adult
c2e28eee-d0a0-46dd-994b-bb9eb7de8b4b,45,Male,166,72,adult
427e8531-375b-4993-a4f8-9200327348d4,39,Male,86,59,adult
e213075a-6f06-41ea-923e-4013866dd6ec,47,Male,152,47,adult
097d2b11-ae1a-4d9e-aeec-b5993c0048ff,41,Male,128,75,adult
74142d6b-f2b8-4656-ad35-3ca0d9c8c945,56,Male,52,69,adult
81da9d9d-676c-4524-bfd6-0fc526d41abd,43,Male,181,90,adult
9d7812ed-23d0-4459-baa1-adfa6402dee2,57,Male,138,21,adult
6a25b409-a1ed-4fba-9459-2bac3e039fe7,45,Male,95,72,adult
e9a55c3f-1277-4148-8f0a-32bfe74113aa,38,Male,39,99,adult
28826c6e-1131-4e59-b745-660b78cd6929,53,Male,42,8,adult
bc886314-3f9a-4260-8332-d96d0d5d871f,57,Male,181,9,adult
dc354b93-5117-458f-ae89-9103b5edb145,36,Male,118,14,adult
f0ac2951-dc48-419b-8b36-7fd74c39d9a6,33,Male,44,52,adult
4824c759-35d5-4ab7-be41-58bffe6a0c6d,37,Male,198,35,adult
9e6a8179-4203-49bd-98e6-3618a121c737,59,Male,192,72,adult
a00a5b53-7860-468d-8626-eef5e51ca60b,36,Male,126,98,adult
7c4a529a-0d8f-4c6a-87b6-303607853bd9,50,Male,146,92,adult
38db0eef-c0de-4eef-b241-aa63c7678856,38,Male,115,64,adult
670e9867-8f06-42de-b64d-ffb18a2466e5,57,Male,112,61,adult
aa590845-657c-42af-869f-f0fc3dc60041,35,Male,104,91,adult
4181c7eb-ab53-4fe4-98df-c51cea6febfe,54,Male,101,73,adult
e55a27b3-cb75-4abd-86ea-edcf1660b98e,58,Male,70,85,adult
c3e36bd7-9b3c-4181-ab9f-ce7ff0adf7c9,43,Male,170,27,adult
c78073d6-15ca-491e-b60e-2bd033969f73,31,Male,185,47,adult
71ef4af3-7003-4074-94e0-beb6d021ccee,51,Male,54,59,adult
ae7502ec-f71f-4ed9-85b9-d0e37fd7275e,40,Male,142,53,adult
6445ab49-6359-4803-80db-47bddb48de11,37,Male,127,3,adult
53a4fae3-9d68-415e-9802-fe2e7ac75b58,36,Male,148,84,adult
8c3a82d1-e530-4b5f-b669-a8bbbafb2729,46,Male,113,41,adult
63b2ff4d-a2bb-4da2-b4dd-22cd302bf459,45,Male,183,9,adult
b3d04bf2-3ef7-433b-a9d2-074acc956425,40,Male,87,58,adult
b66eb0a5-e586-4eb2-be07-090597f7bdec,35,Male,155,51,adult
8b8679e0-961c-4d3a-8118-6af393cdd9a6,40,Male,166,49,adult
c945b78f-d2a8-4615-84a3-013eeb1ae3f0,55,Male,79,38,adult
8cf034f5-4391-4765-a775-1652c509d468,49,Male,135,46,adult
ec691947-038c-47ca-8268-608ec6ff8bf1,39,Male,106,51,adult
b0894ead-c2d6-4bf7-9ab9-77263395bdaa,43,Male,123,94,adult
5ebaeb99-82a9-43e4-aa81-e295236b9b4f,39,Male,79,79,adult
5b47806e-0fdb-47a7-9c5d-dbc79ac9dbc9,54,Male,28,61,adult
745acbe7-e842-4faa-95b0-e5364ecba9cb,43,Male,64,69,adult
a5c19171-19f4-4b2a-a3d1-44ac4fe80a07,37,Male,82,65,adult
47b347a3-c31d-41f0-959e-62ac4e631dba,46,Male,176,26,adult
f63a0d20-7574-4192-9b72-fa22be41e4fe,38,Male,27,84,adult
27ebeb0c-e24b-4e3f-af43-bfd975a6fb27,39,Male,79,30,adult
0773d989-94da-4a57-8ef1-7a82b1164175,30,Male,62,55,adult
a314334f-4723-4a71-81a1-2d465bd85087,54,Male,181,81,adult
d9593100-5747-4cc6-be71-809816d53036,34,Male,114,34,adult
1d8bbc95-772f-489d-b2d0-a15deb795e4d,45,Male,191,77,adult
020982d1-f6bf-4d3f-ac4a-9b6eaceadc47,32,Male,138,31,adult
18f256d4-3f41-47b2-9505-7af447e0a787,38,Male,169,26,adult
05856f50-a30c-4c61-a112-6f212cbeb6c7,38,Male,118,1,adult
ac609e47-2950-410b-b684-ff7609e1b3fc,45,Male,133,95,adult
77a0e8e9-caca-4fba-b5ae-b870d8bfab49,53,Male,118,32,adult
2b03777a-47c5-4e42-b855-436da5527411,41,Male,73,4,adult
380df282-43f5-4256-b135-c4c923e16be6,54,Male,158,51,adult
5e8deea0-dbc5-4cbd-bbc1-ab842f3e2b4c,52,Male,34,62,adult
7d280326-5790-4edd-b89a-dee9f03a0ee9,46,Male,31,3,adult
a18f452c-a9f0-48d2-84a9-5b75e406f04f,36,Male,82,17,adult
1398b3e7-4b58-4a2f-9fb8-22523e013624,49,Male,47,37,adult
40bf0918-e8d9-4bfe-99d1-43211b656af5,32,Male,28,90,adult
aaa1ecde-8daa-4fc0-9a60-13162c718a44,31,Male,176,65,adult
158197ec-f29d-43ad-9a82-d6e608a34d88,45,Male,161,52,adult
115301b4-d4f8-49e2-8215-ebf1583aeac3,35,Male,20,94,adult
5420e55a-b8c3-4ae1-a8e1-309a2a1011e5,56,Male,62,59,adult
44c82568-6dad-43c0-81cb-309a55cdb0bb,37,Male,48,46,adult
f0c2baa3-db1d-407c-9c52-53f0ad955b3a,33,Male,74,72,adult
e93e5a9c-1bd5-446c-8007-cca91f13a21e,57,Male,67,4,adult
bd40f59d-c830-4e79-9ab1-017b20833ef1,35,Male,175,3,adult
4280bd0f-54ee-498d-ad83-b9fe26e2d8b1,45,Male,51,4,adult
add0fcd7-9c3b-4db4-b878-2cc9b80d4cad,55,Male,28,85,adult
6b8a5024-af93-4e7b-bfef-7a8ac54db243,43,Male,149,79,adult
1f53fd6b-c587-44ad-b6f2-a32bbfc098e1,40,Male,163,88,adult
1a98fb79-6291-4b37-8a01-dbd2adf350f2,36,Male,46,92,adult
f45c847b-ebbc-4965-9b6a-7023f3d5424d,48,Male,23,7,adult
94d226e4-2aa5-4412-a6a7-f8c57b319b86,30,Male,115,70,adult
18c25bad-9b3d-434f-9d80-f21c1ddd98dd,32,Male,27,31,adult
8ffdb54d-5035-480d-863b-8dcbc883dd9d,40,Male,31,45,adult
663f643d-c672-42de-96e3-ceba0090e72b,45,Male,84,26,adult
b133619a-e07f-4378-9c37-91329e84547e,45,Male,115,77,adult
1115cda4-ab33-4480-8b9f-38c741307763,57,Male,163,28,adult
3a8c0dcf-7279-4409-aaf0-4a141e67e646,42,Male,92,84,adult
a0dc7ae6-deca-4700-bc7e-80710e4dff25,48,Male,112,12,adult
d39ec14e-e5b9-455c-b94a-888ce655f0aa,34,Male,158,94,adult
c70f4afe-bb50-4843-9841-ca92f25767bb,57,Male,195,95,adult
190a76da-e4fe-4b33-95cc-f779bc1f7dce,44,Male,31,33,adult
2875f5e4-0fb9-4eb7-9937-60ca86d1524f,47,Male,42,97,adult
b06ba650-d849-4f52-9b37-09a732c2531c,39,Male,29,89,adult
f1511c04-c25e-4a1c-9c53-f7effff63e47,47,Male,185,21,adult
7c2f0016-015b-4b7c-8a00-143784d8f57a,55,Male,144,90,adult
2b98a672-247a-4f06-88d0-6f2490c62e34,49,Male,161,70,adult
e2acf96d-2d0a-490b-980a-abbd3d5e74a3,33,Male,28,16,adult
88d77ee6-0886-415e-a850-66b1a51427f3,41,Male,76,38,adult
5c5c51ce-04ef-4c5c-b509-40e7edc37eb2,46,Male,106,71,adult
731c024e-c2cd-4892-9a0e-d0161dd4cde8,31,Male,167,68,adult
12f7f6e6-26ff-4a13-8069-41c0dd91f3dd,36,Male,170,67,adult
eca7b0bc-12ec-4338-9e35-bda5775c2d2d,45,Male,144,63,adult
0b61b9ef-3513-4821-b54e-6a3dd460c31c,58,Male,99,94,adult
fedd1e5a-b90b-4142-b6b9-34d575df509b,48,Male,99,98,adult
743f2da5-bc97-468e-ab32-19666a13b5f5,47,Male,177,33,adult
70081996-978b-482d-a3ed-06d5fe21169e,53,Male,60,6,adult
f7baa89d-d6a9-4fd7-8dd4-d9ed2a417a19,46,Male,158,43,adult
bfbf5be8-779d-4f84-b8b4-5837e4dc5cd4,38,Male,156,19,adult
6be1a71c-6ca7-40c9-8605-917532a0c4b9,47,Male,73,74,adult
dacf2454-a78e-44ef-a824-5a9fb73ee744,36,Male,199,55,adult
81f42386-3a73-446a-9351-11f9eab3a844,39,Male,123,76,adult
ae1a38fc-24e3-43d1-b973-566e9878a61a,32,Male,80,21,adult
1df42f42-38ef-470c-9dad-1181cb457c9a,39,Male,101,21,adult
e6fcd949-f616-42ab-b842-33de98828c6b,50,Male,158,51,adult
affbe35b-e881-48a0-aa8c-b26a0f49c6ab,41,Male,133,33,adult
6d62c44f-d57c-40b7-b9fc-01573ee023f4,54,Male,47,3,adult
78812154-d615-4a94-845c-964af2cea4ed,30,Male,115,47,adult
850c6ea0-e51e-480d-8824-8aa02f802009,33,Male,47,52,adult
5c879c23-bdc5-4401-808b-33c382c257c9,34,Male,118,40,adult
70c93743-a48e-40c3-a0da-fb9c6d989188,57,Male,140,27,adult
ba84e2b7-d1af-4c63-a033-7435447a1bb6,30,Male,165,72,adult
e12ce8fa-68d0-4d21-b72d-649db3f17a51,34,Male,49,73,adult
406b0d31-597d-4779-a726-da54e7e29cee,59,Male,127,21,adult
9ace2991-bb01-48a3-b19d-e4c498401b36,50,Male,79,85,adult
e4d32d19-310a-4228-ac71-f2a16cf8de66,39,Male,151,24,adult
53fb13ed-2afc-433e-a817-879596cc5d6f,31,Male,106,13,adult
f1036e10-326e-4a5c-afb9-d26c5dabbb61,31,Male,33,73,adult
8c887d76-0d2c-4c90-87a7-10eaaae4d00b,37,Male,76,82,adult
7c778df8-92f9-4f24-8470-d1e98d661fab,32,Male,53,54,adult
553757b4-bfc1-4d94-b574-6ba6db12f7b3,30,Male,114,32,adult
93065609-1d9e-4ae4-9516-cb3be4f33628,50,Male,191,44,adult
fb56fd48-1e96-4d95-b38e-fc3b757c5a82,31,Male,42,12,adult
3cb8067a-4f69-44e6-a35c-7fbe90751c4a,31,Male,49,46,adult
df8af3d4-d27d-4ea8-a8b8-3f140c5d623f,40,Male,80,91,adult
f6597582-57d4-42ce-a0fb-691a66d20c2f,59,Male,91,94,adult
dc6fd81f-98d0-487b-bc27-9b7f4c4ed9fe,45,Male,26,16,adult
f5d1f1bf-461f-4233-8988-1480b7fc4abd,44,Male,34,97,adult
3cfa0fac-939b-4924-840b-e34528f6621d,44,Male,67,30,adult
c4593f14-c0f0-474c-b9ab-b9a8e9569eb6,58,Male,118,99,adult
9e5cdadf-9f1e-4868-ae62-d075adb66132,59,Male,154,80,adult
144c4877-fccc-4ba8-a26e-c2a610bf516f,41,Male,70,15,adult
ad2d8561-2b5a-4043-b59e-8349c921d078,55,Male,106,42,adult
fafca31d-d33b-4f51-9759-bf94ed1a5dfe,53,Male,51,47,adult
c288c8e1-6990-4b79-8e43-4dc0507c36d2,58,Male,168,11,adult
1f6b7811-930b-48d1-9983-8f07d77ac713,41,Male,38,1,adult
1f586115-f555-4ec7-92f7-fee05a1ee44d,56,Male,118,98,adult
7f0c3704-a7d8-42c7-a9e1-9b0f1dfe1fa4,43,Male,54,66,adult
908c2518-907b-4353-940d-abd6963bab9b,40,Male,66,79,adult
e8bf3f85-96bd-487d-93d2-c467130a1c94,57,Male,195,15,adult
77e26dbb-fd63-4399-8ff6-9cc98dfd6845,54,Male,159,47,adult
efa0af74-06aa-4f01-bf52-90d32c29fb0d,59,Male,39,26,adult
82dde06d-c547-432f-905e-ed5bef5d2149,49,Male,86,49,adult
dc7106b7-2fab-4941-b028-b249d28d5a3c,48,Male,154,21,adult
1e2819d5-7599-4752-984c-77c6b37d0279,52,Male,25,86,adult
018496a4-c207-427d-9750-f3f01cdf9285,46,Male,22,7,adult
c8bed4d8-f378-4abf-8b18-227022abd06a,40,Male,95,48,adult
be352edf-ff1e-4d5e-b713-48d0bdd1eac8,49,Male,92,65,adult
5b608c34-d735-4aa4-9b2d-8c5d3be07b93,52,Male,200,77,adult
e93fb88c-7ec8-49f2-a9d7-1c2ce98070ab,48,Male,73,40,adult
e38e07f4-8cfb-47db-82c1-4c1a651429f3,56,Male,76,2,adult
098ed937-7c62-4348-8f44-ff25307be459,49,Male,91,28,adult
9244e61b-bbf8-4cf9-a614-e12acec96b7f,38,Male,52,78,adult
02c795ce-bfd9-4a39-b977-be8b88b26c09,47,Male,90,50,adult
646ce98c-72d9-4949-ba4a-951afa85a9e6,51,Male,107,56,adult
33471a47-8ad6-453b-aae5-af2d085633b5,59,Male,26,81,adult
b095144f-ead2-4f2d-85b7-356ff86d37bc,38,Male,35,47,adult
d15d5555-e9a5-462a-af08-6cbb3e71252d,51,Male,78,15,adult
e58adbaa-47fa-4747-9a30-16aa49c5bec6,51,Male,109,95,adult
b693e6cf-708d-4714-a8ea-33f9581bf5c1,46,Male,67,86,adult
b23f4e43-d606-488b-aaa2-cf911fcf15b5,41,Male,198,26,adult
0ef283de-9af2-49c4-b0f4-4b6ef16140c8,57,Male,87,58,adult
72ce3793-2abf-419e-bfd4-470cf1664676,57,Male,118,53,adult
b8804be2-4656-42ce-85b6-fccd3acec3f7,44,Male,65,46,adult
d6c49a96-e1f7-46fe-b4c5-b4590eb62a7f,50,Male,102,6,adult
3a03234d-e6d7-48e8-898a-19ca8e076fa6,55,Male,28,27,adult
adf27c80-c845-4d22-bc71-c01f5a575041,57,Male,54,34,adult
8bf35be7-e1fe-494f-ab2a-1c8b75c7cd40,33,Male,180,20,adult
80f5bfdd-4a89-4de6-be3b-4d84fd4658b5,31,Male,127,63,adult
5b7f1467-d44b-4248-85df-f13fe35d65b9,52,Male,129,29,adult
4718bd36-cdf7-4b7e-83fb-86370e68ee16,45,Male,47,75,adult
fa8a844d-49dc-4639-acc6-12cf03d09444,48,Male,125,23,adult
8c403c79-148b-4443-9a90-5d39e66f61a6,37,Male,175,24,adult
7d7304ed-5432-4a3d-8b33-75211606f8af,59,Male,117,74,adult
31112d13-52a0-4b27-9638-f44d231743dd,57,Male,156,89,adult
928ab85f-8c19-4b84-b608-08d847f248db,31,Male,60,66,adult
8f2c33d5-7923-447f-b0a5-6354d81292c6,45,Male,78,49,adult
5a3d1731-7459-493e-bf82-b74ee4053712,45,Male,97,95,adult
3a6c6cc9-0895-4c3a-b8c6-d8bf200d6570,42,Male,166,78,adult
a886e145-38b1-42c2-8d11-360e1bbf275f,50,Male,76,50,adult
84bdf79c-52d9-4940-a727-790f08b631ca,31,Male,142,4,adult
0a91512f-b2f8-41ff-b4a9-a39ddfa1078d,40,Male,180,34,adult
5ac7ace4-bc0b-48ef-a770-a741170527dc,41,Male,178,48,adult
cade9f73-a571-403d-bc89-f02b2c4e4b49,31,Male,97,72,adult
e130025b-e4b5-40f2-973c-6cd703d8d2e5,51,Male,97,75,adult
9f5a94e3-440b-4ee5-9397-e17aec260603,55,Male,56,43,adult
d42728f0-390b-45d9-909b-a6d1721d6982,48,Male,188,58,adult
9fb2481a-1d34-4747-b926-21d417ffd73f,59,Male,33,50,adult
f22c6deb-d67e-47ef-a88e-1f6399b85c4c,55,Male,23,55,adult
2d61be3f-8079-4b40-af75-cb8a1ea66fdd,44,Male,95,7,adult
ef3334ec-2218-43df-bd8d-5170888ae5e1,49,Male,105,61,adult
2274a9d3-c83d-4d17-ac3e-e41a4c8bda25,49,Male,124,89,adult
1841adba-5c1d-46a4-a436-949302298fd1,35,Male,39,39,adult
52b90fd6-cd6a-4808-b12e-1f446903d373,48,Male,102,17,adult
7560e328-a91f-4118-8d51-9c6247c64f9f,58,Male,67,49,adult
ccb73cce-70f0-4ae6-86bb-680d7b483dea,56,Male,170,92,adult
ac6ce9c4-1361-45c8-9d95-098fce5e97c1,59,Male,135,86,adult
1ec8d182-c77e-4568-ad79-b82d16884c14,35,Male,156,65,adult
9fa5a1fb-5c5c-4e28-98f3-5a493714d939,41,Male,136,91,adult
ce1f47e4-d36d-4b24-8b9b-0f85ca2e2439,54,Male,84,1,adult
8f907307-8398-4556-b68e-fb591f4c0670,36,Male,159,73,adult
2c22b762-f11f-4140-8bdf-a286b3750374,55,Male,92,18,adult
69446afc-ab29-4843-892b-04bf7ddb9bc9,56,Male,85,65,adult
b5b93d07-d6d5-43c0-9b03-6f45c8aca2c4,57,Male,183,47,adult
38819171-4521-49a0-bdcf-3f8b2af601aa,40,Male,58,35,adult
41a1f643-e083-485b-908b-a594deef0831,52,Male,141,9,adult
15d0ee9d-9a9f-4260-b980-c06134e7fa0b,56,Male,155,84,adult
e1a74a4b-4353-43f8-ac1e-65f9d96884ee,36,Male,173,88,adult
e3228ff9-7d4a-4984-8812-65aab09c8a56,49,Male,51,87,adult
274f407e-3e0b-4238-aa72-c3873502bf63,32,Male,142,78,adult
b3513586-f83f-4d36-b1ab-9a5763af668d,46,Male,164,90,adult
b90ebad3-db88-4e12-b64c-702364cc27e0,52,Male,194,23,adult
cfa5fb5a-a700-402e-ae8b-963e97a72e04,32,Male,182,44,adult
3e13c00c-0d2b-442a-89cb-d451fd213e41,47,Male,32,59,adult
95c3fa98-303d-43c7-adda-648832ef2db0,55,Male,144,58,adult
7cc3823f-5bf7-4fe5-8db3-592b1b460a0e,53,Male,139,7,adult
b67fd14b-f60e-4e42-9d46-7927471895c2,31,Male,144,81,adult
47a9ee6a-63ee-4302-be4b-5c881bb8f4ed,55,Male,45,70,adult
9d102bcf-afe2-4bf6-b905-91df7062ebec,47,Male,45,20,adult
0a71b6bc-6b5b-4162-bb66-eba6a7cbca04,54,Male,191,50,adult
65a86efb-9f8b-4a81-9c94-bcefce63b9ac,47,Male,51,78,adult
671dc5d7-0137-4d5c-a4e4-4db7912f144b,42,Male,57,32,adult
439e7491-7867-490d-82eb-8a6c596be2e0,47,Male,57,99,adult
6a4ef790-1e39-4f56-a579-8eafa2cee8ca,45,Male,100,80,adult
8418e57a-e6f4-4245-bc86-52602bdda9b4,42,Male,129,40,adult
fac33535-cb9a-4c79-97a4-809c296b958b,41,Male,60,72,adult
0161e53e-d18f-4f12-a8fd-cd698850c230,46,Male,117,36,adult
c78f765b-94e1-418c-abcb-d45ff5cbf5f5,31,Male,37,68,adult
0c6b3c88-53c8-432a-82e1-eecb8a4c4844,31,Male,21,100,adult
8c47be22-caac-4a2c-9585-0c6dc1143568,45,Male,42,66,adult
8a6ec40f-e3ad-421d-8355-a9deb7ef62d5,56,Male,160,26,adult
2d556f0f-bb01-4655-aefe-5db52389bb26,59,Male,61,96,adult
f424fc53-3bca-4b62-b763-991b1a3748f8,40,Male,82,42,adult
bd49f47f-a5ab-40ec-b9a5-158058fdb816,53,Male,130,87,adult
919a618c-c3a5-4941-a057-8c3c1fb448d8,39,Male,23,18,adult
b4f1c306-3bd6-4a05-a275-3fdb379ef4b4,35,Male,68,52,adult
54d66442-2953-4383-b0d8-cb8b42074621,51,Male,82,65,adult
97a2ec06-152f-44f2-9822-2952423df11a,49,Male,187,76,adult
da0b2cdc-ad21-4f61-ae20-09e2dc6823bf,33,Male,169,13,adult
fd548910-663b-42a4-8c00-915d6c0096d6,37,Male,25,67,adult
e9e318f9-f39c-4ab5-98f8-1fdc1b852ab6,36,Male,104,24,adult
8e8a46a5-d2ae-4619-b899-1ea65123494b,39,Male,78,46,adult
1947c3b8-b373-4a82-87fa-5c8bba734fc4,34,Male,169,8,adult
063a5dad-5563-4e69-afa0-1f191d2c021c,46,Male,141,85,adult
5b17ce5d-cbd7-4a59-b9b0-cfd8c61827d3,54,Male,125,100,adult
2d78caad-e18c-455c-99d2-7ae594abe8ab,47,Male,177,97,adult
86d45098-ee97-434e-82f7-c72517a738d5,50,Male,163,13,adult
1f135136-90e0-4179-9ffe-6017600388ca,33,Male,52,46,adult
19a129a8-3823-45dd-9f2d-94ab82a01752,39,Male,40,43,adult
551a1eef-45eb-428a-bde3-a9b09f469ce5,33,Male,165,65,adult
b0753a91-0073-47f2-836b-12bb5ee29c64,32,Male,35,58,adult
6a40ae57-fa29-439e-abaf-0aebb23322ab,55,Male,136,20,adult
cbbc2e9e-b421-4fcd-b161-4dff88e76fb1,44,Male,56,55,adult
bcab3378-bdf4-4eb7-9ec1-f817e2d4088f,30,Male,25,67,adult
86a43505-97e9-4c75-ac58-3737539334cd,52,Male,122,1,adult
39450c8d-687b-4565-a97a-93545f76b9d7,55,Male,99,62,adult
b09e9322-0010-485a-8a34-d88acc0ac15a,49,Male,71,50,adult
cbdb0ab4-7b7e-4bcb-ba6c-b6c2bbd7ddc8,30,Male,177,11,adult
3aac87ce-3fb2-4276-b54a-2f6cd121141a,58,Male,101,10,adult
e19477e5-4650-48e2-a224-ce2d706c58ff,35,Male,109,51,adult
15b1dd33-682e-4809-881c-1eea8b7723b4,30,Male,104,49,adult
8e7e6cfe-ab8e-4837-89e9-452578b0f26f,32,Male,149,4,adult
5d853ce5-d584-4bbc-a25e-fb82b990d81c,33,Male,127,60,adult
8b0f8310-e714-4f66-b625-158fbac27199,37,Male,105,66,adult
64f90f65-a52e-49b3-b872-478a76c05154,55,Male,46,33,adult
77098550-99b4-4e51-9b81-6e577ecf33ec,42,Male,112,21,adult
0adfab99-1394-4c3f-bfc7-1a1fb6487756,59,Male,59,59,adult
adc7c605-5f67-4d81-99fc-a1339a705f56,56,Male,198,37,adult
0c4b5412-e77d-4980-95fd-2c86a2c423e9,57,Male,193,34,adult
6362083c-2c1d-415d-b975-3f3cc66f2448,58,Male,166,100,adult
d73d49bc-06eb-4f54-a2ac-2165460cd83d,36,Male,27,40,adult
6f70a2b4-b0ff-4e03-89df-111c42ae344d,57,Male,35,68,adult
a220b12c-2377-46c6-b024-d7c814eefb44,45,Male,35,85,adult
ebe5f244-a290-4b9c-b12c-76c6a2cfc73d,47,Male,142,87,adult
119f92ec-627e-4e01-87e1-196985898b35,44,Male,23,72,adult
732a7c66-1d3b-4787-bc2a-612fb23ee81c,41,Male,150,69,adult
5fa9f32d-ac15-43fa-9d9e-0a87a5ac5e2f,35,Male,21,3,adult
d0a7c97a-c5d0-4783-a77d-d067bf6ebc34,51,Male,48,100,adult
ecda0c71-a938-40e6-b42b-b2188ef1d03f,50,Male,22,45,adult
3f418681-c033-47eb-960f-210b4173467e,51,Male,187,45,adult
f27ca2f4-4430-4f05-9b45-11fda2df1ea3,37,Male,105,44,adult
511d1819-b9fe-4926-9946-c3e61b88eeef,39,Male,158,48,adult
3949baf7-05c8-4ca2-9ff2-56ecde00af33,51,Male,121,75,adult
c736d8ea-1298-4b5e-9fa5-3889df1cf7ac,41,Male,81,95,adult
cf01dd35-0bf8-445e-ab78-bb454a0b6c1a,35,Male,98,100,adult
096cc1b4-41eb-4d56-ad22-737dff6aad04,56,Male,136,15,adult
f8bc74e2-2c20-48f6-9d67-f1226c94c8b9,42,Male,46,39,adult
be993c21-ab9b-4bde-88d1-48f209bdd015,50,Male,84,53,adult
5a94e098-c0bb-45fc-b351-1d8ff0671617,47,Male,170,72,adult
3b54bff3-a132-4f27-913e-4d521a88bad9,30,Male,191,15,adult
6bc94fe2-c711-425d-a91f-860364b2f7d6,43,Male,80,18,adult
a1c58ab0-031f-4c16-b03e-e4ac6e956b10,50,Male,56,31,adult
3e078b6e-7de6-4d5d-8f55-dff944086dd2,30,Male,39,93,adult
8ce166be-fecb-4de7-93e0-74649386df97,38,Male,117,77,adult
da46915d-d7cf-4348-9cca-eee73525ef61,35,Male,86,86,adult
f7f32ebc-852f-4fa8-a9cf-641f54dda127,48,Male,180,98,adult
13c98daf-ba05-45d5-9db0-acf66b454c66,35,Male,42,8,adult
fdb31755-076e-45ee-a38c-6dc56d2bb2e4,48,Male,137,95,adult
5fca5fab-0c61-4af8-994f-510baf2de81a,42,Male,23,31,adult
19aa175b-71b5-4513-aaba-b424f2a2766b,32,Male,24,27,adult
b9a6787c-d99a-4ec9-8275-5120f1a85b44,57,Male,67,86,adult
49b82ab4-864f-47f1-8f7d-0750ca83fb49,56,Male,147,48,adult
b0f29526-3385-4008-8536-44b638eec77a,41,Male,65,32,adult
bb30cd10-6257-4ee0-a362-6d5e06013856,39,Male,83,46,adult
7ce36683-832d-4824-b5ac-f91b5fca46d3,35,Male,128,69,adult
87166c1d-5508-4bf2-9a98-bbd3e56f4511,56,Male,21,49,adult
6b2e7e04-2732-41e2-b472-051a20683226,32,Male,171,34,adult
1da2a34c-072a-498e-b2cf-674128cacb63,52,Male,62,92,adult
9d8a29b2-3bc2-45ea-bc8f-34154648e35a,41,Male,42,55,adult
bd96e29a-5469-45f7-b353-338dc24acd42,54,Male,177,72,adult
d474174e-697f-48b7-b437-9a5b34c6d35c,43,Male,79,5,adult
604b8134-09dd-41a1-b506-a2124724607f,59,Male,40,29,adult
dbf90b1d-c08c-4d99-86f2-0a0f2420870d,31,Male,78,33,adult
f8e47881-a295-40a1-b27d-08d842434899,31,Male,75,90,adult
e43306e6-6460-4e9e-8255-f74f53340149,42,Male,103,70,adult
0936149b-fd7d-4b95-b6cd-6c8ea049e894,42,Male,31,48,adult
b8894c74-51e1-4118-9e7a-708193f108a7,37,Male,159,58,adult
5a3fab64-b4d1-4f95-81e6-d38b0eefca12,46,Male,84,56,adult
831b4f9e-ba87-4007-be7f-5ba434402018,45,Male,25,26,adult
76d175d9-4480-4690-9137-40e5489bd39f,54,Male,40,6,adult
6baf771c-2b09-423e-b00f-6263166db5fc,51,Male,158,38,adult
27e462af-7ff5-49f3-bc77-a59e8bd3bbea,52,Male,156,16,adult
fc8323be-beec-4eee-92c0-091bbce8d4a2,38,Male,111,68,adult
7b5725dd-c895-410e-bc78-4a8f953e9c87,49,Male,54,6,adult
5b290092-6b52-433c-a5fe-ad4e4a221fed,39,Male,190,93,adult
891bc3d5-db8c-49c8-97bc-5653f7d983a2,45,Male,98,36,adult
0f713928-abd6-4dd3-ade7-c09cc19fd5a6,34,Male,69,51,adult
f7a6f0b2-21b2-4f94-82ce-783827386858,47,Male,118,17,adult
953113a7-8155-4a30-8ece-ee147afab627,57,Male,33,90,adult
1c97cded-1ca8-466d-82e6-05e21890b7a3,45,Male,50,26,adult
2a3cea13-f935-4752-a04e-2fbcb122b693,53,Male,189,55,adult
6686c299-94c3-4c8b-9280-92bdff2e07bb,57,Male,197,14,adult
e491f48c-4411-4bae-9dd7-2a2c42bb6f7b,45,Male,166,84,adult
070cc280-4742-4a2e-8bda-9d2ee56492b8,31,Male,137,84,adult
e8deea8d-c7da-4e79-a3e0-835ae920aa1e,54,Male,98,53,adult
0bb13937-dcff-4f53-bd8a-d02eabf0e25e,34,Male,101,41,adult
80881bf1-fb60-4557-8244-a44548b99140,39,Male,168,9,adult
34a8ec20-926a-4833-9498-8ab626dda923,32,Male,73,24,adult
347b05b5-11b3-47ce-a8f0-a920c1a84b42,44,Male,176,93,adult
78c1bde5-f836-4fc2-b093-f2e9627e98c4,39,Male,30,40,adult
c0a43c31-9231-4e61-8da9-323c22bc691a,48,Male,159,80,adult
4a3857ae-797d-484d-a951-b19c40364435,42,Male,139,73,adult
a77ff6a1-b864-4472-83d5-a385f66090c3,32,Male,127,30,adult
7b01216e-075f-4e8c-971b-2f365087a924,32,Male,84,68,adult
a2aaab12-85b7-4e8a-ac74-1b29185c9bde,45,Male,115,68,adult
9ec3f769-6a95-4aa2-946e-19ce88ee75e0,40,Male,40,15,adult
19cc9001-9eb0-44dd-90bc-9b93c0aedc14,46,Male,58,44,adult
994cd74d-6d77-46ca-af3e-0067d568729a,56,Male,116,70,adult
783934d6-0ad4-4374-b378-ed36a17e92a4,59,Male,196,65,adult
2627dd1b-599b-4449-af4e-65daea43e733,54,Male,168,21,adult
31d115fd-53a2-4106-934e-090ca052ae77,40,Male,97,4,adult
39c17850-731c-4915-ace3-82657eb431dc,32,Male,28,13,adult
efa45d95-40d3-48e4-8cb2-efe006726f65,32,Male,66,80,adult
6bf62a0d-2852-40e9-a1cc-87313d36f029,47,Male,107,36,adult
1d2d826a-ec7a-42fe-be23-d69870ccb17b,51,Male,125,60,adult
2b0b05c4-253c-4be8-862d-b44d90d240b1,55,Male,28,47,adult
b241cdba-9cb0-44a1-9dd1-bdab057b7445,56,Male,36,44,adult
446df8fb-5693-4110-b2e9-c3715618700c,52,Male,140,11,adult
3dfc2b71-0524-44d2-aaf6-7fcd21eecfc0,50,Male,60,21,adult
76232374-e466-4a51-b2b4-0801ccb4c498,36,Male,85,41,adult
ec83f25d-8055-4506-bf11-781b1a1b8a45,40,Male,87,74,adult
f644a716-bdc1-4a8e-b6de-ee00382566e0,43,Male,161,17,adult
2c3ce1f1-a992-4ced-bb9b-3708147ccf9c,57,Male,106,23,adult
a6cec230-0118-4e83-a636-447ecfc85361,43,Male,191,14,adult
45b1c49e-462d-4f3e-9d6d-ad769fc87a2f,41,Male,178,35,adult
e71f2dd6-7f9f-40b1-a80f-2ab0e2eefadf,35,Male,186,61,adult
c9c7e57b-b4e2-4839-aac2-f407f2dd3cd2,55,Male,98,57,adult
8c6e8f9b-2dfa-4ca5-b44d-655baab28a98,51,Male,97,49,adult
cc7ed94d-9c1e-45e0-ae2d-02ea356f37b0,31,Male,200,20,adult
4f93da52-2869-4cd4-9316-9ffe2ae8edb1,43,Male,132,27,adult
153ffe79-3dca-4867-8150-9da563cfdce7,44,Male,136,7,adult
a77cbf3c-43b4-46dc-b6f3-889b82a73528,37,Male,96,45,adult
fc39fd83-a6bb-43e0-a350-13338c357378,38,Male,50,26,adult
afccbaaf-edf2-4d28-90f1-d074ff50f357,35,Male,160,44,adult
0ee87902-5831-43e2-bf1e-0e851d88600b,47,Male,69,19,adult
9d7baf46-8ba1-4a3e-93c2-608b0229d691,53,Male,186,88,adult
def3f01b-aa45-4496-abde-b31650dbb8a4,31,Male,30,33,adult
8822ab15-15c5-40a3-9db9-0d68c7023587,55,Male,48,6,adult
bc2a296d-5876-4e86-92a5-e47472073df8,56,Male,74,33,adult
1374e5f9-52bd-42d1-b629-feeddcbadec7,33,Male,66,55,adult
2606a01a-3d50-4275-ab84-dd49191e7154,59,Male,165,93,adult
c2c7ff76-a429-496d-915a-25439d48ec8a,56,Male,64,100,adult
603e5bfe-4e0b-49b4-80b7-6699262b4bc0,35,Male,56,9,adult
45329900-5b73-42a5-80a0-e9b29f10ac1c,48,Male,190,67,adult
f77146d1-4953-41bf-9a1f-88934802c5ec,38,Male,48,9,adult
965f690c-9256-4041-90fe-3d5193014380,45,Male,185,25,adult
00d47412-156a-4931-a3fc-16a343dcac87,43,Male,163,27,adult
822b8e1d-4449-414d-90b8-a375b567827c,39,Male,45,52,adult
a5636339-df6f-45ec-b9bd-418d2da2e4ca,48,Male,109,80,adult
f5683840-0475-4efc-8001-c3cc7f3c6bf7,31,Male,46,39,adult
772ae796-99be-4037-b651-c0f5adb31b0b,58,Male,103,26,adult
922ba522-6808-4b33-8c12-7be6e1df6725,58,Male,28,27,adult
a222dc39-68e8-4f34-9794-46affa257a6b,40,Male,86,30,adult
c3f09f86-a01c-48ed-8a9d-3f2b3897f554,46,Male,191,8,adult
0443991b-d69e-4d3b-a776-6c2e207204a9,56,Male,32,2,adult
fef5aa13-f81f-44c5-8de7-5eb9d73ca114,59,Male,148,19,adult
9bed98a6-c491-43e4-8c2b-c00cee63bc2a,54,Male,199,90,adult
787c79c5-5992-4ebe-afe3-b3cf44dc3c7f,52,Male,116,98,adult
ed076013-243d-4f24-81e7-8b2e95a36490,44,Male,141,66,adult
129de669-ff95-47b0-872e-c8292bafae61,42,Male,52,38,adult
25d8221a-826a-4fbe-a998-65ce0cfa0e62,44,Male,127,58,adult
66ee0a05-6791-41df-8597-59a71fcd15f7,43,Male,189,39,adult
b3fd6a44-80c9-4ec6-835d-e1bd0ee2eaf6,50,Male,57,94,adult
09a6732d-76d7-4aa2-82dc-438f4aee25f8,54,Male,88,75,adult
d85dc3d2-a9a8-4ea8-99a7-815293e5d4b6,47,Male,89,45,adult
97470e7b-efe0-49d4-8d6e-99597c560f42,53,Male,148,64,adult
20631563-abed-4bda-9db1-5815e2f00f91,55,Male,100,79,adult
4a891247-7d5a-4ef7-a122-cf1b925ff3cd,48,Male,46,94,adult
e0081a4b-7d8c-47c6-9ce8-a7ebada3733d,53,Male,163,93,adult
d505d780-f83a-420b-9aa5-96f97941c7aa,38,Male,138,89,adult
74dff928-e441-423f-b850-af4255601215,56,Male,170,31,adult
4065ca27-65eb-4bc4-b74c-e8331a56ad76,36,Male,169,55,adult
f96c0340-b68c-4e28-9081-2867724f4456,55,Male,115,84,adult
48281e81-af79-44c9-9312-c8b4b4494054,53,Male,168,39,adult
e55914cb-f1a5-43c1-a6ff-fc494c4129bf,58,Male,73,7,adult
52423570-4dd3-4cd4-b563-2633930d9b35,41,Male,96,28,adult
c3ffaa46-ad4e-40be-a132-5070da15a750,42,Male,68,8,adult
f6c5e807-9825-4ec0-9860-819740d2e5e3,40,Male,81,89,adult
49912fb5-4ec7-4b88-8cff-67343db1ff60,30,Male,154,7,adult
6b5eeb75-1f48-4e1a-8d9d-c842bc8bed05,34,Male,28,71,adult
c90911af-e4f6-44c1-913a-0c7d5598ff73,52,Male,36,66,adult
e0a517d2-1fbe-45e2-9574-387ac93183c1,57,Male,175,19,adult
25969595-8ec2-4bc6-9a83-538db0a080c9,58,Male,194,46,adult
76be2b9b-f9b8-4a04-8d4e-774c4ed8cead,43,Male,29,32,adult
c9f37a51-5bd7-41c5-b2e7-932cbd50455d,30,Male,184,20,adult
f54c4a01-8c39-4100-845f-8af53601c6a1,48,Male,40,62,adult
789daba9-dfce-4075-bbbe-b1834025befa,59,Male,39,49,adult
d086e721-03f9-40be-8913-b550da2abe2c,55,Male,132,41,adult
72065e19-9a83-48a7-a67f-bfa05fc4afda,42,Male,155,100,adult
b0bab2a4-7eb3-42d6-9935-1d2b062b03ad,53,Male,105,97,adult
924fba3f-4f29-4d66-a52c-4ed0a315cb16,58,Male,59,93,adult
b1b66656-b0f3-4959-981f-6be8f7d90672,46,Male,110,11,adult
533f4828-ffe0-4121-aa9f-a0a1d2cd8abf,52,Male,23,12,adult
6d091968-e758-476a-8836-168ea99cd51b,45,Male,197,52,adult
0fd6280f-6b1c-4e5c-bf51-36762801e241,42,Male,62,47,adult
b7d59f96-2bf7-431b-a44f-2c8e1e3f4db2,52,Male,84,88,adult
b91a3f10-d4cb-40e8-ac20-7f9cbad9266c,58,Male,24,92,adult
3febbf8f-ef99-499e-94b3-f02006e4298a,59,Male,48,89,adult
09b8c9ae-1887-4c6c-bdea-d89e6e252dfe,35,Male,73,10,adult
8d3095a7-0c89-4592-8d5f-b0a4377127c6,55,Male,22,79,adult
e9741fb3-36b8-4e9a-8c51-fcbeb779ad53,53,Male,94,63,adult
0c0cc8a8-1496-4c5a-b1d3-afeecba92cdd,56,Male,108,30,adult
d3a84550-2b1a-4724-9e63-4b2d36cb2291,36,Male,141,20,adult
de3f65f5-7bd6-4287-b94e-27d557e98d62,33,Male,136,98,adult
06dd29fe-bcd5-43df-80fc-f7512f461b06,50,Male,122,39,adult
85f104b1-e2e2-4a79-a8d9-8921b14e3467,56,Male,47,49,adult
cd9d6604-ee06-47c1-afb5-e8657ebf5704,42,Male,148,41,adult
94891796-76a9-4954-9e0a-121c7e4281d1,57,Male,190,73,adult
a1327874-7cdc-49f4-b603-bb0581a8e27f,56,Male,102,20,adult
56e3a021-99b6-46b2-9f97-ceb6f2d68a07,44,Male,195,40,adult
7f355b48-1b92-478d-94bd-5be1ec2a2a51,34,Male,176,2,adult
615a0b4b-1740-468e-9b5e-a42a9014acd7,47,Male,25,25,adult
d94ab04c-f76c-4428-93fe-7d73e179feeb,36,Male,136,69,adult
952cbff8-9077-4c90-9219-82fbfa776d68,35,Male,45,60,adult
56f417d4-4171-42ed-bb17-34333028f3a0,30,Male,42,1,adult
58bde2c6-669e-4957-9ff7-c6c3084dd795,45,Male,170,42,adult
aebc012a-e9ba-45e0-96c8-4d6795b0f6bc,37,Male,85,49,adult
1d1bbc47-8d9b-4529-a5f5-0aa3c17f4032,30,Male,87,31,adult
c89aef0f-c649-47a7-a67a-983f90ecdc3e,58,Male,86,67,adult
a48dcff8-ae25-4a09-81ff-393c1d6ef80b,55,Male,130,61,adult
286ec58c-6b88-49f5-9b0b-0e4f1a6f73df,34,Male,67,79,adult
7896b26f-4d3d-4813-a5db-ef51beeae2f2,48,Male,111,28,adult
a629af16-2531-4b38-894d-f20b9b41b6f7,36,Male,78,8,adult
765d6ad1-8fdf-4c93-b455-9b5a80644dfe,55,Male,73,34,adult
ea55c1a7-932a-4875-94d1-9ce2f6b377ea,59,Male,170,7,adult
bdc33a57-fd0a-48da-bb93-83218204e4f7,40,Male,56,71,adult
af1a0cb7-ca08-43b1-ba21-7ed29ce8128a,57,Male,95,6,adult
2beadd96-e387-4979-9104-eacdbaeddd99,30,Male,57,77,adult
8c5a6bbf-4af5-4334-9c1c-c6fca4f137e7,55,Male,181,98,adult
de61bdcb-9004-4bd3-9f22-17942a292085,55,Male,138,84,adult
26bdb3fc-b871-4574-a40d-5bc6646d6515,56,Male,31,29,adult
208e6edd-3573-4bda-bc9c-052337061b36,36,Male,68,79,adult
a9fb9b9e-70c5-4a1f-a2c0-07b91dd303ad,45,Male,30,99,adult
34e4d6c6-da03-4c2a-849c-81e8c5b07166,55,Male,122,42,adult
b6cc7490-95ab-41b7-bbab-405bc0416f3b,39,Male,108,41,adult
a3366ec5-35cb-47e6-8ff3-87d91f365edb,49,Male,23,37,adult
39801a05-4d0a-48fa-8317-c9beb4fa105f,43,Male,172,61,adult
bc454e1a-ec5e-4f33-b978-18199924adbe,51,Male,188,76,adult
76281a27-02b9-4df0-b772-c0f1335d51ea,38,Male,88,72,adult
b6330acb-fa99-441d-a8a8-11b60b338711,50,Male,186,38,adult
b44e9a77-ce0b-49e8-9c95-739d19205537,55,Male,108,47,adult
5368dde8-143c-47c6-84f7-447aa82f3123,51,Male,67,98,adult
d4196c55-b0ea-4d1a-ab4a-014609991c37,59,Male,61,96,adult
8253d688-37c6-47cc-aab8-ac205e538ea9,39,Male,170,32,adult
918756ac-0c84-4190-9431-97e3008d6792,34,Male,198,2,adult
4856b714-da3f-4e52-80e3-4511d454e7fb,30,Male,166,44,adult
ae137857-3a93-4bbd-a43a-d1a963f8e89f,41,Male,33,41,adult
db2bcd56-63bd-464e-8898-f16c86eca28c,59,Male,108,5,adult
abd8b5c5-7092-4480-bab7-1834bd7474a6,45,Male,124,59,adult
141d1792-85e4-45ce-8f3c-18b04431a812,38,Male,135,61,adult
0a5c381d-757c-421f-8b33-ca036e42cf4b,45,Male,75,56,adult
1a33c9f8-34b9-4895-9fce-f7877e08e204,52,Male,194,5,adult
ea8ea497-ab35-4b25-a289-9adc6a508307,54,Male,111,46,adult
9eca4612-092a-457a-af40-decffc61c284,42,Male,121,91,adult
6921cc9a-217d-4a7e-83af-62cd9ffb0bc3,40,Male,196,7,adult
eefa3ac1-caa3-4a04-9a3d-16e01059fa89,31,Male,194,80,adult
48a1942a-ed80-47c0-9483-65e66467f3c5,41,Male,68,27,adult
543b9cec-9307-42b1-bec5-572f967791ca,34,Male,38,54,adult
6734c177-1182-433c-8aac-e85e33f229db,35,Male,147,40,adult
c3bee31f-6c8c-41da-b64c-b832ea28a52b,33,Male,137,5,adult
fe3feb86-f232-493d-a35d-602f49e2c2ee,46,Male,181,25,adult
3f40cac8-88d9-4f90-8aae-3cdc3354f840,36,Male,64,85,adult
0dab695d-e804-49e8-b735-0d11b38c6137,38,Male,112,41,adult
3a696f5e-aeb8-42ca-91f4-c66cdfc297af,58,Male,171,81,adult
81566d0e-e749-4b1f-ac68-c84a3d23aee9,50,Male,47,80,adult
7c74dc96-8132-47f5-a169-8b05446d600a,36,Male,189,76,adult
a6609e6a-d832-427d-bd09-127f62e2582d,45,Male,128,67,adult
727fe833-afe8-4a88-9041-12f3e0c73f4a,58,Male,196,2,adult
33db02db-40e7-4de2-a3b3-91e73b02f6a9,37,Male,73,6,adult
b692e588-fcdc-457d-b272-fd4d2c6b1fdd,35,Male,53,48,adult
e9a4bf22-0465-4c3d-bdd9-47225465a7c6,43,Male,54,28,adult
0d2c26d3-a9dd-4649-b284-178889b82bdf,53,Male,74,73,adult
6cae82b7-e690-4d6a-80dc-572dc3255117,40,Male,41,85,adult
cd90e91e-01c3-4ab0-8a04-b5bec8434806,40,Male,116,70,adult
48c4a218-a551-4e40-a17e-5b5e0a52b72f,37,Male,79,48,adult
43db418a-2aff-43ee-99a9-326998983183,47,Male,52,84,adult
7ee425d0-69d0-4e50-bfaa-222ce27cfdf1,39,Male,112,91,adult
4ed38853-f11b-4cf8-a594-625122a07273,58,Male,115,30,adult
083739ec-bcd6-40d6-9ec2-1c2723f94659,38,Male,22,98,adult
bf19debc-52c6-4e2b-970f-44a2f1798fdd,34,Male,98,72,adult
5ace9fe7-682b-4bad-aa2b-8e44e3719ae7,31,Male,56,57,adult
7f5e922b-2c6e-4bba-a2ed-b4e1a80a8e7d,30,Male,170,32,adult
bbbc7028-7dbb-4160-ae4c-c622f4c578ef,52,Male,77,69,adult
86c55c35-0b5a-41e8-b972-bdb101e8dd14,36,Male,156,93,adult
acc31450-d522-4b16-8d9c-22285930eb4e,49,Male,24,28,adult
27bcf773-4e57-4fcd-bf36-14802786fa76,58,Male,97,99,adult
9e46adda-5e0f-4744-8bca-17c0cc054f2e,37,Male,66,27,adult
dfb1b43e-16db-40ca-a123-678feca36915,53,Male,41,80,adult
abbf7687-a31b-4c87-b49d-6e75dd153227,39,Male,66,24,adult
1ff0771e-2839-4c27-b253-7492661b4ec6,56,Male,153,34,adult
a11f3c33-ff7b-45ec-8849-18d1922cd890,38,Male,94,13,adult
90fffade-ec29-4f49-ab49-d6e93a1cc878,46,Male,54,4,adult
690b418b-e5db-4df2-b03d-990d0cf83181,51,Male,49,46,adult
3bb81fda-d605-4e82-9b5f-eb2bac02dc0d,41,Male,147,80,adult
d01979a6-bebb-4be8-a1f6-6cf4eae42404,38,Male,81,34,adult
e90e5dd0-43d4-4e35-8978-172ae950fd13,31,Male,141,12,adult
2afbb3e4-ea82-4398-9dbe-bdbb23139087,59,Male,40,39,adult
aa2e68f4-1448-4f4b-84b8-0f32fefa721e,51,Male,40,98,adult
d9d95309-9ba1-475d-a937-82befaaec754,59,Male,97,22,adult
85d97cab-e09c-4b1e-914c-2dde2fa9c849,44,Male,141,85,adult
8737ca5f-5283-45ea-b896-f7e748c8d176,39,Male,155,31,adult
c79af57e-e5c2-420f-9b2b-07ba40b95e98,46,Male,52,36,adult
2371e0b1-b6ec-4ec0-a2be-66160c14f967,33,Male,165,27,adult
ea396b11-c5ed-40c3-bf2f-6a7d733ae6d6,57,Male,153,25,adult
6001b2d1-ba93-4b44-ae0a-26dc44150df9,30,Male,129,45,adult
c19fb1b6-6221-4482-ad08-674c4b309016,35,Male,45,32,adult
e15e326f-812b-44d8-9417-e14888b76f0c,40,Male,103,95,adult
07dc39d0-19c8-4a28-85ea-f15d30526bb7,44,Male,187,83,adult
424ee51b-c7ca-422d-a548-a4f054687228,50,Male,143,75,adult
e5db7cde-2538-42cf-8967-366d2ea5bf25,33,Male,166,35,adult
e6e95ac9-860f-46d5-a44b-537d34ebc948,43,Male,197,28,adult
64d52c1c-8e16-4614-8046-40c243c15497,50,Male,86,49,adult
33adb5f8-87a0-4ce2-b317-1931f69525f6,50,Male,96,79,adult
c97ad670-bb81-49a1-a418-1587efe8fc14,49,Male,176,99,adult
95224003-4f99-4261-8214-1ae78f0f3281,46,Male,88,3,adult
e3d23e7b-4a62-4f21-8b1e-196c83b2a7b8,43,Male,53,11,adult
27dc4aa2-9d78-471f-9341-9098df5afd0e,40,Male,81,49,adult
a82475b2-74ec-47c1-91f8-7db83623354d,41,Male,25,70,adult
3eb4d00a-31f5-457b-82ae-a2e145f9c49d,46,Male,169,49,adult
c94f4d50-bde3-42ea-9e9d-d7c04f07b998,55,Male,55,99,adult
21df4e0f-2c51-4ded-96fa-9ae898478d2e,49,Male,134,76,adult
3008360f-87f2-4d35-8635-6fd7cd5522dd,39,Male,142,72,adult
87245802-5ba8-4834-8c8b-4b499de1b32d,49,Male,64,7,adult
33a34016-2af1-47a8-a93c-59e1d9cbd58b,49,Male,198,8,adult
d32e0623-6f33-45c9-85ce-3f508ab28c56,45,Male,166,15,adult
c4ce9e84-02ca-458e-a832-96be518454b3,51,Male,140,76,adult
2cedbdb4-c83a-4606-84b1-27147d25d7a6,55,Male,169,77,adult
17877e3c-8847-49c0-8fef-558da039309e,33,Male,93,69,adult
fd0ab3a9-c224-422e-941c-31d245160e00,47,Male,126,50,adult
cbc8bcc7-df45-49d2-b426-94ee1ff55736,55,Male,102,64,adult
0b239552-716c-4948-aba9-e7b8e976a8e0,59,Male,185,44,adult
f9f3978f-6d80-4b2f-bfc0-3c526c4e3e87,33,Male,85,37,adult
855bc30b-19bc-41eb-aeb3-cdacb3a03ce7,57,Male,74,43,adult
01584b3d-95e1-4b7a-bd09-35c91f48a6a9,54,Male,38,88,adult
afa914fe-659c-4cf9-ae23-bd72733504dc,53,Male,88,21,adult
0e6a32bf-cfb7-447b-97bc-72c067b01040,30,Male,113,49,adult
edbeea68-0905-460d-b60a-b9f435afc53a,54,Male,59,4,adult
933c471e-93b8-4f13-b7ff-c49447393ac1,41,Male,107,89,adult
987daed8-3838-416b-bbfa-1bd706aa4e79,39,Male,160,25,adult
8035981e-d2b2-4757-b61a-cf2c6ef45089,36,Male,198,27,adult
31356c8f-ec12-4f54-a00e-db247aff2c8e,40,Male,36,57,adult
b9cf0873-dafd-4f67-8b09-f222dd3c88f3,35,Male,90,6,adult
80db55c1-6e8f-4434-b779-85cf39b3a9b5,42,Male,81,9,adult
cd8b9b9f-7d93-45ae-973d-78d0e1cee946,36,Male,119,16,adult
c39883c2-896b-4f24-81b4-3ffe5a8ad832,39,Male,122,3,adult
edc2056b-24d3-49a6-acf0-a42987f8b860,50,Male,109,8,adult
b073b1cd-5512-442f-a4c1-5219330d2bd2,49,Male,21,43,adult
95146a68-781b-42c1-aabb-d5865c3552a6,52,Male,187,77,adult
445aa5c6-0465-4556-b157-e330f6f2cf6f,52,Male,120,69,adult
a7fd5ac7-6b4d-40dd-8b90-66dd126994f9,43,Male,66,39,adult
f337c834-e977-400d-86df-f436853c0dd4,46,Male,58,13,adult
d378154c-bfaa-48e6-a58d-47afecf46846,33,Male,135,87,adult
021a2260-0476-4a95-8800-ed080d752349,45,Male,34,15,adult
59ef99fd-4f30-4af3-932c-3b62ac7b5e54,53,Male,53,70,adult
a6167669-fbbf-4c37-a579-61adde214e02,36,Male,199,73,adult
8a7a8df6-c91e-4e7d-8523-beb4b5866a6e,31,Male,92,31,adult
1f6d39a6-58c4-4735-8817-4b6b538ef310,55,Male,105,100,adult
af7836ba-a1c8-4744-80bf-416b938803fe,46,Male,85,14,adult
88e85231-da15-452a-a78d-b24a7473c624,56,Male,38,66,adult
974d8b08-a61a-4fcf-8383-e4498db17068,42,Male,188,78,adult
e8ce1e05-d59f-4ff2-8084-7869effe2a56,55,Male,68,65,adult
eb0961aa-2f19-415e-b5ac-47efc7f38fc7,51,Male,75,53,adult
b40bd3ce-b506-4451-be56-2522ab07d629,31,Male,132,88,adult
0cc6c73b-e7ea-4a97-aab4-cd352ab1fde2,49,Male,95,97,adult
a1dfd339-8cfb-4290-a15d-68990a36f4e4,31,Male,106,88,adult
cd13e430-323f-4207-b4fd-56796610b583,35,Male,128,90,adult
3b145bb1-c897-416f-a120-c503850dd924,38,Male,100,7,adult
891f4d6f-b1e1-4801-a2f0-18aa7d16c1be,55,Male,97,78,adult
b6832882-8616-4624-998b-d76525791a3e,43,Male,119,54,adult
aac98609-039a-477c-b826-be81b72b6f33,45,Male,94,48,adult
b685b0e7-0f9d-4df5-bd59-89b18a119d36,38,Male,136,74,adult
20e0b18c-2786-4634-8dee-327870323366,31,Male,21,90,adult
c3ca1417-2b8e-4fb7-9edd-014d672bc0b1,34,Male,51,34,adult
b7f59bca-1255-44e5-8d7f-6d39be0e0d6f,56,Male,163,50,adult
4554b5d3-0e02-4980-ba83-11e7394728ef,43,Male,37,79,adult
9e311903-6172-4c4b-b964-5bfa586d5b25,43,Male,119,73,adult
0ffedf3a-b3d0-4d68-933c-69d5756931c9,57,Male,111,65,adult
c03cc535-f424-4749-a59f-38a001d2c497,49,Male,149,85,adult
9644a0ac-5dfd-495f-86d5-8468fa8046c7,48,Male,145,15,adult
f9778bae-e3bc-4d86-9d13-124a77c01979,47,Male,194,57,adult
4c3b1d8d-14f0-4e49-a79f-b4f3ca102f89,55,Male,166,63,adult
b9911c2c-da90-4801-bd43-99af8b34afce,54,Male,109,70,adult
f2611d0b-0ad0-4b73-9f36-f966fd2e0c58,55,Male,168,92,adult
4e398c55-e6e2-4061-82f4-f9908b712271,31,Male,52,76,adult
767d1706-4a82-443f-a50e-fa6a4c36496d,46,Male,89,96,adult
7cd336cc-1b00-45ff-bfa4-9be4b6cdebe0,51,Male,40,45,adult
259d2060-5c74-4826-89ea-13642e77d833,44,Male,153,22,adult
60ca6a8f-1449-4b1e-bf35-46bb61ecac1c,37,Male,69,79,adult
8bc1c92a-7a4d-48a8-8e0b-50050d3776fb,34,Male,142,5,adult
4a17cfd8-a00a-4a0f-99f0-c0f78ed0320d,59,Male,137,72,adult
9aa4b601-f182-4900-8ffc-e4deb4e135ec,53,Male,136,71,adult
9367daff-ea18-409d-9e55-7feca4d6bbf8,41,Male,22,16,adult
6e0d8ff4-f63d-4598-b8b6-3f024b3d0967,46,Male,141,33,adult
56c0f97d-d544-49eb-b072-3dc4194511b4,55,Male,52,55,adult
b6ce300e-2dd2-4c38-a240-d3a865c401e7,31,Male,53,41,adult
2df2c359-9db4-4d8c-aa98-f4de2d9da7b7,41,Male,141,82,adult
d39bae03-91b2-4010-8e80-80626a53d9a6,34,Male,50,74,adult
99ec2f25-1e47-4fd5-a856-1c72f64ebb57,58,Male,41,26,adult
db638bab-1de1-4a8a-96ca-1864102b33b5,39,Male,147,51,adult
b663e93e-b7e4-456b-93f2-7b2aac914784,56,Male,25,15,adult
ae638153-50d9-40b0-8612-43adaa658f79,55,Male,27,23,adult
0c63f795-19e2-46cf-8a3e-822c81dd1e6e,34,Male,58,1,adult
931b39e6-1073-4b40-8ed8-006838189506,49,Male,132,23,adult
919a7912-42cb-4e1b-9ebe-6f678e0d4322,54,Male,124,72,adult
f63e2973-68c0-4cac-8d1d-de1c77d04841,59,Male,81,67,adult
4188aaff-2186-4000-bf8c-8f1e4fedd13d,44,Male,60,66,adult
86b74472-8cf7-46fa-b55f-64e588df06b1,58,Male,110,100,adult
abe7bd14-f0a3-45f1-ba0d-ed67d5294d1b,48,Male,22,78,adult
4fca0292-fe9b-4b34-90b3-9d1d2b37598e,34,Male,88,44,adult
a82dd754-479d-450d-8604-f257dd095b2d,40,Male,60,18,adult
a23e3074-e86a-462f-8326-4810f1972be3,37,Male,116,81,adult
3f7b294b-b66c-4825-b013-24aac13deeb2,59,Male,40,32,adult
f96c2d8f-6cc9-41b3-96ac-2d096d0da706,46,Male,31,53,adult
983f60c4-ea05-4795-aec0-08da3854cd06,40,Male,25,5,adult
4cf4ec37-0029-42fb-a014-5ecf66df8ce5,42,Male,176,93,adult
c69f631b-059d-4eaa-a3e1-8b73a5e9cf54,52,Male,167,84,adult
35197ede-d5fb-4eb5-91a4-5e2903d03c9b,50,Male,172,4,adult
8ea29751-4ed1-4783-bbd0-9ff11392d0bd,57,Male,37,22,adult
931daa16-3102-4155-a0c7-4fcb518a20a2,49,Male,89,56,adult
fde57d98-fa4c-477a-9e25-7154fcc1b65e,34,Male,87,2,adult
8ffaca7a-739d-4b47-a284-a54a690d27de,42,Male,79,26,adult
b5d66321-332b-4092-be16-3909526d3571,55,Male,162,69,adult
8b7013f6-e266-40fa-ab85-f86ea71341a9,33,Male,183,81,adult
1857262b-89f7-4dde-a92c-1297ccafdc63,47,Male,157,41,adult
d71ff6a5-dba3-42bf-8548-0063a78d4e8c,36,Male,81,43,adult
41c4049d-0c18-4ebe-b760-2ee26a09d856,51,Male,134,72,adult
9c649f9e-0d91-4b5f-acfc-9146eab7d0d2,46,Male,134,92,adult
fdf305ea-995c-4277-9422-b587ff952168,31,Male,33,13,adult
e1e0ca93-56cc-428f-ac43-b49038a136d4,49,Male,59,64,adult
d074fad8-7d74-4c37-8c81-f46c32f15626,34,Male,40,18,adult
3701320c-c6a8-4d7a-8fba-0d321d356868,31,Male,161,57,adult
09395d3f-a110-4134-861b-e1629225494d,41,Male,95,14,adult
eb2d1a79-155a-413a-9b1b-bf25c8447e4f,53,Male,146,7,adult
53e7a24e-5bad-4651-863a-95762a882592,30,Male,25,64,adult
970c79c2-d63d-4269-97ae-5460f00683ea,56,Male,161,70,adult
7a82e1f9-1931-4dcf-b905-32bd1af28586,40,Male,103,98,adult
cd6919d7-f880-43bd-84eb-211b89ad3c80,52,Male,61,44,adult
e70f5c92-9aac-45e2-8549-e5b756a5128f,54,Male,196,89,adult
61a779d5-196a-4343-8308-ed357688f4c1,40,Male,105,42,adult
5e65a797-4d4a-43e5-8aca-8de7fefe6f44,35,Male,163,6,adult
14e60502-e828-4120-83bc-2f3c21a9afae,50,Male,82,98,adult
6e142445-bbc1-469c-9593-8b1763296907,52,Male,125,87,adult
d0e52fc0-b4e9-4881-bf0c-b91a126df400,38,Male,66,79,adult
b33fa7f0-b04f-4298-9a6d-ff5ed680191c,44,Male,88,92,adult
4140caf4-b760-45ac-9d76-43149bb624bf,32,Male,148,55,adult
ef0624fc-4a08-45d1-9b41-a3f73a3bd70b,33,Male,85,32,adult
e7e5f87a-ca91-4727-8e62-020028f4ac28,37,Male,52,94,adult
9ae8634f-63b2-47d3-82d8-c73b89203570,39,Male,44,37,adult
03bd0f2e-1e22-4651-9318-098ea412a67d,46,Male,152,77,adult
cd6a1a72-7c84-4fb9-aac7-20fe4c2ab46d,40,Male,119,52,adult
4310faf4-dbd1-4e4a-aa37-ec82a3ebef40,30,Male,144,28,adult
2ff48566-e69f-4fda-b62c-e4f945dea74a,54,Male,55,42,adult
cf94d4a1-0bb8-456e-b6dd-9cb81223347f,41,Male,73,20,adult
e298904b-1c2b-44a1-b542-c4765a3acd55,45,Male,39,95,adult
c52f777a-1eb4-4f73-b167-ee3c01a5c727,31,Male,104,75,adult
343766d6-5dfe-4899-aec4-33ae2c667a1b,44,Male,83,57,adult
bd13c4a4-4586-4e2c-8314-7ea4f258b9bf,38,Male,70,90,adult
3c23b96c-4537-482b-848e-d7e2eec11f9b,59,Male,66,67,adult
82ab9967-9fcb-4df7-b262-2d7a74de8668,45,Male,64,69,adult
fe0cf3a1-7157-4cfc-9f1a-3c18cae0b98c,32,Male,130,14,adult
234d492d-049e-4e27-a0e2-94453d1fa489,55,Male,26,57,adult
4a6e5fd3-6ffc-45ab-a6ac-061d4d0e8273,30,Male,186,49,adult
51a302de-0193-4ad1-84df-db12793fd7d4,47,Male,21,33,adult
7e432437-9427-435e-bdab-a32bc2281cef,45,Male,173,63,adult
625c5b77-2db8-4959-be54-f18c6f8a61d7,54,Male,115,65,adult
33ddc928-085e-4197-abed-8a07404255d4,31,Male,170,82,adult
ecd43bdd-2b30-4473-879b-56b32cc6dac7,31,Male,153,82,adult
977bdb6c-58c0-4875-b6e0-f715d25123f6,32,Male,27,46,adult
372d9537-766e-4585-b837-6da7d0f8dd71,35,Male,105,37,adult
084501bd-e9a4-4907-afc8-62b590deff9d,32,Male,46,77,adult
f3b9dc57-0271-4e87-9dd1-a25365db60b2,48,Male,135,98,adult
8522e619-92cc-4f25-9410-c5c9e7fa3fd6,58,Male,166,64,adult
752702b4-f1ab-45fe-89cb-af00845dbe3b,56,Male,152,2,adult
f380b3c8-2528-4616-9a39-8d50a8b38344,51,Male,93,10,adult
e60e2c45-09cb-4abc-bf3b-e97877c717d2,39,Male,32,80,adult
7b53ba74-bea3-4bd8-9e13-c3ecbdcf28bb,31,Male,123,66,adult
f4829244-7d48-4367-af55-c98e4d2fba31,42,Male,119,14,adult
67755c82-a68c-4857-b268-94fa996ea0b7,50,Male,79,23,adult
59615e11-addc-47a3-b887-435e74e44d6b,45,Male,156,54,adult
df2d8ea2-a1de-4229-a50d-afd4b520cfa5,40,Male,119,83,adult
9f35878b-6b93-4407-9dd2-10882810c0ed,53,Male,196,9,adult
ea934378-dec8-4912-8a59-29b055e77b12,31,Male,177,83,adult
9b17880b-a85b-4ad0-94ec-db00d2210271,54,Male,30,1,adult
517d35b7-cc33-4763-ab68-0ca5f03a454b,36,Male,57,47,adult
802d973c-baff-4dcb-9bc9-ac58d83ec4e0,43,Male,196,68,adult
911efb4d-9aa3-4690-9677-56d0b9c3dec2,57,Male,69,18,adult
96089c2e-d88f-476b-a286-31aab80ac65b,51,Male,59,55,adult
7e0e0708-50bd-4b34-9847-c7c109b3f15b,47,Male,199,57,adult
2eace085-5b01-4e3e-ae77-21b5e810d0ba,37,Male,52,80,adult
a6b9429e-28ff-46f6-801b-3b3ccad76344,33,Male,94,15,adult
2757327a-7e95-4ed4-bf92-d39ee45e68e3,56,Male,129,19,adult
b55cd1a1-cb5e-4e18-8b7f-31ec70e77931,33,Male,150,48,adult
dbd2b61a-04db-43a6-868f-1b1dfef47bd7,35,Male,168,67,adult
2c0dcc71-d5b3-4593-b608-caeabe60abbf,52,Male,25,80,adult
c4ec8c71-eee4-43fa-91af-d44db27dcd89,44,Male,177,89,adult
7e000886-522a-44b2-b559-e5a81521fad8,42,Male,175,11,adult
bc2e2840-767e-4595-91fb-c648aa249b16,51,Male,73,100,adult
55e96c60-26af-4016-8cc1-eaec13f00f13,42,Male,195,89,adult
fe70a2e7-a113-4535-894c-73151ab557e9,48,Male,151,5,adult
8c495f3b-a272-47db-8859-bd7848036df0,49,Male,58,57,adult
448d299b-8993-4807-adb2-40dfe8fc08a6,47,Male,89,14,adult
73a92117-888c-44c5-a216-6e3c70492850,41,Male,127,49,adult
4d84aae1-8ba9-4a54-9a32-8c24846e10d1,38,Male,41,92,adult
9d582973-af6f-4620-8d4d-7985332ff9ea,33,Male,180,24,adult
fba2b401-f4f5-4b18-9191-3c1b64c702c4,37,Male,116,89,adult
dadd70eb-97eb-4cb1-844d-1fd55f671e15,46,Male,51,45,adult
7a887c6c-dab4-4a0d-b251-8d97bbafcffa,31,Male,67,40,adult
50e95371-9c1c-4c7c-90e2-efb064864f10,41,Male,112,6,adult
eae48f5a-0a2f-4c00-8a75-fe16f351a8fc,33,Male,121,64,adult
cd808f16-9729-414c-8a83-ed851feb59cc,39,Male,24,40,adult
a7b6c4d8-2b0e-4ed4-be3d-dea69639b70f,31,Male,84,36,adult
318eeec4-da13-449f-ab50-6161e4853baf,55,Male,60,40,adult
d8902054-4c4c-4bad-acfa-c3d5b0947458,42,Male,177,43,adult
6d313e07-a02d-4e20-a45c-170c3ed51434,31,Male,75,91,adult
37add442-fa7e-4d95-9e47-ed5d00274280,34,Male,101,30,adult
754bcb91-a8e4-4657-be04-685b7fee3efb,57,Male,37,59,adult
f393d61c-34ef-4f00-a60c-9f9ab0b7c37b,37,Male,85,66,adult
b084007f-d01d-4fb1-bb60-431586bc2bee,33,Male,98,42,adult
489fa873-9698-4ce2-86e9-2a362e4f4288,30,Male,80,83,adult
22535881-d8ae-4652-9f99-e16abb4e6cb1,38,Male,25,64,adult
f2e21c3c-c52e-412a-92bd-8d20ea37ba5d,46,Male,156,63,adult
3c82d7a8-1583-416e-ad92-55a7cdc89629,57,Male,186,4,adult
595c5942-6556-49ce-a750-f2ef140f853a,32,Male,32,100,adult
032cd5d7-38c9-4c8b-ab31-a8d8a19c54bb,37,Male,68,44,adult
7381d379-6906-45ee-8ad2-e023e7cf0d9e,55,Male,141,9,adult
fd669b86-c261-4ff9-ad0d-bdff852114a9,42,Male,84,70,adult
fe45355b-9c20-4a7b-83c4-2211192fa114,33,Male,180,96,adult
2f2429e5-a659-4919-9bf8-4b6c8b345354,59,Male,102,49,adult
b998e05f-71d8-461e-b669-2aca6c2b57d2,41,Male,184,38,adult
1f78e1db-b703-4a08-a803-9acb5f724d87,49,Male,60,8,adult
6376f3de-7fb2-4895-a75d-3c7ef7aa0da2,58,Male,60,2,adult
a79dbedc-b56f-46a7-9cbe-33c172ecceec,34,Male,50,39,adult
c81e71fc-82f3-4cfd-b9ab-9d406f7e5242,34,Male,177,13,adult
9ed3c7cf-9820-4b42-8541-625ed115838b,43,Male,168,70,adult
0b05c7c4-0a5b-42b4-962d-df3bace0d3a4,55,Male,140,45,adult
945a9f76-c3c5-499a-bc40-5a5709626d21,38,Male,59,45,adult
9bb2f2c7-d0de-4b96-9bd0-9d4302011ad1,41,Male,86,85,adult
6981a06a-9c02-4506-85e0-c94fc013fb4d,48,Male,45,71,adult
ffba0c3f-15dd-46cf-b31b-ffb38c8c21fd,30,Male,23,32,adult
8b587212-7f80-4824-ad4a-eedd268f2298,30,Male,136,84,adult
a4ea5b0a-d989-4ccb-8021-29c240ab5831,54,Male,144,100,adult
4ff40101-6cfd-486b-9bb2-550f8dd4667e,39,Male,128,52,adult
2d8a997b-d0ce-4329-8b52-05e48f82ecc4,46,Male,104,37,adult
61bd3f7a-3832-49f5-9eec-bd723dcdc54e,34,Male,103,14,adult
7496e943-3bfe-43a2-894a-cebb7a6e1e20,31,Male,83,91,adult
a93d3f6c-d7c4-43bb-a0d6-39dcacce0716,35,Male,130,2,adult
61a977cf-5035-4253-8ff2-747130189914,57,Male,119,52,adult
3da0586f-dd6f-4df1-9bee-4a975fd5e6c3,55,Male,61,50,adult
43c76a0c-d850-49db-acfd-42ae75eeebb1,33,Male,90,36,adult
4ac1acb9-e161-4564-a08d-b86009aeccd5,50,Male,43,31,adult
1357b004-b932-49a9-b3b5-d0bedbb33e0f,49,Male,147,53,adult
245915e0-b884-4d3a-9dab-537a9099ddda,35,Male,140,42,adult
535f7c0b-9b56-4618-bce4-8fda23e82738,36,Male,153,86,adult
0d9acb1f-820d-4ff5-a897-df66704c5f90,32,Male,24,76,adult
57439a55-99f9-4eef-b830-378c03957773,50,Male,32,61,adult
4c1f1168-3c79-46dd-bbfe-f1194c8899a9,37,Male,48,83,adult
ee0ee786-b587-47eb-8f5a-054be21725a2,33,Male,102,52,adult
9c2c2912-58ea-4620-9c0f-e2037ee36b20,34,Male,28,91,adult
28f3878a-c95c-4926-9e61-2cd779a90dcd,32,Male,122,81,adult
83724d5a-18b3-4000-880c-281919d7013d,58,Male,114,24,adult
0151eb28-1390-4967-9e59-2bcbc7e06663,32,Male,134,54,adult
1b9a2917-91b7-407c-9d11-ae651574c483,45,Male,83,45,adult
bdd9e44b-59ca-4a34-8031-c848ea72a5ec,59,Male,168,14,adult
74fba2c3-eee7-4686-8911-34bf043f9589,57,Male,135,34,adult
9a7f6ea1-5395-4618-89eb-6ec64405e331,39,Male,24,90,adult
934b5e4d-4b5f-470d-bb37-d27227eb0501,40,Male,115,38,adult
da9d6d93-d01d-494e-b812-904e3ef6999d,31,Male,167,86,adult
f22ab49e-ee18-4fc2-807c-700270d1be7c,39,Male,143,1,adult
73a9fe1a-2aee-4236-963f-a6aba1c8ab02,54,Male,60,71,adult
ae8ffa8f-2b7d-4b19-ae91-1adb20caad98,56,Male,193,51,adult
9aa82139-797c-48a1-9641-f969d0e871d6,51,Male,145,87,adult
bff2197b-3d59-4404-bb41-db015967226c,53,Male,102,66,adult
43921cf4-d572-4431-8b58-8f2cea110c35,45,Male,139,28,adult
c4732b2b-2ad4-4b07-b39e-cb1c1697abb7,42,Male,30,56,adult
469ffee3-a14c-4aea-ae41-6773994f669e,32,Male,117,73,adult
40e5ec73-108d-4ab2-bcc4-8412a1e75ffc,52,Male,26,65,adult
46a3f60f-155a-4699-9c57-45fe2cabfcf8,37,Male,81,63,adult
d56432c2-8e22-456b-814e-f71c759f0375,42,Male,36,16,adult
7f8151a7-4ea1-4413-819f-5da970bb8bad,31,Male,147,28,adult
999918f3-8398-477d-8afd-a83dbfd20dff,45,Male,92,96,adult
47e2a188-51ab-4371-93c6-de7313c6686c,40,Male,169,4,adult
5ed2bf9f-1ef7-45e9-a7f6-0ceded3a63b8,43,Male,88,89,adult
3b7ab907-4c04-4f1a-a0a7-a6af6fcbab81,56,Male,164,90,adult
d9908820-3867-4e20-86fe-75a984eebc0f,39,Male,131,73,adult
c6064a82-c6f9-44d2-8b86-e58340eb3c30,43,Male,159,43,adult
94baee99-92fb-40ac-8ee1-11fccf8ad6ff,48,Male,104,41,adult
e1c266c0-c983-4b43-9fe3-c41c9fcb30f4,53,Male,21,21,adult
0eb60c70-21c9-45bd-a5bc-71460effc602,45,Male,162,32,adult
23a80854-2365-40fa-ae56-82c8b890bf53,50,Male,146,36,adult
5243f1a0-ee2f-4dd5-8682-6578bae0c572,46,Male,56,36,adult
293ffbf3-edb3-4760-9b07-90abbe90e1a6,53,Male,95,32,adult
94b4c1d6-8370-43f8-9308-2e3de50b4be2,47,Male,126,63,adult
149047e1-1ec3-4930-b2db-9d2d11c6d666,53,Male,93,63,adult
21fb18ce-bd5a-4c64-aec2-b7a4adf8eb0e,36,Male,55,70,adult
1b2c44e2-cf1d-42ab-a054-21968cf41ad1,48,Male,96,66,adult
ee9de321-cc8f-449f-980c-316cd24dbfb0,44,Male,118,9,adult
16c55c9a-00a4-4bd9-bad3-53c55882c2fc,34,Male,46,43,adult
63953485-ed6e-48b4-81b9-b6f6d502163e,40,Male,109,60,adult
8c455da9-4492-49ed-b0d5-a17ec33095ed,34,Male,146,15,adult
d2ded680-95a1-46a6-a30b-1608f20e2e37,49,Male,31,53,adult
2b78c00b-43d7-445c-a955-83b3265e2035,37,Male,52,88,adult
e2c4fe52-9216-4b08-bfd8-82b588f60d96,35,Male,140,58,adult
f4a40c1c-9218-4df9-bf88-c7cfdce11727,55,Male,133,78,adult
997d861a-c20f-41e7-a2a3-b13b73a26f20,32,Male,191,87,adult
c208ff8d-7ad3-462b-be91-db1c92caff14,30,Male,59,27,adult
da1a5db9-e428-44df-a17a-cb59b8c70e69,54,Male,115,74,adult
8ffac173-dacb-4de9-b9b3-c31196c890ee,32,Male,141,52,adult
393286d2-7ab8-4d58-9923-e8c6cfb5c1b3,58,Male,128,52,adult
3e22464a-8318-4870-8114-4aab789802fa,40,Male,114,90,adult
c7766aa9-7de9-4316-9949-1e268c013feb,36,Male,146,36,adult
280aa2ec-f555-4c13-ada7-2b9a6de51839,33,Male,40,83,adult
6a7b8032-413e-4a40-ac5b-0dfdfeadbf2f,46,Male,79,2,adult
e78f7179-223a-4676-aa35-919d23a4dd3c,58,Male,138,54,adult
24c9e84e-f473-4c59-8eea-58fbee72e5f8,59,Male,67,22,adult
c387810d-09ec-4de6-bc69-66616ab1c996,50,Male,34,66,adult
fefa03e9-518c-49ba-a641-f77bfe0599f5,57,Male,140,69,adult
5ea935a4-5597-474a-97b7-f991c3bfc76f,48,Male,38,55,adult
a382e664-c728-4c3e-9f00-f7d32e129bc2,52,Male,48,33,adult
1ffc08e0-b53e-4d60-b2b1-8f9363b46234,47,Male,96,79,adult
fc8d9a7b-7ecb-4a49-b486-823544c3c81d,41,Male,53,40,adult
f8ca3674-47ca-4b77-ba84-6a2e602df6db,49,Male,84,37,adult
1f6474b1-c0e6-41f3-bfce-dd928a6b0108,38,Male,187,93,adult
4c073d30-7e88-40e9-8e85-402df3896a76,58,Male,138,9,adult
caa320e5-b719-466f-abae-9fdb15bb33a1,42,Male,177,95,adult
60a2c599-7c2b-4b0a-a4f6-ec511aa34714,32,Male,116,15,adult
50d2ce1c-7821-4d03-98a5-e89c27c7b426,37,Male,120,27,adult
c0f4421e-a5f4-44ca-ac97-425d017fb2c7,33,Male,73,23,adult
49ee7547-68ad-40b1-bbe2-435e481cacbf,38,Male,47,48,adult
eb580388-f68c-41eb-aa7e-e7dfd5e04492,31,Male,89,55,adult
bd84a394-9759-4107-a655-289043dd4f96,40,Male,42,45,adult
ba6c5144-f91c-4dc4-8e0c-368689e197e2,36,Male,98,4,adult
fbf44dfa-8a90-4309-8afa-7d27f48040fe,53,Male,154,68,adult
246319b2-00f9-4e69-b650-d632555abcec,42,Male,33,55,adult
4d3da458-b675-406d-9678-f5bca2fa7b46,36,Male,111,67,adult
0999158a-5ccf-4368-b4e8-5954c0e89d90,30,Male,142,93,adult
febe37ef-1d45-4eaf-acd2-eb63f5c519f2,59,Male,182,71,adult
61faf9da-bc0e-47e7-8aee-77de451223cc,36,Male,123,16,adult
1e7fece3-cd79-49a6-b7cd-036c160a8323,59,Male,70,69,adult
999d35c5-e0bb-460b-95b5-a5f68fd86c52,55,Male,158,2,adult
e7b4dfbe-500c-43dc-897d-a53e1b9a44ea,42,Male,132,66,adult
dc4c7e7e-4f7d-40f3-a233-c9cddc375926,48,Male,35,23,adult
0d0b8227-02d2-47d8-9948-cb17a767d95c,42,Male,133,57,adult
12bd1d18-57b0-4be2-a8d5-fc464de550a8,45,Male,172,49,adult
fd3e05a0-fc2e-459e-852c-865b6d347fd8,57,Male,182,86,adult
4390d80e-240c-405e-b7e9-b99f8e2a233b,41,Male,114,61,adult
e7dab8ef-f73a-47b0-8cc5-46025c426fe5,33,Male,32,96,adult
dbaccc32-ea18-45d4-a547-de7918107e75,59,Male,58,76,adult
38fa5453-b383-4758-bb59-36ee6c83a599,50,Male,162,43,adult
75ddb579-ba92-498a-8eb4-d58b8b1bd27c,41,Male,96,65,adult
194debf0-4a09-4381-9dec-e8ce2edfe187,55,Male,151,91,adult
33f77ca2-9eee-4e60-b5dc-9b95365b10f3,32,Male,59,26,adult
5ba45b3d-8dfa-4b93-8f81-5e0a40aff47e,55,Male,71,85,adult
